ISO-10303-21;
HEADER;
FILE_DESCRIPTION(('Open CASCADE Model'),'2;1');
FILE_NAME('Open CASCADE Shape Model','2026-10-04T12:49:57',('Author'),(
    'Open CASCADE'),'Open CASCADE STEP processor 7.9','Open CASCADE 7.9'
  ,'Unknown');
FILE_SCHEMA(('AUTOMOTIVE_DESIGN { 1 0 10303 214 1 1 1 1 }'));
ENDSEC;
DATA;
#1 = APPLICATION_PROTOCOL_DEFINITION('international standard',
  'automotive_design',2000,#2);
#2 = APPLICATION_CONTEXT(
  'core data for automotive mechanical design processes');
#3 = SHAPE_DEFINITION_REPRESENTATION(#4,#10);
#4 = PRODUCT_DEFINITION_SHAPE('','',#5);
#5 = PRODUCT_DEFINITION('design','',#6,#9);
#6 = PRODUCT_DEFINITION_FORMATION('','',#7);
#7 = PRODUCT('Open CASCADE STEP translator 7.9 5',
  'Open CASCADE STEP translator 7.9 5','',(#8));
#8 = PRODUCT_CONTEXT('',#2,'mechanical');
#9 = PRODUCT_DEFINITION_CONTEXT('part definition',#2,'design');
#10 = ADVANCED_BREP_SHAPE_REPRESENTATION('',(#11,#15),#2934);
#11 = AXIS2_PLACEMENT_3D('',#12,#13,#14);
#12 = CARTESIAN_POINT('',(0.,0.,0.));
#13 = DIRECTION('',(0.,0.,1.));
#14 = DIRECTION('',(1.,0.,-0.));
#15 = MANIFOLD_SOLID_BREP('',#16);
#16 = CLOSED_SHELL('',(#17,#414,#513,#859,#1317,#1365,#1699,#1748,#1797,
    #1824,#1850,#2055,#2093,#2419,#2425,#2449,#2748,#2794,#2820,#2827,
    #2853,#2879,#2905,#2912,#2919,#2925,#2930));
#17 = ADVANCED_FACE('',(#18),#31,.T.);
#18 = FACE_BOUND('',#19,.T.);
#19 = EDGE_LOOP('',(#20,#66,#94,#137,#162,#295,#318,#357,#391));
#20 = ORIENTED_EDGE('',*,*,#21,.F.);
#21 = EDGE_CURVE('',#22,#24,#26,.T.);
#22 = VERTEX_POINT('',#23);
#23 = CARTESIAN_POINT('',(12.05,-15.75,37.9));
#24 = VERTEX_POINT('',#25);
#25 = CARTESIAN_POINT('',(12.032826325865,-14.4021029154,52.959263979608
    ));
#26 = SURFACE_CURVE('',#27,(#30,#42),.PCURVE_S1.);
#27 = B_SPLINE_CURVE_WITH_KNOTS('',1,(#28,#29),.UNSPECIFIED.,.F.,.F.,(2,
    2),(0.,1.),.PIECEWISE_BEZIER_KNOTS.);
#28 = CARTESIAN_POINT('',(12.05,-15.75,37.9));
#29 = CARTESIAN_POINT('',(12.031525423729,-14.3,54.1));
#30 = PCURVE('',#31,#36);
#31 = B_SPLINE_SURFACE_WITH_KNOTS('',1,1,(
    (#32,#33)
    ,(#34,#35)),.UNSPECIFIED.,.F.,.F.,.F.,(2,2),(2,2),(1.,22.7),(0.,1.),
  .PIECEWISE_BEZIER_KNOTS.);
#32 = CARTESIAN_POINT('',(12.05,-15.75,37.9));
#33 = CARTESIAN_POINT('',(12.031525423729,-14.3,54.1));
#34 = CARTESIAN_POINT('',(33.75,-15.75,37.9));
#35 = CARTESIAN_POINT('',(30.568474576271,-14.3,54.1));
#36 = DEFINITIONAL_REPRESENTATION('',(#37),#41);
#37 = LINE('',#38,#39);
#38 = CARTESIAN_POINT('',(1.,0.));
#39 = VECTOR('',#40,1.);
#40 = DIRECTION('',(0.,1.));
#41 = ( GEOMETRIC_REPRESENTATION_CONTEXT(2) 
PARAMETRIC_REPRESENTATION_CONTEXT() REPRESENTATION_CONTEXT('2D SPACE',''
  ) );
#42 = PCURVE('',#43,#60);
#43 = B_SPLINE_SURFACE_WITH_KNOTS('',7,1,(
    (#44,#45)
    ,(#46,#47)
    ,(#48,#49)
    ,(#50,#51)
    ,(#52,#53)
    ,(#54,#55)
    ,(#56,#57)
    ,(#58,#59
    )),.UNSPECIFIED.,.F.,.F.,.F.,(8,8),(2,2),(1.,2.231525423729),(0.,1.)
  ,.PIECEWISE_BEZIER_KNOTS.);
#44 = CARTESIAN_POINT('',(11.125009051484,-15.12998913821,37.9));
#45 = CARTESIAN_POINT('',(10.8,-14.3,54.1));
#46 = CARTESIAN_POINT('',(11.189119286602,-15.28604988108,37.9));
#47 = CARTESIAN_POINT('',(10.97593220339,-14.3,54.1));
#48 = CARTESIAN_POINT('',(11.283947885725,-15.42949133066,37.9));
#49 = CARTESIAN_POINT('',(11.15186440678,-14.3,54.1));
#50 = CARTESIAN_POINT('',(11.406513404259,-15.55305876283,37.9));
#51 = CARTESIAN_POINT('',(11.327796610169,-14.3,54.1));
#52 = CARTESIAN_POINT('',(11.551695830227,-15.65037288377,37.9));
#53 = CARTESIAN_POINT('',(11.503728813559,-14.3,54.1));
#54 = CARTESIAN_POINT('',(11.712568152276,-15.71679059696,37.9));
#55 = CARTESIAN_POINT('',(11.679661016949,-14.3,54.1));
#56 = CARTESIAN_POINT('',(11.881284032439,-15.75,37.9));
#57 = CARTESIAN_POINT('',(11.855593220339,-14.3,54.1));
#58 = CARTESIAN_POINT('',(12.05,-15.75,37.9));
#59 = CARTESIAN_POINT('',(12.031525423729,-14.3,54.1));
#60 = DEFINITIONAL_REPRESENTATION('',(#61),#65);
#61 = LINE('',#62,#63);
#62 = CARTESIAN_POINT('',(2.231525423729,0.));
#63 = VECTOR('',#64,1.);
#64 = DIRECTION('',(0.,1.));
#65 = ( GEOMETRIC_REPRESENTATION_CONTEXT(2) 
PARAMETRIC_REPRESENTATION_CONTEXT() REPRESENTATION_CONTEXT('2D SPACE',''
  ) );
#66 = ORIENTED_EDGE('',*,*,#67,.T.);
#67 = EDGE_CURVE('',#22,#68,#70,.T.);
#68 = VERTEX_POINT('',#69);
#69 = CARTESIAN_POINT('',(20.6,-15.75,37.9));
#70 = SURFACE_CURVE('',#71,(#75,#82),.PCURVE_S1.);
#71 = LINE('',#72,#73);
#72 = CARTESIAN_POINT('',(11.05,-15.75,37.9));
#73 = VECTOR('',#74,1.);
#74 = DIRECTION('',(1.,0.,0.));
#75 = PCURVE('',#31,#76);
#76 = DEFINITIONAL_REPRESENTATION('',(#77),#81);
#77 = LINE('',#78,#79);
#78 = CARTESIAN_POINT('',(0.,0.));
#79 = VECTOR('',#80,1.);
#80 = DIRECTION('',(1.,0.));
#81 = ( GEOMETRIC_REPRESENTATION_CONTEXT(2) 
PARAMETRIC_REPRESENTATION_CONTEXT() REPRESENTATION_CONTEXT('2D SPACE',''
  ) );
#82 = PCURVE('',#83,#88);
#83 = PLANE('',#84);
#84 = AXIS2_PLACEMENT_3D('',#85,#86,#87);
#85 = CARTESIAN_POINT('',(33.75,-14.75,37.9));
#86 = DIRECTION('',(0.,-0.,1.));
#87 = DIRECTION('',(1.,0.,0.));
#88 = DEFINITIONAL_REPRESENTATION('',(#89),#93);
#89 = LINE('',#90,#91);
#90 = CARTESIAN_POINT('',(-22.7,-1.));
#91 = VECTOR('',#92,1.);
#92 = DIRECTION('',(1.,0.));
#93 = ( GEOMETRIC_REPRESENTATION_CONTEXT(2) 
PARAMETRIC_REPRESENTATION_CONTEXT() REPRESENTATION_CONTEXT('2D SPACE',''
  ) );
#94 = ORIENTED_EDGE('',*,*,#95,.T.);
#95 = EDGE_CURVE('',#68,#96,#98,.T.);
#96 = VERTEX_POINT('',#97);
#97 = CARTESIAN_POINT('',(20.6,-15.11450617284,45.));
#98 = SURFACE_CURVE('',#99,(#108,#120),.PCURVE_S1.);
#99 = B_SPLINE_CURVE_WITH_KNOTS('',4,(#100,#101,#102,#103,#104,#105,#106
    ,#107),.UNSPECIFIED.,.F.,.F.,(5,3,5),(0.,0.500405613396,1.),
  .UNSPECIFIED.);
#100 = CARTESIAN_POINT('',(20.6,-15.75,37.9));
#101 = CARTESIAN_POINT('',(20.6,-15.67046485092,38.788599596615));
#102 = CARTESIAN_POINT('',(20.6,-15.59093985653,39.677085740804));
#103 = CARTESIAN_POINT('',(20.6,-15.51142581695,40.565449493382));
#104 = CARTESIAN_POINT('',(20.6,-15.35255047096,42.340470600309));
#105 = CARTESIAN_POINT('',(20.6,-15.27318912711,43.22712837291));
#106 = CARTESIAN_POINT('',(20.6,-15.19384063697,44.113642538643));
#107 = CARTESIAN_POINT('',(20.6,-15.11450617284,45.));
#108 = PCURVE('',#31,#109);
#109 = DEFINITIONAL_REPRESENTATION('',(#110),#119);
#110 = B_SPLINE_CURVE_WITH_KNOTS('',4,(#111,#112,#113,#114,#115,#116,
    #117,#118),.UNSPECIFIED.,.F.,.F.,(5,3,5),(0.,0.500405613396,1.),
  .UNSPECIFIED.);
#111 = CARTESIAN_POINT('',(9.55,0.));
#112 = CARTESIAN_POINT('',(9.619373615714,5.485182695154E-02));
#113 = CARTESIAN_POINT('',(9.690217508494,0.109696650667));
#114 = CARTESIAN_POINT('',(9.762600944197,0.164533919345));
#115 = CARTESIAN_POINT('',(9.910484042164,0.274103123476));
#116 = CARTESIAN_POINT('',(9.98597845406,0.328835084748));
#117 = CARTESIAN_POINT('',(10.063164090781,0.383558181398));
#118 = CARTESIAN_POINT('',(10.142129605696,0.438271604938));
#119 = ( GEOMETRIC_REPRESENTATION_CONTEXT(2) 
PARAMETRIC_REPRESENTATION_CONTEXT() REPRESENTATION_CONTEXT('2D SPACE',''
  ) );
#120 = PCURVE('',#121,#126);
#121 = PLANE('',#122);
#122 = AXIS2_PLACEMENT_3D('',#123,#124,#125);
#123 = CARTESIAN_POINT('',(20.6,-20.,37.5));
#124 = DIRECTION('',(1.,0.,-0.));
#125 = DIRECTION('',(0.,0.,1.));
#126 = DEFINITIONAL_REPRESENTATION('',(#127),#136);
#127 = B_SPLINE_CURVE_WITH_KNOTS('',4,(#128,#129,#130,#131,#132,#133,
    #134,#135),.UNSPECIFIED.,.F.,.F.,(5,3,5),(0.,0.500405613396,1.),
  .UNSPECIFIED.);
#128 = CARTESIAN_POINT('',(0.4,-4.25));
#129 = CARTESIAN_POINT('',(1.288599596615,-4.32953514908));
#130 = CARTESIAN_POINT('',(2.177085740804,-4.409060143467));
#131 = CARTESIAN_POINT('',(3.065449493382,-4.48857418305));
#132 = CARTESIAN_POINT('',(4.840470600309,-4.64744952904));
#133 = CARTESIAN_POINT('',(5.72712837291,-4.726810872884));
#134 = CARTESIAN_POINT('',(6.613642538643,-4.806159363027));
#135 = CARTESIAN_POINT('',(7.5,-4.88549382716));
#136 = ( GEOMETRIC_REPRESENTATION_CONTEXT(2) 
PARAMETRIC_REPRESENTATION_CONTEXT() REPRESENTATION_CONTEXT('2D SPACE',''
  ) );
#137 = ORIENTED_EDGE('',*,*,#138,.F.);
#138 = EDGE_CURVE('',#139,#96,#141,.T.);
#139 = VERTEX_POINT('',#140);
#140 = CARTESIAN_POINT('',(25.6,-15.11450617284,45.));
#141 = SURFACE_CURVE('',#142,(#145,#151),.PCURVE_S1.);
#142 = B_SPLINE_CURVE_WITH_KNOTS('',1,(#143,#144),.UNSPECIFIED.,.F.,.F.,
  (2,2),(0.,1.),.PIECEWISE_BEZIER_KNOTS.);
#143 = CARTESIAN_POINT('',(25.6,-15.11450617284,45.));
#144 = CARTESIAN_POINT('',(20.6,-15.11450617284,45.));
#145 = PCURVE('',#31,#146);
#146 = DEFINITIONAL_REPRESENTATION('',(#147),#150);
#147 = B_SPLINE_CURVE_WITH_KNOTS('',1,(#148,#149),.UNSPECIFIED.,.F.,.F.,
  (2,2),(0.,1.),.PIECEWISE_BEZIER_KNOTS.);
#148 = CARTESIAN_POINT('',(15.483345999955,0.438271604938));
#149 = CARTESIAN_POINT('',(10.14212955719,0.438271604938));
#150 = ( GEOMETRIC_REPRESENTATION_CONTEXT(2) 
PARAMETRIC_REPRESENTATION_CONTEXT() REPRESENTATION_CONTEXT('2D SPACE',''
  ) );
#151 = PCURVE('',#152,#157);
#152 = PLANE('',#153);
#153 = AXIS2_PLACEMENT_3D('',#154,#155,#156);
#154 = CARTESIAN_POINT('',(20.6,-20.,45.));
#155 = DIRECTION('',(0.,0.,1.));
#156 = DIRECTION('',(1.,0.,-0.));
#157 = DEFINITIONAL_REPRESENTATION('',(#158),#161);
#158 = B_SPLINE_CURVE_WITH_KNOTS('',1,(#159,#160),.UNSPECIFIED.,.F.,.F.,
  (2,2),(0.,1.),.PIECEWISE_BEZIER_KNOTS.);
#159 = CARTESIAN_POINT('',(5.,4.88549382716));
#160 = CARTESIAN_POINT('',(0.,4.88549382716));
#161 = ( GEOMETRIC_REPRESENTATION_CONTEXT(2) 
PARAMETRIC_REPRESENTATION_CONTEXT() REPRESENTATION_CONTEXT('2D SPACE',''
  ) );
#162 = ORIENTED_EDGE('',*,*,#163,.F.);
#163 = EDGE_CURVE('',#164,#139,#166,.T.);
#164 = VERTEX_POINT('',#165);
#165 = CARTESIAN_POINT('',(25.6,-15.75,37.9));
#166 = SURFACE_CURVE('',#167,(#206,#248),.PCURVE_S1.);
#167 = B_SPLINE_CURVE_WITH_KNOTS('',7,(#168,#169,#170,#171,#172,#173,
    #174,#175,#176,#177,#178,#179,#180,#181,#182,#183,#184,#185,#186,
    #187,#188,#189,#190,#191,#192,#193,#194,#195,#196,#197,#198,#199,
    #200,#201,#202,#203,#204,#205),.UNSPECIFIED.,.F.,.F.,(8,6,6,6,6,6,8)
  ,(0.,0.500228813196,0.750544505731,0.875757707191,0.937317378715,
    0.969162351507,1.),.UNSPECIFIED.);
#168 = CARTESIAN_POINT('',(25.6,-15.75,37.9));
#169 = CARTESIAN_POINT('',(25.6,-15.7045390309,38.407908758179));
#170 = CARTESIAN_POINT('',(25.6,-15.65908521071,38.915737645842));
#171 = CARTESIAN_POINT('',(25.6,-15.61363876168,39.423484179823));
#172 = CARTESIAN_POINT('',(25.6,-15.56819991751,39.931145749096));
#173 = CARTESIAN_POINT('',(25.6,-15.52276892336,40.43871961478));
#174 = CARTESIAN_POINT('',(25.6,-15.47734603582,40.946202910135));
#175 = CARTESIAN_POINT('',(25.6,-15.40920599221,41.70749167318));
#176 = CARTESIAN_POINT('',(25.6,-15.3864825587,41.961367275146));
#177 = CARTESIAN_POINT('',(25.6,-15.36376125606,42.215219070205));
#178 = CARTESIAN_POINT('',(25.6,-15.3410421188,42.469046672699));
#179 = CARTESIAN_POINT('',(25.6,-15.31832518228,42.722849687567));
#180 = CARTESIAN_POINT('',(25.6,-15.29561048271,42.976627710349));
#181 = CARTESIAN_POINT('',(25.6,-15.26153682168,43.357312750838));
#182 = CARTESIAN_POINT('',(25.6,-15.25017615524,43.484238817322));
#183 = CARTESIAN_POINT('',(25.6,-15.23881606244,43.611158474793));
#184 = CARTESIAN_POINT('',(25.6,-15.22745654798,43.738071670771));
#185 = CARTESIAN_POINT('',(25.6,-15.21609761663,43.864978352139));
#186 = CARTESIAN_POINT('',(25.6,-15.20473927318,43.991878465141));
#187 = CARTESIAN_POINT('',(25.6,-15.18779761129,44.181157722113));
#188 = CARTESIAN_POINT('',(25.6,-15.18221384335,44.243541888061));
#189 = CARTESIAN_POINT('',(25.6,-15.17663021927,44.305924446763));
#190 = CARTESIAN_POINT('',(25.6,-15.17104673963,44.368305391715));
#191 = CARTESIAN_POINT('',(25.6,-15.16546340501,44.430684716374));
#192 = CARTESIAN_POINT('',(25.6,-15.15988021601,44.493062414158));
#193 = CARTESIAN_POINT('',(25.6,-15.15140905115,44.587705773268));
#194 = CARTESIAN_POINT('',(25.6,-15.14852096821,44.619972630963));
#195 = CARTESIAN_POINT('',(25.6,-15.14563292448,44.652239050616));
#196 = CARTESIAN_POINT('',(25.6,-15.14274492003,44.684505031306));
#197 = CARTESIAN_POINT('',(25.6,-15.13985695496,44.716770572111));
#198 = CARTESIAN_POINT('',(25.6,-15.13696902934,44.749035672107));
#199 = CARTESIAN_POINT('',(25.6,-15.13128460717,44.812544388779));
#200 = CARTESIAN_POINT('',(25.6,-15.12848810989,44.843788013605));
#201 = CARTESIAN_POINT('',(25.6,-15.12569164079,44.875031323529));
#202 = CARTESIAN_POINT('',(25.6,-15.12289522936,44.906273989221));
#203 = CARTESIAN_POINT('',(25.6,-15.12009882916,44.937516529368));
#204 = CARTESIAN_POINT('',(25.6,-15.11730248534,44.968758439589));
#205 = CARTESIAN_POINT('',(25.6,-15.11450617284,45.));
#206 = PCURVE('',#31,#207);
#207 = DEFINITIONAL_REPRESENTATION('',(#208),#247);
#208 = B_SPLINE_CURVE_WITH_KNOTS('',7,(#209,#210,#211,#212,#213,#214,
    #215,#216,#217,#218,#219,#220,#221,#222,#223,#224,#225,#226,#227,
    #228,#229,#230,#231,#232,#233,#234,#235,#236,#237,#238,#239,#240,
    #241,#242,#243,#244,#245,#246),.UNSPECIFIED.,.F.,.F.,(8,6,6,6,6,6,8)
  ,(0.,0.500228813196,0.750544505731,0.875757707191,0.937317378715,
    0.969162351507,1.),.UNSPECIFIED.);
#209 = CARTESIAN_POINT('',(14.55,0.));
#210 = CARTESIAN_POINT('',(14.612502854297,3.135239248018E-02));
#211 = CARTESIAN_POINT('',(14.675662379315,6.269985468163E-02));
#212 = CARTESIAN_POINT('',(14.739490662588,9.404223332241E-02));
#213 = CARTESIAN_POINT('',(14.804000174907,0.125379367228));
#214 = CARTESIAN_POINT('',(14.869203770331,0.156711087332));
#215 = CARTESIAN_POINT('',(14.935114686177,0.188037216675));
#216 = CARTESIAN_POINT('',(15.03508928329,0.235030350196));
#217 = CARTESIAN_POINT('',(15.068612551523,0.250701683651));
#218 = CARTESIAN_POINT('',(15.102318056384,0.266371547544));
#219 = CARTESIAN_POINT('',(15.13620753321,0.282039918068));
#220 = CARTESIAN_POINT('',(15.170282744013,0.297706770837));
#221 = CARTESIAN_POINT('',(15.204545477482,0.313372080886));
#222 = CARTESIAN_POINT('',(15.256231203514,0.336871157459));
#223 = CARTESIAN_POINT('',(15.27351223452,0.344706099835));
#224 = CARTESIAN_POINT('',(15.290840869291,0.352540646592));
#225 = CARTESIAN_POINT('',(15.308217336878,0.360374794492));
#226 = CARTESIAN_POINT('',(15.325641868092,0.368208540256));
#227 = CARTESIAN_POINT('',(15.343114695505,0.376041880564));
#228 = CARTESIAN_POINT('',(15.369250233321,0.387725785316));
#229 = CARTESIAN_POINT('',(15.377876143449,0.391576659757));
#230 = CARTESIAN_POINT('',(15.386513811681,0.395427434985));
#231 = CARTESIAN_POINT('',(15.395163265973,0.3992781106));
#232 = CARTESIAN_POINT('',(15.403824534383,0.403128686196));
#233 = CARTESIAN_POINT('',(15.412497645077,0.406979161368));
#234 = CARTESIAN_POINT('',(15.425675388954,0.412821344029));
#235 = CARTESIAN_POINT('',(15.430171328164,0.414813125368));
#236 = CARTESIAN_POINT('',(15.434670447872,0.416804879668));
#237 = CARTESIAN_POINT('',(15.439172751997,0.418796606871));
#238 = CARTESIAN_POINT('',(15.443678244469,0.42078830692));
#239 = CARTESIAN_POINT('',(15.448186929225,0.42277997976));
#240 = CARTESIAN_POINT('',(15.457067970789,0.426700270912));
#241 = CARTESIAN_POINT('',(15.461440265307,0.428628889729));
#242 = CARTESIAN_POINT('',(15.46581484621,0.430557489107));
#243 = CARTESIAN_POINT('',(15.470194065415,0.432486048717));
#244 = CARTESIAN_POINT('',(15.474574205565,0.434414600578));
#245 = CARTESIAN_POINT('',(15.47895887849,0.436343113555));
#246 = CARTESIAN_POINT('',(15.48334607628,0.438271604938));
#247 = ( GEOMETRIC_REPRESENTATION_CONTEXT(2) 
PARAMETRIC_REPRESENTATION_CONTEXT() REPRESENTATION_CONTEXT('2D SPACE',''
  ) );
#248 = PCURVE('',#249,#254);
#249 = PLANE('',#250);
#250 = AXIS2_PLACEMENT_3D('',#251,#252,#253);
#251 = CARTESIAN_POINT('',(25.6,-20.,37.5));
#252 = DIRECTION('',(1.,0.,-0.));
#253 = DIRECTION('',(0.,0.,1.));
#254 = DEFINITIONAL_REPRESENTATION('',(#255),#294);
#255 = B_SPLINE_CURVE_WITH_KNOTS('',7,(#256,#257,#258,#259,#260,#261,
    #262,#263,#264,#265,#266,#267,#268,#269,#270,#271,#272,#273,#274,
    #275,#276,#277,#278,#279,#280,#281,#282,#283,#284,#285,#286,#287,
    #288,#289,#290,#291,#292,#293),.UNSPECIFIED.,.F.,.F.,(8,6,6,6,6,6,8)
  ,(0.,0.500228813196,0.750544505731,0.875757707191,0.937317378715,
    0.969162351507,1.),.UNSPECIFIED.);
#256 = CARTESIAN_POINT('',(0.4,-4.25));
#257 = CARTESIAN_POINT('',(0.907908758179,-4.295460969096));
#258 = CARTESIAN_POINT('',(1.415737645842,-4.340914789288));
#259 = CARTESIAN_POINT('',(1.923484179823,-4.386361238317));
#260 = CARTESIAN_POINT('',(2.431145749096,-4.431800082481));
#261 = CARTESIAN_POINT('',(2.93871961478,-4.477231076632));
#262 = CARTESIAN_POINT('',(3.446202910135,-4.522653964179));
#263 = CARTESIAN_POINT('',(4.20749167318,-4.590794007785));
#264 = CARTESIAN_POINT('',(4.461367275146,-4.613517441294));
#265 = CARTESIAN_POINT('',(4.715219070205,-4.636238743938));
#266 = CARTESIAN_POINT('',(4.969046672699,-4.658957881198));
#267 = CARTESIAN_POINT('',(5.222849687567,-4.681674817714));
#268 = CARTESIAN_POINT('',(5.476627710349,-4.704389517284));
#269 = CARTESIAN_POINT('',(5.857312750838,-4.738463178316));
#270 = CARTESIAN_POINT('',(5.984238817322,-4.74982384476));
#271 = CARTESIAN_POINT('',(6.111158474793,-4.761183937559));
#272 = CARTESIAN_POINT('',(6.238071670771,-4.772543452013));
#273 = CARTESIAN_POINT('',(6.364978352139,-4.78390238337));
#274 = CARTESIAN_POINT('',(6.491878465141,-4.795260726818));
#275 = CARTESIAN_POINT('',(6.681157722113,-4.812202388708));
#276 = CARTESIAN_POINT('',(6.743541888061,-4.817786156647));
#277 = CARTESIAN_POINT('',(6.805924446763,-4.823369780729));
#278 = CARTESIAN_POINT('',(6.868305391715,-4.82895326037));
#279 = CARTESIAN_POINT('',(6.930684716374,-4.834536594984));
#280 = CARTESIAN_POINT('',(6.993062414158,-4.840119783983));
#281 = CARTESIAN_POINT('',(7.087705773268,-4.848590948842));
#282 = CARTESIAN_POINT('',(7.119972630963,-4.851479031784));
#283 = CARTESIAN_POINT('',(7.152239050616,-4.854367075518));
#284 = CARTESIAN_POINT('',(7.184505031306,-4.857255079963));
#285 = CARTESIAN_POINT('',(7.216770572111,-4.860143045035));
#286 = CARTESIAN_POINT('',(7.249035672107,-4.863030970652));
#287 = CARTESIAN_POINT('',(7.312544388779,-4.868715392823));
#288 = CARTESIAN_POINT('',(7.343788013605,-4.871511890107));
#289 = CARTESIAN_POINT('',(7.375031323529,-4.874308359205));
#290 = CARTESIAN_POINT('',(7.406273989221,-4.87710477064));
#291 = CARTESIAN_POINT('',(7.437516529368,-4.879901170838));
#292 = CARTESIAN_POINT('',(7.468758439589,-4.882697514655));
#293 = CARTESIAN_POINT('',(7.5,-4.88549382716));
#294 = ( GEOMETRIC_REPRESENTATION_CONTEXT(2) 
PARAMETRIC_REPRESENTATION_CONTEXT() REPRESENTATION_CONTEXT('2D SPACE',''
  ) );
#295 = ORIENTED_EDGE('',*,*,#296,.T.);
#296 = EDGE_CURVE('',#164,#297,#299,.T.);
#297 = VERTEX_POINT('',#298);
#298 = CARTESIAN_POINT('',(33.75,-15.75,37.9));
#299 = SURFACE_CURVE('',#300,(#304,#311),.PCURVE_S1.);
#300 = LINE('',#301,#302);
#301 = CARTESIAN_POINT('',(11.05,-15.75,37.9));
#302 = VECTOR('',#303,1.);
#303 = DIRECTION('',(1.,0.,0.));
#304 = PCURVE('',#31,#305);
#305 = DEFINITIONAL_REPRESENTATION('',(#306),#310);
#306 = LINE('',#307,#308);
#307 = CARTESIAN_POINT('',(0.,0.));
#308 = VECTOR('',#309,1.);
#309 = DIRECTION('',(1.,0.));
#310 = ( GEOMETRIC_REPRESENTATION_CONTEXT(2) 
PARAMETRIC_REPRESENTATION_CONTEXT() REPRESENTATION_CONTEXT('2D SPACE',''
  ) );
#311 = PCURVE('',#83,#312);
#312 = DEFINITIONAL_REPRESENTATION('',(#313),#317);
#313 = LINE('',#314,#315);
#314 = CARTESIAN_POINT('',(-22.7,-1.));
#315 = VECTOR('',#316,1.);
#316 = DIRECTION('',(1.,0.));
#317 = ( GEOMETRIC_REPRESENTATION_CONTEXT(2) 
PARAMETRIC_REPRESENTATION_CONTEXT() REPRESENTATION_CONTEXT('2D SPACE',''
  ) );
#318 = ORIENTED_EDGE('',*,*,#319,.T.);
#319 = EDGE_CURVE('',#297,#320,#322,.T.);
#320 = VERTEX_POINT('',#321);
#321 = CARTESIAN_POINT('',(30.905674240522,-14.45368084426,
    52.383014015817));
#322 = SURFACE_CURVE('',#323,(#326,#333),.PCURVE_S1.);
#323 = B_SPLINE_CURVE_WITH_KNOTS('',1,(#324,#325),.UNSPECIFIED.,.F.,.F.,
  (2,2),(0.,1.),.PIECEWISE_BEZIER_KNOTS.);
#324 = CARTESIAN_POINT('',(33.75,-15.75,37.9));
#325 = CARTESIAN_POINT('',(30.568474576271,-14.3,54.1));
#326 = PCURVE('',#31,#327);
#327 = DEFINITIONAL_REPRESENTATION('',(#328),#332);
#328 = LINE('',#329,#330);
#329 = CARTESIAN_POINT('',(22.7,0.));
#330 = VECTOR('',#331,1.);
#331 = DIRECTION('',(0.,1.));
#332 = ( GEOMETRIC_REPRESENTATION_CONTEXT(2) 
PARAMETRIC_REPRESENTATION_CONTEXT() REPRESENTATION_CONTEXT('2D SPACE',''
  ) );
#333 = PCURVE('',#334,#351);
#334 = B_SPLINE_SURFACE_WITH_KNOTS('',7,1,(
    (#335,#336)
    ,(#337,#338)
    ,(#339,#340)
    ,(#341,#342)
    ,(#343,#344)
    ,(#345,#346)
    ,(#347,#348)
    ,(#349,#350
    )),.UNSPECIFIED.,.F.,.F.,.F.,(8,8),(2,2),(20.768474576271,22.),(0.,
    1.),.PIECEWISE_BEZIER_KNOTS.);
#335 = CARTESIAN_POINT('',(33.75,-15.75,37.9));
#336 = CARTESIAN_POINT('',(30.568474576271,-14.3,54.1));
#337 = CARTESIAN_POINT('',(33.918715967562,-15.75,37.9));
#338 = CARTESIAN_POINT('',(30.744406779661,-14.3,54.1));
#339 = CARTESIAN_POINT('',(34.087431847724,-15.71679059696,
    37.899999999999));
#340 = CARTESIAN_POINT('',(30.920338983051,-14.3,54.1));
#341 = CARTESIAN_POINT('',(34.248304169774,-15.65037288377,
    37.900000000001));
#342 = CARTESIAN_POINT('',(31.096271186441,-14.3,54.1));
#343 = CARTESIAN_POINT('',(34.39348659574,-15.55305876282,
    37.899999999999));
#344 = CARTESIAN_POINT('',(31.272203389831,-14.3,54.1));
#345 = CARTESIAN_POINT('',(34.516052114276,-15.42949133066,
    37.900000000001));
#346 = CARTESIAN_POINT('',(31.44813559322,-14.3,54.1));
#347 = CARTESIAN_POINT('',(34.610880713398,-15.28604988108,37.9));
#348 = CARTESIAN_POINT('',(31.62406779661,-14.3,54.1));
#349 = CARTESIAN_POINT('',(34.674990948516,-15.12998913821,37.9));
#350 = CARTESIAN_POINT('',(31.8,-14.3,54.1));
#351 = DEFINITIONAL_REPRESENTATION('',(#352),#356);
#352 = LINE('',#353,#354);
#353 = CARTESIAN_POINT('',(20.768474576271,0.));
#354 = VECTOR('',#355,1.);
#355 = DIRECTION('',(0.,1.));
#356 = ( GEOMETRIC_REPRESENTATION_CONTEXT(2) 
PARAMETRIC_REPRESENTATION_CONTEXT() REPRESENTATION_CONTEXT('2D SPACE',''
  ) );
#357 = ORIENTED_EDGE('',*,*,#358,.T.);
#358 = EDGE_CURVE('',#320,#359,#361,.T.);
#359 = VERTEX_POINT('',#360);
#360 = CARTESIAN_POINT('',(29.259245772548,-14.4021029154,
    52.959263979608));
#361 = SURFACE_CURVE('',#362,(#368,#377),.PCURVE_S1.);
#362 = B_SPLINE_CURVE_WITH_KNOTS('',4,(#363,#364,#365,#366,#367),
  .UNSPECIFIED.,.F.,.F.,(5,5),(0.,1.),.PIECEWISE_BEZIER_KNOTS.);
#363 = CARTESIAN_POINT('',(30.905674240522,-14.45368084426,
    52.383014015817));
#364 = CARTESIAN_POINT('',(29.667988791612,-14.41490767356,
    52.816203922936));
#365 = CARTESIAN_POINT('',(28.437773170998,-14.37636851137,
    53.246779390151));
#366 = CARTESIAN_POINT('',(27.215091711283,-14.33806537305,
    53.674717901051));
#367 = CARTESIAN_POINT('',(26.,-14.3,54.1));
#368 = PCURVE('',#31,#369);
#369 = DEFINITIONAL_REPRESENTATION('',(#370),#376);
#370 = B_SPLINE_CURVE_WITH_KNOTS('',4,(#371,#372,#373,#374,#375),
  .UNSPECIFIED.,.F.,.F.,(5,5),(0.,1.),.PIECEWISE_BEZIER_KNOTS.);
#371 = CARTESIAN_POINT('',(22.7,0.894013210853));
#372 = CARTESIAN_POINT('',(21.374681659475,0.920753328576));
#373 = CARTESIAN_POINT('',(20.041522732792,0.94733206112));
#374 = CARTESIAN_POINT('',(18.700596373978,0.973748018583));
#375 = CARTESIAN_POINT('',(17.351984126984,1.));
#376 = ( GEOMETRIC_REPRESENTATION_CONTEXT(2) 
PARAMETRIC_REPRESENTATION_CONTEXT() REPRESENTATION_CONTEXT('2D SPACE',''
  ) );
#377 = PCURVE('',#378,#383);
#378 = PLANE('',#379);
#379 = AXIS2_PLACEMENT_3D('',#380,#381,#382);
#380 = CARTESIAN_POINT('',(-70.,0.,87.7));
#381 = DIRECTION('',(0.330350424728,0.,0.943858356366));
#382 = DIRECTION('',(0.943858356366,0.,-0.330350424728));
#383 = DEFINITIONAL_REPRESENTATION('',(#384),#390);
#384 = B_SPLINE_CURVE_WITH_KNOTS('',4,(#385,#386,#387,#388,#389),
  .UNSPECIFIED.,.F.,.F.,(5,5),(0.,1.),.PIECEWISE_BEZIER_KNOTS.);
#385 = CARTESIAN_POINT('',(106.90764515665,-14.45368084426));
#386 = CARTESIAN_POINT('',(105.59634093334,-14.41490767356));
#387 = CARTESIAN_POINT('',(104.29295085122,-14.37636851137));
#388 = CARTESIAN_POINT('',(102.99754306946,-14.33806537305));
#389 = CARTESIAN_POINT('',(101.710176482,-14.3));
#390 = ( GEOMETRIC_REPRESENTATION_CONTEXT(2) 
PARAMETRIC_REPRESENTATION_CONTEXT() REPRESENTATION_CONTEXT('2D SPACE',''
  ) );
#391 = ORIENTED_EDGE('',*,*,#392,.T.);
#392 = EDGE_CURVE('',#359,#24,#393,.T.);
#393 = SURFACE_CURVE('',#394,(#397,#403),.PCURVE_S1.);
#394 = B_SPLINE_CURVE_WITH_KNOTS('',1,(#395,#396),.UNSPECIFIED.,.F.,.F.,
  (2,2),(0.,1.),.PIECEWISE_BEZIER_KNOTS.);
#395 = CARTESIAN_POINT('',(30.792504246064,-14.4021029154,
    52.959263979608));
#396 = CARTESIAN_POINT('',(12.032826325865,-14.4021029154,
    52.959263979608));
#397 = PCURVE('',#31,#398);
#398 = DEFINITIONAL_REPRESENTATION('',(#399),#402);
#399 = B_SPLINE_CURVE_WITH_KNOTS('',1,(#400,#401),.UNSPECIFIED.,.F.,.F.,
  (2,2),(0.,1.),.PIECEWISE_BEZIER_KNOTS.);
#400 = CARTESIAN_POINT('',(22.7,0.929584196272));
#401 = CARTESIAN_POINT('',(1.,0.929584196272));
#402 = ( GEOMETRIC_REPRESENTATION_CONTEXT(2) 
PARAMETRIC_REPRESENTATION_CONTEXT() REPRESENTATION_CONTEXT('2D SPACE',''
  ) );
#403 = PCURVE('',#404,#409);
#404 = PLANE('',#405);
#405 = AXIS2_PLACEMENT_3D('',#406,#407,#408);
#406 = CARTESIAN_POINT('',(0.,-60.,37.));
#407 = DIRECTION('',(0.,-0.330350424728,0.943858356366));
#408 = DIRECTION('',(0.,0.943858356366,0.330350424728));
#409 = DEFINITIONAL_REPRESENTATION('',(#410),#413);
#410 = B_SPLINE_CURVE_WITH_KNOTS('',1,(#411,#412),.UNSPECIFIED.,.F.,.F.,
  (2,2),(0.,1.),.PIECEWISE_BEZIER_KNOTS.);
#411 = CARTESIAN_POINT('',(48.310105830024,-30.79250424606));
#412 = CARTESIAN_POINT('',(48.310105830024,-12.03282632586));
#413 = ( GEOMETRIC_REPRESENTATION_CONTEXT(2) 
PARAMETRIC_REPRESENTATION_CONTEXT() REPRESENTATION_CONTEXT('2D SPACE',''
  ) );
#414 = ADVANCED_FACE('',(#415),#43,.T.);
#415 = FACE_BOUND('',#416,.T.);
#416 = EDGE_LOOP('',(#417,#458,#479,#480));
#417 = ORIENTED_EDGE('',*,*,#418,.F.);
#418 = EDGE_CURVE('',#419,#421,#423,.T.);
#419 = VERTEX_POINT('',#420);
#420 = CARTESIAN_POINT('',(11.125009051484,-15.12998913821,37.9));
#421 = VERTEX_POINT('',#422);
#422 = CARTESIAN_POINT('',(10.82257361426,-14.35764717801,
    52.974823487696));
#423 = SURFACE_CURVE('',#424,(#427,#434),.PCURVE_S1.);
#424 = B_SPLINE_CURVE_WITH_KNOTS('',1,(#425,#426),.UNSPECIFIED.,.F.,.F.,
  (2,2),(0.,1.),.PIECEWISE_BEZIER_KNOTS.);
#425 = CARTESIAN_POINT('',(11.125009051484,-15.12998913821,37.9));
#426 = CARTESIAN_POINT('',(10.8,-14.3,54.1));
#427 = PCURVE('',#43,#428);
#428 = DEFINITIONAL_REPRESENTATION('',(#429),#433);
#429 = LINE('',#430,#431);
#430 = CARTESIAN_POINT('',(1.,0.));
#431 = VECTOR('',#432,1.);
#432 = DIRECTION('',(0.,1.));
#433 = ( GEOMETRIC_REPRESENTATION_CONTEXT(2) 
PARAMETRIC_REPRESENTATION_CONTEXT() REPRESENTATION_CONTEXT('2D SPACE',''
  ) );
#434 = PCURVE('',#435,#452);
#435 = B_SPLINE_SURFACE_WITH_KNOTS('',7,1,(
    (#436,#437)
    ,(#438,#439)
    ,(#440,#441)
    ,(#442,#443)
    ,(#444,#445)
    ,(#446,#447)
    ,(#448,#449)
    ,(#450,#451
    )),.UNSPECIFIED.,.F.,.F.,.F.,(8,8),(2,2),(3.14159265359,
    4.712388980385),(0.,1.),.PIECEWISE_BEZIER_KNOTS.);
#436 = CARTESIAN_POINT('',(11.05,-14.75,37.9));
#437 = CARTESIAN_POINT('',(9.8,-13.3,54.1));
#438 = CARTESIAN_POINT('',(11.05,-14.80568350769,37.9));
#439 = CARTESIAN_POINT('',(9.8,-13.52439947525,54.1));
#440 = CARTESIAN_POINT('',(11.053617376684,-14.86136702436,37.9));
#441 = CARTESIAN_POINT('',(9.858748886552,-13.74879786498,
    54.100000000001));
#442 = CARTESIAN_POINT('',(11.060852329474,-14.91676851405,37.9));
#443 = CARTESIAN_POINT('',(9.976237277798,-13.95474694082,
    54.099999999999));
#444 = CARTESIAN_POINT('',(11.071677134081,-14.97160600489,37.9));
#445 = CARTESIAN_POINT('',(10.145253059177,-14.1237627222,
    54.100000000001));
#446 = CARTESIAN_POINT('',(11.086036832561,-15.02560108487,37.9));
#447 = CARTESIAN_POINT('',(10.351202135016,-14.24125111344,
    54.099999999999));
#448 = CARTESIAN_POINT('',(11.103849923382,-15.07848239761,37.9));
#449 = CARTESIAN_POINT('',(10.575600524744,-14.3,54.1));
#450 = CARTESIAN_POINT('',(11.125009051484,-15.12998913821,37.9));
#451 = CARTESIAN_POINT('',(10.8,-14.3,54.1));
#452 = DEFINITIONAL_REPRESENTATION('',(#453),#457);
#453 = LINE('',#454,#455);
#454 = CARTESIAN_POINT('',(4.712388980385,0.));
#455 = VECTOR('',#456,1.);
#456 = DIRECTION('',(0.,1.));
#457 = ( GEOMETRIC_REPRESENTATION_CONTEXT(2) 
PARAMETRIC_REPRESENTATION_CONTEXT() REPRESENTATION_CONTEXT('2D SPACE',''
  ) );
#458 = ORIENTED_EDGE('',*,*,#459,.T.);
#459 = EDGE_CURVE('',#419,#22,#460,.T.);
#460 = SURFACE_CURVE('',#461,(#466,#472),.PCURVE_S1.);
#461 = CIRCLE('',#462,1.);
#462 = AXIS2_PLACEMENT_3D('',#463,#464,#465);
#463 = CARTESIAN_POINT('',(12.05,-14.75,37.9));
#464 = DIRECTION('',(0.,-0.,1.));
#465 = DIRECTION('',(1.,0.,0.));
#466 = PCURVE('',#43,#467);
#467 = DEFINITIONAL_REPRESENTATION('',(#468),#471);
#468 = B_SPLINE_CURVE_WITH_KNOTS('',1,(#469,#470),.UNSPECIFIED.,.F.,.F.,
  (2,2),(3.531377207455,4.712388980385),.PIECEWISE_BEZIER_KNOTS.);
#469 = CARTESIAN_POINT('',(1.,0.));
#470 = CARTESIAN_POINT('',(2.231525423729,0.));
#471 = ( GEOMETRIC_REPRESENTATION_CONTEXT(2) 
PARAMETRIC_REPRESENTATION_CONTEXT() REPRESENTATION_CONTEXT('2D SPACE',''
  ) );
#472 = PCURVE('',#83,#473);
#473 = DEFINITIONAL_REPRESENTATION('',(#474),#478);
#474 = CIRCLE('',#475,1.);
#475 = AXIS2_PLACEMENT_2D('',#476,#477);
#476 = CARTESIAN_POINT('',(-21.7,0.));
#477 = DIRECTION('',(1.,0.));
#478 = ( GEOMETRIC_REPRESENTATION_CONTEXT(2) 
PARAMETRIC_REPRESENTATION_CONTEXT() REPRESENTATION_CONTEXT('2D SPACE',''
  ) );
#479 = ORIENTED_EDGE('',*,*,#21,.T.);
#480 = ORIENTED_EDGE('',*,*,#481,.T.);
#481 = EDGE_CURVE('',#24,#421,#482,.T.);
#482 = SURFACE_CURVE('',#483,(#491,#502),.PCURVE_S1.);
#483 = B_SPLINE_CURVE_WITH_KNOTS('',6,(#484,#485,#486,#487,#488,#489,
    #490),.UNSPECIFIED.,.F.,.F.,(7,7),(0.,1.),.PIECEWISE_BEZIER_KNOTS.);
#484 = CARTESIAN_POINT('',(12.032826325865,-14.4021029154,
    52.959263979608));
#485 = CARTESIAN_POINT('',(11.829532080288,-14.4021029154,
    52.959263979608));
#486 = CARTESIAN_POINT('',(11.626233203566,-14.39876823292,
    52.960431118478));
#487 = CARTESIAN_POINT('',(11.42345165404,-14.39209845312,
    52.962765541407));
#488 = CARTESIAN_POINT('',(11.22169236758,-14.38248151911,
    52.966131468309));
#489 = CARTESIAN_POINT('',(11.02133490673,-14.37068641915,
    52.970259753295));
#490 = CARTESIAN_POINT('',(10.82257361426,-14.35764717801,
    52.974823487696));
#491 = PCURVE('',#43,#492);
#492 = DEFINITIONAL_REPRESENTATION('',(#493),#501);
#493 = B_SPLINE_CURVE_WITH_KNOTS('',6,(#494,#495,#496,#497,#498,#499,
    #500),.UNSPECIFIED.,.F.,.F.,(7,7),(0.,1.),.PIECEWISE_BEZIER_KNOTS.);
#494 = CARTESIAN_POINT('',(2.231525423729,0.929584196272));
#495 = CARTESIAN_POINT('',(2.027642311757,0.929584196272));
#496 = CARTESIAN_POINT('',(1.82375574508,0.929656241881));
#497 = CARTESIAN_POINT('',(1.619442804503,0.929800342062));
#498 = CARTESIAN_POINT('',(1.414258708948,0.930008115328));
#499 = CARTESIAN_POINT('',(1.207845184089,0.930262947734));
#500 = CARTESIAN_POINT('',(1.,0.930544659734));
#501 = ( GEOMETRIC_REPRESENTATION_CONTEXT(2) 
PARAMETRIC_REPRESENTATION_CONTEXT() REPRESENTATION_CONTEXT('2D SPACE',''
  ) );
#502 = PCURVE('',#404,#503);
#503 = DEFINITIONAL_REPRESENTATION('',(#504),#512);
#504 = B_SPLINE_CURVE_WITH_KNOTS('',6,(#505,#506,#507,#508,#509,#510,
    #511),.UNSPECIFIED.,.F.,.F.,(7,7),(0.,1.),.PIECEWISE_BEZIER_KNOTS.);
#505 = CARTESIAN_POINT('',(48.310105830024,-12.03282632586));
#506 = CARTESIAN_POINT('',(48.310105830024,-11.82953208028));
#507 = CARTESIAN_POINT('',(48.313638862775,-11.62623320356));
#508 = CARTESIAN_POINT('',(48.320705367777,-11.42345165404));
#509 = CARTESIAN_POINT('',(48.330894326684,-11.22169236758));
#510 = CARTESIAN_POINT('',(48.343391011043,-11.02133490673));
#511 = CARTESIAN_POINT('',(48.357205839356,-10.82257361426));
#512 = ( GEOMETRIC_REPRESENTATION_CONTEXT(2) 
PARAMETRIC_REPRESENTATION_CONTEXT() REPRESENTATION_CONTEXT('2D SPACE',''
  ) );
#513 = ADVANCED_FACE('',(#514),#404,.T.);
#514 = FACE_BOUND('',#515,.T.);
#515 = EDGE_LOOP('',(#516,#517,#538,#564,#720,#746,#780,#858));
#516 = ORIENTED_EDGE('',*,*,#392,.F.);
#517 = ORIENTED_EDGE('',*,*,#518,.F.);
#518 = EDGE_CURVE('',#519,#359,#521,.T.);
#519 = VERTEX_POINT('',#520);
#520 = CARTESIAN_POINT('',(26.,-11.14285714285,54.1));
#521 = SURFACE_CURVE('',#522,(#526,#532),.PCURVE_S1.);
#522 = LINE('',#523,#524);
#523 = CARTESIAN_POINT('',(4.784284031634,10.072858825509,
    61.525500588928));
#524 = VECTOR('',#525,1.);
#525 = DIRECTION('',(0.686398223055,-0.686398223055,-0.240239378069));
#526 = PCURVE('',#404,#527);
#527 = DEFINITIONAL_REPRESENTATION('',(#528),#531);
#528 = B_SPLINE_CURVE_WITH_KNOTS('',1,(#529,#530),.UNSPECIFIED.,.F.,.F.,
  (2,2),(30.90875712637,35.74499379643),.PIECEWISE_BEZIER_KNOTS.);
#529 = CARTESIAN_POINT('',(51.763214816733,-26.));
#530 = CARTESIAN_POINT('',(48.246178352299,-29.3195842566));
#531 = ( GEOMETRIC_REPRESENTATION_CONTEXT(2) 
PARAMETRIC_REPRESENTATION_CONTEXT() REPRESENTATION_CONTEXT('2D SPACE',''
  ) );
#532 = PCURVE('',#378,#533);
#533 = DEFINITIONAL_REPRESENTATION('',(#534),#537);
#534 = B_SPLINE_CURVE_WITH_KNOTS('',1,(#535,#536),.UNSPECIFIED.,.F.,.F.,
  (2,2),(30.90875712637,35.74499379643),.PIECEWISE_BEZIER_KNOTS.);
#535 = CARTESIAN_POINT('',(101.710176482,-11.14285714285));
#536 = CARTESIAN_POINT('',(105.22721294643,-14.46244139945));
#537 = ( GEOMETRIC_REPRESENTATION_CONTEXT(2) 
PARAMETRIC_REPRESENTATION_CONTEXT() REPRESENTATION_CONTEXT('2D SPACE',''
  ) );
#538 = ORIENTED_EDGE('',*,*,#539,.F.);
#539 = EDGE_CURVE('',#540,#519,#542,.T.);
#540 = VERTEX_POINT('',#541);
#541 = CARTESIAN_POINT('',(24.771775100567,-11.14285714285,54.1));
#542 = SURFACE_CURVE('',#543,(#547,#553),.PCURVE_S1.);
#543 = LINE('',#544,#545);
#544 = CARTESIAN_POINT('',(15.9,-11.14285714285,54.1));
#545 = VECTOR('',#546,1.);
#546 = DIRECTION('',(1.,0.,0.));
#547 = PCURVE('',#404,#548);
#548 = DEFINITIONAL_REPRESENTATION('',(#549),#552);
#549 = B_SPLINE_CURVE_WITH_KNOTS('',1,(#550,#551),.UNSPECIFIED.,.F.,.F.,
  (2,2),(-6.1,10.1),.PIECEWISE_BEZIER_KNOTS.);
#550 = CARTESIAN_POINT('',(51.763214816733,-9.8));
#551 = CARTESIAN_POINT('',(51.763214816733,-26.));
#552 = ( GEOMETRIC_REPRESENTATION_CONTEXT(2) 
PARAMETRIC_REPRESENTATION_CONTEXT() REPRESENTATION_CONTEXT('2D SPACE',''
  ) );
#553 = PCURVE('',#554,#559);
#554 = PLANE('',#555);
#555 = AXIS2_PLACEMENT_3D('',#556,#557,#558);
#556 = CARTESIAN_POINT('',(31.8,-13.3,54.1));
#557 = DIRECTION('',(0.,-0.,1.));
#558 = DIRECTION('',(1.,0.,0.));
#559 = DEFINITIONAL_REPRESENTATION('',(#560),#563);
#560 = B_SPLINE_CURVE_WITH_KNOTS('',1,(#561,#562),.UNSPECIFIED.,.F.,.F.,
  (2,2),(-6.1,10.1),.PIECEWISE_BEZIER_KNOTS.);
#561 = CARTESIAN_POINT('',(-22.,2.157142857143));
#562 = CARTESIAN_POINT('',(-5.8,2.157142857143));
#563 = ( GEOMETRIC_REPRESENTATION_CONTEXT(2) 
PARAMETRIC_REPRESENTATION_CONTEXT() REPRESENTATION_CONTEXT('2D SPACE',''
  ) );
#564 = ORIENTED_EDGE('',*,*,#565,.T.);
#565 = EDGE_CURVE('',#540,#566,#568,.T.);
#566 = VERTEX_POINT('',#567);
#567 = CARTESIAN_POINT('',(12.252047650727,-11.14285714285,54.1));
#568 = SURFACE_CURVE('',#569,(#607,#648),.PCURVE_S1.);
#569 = B_SPLINE_CURVE_WITH_KNOTS('',6,(#570,#571,#572,#573,#574,#575,
    #576,#577,#578,#579,#580,#581,#582,#583,#584,#585,#586,#587,#588,
    #589,#590,#591,#592,#593,#594,#595,#596,#597,#598,#599,#600,#601,
    #602,#603,#604,#605,#606),.UNSPECIFIED.,.F.,.F.,(7,5,5,5,5,5,5,7),(
    0.,9.910282784003E-02,0.162664262023,0.306701530125,0.50675792482,
    0.594707603554,0.735697624986,1.),.UNSPECIFIED.);
#570 = CARTESIAN_POINT('',(24.771775100567,-11.14285714285,54.1));
#571 = CARTESIAN_POINT('',(24.621022454599,-11.31150080586,
    54.040974717948));
#572 = CARTESIAN_POINT('',(24.464351831167,-11.4754242018,53.98360152937
    ));
#573 = CARTESIAN_POINT('',(24.301893768855,-11.63433196593,
    53.927983811922));
#574 = CARTESIAN_POINT('',(24.133805482198,-11.78793318839,
    53.874223384062));
#575 = CARTESIAN_POINT('',(23.960273980604,-11.93594447497,
    53.82241943376));
#576 = CARTESIAN_POINT('',(23.666871489755,-12.16926260246,
    53.740758089137));
#577 = CARTESIAN_POINT('',(23.550074772132,-12.25802096957,
    53.709692660649));
#578 = CARTESIAN_POINT('',(23.431186745023,-12.34429610239,
    53.679496364161));
#579 = CARTESIAN_POINT('',(23.310269977661,-12.42801888806,
    53.650193389177));
#580 = CARTESIAN_POINT('',(23.187391897901,-12.50912310774,
    53.62180691229));
#581 = CARTESIAN_POINT('',(22.779888675865,-12.76525914239,
    53.532159300161));
#582 = CARTESIAN_POINT('',(22.487440002857,-12.9292080549,
    53.474777180785));
#583 = CARTESIAN_POINT('',(22.186141562556,-13.07864487224,
    53.422474294714));
#584 = CARTESIAN_POINT('',(21.876945248504,-13.21293824909,
    53.375471612816));
#585 = CARTESIAN_POINT('',(21.560896222152,-13.331584207,53.333945527549
    ));
#586 = CARTESIAN_POINT('',(20.792239023977,-13.57676714867,
    53.248131497962));
#587 = CARTESIAN_POINT('',(20.33424015563,-13.68845492374,53.20904077669
    ));
#588 = CARTESIAN_POINT('',(19.86827007251,-13.76826420443,
    53.181107528449));
#589 = CARTESIAN_POINT('',(19.397445879741,-13.81587605735,
    53.164443379924));
#590 = CARTESIAN_POINT('',(18.924836781846,-13.83148633491,
    53.158979782778));
#591 = CARTESIAN_POINT('',(18.246243836357,-13.80899064716,
    53.166853273491));
#592 = CARTESIAN_POINT('',(18.039244526645,-13.79608348486,
    53.171370780299));
#593 = CARTESIAN_POINT('',(17.832716991491,-13.77720189894,
    53.177979335368));
#594 = CARTESIAN_POINT('',(17.626895032558,-13.752427411,53.186650406148
    ));
#595 = CARTESIAN_POINT('',(17.422000311575,-13.72185753168,
    53.197349863911));
#596 = CARTESIAN_POINT('',(16.891603463275,-13.62748516654,
    53.230380191709));
#597 = CARTESIAN_POINT('',(16.567881774268,-13.55475819087,
    53.255834633194));
#598 = CARTESIAN_POINT('',(16.247942484604,-13.46788106047,
    53.286241628835));
#599 = CARTESIAN_POINT('',(15.932541206015,-13.36739497397,
    53.321411759109));
#600 = CARTESIAN_POINT('',(15.622332405822,-13.25389705654,
    53.36113603021));
#601 = CARTESIAN_POINT('',(14.747141308668,-12.89203058869,
    53.487789293958));
#602 = CARTESIAN_POINT('',(14.196666536788,-12.61253965316,
    53.585611121393));
#603 = CARTESIAN_POINT('',(13.670023307325,-12.29363954484,
    53.697226159303));
#604 = CARTESIAN_POINT('',(13.169546404741,-11.93969046163,
    53.821108338427));
#605 = CARTESIAN_POINT('',(12.696648754108,-11.55486465701,
    53.955797370044));
#606 = CARTESIAN_POINT('',(12.252047650726,-11.14285714285,54.1));
#607 = PCURVE('',#404,#608);
#608 = DEFINITIONAL_REPRESENTATION('',(#609),#647);
#609 = B_SPLINE_CURVE_WITH_KNOTS('',6,(#610,#611,#612,#613,#614,#615,
    #616,#617,#618,#619,#620,#621,#622,#623,#624,#625,#626,#627,#628,
    #629,#630,#631,#632,#633,#634,#635,#636,#637,#638,#639,#640,#641,
    #642,#643,#644,#645,#646),.UNSPECIFIED.,.F.,.F.,(7,5,5,5,5,5,5,7),(
    0.,9.910282784003E-02,0.162664262023,0.306701530125,0.50675792482,
    0.594707603554,0.735697624986,1.),.UNSPECIFIED.);
#610 = CARTESIAN_POINT('',(51.763214816733,-24.77177510056));
#611 = CARTESIAN_POINT('',(51.584540059161,-24.62102245459));
#612 = CARTESIAN_POINT('',(51.410866334886,-24.46435183116));
#613 = CARTESIAN_POINT('',(51.242506577233,-24.30189376885));
#614 = CARTESIAN_POINT('',(51.079768999692,-24.13380548219));
#615 = CARTESIAN_POINT('',(50.922953853035,-23.9602739806));
#616 = CARTESIAN_POINT('',(50.675757728829,-23.66687148975));
#617 = CARTESIAN_POINT('',(50.581719924841,-23.55007477213));
#618 = CARTESIAN_POINT('',(50.490313060407,-23.43118674502));
#619 = CARTESIAN_POINT('',(50.401610359305,-23.31026997766));
#620 = CARTESIAN_POINT('',(50.315681979131,-23.1873918979));
#621 = CARTESIAN_POINT('',(50.044310715713,-22.77988867586));
#622 = CARTESIAN_POINT('',(49.870609957122,-22.48744000285));
#623 = CARTESIAN_POINT('',(49.712284487692,-22.18614156255));
#624 = CARTESIAN_POINT('',(49.570003205818,-21.8769452485));
#625 = CARTESIAN_POINT('',(49.444300067094,-21.56089622215));
#626 = CARTESIAN_POINT('',(49.184533397635,-20.79223902397));
#627 = CARTESIAN_POINT('',(49.066202321461,-20.33424015563));
#628 = CARTESIAN_POINT('',(48.981645904548,-19.86827007251));
#629 = CARTESIAN_POINT('',(48.931202050757,-19.39744587974));
#630 = CARTESIAN_POINT('',(48.914663258199,-18.92483678184));
#631 = CARTESIAN_POINT('',(48.938497012066,-18.24624383635));
#632 = CARTESIAN_POINT('',(48.95217190536,-18.03924452664));
#633 = CARTESIAN_POINT('',(48.972176586978,-17.83271699149));
#634 = CARTESIAN_POINT('',(48.998424686361,-17.62689503255));
#635 = CARTESIAN_POINT('',(49.030812892832,-17.42200031157));
#636 = CARTESIAN_POINT('',(49.130798621093,-16.89160346327));
#637 = CARTESIAN_POINT('',(49.20785147037,-16.56788177426));
#638 = CARTESIAN_POINT('',(49.299896139801,-16.2479424846));
#639 = CARTESIAN_POINT('',(49.406359239715,-15.93254120601));
#640 = CARTESIAN_POINT('',(49.526608127342,-15.62233240582));
#641 = CARTESIAN_POINT('',(49.909998776384,-14.74714130866));
#642 = CARTESIAN_POINT('',(50.206114113652,-14.19666653678));
#643 = CARTESIAN_POINT('',(50.54398272091,-13.67002330732));
#644 = CARTESIAN_POINT('',(50.918985051318,-13.16954640474));
#645 = CARTESIAN_POINT('',(51.326700681556,-12.6966487541));
#646 = CARTESIAN_POINT('',(51.763214816733,-12.25204765072));
#647 = ( GEOMETRIC_REPRESENTATION_CONTEXT(2) 
PARAMETRIC_REPRESENTATION_CONTEXT() REPRESENTATION_CONTEXT('2D SPACE',''
  ) );
#648 = PCURVE('',#649,#680);
#649 = B_SPLINE_SURFACE_WITH_KNOTS('',14,1,(
    (#650,#651)
    ,(#652,#653)
    ,(#654,#655)
    ,(#656,#657)
    ,(#658,#659)
    ,(#660,#661)
    ,(#662,#663)
    ,(#664,#665)
    ,(#666,#667)
    ,(#668,#669)
    ,(#670,#671)
    ,(#672,#673)
    ,(#674,#675)
    ,(#676,#677)
    ,(#678,#679
    )),.UNSPECIFIED.,.T.,.F.,.F.,(15,15),(2,2),(0.,6.28318530718),(0.,1.
    ),.PIECEWISE_BEZIER_KNOTS.);
#650 = CARTESIAN_POINT('',(18.9,8.9,52.3));
#651 = CARTESIAN_POINT('',(11.890767147305,6.346617257668,62.25));
#652 = CARTESIAN_POINT('',(14.367130599816,8.900000000002,
    52.299999999995));
#653 = CARTESIAN_POINT('',(8.329590320496,4.866579903976,62.249999999996
    ));
#654 = CARTESIAN_POINT('',(9.834259526462,6.427176282319,52.300000000028
    ));
#655 = CARTESIAN_POINT('',(5.63783662262,1.294585221316,62.250000000025)
  );
#656 = CARTESIAN_POINT('',(6.448524599587,1.481525685723,52.299999999907
    ));
#657 = CARTESIAN_POINT('',(4.716737767642,-3.994814922421,
    62.249999999907));
#658 = CARTESIAN_POINT('',(5.356934282218,-5.197361008033,52.30000000023
    ));
#659 = CARTESIAN_POINT('',(6.207388706262,-10.00142999759,
    62.250000000251));
#660 = CARTESIAN_POINT('',(7.295333703678,-12.13044252857,
    52.299999999566));
#661 = CARTESIAN_POINT('',(10.167875749886,-15.23375979721,
    62.249999999492));
#662 = CARTESIAN_POINT('',(12.174559023011,-17.42307539893,
    52.300000000646));
#663 = CARTESIAN_POINT('',(15.862007708377,-18.11808893088,62.2500000008
    ));
#664 = CARTESIAN_POINT('',(18.89999999965,-19.41564606332,
    52.299999999233));
#665 = CARTESIAN_POINT('',(21.846314986219,-17.60782292887,
    62.249999999008));
#666 = CARTESIAN_POINT('',(25.625440977622,-17.42307539894,
    52.300000000734));
#667 = CARTESIAN_POINT('',(26.429479410732,-13.72621129767,
    62.250000000982));
#668 = CARTESIAN_POINT('',(30.504666295855,-12.13044252857,
    52.299999999433));
#669 = CARTESIAN_POINT('',(28.401919155067,-7.655628561088,
    62.249999999223));
#670 = CARTESIAN_POINT('',(32.443065718059,-5.197361008039,
    52.300000000351));
#671 = CARTESIAN_POINT('',(27.487177529061,-1.157476476566,
    62.250000000489));
#672 = CARTESIAN_POINT('',(31.351475400283,1.481525685726,
    52.299999999829));
#673 = CARTESIAN_POINT('',(24.281345410433,4.136303393232,
    62.249999999761));
#674 = CARTESIAN_POINT('',(27.965740473583,6.427176282318,
    52.300000000061));
#675 = CARTESIAN_POINT('',(19.882546558892,7.214735728731,
    62.250000000085));
#676 = CARTESIAN_POINT('',(23.432869400174,8.900000000002,
    52.299999999987));
#677 = CARTESIAN_POINT('',(15.451943974107,7.826654611364,
    62.249999999982));
#678 = CARTESIAN_POINT('',(18.9,8.9,52.3));
#679 = CARTESIAN_POINT('',(11.890767147305,6.346617257668,62.25));
#680 = DEFINITIONAL_REPRESENTATION('',(#681),#719);
#681 = B_SPLINE_CURVE_WITH_KNOTS('',6,(#682,#683,#684,#685,#686,#687,
    #688,#689,#690,#691,#692,#693,#694,#695,#696,#697,#698,#699,#700,
    #701,#702,#703,#704,#705,#706,#707,#708,#709,#710,#711,#712,#713,
    #714,#715,#716,#717,#718),.UNSPECIFIED.,.F.,.F.,(7,5,5,5,5,5,5,7),(
    0.,9.910282784003E-02,0.162664262023,0.306701530125,0.50675792482,
    0.594707603554,0.735697624986,1.),.UNSPECIFIED.);
#682 = CARTESIAN_POINT('',(3.78640626224,0.180904522613));
#683 = CARTESIAN_POINT('',(3.764930315942,0.174972333462));
#684 = CARTESIAN_POINT('',(3.74332880353,0.169206183856));
#685 = CARTESIAN_POINT('',(3.721602896416,0.16361646351));
#686 = CARTESIAN_POINT('',(3.699754116147,0.158213405433));
#687 = CARTESIAN_POINT('',(3.677784697918,0.153006978267));
#688 = CARTESIAN_POINT('',(3.641532211852,0.144799807953));
#689 = CARTESIAN_POINT('',(3.627318161994,0.141677654337));
#690 = CARTESIAN_POINT('',(3.613056631119,0.138642850669));
#691 = CARTESIAN_POINT('',(3.598748563596,0.135697828058));
#692 = CARTESIAN_POINT('',(3.58439502156,0.132844915808));
#693 = CARTESIAN_POINT('',(3.537370088239,0.123835105544));
#694 = CARTESIAN_POINT('',(3.504514183602,0.11806805837));
#695 = CARTESIAN_POINT('',(3.471445945222,0.112811486906));
#696 = CARTESIAN_POINT('',(3.438180744146,0.108087599278));
#697 = CARTESIAN_POINT('',(3.404736295648,0.103914123372));
#698 = CARTESIAN_POINT('',(3.324468096614,9.528959778517E-02));
#699 = CARTESIAN_POINT('',(3.277490753577,9.136088207937E-02));
#700 = CARTESIAN_POINT('',(3.230274579277,8.855352044716E-02));
#701 = CARTESIAN_POINT('',(3.182872037945,8.687873165068E-02));
#702 = CARTESIAN_POINT('',(3.135337265658,8.632962640988E-02));
#703 = CARTESIAN_POINT('',(3.066815807152,8.712093200916E-02));
#704 = CARTESIAN_POINT('',(3.045877694419,8.757495279387E-02));
#705 = CARTESIAN_POINT('',(3.024931030997,8.823912918271E-02));
#706 = CARTESIAN_POINT('',(3.003980218915,8.911059358268E-02));
#707 = CARTESIAN_POINT('',(2.983029389704,9.0185915971E-02));
#708 = CARTESIAN_POINT('',(2.928503291567,9.350554690545E-02));
#709 = CARTESIAN_POINT('',(2.894933913714,9.606378223059E-02));
#710 = CARTESIAN_POINT('',(2.861391098816,9.911976169195E-02));
#711 = CARTESIAN_POINT('',(2.827887989022,0.102654448152));
#712 = CARTESIAN_POINT('',(2.794435318333,0.106646837207));
#713 = CARTESIAN_POINT('',(2.698443733147,0.119375808438));
#714 = CARTESIAN_POINT('',(2.636059714983,0.129207147879));
#715 = CARTESIAN_POINT('',(2.573938203601,0.140424739628));
#716 = CARTESIAN_POINT('',(2.512095539924,0.152875209892));
#717 = CARTESIAN_POINT('',(2.450533396968,0.166411795984));
#718 = CARTESIAN_POINT('',(2.389219487607,0.180904522613));
#719 = ( GEOMETRIC_REPRESENTATION_CONTEXT(2) 
PARAMETRIC_REPRESENTATION_CONTEXT() REPRESENTATION_CONTEXT('2D SPACE',''
  ) );
#720 = ORIENTED_EDGE('',*,*,#721,.F.);
#721 = EDGE_CURVE('',#722,#566,#724,.T.);
#722 = VERTEX_POINT('',#723);
#723 = CARTESIAN_POINT('',(9.8,-11.14285714285,54.1));
#724 = SURFACE_CURVE('',#725,(#729,#735),.PCURVE_S1.);
#725 = LINE('',#726,#727);
#726 = CARTESIAN_POINT('',(15.9,-11.14285714285,54.1));
#727 = VECTOR('',#728,1.);
#728 = DIRECTION('',(1.,0.,0.));
#729 = PCURVE('',#404,#730);
#730 = DEFINITIONAL_REPRESENTATION('',(#731),#734);
#731 = B_SPLINE_CURVE_WITH_KNOTS('',1,(#732,#733),.UNSPECIFIED.,.F.,.F.,
  (2,2),(-6.1,10.1),.PIECEWISE_BEZIER_KNOTS.);
#732 = CARTESIAN_POINT('',(51.763214816733,-9.8));
#733 = CARTESIAN_POINT('',(51.763214816733,-26.));
#734 = ( GEOMETRIC_REPRESENTATION_CONTEXT(2) 
PARAMETRIC_REPRESENTATION_CONTEXT() REPRESENTATION_CONTEXT('2D SPACE',''
  ) );
#735 = PCURVE('',#736,#741);
#736 = PLANE('',#737);
#737 = AXIS2_PLACEMENT_3D('',#738,#739,#740);
#738 = CARTESIAN_POINT('',(31.8,-13.3,54.1));
#739 = DIRECTION('',(0.,-0.,1.));
#740 = DIRECTION('',(1.,0.,0.));
#741 = DEFINITIONAL_REPRESENTATION('',(#742),#745);
#742 = B_SPLINE_CURVE_WITH_KNOTS('',1,(#743,#744),.UNSPECIFIED.,.F.,.F.,
  (2,2),(-6.1,10.1),.PIECEWISE_BEZIER_KNOTS.);
#743 = CARTESIAN_POINT('',(-22.,2.157142857143));
#744 = CARTESIAN_POINT('',(-5.8,2.157142857143));
#745 = ( GEOMETRIC_REPRESENTATION_CONTEXT(2) 
PARAMETRIC_REPRESENTATION_CONTEXT() REPRESENTATION_CONTEXT('2D SPACE',''
  ) );
#746 = ORIENTED_EDGE('',*,*,#747,.F.);
#747 = EDGE_CURVE('',#748,#722,#750,.T.);
#748 = VERTEX_POINT('',#749);
#749 = CARTESIAN_POINT('',(9.86014019436,-13.36976262545,53.32058308109)
  );
#750 = SURFACE_CURVE('',#751,(#757,#766),.PCURVE_S1.);
#751 = B_SPLINE_CURVE_WITH_KNOTS('',4,(#752,#753,#754,#755,#756),
  .UNSPECIFIED.,.F.,.F.,(5,5),(0.,1.),.PIECEWISE_BEZIER_KNOTS.);
#752 = CARTESIAN_POINT('',(9.86014019436,-13.36976262545,53.32058308109)
  );
#753 = CARTESIAN_POINT('',(9.845033159518,-12.81037070673,
    53.516370252642));
#754 = CARTESIAN_POINT('',(9.829974016305,-12.25275214661,
    53.711536748686));
#755 = CARTESIAN_POINT('',(9.814962917098,-11.69691258738,
    53.906080594415));
#756 = CARTESIAN_POINT('',(9.8,-11.14285714285,54.1));
#757 = PCURVE('',#404,#758);
#758 = DEFINITIONAL_REPRESENTATION('',(#759),#765);
#759 = B_SPLINE_CURVE_WITH_KNOTS('',4,(#760,#761,#762,#763,#764),
  .UNSPECIFIED.,.F.,.F.,(5,5),(0.,1.),.PIECEWISE_BEZIER_KNOTS.);
#760 = CARTESIAN_POINT('',(49.403850757941,-9.86014019436));
#761 = CARTESIAN_POINT('',(49.996515870187,-9.845033159518));
#762 = CARTESIAN_POINT('',(50.587302142687,-9.829974016305));
#763 = CARTESIAN_POINT('',(51.176203597528,-9.814962917098));
#764 = CARTESIAN_POINT('',(51.763214816733,-9.8));
#765 = ( GEOMETRIC_REPRESENTATION_CONTEXT(2) 
PARAMETRIC_REPRESENTATION_CONTEXT() REPRESENTATION_CONTEXT('2D SPACE',''
  ) );
#766 = PCURVE('',#767,#772);
#767 = B_SPLINE_SURFACE_WITH_KNOTS('',1,1,(
    (#768,#769)
    ,(#770,#771
    )),.UNSPECIFIED.,.F.,.F.,.F.,(2,2),(2,2),(1.,28.5),(0.,1.),
  .PIECEWISE_BEZIER_KNOTS.);
#768 = CARTESIAN_POINT('',(11.05,12.75,37.9));
#769 = CARTESIAN_POINT('',(9.8,9.9,54.1));
#770 = CARTESIAN_POINT('',(11.05,-14.75,37.9));
#771 = CARTESIAN_POINT('',(9.8,-13.3,54.1));
#772 = DEFINITIONAL_REPRESENTATION('',(#773),#779);
#773 = B_SPLINE_CURVE_WITH_KNOTS('',4,(#774,#775,#776,#777,#778),
  .UNSPECIFIED.,.F.,.F.,(5,5),(0.,1.),.PIECEWISE_BEZIER_KNOTS.);
#774 = CARTESIAN_POINT('',(28.5,0.951887844512));
#775 = CARTESIAN_POINT('',(27.863376840095,0.963973472385));
#776 = CARTESIAN_POINT('',(27.225002707483,0.976020786956));
#777 = CARTESIAN_POINT('',(26.584887584407,0.988029666322));
#778 = CARTESIAN_POINT('',(25.943041871921,1.));
#779 = ( GEOMETRIC_REPRESENTATION_CONTEXT(2) 
PARAMETRIC_REPRESENTATION_CONTEXT() REPRESENTATION_CONTEXT('2D SPACE',''
  ) );
#780 = ORIENTED_EDGE('',*,*,#781,.F.);
#781 = EDGE_CURVE('',#421,#748,#782,.T.);
#782 = SURFACE_CURVE('',#783,(#806,#832),.PCURVE_S1.);
#783 = B_SPLINE_CURVE_WITH_KNOTS('',6,(#784,#785,#786,#787,#788,#789,
    #790,#791,#792,#793,#794,#795,#796,#797,#798,#799,#800,#801,#802,
    #803,#804,#805),.UNSPECIFIED.,.F.,.F.,(7,5,5,5,7),(0.,0.408335753691
    ,0.664418309088,0.924962988029,1.),.UNSPECIFIED.);
#784 = CARTESIAN_POINT('',(10.82257361426,-14.35764717801,
    52.974823487696));
#785 = CARTESIAN_POINT('',(10.719255861038,-14.35585762182,
    52.975449832361));
#786 = CARTESIAN_POINT('',(10.616008340448,-14.34022946705,
    52.980919686529));
#787 = CARTESIAN_POINT('',(10.515258687796,-14.31086594462,
    52.991196919381));
#788 = CARTESIAN_POINT('',(10.419200392259,-14.26857282741,
    53.005999510404));
#789 = CARTESIAN_POINT('',(10.329711666311,-14.21455315913,
    53.024906394303));
#790 = CARTESIAN_POINT('',(10.197277042799,-14.11010371524,
    53.061463699664));
#791 = CARTESIAN_POINT('',(10.149402990539,-14.06583321562,
    53.076958374533));
#792 = CARTESIAN_POINT('',(10.105061203299,-14.01791542765,
    53.093729600322));
#793 = CARTESIAN_POINT('',(10.064552027288,-13.96674649302,
    53.111638727442));
#794 = CARTESIAN_POINT('',(10.028120680267,-13.91274121939,
    53.13054057321));
#795 = CARTESIAN_POINT('',(9.963248321538,-13.79891874489,
    53.170378439287));
#796 = CARTESIAN_POINT('',(9.934957529368,-13.73901659847,
    53.191344190534));
#797 = CARTESIAN_POINT('',(9.911298393413,-13.67705806283,
    53.213029678006));
#798 = CARTESIAN_POINT('',(9.89242811126,-13.6134951498,53.235276697569)
  );
#799 = CARTESIAN_POINT('',(9.878459334106,-13.54878606649,
    53.257924876728));
#800 = CARTESIAN_POINT('',(9.866874033832,-13.46455895544,
    53.287404365593));
#801 = CARTESIAN_POINT('',(9.864696090973,-13.4456687925,53.294015922624
    ));
#802 = CARTESIAN_POINT('',(9.862932437052,-13.42673294546,
    53.300643469087));
#803 = CARTESIAN_POINT('',(9.861584513098,-13.40776252252,
    53.307283117117));
#804 = CARTESIAN_POINT('',(9.860653475171,-13.38876868062,
    53.313930961783));
#805 = CARTESIAN_POINT('',(9.86014019436,-13.36976262545,53.32058308109)
  );
#806 = PCURVE('',#404,#807);
#807 = DEFINITIONAL_REPRESENTATION('',(#808),#831);
#808 = B_SPLINE_CURVE_WITH_KNOTS('',6,(#809,#810,#811,#812,#813,#814,
    #815,#816,#817,#818,#819,#820,#821,#822,#823,#824,#825,#826,#827,
    #828,#829,#830),.UNSPECIFIED.,.F.,.F.,(7,5,5,5,7),(0.,0.408335753691
    ,0.664418309088,0.924962988029,1.),.UNSPECIFIED.);
#809 = CARTESIAN_POINT('',(48.357205839356,-10.82257361426));
#810 = CARTESIAN_POINT('',(48.359101840143,-10.71925586103));
#811 = CARTESIAN_POINT('',(48.375659573262,-10.61600834044));
#812 = CARTESIAN_POINT('',(48.406769667519,-10.51525868779));
#813 = CARTESIAN_POINT('',(48.451578421846,-10.41920039225));
#814 = CARTESIAN_POINT('',(48.508811234291,-10.32971166631));
#815 = CARTESIAN_POINT('',(48.619473436075,-10.19727704279));
#816 = CARTESIAN_POINT('',(48.66637718951,-10.14940299053));
#817 = CARTESIAN_POINT('',(48.717145175667,-10.10506120329));
#818 = CARTESIAN_POINT('',(48.771357689952,-10.06455202728));
#819 = CARTESIAN_POINT('',(48.828575251527,-10.02812068026));
#820 = CARTESIAN_POINT('',(48.949168001208,-9.963248321538));
#821 = CARTESIAN_POINT('',(49.012633187502,-9.934957529368));
#822 = CARTESIAN_POINT('',(49.078277079106,-9.911298393413));
#823 = CARTESIAN_POINT('',(49.145620778092,-9.89242811126));
#824 = CARTESIAN_POINT('',(49.214178822714,-9.878459334106));
#825 = CARTESIAN_POINT('',(49.303415846969,-9.866874033832));
#826 = CARTESIAN_POINT('',(49.323429615793,-9.864696090973));
#827 = CARTESIAN_POINT('',(49.343491786042,-9.862932437052));
#828 = CARTESIAN_POINT('',(49.363590588806,-9.861584513098));
#829 = CARTESIAN_POINT('',(49.383714203516,-9.860653475171));
#830 = CARTESIAN_POINT('',(49.403850757941,-9.86014019436));
#831 = ( GEOMETRIC_REPRESENTATION_CONTEXT(2) 
PARAMETRIC_REPRESENTATION_CONTEXT() REPRESENTATION_CONTEXT('2D SPACE',''
  ) );
#832 = PCURVE('',#435,#833);
#833 = DEFINITIONAL_REPRESENTATION('',(#834),#857);
#834 = B_SPLINE_CURVE_WITH_KNOTS('',6,(#835,#836,#837,#838,#839,#840,
    #841,#842,#843,#844,#845,#846,#847,#848,#849,#850,#851,#852,#853,
    #854,#855,#856),.UNSPECIFIED.,.F.,.F.,(7,5,5,5,7),(0.,0.408335753691
    ,0.664418309088,0.924962988029,1.),.UNSPECIFIED.);
#835 = CARTESIAN_POINT('',(4.712388980385,0.930544659734));
#836 = CARTESIAN_POINT('',(4.602149010987,0.930583322985));
#837 = CARTESIAN_POINT('',(4.492036461482,0.930920968304));
#838 = CARTESIAN_POINT('',(4.382385112568,0.931555365394));
#839 = CARTESIAN_POINT('',(4.273324662377,0.93246910558));
#840 = CARTESIAN_POINT('',(4.164949713794,0.933636197179));
#841 = CARTESIAN_POINT('',(3.989897837716,0.935892820967));
#842 = CARTESIAN_POINT('',(3.92272027747,0.936849282379));
#843 = CARTESIAN_POINT('',(3.855838634513,0.93788454323));
#844 = CARTESIAN_POINT('',(3.789242254755,0.938990044904));
#845 = CARTESIAN_POINT('',(3.722909871132,0.940156825507));
#846 = CARTESIAN_POINT('',(3.589566402668,0.942615953042));
#847 = CARTESIAN_POINT('',(3.522563377086,0.943910135218));
#848 = CARTESIAN_POINT('',(3.4557723783,0.945248745556));
#849 = CARTESIAN_POINT('',(3.389154667078,0.946622018368));
#850 = CARTESIAN_POINT('',(3.322666604388,0.948020054119));
#851 = CARTESIAN_POINT('',(3.237136101961,0.949839775654));
#852 = CARTESIAN_POINT('',(3.218018111225,0.950247896458));
#853 = CARTESIAN_POINT('',(3.198905884373,0.950657004265));
#854 = CARTESIAN_POINT('',(3.179798310235,0.951066859081));
#855 = CARTESIAN_POINT('',(3.160694273276,0.951477219863));
#856 = CARTESIAN_POINT('',(3.14159265359,0.951887844512));
#857 = ( GEOMETRIC_REPRESENTATION_CONTEXT(2) 
PARAMETRIC_REPRESENTATION_CONTEXT() REPRESENTATION_CONTEXT('2D SPACE',''
  ) );
#858 = ORIENTED_EDGE('',*,*,#481,.F.);
#859 = ADVANCED_FACE('',(#860),#378,.T.);
#860 = FACE_BOUND('',#861,.T.);
#861 = EDGE_LOOP('',(#862,#863,#898,#995,#1020,#1117,#1143,#1169,#1297,
    #1316));
#862 = ORIENTED_EDGE('',*,*,#358,.F.);
#863 = ORIENTED_EDGE('',*,*,#864,.F.);
#864 = EDGE_CURVE('',#865,#320,#867,.T.);
#865 = VERTEX_POINT('',#866);
#866 = CARTESIAN_POINT('',(32.184120471153,-14.41089280785,
    51.935557835096));
#867 = SURFACE_CURVE('',#868,(#876,#887),.PCURVE_S1.);
#868 = B_SPLINE_CURVE_WITH_KNOTS('',6,(#869,#870,#871,#872,#873,#874,
    #875),.UNSPECIFIED.,.F.,.F.,(7,7),(0.,1.),.PIECEWISE_BEZIER_KNOTS.);
#869 = CARTESIAN_POINT('',(32.184120471153,-14.41089280785,
    51.935557835096));
#870 = CARTESIAN_POINT('',(31.977493945031,-14.43228662069,
    52.007877119239));
#871 = CARTESIAN_POINT('',(31.766729172154,-14.44860452581,
    52.081644789746));
#872 = CARTESIAN_POINT('',(31.553049304261,-14.45868223535,
    52.156432743509));
#873 = CARTESIAN_POINT('',(31.337696460564,-14.46244139945,
    52.231806238802));
#874 = CARTESIAN_POINT('',(31.12166163912,-14.46044711616,
    52.307418426308));
#875 = CARTESIAN_POINT('',(30.905674240522,-14.45368084426,
    52.383014015817));
#876 = PCURVE('',#378,#877);
#877 = DEFINITIONAL_REPRESENTATION('',(#878),#886);
#878 = B_SPLINE_CURVE_WITH_KNOTS('',6,(#879,#880,#881,#882,#883,#884,
    #885),.UNSPECIFIED.,.F.,.F.,(7,7),(0.,1.),.PIECEWISE_BEZIER_KNOTS.);
#879 = CARTESIAN_POINT('',(108.26213465395,-14.41089280785));
#880 = CARTESIAN_POINT('',(108.04321777439,-14.43228662069));
#881 = CARTESIAN_POINT('',(107.81991650099,-14.44860452581));
#882 = CARTESIAN_POINT('',(107.59352673981,-14.45868223535));
#883 = CARTESIAN_POINT('',(107.36536449253,-14.46244139945));
#884 = CARTESIAN_POINT('',(107.13647970279,-14.46044711616));
#885 = CARTESIAN_POINT('',(106.90764515665,-14.45368084426));
#886 = ( GEOMETRIC_REPRESENTATION_CONTEXT(2) 
PARAMETRIC_REPRESENTATION_CONTEXT() REPRESENTATION_CONTEXT('2D SPACE',''
  ) );
#887 = PCURVE('',#334,#888);
#888 = DEFINITIONAL_REPRESENTATION('',(#889),#897);
#889 = B_SPLINE_CURVE_WITH_KNOTS('',6,(#890,#891,#892,#893,#894,#895,
    #896),.UNSPECIFIED.,.F.,.F.,(7,7),(0.,1.),.PIECEWISE_BEZIER_KNOTS.);
#890 = CARTESIAN_POINT('',(22.,0.866392458957));
#891 = CARTESIAN_POINT('',(21.788223717454,0.870856612299));
#892 = CARTESIAN_POINT('',(21.580468066782,0.875410172207));
#893 = CARTESIAN_POINT('',(21.375661256119,0.880026712562));
#894 = CARTESIAN_POINT('',(21.172649585748,0.884679397457));
#895 = CARTESIAN_POINT('',(20.970493956198,0.889346816439));
#896 = CARTESIAN_POINT('',(20.768474576271,0.894013210853));
#897 = ( GEOMETRIC_REPRESENTATION_CONTEXT(2) 
PARAMETRIC_REPRESENTATION_CONTEXT() REPRESENTATION_CONTEXT('2D SPACE',''
  ) );
#898 = ORIENTED_EDGE('',*,*,#899,.F.);
#899 = EDGE_CURVE('',#900,#865,#902,.T.);
#900 = VERTEX_POINT('',#901);
#901 = CARTESIAN_POINT('',(33.099081681972,-13.52239407121,
    51.61532141131));
#902 = SURFACE_CURVE('',#903,(#926,#952),.PCURVE_S1.);
#903 = B_SPLINE_CURVE_WITH_KNOTS('',6,(#904,#905,#906,#907,#908,#909,
    #910,#911,#912,#913,#914,#915,#916,#917,#918,#919,#920,#921,#922,
    #923,#924,#925),.UNSPECIFIED.,.F.,.F.,(7,5,5,5,7),(0.,
    9.152020661173E-02,0.324725955261,0.560123752917,1.),.UNSPECIFIED.);
#904 = CARTESIAN_POINT('',(33.099081681972,-13.52239407121,
    51.61532141131));
#905 = CARTESIAN_POINT('',(33.099081681972,-13.5440666599,51.61532141131
    ));
#906 = CARTESIAN_POINT('',(33.098438053209,-13.56572797967,
    51.615546681377));
#907 = CARTESIAN_POINT('',(33.097149809051,-13.58735416066,
    51.615997566832));
#908 = CARTESIAN_POINT('',(33.095217459072,-13.6089213936,
    51.616673889325));
#909 = CARTESIAN_POINT('',(33.092643009052,-13.63040592977,
    51.617574946832));
#910 = CARTESIAN_POINT('',(33.081242683985,-13.70625847486,
    51.621565060605));
#911 = CARTESIAN_POINT('',(33.068908461705,-13.76004524474,
    51.625882038403));
#912 = CARTESIAN_POINT('',(33.052485915035,-13.81274761186,
    51.631629929738));
#913 = CARTESIAN_POINT('',(33.032096607844,-13.86399046791,
    51.638766187255));
#914 = CARTESIAN_POINT('',(33.007917669028,-13.91342629827,
    51.64722881584));
#915 = CARTESIAN_POINT('',(32.952170383637,-14.00850065426,
    51.666740365727));
#916 = CARTESIAN_POINT('',(32.920532392819,-14.05410301262,
    51.677813662513));
#917 = CARTESIAN_POINT('',(32.885490559067,-14.09722749768,
    51.690078304327));
#918 = CARTESIAN_POINT('',(32.847314557907,-14.13760168631,
    51.703439904733));
#919 = CARTESIAN_POINT('',(32.806301779935,-14.17499848833,
    51.717794377023));
#920 = CARTESIAN_POINT('',(32.681411365889,-14.27320597304,
    51.761506021939));
#921 = CARTESIAN_POINT('',(32.591248979216,-14.32613449127,
    51.793062857275));
#922 = CARTESIAN_POINT('',(32.494304531858,-14.36683662872,
    51.82699341385));
#923 = CARTESIAN_POINT('',(32.392731319782,-14.39466734619,
    51.862544038076));
#924 = CARTESIAN_POINT('',(32.288643148539,-14.40934690972,
    51.898974898011));
#925 = CARTESIAN_POINT('',(32.184120471153,-14.41089280785,
    51.935557835096));
#926 = PCURVE('',#378,#927);
#927 = DEFINITIONAL_REPRESENTATION('',(#928),#951);
#928 = B_SPLINE_CURVE_WITH_KNOTS('',6,(#929,#930,#931,#932,#933,#934,
    #935,#936,#937,#938,#939,#940,#941,#942,#943,#944,#945,#946,#947,
    #948,#949,#950),.UNSPECIFIED.,.F.,.F.,(7,5,5,5,7),(0.,
    9.152020661173E-02,0.324725955261,0.560123752917,1.),.UNSPECIFIED.);
#929 = CARTESIAN_POINT('',(109.23151867714,-13.52239407121));
#930 = CARTESIAN_POINT('',(109.23151867714,-13.5440666599));
#931 = CARTESIAN_POINT('',(109.23083676469,-13.56572797967));
#932 = CARTESIAN_POINT('',(109.22947189447,-13.58735416066));
#933 = CARTESIAN_POINT('',(109.22742460638,-13.6089213936));
#934 = CARTESIAN_POINT('',(109.22469702548,-13.63040592977));
#935 = CARTESIAN_POINT('',(109.21261859762,-13.70625847486));
#936 = CARTESIAN_POINT('',(109.19955072341,-13.76004524474));
#937 = CARTESIAN_POINT('',(109.18215134715,-13.81274761186));
#938 = CARTESIAN_POINT('',(109.16054926348,-13.86399046791));
#939 = CARTESIAN_POINT('',(109.13493213708,-13.91342629827));
#940 = CARTESIAN_POINT('',(109.07586894713,-14.00850065426));
#941 = CARTESIAN_POINT('',(109.04234909682,-14.05410301262));
#942 = CARTESIAN_POINT('',(109.00522293958,-14.09722749768));
#943 = CARTESIAN_POINT('',(108.9647761915,-14.13760168631));
#944 = CARTESIAN_POINT('',(108.92132393228,-14.17499848833));
#945 = CARTESIAN_POINT('',(108.78900491089,-14.27320597304));
#946 = CARTESIAN_POINT('',(108.69347957484,-14.32613449127));
#947 = CARTESIAN_POINT('',(108.59076877432,-14.36683662872));
#948 = CARTESIAN_POINT('',(108.48315388551,-14.39466734619));
#949 = CARTESIAN_POINT('',(108.37287444523,-14.40934690972));
#950 = CARTESIAN_POINT('',(108.26213465395,-14.41089280785));
#951 = ( GEOMETRIC_REPRESENTATION_CONTEXT(2) 
PARAMETRIC_REPRESENTATION_CONTEXT() REPRESENTATION_CONTEXT('2D SPACE',''
  ) );
#952 = PCURVE('',#953,#970);
#953 = B_SPLINE_SURFACE_WITH_KNOTS('',7,1,(
    (#954,#955)
    ,(#956,#957)
    ,(#958,#959)
    ,(#960,#961)
    ,(#962,#963)
    ,(#964,#965)
    ,(#966,#967)
    ,(#968,#969
    )),.UNSPECIFIED.,.F.,.F.,.F.,(8,8),(2,2),(4.712388980385,
    6.28318530718),(0.,1.),.PIECEWISE_BEZIER_KNOTS.);
#954 = CARTESIAN_POINT('',(34.674990948516,-15.12998913821,37.9));
#955 = CARTESIAN_POINT('',(31.8,-14.3,54.1));
#956 = CARTESIAN_POINT('',(34.696150076618,-15.07848239761,37.9));
#957 = CARTESIAN_POINT('',(32.024399475257,-14.3,54.100000000001));
#958 = CARTESIAN_POINT('',(34.713963167439,-15.02560108487,37.9));
#959 = CARTESIAN_POINT('',(32.248797864983,-14.24125111344,
    54.099999999999));
#960 = CARTESIAN_POINT('',(34.728322865919,-14.97160600489,37.9));
#961 = CARTESIAN_POINT('',(32.454746940824,-14.1237627222,
    54.100000000002));
#962 = CARTESIAN_POINT('',(34.739147670526,-14.91676851405,37.9));
#963 = CARTESIAN_POINT('',(32.623762722202,-13.95474694082,
    54.099999999999));
#964 = CARTESIAN_POINT('',(34.746382623316,-14.86136702436,37.9));
#965 = CARTESIAN_POINT('',(32.741251113449,-13.74879786498,
    54.100000000001));
#966 = CARTESIAN_POINT('',(34.75,-14.80568350769,37.9));
#967 = CARTESIAN_POINT('',(32.8,-13.52439947525,54.1));
#968 = CARTESIAN_POINT('',(34.75,-14.75,37.9));
#969 = CARTESIAN_POINT('',(32.8,-13.3,54.1));
#970 = DEFINITIONAL_REPRESENTATION('',(#971),#994);
#971 = B_SPLINE_CURVE_WITH_KNOTS('',6,(#972,#973,#974,#975,#976,#977,
    #978,#979,#980,#981,#982,#983,#984,#985,#986,#987,#988,#989,#990,
    #991,#992,#993),.UNSPECIFIED.,.F.,.F.,(7,5,5,5,7),(0.,
    9.152020661173E-02,0.324725955261,0.560123752917,1.),.UNSPECIFIED.);
#972 = CARTESIAN_POINT('',(6.28318530718,0.846624778476));
#973 = CARTESIAN_POINT('',(6.258687759374,0.846624778476));
#974 = CARTESIAN_POINT('',(6.234180177388,0.846638684036));
#975 = CARTESIAN_POINT('',(6.209665330491,0.846666516471));
#976 = CARTESIAN_POINT('',(6.18514602694,0.846708264773));
#977 = CARTESIAN_POINT('',(6.160625113985,0.846763885607));
#978 = CARTESIAN_POINT('',(6.073626159812,0.847010188926));
#979 = CARTESIAN_POINT('',(6.011151806013,0.847276669037));
#980 = CARTESIAN_POINT('',(5.948736919415,0.847631477144));
#981 = CARTESIAN_POINT('',(5.886423978544,0.848071986868));
#982 = CARTESIAN_POINT('',(5.824250480795,0.848594371348));
#983 = CARTESIAN_POINT('',(5.699678765016,0.849798788008));
#984 = CARTESIAN_POINT('',(5.637278874378,0.850482324847));
#985 = CARTESIAN_POINT('',(5.575092746294,0.851239401502));
#986 = CARTESIAN_POINT('',(5.513141016858,0.85206419165));
#987 = CARTESIAN_POINT('',(5.451434024982,0.852950270187));
#988 = CARTESIAN_POINT('',(5.275136184366,0.855648519873));
#989 = CARTESIAN_POINT('',(5.161173680921,0.857596472671));
#990 = CARTESIAN_POINT('',(5.048086377953,0.859690951472));
#991 = CARTESIAN_POINT('',(4.935729345318,0.861885434449));
#992 = CARTESIAN_POINT('',(4.823915035596,0.864134252964));
#993 = CARTESIAN_POINT('',(4.712388980385,0.866392458957));
#994 = ( GEOMETRIC_REPRESENTATION_CONTEXT(2) 
PARAMETRIC_REPRESENTATION_CONTEXT() REPRESENTATION_CONTEXT('2D SPACE',''
  ) );
#995 = ORIENTED_EDGE('',*,*,#996,.F.);
#996 = EDGE_CURVE('',#997,#900,#999,.T.);
#997 = VERTEX_POINT('',#998);
#998 = CARTESIAN_POINT('',(33.099081681972,10.337119381344,
    51.61532141131));
#999 = SURFACE_CURVE('',#1000,(#1003,#1009),.PCURVE_S1.);
#1000 = B_SPLINE_CURVE_WITH_KNOTS('',1,(#1001,#1002),.UNSPECIFIED.,.F.,
  .F.,(2,2),(0.,1.),.PIECEWISE_BEZIER_KNOTS.);
#1001 = CARTESIAN_POINT('',(33.099081681972,10.337119381344,
    51.61532141131));
#1002 = CARTESIAN_POINT('',(33.099081681972,-13.52239407121,
    51.61532141131));
#1003 = PCURVE('',#378,#1004);
#1004 = DEFINITIONAL_REPRESENTATION('',(#1005),#1008);
#1005 = B_SPLINE_CURVE_WITH_KNOTS('',1,(#1006,#1007),.UNSPECIFIED.,.F.,
  .F.,(2,2),(0.,1.),.PIECEWISE_BEZIER_KNOTS.);
#1006 = CARTESIAN_POINT('',(109.23151867714,10.337119381344));
#1007 = CARTESIAN_POINT('',(109.23151867714,-13.52239407121));
#1008 = ( GEOMETRIC_REPRESENTATION_CONTEXT(2) 
PARAMETRIC_REPRESENTATION_CONTEXT() REPRESENTATION_CONTEXT('2D SPACE',''
  ) );
#1009 = PCURVE('',#1010,#1015);
#1010 = B_SPLINE_SURFACE_WITH_KNOTS('',1,1,(
    (#1011,#1012)
    ,(#1013,#1014
    )),.UNSPECIFIED.,.F.,.F.,.F.,(2,2),(2,2),(1.,28.5),(0.,1.),
  .PIECEWISE_BEZIER_KNOTS.);
#1011 = CARTESIAN_POINT('',(34.75,-14.75,37.9));
#1012 = CARTESIAN_POINT('',(32.8,-13.3,54.1));
#1013 = CARTESIAN_POINT('',(34.75,12.75,37.9));
#1014 = CARTESIAN_POINT('',(32.8,9.9,54.1));
#1015 = DEFINITIONAL_REPRESENTATION('',(#1016),#1019);
#1016 = B_SPLINE_CURVE_WITH_KNOTS('',1,(#1017,#1018),.UNSPECIFIED.,.F.,
  .F.,(2,2),(0.,1.),.PIECEWISE_BEZIER_KNOTS.);
#1017 = CARTESIAN_POINT('',(28.5,0.846624778476));
#1018 = CARTESIAN_POINT('',(1.,0.846624778476));
#1019 = ( GEOMETRIC_REPRESENTATION_CONTEXT(2) 
PARAMETRIC_REPRESENTATION_CONTEXT() REPRESENTATION_CONTEXT('2D SPACE',''
  ) );
#1020 = ORIENTED_EDGE('',*,*,#1021,.F.);
#1021 = EDGE_CURVE('',#1022,#997,#1024,.T.);
#1022 = VERTEX_POINT('',#1023);
#1023 = CARTESIAN_POINT('',(33.087901928078,10.475957093534,
    51.619234325173));
#1024 = SURFACE_CURVE('',#1025,(#1048,#1074),.PCURVE_S1.);
#1025 = B_SPLINE_CURVE_WITH_KNOTS('',6,(#1026,#1027,#1028,#1029,#1030,
    #1031,#1032,#1033,#1034,#1035,#1036,#1037,#1038,#1039,#1040,#1041,
    #1042,#1043,#1044,#1045,#1046,#1047),.UNSPECIFIED.,.F.,.F.,(7,5,5,5,
    7),(0.,0.378496818315,0.532390658449,0.833433330056,1.),
  .UNSPECIFIED.);
#1026 = CARTESIAN_POINT('',(32.184120471153,11.197943365311,
    51.935557835096));
#1027 = CARTESIAN_POINT('',(32.27368939379,11.199327817788,
    51.904208712173));
#1028 = CARTESIAN_POINT('',(32.363067251561,11.191060067188,
    51.872926461954));
#1029 = CARTESIAN_POINT('',(32.450942835247,11.173037856715,
    51.842170007663));
#1030 = CARTESIAN_POINT('',(32.535957161128,11.145317986169,
    51.812414993605));
#1031 = CARTESIAN_POINT('',(32.616703743752,11.108166358881,
    51.784153689687));
#1032 = CARTESIAN_POINT('',(32.722347094524,11.043452099782,
    51.747178516917));
#1033 = CARTESIAN_POINT('',(32.75195145102,11.02328197744,
    51.736816992143));
#1034 = CARTESIAN_POINT('',(32.780530050064,11.001687332984,
    51.726814482478));
#1035 = CARTESIAN_POINT('',(32.807991885863,10.978715616763,
    51.717202839948));
#1036 = CARTESIAN_POINT('',(32.834249013448,10.954423335423,
    51.708012845293));
#1037 = CARTESIAN_POINT('',(32.908061507722,10.878903505729,
    51.682178472297));
#1038 = CARTESIAN_POINT('',(32.951983996908,10.824121799122,
    51.666805601082));
#1039 = CARTESIAN_POINT('',(32.990345427648,10.765040450263,
    51.653379100323));
#1040 = CARTESIAN_POINT('',(33.022605858313,10.702291590989,
    51.64208794959));
#1041 = CARTESIAN_POINT('',(33.048361396747,10.636617908476,
    51.633073511139));
#1042 = CARTESIAN_POINT('',(33.077903266022,10.531369301351,
    51.622733856892));
#1043 = CARTESIAN_POINT('',(33.086365078144,10.493237221303,
    51.61977222265));
#1044 = CARTESIAN_POINT('',(33.092726860414,10.45460318832,
    51.617545598855));
#1045 = CARTESIAN_POINT('',(33.096967257112,10.415609782219,
    51.616061460011));
#1046 = CARTESIAN_POINT('',(33.099081681972,10.376400777543,
    51.61532141131));
#1047 = CARTESIAN_POINT('',(33.099081681972,10.337119381344,
    51.61532141131));
#1048 = PCURVE('',#378,#1049);
#1049 = DEFINITIONAL_REPRESENTATION('',(#1050),#1073);
#1050 = B_SPLINE_CURVE_WITH_KNOTS('',6,(#1051,#1052,#1053,#1054,#1055,
    #1056,#1057,#1058,#1059,#1060,#1061,#1062,#1063,#1064,#1065,#1066,
    #1067,#1068,#1069,#1070,#1071,#1072),.UNSPECIFIED.,.F.,.F.,(7,5,5,5,
    7),(0.,0.378496818315,0.532390658449,0.833433330056,1.),
  .UNSPECIFIED.);
#1051 = CARTESIAN_POINT('',(108.26213465395,11.197943365311));
#1052 = CARTESIAN_POINT('',(108.35703122612,11.199327817788));
#1053 = CARTESIAN_POINT('',(108.4517253687,11.191060067188));
#1054 = CARTESIAN_POINT('',(108.54482788042,11.173037856715));
#1055 = CARTESIAN_POINT('',(108.63489894384,11.145317986169));
#1056 = CARTESIAN_POINT('',(108.72044841435,11.108166358881));
#1057 = CARTESIAN_POINT('',(108.8323755378,11.043452099782));
#1058 = CARTESIAN_POINT('',(108.86374079118,11.02328197744));
#1059 = CARTESIAN_POINT('',(108.89401927401,11.001687332984));
#1060 = CARTESIAN_POINT('',(108.92311456741,10.978715616763));
#1061 = CARTESIAN_POINT('',(108.95093349533,10.954423335423));
#1062 = CARTESIAN_POINT('',(109.02913643094,10.878903505729));
#1063 = CARTESIAN_POINT('',(109.07567147393,10.824121799122));
#1064 = CARTESIAN_POINT('',(109.11631468113,10.765040450263));
#1065 = CARTESIAN_POINT('',(109.15049399463,10.702291590989));
#1066 = CARTESIAN_POINT('',(109.17778149837,10.636617908476));
#1067 = CARTESIAN_POINT('',(109.20908054772,10.531369301351));
#1068 = CARTESIAN_POINT('',(109.21804567693,10.493237221303));
#1069 = CARTESIAN_POINT('',(109.22478586441,10.45460318832));
#1070 = CARTESIAN_POINT('',(109.22927848416,10.415609782219));
#1071 = CARTESIAN_POINT('',(109.23151867714,10.376400777543));
#1072 = CARTESIAN_POINT('',(109.23151867714,10.337119381344));
#1073 = ( GEOMETRIC_REPRESENTATION_CONTEXT(2) 
PARAMETRIC_REPRESENTATION_CONTEXT() REPRESENTATION_CONTEXT('2D SPACE',''
  ) );
#1074 = PCURVE('',#1075,#1092);
#1075 = B_SPLINE_SURFACE_WITH_KNOTS('',7,1,(
    (#1076,#1077)
    ,(#1078,#1079)
    ,(#1080,#1081)
    ,(#1082,#1083)
    ,(#1084,#1085)
    ,(#1086,#1087)
    ,(#1088,#1089)
    ,(#1090,#1091
    )),.UNSPECIFIED.,.F.,.F.,.F.,(8,8),(2,2),(0.,1.570796326795),(0.,1.)
  ,.PIECEWISE_BEZIER_KNOTS.);
#1076 = CARTESIAN_POINT('',(34.75,12.75,37.9));
#1077 = CARTESIAN_POINT('',(32.8,9.9,54.1));
#1078 = CARTESIAN_POINT('',(34.75,12.805683507695,37.9));
#1079 = CARTESIAN_POINT('',(32.8,10.124399475256,54.1));
#1080 = CARTESIAN_POINT('',(34.746382623316,12.861367024361,37.9));
#1081 = CARTESIAN_POINT('',(32.741251113448,10.348797864983,
    54.099999999999));
#1082 = CARTESIAN_POINT('',(34.739147670526,12.916768514054,37.9));
#1083 = CARTESIAN_POINT('',(32.623762722202,10.554746940823,
    54.100000000001));
#1084 = CARTESIAN_POINT('',(34.728322865919,12.971606004897,37.9));
#1085 = CARTESIAN_POINT('',(32.454746940823,10.723762722202,
    54.099999999999));
#1086 = CARTESIAN_POINT('',(34.713963167439,13.025601084873,37.9));
#1087 = CARTESIAN_POINT('',(32.248797864984,10.841251113449,
    54.100000000001));
#1088 = CARTESIAN_POINT('',(34.696150076618,13.078482397619,37.9));
#1089 = CARTESIAN_POINT('',(32.024399475256,10.9,54.1));
#1090 = CARTESIAN_POINT('',(34.674990948516,13.129989138219,37.9));
#1091 = CARTESIAN_POINT('',(31.8,10.9,54.1));
#1092 = DEFINITIONAL_REPRESENTATION('',(#1093),#1116);
#1093 = B_SPLINE_CURVE_WITH_KNOTS('',6,(#1094,#1095,#1096,#1097,#1098,
    #1099,#1100,#1101,#1102,#1103,#1104,#1105,#1106,#1107,#1108,#1109,
    #1110,#1111,#1112,#1113,#1114,#1115),.UNSPECIFIED.,.F.,.F.,(7,5,5,5,
    7),(0.,0.378496818315,0.532390658449,0.833433330056,1.),
  .UNSPECIFIED.);
#1094 = CARTESIAN_POINT('',(1.570796326795,0.866392458957));
#1095 = CARTESIAN_POINT('',(1.475225979181,0.864457327912));
#1096 = CARTESIAN_POINT('',(1.379307230599,0.862526324812));
#1097 = CARTESIAN_POINT('',(1.282879792895,0.860627778251));
#1098 = CARTESIAN_POINT('',(1.185827419518,0.858791048988));
#1099 = CARTESIAN_POINT('',(1.088067168961,0.857046524055));
#1100 = CARTESIAN_POINT('',(0.949566315763,0.854764105983));
#1101 = CARTESIAN_POINT('',(0.909415215309,0.854124505688));
#1102 = CARTESIAN_POINT('',(0.869149298502,0.85350706682));
#1103 = CARTESIAN_POINT('',(0.828771047247,0.852913755552));
#1104 = CARTESIAN_POINT('',(0.788285110895,0.852346471932));
#1105 = CARTESIAN_POINT('',(0.66830550759,0.850751757549));
#1106 = CARTESIAN_POINT('',(0.588514233004,0.849802814882));
#1107 = CARTESIAN_POINT('',(0.508405630489,0.848974018538));
#1108 = CARTESIAN_POINT('',(0.428053639101,0.848277033925));
#1109 = CARTESIAN_POINT('',(0.347551101882,0.847720587107));
#1110 = CARTESIAN_POINT('',(0.222485854583,0.847082336845));
#1111 = CARTESIAN_POINT('',(0.177928393228,0.846899519917));
#1112 = CARTESIAN_POINT('',(0.133383274934,0.846762074003));
#1113 = CARTESIAN_POINT('',(8.886861178281E-02,0.846670460494));
#1114 = CARTESIAN_POINT('',(4.440161233128E-02,0.846624778476));
#1115 = CARTESIAN_POINT('',(0.,0.846624778476));
#1116 = ( GEOMETRIC_REPRESENTATION_CONTEXT(2) 
PARAMETRIC_REPRESENTATION_CONTEXT() REPRESENTATION_CONTEXT('2D SPACE',''
  ) );
#1117 = ORIENTED_EDGE('',*,*,#1118,.T.);
#1118 = EDGE_CURVE('',#1022,#1119,#1121,.T.);
#1119 = VERTEX_POINT('',#1120);
#1120 = CARTESIAN_POINT('',(26.,7.375,54.1));
#1121 = SURFACE_CURVE('',#1122,(#1126,#1132),.PCURVE_S1.);
#1122 = LINE('',#1123,#1124);
#1123 = CARTESIAN_POINT('',(-44.52562730407,-23.47996194553,
    78.783969556428));
#1124 = VECTOR('',#1125,1.);
#1125 = DIRECTION('',(-0.872404326602,-0.381676892888,0.305341514311));
#1126 = PCURVE('',#378,#1127);
#1127 = DEFINITIONAL_REPRESENTATION('',(#1128),#1131);
#1128 = B_SPLINE_CURVE_WITH_KNOTS('',1,(#1129,#1130),.UNSPECIFIED.,.F.,
  .F.,(2,2),(-88.97790464704,-80.8405290455),.PIECEWISE_BEZIER_KNOTS.);
#1129 = CARTESIAN_POINT('',(109.23151867714,10.480848235863));
#1130 = CARTESIAN_POINT('',(101.710176482,7.375));
#1131 = ( GEOMETRIC_REPRESENTATION_CONTEXT(2) 
PARAMETRIC_REPRESENTATION_CONTEXT() REPRESENTATION_CONTEXT('2D SPACE',''
  ) );
#1132 = PCURVE('',#1133,#1138);
#1133 = PLANE('',#1134);
#1134 = AXIS2_PLACEMENT_3D('',#1135,#1136,#1137);
#1135 = CARTESIAN_POINT('',(0.,-60.,108.));
#1136 = DIRECTION('',(-0.,0.624695047554,0.780868809443));
#1137 = DIRECTION('',(0.,0.780868809443,-0.624695047554));
#1138 = DEFINITIONAL_REPRESENTATION('',(#1139),#1142);
#1139 = B_SPLINE_CURVE_WITH_KNOTS('',1,(#1140,#1141),.UNSPECIFIED.,.F.,
  .F.,(2,2),(-88.97790464704,-80.8405290455),.PIECEWISE_BEZIER_KNOTS.);
#1140 = CARTESIAN_POINT('',(90.259525522776,-33.09908168197));
#1141 = CARTESIAN_POINT('',(86.282099099408,-26.));
#1142 = ( GEOMETRIC_REPRESENTATION_CONTEXT(2) 
PARAMETRIC_REPRESENTATION_CONTEXT() REPRESENTATION_CONTEXT('2D SPACE',''
  ) );
#1143 = ORIENTED_EDGE('',*,*,#1144,.F.);
#1144 = EDGE_CURVE('',#1145,#1119,#1147,.T.);
#1145 = VERTEX_POINT('',#1146);
#1146 = CARTESIAN_POINT('',(26.,4.04776546436,54.1));
#1147 = SURFACE_CURVE('',#1148,(#1152,#1158),.PCURVE_S1.);
#1148 = LINE('',#1149,#1150);
#1149 = CARTESIAN_POINT('',(26.,-6.65,54.1));
#1150 = VECTOR('',#1151,1.);
#1151 = DIRECTION('',(-0.,1.,0.));
#1152 = PCURVE('',#378,#1153);
#1153 = DEFINITIONAL_REPRESENTATION('',(#1154),#1157);
#1154 = B_SPLINE_CURVE_WITH_KNOTS('',1,(#1155,#1156),.UNSPECIFIED.,.F.,
  .F.,(2,2),(-7.65,17.55),.PIECEWISE_BEZIER_KNOTS.);
#1155 = CARTESIAN_POINT('',(101.710176482,-14.3));
#1156 = CARTESIAN_POINT('',(101.710176482,10.9));
#1157 = ( GEOMETRIC_REPRESENTATION_CONTEXT(2) 
PARAMETRIC_REPRESENTATION_CONTEXT() REPRESENTATION_CONTEXT('2D SPACE',''
  ) );
#1158 = PCURVE('',#1159,#1164);
#1159 = PLANE('',#1160);
#1160 = AXIS2_PLACEMENT_3D('',#1161,#1162,#1163);
#1161 = CARTESIAN_POINT('',(31.8,-13.3,54.1));
#1162 = DIRECTION('',(0.,-0.,1.));
#1163 = DIRECTION('',(1.,0.,0.));
#1164 = DEFINITIONAL_REPRESENTATION('',(#1165),#1168);
#1165 = B_SPLINE_CURVE_WITH_KNOTS('',1,(#1166,#1167),.UNSPECIFIED.,.F.,
  .F.,(2,2),(-7.65,17.55),.PIECEWISE_BEZIER_KNOTS.);
#1166 = CARTESIAN_POINT('',(-5.8,-1.));
#1167 = CARTESIAN_POINT('',(-5.8,24.2));
#1168 = ( GEOMETRIC_REPRESENTATION_CONTEXT(2) 
PARAMETRIC_REPRESENTATION_CONTEXT() REPRESENTATION_CONTEXT('2D SPACE',''
  ) );
#1169 = ORIENTED_EDGE('',*,*,#1170,.T.);
#1170 = EDGE_CURVE('',#1145,#1171,#1173,.T.);
#1171 = VERTEX_POINT('',#1172);
#1172 = CARTESIAN_POINT('',(26.,-9.698225375687,54.1));
#1173 = SURFACE_CURVE('',#1174,(#1213,#1255),.PCURVE_S1.);
#1174 = B_SPLINE_CURVE_WITH_KNOTS('',7,(#1175,#1176,#1177,#1178,#1179,
    #1180,#1181,#1182,#1183,#1184,#1185,#1186,#1187,#1188,#1189,#1190,
    #1191,#1192,#1193,#1194,#1195,#1196,#1197,#1198,#1199,#1200,#1201,
    #1202,#1203,#1204,#1205,#1206,#1207,#1208,#1209,#1210,#1211,#1212),
  .UNSPECIFIED.,.F.,.F.,(8,6,6,6,6,6,8),(0.,0.105894849417,
    0.170905411464,0.322218341891,0.543750496099,0.659070742501,1.),
  .UNSPECIFIED.);
#1175 = CARTESIAN_POINT('',(26.,4.04776546436,54.1));
#1176 = CARTESIAN_POINT('',(26.146893623098,3.880546391613,
    54.048587231916));
#1177 = CARTESIAN_POINT('',(26.289814666637,3.709413415568,
    53.998564866677));
#1178 = CARTESIAN_POINT('',(26.428610467745,3.53445462575,
    53.949986336289));
#1179 = CARTESIAN_POINT('',(26.563130117322,3.355767564587,
    53.902904458937));
#1180 = CARTESIAN_POINT('',(26.693225594094,3.173460166319,
    53.857371042067));
#1181 = CARTESIAN_POINT('',(26.818752898664,2.987651695918,
    53.813436485468));
#1182 = CARTESIAN_POINT('',(27.013746718483,2.682334246951,
    53.745188648531));
#1183 = CARTESIAN_POINT('',(27.086146407767,2.56492465232,
    53.719848757282));
#1184 = CARTESIAN_POINT('',(27.156740060879,2.446275214075,
    53.695140978692));
#1185 = CARTESIAN_POINT('',(27.225496558612,2.32641777607,
    53.671076204486));
#1186 = CARTESIAN_POINT('',(27.292385857077,2.205385716045,
    53.647664950023));
#1187 = CARTESIAN_POINT('',(27.357378987708,2.083213945626,
    53.624917354302));
#1188 = CARTESIAN_POINT('',(27.56724213861,1.673014659072,
    53.551465251487));
#1189 = CARTESIAN_POINT('',(27.703617101201,1.38010591358,53.50373401458
    ));
#1190 = CARTESIAN_POINT('',(27.829216681853,1.081683725354,
    53.459774161351));
#1191 = CARTESIAN_POINT('',(27.943730989107,0.778249473447,
    53.419694153813));
#1192 = CARTESIAN_POINT('',(28.046899567319,0.470335949212,
    53.383585151438));
#1193 = CARTESIAN_POINT('',(28.138514460767,0.158508441049,
    53.351519938732));
#1194 = CARTESIAN_POINT('',(28.335415079526,-0.618023856618,
    53.282604722166));
#1195 = CARTESIAN_POINT('',(28.427329320257,-1.086574651352,
    53.25043473791));
#1196 = CARTESIAN_POINT('',(28.493670360685,-1.560373797333,
    53.22721537376));
#1197 = CARTESIAN_POINT('',(28.534259922196,-2.037528474995,
    53.213009027232));
#1198 = CARTESIAN_POINT('',(28.549178328911,-2.516173228746,
    53.207787584881));
#1199 = CARTESIAN_POINT('',(28.538728058362,-2.994474628182,
    53.211445179573));
#1200 = CARTESIAN_POINT('',(28.485039514795,-3.71850112463,
    53.230236169822));
#1201 = CARTESIAN_POINT('',(28.459922223033,-3.965802978108,
    53.239027221938));
#1202 = CARTESIAN_POINT('',(28.4281376112,-4.212295228554,53.25015183608
    ));
#1203 = CARTESIAN_POINT('',(28.38976826947,-4.457743989724,
    53.263581105686));
#1204 = CARTESIAN_POINT('',(28.344907406873,-4.701924654787,
    53.279282407594));
#1205 = CARTESIAN_POINT('',(28.293656765726,-4.944621555424,
    53.297220131996));
#1206 = CARTESIAN_POINT('',(28.066038007849,-5.898130598694,
    53.376886697253));
#1207 = CARTESIAN_POINT('',(27.841085591624,-6.595705570624,
    53.455620042932));
#1208 = CARTESIAN_POINT('',(27.564056146738,-7.273229996478,
    53.552580348642));
#1209 = CARTESIAN_POINT('',(27.238151697021,-7.926173026072,
    53.666646906043));
#1210 = CARTESIAN_POINT('',(26.866677326397,-8.550433388118,
    53.796662935761));
#1211 = CARTESIAN_POINT('',(26.452925717862,-9.142274896658,
    53.941475998748));
#1212 = CARTESIAN_POINT('',(26.,-9.698225375687,54.1));
#1213 = PCURVE('',#378,#1214);
#1214 = DEFINITIONAL_REPRESENTATION('',(#1215),#1254);
#1215 = B_SPLINE_CURVE_WITH_KNOTS('',7,(#1216,#1217,#1218,#1219,#1220,
    #1221,#1222,#1223,#1224,#1225,#1226,#1227,#1228,#1229,#1230,#1231,
    #1232,#1233,#1234,#1235,#1236,#1237,#1238,#1239,#1240,#1241,#1242,
    #1243,#1244,#1245,#1246,#1247,#1248,#1249,#1250,#1251,#1252,#1253),
  .UNSPECIFIED.,.F.,.F.,(8,6,6,6,6,6,8),(0.,0.105894849417,
    0.170905411464,0.322218341891,0.543750496099,0.659070742501,1.),
  .UNSPECIFIED.);
#1216 = CARTESIAN_POINT('',(101.710176482,4.04776546436));
#1217 = CARTESIAN_POINT('',(101.86580748543,3.880546391613));
#1218 = CARTESIAN_POINT('',(102.01722961628,3.709413415568));
#1219 = CARTESIAN_POINT('',(102.16428113113,3.53445462575));
#1220 = CARTESIAN_POINT('',(102.30680214466,3.355767564587));
#1221 = CARTESIAN_POINT('',(102.44463583113,3.173460166319));
#1222 = CARTESIAN_POINT('',(102.57762962594,2.987651695918));
#1223 = CARTESIAN_POINT('',(102.78422187413,2.682334246951));
#1224 = CARTESIAN_POINT('',(102.8609279697,2.56492465232));
#1225 = CARTESIAN_POINT('',(102.93572060425,2.446275214075));
#1226 = CARTESIAN_POINT('',(103.00856680757,2.32641777607));
#1227 = CARTESIAN_POINT('',(103.07943474873,2.205385716045));
#1228 = CARTESIAN_POINT('',(103.14829373609,2.083213945626));
#1229 = CARTESIAN_POINT('',(103.37063975812,1.673014659072));
#1230 = CARTESIAN_POINT('',(103.51512644055,1.38010591358));
#1231 = CARTESIAN_POINT('',(103.64819681049,1.081683725354));
#1232 = CARTESIAN_POINT('',(103.76952254383,0.778249473447));
#1233 = CARTESIAN_POINT('',(103.87882769276,0.470335949212));
#1234 = CARTESIAN_POINT('',(103.97589193214,0.158508441049));
#1235 = CARTESIAN_POINT('',(104.18450439759,-0.618023856618));
#1236 = CARTESIAN_POINT('',(104.28188578974,-1.086574651352));
#1237 = CARTESIAN_POINT('',(104.35217286193,-1.560373797333));
#1238 = CARTESIAN_POINT('',(104.39517673135,-2.037528474995));
#1239 = CARTESIAN_POINT('',(104.41098249989,-2.516173228746));
#1240 = CARTESIAN_POINT('',(104.39991063675,-2.994474628182));
#1241 = CARTESIAN_POINT('',(104.34302864465,-3.71850112463));
#1242 = CARTESIAN_POINT('',(104.31641735113,-3.965802978108));
#1243 = CARTESIAN_POINT('',(104.28274215864,-4.212295228554));
#1244 = CARTESIAN_POINT('',(104.2420905699,-4.457743989724));
#1245 = CARTESIAN_POINT('',(104.19456133811,-4.701924654787));
#1246 = CARTESIAN_POINT('',(104.14026225732,-4.944621555424));
#1247 = CARTESIAN_POINT('',(103.89910450696,-5.898130598694));
#1248 = CARTESIAN_POINT('',(103.66077169494,-6.595705570624));
#1249 = CARTESIAN_POINT('',(103.36726426025,-7.273229996478));
#1250 = CARTESIAN_POINT('',(103.02197468633,-7.926173026072));
#1251 = CARTESIAN_POINT('',(102.6284046468,-8.550433388118));
#1252 = CARTESIAN_POINT('',(102.19004267676,-9.142274896658));
#1253 = CARTESIAN_POINT('',(101.710176482,-9.698225375687));
#1254 = ( GEOMETRIC_REPRESENTATION_CONTEXT(2) 
PARAMETRIC_REPRESENTATION_CONTEXT() REPRESENTATION_CONTEXT('2D SPACE',''
  ) );
#1255 = PCURVE('',#649,#1256);
#1256 = DEFINITIONAL_REPRESENTATION('',(#1257),#1296);
#1257 = B_SPLINE_CURVE_WITH_KNOTS('',7,(#1258,#1259,#1260,#1261,#1262,
    #1263,#1264,#1265,#1266,#1267,#1268,#1269,#1270,#1271,#1272,#1273,
    #1274,#1275,#1276,#1277,#1278,#1279,#1280,#1281,#1282,#1283,#1284,
    #1285,#1286,#1287,#1288,#1289,#1290,#1291,#1292,#1293,#1294,#1295),
  .UNSPECIFIED.,.F.,.F.,(8,6,6,6,6,6,8),(0.,0.105894849417,
    0.170905411464,0.322218341891,0.543750496099,0.659070742501,1.),
  .UNSPECIFIED.);
#1258 = CARTESIAN_POINT('',(5.305832336458,0.180904522613));
#1259 = CARTESIAN_POINT('',(5.287502835749,0.175737410243));
#1260 = CARTESIAN_POINT('',(5.269094837705,0.170710036852));
#1261 = CARTESIAN_POINT('',(5.250607166147,0.165827772491));
#1262 = CARTESIAN_POINT('',(5.232038892437,0.161095925521));
#1263 = CARTESIAN_POINT('',(5.213389404399,0.15651970272));
#1264 = CARTESIAN_POINT('',(5.194658475247,0.152104169394));
#1265 = CARTESIAN_POINT('',(5.164297253589,0.145245090305));
#1266 = CARTESIAN_POINT('',(5.152717547318,0.142698367566));
#1267 = CARTESIAN_POINT('',(5.141107253321,0.140215173738));
#1268 = CARTESIAN_POINT('',(5.129466458715,0.137796603466));
#1269 = CARTESIAN_POINT('',(5.117795298102,0.13544371357));
#1270 = CARTESIAN_POINT('',(5.106093953574,0.133157523045));
#1271 = CARTESIAN_POINT('',(5.067057903701,0.125775402159));
#1272 = CARTESIAN_POINT('',(5.039590146468,0.120978292923));
#1273 = CARTESIAN_POINT('',(5.011963452774,0.116560217221));
#1274 = CARTESIAN_POINT('',(4.984181883657,0.11253207576));
#1275 = CARTESIAN_POINT('',(4.956250072717,0.108903030295));
#1276 = CARTESIAN_POINT('',(4.92817380741,0.105680395852));
#1277 = CARTESIAN_POINT('',(4.858654620786,9.875424343378E-02));
#1278 = CARTESIAN_POINT('',(4.817050199131,9.552107918693E-02));
#1279 = CARTESIAN_POINT('',(4.77517406471,9.318747474976E-02));
#1280 = CARTESIAN_POINT('',(4.73304545634,9.17597012293E-02));
#1281 = CARTESIAN_POINT('',(4.690680188303,9.12349331539E-02));
#1282 = CARTESIAN_POINT('',(4.648093843826,9.160253061037E-02));
#1283 = CARTESIAN_POINT('',(4.583029582877,9.349107234388E-02));
#1284 = CARTESIAN_POINT('',(4.56069864021,9.437459516969E-02));
#1285 = CARTESIAN_POINT('',(4.538312821789,9.549264684223E-02));
#1286 = CARTESIAN_POINT('',(4.515873184867,9.684232217946E-02));
#1287 = CARTESIAN_POINT('',(4.493380361965,9.84203424718E-02));
#1288 = CARTESIAN_POINT('',(4.470834622616,0.100223128844));
#1289 = CARTESIAN_POINT('',(4.381425864981,0.108229818819));
#1290 = CARTESIAN_POINT('',(4.314167070858,0.116142717883));
#1291 = CARTESIAN_POINT('',(4.246438449064,0.125887472225));
#1292 = CARTESIAN_POINT('',(4.178198599777,0.137351447844));
#1293 = CARTESIAN_POINT('',(4.109397226575,0.150418385504));
#1294 = CARTESIAN_POINT('',(4.039973746551,0.164972462186));
#1295 = CARTESIAN_POINT('',(3.969847188177,0.180904522613));
#1296 = ( GEOMETRIC_REPRESENTATION_CONTEXT(2) 
PARAMETRIC_REPRESENTATION_CONTEXT() REPRESENTATION_CONTEXT('2D SPACE',''
  ) );
#1297 = ORIENTED_EDGE('',*,*,#1298,.F.);
#1298 = EDGE_CURVE('',#519,#1171,#1299,.T.);
#1299 = SURFACE_CURVE('',#1300,(#1304,#1310),.PCURVE_S1.);
#1300 = LINE('',#1301,#1302);
#1301 = CARTESIAN_POINT('',(26.,-6.65,54.1));
#1302 = VECTOR('',#1303,1.);
#1303 = DIRECTION('',(-0.,1.,0.));
#1304 = PCURVE('',#378,#1305);
#1305 = DEFINITIONAL_REPRESENTATION('',(#1306),#1309);
#1306 = B_SPLINE_CURVE_WITH_KNOTS('',1,(#1307,#1308),.UNSPECIFIED.,.F.,
  .F.,(2,2),(-7.65,17.55),.PIECEWISE_BEZIER_KNOTS.);
#1307 = CARTESIAN_POINT('',(101.710176482,-14.3));
#1308 = CARTESIAN_POINT('',(101.710176482,10.9));
#1309 = ( GEOMETRIC_REPRESENTATION_CONTEXT(2) 
PARAMETRIC_REPRESENTATION_CONTEXT() REPRESENTATION_CONTEXT('2D SPACE',''
  ) );
#1310 = PCURVE('',#554,#1311);
#1311 = DEFINITIONAL_REPRESENTATION('',(#1312),#1315);
#1312 = B_SPLINE_CURVE_WITH_KNOTS('',1,(#1313,#1314),.UNSPECIFIED.,.F.,
  .F.,(2,2),(-7.65,17.55),.PIECEWISE_BEZIER_KNOTS.);
#1313 = CARTESIAN_POINT('',(-5.8,-1.));
#1314 = CARTESIAN_POINT('',(-5.8,24.2));
#1315 = ( GEOMETRIC_REPRESENTATION_CONTEXT(2) 
PARAMETRIC_REPRESENTATION_CONTEXT() REPRESENTATION_CONTEXT('2D SPACE',''
  ) );
#1316 = ORIENTED_EDGE('',*,*,#518,.T.);
#1317 = ADVANCED_FACE('',(#1318),#334,.T.);
#1318 = FACE_BOUND('',#1319,.T.);
#1319 = EDGE_LOOP('',(#1320,#1321,#1344,#1364));
#1320 = ORIENTED_EDGE('',*,*,#319,.F.);
#1321 = ORIENTED_EDGE('',*,*,#1322,.T.);
#1322 = EDGE_CURVE('',#297,#1323,#1325,.T.);
#1323 = VERTEX_POINT('',#1324);
#1324 = CARTESIAN_POINT('',(34.674990948516,-15.12998913821,37.9));
#1325 = SURFACE_CURVE('',#1326,(#1331,#1337),.PCURVE_S1.);
#1326 = CIRCLE('',#1327,1.);
#1327 = AXIS2_PLACEMENT_3D('',#1328,#1329,#1330);
#1328 = CARTESIAN_POINT('',(33.75,-14.75,37.9));
#1329 = DIRECTION('',(0.,-0.,1.));
#1330 = DIRECTION('',(1.,0.,0.));
#1331 = PCURVE('',#334,#1332);
#1332 = DEFINITIONAL_REPRESENTATION('',(#1333),#1336);
#1333 = B_SPLINE_CURVE_WITH_KNOTS('',1,(#1334,#1335),.UNSPECIFIED.,.F.,
  .F.,(2,2),(4.712388980385,5.893400753315),.PIECEWISE_BEZIER_KNOTS.);
#1334 = CARTESIAN_POINT('',(20.768474576271,0.));
#1335 = CARTESIAN_POINT('',(22.,0.));
#1336 = ( GEOMETRIC_REPRESENTATION_CONTEXT(2) 
PARAMETRIC_REPRESENTATION_CONTEXT() REPRESENTATION_CONTEXT('2D SPACE',''
  ) );
#1337 = PCURVE('',#83,#1338);
#1338 = DEFINITIONAL_REPRESENTATION('',(#1339),#1343);
#1339 = CIRCLE('',#1340,1.);
#1340 = AXIS2_PLACEMENT_2D('',#1341,#1342);
#1341 = CARTESIAN_POINT('',(0.,0.));
#1342 = DIRECTION('',(1.,0.));
#1343 = ( GEOMETRIC_REPRESENTATION_CONTEXT(2) 
PARAMETRIC_REPRESENTATION_CONTEXT() REPRESENTATION_CONTEXT('2D SPACE',''
  ) );
#1344 = ORIENTED_EDGE('',*,*,#1345,.T.);
#1345 = EDGE_CURVE('',#1323,#865,#1346,.T.);
#1346 = SURFACE_CURVE('',#1347,(#1350,#1357),.PCURVE_S1.);
#1347 = B_SPLINE_CURVE_WITH_KNOTS('',1,(#1348,#1349),.UNSPECIFIED.,.F.,
  .F.,(2,2),(0.,1.),.PIECEWISE_BEZIER_KNOTS.);
#1348 = CARTESIAN_POINT('',(34.674990948516,-15.12998913821,37.9));
#1349 = CARTESIAN_POINT('',(31.8,-14.3,54.1));
#1350 = PCURVE('',#334,#1351);
#1351 = DEFINITIONAL_REPRESENTATION('',(#1352),#1356);
#1352 = LINE('',#1353,#1354);
#1353 = CARTESIAN_POINT('',(22.,0.));
#1354 = VECTOR('',#1355,1.);
#1355 = DIRECTION('',(0.,1.));
#1356 = ( GEOMETRIC_REPRESENTATION_CONTEXT(2) 
PARAMETRIC_REPRESENTATION_CONTEXT() REPRESENTATION_CONTEXT('2D SPACE',''
  ) );
#1357 = PCURVE('',#953,#1358);
#1358 = DEFINITIONAL_REPRESENTATION('',(#1359),#1363);
#1359 = LINE('',#1360,#1361);
#1360 = CARTESIAN_POINT('',(4.712388980385,0.));
#1361 = VECTOR('',#1362,1.);
#1362 = DIRECTION('',(0.,1.));
#1363 = ( GEOMETRIC_REPRESENTATION_CONTEXT(2) 
PARAMETRIC_REPRESENTATION_CONTEXT() REPRESENTATION_CONTEXT('2D SPACE',''
  ) );
#1364 = ORIENTED_EDGE('',*,*,#864,.T.);
#1365 = ADVANCED_FACE('',(#1366),#83,.F.);
#1366 = FACE_BOUND('',#1367,.F.);
#1367 = EDGE_LOOP('',(#1368,#1369,#1370,#1391,#1417,#1436,#1437,#1438,
    #1461,#1484,#1507,#1547,#1575,#1615,#1655,#1678));
#1368 = ORIENTED_EDGE('',*,*,#459,.T.);
#1369 = ORIENTED_EDGE('',*,*,#67,.T.);
#1370 = ORIENTED_EDGE('',*,*,#1371,.T.);
#1371 = EDGE_CURVE('',#68,#1372,#1374,.T.);
#1372 = VERTEX_POINT('',#1373);
#1373 = CARTESIAN_POINT('',(20.6,-10.2,37.9));
#1374 = SURFACE_CURVE('',#1375,(#1379,#1385),.PCURVE_S1.);
#1375 = LINE('',#1376,#1377);
#1376 = CARTESIAN_POINT('',(20.6,-17.375,37.9));
#1377 = VECTOR('',#1378,1.);
#1378 = DIRECTION('',(0.,1.,0.));
#1379 = PCURVE('',#83,#1380);
#1380 = DEFINITIONAL_REPRESENTATION('',(#1381),#1384);
#1381 = B_SPLINE_CURVE_WITH_KNOTS('',1,(#1382,#1383),.UNSPECIFIED.,.F.,
  .F.,(2,2),(1.625,7.175),.PIECEWISE_BEZIER_KNOTS.);
#1382 = CARTESIAN_POINT('',(-13.15,-1.));
#1383 = CARTESIAN_POINT('',(-13.15,4.55));
#1384 = ( GEOMETRIC_REPRESENTATION_CONTEXT(2) 
PARAMETRIC_REPRESENTATION_CONTEXT() REPRESENTATION_CONTEXT('2D SPACE',''
  ) );
#1385 = PCURVE('',#121,#1386);
#1386 = DEFINITIONAL_REPRESENTATION('',(#1387),#1390);
#1387 = B_SPLINE_CURVE_WITH_KNOTS('',1,(#1388,#1389),.UNSPECIFIED.,.F.,
  .F.,(2,2),(1.625,7.175),.PIECEWISE_BEZIER_KNOTS.);
#1388 = CARTESIAN_POINT('',(0.4,-4.25));
#1389 = CARTESIAN_POINT('',(0.4,-9.8));
#1390 = ( GEOMETRIC_REPRESENTATION_CONTEXT(2) 
PARAMETRIC_REPRESENTATION_CONTEXT() REPRESENTATION_CONTEXT('2D SPACE',''
  ) );
#1391 = ORIENTED_EDGE('',*,*,#1392,.F.);
#1392 = EDGE_CURVE('',#1393,#1372,#1395,.T.);
#1393 = VERTEX_POINT('',#1394);
#1394 = CARTESIAN_POINT('',(25.6,-10.2,37.9));
#1395 = SURFACE_CURVE('',#1396,(#1400,#1406),.PCURVE_S1.);
#1396 = LINE('',#1397,#1398);
#1397 = CARTESIAN_POINT('',(27.175,-10.2,37.9));
#1398 = VECTOR('',#1399,1.);
#1399 = DIRECTION('',(-1.,-0.,0.));
#1400 = PCURVE('',#83,#1401);
#1401 = DEFINITIONAL_REPRESENTATION('',(#1402),#1405);
#1402 = B_SPLINE_CURVE_WITH_KNOTS('',1,(#1403,#1404),.UNSPECIFIED.,.F.,
  .F.,(2,2),(1.575,6.575),.PIECEWISE_BEZIER_KNOTS.);
#1403 = CARTESIAN_POINT('',(-8.15,4.55));
#1404 = CARTESIAN_POINT('',(-13.15,4.55));
#1405 = ( GEOMETRIC_REPRESENTATION_CONTEXT(2) 
PARAMETRIC_REPRESENTATION_CONTEXT() REPRESENTATION_CONTEXT('2D SPACE',''
  ) );
#1406 = PCURVE('',#1407,#1412);
#1407 = PLANE('',#1408);
#1408 = AXIS2_PLACEMENT_3D('',#1409,#1410,#1411);
#1409 = CARTESIAN_POINT('',(20.6,-10.2,37.5));
#1410 = DIRECTION('',(-0.,1.,0.));
#1411 = DIRECTION('',(0.,0.,1.));
#1412 = DEFINITIONAL_REPRESENTATION('',(#1413),#1416);
#1413 = B_SPLINE_CURVE_WITH_KNOTS('',1,(#1414,#1415),.UNSPECIFIED.,.F.,
  .F.,(2,2),(1.575,6.575),.PIECEWISE_BEZIER_KNOTS.);
#1414 = CARTESIAN_POINT('',(0.4,5.));
#1415 = CARTESIAN_POINT('',(0.4,0.));
#1416 = ( GEOMETRIC_REPRESENTATION_CONTEXT(2) 
PARAMETRIC_REPRESENTATION_CONTEXT() REPRESENTATION_CONTEXT('2D SPACE',''
  ) );
#1417 = ORIENTED_EDGE('',*,*,#1418,.F.);
#1418 = EDGE_CURVE('',#164,#1393,#1419,.T.);
#1419 = SURFACE_CURVE('',#1420,(#1424,#1430),.PCURVE_S1.);
#1420 = LINE('',#1421,#1422);
#1421 = CARTESIAN_POINT('',(25.6,-17.375,37.9));
#1422 = VECTOR('',#1423,1.);
#1423 = DIRECTION('',(0.,1.,0.));
#1424 = PCURVE('',#83,#1425);
#1425 = DEFINITIONAL_REPRESENTATION('',(#1426),#1429);
#1426 = B_SPLINE_CURVE_WITH_KNOTS('',1,(#1427,#1428),.UNSPECIFIED.,.F.,
  .F.,(2,2),(1.625,7.175),.PIECEWISE_BEZIER_KNOTS.);
#1427 = CARTESIAN_POINT('',(-8.15,-1.));
#1428 = CARTESIAN_POINT('',(-8.15,4.55));
#1429 = ( GEOMETRIC_REPRESENTATION_CONTEXT(2) 
PARAMETRIC_REPRESENTATION_CONTEXT() REPRESENTATION_CONTEXT('2D SPACE',''
  ) );
#1430 = PCURVE('',#249,#1431);
#1431 = DEFINITIONAL_REPRESENTATION('',(#1432),#1435);
#1432 = B_SPLINE_CURVE_WITH_KNOTS('',1,(#1433,#1434),.UNSPECIFIED.,.F.,
  .F.,(2,2),(1.625,7.175),.PIECEWISE_BEZIER_KNOTS.);
#1433 = CARTESIAN_POINT('',(0.4,-4.25));
#1434 = CARTESIAN_POINT('',(0.4,-9.8));
#1435 = ( GEOMETRIC_REPRESENTATION_CONTEXT(2) 
PARAMETRIC_REPRESENTATION_CONTEXT() REPRESENTATION_CONTEXT('2D SPACE',''
  ) );
#1436 = ORIENTED_EDGE('',*,*,#296,.T.);
#1437 = ORIENTED_EDGE('',*,*,#1322,.T.);
#1438 = ORIENTED_EDGE('',*,*,#1439,.T.);
#1439 = EDGE_CURVE('',#1323,#1440,#1442,.T.);
#1440 = VERTEX_POINT('',#1441);
#1441 = CARTESIAN_POINT('',(34.75,-14.75,37.9));
#1442 = SURFACE_CURVE('',#1443,(#1448,#1455),.PCURVE_S1.);
#1443 = CIRCLE('',#1444,1.);
#1444 = AXIS2_PLACEMENT_3D('',#1445,#1446,#1447);
#1445 = CARTESIAN_POINT('',(33.75,-14.75,37.9));
#1446 = DIRECTION('',(0.,-0.,1.));
#1447 = DIRECTION('',(1.,0.,0.));
#1448 = PCURVE('',#83,#1449);
#1449 = DEFINITIONAL_REPRESENTATION('',(#1450),#1454);
#1450 = CIRCLE('',#1451,1.);
#1451 = AXIS2_PLACEMENT_2D('',#1452,#1453);
#1452 = CARTESIAN_POINT('',(0.,0.));
#1453 = DIRECTION('',(1.,0.));
#1454 = ( GEOMETRIC_REPRESENTATION_CONTEXT(2) 
PARAMETRIC_REPRESENTATION_CONTEXT() REPRESENTATION_CONTEXT('2D SPACE',''
  ) );
#1455 = PCURVE('',#953,#1456);
#1456 = DEFINITIONAL_REPRESENTATION('',(#1457),#1460);
#1457 = B_SPLINE_CURVE_WITH_KNOTS('',1,(#1458,#1459),.UNSPECIFIED.,.F.,
  .F.,(2,2),(5.893400753315,6.28318530718),.PIECEWISE_BEZIER_KNOTS.);
#1458 = CARTESIAN_POINT('',(4.712388980385,0.));
#1459 = CARTESIAN_POINT('',(6.28318530718,0.));
#1460 = ( GEOMETRIC_REPRESENTATION_CONTEXT(2) 
PARAMETRIC_REPRESENTATION_CONTEXT() REPRESENTATION_CONTEXT('2D SPACE',''
  ) );
#1461 = ORIENTED_EDGE('',*,*,#1462,.T.);
#1462 = EDGE_CURVE('',#1440,#1463,#1465,.T.);
#1463 = VERTEX_POINT('',#1464);
#1464 = CARTESIAN_POINT('',(34.75,12.75,37.9));
#1465 = SURFACE_CURVE('',#1466,(#1470,#1477),.PCURVE_S1.);
#1466 = LINE('',#1467,#1468);
#1467 = CARTESIAN_POINT('',(34.75,-15.75,37.9));
#1468 = VECTOR('',#1469,1.);
#1469 = DIRECTION('',(0.,1.,0.));
#1470 = PCURVE('',#83,#1471);
#1471 = DEFINITIONAL_REPRESENTATION('',(#1472),#1476);
#1472 = LINE('',#1473,#1474);
#1473 = CARTESIAN_POINT('',(1.,-1.));
#1474 = VECTOR('',#1475,1.);
#1475 = DIRECTION('',(0.,1.));
#1476 = ( GEOMETRIC_REPRESENTATION_CONTEXT(2) 
PARAMETRIC_REPRESENTATION_CONTEXT() REPRESENTATION_CONTEXT('2D SPACE',''
  ) );
#1477 = PCURVE('',#1010,#1478);
#1478 = DEFINITIONAL_REPRESENTATION('',(#1479),#1483);
#1479 = LINE('',#1480,#1481);
#1480 = CARTESIAN_POINT('',(0.,0.));
#1481 = VECTOR('',#1482,1.);
#1482 = DIRECTION('',(1.,0.));
#1483 = ( GEOMETRIC_REPRESENTATION_CONTEXT(2) 
PARAMETRIC_REPRESENTATION_CONTEXT() REPRESENTATION_CONTEXT('2D SPACE',''
  ) );
#1484 = ORIENTED_EDGE('',*,*,#1485,.T.);
#1485 = EDGE_CURVE('',#1463,#1486,#1488,.T.);
#1486 = VERTEX_POINT('',#1487);
#1487 = CARTESIAN_POINT('',(34.674990948516,13.129989138219,37.9));
#1488 = SURFACE_CURVE('',#1489,(#1494,#1501),.PCURVE_S1.);
#1489 = CIRCLE('',#1490,1.);
#1490 = AXIS2_PLACEMENT_3D('',#1491,#1492,#1493);
#1491 = CARTESIAN_POINT('',(33.75,12.75,37.9));
#1492 = DIRECTION('',(0.,-0.,1.));
#1493 = DIRECTION('',(1.,0.,0.));
#1494 = PCURVE('',#83,#1495);
#1495 = DEFINITIONAL_REPRESENTATION('',(#1496),#1500);
#1496 = CIRCLE('',#1497,1.);
#1497 = AXIS2_PLACEMENT_2D('',#1498,#1499);
#1498 = CARTESIAN_POINT('',(0.,27.5));
#1499 = DIRECTION('',(1.,0.));
#1500 = ( GEOMETRIC_REPRESENTATION_CONTEXT(2) 
PARAMETRIC_REPRESENTATION_CONTEXT() REPRESENTATION_CONTEXT('2D SPACE',''
  ) );
#1501 = PCURVE('',#1075,#1502);
#1502 = DEFINITIONAL_REPRESENTATION('',(#1503),#1506);
#1503 = B_SPLINE_CURVE_WITH_KNOTS('',1,(#1504,#1505),.UNSPECIFIED.,.F.,
  .F.,(2,2),(0.,0.389784553865),.PIECEWISE_BEZIER_KNOTS.);
#1504 = CARTESIAN_POINT('',(0.,0.));
#1505 = CARTESIAN_POINT('',(1.570796326795,0.));
#1506 = ( GEOMETRIC_REPRESENTATION_CONTEXT(2) 
PARAMETRIC_REPRESENTATION_CONTEXT() REPRESENTATION_CONTEXT('2D SPACE',''
  ) );
#1507 = ORIENTED_EDGE('',*,*,#1508,.T.);
#1508 = EDGE_CURVE('',#1486,#1509,#1511,.T.);
#1509 = VERTEX_POINT('',#1510);
#1510 = CARTESIAN_POINT('',(33.75,13.75,37.9));
#1511 = SURFACE_CURVE('',#1512,(#1517,#1524),.PCURVE_S1.);
#1512 = CIRCLE('',#1513,1.);
#1513 = AXIS2_PLACEMENT_3D('',#1514,#1515,#1516);
#1514 = CARTESIAN_POINT('',(33.75,12.75,37.9));
#1515 = DIRECTION('',(0.,-0.,1.));
#1516 = DIRECTION('',(1.,0.,0.));
#1517 = PCURVE('',#83,#1518);
#1518 = DEFINITIONAL_REPRESENTATION('',(#1519),#1523);
#1519 = CIRCLE('',#1520,1.);
#1520 = AXIS2_PLACEMENT_2D('',#1521,#1522);
#1521 = CARTESIAN_POINT('',(0.,27.5));
#1522 = DIRECTION('',(1.,0.));
#1523 = ( GEOMETRIC_REPRESENTATION_CONTEXT(2) 
PARAMETRIC_REPRESENTATION_CONTEXT() REPRESENTATION_CONTEXT('2D SPACE',''
  ) );
#1524 = PCURVE('',#1525,#1542);
#1525 = B_SPLINE_SURFACE_WITH_KNOTS('',7,1,(
    (#1526,#1527)
    ,(#1528,#1529)
    ,(#1530,#1531)
    ,(#1532,#1533)
    ,(#1534,#1535)
    ,(#1536,#1537)
    ,(#1538,#1539)
    ,(#1540,#1541
    )),.UNSPECIFIED.,.F.,.F.,.F.,(8,8),(2,2),(1.,2.231525423729),(0.,1.)
  ,.PIECEWISE_BEZIER_KNOTS.);
#1526 = CARTESIAN_POINT('',(34.674990948516,13.129989138219,37.9));
#1527 = CARTESIAN_POINT('',(31.8,10.9,54.1));
#1528 = CARTESIAN_POINT('',(34.610880713398,13.286049881083,37.9));
#1529 = CARTESIAN_POINT('',(31.62406779661,10.9,54.1));
#1530 = CARTESIAN_POINT('',(34.516052114275,13.429491330663,
    37.899999999999));
#1531 = CARTESIAN_POINT('',(31.44813559322,10.9,54.1));
#1532 = CARTESIAN_POINT('',(34.393486595742,13.55305876283,
    37.900000000001));
#1533 = CARTESIAN_POINT('',(31.272203389831,10.9,54.1));
#1534 = CARTESIAN_POINT('',(34.248304169772,13.650372883777,
    37.899999999999));
#1535 = CARTESIAN_POINT('',(31.096271186441,10.9,54.1));
#1536 = CARTESIAN_POINT('',(34.087431847725,13.716790596962,
    37.900000000001));
#1537 = CARTESIAN_POINT('',(30.920338983051,10.9,54.1));
#1538 = CARTESIAN_POINT('',(33.918715967561,13.75,37.9));
#1539 = CARTESIAN_POINT('',(30.744406779661,10.9,54.1));
#1540 = CARTESIAN_POINT('',(33.75,13.75,37.9));
#1541 = CARTESIAN_POINT('',(30.568474576271,10.9,54.1));
#1542 = DEFINITIONAL_REPRESENTATION('',(#1543),#1546);
#1543 = B_SPLINE_CURVE_WITH_KNOTS('',1,(#1544,#1545),.UNSPECIFIED.,.F.,
  .F.,(2,2),(0.389784553865,1.570796326795),.PIECEWISE_BEZIER_KNOTS.);
#1544 = CARTESIAN_POINT('',(1.,0.));
#1545 = CARTESIAN_POINT('',(2.231525423729,0.));
#1546 = ( GEOMETRIC_REPRESENTATION_CONTEXT(2) 
PARAMETRIC_REPRESENTATION_CONTEXT() REPRESENTATION_CONTEXT('2D SPACE',''
  ) );
#1547 = ORIENTED_EDGE('',*,*,#1548,.T.);
#1548 = EDGE_CURVE('',#1509,#1549,#1551,.T.);
#1549 = VERTEX_POINT('',#1550);
#1550 = CARTESIAN_POINT('',(12.05,13.75,37.9));
#1551 = SURFACE_CURVE('',#1552,(#1556,#1563),.PCURVE_S1.);
#1552 = LINE('',#1553,#1554);
#1553 = CARTESIAN_POINT('',(34.75,13.75,37.9));
#1554 = VECTOR('',#1555,1.);
#1555 = DIRECTION('',(-1.,0.,0.));
#1556 = PCURVE('',#83,#1557);
#1557 = DEFINITIONAL_REPRESENTATION('',(#1558),#1562);
#1558 = LINE('',#1559,#1560);
#1559 = CARTESIAN_POINT('',(1.,28.5));
#1560 = VECTOR('',#1561,1.);
#1561 = DIRECTION('',(-1.,0.));
#1562 = ( GEOMETRIC_REPRESENTATION_CONTEXT(2) 
PARAMETRIC_REPRESENTATION_CONTEXT() REPRESENTATION_CONTEXT('2D SPACE',''
  ) );
#1563 = PCURVE('',#1564,#1569);
#1564 = B_SPLINE_SURFACE_WITH_KNOTS('',1,1,(
    (#1565,#1566)
    ,(#1567,#1568
    )),.UNSPECIFIED.,.F.,.F.,.F.,(2,2),(2,2),(1.,22.7),(0.,1.),
  .PIECEWISE_BEZIER_KNOTS.);
#1565 = CARTESIAN_POINT('',(33.75,13.75,37.9));
#1566 = CARTESIAN_POINT('',(30.568474576271,10.9,54.1));
#1567 = CARTESIAN_POINT('',(12.05,13.75,37.9));
#1568 = CARTESIAN_POINT('',(12.031525423729,10.9,54.1));
#1569 = DEFINITIONAL_REPRESENTATION('',(#1570),#1574);
#1570 = LINE('',#1571,#1572);
#1571 = CARTESIAN_POINT('',(0.,0.));
#1572 = VECTOR('',#1573,1.);
#1573 = DIRECTION('',(1.,0.));
#1574 = ( GEOMETRIC_REPRESENTATION_CONTEXT(2) 
PARAMETRIC_REPRESENTATION_CONTEXT() REPRESENTATION_CONTEXT('2D SPACE',''
  ) );
#1575 = ORIENTED_EDGE('',*,*,#1576,.T.);
#1576 = EDGE_CURVE('',#1549,#1577,#1579,.T.);
#1577 = VERTEX_POINT('',#1578);
#1578 = CARTESIAN_POINT('',(11.125009051484,13.129989138219,37.9));
#1579 = SURFACE_CURVE('',#1580,(#1585,#1592),.PCURVE_S1.);
#1580 = CIRCLE('',#1581,1.);
#1581 = AXIS2_PLACEMENT_3D('',#1582,#1583,#1584);
#1582 = CARTESIAN_POINT('',(12.05,12.75,37.9));
#1583 = DIRECTION('',(0.,-0.,1.));
#1584 = DIRECTION('',(1.,0.,0.));
#1585 = PCURVE('',#83,#1586);
#1586 = DEFINITIONAL_REPRESENTATION('',(#1587),#1591);
#1587 = CIRCLE('',#1588,1.);
#1588 = AXIS2_PLACEMENT_2D('',#1589,#1590);
#1589 = CARTESIAN_POINT('',(-21.7,27.5));
#1590 = DIRECTION('',(1.,0.));
#1591 = ( GEOMETRIC_REPRESENTATION_CONTEXT(2) 
PARAMETRIC_REPRESENTATION_CONTEXT() REPRESENTATION_CONTEXT('2D SPACE',''
  ) );
#1592 = PCURVE('',#1593,#1610);
#1593 = B_SPLINE_SURFACE_WITH_KNOTS('',7,1,(
    (#1594,#1595)
    ,(#1596,#1597)
    ,(#1598,#1599)
    ,(#1600,#1601)
    ,(#1602,#1603)
    ,(#1604,#1605)
    ,(#1606,#1607)
    ,(#1608,#1609
    )),.UNSPECIFIED.,.F.,.F.,.F.,(8,8),(2,2),(20.768474576271,22.),(0.,
    1.),.PIECEWISE_BEZIER_KNOTS.);
#1594 = CARTESIAN_POINT('',(12.05,13.75,37.9));
#1595 = CARTESIAN_POINT('',(12.031525423729,10.9,54.1));
#1596 = CARTESIAN_POINT('',(11.881284032439,13.75,37.9));
#1597 = CARTESIAN_POINT('',(11.855593220339,10.9,54.1));
#1598 = CARTESIAN_POINT('',(11.712568152276,13.716790596962,37.9));
#1599 = CARTESIAN_POINT('',(11.679661016949,10.9,54.1));
#1600 = CARTESIAN_POINT('',(11.551695830227,13.650372883777,
    37.899999999999));
#1601 = CARTESIAN_POINT('',(11.503728813559,10.9,54.1));
#1602 = CARTESIAN_POINT('',(11.40651340426,13.55305876283,37.9));
#1603 = CARTESIAN_POINT('',(11.327796610169,10.9,54.1));
#1604 = CARTESIAN_POINT('',(11.283947885724,13.429491330663,37.9));
#1605 = CARTESIAN_POINT('',(11.15186440678,10.9,54.1));
#1606 = CARTESIAN_POINT('',(11.189119286602,13.286049881083,37.9));
#1607 = CARTESIAN_POINT('',(10.97593220339,10.9,54.1));
#1608 = CARTESIAN_POINT('',(11.125009051484,13.129989138219,37.9));
#1609 = CARTESIAN_POINT('',(10.8,10.9,54.1));
#1610 = DEFINITIONAL_REPRESENTATION('',(#1611),#1614);
#1611 = B_SPLINE_CURVE_WITH_KNOTS('',1,(#1612,#1613),.UNSPECIFIED.,.F.,
  .F.,(2,2),(1.570796326795,2.751808099725),.PIECEWISE_BEZIER_KNOTS.);
#1612 = CARTESIAN_POINT('',(20.768474576271,0.));
#1613 = CARTESIAN_POINT('',(22.,0.));
#1614 = ( GEOMETRIC_REPRESENTATION_CONTEXT(2) 
PARAMETRIC_REPRESENTATION_CONTEXT() REPRESENTATION_CONTEXT('2D SPACE',''
  ) );
#1615 = ORIENTED_EDGE('',*,*,#1616,.T.);
#1616 = EDGE_CURVE('',#1577,#1617,#1619,.T.);
#1617 = VERTEX_POINT('',#1618);
#1618 = CARTESIAN_POINT('',(11.05,12.75,37.9));
#1619 = SURFACE_CURVE('',#1620,(#1625,#1632),.PCURVE_S1.);
#1620 = CIRCLE('',#1621,1.);
#1621 = AXIS2_PLACEMENT_3D('',#1622,#1623,#1624);
#1622 = CARTESIAN_POINT('',(12.05,12.75,37.9));
#1623 = DIRECTION('',(0.,-0.,1.));
#1624 = DIRECTION('',(1.,0.,0.));
#1625 = PCURVE('',#83,#1626);
#1626 = DEFINITIONAL_REPRESENTATION('',(#1627),#1631);
#1627 = CIRCLE('',#1628,1.);
#1628 = AXIS2_PLACEMENT_2D('',#1629,#1630);
#1629 = CARTESIAN_POINT('',(-21.7,27.5));
#1630 = DIRECTION('',(1.,0.));
#1631 = ( GEOMETRIC_REPRESENTATION_CONTEXT(2) 
PARAMETRIC_REPRESENTATION_CONTEXT() REPRESENTATION_CONTEXT('2D SPACE',''
  ) );
#1632 = PCURVE('',#1633,#1650);
#1633 = B_SPLINE_SURFACE_WITH_KNOTS('',7,1,(
    (#1634,#1635)
    ,(#1636,#1637)
    ,(#1638,#1639)
    ,(#1640,#1641)
    ,(#1642,#1643)
    ,(#1644,#1645)
    ,(#1646,#1647)
    ,(#1648,#1649
    )),.UNSPECIFIED.,.F.,.F.,.F.,(8,8),(2,2),(1.570796326795,
    3.14159265359),(0.,1.),.PIECEWISE_BEZIER_KNOTS.);
#1634 = CARTESIAN_POINT('',(11.125009051484,13.129989138219,37.9));
#1635 = CARTESIAN_POINT('',(10.8,10.9,54.1));
#1636 = CARTESIAN_POINT('',(11.103849923382,13.078482397619,37.9));
#1637 = CARTESIAN_POINT('',(10.575600524744,10.9,54.1));
#1638 = CARTESIAN_POINT('',(11.086036832561,13.025601084873,37.9));
#1639 = CARTESIAN_POINT('',(10.351202135017,10.841251113448,
    54.099999999999));
#1640 = CARTESIAN_POINT('',(11.071677134081,12.971606004897,37.9));
#1641 = CARTESIAN_POINT('',(10.145253059177,10.723762722203,
    54.100000000002));
#1642 = CARTESIAN_POINT('',(11.060852329474,12.916768514054,37.9));
#1643 = CARTESIAN_POINT('',(9.976237277798,10.554746940823,
    54.099999999999));
#1644 = CARTESIAN_POINT('',(11.053617376684,12.861367024361,37.9));
#1645 = CARTESIAN_POINT('',(9.858748886552,10.348797864984,
    54.100000000001));
#1646 = CARTESIAN_POINT('',(11.05,12.805683507695,37.9));
#1647 = CARTESIAN_POINT('',(9.8,10.124399475256,54.1));
#1648 = CARTESIAN_POINT('',(11.05,12.75,37.9));
#1649 = CARTESIAN_POINT('',(9.8,9.9,54.1));
#1650 = DEFINITIONAL_REPRESENTATION('',(#1651),#1654);
#1651 = B_SPLINE_CURVE_WITH_KNOTS('',1,(#1652,#1653),.UNSPECIFIED.,.F.,
  .F.,(2,2),(2.751808099725,3.14159265359),.PIECEWISE_BEZIER_KNOTS.);
#1652 = CARTESIAN_POINT('',(1.570796326795,0.));
#1653 = CARTESIAN_POINT('',(3.14159265359,0.));
#1654 = ( GEOMETRIC_REPRESENTATION_CONTEXT(2) 
PARAMETRIC_REPRESENTATION_CONTEXT() REPRESENTATION_CONTEXT('2D SPACE',''
  ) );
#1655 = ORIENTED_EDGE('',*,*,#1656,.T.);
#1656 = EDGE_CURVE('',#1617,#1657,#1659,.T.);
#1657 = VERTEX_POINT('',#1658);
#1658 = CARTESIAN_POINT('',(11.05,-14.75,37.9));
#1659 = SURFACE_CURVE('',#1660,(#1664,#1671),.PCURVE_S1.);
#1660 = LINE('',#1661,#1662);
#1661 = CARTESIAN_POINT('',(11.05,13.75,37.9));
#1662 = VECTOR('',#1663,1.);
#1663 = DIRECTION('',(0.,-1.,0.));
#1664 = PCURVE('',#83,#1665);
#1665 = DEFINITIONAL_REPRESENTATION('',(#1666),#1670);
#1666 = LINE('',#1667,#1668);
#1667 = CARTESIAN_POINT('',(-22.7,28.5));
#1668 = VECTOR('',#1669,1.);
#1669 = DIRECTION('',(0.,-1.));
#1670 = ( GEOMETRIC_REPRESENTATION_CONTEXT(2) 
PARAMETRIC_REPRESENTATION_CONTEXT() REPRESENTATION_CONTEXT('2D SPACE',''
  ) );
#1671 = PCURVE('',#767,#1672);
#1672 = DEFINITIONAL_REPRESENTATION('',(#1673),#1677);
#1673 = LINE('',#1674,#1675);
#1674 = CARTESIAN_POINT('',(0.,0.));
#1675 = VECTOR('',#1676,1.);
#1676 = DIRECTION('',(1.,0.));
#1677 = ( GEOMETRIC_REPRESENTATION_CONTEXT(2) 
PARAMETRIC_REPRESENTATION_CONTEXT() REPRESENTATION_CONTEXT('2D SPACE',''
  ) );
#1678 = ORIENTED_EDGE('',*,*,#1679,.T.);
#1679 = EDGE_CURVE('',#1657,#419,#1680,.T.);
#1680 = SURFACE_CURVE('',#1681,(#1686,#1693),.PCURVE_S1.);
#1681 = CIRCLE('',#1682,1.);
#1682 = AXIS2_PLACEMENT_3D('',#1683,#1684,#1685);
#1683 = CARTESIAN_POINT('',(12.05,-14.75,37.9));
#1684 = DIRECTION('',(0.,-0.,1.));
#1685 = DIRECTION('',(1.,0.,0.));
#1686 = PCURVE('',#83,#1687);
#1687 = DEFINITIONAL_REPRESENTATION('',(#1688),#1692);
#1688 = CIRCLE('',#1689,1.);
#1689 = AXIS2_PLACEMENT_2D('',#1690,#1691);
#1690 = CARTESIAN_POINT('',(-21.7,0.));
#1691 = DIRECTION('',(1.,0.));
#1692 = ( GEOMETRIC_REPRESENTATION_CONTEXT(2) 
PARAMETRIC_REPRESENTATION_CONTEXT() REPRESENTATION_CONTEXT('2D SPACE',''
  ) );
#1693 = PCURVE('',#435,#1694);
#1694 = DEFINITIONAL_REPRESENTATION('',(#1695),#1698);
#1695 = B_SPLINE_CURVE_WITH_KNOTS('',1,(#1696,#1697),.UNSPECIFIED.,.F.,
  .F.,(2,2),(3.14159265359,3.531377207455),.PIECEWISE_BEZIER_KNOTS.);
#1696 = CARTESIAN_POINT('',(3.14159265359,0.));
#1697 = CARTESIAN_POINT('',(4.712388980385,0.));
#1698 = ( GEOMETRIC_REPRESENTATION_CONTEXT(2) 
PARAMETRIC_REPRESENTATION_CONTEXT() REPRESENTATION_CONTEXT('2D SPACE',''
  ) );
#1699 = ADVANCED_FACE('',(#1700),#249,.F.);
#1700 = FACE_BOUND('',#1701,.F.);
#1701 = EDGE_LOOP('',(#1702,#1725,#1726,#1727));
#1702 = ORIENTED_EDGE('',*,*,#1703,.F.);
#1703 = EDGE_CURVE('',#139,#1704,#1706,.T.);
#1704 = VERTEX_POINT('',#1705);
#1705 = CARTESIAN_POINT('',(25.6,-10.2,45.));
#1706 = SURFACE_CURVE('',#1707,(#1711,#1718),.PCURVE_S1.);
#1707 = LINE('',#1708,#1709);
#1708 = CARTESIAN_POINT('',(25.6,-20.,45.));
#1709 = VECTOR('',#1710,1.);
#1710 = DIRECTION('',(-0.,1.,0.));
#1711 = PCURVE('',#249,#1712);
#1712 = DEFINITIONAL_REPRESENTATION('',(#1713),#1717);
#1713 = LINE('',#1714,#1715);
#1714 = CARTESIAN_POINT('',(7.5,0.));
#1715 = VECTOR('',#1716,1.);
#1716 = DIRECTION('',(0.,-1.));
#1717 = ( GEOMETRIC_REPRESENTATION_CONTEXT(2) 
PARAMETRIC_REPRESENTATION_CONTEXT() REPRESENTATION_CONTEXT('2D SPACE',''
  ) );
#1718 = PCURVE('',#152,#1719);
#1719 = DEFINITIONAL_REPRESENTATION('',(#1720),#1724);
#1720 = LINE('',#1721,#1722);
#1721 = CARTESIAN_POINT('',(5.,0.));
#1722 = VECTOR('',#1723,1.);
#1723 = DIRECTION('',(0.,1.));
#1724 = ( GEOMETRIC_REPRESENTATION_CONTEXT(2) 
PARAMETRIC_REPRESENTATION_CONTEXT() REPRESENTATION_CONTEXT('2D SPACE',''
  ) );
#1725 = ORIENTED_EDGE('',*,*,#163,.F.);
#1726 = ORIENTED_EDGE('',*,*,#1418,.T.);
#1727 = ORIENTED_EDGE('',*,*,#1728,.T.);
#1728 = EDGE_CURVE('',#1393,#1704,#1729,.T.);
#1729 = SURFACE_CURVE('',#1730,(#1734,#1741),.PCURVE_S1.);
#1730 = LINE('',#1731,#1732);
#1731 = CARTESIAN_POINT('',(25.6,-10.2,37.5));
#1732 = VECTOR('',#1733,1.);
#1733 = DIRECTION('',(0.,0.,1.));
#1734 = PCURVE('',#249,#1735);
#1735 = DEFINITIONAL_REPRESENTATION('',(#1736),#1740);
#1736 = LINE('',#1737,#1738);
#1737 = CARTESIAN_POINT('',(0.,-9.8));
#1738 = VECTOR('',#1739,1.);
#1739 = DIRECTION('',(1.,0.));
#1740 = ( GEOMETRIC_REPRESENTATION_CONTEXT(2) 
PARAMETRIC_REPRESENTATION_CONTEXT() REPRESENTATION_CONTEXT('2D SPACE',''
  ) );
#1741 = PCURVE('',#1407,#1742);
#1742 = DEFINITIONAL_REPRESENTATION('',(#1743),#1747);
#1743 = LINE('',#1744,#1745);
#1744 = CARTESIAN_POINT('',(0.,5.));
#1745 = VECTOR('',#1746,1.);
#1746 = DIRECTION('',(1.,0.));
#1747 = ( GEOMETRIC_REPRESENTATION_CONTEXT(2) 
PARAMETRIC_REPRESENTATION_CONTEXT() REPRESENTATION_CONTEXT('2D SPACE',''
  ) );
#1748 = ADVANCED_FACE('',(#1749),#152,.F.);
#1749 = FACE_BOUND('',#1750,.F.);
#1750 = EDGE_LOOP('',(#1751,#1774,#1775,#1776));
#1751 = ORIENTED_EDGE('',*,*,#1752,.F.);
#1752 = EDGE_CURVE('',#96,#1753,#1755,.T.);
#1753 = VERTEX_POINT('',#1754);
#1754 = CARTESIAN_POINT('',(20.6,-10.2,45.));
#1755 = SURFACE_CURVE('',#1756,(#1760,#1767),.PCURVE_S1.);
#1756 = LINE('',#1757,#1758);
#1757 = CARTESIAN_POINT('',(20.6,-20.,45.));
#1758 = VECTOR('',#1759,1.);
#1759 = DIRECTION('',(-0.,1.,0.));
#1760 = PCURVE('',#152,#1761);
#1761 = DEFINITIONAL_REPRESENTATION('',(#1762),#1766);
#1762 = LINE('',#1763,#1764);
#1763 = CARTESIAN_POINT('',(0.,0.));
#1764 = VECTOR('',#1765,1.);
#1765 = DIRECTION('',(0.,1.));
#1766 = ( GEOMETRIC_REPRESENTATION_CONTEXT(2) 
PARAMETRIC_REPRESENTATION_CONTEXT() REPRESENTATION_CONTEXT('2D SPACE',''
  ) );
#1767 = PCURVE('',#121,#1768);
#1768 = DEFINITIONAL_REPRESENTATION('',(#1769),#1773);
#1769 = LINE('',#1770,#1771);
#1770 = CARTESIAN_POINT('',(7.5,0.));
#1771 = VECTOR('',#1772,1.);
#1772 = DIRECTION('',(0.,-1.));
#1773 = ( GEOMETRIC_REPRESENTATION_CONTEXT(2) 
PARAMETRIC_REPRESENTATION_CONTEXT() REPRESENTATION_CONTEXT('2D SPACE',''
  ) );
#1774 = ORIENTED_EDGE('',*,*,#138,.F.);
#1775 = ORIENTED_EDGE('',*,*,#1703,.T.);
#1776 = ORIENTED_EDGE('',*,*,#1777,.F.);
#1777 = EDGE_CURVE('',#1753,#1704,#1778,.T.);
#1778 = SURFACE_CURVE('',#1779,(#1783,#1790),.PCURVE_S1.);
#1779 = LINE('',#1780,#1781);
#1780 = CARTESIAN_POINT('',(20.6,-10.2,45.));
#1781 = VECTOR('',#1782,1.);
#1782 = DIRECTION('',(1.,0.,-0.));
#1783 = PCURVE('',#152,#1784);
#1784 = DEFINITIONAL_REPRESENTATION('',(#1785),#1789);
#1785 = LINE('',#1786,#1787);
#1786 = CARTESIAN_POINT('',(0.,9.8));
#1787 = VECTOR('',#1788,1.);
#1788 = DIRECTION('',(1.,0.));
#1789 = ( GEOMETRIC_REPRESENTATION_CONTEXT(2) 
PARAMETRIC_REPRESENTATION_CONTEXT() REPRESENTATION_CONTEXT('2D SPACE',''
  ) );
#1790 = PCURVE('',#1407,#1791);
#1791 = DEFINITIONAL_REPRESENTATION('',(#1792),#1796);
#1792 = LINE('',#1793,#1794);
#1793 = CARTESIAN_POINT('',(7.5,0.));
#1794 = VECTOR('',#1795,1.);
#1795 = DIRECTION('',(0.,1.));
#1796 = ( GEOMETRIC_REPRESENTATION_CONTEXT(2) 
PARAMETRIC_REPRESENTATION_CONTEXT() REPRESENTATION_CONTEXT('2D SPACE',''
  ) );
#1797 = ADVANCED_FACE('',(#1798),#121,.T.);
#1798 = FACE_BOUND('',#1799,.T.);
#1799 = EDGE_LOOP('',(#1800,#1801,#1802,#1803));
#1800 = ORIENTED_EDGE('',*,*,#1752,.F.);
#1801 = ORIENTED_EDGE('',*,*,#95,.F.);
#1802 = ORIENTED_EDGE('',*,*,#1371,.T.);
#1803 = ORIENTED_EDGE('',*,*,#1804,.T.);
#1804 = EDGE_CURVE('',#1372,#1753,#1805,.T.);
#1805 = SURFACE_CURVE('',#1806,(#1810,#1817),.PCURVE_S1.);
#1806 = LINE('',#1807,#1808);
#1807 = CARTESIAN_POINT('',(20.6,-10.2,37.5));
#1808 = VECTOR('',#1809,1.);
#1809 = DIRECTION('',(0.,0.,1.));
#1810 = PCURVE('',#121,#1811);
#1811 = DEFINITIONAL_REPRESENTATION('',(#1812),#1816);
#1812 = LINE('',#1813,#1814);
#1813 = CARTESIAN_POINT('',(0.,-9.8));
#1814 = VECTOR('',#1815,1.);
#1815 = DIRECTION('',(1.,0.));
#1816 = ( GEOMETRIC_REPRESENTATION_CONTEXT(2) 
PARAMETRIC_REPRESENTATION_CONTEXT() REPRESENTATION_CONTEXT('2D SPACE',''
  ) );
#1817 = PCURVE('',#1407,#1818);
#1818 = DEFINITIONAL_REPRESENTATION('',(#1819),#1823);
#1819 = LINE('',#1820,#1821);
#1820 = CARTESIAN_POINT('',(0.,0.));
#1821 = VECTOR('',#1822,1.);
#1822 = DIRECTION('',(1.,0.));
#1823 = ( GEOMETRIC_REPRESENTATION_CONTEXT(2) 
PARAMETRIC_REPRESENTATION_CONTEXT() REPRESENTATION_CONTEXT('2D SPACE',''
  ) );
#1824 = ADVANCED_FACE('',(#1825),#435,.T.);
#1825 = FACE_BOUND('',#1826,.T.);
#1826 = EDGE_LOOP('',(#1827,#1847,#1848,#1849));
#1827 = ORIENTED_EDGE('',*,*,#1828,.F.);
#1828 = EDGE_CURVE('',#1657,#748,#1829,.T.);
#1829 = SURFACE_CURVE('',#1830,(#1833,#1840),.PCURVE_S1.);
#1830 = B_SPLINE_CURVE_WITH_KNOTS('',1,(#1831,#1832),.UNSPECIFIED.,.F.,
  .F.,(2,2),(0.,1.),.PIECEWISE_BEZIER_KNOTS.);
#1831 = CARTESIAN_POINT('',(11.05,-14.75,37.9));
#1832 = CARTESIAN_POINT('',(9.8,-13.3,54.1));
#1833 = PCURVE('',#435,#1834);
#1834 = DEFINITIONAL_REPRESENTATION('',(#1835),#1839);
#1835 = LINE('',#1836,#1837);
#1836 = CARTESIAN_POINT('',(3.14159265359,0.));
#1837 = VECTOR('',#1838,1.);
#1838 = DIRECTION('',(0.,1.));
#1839 = ( GEOMETRIC_REPRESENTATION_CONTEXT(2) 
PARAMETRIC_REPRESENTATION_CONTEXT() REPRESENTATION_CONTEXT('2D SPACE',''
  ) );
#1840 = PCURVE('',#767,#1841);
#1841 = DEFINITIONAL_REPRESENTATION('',(#1842),#1846);
#1842 = LINE('',#1843,#1844);
#1843 = CARTESIAN_POINT('',(28.5,0.));
#1844 = VECTOR('',#1845,1.);
#1845 = DIRECTION('',(0.,1.));
#1846 = ( GEOMETRIC_REPRESENTATION_CONTEXT(2) 
PARAMETRIC_REPRESENTATION_CONTEXT() REPRESENTATION_CONTEXT('2D SPACE',''
  ) );
#1847 = ORIENTED_EDGE('',*,*,#1679,.T.);
#1848 = ORIENTED_EDGE('',*,*,#418,.T.);
#1849 = ORIENTED_EDGE('',*,*,#781,.T.);
#1850 = ADVANCED_FACE('',(#1851),#767,.T.);
#1851 = FACE_BOUND('',#1852,.T.);
#1852 = EDGE_LOOP('',(#1853,#1875,#1876,#1877,#1878,#1900,#1932,#1957,
    #2001,#2028));
#1853 = ORIENTED_EDGE('',*,*,#1854,.F.);
#1854 = EDGE_CURVE('',#1617,#1855,#1857,.T.);
#1855 = VERTEX_POINT('',#1856);
#1856 = CARTESIAN_POINT('',(9.981393678161,10.313577586207,
    51.749137931034));
#1857 = SURFACE_CURVE('',#1858,(#1861,#1868),.PCURVE_S1.);
#1858 = B_SPLINE_CURVE_WITH_KNOTS('',1,(#1859,#1860),.UNSPECIFIED.,.F.,
  .F.,(2,2),(0.,1.),.PIECEWISE_BEZIER_KNOTS.);
#1859 = CARTESIAN_POINT('',(11.05,12.75,37.9));
#1860 = CARTESIAN_POINT('',(9.8,9.9,54.1));
#1861 = PCURVE('',#767,#1862);
#1862 = DEFINITIONAL_REPRESENTATION('',(#1863),#1867);
#1863 = LINE('',#1864,#1865);
#1864 = CARTESIAN_POINT('',(1.,0.));
#1865 = VECTOR('',#1866,1.);
#1866 = DIRECTION('',(0.,1.));
#1867 = ( GEOMETRIC_REPRESENTATION_CONTEXT(2) 
PARAMETRIC_REPRESENTATION_CONTEXT() REPRESENTATION_CONTEXT('2D SPACE',''
  ) );
#1868 = PCURVE('',#1633,#1869);
#1869 = DEFINITIONAL_REPRESENTATION('',(#1870),#1874);
#1870 = LINE('',#1871,#1872);
#1871 = CARTESIAN_POINT('',(3.14159265359,0.));
#1872 = VECTOR('',#1873,1.);
#1873 = DIRECTION('',(0.,1.));
#1874 = ( GEOMETRIC_REPRESENTATION_CONTEXT(2) 
PARAMETRIC_REPRESENTATION_CONTEXT() REPRESENTATION_CONTEXT('2D SPACE',''
  ) );
#1875 = ORIENTED_EDGE('',*,*,#1656,.T.);
#1876 = ORIENTED_EDGE('',*,*,#1828,.T.);
#1877 = ORIENTED_EDGE('',*,*,#747,.T.);
#1878 = ORIENTED_EDGE('',*,*,#1879,.F.);
#1879 = EDGE_CURVE('',#1880,#722,#1882,.T.);
#1880 = VERTEX_POINT('',#1881);
#1881 = CARTESIAN_POINT('',(9.8,-7.733125783613,54.1));
#1882 = SURFACE_CURVE('',#1883,(#1887,#1893),.PCURVE_S1.);
#1883 = LINE('',#1884,#1885);
#1884 = CARTESIAN_POINT('',(9.8,10.9,54.1));
#1885 = VECTOR('',#1886,1.);
#1886 = DIRECTION('',(0.,-1.,0.));
#1887 = PCURVE('',#767,#1888);
#1888 = DEFINITIONAL_REPRESENTATION('',(#1889),#1892);
#1889 = B_SPLINE_CURVE_WITH_KNOTS('',1,(#1890,#1891),.UNSPECIFIED.,.F.,
  .F.,(2,2),(1.,24.2),.PIECEWISE_BEZIER_KNOTS.);
#1890 = CARTESIAN_POINT('',(1.,1.));
#1891 = CARTESIAN_POINT('',(28.5,1.));
#1892 = ( GEOMETRIC_REPRESENTATION_CONTEXT(2) 
PARAMETRIC_REPRESENTATION_CONTEXT() REPRESENTATION_CONTEXT('2D SPACE',''
  ) );
#1893 = PCURVE('',#736,#1894);
#1894 = DEFINITIONAL_REPRESENTATION('',(#1895),#1899);
#1895 = LINE('',#1896,#1897);
#1896 = CARTESIAN_POINT('',(-22.,24.2));
#1897 = VECTOR('',#1898,1.);
#1898 = DIRECTION('',(0.,-1.));
#1899 = ( GEOMETRIC_REPRESENTATION_CONTEXT(2) 
PARAMETRIC_REPRESENTATION_CONTEXT() REPRESENTATION_CONTEXT('2D SPACE',''
  ) );
#1900 = ORIENTED_EDGE('',*,*,#1901,.T.);
#1901 = EDGE_CURVE('',#1880,#1902,#1904,.T.);
#1902 = VERTEX_POINT('',#1903);
#1903 = CARTESIAN_POINT('',(9.938888888889,-7.758940558144,52.3));
#1904 = SURFACE_CURVE('',#1905,(#1912,#1922),.PCURVE_S1.);
#1905 = B_SPLINE_CURVE_WITH_KNOTS('',5,(#1906,#1907,#1908,#1909,#1910,
    #1911),.UNSPECIFIED.,.F.,.F.,(6,6),(0.,1.),
  .PIECEWISE_BEZIER_KNOTS.);
#1906 = CARTESIAN_POINT('',(9.8,-7.733125783613,54.1));
#1907 = CARTESIAN_POINT('',(9.827759513312,-7.727962509954,
    53.740236707477));
#1908 = CARTESIAN_POINT('',(9.85554712191,-7.728022881423,
    53.380109300044));
#1909 = CARTESIAN_POINT('',(9.883342562633,-7.733298076897,
    53.019880388282));
#1910 = CARTESIAN_POINT('',(9.911128172095,-7.743670703146,
    52.659778889653));
#1911 = CARTESIAN_POINT('',(9.938888888889,-7.758940582692,52.3));
#1912 = PCURVE('',#767,#1913);
#1913 = DEFINITIONAL_REPRESENTATION('',(#1914),#1921);
#1914 = B_SPLINE_CURVE_WITH_KNOTS('',5,(#1915,#1916,#1917,#1918,#1919,
    #1920),.UNSPECIFIED.,.F.,.F.,(6,6),(0.,1.),
  .PIECEWISE_BEZIER_KNOTS.);
#1915 = CARTESIAN_POINT('',(21.901334441783,1.));
#1916 = CARTESIAN_POINT('',(21.88420538618,0.97779238935));
#1917 = CARTESIAN_POINT('',(21.873433312033,0.955562302472));
#1918 = CARTESIAN_POINT('',(21.868885144721,0.933325949894));
#1919 = CARTESIAN_POINT('',(21.87030322226,0.911097462324));
#1920 = CARTESIAN_POINT('',(21.877347696933,0.888888888889));
#1921 = ( GEOMETRIC_REPRESENTATION_CONTEXT(2) 
PARAMETRIC_REPRESENTATION_CONTEXT() REPRESENTATION_CONTEXT('2D SPACE',''
  ) );
#1922 = PCURVE('',#649,#1923);
#1923 = DEFINITIONAL_REPRESENTATION('',(#1924),#1931);
#1924 = B_SPLINE_CURVE_WITH_KNOTS('',5,(#1925,#1926,#1927,#1928,#1929,
    #1930),.UNSPECIFIED.,.F.,.F.,(6,6),(0.,1.),
  .PIECEWISE_BEZIER_KNOTS.);
#1925 = CARTESIAN_POINT('',(1.993346191092,0.180904522574));
#1926 = CARTESIAN_POINT('',(2.004132922482,0.14474740788));
#1927 = CARTESIAN_POINT('',(2.015243762181,0.10855369838));
#1928 = CARTESIAN_POINT('',(2.026656930798,7.234978784471E-02));
#1929 = CARTESIAN_POINT('',(2.03834296594,3.615868235387E-02));
#1930 = CARTESIAN_POINT('',(2.050268101,-2.14233993845E-15));
#1931 = ( GEOMETRIC_REPRESENTATION_CONTEXT(2) 
PARAMETRIC_REPRESENTATION_CONTEXT() REPRESENTATION_CONTEXT('2D SPACE',''
  ) );
#1932 = ORIENTED_EDGE('',*,*,#1933,.T.);
#1933 = EDGE_CURVE('',#1902,#1934,#1936,.T.);
#1934 = VERTEX_POINT('',#1935);
#1935 = CARTESIAN_POINT('',(9.938888888889,2.758940558144,52.3));
#1936 = SURFACE_CURVE('',#1937,(#1940,#1946),.PCURVE_S1.);
#1937 = B_SPLINE_CURVE_WITH_KNOTS('',1,(#1938,#1939),.UNSPECIFIED.,.F.,
  .F.,(2,2),(0.,1.),.PIECEWISE_BEZIER_KNOTS.);
#1938 = CARTESIAN_POINT('',(9.938888888889,-13.46111111111,52.3));
#1939 = CARTESIAN_POINT('',(9.938888888889,8.9,52.3));
#1940 = PCURVE('',#767,#1941);
#1941 = DEFINITIONAL_REPRESENTATION('',(#1942),#1945);
#1942 = B_SPLINE_CURVE_WITH_KNOTS('',1,(#1943,#1944),.UNSPECIFIED.,.F.,
  .F.,(2,2),(0.,1.),.PIECEWISE_BEZIER_KNOTS.);
#1943 = CARTESIAN_POINT('',(28.5,0.888888888889));
#1944 = CARTESIAN_POINT('',(2.529211637729,0.888888888889));
#1945 = ( GEOMETRIC_REPRESENTATION_CONTEXT(2) 
PARAMETRIC_REPRESENTATION_CONTEXT() REPRESENTATION_CONTEXT('2D SPACE',''
  ) );
#1946 = PCURVE('',#1947,#1952);
#1947 = PLANE('',#1948);
#1948 = AXIS2_PLACEMENT_3D('',#1949,#1950,#1951);
#1949 = CARTESIAN_POINT('',(18.9,-2.5,52.3));
#1950 = DIRECTION('',(0.,-0.,1.));
#1951 = DIRECTION('',(1.110223024625E-16,1.,0.));
#1952 = DEFINITIONAL_REPRESENTATION('',(#1953),#1956);
#1953 = B_SPLINE_CURVE_WITH_KNOTS('',1,(#1954,#1955),.UNSPECIFIED.,.F.,
  .F.,(2,2),(0.,1.),.PIECEWISE_BEZIER_KNOTS.);
#1954 = CARTESIAN_POINT('',(-10.96111111111,8.961111111111));
#1955 = CARTESIAN_POINT('',(11.4,8.961111111111));
#1956 = ( GEOMETRIC_REPRESENTATION_CONTEXT(2) 
PARAMETRIC_REPRESENTATION_CONTEXT() REPRESENTATION_CONTEXT('2D SPACE',''
  ) );
#1957 = ORIENTED_EDGE('',*,*,#1958,.T.);
#1958 = EDGE_CURVE('',#1934,#1959,#1961,.T.);
#1959 = VERTEX_POINT('',#1960);
#1960 = CARTESIAN_POINT('',(9.8,2.849757041611,54.1));
#1961 = SURFACE_CURVE('',#1962,(#1973,#1987),.PCURVE_S1.);
#1962 = B_SPLINE_CURVE_WITH_KNOTS('',5,(#1963,#1964,#1965,#1966,#1967,
    #1968,#1969,#1970,#1971,#1972),.UNSPECIFIED.,.F.,.F.,(6,4,6),(0.,
    5.116036417102E-02,1.),.UNSPECIFIED.);
#1963 = CARTESIAN_POINT('',(9.938888888889,2.758940590819,52.3));
#1964 = CARTESIAN_POINT('',(9.937456468816,2.759236506699,
    52.318564164142));
#1965 = CARTESIAN_POINT('',(9.936024267765,2.759549008714,52.33712548977
    ));
#1966 = CARTESIAN_POINT('',(9.934592289538,2.759878087633,
    52.355683927585));
#1967 = CARTESIAN_POINT('',(9.933160537929,2.760223733138,
    52.374239428444));
#1968 = CARTESIAN_POINT('',(9.905179478124,2.767303486025,
    52.736873963519));
#1969 = CARTESIAN_POINT('',(9.878708764632,2.779715339195,
    53.079934410369));
#1970 = CARTESIAN_POINT('',(9.852342232172,2.797749935122,
    53.421644671045));
#1971 = CARTESIAN_POINT('',(9.826100533091,2.821200933224,
    53.761737091141));
#1972 = CARTESIAN_POINT('',(9.8,2.849757041611,54.1));
#1973 = PCURVE('',#767,#1974);
#1974 = DEFINITIONAL_REPRESENTATION('',(#1975),#1986);
#1975 = B_SPLINE_CURVE_WITH_KNOTS('',5,(#1976,#1977,#1978,#1979,#1980,
    #1981,#1982,#1983,#1984,#1985),.UNSPECIFIED.,.F.,.F.,(6,4,6),(0.,
    5.116036417102E-02,1.),.UNSPECIFIED.);
#1976 = CARTESIAN_POINT('',(9.661601143934,0.888888888889));
#1977 = CARTESIAN_POINT('',(9.659266880593,0.890034824947));
#1978 = CARTESIAN_POINT('',(9.656912443596,0.891180585788));
#1979 = CARTESIAN_POINT('',(9.654537828327,0.892326168369));
#1980 = CARTESIAN_POINT('',(9.652143031439,0.893471569657));
#1981 = CARTESIAN_POINT('',(9.604938848184,0.915856417501));
#1982 = CARTESIAN_POINT('',(9.553206712204,0.937032988294));
#1983 = CARTESIAN_POINT('',(9.494518552645,0.958126214262));
#1984 = CARTESIAN_POINT('',(9.429014664868,0.979119573527));
#1985 = CARTESIAN_POINT('',(9.356969023952,1.));
#1986 = ( GEOMETRIC_REPRESENTATION_CONTEXT(2) 
PARAMETRIC_REPRESENTATION_CONTEXT() REPRESENTATION_CONTEXT('2D SPACE',''
  ) );
#1987 = PCURVE('',#649,#1988);
#1988 = DEFINITIONAL_REPRESENTATION('',(#1989),#2000);
#1989 = B_SPLINE_CURVE_WITH_KNOTS('',5,(#1990,#1991,#1992,#1993,#1994,
    #1995,#1996,#1997,#1998,#1999),.UNSPECIFIED.,.F.,.F.,(6,4,6),(0.,
    5.116036417102E-02,1.),.UNSPECIFIED.);
#1990 = CARTESIAN_POINT('',(1.091324551969,2.856453283283E-15));
#1991 = CARTESIAN_POINT('',(1.090459047389,1.865745139953E-03));
#1992 = CARTESIAN_POINT('',(1.089591529394,3.731205002034E-03));
#1993 = CARTESIAN_POINT('',(1.088721998399,5.596374631664E-03));
#1994 = CARTESIAN_POINT('',(1.087850454923,7.461249089853E-03));
#1995 = CARTESIAN_POINT('',(1.070775605051,4.390693098517E-02));
#1996 = CARTESIAN_POINT('',(1.053882062721,7.838536794897E-02));
#1997 = CARTESIAN_POINT('',(1.036300844711,0.112728107533));
#1998 = CARTESIAN_POINT('',(1.018047617054,0.146908250453));
#1999 = CARTESIAN_POINT('',(0.999148024143,0.180904522577));
#2000 = ( GEOMETRIC_REPRESENTATION_CONTEXT(2) 
PARAMETRIC_REPRESENTATION_CONTEXT() REPRESENTATION_CONTEXT('2D SPACE',''
  ) );
#2001 = ORIENTED_EDGE('',*,*,#2002,.F.);
#2002 = EDGE_CURVE('',#2003,#1959,#2005,.T.);
#2003 = VERTEX_POINT('',#2004);
#2004 = CARTESIAN_POINT('',(9.8,7.375,54.1));
#2005 = SURFACE_CURVE('',#2006,(#2010,#2016),.PCURVE_S1.);
#2006 = LINE('',#2007,#2008);
#2007 = CARTESIAN_POINT('',(9.8,10.9,54.1));
#2008 = VECTOR('',#2009,1.);
#2009 = DIRECTION('',(0.,-1.,0.));
#2010 = PCURVE('',#767,#2011);
#2011 = DEFINITIONAL_REPRESENTATION('',(#2012),#2015);
#2012 = B_SPLINE_CURVE_WITH_KNOTS('',1,(#2013,#2014),.UNSPECIFIED.,.F.,
  .F.,(2,2),(1.,24.2),.PIECEWISE_BEZIER_KNOTS.);
#2013 = CARTESIAN_POINT('',(1.,1.));
#2014 = CARTESIAN_POINT('',(28.5,1.));
#2015 = ( GEOMETRIC_REPRESENTATION_CONTEXT(2) 
PARAMETRIC_REPRESENTATION_CONTEXT() REPRESENTATION_CONTEXT('2D SPACE',''
  ) );
#2016 = PCURVE('',#2017,#2022);
#2017 = PLANE('',#2018);
#2018 = AXIS2_PLACEMENT_3D('',#2019,#2020,#2021);
#2019 = CARTESIAN_POINT('',(31.8,-13.3,54.1));
#2020 = DIRECTION('',(0.,-0.,1.));
#2021 = DIRECTION('',(1.,0.,0.));
#2022 = DEFINITIONAL_REPRESENTATION('',(#2023),#2027);
#2023 = LINE('',#2024,#2025);
#2024 = CARTESIAN_POINT('',(-22.,24.2));
#2025 = VECTOR('',#2026,1.);
#2026 = DIRECTION('',(0.,-1.));
#2027 = ( GEOMETRIC_REPRESENTATION_CONTEXT(2) 
PARAMETRIC_REPRESENTATION_CONTEXT() REPRESENTATION_CONTEXT('2D SPACE',''
  ) );
#2028 = ORIENTED_EDGE('',*,*,#2029,.T.);
#2029 = EDGE_CURVE('',#2003,#1855,#2030,.T.);
#2030 = SURFACE_CURVE('',#2031,(#2037,#2046),.PCURVE_S1.);
#2031 = B_SPLINE_CURVE_WITH_KNOTS('',4,(#2032,#2033,#2034,#2035,#2036),
  .UNSPECIFIED.,.F.,.F.,(5,5),(0.,1.),.PIECEWISE_BEZIER_KNOTS.);
#2032 = CARTESIAN_POINT('',(9.8,7.375,54.1));
#2033 = CARTESIAN_POINT('',(9.844879262473,8.102044052068,
    53.518364758346));
#2034 = CARTESIAN_POINT('',(9.890076465563,8.834238742119,
    52.932609006305));
#2035 = CARTESIAN_POINT('',(9.935583951613,9.571460016127,
    52.342831987098));
#2036 = CARTESIAN_POINT('',(9.981393678161,10.313577586207,
    51.749137931034));
#2037 = PCURVE('',#767,#2038);
#2038 = DEFINITIONAL_REPRESENTATION('',(#2039),#2045);
#2039 = B_SPLINE_CURVE_WITH_KNOTS('',4,(#2040,#2041,#2042,#2043,#2044),
  .UNSPECIFIED.,.F.,.F.,(5,5),(0.,1.),.PIECEWISE_BEZIER_KNOTS.);
#2040 = CARTESIAN_POINT('',(3.992995689655,1.));
#2041 = CARTESIAN_POINT('',(3.232570935111,0.964096590021));
#2042 = CARTESIAN_POINT('',(2.48025312772,0.92793882755));
#2043 = CARTESIAN_POINT('',(1.736063110849,0.89153283871));
#2044 = CARTESIAN_POINT('',(1.,0.854885057471));
#2045 = ( GEOMETRIC_REPRESENTATION_CONTEXT(2) 
PARAMETRIC_REPRESENTATION_CONTEXT() REPRESENTATION_CONTEXT('2D SPACE',''
  ) );
#2046 = PCURVE('',#1133,#2047);
#2047 = DEFINITIONAL_REPRESENTATION('',(#2048),#2054);
#2048 = B_SPLINE_CURVE_WITH_KNOTS('',4,(#2049,#2050,#2051,#2052,#2053),
  .UNSPECIFIED.,.F.,.F.,(5,5),(0.,1.),.PIECEWISE_BEZIER_KNOTS.);
#2049 = CARTESIAN_POINT('',(86.282099099408,-9.8));
#2050 = CARTESIAN_POINT('',(87.213169777703,-9.844879262473));
#2051 = CARTESIAN_POINT('',(88.15083649098,-9.890076465563));
#2052 = CARTESIAN_POINT('',(89.094940372571,-9.935583951613));
#2053 = CARTESIAN_POINT('',(90.045314572571,-9.981393678161));
#2054 = ( GEOMETRIC_REPRESENTATION_CONTEXT(2) 
PARAMETRIC_REPRESENTATION_CONTEXT() REPRESENTATION_CONTEXT('2D SPACE',''
  ) );
#2055 = ADVANCED_FACE('',(#2056),#736,.T.);
#2056 = FACE_BOUND('',#2057,.T.);
#2057 = EDGE_LOOP('',(#2058,#2091,#2092));
#2058 = ORIENTED_EDGE('',*,*,#2059,.T.);
#2059 = EDGE_CURVE('',#566,#1880,#2060,.T.);
#2060 = SURFACE_CURVE('',#2061,(#2069,#2080),.PCURVE_S1.);
#2061 = B_SPLINE_CURVE_WITH_KNOTS('',6,(#2062,#2063,#2064,#2065,#2066,
    #2067,#2068),.UNSPECIFIED.,.F.,.F.,(7,7),(0.,1.),
  .PIECEWISE_BEZIER_KNOTS.);
#2062 = CARTESIAN_POINT('',(12.252047650727,-11.14285714285,54.1));
#2063 = CARTESIAN_POINT('',(11.739433280005,-10.66035195598,54.1));
#2064 = CARTESIAN_POINT('',(11.265816127971,-10.13644135121,54.1));
#2065 = CARTESIAN_POINT('',(10.833696391375,-9.576637512707,54.1));
#2066 = CARTESIAN_POINT('',(10.444716632752,-8.986271810126,54.1));
#2067 = CARTESIAN_POINT('',(10.0999214653,-8.370297084674,54.1));
#2068 = CARTESIAN_POINT('',(9.8,-7.733125783613,54.1));
#2069 = PCURVE('',#736,#2070);
#2070 = DEFINITIONAL_REPRESENTATION('',(#2071),#2079);
#2071 = B_SPLINE_CURVE_WITH_KNOTS('',6,(#2072,#2073,#2074,#2075,#2076,
    #2077,#2078),.UNSPECIFIED.,.F.,.F.,(7,7),(0.,1.),
  .PIECEWISE_BEZIER_KNOTS.);
#2072 = CARTESIAN_POINT('',(-19.54795234927,2.157142857143));
#2073 = CARTESIAN_POINT('',(-20.06056671999,2.639648044015));
#2074 = CARTESIAN_POINT('',(-20.53418387202,3.163558648781));
#2075 = CARTESIAN_POINT('',(-20.96630360862,3.723362487293));
#2076 = CARTESIAN_POINT('',(-21.35528336724,4.313728189874));
#2077 = CARTESIAN_POINT('',(-21.7000785347,4.929702915326));
#2078 = CARTESIAN_POINT('',(-22.,5.566874216387));
#2079 = ( GEOMETRIC_REPRESENTATION_CONTEXT(2) 
PARAMETRIC_REPRESENTATION_CONTEXT() REPRESENTATION_CONTEXT('2D SPACE',''
  ) );
#2080 = PCURVE('',#649,#2081);
#2081 = DEFINITIONAL_REPRESENTATION('',(#2082),#2090);
#2082 = B_SPLINE_CURVE_WITH_KNOTS('',6,(#2083,#2084,#2085,#2086,#2087,
    #2088,#2089),.UNSPECIFIED.,.F.,.F.,(7,7),(0.,1.),
  .PIECEWISE_BEZIER_KNOTS.);
#2083 = CARTESIAN_POINT('',(2.389219487607,0.180904522613));
#2084 = CARTESIAN_POINT('',(2.321621305215,0.180904522613));
#2085 = CARTESIAN_POINT('',(2.254751097707,0.180904522613));
#2086 = CARTESIAN_POINT('',(2.188561108157,0.180904522613));
#2087 = CARTESIAN_POINT('',(2.12298573379,0.180904522613));
#2088 = CARTESIAN_POINT('',(2.057948538198,0.180904522613));
#2089 = CARTESIAN_POINT('',(1.99334619108,0.180904522613));
#2090 = ( GEOMETRIC_REPRESENTATION_CONTEXT(2) 
PARAMETRIC_REPRESENTATION_CONTEXT() REPRESENTATION_CONTEXT('2D SPACE',''
  ) );
#2091 = ORIENTED_EDGE('',*,*,#1879,.T.);
#2092 = ORIENTED_EDGE('',*,*,#721,.T.);
#2093 = ADVANCED_FACE('',(#2094),#649,.T.);
#2094 = FACE_BOUND('',#2095,.T.);
#2095 = EDGE_LOOP('',(#2096,#2097,#2119,#2120,#2121,#2122,#2152,#2153,
    #2191,#2271,#2293,#2320,#2321,#2371));
#2096 = ORIENTED_EDGE('',*,*,#1958,.F.);
#2097 = ORIENTED_EDGE('',*,*,#2098,.T.);
#2098 = EDGE_CURVE('',#1934,#1902,#2099,.T.);
#2099 = SURFACE_CURVE('',#2100,(#2105,#2112),.PCURVE_S1.);
#2100 = ELLIPSE('',#2101,11.4,10.1);
#2101 = AXIS2_PLACEMENT_3D('',#2102,#2103,#2104);
#2102 = CARTESIAN_POINT('',(18.9,-2.5,52.3));
#2103 = DIRECTION('',(0.,-0.,1.));
#2104 = DIRECTION('',(1.110223024625E-16,1.,0.));
#2105 = PCURVE('',#649,#2106);
#2106 = DEFINITIONAL_REPRESENTATION('',(#2107),#2111);
#2107 = LINE('',#2108,#2109);
#2108 = CARTESIAN_POINT('',(0.,0.));
#2109 = VECTOR('',#2110,1.);
#2110 = DIRECTION('',(1.,0.));
#2111 = ( GEOMETRIC_REPRESENTATION_CONTEXT(2) 
PARAMETRIC_REPRESENTATION_CONTEXT() REPRESENTATION_CONTEXT('2D SPACE',''
  ) );
#2112 = PCURVE('',#1947,#2113);
#2113 = DEFINITIONAL_REPRESENTATION('',(#2114),#2118);
#2114 = ELLIPSE('',#2115,11.4,10.1);
#2115 = AXIS2_PLACEMENT_2D('',#2116,#2117);
#2116 = CARTESIAN_POINT('',(0.,0.));
#2117 = DIRECTION('',(1.,0.));
#2118 = ( GEOMETRIC_REPRESENTATION_CONTEXT(2) 
PARAMETRIC_REPRESENTATION_CONTEXT() REPRESENTATION_CONTEXT('2D SPACE',''
  ) );
#2119 = ORIENTED_EDGE('',*,*,#1901,.F.);
#2120 = ORIENTED_EDGE('',*,*,#2059,.F.);
#2121 = ORIENTED_EDGE('',*,*,#565,.F.);
#2122 = ORIENTED_EDGE('',*,*,#2123,.F.);
#2123 = EDGE_CURVE('',#1171,#540,#2124,.T.);
#2124 = SURFACE_CURVE('',#2125,(#2132,#2142),.PCURVE_S1.);
#2125 = B_SPLINE_CURVE_WITH_KNOTS('',5,(#2126,#2127,#2128,#2129,#2130,
    #2131),.UNSPECIFIED.,.F.,.F.,(6,6),(0.,1.),
  .PIECEWISE_BEZIER_KNOTS.);
#2126 = CARTESIAN_POINT('',(26.,-9.698225375687,54.1));
#2127 = CARTESIAN_POINT('',(25.781401731692,-10.00883301842,54.1));
#2128 = CARTESIAN_POINT('',(25.548965366211,-10.30967734308,54.1));
#2129 = CARTESIAN_POINT('',(25.302945647382,-10.59970607466,54.1));
#2130 = CARTESIAN_POINT('',(25.043706949367,-10.87780785223,54.1));
#2131 = CARTESIAN_POINT('',(24.771775100567,-11.14285714285,54.1));
#2132 = PCURVE('',#649,#2133);
#2133 = DEFINITIONAL_REPRESENTATION('',(#2134),#2141);
#2134 = B_SPLINE_CURVE_WITH_KNOTS('',5,(#2135,#2136,#2137,#2138,#2139,
    #2140),.UNSPECIFIED.,.F.,.F.,(6,6),(0.,1.),
  .PIECEWISE_BEZIER_KNOTS.);
#2135 = CARTESIAN_POINT('',(3.969847188177,0.180904522613));
#2136 = CARTESIAN_POINT('',(3.933596571925,0.180904522613));
#2137 = CARTESIAN_POINT('',(3.897133092528,0.180904522613));
#2138 = CARTESIAN_POINT('',(3.860448663842,0.180904522613));
#2139 = CARTESIAN_POINT('',(3.823539231518,0.180904522613));
#2140 = CARTESIAN_POINT('',(3.78640626224,0.180904522613));
#2141 = ( GEOMETRIC_REPRESENTATION_CONTEXT(2) 
PARAMETRIC_REPRESENTATION_CONTEXT() REPRESENTATION_CONTEXT('2D SPACE',''
  ) );
#2142 = PCURVE('',#554,#2143);
#2143 = DEFINITIONAL_REPRESENTATION('',(#2144),#2151);
#2144 = B_SPLINE_CURVE_WITH_KNOTS('',5,(#2145,#2146,#2147,#2148,#2149,
    #2150),.UNSPECIFIED.,.F.,.F.,(6,6),(0.,1.),
  .PIECEWISE_BEZIER_KNOTS.);
#2145 = CARTESIAN_POINT('',(-5.8,3.601774624313));
#2146 = CARTESIAN_POINT('',(-6.018598268308,3.291166981576));
#2147 = CARTESIAN_POINT('',(-6.251034633789,2.990322656918));
#2148 = CARTESIAN_POINT('',(-6.497054352618,2.700293925334));
#2149 = CARTESIAN_POINT('',(-6.756293050633,2.422192147764));
#2150 = CARTESIAN_POINT('',(-7.028224899433,2.157142857143));
#2151 = ( GEOMETRIC_REPRESENTATION_CONTEXT(2) 
PARAMETRIC_REPRESENTATION_CONTEXT() REPRESENTATION_CONTEXT('2D SPACE',''
  ) );
#2152 = ORIENTED_EDGE('',*,*,#1170,.F.);
#2153 = ORIENTED_EDGE('',*,*,#2154,.F.);
#2154 = EDGE_CURVE('',#2155,#1145,#2157,.T.);
#2155 = VERTEX_POINT('',#2156);
#2156 = CARTESIAN_POINT('',(22.361126201519,7.375,54.1));
#2157 = SURFACE_CURVE('',#2158,(#2167,#2179),.PCURVE_S1.);
#2158 = B_SPLINE_CURVE_WITH_KNOTS('',7,(#2159,#2160,#2161,#2162,#2163,
    #2164,#2165,#2166),.UNSPECIFIED.,.F.,.F.,(8,8),(0.,1.),
  .PIECEWISE_BEZIER_KNOTS.);
#2159 = CARTESIAN_POINT('',(22.361126201519,7.375,54.1));
#2160 = CARTESIAN_POINT('',(22.987296834388,7.038146791944,54.1));
#2161 = CARTESIAN_POINT('',(23.583914109651,6.646475913053,54.1));
#2162 = CARTESIAN_POINT('',(24.14637151301,6.205026299508,54.1));
#2163 = CARTESIAN_POINT('',(24.671321825068,5.719214200726,54.1));
#2164 = CARTESIAN_POINT('',(25.156299567216,5.194386069916,54.1));
#2165 = CARTESIAN_POINT('',(25.599586771753,4.635675207277,54.1));
#2166 = CARTESIAN_POINT('',(26.,4.04776546436,54.1));
#2167 = PCURVE('',#649,#2168);
#2168 = DEFINITIONAL_REPRESENTATION('',(#2169),#2178);
#2169 = B_SPLINE_CURVE_WITH_KNOTS('',7,(#2170,#2171,#2172,#2173,#2174,
    #2175,#2176,#2177),.UNSPECIFIED.,.F.,.F.,(8,8),(0.,1.),
  .PIECEWISE_BEZIER_KNOTS.);
#2170 = CARTESIAN_POINT('',(5.784769676528,0.180904522613));
#2171 = CARTESIAN_POINT('',(5.714206005487,0.180904522613));
#2172 = CARTESIAN_POINT('',(5.644351568387,0.180904522613));
#2173 = CARTESIAN_POINT('',(5.575246333283,0.180904522613));
#2174 = CARTESIAN_POINT('',(5.506880283817,0.180904522613));
#2175 = CARTESIAN_POINT('',(5.439225271736,0.180904522613));
#2176 = CARTESIAN_POINT('',(5.372233714743,0.180904522613));
#2177 = CARTESIAN_POINT('',(5.305832336458,0.180904522613));
#2178 = ( GEOMETRIC_REPRESENTATION_CONTEXT(2) 
PARAMETRIC_REPRESENTATION_CONTEXT() REPRESENTATION_CONTEXT('2D SPACE',''
  ) );
#2179 = PCURVE('',#1159,#2180);
#2180 = DEFINITIONAL_REPRESENTATION('',(#2181),#2190);
#2181 = B_SPLINE_CURVE_WITH_KNOTS('',7,(#2182,#2183,#2184,#2185,#2186,
    #2187,#2188,#2189),.UNSPECIFIED.,.F.,.F.,(8,8),(0.,1.),
  .PIECEWISE_BEZIER_KNOTS.);
#2182 = CARTESIAN_POINT('',(-9.438873798481,20.675));
#2183 = CARTESIAN_POINT('',(-8.812703165612,20.338146791944));
#2184 = CARTESIAN_POINT('',(-8.216085890349,19.946475913053));
#2185 = CARTESIAN_POINT('',(-7.65362848699,19.505026299508));
#2186 = CARTESIAN_POINT('',(-7.128678174932,19.019214200726));
#2187 = CARTESIAN_POINT('',(-6.643700432784,18.494386069916));
#2188 = CARTESIAN_POINT('',(-6.200413228247,17.935675207277));
#2189 = CARTESIAN_POINT('',(-5.8,17.34776546436));
#2190 = ( GEOMETRIC_REPRESENTATION_CONTEXT(2) 
PARAMETRIC_REPRESENTATION_CONTEXT() REPRESENTATION_CONTEXT('2D SPACE',''
  ) );
#2191 = ORIENTED_EDGE('',*,*,#2192,.F.);
#2192 = EDGE_CURVE('',#2193,#2155,#2195,.T.);
#2193 = VERTEX_POINT('',#2194);
#2194 = CARTESIAN_POINT('',(18.385872770858,8.71270937607,
    53.029832499144));
#2195 = SURFACE_CURVE('',#2196,(#2219,#2245),.PCURVE_S1.);
#2196 = B_SPLINE_CURVE_WITH_KNOTS('',6,(#2197,#2198,#2199,#2200,#2201,
    #2202,#2203,#2204,#2205,#2206,#2207,#2208,#2209,#2210,#2211,#2212,
    #2213,#2214,#2215,#2216,#2217,#2218),.UNSPECIFIED.,.F.,.F.,(7,5,5,5,
    7),(0.,0.166450629044,0.472268305846,0.818869757891,1.),
  .UNSPECIFIED.);
#2197 = CARTESIAN_POINT('',(18.385872770858,8.71270937607,
    53.029832499144));
#2198 = CARTESIAN_POINT('',(18.51029779636,8.716454409362,53.02683647251
    ));
#2199 = CARTESIAN_POINT('',(18.634835014785,8.717631569584,
    53.025894744333));
#2200 = CARTESIAN_POINT('',(18.759378638156,8.71616828164,
    53.027065374688));
#2201 = CARTESIAN_POINT('',(18.883811237974,8.711996818091,
    53.030402545527));
#2202 = CARTESIAN_POINT('',(19.0080039645,8.70505801254,53.035953589968)
  );
#2203 = CARTESIAN_POINT('',(19.359296491096,8.677385834443,
    53.058091332446));
#2204 = CARTESIAN_POINT('',(19.58552754044,8.64996388649,53.080028890808
    ));
#2205 = CARTESIAN_POINT('',(19.809586275985,8.612749852729,
    53.109800117817));
#2206 = CARTESIAN_POINT('',(20.030523733005,8.565598962933,
    53.147520829654));
#2207 = CARTESIAN_POINT('',(20.24738473798,8.508564672582,
    53.193148261934));
#2208 = CARTESIAN_POINT('',(20.699320553899,8.36645669238,
    53.306834646096));
#2209 = CARTESIAN_POINT('',(20.933044662747,8.278634280797,
    53.377092575362));
#2210 = CARTESIAN_POINT('',(21.158991233693,8.178927411289,
    53.456858070968));
#2211 = CARTESIAN_POINT('',(21.376157121025,8.068094390263,
    53.545524487789));
#2212 = CARTESIAN_POINT('',(21.583861283833,7.947100568065,
    53.642319545548));
#2213 = CARTESIAN_POINT('',(21.885072351936,7.749084114552,
    53.800732708358));
#2214 = CARTESIAN_POINT('',(21.985770637877,7.678637907036,
    53.857089674371));
#2215 = CARTESIAN_POINT('',(22.083735956456,7.605857945939,
    53.915313643248));
#2216 = CARTESIAN_POINT('',(22.178947036758,7.530894318824,
    53.975284544941));
#2217 = CARTESIAN_POINT('',(22.27140458848,7.453894652962,54.03688427763
    ));
#2218 = CARTESIAN_POINT('',(22.361126201519,7.375,54.1));
#2219 = PCURVE('',#649,#2220);
#2220 = DEFINITIONAL_REPRESENTATION('',(#2221),#2244);
#2221 = B_SPLINE_CURVE_WITH_KNOTS('',6,(#2222,#2223,#2224,#2225,#2226,
    #2227,#2228,#2229,#2230,#2231,#2232,#2233,#2234,#2235,#2236,#2237,
    #2238,#2239,#2240,#2241,#2242,#2243),.UNSPECIFIED.,.F.,.F.,(7,5,5,5,
    7),(0.,0.166450629044,0.472268305846,0.818869757891,1.),
  .UNSPECIFIED.);
#2222 = CARTESIAN_POINT('',(6.28318530718,7.3349999914E-02));
#2223 = CARTESIAN_POINT('',(6.270881499996,7.304889170963E-02));
#2224 = CARTESIAN_POINT('',(6.258428144228,7.295424566166E-02));
#2225 = CARTESIAN_POINT('',(6.245826122297,7.307189695363E-02));
#2226 = CARTESIAN_POINT('',(6.233077322857,7.340729100786E-02));
#2227 = CARTESIAN_POINT('',(6.220184923514,7.396518492157E-02));
#2228 = CARTESIAN_POINT('',(6.183211519594,7.619008366305E-02));
#2229 = CARTESIAN_POINT('',(6.158797040381,7.839486339791E-02));
#2230 = CARTESIAN_POINT('',(6.133945557984,8.138694651444E-02));
#2231 = CARTESIAN_POINT('',(6.108699950425,8.517797282967E-02));
#2232 = CARTESIAN_POINT('',(6.083116390332,8.976364441561E-02));
#2233 = CARTESIAN_POINT('',(6.027976919327,0.101189411668));
#2234 = CARTESIAN_POINT('',(5.998336933409,0.108250510087));
#2235 = CARTESIAN_POINT('',(5.968463202699,0.116267142811));
#2236 = CARTESIAN_POINT('',(5.938455813145,0.125178340481));
#2237 = CARTESIAN_POINT('',(5.908409959217,0.13490648699));
#2238 = CARTESIAN_POINT('',(5.862744076541,0.150827407875));
#2239 = CARTESIAN_POINT('',(5.847083184195,0.15649142456));
#2240 = CARTESIAN_POINT('',(5.831446363751,0.162343079723));
#2241 = CARTESIAN_POINT('',(5.815843303514,0.168370306024));
#2242 = CARTESIAN_POINT('',(5.800282161077,0.174561233933));
#2243 = CARTESIAN_POINT('',(5.784769676528,0.180904522613));
#2244 = ( GEOMETRIC_REPRESENTATION_CONTEXT(2) 
PARAMETRIC_REPRESENTATION_CONTEXT() REPRESENTATION_CONTEXT('2D SPACE',''
  ) );
#2245 = PCURVE('',#1133,#2246);
#2246 = DEFINITIONAL_REPRESENTATION('',(#2247),#2270);
#2247 = B_SPLINE_CURVE_WITH_KNOTS('',6,(#2248,#2249,#2250,#2251,#2252,
    #2253,#2254,#2255,#2256,#2257,#2258,#2259,#2260,#2261,#2262,#2263,
    #2264,#2265,#2266,#2267,#2268,#2269),.UNSPECIFIED.,.F.,.F.,(7,5,5,5,
    7),(0.,0.166450629044,0.472268305846,0.818869757891,1.),
  .UNSPECIFIED.);
#2248 = CARTESIAN_POINT('',(87.995202965118,-18.38587277085));
#2249 = CARTESIAN_POINT('',(87.999998947807,-18.51029779636));
#2250 = CARTESIAN_POINT('',(88.001506448437,-18.63483501478));
#2251 = CARTESIAN_POINT('',(87.999632525537,-18.75937863815));
#2252 = CARTESIAN_POINT('',(87.994290445666,-18.88381123797));
#2253 = CARTESIAN_POINT('',(87.985404438864,-19.0080039645));
#2254 = CARTESIAN_POINT('',(87.94996676001,-19.35929649109));
#2255 = CARTESIAN_POINT('',(87.914849532095,-19.58552754044));
#2256 = CARTESIAN_POINT('',(87.867192315785,-19.80958627598));
#2257 = CARTESIAN_POINT('',(87.806809714731,-20.030523733));
#2258 = CARTESIAN_POINT('',(87.73377018535,-20.24738473798));
#2259 = CARTESIAN_POINT('',(87.551783174877,-20.69932055389));
#2260 = CARTESIAN_POINT('',(87.439315612437,-20.93304466274));
#2261 = CARTESIAN_POINT('',(87.31162851788,-21.15899123369));
#2262 = CARTESIAN_POINT('',(87.169692997232,-21.37615712102));
#2263 = CARTESIAN_POINT('',(87.014745302133,-21.58386128383));
#2264 = CARTESIAN_POINT('',(86.761160511553,-21.88507235193));
#2265 = CARTESIAN_POINT('',(86.670945347797,-21.98577063787));
#2266 = CARTESIAN_POINT('',(86.577741521217,-22.08373595645));
#2267 = CARTESIAN_POINT('',(86.481741237675,-22.17894703675));
#2268 = CARTESIAN_POINT('',(86.383133552325,-22.27140458848));
#2269 = CARTESIAN_POINT('',(86.282099099408,-22.36112620151));
#2270 = ( GEOMETRIC_REPRESENTATION_CONTEXT(2) 
PARAMETRIC_REPRESENTATION_CONTEXT() REPRESENTATION_CONTEXT('2D SPACE',''
  ) );
#2271 = ORIENTED_EDGE('',*,*,#2272,.T.);
#2272 = EDGE_CURVE('',#2193,#2273,#2275,.T.);
#2273 = VERTEX_POINT('',#2274);
#2274 = CARTESIAN_POINT('',(11.890767147305,6.346617257668,62.25));
#2275 = SEAM_CURVE('',#2276,(#2279,#2286),.PCURVE_S1.);
#2276 = B_SPLINE_CURVE_WITH_KNOTS('',1,(#2277,#2278),.UNSPECIFIED.,.F.,
  .F.,(2,2),(0.,1.),.PIECEWISE_BEZIER_KNOTS.);
#2277 = CARTESIAN_POINT('',(18.9,8.9,52.3));
#2278 = CARTESIAN_POINT('',(11.890767147305,6.346617257668,62.25));
#2279 = PCURVE('',#649,#2280);
#2280 = DEFINITIONAL_REPRESENTATION('',(#2281),#2285);
#2281 = LINE('',#2282,#2283);
#2282 = CARTESIAN_POINT('',(0.,0.));
#2283 = VECTOR('',#2284,1.);
#2284 = DIRECTION('',(0.,1.));
#2285 = ( GEOMETRIC_REPRESENTATION_CONTEXT(2) 
PARAMETRIC_REPRESENTATION_CONTEXT() REPRESENTATION_CONTEXT('2D SPACE',''
  ) );
#2286 = PCURVE('',#649,#2287);
#2287 = DEFINITIONAL_REPRESENTATION('',(#2288),#2292);
#2288 = LINE('',#2289,#2290);
#2289 = CARTESIAN_POINT('',(6.28318530718,0.));
#2290 = VECTOR('',#2291,1.);
#2291 = DIRECTION('',(0.,1.));
#2292 = ( GEOMETRIC_REPRESENTATION_CONTEXT(2) 
PARAMETRIC_REPRESENTATION_CONTEXT() REPRESENTATION_CONTEXT('2D SPACE',''
  ) );
#2293 = ORIENTED_EDGE('',*,*,#2294,.F.);
#2294 = EDGE_CURVE('',#2273,#2273,#2295,.T.);
#2295 = SURFACE_CURVE('',#2296,(#2301,#2308),.PCURVE_S1.);
#2296 = ELLIPSE('',#2297,10.44390036999,8.592905271305);
#2297 = AXIS2_PLACEMENT_3D('',#2298,#2299,#2300);
#2298 = CARTESIAN_POINT('',(15.898913213,-3.297542635985,62.25));
#2299 = DIRECTION('',(0.,0.,1.));
#2300 = DIRECTION('',(-0.383778657752,0.923425114372,0.));
#2301 = PCURVE('',#649,#2302);
#2302 = DEFINITIONAL_REPRESENTATION('',(#2303),#2307);
#2303 = LINE('',#2304,#2305);
#2304 = CARTESIAN_POINT('',(0.,1.));
#2305 = VECTOR('',#2306,1.);
#2306 = DIRECTION('',(1.,0.));
#2307 = ( GEOMETRIC_REPRESENTATION_CONTEXT(2) 
PARAMETRIC_REPRESENTATION_CONTEXT() REPRESENTATION_CONTEXT('2D SPACE',''
  ) );
#2308 = PCURVE('',#2309,#2314);
#2309 = PLANE('',#2310);
#2310 = AXIS2_PLACEMENT_3D('',#2311,#2312,#2313);
#2311 = CARTESIAN_POINT('',(15.898913213,-3.297542635985,62.25));
#2312 = DIRECTION('',(0.,0.,1.));
#2313 = DIRECTION('',(-0.383778657752,0.923425114372,0.));
#2314 = DEFINITIONAL_REPRESENTATION('',(#2315),#2319);
#2315 = ELLIPSE('',#2316,10.44390036999,8.592905271305);
#2316 = AXIS2_PLACEMENT_2D('',#2317,#2318);
#2317 = CARTESIAN_POINT('',(0.,0.));
#2318 = DIRECTION('',(1.,0.));
#2319 = ( GEOMETRIC_REPRESENTATION_CONTEXT(2) 
PARAMETRIC_REPRESENTATION_CONTEXT() REPRESENTATION_CONTEXT('2D SPACE',''
  ) );
#2320 = ORIENTED_EDGE('',*,*,#2272,.F.);
#2321 = ORIENTED_EDGE('',*,*,#2322,.F.);
#2322 = EDGE_CURVE('',#2323,#2193,#2325,.T.);
#2323 = VERTEX_POINT('',#2324);
#2324 = CARTESIAN_POINT('',(13.988004055445,7.375,54.1));
#2325 = SURFACE_CURVE('',#2326,(#2339,#2355),.PCURVE_S1.);
#2326 = B_SPLINE_CURVE_WITH_KNOTS('',6,(#2327,#2328,#2329,#2330,#2331,
    #2332,#2333,#2334,#2335,#2336,#2337,#2338),.UNSPECIFIED.,.F.,.F.,(7,
    5,7),(0.,0.606088633456,1.),.UNSPECIFIED.);
#2327 = CARTESIAN_POINT('',(13.988004055445,7.375,54.1));
#2328 = CARTESIAN_POINT('',(14.379117336413,7.59766070418,
    53.921871436656));
#2329 = CARTESIAN_POINT('',(14.784098682121,7.805210591317,
    53.755831526947));
#2330 = CARTESIAN_POINT('',(15.203270105993,7.995797656471,
    53.603361874823));
#2331 = CARTESIAN_POINT('',(15.636440718144,8.166764920529,
    53.466588063577));
#2332 = CARTESIAN_POINT('',(16.082804070961,8.31479738513,
    53.348162091896));
#2333 = CARTESIAN_POINT('',(16.838726691164,8.514552330388,
    53.18835813569));
#2334 = CARTESIAN_POINT('',(17.141372776921,8.581821934005,
    53.134542452796));
#2335 = CARTESIAN_POINT('',(17.448426609025,8.636560206457,
    53.090751834834));
#2336 = CARTESIAN_POINT('',(17.75906533018,8.677490544814,
    53.058007564149));
#2337 = CARTESIAN_POINT('',(18.072090136976,8.703264922225,
    53.03738806222));
#2338 = CARTESIAN_POINT('',(18.385872770858,8.71270937607,
    53.029832499144));
#2339 = PCURVE('',#649,#2340);
#2340 = DEFINITIONAL_REPRESENTATION('',(#2341),#2354);
#2341 = B_SPLINE_CURVE_WITH_KNOTS('',6,(#2342,#2343,#2344,#2345,#2346,
    #2347,#2348,#2349,#2350,#2351,#2352,#2353),.UNSPECIFIED.,.F.,.F.,(7,
    5,7),(0.,0.606088633456,1.),.UNSPECIFIED.);
#2342 = CARTESIAN_POINT('',(0.390856073739,0.180904522613));
#2343 = CARTESIAN_POINT('',(0.358004017747,0.163002154438));
#2344 = CARTESIAN_POINT('',(0.323959403745,0.146314726326));
#2345 = CARTESIAN_POINT('',(0.288540918236,0.130991143198));
#2346 = CARTESIAN_POINT('',(0.251567659854,0.117245031515));
#2347 = CARTESIAN_POINT('',(0.212847005389,0.105342923809));
#2348 = CARTESIAN_POINT('',(0.145679655898,8.928222469251E-02));
#2349 = CARTESIAN_POINT('',(0.118390680602,8.387361334637E-02));
#2350 = CARTESIAN_POINT('',(9.021250035516E-02,7.947254621455E-02));
#2351 = CARTESIAN_POINT('',(6.110149549045E-02,7.618166473864E-02));
#2352 = CARTESIAN_POINT('',(3.102849293603E-02,7.410935298696E-02));
#2353 = CARTESIAN_POINT('',(0.,7.334999991401E-02));
#2354 = ( GEOMETRIC_REPRESENTATION_CONTEXT(2) 
PARAMETRIC_REPRESENTATION_CONTEXT() REPRESENTATION_CONTEXT('2D SPACE',''
  ) );
#2355 = PCURVE('',#1133,#2356);
#2356 = DEFINITIONAL_REPRESENTATION('',(#2357),#2370);
#2357 = B_SPLINE_CURVE_WITH_KNOTS('',6,(#2358,#2359,#2360,#2361,#2362,
    #2363,#2364,#2365,#2366,#2367,#2368,#2369),.UNSPECIFIED.,.F.,.F.,(7,
    5,7),(0.,0.606088633456,1.),.UNSPECIFIED.);
#2358 = CARTESIAN_POINT('',(86.282099099408,-13.98800405544));
#2359 = CARTESIAN_POINT('',(86.567243929739,-14.37911733641));
#2360 = CARTESIAN_POINT('',(86.8330374723,-14.78409868212));
#2361 = CARTESIAN_POINT('',(87.077108003545,-15.20327010599));
#2362 = CARTESIAN_POINT('',(87.296052930006,-15.63644071814));
#2363 = CARTESIAN_POINT('',(87.485626982408,-16.08280407096));
#2364 = CARTESIAN_POINT('',(87.741438128713,-16.83872669116));
#2365 = CARTESIAN_POINT('',(87.827585254587,-17.14137277692));
#2366 = CARTESIAN_POINT('',(87.897684446397,-17.44842660902));
#2367 = CARTESIAN_POINT('',(87.950100854713,-17.75906533018));
#2368 = CARTESIAN_POINT('',(87.983108162854,-18.07209013697));
#2369 = CARTESIAN_POINT('',(87.995202965118,-18.38587277085));
#2370 = ( GEOMETRIC_REPRESENTATION_CONTEXT(2) 
PARAMETRIC_REPRESENTATION_CONTEXT() REPRESENTATION_CONTEXT('2D SPACE',''
  ) );
#2371 = ORIENTED_EDGE('',*,*,#2372,.F.);
#2372 = EDGE_CURVE('',#1959,#2323,#2373,.T.);
#2373 = SURFACE_CURVE('',#2374,(#2387,#2403),.PCURVE_S1.);
#2374 = B_SPLINE_CURVE_WITH_KNOTS('',6,(#2375,#2376,#2377,#2378,#2379,
    #2380,#2381,#2382,#2383,#2384,#2385,#2386),.UNSPECIFIED.,.F.,.F.,(7,
    5,7),(0.,0.516008254851,1.),.UNSPECIFIED.);
#2375 = CARTESIAN_POINT('',(9.8,2.849757041611,54.1));
#2376 = CARTESIAN_POINT('',(10.03382508094,3.335437254233,54.1));
#2377 = CARTESIAN_POINT('',(10.295317994554,3.807758882027,54.1));
#2378 = CARTESIAN_POINT('',(10.58425473241,4.264414363617,54.1));
#2379 = CARTESIAN_POINT('',(10.900219526635,4.702888617145,54.1));
#2380 = CARTESIAN_POINT('',(11.242521802753,5.120513334493,54.1));
#2381 = CARTESIAN_POINT('',(11.954828900044,5.884139493216,54.1));
#2382 = CARTESIAN_POINT('',(12.321802712189,6.232983606734,54.1));
#2383 = CARTESIAN_POINT('',(12.710064203859,6.558776219932,54.1));
#2384 = CARTESIAN_POINT('',(13.118358386893,6.85918922329,54.1));
#2385 = CARTESIAN_POINT('',(13.54505198,7.131946668878,54.1));
#2386 = CARTESIAN_POINT('',(13.988004055445,7.375,54.1));
#2387 = PCURVE('',#649,#2388);
#2388 = DEFINITIONAL_REPRESENTATION('',(#2389),#2402);
#2389 = B_SPLINE_CURVE_WITH_KNOTS('',6,(#2390,#2391,#2392,#2393,#2394,
    #2395,#2396,#2397,#2398,#2399,#2400,#2401),.UNSPECIFIED.,.F.,.F.,(7,
    5,7),(0.,0.516008254851,1.),.UNSPECIFIED.);
#2390 = CARTESIAN_POINT('',(0.999148024122,0.180904522613));
#2391 = CARTESIAN_POINT('',(0.948782676746,0.180904522613));
#2392 = CARTESIAN_POINT('',(0.898068361138,0.180904522613));
#2393 = CARTESIAN_POINT('',(0.846969259156,0.180904522613));
#2394 = CARTESIAN_POINT('',(0.795459956243,0.180904522613));
#2395 = CARTESIAN_POINT('',(0.743522252565,0.180904522613));
#2396 = CARTESIAN_POINT('',(0.642028006527,0.180904522613));
#2397 = CARTESIAN_POINT('',(0.59252285961,0.180904522613));
#2398 = CARTESIAN_POINT('',(0.542636216102,0.180904522613));
#2399 = CARTESIAN_POINT('',(0.49237861088,0.180904522613));
#2400 = CARTESIAN_POINT('',(0.441770640884,0.180904522613));
#2401 = CARTESIAN_POINT('',(0.390856073739,0.180904522613));
#2402 = ( GEOMETRIC_REPRESENTATION_CONTEXT(2) 
PARAMETRIC_REPRESENTATION_CONTEXT() REPRESENTATION_CONTEXT('2D SPACE',''
  ) );
#2403 = PCURVE('',#2017,#2404);
#2404 = DEFINITIONAL_REPRESENTATION('',(#2405),#2418);
#2405 = B_SPLINE_CURVE_WITH_KNOTS('',6,(#2406,#2407,#2408,#2409,#2410,
    #2411,#2412,#2413,#2414,#2415,#2416,#2417),.UNSPECIFIED.,.F.,.F.,(7,
    5,7),(0.,0.516008254851,1.),.UNSPECIFIED.);
#2406 = CARTESIAN_POINT('',(-22.,16.149757041611));
#2407 = CARTESIAN_POINT('',(-21.76617491906,16.635437254233));
#2408 = CARTESIAN_POINT('',(-21.50468200544,17.107758882027));
#2409 = CARTESIAN_POINT('',(-21.21574526759,17.564414363617));
#2410 = CARTESIAN_POINT('',(-20.89978047336,18.002888617145));
#2411 = CARTESIAN_POINT('',(-20.55747819724,18.420513334493));
#2412 = CARTESIAN_POINT('',(-19.84517109995,19.184139493216));
#2413 = CARTESIAN_POINT('',(-19.47819728781,19.532983606734));
#2414 = CARTESIAN_POINT('',(-19.08993579614,19.858776219932));
#2415 = CARTESIAN_POINT('',(-18.6816416131,20.15918922329));
#2416 = CARTESIAN_POINT('',(-18.25494802,20.431946668878));
#2417 = CARTESIAN_POINT('',(-17.81199594455,20.675));
#2418 = ( GEOMETRIC_REPRESENTATION_CONTEXT(2) 
PARAMETRIC_REPRESENTATION_CONTEXT() REPRESENTATION_CONTEXT('2D SPACE',''
  ) );
#2419 = ADVANCED_FACE('',(#2420),#554,.T.);
#2420 = FACE_BOUND('',#2421,.T.);
#2421 = EDGE_LOOP('',(#2422,#2423,#2424));
#2422 = ORIENTED_EDGE('',*,*,#2123,.T.);
#2423 = ORIENTED_EDGE('',*,*,#539,.T.);
#2424 = ORIENTED_EDGE('',*,*,#1298,.T.);
#2425 = ADVANCED_FACE('',(#2426),#1159,.T.);
#2426 = FACE_BOUND('',#2427,.T.);
#2427 = EDGE_LOOP('',(#2428,#2447,#2448));
#2428 = ORIENTED_EDGE('',*,*,#2429,.T.);
#2429 = EDGE_CURVE('',#1119,#2155,#2430,.T.);
#2430 = SURFACE_CURVE('',#2431,(#2435,#2441),.PCURVE_S1.);
#2431 = LINE('',#2432,#2433);
#2432 = CARTESIAN_POINT('',(15.9,7.375,54.1));
#2433 = VECTOR('',#2434,1.);
#2434 = DIRECTION('',(-1.,-0.,0.));
#2435 = PCURVE('',#1159,#2436);
#2436 = DEFINITIONAL_REPRESENTATION('',(#2437),#2440);
#2437 = B_SPLINE_CURVE_WITH_KNOTS('',1,(#2438,#2439),.UNSPECIFIED.,.F.,
  .F.,(2,2),(-10.1,6.1),.PIECEWISE_BEZIER_KNOTS.);
#2438 = CARTESIAN_POINT('',(-5.8,20.675));
#2439 = CARTESIAN_POINT('',(-22.,20.675));
#2440 = ( GEOMETRIC_REPRESENTATION_CONTEXT(2) 
PARAMETRIC_REPRESENTATION_CONTEXT() REPRESENTATION_CONTEXT('2D SPACE',''
  ) );
#2441 = PCURVE('',#1133,#2442);
#2442 = DEFINITIONAL_REPRESENTATION('',(#2443),#2446);
#2443 = B_SPLINE_CURVE_WITH_KNOTS('',1,(#2444,#2445),.UNSPECIFIED.,.F.,
  .F.,(2,2),(-10.1,6.1),.PIECEWISE_BEZIER_KNOTS.);
#2444 = CARTESIAN_POINT('',(86.282099099408,-26.));
#2445 = CARTESIAN_POINT('',(86.282099099408,-9.8));
#2446 = ( GEOMETRIC_REPRESENTATION_CONTEXT(2) 
PARAMETRIC_REPRESENTATION_CONTEXT() REPRESENTATION_CONTEXT('2D SPACE',''
  ) );
#2447 = ORIENTED_EDGE('',*,*,#2154,.T.);
#2448 = ORIENTED_EDGE('',*,*,#1144,.T.);
#2449 = ADVANCED_FACE('',(#2450),#1133,.T.);
#2450 = FACE_BOUND('',#2451,.T.);
#2451 = EDGE_LOOP('',(#2452,#2453,#2454,#2549,#2599,#2619,#2654,#2726,
    #2727,#2746,#2747));
#2452 = ORIENTED_EDGE('',*,*,#2429,.F.);
#2453 = ORIENTED_EDGE('',*,*,#1118,.F.);
#2454 = ORIENTED_EDGE('',*,*,#2455,.F.);
#2455 = EDGE_CURVE('',#2456,#1022,#2458,.T.);
#2456 = VERTEX_POINT('',#2457);
#2457 = CARTESIAN_POINT('',(32.362393839341,11.336221252724,
    50.931022997821));
#2458 = SURFACE_CURVE('',#2459,(#2487,#2518),.PCURVE_S1.);
#2459 = B_SPLINE_CURVE_WITH_KNOTS('',6,(#2460,#2461,#2462,#2463,#2464,
    #2465,#2466,#2467,#2468,#2469,#2470,#2471,#2472,#2473,#2474,#2475,
    #2476,#2477,#2478,#2479,#2480,#2481,#2482,#2483,#2484,#2485,#2486),
  .UNSPECIFIED.,.F.,.F.,(7,5,5,5,5,7),(0.,3.108401431006E-02,
    0.289438374258,0.442556177533,0.710877723258,1.),.UNSPECIFIED.);
#2460 = CARTESIAN_POINT('',(32.362393839341,11.336221252724,
    50.931022997821));
#2461 = CARTESIAN_POINT('',(32.369865262733,11.335759076652,
    50.931392738678));
#2462 = CARTESIAN_POINT('',(32.377324779046,11.335205391092,
    50.931835687127));
#2463 = CARTESIAN_POINT('',(32.38477088489,11.334560191787,
    50.93235184657));
#2464 = CARTESIAN_POINT('',(32.392202083764,11.333823535218,
    50.932941171826));
#2465 = CARTESIAN_POINT('',(32.399616886055,11.332995538596,
    50.933603569123));
#2466 = CARTESIAN_POINT('',(32.46849323333,11.324436804654,
    50.940450556277));
#2467 = CARTESIAN_POINT('',(32.528758788766,11.310497003234,
    50.951602397413));
#2468 = CARTESIAN_POINT('',(32.586898170132,11.290358864467,
    50.967712908427));
#2469 = CARTESIAN_POINT('',(32.642183759785,11.264438402083,
    50.988449278333));
#2470 = CARTESIAN_POINT('',(32.694082706811,11.233314229139,
    51.013348616689));
#2471 = CARTESIAN_POINT('',(32.770772984354,11.176516302068,
    51.058786958345));
#2472 = CARTESIAN_POINT('',(32.798003863506,11.153779947446,
    51.076976042043));
#2473 = CARTESIAN_POINT('',(32.823860966562,11.129572675559,
    51.096341859553));
#2474 = CARTESIAN_POINT('',(32.848302003554,11.104025866659,
    51.116779306673));
#2475 = CARTESIAN_POINT('',(32.871303448796,11.07726664311,
    51.138186685512));
#2476 = CARTESIAN_POINT('',(32.930621841098,11.00059967306,
    51.199520261552));
#2477 = CARTESIAN_POINT('',(32.963929574443,10.948431782706,
    51.241254573835));
#2478 = CARTESIAN_POINT('',(32.992739921898,10.893526761404,
    51.285178590877));
#2479 = CARTESIAN_POINT('',(33.017103245804,10.836433185425,
    51.33085345166));
#2480 = CARTESIAN_POINT('',(33.037115367063,10.777616356143,
    51.377906915086));
#2481 = CARTESIAN_POINT('',(33.069854915484,10.652608988459,
    51.477912809232));
#2482 = CARTESIAN_POINT('',(33.081893798893,10.586215853697,
    51.531027317043));
#2483 = CARTESIAN_POINT('',(33.089116347037,10.518733199497,
    51.585013440402));
#2484 = CARTESIAN_POINT('',(33.091641517879,10.450567625262,
    51.639545899791));
#2485 = CARTESIAN_POINT('',(33.089570294564,10.382076135862,
    51.69433909131));
#2486 = CARTESIAN_POINT('',(33.082974137931,10.313577586207,
    51.749137931034));
#2487 = PCURVE('',#1133,#2488);
#2488 = DEFINITIONAL_REPRESENTATION('',(#2489),#2517);
#2489 = B_SPLINE_CURVE_WITH_KNOTS('',6,(#2490,#2491,#2492,#2493,#2494,
    #2495,#2496,#2497,#2498,#2499,#2500,#2501,#2502,#2503,#2504,#2505,
    #2506,#2507,#2508,#2509,#2510,#2511,#2512,#2513,#2514,#2515,#2516),
  .UNSPECIFIED.,.F.,.F.,(7,5,5,5,5,7),(0.,3.108401431006E-02,
    0.289438374258,0.442556177533,0.710877723258,1.),.UNSPECIFIED.);
#2490 = CARTESIAN_POINT('',(91.354937462037,-32.36239383934));
#2491 = CARTESIAN_POINT('',(91.354345587877,-32.36986526273));
#2492 = CARTESIAN_POINT('',(91.35363652439,-32.37732477904));
#2493 = CARTESIAN_POINT('',(91.352810266129,-32.38477088489));
#2494 = CARTESIAN_POINT('',(91.351866885422,-32.39220208376));
#2495 = CARTESIAN_POINT('',(91.350806532374,-32.39961688605));
#2496 = CARTESIAN_POINT('',(91.339846005025,-32.46849323333));
#2497 = CARTESIAN_POINT('',(91.321994348957,-32.52875878876));
#2498 = CARTESIAN_POINT('',(91.29620494807,-32.58689817013));
#2499 = CARTESIAN_POINT('',(91.263010559884,-32.64218375978));
#2500 = CARTESIAN_POINT('',(91.223152170653,-32.69408270681));
#2501 = CARTESIAN_POINT('',(91.150415333962,-32.77077298435));
#2502 = CARTESIAN_POINT('',(91.121298593291,-32.7980038635));
#2503 = CARTESIAN_POINT('',(91.090298159422,-32.82386096656));
#2504 = CARTESIAN_POINT('',(91.057582281171,-32.84830200355));
#2505 = CARTESIAN_POINT('',(91.023313754595,-32.87130344879));
#2506 = CARTESIAN_POINT('',(90.925132127767,-32.93062184109));
#2507 = CARTESIAN_POINT('',(90.858324631139,-32.96392957444));
#2508 = CARTESIAN_POINT('',(90.788011896608,-32.99273992189));
#2509 = CARTESIAN_POINT('',(90.714896444577,-33.0171032458));
#2510 = CARTESIAN_POINT('',(90.639574151549,-33.03711536706));
#2511 = CARTESIAN_POINT('',(90.479486610374,-33.06985491548));
#2512 = CARTESIAN_POINT('',(90.394461912294,-33.08189379889));
#2513 = CARTESIAN_POINT('',(90.308041948552,-33.08911634703));
#2514 = CARTESIAN_POINT('',(90.220747420443,-33.09164151787));
#2515 = CARTESIAN_POINT('',(90.133035517277,-33.08957029456));
#2516 = CARTESIAN_POINT('',(90.045314572571,-33.08297413793));
#2517 = ( GEOMETRIC_REPRESENTATION_CONTEXT(2) 
PARAMETRIC_REPRESENTATION_CONTEXT() REPRESENTATION_CONTEXT('2D SPACE',''
  ) );
#2518 = PCURVE('',#1075,#2519);
#2519 = DEFINITIONAL_REPRESENTATION('',(#2520),#2548);
#2520 = B_SPLINE_CURVE_WITH_KNOTS('',6,(#2521,#2522,#2523,#2524,#2525,
    #2526,#2527,#2528,#2529,#2530,#2531,#2532,#2533,#2534,#2535,#2536,
    #2537,#2538,#2539,#2540,#2541,#2542,#2543,#2544,#2545,#2546,#2547),
  .UNSPECIFIED.,.F.,.F.,(7,5,5,5,5,7),(0.,3.108401431006E-02,
    0.289438374258,0.442556177533,0.710877723258,1.),.UNSPECIFIED.);
#2521 = CARTESIAN_POINT('',(1.570796326795,0.804384135668));
#2522 = CARTESIAN_POINT('',(1.561636417494,0.804406959178));
#2523 = CARTESIAN_POINT('',(1.552474377367,0.804434301674));
#2524 = CARTESIAN_POINT('',(1.543310882024,0.804466163369));
#2525 = CARTESIAN_POINT('',(1.534146609865,0.804502541471));
#2526 = CARTESIAN_POINT('',(1.524982242073,0.804543430193));
#2527 = CARTESIAN_POINT('',(1.439653835004,0.804966083721));
#2528 = CARTESIAN_POINT('',(1.36350368592,0.805654468976));
#2529 = CARTESIAN_POINT('',(1.287834634359,0.806648944965));
#2530 = CARTESIAN_POINT('',(1.212964806945,0.807928967798));
#2531 = CARTESIAN_POINT('',(1.139143393188,0.809465963993));
#2532 = CARTESIAN_POINT('',(1.023559718614,0.812270799898));
#2533 = CARTESIAN_POINT('',(0.980973971317,0.813393582842));
#2534 = CARTESIAN_POINT('',(0.938840940998,0.814589003676));
#2535 = CARTESIAN_POINT('',(0.897174486596,0.815850574486));
#2536 = CARTESIAN_POINT('',(0.855977401978,0.817172017624));
#2537 = CARTESIAN_POINT('',(0.74386262632,0.820958040837));
#2538 = CARTESIAN_POINT('',(0.673917492342,0.823534232953));
#2539 = CARTESIAN_POINT('',(0.605348959335,0.826245592029));
#2540 = CARTESIAN_POINT('',(0.538066370178,0.82906502788));
#2541 = CARTESIAN_POINT('',(0.471947299527,0.83196956266));
#2542 = CARTESIAN_POINT('',(0.336679375927,0.838142766002));
#2543 = CARTESIAN_POINT('',(0.267708927969,0.841421439324));
#2544 = CARTESIAN_POINT('',(0.199733586893,0.844753916074));
#2545 = CARTESIAN_POINT('',(0.132578278912,0.848120117271));
#2546 = CARTESIAN_POINT('',(6.606619569888E-02,0.851502413044));
#2547 = CARTESIAN_POINT('',(0.,0.854885057471));
#2548 = ( GEOMETRIC_REPRESENTATION_CONTEXT(2) 
PARAMETRIC_REPRESENTATION_CONTEXT() REPRESENTATION_CONTEXT('2D SPACE',''
  ) );
#2549 = ORIENTED_EDGE('',*,*,#2550,.F.);
#2550 = EDGE_CURVE('',#2551,#2456,#2553,.T.);
#2551 = VERTEX_POINT('',#2552);
#2552 = CARTESIAN_POINT('',(31.213007744009,11.477370689655,
    50.818103448276));
#2553 = SURFACE_CURVE('',#2554,(#2567,#2583),.PCURVE_S1.);
#2554 = B_SPLINE_CURVE_WITH_KNOTS('',6,(#2555,#2556,#2557,#2558,#2559,
    #2560,#2561,#2562,#2563,#2564,#2565,#2566),.UNSPECIFIED.,.F.,.F.,(7,
    5,7),(0.,9.353913792109E-02,1.),.UNSPECIFIED.);
#2555 = CARTESIAN_POINT('',(31.213007744009,11.477370689655,
    50.818103448276));
#2556 = CARTESIAN_POINT('',(31.231639855875,11.477370689655,
    50.818103448276));
#2557 = CARTESIAN_POINT('',(31.250264693845,11.477278843465,
    50.818176925228));
#2558 = CARTESIAN_POINT('',(31.26888071213,11.477095018361,
    50.818323985311));
#2559 = CARTESIAN_POINT('',(31.287486369725,11.476819183495,
    50.818544653204));
#2560 = CARTESIAN_POINT('',(31.306080130404,11.476451409894,
    50.818838872085));
#2561 = CARTESIAN_POINT('',(31.504717115225,11.471538606117,
    50.822769115106));
#2562 = CARTESIAN_POINT('',(31.683560709629,11.458466685077,
    50.833226651938));
#2563 = CARTESIAN_POINT('',(31.859672765098,11.436926883531,
    50.850458493175));
#2564 = CARTESIAN_POINT('',(32.031869897875,11.408020275313,
    50.873583779749));
#2565 = CARTESIAN_POINT('',(32.199490015825,11.373681151067,
    50.901055079146));
#2566 = CARTESIAN_POINT('',(32.362393839341,11.336221252724,
    50.931022997821));
#2567 = PCURVE('',#1133,#2568);
#2568 = DEFINITIONAL_REPRESENTATION('',(#2569),#2582);
#2569 = B_SPLINE_CURVE_WITH_KNOTS('',6,(#2570,#2571,#2572,#2573,#2574,
    #2575,#2576,#2577,#2578,#2579,#2580,#2581),.UNSPECIFIED.,.F.,.F.,(7,
    5,7),(0.,9.353913792109E-02,1.),.UNSPECIFIED.);
#2570 = CARTESIAN_POINT('',(91.535696938181,-31.213007744));
#2571 = CARTESIAN_POINT('',(91.535696938181,-31.23163985587));
#2572 = CARTESIAN_POINT('',(91.535579317668,-31.25026469384));
#2573 = CARTESIAN_POINT('',(91.535343906672,-31.26888071213));
#2574 = CARTESIAN_POINT('',(91.534990665688,-31.28748636972));
#2575 = CARTESIAN_POINT('',(91.534519685677,-31.3060801304));
#2576 = CARTESIAN_POINT('',(91.528228227089,-31.50471711522));
#2577 = CARTESIAN_POINT('',(91.511488000201,-31.68356070962));
#2578 = CARTESIAN_POINT('',(91.483903595132,-31.85967276509));
#2579 = CARTESIAN_POINT('',(91.446885074391,-32.03186989787));
#2580 = CARTESIAN_POINT('',(91.402909538641,-32.19949001582));
#2581 = CARTESIAN_POINT('',(91.354937462037,-32.36239383934));
#2582 = ( GEOMETRIC_REPRESENTATION_CONTEXT(2) 
PARAMETRIC_REPRESENTATION_CONTEXT() REPRESENTATION_CONTEXT('2D SPACE',''
  ) );
#2583 = PCURVE('',#1525,#2584);
#2584 = DEFINITIONAL_REPRESENTATION('',(#2585),#2598);
#2585 = B_SPLINE_CURVE_WITH_KNOTS('',6,(#2586,#2587,#2588,#2589,#2590,
    #2591,#2592,#2593,#2594,#2595,#2596,#2597),.UNSPECIFIED.,.F.,.F.,(7,
    5,7),(0.,9.353913792109E-02,1.),.UNSPECIFIED.);
#2586 = CARTESIAN_POINT('',(2.231525423729,0.797413793103));
#2587 = CARTESIAN_POINT('',(2.212737190914,0.797413793103));
#2588 = CARTESIAN_POINT('',(2.193941742528,0.797418328718));
#2589 = CARTESIAN_POINT('',(2.17513847891,0.797427406501));
#2590 = CARTESIAN_POINT('',(2.156326807775,0.797441027976));
#2591 = CARTESIAN_POINT('',(2.137506144218,0.797459189635));
#2592 = CARTESIAN_POINT('',(1.936197537712,0.797701797229));
#2593 = CARTESIAN_POINT('',(1.752771907304,0.798347324194));
#2594 = CARTESIAN_POINT('',(1.568000106527,0.799411018097));
#2595 = CARTESIAN_POINT('',(1.381298225935,0.800838504923));
#2596 = CARTESIAN_POINT('',(1.192107453162,0.802534264145));
#2597 = CARTESIAN_POINT('',(1.,0.804384135668));
#2598 = ( GEOMETRIC_REPRESENTATION_CONTEXT(2) 
PARAMETRIC_REPRESENTATION_CONTEXT() REPRESENTATION_CONTEXT('2D SPACE',''
  ) );
#2599 = ORIENTED_EDGE('',*,*,#2600,.F.);
#2600 = EDGE_CURVE('',#2601,#2551,#2603,.T.);
#2601 = VERTEX_POINT('',#2602);
#2602 = CARTESIAN_POINT('',(12.03526811806,11.477370689655,
    50.818103448276));
#2603 = SURFACE_CURVE('',#2604,(#2607,#2613),.PCURVE_S1.);
#2604 = B_SPLINE_CURVE_WITH_KNOTS('',1,(#2605,#2606),.UNSPECIFIED.,.F.,
  .F.,(2,2),(0.,1.),.PIECEWISE_BEZIER_KNOTS.);
#2605 = CARTESIAN_POINT('',(12.03526811806,11.477370689655,
    50.818103448276));
#2606 = CARTESIAN_POINT('',(31.213007744009,11.477370689655,
    50.818103448276));
#2607 = PCURVE('',#1133,#2608);
#2608 = DEFINITIONAL_REPRESENTATION('',(#2609),#2612);
#2609 = B_SPLINE_CURVE_WITH_KNOTS('',1,(#2610,#2611),.UNSPECIFIED.,.F.,
  .F.,(2,2),(0.,1.),.PIECEWISE_BEZIER_KNOTS.);
#2610 = CARTESIAN_POINT('',(91.535696938181,-12.03526811806));
#2611 = CARTESIAN_POINT('',(91.535696938181,-31.213007744));
#2612 = ( GEOMETRIC_REPRESENTATION_CONTEXT(2) 
PARAMETRIC_REPRESENTATION_CONTEXT() REPRESENTATION_CONTEXT('2D SPACE',''
  ) );
#2613 = PCURVE('',#1564,#2614);
#2614 = DEFINITIONAL_REPRESENTATION('',(#2615),#2618);
#2615 = B_SPLINE_CURVE_WITH_KNOTS('',1,(#2616,#2617),.UNSPECIFIED.,.F.,
  .F.,(2,2),(0.,1.),.PIECEWISE_BEZIER_KNOTS.);
#2616 = CARTESIAN_POINT('',(22.7,0.797413793103));
#2617 = CARTESIAN_POINT('',(1.,0.797413793103));
#2618 = ( GEOMETRIC_REPRESENTATION_CONTEXT(2) 
PARAMETRIC_REPRESENTATION_CONTEXT() REPRESENTATION_CONTEXT('2D SPACE',''
  ) );
#2619 = ORIENTED_EDGE('',*,*,#2620,.F.);
#2620 = EDGE_CURVE('',#2621,#2601,#2623,.T.);
#2621 = VERTEX_POINT('',#2622);
#2622 = CARTESIAN_POINT('',(10.863576926522,11.336221252724,
    50.931022997821));
#2623 = SURFACE_CURVE('',#2624,(#2632,#2643),.PCURVE_S1.);
#2624 = B_SPLINE_CURVE_WITH_KNOTS('',6,(#2625,#2626,#2627,#2628,#2629,
    #2630,#2631),.UNSPECIFIED.,.F.,.F.,(7,7),(0.,1.),
  .PIECEWISE_BEZIER_KNOTS.);
#2625 = CARTESIAN_POINT('',(10.863576926522,11.336221252724,
    50.931022997821));
#2626 = CARTESIAN_POINT('',(11.048714039855,11.377300966413,
    50.898159226869));
#2627 = CARTESIAN_POINT('',(11.239103283061,11.41466570706,
    50.868267434352));
#2628 = CARTESIAN_POINT('',(11.434325835597,11.445306667537,
    50.843754665971));
#2629 = CARTESIAN_POINT('',(11.633307447997,11.466688286516,
    50.826649370787));
#2630 = CARTESIAN_POINT('',(11.834321223865,11.477370689655,
    50.818103448276));
#2631 = CARTESIAN_POINT('',(12.03526811806,11.477370689655,
    50.818103448276));
#2632 = PCURVE('',#1133,#2633);
#2633 = DEFINITIONAL_REPRESENTATION('',(#2634),#2642);
#2634 = B_SPLINE_CURVE_WITH_KNOTS('',6,(#2635,#2636,#2637,#2638,#2639,
    #2640,#2641),.UNSPECIFIED.,.F.,.F.,(7,7),(0.,1.),
  .PIECEWISE_BEZIER_KNOTS.);
#2635 = CARTESIAN_POINT('',(91.354937462037,-10.86357692652));
#2636 = CARTESIAN_POINT('',(91.407545164116,-11.04871403985));
#2637 = CARTESIAN_POINT('',(91.455395379407,-11.23910328306));
#2638 = CARTESIAN_POINT('',(91.494634954746,-11.43432583559));
#2639 = CARTESIAN_POINT('',(91.52201678729,-11.63330744799));
#2640 = CARTESIAN_POINT('',(91.535696938181,-11.83432122386));
#2641 = CARTESIAN_POINT('',(91.535696938181,-12.03526811806));
#2642 = ( GEOMETRIC_REPRESENTATION_CONTEXT(2) 
PARAMETRIC_REPRESENTATION_CONTEXT() REPRESENTATION_CONTEXT('2D SPACE',''
  ) );
#2643 = PCURVE('',#1593,#2644);
#2644 = DEFINITIONAL_REPRESENTATION('',(#2645),#2653);
#2645 = B_SPLINE_CURVE_WITH_KNOTS('',6,(#2646,#2647,#2648,#2649,#2650,
    #2651,#2652),.UNSPECIFIED.,.F.,.F.,(7,7),(0.,1.),
  .PIECEWISE_BEZIER_KNOTS.);
#2646 = CARTESIAN_POINT('',(22.,0.804384135668));
#2647 = CARTESIAN_POINT('',(21.789328868404,0.802355507831));
#2648 = CARTESIAN_POINT('',(21.581968673618,0.800510335454));
#2649 = CARTESIAN_POINT('',(21.377102845115,0.798997201603));
#2650 = CARTESIAN_POINT('',(21.173793013818,0.797941319184));
#2651 = CARTESIAN_POINT('',(20.971105231276,0.797413793103));
#2652 = CARTESIAN_POINT('',(20.768474576271,0.797413793103));
#2653 = ( GEOMETRIC_REPRESENTATION_CONTEXT(2) 
PARAMETRIC_REPRESENTATION_CONTEXT() REPRESENTATION_CONTEXT('2D SPACE',''
  ) );
#2654 = ORIENTED_EDGE('',*,*,#2655,.F.);
#2655 = EDGE_CURVE('',#1855,#2621,#2656,.T.);
#2656 = SURFACE_CURVE('',#2657,(#2678,#2702),.PCURVE_S1.);
#2657 = B_SPLINE_CURVE_WITH_KNOTS('',7,(#2658,#2659,#2660,#2661,#2662,
    #2663,#2664,#2665,#2666,#2667,#2668,#2669,#2670,#2671,#2672,#2673,
    #2674,#2675,#2676,#2677),.UNSPECIFIED.,.F.,.F.,(8,6,6,8),(0.,
    0.338643477838,0.644178009116,1.),.UNSPECIFIED.);
#2658 = CARTESIAN_POINT('',(9.981393678161,10.313577586207,
    51.749137931034));
#2659 = CARTESIAN_POINT('',(9.985725697049,10.383756292194,
    51.692994966245));
#2660 = CARTESIAN_POINT('',(9.994656846341,10.453641254855,
    51.637086996116));
#2661 = CARTESIAN_POINT('',(10.008139063707,10.522927600291,
    51.581657919767));
#2662 = CARTESIAN_POINT('',(10.026150027458,10.591291091357,
    51.526967126914));
#2663 = CARTESIAN_POINT('',(10.048678882661,10.658382800947,
    51.473293759243));
#2664 = CARTESIAN_POINT('',(10.075719537846,10.723821884044,
    51.420942492765));
#2665 = CARTESIAN_POINT('',(10.135738709287,10.844355901937,
    51.32451527845));
#2666 = CARTESIAN_POINT('',(10.167869730711,10.89981971748,
    51.280144226016));
#2667 = CARTESIAN_POINT('',(10.203661984218,10.953272288541,
    51.237382169168));
#2668 = CARTESIAN_POINT('',(10.243099247862,11.004345559709,
    51.196523552233));
#2669 = CARTESIAN_POINT('',(10.286132283641,11.052611902747,
    51.157910477803));
#2670 = CARTESIAN_POINT('',(10.332658606038,11.097592551018,
    51.121925959185));
#2671 = CARTESIAN_POINT('',(10.440547798252,11.186728229053,
    51.050617416758));
#2672 = CARTESIAN_POINT('',(10.503127766158,11.229558333376,
    51.016353333299));
#2673 = CARTESIAN_POINT('',(10.569889930375,11.266368595345,
    50.986905123724));
#2674 = CARTESIAN_POINT('',(10.640275812663,11.296213662872,
    50.963029069703));
#2675 = CARTESIAN_POINT('',(10.713473435578,11.318200507722,
    50.945439593822));
#2676 = CARTESIAN_POINT('',(10.788371593678,11.331614148753,
    50.934708680997));
#2677 = CARTESIAN_POINT('',(10.863576926522,11.336221252724,
    50.931022997821));
#2678 = PCURVE('',#1133,#2679);
#2679 = DEFINITIONAL_REPRESENTATION('',(#2680),#2701);
#2680 = B_SPLINE_CURVE_WITH_KNOTS('',7,(#2681,#2682,#2683,#2684,#2685,
    #2686,#2687,#2688,#2689,#2690,#2691,#2692,#2693,#2694,#2695,#2696,
    #2697,#2698,#2699,#2700),.UNSPECIFIED.,.F.,.F.,(8,6,6,8),(0.,
    0.338643477838,0.644178009116,1.),.UNSPECIFIED.);
#2681 = CARTESIAN_POINT('',(90.045314572571,-9.981393678161));
#2682 = CARTESIAN_POINT('',(90.135187167223,-9.985725697049));
#2683 = CARTESIAN_POINT('',(90.224683586872,-9.994656846341));
#2684 = CARTESIAN_POINT('',(90.313413402429,-10.0081390637));
#2685 = CARTESIAN_POINT('',(90.400961387749,-10.02615002745));
#2686 = CARTESIAN_POINT('',(90.48688069811,-10.04867888266));
#2687 = CARTESIAN_POINT('',(90.570683613921,-10.07571953784));
#2688 = CARTESIAN_POINT('',(90.725042472203,-10.13573870928));
#2689 = CARTESIAN_POINT('',(90.796070812523,-10.16786973071));
#2690 = CARTESIAN_POINT('',(90.864523503185,-10.20366198421));
#2691 = CARTESIAN_POINT('',(90.929929203286,-10.24309924786));
#2692 = CARTESIAN_POINT('',(90.991740281478,-10.28613228364));
#2693 = CARTESIAN_POINT('',(91.04934361731,-10.33265860603));
#2694 = CARTESIAN_POINT('',(91.163492981399,-10.44054779825));
#2695 = CARTESIAN_POINT('',(91.218342277215,-10.50312776615));
#2696 = CARTESIAN_POINT('',(91.265482413336,-10.56988993037));
#2697 = CARTESIAN_POINT('',(91.303702748385,-10.64027581266));
#2698 = CARTESIAN_POINT('',(91.331859648218,-10.71347343557));
#2699 = CARTESIAN_POINT('',(91.349037490218,-10.78837159367));
#2700 = CARTESIAN_POINT('',(91.354937462037,-10.86357692652));
#2701 = ( GEOMETRIC_REPRESENTATION_CONTEXT(2) 
PARAMETRIC_REPRESENTATION_CONTEXT() REPRESENTATION_CONTEXT('2D SPACE',''
  ) );
#2702 = PCURVE('',#1633,#2703);
#2703 = DEFINITIONAL_REPRESENTATION('',(#2704),#2725);
#2704 = B_SPLINE_CURVE_WITH_KNOTS('',7,(#2705,#2706,#2707,#2708,#2709,
    #2710,#2711,#2712,#2713,#2714,#2715,#2716,#2717,#2718,#2719,#2720,
    #2721,#2722,#2723,#2724),.UNSPECIFIED.,.F.,.F.,(8,6,6,8),(0.,
    0.338643477838,0.644178009116,1.),.UNSPECIFIED.);
#2705 = CARTESIAN_POINT('',(3.14159265359,0.854885057471));
#2706 = CARTESIAN_POINT('',(3.073905963185,0.851419442361));
#2707 = CARTESIAN_POINT('',(3.006040444341,0.847968333094));
#2708 = CARTESIAN_POINT('',(2.937805027906,0.844546785171));
#2709 = CARTESIAN_POINT('',(2.86902886551,0.841170810303));
#2710 = CARTESIAN_POINT('',(2.799549093244,0.837857639459));
#2711 = CARTESIAN_POINT('',(2.729197644276,0.8346260798));
#2712 = CARTESIAN_POINT('',(2.593358336683,0.82867378262));
#2713 = CARTESIAN_POINT('',(2.528086474992,0.825934828766));
#2714 = CARTESIAN_POINT('',(2.461831193313,0.823295195628));
#2715 = CARTESIAN_POINT('',(2.394478576842,0.82077305878));
#2716 = CARTESIAN_POINT('',(2.325933634678,0.818389535667));
#2717 = CARTESIAN_POINT('',(2.256118594309,0.816168269086));
#2718 = CARTESIAN_POINT('',(2.102126284946,0.811766507207));
#2719 = CARTESIAN_POINT('',(2.017425510219,0.809651440327));
#2720 = CARTESIAN_POINT('',(1.930899187075,0.807833649613));
#2721 = CARTESIAN_POINT('',(1.842664729992,0.806359819117));
#2722 = CARTESIAN_POINT('',(1.752946865537,0.805274049001));
#2723 = CARTESIAN_POINT('',(1.662104936493,0.804611646975));
#2724 = CARTESIAN_POINT('',(1.570796326795,0.804384135668));
#2725 = ( GEOMETRIC_REPRESENTATION_CONTEXT(2) 
PARAMETRIC_REPRESENTATION_CONTEXT() REPRESENTATION_CONTEXT('2D SPACE',''
  ) );
#2726 = ORIENTED_EDGE('',*,*,#2029,.F.);
#2727 = ORIENTED_EDGE('',*,*,#2728,.F.);
#2728 = EDGE_CURVE('',#2323,#2003,#2729,.T.);
#2729 = SURFACE_CURVE('',#2730,(#2734,#2740),.PCURVE_S1.);
#2730 = LINE('',#2731,#2732);
#2731 = CARTESIAN_POINT('',(15.9,7.375,54.1));
#2732 = VECTOR('',#2733,1.);
#2733 = DIRECTION('',(-1.,-0.,0.));
#2734 = PCURVE('',#1133,#2735);
#2735 = DEFINITIONAL_REPRESENTATION('',(#2736),#2739);
#2736 = B_SPLINE_CURVE_WITH_KNOTS('',1,(#2737,#2738),.UNSPECIFIED.,.F.,
  .F.,(2,2),(-10.1,6.1),.PIECEWISE_BEZIER_KNOTS.);
#2737 = CARTESIAN_POINT('',(86.282099099408,-26.));
#2738 = CARTESIAN_POINT('',(86.282099099408,-9.8));
#2739 = ( GEOMETRIC_REPRESENTATION_CONTEXT(2) 
PARAMETRIC_REPRESENTATION_CONTEXT() REPRESENTATION_CONTEXT('2D SPACE',''
  ) );
#2740 = PCURVE('',#2017,#2741);
#2741 = DEFINITIONAL_REPRESENTATION('',(#2742),#2745);
#2742 = B_SPLINE_CURVE_WITH_KNOTS('',1,(#2743,#2744),.UNSPECIFIED.,.F.,
  .F.,(2,2),(-10.1,6.1),.PIECEWISE_BEZIER_KNOTS.);
#2743 = CARTESIAN_POINT('',(-5.8,20.675));
#2744 = CARTESIAN_POINT('',(-22.,20.675));
#2745 = ( GEOMETRIC_REPRESENTATION_CONTEXT(2) 
PARAMETRIC_REPRESENTATION_CONTEXT() REPRESENTATION_CONTEXT('2D SPACE',''
  ) );
#2746 = ORIENTED_EDGE('',*,*,#2322,.T.);
#2747 = ORIENTED_EDGE('',*,*,#2192,.T.);
#2748 = ADVANCED_FACE('',(#2749),#1075,.T.);
#2749 = FACE_BOUND('',#2750,.T.);
#2750 = EDGE_LOOP('',(#2751,#2771,#2772,#2792,#2793));
#2751 = ORIENTED_EDGE('',*,*,#2752,.F.);
#2752 = EDGE_CURVE('',#1463,#997,#2753,.T.);
#2753 = SURFACE_CURVE('',#2754,(#2757,#2764),.PCURVE_S1.);
#2754 = B_SPLINE_CURVE_WITH_KNOTS('',1,(#2755,#2756),.UNSPECIFIED.,.F.,
  .F.,(2,2),(0.,1.),.PIECEWISE_BEZIER_KNOTS.);
#2755 = CARTESIAN_POINT('',(34.75,12.75,37.9));
#2756 = CARTESIAN_POINT('',(32.8,9.9,54.1));
#2757 = PCURVE('',#1075,#2758);
#2758 = DEFINITIONAL_REPRESENTATION('',(#2759),#2763);
#2759 = LINE('',#2760,#2761);
#2760 = CARTESIAN_POINT('',(0.,0.));
#2761 = VECTOR('',#2762,1.);
#2762 = DIRECTION('',(0.,1.));
#2763 = ( GEOMETRIC_REPRESENTATION_CONTEXT(2) 
PARAMETRIC_REPRESENTATION_CONTEXT() REPRESENTATION_CONTEXT('2D SPACE',''
  ) );
#2764 = PCURVE('',#1010,#2765);
#2765 = DEFINITIONAL_REPRESENTATION('',(#2766),#2770);
#2766 = LINE('',#2767,#2768);
#2767 = CARTESIAN_POINT('',(28.5,0.));
#2768 = VECTOR('',#2769,1.);
#2769 = DIRECTION('',(0.,1.));
#2770 = ( GEOMETRIC_REPRESENTATION_CONTEXT(2) 
PARAMETRIC_REPRESENTATION_CONTEXT() REPRESENTATION_CONTEXT('2D SPACE',''
  ) );
#2771 = ORIENTED_EDGE('',*,*,#1485,.T.);
#2772 = ORIENTED_EDGE('',*,*,#2773,.T.);
#2773 = EDGE_CURVE('',#1486,#2456,#2774,.T.);
#2774 = SURFACE_CURVE('',#2775,(#2778,#2785),.PCURVE_S1.);
#2775 = B_SPLINE_CURVE_WITH_KNOTS('',1,(#2776,#2777),.UNSPECIFIED.,.F.,
  .F.,(2,2),(0.,1.),.PIECEWISE_BEZIER_KNOTS.);
#2776 = CARTESIAN_POINT('',(34.674990948516,13.129989138219,37.9));
#2777 = CARTESIAN_POINT('',(31.8,10.9,54.1));
#2778 = PCURVE('',#1075,#2779);
#2779 = DEFINITIONAL_REPRESENTATION('',(#2780),#2784);
#2780 = LINE('',#2781,#2782);
#2781 = CARTESIAN_POINT('',(1.570796326795,0.));
#2782 = VECTOR('',#2783,1.);
#2783 = DIRECTION('',(0.,1.));
#2784 = ( GEOMETRIC_REPRESENTATION_CONTEXT(2) 
PARAMETRIC_REPRESENTATION_CONTEXT() REPRESENTATION_CONTEXT('2D SPACE',''
  ) );
#2785 = PCURVE('',#1525,#2786);
#2786 = DEFINITIONAL_REPRESENTATION('',(#2787),#2791);
#2787 = LINE('',#2788,#2789);
#2788 = CARTESIAN_POINT('',(1.,0.));
#2789 = VECTOR('',#2790,1.);
#2790 = DIRECTION('',(0.,1.));
#2791 = ( GEOMETRIC_REPRESENTATION_CONTEXT(2) 
PARAMETRIC_REPRESENTATION_CONTEXT() REPRESENTATION_CONTEXT('2D SPACE',''
  ) );
#2792 = ORIENTED_EDGE('',*,*,#2455,.T.);
#2793 = ORIENTED_EDGE('',*,*,#1021,.T.);
#2794 = ADVANCED_FACE('',(#2795),#1010,.T.);
#2795 = FACE_BOUND('',#2796,.T.);
#2796 = EDGE_LOOP('',(#2797,#2817,#2818,#2819));
#2797 = ORIENTED_EDGE('',*,*,#2798,.F.);
#2798 = EDGE_CURVE('',#1440,#900,#2799,.T.);
#2799 = SURFACE_CURVE('',#2800,(#2803,#2810),.PCURVE_S1.);
#2800 = B_SPLINE_CURVE_WITH_KNOTS('',1,(#2801,#2802),.UNSPECIFIED.,.F.,
  .F.,(2,2),(0.,1.),.PIECEWISE_BEZIER_KNOTS.);
#2801 = CARTESIAN_POINT('',(34.75,-14.75,37.9));
#2802 = CARTESIAN_POINT('',(32.8,-13.3,54.1));
#2803 = PCURVE('',#1010,#2804);
#2804 = DEFINITIONAL_REPRESENTATION('',(#2805),#2809);
#2805 = LINE('',#2806,#2807);
#2806 = CARTESIAN_POINT('',(1.,0.));
#2807 = VECTOR('',#2808,1.);
#2808 = DIRECTION('',(0.,1.));
#2809 = ( GEOMETRIC_REPRESENTATION_CONTEXT(2) 
PARAMETRIC_REPRESENTATION_CONTEXT() REPRESENTATION_CONTEXT('2D SPACE',''
  ) );
#2810 = PCURVE('',#953,#2811);
#2811 = DEFINITIONAL_REPRESENTATION('',(#2812),#2816);
#2812 = LINE('',#2813,#2814);
#2813 = CARTESIAN_POINT('',(6.28318530718,0.));
#2814 = VECTOR('',#2815,1.);
#2815 = DIRECTION('',(0.,1.));
#2816 = ( GEOMETRIC_REPRESENTATION_CONTEXT(2) 
PARAMETRIC_REPRESENTATION_CONTEXT() REPRESENTATION_CONTEXT('2D SPACE',''
  ) );
#2817 = ORIENTED_EDGE('',*,*,#1462,.T.);
#2818 = ORIENTED_EDGE('',*,*,#2752,.T.);
#2819 = ORIENTED_EDGE('',*,*,#996,.T.);
#2820 = ADVANCED_FACE('',(#2821),#953,.T.);
#2821 = FACE_BOUND('',#2822,.T.);
#2822 = EDGE_LOOP('',(#2823,#2824,#2825,#2826));
#2823 = ORIENTED_EDGE('',*,*,#1345,.F.);
#2824 = ORIENTED_EDGE('',*,*,#1439,.T.);
#2825 = ORIENTED_EDGE('',*,*,#2798,.T.);
#2826 = ORIENTED_EDGE('',*,*,#899,.T.);
#2827 = ADVANCED_FACE('',(#2828),#1633,.T.);
#2828 = FACE_BOUND('',#2829,.T.);
#2829 = EDGE_LOOP('',(#2830,#2850,#2851,#2852));
#2830 = ORIENTED_EDGE('',*,*,#2831,.F.);
#2831 = EDGE_CURVE('',#1577,#2621,#2832,.T.);
#2832 = SURFACE_CURVE('',#2833,(#2836,#2843),.PCURVE_S1.);
#2833 = B_SPLINE_CURVE_WITH_KNOTS('',1,(#2834,#2835),.UNSPECIFIED.,.F.,
  .F.,(2,2),(0.,1.),.PIECEWISE_BEZIER_KNOTS.);
#2834 = CARTESIAN_POINT('',(11.125009051484,13.129989138219,37.9));
#2835 = CARTESIAN_POINT('',(10.8,10.9,54.1));
#2836 = PCURVE('',#1633,#2837);
#2837 = DEFINITIONAL_REPRESENTATION('',(#2838),#2842);
#2838 = LINE('',#2839,#2840);
#2839 = CARTESIAN_POINT('',(1.570796326795,0.));
#2840 = VECTOR('',#2841,1.);
#2841 = DIRECTION('',(0.,1.));
#2842 = ( GEOMETRIC_REPRESENTATION_CONTEXT(2) 
PARAMETRIC_REPRESENTATION_CONTEXT() REPRESENTATION_CONTEXT('2D SPACE',''
  ) );
#2843 = PCURVE('',#1593,#2844);
#2844 = DEFINITIONAL_REPRESENTATION('',(#2845),#2849);
#2845 = LINE('',#2846,#2847);
#2846 = CARTESIAN_POINT('',(22.,0.));
#2847 = VECTOR('',#2848,1.);
#2848 = DIRECTION('',(0.,1.));
#2849 = ( GEOMETRIC_REPRESENTATION_CONTEXT(2) 
PARAMETRIC_REPRESENTATION_CONTEXT() REPRESENTATION_CONTEXT('2D SPACE',''
  ) );
#2850 = ORIENTED_EDGE('',*,*,#1616,.T.);
#2851 = ORIENTED_EDGE('',*,*,#1854,.T.);
#2852 = ORIENTED_EDGE('',*,*,#2655,.T.);
#2853 = ADVANCED_FACE('',(#2854),#1593,.T.);
#2854 = FACE_BOUND('',#2855,.T.);
#2855 = EDGE_LOOP('',(#2856,#2876,#2877,#2878));
#2856 = ORIENTED_EDGE('',*,*,#2857,.F.);
#2857 = EDGE_CURVE('',#1549,#2601,#2858,.T.);
#2858 = SURFACE_CURVE('',#2859,(#2862,#2869),.PCURVE_S1.);
#2859 = B_SPLINE_CURVE_WITH_KNOTS('',1,(#2860,#2861),.UNSPECIFIED.,.F.,
  .F.,(2,2),(0.,1.),.PIECEWISE_BEZIER_KNOTS.);
#2860 = CARTESIAN_POINT('',(12.05,13.75,37.9));
#2861 = CARTESIAN_POINT('',(12.031525423729,10.9,54.1));
#2862 = PCURVE('',#1593,#2863);
#2863 = DEFINITIONAL_REPRESENTATION('',(#2864),#2868);
#2864 = LINE('',#2865,#2866);
#2865 = CARTESIAN_POINT('',(20.768474576271,0.));
#2866 = VECTOR('',#2867,1.);
#2867 = DIRECTION('',(0.,1.));
#2868 = ( GEOMETRIC_REPRESENTATION_CONTEXT(2) 
PARAMETRIC_REPRESENTATION_CONTEXT() REPRESENTATION_CONTEXT('2D SPACE',''
  ) );
#2869 = PCURVE('',#1564,#2870);
#2870 = DEFINITIONAL_REPRESENTATION('',(#2871),#2875);
#2871 = LINE('',#2872,#2873);
#2872 = CARTESIAN_POINT('',(22.7,0.));
#2873 = VECTOR('',#2874,1.);
#2874 = DIRECTION('',(0.,1.));
#2875 = ( GEOMETRIC_REPRESENTATION_CONTEXT(2) 
PARAMETRIC_REPRESENTATION_CONTEXT() REPRESENTATION_CONTEXT('2D SPACE',''
  ) );
#2876 = ORIENTED_EDGE('',*,*,#1576,.T.);
#2877 = ORIENTED_EDGE('',*,*,#2831,.T.);
#2878 = ORIENTED_EDGE('',*,*,#2620,.T.);
#2879 = ADVANCED_FACE('',(#2880),#1564,.T.);
#2880 = FACE_BOUND('',#2881,.T.);
#2881 = EDGE_LOOP('',(#2882,#2902,#2903,#2904));
#2882 = ORIENTED_EDGE('',*,*,#2883,.F.);
#2883 = EDGE_CURVE('',#1509,#2551,#2884,.T.);
#2884 = SURFACE_CURVE('',#2885,(#2888,#2895),.PCURVE_S1.);
#2885 = B_SPLINE_CURVE_WITH_KNOTS('',1,(#2886,#2887),.UNSPECIFIED.,.F.,
  .F.,(2,2),(0.,1.),.PIECEWISE_BEZIER_KNOTS.);
#2886 = CARTESIAN_POINT('',(33.75,13.75,37.9));
#2887 = CARTESIAN_POINT('',(30.568474576271,10.9,54.1));
#2888 = PCURVE('',#1564,#2889);
#2889 = DEFINITIONAL_REPRESENTATION('',(#2890),#2894);
#2890 = LINE('',#2891,#2892);
#2891 = CARTESIAN_POINT('',(1.,0.));
#2892 = VECTOR('',#2893,1.);
#2893 = DIRECTION('',(0.,1.));
#2894 = ( GEOMETRIC_REPRESENTATION_CONTEXT(2) 
PARAMETRIC_REPRESENTATION_CONTEXT() REPRESENTATION_CONTEXT('2D SPACE',''
  ) );
#2895 = PCURVE('',#1525,#2896);
#2896 = DEFINITIONAL_REPRESENTATION('',(#2897),#2901);
#2897 = LINE('',#2898,#2899);
#2898 = CARTESIAN_POINT('',(2.231525423729,0.));
#2899 = VECTOR('',#2900,1.);
#2900 = DIRECTION('',(0.,1.));
#2901 = ( GEOMETRIC_REPRESENTATION_CONTEXT(2) 
PARAMETRIC_REPRESENTATION_CONTEXT() REPRESENTATION_CONTEXT('2D SPACE',''
  ) );
#2902 = ORIENTED_EDGE('',*,*,#1548,.T.);
#2903 = ORIENTED_EDGE('',*,*,#2857,.T.);
#2904 = ORIENTED_EDGE('',*,*,#2600,.T.);
#2905 = ADVANCED_FACE('',(#2906),#1525,.T.);
#2906 = FACE_BOUND('',#2907,.T.);
#2907 = EDGE_LOOP('',(#2908,#2909,#2910,#2911));
#2908 = ORIENTED_EDGE('',*,*,#2773,.F.);
#2909 = ORIENTED_EDGE('',*,*,#1508,.T.);
#2910 = ORIENTED_EDGE('',*,*,#2883,.T.);
#2911 = ORIENTED_EDGE('',*,*,#2550,.T.);
#2912 = ADVANCED_FACE('',(#2913),#1407,.F.);
#2913 = FACE_BOUND('',#2914,.F.);
#2914 = EDGE_LOOP('',(#2915,#2916,#2917,#2918));
#2915 = ORIENTED_EDGE('',*,*,#1728,.F.);
#2916 = ORIENTED_EDGE('',*,*,#1392,.T.);
#2917 = ORIENTED_EDGE('',*,*,#1804,.T.);
#2918 = ORIENTED_EDGE('',*,*,#1777,.T.);
#2919 = ADVANCED_FACE('',(#2920),#2017,.T.);
#2920 = FACE_BOUND('',#2921,.T.);
#2921 = EDGE_LOOP('',(#2922,#2923,#2924));
#2922 = ORIENTED_EDGE('',*,*,#2728,.T.);
#2923 = ORIENTED_EDGE('',*,*,#2002,.T.);
#2924 = ORIENTED_EDGE('',*,*,#2372,.T.);
#2925 = ADVANCED_FACE('',(#2926),#1947,.F.);
#2926 = FACE_BOUND('',#2927,.F.);
#2927 = EDGE_LOOP('',(#2928,#2929));
#2928 = ORIENTED_EDGE('',*,*,#1933,.T.);
#2929 = ORIENTED_EDGE('',*,*,#2098,.T.);
#2930 = ADVANCED_FACE('',(#2931),#2309,.T.);
#2931 = FACE_BOUND('',#2932,.T.);
#2932 = EDGE_LOOP('',(#2933));
#2933 = ORIENTED_EDGE('',*,*,#2294,.T.);
#2934 = ( GEOMETRIC_REPRESENTATION_CONTEXT(3) 
GLOBAL_UNCERTAINTY_ASSIGNED_CONTEXT((#2938)) 
GLOBAL_UNIT_ASSIGNED_CONTEXT((#2935,#2936,#2937)) REPRESENTATION_CONTEXT
('Context #1','3D Context with UNIT and UNCERTAINTY') );
#2935 = ( LENGTH_UNIT() NAMED_UNIT(*) SI_UNIT(.MILLI.,.METRE.) );
#2936 = ( NAMED_UNIT(*) PLANE_ANGLE_UNIT() SI_UNIT($,.RADIAN.) );
#2937 = ( NAMED_UNIT(*) SI_UNIT($,.STERADIAN.) SOLID_ANGLE_UNIT() );
#2938 = UNCERTAINTY_MEASURE_WITH_UNIT(LENGTH_MEASURE(2.E-06),#2935,
  'distance_accuracy_value','confusion accuracy');
#2939 = PRODUCT_RELATED_PRODUCT_CATEGORY('part',$,(#7));
ENDSEC;
END-ISO-10303-21;
