ISO-10303-21;
HEADER;
FILE_DESCRIPTION(('Open CASCADE Model'),'2;1');
FILE_NAME('Open CASCADE Shape Model','2026-10-04T12:49:58',('Author'),(
    'Open CASCADE'),'Open CASCADE STEP processor 7.9','Open CASCADE 7.9'
  ,'Unknown');
FILE_SCHEMA(('AUTOMOTIVE_DESIGN { 1 0 10303 214 1 1 1 1 }'));
ENDSEC;
DATA;
#1 = APPLICATION_PROTOCOL_DEFINITION('international standard',
  'automotive_design',2000,#2);
#2 = APPLICATION_CONTEXT(
  'core data for automotive mechanical design processes');
#3 = SHAPE_DEFINITION_REPRESENTATION(#4,#10);
#4 = PRODUCT_DEFINITION_SHAPE('','',#5);
#5 = PRODUCT_DEFINITION('design','',#6,#9);
#6 = PRODUCT_DEFINITION_FORMATION('','',#7);
#7 = PRODUCT('photo_R_soft_addons','photo_R_soft_addons','',(#8));
#8 = PRODUCT_CONTEXT('',#2,'mechanical');
#9 = PRODUCT_DEFINITION_CONTEXT('part definition',#2,'design');
#10 = SHAPE_REPRESENTATION('',(#11,#15,#19,#23),#27);
#11 = AXIS2_PLACEMENT_3D('',#12,#13,#14);
#12 = CARTESIAN_POINT('',(0.,0.,0.));
#13 = DIRECTION('',(0.,0.,1.));
#14 = DIRECTION('',(1.,0.,-0.));
#15 = AXIS2_PLACEMENT_3D('',#16,#17,#18);
#16 = CARTESIAN_POINT('',(0.,0.,0.));
#17 = DIRECTION('',(0.,0.,1.));
#18 = DIRECTION('',(1.,0.,-0.));
#19 = AXIS2_PLACEMENT_3D('',#20,#21,#22);
#20 = CARTESIAN_POINT('',(0.,0.,0.));
#21 = DIRECTION('',(0.,0.,1.));
#22 = DIRECTION('',(1.,0.,-0.));
#23 = AXIS2_PLACEMENT_3D('',#24,#25,#26);
#24 = CARTESIAN_POINT('',(0.,0.,0.));
#25 = DIRECTION('',(0.,0.,1.));
#26 = DIRECTION('',(1.,0.,-0.));
#27 = ( GEOMETRIC_REPRESENTATION_CONTEXT(3) 
GLOBAL_UNCERTAINTY_ASSIGNED_CONTEXT((#31)) GLOBAL_UNIT_ASSIGNED_CONTEXT(
(#28,#29,#30)) REPRESENTATION_CONTEXT('Context #1',
  '3D Context with UNIT and UNCERTAINTY') );
#28 = ( LENGTH_UNIT() NAMED_UNIT(*) SI_UNIT(.MILLI.,.METRE.) );
#29 = ( NAMED_UNIT(*) PLANE_ANGLE_UNIT() SI_UNIT($,.RADIAN.) );
#30 = ( NAMED_UNIT(*) SI_UNIT($,.STERADIAN.) SOLID_ANGLE_UNIT() );
#31 = UNCERTAINTY_MEASURE_WITH_UNIT(LENGTH_MEASURE(2.E-06),#28,
  'distance_accuracy_value','confusion accuracy');
#32 = PRODUCT_RELATED_PRODUCT_CATEGORY('part',$,(#7));
#33 = SHAPE_DEFINITION_REPRESENTATION(#34,#40);
#34 = PRODUCT_DEFINITION_SHAPE('','',#35);
#35 = PRODUCT_DEFINITION('design','',#36,#39);
#36 = PRODUCT_DEFINITION_FORMATION('','',#37);
#37 = PRODUCT('cot_R','cot_R','',(#38));
#38 = PRODUCT_CONTEXT('',#2,'mechanical');
#39 = PRODUCT_DEFINITION_CONTEXT('part definition',#2,'design');
#40 = ADVANCED_BREP_SHAPE_REPRESENTATION('',(#11,#41),#347);
#41 = MANIFOLD_SOLID_BREP('',#42);
#42 = CLOSED_SHELL('',(#43,#314,#343));
#43 = ADVANCED_FACE('',(#44),#57,.T.);
#44 = FACE_BOUND('',#45,.T.);
#45 = EDGE_LOOP('',(#46,#101,#128,#129,#188));
#46 = ORIENTED_EDGE('',*,*,#47,.F.);
#47 = EDGE_CURVE('',#48,#50,#52,.T.);
#48 = VERTEX_POINT('',#49);
#49 = CARTESIAN_POINT('',(11.948333945968,6.208103490512,62.2));
#50 = VERTEX_POINT('',#51);
#51 = CARTESIAN_POINT('',(11.28955572099,6.792047382574,81.071550373353)
  );
#52 = SEAM_CURVE('',#53,(#56,#94),.PCURVE_S1.);
#53 = B_SPLINE_CURVE_WITH_KNOTS('',1,(#54,#55),.UNSPECIFIED.,.F.,.F.,(2,
    2),(0.,1.),.PIECEWISE_BEZIER_KNOTS.);
#54 = CARTESIAN_POINT('',(11.948333945968,6.208103490512,62.2));
#55 = CARTESIAN_POINT('',(11.28955572099,6.792047382574,81.071550373353)
  );
#56 = PCURVE('',#57,#88);
#57 = B_SPLINE_SURFACE_WITH_KNOTS('',14,1,(
    (#58,#59)
    ,(#60,#61)
    ,(#62,#63)
    ,(#64,#65)
    ,(#66,#67)
    ,(#68,#69)
    ,(#70,#71)
    ,(#72,#73)
    ,(#74,#75)
    ,(#76,#77)
    ,(#78,#79)
    ,(#80,#81)
    ,(#82,#83)
    ,(#84,#85)
    ,(#86,#87
    )),.UNSPECIFIED.,.T.,.F.,.F.,(15,15),(2,2),(0.,6.28318530718),(0.,1.
    ),.PIECEWISE_BEZIER_KNOTS.);
#58 = CARTESIAN_POINT('',(11.948333945968,6.208103490512,62.2));
#59 = CARTESIAN_POINT('',(11.28955572099,6.792047382574,81.071550373353)
  );
#60 = CARTESIAN_POINT('',(8.449321952489,4.753902055645,62.199999999998)
  );
#61 = CARTESIAN_POINT('',(8.450344574186,5.612061451896,81.071550373353)
  );
#62 = CARTESIAN_POINT('',(5.80724604554,1.23778892666,62.200000000016));
#63 = CARTESIAN_POINT('',(6.304225270748,2.764396673739,81.071550373361)
  );
#64 = CARTESIAN_POINT('',(4.907605806163,-3.972222312079,62.199999999936
    ));
#65 = CARTESIAN_POINT('',(5.569720718188,-1.452328857145,81.071550373308
    ));
#66 = CARTESIAN_POINT('',(6.379500568053,-9.891464988105,62.200000000178
    ));
#67 = CARTESIAN_POINT('',(6.757976460821,-6.24074674131,81.071550373506)
  );
#68 = CARTESIAN_POINT('',(10.278393832848,-15.05060381839,
    62.199999999634));
#69 = CARTESIAN_POINT('',(9.915345367521,-10.4118344211,81.07155037301)
  );
#70 = CARTESIAN_POINT('',(15.878884642216,-17.89843575167,
    62.200000000581));
#71 = CARTESIAN_POINT('',(14.454940486386,-12.71105058671,
    81.071550373918));
#72 = CARTESIAN_POINT('',(21.760895723713,-17.40229223928,
    62.199999999274));
#73 = CARTESIAN_POINT('',(19.225977901106,-12.30409413435,
    81.071550372648));
#74 = CARTESIAN_POINT('',(26.261887796955,-13.58322388216,
    62.200000000727));
#75 = CARTESIAN_POINT('',(22.880044015381,-9.209548544547,
    81.071550374041));
#76 = CARTESIAN_POINT('',(28.194139011219,-7.60475842151,62.199999999414
    ));
#77 = CARTESIAN_POINT('',(24.452758645474,-4.370035396807,
    81.071550372821));
#78 = CARTESIAN_POINT('',(27.287823836137,-1.201893830946,
    62.200000000377));
#79 = CARTESIAN_POINT('',(23.723664087608,0.81025146514,81.07155037368)
  );
#80 = CARTESIAN_POINT('',(24.130688545108,4.016957077358,62.199999999811
    ));
#81 = CARTESIAN_POINT('',(21.167949844028,5.030348886909,81.071550373197
    ));
#82 = CARTESIAN_POINT('',(19.8032966026,7.054595739701,62.200000000069)
  );
#83 = CARTESIAN_POINT('',(17.661071954012,7.484341267577,81.071550373408
    ));
#84 = CARTESIAN_POINT('',(15.447345939436,7.662304925386,62.199999999985
    ));
#85 = CARTESIAN_POINT('',(14.128766867786,7.972033313254,81.071550373342
    ));
#86 = CARTESIAN_POINT('',(11.948333945968,6.208103490512,62.2));
#87 = CARTESIAN_POINT('',(11.28955572099,6.792047382574,81.071550373353)
  );
#88 = DEFINITIONAL_REPRESENTATION('',(#89),#93);
#89 = LINE('',#90,#91);
#90 = CARTESIAN_POINT('',(0.,0.));
#91 = VECTOR('',#92,1.);
#92 = DIRECTION('',(0.,1.));
#93 = ( GEOMETRIC_REPRESENTATION_CONTEXT(2) 
PARAMETRIC_REPRESENTATION_CONTEXT() REPRESENTATION_CONTEXT('2D SPACE',''
  ) );
#94 = PCURVE('',#57,#95);
#95 = DEFINITIONAL_REPRESENTATION('',(#96),#100);
#96 = LINE('',#97,#98);
#97 = CARTESIAN_POINT('',(6.28318530718,0.));
#98 = VECTOR('',#99,1.);
#99 = DIRECTION('',(0.,1.));
#100 = ( GEOMETRIC_REPRESENTATION_CONTEXT(2) 
PARAMETRIC_REPRESENTATION_CONTEXT() REPRESENTATION_CONTEXT('2D SPACE',''
  ) );
#101 = ORIENTED_EDGE('',*,*,#102,.T.);
#102 = EDGE_CURVE('',#48,#48,#103,.T.);
#103 = SURFACE_CURVE('',#104,(#109,#116),.PCURVE_S1.);
#104 = ELLIPSE('',#105,10.29390036999,8.442905271305);
#105 = AXIS2_PLACEMENT_3D('',#106,#107,#108);
#106 = CARTESIAN_POINT('',(15.898913213,-3.297542635985,62.2));
#107 = DIRECTION('',(0.,0.,1.));
#108 = DIRECTION('',(-0.383778657752,0.923425114372,0.));
#109 = PCURVE('',#57,#110);
#110 = DEFINITIONAL_REPRESENTATION('',(#111),#115);
#111 = LINE('',#112,#113);
#112 = CARTESIAN_POINT('',(0.,0.));
#113 = VECTOR('',#114,1.);
#114 = DIRECTION('',(1.,0.));
#115 = ( GEOMETRIC_REPRESENTATION_CONTEXT(2) 
PARAMETRIC_REPRESENTATION_CONTEXT() REPRESENTATION_CONTEXT('2D SPACE',''
  ) );
#116 = PCURVE('',#117,#122);
#117 = PLANE('',#118);
#118 = AXIS2_PLACEMENT_3D('',#119,#120,#121);
#119 = CARTESIAN_POINT('',(15.898913213,-3.297542635985,62.2));
#120 = DIRECTION('',(0.,0.,1.));
#121 = DIRECTION('',(-0.383778657752,0.923425114372,0.));
#122 = DEFINITIONAL_REPRESENTATION('',(#123),#127);
#123 = ELLIPSE('',#124,10.29390036999,8.442905271305);
#124 = AXIS2_PLACEMENT_2D('',#125,#126);
#125 = CARTESIAN_POINT('',(0.,0.));
#126 = DIRECTION('',(1.,0.));
#127 = ( GEOMETRIC_REPRESENTATION_CONTEXT(2) 
PARAMETRIC_REPRESENTATION_CONTEXT() REPRESENTATION_CONTEXT('2D SPACE',''
  ) );
#128 = ORIENTED_EDGE('',*,*,#47,.T.);
#129 = ORIENTED_EDGE('',*,*,#130,.F.);
#130 = EDGE_CURVE('',#131,#50,#133,.T.);
#131 = VERTEX_POINT('',#132);
#132 = CARTESIAN_POINT('',(20.811036014643,1.733067587086,
    81.071550373353));
#133 = SURFACE_CURVE('',#134,(#139,#146),.PCURVE_S1.);
#134 = ELLIPSE('',#135,8.32572992317,6.850845553653);
#135 = AXIS2_PLACEMENT_3D('',#136,#137,#138);
#136 = CARTESIAN_POINT('',(14.484793175713,-0.896140723964,
    81.071550373353));
#137 = DIRECTION('',(0.,0.,1.));
#138 = DIRECTION('',(-0.383778657752,0.923425114372,0.));
#139 = PCURVE('',#57,#140);
#140 = DEFINITIONAL_REPRESENTATION('',(#141),#145);
#141 = LINE('',#142,#143);
#142 = CARTESIAN_POINT('',(0.,1.));
#143 = VECTOR('',#144,1.);
#144 = DIRECTION('',(1.,0.));
#145 = ( GEOMETRIC_REPRESENTATION_CONTEXT(2) 
PARAMETRIC_REPRESENTATION_CONTEXT() REPRESENTATION_CONTEXT('2D SPACE',''
  ) );
#146 = PCURVE('',#147,#169);
#147 = ( BOUNDED_SURFACE() B_SPLINE_SURFACE(2,2,(
    (#148,#149,#150)
    ,(#151,#152,#153)
    ,(#154,#155,#156)
    ,(#157,#158,#159)
    ,(#160,#161,#162)
    ,(#163,#164,#165)
    ,(#166,#167,#168
)),.UNSPECIFIED.,.T.,.F.,.F.) B_SPLINE_SURFACE_WITH_KNOTS((1,2,2,2,2,1),
  (3,3),(-2.094395102393,0.,2.094395102393,4.188790204786,6.28318530718,
    8.377580409573),(0.,1.570796326795),.UNSPECIFIED.) 
GEOMETRIC_REPRESENTATION_ITEM() RATIONAL_B_SPLINE_SURFACE((
    (1.,0.707106781187,1.)
    ,(0.5,0.353553390593,0.5)
    ,(1.,0.707106781187,1.)
    ,(0.5,0.353553390593,0.5)
    ,(1.,0.707106781187,1.)
    ,(0.5,0.353553390593,0.5)
,(1.,0.707106781187,1.))) REPRESENTATION_ITEM('') SURFACE() );
#148 = CARTESIAN_POINT('',(20.811036014643,1.733067587086,
    81.071550373353));
#149 = CARTESIAN_POINT('',(20.311857958533,2.580751734666,
    87.733123353563));
#150 = CARTESIAN_POINT('',(13.985615119603,-4.845657638388E-02,
    87.733123353563));
#151 = CARTESIAN_POINT('',(15.276722400816,15.049400005755,
    81.071550373353));
#152 = CARTESIAN_POINT('',(14.777544344706,15.897084153335,
    87.733123353563));
#153 = CARTESIAN_POINT('',(13.985615119603,-4.845657638388E-02,
    87.733123353563));
#154 = CARTESIAN_POINT('',(8.554514949335,4.447421329846,81.071550373353
    ));
#155 = CARTESIAN_POINT('',(8.055336893224,5.295105477426,87.733123353563
    ));
#156 = CARTESIAN_POINT('',(13.985615119603,-4.845657638388E-02,
    87.733123353563));
#157 = CARTESIAN_POINT('',(1.832307497853,-6.154557346063,
    81.071550373353));
#158 = CARTESIAN_POINT('',(1.333129441743,-5.306873198483,
    87.733123353563));
#159 = CARTESIAN_POINT('',(13.985615119603,-4.845657638388E-02,
    87.733123353563));
#160 = CARTESIAN_POINT('',(14.088828563162,-8.868911088823,
    81.071550373353));
#161 = CARTESIAN_POINT('',(13.589650507051,-8.021226941243,
    87.733123353563));
#162 = CARTESIAN_POINT('',(13.985615119603,-4.845657638388E-02,
    87.733123353563));
#163 = CARTESIAN_POINT('',(26.34534962847,-11.58326483158,
    81.071550373353));
#164 = CARTESIAN_POINT('',(25.84617157236,-10.735580684,87.733123353563)
  );
#165 = CARTESIAN_POINT('',(13.985615119603,-4.845657638388E-02,
    87.733123353563));
#166 = CARTESIAN_POINT('',(20.811036014643,1.733067587086,
    81.071550373353));
#167 = CARTESIAN_POINT('',(20.311857958533,2.580751734666,
    87.733123353563));
#168 = CARTESIAN_POINT('',(13.985615119603,-4.845657638388E-02,
    87.733123353563));
#169 = DEFINITIONAL_REPRESENTATION('',(#170),#187);
#170 = B_SPLINE_CURVE_WITH_KNOTS('',8,(#171,#172,#173,#174,#175,#176,
    #177,#178,#179,#180,#181,#182,#183,#184,#185,#186),.UNSPECIFIED.,.F.
  ,.F.,(9,7,9),(4.712388980385,5.497787143782,6.28318530718),
  .UNSPECIFIED.);
#171 = CARTESIAN_POINT('',(0.,2.313340719137E-18));
#172 = CARTESIAN_POINT('',(0.118712885943,1.346265040032E-15));
#173 = CARTESIAN_POINT('',(0.229735773915,-9.125895094811E-15));
#174 = CARTESIAN_POINT('',(0.334811884328,2.103347107108E-14));
#175 = CARTESIAN_POINT('',(0.435211478642,-1.12157944858E-14));
#176 = CARTESIAN_POINT('',(0.531959283191,-8.163702435137E-15));
#177 = CARTESIAN_POINT('',(0.625912641319,1.153110184905E-14));
#178 = CARTESIAN_POINT('',(0.717828488024,-2.126884077772E-15));
#179 = CARTESIAN_POINT('',(0.898984188973,1.837346673828E-15));
#180 = CARTESIAN_POINT('',(0.988224058753,-1.136463424921E-14));
#181 = CARTESIAN_POINT('',(1.076825784855,2.465751980909E-14));
#182 = CARTESIAN_POINT('',(1.165432476368,-7.943794896328E-15));
#183 = CARTESIAN_POINT('',(1.254677517625,-2.381230878469E-14));
#184 = CARTESIAN_POINT('',(1.345218356854,3.059892766246E-14));
#185 = CARTESIAN_POINT('',(1.437776561614,-9.644680482696E-15));
#186 = CARTESIAN_POINT('',(1.533203626075,2.378574067325E-15));
#187 = ( GEOMETRIC_REPRESENTATION_CONTEXT(2) 
PARAMETRIC_REPRESENTATION_CONTEXT() REPRESENTATION_CONTEXT('2D SPACE',''
  ) );
#188 = ORIENTED_EDGE('',*,*,#189,.F.);
#189 = EDGE_CURVE('',#50,#131,#190,.T.);
#190 = SURFACE_CURVE('',#191,(#196,#203),.PCURVE_S1.);
#191 = ELLIPSE('',#192,8.32572992317,6.850845553653);
#192 = AXIS2_PLACEMENT_3D('',#193,#194,#195);
#193 = CARTESIAN_POINT('',(14.484793175713,-0.896140723964,
    81.071550373353));
#194 = DIRECTION('',(0.,0.,1.));
#195 = DIRECTION('',(-0.383778657752,0.923425114372,0.));
#196 = PCURVE('',#57,#197);
#197 = DEFINITIONAL_REPRESENTATION('',(#198),#202);
#198 = LINE('',#199,#200);
#199 = CARTESIAN_POINT('',(0.,1.));
#200 = VECTOR('',#201,1.);
#201 = DIRECTION('',(1.,0.));
#202 = ( GEOMETRIC_REPRESENTATION_CONTEXT(2) 
PARAMETRIC_REPRESENTATION_CONTEXT() REPRESENTATION_CONTEXT('2D SPACE',''
  ) );
#203 = PCURVE('',#147,#204);
#204 = DEFINITIONAL_REPRESENTATION('',(#205),#313);
#205 = B_SPLINE_CURVE_WITH_KNOTS('',8,(#206,#207,#208,#209,#210,#211,
    #212,#213,#214,#215,#216,#217,#218,#219,#220,#221,#222,#223,#224,
    #225,#226,#227,#228,#229,#230,#231,#232,#233,#234,#235,#236,#237,
    #238,#239,#240,#241,#242,#243,#244,#245,#246,#247,#248,#249,#250,
    #251,#252,#253,#254,#255,#256,#257,#258,#259,#260,#261,#262,#263,
    #264,#265,#266,#267,#268,#269,#270,#271,#272,#273,#274,#275,#276,
    #277,#278,#279,#280,#281,#282,#283,#284,#285,#286,#287,#288,#289,
    #290,#291,#292,#293,#294,#295,#296,#297,#298,#299,#300,#301,#302,
    #303,#304,#305,#306,#307,#308,#309,#310,#311,#312),.UNSPECIFIED.,.F.
  ,.F.,(9,7,7,7,7,7,7,7,7,7,7,7,7,7,7,9),(0.,0.294524311274,
    0.432582582184,0.499454557156,0.515911332246,0.52000945495,
    0.52410357558,1.047639251181,1.963826683482,2.307396970594,
    2.608020971818,2.616241159352,2.620335198065,3.143348643645,
    3.927868812015,4.712388980385),.UNSPECIFIED.);
#206 = CARTESIAN_POINT('',(1.533203626075,4.144413569968E-17));
#207 = CARTESIAN_POINT('',(1.568988776706,7.531710123571E-16));
#208 = CARTESIAN_POINT('',(1.605177369703,5.011793149575E-15));
#209 = CARTESIAN_POINT('',(1.641814309706,1.127611025841E-16));
#210 = CARTESIAN_POINT('',(1.678947107558,-3.163251608209E-15));
#211 = CARTESIAN_POINT('',(1.716626346465,1.247639564468E-15));
#212 = CARTESIAN_POINT('',(1.754906292524,5.905881822366E-15));
#213 = CARTESIAN_POINT('',(1.793845649635,4.972002152577E-16));
#214 = CARTESIAN_POINT('',(1.852100401091,3.968210305587E-15));
#215 = CARTESIAN_POINT('',(1.870851304658,3.079139765972E-15));
#216 = CARTESIAN_POINT('',(1.889767769012,4.695000477952E-16));
#217 = CARTESIAN_POINT('',(1.90885664884,-1.778166736305E-15));
#218 = CARTESIAN_POINT('',(1.928125079566,-1.888980865592E-15));
#219 = CARTESIAN_POINT('',(1.947580502915,4.741057504717E-16));
#220 = CARTESIAN_POINT('',(1.967230692475,3.080140333924E-15));
#221 = CARTESIAN_POINT('',(1.996700117846,4.333894365112E-15));
#222 = CARTESIAN_POINT('',(2.006364061526,2.713117162719E-15));
#223 = CARTESIAN_POINT('',(2.016076532768,-3.633234938228E-16));
#224 = CARTESIAN_POINT('',(2.025838475656,-2.077984672518E-15));
#225 = CARTESIAN_POINT('',(2.035650855895,-1.294988622738E-15));
#226 = CARTESIAN_POINT('',(2.04551466081,1.439977224787E-15));
#227 = CARTESIAN_POINT('',(2.055430899343,3.899660257958E-15));
#228 = CARTESIAN_POINT('',(2.067854083854,1.037010969485E-15));
#229 = CARTESIAN_POINT('',(2.070310803371,6.268143703072E-16));
#230 = CARTESIAN_POINT('',(2.072770776216,7.053628350227E-16));
#231 = CARTESIAN_POINT('',(2.075234017993,1.033366312869E-15));
#232 = CARTESIAN_POINT('',(2.077700544311,1.371534753083E-15));
#233 = CARTESIAN_POINT('',(2.080170370775,1.480578104902E-15));
#234 = CARTESIAN_POINT('',(2.082643512991,1.121206317564E-15));
#235 = CARTESIAN_POINT('',(2.08573668571,1.002115370538E-15));
#236 = CARTESIAN_POINT('',(2.086353592192,1.760495935968E-15));
#237 = CARTESIAN_POINT('',(2.086970706011,2.329271036597E-15));
#238 = CARTESIAN_POINT('',(2.087588027168,2.708440672424E-15));
#239 = CARTESIAN_POINT('',(2.088205555663,2.89800484345E-15));
#240 = CARTESIAN_POINT('',(2.088823291496,2.897963549675E-15));
#241 = CARTESIAN_POINT('',(2.089441234666,2.708316791098E-15));
#242 = CARTESIAN_POINT('',(2.090676924312,-7.57228249382E-15));
#243 = CARTESIAN_POINT('',(2.091294743652,1.821454649005E-14));
#244 = CARTESIAN_POINT('',(2.091912505959,-1.98137088238E-14));
#245 = CARTESIAN_POINT('',(2.092531006769,4.582679584678E-15));
#246 = CARTESIAN_POINT('',(2.093149134118,1.690877143411E-14));
#247 = CARTESIAN_POINT('',(2.093767665858,-5.268764403437E-15));
#248 = CARTESIAN_POINT('',(2.094386809852,3.130745381853E-15));
#249 = CARTESIAN_POINT('',(2.174114751276,-2.657697628966E-16));
#250 = CARTESIAN_POINT('',(2.249810119807,2.265665100836E-15));
#251 = CARTESIAN_POINT('',(2.322607374251,-6.598133240615E-15));
#252 = CARTESIAN_POINT('',(2.392929212076,5.877290768999E-15));
#253 = CARTESIAN_POINT('',(2.461134682336,1.040452321898E-14));
#254 = CARTESIAN_POINT('',(2.527536712099,-8.304303105994E-15));
#255 = CARTESIAN_POINT('',(2.592413033503,3.995233841861E-15));
#256 = CARTESIAN_POINT('',(2.767320876574,6.780923090103E-15));
#257 = CARTESIAN_POINT('',(2.874725910406,-1.24510676478E-14));
#258 = CARTESIAN_POINT('',(2.979581924204,8.293210237362E-15));
#259 = CARTESIAN_POINT('',(3.082999941469,5.177505549962E-15));
#260 = CARTESIAN_POINT('',(3.185992222963,-8.92245331506E-15));
#261 = CARTESIAN_POINT('',(3.289550162996,1.036035342308E-15));
#262 = CARTESIAN_POINT('',(3.394714338092,3.057471663557E-15));
#263 = CARTESIAN_POINT('',(3.543183771319,4.76213831058E-15));
#264 = CARTESIAN_POINT('',(3.584071097983,-5.262402810213E-17));
#265 = CARTESIAN_POINT('',(3.625417735901,-4.296109716095E-15));
#266 = CARTESIAN_POINT('',(3.667290676933,-2.304625371722E-16));
#267 = CARTESIAN_POINT('',(3.709761053467,7.9051818101E-15));
#268 = CARTESIAN_POINT('',(3.752905196424,7.490395874173E-15));
#269 = CARTESIAN_POINT('',(3.796805956216,-5.718468394786E-15));
#270 = CARTESIAN_POINT('',(3.880709075659,2.169097832084E-15));
#271 = CARTESIAN_POINT('',(3.920512797839,-2.992095048855E-15));
#272 = CARTESIAN_POINT('',(3.961026378722,-2.518311384658E-15));
#273 = CARTESIAN_POINT('',(4.002315577808,1.933637304426E-15));
#274 = CARTESIAN_POINT('',(4.044451766836,4.26232007968E-15));
#275 = CARTESIAN_POINT('',(4.087513028453,6.60716184691E-16));
#276 = CARTESIAN_POINT('',(4.131585575302,-4.751022610357E-15));
#277 = CARTESIAN_POINT('',(4.178000877842,-1.109605192827E-15));
#278 = CARTESIAN_POINT('',(4.179237094111,-3.24364458225E-15));
#279 = CARTESIAN_POINT('',(4.180474140305,-2.855621615207E-15));
#280 = CARTESIAN_POINT('',(4.181712018402,-9.999628177555E-16));
#281 = CARTESIAN_POINT('',(4.182950730382,1.268905284048E-15));
#282 = CARTESIAN_POINT('',(4.184190278223,2.896556164144E-15));
#283 = CARTESIAN_POINT('',(4.185430663904,2.828563296476E-15));
#284 = CARTESIAN_POINT('',(4.187290041724,1.376968912195E-14));
#285 = CARTESIAN_POINT('',(4.18790875499,-5.577716850862E-14));
#286 = CARTESIAN_POINT('',(4.188526182057,1.409106073829E-13));
#287 = CARTESIAN_POINT('',(4.189147250552,-1.701854224656E-13));
#288 = CARTESIAN_POINT('',(4.189764447219,1.118911769044E-13));
#289 = CARTESIAN_POINT('',(4.190383338326,-3.923103182168E-14));
#290 = CARTESIAN_POINT('',(4.191001430712,5.795609018516E-15));
#291 = CARTESIAN_POINT('',(4.270566223713,1.693096098771E-15));
#292 = CARTESIAN_POINT('',(4.34611669304,-4.258168695375E-15));
#293 = CARTESIAN_POINT('',(4.418783503452,3.509704010639E-15));
#294 = CARTESIAN_POINT('',(4.488986973705,9.391539428347E-16));
#295 = CARTESIAN_POINT('',(4.557084275772,-3.520804938708E-15));
#296 = CARTESIAN_POINT('',(4.623386806775,2.234125435641E-15));
#297 = CARTESIAN_POINT('',(4.688171033606,-4.819440115555E-16));
#298 = CARTESIAN_POINT('',(4.846963750067,-1.595333296704E-16));
#299 = CARTESIAN_POINT('',(4.93938831669,7.395412352955E-16));
#300 = CARTESIAN_POINT('',(5.02980901566,-1.165458479667E-15));
#301 = CARTESIAN_POINT('',(5.118944288733,3.108791726448E-16));
#302 = CARTESIAN_POINT('',(5.207449077008,1.161783845322E-15));
#303 = CARTESIAN_POINT('',(5.295954604003,-1.409540971531E-15));
#304 = CARTESIAN_POINT('',(5.385101999778,5.604494539044E-16));
#305 = CARTESIAN_POINT('',(5.566076140101,1.230410384904E-16));
#306 = CARTESIAN_POINT('',(5.657902901134,-1.293108811643E-15));
#307 = CARTESIAN_POINT('',(5.751766838133,5.601038252638E-15));
#308 = CARTESIAN_POINT('',(5.848422811658,-1.326352472904E-14));
#309 = CARTESIAN_POINT('',(5.948725836235,1.865564601137E-14));
#310 = CARTESIAN_POINT('',(6.053697767871,-1.534225444811E-14));
#311 = CARTESIAN_POINT('',(6.164605130016,6.546339517101E-15));
#312 = CARTESIAN_POINT('',(6.28318530718,3.470011078705E-18));
#313 = ( GEOMETRIC_REPRESENTATION_CONTEXT(2) 
PARAMETRIC_REPRESENTATION_CONTEXT() REPRESENTATION_CONTEXT('2D SPACE',''
  ) );
#314 = ADVANCED_FACE('',(#315),#147,.T.);
#315 = FACE_BOUND('',#316,.T.);
#316 = EDGE_LOOP('',(#317,#340,#341,#342));
#317 = ORIENTED_EDGE('',*,*,#318,.T.);
#318 = EDGE_CURVE('',#131,#319,#321,.T.);
#319 = VERTEX_POINT('',#320);
#320 = CARTESIAN_POINT('',(13.985615119603,-4.845657638388E-02,
    87.733123353563));
#321 = SEAM_CURVE('',#322,(#326,#333),.PCURVE_S1.);
#322 = ( BOUNDED_CURVE() B_SPLINE_CURVE(2,(#323,#324,#325),
.UNSPECIFIED.,.F.,.F.) B_SPLINE_CURVE_WITH_KNOTS((3,3),(6.28318530718,
7.853981633974),.PIECEWISE_BEZIER_KNOTS.) CURVE() 
GEOMETRIC_REPRESENTATION_ITEM() RATIONAL_B_SPLINE_CURVE((1.,
0.707106781187,1.)) REPRESENTATION_ITEM('') );
#323 = CARTESIAN_POINT('',(20.811036014643,1.733067587086,
    81.071550373353));
#324 = CARTESIAN_POINT('',(20.311857958533,2.580751734666,
    87.733123353563));
#325 = CARTESIAN_POINT('',(13.985615119603,-4.845657638388E-02,
    87.733123353563));
#326 = PCURVE('',#147,#327);
#327 = DEFINITIONAL_REPRESENTATION('',(#328),#332);
#328 = B_SPLINE_CURVE_WITH_KNOTS('',2,(#329,#330,#331),.UNSPECIFIED.,.F.
  ,.F.,(3,3),(6.28318530718,7.853981633974),.PIECEWISE_BEZIER_KNOTS.);
#329 = CARTESIAN_POINT('',(6.28318530718,0.));
#330 = CARTESIAN_POINT('',(6.28318530718,0.785398163397));
#331 = CARTESIAN_POINT('',(6.28318530718,1.570796326795));
#332 = ( GEOMETRIC_REPRESENTATION_CONTEXT(2) 
PARAMETRIC_REPRESENTATION_CONTEXT() REPRESENTATION_CONTEXT('2D SPACE',''
  ) );
#333 = PCURVE('',#147,#334);
#334 = DEFINITIONAL_REPRESENTATION('',(#335),#339);
#335 = B_SPLINE_CURVE_WITH_KNOTS('',2,(#336,#337,#338),.UNSPECIFIED.,.F.
  ,.F.,(3,3),(6.28318530718,7.853981633974),.PIECEWISE_BEZIER_KNOTS.);
#336 = CARTESIAN_POINT('',(0.,0.));
#337 = CARTESIAN_POINT('',(8.881784197001E-16,0.785398163397));
#338 = CARTESIAN_POINT('',(0.,1.570796326795));
#339 = ( GEOMETRIC_REPRESENTATION_CONTEXT(2) 
PARAMETRIC_REPRESENTATION_CONTEXT() REPRESENTATION_CONTEXT('2D SPACE',''
  ) );
#340 = ORIENTED_EDGE('',*,*,#318,.F.);
#341 = ORIENTED_EDGE('',*,*,#130,.T.);
#342 = ORIENTED_EDGE('',*,*,#189,.T.);
#343 = ADVANCED_FACE('',(#344),#117,.F.);
#344 = FACE_BOUND('',#345,.F.);
#345 = EDGE_LOOP('',(#346));
#346 = ORIENTED_EDGE('',*,*,#102,.T.);
#347 = ( GEOMETRIC_REPRESENTATION_CONTEXT(3) 
GLOBAL_UNCERTAINTY_ASSIGNED_CONTEXT((#351)) GLOBAL_UNIT_ASSIGNED_CONTEXT
((#348,#349,#350)) REPRESENTATION_CONTEXT('Context #1',
  '3D Context with UNIT and UNCERTAINTY') );
#348 = ( LENGTH_UNIT() NAMED_UNIT(*) SI_UNIT(.MILLI.,.METRE.) );
#349 = ( NAMED_UNIT(*) PLANE_ANGLE_UNIT() SI_UNIT($,.RADIAN.) );
#350 = ( NAMED_UNIT(*) SI_UNIT($,.STERADIAN.) SOLID_ANGLE_UNIT() );
#351 = UNCERTAINTY_MEASURE_WITH_UNIT(LENGTH_MEASURE(5.E-07),#348,
  'distance_accuracy_value','confusion accuracy');
#352 = CONTEXT_DEPENDENT_SHAPE_REPRESENTATION(#353,#355);
#353 = ( REPRESENTATION_RELATIONSHIP('','',#40,#10) 
REPRESENTATION_RELATIONSHIP_WITH_TRANSFORMATION(#354) 
SHAPE_REPRESENTATION_RELATIONSHIP() );
#354 = ITEM_DEFINED_TRANSFORMATION('','',#11,#15);
#355 = PRODUCT_DEFINITION_SHAPE('Placement','Placement of an item',#356
  );
#356 = NEXT_ASSEMBLY_USAGE_OCCURRENCE('19','cot_R','',#5,#35,$);
#357 = PRODUCT_RELATED_PRODUCT_CATEGORY('part',$,(#37));
#358 = SHAPE_DEFINITION_REPRESENTATION(#359,#365);
#359 = PRODUCT_DEFINITION_SHAPE('','',#360);
#360 = PRODUCT_DEFINITION('design','',#361,#364);
#361 = PRODUCT_DEFINITION_FORMATION('','',#362);
#362 = PRODUCT('foam_R','foam_R','',(#363));
#363 = PRODUCT_CONTEXT('',#2,'mechanical');
#364 = PRODUCT_DEFINITION_CONTEXT('part definition',#2,'design');
#365 = ADVANCED_BREP_SHAPE_REPRESENTATION('',(#11,#366),#3285);
#366 = MANIFOLD_SOLID_BREP('',#367);
#367 = CLOSED_SHELL('',(#368,#765,#864,#1210,#1668,#1716,#2050,#2099,
    #2148,#2175,#2201,#2406,#2444,#2770,#2776,#2800,#3099,#3145,#3171,
    #3178,#3204,#3230,#3256,#3263,#3270,#3276,#3281));
#368 = ADVANCED_FACE('',(#369),#382,.T.);
#369 = FACE_BOUND('',#370,.T.);
#370 = EDGE_LOOP('',(#371,#417,#445,#488,#513,#646,#669,#708,#742));
#371 = ORIENTED_EDGE('',*,*,#372,.F.);
#372 = EDGE_CURVE('',#373,#375,#377,.T.);
#373 = VERTEX_POINT('',#374);
#374 = CARTESIAN_POINT('',(12.05,-15.75,37.9));
#375 = VERTEX_POINT('',#376);
#376 = CARTESIAN_POINT('',(12.032826325865,-14.4021029154,
    52.959263979608));
#377 = SURFACE_CURVE('',#378,(#381,#393),.PCURVE_S1.);
#378 = B_SPLINE_CURVE_WITH_KNOTS('',1,(#379,#380),.UNSPECIFIED.,.F.,.F.,
  (2,2),(0.,1.),.PIECEWISE_BEZIER_KNOTS.);
#379 = CARTESIAN_POINT('',(12.05,-15.75,37.9));
#380 = CARTESIAN_POINT('',(12.031525423729,-14.3,54.1));
#381 = PCURVE('',#382,#387);
#382 = B_SPLINE_SURFACE_WITH_KNOTS('',1,1,(
    (#383,#384)
    ,(#385,#386
    )),.UNSPECIFIED.,.F.,.F.,.F.,(2,2),(2,2),(1.,22.7),(0.,1.),
  .PIECEWISE_BEZIER_KNOTS.);
#383 = CARTESIAN_POINT('',(12.05,-15.75,37.9));
#384 = CARTESIAN_POINT('',(12.031525423729,-14.3,54.1));
#385 = CARTESIAN_POINT('',(33.75,-15.75,37.9));
#386 = CARTESIAN_POINT('',(30.568474576271,-14.3,54.1));
#387 = DEFINITIONAL_REPRESENTATION('',(#388),#392);
#388 = LINE('',#389,#390);
#389 = CARTESIAN_POINT('',(1.,0.));
#390 = VECTOR('',#391,1.);
#391 = DIRECTION('',(0.,1.));
#392 = ( GEOMETRIC_REPRESENTATION_CONTEXT(2) 
PARAMETRIC_REPRESENTATION_CONTEXT() REPRESENTATION_CONTEXT('2D SPACE',''
  ) );
#393 = PCURVE('',#394,#411);
#394 = B_SPLINE_SURFACE_WITH_KNOTS('',7,1,(
    (#395,#396)
    ,(#397,#398)
    ,(#399,#400)
    ,(#401,#402)
    ,(#403,#404)
    ,(#405,#406)
    ,(#407,#408)
    ,(#409,#410
    )),.UNSPECIFIED.,.F.,.F.,.F.,(8,8),(2,2),(1.,2.231525423729),(0.,1.)
  ,.PIECEWISE_BEZIER_KNOTS.);
#395 = CARTESIAN_POINT('',(11.125009051484,-15.12998913821,37.9));
#396 = CARTESIAN_POINT('',(10.8,-14.3,54.1));
#397 = CARTESIAN_POINT('',(11.189119286602,-15.28604988108,37.9));
#398 = CARTESIAN_POINT('',(10.97593220339,-14.3,54.1));
#399 = CARTESIAN_POINT('',(11.283947885725,-15.42949133066,37.9));
#400 = CARTESIAN_POINT('',(11.15186440678,-14.3,54.1));
#401 = CARTESIAN_POINT('',(11.406513404259,-15.55305876283,37.9));
#402 = CARTESIAN_POINT('',(11.327796610169,-14.3,54.1));
#403 = CARTESIAN_POINT('',(11.551695830227,-15.65037288377,37.9));
#404 = CARTESIAN_POINT('',(11.503728813559,-14.3,54.1));
#405 = CARTESIAN_POINT('',(11.712568152276,-15.71679059696,37.9));
#406 = CARTESIAN_POINT('',(11.679661016949,-14.3,54.1));
#407 = CARTESIAN_POINT('',(11.881284032439,-15.75,37.9));
#408 = CARTESIAN_POINT('',(11.855593220339,-14.3,54.1));
#409 = CARTESIAN_POINT('',(12.05,-15.75,37.9));
#410 = CARTESIAN_POINT('',(12.031525423729,-14.3,54.1));
#411 = DEFINITIONAL_REPRESENTATION('',(#412),#416);
#412 = LINE('',#413,#414);
#413 = CARTESIAN_POINT('',(2.231525423729,0.));
#414 = VECTOR('',#415,1.);
#415 = DIRECTION('',(0.,1.));
#416 = ( GEOMETRIC_REPRESENTATION_CONTEXT(2) 
PARAMETRIC_REPRESENTATION_CONTEXT() REPRESENTATION_CONTEXT('2D SPACE',''
  ) );
#417 = ORIENTED_EDGE('',*,*,#418,.T.);
#418 = EDGE_CURVE('',#373,#419,#421,.T.);
#419 = VERTEX_POINT('',#420);
#420 = CARTESIAN_POINT('',(20.6,-15.75,37.9));
#421 = SURFACE_CURVE('',#422,(#426,#433),.PCURVE_S1.);
#422 = LINE('',#423,#424);
#423 = CARTESIAN_POINT('',(11.05,-15.75,37.9));
#424 = VECTOR('',#425,1.);
#425 = DIRECTION('',(1.,0.,0.));
#426 = PCURVE('',#382,#427);
#427 = DEFINITIONAL_REPRESENTATION('',(#428),#432);
#428 = LINE('',#429,#430);
#429 = CARTESIAN_POINT('',(0.,0.));
#430 = VECTOR('',#431,1.);
#431 = DIRECTION('',(1.,0.));
#432 = ( GEOMETRIC_REPRESENTATION_CONTEXT(2) 
PARAMETRIC_REPRESENTATION_CONTEXT() REPRESENTATION_CONTEXT('2D SPACE',''
  ) );
#433 = PCURVE('',#434,#439);
#434 = PLANE('',#435);
#435 = AXIS2_PLACEMENT_3D('',#436,#437,#438);
#436 = CARTESIAN_POINT('',(33.75,-14.75,37.9));
#437 = DIRECTION('',(0.,-0.,1.));
#438 = DIRECTION('',(1.,0.,0.));
#439 = DEFINITIONAL_REPRESENTATION('',(#440),#444);
#440 = LINE('',#441,#442);
#441 = CARTESIAN_POINT('',(-22.7,-1.));
#442 = VECTOR('',#443,1.);
#443 = DIRECTION('',(1.,0.));
#444 = ( GEOMETRIC_REPRESENTATION_CONTEXT(2) 
PARAMETRIC_REPRESENTATION_CONTEXT() REPRESENTATION_CONTEXT('2D SPACE',''
  ) );
#445 = ORIENTED_EDGE('',*,*,#446,.T.);
#446 = EDGE_CURVE('',#419,#447,#449,.T.);
#447 = VERTEX_POINT('',#448);
#448 = CARTESIAN_POINT('',(20.6,-15.11450617284,45.));
#449 = SURFACE_CURVE('',#450,(#459,#471),.PCURVE_S1.);
#450 = B_SPLINE_CURVE_WITH_KNOTS('',4,(#451,#452,#453,#454,#455,#456,
    #457,#458),.UNSPECIFIED.,.F.,.F.,(5,3,5),(0.,0.500405613396,1.),
  .UNSPECIFIED.);
#451 = CARTESIAN_POINT('',(20.6,-15.75,37.9));
#452 = CARTESIAN_POINT('',(20.6,-15.67046485092,38.788599596615));
#453 = CARTESIAN_POINT('',(20.6,-15.59093985653,39.677085740804));
#454 = CARTESIAN_POINT('',(20.6,-15.51142581695,40.565449493382));
#455 = CARTESIAN_POINT('',(20.6,-15.35255047096,42.340470600309));
#456 = CARTESIAN_POINT('',(20.6,-15.27318912711,43.22712837291));
#457 = CARTESIAN_POINT('',(20.6,-15.19384063697,44.113642538643));
#458 = CARTESIAN_POINT('',(20.6,-15.11450617284,45.));
#459 = PCURVE('',#382,#460);
#460 = DEFINITIONAL_REPRESENTATION('',(#461),#470);
#461 = B_SPLINE_CURVE_WITH_KNOTS('',4,(#462,#463,#464,#465,#466,#467,
    #468,#469),.UNSPECIFIED.,.F.,.F.,(5,3,5),(0.,0.500405613396,1.),
  .UNSPECIFIED.);
#462 = CARTESIAN_POINT('',(9.55,0.));
#463 = CARTESIAN_POINT('',(9.619373615714,5.485182695154E-02));
#464 = CARTESIAN_POINT('',(9.690217508494,0.109696650667));
#465 = CARTESIAN_POINT('',(9.762600944197,0.164533919345));
#466 = CARTESIAN_POINT('',(9.910484042164,0.274103123476));
#467 = CARTESIAN_POINT('',(9.98597845406,0.328835084748));
#468 = CARTESIAN_POINT('',(10.063164090781,0.383558181398));
#469 = CARTESIAN_POINT('',(10.142129605696,0.438271604938));
#470 = ( GEOMETRIC_REPRESENTATION_CONTEXT(2) 
PARAMETRIC_REPRESENTATION_CONTEXT() REPRESENTATION_CONTEXT('2D SPACE',''
  ) );
#471 = PCURVE('',#472,#477);
#472 = PLANE('',#473);
#473 = AXIS2_PLACEMENT_3D('',#474,#475,#476);
#474 = CARTESIAN_POINT('',(20.6,-20.,37.5));
#475 = DIRECTION('',(1.,0.,-0.));
#476 = DIRECTION('',(0.,0.,1.));
#477 = DEFINITIONAL_REPRESENTATION('',(#478),#487);
#478 = B_SPLINE_CURVE_WITH_KNOTS('',4,(#479,#480,#481,#482,#483,#484,
    #485,#486),.UNSPECIFIED.,.F.,.F.,(5,3,5),(0.,0.500405613396,1.),
  .UNSPECIFIED.);
#479 = CARTESIAN_POINT('',(0.4,-4.25));
#480 = CARTESIAN_POINT('',(1.288599596615,-4.32953514908));
#481 = CARTESIAN_POINT('',(2.177085740804,-4.409060143467));
#482 = CARTESIAN_POINT('',(3.065449493382,-4.48857418305));
#483 = CARTESIAN_POINT('',(4.840470600309,-4.64744952904));
#484 = CARTESIAN_POINT('',(5.72712837291,-4.726810872884));
#485 = CARTESIAN_POINT('',(6.613642538643,-4.806159363027));
#486 = CARTESIAN_POINT('',(7.5,-4.88549382716));
#487 = ( GEOMETRIC_REPRESENTATION_CONTEXT(2) 
PARAMETRIC_REPRESENTATION_CONTEXT() REPRESENTATION_CONTEXT('2D SPACE',''
  ) );
#488 = ORIENTED_EDGE('',*,*,#489,.F.);
#489 = EDGE_CURVE('',#490,#447,#492,.T.);
#490 = VERTEX_POINT('',#491);
#491 = CARTESIAN_POINT('',(25.6,-15.11450617284,45.));
#492 = SURFACE_CURVE('',#493,(#496,#502),.PCURVE_S1.);
#493 = B_SPLINE_CURVE_WITH_KNOTS('',1,(#494,#495),.UNSPECIFIED.,.F.,.F.,
  (2,2),(0.,1.),.PIECEWISE_BEZIER_KNOTS.);
#494 = CARTESIAN_POINT('',(25.6,-15.11450617284,45.));
#495 = CARTESIAN_POINT('',(20.6,-15.11450617284,45.));
#496 = PCURVE('',#382,#497);
#497 = DEFINITIONAL_REPRESENTATION('',(#498),#501);
#498 = B_SPLINE_CURVE_WITH_KNOTS('',1,(#499,#500),.UNSPECIFIED.,.F.,.F.,
  (2,2),(0.,1.),.PIECEWISE_BEZIER_KNOTS.);
#499 = CARTESIAN_POINT('',(15.483345999955,0.438271604938));
#500 = CARTESIAN_POINT('',(10.14212955719,0.438271604938));
#501 = ( GEOMETRIC_REPRESENTATION_CONTEXT(2) 
PARAMETRIC_REPRESENTATION_CONTEXT() REPRESENTATION_CONTEXT('2D SPACE',''
  ) );
#502 = PCURVE('',#503,#508);
#503 = PLANE('',#504);
#504 = AXIS2_PLACEMENT_3D('',#505,#506,#507);
#505 = CARTESIAN_POINT('',(20.6,-20.,45.));
#506 = DIRECTION('',(0.,0.,1.));
#507 = DIRECTION('',(1.,0.,-0.));
#508 = DEFINITIONAL_REPRESENTATION('',(#509),#512);
#509 = B_SPLINE_CURVE_WITH_KNOTS('',1,(#510,#511),.UNSPECIFIED.,.F.,.F.,
  (2,2),(0.,1.),.PIECEWISE_BEZIER_KNOTS.);
#510 = CARTESIAN_POINT('',(5.,4.88549382716));
#511 = CARTESIAN_POINT('',(0.,4.88549382716));
#512 = ( GEOMETRIC_REPRESENTATION_CONTEXT(2) 
PARAMETRIC_REPRESENTATION_CONTEXT() REPRESENTATION_CONTEXT('2D SPACE',''
  ) );
#513 = ORIENTED_EDGE('',*,*,#514,.F.);
#514 = EDGE_CURVE('',#515,#490,#517,.T.);
#515 = VERTEX_POINT('',#516);
#516 = CARTESIAN_POINT('',(25.6,-15.75,37.9));
#517 = SURFACE_CURVE('',#518,(#557,#599),.PCURVE_S1.);
#518 = B_SPLINE_CURVE_WITH_KNOTS('',7,(#519,#520,#521,#522,#523,#524,
    #525,#526,#527,#528,#529,#530,#531,#532,#533,#534,#535,#536,#537,
    #538,#539,#540,#541,#542,#543,#544,#545,#546,#547,#548,#549,#550,
    #551,#552,#553,#554,#555,#556),.UNSPECIFIED.,.F.,.F.,(8,6,6,6,6,6,8)
  ,(0.,0.500228813196,0.750544505731,0.875757707191,0.937317378715,
    0.969162351507,1.),.UNSPECIFIED.);
#519 = CARTESIAN_POINT('',(25.6,-15.75,37.9));
#520 = CARTESIAN_POINT('',(25.6,-15.7045390309,38.407908758179));
#521 = CARTESIAN_POINT('',(25.6,-15.65908521071,38.915737645842));
#522 = CARTESIAN_POINT('',(25.6,-15.61363876168,39.423484179823));
#523 = CARTESIAN_POINT('',(25.6,-15.56819991751,39.931145749096));
#524 = CARTESIAN_POINT('',(25.6,-15.52276892336,40.43871961478));
#525 = CARTESIAN_POINT('',(25.6,-15.47734603582,40.946202910135));
#526 = CARTESIAN_POINT('',(25.6,-15.40920599221,41.70749167318));
#527 = CARTESIAN_POINT('',(25.6,-15.3864825587,41.961367275146));
#528 = CARTESIAN_POINT('',(25.6,-15.36376125606,42.215219070205));
#529 = CARTESIAN_POINT('',(25.6,-15.3410421188,42.469046672699));
#530 = CARTESIAN_POINT('',(25.6,-15.31832518228,42.722849687567));
#531 = CARTESIAN_POINT('',(25.6,-15.29561048271,42.976627710349));
#532 = CARTESIAN_POINT('',(25.6,-15.26153682168,43.357312750838));
#533 = CARTESIAN_POINT('',(25.6,-15.25017615524,43.484238817322));
#534 = CARTESIAN_POINT('',(25.6,-15.23881606244,43.611158474793));
#535 = CARTESIAN_POINT('',(25.6,-15.22745654798,43.738071670771));
#536 = CARTESIAN_POINT('',(25.6,-15.21609761663,43.864978352139));
#537 = CARTESIAN_POINT('',(25.6,-15.20473927318,43.991878465141));
#538 = CARTESIAN_POINT('',(25.6,-15.18779761129,44.181157722113));
#539 = CARTESIAN_POINT('',(25.6,-15.18221384335,44.243541888061));
#540 = CARTESIAN_POINT('',(25.6,-15.17663021927,44.305924446763));
#541 = CARTESIAN_POINT('',(25.6,-15.17104673963,44.368305391715));
#542 = CARTESIAN_POINT('',(25.6,-15.16546340501,44.430684716374));
#543 = CARTESIAN_POINT('',(25.6,-15.15988021601,44.493062414158));
#544 = CARTESIAN_POINT('',(25.6,-15.15140905115,44.587705773268));
#545 = CARTESIAN_POINT('',(25.6,-15.14852096821,44.619972630963));
#546 = CARTESIAN_POINT('',(25.6,-15.14563292448,44.652239050616));
#547 = CARTESIAN_POINT('',(25.6,-15.14274492003,44.684505031306));
#548 = CARTESIAN_POINT('',(25.6,-15.13985695496,44.716770572111));
#549 = CARTESIAN_POINT('',(25.6,-15.13696902934,44.749035672107));
#550 = CARTESIAN_POINT('',(25.6,-15.13128460717,44.812544388779));
#551 = CARTESIAN_POINT('',(25.6,-15.12848810989,44.843788013605));
#552 = CARTESIAN_POINT('',(25.6,-15.12569164079,44.875031323529));
#553 = CARTESIAN_POINT('',(25.6,-15.12289522936,44.906273989221));
#554 = CARTESIAN_POINT('',(25.6,-15.12009882916,44.937516529368));
#555 = CARTESIAN_POINT('',(25.6,-15.11730248534,44.968758439589));
#556 = CARTESIAN_POINT('',(25.6,-15.11450617284,45.));
#557 = PCURVE('',#382,#558);
#558 = DEFINITIONAL_REPRESENTATION('',(#559),#598);
#559 = B_SPLINE_CURVE_WITH_KNOTS('',7,(#560,#561,#562,#563,#564,#565,
    #566,#567,#568,#569,#570,#571,#572,#573,#574,#575,#576,#577,#578,
    #579,#580,#581,#582,#583,#584,#585,#586,#587,#588,#589,#590,#591,
    #592,#593,#594,#595,#596,#597),.UNSPECIFIED.,.F.,.F.,(8,6,6,6,6,6,8)
  ,(0.,0.500228813196,0.750544505731,0.875757707191,0.937317378715,
    0.969162351507,1.),.UNSPECIFIED.);
#560 = CARTESIAN_POINT('',(14.55,0.));
#561 = CARTESIAN_POINT('',(14.612502854297,3.135239248018E-02));
#562 = CARTESIAN_POINT('',(14.675662379315,6.269985468163E-02));
#563 = CARTESIAN_POINT('',(14.739490662588,9.404223332241E-02));
#564 = CARTESIAN_POINT('',(14.804000174907,0.125379367228));
#565 = CARTESIAN_POINT('',(14.869203770331,0.156711087332));
#566 = CARTESIAN_POINT('',(14.935114686177,0.188037216675));
#567 = CARTESIAN_POINT('',(15.03508928329,0.235030350196));
#568 = CARTESIAN_POINT('',(15.068612551523,0.250701683651));
#569 = CARTESIAN_POINT('',(15.102318056384,0.266371547544));
#570 = CARTESIAN_POINT('',(15.13620753321,0.282039918068));
#571 = CARTESIAN_POINT('',(15.170282744013,0.297706770837));
#572 = CARTESIAN_POINT('',(15.204545477482,0.313372080886));
#573 = CARTESIAN_POINT('',(15.256231203514,0.336871157459));
#574 = CARTESIAN_POINT('',(15.27351223452,0.344706099835));
#575 = CARTESIAN_POINT('',(15.290840869291,0.352540646592));
#576 = CARTESIAN_POINT('',(15.308217336878,0.360374794492));
#577 = CARTESIAN_POINT('',(15.325641868092,0.368208540256));
#578 = CARTESIAN_POINT('',(15.343114695505,0.376041880564));
#579 = CARTESIAN_POINT('',(15.369250233321,0.387725785316));
#580 = CARTESIAN_POINT('',(15.377876143449,0.391576659757));
#581 = CARTESIAN_POINT('',(15.386513811681,0.395427434985));
#582 = CARTESIAN_POINT('',(15.395163265973,0.3992781106));
#583 = CARTESIAN_POINT('',(15.403824534383,0.403128686196));
#584 = CARTESIAN_POINT('',(15.412497645077,0.406979161368));
#585 = CARTESIAN_POINT('',(15.425675388954,0.412821344029));
#586 = CARTESIAN_POINT('',(15.430171328164,0.414813125368));
#587 = CARTESIAN_POINT('',(15.434670447872,0.416804879668));
#588 = CARTESIAN_POINT('',(15.439172751997,0.418796606871));
#589 = CARTESIAN_POINT('',(15.443678244469,0.42078830692));
#590 = CARTESIAN_POINT('',(15.448186929225,0.42277997976));
#591 = CARTESIAN_POINT('',(15.457067970789,0.426700270912));
#592 = CARTESIAN_POINT('',(15.461440265307,0.428628889729));
#593 = CARTESIAN_POINT('',(15.46581484621,0.430557489107));
#594 = CARTESIAN_POINT('',(15.470194065415,0.432486048717));
#595 = CARTESIAN_POINT('',(15.474574205565,0.434414600578));
#596 = CARTESIAN_POINT('',(15.47895887849,0.436343113555));
#597 = CARTESIAN_POINT('',(15.48334607628,0.438271604938));
#598 = ( GEOMETRIC_REPRESENTATION_CONTEXT(2) 
PARAMETRIC_REPRESENTATION_CONTEXT() REPRESENTATION_CONTEXT('2D SPACE',''
  ) );
#599 = PCURVE('',#600,#605);
#600 = PLANE('',#601);
#601 = AXIS2_PLACEMENT_3D('',#602,#603,#604);
#602 = CARTESIAN_POINT('',(25.6,-20.,37.5));
#603 = DIRECTION('',(1.,0.,-0.));
#604 = DIRECTION('',(0.,0.,1.));
#605 = DEFINITIONAL_REPRESENTATION('',(#606),#645);
#606 = B_SPLINE_CURVE_WITH_KNOTS('',7,(#607,#608,#609,#610,#611,#612,
    #613,#614,#615,#616,#617,#618,#619,#620,#621,#622,#623,#624,#625,
    #626,#627,#628,#629,#630,#631,#632,#633,#634,#635,#636,#637,#638,
    #639,#640,#641,#642,#643,#644),.UNSPECIFIED.,.F.,.F.,(8,6,6,6,6,6,8)
  ,(0.,0.500228813196,0.750544505731,0.875757707191,0.937317378715,
    0.969162351507,1.),.UNSPECIFIED.);
#607 = CARTESIAN_POINT('',(0.4,-4.25));
#608 = CARTESIAN_POINT('',(0.907908758179,-4.295460969096));
#609 = CARTESIAN_POINT('',(1.415737645842,-4.340914789288));
#610 = CARTESIAN_POINT('',(1.923484179823,-4.386361238317));
#611 = CARTESIAN_POINT('',(2.431145749096,-4.431800082481));
#612 = CARTESIAN_POINT('',(2.93871961478,-4.477231076632));
#613 = CARTESIAN_POINT('',(3.446202910135,-4.522653964179));
#614 = CARTESIAN_POINT('',(4.20749167318,-4.590794007785));
#615 = CARTESIAN_POINT('',(4.461367275146,-4.613517441294));
#616 = CARTESIAN_POINT('',(4.715219070205,-4.636238743938));
#617 = CARTESIAN_POINT('',(4.969046672699,-4.658957881198));
#618 = CARTESIAN_POINT('',(5.222849687567,-4.681674817714));
#619 = CARTESIAN_POINT('',(5.476627710349,-4.704389517284));
#620 = CARTESIAN_POINT('',(5.857312750838,-4.738463178316));
#621 = CARTESIAN_POINT('',(5.984238817322,-4.74982384476));
#622 = CARTESIAN_POINT('',(6.111158474793,-4.761183937559));
#623 = CARTESIAN_POINT('',(6.238071670771,-4.772543452013));
#624 = CARTESIAN_POINT('',(6.364978352139,-4.78390238337));
#625 = CARTESIAN_POINT('',(6.491878465141,-4.795260726818));
#626 = CARTESIAN_POINT('',(6.681157722113,-4.812202388708));
#627 = CARTESIAN_POINT('',(6.743541888061,-4.817786156647));
#628 = CARTESIAN_POINT('',(6.805924446763,-4.823369780729));
#629 = CARTESIAN_POINT('',(6.868305391715,-4.82895326037));
#630 = CARTESIAN_POINT('',(6.930684716374,-4.834536594984));
#631 = CARTESIAN_POINT('',(6.993062414158,-4.840119783983));
#632 = CARTESIAN_POINT('',(7.087705773268,-4.848590948842));
#633 = CARTESIAN_POINT('',(7.119972630963,-4.851479031784));
#634 = CARTESIAN_POINT('',(7.152239050616,-4.854367075518));
#635 = CARTESIAN_POINT('',(7.184505031306,-4.857255079963));
#636 = CARTESIAN_POINT('',(7.216770572111,-4.860143045035));
#637 = CARTESIAN_POINT('',(7.249035672107,-4.863030970652));
#638 = CARTESIAN_POINT('',(7.312544388779,-4.868715392823));
#639 = CARTESIAN_POINT('',(7.343788013605,-4.871511890107));
#640 = CARTESIAN_POINT('',(7.375031323529,-4.874308359205));
#641 = CARTESIAN_POINT('',(7.406273989221,-4.87710477064));
#642 = CARTESIAN_POINT('',(7.437516529368,-4.879901170838));
#643 = CARTESIAN_POINT('',(7.468758439589,-4.882697514655));
#644 = CARTESIAN_POINT('',(7.5,-4.88549382716));
#645 = ( GEOMETRIC_REPRESENTATION_CONTEXT(2) 
PARAMETRIC_REPRESENTATION_CONTEXT() REPRESENTATION_CONTEXT('2D SPACE',''
  ) );
#646 = ORIENTED_EDGE('',*,*,#647,.T.);
#647 = EDGE_CURVE('',#515,#648,#650,.T.);
#648 = VERTEX_POINT('',#649);
#649 = CARTESIAN_POINT('',(33.75,-15.75,37.9));
#650 = SURFACE_CURVE('',#651,(#655,#662),.PCURVE_S1.);
#651 = LINE('',#652,#653);
#652 = CARTESIAN_POINT('',(11.05,-15.75,37.9));
#653 = VECTOR('',#654,1.);
#654 = DIRECTION('',(1.,0.,0.));
#655 = PCURVE('',#382,#656);
#656 = DEFINITIONAL_REPRESENTATION('',(#657),#661);
#657 = LINE('',#658,#659);
#658 = CARTESIAN_POINT('',(0.,0.));
#659 = VECTOR('',#660,1.);
#660 = DIRECTION('',(1.,0.));
#661 = ( GEOMETRIC_REPRESENTATION_CONTEXT(2) 
PARAMETRIC_REPRESENTATION_CONTEXT() REPRESENTATION_CONTEXT('2D SPACE',''
  ) );
#662 = PCURVE('',#434,#663);
#663 = DEFINITIONAL_REPRESENTATION('',(#664),#668);
#664 = LINE('',#665,#666);
#665 = CARTESIAN_POINT('',(-22.7,-1.));
#666 = VECTOR('',#667,1.);
#667 = DIRECTION('',(1.,0.));
#668 = ( GEOMETRIC_REPRESENTATION_CONTEXT(2) 
PARAMETRIC_REPRESENTATION_CONTEXT() REPRESENTATION_CONTEXT('2D SPACE',''
  ) );
#669 = ORIENTED_EDGE('',*,*,#670,.T.);
#670 = EDGE_CURVE('',#648,#671,#673,.T.);
#671 = VERTEX_POINT('',#672);
#672 = CARTESIAN_POINT('',(30.905674240522,-14.45368084426,
    52.383014015817));
#673 = SURFACE_CURVE('',#674,(#677,#684),.PCURVE_S1.);
#674 = B_SPLINE_CURVE_WITH_KNOTS('',1,(#675,#676),.UNSPECIFIED.,.F.,.F.,
  (2,2),(0.,1.),.PIECEWISE_BEZIER_KNOTS.);
#675 = CARTESIAN_POINT('',(33.75,-15.75,37.9));
#676 = CARTESIAN_POINT('',(30.568474576271,-14.3,54.1));
#677 = PCURVE('',#382,#678);
#678 = DEFINITIONAL_REPRESENTATION('',(#679),#683);
#679 = LINE('',#680,#681);
#680 = CARTESIAN_POINT('',(22.7,0.));
#681 = VECTOR('',#682,1.);
#682 = DIRECTION('',(0.,1.));
#683 = ( GEOMETRIC_REPRESENTATION_CONTEXT(2) 
PARAMETRIC_REPRESENTATION_CONTEXT() REPRESENTATION_CONTEXT('2D SPACE',''
  ) );
#684 = PCURVE('',#685,#702);
#685 = B_SPLINE_SURFACE_WITH_KNOTS('',7,1,(
    (#686,#687)
    ,(#688,#689)
    ,(#690,#691)
    ,(#692,#693)
    ,(#694,#695)
    ,(#696,#697)
    ,(#698,#699)
    ,(#700,#701
    )),.UNSPECIFIED.,.F.,.F.,.F.,(8,8),(2,2),(20.768474576271,22.),(0.,
    1.),.PIECEWISE_BEZIER_KNOTS.);
#686 = CARTESIAN_POINT('',(33.75,-15.75,37.9));
#687 = CARTESIAN_POINT('',(30.568474576271,-14.3,54.1));
#688 = CARTESIAN_POINT('',(33.918715967562,-15.75,37.9));
#689 = CARTESIAN_POINT('',(30.744406779661,-14.3,54.1));
#690 = CARTESIAN_POINT('',(34.087431847724,-15.71679059696,
    37.899999999999));
#691 = CARTESIAN_POINT('',(30.920338983051,-14.3,54.1));
#692 = CARTESIAN_POINT('',(34.248304169774,-15.65037288377,
    37.900000000001));
#693 = CARTESIAN_POINT('',(31.096271186441,-14.3,54.1));
#694 = CARTESIAN_POINT('',(34.39348659574,-15.55305876282,
    37.899999999999));
#695 = CARTESIAN_POINT('',(31.272203389831,-14.3,54.1));
#696 = CARTESIAN_POINT('',(34.516052114276,-15.42949133066,
    37.900000000001));
#697 = CARTESIAN_POINT('',(31.44813559322,-14.3,54.1));
#698 = CARTESIAN_POINT('',(34.610880713398,-15.28604988108,37.9));
#699 = CARTESIAN_POINT('',(31.62406779661,-14.3,54.1));
#700 = CARTESIAN_POINT('',(34.674990948516,-15.12998913821,37.9));
#701 = CARTESIAN_POINT('',(31.8,-14.3,54.1));
#702 = DEFINITIONAL_REPRESENTATION('',(#703),#707);
#703 = LINE('',#704,#705);
#704 = CARTESIAN_POINT('',(20.768474576271,0.));
#705 = VECTOR('',#706,1.);
#706 = DIRECTION('',(0.,1.));
#707 = ( GEOMETRIC_REPRESENTATION_CONTEXT(2) 
PARAMETRIC_REPRESENTATION_CONTEXT() REPRESENTATION_CONTEXT('2D SPACE',''
  ) );
#708 = ORIENTED_EDGE('',*,*,#709,.T.);
#709 = EDGE_CURVE('',#671,#710,#712,.T.);
#710 = VERTEX_POINT('',#711);
#711 = CARTESIAN_POINT('',(29.259245772548,-14.4021029154,
    52.959263979608));
#712 = SURFACE_CURVE('',#713,(#719,#728),.PCURVE_S1.);
#713 = B_SPLINE_CURVE_WITH_KNOTS('',4,(#714,#715,#716,#717,#718),
  .UNSPECIFIED.,.F.,.F.,(5,5),(0.,1.),.PIECEWISE_BEZIER_KNOTS.);
#714 = CARTESIAN_POINT('',(30.905674240522,-14.45368084426,
    52.383014015817));
#715 = CARTESIAN_POINT('',(29.667988791612,-14.41490767356,
    52.816203922936));
#716 = CARTESIAN_POINT('',(28.437773170998,-14.37636851137,
    53.246779390151));
#717 = CARTESIAN_POINT('',(27.215091711283,-14.33806537305,
    53.674717901051));
#718 = CARTESIAN_POINT('',(26.,-14.3,54.1));
#719 = PCURVE('',#382,#720);
#720 = DEFINITIONAL_REPRESENTATION('',(#721),#727);
#721 = B_SPLINE_CURVE_WITH_KNOTS('',4,(#722,#723,#724,#725,#726),
  .UNSPECIFIED.,.F.,.F.,(5,5),(0.,1.),.PIECEWISE_BEZIER_KNOTS.);
#722 = CARTESIAN_POINT('',(22.7,0.894013210853));
#723 = CARTESIAN_POINT('',(21.374681659475,0.920753328576));
#724 = CARTESIAN_POINT('',(20.041522732792,0.94733206112));
#725 = CARTESIAN_POINT('',(18.700596373978,0.973748018583));
#726 = CARTESIAN_POINT('',(17.351984126984,1.));
#727 = ( GEOMETRIC_REPRESENTATION_CONTEXT(2) 
PARAMETRIC_REPRESENTATION_CONTEXT() REPRESENTATION_CONTEXT('2D SPACE',''
  ) );
#728 = PCURVE('',#729,#734);
#729 = PLANE('',#730);
#730 = AXIS2_PLACEMENT_3D('',#731,#732,#733);
#731 = CARTESIAN_POINT('',(-70.,0.,87.7));
#732 = DIRECTION('',(0.330350424728,0.,0.943858356366));
#733 = DIRECTION('',(0.943858356366,0.,-0.330350424728));
#734 = DEFINITIONAL_REPRESENTATION('',(#735),#741);
#735 = B_SPLINE_CURVE_WITH_KNOTS('',4,(#736,#737,#738,#739,#740),
  .UNSPECIFIED.,.F.,.F.,(5,5),(0.,1.),.PIECEWISE_BEZIER_KNOTS.);
#736 = CARTESIAN_POINT('',(106.90764515665,-14.45368084426));
#737 = CARTESIAN_POINT('',(105.59634093334,-14.41490767356));
#738 = CARTESIAN_POINT('',(104.29295085122,-14.37636851137));
#739 = CARTESIAN_POINT('',(102.99754306946,-14.33806537305));
#740 = CARTESIAN_POINT('',(101.710176482,-14.3));
#741 = ( GEOMETRIC_REPRESENTATION_CONTEXT(2) 
PARAMETRIC_REPRESENTATION_CONTEXT() REPRESENTATION_CONTEXT('2D SPACE',''
  ) );
#742 = ORIENTED_EDGE('',*,*,#743,.T.);
#743 = EDGE_CURVE('',#710,#375,#744,.T.);
#744 = SURFACE_CURVE('',#745,(#748,#754),.PCURVE_S1.);
#745 = B_SPLINE_CURVE_WITH_KNOTS('',1,(#746,#747),.UNSPECIFIED.,.F.,.F.,
  (2,2),(0.,1.),.PIECEWISE_BEZIER_KNOTS.);
#746 = CARTESIAN_POINT('',(30.792504246064,-14.4021029154,
    52.959263979608));
#747 = CARTESIAN_POINT('',(12.032826325865,-14.4021029154,
    52.959263979608));
#748 = PCURVE('',#382,#749);
#749 = DEFINITIONAL_REPRESENTATION('',(#750),#753);
#750 = B_SPLINE_CURVE_WITH_KNOTS('',1,(#751,#752),.UNSPECIFIED.,.F.,.F.,
  (2,2),(0.,1.),.PIECEWISE_BEZIER_KNOTS.);
#751 = CARTESIAN_POINT('',(22.7,0.929584196272));
#752 = CARTESIAN_POINT('',(1.,0.929584196272));
#753 = ( GEOMETRIC_REPRESENTATION_CONTEXT(2) 
PARAMETRIC_REPRESENTATION_CONTEXT() REPRESENTATION_CONTEXT('2D SPACE',''
  ) );
#754 = PCURVE('',#755,#760);
#755 = PLANE('',#756);
#756 = AXIS2_PLACEMENT_3D('',#757,#758,#759);
#757 = CARTESIAN_POINT('',(0.,-60.,37.));
#758 = DIRECTION('',(0.,-0.330350424728,0.943858356366));
#759 = DIRECTION('',(0.,0.943858356366,0.330350424728));
#760 = DEFINITIONAL_REPRESENTATION('',(#761),#764);
#761 = B_SPLINE_CURVE_WITH_KNOTS('',1,(#762,#763),.UNSPECIFIED.,.F.,.F.,
  (2,2),(0.,1.),.PIECEWISE_BEZIER_KNOTS.);
#762 = CARTESIAN_POINT('',(48.310105830024,-30.79250424606));
#763 = CARTESIAN_POINT('',(48.310105830024,-12.03282632586));
#764 = ( GEOMETRIC_REPRESENTATION_CONTEXT(2) 
PARAMETRIC_REPRESENTATION_CONTEXT() REPRESENTATION_CONTEXT('2D SPACE',''
  ) );
#765 = ADVANCED_FACE('',(#766),#394,.T.);
#766 = FACE_BOUND('',#767,.T.);
#767 = EDGE_LOOP('',(#768,#809,#830,#831));
#768 = ORIENTED_EDGE('',*,*,#769,.F.);
#769 = EDGE_CURVE('',#770,#772,#774,.T.);
#770 = VERTEX_POINT('',#771);
#771 = CARTESIAN_POINT('',(11.125009051484,-15.12998913821,37.9));
#772 = VERTEX_POINT('',#773);
#773 = CARTESIAN_POINT('',(10.82257361426,-14.35764717801,
    52.974823487696));
#774 = SURFACE_CURVE('',#775,(#778,#785),.PCURVE_S1.);
#775 = B_SPLINE_CURVE_WITH_KNOTS('',1,(#776,#777),.UNSPECIFIED.,.F.,.F.,
  (2,2),(0.,1.),.PIECEWISE_BEZIER_KNOTS.);
#776 = CARTESIAN_POINT('',(11.125009051484,-15.12998913821,37.9));
#777 = CARTESIAN_POINT('',(10.8,-14.3,54.1));
#778 = PCURVE('',#394,#779);
#779 = DEFINITIONAL_REPRESENTATION('',(#780),#784);
#780 = LINE('',#781,#782);
#781 = CARTESIAN_POINT('',(1.,0.));
#782 = VECTOR('',#783,1.);
#783 = DIRECTION('',(0.,1.));
#784 = ( GEOMETRIC_REPRESENTATION_CONTEXT(2) 
PARAMETRIC_REPRESENTATION_CONTEXT() REPRESENTATION_CONTEXT('2D SPACE',''
  ) );
#785 = PCURVE('',#786,#803);
#786 = B_SPLINE_SURFACE_WITH_KNOTS('',7,1,(
    (#787,#788)
    ,(#789,#790)
    ,(#791,#792)
    ,(#793,#794)
    ,(#795,#796)
    ,(#797,#798)
    ,(#799,#800)
    ,(#801,#802
    )),.UNSPECIFIED.,.F.,.F.,.F.,(8,8),(2,2),(3.14159265359,
    4.712388980385),(0.,1.),.PIECEWISE_BEZIER_KNOTS.);
#787 = CARTESIAN_POINT('',(11.05,-14.75,37.9));
#788 = CARTESIAN_POINT('',(9.8,-13.3,54.1));
#789 = CARTESIAN_POINT('',(11.05,-14.80568350769,37.9));
#790 = CARTESIAN_POINT('',(9.8,-13.52439947525,54.1));
#791 = CARTESIAN_POINT('',(11.053617376684,-14.86136702436,37.9));
#792 = CARTESIAN_POINT('',(9.858748886552,-13.74879786498,
    54.100000000001));
#793 = CARTESIAN_POINT('',(11.060852329474,-14.91676851405,37.9));
#794 = CARTESIAN_POINT('',(9.976237277798,-13.95474694082,
    54.099999999999));
#795 = CARTESIAN_POINT('',(11.071677134081,-14.97160600489,37.9));
#796 = CARTESIAN_POINT('',(10.145253059177,-14.1237627222,
    54.100000000001));
#797 = CARTESIAN_POINT('',(11.086036832561,-15.02560108487,37.9));
#798 = CARTESIAN_POINT('',(10.351202135016,-14.24125111344,
    54.099999999999));
#799 = CARTESIAN_POINT('',(11.103849923382,-15.07848239761,37.9));
#800 = CARTESIAN_POINT('',(10.575600524744,-14.3,54.1));
#801 = CARTESIAN_POINT('',(11.125009051484,-15.12998913821,37.9));
#802 = CARTESIAN_POINT('',(10.8,-14.3,54.1));
#803 = DEFINITIONAL_REPRESENTATION('',(#804),#808);
#804 = LINE('',#805,#806);
#805 = CARTESIAN_POINT('',(4.712388980385,0.));
#806 = VECTOR('',#807,1.);
#807 = DIRECTION('',(0.,1.));
#808 = ( GEOMETRIC_REPRESENTATION_CONTEXT(2) 
PARAMETRIC_REPRESENTATION_CONTEXT() REPRESENTATION_CONTEXT('2D SPACE',''
  ) );
#809 = ORIENTED_EDGE('',*,*,#810,.T.);
#810 = EDGE_CURVE('',#770,#373,#811,.T.);
#811 = SURFACE_CURVE('',#812,(#817,#823),.PCURVE_S1.);
#812 = CIRCLE('',#813,1.);
#813 = AXIS2_PLACEMENT_3D('',#814,#815,#816);
#814 = CARTESIAN_POINT('',(12.05,-14.75,37.9));
#815 = DIRECTION('',(0.,-0.,1.));
#816 = DIRECTION('',(1.,0.,0.));
#817 = PCURVE('',#394,#818);
#818 = DEFINITIONAL_REPRESENTATION('',(#819),#822);
#819 = B_SPLINE_CURVE_WITH_KNOTS('',1,(#820,#821),.UNSPECIFIED.,.F.,.F.,
  (2,2),(3.531377207455,4.712388980385),.PIECEWISE_BEZIER_KNOTS.);
#820 = CARTESIAN_POINT('',(1.,0.));
#821 = CARTESIAN_POINT('',(2.231525423729,0.));
#822 = ( GEOMETRIC_REPRESENTATION_CONTEXT(2) 
PARAMETRIC_REPRESENTATION_CONTEXT() REPRESENTATION_CONTEXT('2D SPACE',''
  ) );
#823 = PCURVE('',#434,#824);
#824 = DEFINITIONAL_REPRESENTATION('',(#825),#829);
#825 = CIRCLE('',#826,1.);
#826 = AXIS2_PLACEMENT_2D('',#827,#828);
#827 = CARTESIAN_POINT('',(-21.7,0.));
#828 = DIRECTION('',(1.,0.));
#829 = ( GEOMETRIC_REPRESENTATION_CONTEXT(2) 
PARAMETRIC_REPRESENTATION_CONTEXT() REPRESENTATION_CONTEXT('2D SPACE',''
  ) );
#830 = ORIENTED_EDGE('',*,*,#372,.T.);
#831 = ORIENTED_EDGE('',*,*,#832,.T.);
#832 = EDGE_CURVE('',#375,#772,#833,.T.);
#833 = SURFACE_CURVE('',#834,(#842,#853),.PCURVE_S1.);
#834 = B_SPLINE_CURVE_WITH_KNOTS('',6,(#835,#836,#837,#838,#839,#840,
    #841),.UNSPECIFIED.,.F.,.F.,(7,7),(0.,1.),.PIECEWISE_BEZIER_KNOTS.);
#835 = CARTESIAN_POINT('',(12.032826325865,-14.4021029154,
    52.959263979608));
#836 = CARTESIAN_POINT('',(11.829532080288,-14.4021029154,
    52.959263979608));
#837 = CARTESIAN_POINT('',(11.626233203566,-14.39876823292,
    52.960431118478));
#838 = CARTESIAN_POINT('',(11.42345165404,-14.39209845312,
    52.962765541407));
#839 = CARTESIAN_POINT('',(11.22169236758,-14.38248151911,
    52.966131468309));
#840 = CARTESIAN_POINT('',(11.02133490673,-14.37068641915,
    52.970259753295));
#841 = CARTESIAN_POINT('',(10.82257361426,-14.35764717801,
    52.974823487696));
#842 = PCURVE('',#394,#843);
#843 = DEFINITIONAL_REPRESENTATION('',(#844),#852);
#844 = B_SPLINE_CURVE_WITH_KNOTS('',6,(#845,#846,#847,#848,#849,#850,
    #851),.UNSPECIFIED.,.F.,.F.,(7,7),(0.,1.),.PIECEWISE_BEZIER_KNOTS.);
#845 = CARTESIAN_POINT('',(2.231525423729,0.929584196272));
#846 = CARTESIAN_POINT('',(2.027642311757,0.929584196272));
#847 = CARTESIAN_POINT('',(1.82375574508,0.929656241881));
#848 = CARTESIAN_POINT('',(1.619442804503,0.929800342062));
#849 = CARTESIAN_POINT('',(1.414258708948,0.930008115328));
#850 = CARTESIAN_POINT('',(1.207845184089,0.930262947734));
#851 = CARTESIAN_POINT('',(1.,0.930544659734));
#852 = ( GEOMETRIC_REPRESENTATION_CONTEXT(2) 
PARAMETRIC_REPRESENTATION_CONTEXT() REPRESENTATION_CONTEXT('2D SPACE',''
  ) );
#853 = PCURVE('',#755,#854);
#854 = DEFINITIONAL_REPRESENTATION('',(#855),#863);
#855 = B_SPLINE_CURVE_WITH_KNOTS('',6,(#856,#857,#858,#859,#860,#861,
    #862),.UNSPECIFIED.,.F.,.F.,(7,7),(0.,1.),.PIECEWISE_BEZIER_KNOTS.);
#856 = CARTESIAN_POINT('',(48.310105830024,-12.03282632586));
#857 = CARTESIAN_POINT('',(48.310105830024,-11.82953208028));
#858 = CARTESIAN_POINT('',(48.313638862775,-11.62623320356));
#859 = CARTESIAN_POINT('',(48.320705367777,-11.42345165404));
#860 = CARTESIAN_POINT('',(48.330894326684,-11.22169236758));
#861 = CARTESIAN_POINT('',(48.343391011043,-11.02133490673));
#862 = CARTESIAN_POINT('',(48.357205839356,-10.82257361426));
#863 = ( GEOMETRIC_REPRESENTATION_CONTEXT(2) 
PARAMETRIC_REPRESENTATION_CONTEXT() REPRESENTATION_CONTEXT('2D SPACE',''
  ) );
#864 = ADVANCED_FACE('',(#865),#755,.T.);
#865 = FACE_BOUND('',#866,.T.);
#866 = EDGE_LOOP('',(#867,#868,#889,#915,#1071,#1097,#1131,#1209));
#867 = ORIENTED_EDGE('',*,*,#743,.F.);
#868 = ORIENTED_EDGE('',*,*,#869,.F.);
#869 = EDGE_CURVE('',#870,#710,#872,.T.);
#870 = VERTEX_POINT('',#871);
#871 = CARTESIAN_POINT('',(26.,-11.14285714285,54.1));
#872 = SURFACE_CURVE('',#873,(#877,#883),.PCURVE_S1.);
#873 = LINE('',#874,#875);
#874 = CARTESIAN_POINT('',(4.784284031634,10.072858825509,
    61.525500588928));
#875 = VECTOR('',#876,1.);
#876 = DIRECTION('',(0.686398223055,-0.686398223055,-0.240239378069));
#877 = PCURVE('',#755,#878);
#878 = DEFINITIONAL_REPRESENTATION('',(#879),#882);
#879 = B_SPLINE_CURVE_WITH_KNOTS('',1,(#880,#881),.UNSPECIFIED.,.F.,.F.,
  (2,2),(30.90875712637,35.74499379643),.PIECEWISE_BEZIER_KNOTS.);
#880 = CARTESIAN_POINT('',(51.763214816733,-26.));
#881 = CARTESIAN_POINT('',(48.246178352299,-29.3195842566));
#882 = ( GEOMETRIC_REPRESENTATION_CONTEXT(2) 
PARAMETRIC_REPRESENTATION_CONTEXT() REPRESENTATION_CONTEXT('2D SPACE',''
  ) );
#883 = PCURVE('',#729,#884);
#884 = DEFINITIONAL_REPRESENTATION('',(#885),#888);
#885 = B_SPLINE_CURVE_WITH_KNOTS('',1,(#886,#887),.UNSPECIFIED.,.F.,.F.,
  (2,2),(30.90875712637,35.74499379643),.PIECEWISE_BEZIER_KNOTS.);
#886 = CARTESIAN_POINT('',(101.710176482,-11.14285714285));
#887 = CARTESIAN_POINT('',(105.22721294643,-14.46244139945));
#888 = ( GEOMETRIC_REPRESENTATION_CONTEXT(2) 
PARAMETRIC_REPRESENTATION_CONTEXT() REPRESENTATION_CONTEXT('2D SPACE',''
  ) );
#889 = ORIENTED_EDGE('',*,*,#890,.F.);
#890 = EDGE_CURVE('',#891,#870,#893,.T.);
#891 = VERTEX_POINT('',#892);
#892 = CARTESIAN_POINT('',(24.771775100567,-11.14285714285,54.1));
#893 = SURFACE_CURVE('',#894,(#898,#904),.PCURVE_S1.);
#894 = LINE('',#895,#896);
#895 = CARTESIAN_POINT('',(15.9,-11.14285714285,54.1));
#896 = VECTOR('',#897,1.);
#897 = DIRECTION('',(1.,0.,0.));
#898 = PCURVE('',#755,#899);
#899 = DEFINITIONAL_REPRESENTATION('',(#900),#903);
#900 = B_SPLINE_CURVE_WITH_KNOTS('',1,(#901,#902),.UNSPECIFIED.,.F.,.F.,
  (2,2),(-6.1,10.1),.PIECEWISE_BEZIER_KNOTS.);
#901 = CARTESIAN_POINT('',(51.763214816733,-9.8));
#902 = CARTESIAN_POINT('',(51.763214816733,-26.));
#903 = ( GEOMETRIC_REPRESENTATION_CONTEXT(2) 
PARAMETRIC_REPRESENTATION_CONTEXT() REPRESENTATION_CONTEXT('2D SPACE',''
  ) );
#904 = PCURVE('',#905,#910);
#905 = PLANE('',#906);
#906 = AXIS2_PLACEMENT_3D('',#907,#908,#909);
#907 = CARTESIAN_POINT('',(31.8,-13.3,54.1));
#908 = DIRECTION('',(0.,-0.,1.));
#909 = DIRECTION('',(1.,0.,0.));
#910 = DEFINITIONAL_REPRESENTATION('',(#911),#914);
#911 = B_SPLINE_CURVE_WITH_KNOTS('',1,(#912,#913),.UNSPECIFIED.,.F.,.F.,
  (2,2),(-6.1,10.1),.PIECEWISE_BEZIER_KNOTS.);
#912 = CARTESIAN_POINT('',(-22.,2.157142857143));
#913 = CARTESIAN_POINT('',(-5.8,2.157142857143));
#914 = ( GEOMETRIC_REPRESENTATION_CONTEXT(2) 
PARAMETRIC_REPRESENTATION_CONTEXT() REPRESENTATION_CONTEXT('2D SPACE',''
  ) );
#915 = ORIENTED_EDGE('',*,*,#916,.T.);
#916 = EDGE_CURVE('',#891,#917,#919,.T.);
#917 = VERTEX_POINT('',#918);
#918 = CARTESIAN_POINT('',(12.252047650727,-11.14285714285,54.1));
#919 = SURFACE_CURVE('',#920,(#958,#999),.PCURVE_S1.);
#920 = B_SPLINE_CURVE_WITH_KNOTS('',6,(#921,#922,#923,#924,#925,#926,
    #927,#928,#929,#930,#931,#932,#933,#934,#935,#936,#937,#938,#939,
    #940,#941,#942,#943,#944,#945,#946,#947,#948,#949,#950,#951,#952,
    #953,#954,#955,#956,#957),.UNSPECIFIED.,.F.,.F.,(7,5,5,5,5,5,5,7),(
    0.,9.910282784003E-02,0.162664262023,0.306701530125,0.50675792482,
    0.594707603554,0.735697624986,1.),.UNSPECIFIED.);
#921 = CARTESIAN_POINT('',(24.771775100567,-11.14285714285,54.1));
#922 = CARTESIAN_POINT('',(24.621022454599,-11.31150080586,
    54.040974717948));
#923 = CARTESIAN_POINT('',(24.464351831167,-11.4754242018,53.98360152937
    ));
#924 = CARTESIAN_POINT('',(24.301893768855,-11.63433196593,
    53.927983811922));
#925 = CARTESIAN_POINT('',(24.133805482198,-11.78793318839,
    53.874223384062));
#926 = CARTESIAN_POINT('',(23.960273980604,-11.93594447497,
    53.82241943376));
#927 = CARTESIAN_POINT('',(23.666871489755,-12.16926260246,
    53.740758089137));
#928 = CARTESIAN_POINT('',(23.550074772132,-12.25802096957,
    53.709692660649));
#929 = CARTESIAN_POINT('',(23.431186745023,-12.34429610239,
    53.679496364161));
#930 = CARTESIAN_POINT('',(23.310269977661,-12.42801888806,
    53.650193389177));
#931 = CARTESIAN_POINT('',(23.187391897901,-12.50912310774,
    53.62180691229));
#932 = CARTESIAN_POINT('',(22.779888675865,-12.76525914239,
    53.532159300161));
#933 = CARTESIAN_POINT('',(22.487440002857,-12.9292080549,
    53.474777180785));
#934 = CARTESIAN_POINT('',(22.186141562556,-13.07864487224,
    53.422474294714));
#935 = CARTESIAN_POINT('',(21.876945248504,-13.21293824909,
    53.375471612816));
#936 = CARTESIAN_POINT('',(21.560896222152,-13.331584207,53.333945527549
    ));
#937 = CARTESIAN_POINT('',(20.792239023977,-13.57676714867,
    53.248131497962));
#938 = CARTESIAN_POINT('',(20.33424015563,-13.68845492374,53.20904077669
    ));
#939 = CARTESIAN_POINT('',(19.86827007251,-13.76826420443,
    53.181107528449));
#940 = CARTESIAN_POINT('',(19.397445879741,-13.81587605735,
    53.164443379924));
#941 = CARTESIAN_POINT('',(18.924836781846,-13.83148633491,
    53.158979782778));
#942 = CARTESIAN_POINT('',(18.246243836357,-13.80899064716,
    53.166853273491));
#943 = CARTESIAN_POINT('',(18.039244526645,-13.79608348486,
    53.171370780299));
#944 = CARTESIAN_POINT('',(17.832716991491,-13.77720189894,
    53.177979335368));
#945 = CARTESIAN_POINT('',(17.626895032558,-13.752427411,53.186650406148
    ));
#946 = CARTESIAN_POINT('',(17.422000311575,-13.72185753168,
    53.197349863911));
#947 = CARTESIAN_POINT('',(16.891603463275,-13.62748516654,
    53.230380191709));
#948 = CARTESIAN_POINT('',(16.567881774268,-13.55475819087,
    53.255834633194));
#949 = CARTESIAN_POINT('',(16.247942484604,-13.46788106047,
    53.286241628835));
#950 = CARTESIAN_POINT('',(15.932541206015,-13.36739497397,
    53.321411759109));
#951 = CARTESIAN_POINT('',(15.622332405822,-13.25389705654,
    53.36113603021));
#952 = CARTESIAN_POINT('',(14.747141308668,-12.89203058869,
    53.487789293958));
#953 = CARTESIAN_POINT('',(14.196666536788,-12.61253965316,
    53.585611121393));
#954 = CARTESIAN_POINT('',(13.670023307325,-12.29363954484,
    53.697226159303));
#955 = CARTESIAN_POINT('',(13.169546404741,-11.93969046163,
    53.821108338427));
#956 = CARTESIAN_POINT('',(12.696648754108,-11.55486465701,
    53.955797370044));
#957 = CARTESIAN_POINT('',(12.252047650726,-11.14285714285,54.1));
#958 = PCURVE('',#755,#959);
#959 = DEFINITIONAL_REPRESENTATION('',(#960),#998);
#960 = B_SPLINE_CURVE_WITH_KNOTS('',6,(#961,#962,#963,#964,#965,#966,
    #967,#968,#969,#970,#971,#972,#973,#974,#975,#976,#977,#978,#979,
    #980,#981,#982,#983,#984,#985,#986,#987,#988,#989,#990,#991,#992,
    #993,#994,#995,#996,#997),.UNSPECIFIED.,.F.,.F.,(7,5,5,5,5,5,5,7),(
    0.,9.910282784003E-02,0.162664262023,0.306701530125,0.50675792482,
    0.594707603554,0.735697624986,1.),.UNSPECIFIED.);
#961 = CARTESIAN_POINT('',(51.763214816733,-24.77177510056));
#962 = CARTESIAN_POINT('',(51.584540059161,-24.62102245459));
#963 = CARTESIAN_POINT('',(51.410866334886,-24.46435183116));
#964 = CARTESIAN_POINT('',(51.242506577233,-24.30189376885));
#965 = CARTESIAN_POINT('',(51.079768999692,-24.13380548219));
#966 = CARTESIAN_POINT('',(50.922953853035,-23.9602739806));
#967 = CARTESIAN_POINT('',(50.675757728829,-23.66687148975));
#968 = CARTESIAN_POINT('',(50.581719924841,-23.55007477213));
#969 = CARTESIAN_POINT('',(50.490313060407,-23.43118674502));
#970 = CARTESIAN_POINT('',(50.401610359305,-23.31026997766));
#971 = CARTESIAN_POINT('',(50.315681979131,-23.1873918979));
#972 = CARTESIAN_POINT('',(50.044310715713,-22.77988867586));
#973 = CARTESIAN_POINT('',(49.870609957122,-22.48744000285));
#974 = CARTESIAN_POINT('',(49.712284487692,-22.18614156255));
#975 = CARTESIAN_POINT('',(49.570003205818,-21.8769452485));
#976 = CARTESIAN_POINT('',(49.444300067094,-21.56089622215));
#977 = CARTESIAN_POINT('',(49.184533397635,-20.79223902397));
#978 = CARTESIAN_POINT('',(49.066202321461,-20.33424015563));
#979 = CARTESIAN_POINT('',(48.981645904548,-19.86827007251));
#980 = CARTESIAN_POINT('',(48.931202050757,-19.39744587974));
#981 = CARTESIAN_POINT('',(48.914663258199,-18.92483678184));
#982 = CARTESIAN_POINT('',(48.938497012066,-18.24624383635));
#983 = CARTESIAN_POINT('',(48.95217190536,-18.03924452664));
#984 = CARTESIAN_POINT('',(48.972176586978,-17.83271699149));
#985 = CARTESIAN_POINT('',(48.998424686361,-17.62689503255));
#986 = CARTESIAN_POINT('',(49.030812892832,-17.42200031157));
#987 = CARTESIAN_POINT('',(49.130798621093,-16.89160346327));
#988 = CARTESIAN_POINT('',(49.20785147037,-16.56788177426));
#989 = CARTESIAN_POINT('',(49.299896139801,-16.2479424846));
#990 = CARTESIAN_POINT('',(49.406359239715,-15.93254120601));
#991 = CARTESIAN_POINT('',(49.526608127342,-15.62233240582));
#992 = CARTESIAN_POINT('',(49.909998776384,-14.74714130866));
#993 = CARTESIAN_POINT('',(50.206114113652,-14.19666653678));
#994 = CARTESIAN_POINT('',(50.54398272091,-13.67002330732));
#995 = CARTESIAN_POINT('',(50.918985051318,-13.16954640474));
#996 = CARTESIAN_POINT('',(51.326700681556,-12.6966487541));
#997 = CARTESIAN_POINT('',(51.763214816733,-12.25204765072));
#998 = ( GEOMETRIC_REPRESENTATION_CONTEXT(2) 
PARAMETRIC_REPRESENTATION_CONTEXT() REPRESENTATION_CONTEXT('2D SPACE',''
  ) );
#999 = PCURVE('',#1000,#1031);
#1000 = B_SPLINE_SURFACE_WITH_KNOTS('',14,1,(
    (#1001,#1002)
    ,(#1003,#1004)
    ,(#1005,#1006)
    ,(#1007,#1008)
    ,(#1009,#1010)
    ,(#1011,#1012)
    ,(#1013,#1014)
    ,(#1015,#1016)
    ,(#1017,#1018)
    ,(#1019,#1020)
    ,(#1021,#1022)
    ,(#1023,#1024)
    ,(#1025,#1026)
    ,(#1027,#1028)
    ,(#1029,#1030
    )),.UNSPECIFIED.,.T.,.F.,.F.,(15,15),(2,2),(0.,6.28318530718),(0.,1.
    ),.PIECEWISE_BEZIER_KNOTS.);
#1001 = CARTESIAN_POINT('',(18.9,8.9,52.3));
#1002 = CARTESIAN_POINT('',(11.890767147305,6.346617257668,62.25));
#1003 = CARTESIAN_POINT('',(14.367130599816,8.900000000002,
    52.299999999995));
#1004 = CARTESIAN_POINT('',(8.329590320496,4.866579903976,
    62.249999999996));
#1005 = CARTESIAN_POINT('',(9.834259526462,6.427176282319,
    52.300000000028));
#1006 = CARTESIAN_POINT('',(5.63783662262,1.294585221316,62.250000000025
    ));
#1007 = CARTESIAN_POINT('',(6.448524599587,1.481525685723,
    52.299999999907));
#1008 = CARTESIAN_POINT('',(4.716737767642,-3.994814922421,
    62.249999999907));
#1009 = CARTESIAN_POINT('',(5.356934282218,-5.197361008033,
    52.30000000023));
#1010 = CARTESIAN_POINT('',(6.207388706262,-10.00142999759,
    62.250000000251));
#1011 = CARTESIAN_POINT('',(7.295333703678,-12.13044252857,
    52.299999999566));
#1012 = CARTESIAN_POINT('',(10.167875749886,-15.23375979721,
    62.249999999492));
#1013 = CARTESIAN_POINT('',(12.174559023011,-17.42307539893,
    52.300000000646));
#1014 = CARTESIAN_POINT('',(15.862007708377,-18.11808893088,
    62.2500000008));
#1015 = CARTESIAN_POINT('',(18.89999999965,-19.41564606332,
    52.299999999233));
#1016 = CARTESIAN_POINT('',(21.846314986219,-17.60782292887,
    62.249999999008));
#1017 = CARTESIAN_POINT('',(25.625440977622,-17.42307539894,
    52.300000000734));
#1018 = CARTESIAN_POINT('',(26.429479410732,-13.72621129767,
    62.250000000982));
#1019 = CARTESIAN_POINT('',(30.504666295855,-12.13044252857,
    52.299999999433));
#1020 = CARTESIAN_POINT('',(28.401919155067,-7.655628561088,
    62.249999999223));
#1021 = CARTESIAN_POINT('',(32.443065718059,-5.197361008039,
    52.300000000351));
#1022 = CARTESIAN_POINT('',(27.487177529061,-1.157476476566,
    62.250000000489));
#1023 = CARTESIAN_POINT('',(31.351475400283,1.481525685726,
    52.299999999829));
#1024 = CARTESIAN_POINT('',(24.281345410433,4.136303393232,
    62.249999999761));
#1025 = CARTESIAN_POINT('',(27.965740473583,6.427176282318,
    52.300000000061));
#1026 = CARTESIAN_POINT('',(19.882546558892,7.214735728731,
    62.250000000085));
#1027 = CARTESIAN_POINT('',(23.432869400174,8.900000000002,
    52.299999999987));
#1028 = CARTESIAN_POINT('',(15.451943974107,7.826654611364,
    62.249999999982));
#1029 = CARTESIAN_POINT('',(18.9,8.9,52.3));
#1030 = CARTESIAN_POINT('',(11.890767147305,6.346617257668,62.25));
#1031 = DEFINITIONAL_REPRESENTATION('',(#1032),#1070);
#1032 = B_SPLINE_CURVE_WITH_KNOTS('',6,(#1033,#1034,#1035,#1036,#1037,
    #1038,#1039,#1040,#1041,#1042,#1043,#1044,#1045,#1046,#1047,#1048,
    #1049,#1050,#1051,#1052,#1053,#1054,#1055,#1056,#1057,#1058,#1059,
    #1060,#1061,#1062,#1063,#1064,#1065,#1066,#1067,#1068,#1069),
  .UNSPECIFIED.,.F.,.F.,(7,5,5,5,5,5,5,7),(0.,9.910282784003E-02,
    0.162664262023,0.306701530125,0.50675792482,0.594707603554,
    0.735697624986,1.),.UNSPECIFIED.);
#1033 = CARTESIAN_POINT('',(3.78640626224,0.180904522613));
#1034 = CARTESIAN_POINT('',(3.764930315942,0.174972333462));
#1035 = CARTESIAN_POINT('',(3.74332880353,0.169206183856));
#1036 = CARTESIAN_POINT('',(3.721602896416,0.16361646351));
#1037 = CARTESIAN_POINT('',(3.699754116147,0.158213405433));
#1038 = CARTESIAN_POINT('',(3.677784697918,0.153006978267));
#1039 = CARTESIAN_POINT('',(3.641532211852,0.144799807953));
#1040 = CARTESIAN_POINT('',(3.627318161994,0.141677654337));
#1041 = CARTESIAN_POINT('',(3.613056631119,0.138642850669));
#1042 = CARTESIAN_POINT('',(3.598748563596,0.135697828058));
#1043 = CARTESIAN_POINT('',(3.58439502156,0.132844915808));
#1044 = CARTESIAN_POINT('',(3.537370088239,0.123835105544));
#1045 = CARTESIAN_POINT('',(3.504514183602,0.11806805837));
#1046 = CARTESIAN_POINT('',(3.471445945222,0.112811486906));
#1047 = CARTESIAN_POINT('',(3.438180744146,0.108087599278));
#1048 = CARTESIAN_POINT('',(3.404736295648,0.103914123372));
#1049 = CARTESIAN_POINT('',(3.324468096614,9.528959778517E-02));
#1050 = CARTESIAN_POINT('',(3.277490753577,9.136088207937E-02));
#1051 = CARTESIAN_POINT('',(3.230274579277,8.855352044716E-02));
#1052 = CARTESIAN_POINT('',(3.182872037945,8.687873165068E-02));
#1053 = CARTESIAN_POINT('',(3.135337265658,8.632962640988E-02));
#1054 = CARTESIAN_POINT('',(3.066815807152,8.712093200916E-02));
#1055 = CARTESIAN_POINT('',(3.045877694419,8.757495279387E-02));
#1056 = CARTESIAN_POINT('',(3.024931030997,8.823912918271E-02));
#1057 = CARTESIAN_POINT('',(3.003980218915,8.911059358268E-02));
#1058 = CARTESIAN_POINT('',(2.983029389704,9.0185915971E-02));
#1059 = CARTESIAN_POINT('',(2.928503291567,9.350554690545E-02));
#1060 = CARTESIAN_POINT('',(2.894933913714,9.606378223059E-02));
#1061 = CARTESIAN_POINT('',(2.861391098816,9.911976169195E-02));
#1062 = CARTESIAN_POINT('',(2.827887989022,0.102654448152));
#1063 = CARTESIAN_POINT('',(2.794435318333,0.106646837207));
#1064 = CARTESIAN_POINT('',(2.698443733147,0.119375808438));
#1065 = CARTESIAN_POINT('',(2.636059714983,0.129207147879));
#1066 = CARTESIAN_POINT('',(2.573938203601,0.140424739628));
#1067 = CARTESIAN_POINT('',(2.512095539924,0.152875209892));
#1068 = CARTESIAN_POINT('',(2.450533396968,0.166411795984));
#1069 = CARTESIAN_POINT('',(2.389219487607,0.180904522613));
#1070 = ( GEOMETRIC_REPRESENTATION_CONTEXT(2) 
PARAMETRIC_REPRESENTATION_CONTEXT() REPRESENTATION_CONTEXT('2D SPACE',''
  ) );
#1071 = ORIENTED_EDGE('',*,*,#1072,.F.);
#1072 = EDGE_CURVE('',#1073,#917,#1075,.T.);
#1073 = VERTEX_POINT('',#1074);
#1074 = CARTESIAN_POINT('',(9.8,-11.14285714285,54.1));
#1075 = SURFACE_CURVE('',#1076,(#1080,#1086),.PCURVE_S1.);
#1076 = LINE('',#1077,#1078);
#1077 = CARTESIAN_POINT('',(15.9,-11.14285714285,54.1));
#1078 = VECTOR('',#1079,1.);
#1079 = DIRECTION('',(1.,0.,0.));
#1080 = PCURVE('',#755,#1081);
#1081 = DEFINITIONAL_REPRESENTATION('',(#1082),#1085);
#1082 = B_SPLINE_CURVE_WITH_KNOTS('',1,(#1083,#1084),.UNSPECIFIED.,.F.,
  .F.,(2,2),(-6.1,10.1),.PIECEWISE_BEZIER_KNOTS.);
#1083 = CARTESIAN_POINT('',(51.763214816733,-9.8));
#1084 = CARTESIAN_POINT('',(51.763214816733,-26.));
#1085 = ( GEOMETRIC_REPRESENTATION_CONTEXT(2) 
PARAMETRIC_REPRESENTATION_CONTEXT() REPRESENTATION_CONTEXT('2D SPACE',''
  ) );
#1086 = PCURVE('',#1087,#1092);
#1087 = PLANE('',#1088);
#1088 = AXIS2_PLACEMENT_3D('',#1089,#1090,#1091);
#1089 = CARTESIAN_POINT('',(31.8,-13.3,54.1));
#1090 = DIRECTION('',(0.,-0.,1.));
#1091 = DIRECTION('',(1.,0.,0.));
#1092 = DEFINITIONAL_REPRESENTATION('',(#1093),#1096);
#1093 = B_SPLINE_CURVE_WITH_KNOTS('',1,(#1094,#1095),.UNSPECIFIED.,.F.,
  .F.,(2,2),(-6.1,10.1),.PIECEWISE_BEZIER_KNOTS.);
#1094 = CARTESIAN_POINT('',(-22.,2.157142857143));
#1095 = CARTESIAN_POINT('',(-5.8,2.157142857143));
#1096 = ( GEOMETRIC_REPRESENTATION_CONTEXT(2) 
PARAMETRIC_REPRESENTATION_CONTEXT() REPRESENTATION_CONTEXT('2D SPACE',''
  ) );
#1097 = ORIENTED_EDGE('',*,*,#1098,.F.);
#1098 = EDGE_CURVE('',#1099,#1073,#1101,.T.);
#1099 = VERTEX_POINT('',#1100);
#1100 = CARTESIAN_POINT('',(9.86014019436,-13.36976262545,53.32058308109
    ));
#1101 = SURFACE_CURVE('',#1102,(#1108,#1117),.PCURVE_S1.);
#1102 = B_SPLINE_CURVE_WITH_KNOTS('',4,(#1103,#1104,#1105,#1106,#1107),
  .UNSPECIFIED.,.F.,.F.,(5,5),(0.,1.),.PIECEWISE_BEZIER_KNOTS.);
#1103 = CARTESIAN_POINT('',(9.86014019436,-13.36976262545,53.32058308109
    ));
#1104 = CARTESIAN_POINT('',(9.845033159518,-12.81037070673,
    53.516370252642));
#1105 = CARTESIAN_POINT('',(9.829974016305,-12.25275214661,
    53.711536748686));
#1106 = CARTESIAN_POINT('',(9.814962917098,-11.69691258738,
    53.906080594415));
#1107 = CARTESIAN_POINT('',(9.8,-11.14285714285,54.1));
#1108 = PCURVE('',#755,#1109);
#1109 = DEFINITIONAL_REPRESENTATION('',(#1110),#1116);
#1110 = B_SPLINE_CURVE_WITH_KNOTS('',4,(#1111,#1112,#1113,#1114,#1115),
  .UNSPECIFIED.,.F.,.F.,(5,5),(0.,1.),.PIECEWISE_BEZIER_KNOTS.);
#1111 = CARTESIAN_POINT('',(49.403850757941,-9.86014019436));
#1112 = CARTESIAN_POINT('',(49.996515870187,-9.845033159518));
#1113 = CARTESIAN_POINT('',(50.587302142687,-9.829974016305));
#1114 = CARTESIAN_POINT('',(51.176203597528,-9.814962917098));
#1115 = CARTESIAN_POINT('',(51.763214816733,-9.8));
#1116 = ( GEOMETRIC_REPRESENTATION_CONTEXT(2) 
PARAMETRIC_REPRESENTATION_CONTEXT() REPRESENTATION_CONTEXT('2D SPACE',''
  ) );
#1117 = PCURVE('',#1118,#1123);
#1118 = B_SPLINE_SURFACE_WITH_KNOTS('',1,1,(
    (#1119,#1120)
    ,(#1121,#1122
    )),.UNSPECIFIED.,.F.,.F.,.F.,(2,2),(2,2),(1.,28.5),(0.,1.),
  .PIECEWISE_BEZIER_KNOTS.);
#1119 = CARTESIAN_POINT('',(11.05,12.75,37.9));
#1120 = CARTESIAN_POINT('',(9.8,9.9,54.1));
#1121 = CARTESIAN_POINT('',(11.05,-14.75,37.9));
#1122 = CARTESIAN_POINT('',(9.8,-13.3,54.1));
#1123 = DEFINITIONAL_REPRESENTATION('',(#1124),#1130);
#1124 = B_SPLINE_CURVE_WITH_KNOTS('',4,(#1125,#1126,#1127,#1128,#1129),
  .UNSPECIFIED.,.F.,.F.,(5,5),(0.,1.),.PIECEWISE_BEZIER_KNOTS.);
#1125 = CARTESIAN_POINT('',(28.5,0.951887844512));
#1126 = CARTESIAN_POINT('',(27.863376840095,0.963973472385));
#1127 = CARTESIAN_POINT('',(27.225002707483,0.976020786956));
#1128 = CARTESIAN_POINT('',(26.584887584407,0.988029666322));
#1129 = CARTESIAN_POINT('',(25.943041871921,1.));
#1130 = ( GEOMETRIC_REPRESENTATION_CONTEXT(2) 
PARAMETRIC_REPRESENTATION_CONTEXT() REPRESENTATION_CONTEXT('2D SPACE',''
  ) );
#1131 = ORIENTED_EDGE('',*,*,#1132,.F.);
#1132 = EDGE_CURVE('',#772,#1099,#1133,.T.);
#1133 = SURFACE_CURVE('',#1134,(#1157,#1183),.PCURVE_S1.);
#1134 = B_SPLINE_CURVE_WITH_KNOTS('',6,(#1135,#1136,#1137,#1138,#1139,
    #1140,#1141,#1142,#1143,#1144,#1145,#1146,#1147,#1148,#1149,#1150,
    #1151,#1152,#1153,#1154,#1155,#1156),.UNSPECIFIED.,.F.,.F.,(7,5,5,5,
    7),(0.,0.408335753691,0.664418309088,0.924962988029,1.),
  .UNSPECIFIED.);
#1135 = CARTESIAN_POINT('',(10.82257361426,-14.35764717801,
    52.974823487696));
#1136 = CARTESIAN_POINT('',(10.719255861038,-14.35585762182,
    52.975449832361));
#1137 = CARTESIAN_POINT('',(10.616008340448,-14.34022946705,
    52.980919686529));
#1138 = CARTESIAN_POINT('',(10.515258687796,-14.31086594462,
    52.991196919381));
#1139 = CARTESIAN_POINT('',(10.419200392259,-14.26857282741,
    53.005999510404));
#1140 = CARTESIAN_POINT('',(10.329711666311,-14.21455315913,
    53.024906394303));
#1141 = CARTESIAN_POINT('',(10.197277042799,-14.11010371524,
    53.061463699664));
#1142 = CARTESIAN_POINT('',(10.149402990539,-14.06583321562,
    53.076958374533));
#1143 = CARTESIAN_POINT('',(10.105061203299,-14.01791542765,
    53.093729600322));
#1144 = CARTESIAN_POINT('',(10.064552027288,-13.96674649302,
    53.111638727442));
#1145 = CARTESIAN_POINT('',(10.028120680267,-13.91274121939,
    53.13054057321));
#1146 = CARTESIAN_POINT('',(9.963248321538,-13.79891874489,
    53.170378439287));
#1147 = CARTESIAN_POINT('',(9.934957529368,-13.73901659847,
    53.191344190534));
#1148 = CARTESIAN_POINT('',(9.911298393413,-13.67705806283,
    53.213029678006));
#1149 = CARTESIAN_POINT('',(9.89242811126,-13.6134951498,53.235276697569
    ));
#1150 = CARTESIAN_POINT('',(9.878459334106,-13.54878606649,
    53.257924876728));
#1151 = CARTESIAN_POINT('',(9.866874033832,-13.46455895544,
    53.287404365593));
#1152 = CARTESIAN_POINT('',(9.864696090973,-13.4456687925,
    53.294015922624));
#1153 = CARTESIAN_POINT('',(9.862932437052,-13.42673294546,
    53.300643469087));
#1154 = CARTESIAN_POINT('',(9.861584513098,-13.40776252252,
    53.307283117117));
#1155 = CARTESIAN_POINT('',(9.860653475171,-13.38876868062,
    53.313930961783));
#1156 = CARTESIAN_POINT('',(9.86014019436,-13.36976262545,53.32058308109
    ));
#1157 = PCURVE('',#755,#1158);
#1158 = DEFINITIONAL_REPRESENTATION('',(#1159),#1182);
#1159 = B_SPLINE_CURVE_WITH_KNOTS('',6,(#1160,#1161,#1162,#1163,#1164,
    #1165,#1166,#1167,#1168,#1169,#1170,#1171,#1172,#1173,#1174,#1175,
    #1176,#1177,#1178,#1179,#1180,#1181),.UNSPECIFIED.,.F.,.F.,(7,5,5,5,
    7),(0.,0.408335753691,0.664418309088,0.924962988029,1.),
  .UNSPECIFIED.);
#1160 = CARTESIAN_POINT('',(48.357205839356,-10.82257361426));
#1161 = CARTESIAN_POINT('',(48.359101840143,-10.71925586103));
#1162 = CARTESIAN_POINT('',(48.375659573262,-10.61600834044));
#1163 = CARTESIAN_POINT('',(48.406769667519,-10.51525868779));
#1164 = CARTESIAN_POINT('',(48.451578421846,-10.41920039225));
#1165 = CARTESIAN_POINT('',(48.508811234291,-10.32971166631));
#1166 = CARTESIAN_POINT('',(48.619473436075,-10.19727704279));
#1167 = CARTESIAN_POINT('',(48.66637718951,-10.14940299053));
#1168 = CARTESIAN_POINT('',(48.717145175667,-10.10506120329));
#1169 = CARTESIAN_POINT('',(48.771357689952,-10.06455202728));
#1170 = CARTESIAN_POINT('',(48.828575251527,-10.02812068026));
#1171 = CARTESIAN_POINT('',(48.949168001208,-9.963248321538));
#1172 = CARTESIAN_POINT('',(49.012633187502,-9.934957529368));
#1173 = CARTESIAN_POINT('',(49.078277079106,-9.911298393413));
#1174 = CARTESIAN_POINT('',(49.145620778092,-9.89242811126));
#1175 = CARTESIAN_POINT('',(49.214178822714,-9.878459334106));
#1176 = CARTESIAN_POINT('',(49.303415846969,-9.866874033832));
#1177 = CARTESIAN_POINT('',(49.323429615793,-9.864696090973));
#1178 = CARTESIAN_POINT('',(49.343491786042,-9.862932437052));
#1179 = CARTESIAN_POINT('',(49.363590588806,-9.861584513098));
#1180 = CARTESIAN_POINT('',(49.383714203516,-9.860653475171));
#1181 = CARTESIAN_POINT('',(49.403850757941,-9.86014019436));
#1182 = ( GEOMETRIC_REPRESENTATION_CONTEXT(2) 
PARAMETRIC_REPRESENTATION_CONTEXT() REPRESENTATION_CONTEXT('2D SPACE',''
  ) );
#1183 = PCURVE('',#786,#1184);
#1184 = DEFINITIONAL_REPRESENTATION('',(#1185),#1208);
#1185 = B_SPLINE_CURVE_WITH_KNOTS('',6,(#1186,#1187,#1188,#1189,#1190,
    #1191,#1192,#1193,#1194,#1195,#1196,#1197,#1198,#1199,#1200,#1201,
    #1202,#1203,#1204,#1205,#1206,#1207),.UNSPECIFIED.,.F.,.F.,(7,5,5,5,
    7),(0.,0.408335753691,0.664418309088,0.924962988029,1.),
  .UNSPECIFIED.);
#1186 = CARTESIAN_POINT('',(4.712388980385,0.930544659734));
#1187 = CARTESIAN_POINT('',(4.602149010987,0.930583322985));
#1188 = CARTESIAN_POINT('',(4.492036461482,0.930920968304));
#1189 = CARTESIAN_POINT('',(4.382385112568,0.931555365394));
#1190 = CARTESIAN_POINT('',(4.273324662377,0.93246910558));
#1191 = CARTESIAN_POINT('',(4.164949713794,0.933636197179));
#1192 = CARTESIAN_POINT('',(3.989897837716,0.935892820967));
#1193 = CARTESIAN_POINT('',(3.92272027747,0.936849282379));
#1194 = CARTESIAN_POINT('',(3.855838634513,0.93788454323));
#1195 = CARTESIAN_POINT('',(3.789242254755,0.938990044904));
#1196 = CARTESIAN_POINT('',(3.722909871132,0.940156825507));
#1197 = CARTESIAN_POINT('',(3.589566402668,0.942615953042));
#1198 = CARTESIAN_POINT('',(3.522563377086,0.943910135218));
#1199 = CARTESIAN_POINT('',(3.4557723783,0.945248745556));
#1200 = CARTESIAN_POINT('',(3.389154667078,0.946622018368));
#1201 = CARTESIAN_POINT('',(3.322666604388,0.948020054119));
#1202 = CARTESIAN_POINT('',(3.237136101961,0.949839775654));
#1203 = CARTESIAN_POINT('',(3.218018111225,0.950247896458));
#1204 = CARTESIAN_POINT('',(3.198905884373,0.950657004265));
#1205 = CARTESIAN_POINT('',(3.179798310235,0.951066859081));
#1206 = CARTESIAN_POINT('',(3.160694273276,0.951477219863));
#1207 = CARTESIAN_POINT('',(3.14159265359,0.951887844512));
#1208 = ( GEOMETRIC_REPRESENTATION_CONTEXT(2) 
PARAMETRIC_REPRESENTATION_CONTEXT() REPRESENTATION_CONTEXT('2D SPACE',''
  ) );
#1209 = ORIENTED_EDGE('',*,*,#832,.F.);
#1210 = ADVANCED_FACE('',(#1211),#729,.T.);
#1211 = FACE_BOUND('',#1212,.T.);
#1212 = EDGE_LOOP('',(#1213,#1214,#1249,#1346,#1371,#1468,#1494,#1520,
    #1648,#1667));
#1213 = ORIENTED_EDGE('',*,*,#709,.F.);
#1214 = ORIENTED_EDGE('',*,*,#1215,.F.);
#1215 = EDGE_CURVE('',#1216,#671,#1218,.T.);
#1216 = VERTEX_POINT('',#1217);
#1217 = CARTESIAN_POINT('',(32.184120471153,-14.41089280785,
    51.935557835096));
#1218 = SURFACE_CURVE('',#1219,(#1227,#1238),.PCURVE_S1.);
#1219 = B_SPLINE_CURVE_WITH_KNOTS('',6,(#1220,#1221,#1222,#1223,#1224,
    #1225,#1226),.UNSPECIFIED.,.F.,.F.,(7,7),(0.,1.),
  .PIECEWISE_BEZIER_KNOTS.);
#1220 = CARTESIAN_POINT('',(32.184120471153,-14.41089280785,
    51.935557835096));
#1221 = CARTESIAN_POINT('',(31.977493945031,-14.43228662069,
    52.007877119239));
#1222 = CARTESIAN_POINT('',(31.766729172154,-14.44860452581,
    52.081644789746));
#1223 = CARTESIAN_POINT('',(31.553049304261,-14.45868223535,
    52.156432743509));
#1224 = CARTESIAN_POINT('',(31.337696460564,-14.46244139945,
    52.231806238802));
#1225 = CARTESIAN_POINT('',(31.12166163912,-14.46044711616,
    52.307418426308));
#1226 = CARTESIAN_POINT('',(30.905674240522,-14.45368084426,
    52.383014015817));
#1227 = PCURVE('',#729,#1228);
#1228 = DEFINITIONAL_REPRESENTATION('',(#1229),#1237);
#1229 = B_SPLINE_CURVE_WITH_KNOTS('',6,(#1230,#1231,#1232,#1233,#1234,
    #1235,#1236),.UNSPECIFIED.,.F.,.F.,(7,7),(0.,1.),
  .PIECEWISE_BEZIER_KNOTS.);
#1230 = CARTESIAN_POINT('',(108.26213465395,-14.41089280785));
#1231 = CARTESIAN_POINT('',(108.04321777439,-14.43228662069));
#1232 = CARTESIAN_POINT('',(107.81991650099,-14.44860452581));
#1233 = CARTESIAN_POINT('',(107.59352673981,-14.45868223535));
#1234 = CARTESIAN_POINT('',(107.36536449253,-14.46244139945));
#1235 = CARTESIAN_POINT('',(107.13647970279,-14.46044711616));
#1236 = CARTESIAN_POINT('',(106.90764515665,-14.45368084426));
#1237 = ( GEOMETRIC_REPRESENTATION_CONTEXT(2) 
PARAMETRIC_REPRESENTATION_CONTEXT() REPRESENTATION_CONTEXT('2D SPACE',''
  ) );
#1238 = PCURVE('',#685,#1239);
#1239 = DEFINITIONAL_REPRESENTATION('',(#1240),#1248);
#1240 = B_SPLINE_CURVE_WITH_KNOTS('',6,(#1241,#1242,#1243,#1244,#1245,
    #1246,#1247),.UNSPECIFIED.,.F.,.F.,(7,7),(0.,1.),
  .PIECEWISE_BEZIER_KNOTS.);
#1241 = CARTESIAN_POINT('',(22.,0.866392458957));
#1242 = CARTESIAN_POINT('',(21.788223717454,0.870856612299));
#1243 = CARTESIAN_POINT('',(21.580468066782,0.875410172207));
#1244 = CARTESIAN_POINT('',(21.375661256119,0.880026712562));
#1245 = CARTESIAN_POINT('',(21.172649585748,0.884679397457));
#1246 = CARTESIAN_POINT('',(20.970493956198,0.889346816439));
#1247 = CARTESIAN_POINT('',(20.768474576271,0.894013210853));
#1248 = ( GEOMETRIC_REPRESENTATION_CONTEXT(2) 
PARAMETRIC_REPRESENTATION_CONTEXT() REPRESENTATION_CONTEXT('2D SPACE',''
  ) );
#1249 = ORIENTED_EDGE('',*,*,#1250,.F.);
#1250 = EDGE_CURVE('',#1251,#1216,#1253,.T.);
#1251 = VERTEX_POINT('',#1252);
#1252 = CARTESIAN_POINT('',(33.099081681972,-13.52239407121,
    51.61532141131));
#1253 = SURFACE_CURVE('',#1254,(#1277,#1303),.PCURVE_S1.);
#1254 = B_SPLINE_CURVE_WITH_KNOTS('',6,(#1255,#1256,#1257,#1258,#1259,
    #1260,#1261,#1262,#1263,#1264,#1265,#1266,#1267,#1268,#1269,#1270,
    #1271,#1272,#1273,#1274,#1275,#1276),.UNSPECIFIED.,.F.,.F.,(7,5,5,5,
    7),(0.,9.152020661173E-02,0.324725955261,0.560123752917,1.),
  .UNSPECIFIED.);
#1255 = CARTESIAN_POINT('',(33.099081681972,-13.52239407121,
    51.61532141131));
#1256 = CARTESIAN_POINT('',(33.099081681972,-13.5440666599,
    51.61532141131));
#1257 = CARTESIAN_POINT('',(33.098438053209,-13.56572797967,
    51.615546681377));
#1258 = CARTESIAN_POINT('',(33.097149809051,-13.58735416066,
    51.615997566832));
#1259 = CARTESIAN_POINT('',(33.095217459072,-13.6089213936,
    51.616673889325));
#1260 = CARTESIAN_POINT('',(33.092643009052,-13.63040592977,
    51.617574946832));
#1261 = CARTESIAN_POINT('',(33.081242683985,-13.70625847486,
    51.621565060605));
#1262 = CARTESIAN_POINT('',(33.068908461705,-13.76004524474,
    51.625882038403));
#1263 = CARTESIAN_POINT('',(33.052485915035,-13.81274761186,
    51.631629929738));
#1264 = CARTESIAN_POINT('',(33.032096607844,-13.86399046791,
    51.638766187255));
#1265 = CARTESIAN_POINT('',(33.007917669028,-13.91342629827,
    51.64722881584));
#1266 = CARTESIAN_POINT('',(32.952170383637,-14.00850065426,
    51.666740365727));
#1267 = CARTESIAN_POINT('',(32.920532392819,-14.05410301262,
    51.677813662513));
#1268 = CARTESIAN_POINT('',(32.885490559067,-14.09722749768,
    51.690078304327));
#1269 = CARTESIAN_POINT('',(32.847314557907,-14.13760168631,
    51.703439904733));
#1270 = CARTESIAN_POINT('',(32.806301779935,-14.17499848833,
    51.717794377023));
#1271 = CARTESIAN_POINT('',(32.681411365889,-14.27320597304,
    51.761506021939));
#1272 = CARTESIAN_POINT('',(32.591248979216,-14.32613449127,
    51.793062857275));
#1273 = CARTESIAN_POINT('',(32.494304531858,-14.36683662872,
    51.82699341385));
#1274 = CARTESIAN_POINT('',(32.392731319782,-14.39466734619,
    51.862544038076));
#1275 = CARTESIAN_POINT('',(32.288643148539,-14.40934690972,
    51.898974898011));
#1276 = CARTESIAN_POINT('',(32.184120471153,-14.41089280785,
    51.935557835096));
#1277 = PCURVE('',#729,#1278);
#1278 = DEFINITIONAL_REPRESENTATION('',(#1279),#1302);
#1279 = B_SPLINE_CURVE_WITH_KNOTS('',6,(#1280,#1281,#1282,#1283,#1284,
    #1285,#1286,#1287,#1288,#1289,#1290,#1291,#1292,#1293,#1294,#1295,
    #1296,#1297,#1298,#1299,#1300,#1301),.UNSPECIFIED.,.F.,.F.,(7,5,5,5,
    7),(0.,9.152020661173E-02,0.324725955261,0.560123752917,1.),
  .UNSPECIFIED.);
#1280 = CARTESIAN_POINT('',(109.23151867714,-13.52239407121));
#1281 = CARTESIAN_POINT('',(109.23151867714,-13.5440666599));
#1282 = CARTESIAN_POINT('',(109.23083676469,-13.56572797967));
#1283 = CARTESIAN_POINT('',(109.22947189447,-13.58735416066));
#1284 = CARTESIAN_POINT('',(109.22742460638,-13.6089213936));
#1285 = CARTESIAN_POINT('',(109.22469702548,-13.63040592977));
#1286 = CARTESIAN_POINT('',(109.21261859762,-13.70625847486));
#1287 = CARTESIAN_POINT('',(109.19955072341,-13.76004524474));
#1288 = CARTESIAN_POINT('',(109.18215134715,-13.81274761186));
#1289 = CARTESIAN_POINT('',(109.16054926348,-13.86399046791));
#1290 = CARTESIAN_POINT('',(109.13493213708,-13.91342629827));
#1291 = CARTESIAN_POINT('',(109.07586894713,-14.00850065426));
#1292 = CARTESIAN_POINT('',(109.04234909682,-14.05410301262));
#1293 = CARTESIAN_POINT('',(109.00522293958,-14.09722749768));
#1294 = CARTESIAN_POINT('',(108.9647761915,-14.13760168631));
#1295 = CARTESIAN_POINT('',(108.92132393228,-14.17499848833));
#1296 = CARTESIAN_POINT('',(108.78900491089,-14.27320597304));
#1297 = CARTESIAN_POINT('',(108.69347957484,-14.32613449127));
#1298 = CARTESIAN_POINT('',(108.59076877432,-14.36683662872));
#1299 = CARTESIAN_POINT('',(108.48315388551,-14.39466734619));
#1300 = CARTESIAN_POINT('',(108.37287444523,-14.40934690972));
#1301 = CARTESIAN_POINT('',(108.26213465395,-14.41089280785));
#1302 = ( GEOMETRIC_REPRESENTATION_CONTEXT(2) 
PARAMETRIC_REPRESENTATION_CONTEXT() REPRESENTATION_CONTEXT('2D SPACE',''
  ) );
#1303 = PCURVE('',#1304,#1321);
#1304 = B_SPLINE_SURFACE_WITH_KNOTS('',7,1,(
    (#1305,#1306)
    ,(#1307,#1308)
    ,(#1309,#1310)
    ,(#1311,#1312)
    ,(#1313,#1314)
    ,(#1315,#1316)
    ,(#1317,#1318)
    ,(#1319,#1320
    )),.UNSPECIFIED.,.F.,.F.,.F.,(8,8),(2,2),(4.712388980385,
    6.28318530718),(0.,1.),.PIECEWISE_BEZIER_KNOTS.);
#1305 = CARTESIAN_POINT('',(34.674990948516,-15.12998913821,37.9));
#1306 = CARTESIAN_POINT('',(31.8,-14.3,54.1));
#1307 = CARTESIAN_POINT('',(34.696150076618,-15.07848239761,37.9));
#1308 = CARTESIAN_POINT('',(32.024399475257,-14.3,54.100000000001));
#1309 = CARTESIAN_POINT('',(34.713963167439,-15.02560108487,37.9));
#1310 = CARTESIAN_POINT('',(32.248797864983,-14.24125111344,
    54.099999999999));
#1311 = CARTESIAN_POINT('',(34.728322865919,-14.97160600489,37.9));
#1312 = CARTESIAN_POINT('',(32.454746940824,-14.1237627222,
    54.100000000002));
#1313 = CARTESIAN_POINT('',(34.739147670526,-14.91676851405,37.9));
#1314 = CARTESIAN_POINT('',(32.623762722202,-13.95474694082,
    54.099999999999));
#1315 = CARTESIAN_POINT('',(34.746382623316,-14.86136702436,37.9));
#1316 = CARTESIAN_POINT('',(32.741251113449,-13.74879786498,
    54.100000000001));
#1317 = CARTESIAN_POINT('',(34.75,-14.80568350769,37.9));
#1318 = CARTESIAN_POINT('',(32.8,-13.52439947525,54.1));
#1319 = CARTESIAN_POINT('',(34.75,-14.75,37.9));
#1320 = CARTESIAN_POINT('',(32.8,-13.3,54.1));
#1321 = DEFINITIONAL_REPRESENTATION('',(#1322),#1345);
#1322 = B_SPLINE_CURVE_WITH_KNOTS('',6,(#1323,#1324,#1325,#1326,#1327,
    #1328,#1329,#1330,#1331,#1332,#1333,#1334,#1335,#1336,#1337,#1338,
    #1339,#1340,#1341,#1342,#1343,#1344),.UNSPECIFIED.,.F.,.F.,(7,5,5,5,
    7),(0.,9.152020661173E-02,0.324725955261,0.560123752917,1.),
  .UNSPECIFIED.);
#1323 = CARTESIAN_POINT('',(6.28318530718,0.846624778476));
#1324 = CARTESIAN_POINT('',(6.258687759374,0.846624778476));
#1325 = CARTESIAN_POINT('',(6.234180177388,0.846638684036));
#1326 = CARTESIAN_POINT('',(6.209665330491,0.846666516471));
#1327 = CARTESIAN_POINT('',(6.18514602694,0.846708264773));
#1328 = CARTESIAN_POINT('',(6.160625113985,0.846763885607));
#1329 = CARTESIAN_POINT('',(6.073626159812,0.847010188926));
#1330 = CARTESIAN_POINT('',(6.011151806013,0.847276669037));
#1331 = CARTESIAN_POINT('',(5.948736919415,0.847631477144));
#1332 = CARTESIAN_POINT('',(5.886423978544,0.848071986868));
#1333 = CARTESIAN_POINT('',(5.824250480795,0.848594371348));
#1334 = CARTESIAN_POINT('',(5.699678765016,0.849798788008));
#1335 = CARTESIAN_POINT('',(5.637278874378,0.850482324847));
#1336 = CARTESIAN_POINT('',(5.575092746294,0.851239401502));
#1337 = CARTESIAN_POINT('',(5.513141016858,0.85206419165));
#1338 = CARTESIAN_POINT('',(5.451434024982,0.852950270187));
#1339 = CARTESIAN_POINT('',(5.275136184366,0.855648519873));
#1340 = CARTESIAN_POINT('',(5.161173680921,0.857596472671));
#1341 = CARTESIAN_POINT('',(5.048086377953,0.859690951472));
#1342 = CARTESIAN_POINT('',(4.935729345318,0.861885434449));
#1343 = CARTESIAN_POINT('',(4.823915035596,0.864134252964));
#1344 = CARTESIAN_POINT('',(4.712388980385,0.866392458957));
#1345 = ( GEOMETRIC_REPRESENTATION_CONTEXT(2) 
PARAMETRIC_REPRESENTATION_CONTEXT() REPRESENTATION_CONTEXT('2D SPACE',''
  ) );
#1346 = ORIENTED_EDGE('',*,*,#1347,.F.);
#1347 = EDGE_CURVE('',#1348,#1251,#1350,.T.);
#1348 = VERTEX_POINT('',#1349);
#1349 = CARTESIAN_POINT('',(33.099081681972,10.337119381344,
    51.61532141131));
#1350 = SURFACE_CURVE('',#1351,(#1354,#1360),.PCURVE_S1.);
#1351 = B_SPLINE_CURVE_WITH_KNOTS('',1,(#1352,#1353),.UNSPECIFIED.,.F.,
  .F.,(2,2),(0.,1.),.PIECEWISE_BEZIER_KNOTS.);
#1352 = CARTESIAN_POINT('',(33.099081681972,10.337119381344,
    51.61532141131));
#1353 = CARTESIAN_POINT('',(33.099081681972,-13.52239407121,
    51.61532141131));
#1354 = PCURVE('',#729,#1355);
#1355 = DEFINITIONAL_REPRESENTATION('',(#1356),#1359);
#1356 = B_SPLINE_CURVE_WITH_KNOTS('',1,(#1357,#1358),.UNSPECIFIED.,.F.,
  .F.,(2,2),(0.,1.),.PIECEWISE_BEZIER_KNOTS.);
#1357 = CARTESIAN_POINT('',(109.23151867714,10.337119381344));
#1358 = CARTESIAN_POINT('',(109.23151867714,-13.52239407121));
#1359 = ( GEOMETRIC_REPRESENTATION_CONTEXT(2) 
PARAMETRIC_REPRESENTATION_CONTEXT() REPRESENTATION_CONTEXT('2D SPACE',''
  ) );
#1360 = PCURVE('',#1361,#1366);
#1361 = B_SPLINE_SURFACE_WITH_KNOTS('',1,1,(
    (#1362,#1363)
    ,(#1364,#1365
    )),.UNSPECIFIED.,.F.,.F.,.F.,(2,2),(2,2),(1.,28.5),(0.,1.),
  .PIECEWISE_BEZIER_KNOTS.);
#1362 = CARTESIAN_POINT('',(34.75,-14.75,37.9));
#1363 = CARTESIAN_POINT('',(32.8,-13.3,54.1));
#1364 = CARTESIAN_POINT('',(34.75,12.75,37.9));
#1365 = CARTESIAN_POINT('',(32.8,9.9,54.1));
#1366 = DEFINITIONAL_REPRESENTATION('',(#1367),#1370);
#1367 = B_SPLINE_CURVE_WITH_KNOTS('',1,(#1368,#1369),.UNSPECIFIED.,.F.,
  .F.,(2,2),(0.,1.),.PIECEWISE_BEZIER_KNOTS.);
#1368 = CARTESIAN_POINT('',(28.5,0.846624778476));
#1369 = CARTESIAN_POINT('',(1.,0.846624778476));
#1370 = ( GEOMETRIC_REPRESENTATION_CONTEXT(2) 
PARAMETRIC_REPRESENTATION_CONTEXT() REPRESENTATION_CONTEXT('2D SPACE',''
  ) );
#1371 = ORIENTED_EDGE('',*,*,#1372,.F.);
#1372 = EDGE_CURVE('',#1373,#1348,#1375,.T.);
#1373 = VERTEX_POINT('',#1374);
#1374 = CARTESIAN_POINT('',(33.087901928078,10.475957093534,
    51.619234325173));
#1375 = SURFACE_CURVE('',#1376,(#1399,#1425),.PCURVE_S1.);
#1376 = B_SPLINE_CURVE_WITH_KNOTS('',6,(#1377,#1378,#1379,#1380,#1381,
    #1382,#1383,#1384,#1385,#1386,#1387,#1388,#1389,#1390,#1391,#1392,
    #1393,#1394,#1395,#1396,#1397,#1398),.UNSPECIFIED.,.F.,.F.,(7,5,5,5,
    7),(0.,0.378496818315,0.532390658449,0.833433330056,1.),
  .UNSPECIFIED.);
#1377 = CARTESIAN_POINT('',(32.184120471153,11.197943365311,
    51.935557835096));
#1378 = CARTESIAN_POINT('',(32.27368939379,11.199327817788,
    51.904208712173));
#1379 = CARTESIAN_POINT('',(32.363067251561,11.191060067188,
    51.872926461954));
#1380 = CARTESIAN_POINT('',(32.450942835247,11.173037856715,
    51.842170007663));
#1381 = CARTESIAN_POINT('',(32.535957161128,11.145317986169,
    51.812414993605));
#1382 = CARTESIAN_POINT('',(32.616703743752,11.108166358881,
    51.784153689687));
#1383 = CARTESIAN_POINT('',(32.722347094524,11.043452099782,
    51.747178516917));
#1384 = CARTESIAN_POINT('',(32.75195145102,11.02328197744,
    51.736816992143));
#1385 = CARTESIAN_POINT('',(32.780530050064,11.001687332984,
    51.726814482478));
#1386 = CARTESIAN_POINT('',(32.807991885863,10.978715616763,
    51.717202839948));
#1387 = CARTESIAN_POINT('',(32.834249013448,10.954423335423,
    51.708012845293));
#1388 = CARTESIAN_POINT('',(32.908061507722,10.878903505729,
    51.682178472297));
#1389 = CARTESIAN_POINT('',(32.951983996908,10.824121799122,
    51.666805601082));
#1390 = CARTESIAN_POINT('',(32.990345427648,10.765040450263,
    51.653379100323));
#1391 = CARTESIAN_POINT('',(33.022605858313,10.702291590989,
    51.64208794959));
#1392 = CARTESIAN_POINT('',(33.048361396747,10.636617908476,
    51.633073511139));
#1393 = CARTESIAN_POINT('',(33.077903266022,10.531369301351,
    51.622733856892));
#1394 = CARTESIAN_POINT('',(33.086365078144,10.493237221303,
    51.61977222265));
#1395 = CARTESIAN_POINT('',(33.092726860414,10.45460318832,
    51.617545598855));
#1396 = CARTESIAN_POINT('',(33.096967257112,10.415609782219,
    51.616061460011));
#1397 = CARTESIAN_POINT('',(33.099081681972,10.376400777543,
    51.61532141131));
#1398 = CARTESIAN_POINT('',(33.099081681972,10.337119381344,
    51.61532141131));
#1399 = PCURVE('',#729,#1400);
#1400 = DEFINITIONAL_REPRESENTATION('',(#1401),#1424);
#1401 = B_SPLINE_CURVE_WITH_KNOTS('',6,(#1402,#1403,#1404,#1405,#1406,
    #1407,#1408,#1409,#1410,#1411,#1412,#1413,#1414,#1415,#1416,#1417,
    #1418,#1419,#1420,#1421,#1422,#1423),.UNSPECIFIED.,.F.,.F.,(7,5,5,5,
    7),(0.,0.378496818315,0.532390658449,0.833433330056,1.),
  .UNSPECIFIED.);
#1402 = CARTESIAN_POINT('',(108.26213465395,11.197943365311));
#1403 = CARTESIAN_POINT('',(108.35703122612,11.199327817788));
#1404 = CARTESIAN_POINT('',(108.4517253687,11.191060067188));
#1405 = CARTESIAN_POINT('',(108.54482788042,11.173037856715));
#1406 = CARTESIAN_POINT('',(108.63489894384,11.145317986169));
#1407 = CARTESIAN_POINT('',(108.72044841435,11.108166358881));
#1408 = CARTESIAN_POINT('',(108.8323755378,11.043452099782));
#1409 = CARTESIAN_POINT('',(108.86374079118,11.02328197744));
#1410 = CARTESIAN_POINT('',(108.89401927401,11.001687332984));
#1411 = CARTESIAN_POINT('',(108.92311456741,10.978715616763));
#1412 = CARTESIAN_POINT('',(108.95093349533,10.954423335423));
#1413 = CARTESIAN_POINT('',(109.02913643094,10.878903505729));
#1414 = CARTESIAN_POINT('',(109.07567147393,10.824121799122));
#1415 = CARTESIAN_POINT('',(109.11631468113,10.765040450263));
#1416 = CARTESIAN_POINT('',(109.15049399463,10.702291590989));
#1417 = CARTESIAN_POINT('',(109.17778149837,10.636617908476));
#1418 = CARTESIAN_POINT('',(109.20908054772,10.531369301351));
#1419 = CARTESIAN_POINT('',(109.21804567693,10.493237221303));
#1420 = CARTESIAN_POINT('',(109.22478586441,10.45460318832));
#1421 = CARTESIAN_POINT('',(109.22927848416,10.415609782219));
#1422 = CARTESIAN_POINT('',(109.23151867714,10.376400777543));
#1423 = CARTESIAN_POINT('',(109.23151867714,10.337119381344));
#1424 = ( GEOMETRIC_REPRESENTATION_CONTEXT(2) 
PARAMETRIC_REPRESENTATION_CONTEXT() REPRESENTATION_CONTEXT('2D SPACE',''
  ) );
#1425 = PCURVE('',#1426,#1443);
#1426 = B_SPLINE_SURFACE_WITH_KNOTS('',7,1,(
    (#1427,#1428)
    ,(#1429,#1430)
    ,(#1431,#1432)
    ,(#1433,#1434)
    ,(#1435,#1436)
    ,(#1437,#1438)
    ,(#1439,#1440)
    ,(#1441,#1442
    )),.UNSPECIFIED.,.F.,.F.,.F.,(8,8),(2,2),(0.,1.570796326795),(0.,1.)
  ,.PIECEWISE_BEZIER_KNOTS.);
#1427 = CARTESIAN_POINT('',(34.75,12.75,37.9));
#1428 = CARTESIAN_POINT('',(32.8,9.9,54.1));
#1429 = CARTESIAN_POINT('',(34.75,12.805683507695,37.9));
#1430 = CARTESIAN_POINT('',(32.8,10.124399475256,54.1));
#1431 = CARTESIAN_POINT('',(34.746382623316,12.861367024361,37.9));
#1432 = CARTESIAN_POINT('',(32.741251113448,10.348797864983,
    54.099999999999));
#1433 = CARTESIAN_POINT('',(34.739147670526,12.916768514054,37.9));
#1434 = CARTESIAN_POINT('',(32.623762722202,10.554746940823,
    54.100000000001));
#1435 = CARTESIAN_POINT('',(34.728322865919,12.971606004897,37.9));
#1436 = CARTESIAN_POINT('',(32.454746940823,10.723762722202,
    54.099999999999));
#1437 = CARTESIAN_POINT('',(34.713963167439,13.025601084873,37.9));
#1438 = CARTESIAN_POINT('',(32.248797864984,10.841251113449,
    54.100000000001));
#1439 = CARTESIAN_POINT('',(34.696150076618,13.078482397619,37.9));
#1440 = CARTESIAN_POINT('',(32.024399475256,10.9,54.1));
#1441 = CARTESIAN_POINT('',(34.674990948516,13.129989138219,37.9));
#1442 = CARTESIAN_POINT('',(31.8,10.9,54.1));
#1443 = DEFINITIONAL_REPRESENTATION('',(#1444),#1467);
#1444 = B_SPLINE_CURVE_WITH_KNOTS('',6,(#1445,#1446,#1447,#1448,#1449,
    #1450,#1451,#1452,#1453,#1454,#1455,#1456,#1457,#1458,#1459,#1460,
    #1461,#1462,#1463,#1464,#1465,#1466),.UNSPECIFIED.,.F.,.F.,(7,5,5,5,
    7),(0.,0.378496818315,0.532390658449,0.833433330056,1.),
  .UNSPECIFIED.);
#1445 = CARTESIAN_POINT('',(1.570796326795,0.866392458957));
#1446 = CARTESIAN_POINT('',(1.475225979181,0.864457327912));
#1447 = CARTESIAN_POINT('',(1.379307230599,0.862526324812));
#1448 = CARTESIAN_POINT('',(1.282879792895,0.860627778251));
#1449 = CARTESIAN_POINT('',(1.185827419518,0.858791048988));
#1450 = CARTESIAN_POINT('',(1.088067168961,0.857046524055));
#1451 = CARTESIAN_POINT('',(0.949566315763,0.854764105983));
#1452 = CARTESIAN_POINT('',(0.909415215309,0.854124505688));
#1453 = CARTESIAN_POINT('',(0.869149298502,0.85350706682));
#1454 = CARTESIAN_POINT('',(0.828771047247,0.852913755552));
#1455 = CARTESIAN_POINT('',(0.788285110895,0.852346471932));
#1456 = CARTESIAN_POINT('',(0.66830550759,0.850751757549));
#1457 = CARTESIAN_POINT('',(0.588514233004,0.849802814882));
#1458 = CARTESIAN_POINT('',(0.508405630489,0.848974018538));
#1459 = CARTESIAN_POINT('',(0.428053639101,0.848277033925));
#1460 = CARTESIAN_POINT('',(0.347551101882,0.847720587107));
#1461 = CARTESIAN_POINT('',(0.222485854583,0.847082336845));
#1462 = CARTESIAN_POINT('',(0.177928393228,0.846899519917));
#1463 = CARTESIAN_POINT('',(0.133383274934,0.846762074003));
#1464 = CARTESIAN_POINT('',(8.886861178281E-02,0.846670460494));
#1465 = CARTESIAN_POINT('',(4.440161233128E-02,0.846624778476));
#1466 = CARTESIAN_POINT('',(0.,0.846624778476));
#1467 = ( GEOMETRIC_REPRESENTATION_CONTEXT(2) 
PARAMETRIC_REPRESENTATION_CONTEXT() REPRESENTATION_CONTEXT('2D SPACE',''
  ) );
#1468 = ORIENTED_EDGE('',*,*,#1469,.T.);
#1469 = EDGE_CURVE('',#1373,#1470,#1472,.T.);
#1470 = VERTEX_POINT('',#1471);
#1471 = CARTESIAN_POINT('',(26.,7.375,54.1));
#1472 = SURFACE_CURVE('',#1473,(#1477,#1483),.PCURVE_S1.);
#1473 = LINE('',#1474,#1475);
#1474 = CARTESIAN_POINT('',(-44.52562730407,-23.47996194553,
    78.783969556428));
#1475 = VECTOR('',#1476,1.);
#1476 = DIRECTION('',(-0.872404326602,-0.381676892888,0.305341514311));
#1477 = PCURVE('',#729,#1478);
#1478 = DEFINITIONAL_REPRESENTATION('',(#1479),#1482);
#1479 = B_SPLINE_CURVE_WITH_KNOTS('',1,(#1480,#1481),.UNSPECIFIED.,.F.,
  .F.,(2,2),(-88.97790464704,-80.8405290455),.PIECEWISE_BEZIER_KNOTS.);
#1480 = CARTESIAN_POINT('',(109.23151867714,10.480848235863));
#1481 = CARTESIAN_POINT('',(101.710176482,7.375));
#1482 = ( GEOMETRIC_REPRESENTATION_CONTEXT(2) 
PARAMETRIC_REPRESENTATION_CONTEXT() REPRESENTATION_CONTEXT('2D SPACE',''
  ) );
#1483 = PCURVE('',#1484,#1489);
#1484 = PLANE('',#1485);
#1485 = AXIS2_PLACEMENT_3D('',#1486,#1487,#1488);
#1486 = CARTESIAN_POINT('',(0.,-60.,108.));
#1487 = DIRECTION('',(-0.,0.624695047554,0.780868809443));
#1488 = DIRECTION('',(0.,0.780868809443,-0.624695047554));
#1489 = DEFINITIONAL_REPRESENTATION('',(#1490),#1493);
#1490 = B_SPLINE_CURVE_WITH_KNOTS('',1,(#1491,#1492),.UNSPECIFIED.,.F.,
  .F.,(2,2),(-88.97790464704,-80.8405290455),.PIECEWISE_BEZIER_KNOTS.);
#1491 = CARTESIAN_POINT('',(90.259525522776,-33.09908168197));
#1492 = CARTESIAN_POINT('',(86.282099099408,-26.));
#1493 = ( GEOMETRIC_REPRESENTATION_CONTEXT(2) 
PARAMETRIC_REPRESENTATION_CONTEXT() REPRESENTATION_CONTEXT('2D SPACE',''
  ) );
#1494 = ORIENTED_EDGE('',*,*,#1495,.F.);
#1495 = EDGE_CURVE('',#1496,#1470,#1498,.T.);
#1496 = VERTEX_POINT('',#1497);
#1497 = CARTESIAN_POINT('',(26.,4.04776546436,54.1));
#1498 = SURFACE_CURVE('',#1499,(#1503,#1509),.PCURVE_S1.);
#1499 = LINE('',#1500,#1501);
#1500 = CARTESIAN_POINT('',(26.,-6.65,54.1));
#1501 = VECTOR('',#1502,1.);
#1502 = DIRECTION('',(-0.,1.,0.));
#1503 = PCURVE('',#729,#1504);
#1504 = DEFINITIONAL_REPRESENTATION('',(#1505),#1508);
#1505 = B_SPLINE_CURVE_WITH_KNOTS('',1,(#1506,#1507),.UNSPECIFIED.,.F.,
  .F.,(2,2),(-7.65,17.55),.PIECEWISE_BEZIER_KNOTS.);
#1506 = CARTESIAN_POINT('',(101.710176482,-14.3));
#1507 = CARTESIAN_POINT('',(101.710176482,10.9));
#1508 = ( GEOMETRIC_REPRESENTATION_CONTEXT(2) 
PARAMETRIC_REPRESENTATION_CONTEXT() REPRESENTATION_CONTEXT('2D SPACE',''
  ) );
#1509 = PCURVE('',#1510,#1515);
#1510 = PLANE('',#1511);
#1511 = AXIS2_PLACEMENT_3D('',#1512,#1513,#1514);
#1512 = CARTESIAN_POINT('',(31.8,-13.3,54.1));
#1513 = DIRECTION('',(0.,-0.,1.));
#1514 = DIRECTION('',(1.,0.,0.));
#1515 = DEFINITIONAL_REPRESENTATION('',(#1516),#1519);
#1516 = B_SPLINE_CURVE_WITH_KNOTS('',1,(#1517,#1518),.UNSPECIFIED.,.F.,
  .F.,(2,2),(-7.65,17.55),.PIECEWISE_BEZIER_KNOTS.);
#1517 = CARTESIAN_POINT('',(-5.8,-1.));
#1518 = CARTESIAN_POINT('',(-5.8,24.2));
#1519 = ( GEOMETRIC_REPRESENTATION_CONTEXT(2) 
PARAMETRIC_REPRESENTATION_CONTEXT() REPRESENTATION_CONTEXT('2D SPACE',''
  ) );
#1520 = ORIENTED_EDGE('',*,*,#1521,.T.);
#1521 = EDGE_CURVE('',#1496,#1522,#1524,.T.);
#1522 = VERTEX_POINT('',#1523);
#1523 = CARTESIAN_POINT('',(26.,-9.698225375687,54.1));
#1524 = SURFACE_CURVE('',#1525,(#1564,#1606),.PCURVE_S1.);
#1525 = B_SPLINE_CURVE_WITH_KNOTS('',7,(#1526,#1527,#1528,#1529,#1530,
    #1531,#1532,#1533,#1534,#1535,#1536,#1537,#1538,#1539,#1540,#1541,
    #1542,#1543,#1544,#1545,#1546,#1547,#1548,#1549,#1550,#1551,#1552,
    #1553,#1554,#1555,#1556,#1557,#1558,#1559,#1560,#1561,#1562,#1563),
  .UNSPECIFIED.,.F.,.F.,(8,6,6,6,6,6,8),(0.,0.105894849417,
    0.170905411464,0.322218341891,0.543750496099,0.659070742501,1.),
  .UNSPECIFIED.);
#1526 = CARTESIAN_POINT('',(26.,4.04776546436,54.1));
#1527 = CARTESIAN_POINT('',(26.146893623098,3.880546391613,
    54.048587231916));
#1528 = CARTESIAN_POINT('',(26.289814666637,3.709413415568,
    53.998564866677));
#1529 = CARTESIAN_POINT('',(26.428610467745,3.53445462575,
    53.949986336289));
#1530 = CARTESIAN_POINT('',(26.563130117322,3.355767564587,
    53.902904458937));
#1531 = CARTESIAN_POINT('',(26.693225594094,3.173460166319,
    53.857371042067));
#1532 = CARTESIAN_POINT('',(26.818752898664,2.987651695918,
    53.813436485468));
#1533 = CARTESIAN_POINT('',(27.013746718483,2.682334246951,
    53.745188648531));
#1534 = CARTESIAN_POINT('',(27.086146407767,2.56492465232,
    53.719848757282));
#1535 = CARTESIAN_POINT('',(27.156740060879,2.446275214075,
    53.695140978692));
#1536 = CARTESIAN_POINT('',(27.225496558612,2.32641777607,
    53.671076204486));
#1537 = CARTESIAN_POINT('',(27.292385857077,2.205385716045,
    53.647664950023));
#1538 = CARTESIAN_POINT('',(27.357378987708,2.083213945626,
    53.624917354302));
#1539 = CARTESIAN_POINT('',(27.56724213861,1.673014659072,
    53.551465251487));
#1540 = CARTESIAN_POINT('',(27.703617101201,1.38010591358,53.50373401458
    ));
#1541 = CARTESIAN_POINT('',(27.829216681853,1.081683725354,
    53.459774161351));
#1542 = CARTESIAN_POINT('',(27.943730989107,0.778249473447,
    53.419694153813));
#1543 = CARTESIAN_POINT('',(28.046899567319,0.470335949212,
    53.383585151438));
#1544 = CARTESIAN_POINT('',(28.138514460767,0.158508441049,
    53.351519938732));
#1545 = CARTESIAN_POINT('',(28.335415079526,-0.618023856618,
    53.282604722166));
#1546 = CARTESIAN_POINT('',(28.427329320257,-1.086574651352,
    53.25043473791));
#1547 = CARTESIAN_POINT('',(28.493670360685,-1.560373797333,
    53.22721537376));
#1548 = CARTESIAN_POINT('',(28.534259922196,-2.037528474995,
    53.213009027232));
#1549 = CARTESIAN_POINT('',(28.549178328911,-2.516173228746,
    53.207787584881));
#1550 = CARTESIAN_POINT('',(28.538728058362,-2.994474628182,
    53.211445179573));
#1551 = CARTESIAN_POINT('',(28.485039514795,-3.71850112463,
    53.230236169822));
#1552 = CARTESIAN_POINT('',(28.459922223033,-3.965802978108,
    53.239027221938));
#1553 = CARTESIAN_POINT('',(28.4281376112,-4.212295228554,53.25015183608
    ));
#1554 = CARTESIAN_POINT('',(28.38976826947,-4.457743989724,
    53.263581105686));
#1555 = CARTESIAN_POINT('',(28.344907406873,-4.701924654787,
    53.279282407594));
#1556 = CARTESIAN_POINT('',(28.293656765726,-4.944621555424,
    53.297220131996));
#1557 = CARTESIAN_POINT('',(28.066038007849,-5.898130598694,
    53.376886697253));
#1558 = CARTESIAN_POINT('',(27.841085591624,-6.595705570624,
    53.455620042932));
#1559 = CARTESIAN_POINT('',(27.564056146738,-7.273229996478,
    53.552580348642));
#1560 = CARTESIAN_POINT('',(27.238151697021,-7.926173026072,
    53.666646906043));
#1561 = CARTESIAN_POINT('',(26.866677326397,-8.550433388118,
    53.796662935761));
#1562 = CARTESIAN_POINT('',(26.452925717862,-9.142274896658,
    53.941475998748));
#1563 = CARTESIAN_POINT('',(26.,-9.698225375687,54.1));
#1564 = PCURVE('',#729,#1565);
#1565 = DEFINITIONAL_REPRESENTATION('',(#1566),#1605);
#1566 = B_SPLINE_CURVE_WITH_KNOTS('',7,(#1567,#1568,#1569,#1570,#1571,
    #1572,#1573,#1574,#1575,#1576,#1577,#1578,#1579,#1580,#1581,#1582,
    #1583,#1584,#1585,#1586,#1587,#1588,#1589,#1590,#1591,#1592,#1593,
    #1594,#1595,#1596,#1597,#1598,#1599,#1600,#1601,#1602,#1603,#1604),
  .UNSPECIFIED.,.F.,.F.,(8,6,6,6,6,6,8),(0.,0.105894849417,
    0.170905411464,0.322218341891,0.543750496099,0.659070742501,1.),
  .UNSPECIFIED.);
#1567 = CARTESIAN_POINT('',(101.710176482,4.04776546436));
#1568 = CARTESIAN_POINT('',(101.86580748543,3.880546391613));
#1569 = CARTESIAN_POINT('',(102.01722961628,3.709413415568));
#1570 = CARTESIAN_POINT('',(102.16428113113,3.53445462575));
#1571 = CARTESIAN_POINT('',(102.30680214466,3.355767564587));
#1572 = CARTESIAN_POINT('',(102.44463583113,3.173460166319));
#1573 = CARTESIAN_POINT('',(102.57762962594,2.987651695918));
#1574 = CARTESIAN_POINT('',(102.78422187413,2.682334246951));
#1575 = CARTESIAN_POINT('',(102.8609279697,2.56492465232));
#1576 = CARTESIAN_POINT('',(102.93572060425,2.446275214075));
#1577 = CARTESIAN_POINT('',(103.00856680757,2.32641777607));
#1578 = CARTESIAN_POINT('',(103.07943474873,2.205385716045));
#1579 = CARTESIAN_POINT('',(103.14829373609,2.083213945626));
#1580 = CARTESIAN_POINT('',(103.37063975812,1.673014659072));
#1581 = CARTESIAN_POINT('',(103.51512644055,1.38010591358));
#1582 = CARTESIAN_POINT('',(103.64819681049,1.081683725354));
#1583 = CARTESIAN_POINT('',(103.76952254383,0.778249473447));
#1584 = CARTESIAN_POINT('',(103.87882769276,0.470335949212));
#1585 = CARTESIAN_POINT('',(103.97589193214,0.158508441049));
#1586 = CARTESIAN_POINT('',(104.18450439759,-0.618023856618));
#1587 = CARTESIAN_POINT('',(104.28188578974,-1.086574651352));
#1588 = CARTESIAN_POINT('',(104.35217286193,-1.560373797333));
#1589 = CARTESIAN_POINT('',(104.39517673135,-2.037528474995));
#1590 = CARTESIAN_POINT('',(104.41098249989,-2.516173228746));
#1591 = CARTESIAN_POINT('',(104.39991063675,-2.994474628182));
#1592 = CARTESIAN_POINT('',(104.34302864465,-3.71850112463));
#1593 = CARTESIAN_POINT('',(104.31641735113,-3.965802978108));
#1594 = CARTESIAN_POINT('',(104.28274215864,-4.212295228554));
#1595 = CARTESIAN_POINT('',(104.2420905699,-4.457743989724));
#1596 = CARTESIAN_POINT('',(104.19456133811,-4.701924654787));
#1597 = CARTESIAN_POINT('',(104.14026225732,-4.944621555424));
#1598 = CARTESIAN_POINT('',(103.89910450696,-5.898130598694));
#1599 = CARTESIAN_POINT('',(103.66077169494,-6.595705570624));
#1600 = CARTESIAN_POINT('',(103.36726426025,-7.273229996478));
#1601 = CARTESIAN_POINT('',(103.02197468633,-7.926173026072));
#1602 = CARTESIAN_POINT('',(102.6284046468,-8.550433388118));
#1603 = CARTESIAN_POINT('',(102.19004267676,-9.142274896658));
#1604 = CARTESIAN_POINT('',(101.710176482,-9.698225375687));
#1605 = ( GEOMETRIC_REPRESENTATION_CONTEXT(2) 
PARAMETRIC_REPRESENTATION_CONTEXT() REPRESENTATION_CONTEXT('2D SPACE',''
  ) );
#1606 = PCURVE('',#1000,#1607);
#1607 = DEFINITIONAL_REPRESENTATION('',(#1608),#1647);
#1608 = B_SPLINE_CURVE_WITH_KNOTS('',7,(#1609,#1610,#1611,#1612,#1613,
    #1614,#1615,#1616,#1617,#1618,#1619,#1620,#1621,#1622,#1623,#1624,
    #1625,#1626,#1627,#1628,#1629,#1630,#1631,#1632,#1633,#1634,#1635,
    #1636,#1637,#1638,#1639,#1640,#1641,#1642,#1643,#1644,#1645,#1646),
  .UNSPECIFIED.,.F.,.F.,(8,6,6,6,6,6,8),(0.,0.105894849417,
    0.170905411464,0.322218341891,0.543750496099,0.659070742501,1.),
  .UNSPECIFIED.);
#1609 = CARTESIAN_POINT('',(5.305832336458,0.180904522613));
#1610 = CARTESIAN_POINT('',(5.287502835749,0.175737410243));
#1611 = CARTESIAN_POINT('',(5.269094837705,0.170710036852));
#1612 = CARTESIAN_POINT('',(5.250607166147,0.165827772491));
#1613 = CARTESIAN_POINT('',(5.232038892437,0.161095925521));
#1614 = CARTESIAN_POINT('',(5.213389404399,0.15651970272));
#1615 = CARTESIAN_POINT('',(5.194658475247,0.152104169394));
#1616 = CARTESIAN_POINT('',(5.164297253589,0.145245090305));
#1617 = CARTESIAN_POINT('',(5.152717547318,0.142698367566));
#1618 = CARTESIAN_POINT('',(5.141107253321,0.140215173738));
#1619 = CARTESIAN_POINT('',(5.129466458715,0.137796603466));
#1620 = CARTESIAN_POINT('',(5.117795298102,0.13544371357));
#1621 = CARTESIAN_POINT('',(5.106093953574,0.133157523045));
#1622 = CARTESIAN_POINT('',(5.067057903701,0.125775402159));
#1623 = CARTESIAN_POINT('',(5.039590146468,0.120978292923));
#1624 = CARTESIAN_POINT('',(5.011963452774,0.116560217221));
#1625 = CARTESIAN_POINT('',(4.984181883657,0.11253207576));
#1626 = CARTESIAN_POINT('',(4.956250072717,0.108903030295));
#1627 = CARTESIAN_POINT('',(4.92817380741,0.105680395852));
#1628 = CARTESIAN_POINT('',(4.858654620786,9.875424343378E-02));
#1629 = CARTESIAN_POINT('',(4.817050199131,9.552107918693E-02));
#1630 = CARTESIAN_POINT('',(4.77517406471,9.318747474976E-02));
#1631 = CARTESIAN_POINT('',(4.73304545634,9.17597012293E-02));
#1632 = CARTESIAN_POINT('',(4.690680188303,9.12349331539E-02));
#1633 = CARTESIAN_POINT('',(4.648093843826,9.160253061037E-02));
#1634 = CARTESIAN_POINT('',(4.583029582877,9.349107234388E-02));
#1635 = CARTESIAN_POINT('',(4.56069864021,9.437459516969E-02));
#1636 = CARTESIAN_POINT('',(4.538312821789,9.549264684223E-02));
#1637 = CARTESIAN_POINT('',(4.515873184867,9.684232217946E-02));
#1638 = CARTESIAN_POINT('',(4.493380361965,9.84203424718E-02));
#1639 = CARTESIAN_POINT('',(4.470834622616,0.100223128844));
#1640 = CARTESIAN_POINT('',(4.381425864981,0.108229818819));
#1641 = CARTESIAN_POINT('',(4.314167070858,0.116142717883));
#1642 = CARTESIAN_POINT('',(4.246438449064,0.125887472225));
#1643 = CARTESIAN_POINT('',(4.178198599777,0.137351447844));
#1644 = CARTESIAN_POINT('',(4.109397226575,0.150418385504));
#1645 = CARTESIAN_POINT('',(4.039973746551,0.164972462186));
#1646 = CARTESIAN_POINT('',(3.969847188177,0.180904522613));
#1647 = ( GEOMETRIC_REPRESENTATION_CONTEXT(2) 
PARAMETRIC_REPRESENTATION_CONTEXT() REPRESENTATION_CONTEXT('2D SPACE',''
  ) );
#1648 = ORIENTED_EDGE('',*,*,#1649,.F.);
#1649 = EDGE_CURVE('',#870,#1522,#1650,.T.);
#1650 = SURFACE_CURVE('',#1651,(#1655,#1661),.PCURVE_S1.);
#1651 = LINE('',#1652,#1653);
#1652 = CARTESIAN_POINT('',(26.,-6.65,54.1));
#1653 = VECTOR('',#1654,1.);
#1654 = DIRECTION('',(-0.,1.,0.));
#1655 = PCURVE('',#729,#1656);
#1656 = DEFINITIONAL_REPRESENTATION('',(#1657),#1660);
#1657 = B_SPLINE_CURVE_WITH_KNOTS('',1,(#1658,#1659),.UNSPECIFIED.,.F.,
  .F.,(2,2),(-7.65,17.55),.PIECEWISE_BEZIER_KNOTS.);
#1658 = CARTESIAN_POINT('',(101.710176482,-14.3));
#1659 = CARTESIAN_POINT('',(101.710176482,10.9));
#1660 = ( GEOMETRIC_REPRESENTATION_CONTEXT(2) 
PARAMETRIC_REPRESENTATION_CONTEXT() REPRESENTATION_CONTEXT('2D SPACE',''
  ) );
#1661 = PCURVE('',#905,#1662);
#1662 = DEFINITIONAL_REPRESENTATION('',(#1663),#1666);
#1663 = B_SPLINE_CURVE_WITH_KNOTS('',1,(#1664,#1665),.UNSPECIFIED.,.F.,
  .F.,(2,2),(-7.65,17.55),.PIECEWISE_BEZIER_KNOTS.);
#1664 = CARTESIAN_POINT('',(-5.8,-1.));
#1665 = CARTESIAN_POINT('',(-5.8,24.2));
#1666 = ( GEOMETRIC_REPRESENTATION_CONTEXT(2) 
PARAMETRIC_REPRESENTATION_CONTEXT() REPRESENTATION_CONTEXT('2D SPACE',''
  ) );
#1667 = ORIENTED_EDGE('',*,*,#869,.T.);
#1668 = ADVANCED_FACE('',(#1669),#685,.T.);
#1669 = FACE_BOUND('',#1670,.T.);
#1670 = EDGE_LOOP('',(#1671,#1672,#1695,#1715));
#1671 = ORIENTED_EDGE('',*,*,#670,.F.);
#1672 = ORIENTED_EDGE('',*,*,#1673,.T.);
#1673 = EDGE_CURVE('',#648,#1674,#1676,.T.);
#1674 = VERTEX_POINT('',#1675);
#1675 = CARTESIAN_POINT('',(34.674990948516,-15.12998913821,37.9));
#1676 = SURFACE_CURVE('',#1677,(#1682,#1688),.PCURVE_S1.);
#1677 = CIRCLE('',#1678,1.);
#1678 = AXIS2_PLACEMENT_3D('',#1679,#1680,#1681);
#1679 = CARTESIAN_POINT('',(33.75,-14.75,37.9));
#1680 = DIRECTION('',(0.,-0.,1.));
#1681 = DIRECTION('',(1.,0.,0.));
#1682 = PCURVE('',#685,#1683);
#1683 = DEFINITIONAL_REPRESENTATION('',(#1684),#1687);
#1684 = B_SPLINE_CURVE_WITH_KNOTS('',1,(#1685,#1686),.UNSPECIFIED.,.F.,
  .F.,(2,2),(4.712388980385,5.893400753315),.PIECEWISE_BEZIER_KNOTS.);
#1685 = CARTESIAN_POINT('',(20.768474576271,0.));
#1686 = CARTESIAN_POINT('',(22.,0.));
#1687 = ( GEOMETRIC_REPRESENTATION_CONTEXT(2) 
PARAMETRIC_REPRESENTATION_CONTEXT() REPRESENTATION_CONTEXT('2D SPACE',''
  ) );
#1688 = PCURVE('',#434,#1689);
#1689 = DEFINITIONAL_REPRESENTATION('',(#1690),#1694);
#1690 = CIRCLE('',#1691,1.);
#1691 = AXIS2_PLACEMENT_2D('',#1692,#1693);
#1692 = CARTESIAN_POINT('',(0.,0.));
#1693 = DIRECTION('',(1.,0.));
#1694 = ( GEOMETRIC_REPRESENTATION_CONTEXT(2) 
PARAMETRIC_REPRESENTATION_CONTEXT() REPRESENTATION_CONTEXT('2D SPACE',''
  ) );
#1695 = ORIENTED_EDGE('',*,*,#1696,.T.);
#1696 = EDGE_CURVE('',#1674,#1216,#1697,.T.);
#1697 = SURFACE_CURVE('',#1698,(#1701,#1708),.PCURVE_S1.);
#1698 = B_SPLINE_CURVE_WITH_KNOTS('',1,(#1699,#1700),.UNSPECIFIED.,.F.,
  .F.,(2,2),(0.,1.),.PIECEWISE_BEZIER_KNOTS.);
#1699 = CARTESIAN_POINT('',(34.674990948516,-15.12998913821,37.9));
#1700 = CARTESIAN_POINT('',(31.8,-14.3,54.1));
#1701 = PCURVE('',#685,#1702);
#1702 = DEFINITIONAL_REPRESENTATION('',(#1703),#1707);
#1703 = LINE('',#1704,#1705);
#1704 = CARTESIAN_POINT('',(22.,0.));
#1705 = VECTOR('',#1706,1.);
#1706 = DIRECTION('',(0.,1.));
#1707 = ( GEOMETRIC_REPRESENTATION_CONTEXT(2) 
PARAMETRIC_REPRESENTATION_CONTEXT() REPRESENTATION_CONTEXT('2D SPACE',''
  ) );
#1708 = PCURVE('',#1304,#1709);
#1709 = DEFINITIONAL_REPRESENTATION('',(#1710),#1714);
#1710 = LINE('',#1711,#1712);
#1711 = CARTESIAN_POINT('',(4.712388980385,0.));
#1712 = VECTOR('',#1713,1.);
#1713 = DIRECTION('',(0.,1.));
#1714 = ( GEOMETRIC_REPRESENTATION_CONTEXT(2) 
PARAMETRIC_REPRESENTATION_CONTEXT() REPRESENTATION_CONTEXT('2D SPACE',''
  ) );
#1715 = ORIENTED_EDGE('',*,*,#1215,.T.);
#1716 = ADVANCED_FACE('',(#1717),#434,.F.);
#1717 = FACE_BOUND('',#1718,.F.);
#1718 = EDGE_LOOP('',(#1719,#1720,#1721,#1742,#1768,#1787,#1788,#1789,
    #1812,#1835,#1858,#1898,#1926,#1966,#2006,#2029));
#1719 = ORIENTED_EDGE('',*,*,#810,.T.);
#1720 = ORIENTED_EDGE('',*,*,#418,.T.);
#1721 = ORIENTED_EDGE('',*,*,#1722,.T.);
#1722 = EDGE_CURVE('',#419,#1723,#1725,.T.);
#1723 = VERTEX_POINT('',#1724);
#1724 = CARTESIAN_POINT('',(20.6,-10.2,37.9));
#1725 = SURFACE_CURVE('',#1726,(#1730,#1736),.PCURVE_S1.);
#1726 = LINE('',#1727,#1728);
#1727 = CARTESIAN_POINT('',(20.6,-17.375,37.9));
#1728 = VECTOR('',#1729,1.);
#1729 = DIRECTION('',(0.,1.,0.));
#1730 = PCURVE('',#434,#1731);
#1731 = DEFINITIONAL_REPRESENTATION('',(#1732),#1735);
#1732 = B_SPLINE_CURVE_WITH_KNOTS('',1,(#1733,#1734),.UNSPECIFIED.,.F.,
  .F.,(2,2),(1.625,7.175),.PIECEWISE_BEZIER_KNOTS.);
#1733 = CARTESIAN_POINT('',(-13.15,-1.));
#1734 = CARTESIAN_POINT('',(-13.15,4.55));
#1735 = ( GEOMETRIC_REPRESENTATION_CONTEXT(2) 
PARAMETRIC_REPRESENTATION_CONTEXT() REPRESENTATION_CONTEXT('2D SPACE',''
  ) );
#1736 = PCURVE('',#472,#1737);
#1737 = DEFINITIONAL_REPRESENTATION('',(#1738),#1741);
#1738 = B_SPLINE_CURVE_WITH_KNOTS('',1,(#1739,#1740),.UNSPECIFIED.,.F.,
  .F.,(2,2),(1.625,7.175),.PIECEWISE_BEZIER_KNOTS.);
#1739 = CARTESIAN_POINT('',(0.4,-4.25));
#1740 = CARTESIAN_POINT('',(0.4,-9.8));
#1741 = ( GEOMETRIC_REPRESENTATION_CONTEXT(2) 
PARAMETRIC_REPRESENTATION_CONTEXT() REPRESENTATION_CONTEXT('2D SPACE',''
  ) );
#1742 = ORIENTED_EDGE('',*,*,#1743,.F.);
#1743 = EDGE_CURVE('',#1744,#1723,#1746,.T.);
#1744 = VERTEX_POINT('',#1745);
#1745 = CARTESIAN_POINT('',(25.6,-10.2,37.9));
#1746 = SURFACE_CURVE('',#1747,(#1751,#1757),.PCURVE_S1.);
#1747 = LINE('',#1748,#1749);
#1748 = CARTESIAN_POINT('',(27.175,-10.2,37.9));
#1749 = VECTOR('',#1750,1.);
#1750 = DIRECTION('',(-1.,-0.,0.));
#1751 = PCURVE('',#434,#1752);
#1752 = DEFINITIONAL_REPRESENTATION('',(#1753),#1756);
#1753 = B_SPLINE_CURVE_WITH_KNOTS('',1,(#1754,#1755),.UNSPECIFIED.,.F.,
  .F.,(2,2),(1.575,6.575),.PIECEWISE_BEZIER_KNOTS.);
#1754 = CARTESIAN_POINT('',(-8.15,4.55));
#1755 = CARTESIAN_POINT('',(-13.15,4.55));
#1756 = ( GEOMETRIC_REPRESENTATION_CONTEXT(2) 
PARAMETRIC_REPRESENTATION_CONTEXT() REPRESENTATION_CONTEXT('2D SPACE',''
  ) );
#1757 = PCURVE('',#1758,#1763);
#1758 = PLANE('',#1759);
#1759 = AXIS2_PLACEMENT_3D('',#1760,#1761,#1762);
#1760 = CARTESIAN_POINT('',(20.6,-10.2,37.5));
#1761 = DIRECTION('',(-0.,1.,0.));
#1762 = DIRECTION('',(0.,0.,1.));
#1763 = DEFINITIONAL_REPRESENTATION('',(#1764),#1767);
#1764 = B_SPLINE_CURVE_WITH_KNOTS('',1,(#1765,#1766),.UNSPECIFIED.,.F.,
  .F.,(2,2),(1.575,6.575),.PIECEWISE_BEZIER_KNOTS.);
#1765 = CARTESIAN_POINT('',(0.4,5.));
#1766 = CARTESIAN_POINT('',(0.4,0.));
#1767 = ( GEOMETRIC_REPRESENTATION_CONTEXT(2) 
PARAMETRIC_REPRESENTATION_CONTEXT() REPRESENTATION_CONTEXT('2D SPACE',''
  ) );
#1768 = ORIENTED_EDGE('',*,*,#1769,.F.);
#1769 = EDGE_CURVE('',#515,#1744,#1770,.T.);
#1770 = SURFACE_CURVE('',#1771,(#1775,#1781),.PCURVE_S1.);
#1771 = LINE('',#1772,#1773);
#1772 = CARTESIAN_POINT('',(25.6,-17.375,37.9));
#1773 = VECTOR('',#1774,1.);
#1774 = DIRECTION('',(0.,1.,0.));
#1775 = PCURVE('',#434,#1776);
#1776 = DEFINITIONAL_REPRESENTATION('',(#1777),#1780);
#1777 = B_SPLINE_CURVE_WITH_KNOTS('',1,(#1778,#1779),.UNSPECIFIED.,.F.,
  .F.,(2,2),(1.625,7.175),.PIECEWISE_BEZIER_KNOTS.);
#1778 = CARTESIAN_POINT('',(-8.15,-1.));
#1779 = CARTESIAN_POINT('',(-8.15,4.55));
#1780 = ( GEOMETRIC_REPRESENTATION_CONTEXT(2) 
PARAMETRIC_REPRESENTATION_CONTEXT() REPRESENTATION_CONTEXT('2D SPACE',''
  ) );
#1781 = PCURVE('',#600,#1782);
#1782 = DEFINITIONAL_REPRESENTATION('',(#1783),#1786);
#1783 = B_SPLINE_CURVE_WITH_KNOTS('',1,(#1784,#1785),.UNSPECIFIED.,.F.,
  .F.,(2,2),(1.625,7.175),.PIECEWISE_BEZIER_KNOTS.);
#1784 = CARTESIAN_POINT('',(0.4,-4.25));
#1785 = CARTESIAN_POINT('',(0.4,-9.8));
#1786 = ( GEOMETRIC_REPRESENTATION_CONTEXT(2) 
PARAMETRIC_REPRESENTATION_CONTEXT() REPRESENTATION_CONTEXT('2D SPACE',''
  ) );
#1787 = ORIENTED_EDGE('',*,*,#647,.T.);
#1788 = ORIENTED_EDGE('',*,*,#1673,.T.);
#1789 = ORIENTED_EDGE('',*,*,#1790,.T.);
#1790 = EDGE_CURVE('',#1674,#1791,#1793,.T.);
#1791 = VERTEX_POINT('',#1792);
#1792 = CARTESIAN_POINT('',(34.75,-14.75,37.9));
#1793 = SURFACE_CURVE('',#1794,(#1799,#1806),.PCURVE_S1.);
#1794 = CIRCLE('',#1795,1.);
#1795 = AXIS2_PLACEMENT_3D('',#1796,#1797,#1798);
#1796 = CARTESIAN_POINT('',(33.75,-14.75,37.9));
#1797 = DIRECTION('',(0.,-0.,1.));
#1798 = DIRECTION('',(1.,0.,0.));
#1799 = PCURVE('',#434,#1800);
#1800 = DEFINITIONAL_REPRESENTATION('',(#1801),#1805);
#1801 = CIRCLE('',#1802,1.);
#1802 = AXIS2_PLACEMENT_2D('',#1803,#1804);
#1803 = CARTESIAN_POINT('',(0.,0.));
#1804 = DIRECTION('',(1.,0.));
#1805 = ( GEOMETRIC_REPRESENTATION_CONTEXT(2) 
PARAMETRIC_REPRESENTATION_CONTEXT() REPRESENTATION_CONTEXT('2D SPACE',''
  ) );
#1806 = PCURVE('',#1304,#1807);
#1807 = DEFINITIONAL_REPRESENTATION('',(#1808),#1811);
#1808 = B_SPLINE_CURVE_WITH_KNOTS('',1,(#1809,#1810),.UNSPECIFIED.,.F.,
  .F.,(2,2),(5.893400753315,6.28318530718),.PIECEWISE_BEZIER_KNOTS.);
#1809 = CARTESIAN_POINT('',(4.712388980385,0.));
#1810 = CARTESIAN_POINT('',(6.28318530718,0.));
#1811 = ( GEOMETRIC_REPRESENTATION_CONTEXT(2) 
PARAMETRIC_REPRESENTATION_CONTEXT() REPRESENTATION_CONTEXT('2D SPACE',''
  ) );
#1812 = ORIENTED_EDGE('',*,*,#1813,.T.);
#1813 = EDGE_CURVE('',#1791,#1814,#1816,.T.);
#1814 = VERTEX_POINT('',#1815);
#1815 = CARTESIAN_POINT('',(34.75,12.75,37.9));
#1816 = SURFACE_CURVE('',#1817,(#1821,#1828),.PCURVE_S1.);
#1817 = LINE('',#1818,#1819);
#1818 = CARTESIAN_POINT('',(34.75,-15.75,37.9));
#1819 = VECTOR('',#1820,1.);
#1820 = DIRECTION('',(0.,1.,0.));
#1821 = PCURVE('',#434,#1822);
#1822 = DEFINITIONAL_REPRESENTATION('',(#1823),#1827);
#1823 = LINE('',#1824,#1825);
#1824 = CARTESIAN_POINT('',(1.,-1.));
#1825 = VECTOR('',#1826,1.);
#1826 = DIRECTION('',(0.,1.));
#1827 = ( GEOMETRIC_REPRESENTATION_CONTEXT(2) 
PARAMETRIC_REPRESENTATION_CONTEXT() REPRESENTATION_CONTEXT('2D SPACE',''
  ) );
#1828 = PCURVE('',#1361,#1829);
#1829 = DEFINITIONAL_REPRESENTATION('',(#1830),#1834);
#1830 = LINE('',#1831,#1832);
#1831 = CARTESIAN_POINT('',(0.,0.));
#1832 = VECTOR('',#1833,1.);
#1833 = DIRECTION('',(1.,0.));
#1834 = ( GEOMETRIC_REPRESENTATION_CONTEXT(2) 
PARAMETRIC_REPRESENTATION_CONTEXT() REPRESENTATION_CONTEXT('2D SPACE',''
  ) );
#1835 = ORIENTED_EDGE('',*,*,#1836,.T.);
#1836 = EDGE_CURVE('',#1814,#1837,#1839,.T.);
#1837 = VERTEX_POINT('',#1838);
#1838 = CARTESIAN_POINT('',(34.674990948516,13.129989138219,37.9));
#1839 = SURFACE_CURVE('',#1840,(#1845,#1852),.PCURVE_S1.);
#1840 = CIRCLE('',#1841,1.);
#1841 = AXIS2_PLACEMENT_3D('',#1842,#1843,#1844);
#1842 = CARTESIAN_POINT('',(33.75,12.75,37.9));
#1843 = DIRECTION('',(0.,-0.,1.));
#1844 = DIRECTION('',(1.,0.,0.));
#1845 = PCURVE('',#434,#1846);
#1846 = DEFINITIONAL_REPRESENTATION('',(#1847),#1851);
#1847 = CIRCLE('',#1848,1.);
#1848 = AXIS2_PLACEMENT_2D('',#1849,#1850);
#1849 = CARTESIAN_POINT('',(0.,27.5));
#1850 = DIRECTION('',(1.,0.));
#1851 = ( GEOMETRIC_REPRESENTATION_CONTEXT(2) 
PARAMETRIC_REPRESENTATION_CONTEXT() REPRESENTATION_CONTEXT('2D SPACE',''
  ) );
#1852 = PCURVE('',#1426,#1853);
#1853 = DEFINITIONAL_REPRESENTATION('',(#1854),#1857);
#1854 = B_SPLINE_CURVE_WITH_KNOTS('',1,(#1855,#1856),.UNSPECIFIED.,.F.,
  .F.,(2,2),(0.,0.389784553865),.PIECEWISE_BEZIER_KNOTS.);
#1855 = CARTESIAN_POINT('',(0.,0.));
#1856 = CARTESIAN_POINT('',(1.570796326795,0.));
#1857 = ( GEOMETRIC_REPRESENTATION_CONTEXT(2) 
PARAMETRIC_REPRESENTATION_CONTEXT() REPRESENTATION_CONTEXT('2D SPACE',''
  ) );
#1858 = ORIENTED_EDGE('',*,*,#1859,.T.);
#1859 = EDGE_CURVE('',#1837,#1860,#1862,.T.);
#1860 = VERTEX_POINT('',#1861);
#1861 = CARTESIAN_POINT('',(33.75,13.75,37.9));
#1862 = SURFACE_CURVE('',#1863,(#1868,#1875),.PCURVE_S1.);
#1863 = CIRCLE('',#1864,1.);
#1864 = AXIS2_PLACEMENT_3D('',#1865,#1866,#1867);
#1865 = CARTESIAN_POINT('',(33.75,12.75,37.9));
#1866 = DIRECTION('',(0.,-0.,1.));
#1867 = DIRECTION('',(1.,0.,0.));
#1868 = PCURVE('',#434,#1869);
#1869 = DEFINITIONAL_REPRESENTATION('',(#1870),#1874);
#1870 = CIRCLE('',#1871,1.);
#1871 = AXIS2_PLACEMENT_2D('',#1872,#1873);
#1872 = CARTESIAN_POINT('',(0.,27.5));
#1873 = DIRECTION('',(1.,0.));
#1874 = ( GEOMETRIC_REPRESENTATION_CONTEXT(2) 
PARAMETRIC_REPRESENTATION_CONTEXT() REPRESENTATION_CONTEXT('2D SPACE',''
  ) );
#1875 = PCURVE('',#1876,#1893);
#1876 = B_SPLINE_SURFACE_WITH_KNOTS('',7,1,(
    (#1877,#1878)
    ,(#1879,#1880)
    ,(#1881,#1882)
    ,(#1883,#1884)
    ,(#1885,#1886)
    ,(#1887,#1888)
    ,(#1889,#1890)
    ,(#1891,#1892
    )),.UNSPECIFIED.,.F.,.F.,.F.,(8,8),(2,2),(1.,2.231525423729),(0.,1.)
  ,.PIECEWISE_BEZIER_KNOTS.);
#1877 = CARTESIAN_POINT('',(34.674990948516,13.129989138219,37.9));
#1878 = CARTESIAN_POINT('',(31.8,10.9,54.1));
#1879 = CARTESIAN_POINT('',(34.610880713398,13.286049881083,37.9));
#1880 = CARTESIAN_POINT('',(31.62406779661,10.9,54.1));
#1881 = CARTESIAN_POINT('',(34.516052114275,13.429491330663,
    37.899999999999));
#1882 = CARTESIAN_POINT('',(31.44813559322,10.9,54.1));
#1883 = CARTESIAN_POINT('',(34.393486595742,13.55305876283,
    37.900000000001));
#1884 = CARTESIAN_POINT('',(31.272203389831,10.9,54.1));
#1885 = CARTESIAN_POINT('',(34.248304169772,13.650372883777,
    37.899999999999));
#1886 = CARTESIAN_POINT('',(31.096271186441,10.9,54.1));
#1887 = CARTESIAN_POINT('',(34.087431847725,13.716790596962,
    37.900000000001));
#1888 = CARTESIAN_POINT('',(30.920338983051,10.9,54.1));
#1889 = CARTESIAN_POINT('',(33.918715967561,13.75,37.9));
#1890 = CARTESIAN_POINT('',(30.744406779661,10.9,54.1));
#1891 = CARTESIAN_POINT('',(33.75,13.75,37.9));
#1892 = CARTESIAN_POINT('',(30.568474576271,10.9,54.1));
#1893 = DEFINITIONAL_REPRESENTATION('',(#1894),#1897);
#1894 = B_SPLINE_CURVE_WITH_KNOTS('',1,(#1895,#1896),.UNSPECIFIED.,.F.,
  .F.,(2,2),(0.389784553865,1.570796326795),.PIECEWISE_BEZIER_KNOTS.);
#1895 = CARTESIAN_POINT('',(1.,0.));
#1896 = CARTESIAN_POINT('',(2.231525423729,0.));
#1897 = ( GEOMETRIC_REPRESENTATION_CONTEXT(2) 
PARAMETRIC_REPRESENTATION_CONTEXT() REPRESENTATION_CONTEXT('2D SPACE',''
  ) );
#1898 = ORIENTED_EDGE('',*,*,#1899,.T.);
#1899 = EDGE_CURVE('',#1860,#1900,#1902,.T.);
#1900 = VERTEX_POINT('',#1901);
#1901 = CARTESIAN_POINT('',(12.05,13.75,37.9));
#1902 = SURFACE_CURVE('',#1903,(#1907,#1914),.PCURVE_S1.);
#1903 = LINE('',#1904,#1905);
#1904 = CARTESIAN_POINT('',(34.75,13.75,37.9));
#1905 = VECTOR('',#1906,1.);
#1906 = DIRECTION('',(-1.,0.,0.));
#1907 = PCURVE('',#434,#1908);
#1908 = DEFINITIONAL_REPRESENTATION('',(#1909),#1913);
#1909 = LINE('',#1910,#1911);
#1910 = CARTESIAN_POINT('',(1.,28.5));
#1911 = VECTOR('',#1912,1.);
#1912 = DIRECTION('',(-1.,0.));
#1913 = ( GEOMETRIC_REPRESENTATION_CONTEXT(2) 
PARAMETRIC_REPRESENTATION_CONTEXT() REPRESENTATION_CONTEXT('2D SPACE',''
  ) );
#1914 = PCURVE('',#1915,#1920);
#1915 = B_SPLINE_SURFACE_WITH_KNOTS('',1,1,(
    (#1916,#1917)
    ,(#1918,#1919
    )),.UNSPECIFIED.,.F.,.F.,.F.,(2,2),(2,2),(1.,22.7),(0.,1.),
  .PIECEWISE_BEZIER_KNOTS.);
#1916 = CARTESIAN_POINT('',(33.75,13.75,37.9));
#1917 = CARTESIAN_POINT('',(30.568474576271,10.9,54.1));
#1918 = CARTESIAN_POINT('',(12.05,13.75,37.9));
#1919 = CARTESIAN_POINT('',(12.031525423729,10.9,54.1));
#1920 = DEFINITIONAL_REPRESENTATION('',(#1921),#1925);
#1921 = LINE('',#1922,#1923);
#1922 = CARTESIAN_POINT('',(0.,0.));
#1923 = VECTOR('',#1924,1.);
#1924 = DIRECTION('',(1.,0.));
#1925 = ( GEOMETRIC_REPRESENTATION_CONTEXT(2) 
PARAMETRIC_REPRESENTATION_CONTEXT() REPRESENTATION_CONTEXT('2D SPACE',''
  ) );
#1926 = ORIENTED_EDGE('',*,*,#1927,.T.);
#1927 = EDGE_CURVE('',#1900,#1928,#1930,.T.);
#1928 = VERTEX_POINT('',#1929);
#1929 = CARTESIAN_POINT('',(11.125009051484,13.129989138219,37.9));
#1930 = SURFACE_CURVE('',#1931,(#1936,#1943),.PCURVE_S1.);
#1931 = CIRCLE('',#1932,1.);
#1932 = AXIS2_PLACEMENT_3D('',#1933,#1934,#1935);
#1933 = CARTESIAN_POINT('',(12.05,12.75,37.9));
#1934 = DIRECTION('',(0.,-0.,1.));
#1935 = DIRECTION('',(1.,0.,0.));
#1936 = PCURVE('',#434,#1937);
#1937 = DEFINITIONAL_REPRESENTATION('',(#1938),#1942);
#1938 = CIRCLE('',#1939,1.);
#1939 = AXIS2_PLACEMENT_2D('',#1940,#1941);
#1940 = CARTESIAN_POINT('',(-21.7,27.5));
#1941 = DIRECTION('',(1.,0.));
#1942 = ( GEOMETRIC_REPRESENTATION_CONTEXT(2) 
PARAMETRIC_REPRESENTATION_CONTEXT() REPRESENTATION_CONTEXT('2D SPACE',''
  ) );
#1943 = PCURVE('',#1944,#1961);
#1944 = B_SPLINE_SURFACE_WITH_KNOTS('',7,1,(
    (#1945,#1946)
    ,(#1947,#1948)
    ,(#1949,#1950)
    ,(#1951,#1952)
    ,(#1953,#1954)
    ,(#1955,#1956)
    ,(#1957,#1958)
    ,(#1959,#1960
    )),.UNSPECIFIED.,.F.,.F.,.F.,(8,8),(2,2),(20.768474576271,22.),(0.,
    1.),.PIECEWISE_BEZIER_KNOTS.);
#1945 = CARTESIAN_POINT('',(12.05,13.75,37.9));
#1946 = CARTESIAN_POINT('',(12.031525423729,10.9,54.1));
#1947 = CARTESIAN_POINT('',(11.881284032439,13.75,37.9));
#1948 = CARTESIAN_POINT('',(11.855593220339,10.9,54.1));
#1949 = CARTESIAN_POINT('',(11.712568152276,13.716790596962,37.9));
#1950 = CARTESIAN_POINT('',(11.679661016949,10.9,54.1));
#1951 = CARTESIAN_POINT('',(11.551695830227,13.650372883777,
    37.899999999999));
#1952 = CARTESIAN_POINT('',(11.503728813559,10.9,54.1));
#1953 = CARTESIAN_POINT('',(11.40651340426,13.55305876283,37.9));
#1954 = CARTESIAN_POINT('',(11.327796610169,10.9,54.1));
#1955 = CARTESIAN_POINT('',(11.283947885724,13.429491330663,37.9));
#1956 = CARTESIAN_POINT('',(11.15186440678,10.9,54.1));
#1957 = CARTESIAN_POINT('',(11.189119286602,13.286049881083,37.9));
#1958 = CARTESIAN_POINT('',(10.97593220339,10.9,54.1));
#1959 = CARTESIAN_POINT('',(11.125009051484,13.129989138219,37.9));
#1960 = CARTESIAN_POINT('',(10.8,10.9,54.1));
#1961 = DEFINITIONAL_REPRESENTATION('',(#1962),#1965);
#1962 = B_SPLINE_CURVE_WITH_KNOTS('',1,(#1963,#1964),.UNSPECIFIED.,.F.,
  .F.,(2,2),(1.570796326795,2.751808099725),.PIECEWISE_BEZIER_KNOTS.);
#1963 = CARTESIAN_POINT('',(20.768474576271,0.));
#1964 = CARTESIAN_POINT('',(22.,0.));
#1965 = ( GEOMETRIC_REPRESENTATION_CONTEXT(2) 
PARAMETRIC_REPRESENTATION_CONTEXT() REPRESENTATION_CONTEXT('2D SPACE',''
  ) );
#1966 = ORIENTED_EDGE('',*,*,#1967,.T.);
#1967 = EDGE_CURVE('',#1928,#1968,#1970,.T.);
#1968 = VERTEX_POINT('',#1969);
#1969 = CARTESIAN_POINT('',(11.05,12.75,37.9));
#1970 = SURFACE_CURVE('',#1971,(#1976,#1983),.PCURVE_S1.);
#1971 = CIRCLE('',#1972,1.);
#1972 = AXIS2_PLACEMENT_3D('',#1973,#1974,#1975);
#1973 = CARTESIAN_POINT('',(12.05,12.75,37.9));
#1974 = DIRECTION('',(0.,-0.,1.));
#1975 = DIRECTION('',(1.,0.,0.));
#1976 = PCURVE('',#434,#1977);
#1977 = DEFINITIONAL_REPRESENTATION('',(#1978),#1982);
#1978 = CIRCLE('',#1979,1.);
#1979 = AXIS2_PLACEMENT_2D('',#1980,#1981);
#1980 = CARTESIAN_POINT('',(-21.7,27.5));
#1981 = DIRECTION('',(1.,0.));
#1982 = ( GEOMETRIC_REPRESENTATION_CONTEXT(2) 
PARAMETRIC_REPRESENTATION_CONTEXT() REPRESENTATION_CONTEXT('2D SPACE',''
  ) );
#1983 = PCURVE('',#1984,#2001);
#1984 = B_SPLINE_SURFACE_WITH_KNOTS('',7,1,(
    (#1985,#1986)
    ,(#1987,#1988)
    ,(#1989,#1990)
    ,(#1991,#1992)
    ,(#1993,#1994)
    ,(#1995,#1996)
    ,(#1997,#1998)
    ,(#1999,#2000
    )),.UNSPECIFIED.,.F.,.F.,.F.,(8,8),(2,2),(1.570796326795,
    3.14159265359),(0.,1.),.PIECEWISE_BEZIER_KNOTS.);
#1985 = CARTESIAN_POINT('',(11.125009051484,13.129989138219,37.9));
#1986 = CARTESIAN_POINT('',(10.8,10.9,54.1));
#1987 = CARTESIAN_POINT('',(11.103849923382,13.078482397619,37.9));
#1988 = CARTESIAN_POINT('',(10.575600524744,10.9,54.1));
#1989 = CARTESIAN_POINT('',(11.086036832561,13.025601084873,37.9));
#1990 = CARTESIAN_POINT('',(10.351202135017,10.841251113448,
    54.099999999999));
#1991 = CARTESIAN_POINT('',(11.071677134081,12.971606004897,37.9));
#1992 = CARTESIAN_POINT('',(10.145253059177,10.723762722203,
    54.100000000002));
#1993 = CARTESIAN_POINT('',(11.060852329474,12.916768514054,37.9));
#1994 = CARTESIAN_POINT('',(9.976237277798,10.554746940823,
    54.099999999999));
#1995 = CARTESIAN_POINT('',(11.053617376684,12.861367024361,37.9));
#1996 = CARTESIAN_POINT('',(9.858748886552,10.348797864984,
    54.100000000001));
#1997 = CARTESIAN_POINT('',(11.05,12.805683507695,37.9));
#1998 = CARTESIAN_POINT('',(9.8,10.124399475256,54.1));
#1999 = CARTESIAN_POINT('',(11.05,12.75,37.9));
#2000 = CARTESIAN_POINT('',(9.8,9.9,54.1));
#2001 = DEFINITIONAL_REPRESENTATION('',(#2002),#2005);
#2002 = B_SPLINE_CURVE_WITH_KNOTS('',1,(#2003,#2004),.UNSPECIFIED.,.F.,
  .F.,(2,2),(2.751808099725,3.14159265359),.PIECEWISE_BEZIER_KNOTS.);
#2003 = CARTESIAN_POINT('',(1.570796326795,0.));
#2004 = CARTESIAN_POINT('',(3.14159265359,0.));
#2005 = ( GEOMETRIC_REPRESENTATION_CONTEXT(2) 
PARAMETRIC_REPRESENTATION_CONTEXT() REPRESENTATION_CONTEXT('2D SPACE',''
  ) );
#2006 = ORIENTED_EDGE('',*,*,#2007,.T.);
#2007 = EDGE_CURVE('',#1968,#2008,#2010,.T.);
#2008 = VERTEX_POINT('',#2009);
#2009 = CARTESIAN_POINT('',(11.05,-14.75,37.9));
#2010 = SURFACE_CURVE('',#2011,(#2015,#2022),.PCURVE_S1.);
#2011 = LINE('',#2012,#2013);
#2012 = CARTESIAN_POINT('',(11.05,13.75,37.9));
#2013 = VECTOR('',#2014,1.);
#2014 = DIRECTION('',(0.,-1.,0.));
#2015 = PCURVE('',#434,#2016);
#2016 = DEFINITIONAL_REPRESENTATION('',(#2017),#2021);
#2017 = LINE('',#2018,#2019);
#2018 = CARTESIAN_POINT('',(-22.7,28.5));
#2019 = VECTOR('',#2020,1.);
#2020 = DIRECTION('',(0.,-1.));
#2021 = ( GEOMETRIC_REPRESENTATION_CONTEXT(2) 
PARAMETRIC_REPRESENTATION_CONTEXT() REPRESENTATION_CONTEXT('2D SPACE',''
  ) );
#2022 = PCURVE('',#1118,#2023);
#2023 = DEFINITIONAL_REPRESENTATION('',(#2024),#2028);
#2024 = LINE('',#2025,#2026);
#2025 = CARTESIAN_POINT('',(0.,0.));
#2026 = VECTOR('',#2027,1.);
#2027 = DIRECTION('',(1.,0.));
#2028 = ( GEOMETRIC_REPRESENTATION_CONTEXT(2) 
PARAMETRIC_REPRESENTATION_CONTEXT() REPRESENTATION_CONTEXT('2D SPACE',''
  ) );
#2029 = ORIENTED_EDGE('',*,*,#2030,.T.);
#2030 = EDGE_CURVE('',#2008,#770,#2031,.T.);
#2031 = SURFACE_CURVE('',#2032,(#2037,#2044),.PCURVE_S1.);
#2032 = CIRCLE('',#2033,1.);
#2033 = AXIS2_PLACEMENT_3D('',#2034,#2035,#2036);
#2034 = CARTESIAN_POINT('',(12.05,-14.75,37.9));
#2035 = DIRECTION('',(0.,-0.,1.));
#2036 = DIRECTION('',(1.,0.,0.));
#2037 = PCURVE('',#434,#2038);
#2038 = DEFINITIONAL_REPRESENTATION('',(#2039),#2043);
#2039 = CIRCLE('',#2040,1.);
#2040 = AXIS2_PLACEMENT_2D('',#2041,#2042);
#2041 = CARTESIAN_POINT('',(-21.7,0.));
#2042 = DIRECTION('',(1.,0.));
#2043 = ( GEOMETRIC_REPRESENTATION_CONTEXT(2) 
PARAMETRIC_REPRESENTATION_CONTEXT() REPRESENTATION_CONTEXT('2D SPACE',''
  ) );
#2044 = PCURVE('',#786,#2045);
#2045 = DEFINITIONAL_REPRESENTATION('',(#2046),#2049);
#2046 = B_SPLINE_CURVE_WITH_KNOTS('',1,(#2047,#2048),.UNSPECIFIED.,.F.,
  .F.,(2,2),(3.14159265359,3.531377207455),.PIECEWISE_BEZIER_KNOTS.);
#2047 = CARTESIAN_POINT('',(3.14159265359,0.));
#2048 = CARTESIAN_POINT('',(4.712388980385,0.));
#2049 = ( GEOMETRIC_REPRESENTATION_CONTEXT(2) 
PARAMETRIC_REPRESENTATION_CONTEXT() REPRESENTATION_CONTEXT('2D SPACE',''
  ) );
#2050 = ADVANCED_FACE('',(#2051),#600,.F.);
#2051 = FACE_BOUND('',#2052,.F.);
#2052 = EDGE_LOOP('',(#2053,#2076,#2077,#2078));
#2053 = ORIENTED_EDGE('',*,*,#2054,.F.);
#2054 = EDGE_CURVE('',#490,#2055,#2057,.T.);
#2055 = VERTEX_POINT('',#2056);
#2056 = CARTESIAN_POINT('',(25.6,-10.2,45.));
#2057 = SURFACE_CURVE('',#2058,(#2062,#2069),.PCURVE_S1.);
#2058 = LINE('',#2059,#2060);
#2059 = CARTESIAN_POINT('',(25.6,-20.,45.));
#2060 = VECTOR('',#2061,1.);
#2061 = DIRECTION('',(-0.,1.,0.));
#2062 = PCURVE('',#600,#2063);
#2063 = DEFINITIONAL_REPRESENTATION('',(#2064),#2068);
#2064 = LINE('',#2065,#2066);
#2065 = CARTESIAN_POINT('',(7.5,0.));
#2066 = VECTOR('',#2067,1.);
#2067 = DIRECTION('',(0.,-1.));
#2068 = ( GEOMETRIC_REPRESENTATION_CONTEXT(2) 
PARAMETRIC_REPRESENTATION_CONTEXT() REPRESENTATION_CONTEXT('2D SPACE',''
  ) );
#2069 = PCURVE('',#503,#2070);
#2070 = DEFINITIONAL_REPRESENTATION('',(#2071),#2075);
#2071 = LINE('',#2072,#2073);
#2072 = CARTESIAN_POINT('',(5.,0.));
#2073 = VECTOR('',#2074,1.);
#2074 = DIRECTION('',(0.,1.));
#2075 = ( GEOMETRIC_REPRESENTATION_CONTEXT(2) 
PARAMETRIC_REPRESENTATION_CONTEXT() REPRESENTATION_CONTEXT('2D SPACE',''
  ) );
#2076 = ORIENTED_EDGE('',*,*,#514,.F.);
#2077 = ORIENTED_EDGE('',*,*,#1769,.T.);
#2078 = ORIENTED_EDGE('',*,*,#2079,.T.);
#2079 = EDGE_CURVE('',#1744,#2055,#2080,.T.);
#2080 = SURFACE_CURVE('',#2081,(#2085,#2092),.PCURVE_S1.);
#2081 = LINE('',#2082,#2083);
#2082 = CARTESIAN_POINT('',(25.6,-10.2,37.5));
#2083 = VECTOR('',#2084,1.);
#2084 = DIRECTION('',(0.,0.,1.));
#2085 = PCURVE('',#600,#2086);
#2086 = DEFINITIONAL_REPRESENTATION('',(#2087),#2091);
#2087 = LINE('',#2088,#2089);
#2088 = CARTESIAN_POINT('',(0.,-9.8));
#2089 = VECTOR('',#2090,1.);
#2090 = DIRECTION('',(1.,0.));
#2091 = ( GEOMETRIC_REPRESENTATION_CONTEXT(2) 
PARAMETRIC_REPRESENTATION_CONTEXT() REPRESENTATION_CONTEXT('2D SPACE',''
  ) );
#2092 = PCURVE('',#1758,#2093);
#2093 = DEFINITIONAL_REPRESENTATION('',(#2094),#2098);
#2094 = LINE('',#2095,#2096);
#2095 = CARTESIAN_POINT('',(0.,5.));
#2096 = VECTOR('',#2097,1.);
#2097 = DIRECTION('',(1.,0.));
#2098 = ( GEOMETRIC_REPRESENTATION_CONTEXT(2) 
PARAMETRIC_REPRESENTATION_CONTEXT() REPRESENTATION_CONTEXT('2D SPACE',''
  ) );
#2099 = ADVANCED_FACE('',(#2100),#503,.F.);
#2100 = FACE_BOUND('',#2101,.F.);
#2101 = EDGE_LOOP('',(#2102,#2125,#2126,#2127));
#2102 = ORIENTED_EDGE('',*,*,#2103,.F.);
#2103 = EDGE_CURVE('',#447,#2104,#2106,.T.);
#2104 = VERTEX_POINT('',#2105);
#2105 = CARTESIAN_POINT('',(20.6,-10.2,45.));
#2106 = SURFACE_CURVE('',#2107,(#2111,#2118),.PCURVE_S1.);
#2107 = LINE('',#2108,#2109);
#2108 = CARTESIAN_POINT('',(20.6,-20.,45.));
#2109 = VECTOR('',#2110,1.);
#2110 = DIRECTION('',(-0.,1.,0.));
#2111 = PCURVE('',#503,#2112);
#2112 = DEFINITIONAL_REPRESENTATION('',(#2113),#2117);
#2113 = LINE('',#2114,#2115);
#2114 = CARTESIAN_POINT('',(0.,0.));
#2115 = VECTOR('',#2116,1.);
#2116 = DIRECTION('',(0.,1.));
#2117 = ( GEOMETRIC_REPRESENTATION_CONTEXT(2) 
PARAMETRIC_REPRESENTATION_CONTEXT() REPRESENTATION_CONTEXT('2D SPACE',''
  ) );
#2118 = PCURVE('',#472,#2119);
#2119 = DEFINITIONAL_REPRESENTATION('',(#2120),#2124);
#2120 = LINE('',#2121,#2122);
#2121 = CARTESIAN_POINT('',(7.5,0.));
#2122 = VECTOR('',#2123,1.);
#2123 = DIRECTION('',(0.,-1.));
#2124 = ( GEOMETRIC_REPRESENTATION_CONTEXT(2) 
PARAMETRIC_REPRESENTATION_CONTEXT() REPRESENTATION_CONTEXT('2D SPACE',''
  ) );
#2125 = ORIENTED_EDGE('',*,*,#489,.F.);
#2126 = ORIENTED_EDGE('',*,*,#2054,.T.);
#2127 = ORIENTED_EDGE('',*,*,#2128,.F.);
#2128 = EDGE_CURVE('',#2104,#2055,#2129,.T.);
#2129 = SURFACE_CURVE('',#2130,(#2134,#2141),.PCURVE_S1.);
#2130 = LINE('',#2131,#2132);
#2131 = CARTESIAN_POINT('',(20.6,-10.2,45.));
#2132 = VECTOR('',#2133,1.);
#2133 = DIRECTION('',(1.,0.,-0.));
#2134 = PCURVE('',#503,#2135);
#2135 = DEFINITIONAL_REPRESENTATION('',(#2136),#2140);
#2136 = LINE('',#2137,#2138);
#2137 = CARTESIAN_POINT('',(0.,9.8));
#2138 = VECTOR('',#2139,1.);
#2139 = DIRECTION('',(1.,0.));
#2140 = ( GEOMETRIC_REPRESENTATION_CONTEXT(2) 
PARAMETRIC_REPRESENTATION_CONTEXT() REPRESENTATION_CONTEXT('2D SPACE',''
  ) );
#2141 = PCURVE('',#1758,#2142);
#2142 = DEFINITIONAL_REPRESENTATION('',(#2143),#2147);
#2143 = LINE('',#2144,#2145);
#2144 = CARTESIAN_POINT('',(7.5,0.));
#2145 = VECTOR('',#2146,1.);
#2146 = DIRECTION('',(0.,1.));
#2147 = ( GEOMETRIC_REPRESENTATION_CONTEXT(2) 
PARAMETRIC_REPRESENTATION_CONTEXT() REPRESENTATION_CONTEXT('2D SPACE',''
  ) );
#2148 = ADVANCED_FACE('',(#2149),#472,.T.);
#2149 = FACE_BOUND('',#2150,.T.);
#2150 = EDGE_LOOP('',(#2151,#2152,#2153,#2154));
#2151 = ORIENTED_EDGE('',*,*,#2103,.F.);
#2152 = ORIENTED_EDGE('',*,*,#446,.F.);
#2153 = ORIENTED_EDGE('',*,*,#1722,.T.);
#2154 = ORIENTED_EDGE('',*,*,#2155,.T.);
#2155 = EDGE_CURVE('',#1723,#2104,#2156,.T.);
#2156 = SURFACE_CURVE('',#2157,(#2161,#2168),.PCURVE_S1.);
#2157 = LINE('',#2158,#2159);
#2158 = CARTESIAN_POINT('',(20.6,-10.2,37.5));
#2159 = VECTOR('',#2160,1.);
#2160 = DIRECTION('',(0.,0.,1.));
#2161 = PCURVE('',#472,#2162);
#2162 = DEFINITIONAL_REPRESENTATION('',(#2163),#2167);
#2163 = LINE('',#2164,#2165);
#2164 = CARTESIAN_POINT('',(0.,-9.8));
#2165 = VECTOR('',#2166,1.);
#2166 = DIRECTION('',(1.,0.));
#2167 = ( GEOMETRIC_REPRESENTATION_CONTEXT(2) 
PARAMETRIC_REPRESENTATION_CONTEXT() REPRESENTATION_CONTEXT('2D SPACE',''
  ) );
#2168 = PCURVE('',#1758,#2169);
#2169 = DEFINITIONAL_REPRESENTATION('',(#2170),#2174);
#2170 = LINE('',#2171,#2172);
#2171 = CARTESIAN_POINT('',(0.,0.));
#2172 = VECTOR('',#2173,1.);
#2173 = DIRECTION('',(1.,0.));
#2174 = ( GEOMETRIC_REPRESENTATION_CONTEXT(2) 
PARAMETRIC_REPRESENTATION_CONTEXT() REPRESENTATION_CONTEXT('2D SPACE',''
  ) );
#2175 = ADVANCED_FACE('',(#2176),#786,.T.);
#2176 = FACE_BOUND('',#2177,.T.);
#2177 = EDGE_LOOP('',(#2178,#2198,#2199,#2200));
#2178 = ORIENTED_EDGE('',*,*,#2179,.F.);
#2179 = EDGE_CURVE('',#2008,#1099,#2180,.T.);
#2180 = SURFACE_CURVE('',#2181,(#2184,#2191),.PCURVE_S1.);
#2181 = B_SPLINE_CURVE_WITH_KNOTS('',1,(#2182,#2183),.UNSPECIFIED.,.F.,
  .F.,(2,2),(0.,1.),.PIECEWISE_BEZIER_KNOTS.);
#2182 = CARTESIAN_POINT('',(11.05,-14.75,37.9));
#2183 = CARTESIAN_POINT('',(9.8,-13.3,54.1));
#2184 = PCURVE('',#786,#2185);
#2185 = DEFINITIONAL_REPRESENTATION('',(#2186),#2190);
#2186 = LINE('',#2187,#2188);
#2187 = CARTESIAN_POINT('',(3.14159265359,0.));
#2188 = VECTOR('',#2189,1.);
#2189 = DIRECTION('',(0.,1.));
#2190 = ( GEOMETRIC_REPRESENTATION_CONTEXT(2) 
PARAMETRIC_REPRESENTATION_CONTEXT() REPRESENTATION_CONTEXT('2D SPACE',''
  ) );
#2191 = PCURVE('',#1118,#2192);
#2192 = DEFINITIONAL_REPRESENTATION('',(#2193),#2197);
#2193 = LINE('',#2194,#2195);
#2194 = CARTESIAN_POINT('',(28.5,0.));
#2195 = VECTOR('',#2196,1.);
#2196 = DIRECTION('',(0.,1.));
#2197 = ( GEOMETRIC_REPRESENTATION_CONTEXT(2) 
PARAMETRIC_REPRESENTATION_CONTEXT() REPRESENTATION_CONTEXT('2D SPACE',''
  ) );
#2198 = ORIENTED_EDGE('',*,*,#2030,.T.);
#2199 = ORIENTED_EDGE('',*,*,#769,.T.);
#2200 = ORIENTED_EDGE('',*,*,#1132,.T.);
#2201 = ADVANCED_FACE('',(#2202),#1118,.T.);
#2202 = FACE_BOUND('',#2203,.T.);
#2203 = EDGE_LOOP('',(#2204,#2226,#2227,#2228,#2229,#2251,#2283,#2308,
    #2352,#2379));
#2204 = ORIENTED_EDGE('',*,*,#2205,.F.);
#2205 = EDGE_CURVE('',#1968,#2206,#2208,.T.);
#2206 = VERTEX_POINT('',#2207);
#2207 = CARTESIAN_POINT('',(9.981393678161,10.313577586207,
    51.749137931034));
#2208 = SURFACE_CURVE('',#2209,(#2212,#2219),.PCURVE_S1.);
#2209 = B_SPLINE_CURVE_WITH_KNOTS('',1,(#2210,#2211),.UNSPECIFIED.,.F.,
  .F.,(2,2),(0.,1.),.PIECEWISE_BEZIER_KNOTS.);
#2210 = CARTESIAN_POINT('',(11.05,12.75,37.9));
#2211 = CARTESIAN_POINT('',(9.8,9.9,54.1));
#2212 = PCURVE('',#1118,#2213);
#2213 = DEFINITIONAL_REPRESENTATION('',(#2214),#2218);
#2214 = LINE('',#2215,#2216);
#2215 = CARTESIAN_POINT('',(1.,0.));
#2216 = VECTOR('',#2217,1.);
#2217 = DIRECTION('',(0.,1.));
#2218 = ( GEOMETRIC_REPRESENTATION_CONTEXT(2) 
PARAMETRIC_REPRESENTATION_CONTEXT() REPRESENTATION_CONTEXT('2D SPACE',''
  ) );
#2219 = PCURVE('',#1984,#2220);
#2220 = DEFINITIONAL_REPRESENTATION('',(#2221),#2225);
#2221 = LINE('',#2222,#2223);
#2222 = CARTESIAN_POINT('',(3.14159265359,0.));
#2223 = VECTOR('',#2224,1.);
#2224 = DIRECTION('',(0.,1.));
#2225 = ( GEOMETRIC_REPRESENTATION_CONTEXT(2) 
PARAMETRIC_REPRESENTATION_CONTEXT() REPRESENTATION_CONTEXT('2D SPACE',''
  ) );
#2226 = ORIENTED_EDGE('',*,*,#2007,.T.);
#2227 = ORIENTED_EDGE('',*,*,#2179,.T.);
#2228 = ORIENTED_EDGE('',*,*,#1098,.T.);
#2229 = ORIENTED_EDGE('',*,*,#2230,.F.);
#2230 = EDGE_CURVE('',#2231,#1073,#2233,.T.);
#2231 = VERTEX_POINT('',#2232);
#2232 = CARTESIAN_POINT('',(9.8,-7.733125783613,54.1));
#2233 = SURFACE_CURVE('',#2234,(#2238,#2244),.PCURVE_S1.);
#2234 = LINE('',#2235,#2236);
#2235 = CARTESIAN_POINT('',(9.8,10.9,54.1));
#2236 = VECTOR('',#2237,1.);
#2237 = DIRECTION('',(0.,-1.,0.));
#2238 = PCURVE('',#1118,#2239);
#2239 = DEFINITIONAL_REPRESENTATION('',(#2240),#2243);
#2240 = B_SPLINE_CURVE_WITH_KNOTS('',1,(#2241,#2242),.UNSPECIFIED.,.F.,
  .F.,(2,2),(1.,24.2),.PIECEWISE_BEZIER_KNOTS.);
#2241 = CARTESIAN_POINT('',(1.,1.));
#2242 = CARTESIAN_POINT('',(28.5,1.));
#2243 = ( GEOMETRIC_REPRESENTATION_CONTEXT(2) 
PARAMETRIC_REPRESENTATION_CONTEXT() REPRESENTATION_CONTEXT('2D SPACE',''
  ) );
#2244 = PCURVE('',#1087,#2245);
#2245 = DEFINITIONAL_REPRESENTATION('',(#2246),#2250);
#2246 = LINE('',#2247,#2248);
#2247 = CARTESIAN_POINT('',(-22.,24.2));
#2248 = VECTOR('',#2249,1.);
#2249 = DIRECTION('',(0.,-1.));
#2250 = ( GEOMETRIC_REPRESENTATION_CONTEXT(2) 
PARAMETRIC_REPRESENTATION_CONTEXT() REPRESENTATION_CONTEXT('2D SPACE',''
  ) );
#2251 = ORIENTED_EDGE('',*,*,#2252,.T.);
#2252 = EDGE_CURVE('',#2231,#2253,#2255,.T.);
#2253 = VERTEX_POINT('',#2254);
#2254 = CARTESIAN_POINT('',(9.938888888889,-7.758940558144,52.3));
#2255 = SURFACE_CURVE('',#2256,(#2263,#2273),.PCURVE_S1.);
#2256 = B_SPLINE_CURVE_WITH_KNOTS('',5,(#2257,#2258,#2259,#2260,#2261,
    #2262),.UNSPECIFIED.,.F.,.F.,(6,6),(0.,1.),
  .PIECEWISE_BEZIER_KNOTS.);
#2257 = CARTESIAN_POINT('',(9.8,-7.733125783613,54.1));
#2258 = CARTESIAN_POINT('',(9.827759513312,-7.727962509954,
    53.740236707477));
#2259 = CARTESIAN_POINT('',(9.85554712191,-7.728022881423,
    53.380109300044));
#2260 = CARTESIAN_POINT('',(9.883342562633,-7.733298076897,
    53.019880388282));
#2261 = CARTESIAN_POINT('',(9.911128172095,-7.743670703146,
    52.659778889653));
#2262 = CARTESIAN_POINT('',(9.938888888889,-7.758940582692,52.3));
#2263 = PCURVE('',#1118,#2264);
#2264 = DEFINITIONAL_REPRESENTATION('',(#2265),#2272);
#2265 = B_SPLINE_CURVE_WITH_KNOTS('',5,(#2266,#2267,#2268,#2269,#2270,
    #2271),.UNSPECIFIED.,.F.,.F.,(6,6),(0.,1.),
  .PIECEWISE_BEZIER_KNOTS.);
#2266 = CARTESIAN_POINT('',(21.901334441783,1.));
#2267 = CARTESIAN_POINT('',(21.88420538618,0.97779238935));
#2268 = CARTESIAN_POINT('',(21.873433312033,0.955562302472));
#2269 = CARTESIAN_POINT('',(21.868885144721,0.933325949894));
#2270 = CARTESIAN_POINT('',(21.87030322226,0.911097462324));
#2271 = CARTESIAN_POINT('',(21.877347696933,0.888888888889));
#2272 = ( GEOMETRIC_REPRESENTATION_CONTEXT(2) 
PARAMETRIC_REPRESENTATION_CONTEXT() REPRESENTATION_CONTEXT('2D SPACE',''
  ) );
#2273 = PCURVE('',#1000,#2274);
#2274 = DEFINITIONAL_REPRESENTATION('',(#2275),#2282);
#2275 = B_SPLINE_CURVE_WITH_KNOTS('',5,(#2276,#2277,#2278,#2279,#2280,
    #2281),.UNSPECIFIED.,.F.,.F.,(6,6),(0.,1.),
  .PIECEWISE_BEZIER_KNOTS.);
#2276 = CARTESIAN_POINT('',(1.993346191092,0.180904522574));
#2277 = CARTESIAN_POINT('',(2.004132922482,0.14474740788));
#2278 = CARTESIAN_POINT('',(2.015243762181,0.10855369838));
#2279 = CARTESIAN_POINT('',(2.026656930798,7.234978784471E-02));
#2280 = CARTESIAN_POINT('',(2.03834296594,3.615868235387E-02));
#2281 = CARTESIAN_POINT('',(2.050268101,-2.14233993845E-15));
#2282 = ( GEOMETRIC_REPRESENTATION_CONTEXT(2) 
PARAMETRIC_REPRESENTATION_CONTEXT() REPRESENTATION_CONTEXT('2D SPACE',''
  ) );
#2283 = ORIENTED_EDGE('',*,*,#2284,.T.);
#2284 = EDGE_CURVE('',#2253,#2285,#2287,.T.);
#2285 = VERTEX_POINT('',#2286);
#2286 = CARTESIAN_POINT('',(9.938888888889,2.758940558144,52.3));
#2287 = SURFACE_CURVE('',#2288,(#2291,#2297),.PCURVE_S1.);
#2288 = B_SPLINE_CURVE_WITH_KNOTS('',1,(#2289,#2290),.UNSPECIFIED.,.F.,
  .F.,(2,2),(0.,1.),.PIECEWISE_BEZIER_KNOTS.);
#2289 = CARTESIAN_POINT('',(9.938888888889,-13.46111111111,52.3));
#2290 = CARTESIAN_POINT('',(9.938888888889,8.9,52.3));
#2291 = PCURVE('',#1118,#2292);
#2292 = DEFINITIONAL_REPRESENTATION('',(#2293),#2296);
#2293 = B_SPLINE_CURVE_WITH_KNOTS('',1,(#2294,#2295),.UNSPECIFIED.,.F.,
  .F.,(2,2),(0.,1.),.PIECEWISE_BEZIER_KNOTS.);
#2294 = CARTESIAN_POINT('',(28.5,0.888888888889));
#2295 = CARTESIAN_POINT('',(2.529211637729,0.888888888889));
#2296 = ( GEOMETRIC_REPRESENTATION_CONTEXT(2) 
PARAMETRIC_REPRESENTATION_CONTEXT() REPRESENTATION_CONTEXT('2D SPACE',''
  ) );
#2297 = PCURVE('',#2298,#2303);
#2298 = PLANE('',#2299);
#2299 = AXIS2_PLACEMENT_3D('',#2300,#2301,#2302);
#2300 = CARTESIAN_POINT('',(18.9,-2.5,52.3));
#2301 = DIRECTION('',(0.,-0.,1.));
#2302 = DIRECTION('',(1.110223024625E-16,1.,0.));
#2303 = DEFINITIONAL_REPRESENTATION('',(#2304),#2307);
#2304 = B_SPLINE_CURVE_WITH_KNOTS('',1,(#2305,#2306),.UNSPECIFIED.,.F.,
  .F.,(2,2),(0.,1.),.PIECEWISE_BEZIER_KNOTS.);
#2305 = CARTESIAN_POINT('',(-10.96111111111,8.961111111111));
#2306 = CARTESIAN_POINT('',(11.4,8.961111111111));
#2307 = ( GEOMETRIC_REPRESENTATION_CONTEXT(2) 
PARAMETRIC_REPRESENTATION_CONTEXT() REPRESENTATION_CONTEXT('2D SPACE',''
  ) );
#2308 = ORIENTED_EDGE('',*,*,#2309,.T.);
#2309 = EDGE_CURVE('',#2285,#2310,#2312,.T.);
#2310 = VERTEX_POINT('',#2311);
#2311 = CARTESIAN_POINT('',(9.8,2.849757041611,54.1));
#2312 = SURFACE_CURVE('',#2313,(#2324,#2338),.PCURVE_S1.);
#2313 = B_SPLINE_CURVE_WITH_KNOTS('',5,(#2314,#2315,#2316,#2317,#2318,
    #2319,#2320,#2321,#2322,#2323),.UNSPECIFIED.,.F.,.F.,(6,4,6),(0.,
    5.116036417102E-02,1.),.UNSPECIFIED.);
#2314 = CARTESIAN_POINT('',(9.938888888889,2.758940590819,52.3));
#2315 = CARTESIAN_POINT('',(9.937456468816,2.759236506699,
    52.318564164142));
#2316 = CARTESIAN_POINT('',(9.936024267765,2.759549008714,52.33712548977
    ));
#2317 = CARTESIAN_POINT('',(9.934592289538,2.759878087633,
    52.355683927585));
#2318 = CARTESIAN_POINT('',(9.933160537929,2.760223733138,
    52.374239428444));
#2319 = CARTESIAN_POINT('',(9.905179478124,2.767303486025,
    52.736873963519));
#2320 = CARTESIAN_POINT('',(9.878708764632,2.779715339195,
    53.079934410369));
#2321 = CARTESIAN_POINT('',(9.852342232172,2.797749935122,
    53.421644671045));
#2322 = CARTESIAN_POINT('',(9.826100533091,2.821200933224,
    53.761737091141));
#2323 = CARTESIAN_POINT('',(9.8,2.849757041611,54.1));
#2324 = PCURVE('',#1118,#2325);
#2325 = DEFINITIONAL_REPRESENTATION('',(#2326),#2337);
#2326 = B_SPLINE_CURVE_WITH_KNOTS('',5,(#2327,#2328,#2329,#2330,#2331,
    #2332,#2333,#2334,#2335,#2336),.UNSPECIFIED.,.F.,.F.,(6,4,6),(0.,
    5.116036417102E-02,1.),.UNSPECIFIED.);
#2327 = CARTESIAN_POINT('',(9.661601143934,0.888888888889));
#2328 = CARTESIAN_POINT('',(9.659266880593,0.890034824947));
#2329 = CARTESIAN_POINT('',(9.656912443596,0.891180585788));
#2330 = CARTESIAN_POINT('',(9.654537828327,0.892326168369));
#2331 = CARTESIAN_POINT('',(9.652143031439,0.893471569657));
#2332 = CARTESIAN_POINT('',(9.604938848184,0.915856417501));
#2333 = CARTESIAN_POINT('',(9.553206712204,0.937032988294));
#2334 = CARTESIAN_POINT('',(9.494518552645,0.958126214262));
#2335 = CARTESIAN_POINT('',(9.429014664868,0.979119573527));
#2336 = CARTESIAN_POINT('',(9.356969023952,1.));
#2337 = ( GEOMETRIC_REPRESENTATION_CONTEXT(2) 
PARAMETRIC_REPRESENTATION_CONTEXT() REPRESENTATION_CONTEXT('2D SPACE',''
  ) );
#2338 = PCURVE('',#1000,#2339);
#2339 = DEFINITIONAL_REPRESENTATION('',(#2340),#2351);
#2340 = B_SPLINE_CURVE_WITH_KNOTS('',5,(#2341,#2342,#2343,#2344,#2345,
    #2346,#2347,#2348,#2349,#2350),.UNSPECIFIED.,.F.,.F.,(6,4,6),(0.,
    5.116036417102E-02,1.),.UNSPECIFIED.);
#2341 = CARTESIAN_POINT('',(1.091324551969,2.856453283283E-15));
#2342 = CARTESIAN_POINT('',(1.090459047389,1.865745139953E-03));
#2343 = CARTESIAN_POINT('',(1.089591529394,3.731205002034E-03));
#2344 = CARTESIAN_POINT('',(1.088721998399,5.596374631664E-03));
#2345 = CARTESIAN_POINT('',(1.087850454923,7.461249089853E-03));
#2346 = CARTESIAN_POINT('',(1.070775605051,4.390693098517E-02));
#2347 = CARTESIAN_POINT('',(1.053882062721,7.838536794897E-02));
#2348 = CARTESIAN_POINT('',(1.036300844711,0.112728107533));
#2349 = CARTESIAN_POINT('',(1.018047617054,0.146908250453));
#2350 = CARTESIAN_POINT('',(0.999148024143,0.180904522577));
#2351 = ( GEOMETRIC_REPRESENTATION_CONTEXT(2) 
PARAMETRIC_REPRESENTATION_CONTEXT() REPRESENTATION_CONTEXT('2D SPACE',''
  ) );
#2352 = ORIENTED_EDGE('',*,*,#2353,.F.);
#2353 = EDGE_CURVE('',#2354,#2310,#2356,.T.);
#2354 = VERTEX_POINT('',#2355);
#2355 = CARTESIAN_POINT('',(9.8,7.375,54.1));
#2356 = SURFACE_CURVE('',#2357,(#2361,#2367),.PCURVE_S1.);
#2357 = LINE('',#2358,#2359);
#2358 = CARTESIAN_POINT('',(9.8,10.9,54.1));
#2359 = VECTOR('',#2360,1.);
#2360 = DIRECTION('',(0.,-1.,0.));
#2361 = PCURVE('',#1118,#2362);
#2362 = DEFINITIONAL_REPRESENTATION('',(#2363),#2366);
#2363 = B_SPLINE_CURVE_WITH_KNOTS('',1,(#2364,#2365),.UNSPECIFIED.,.F.,
  .F.,(2,2),(1.,24.2),.PIECEWISE_BEZIER_KNOTS.);
#2364 = CARTESIAN_POINT('',(1.,1.));
#2365 = CARTESIAN_POINT('',(28.5,1.));
#2366 = ( GEOMETRIC_REPRESENTATION_CONTEXT(2) 
PARAMETRIC_REPRESENTATION_CONTEXT() REPRESENTATION_CONTEXT('2D SPACE',''
  ) );
#2367 = PCURVE('',#2368,#2373);
#2368 = PLANE('',#2369);
#2369 = AXIS2_PLACEMENT_3D('',#2370,#2371,#2372);
#2370 = CARTESIAN_POINT('',(31.8,-13.3,54.1));
#2371 = DIRECTION('',(0.,-0.,1.));
#2372 = DIRECTION('',(1.,0.,0.));
#2373 = DEFINITIONAL_REPRESENTATION('',(#2374),#2378);
#2374 = LINE('',#2375,#2376);
#2375 = CARTESIAN_POINT('',(-22.,24.2));
#2376 = VECTOR('',#2377,1.);
#2377 = DIRECTION('',(0.,-1.));
#2378 = ( GEOMETRIC_REPRESENTATION_CONTEXT(2) 
PARAMETRIC_REPRESENTATION_CONTEXT() REPRESENTATION_CONTEXT('2D SPACE',''
  ) );
#2379 = ORIENTED_EDGE('',*,*,#2380,.T.);
#2380 = EDGE_CURVE('',#2354,#2206,#2381,.T.);
#2381 = SURFACE_CURVE('',#2382,(#2388,#2397),.PCURVE_S1.);
#2382 = B_SPLINE_CURVE_WITH_KNOTS('',4,(#2383,#2384,#2385,#2386,#2387),
  .UNSPECIFIED.,.F.,.F.,(5,5),(0.,1.),.PIECEWISE_BEZIER_KNOTS.);
#2383 = CARTESIAN_POINT('',(9.8,7.375,54.1));
#2384 = CARTESIAN_POINT('',(9.844879262473,8.102044052068,
    53.518364758346));
#2385 = CARTESIAN_POINT('',(9.890076465563,8.834238742119,
    52.932609006305));
#2386 = CARTESIAN_POINT('',(9.935583951613,9.571460016127,
    52.342831987098));
#2387 = CARTESIAN_POINT('',(9.981393678161,10.313577586207,
    51.749137931034));
#2388 = PCURVE('',#1118,#2389);
#2389 = DEFINITIONAL_REPRESENTATION('',(#2390),#2396);
#2390 = B_SPLINE_CURVE_WITH_KNOTS('',4,(#2391,#2392,#2393,#2394,#2395),
  .UNSPECIFIED.,.F.,.F.,(5,5),(0.,1.),.PIECEWISE_BEZIER_KNOTS.);
#2391 = CARTESIAN_POINT('',(3.992995689655,1.));
#2392 = CARTESIAN_POINT('',(3.232570935111,0.964096590021));
#2393 = CARTESIAN_POINT('',(2.48025312772,0.92793882755));
#2394 = CARTESIAN_POINT('',(1.736063110849,0.89153283871));
#2395 = CARTESIAN_POINT('',(1.,0.854885057471));
#2396 = ( GEOMETRIC_REPRESENTATION_CONTEXT(2) 
PARAMETRIC_REPRESENTATION_CONTEXT() REPRESENTATION_CONTEXT('2D SPACE',''
  ) );
#2397 = PCURVE('',#1484,#2398);
#2398 = DEFINITIONAL_REPRESENTATION('',(#2399),#2405);
#2399 = B_SPLINE_CURVE_WITH_KNOTS('',4,(#2400,#2401,#2402,#2403,#2404),
  .UNSPECIFIED.,.F.,.F.,(5,5),(0.,1.),.PIECEWISE_BEZIER_KNOTS.);
#2400 = CARTESIAN_POINT('',(86.282099099408,-9.8));
#2401 = CARTESIAN_POINT('',(87.213169777703,-9.844879262473));
#2402 = CARTESIAN_POINT('',(88.15083649098,-9.890076465563));
#2403 = CARTESIAN_POINT('',(89.094940372571,-9.935583951613));
#2404 = CARTESIAN_POINT('',(90.045314572571,-9.981393678161));
#2405 = ( GEOMETRIC_REPRESENTATION_CONTEXT(2) 
PARAMETRIC_REPRESENTATION_CONTEXT() REPRESENTATION_CONTEXT('2D SPACE',''
  ) );
#2406 = ADVANCED_FACE('',(#2407),#1087,.T.);
#2407 = FACE_BOUND('',#2408,.T.);
#2408 = EDGE_LOOP('',(#2409,#2442,#2443));
#2409 = ORIENTED_EDGE('',*,*,#2410,.T.);
#2410 = EDGE_CURVE('',#917,#2231,#2411,.T.);
#2411 = SURFACE_CURVE('',#2412,(#2420,#2431),.PCURVE_S1.);
#2412 = B_SPLINE_CURVE_WITH_KNOTS('',6,(#2413,#2414,#2415,#2416,#2417,
    #2418,#2419),.UNSPECIFIED.,.F.,.F.,(7,7),(0.,1.),
  .PIECEWISE_BEZIER_KNOTS.);
#2413 = CARTESIAN_POINT('',(12.252047650727,-11.14285714285,54.1));
#2414 = CARTESIAN_POINT('',(11.739433280005,-10.66035195598,54.1));
#2415 = CARTESIAN_POINT('',(11.265816127971,-10.13644135121,54.1));
#2416 = CARTESIAN_POINT('',(10.833696391375,-9.576637512707,54.1));
#2417 = CARTESIAN_POINT('',(10.444716632752,-8.986271810126,54.1));
#2418 = CARTESIAN_POINT('',(10.0999214653,-8.370297084674,54.1));
#2419 = CARTESIAN_POINT('',(9.8,-7.733125783613,54.1));
#2420 = PCURVE('',#1087,#2421);
#2421 = DEFINITIONAL_REPRESENTATION('',(#2422),#2430);
#2422 = B_SPLINE_CURVE_WITH_KNOTS('',6,(#2423,#2424,#2425,#2426,#2427,
    #2428,#2429),.UNSPECIFIED.,.F.,.F.,(7,7),(0.,1.),
  .PIECEWISE_BEZIER_KNOTS.);
#2423 = CARTESIAN_POINT('',(-19.54795234927,2.157142857143));
#2424 = CARTESIAN_POINT('',(-20.06056671999,2.639648044015));
#2425 = CARTESIAN_POINT('',(-20.53418387202,3.163558648781));
#2426 = CARTESIAN_POINT('',(-20.96630360862,3.723362487293));
#2427 = CARTESIAN_POINT('',(-21.35528336724,4.313728189874));
#2428 = CARTESIAN_POINT('',(-21.7000785347,4.929702915326));
#2429 = CARTESIAN_POINT('',(-22.,5.566874216387));
#2430 = ( GEOMETRIC_REPRESENTATION_CONTEXT(2) 
PARAMETRIC_REPRESENTATION_CONTEXT() REPRESENTATION_CONTEXT('2D SPACE',''
  ) );
#2431 = PCURVE('',#1000,#2432);
#2432 = DEFINITIONAL_REPRESENTATION('',(#2433),#2441);
#2433 = B_SPLINE_CURVE_WITH_KNOTS('',6,(#2434,#2435,#2436,#2437,#2438,
    #2439,#2440),.UNSPECIFIED.,.F.,.F.,(7,7),(0.,1.),
  .PIECEWISE_BEZIER_KNOTS.);
#2434 = CARTESIAN_POINT('',(2.389219487607,0.180904522613));
#2435 = CARTESIAN_POINT('',(2.321621305215,0.180904522613));
#2436 = CARTESIAN_POINT('',(2.254751097707,0.180904522613));
#2437 = CARTESIAN_POINT('',(2.188561108157,0.180904522613));
#2438 = CARTESIAN_POINT('',(2.12298573379,0.180904522613));
#2439 = CARTESIAN_POINT('',(2.057948538198,0.180904522613));
#2440 = CARTESIAN_POINT('',(1.99334619108,0.180904522613));
#2441 = ( GEOMETRIC_REPRESENTATION_CONTEXT(2) 
PARAMETRIC_REPRESENTATION_CONTEXT() REPRESENTATION_CONTEXT('2D SPACE',''
  ) );
#2442 = ORIENTED_EDGE('',*,*,#2230,.T.);
#2443 = ORIENTED_EDGE('',*,*,#1072,.T.);
#2444 = ADVANCED_FACE('',(#2445),#1000,.T.);
#2445 = FACE_BOUND('',#2446,.T.);
#2446 = EDGE_LOOP('',(#2447,#2448,#2470,#2471,#2472,#2473,#2503,#2504,
    #2542,#2622,#2644,#2671,#2672,#2722));
#2447 = ORIENTED_EDGE('',*,*,#2309,.F.);
#2448 = ORIENTED_EDGE('',*,*,#2449,.T.);
#2449 = EDGE_CURVE('',#2285,#2253,#2450,.T.);
#2450 = SURFACE_CURVE('',#2451,(#2456,#2463),.PCURVE_S1.);
#2451 = ELLIPSE('',#2452,11.4,10.1);
#2452 = AXIS2_PLACEMENT_3D('',#2453,#2454,#2455);
#2453 = CARTESIAN_POINT('',(18.9,-2.5,52.3));
#2454 = DIRECTION('',(0.,-0.,1.));
#2455 = DIRECTION('',(1.110223024625E-16,1.,0.));
#2456 = PCURVE('',#1000,#2457);
#2457 = DEFINITIONAL_REPRESENTATION('',(#2458),#2462);
#2458 = LINE('',#2459,#2460);
#2459 = CARTESIAN_POINT('',(0.,0.));
#2460 = VECTOR('',#2461,1.);
#2461 = DIRECTION('',(1.,0.));
#2462 = ( GEOMETRIC_REPRESENTATION_CONTEXT(2) 
PARAMETRIC_REPRESENTATION_CONTEXT() REPRESENTATION_CONTEXT('2D SPACE',''
  ) );
#2463 = PCURVE('',#2298,#2464);
#2464 = DEFINITIONAL_REPRESENTATION('',(#2465),#2469);
#2465 = ELLIPSE('',#2466,11.4,10.1);
#2466 = AXIS2_PLACEMENT_2D('',#2467,#2468);
#2467 = CARTESIAN_POINT('',(0.,0.));
#2468 = DIRECTION('',(1.,0.));
#2469 = ( GEOMETRIC_REPRESENTATION_CONTEXT(2) 
PARAMETRIC_REPRESENTATION_CONTEXT() REPRESENTATION_CONTEXT('2D SPACE',''
  ) );
#2470 = ORIENTED_EDGE('',*,*,#2252,.F.);
#2471 = ORIENTED_EDGE('',*,*,#2410,.F.);
#2472 = ORIENTED_EDGE('',*,*,#916,.F.);
#2473 = ORIENTED_EDGE('',*,*,#2474,.F.);
#2474 = EDGE_CURVE('',#1522,#891,#2475,.T.);
#2475 = SURFACE_CURVE('',#2476,(#2483,#2493),.PCURVE_S1.);
#2476 = B_SPLINE_CURVE_WITH_KNOTS('',5,(#2477,#2478,#2479,#2480,#2481,
    #2482),.UNSPECIFIED.,.F.,.F.,(6,6),(0.,1.),
  .PIECEWISE_BEZIER_KNOTS.);
#2477 = CARTESIAN_POINT('',(26.,-9.698225375687,54.1));
#2478 = CARTESIAN_POINT('',(25.781401731692,-10.00883301842,54.1));
#2479 = CARTESIAN_POINT('',(25.548965366211,-10.30967734308,54.1));
#2480 = CARTESIAN_POINT('',(25.302945647382,-10.59970607466,54.1));
#2481 = CARTESIAN_POINT('',(25.043706949367,-10.87780785223,54.1));
#2482 = CARTESIAN_POINT('',(24.771775100567,-11.14285714285,54.1));
#2483 = PCURVE('',#1000,#2484);
#2484 = DEFINITIONAL_REPRESENTATION('',(#2485),#2492);
#2485 = B_SPLINE_CURVE_WITH_KNOTS('',5,(#2486,#2487,#2488,#2489,#2490,
    #2491),.UNSPECIFIED.,.F.,.F.,(6,6),(0.,1.),
  .PIECEWISE_BEZIER_KNOTS.);
#2486 = CARTESIAN_POINT('',(3.969847188177,0.180904522613));
#2487 = CARTESIAN_POINT('',(3.933596571925,0.180904522613));
#2488 = CARTESIAN_POINT('',(3.897133092528,0.180904522613));
#2489 = CARTESIAN_POINT('',(3.860448663842,0.180904522613));
#2490 = CARTESIAN_POINT('',(3.823539231518,0.180904522613));
#2491 = CARTESIAN_POINT('',(3.78640626224,0.180904522613));
#2492 = ( GEOMETRIC_REPRESENTATION_CONTEXT(2) 
PARAMETRIC_REPRESENTATION_CONTEXT() REPRESENTATION_CONTEXT('2D SPACE',''
  ) );
#2493 = PCURVE('',#905,#2494);
#2494 = DEFINITIONAL_REPRESENTATION('',(#2495),#2502);
#2495 = B_SPLINE_CURVE_WITH_KNOTS('',5,(#2496,#2497,#2498,#2499,#2500,
    #2501),.UNSPECIFIED.,.F.,.F.,(6,6),(0.,1.),
  .PIECEWISE_BEZIER_KNOTS.);
#2496 = CARTESIAN_POINT('',(-5.8,3.601774624313));
#2497 = CARTESIAN_POINT('',(-6.018598268308,3.291166981576));
#2498 = CARTESIAN_POINT('',(-6.251034633789,2.990322656918));
#2499 = CARTESIAN_POINT('',(-6.497054352618,2.700293925334));
#2500 = CARTESIAN_POINT('',(-6.756293050633,2.422192147764));
#2501 = CARTESIAN_POINT('',(-7.028224899433,2.157142857143));
#2502 = ( GEOMETRIC_REPRESENTATION_CONTEXT(2) 
PARAMETRIC_REPRESENTATION_CONTEXT() REPRESENTATION_CONTEXT('2D SPACE',''
  ) );
#2503 = ORIENTED_EDGE('',*,*,#1521,.F.);
#2504 = ORIENTED_EDGE('',*,*,#2505,.F.);
#2505 = EDGE_CURVE('',#2506,#1496,#2508,.T.);
#2506 = VERTEX_POINT('',#2507);
#2507 = CARTESIAN_POINT('',(22.361126201519,7.375,54.1));
#2508 = SURFACE_CURVE('',#2509,(#2518,#2530),.PCURVE_S1.);
#2509 = B_SPLINE_CURVE_WITH_KNOTS('',7,(#2510,#2511,#2512,#2513,#2514,
    #2515,#2516,#2517),.UNSPECIFIED.,.F.,.F.,(8,8),(0.,1.),
  .PIECEWISE_BEZIER_KNOTS.);
#2510 = CARTESIAN_POINT('',(22.361126201519,7.375,54.1));
#2511 = CARTESIAN_POINT('',(22.987296834388,7.038146791944,54.1));
#2512 = CARTESIAN_POINT('',(23.583914109651,6.646475913053,54.1));
#2513 = CARTESIAN_POINT('',(24.14637151301,6.205026299508,54.1));
#2514 = CARTESIAN_POINT('',(24.671321825068,5.719214200726,54.1));
#2515 = CARTESIAN_POINT('',(25.156299567216,5.194386069916,54.1));
#2516 = CARTESIAN_POINT('',(25.599586771753,4.635675207277,54.1));
#2517 = CARTESIAN_POINT('',(26.,4.04776546436,54.1));
#2518 = PCURVE('',#1000,#2519);
#2519 = DEFINITIONAL_REPRESENTATION('',(#2520),#2529);
#2520 = B_SPLINE_CURVE_WITH_KNOTS('',7,(#2521,#2522,#2523,#2524,#2525,
    #2526,#2527,#2528),.UNSPECIFIED.,.F.,.F.,(8,8),(0.,1.),
  .PIECEWISE_BEZIER_KNOTS.);
#2521 = CARTESIAN_POINT('',(5.784769676528,0.180904522613));
#2522 = CARTESIAN_POINT('',(5.714206005487,0.180904522613));
#2523 = CARTESIAN_POINT('',(5.644351568387,0.180904522613));
#2524 = CARTESIAN_POINT('',(5.575246333283,0.180904522613));
#2525 = CARTESIAN_POINT('',(5.506880283817,0.180904522613));
#2526 = CARTESIAN_POINT('',(5.439225271736,0.180904522613));
#2527 = CARTESIAN_POINT('',(5.372233714743,0.180904522613));
#2528 = CARTESIAN_POINT('',(5.305832336458,0.180904522613));
#2529 = ( GEOMETRIC_REPRESENTATION_CONTEXT(2) 
PARAMETRIC_REPRESENTATION_CONTEXT() REPRESENTATION_CONTEXT('2D SPACE',''
  ) );
#2530 = PCURVE('',#1510,#2531);
#2531 = DEFINITIONAL_REPRESENTATION('',(#2532),#2541);
#2532 = B_SPLINE_CURVE_WITH_KNOTS('',7,(#2533,#2534,#2535,#2536,#2537,
    #2538,#2539,#2540),.UNSPECIFIED.,.F.,.F.,(8,8),(0.,1.),
  .PIECEWISE_BEZIER_KNOTS.);
#2533 = CARTESIAN_POINT('',(-9.438873798481,20.675));
#2534 = CARTESIAN_POINT('',(-8.812703165612,20.338146791944));
#2535 = CARTESIAN_POINT('',(-8.216085890349,19.946475913053));
#2536 = CARTESIAN_POINT('',(-7.65362848699,19.505026299508));
#2537 = CARTESIAN_POINT('',(-7.128678174932,19.019214200726));
#2538 = CARTESIAN_POINT('',(-6.643700432784,18.494386069916));
#2539 = CARTESIAN_POINT('',(-6.200413228247,17.935675207277));
#2540 = CARTESIAN_POINT('',(-5.8,17.34776546436));
#2541 = ( GEOMETRIC_REPRESENTATION_CONTEXT(2) 
PARAMETRIC_REPRESENTATION_CONTEXT() REPRESENTATION_CONTEXT('2D SPACE',''
  ) );
#2542 = ORIENTED_EDGE('',*,*,#2543,.F.);
#2543 = EDGE_CURVE('',#2544,#2506,#2546,.T.);
#2544 = VERTEX_POINT('',#2545);
#2545 = CARTESIAN_POINT('',(18.385872770858,8.71270937607,
    53.029832499144));
#2546 = SURFACE_CURVE('',#2547,(#2570,#2596),.PCURVE_S1.);
#2547 = B_SPLINE_CURVE_WITH_KNOTS('',6,(#2548,#2549,#2550,#2551,#2552,
    #2553,#2554,#2555,#2556,#2557,#2558,#2559,#2560,#2561,#2562,#2563,
    #2564,#2565,#2566,#2567,#2568,#2569),.UNSPECIFIED.,.F.,.F.,(7,5,5,5,
    7),(0.,0.166450629044,0.472268305846,0.818869757891,1.),
  .UNSPECIFIED.);
#2548 = CARTESIAN_POINT('',(18.385872770858,8.71270937607,
    53.029832499144));
#2549 = CARTESIAN_POINT('',(18.51029779636,8.716454409362,53.02683647251
    ));
#2550 = CARTESIAN_POINT('',(18.634835014785,8.717631569584,
    53.025894744333));
#2551 = CARTESIAN_POINT('',(18.759378638156,8.71616828164,
    53.027065374688));
#2552 = CARTESIAN_POINT('',(18.883811237974,8.711996818091,
    53.030402545527));
#2553 = CARTESIAN_POINT('',(19.0080039645,8.70505801254,53.035953589968)
  );
#2554 = CARTESIAN_POINT('',(19.359296491096,8.677385834443,
    53.058091332446));
#2555 = CARTESIAN_POINT('',(19.58552754044,8.64996388649,53.080028890808
    ));
#2556 = CARTESIAN_POINT('',(19.809586275985,8.612749852729,
    53.109800117817));
#2557 = CARTESIAN_POINT('',(20.030523733005,8.565598962933,
    53.147520829654));
#2558 = CARTESIAN_POINT('',(20.24738473798,8.508564672582,
    53.193148261934));
#2559 = CARTESIAN_POINT('',(20.699320553899,8.36645669238,
    53.306834646096));
#2560 = CARTESIAN_POINT('',(20.933044662747,8.278634280797,
    53.377092575362));
#2561 = CARTESIAN_POINT('',(21.158991233693,8.178927411289,
    53.456858070968));
#2562 = CARTESIAN_POINT('',(21.376157121025,8.068094390263,
    53.545524487789));
#2563 = CARTESIAN_POINT('',(21.583861283833,7.947100568065,
    53.642319545548));
#2564 = CARTESIAN_POINT('',(21.885072351936,7.749084114552,
    53.800732708358));
#2565 = CARTESIAN_POINT('',(21.985770637877,7.678637907036,
    53.857089674371));
#2566 = CARTESIAN_POINT('',(22.083735956456,7.605857945939,
    53.915313643248));
#2567 = CARTESIAN_POINT('',(22.178947036758,7.530894318824,
    53.975284544941));
#2568 = CARTESIAN_POINT('',(22.27140458848,7.453894652962,54.03688427763
    ));
#2569 = CARTESIAN_POINT('',(22.361126201519,7.375,54.1));
#2570 = PCURVE('',#1000,#2571);
#2571 = DEFINITIONAL_REPRESENTATION('',(#2572),#2595);
#2572 = B_SPLINE_CURVE_WITH_KNOTS('',6,(#2573,#2574,#2575,#2576,#2577,
    #2578,#2579,#2580,#2581,#2582,#2583,#2584,#2585,#2586,#2587,#2588,
    #2589,#2590,#2591,#2592,#2593,#2594),.UNSPECIFIED.,.F.,.F.,(7,5,5,5,
    7),(0.,0.166450629044,0.472268305846,0.818869757891,1.),
  .UNSPECIFIED.);
#2573 = CARTESIAN_POINT('',(6.28318530718,7.3349999914E-02));
#2574 = CARTESIAN_POINT('',(6.270881499996,7.304889170963E-02));
#2575 = CARTESIAN_POINT('',(6.258428144228,7.295424566166E-02));
#2576 = CARTESIAN_POINT('',(6.245826122297,7.307189695363E-02));
#2577 = CARTESIAN_POINT('',(6.233077322857,7.340729100786E-02));
#2578 = CARTESIAN_POINT('',(6.220184923514,7.396518492157E-02));
#2579 = CARTESIAN_POINT('',(6.183211519594,7.619008366305E-02));
#2580 = CARTESIAN_POINT('',(6.158797040381,7.839486339791E-02));
#2581 = CARTESIAN_POINT('',(6.133945557984,8.138694651444E-02));
#2582 = CARTESIAN_POINT('',(6.108699950425,8.517797282967E-02));
#2583 = CARTESIAN_POINT('',(6.083116390332,8.976364441561E-02));
#2584 = CARTESIAN_POINT('',(6.027976919327,0.101189411668));
#2585 = CARTESIAN_POINT('',(5.998336933409,0.108250510087));
#2586 = CARTESIAN_POINT('',(5.968463202699,0.116267142811));
#2587 = CARTESIAN_POINT('',(5.938455813145,0.125178340481));
#2588 = CARTESIAN_POINT('',(5.908409959217,0.13490648699));
#2589 = CARTESIAN_POINT('',(5.862744076541,0.150827407875));
#2590 = CARTESIAN_POINT('',(5.847083184195,0.15649142456));
#2591 = CARTESIAN_POINT('',(5.831446363751,0.162343079723));
#2592 = CARTESIAN_POINT('',(5.815843303514,0.168370306024));
#2593 = CARTESIAN_POINT('',(5.800282161077,0.174561233933));
#2594 = CARTESIAN_POINT('',(5.784769676528,0.180904522613));
#2595 = ( GEOMETRIC_REPRESENTATION_CONTEXT(2) 
PARAMETRIC_REPRESENTATION_CONTEXT() REPRESENTATION_CONTEXT('2D SPACE',''
  ) );
#2596 = PCURVE('',#1484,#2597);
#2597 = DEFINITIONAL_REPRESENTATION('',(#2598),#2621);
#2598 = B_SPLINE_CURVE_WITH_KNOTS('',6,(#2599,#2600,#2601,#2602,#2603,
    #2604,#2605,#2606,#2607,#2608,#2609,#2610,#2611,#2612,#2613,#2614,
    #2615,#2616,#2617,#2618,#2619,#2620),.UNSPECIFIED.,.F.,.F.,(7,5,5,5,
    7),(0.,0.166450629044,0.472268305846,0.818869757891,1.),
  .UNSPECIFIED.);
#2599 = CARTESIAN_POINT('',(87.995202965118,-18.38587277085));
#2600 = CARTESIAN_POINT('',(87.999998947807,-18.51029779636));
#2601 = CARTESIAN_POINT('',(88.001506448437,-18.63483501478));
#2602 = CARTESIAN_POINT('',(87.999632525537,-18.75937863815));
#2603 = CARTESIAN_POINT('',(87.994290445666,-18.88381123797));
#2604 = CARTESIAN_POINT('',(87.985404438864,-19.0080039645));
#2605 = CARTESIAN_POINT('',(87.94996676001,-19.35929649109));
#2606 = CARTESIAN_POINT('',(87.914849532095,-19.58552754044));
#2607 = CARTESIAN_POINT('',(87.867192315785,-19.80958627598));
#2608 = CARTESIAN_POINT('',(87.806809714731,-20.030523733));
#2609 = CARTESIAN_POINT('',(87.73377018535,-20.24738473798));
#2610 = CARTESIAN_POINT('',(87.551783174877,-20.69932055389));
#2611 = CARTESIAN_POINT('',(87.439315612437,-20.93304466274));
#2612 = CARTESIAN_POINT('',(87.31162851788,-21.15899123369));
#2613 = CARTESIAN_POINT('',(87.169692997232,-21.37615712102));
#2614 = CARTESIAN_POINT('',(87.014745302133,-21.58386128383));
#2615 = CARTESIAN_POINT('',(86.761160511553,-21.88507235193));
#2616 = CARTESIAN_POINT('',(86.670945347797,-21.98577063787));
#2617 = CARTESIAN_POINT('',(86.577741521217,-22.08373595645));
#2618 = CARTESIAN_POINT('',(86.481741237675,-22.17894703675));
#2619 = CARTESIAN_POINT('',(86.383133552325,-22.27140458848));
#2620 = CARTESIAN_POINT('',(86.282099099408,-22.36112620151));
#2621 = ( GEOMETRIC_REPRESENTATION_CONTEXT(2) 
PARAMETRIC_REPRESENTATION_CONTEXT() REPRESENTATION_CONTEXT('2D SPACE',''
  ) );
#2622 = ORIENTED_EDGE('',*,*,#2623,.T.);
#2623 = EDGE_CURVE('',#2544,#2624,#2626,.T.);
#2624 = VERTEX_POINT('',#2625);
#2625 = CARTESIAN_POINT('',(11.890767147305,6.346617257668,62.25));
#2626 = SEAM_CURVE('',#2627,(#2630,#2637),.PCURVE_S1.);
#2627 = B_SPLINE_CURVE_WITH_KNOTS('',1,(#2628,#2629),.UNSPECIFIED.,.F.,
  .F.,(2,2),(0.,1.),.PIECEWISE_BEZIER_KNOTS.);
#2628 = CARTESIAN_POINT('',(18.9,8.9,52.3));
#2629 = CARTESIAN_POINT('',(11.890767147305,6.346617257668,62.25));
#2630 = PCURVE('',#1000,#2631);
#2631 = DEFINITIONAL_REPRESENTATION('',(#2632),#2636);
#2632 = LINE('',#2633,#2634);
#2633 = CARTESIAN_POINT('',(0.,0.));
#2634 = VECTOR('',#2635,1.);
#2635 = DIRECTION('',(0.,1.));
#2636 = ( GEOMETRIC_REPRESENTATION_CONTEXT(2) 
PARAMETRIC_REPRESENTATION_CONTEXT() REPRESENTATION_CONTEXT('2D SPACE',''
  ) );
#2637 = PCURVE('',#1000,#2638);
#2638 = DEFINITIONAL_REPRESENTATION('',(#2639),#2643);
#2639 = LINE('',#2640,#2641);
#2640 = CARTESIAN_POINT('',(6.28318530718,0.));
#2641 = VECTOR('',#2642,1.);
#2642 = DIRECTION('',(0.,1.));
#2643 = ( GEOMETRIC_REPRESENTATION_CONTEXT(2) 
PARAMETRIC_REPRESENTATION_CONTEXT() REPRESENTATION_CONTEXT('2D SPACE',''
  ) );
#2644 = ORIENTED_EDGE('',*,*,#2645,.F.);
#2645 = EDGE_CURVE('',#2624,#2624,#2646,.T.);
#2646 = SURFACE_CURVE('',#2647,(#2652,#2659),.PCURVE_S1.);
#2647 = ELLIPSE('',#2648,10.44390036999,8.592905271305);
#2648 = AXIS2_PLACEMENT_3D('',#2649,#2650,#2651);
#2649 = CARTESIAN_POINT('',(15.898913213,-3.297542635985,62.25));
#2650 = DIRECTION('',(0.,0.,1.));
#2651 = DIRECTION('',(-0.383778657752,0.923425114372,0.));
#2652 = PCURVE('',#1000,#2653);
#2653 = DEFINITIONAL_REPRESENTATION('',(#2654),#2658);
#2654 = LINE('',#2655,#2656);
#2655 = CARTESIAN_POINT('',(0.,1.));
#2656 = VECTOR('',#2657,1.);
#2657 = DIRECTION('',(1.,0.));
#2658 = ( GEOMETRIC_REPRESENTATION_CONTEXT(2) 
PARAMETRIC_REPRESENTATION_CONTEXT() REPRESENTATION_CONTEXT('2D SPACE',''
  ) );
#2659 = PCURVE('',#2660,#2665);
#2660 = PLANE('',#2661);
#2661 = AXIS2_PLACEMENT_3D('',#2662,#2663,#2664);
#2662 = CARTESIAN_POINT('',(15.898913213,-3.297542635985,62.25));
#2663 = DIRECTION('',(0.,0.,1.));
#2664 = DIRECTION('',(-0.383778657752,0.923425114372,0.));
#2665 = DEFINITIONAL_REPRESENTATION('',(#2666),#2670);
#2666 = ELLIPSE('',#2667,10.44390036999,8.592905271305);
#2667 = AXIS2_PLACEMENT_2D('',#2668,#2669);
#2668 = CARTESIAN_POINT('',(0.,0.));
#2669 = DIRECTION('',(1.,0.));
#2670 = ( GEOMETRIC_REPRESENTATION_CONTEXT(2) 
PARAMETRIC_REPRESENTATION_CONTEXT() REPRESENTATION_CONTEXT('2D SPACE',''
  ) );
#2671 = ORIENTED_EDGE('',*,*,#2623,.F.);
#2672 = ORIENTED_EDGE('',*,*,#2673,.F.);
#2673 = EDGE_CURVE('',#2674,#2544,#2676,.T.);
#2674 = VERTEX_POINT('',#2675);
#2675 = CARTESIAN_POINT('',(13.988004055445,7.375,54.1));
#2676 = SURFACE_CURVE('',#2677,(#2690,#2706),.PCURVE_S1.);
#2677 = B_SPLINE_CURVE_WITH_KNOTS('',6,(#2678,#2679,#2680,#2681,#2682,
    #2683,#2684,#2685,#2686,#2687,#2688,#2689),.UNSPECIFIED.,.F.,.F.,(7,
    5,7),(0.,0.606088633456,1.),.UNSPECIFIED.);
#2678 = CARTESIAN_POINT('',(13.988004055445,7.375,54.1));
#2679 = CARTESIAN_POINT('',(14.379117336413,7.59766070418,
    53.921871436656));
#2680 = CARTESIAN_POINT('',(14.784098682121,7.805210591317,
    53.755831526947));
#2681 = CARTESIAN_POINT('',(15.203270105993,7.995797656471,
    53.603361874823));
#2682 = CARTESIAN_POINT('',(15.636440718144,8.166764920529,
    53.466588063577));
#2683 = CARTESIAN_POINT('',(16.082804070961,8.31479738513,
    53.348162091896));
#2684 = CARTESIAN_POINT('',(16.838726691164,8.514552330388,
    53.18835813569));
#2685 = CARTESIAN_POINT('',(17.141372776921,8.581821934005,
    53.134542452796));
#2686 = CARTESIAN_POINT('',(17.448426609025,8.636560206457,
    53.090751834834));
#2687 = CARTESIAN_POINT('',(17.75906533018,8.677490544814,
    53.058007564149));
#2688 = CARTESIAN_POINT('',(18.072090136976,8.703264922225,
    53.03738806222));
#2689 = CARTESIAN_POINT('',(18.385872770858,8.71270937607,
    53.029832499144));
#2690 = PCURVE('',#1000,#2691);
#2691 = DEFINITIONAL_REPRESENTATION('',(#2692),#2705);
#2692 = B_SPLINE_CURVE_WITH_KNOTS('',6,(#2693,#2694,#2695,#2696,#2697,
    #2698,#2699,#2700,#2701,#2702,#2703,#2704),.UNSPECIFIED.,.F.,.F.,(7,
    5,7),(0.,0.606088633456,1.),.UNSPECIFIED.);
#2693 = CARTESIAN_POINT('',(0.390856073739,0.180904522613));
#2694 = CARTESIAN_POINT('',(0.358004017747,0.163002154438));
#2695 = CARTESIAN_POINT('',(0.323959403745,0.146314726326));
#2696 = CARTESIAN_POINT('',(0.288540918236,0.130991143198));
#2697 = CARTESIAN_POINT('',(0.251567659854,0.117245031515));
#2698 = CARTESIAN_POINT('',(0.212847005389,0.105342923809));
#2699 = CARTESIAN_POINT('',(0.145679655898,8.928222469251E-02));
#2700 = CARTESIAN_POINT('',(0.118390680602,8.387361334637E-02));
#2701 = CARTESIAN_POINT('',(9.021250035516E-02,7.947254621455E-02));
#2702 = CARTESIAN_POINT('',(6.110149549045E-02,7.618166473864E-02));
#2703 = CARTESIAN_POINT('',(3.102849293603E-02,7.410935298696E-02));
#2704 = CARTESIAN_POINT('',(0.,7.334999991401E-02));
#2705 = ( GEOMETRIC_REPRESENTATION_CONTEXT(2) 
PARAMETRIC_REPRESENTATION_CONTEXT() REPRESENTATION_CONTEXT('2D SPACE',''
  ) );
#2706 = PCURVE('',#1484,#2707);
#2707 = DEFINITIONAL_REPRESENTATION('',(#2708),#2721);
#2708 = B_SPLINE_CURVE_WITH_KNOTS('',6,(#2709,#2710,#2711,#2712,#2713,
    #2714,#2715,#2716,#2717,#2718,#2719,#2720),.UNSPECIFIED.,.F.,.F.,(7,
    5,7),(0.,0.606088633456,1.),.UNSPECIFIED.);
#2709 = CARTESIAN_POINT('',(86.282099099408,-13.98800405544));
#2710 = CARTESIAN_POINT('',(86.567243929739,-14.37911733641));
#2711 = CARTESIAN_POINT('',(86.8330374723,-14.78409868212));
#2712 = CARTESIAN_POINT('',(87.077108003545,-15.20327010599));
#2713 = CARTESIAN_POINT('',(87.296052930006,-15.63644071814));
#2714 = CARTESIAN_POINT('',(87.485626982408,-16.08280407096));
#2715 = CARTESIAN_POINT('',(87.741438128713,-16.83872669116));
#2716 = CARTESIAN_POINT('',(87.827585254587,-17.14137277692));
#2717 = CARTESIAN_POINT('',(87.897684446397,-17.44842660902));
#2718 = CARTESIAN_POINT('',(87.950100854713,-17.75906533018));
#2719 = CARTESIAN_POINT('',(87.983108162854,-18.07209013697));
#2720 = CARTESIAN_POINT('',(87.995202965118,-18.38587277085));
#2721 = ( GEOMETRIC_REPRESENTATION_CONTEXT(2) 
PARAMETRIC_REPRESENTATION_CONTEXT() REPRESENTATION_CONTEXT('2D SPACE',''
  ) );
#2722 = ORIENTED_EDGE('',*,*,#2723,.F.);
#2723 = EDGE_CURVE('',#2310,#2674,#2724,.T.);
#2724 = SURFACE_CURVE('',#2725,(#2738,#2754),.PCURVE_S1.);
#2725 = B_SPLINE_CURVE_WITH_KNOTS('',6,(#2726,#2727,#2728,#2729,#2730,
    #2731,#2732,#2733,#2734,#2735,#2736,#2737),.UNSPECIFIED.,.F.,.F.,(7,
    5,7),(0.,0.516008254851,1.),.UNSPECIFIED.);
#2726 = CARTESIAN_POINT('',(9.8,2.849757041611,54.1));
#2727 = CARTESIAN_POINT('',(10.03382508094,3.335437254233,54.1));
#2728 = CARTESIAN_POINT('',(10.295317994554,3.807758882027,54.1));
#2729 = CARTESIAN_POINT('',(10.58425473241,4.264414363617,54.1));
#2730 = CARTESIAN_POINT('',(10.900219526635,4.702888617145,54.1));
#2731 = CARTESIAN_POINT('',(11.242521802753,5.120513334493,54.1));
#2732 = CARTESIAN_POINT('',(11.954828900044,5.884139493216,54.1));
#2733 = CARTESIAN_POINT('',(12.321802712189,6.232983606734,54.1));
#2734 = CARTESIAN_POINT('',(12.710064203859,6.558776219932,54.1));
#2735 = CARTESIAN_POINT('',(13.118358386893,6.85918922329,54.1));
#2736 = CARTESIAN_POINT('',(13.54505198,7.131946668878,54.1));
#2737 = CARTESIAN_POINT('',(13.988004055445,7.375,54.1));
#2738 = PCURVE('',#1000,#2739);
#2739 = DEFINITIONAL_REPRESENTATION('',(#2740),#2753);
#2740 = B_SPLINE_CURVE_WITH_KNOTS('',6,(#2741,#2742,#2743,#2744,#2745,
    #2746,#2747,#2748,#2749,#2750,#2751,#2752),.UNSPECIFIED.,.F.,.F.,(7,
    5,7),(0.,0.516008254851,1.),.UNSPECIFIED.);
#2741 = CARTESIAN_POINT('',(0.999148024122,0.180904522613));
#2742 = CARTESIAN_POINT('',(0.948782676746,0.180904522613));
#2743 = CARTESIAN_POINT('',(0.898068361138,0.180904522613));
#2744 = CARTESIAN_POINT('',(0.846969259156,0.180904522613));
#2745 = CARTESIAN_POINT('',(0.795459956243,0.180904522613));
#2746 = CARTESIAN_POINT('',(0.743522252565,0.180904522613));
#2747 = CARTESIAN_POINT('',(0.642028006527,0.180904522613));
#2748 = CARTESIAN_POINT('',(0.59252285961,0.180904522613));
#2749 = CARTESIAN_POINT('',(0.542636216102,0.180904522613));
#2750 = CARTESIAN_POINT('',(0.49237861088,0.180904522613));
#2751 = CARTESIAN_POINT('',(0.441770640884,0.180904522613));
#2752 = CARTESIAN_POINT('',(0.390856073739,0.180904522613));
#2753 = ( GEOMETRIC_REPRESENTATION_CONTEXT(2) 
PARAMETRIC_REPRESENTATION_CONTEXT() REPRESENTATION_CONTEXT('2D SPACE',''
  ) );
#2754 = PCURVE('',#2368,#2755);
#2755 = DEFINITIONAL_REPRESENTATION('',(#2756),#2769);
#2756 = B_SPLINE_CURVE_WITH_KNOTS('',6,(#2757,#2758,#2759,#2760,#2761,
    #2762,#2763,#2764,#2765,#2766,#2767,#2768),.UNSPECIFIED.,.F.,.F.,(7,
    5,7),(0.,0.516008254851,1.),.UNSPECIFIED.);
#2757 = CARTESIAN_POINT('',(-22.,16.149757041611));
#2758 = CARTESIAN_POINT('',(-21.76617491906,16.635437254233));
#2759 = CARTESIAN_POINT('',(-21.50468200544,17.107758882027));
#2760 = CARTESIAN_POINT('',(-21.21574526759,17.564414363617));
#2761 = CARTESIAN_POINT('',(-20.89978047336,18.002888617145));
#2762 = CARTESIAN_POINT('',(-20.55747819724,18.420513334493));
#2763 = CARTESIAN_POINT('',(-19.84517109995,19.184139493216));
#2764 = CARTESIAN_POINT('',(-19.47819728781,19.532983606734));
#2765 = CARTESIAN_POINT('',(-19.08993579614,19.858776219932));
#2766 = CARTESIAN_POINT('',(-18.6816416131,20.15918922329));
#2767 = CARTESIAN_POINT('',(-18.25494802,20.431946668878));
#2768 = CARTESIAN_POINT('',(-17.81199594455,20.675));
#2769 = ( GEOMETRIC_REPRESENTATION_CONTEXT(2) 
PARAMETRIC_REPRESENTATION_CONTEXT() REPRESENTATION_CONTEXT('2D SPACE',''
  ) );
#2770 = ADVANCED_FACE('',(#2771),#905,.T.);
#2771 = FACE_BOUND('',#2772,.T.);
#2772 = EDGE_LOOP('',(#2773,#2774,#2775));
#2773 = ORIENTED_EDGE('',*,*,#2474,.T.);
#2774 = ORIENTED_EDGE('',*,*,#890,.T.);
#2775 = ORIENTED_EDGE('',*,*,#1649,.T.);
#2776 = ADVANCED_FACE('',(#2777),#1510,.T.);
#2777 = FACE_BOUND('',#2778,.T.);
#2778 = EDGE_LOOP('',(#2779,#2798,#2799));
#2779 = ORIENTED_EDGE('',*,*,#2780,.T.);
#2780 = EDGE_CURVE('',#1470,#2506,#2781,.T.);
#2781 = SURFACE_CURVE('',#2782,(#2786,#2792),.PCURVE_S1.);
#2782 = LINE('',#2783,#2784);
#2783 = CARTESIAN_POINT('',(15.9,7.375,54.1));
#2784 = VECTOR('',#2785,1.);
#2785 = DIRECTION('',(-1.,-0.,0.));
#2786 = PCURVE('',#1510,#2787);
#2787 = DEFINITIONAL_REPRESENTATION('',(#2788),#2791);
#2788 = B_SPLINE_CURVE_WITH_KNOTS('',1,(#2789,#2790),.UNSPECIFIED.,.F.,
  .F.,(2,2),(-10.1,6.1),.PIECEWISE_BEZIER_KNOTS.);
#2789 = CARTESIAN_POINT('',(-5.8,20.675));
#2790 = CARTESIAN_POINT('',(-22.,20.675));
#2791 = ( GEOMETRIC_REPRESENTATION_CONTEXT(2) 
PARAMETRIC_REPRESENTATION_CONTEXT() REPRESENTATION_CONTEXT('2D SPACE',''
  ) );
#2792 = PCURVE('',#1484,#2793);
#2793 = DEFINITIONAL_REPRESENTATION('',(#2794),#2797);
#2794 = B_SPLINE_CURVE_WITH_KNOTS('',1,(#2795,#2796),.UNSPECIFIED.,.F.,
  .F.,(2,2),(-10.1,6.1),.PIECEWISE_BEZIER_KNOTS.);
#2795 = CARTESIAN_POINT('',(86.282099099408,-26.));
#2796 = CARTESIAN_POINT('',(86.282099099408,-9.8));
#2797 = ( GEOMETRIC_REPRESENTATION_CONTEXT(2) 
PARAMETRIC_REPRESENTATION_CONTEXT() REPRESENTATION_CONTEXT('2D SPACE',''
  ) );
#2798 = ORIENTED_EDGE('',*,*,#2505,.T.);
#2799 = ORIENTED_EDGE('',*,*,#1495,.T.);
#2800 = ADVANCED_FACE('',(#2801),#1484,.T.);
#2801 = FACE_BOUND('',#2802,.T.);
#2802 = EDGE_LOOP('',(#2803,#2804,#2805,#2900,#2950,#2970,#3005,#3077,
    #3078,#3097,#3098));
#2803 = ORIENTED_EDGE('',*,*,#2780,.F.);
#2804 = ORIENTED_EDGE('',*,*,#1469,.F.);
#2805 = ORIENTED_EDGE('',*,*,#2806,.F.);
#2806 = EDGE_CURVE('',#2807,#1373,#2809,.T.);
#2807 = VERTEX_POINT('',#2808);
#2808 = CARTESIAN_POINT('',(32.362393839341,11.336221252724,
    50.931022997821));
#2809 = SURFACE_CURVE('',#2810,(#2838,#2869),.PCURVE_S1.);
#2810 = B_SPLINE_CURVE_WITH_KNOTS('',6,(#2811,#2812,#2813,#2814,#2815,
    #2816,#2817,#2818,#2819,#2820,#2821,#2822,#2823,#2824,#2825,#2826,
    #2827,#2828,#2829,#2830,#2831,#2832,#2833,#2834,#2835,#2836,#2837),
  .UNSPECIFIED.,.F.,.F.,(7,5,5,5,5,7),(0.,3.108401431006E-02,
    0.289438374258,0.442556177533,0.710877723258,1.),.UNSPECIFIED.);
#2811 = CARTESIAN_POINT('',(32.362393839341,11.336221252724,
    50.931022997821));
#2812 = CARTESIAN_POINT('',(32.369865262733,11.335759076652,
    50.931392738678));
#2813 = CARTESIAN_POINT('',(32.377324779046,11.335205391092,
    50.931835687127));
#2814 = CARTESIAN_POINT('',(32.38477088489,11.334560191787,
    50.93235184657));
#2815 = CARTESIAN_POINT('',(32.392202083764,11.333823535218,
    50.932941171826));
#2816 = CARTESIAN_POINT('',(32.399616886055,11.332995538596,
    50.933603569123));
#2817 = CARTESIAN_POINT('',(32.46849323333,11.324436804654,
    50.940450556277));
#2818 = CARTESIAN_POINT('',(32.528758788766,11.310497003234,
    50.951602397413));
#2819 = CARTESIAN_POINT('',(32.586898170132,11.290358864467,
    50.967712908427));
#2820 = CARTESIAN_POINT('',(32.642183759785,11.264438402083,
    50.988449278333));
#2821 = CARTESIAN_POINT('',(32.694082706811,11.233314229139,
    51.013348616689));
#2822 = CARTESIAN_POINT('',(32.770772984354,11.176516302068,
    51.058786958345));
#2823 = CARTESIAN_POINT('',(32.798003863506,11.153779947446,
    51.076976042043));
#2824 = CARTESIAN_POINT('',(32.823860966562,11.129572675559,
    51.096341859553));
#2825 = CARTESIAN_POINT('',(32.848302003554,11.104025866659,
    51.116779306673));
#2826 = CARTESIAN_POINT('',(32.871303448796,11.07726664311,
    51.138186685512));
#2827 = CARTESIAN_POINT('',(32.930621841098,11.00059967306,
    51.199520261552));
#2828 = CARTESIAN_POINT('',(32.963929574443,10.948431782706,
    51.241254573835));
#2829 = CARTESIAN_POINT('',(32.992739921898,10.893526761404,
    51.285178590877));
#2830 = CARTESIAN_POINT('',(33.017103245804,10.836433185425,
    51.33085345166));
#2831 = CARTESIAN_POINT('',(33.037115367063,10.777616356143,
    51.377906915086));
#2832 = CARTESIAN_POINT('',(33.069854915484,10.652608988459,
    51.477912809232));
#2833 = CARTESIAN_POINT('',(33.081893798893,10.586215853697,
    51.531027317043));
#2834 = CARTESIAN_POINT('',(33.089116347037,10.518733199497,
    51.585013440402));
#2835 = CARTESIAN_POINT('',(33.091641517879,10.450567625262,
    51.639545899791));
#2836 = CARTESIAN_POINT('',(33.089570294564,10.382076135862,
    51.69433909131));
#2837 = CARTESIAN_POINT('',(33.082974137931,10.313577586207,
    51.749137931034));
#2838 = PCURVE('',#1484,#2839);
#2839 = DEFINITIONAL_REPRESENTATION('',(#2840),#2868);
#2840 = B_SPLINE_CURVE_WITH_KNOTS('',6,(#2841,#2842,#2843,#2844,#2845,
    #2846,#2847,#2848,#2849,#2850,#2851,#2852,#2853,#2854,#2855,#2856,
    #2857,#2858,#2859,#2860,#2861,#2862,#2863,#2864,#2865,#2866,#2867),
  .UNSPECIFIED.,.F.,.F.,(7,5,5,5,5,7),(0.,3.108401431006E-02,
    0.289438374258,0.442556177533,0.710877723258,1.),.UNSPECIFIED.);
#2841 = CARTESIAN_POINT('',(91.354937462037,-32.36239383934));
#2842 = CARTESIAN_POINT('',(91.354345587877,-32.36986526273));
#2843 = CARTESIAN_POINT('',(91.35363652439,-32.37732477904));
#2844 = CARTESIAN_POINT('',(91.352810266129,-32.38477088489));
#2845 = CARTESIAN_POINT('',(91.351866885422,-32.39220208376));
#2846 = CARTESIAN_POINT('',(91.350806532374,-32.39961688605));
#2847 = CARTESIAN_POINT('',(91.339846005025,-32.46849323333));
#2848 = CARTESIAN_POINT('',(91.321994348957,-32.52875878876));
#2849 = CARTESIAN_POINT('',(91.29620494807,-32.58689817013));
#2850 = CARTESIAN_POINT('',(91.263010559884,-32.64218375978));
#2851 = CARTESIAN_POINT('',(91.223152170653,-32.69408270681));
#2852 = CARTESIAN_POINT('',(91.150415333962,-32.77077298435));
#2853 = CARTESIAN_POINT('',(91.121298593291,-32.7980038635));
#2854 = CARTESIAN_POINT('',(91.090298159422,-32.82386096656));
#2855 = CARTESIAN_POINT('',(91.057582281171,-32.84830200355));
#2856 = CARTESIAN_POINT('',(91.023313754595,-32.87130344879));
#2857 = CARTESIAN_POINT('',(90.925132127767,-32.93062184109));
#2858 = CARTESIAN_POINT('',(90.858324631139,-32.96392957444));
#2859 = CARTESIAN_POINT('',(90.788011896608,-32.99273992189));
#2860 = CARTESIAN_POINT('',(90.714896444577,-33.0171032458));
#2861 = CARTESIAN_POINT('',(90.639574151549,-33.03711536706));
#2862 = CARTESIAN_POINT('',(90.479486610374,-33.06985491548));
#2863 = CARTESIAN_POINT('',(90.394461912294,-33.08189379889));
#2864 = CARTESIAN_POINT('',(90.308041948552,-33.08911634703));
#2865 = CARTESIAN_POINT('',(90.220747420443,-33.09164151787));
#2866 = CARTESIAN_POINT('',(90.133035517277,-33.08957029456));
#2867 = CARTESIAN_POINT('',(90.045314572571,-33.08297413793));
#2868 = ( GEOMETRIC_REPRESENTATION_CONTEXT(2) 
PARAMETRIC_REPRESENTATION_CONTEXT() REPRESENTATION_CONTEXT('2D SPACE',''
  ) );
#2869 = PCURVE('',#1426,#2870);
#2870 = DEFINITIONAL_REPRESENTATION('',(#2871),#2899);
#2871 = B_SPLINE_CURVE_WITH_KNOTS('',6,(#2872,#2873,#2874,#2875,#2876,
    #2877,#2878,#2879,#2880,#2881,#2882,#2883,#2884,#2885,#2886,#2887,
    #2888,#2889,#2890,#2891,#2892,#2893,#2894,#2895,#2896,#2897,#2898),
  .UNSPECIFIED.,.F.,.F.,(7,5,5,5,5,7),(0.,3.108401431006E-02,
    0.289438374258,0.442556177533,0.710877723258,1.),.UNSPECIFIED.);
#2872 = CARTESIAN_POINT('',(1.570796326795,0.804384135668));
#2873 = CARTESIAN_POINT('',(1.561636417494,0.804406959178));
#2874 = CARTESIAN_POINT('',(1.552474377367,0.804434301674));
#2875 = CARTESIAN_POINT('',(1.543310882024,0.804466163369));
#2876 = CARTESIAN_POINT('',(1.534146609865,0.804502541471));
#2877 = CARTESIAN_POINT('',(1.524982242073,0.804543430193));
#2878 = CARTESIAN_POINT('',(1.439653835004,0.804966083721));
#2879 = CARTESIAN_POINT('',(1.36350368592,0.805654468976));
#2880 = CARTESIAN_POINT('',(1.287834634359,0.806648944965));
#2881 = CARTESIAN_POINT('',(1.212964806945,0.807928967798));
#2882 = CARTESIAN_POINT('',(1.139143393188,0.809465963993));
#2883 = CARTESIAN_POINT('',(1.023559718614,0.812270799898));
#2884 = CARTESIAN_POINT('',(0.980973971317,0.813393582842));
#2885 = CARTESIAN_POINT('',(0.938840940998,0.814589003676));
#2886 = CARTESIAN_POINT('',(0.897174486596,0.815850574486));
#2887 = CARTESIAN_POINT('',(0.855977401978,0.817172017624));
#2888 = CARTESIAN_POINT('',(0.74386262632,0.820958040837));
#2889 = CARTESIAN_POINT('',(0.673917492342,0.823534232953));
#2890 = CARTESIAN_POINT('',(0.605348959335,0.826245592029));
#2891 = CARTESIAN_POINT('',(0.538066370178,0.82906502788));
#2892 = CARTESIAN_POINT('',(0.471947299527,0.83196956266));
#2893 = CARTESIAN_POINT('',(0.336679375927,0.838142766002));
#2894 = CARTESIAN_POINT('',(0.267708927969,0.841421439324));
#2895 = CARTESIAN_POINT('',(0.199733586893,0.844753916074));
#2896 = CARTESIAN_POINT('',(0.132578278912,0.848120117271));
#2897 = CARTESIAN_POINT('',(6.606619569888E-02,0.851502413044));
#2898 = CARTESIAN_POINT('',(0.,0.854885057471));
#2899 = ( GEOMETRIC_REPRESENTATION_CONTEXT(2) 
PARAMETRIC_REPRESENTATION_CONTEXT() REPRESENTATION_CONTEXT('2D SPACE',''
  ) );
#2900 = ORIENTED_EDGE('',*,*,#2901,.F.);
#2901 = EDGE_CURVE('',#2902,#2807,#2904,.T.);
#2902 = VERTEX_POINT('',#2903);
#2903 = CARTESIAN_POINT('',(31.213007744009,11.477370689655,
    50.818103448276));
#2904 = SURFACE_CURVE('',#2905,(#2918,#2934),.PCURVE_S1.);
#2905 = B_SPLINE_CURVE_WITH_KNOTS('',6,(#2906,#2907,#2908,#2909,#2910,
    #2911,#2912,#2913,#2914,#2915,#2916,#2917),.UNSPECIFIED.,.F.,.F.,(7,
    5,7),(0.,9.353913792109E-02,1.),.UNSPECIFIED.);
#2906 = CARTESIAN_POINT('',(31.213007744009,11.477370689655,
    50.818103448276));
#2907 = CARTESIAN_POINT('',(31.231639855875,11.477370689655,
    50.818103448276));
#2908 = CARTESIAN_POINT('',(31.250264693845,11.477278843465,
    50.818176925228));
#2909 = CARTESIAN_POINT('',(31.26888071213,11.477095018361,
    50.818323985311));
#2910 = CARTESIAN_POINT('',(31.287486369725,11.476819183495,
    50.818544653204));
#2911 = CARTESIAN_POINT('',(31.306080130404,11.476451409894,
    50.818838872085));
#2912 = CARTESIAN_POINT('',(31.504717115225,11.471538606117,
    50.822769115106));
#2913 = CARTESIAN_POINT('',(31.683560709629,11.458466685077,
    50.833226651938));
#2914 = CARTESIAN_POINT('',(31.859672765098,11.436926883531,
    50.850458493175));
#2915 = CARTESIAN_POINT('',(32.031869897875,11.408020275313,
    50.873583779749));
#2916 = CARTESIAN_POINT('',(32.199490015825,11.373681151067,
    50.901055079146));
#2917 = CARTESIAN_POINT('',(32.362393839341,11.336221252724,
    50.931022997821));
#2918 = PCURVE('',#1484,#2919);
#2919 = DEFINITIONAL_REPRESENTATION('',(#2920),#2933);
#2920 = B_SPLINE_CURVE_WITH_KNOTS('',6,(#2921,#2922,#2923,#2924,#2925,
    #2926,#2927,#2928,#2929,#2930,#2931,#2932),.UNSPECIFIED.,.F.,.F.,(7,
    5,7),(0.,9.353913792109E-02,1.),.UNSPECIFIED.);
#2921 = CARTESIAN_POINT('',(91.535696938181,-31.213007744));
#2922 = CARTESIAN_POINT('',(91.535696938181,-31.23163985587));
#2923 = CARTESIAN_POINT('',(91.535579317668,-31.25026469384));
#2924 = CARTESIAN_POINT('',(91.535343906672,-31.26888071213));
#2925 = CARTESIAN_POINT('',(91.534990665688,-31.28748636972));
#2926 = CARTESIAN_POINT('',(91.534519685677,-31.3060801304));
#2927 = CARTESIAN_POINT('',(91.528228227089,-31.50471711522));
#2928 = CARTESIAN_POINT('',(91.511488000201,-31.68356070962));
#2929 = CARTESIAN_POINT('',(91.483903595132,-31.85967276509));
#2930 = CARTESIAN_POINT('',(91.446885074391,-32.03186989787));
#2931 = CARTESIAN_POINT('',(91.402909538641,-32.19949001582));
#2932 = CARTESIAN_POINT('',(91.354937462037,-32.36239383934));
#2933 = ( GEOMETRIC_REPRESENTATION_CONTEXT(2) 
PARAMETRIC_REPRESENTATION_CONTEXT() REPRESENTATION_CONTEXT('2D SPACE',''
  ) );
#2934 = PCURVE('',#1876,#2935);
#2935 = DEFINITIONAL_REPRESENTATION('',(#2936),#2949);
#2936 = B_SPLINE_CURVE_WITH_KNOTS('',6,(#2937,#2938,#2939,#2940,#2941,
    #2942,#2943,#2944,#2945,#2946,#2947,#2948),.UNSPECIFIED.,.F.,.F.,(7,
    5,7),(0.,9.353913792109E-02,1.),.UNSPECIFIED.);
#2937 = CARTESIAN_POINT('',(2.231525423729,0.797413793103));
#2938 = CARTESIAN_POINT('',(2.212737190914,0.797413793103));
#2939 = CARTESIAN_POINT('',(2.193941742528,0.797418328718));
#2940 = CARTESIAN_POINT('',(2.17513847891,0.797427406501));
#2941 = CARTESIAN_POINT('',(2.156326807775,0.797441027976));
#2942 = CARTESIAN_POINT('',(2.137506144218,0.797459189635));
#2943 = CARTESIAN_POINT('',(1.936197537712,0.797701797229));
#2944 = CARTESIAN_POINT('',(1.752771907304,0.798347324194));
#2945 = CARTESIAN_POINT('',(1.568000106527,0.799411018097));
#2946 = CARTESIAN_POINT('',(1.381298225935,0.800838504923));
#2947 = CARTESIAN_POINT('',(1.192107453162,0.802534264145));
#2948 = CARTESIAN_POINT('',(1.,0.804384135668));
#2949 = ( GEOMETRIC_REPRESENTATION_CONTEXT(2) 
PARAMETRIC_REPRESENTATION_CONTEXT() REPRESENTATION_CONTEXT('2D SPACE',''
  ) );
#2950 = ORIENTED_EDGE('',*,*,#2951,.F.);
#2951 = EDGE_CURVE('',#2952,#2902,#2954,.T.);
#2952 = VERTEX_POINT('',#2953);
#2953 = CARTESIAN_POINT('',(12.03526811806,11.477370689655,
    50.818103448276));
#2954 = SURFACE_CURVE('',#2955,(#2958,#2964),.PCURVE_S1.);
#2955 = B_SPLINE_CURVE_WITH_KNOTS('',1,(#2956,#2957),.UNSPECIFIED.,.F.,
  .F.,(2,2),(0.,1.),.PIECEWISE_BEZIER_KNOTS.);
#2956 = CARTESIAN_POINT('',(12.03526811806,11.477370689655,
    50.818103448276));
#2957 = CARTESIAN_POINT('',(31.213007744009,11.477370689655,
    50.818103448276));
#2958 = PCURVE('',#1484,#2959);
#2959 = DEFINITIONAL_REPRESENTATION('',(#2960),#2963);
#2960 = B_SPLINE_CURVE_WITH_KNOTS('',1,(#2961,#2962),.UNSPECIFIED.,.F.,
  .F.,(2,2),(0.,1.),.PIECEWISE_BEZIER_KNOTS.);
#2961 = CARTESIAN_POINT('',(91.535696938181,-12.03526811806));
#2962 = CARTESIAN_POINT('',(91.535696938181,-31.213007744));
#2963 = ( GEOMETRIC_REPRESENTATION_CONTEXT(2) 
PARAMETRIC_REPRESENTATION_CONTEXT() REPRESENTATION_CONTEXT('2D SPACE',''
  ) );
#2964 = PCURVE('',#1915,#2965);
#2965 = DEFINITIONAL_REPRESENTATION('',(#2966),#2969);
#2966 = B_SPLINE_CURVE_WITH_KNOTS('',1,(#2967,#2968),.UNSPECIFIED.,.F.,
  .F.,(2,2),(0.,1.),.PIECEWISE_BEZIER_KNOTS.);
#2967 = CARTESIAN_POINT('',(22.7,0.797413793103));
#2968 = CARTESIAN_POINT('',(1.,0.797413793103));
#2969 = ( GEOMETRIC_REPRESENTATION_CONTEXT(2) 
PARAMETRIC_REPRESENTATION_CONTEXT() REPRESENTATION_CONTEXT('2D SPACE',''
  ) );
#2970 = ORIENTED_EDGE('',*,*,#2971,.F.);
#2971 = EDGE_CURVE('',#2972,#2952,#2974,.T.);
#2972 = VERTEX_POINT('',#2973);
#2973 = CARTESIAN_POINT('',(10.863576926522,11.336221252724,
    50.931022997821));
#2974 = SURFACE_CURVE('',#2975,(#2983,#2994),.PCURVE_S1.);
#2975 = B_SPLINE_CURVE_WITH_KNOTS('',6,(#2976,#2977,#2978,#2979,#2980,
    #2981,#2982),.UNSPECIFIED.,.F.,.F.,(7,7),(0.,1.),
  .PIECEWISE_BEZIER_KNOTS.);
#2976 = CARTESIAN_POINT('',(10.863576926522,11.336221252724,
    50.931022997821));
#2977 = CARTESIAN_POINT('',(11.048714039855,11.377300966413,
    50.898159226869));
#2978 = CARTESIAN_POINT('',(11.239103283061,11.41466570706,
    50.868267434352));
#2979 = CARTESIAN_POINT('',(11.434325835597,11.445306667537,
    50.843754665971));
#2980 = CARTESIAN_POINT('',(11.633307447997,11.466688286516,
    50.826649370787));
#2981 = CARTESIAN_POINT('',(11.834321223865,11.477370689655,
    50.818103448276));
#2982 = CARTESIAN_POINT('',(12.03526811806,11.477370689655,
    50.818103448276));
#2983 = PCURVE('',#1484,#2984);
#2984 = DEFINITIONAL_REPRESENTATION('',(#2985),#2993);
#2985 = B_SPLINE_CURVE_WITH_KNOTS('',6,(#2986,#2987,#2988,#2989,#2990,
    #2991,#2992),.UNSPECIFIED.,.F.,.F.,(7,7),(0.,1.),
  .PIECEWISE_BEZIER_KNOTS.);
#2986 = CARTESIAN_POINT('',(91.354937462037,-10.86357692652));
#2987 = CARTESIAN_POINT('',(91.407545164116,-11.04871403985));
#2988 = CARTESIAN_POINT('',(91.455395379407,-11.23910328306));
#2989 = CARTESIAN_POINT('',(91.494634954746,-11.43432583559));
#2990 = CARTESIAN_POINT('',(91.52201678729,-11.63330744799));
#2991 = CARTESIAN_POINT('',(91.535696938181,-11.83432122386));
#2992 = CARTESIAN_POINT('',(91.535696938181,-12.03526811806));
#2993 = ( GEOMETRIC_REPRESENTATION_CONTEXT(2) 
PARAMETRIC_REPRESENTATION_CONTEXT() REPRESENTATION_CONTEXT('2D SPACE',''
  ) );
#2994 = PCURVE('',#1944,#2995);
#2995 = DEFINITIONAL_REPRESENTATION('',(#2996),#3004);
#2996 = B_SPLINE_CURVE_WITH_KNOTS('',6,(#2997,#2998,#2999,#3000,#3001,
    #3002,#3003),.UNSPECIFIED.,.F.,.F.,(7,7),(0.,1.),
  .PIECEWISE_BEZIER_KNOTS.);
#2997 = CARTESIAN_POINT('',(22.,0.804384135668));
#2998 = CARTESIAN_POINT('',(21.789328868404,0.802355507831));
#2999 = CARTESIAN_POINT('',(21.581968673618,0.800510335454));
#3000 = CARTESIAN_POINT('',(21.377102845115,0.798997201603));
#3001 = CARTESIAN_POINT('',(21.173793013818,0.797941319184));
#3002 = CARTESIAN_POINT('',(20.971105231276,0.797413793103));
#3003 = CARTESIAN_POINT('',(20.768474576271,0.797413793103));
#3004 = ( GEOMETRIC_REPRESENTATION_CONTEXT(2) 
PARAMETRIC_REPRESENTATION_CONTEXT() REPRESENTATION_CONTEXT('2D SPACE',''
  ) );
#3005 = ORIENTED_EDGE('',*,*,#3006,.F.);
#3006 = EDGE_CURVE('',#2206,#2972,#3007,.T.);
#3007 = SURFACE_CURVE('',#3008,(#3029,#3053),.PCURVE_S1.);
#3008 = B_SPLINE_CURVE_WITH_KNOTS('',7,(#3009,#3010,#3011,#3012,#3013,
    #3014,#3015,#3016,#3017,#3018,#3019,#3020,#3021,#3022,#3023,#3024,
    #3025,#3026,#3027,#3028),.UNSPECIFIED.,.F.,.F.,(8,6,6,8),(0.,
    0.338643477838,0.644178009116,1.),.UNSPECIFIED.);
#3009 = CARTESIAN_POINT('',(9.981393678161,10.313577586207,
    51.749137931034));
#3010 = CARTESIAN_POINT('',(9.985725697049,10.383756292194,
    51.692994966245));
#3011 = CARTESIAN_POINT('',(9.994656846341,10.453641254855,
    51.637086996116));
#3012 = CARTESIAN_POINT('',(10.008139063707,10.522927600291,
    51.581657919767));
#3013 = CARTESIAN_POINT('',(10.026150027458,10.591291091357,
    51.526967126914));
#3014 = CARTESIAN_POINT('',(10.048678882661,10.658382800947,
    51.473293759243));
#3015 = CARTESIAN_POINT('',(10.075719537846,10.723821884044,
    51.420942492765));
#3016 = CARTESIAN_POINT('',(10.135738709287,10.844355901937,
    51.32451527845));
#3017 = CARTESIAN_POINT('',(10.167869730711,10.89981971748,
    51.280144226016));
#3018 = CARTESIAN_POINT('',(10.203661984218,10.953272288541,
    51.237382169168));
#3019 = CARTESIAN_POINT('',(10.243099247862,11.004345559709,
    51.196523552233));
#3020 = CARTESIAN_POINT('',(10.286132283641,11.052611902747,
    51.157910477803));
#3021 = CARTESIAN_POINT('',(10.332658606038,11.097592551018,
    51.121925959185));
#3022 = CARTESIAN_POINT('',(10.440547798252,11.186728229053,
    51.050617416758));
#3023 = CARTESIAN_POINT('',(10.503127766158,11.229558333376,
    51.016353333299));
#3024 = CARTESIAN_POINT('',(10.569889930375,11.266368595345,
    50.986905123724));
#3025 = CARTESIAN_POINT('',(10.640275812663,11.296213662872,
    50.963029069703));
#3026 = CARTESIAN_POINT('',(10.713473435578,11.318200507722,
    50.945439593822));
#3027 = CARTESIAN_POINT('',(10.788371593678,11.331614148753,
    50.934708680997));
#3028 = CARTESIAN_POINT('',(10.863576926522,11.336221252724,
    50.931022997821));
#3029 = PCURVE('',#1484,#3030);
#3030 = DEFINITIONAL_REPRESENTATION('',(#3031),#3052);
#3031 = B_SPLINE_CURVE_WITH_KNOTS('',7,(#3032,#3033,#3034,#3035,#3036,
    #3037,#3038,#3039,#3040,#3041,#3042,#3043,#3044,#3045,#3046,#3047,
    #3048,#3049,#3050,#3051),.UNSPECIFIED.,.F.,.F.,(8,6,6,8),(0.,
    0.338643477838,0.644178009116,1.),.UNSPECIFIED.);
#3032 = CARTESIAN_POINT('',(90.045314572571,-9.981393678161));
#3033 = CARTESIAN_POINT('',(90.135187167223,-9.985725697049));
#3034 = CARTESIAN_POINT('',(90.224683586872,-9.994656846341));
#3035 = CARTESIAN_POINT('',(90.313413402429,-10.0081390637));
#3036 = CARTESIAN_POINT('',(90.400961387749,-10.02615002745));
#3037 = CARTESIAN_POINT('',(90.48688069811,-10.04867888266));
#3038 = CARTESIAN_POINT('',(90.570683613921,-10.07571953784));
#3039 = CARTESIAN_POINT('',(90.725042472203,-10.13573870928));
#3040 = CARTESIAN_POINT('',(90.796070812523,-10.16786973071));
#3041 = CARTESIAN_POINT('',(90.864523503185,-10.20366198421));
#3042 = CARTESIAN_POINT('',(90.929929203286,-10.24309924786));
#3043 = CARTESIAN_POINT('',(90.991740281478,-10.28613228364));
#3044 = CARTESIAN_POINT('',(91.04934361731,-10.33265860603));
#3045 = CARTESIAN_POINT('',(91.163492981399,-10.44054779825));
#3046 = CARTESIAN_POINT('',(91.218342277215,-10.50312776615));
#3047 = CARTESIAN_POINT('',(91.265482413336,-10.56988993037));
#3048 = CARTESIAN_POINT('',(91.303702748385,-10.64027581266));
#3049 = CARTESIAN_POINT('',(91.331859648218,-10.71347343557));
#3050 = CARTESIAN_POINT('',(91.349037490218,-10.78837159367));
#3051 = CARTESIAN_POINT('',(91.354937462037,-10.86357692652));
#3052 = ( GEOMETRIC_REPRESENTATION_CONTEXT(2) 
PARAMETRIC_REPRESENTATION_CONTEXT() REPRESENTATION_CONTEXT('2D SPACE',''
  ) );
#3053 = PCURVE('',#1984,#3054);
#3054 = DEFINITIONAL_REPRESENTATION('',(#3055),#3076);
#3055 = B_SPLINE_CURVE_WITH_KNOTS('',7,(#3056,#3057,#3058,#3059,#3060,
    #3061,#3062,#3063,#3064,#3065,#3066,#3067,#3068,#3069,#3070,#3071,
    #3072,#3073,#3074,#3075),.UNSPECIFIED.,.F.,.F.,(8,6,6,8),(0.,
    0.338643477838,0.644178009116,1.),.UNSPECIFIED.);
#3056 = CARTESIAN_POINT('',(3.14159265359,0.854885057471));
#3057 = CARTESIAN_POINT('',(3.073905963185,0.851419442361));
#3058 = CARTESIAN_POINT('',(3.006040444341,0.847968333094));
#3059 = CARTESIAN_POINT('',(2.937805027906,0.844546785171));
#3060 = CARTESIAN_POINT('',(2.86902886551,0.841170810303));
#3061 = CARTESIAN_POINT('',(2.799549093244,0.837857639459));
#3062 = CARTESIAN_POINT('',(2.729197644276,0.8346260798));
#3063 = CARTESIAN_POINT('',(2.593358336683,0.82867378262));
#3064 = CARTESIAN_POINT('',(2.528086474992,0.825934828766));
#3065 = CARTESIAN_POINT('',(2.461831193313,0.823295195628));
#3066 = CARTESIAN_POINT('',(2.394478576842,0.82077305878));
#3067 = CARTESIAN_POINT('',(2.325933634678,0.818389535667));
#3068 = CARTESIAN_POINT('',(2.256118594309,0.816168269086));
#3069 = CARTESIAN_POINT('',(2.102126284946,0.811766507207));
#3070 = CARTESIAN_POINT('',(2.017425510219,0.809651440327));
#3071 = CARTESIAN_POINT('',(1.930899187075,0.807833649613));
#3072 = CARTESIAN_POINT('',(1.842664729992,0.806359819117));
#3073 = CARTESIAN_POINT('',(1.752946865537,0.805274049001));
#3074 = CARTESIAN_POINT('',(1.662104936493,0.804611646975));
#3075 = CARTESIAN_POINT('',(1.570796326795,0.804384135668));
#3076 = ( GEOMETRIC_REPRESENTATION_CONTEXT(2) 
PARAMETRIC_REPRESENTATION_CONTEXT() REPRESENTATION_CONTEXT('2D SPACE',''
  ) );
#3077 = ORIENTED_EDGE('',*,*,#2380,.F.);
#3078 = ORIENTED_EDGE('',*,*,#3079,.F.);
#3079 = EDGE_CURVE('',#2674,#2354,#3080,.T.);
#3080 = SURFACE_CURVE('',#3081,(#3085,#3091),.PCURVE_S1.);
#3081 = LINE('',#3082,#3083);
#3082 = CARTESIAN_POINT('',(15.9,7.375,54.1));
#3083 = VECTOR('',#3084,1.);
#3084 = DIRECTION('',(-1.,-0.,0.));
#3085 = PCURVE('',#1484,#3086);
#3086 = DEFINITIONAL_REPRESENTATION('',(#3087),#3090);
#3087 = B_SPLINE_CURVE_WITH_KNOTS('',1,(#3088,#3089),.UNSPECIFIED.,.F.,
  .F.,(2,2),(-10.1,6.1),.PIECEWISE_BEZIER_KNOTS.);
#3088 = CARTESIAN_POINT('',(86.282099099408,-26.));
#3089 = CARTESIAN_POINT('',(86.282099099408,-9.8));
#3090 = ( GEOMETRIC_REPRESENTATION_CONTEXT(2) 
PARAMETRIC_REPRESENTATION_CONTEXT() REPRESENTATION_CONTEXT('2D SPACE',''
  ) );
#3091 = PCURVE('',#2368,#3092);
#3092 = DEFINITIONAL_REPRESENTATION('',(#3093),#3096);
#3093 = B_SPLINE_CURVE_WITH_KNOTS('',1,(#3094,#3095),.UNSPECIFIED.,.F.,
  .F.,(2,2),(-10.1,6.1),.PIECEWISE_BEZIER_KNOTS.);
#3094 = CARTESIAN_POINT('',(-5.8,20.675));
#3095 = CARTESIAN_POINT('',(-22.,20.675));
#3096 = ( GEOMETRIC_REPRESENTATION_CONTEXT(2) 
PARAMETRIC_REPRESENTATION_CONTEXT() REPRESENTATION_CONTEXT('2D SPACE',''
  ) );
#3097 = ORIENTED_EDGE('',*,*,#2673,.T.);
#3098 = ORIENTED_EDGE('',*,*,#2543,.T.);
#3099 = ADVANCED_FACE('',(#3100),#1426,.T.);
#3100 = FACE_BOUND('',#3101,.T.);
#3101 = EDGE_LOOP('',(#3102,#3122,#3123,#3143,#3144));
#3102 = ORIENTED_EDGE('',*,*,#3103,.F.);
#3103 = EDGE_CURVE('',#1814,#1348,#3104,.T.);
#3104 = SURFACE_CURVE('',#3105,(#3108,#3115),.PCURVE_S1.);
#3105 = B_SPLINE_CURVE_WITH_KNOTS('',1,(#3106,#3107),.UNSPECIFIED.,.F.,
  .F.,(2,2),(0.,1.),.PIECEWISE_BEZIER_KNOTS.);
#3106 = CARTESIAN_POINT('',(34.75,12.75,37.9));
#3107 = CARTESIAN_POINT('',(32.8,9.9,54.1));
#3108 = PCURVE('',#1426,#3109);
#3109 = DEFINITIONAL_REPRESENTATION('',(#3110),#3114);
#3110 = LINE('',#3111,#3112);
#3111 = CARTESIAN_POINT('',(0.,0.));
#3112 = VECTOR('',#3113,1.);
#3113 = DIRECTION('',(0.,1.));
#3114 = ( GEOMETRIC_REPRESENTATION_CONTEXT(2) 
PARAMETRIC_REPRESENTATION_CONTEXT() REPRESENTATION_CONTEXT('2D SPACE',''
  ) );
#3115 = PCURVE('',#1361,#3116);
#3116 = DEFINITIONAL_REPRESENTATION('',(#3117),#3121);
#3117 = LINE('',#3118,#3119);
#3118 = CARTESIAN_POINT('',(28.5,0.));
#3119 = VECTOR('',#3120,1.);
#3120 = DIRECTION('',(0.,1.));
#3121 = ( GEOMETRIC_REPRESENTATION_CONTEXT(2) 
PARAMETRIC_REPRESENTATION_CONTEXT() REPRESENTATION_CONTEXT('2D SPACE',''
  ) );
#3122 = ORIENTED_EDGE('',*,*,#1836,.T.);
#3123 = ORIENTED_EDGE('',*,*,#3124,.T.);
#3124 = EDGE_CURVE('',#1837,#2807,#3125,.T.);
#3125 = SURFACE_CURVE('',#3126,(#3129,#3136),.PCURVE_S1.);
#3126 = B_SPLINE_CURVE_WITH_KNOTS('',1,(#3127,#3128),.UNSPECIFIED.,.F.,
  .F.,(2,2),(0.,1.),.PIECEWISE_BEZIER_KNOTS.);
#3127 = CARTESIAN_POINT('',(34.674990948516,13.129989138219,37.9));
#3128 = CARTESIAN_POINT('',(31.8,10.9,54.1));
#3129 = PCURVE('',#1426,#3130);
#3130 = DEFINITIONAL_REPRESENTATION('',(#3131),#3135);
#3131 = LINE('',#3132,#3133);
#3132 = CARTESIAN_POINT('',(1.570796326795,0.));
#3133 = VECTOR('',#3134,1.);
#3134 = DIRECTION('',(0.,1.));
#3135 = ( GEOMETRIC_REPRESENTATION_CONTEXT(2) 
PARAMETRIC_REPRESENTATION_CONTEXT() REPRESENTATION_CONTEXT('2D SPACE',''
  ) );
#3136 = PCURVE('',#1876,#3137);
#3137 = DEFINITIONAL_REPRESENTATION('',(#3138),#3142);
#3138 = LINE('',#3139,#3140);
#3139 = CARTESIAN_POINT('',(1.,0.));
#3140 = VECTOR('',#3141,1.);
#3141 = DIRECTION('',(0.,1.));
#3142 = ( GEOMETRIC_REPRESENTATION_CONTEXT(2) 
PARAMETRIC_REPRESENTATION_CONTEXT() REPRESENTATION_CONTEXT('2D SPACE',''
  ) );
#3143 = ORIENTED_EDGE('',*,*,#2806,.T.);
#3144 = ORIENTED_EDGE('',*,*,#1372,.T.);
#3145 = ADVANCED_FACE('',(#3146),#1361,.T.);
#3146 = FACE_BOUND('',#3147,.T.);
#3147 = EDGE_LOOP('',(#3148,#3168,#3169,#3170));
#3148 = ORIENTED_EDGE('',*,*,#3149,.F.);
#3149 = EDGE_CURVE('',#1791,#1251,#3150,.T.);
#3150 = SURFACE_CURVE('',#3151,(#3154,#3161),.PCURVE_S1.);
#3151 = B_SPLINE_CURVE_WITH_KNOTS('',1,(#3152,#3153),.UNSPECIFIED.,.F.,
  .F.,(2,2),(0.,1.),.PIECEWISE_BEZIER_KNOTS.);
#3152 = CARTESIAN_POINT('',(34.75,-14.75,37.9));
#3153 = CARTESIAN_POINT('',(32.8,-13.3,54.1));
#3154 = PCURVE('',#1361,#3155);
#3155 = DEFINITIONAL_REPRESENTATION('',(#3156),#3160);
#3156 = LINE('',#3157,#3158);
#3157 = CARTESIAN_POINT('',(1.,0.));
#3158 = VECTOR('',#3159,1.);
#3159 = DIRECTION('',(0.,1.));
#3160 = ( GEOMETRIC_REPRESENTATION_CONTEXT(2) 
PARAMETRIC_REPRESENTATION_CONTEXT() REPRESENTATION_CONTEXT('2D SPACE',''
  ) );
#3161 = PCURVE('',#1304,#3162);
#3162 = DEFINITIONAL_REPRESENTATION('',(#3163),#3167);
#3163 = LINE('',#3164,#3165);
#3164 = CARTESIAN_POINT('',(6.28318530718,0.));
#3165 = VECTOR('',#3166,1.);
#3166 = DIRECTION('',(0.,1.));
#3167 = ( GEOMETRIC_REPRESENTATION_CONTEXT(2) 
PARAMETRIC_REPRESENTATION_CONTEXT() REPRESENTATION_CONTEXT('2D SPACE',''
  ) );
#3168 = ORIENTED_EDGE('',*,*,#1813,.T.);
#3169 = ORIENTED_EDGE('',*,*,#3103,.T.);
#3170 = ORIENTED_EDGE('',*,*,#1347,.T.);
#3171 = ADVANCED_FACE('',(#3172),#1304,.T.);
#3172 = FACE_BOUND('',#3173,.T.);
#3173 = EDGE_LOOP('',(#3174,#3175,#3176,#3177));
#3174 = ORIENTED_EDGE('',*,*,#1696,.F.);
#3175 = ORIENTED_EDGE('',*,*,#1790,.T.);
#3176 = ORIENTED_EDGE('',*,*,#3149,.T.);
#3177 = ORIENTED_EDGE('',*,*,#1250,.T.);
#3178 = ADVANCED_FACE('',(#3179),#1984,.T.);
#3179 = FACE_BOUND('',#3180,.T.);
#3180 = EDGE_LOOP('',(#3181,#3201,#3202,#3203));
#3181 = ORIENTED_EDGE('',*,*,#3182,.F.);
#3182 = EDGE_CURVE('',#1928,#2972,#3183,.T.);
#3183 = SURFACE_CURVE('',#3184,(#3187,#3194),.PCURVE_S1.);
#3184 = B_SPLINE_CURVE_WITH_KNOTS('',1,(#3185,#3186),.UNSPECIFIED.,.F.,
  .F.,(2,2),(0.,1.),.PIECEWISE_BEZIER_KNOTS.);
#3185 = CARTESIAN_POINT('',(11.125009051484,13.129989138219,37.9));
#3186 = CARTESIAN_POINT('',(10.8,10.9,54.1));
#3187 = PCURVE('',#1984,#3188);
#3188 = DEFINITIONAL_REPRESENTATION('',(#3189),#3193);
#3189 = LINE('',#3190,#3191);
#3190 = CARTESIAN_POINT('',(1.570796326795,0.));
#3191 = VECTOR('',#3192,1.);
#3192 = DIRECTION('',(0.,1.));
#3193 = ( GEOMETRIC_REPRESENTATION_CONTEXT(2) 
PARAMETRIC_REPRESENTATION_CONTEXT() REPRESENTATION_CONTEXT('2D SPACE',''
  ) );
#3194 = PCURVE('',#1944,#3195);
#3195 = DEFINITIONAL_REPRESENTATION('',(#3196),#3200);
#3196 = LINE('',#3197,#3198);
#3197 = CARTESIAN_POINT('',(22.,0.));
#3198 = VECTOR('',#3199,1.);
#3199 = DIRECTION('',(0.,1.));
#3200 = ( GEOMETRIC_REPRESENTATION_CONTEXT(2) 
PARAMETRIC_REPRESENTATION_CONTEXT() REPRESENTATION_CONTEXT('2D SPACE',''
  ) );
#3201 = ORIENTED_EDGE('',*,*,#1967,.T.);
#3202 = ORIENTED_EDGE('',*,*,#2205,.T.);
#3203 = ORIENTED_EDGE('',*,*,#3006,.T.);
#3204 = ADVANCED_FACE('',(#3205),#1944,.T.);
#3205 = FACE_BOUND('',#3206,.T.);
#3206 = EDGE_LOOP('',(#3207,#3227,#3228,#3229));
#3207 = ORIENTED_EDGE('',*,*,#3208,.F.);
#3208 = EDGE_CURVE('',#1900,#2952,#3209,.T.);
#3209 = SURFACE_CURVE('',#3210,(#3213,#3220),.PCURVE_S1.);
#3210 = B_SPLINE_CURVE_WITH_KNOTS('',1,(#3211,#3212),.UNSPECIFIED.,.F.,
  .F.,(2,2),(0.,1.),.PIECEWISE_BEZIER_KNOTS.);
#3211 = CARTESIAN_POINT('',(12.05,13.75,37.9));
#3212 = CARTESIAN_POINT('',(12.031525423729,10.9,54.1));
#3213 = PCURVE('',#1944,#3214);
#3214 = DEFINITIONAL_REPRESENTATION('',(#3215),#3219);
#3215 = LINE('',#3216,#3217);
#3216 = CARTESIAN_POINT('',(20.768474576271,0.));
#3217 = VECTOR('',#3218,1.);
#3218 = DIRECTION('',(0.,1.));
#3219 = ( GEOMETRIC_REPRESENTATION_CONTEXT(2) 
PARAMETRIC_REPRESENTATION_CONTEXT() REPRESENTATION_CONTEXT('2D SPACE',''
  ) );
#3220 = PCURVE('',#1915,#3221);
#3221 = DEFINITIONAL_REPRESENTATION('',(#3222),#3226);
#3222 = LINE('',#3223,#3224);
#3223 = CARTESIAN_POINT('',(22.7,0.));
#3224 = VECTOR('',#3225,1.);
#3225 = DIRECTION('',(0.,1.));
#3226 = ( GEOMETRIC_REPRESENTATION_CONTEXT(2) 
PARAMETRIC_REPRESENTATION_CONTEXT() REPRESENTATION_CONTEXT('2D SPACE',''
  ) );
#3227 = ORIENTED_EDGE('',*,*,#1927,.T.);
#3228 = ORIENTED_EDGE('',*,*,#3182,.T.);
#3229 = ORIENTED_EDGE('',*,*,#2971,.T.);
#3230 = ADVANCED_FACE('',(#3231),#1915,.T.);
#3231 = FACE_BOUND('',#3232,.T.);
#3232 = EDGE_LOOP('',(#3233,#3253,#3254,#3255));
#3233 = ORIENTED_EDGE('',*,*,#3234,.F.);
#3234 = EDGE_CURVE('',#1860,#2902,#3235,.T.);
#3235 = SURFACE_CURVE('',#3236,(#3239,#3246),.PCURVE_S1.);
#3236 = B_SPLINE_CURVE_WITH_KNOTS('',1,(#3237,#3238),.UNSPECIFIED.,.F.,
  .F.,(2,2),(0.,1.),.PIECEWISE_BEZIER_KNOTS.);
#3237 = CARTESIAN_POINT('',(33.75,13.75,37.9));
#3238 = CARTESIAN_POINT('',(30.568474576271,10.9,54.1));
#3239 = PCURVE('',#1915,#3240);
#3240 = DEFINITIONAL_REPRESENTATION('',(#3241),#3245);
#3241 = LINE('',#3242,#3243);
#3242 = CARTESIAN_POINT('',(1.,0.));
#3243 = VECTOR('',#3244,1.);
#3244 = DIRECTION('',(0.,1.));
#3245 = ( GEOMETRIC_REPRESENTATION_CONTEXT(2) 
PARAMETRIC_REPRESENTATION_CONTEXT() REPRESENTATION_CONTEXT('2D SPACE',''
  ) );
#3246 = PCURVE('',#1876,#3247);
#3247 = DEFINITIONAL_REPRESENTATION('',(#3248),#3252);
#3248 = LINE('',#3249,#3250);
#3249 = CARTESIAN_POINT('',(2.231525423729,0.));
#3250 = VECTOR('',#3251,1.);
#3251 = DIRECTION('',(0.,1.));
#3252 = ( GEOMETRIC_REPRESENTATION_CONTEXT(2) 
PARAMETRIC_REPRESENTATION_CONTEXT() REPRESENTATION_CONTEXT('2D SPACE',''
  ) );
#3253 = ORIENTED_EDGE('',*,*,#1899,.T.);
#3254 = ORIENTED_EDGE('',*,*,#3208,.T.);
#3255 = ORIENTED_EDGE('',*,*,#2951,.T.);
#3256 = ADVANCED_FACE('',(#3257),#1876,.T.);
#3257 = FACE_BOUND('',#3258,.T.);
#3258 = EDGE_LOOP('',(#3259,#3260,#3261,#3262));
#3259 = ORIENTED_EDGE('',*,*,#3124,.F.);
#3260 = ORIENTED_EDGE('',*,*,#1859,.T.);
#3261 = ORIENTED_EDGE('',*,*,#3234,.T.);
#3262 = ORIENTED_EDGE('',*,*,#2901,.T.);
#3263 = ADVANCED_FACE('',(#3264),#1758,.F.);
#3264 = FACE_BOUND('',#3265,.F.);
#3265 = EDGE_LOOP('',(#3266,#3267,#3268,#3269));
#3266 = ORIENTED_EDGE('',*,*,#2079,.F.);
#3267 = ORIENTED_EDGE('',*,*,#1743,.T.);
#3268 = ORIENTED_EDGE('',*,*,#2155,.T.);
#3269 = ORIENTED_EDGE('',*,*,#2128,.T.);
#3270 = ADVANCED_FACE('',(#3271),#2368,.T.);
#3271 = FACE_BOUND('',#3272,.T.);
#3272 = EDGE_LOOP('',(#3273,#3274,#3275));
#3273 = ORIENTED_EDGE('',*,*,#3079,.T.);
#3274 = ORIENTED_EDGE('',*,*,#2353,.T.);
#3275 = ORIENTED_EDGE('',*,*,#2723,.T.);
#3276 = ADVANCED_FACE('',(#3277),#2298,.F.);
#3277 = FACE_BOUND('',#3278,.F.);
#3278 = EDGE_LOOP('',(#3279,#3280));
#3279 = ORIENTED_EDGE('',*,*,#2284,.T.);
#3280 = ORIENTED_EDGE('',*,*,#2449,.T.);
#3281 = ADVANCED_FACE('',(#3282),#2660,.T.);
#3282 = FACE_BOUND('',#3283,.T.);
#3283 = EDGE_LOOP('',(#3284));
#3284 = ORIENTED_EDGE('',*,*,#2645,.T.);
#3285 = ( GEOMETRIC_REPRESENTATION_CONTEXT(3) 
GLOBAL_UNCERTAINTY_ASSIGNED_CONTEXT((#3289)) 
GLOBAL_UNIT_ASSIGNED_CONTEXT((#3286,#3287,#3288)) REPRESENTATION_CONTEXT
('Context #1','3D Context with UNIT and UNCERTAINTY') );
#3286 = ( LENGTH_UNIT() NAMED_UNIT(*) SI_UNIT(.MILLI.,.METRE.) );
#3287 = ( NAMED_UNIT(*) PLANE_ANGLE_UNIT() SI_UNIT($,.RADIAN.) );
#3288 = ( NAMED_UNIT(*) SI_UNIT($,.STERADIAN.) SOLID_ANGLE_UNIT() );
#3289 = UNCERTAINTY_MEASURE_WITH_UNIT(LENGTH_MEASURE(2.E-06),#3286,
  'distance_accuracy_value','confusion accuracy');
#3290 = CONTEXT_DEPENDENT_SHAPE_REPRESENTATION(#3291,#3293);
#3291 = ( REPRESENTATION_RELATIONSHIP('','',#365,#10) 
REPRESENTATION_RELATIONSHIP_WITH_TRANSFORMATION(#3292) 
SHAPE_REPRESENTATION_RELATIONSHIP() );
#3292 = ITEM_DEFINED_TRANSFORMATION('','',#11,#19);
#3293 = PRODUCT_DEFINITION_SHAPE('Placement','Placement of an item',
  #3294);
#3294 = NEXT_ASSEMBLY_USAGE_OCCURRENCE('20','foam_R','',#5,#360,$);
#3295 = PRODUCT_RELATED_PRODUCT_CATEGORY('part',$,(#362));
#3296 = SHAPE_DEFINITION_REPRESENTATION(#3297,#3303);
#3297 = PRODUCT_DEFINITION_SHAPE('','',#3298);
#3298 = PRODUCT_DEFINITION('design','',#3299,#3302);
#3299 = PRODUCT_DEFINITION_FORMATION('','',#3300);
#3300 = PRODUCT('band_R','band_R','',(#3301));
#3301 = PRODUCT_CONTEXT('',#2,'mechanical');
#3302 = PRODUCT_DEFINITION_CONTEXT('part definition',#2,'design');
#3303 = ADVANCED_BREP_SHAPE_REPRESENTATION('',(#11,#3304),#4364);
#3304 = MANIFOLD_SOLID_BREP('',#3305);
#3305 = CLOSED_SHELL('',(#3306,#3425,#3889,#4338));
#3306 = ADVANCED_FACE('',(#3307),#3320,.F.);
#3307 = FACE_BOUND('',#3308,.F.);
#3308 = EDGE_LOOP('',(#3309,#3348,#3386,#3387));
#3309 = ORIENTED_EDGE('',*,*,#3310,.T.);
#3310 = EDGE_CURVE('',#3311,#3313,#3315,.T.);
#3311 = VERTEX_POINT('',#3312);
#3312 = CARTESIAN_POINT('',(22.789996966407,18.54004806732,
    37.591841943149));
#3313 = VERTEX_POINT('',#3314);
#3314 = CARTESIAN_POINT('',(22.789996966407,18.54004806732,
    42.620548988139));
#3315 = SEAM_CURVE('',#3316,(#3319,#3341),.PCURVE_S1.);
#3316 = B_SPLINE_CURVE_WITH_KNOTS('',1,(#3317,#3318),.UNSPECIFIED.,.F.,
  .F.,(2,2),(0.,5.02870704499),.PIECEWISE_BEZIER_KNOTS.);
#3317 = CARTESIAN_POINT('',(22.789996966407,18.54004806732,
    37.591841943149));
#3318 = CARTESIAN_POINT('',(22.789996966407,18.54004806732,
    42.620548988139));
#3319 = PCURVE('',#3320,#3335);
#3320 = ( BOUNDED_SURFACE() B_SPLINE_SURFACE(2,1,(
    (#3321,#3322)
    ,(#3323,#3324)
    ,(#3325,#3326)
    ,(#3327,#3328)
    ,(#3329,#3330)
    ,(#3331,#3332)
    ,(#3333,#3334
)),.UNSPECIFIED.,.T.,.F.,.F.) B_SPLINE_SURFACE_WITH_KNOTS((3,2,2,3),(2,2
    ),(0.,2.094395102393,4.188790204786,6.28318530718),(-5.02870704499,
0.),.PIECEWISE_BEZIER_KNOTS.) GEOMETRIC_REPRESENTATION_ITEM() 
RATIONAL_B_SPLINE_SURFACE((
    (1.,1.)
    ,(0.5,0.5)
    ,(1.,1.)
    ,(0.5,0.5)
    ,(1.,1.)
    ,(0.5,0.5)
,(1.,1.))) REPRESENTATION_ITEM('') SURFACE() );
#3321 = CARTESIAN_POINT('',(22.789996966407,18.54004806732,
    42.620548988139));
#3322 = CARTESIAN_POINT('',(22.789996966407,18.54004806732,
    37.591841943149));
#3323 = CARTESIAN_POINT('',(1.261507003429,17.48548228928,
    42.079683846134));
#3324 = CARTESIAN_POINT('',(1.261507003429,17.48548228928,
    37.050976801145));
#3325 = CARTESIAN_POINT('',(13.414315679773,-10.33414327456,
    40.415896749614));
#3326 = CARTESIAN_POINT('',(13.414315679773,-10.33414327456,
    35.387189704625));
#3327 = CARTESIAN_POINT('',(25.567124356117,-38.15376883841,
    38.752109653094));
#3328 = CARTESIAN_POINT('',(25.567124356117,-38.15376883841,
    33.723402608104));
#3329 = CARTESIAN_POINT('',(34.942805642751,-9.279577496529,
    40.956761891619));
#3330 = CARTESIAN_POINT('',(34.942805642751,-9.279577496529,
    35.928054846629));
#3331 = CARTESIAN_POINT('',(44.318486929386,19.594613845361,
    43.161414130143));
#3332 = CARTESIAN_POINT('',(44.318486929386,19.594613845361,
    38.132707085154));
#3333 = CARTESIAN_POINT('',(22.789996966407,18.54004806732,
    42.620548988139));
#3334 = CARTESIAN_POINT('',(22.789996966407,18.54004806732,
    37.591841943149));
#3335 = DEFINITIONAL_REPRESENTATION('',(#3336),#3340);
#3336 = B_SPLINE_CURVE_WITH_KNOTS('',2,(#3337,#3338,#3339),
  .UNSPECIFIED.,.F.,.F.,(3,3),(0.,5.02870704499),
  .PIECEWISE_BEZIER_KNOTS.);
#3337 = CARTESIAN_POINT('',(0.,0.));
#3338 = CARTESIAN_POINT('',(-2.232099375439E-17,-2.514353522495));
#3339 = CARTESIAN_POINT('',(0.,-5.02870704499));
#3340 = ( GEOMETRIC_REPRESENTATION_CONTEXT(2) 
PARAMETRIC_REPRESENTATION_CONTEXT() REPRESENTATION_CONTEXT('2D SPACE',''
  ) );
#3341 = PCURVE('',#3320,#3342);
#3342 = DEFINITIONAL_REPRESENTATION('',(#3343),#3347);
#3343 = B_SPLINE_CURVE_WITH_KNOTS('',2,(#3344,#3345,#3346),
  .UNSPECIFIED.,.F.,.F.,(3,3),(0.,5.02870704499),
  .PIECEWISE_BEZIER_KNOTS.);
#3344 = CARTESIAN_POINT('',(6.28318530718,0.));
#3345 = CARTESIAN_POINT('',(6.28318530718,-2.514353522495));
#3346 = CARTESIAN_POINT('',(6.28318530718,-5.02870704499));
#3347 = ( GEOMETRIC_REPRESENTATION_CONTEXT(2) 
PARAMETRIC_REPRESENTATION_CONTEXT() REPRESENTATION_CONTEXT('2D SPACE',''
  ) );
#3348 = ORIENTED_EDGE('',*,*,#3349,.T.);
#3349 = EDGE_CURVE('',#3313,#3313,#3350,.T.);
#3350 = SURFACE_CURVE('',#3351,(#3359,#3370),.PCURVE_S1.);
#3351 = ( BOUNDED_CURVE() B_SPLINE_CURVE(2,(#3352,#3353,#3354,#3355,
#3356,#3357,#3358),.UNSPECIFIED.,.T.,.F.) B_SPLINE_CURVE_WITH_KNOTS((1,2
    ,2,2,2,1),(-2.094395102393,0.,2.094395102393,4.188790204786,
6.28318530718,8.377580409573),.UNSPECIFIED.) CURVE() 
GEOMETRIC_REPRESENTATION_ITEM() RATIONAL_B_SPLINE_CURVE((1.,0.5,1.,0.5,
1.,0.5,1.)) REPRESENTATION_ITEM('') );
#3352 = CARTESIAN_POINT('',(22.789996966407,18.54004806732,
    42.620548988139));
#3353 = CARTESIAN_POINT('',(1.261507003429,17.48548228928,
    42.079683846134));
#3354 = CARTESIAN_POINT('',(13.414315679773,-10.33414327456,
    40.415896749614));
#3355 = CARTESIAN_POINT('',(25.567124356117,-38.15376883841,
    38.752109653094));
#3356 = CARTESIAN_POINT('',(34.942805642751,-9.279577496529,
    40.956761891619));
#3357 = CARTESIAN_POINT('',(44.318486929386,19.594613845361,
    43.161414130143));
#3358 = CARTESIAN_POINT('',(22.789996966407,18.54004806732,
    42.620548988139));
#3359 = PCURVE('',#3320,#3360);
#3360 = DEFINITIONAL_REPRESENTATION('',(#3361),#3369);
#3361 = B_SPLINE_CURVE_WITH_KNOTS('',2,(#3362,#3363,#3364,#3365,#3366,
    #3367,#3368),.UNSPECIFIED.,.F.,.F.,(3,2,2,3),(0.,2.094395102393,
    4.188790204786,6.28318530718),.PIECEWISE_BEZIER_KNOTS.);
#3362 = CARTESIAN_POINT('',(0.,-5.02870704499));
#3363 = CARTESIAN_POINT('',(1.047197551197,-5.02870704499));
#3364 = CARTESIAN_POINT('',(2.094395102393,-5.02870704499));
#3365 = CARTESIAN_POINT('',(3.14159265359,-5.02870704499));
#3366 = CARTESIAN_POINT('',(4.188790204786,-5.02870704499));
#3367 = CARTESIAN_POINT('',(5.235987755983,-5.02870704499));
#3368 = CARTESIAN_POINT('',(6.28318530718,-5.02870704499));
#3369 = ( GEOMETRIC_REPRESENTATION_CONTEXT(2) 
PARAMETRIC_REPRESENTATION_CONTEXT() REPRESENTATION_CONTEXT('2D SPACE',''
  ) );
#3370 = PCURVE('',#3371,#3376);
#3371 = B_SPLINE_SURFACE_WITH_KNOTS('',1,1,(
    (#3372,#3373)
    ,(#3374,#3375
    )),.UNSPECIFIED.,.F.,.F.,.F.,(2,2),(2,2),(-12.44438278992,
    12.444382789922),(-19.93296027519,17.908236040638),
  .PIECEWISE_BEZIER_KNOTS.);
#3372 = CARTESIAN_POINT('',(12.211935750842,-19.86468370566,
    39.729320796111));
#3373 = CARTESIAN_POINT('',(10.360517491036,17.931194231491,
    42.308280352807));
#3374 = CARTESIAN_POINT('',(37.070894701586,-18.646976034,
    40.353858066774));
#3375 = CARTESIAN_POINT('',(35.219476441779,19.14890190315,
    42.93281762347));
#3376 = DEFINITIONAL_REPRESENTATION('',(#3377),#3385);
#3377 = ( BOUNDED_CURVE() B_SPLINE_CURVE(2,(#3378,#3379,#3380,#3381,
#3382,#3383,#3384),.UNSPECIFIED.,.T.,.F.) B_SPLINE_CURVE_WITH_KNOTS((3,2
    ,2,3),(0.,2.094395102393,4.188790204786,6.28318530718),
.PIECEWISE_BEZIER_KNOTS.) CURVE() GEOMETRIC_REPRESENTATION_ITEM() 
RATIONAL_B_SPLINE_CURVE((1.,0.5,1.,0.5,1.,0.5,1.)) REPRESENTATION_ITEM(
  '') );
#3378 = CARTESIAN_POINT('',(1.8416120377E-15,17.908236040638));
#3379 = CARTESIAN_POINT('',(-21.55430326098,17.908236040638));
#3380 = CARTESIAN_POINT('',(-10.77715163049,-10.47266119623));
#3381 = CARTESIAN_POINT('',(-7.508207786889E-15,-38.85355843311));
#3382 = CARTESIAN_POINT('',(10.77715163049,-10.47266119623));
#3383 = CARTESIAN_POINT('',(21.55430326098,17.908236040638));
#3384 = CARTESIAN_POINT('',(1.8416120377E-15,17.908236040638));
#3385 = ( GEOMETRIC_REPRESENTATION_CONTEXT(2) 
PARAMETRIC_REPRESENTATION_CONTEXT() REPRESENTATION_CONTEXT('2D SPACE',''
  ) );
#3386 = ORIENTED_EDGE('',*,*,#3310,.F.);
#3387 = ORIENTED_EDGE('',*,*,#3388,.F.);
#3388 = EDGE_CURVE('',#3311,#3311,#3389,.T.);
#3389 = SURFACE_CURVE('',#3390,(#3398,#3409),.PCURVE_S1.);
#3390 = ( BOUNDED_CURVE() B_SPLINE_CURVE(2,(#3391,#3392,#3393,#3394,
#3395,#3396,#3397),.UNSPECIFIED.,.T.,.F.) B_SPLINE_CURVE_WITH_KNOTS((1,2
    ,2,2,2,1),(-2.094395102393,0.,2.094395102393,4.188790204786,
6.28318530718,8.377580409573),.UNSPECIFIED.) CURVE() 
GEOMETRIC_REPRESENTATION_ITEM() RATIONAL_B_SPLINE_CURVE((1.,0.5,1.,0.5,
1.,0.5,1.)) REPRESENTATION_ITEM('') );
#3391 = CARTESIAN_POINT('',(22.789996966407,18.54004806732,
    37.591841943149));
#3392 = CARTESIAN_POINT('',(1.261507003429,17.48548228928,
    37.050976801145));
#3393 = CARTESIAN_POINT('',(13.414315679773,-10.33414327456,
    35.387189704625));
#3394 = CARTESIAN_POINT('',(25.567124356117,-38.15376883841,
    33.723402608104));
#3395 = CARTESIAN_POINT('',(34.942805642751,-9.279577496529,
    35.928054846629));
#3396 = CARTESIAN_POINT('',(44.318486929386,19.594613845361,
    38.132707085154));
#3397 = CARTESIAN_POINT('',(22.789996966407,18.54004806732,
    37.591841943149));
#3398 = PCURVE('',#3320,#3399);
#3399 = DEFINITIONAL_REPRESENTATION('',(#3400),#3408);
#3400 = B_SPLINE_CURVE_WITH_KNOTS('',2,(#3401,#3402,#3403,#3404,#3405,
    #3406,#3407),.UNSPECIFIED.,.F.,.F.,(3,2,2,3),(0.,2.094395102393,
    4.188790204786,6.28318530718),.PIECEWISE_BEZIER_KNOTS.);
#3401 = CARTESIAN_POINT('',(0.,0.));
#3402 = CARTESIAN_POINT('',(1.047197551197,-1.059450955621E-15));
#3403 = CARTESIAN_POINT('',(2.094395102393,0.));
#3404 = CARTESIAN_POINT('',(3.14159265359,-3.146133054449E-16));
#3405 = CARTESIAN_POINT('',(4.188790204786,0.));
#3406 = CARTESIAN_POINT('',(5.235987755983,1.434081149102E-16));
#3407 = CARTESIAN_POINT('',(6.28318530718,0.));
#3408 = ( GEOMETRIC_REPRESENTATION_CONTEXT(2) 
PARAMETRIC_REPRESENTATION_CONTEXT() REPRESENTATION_CONTEXT('2D SPACE',''
  ) );
#3409 = PCURVE('',#3410,#3415);
#3410 = B_SPLINE_SURFACE_WITH_KNOTS('',1,1,(
    (#3411,#3412)
    ,(#3413,#3414
    )),.UNSPECIFIED.,.F.,.F.,.F.,(2,2),(2,2),(-12.44438278992,
    12.444382789922),(-19.93296027519,17.908236040638),
  .PIECEWISE_BEZIER_KNOTS.);
#3411 = CARTESIAN_POINT('',(12.211935750842,-19.86468370566,
    34.700613751121));
#3412 = CARTESIAN_POINT('',(10.360517491036,17.931194231491,
    37.279573307818));
#3413 = CARTESIAN_POINT('',(37.070894701586,-18.646976034,
    35.325151021784));
#3414 = CARTESIAN_POINT('',(35.219476441779,19.14890190315,
    37.904110578481));
#3415 = DEFINITIONAL_REPRESENTATION('',(#3416),#3424);
#3416 = ( BOUNDED_CURVE() B_SPLINE_CURVE(2,(#3417,#3418,#3419,#3420,
#3421,#3422,#3423),.UNSPECIFIED.,.T.,.F.) B_SPLINE_CURVE_WITH_KNOTS((3,2
    ,2,3),(0.,2.094395102393,4.188790204786,6.28318530718),
.PIECEWISE_BEZIER_KNOTS.) CURVE() GEOMETRIC_REPRESENTATION_ITEM() 
RATIONAL_B_SPLINE_CURVE((1.,0.5,1.,0.5,1.,0.5,1.)) REPRESENTATION_ITEM(
  '') );
#3417 = CARTESIAN_POINT('',(1.8416120377E-15,17.908236040638));
#3418 = CARTESIAN_POINT('',(-21.55430326098,17.908236040638));
#3419 = CARTESIAN_POINT('',(-10.77715163049,-10.47266119623));
#3420 = CARTESIAN_POINT('',(-7.508207786889E-15,-38.85355843311));
#3421 = CARTESIAN_POINT('',(10.77715163049,-10.47266119623));
#3422 = CARTESIAN_POINT('',(21.55430326098,17.908236040638));
#3423 = CARTESIAN_POINT('',(1.8416120377E-15,17.908236040638));
#3424 = ( GEOMETRIC_REPRESENTATION_CONTEXT(2) 
PARAMETRIC_REPRESENTATION_CONTEXT() REPRESENTATION_CONTEXT('2D SPACE',''
  ) );
#3425 = ADVANCED_FACE('',(#3426,#3429),#3410,.F.);
#3426 = FACE_BOUND('',#3427,.F.);
#3427 = EDGE_LOOP('',(#3428));
#3428 = ORIENTED_EDGE('',*,*,#3388,.T.);
#3429 = FACE_BOUND('',#3430,.F.);
#3430 = EDGE_LOOP('',(#3431));
#3431 = ORIENTED_EDGE('',*,*,#3432,.T.);
#3432 = EDGE_CURVE('',#3433,#3433,#3435,.T.);
#3433 = VERTEX_POINT('',#3434);
#3434 = CARTESIAN_POINT('',(22.848708162883,17.341485179772,
    37.510059341928));
#3435 = SURFACE_CURVE('',#3436,(#3595,#3757),.PCURVE_S1.);
#3436 = B_SPLINE_CURVE_WITH_KNOTS('',7,(#3437,#3438,#3439,#3440,#3441,
    #3442,#3443,#3444,#3445,#3446,#3447,#3448,#3449,#3450,#3451,#3452,
    #3453,#3454,#3455,#3456,#3457,#3458,#3459,#3460,#3461,#3462,#3463,
    #3464,#3465,#3466,#3467,#3468,#3469,#3470,#3471,#3472,#3473,#3474,
    #3475,#3476,#3477,#3478,#3479,#3480,#3481,#3482,#3483,#3484,#3485,
    #3486,#3487,#3488,#3489,#3490,#3491,#3492,#3493,#3494,#3495,#3496,
    #3497,#3498,#3499,#3500,#3501,#3502,#3503,#3504,#3505,#3506,#3507,
    #3508,#3509,#3510,#3511,#3512,#3513,#3514,#3515,#3516,#3517,#3518,
    #3519,#3520,#3521,#3522,#3523,#3524,#3525,#3526,#3527,#3528,#3529,
    #3530,#3531,#3532,#3533,#3534,#3535,#3536,#3537,#3538,#3539,#3540,
    #3541,#3542,#3543,#3544,#3545,#3546,#3547,#3548,#3549,#3550,#3551,
    #3552,#3553,#3554,#3555,#3556,#3557,#3558,#3559,#3560,#3561,#3562,
    #3563,#3564,#3565,#3566,#3567,#3568,#3569,#3570,#3571,#3572,#3573,
    #3574,#3575,#3576,#3577,#3578,#3579,#3580,#3581,#3582,#3583,#3584,
    #3585,#3586,#3587,#3588,#3589,#3590,#3591,#3592,#3593,#3594),
  .UNSPECIFIED.,.T.,.F.,(8,6,6,6,6,6,6,6,6,6,6,6,6,6,6,6,6,6,6,6,6,6,6,6
    ,6,6,8),(0.,4.01049318765E-02,6.756258204255E-02,0.106638257613,
    0.140263247705,0.168195863742,0.249995962794,0.331796061846,
    0.359728677883,0.393353667974,0.432429343545,0.459886993711,
    0.473602027305,0.499998573139,0.517751531533,0.540111306246,
    0.567569057914,0.606644877934,0.640269992325,0.668202711619,
    0.750003113058,0.831803514497,0.859736233791,0.893361348183,
    0.932437168203,0.95989491987,1.),.UNSPECIFIED.);
#3437 = CARTESIAN_POINT('',(22.848708162883,17.341485179772,
    37.510059341928));
#3438 = CARTESIAN_POINT('',(23.37512885188,17.367271740698,
    37.523284729964));
#3439 = CARTESIAN_POINT('',(23.904188330777,17.347711520501,
    37.533425002565));
#3440 = CARTESIAN_POINT('',(24.430397165353,17.282406859076,
    37.540333324444));
#3441 = CARTESIAN_POINT('',(24.949308555738,17.173122444009,
    37.544035362301));
#3442 = CARTESIAN_POINT('',(25.457353397949,17.022795401621,
    37.544657101966));
#3443 = CARTESIAN_POINT('',(25.951750977011,16.835051763209,
    37.54238939983));
#3444 = CARTESIAN_POINT('',(26.758153650211,16.462331590949,
    37.534082603956));
#3445 = CARTESIAN_POINT('',(27.078618230816,16.295103072309,
    37.529457230155));
#3446 = CARTESIAN_POINT('',(27.391288274604,16.113295240459,
    37.523652170415));
#3447 = CARTESIAN_POINT('',(27.695811412901,15.918085862061,
    37.516741385406));
#3448 = CARTESIAN_POINT('',(27.991982237985,15.710599374405,
    37.508798333433));
#3449 = CARTESIAN_POINT('',(28.279716255246,15.491865414224,
    37.499892530571));
#3450 = CARTESIAN_POINT('',(28.956535517271,14.936792407062,
    37.476133325376));
#3451 = CARTESIAN_POINT('',(29.33689813928,14.589929860954,
    37.460361131868));
#3452 = CARTESIAN_POINT('',(29.700238490621,14.224794364506,
    37.442952783374));
#3453 = CARTESIAN_POINT('',(30.046817170951,13.843677056022,
    37.424072714268));
#3454 = CARTESIAN_POINT('',(30.37701276686,13.448548497733,
    37.403865707262));
#3455 = CARTESIAN_POINT('',(30.691296910107,13.041036568027,
    37.382454819422));
#3456 = CARTESIAN_POINT('',(31.247426136727,12.262166747591,
    37.340564450761));
#3457 = CARTESIAN_POINT('',(31.493217249938,11.89375586582,
    37.320374934524));
#3458 = CARTESIAN_POINT('',(31.727900076433,11.5180195971,
    37.299436413389));
#3459 = CARTESIAN_POINT('',(31.951771012681,11.13570788489,
    37.277807297434));
#3460 = CARTESIAN_POINT('',(32.165109639823,10.747475391311,
    37.255539028529));
#3461 = CARTESIAN_POINT('',(32.368182912839,10.353884161097,
    37.232676355971));
#3462 = CARTESIAN_POINT('',(32.721631474979,9.624386369677,
    37.189803400422));
#3463 = CARTESIAN_POINT('',(32.875101525829,9.290006756114,
    37.169966177313));
#3464 = CARTESIAN_POINT('',(33.021803004032,8.952545578878,
    37.149768335096));
#3465 = CARTESIAN_POINT('',(33.161866479507,8.612256619849,
    37.129230297525));
#3466 = CARTESIAN_POINT('',(33.29541120478,8.269370007811,
    37.108370603323));
#3467 = CARTESIAN_POINT('',(33.422546729455,7.924092917502,
    37.087205989706));
#3468 = CARTESIAN_POINT('',(33.897216039891,6.559013975493,
    37.00292233521));
#3469 = CARTESIAN_POINT('',(34.196856871309,5.522805582974,36.9376256992
    ));
#3470 = CARTESIAN_POINT('',(34.445024337624,4.472240714898,
    36.870215736425));
#3471 = CARTESIAN_POINT('',(34.643297753221,3.410965828483,
    36.80097945642));
#3472 = CARTESIAN_POINT('',(34.792746116937,2.342156520368,
    36.730160150422));
#3473 = CARTESIAN_POINT('',(34.893902137554,1.268515016573,
    36.657956653037));
#3474 = CARTESIAN_POINT('',(34.999342921524,-0.884011555526,
    36.511081404276));
#3475 = CARTESIAN_POINT('',(35.00360333134,-1.962399457943,
    36.436443576459));
#3476 = CARTESIAN_POINT('',(34.959330324337,-3.040698141701,
    36.360757364473));
#3477 = CARTESIAN_POINT('',(34.865729640305,-4.116270381864,
    36.284188265185));
#3478 = CARTESIAN_POINT('',(34.721427032204,-5.186060263414,
    36.206918187608));
#3479 = CARTESIAN_POINT('',(34.524494360605,-6.246593140528,
    36.129146022722));
#3480 = CARTESIAN_POINT('',(34.185513259726,-7.651528471934,
    36.024420844179));
#3481 = CARTESIAN_POINT('',(34.092731987036,-8.007578111962,
    35.997731210923));
#3482 = CARTESIAN_POINT('',(33.993338564904,-8.361875120135,
    35.971019358749));
#3483 = CARTESIAN_POINT('',(33.887203720011,-8.714224020373,
    35.944296024869));
#3484 = CARTESIAN_POINT('',(33.774186279163,-9.064407440758,
    35.917573205272));
#3485 = CARTESIAN_POINT('',(33.654131494221,-9.412185575618,
    35.890864155601));
#3486 = CARTESIAN_POINT('',(33.373672395319,-10.17273511878,
    35.832065393937));
#3487 = CARTESIAN_POINT('',(33.210038899891,-10.58428935565,
    35.799989863965));
#3488 = CARTESIAN_POINT('',(33.035665460692,-10.99151379328,
    35.767981016775));
#3489 = CARTESIAN_POINT('',(32.850231469461,-11.39387516852,
    35.736068840182));
#3490 = CARTESIAN_POINT('',(32.653394700272,-11.79074927826,
    35.704289154256));
#3491 = CARTESIAN_POINT('',(32.444786880081,-12.18141873765,
    35.672683670431));
#3492 = CARTESIAN_POINT('',(31.967442817409,-13.01091289659,
    35.604829117644));
#3493 = CARTESIAN_POINT('',(31.694491411381,-13.44719036047,
    35.56866497775));
#3494 = CARTESIAN_POINT('',(31.404494442454,-13.87269884117,
    35.532876732105));
#3495 = CARTESIAN_POINT('',(31.096823436429,-14.28586434861,
    35.497559799563));
#3496 = CARTESIAN_POINT('',(30.770909026682,-14.68476275573,
    35.462835147191));
#3497 = CARTESIAN_POINT('',(30.426267937218,-15.06713936271,
    35.428848520806));
#3498 = CARTESIAN_POINT('',(29.806938905059,-15.68570375439,
    35.372525887688));
#3499 = CARTESIAN_POINT('',(29.541960337664,-15.93151215304,
    35.349734161053));
#3500 = CARTESIAN_POINT('',(29.267486084163,-16.1669514963,
    35.32745466319));
#3501 = CARTESIAN_POINT('',(28.983499603292,-16.39098881876,
    35.30575861738));
#3502 = CARTESIAN_POINT('',(28.690095422723,-16.6024849909,
    35.284727017274));
#3503 = CARTESIAN_POINT('',(28.38750911537,-16.80023344594,
    35.264448594534));
#3504 = CARTESIAN_POINT('',(27.920638553776,-17.07431100728,
    35.235311018595));
#3505 = CARTESIAN_POINT('',(27.762935135833,-17.16187271376,
    35.225816458651));
#3506 = CARTESIAN_POINT('',(27.60310250079,-17.24554485718,
    35.216545173576));
#3507 = CARTESIAN_POINT('',(27.441207687358,-17.3251731338,
    35.207509313012));
#3508 = CARTESIAN_POINT('',(27.277331152117,-17.40060489638,
    35.198721203363));
#3509 = CARTESIAN_POINT('',(27.111568082106,-17.47169185888,
    35.190193188879));
#3510 = CARTESIAN_POINT('',(26.621578118487,-17.66647586088,
    35.166048164326));
#3511 = CARTESIAN_POINT('',(26.292497264155,-17.77806314304,
    35.151164869183));
#3512 = CARTESIAN_POINT('',(25.957652745128,-17.87200858826,
    35.137378885771));
#3513 = CARTESIAN_POINT('',(25.618040207148,-17.94743286114,
    35.124772784565));
#3514 = CARTESIAN_POINT('',(25.274793693497,-18.00366329612,
    35.113417821371));
#3515 = CARTESIAN_POINT('',(24.929197856747,-18.04029412447,
    35.103370029055));
#3516 = CARTESIAN_POINT('',(24.349670131698,-18.06868211971,
    35.088810420604));
#3517 = CARTESIAN_POINT('',(24.116190902565,-18.07120729642,
    35.083562235852));
#3518 = CARTESIAN_POINT('',(23.88268888678,-18.06482104907,
    35.078931102122));
#3519 = CARTESIAN_POINT('',(23.649568996784,-18.04957037847,
    35.074922560549));
#3520 = CARTESIAN_POINT('',(23.417218833663,-18.02556448577,
    35.071537465745));
#3521 = CARTESIAN_POINT('',(23.186009007799,-17.99296850859,
    35.068772426832));
#3522 = CARTESIAN_POINT('',(22.666967918074,-17.90039458711,
    35.063909562719));
#3523 = CARTESIAN_POINT('',(22.37998762726,-17.83550032198,
    35.062170920494));
#3524 = CARTESIAN_POINT('',(22.09605147842,-17.75774305696,
    35.061389806902));
#3525 = CARTESIAN_POINT('',(21.815744997586,-17.66765587174,
    35.061542003154));
#3526 = CARTESIAN_POINT('',(21.539551051209,-17.56584181457,
    35.062596211107));
#3527 = CARTESIAN_POINT('',(21.267860551889,-17.45293938618,
    35.064516677786));
#3528 = CARTESIAN_POINT('',(20.673258542411,-17.17811339346,
    35.070641725646));
#3529 = CARTESIAN_POINT('',(20.352793961807,-17.01088487482,
    35.075267099447));
#3530 = CARTESIAN_POINT('',(20.040123918018,-16.82907704297,
    35.081072159187));
#3531 = CARTESIAN_POINT('',(19.735600779721,-16.63386766458,
    35.087982944196));
#3532 = CARTESIAN_POINT('',(19.439429954638,-16.42638117692,
    35.095925996169));
#3533 = CARTESIAN_POINT('',(19.151695937376,-16.20764721674,
    35.104831799031));
#3534 = CARTESIAN_POINT('',(18.474876675351,-15.65257420958,
    35.128591004226));
#3535 = CARTESIAN_POINT('',(18.094514053342,-15.30571166347,
    35.144363197734));
#3536 = CARTESIAN_POINT('',(17.731173702001,-14.94057616702,
    35.161771546228));
#3537 = CARTESIAN_POINT('',(17.384595021671,-14.55945885854,
    35.180651615334));
#3538 = CARTESIAN_POINT('',(17.054399425762,-14.16433030025,
    35.20085862234));
#3539 = CARTESIAN_POINT('',(16.740115282515,-13.75681837054,
    35.22226951018));
#3540 = CARTESIAN_POINT('',(16.183986055895,-12.97794855011,
    35.264159878841));
#3541 = CARTESIAN_POINT('',(15.938194942684,-12.60953766834,
    35.284349395078));
#3542 = CARTESIAN_POINT('',(15.703512116188,-12.23380139962,
    35.305287916213));
#3543 = CARTESIAN_POINT('',(15.479641179941,-11.8514896874,
    35.326917032168));
#3544 = CARTESIAN_POINT('',(15.266302552798,-11.46325719383,
    35.349185301073));
#3545 = CARTESIAN_POINT('',(15.063229279782,-11.06966596361,
    35.37204797363));
#3546 = CARTESIAN_POINT('',(14.709780717643,-10.34016817219,
    35.414920929179));
#3547 = CARTESIAN_POINT('',(14.556310666792,-10.00578855863,
    35.434758152289));
#3548 = CARTESIAN_POINT('',(14.409609188589,-9.668327381398,
    35.454955994506));
#3549 = CARTESIAN_POINT('',(14.269545713114,-9.328038422369,
    35.475494032077));
#3550 = CARTESIAN_POINT('',(14.136000987841,-8.98515181033,
    35.496353726279));
#3551 = CARTESIAN_POINT('',(14.008865463167,-8.639874720022,
    35.517518339896));
#3552 = CARTESIAN_POINT('',(13.534196152735,-7.27479577801,
    35.601801994393));
#3553 = CARTESIAN_POINT('',(13.234555321294,-6.238587385502,
    35.667098630401));
#3554 = CARTESIAN_POINT('',(12.986387855029,-5.188022517402,
    35.734508593178));
#3555 = CARTESIAN_POINT('',(12.788114439368,-4.126747631017,
    35.80374487318));
#3556 = CARTESIAN_POINT('',(12.638666075702,-3.057938322879,
    35.874564179181));
#3557 = CARTESIAN_POINT('',(12.537510055063,-1.984296819094,
    35.946767676565));
#3558 = CARTESIAN_POINT('',(12.432069271099,0.168229753011,
    36.093642925326));
#3559 = CARTESIAN_POINT('',(12.427808861276,1.246617655408,
    36.168280753142));
#3560 = CARTESIAN_POINT('',(12.472081868292,2.324916339212,
    36.243966965131));
#3561 = CARTESIAN_POINT('',(12.565682552309,3.400488579313,
    36.320536064414));
#3562 = CARTESIAN_POINT('',(12.709985160421,4.470278460914,
    36.397806141995));
#3563 = CARTESIAN_POINT('',(12.906917832016,5.530811338005,
    36.47557830688));
#3564 = CARTESIAN_POINT('',(13.245898932895,6.935746669415,
    36.580303485423));
#3565 = CARTESIAN_POINT('',(13.338680205585,7.291796309444,
    36.606993118679));
#3566 = CARTESIAN_POINT('',(13.438073627718,7.646093317617,
    36.633704970853));
#3567 = CARTESIAN_POINT('',(13.54420847261,7.998442217855,
    36.660428304733));
#3568 = CARTESIAN_POINT('',(13.657225913458,8.34862563824,36.68715112433
    ));
#3569 = CARTESIAN_POINT('',(13.777280698401,8.6964037731,36.713860174001
    ));
#3570 = CARTESIAN_POINT('',(14.057739797302,9.456953316265,
    36.772658935665));
#3571 = CARTESIAN_POINT('',(14.22137329273,9.868507553138,
    36.804734465637));
#3572 = CARTESIAN_POINT('',(14.395746731929,10.275731990769,
    36.836743312827));
#3573 = CARTESIAN_POINT('',(14.581180723161,10.67809336601,
    36.86865548942));
#3574 = CARTESIAN_POINT('',(14.778017492349,11.074967475747,
    36.900435175346));
#3575 = CARTESIAN_POINT('',(14.98662531254,11.465636935131,
    36.932040659171));
#3576 = CARTESIAN_POINT('',(15.463969375213,12.295131094073,
    36.999895211958));
#3577 = CARTESIAN_POINT('',(15.73692078124,12.731408557961,
    37.036059351852));
#3578 = CARTESIAN_POINT('',(16.026917750167,13.156917038659,
    37.071847597497));
#3579 = CARTESIAN_POINT('',(16.334588756193,13.570082546098,
    37.107164530039));
#3580 = CARTESIAN_POINT('',(16.66050316594,13.968980953212,
    37.141889182411));
#3581 = CARTESIAN_POINT('',(17.005144255403,14.351357560194,
    37.175875808796));
#3582 = CARTESIAN_POINT('',(17.624473287562,14.969921951873,
    37.232198441914));
#3583 = CARTESIAN_POINT('',(17.889451854957,15.215730350528,
    37.254990168549));
#3584 = CARTESIAN_POINT('',(18.163926108459,15.451169693783,
    37.277269666412));
#3585 = CARTESIAN_POINT('',(18.44791258933,15.675207016245,
    37.298965712222));
#3586 = CARTESIAN_POINT('',(18.741316769898,15.886703188389,
    37.319997312328));
#3587 = CARTESIAN_POINT('',(19.043903077252,16.084451643424,
    37.340275735068));
#3588 = CARTESIAN_POINT('',(19.810017358339,16.534201025272,
    37.38808923147));
#3589 = CARTESIAN_POINT('',(20.283698917536,16.76936569187,
    37.414678205626));
#3590 = CARTESIAN_POINT('',(20.774619307323,16.968626707316,
    37.439153696331));
#3591 = CARTESIAN_POINT('',(21.28036551488,17.128103627194,
    37.461194363982));
#3592 = CARTESIAN_POINT('',(21.797672582813,17.244524561163,
    37.480502529085));
#3593 = CARTESIAN_POINT('',(22.322287471731,17.315698662828,
    37.496833956893));
#3594 = CARTESIAN_POINT('',(22.848708162883,17.341485179772,
    37.510059341928));
#3595 = PCURVE('',#3410,#3596);
#3596 = DEFINITIONAL_REPRESENTATION('',(#3597),#3756);
#3597 = B_SPLINE_CURVE_WITH_KNOTS('',7,(#3598,#3599,#3600,#3601,#3602,
    #3603,#3604,#3605,#3606,#3607,#3608,#3609,#3610,#3611,#3612,#3613,
    #3614,#3615,#3616,#3617,#3618,#3619,#3620,#3621,#3622,#3623,#3624,
    #3625,#3626,#3627,#3628,#3629,#3630,#3631,#3632,#3633,#3634,#3635,
    #3636,#3637,#3638,#3639,#3640,#3641,#3642,#3643,#3644,#3645,#3646,
    #3647,#3648,#3649,#3650,#3651,#3652,#3653,#3654,#3655,#3656,#3657,
    #3658,#3659,#3660,#3661,#3662,#3663,#3664,#3665,#3666,#3667,#3668,
    #3669,#3670,#3671,#3672,#3673,#3674,#3675,#3676,#3677,#3678,#3679,
    #3680,#3681,#3682,#3683,#3684,#3685,#3686,#3687,#3688,#3689,#3690,
    #3691,#3692,#3693,#3694,#3695,#3696,#3697,#3698,#3699,#3700,#3701,
    #3702,#3703,#3704,#3705,#3706,#3707,#3708,#3709,#3710,#3711,#3712,
    #3713,#3714,#3715,#3716,#3717,#3718,#3719,#3720,#3721,#3722,#3723,
    #3724,#3725,#3726,#3727,#3728,#3729,#3730,#3731,#3732,#3733,#3734,
    #3735,#3736,#3737,#3738,#3739,#3740,#3741,#3742,#3743,#3744,#3745,
    #3746,#3747,#3748,#3749,#3750,#3751,#3752,#3753,#3754,#3755),
  .UNSPECIFIED.,.F.,.F.,(8,6,6,6,6,6,6,6,6,6,6,6,6,6,6,6,6,6,6,6,6,6,6,6
    ,6,6,8),(0.,4.01049318765E-02,6.756258204255E-02,0.106638257613,
    0.140263247705,0.168195863742,0.249995962794,0.331796061846,
    0.359728677883,0.393353667974,0.432429343545,0.459886993711,
    0.473602027305,0.499998573139,0.517751531533,0.540111306246,
    0.567569057914,0.606644877934,0.640269992325,0.668202711619,
    0.750003113058,0.831803514497,0.859736233791,0.893361348183,
    0.932437168203,0.95989491987,1.),.UNSPECIFIED.);
#3598 = CARTESIAN_POINT('',(5.329070518201E-15,16.708236040638));
#3599 = CARTESIAN_POINT('',(0.527051884095,16.708236062658));
#3600 = CARTESIAN_POINT('',(1.054520761413,16.662814505147));
#3601 = CARTESIAN_POINT('',(1.576904315925,16.571842760278));
#3602 = CARTESIAN_POINT('',(2.089847412322,16.437300966377));
#3603 = CARTESIAN_POINT('',(2.589928922792,16.262297354252));
#3604 = CARTESIAN_POINT('',(3.074548869721,16.050589661939));
#3605 = CARTESIAN_POINT('',(3.8617500941,15.638861802192));
#3606 = CARTESIAN_POINT('',(4.173649066326,15.456154506245));
#3607 = CARTESIAN_POINT('',(4.47704952899,15.259266712667));
#3608 = CARTESIAN_POINT('',(4.771657158819,15.049392017622));
#3609 = CARTESIAN_POINT('',(5.057321808299,14.827663561561));
#3610 = CARTESIAN_POINT('',(5.334009460017,14.595113882111));
#3611 = CARTESIAN_POINT('',(5.982860667234,14.007591569665));
#3612 = CARTESIAN_POINT('',(6.345797173447,13.642534803433));
#3613 = CARTESIAN_POINT('',(6.690837772442,13.260059801996));
#3614 = CARTESIAN_POINT('',(7.01835484801,12.862442209707));
#3615 = CARTESIAN_POINT('',(7.328822945068,12.451631706139));
#3616 = CARTESIAN_POINT('',(7.622792776125,12.029231145087));
#3617 = CARTESIAN_POINT('',(8.140149003335,11.224084917341));
#3618 = CARTESIAN_POINT('',(8.367620888935,10.844089666841));
#3619 = CARTESIAN_POINT('',(8.583639389174,10.457321286233));
#3620 = CARTESIAN_POINT('',(8.788537237288,10.064514319355));
#3621 = CARTESIAN_POINT('',(8.982625709592,9.666308965523));
#3622 = CARTESIAN_POINT('',(9.16619893996,9.263253535331));
#3623 = CARTESIAN_POINT('',(9.483532807524,8.517336562565));
#3624 = CARTESIAN_POINT('',(9.620459207616,8.175848724666));
#3625 = CARTESIAN_POINT('',(9.750474372485,7.831614172722));
#3626 = CARTESIAN_POINT('',(9.873721132213,7.48487999642));
#3627 = CARTESIAN_POINT('',(9.99032985579,7.135870214395));
#3628 = CARTESIAN_POINT('',(10.100420097853,6.784786393451));
#3629 = CARTESIAN_POINT('',(10.507733099001,5.398118592108));
#3630 = CARTESIAN_POINT('',(10.756317553676,4.348490929803));
#3631 = CARTESIAN_POINT('',(10.952787882545,3.287042370877));
#3632 = CARTESIAN_POINT('',(11.098899915171,2.217337736041));
#3633 = CARTESIAN_POINT('',(11.195876739396,1.142496517026));
#3634 = CARTESIAN_POINT('',(11.244382635138,6.519164037456E-02));
#3635 = CARTESIAN_POINT('',(11.244382635144,-2.089915874929));
#3636 = CARTESIAN_POINT('',(11.195876739374,-3.167220751575));
#3637 = CARTESIAN_POINT('',(11.098899915211,-4.242061970601));
#3638 = CARTESIAN_POINT('',(10.952787882506,-5.311766605423));
#3639 = CARTESIAN_POINT('',(10.756317553698,-6.373215164361));
#3640 = CARTESIAN_POINT('',(10.507733098997,-7.42284282666));
#3641 = CARTESIAN_POINT('',(10.100420097854,-8.809510628004));
#3642 = CARTESIAN_POINT('',(9.990329855791,-9.160594448948));
#3643 = CARTESIAN_POINT('',(9.873721132214,-9.509604230974));
#3644 = CARTESIAN_POINT('',(9.750474372486,-9.856338407276));
#3645 = CARTESIAN_POINT('',(9.620459207617,-10.20057295922));
#3646 = CARTESIAN_POINT('',(9.483532807525,-10.54206079711));
#3647 = CARTESIAN_POINT('',(9.166198939961,-11.28797776988));
#3648 = CARTESIAN_POINT('',(8.982625709593,-11.69103320007));
#3649 = CARTESIAN_POINT('',(8.788537237289,-12.0892385539));
#3650 = CARTESIAN_POINT('',(8.583639389176,-12.48204552078));
#3651 = CARTESIAN_POINT('',(8.367620888937,-12.86881390139));
#3652 = CARTESIAN_POINT('',(8.140149003336,-13.24880915189));
#3653 = CARTESIAN_POINT('',(7.622792776127,-14.05395537964));
#3654 = CARTESIAN_POINT('',(7.328822945069,-14.47635594069));
#3655 = CARTESIAN_POINT('',(7.018354848011,-14.88716644426));
#3656 = CARTESIAN_POINT('',(6.690837772444,-15.28478403655));
#3657 = CARTESIAN_POINT('',(6.345797173449,-15.66725903798));
#3658 = CARTESIAN_POINT('',(5.982860667236,-16.03231580421));
#3659 = CARTESIAN_POINT('',(5.33400946002,-16.61983811666));
#3660 = CARTESIAN_POINT('',(5.0573218083,-16.85238779611));
#3661 = CARTESIAN_POINT('',(4.771657158821,-17.07411625217));
#3662 = CARTESIAN_POINT('',(4.477049528992,-17.28399094722));
#3663 = CARTESIAN_POINT('',(4.173649066327,-17.4808787408));
#3664 = CARTESIAN_POINT('',(3.861750094102,-17.66358603674));
#3665 = CARTESIAN_POINT('',(3.382029135794,-17.9144932568));
#3666 = CARTESIAN_POINT('',(3.220230538679,-17.99423430296));
#3667 = CARTESIAN_POINT('',(3.056495575151,-18.06998627012));
#3668 = CARTESIAN_POINT('',(2.890898753101,-18.14159831925));
#3669 = CARTESIAN_POINT('',(2.723527901174,-18.20892192234));
#3670 = CARTESIAN_POINT('',(2.554485347454,-18.27181362807));
#3671 = CARTESIAN_POINT('',(2.055552191224,-18.44239111045));
#3672 = CARTESIAN_POINT('',(1.721405923013,-18.53774414747));
#3673 = CARTESIAN_POINT('',(1.382366037099,-18.61519448227));
#3674 = CARTESIAN_POINT('',(1.039470009206,-18.67391254547));
#3675 = CARTESIAN_POINT('',(0.693883435323,-18.71328196132));
#3676 = CARTESIAN_POINT('',(0.346909282173,-18.73296029993));
#3677 = CARTESIAN_POINT('',(-0.23331331509,-18.7329603261));
#3678 = CARTESIAN_POINT('',(-0.466636477755,-18.7240592746));
#3679 = CARTESIAN_POINT('',(-0.699546399476,-18.70625635644));
#3680 = CARTESIAN_POINT('',(-0.931640952293,-18.6796183269));
#3681 = CARTESIAN_POINT('',(-1.162538342085,-18.6442732201));
#3682 = CARTESIAN_POINT('',(-1.391876481831,-18.6004041084));
#3683 = CARTESIAN_POINT('',(-1.905766699802,-18.48254645003));
#3684 = CARTESIAN_POINT('',(-2.1892282882,-18.40368910501));
#3685 = CARTESIAN_POINT('',(-2.469020045174,-18.31213310241));
#3686 = CARTESIAN_POINT('',(-2.74458322737,-18.20843953098));
#3687 = CARTESIAN_POINT('',(-3.015465051352,-18.09323434147));
#3688 = CARTESIAN_POINT('',(-3.281306311959,-17.96717439575));
#3689 = CARTESIAN_POINT('',(-3.861750094099,-17.66358603674));
#3690 = CARTESIAN_POINT('',(-4.173649066325,-17.4808787408));
#3691 = CARTESIAN_POINT('',(-4.477049528989,-17.28399094722));
#3692 = CARTESIAN_POINT('',(-4.771657158818,-17.07411625218));
#3693 = CARTESIAN_POINT('',(-5.057321808297,-16.85238779611));
#3694 = CARTESIAN_POINT('',(-5.334009460017,-16.61983811666));
#3695 = CARTESIAN_POINT('',(-5.982860667233,-16.03231580422));
#3696 = CARTESIAN_POINT('',(-6.345797173446,-15.66725903799));
#3697 = CARTESIAN_POINT('',(-6.690837772441,-15.28478403655));
#3698 = CARTESIAN_POINT('',(-7.018354848009,-14.88716644426));
#3699 = CARTESIAN_POINT('',(-7.328822945067,-14.47635594069));
#3700 = CARTESIAN_POINT('',(-7.622792776124,-14.05395537964));
#3701 = CARTESIAN_POINT('',(-8.140149003334,-13.24880915189));
#3702 = CARTESIAN_POINT('',(-8.367620888934,-12.86881390139));
#3703 = CARTESIAN_POINT('',(-8.583639389174,-12.48204552079));
#3704 = CARTESIAN_POINT('',(-8.788537237287,-12.08923855391));
#3705 = CARTESIAN_POINT('',(-8.982625709591,-11.69103320008));
#3706 = CARTESIAN_POINT('',(-9.16619893996,-11.28797776988));
#3707 = CARTESIAN_POINT('',(-9.483532807524,-10.54206079712));
#3708 = CARTESIAN_POINT('',(-9.620459207616,-10.20057295922));
#3709 = CARTESIAN_POINT('',(-9.750474372485,-9.85633840728));
#3710 = CARTESIAN_POINT('',(-9.873721132213,-9.509604230978));
#3711 = CARTESIAN_POINT('',(-9.990329855789,-9.160594448952));
#3712 = CARTESIAN_POINT('',(-10.10042009785,-8.809510628008));
#3713 = CARTESIAN_POINT('',(-10.50773309899,-7.422842826663));
#3714 = CARTESIAN_POINT('',(-10.75631755369,-6.373215164369));
#3715 = CARTESIAN_POINT('',(-10.95278788251,-5.31176660542));
#3716 = CARTESIAN_POINT('',(-11.0988999152,-4.242061970612));
#3717 = CARTESIAN_POINT('',(-11.19587673937,-3.167220751576));
#3718 = CARTESIAN_POINT('',(-11.24438263514,-2.089915874933));
#3719 = CARTESIAN_POINT('',(-11.24438263514,6.519164037555E-02));
#3720 = CARTESIAN_POINT('',(-11.19587673938,1.142496517003));
#3721 = CARTESIAN_POINT('',(-11.0988999152,2.217337736075));
#3722 = CARTESIAN_POINT('',(-10.95278788251,3.287042370835));
#3723 = CARTESIAN_POINT('',(-10.75631755369,4.348490929823));
#3724 = CARTESIAN_POINT('',(-10.50773309899,5.398118592099));
#3725 = CARTESIAN_POINT('',(-10.10042009785,6.784786393448));
#3726 = CARTESIAN_POINT('',(-9.990329855791,7.135870214392));
#3727 = CARTESIAN_POINT('',(-9.873721132214,7.484879996418));
#3728 = CARTESIAN_POINT('',(-9.750474372486,7.83161417272));
#3729 = CARTESIAN_POINT('',(-9.620459207617,8.175848724664));
#3730 = CARTESIAN_POINT('',(-9.483532807525,8.517336562562));
#3731 = CARTESIAN_POINT('',(-9.166198939961,9.263253535329));
#3732 = CARTESIAN_POINT('',(-8.982625709593,9.66630896552));
#3733 = CARTESIAN_POINT('',(-8.788537237289,10.064514319352));
#3734 = CARTESIAN_POINT('',(-8.583639389175,10.457321286231));
#3735 = CARTESIAN_POINT('',(-8.367620888936,10.844089666839));
#3736 = CARTESIAN_POINT('',(-8.140149003336,11.224084917338));
#3737 = CARTESIAN_POINT('',(-7.622792776126,12.029231145085));
#3738 = CARTESIAN_POINT('',(-7.328822945069,12.451631706137));
#3739 = CARTESIAN_POINT('',(-7.018354848011,12.862442209705));
#3740 = CARTESIAN_POINT('',(-6.690837772443,13.260059801995));
#3741 = CARTESIAN_POINT('',(-6.345797173449,13.642534803431));
#3742 = CARTESIAN_POINT('',(-5.982860667236,14.007591569663));
#3743 = CARTESIAN_POINT('',(-5.334009460019,14.595113882109));
#3744 = CARTESIAN_POINT('',(-5.0573218083,14.827663561562));
#3745 = CARTESIAN_POINT('',(-4.771657158821,15.04939201762));
#3746 = CARTESIAN_POINT('',(-4.477049528992,15.259266712665));
#3747 = CARTESIAN_POINT('',(-4.173649066327,15.456154506247));
#3748 = CARTESIAN_POINT('',(-3.861750094101,15.63886180219));
#3749 = CARTESIAN_POINT('',(-3.074548869723,16.050589661942));
#3750 = CARTESIAN_POINT('',(-2.589928922794,16.26229735424));
#3751 = CARTESIAN_POINT('',(-2.089847412321,16.437300966399));
#3752 = CARTESIAN_POINT('',(-1.576904315928,16.571842760255));
#3753 = CARTESIAN_POINT('',(-1.054520761412,16.66281450516));
#3754 = CARTESIAN_POINT('',(-0.527051884096,16.708236062654));
#3755 = CARTESIAN_POINT('',(1.7763568394E-15,16.708236040638));
#3756 = ( GEOMETRIC_REPRESENTATION_CONTEXT(2) 
PARAMETRIC_REPRESENTATION_CONTEXT() REPRESENTATION_CONTEXT('2D SPACE',''
  ) );
#3757 = PCURVE('',#3758,#3773);
#3758 = ( BOUNDED_SURFACE() B_SPLINE_SURFACE(2,1,(
    (#3759,#3760)
    ,(#3761,#3762)
    ,(#3763,#3764)
    ,(#3765,#3766)
    ,(#3767,#3768)
    ,(#3769,#3770)
    ,(#3771,#3772
)),.UNSPECIFIED.,.T.,.F.,.F.) B_SPLINE_SURFACE_WITH_KNOTS((3,2,2,3),(2,2
    ),(0.,2.094395102393,4.188790204786,6.28318530718),(-6.02870704499,
-1.),.PIECEWISE_BEZIER_KNOTS.) GEOMETRIC_REPRESENTATION_ITEM() 
RATIONAL_B_SPLINE_SURFACE((
    (1.,1.)
    ,(0.5,0.5)
    ,(1.,1.)
    ,(0.5,0.5)
    ,(1.,1.)
    ,(0.5,0.5)
,(1.,1.))) REPRESENTATION_ITEM('') SURFACE() );
#3759 = CARTESIAN_POINT('',(22.848708162883,17.341485179772,
    42.538766386918));
#3760 = CARTESIAN_POINT('',(22.848708162883,17.341485179772,
    37.510059341928));
#3761 = CARTESIAN_POINT('',(3.396190017205,16.388610177001,
    42.050056356288));
#3762 = CARTESIAN_POINT('',(3.396190017205,16.388610177001,
    37.021349311299));
#3763 = CARTESIAN_POINT('',(14.422945990185,-9.684016443161,
    40.482865605912));
#3764 = CARTESIAN_POINT('',(14.422945990185,-9.684016443161,
    35.454158560923));
#3765 = CARTESIAN_POINT('',(25.449701963166,-35.75664306332,
    38.915674855537));
#3766 = CARTESIAN_POINT('',(25.449701963166,-35.75664306332,
    33.886967810547));
#3767 = CARTESIAN_POINT('',(33.875464135864,-8.731141440389,
    40.971575636542));
#3768 = CARTESIAN_POINT('',(33.875464135864,-8.731141440389,
    35.942868591552));
#3769 = CARTESIAN_POINT('',(42.301226308561,18.294360182543,
    43.027476417547));
#3770 = CARTESIAN_POINT('',(42.301226308561,18.294360182543,
    37.998769372557));
#3771 = CARTESIAN_POINT('',(22.848708162883,17.341485179772,
    42.538766386918));
#3772 = CARTESIAN_POINT('',(22.848708162883,17.341485179772,
    37.510059341928));
#3773 = DEFINITIONAL_REPRESENTATION('',(#3774),#3888);
#3774 = B_SPLINE_CURVE_WITH_KNOTS('',8,(#3775,#3776,#3777,#3778,#3779,
    #3780,#3781,#3782,#3783,#3784,#3785,#3786,#3787,#3788,#3789,#3790,
    #3791,#3792,#3793,#3794,#3795,#3796,#3797,#3798,#3799,#3800,#3801,
    #3802,#3803,#3804,#3805,#3806,#3807,#3808,#3809,#3810,#3811,#3812,
    #3813,#3814,#3815,#3816,#3817,#3818,#3819,#3820,#3821,#3822,#3823,
    #3824,#3825,#3826,#3827,#3828,#3829,#3830,#3831,#3832,#3833,#3834,
    #3835,#3836,#3837,#3838,#3839,#3840,#3841,#3842,#3843,#3844,#3845,
    #3846,#3847,#3848,#3849,#3850,#3851,#3852,#3853,#3854,#3855,#3856,
    #3857,#3858,#3859,#3860,#3861,#3862,#3863,#3864,#3865,#3866,#3867,
    #3868,#3869,#3870,#3871,#3872,#3873,#3874,#3875,#3876,#3877,#3878,
    #3879,#3880,#3881,#3882,#3883,#3884,#3885,#3886,#3887),
  .UNSPECIFIED.,.F.,.F.,(9,8,8,8,8,8,8,8,8,8,8,8,8,8,9),(0.,6.25E-02,
    0.1796875,0.2822265625,0.327087402344,0.348115921021,0.429601430893,
    0.500901252031,0.625675939023,0.649071192835,0.654554455446,
    0.827277227723,0.913638613862,0.956819306931,1.),.UNSPECIFIED.);
#3775 = CARTESIAN_POINT('',(6.28318530718,-1.));
#3776 = CARTESIAN_POINT('',(6.205899709559,-1.000000000002));
#3777 = CARTESIAN_POINT('',(6.13177842923,-1.000000000001));
#3778 = CARTESIAN_POINT('',(6.06133927024,-1.000000000002));
#3779 = CARTESIAN_POINT('',(5.994365547442,-0.999999999997));
#3780 = CARTESIAN_POINT('',(5.930903236147,-0.999999999997));
#3781 = CARTESIAN_POINT('',(5.870854928541,-1.000000000005));
#3782 = CARTESIAN_POINT('',(5.813586567056,-1.000000000001));
#3783 = CARTESIAN_POINT('',(5.758962924897,-1.));
#3784 = CARTESIAN_POINT('',(5.65652492501,-1.));
#3785 = CARTESIAN_POINT('',(5.563274597609,-1.000000000001));
#3786 = CARTESIAN_POINT('',(5.476939182416,-1.));
#3787 = CARTESIAN_POINT('',(5.395658652792,-0.999999999999));
#3788 = CARTESIAN_POINT('',(5.318003987101,-1.));
#3789 = CARTESIAN_POINT('',(5.242916887424,-1.000000000001));
#3790 = CARTESIAN_POINT('',(5.169570945637,-1.));
#3791 = CARTESIAN_POINT('',(5.097154256844,-1.));
#3792 = CARTESIAN_POINT('',(5.033792068865,-1.));
#3793 = CARTESIAN_POINT('',(4.971139348664,-1.));
#3794 = CARTESIAN_POINT('',(4.908674261537,-1.));
#3795 = CARTESIAN_POINT('',(4.845927668113,-1.));
#3796 = CARTESIAN_POINT('',(4.782443060123,-1.));
#3797 = CARTESIAN_POINT('',(4.717736496186,-1.));
#3798 = CARTESIAN_POINT('',(4.65125653758,-1.));
#3799 = CARTESIAN_POINT('',(4.582344184022,-1.));
#3800 = CARTESIAN_POINT('',(4.552195007215,-1.));
#3801 = CARTESIAN_POINT('',(4.521575576802,-1.));
#3802 = CARTESIAN_POINT('',(4.490434279615,-1.));
#3803 = CARTESIAN_POINT('',(4.458711295005,-1.));
#3804 = CARTESIAN_POINT('',(4.42633859484,-1.));
#3805 = CARTESIAN_POINT('',(4.393239943509,-1.));
#3806 = CARTESIAN_POINT('',(4.359330897919,-1.));
#3807 = CARTESIAN_POINT('',(4.324518807495,-1.));
#3808 = CARTESIAN_POINT('',(4.308198702098,-1.));
#3809 = CARTESIAN_POINT('',(4.291681307483,-1.));
#3810 = CARTESIAN_POINT('',(4.274955314788,-1.));
#3811 = CARTESIAN_POINT('',(4.25800941515,-1.));
#3812 = CARTESIAN_POINT('',(4.240832299708,-1.));
#3813 = CARTESIAN_POINT('',(4.223412659597,-1.));
#3814 = CARTESIAN_POINT('',(4.205739185958,-1.));
#3815 = CARTESIAN_POINT('',(4.187800569926,-1.));
#3816 = CARTESIAN_POINT('',(4.118345788959,-1.));
#3817 = CARTESIAN_POINT('',(4.050136981365,-1.));
#3818 = CARTESIAN_POINT('',(3.982766090655,-1.));
#3819 = CARTESIAN_POINT('',(3.915833104749,-1.));
#3820 = CARTESIAN_POINT('',(3.848946055976,-1.));
#3821 = CARTESIAN_POINT('',(3.781721021069,-1.));
#3822 = CARTESIAN_POINT('',(3.713782121172,-1.));
#3823 = CARTESIAN_POINT('',(3.644761521832,-1.));
#3824 = CARTESIAN_POINT('',(3.584374809947,-1.));
#3825 = CARTESIAN_POINT('',(3.523158242839,-1.));
#3826 = CARTESIAN_POINT('',(3.460956927803,-1.));
#3827 = CARTESIAN_POINT('',(3.397545687701,-1.));
#3828 = CARTESIAN_POINT('',(3.332880528914,-1.));
#3829 = CARTESIAN_POINT('',(3.267206352946,-1.));
#3830 = CARTESIAN_POINT('',(3.20102091169,-1.));
#3831 = CARTESIAN_POINT('',(3.134895006359,-1.));
#3832 = CARTESIAN_POINT('',(3.019172087671,-0.999999999995));
#3833 = CARTESIAN_POINT('',(2.903567628142,-1.000000000069));
#3834 = CARTESIAN_POINT('',(2.790848226912,-0.999999999818));
#3835 = CARTESIAN_POINT('',(2.684014423983,-1.000000000044));
#3836 = CARTESIAN_POINT('',(2.579424919997,-0.999999999891));
#3837 = CARTESIAN_POINT('',(2.476959747612,-1.000000000087));
#3838 = CARTESIAN_POINT('',(2.374628547477,-0.99999999999));
#3839 = CARTESIAN_POINT('',(2.271230819192,-1.));
#3840 = CARTESIAN_POINT('',(2.251842965697,-1.));
#3841 = CARTESIAN_POINT('',(2.232416505044,-1.));
#3842 = CARTESIAN_POINT('',(2.212941951887,-1.));
#3843 = CARTESIAN_POINT('',(2.193409820884,-1.));
#3844 = CARTESIAN_POINT('',(2.173810626689,-1.));
#3845 = CARTESIAN_POINT('',(2.154134883958,-1.));
#3846 = CARTESIAN_POINT('',(2.134373107346,-1.));
#3847 = CARTESIAN_POINT('',(2.114515811509,-1.));
#3848 = CARTESIAN_POINT('',(2.109858044735,-1.));
#3849 = CARTESIAN_POINT('',(2.105209659719,-1.));
#3850 = CARTESIAN_POINT('',(2.100541966675,-1.));
#3851 = CARTESIAN_POINT('',(2.095857567192,-1.));
#3852 = CARTESIAN_POINT('',(2.091175531155,-1.));
#3853 = CARTESIAN_POINT('',(2.086516573681,-1.));
#3854 = CARTESIAN_POINT('',(2.081888232045,-1.));
#3855 = CARTESIAN_POINT('',(2.077270042607,-1.));
#3856 = CARTESIAN_POINT('',(1.931826620726,-1.000000000001));
#3857 = CARTESIAN_POINT('',(1.803804516075,-1.000000000003));
#3858 = CARTESIAN_POINT('',(1.686035311956,-1.000000000004));
#3859 = CARTESIAN_POINT('',(1.575083324954,-1.000000000001));
#3860 = CARTESIAN_POINT('',(1.468376669719,-1.000000000003));
#3861 = CARTESIAN_POINT('',(1.363630381362,-1.000000000007));
#3862 = CARTESIAN_POINT('',(1.258886472532,-0.999999999999));
#3863 = CARTESIAN_POINT('',(1.151495802218,-1.));
#3864 = CARTESIAN_POINT('',(1.097796857455,-1.));
#3865 = CARTESIAN_POINT('',(1.043436850428,-1.));
#3866 = CARTESIAN_POINT('',(0.988089187086,-1.));
#3867 = CARTESIAN_POINT('',(0.931397137052,-1.));
#3868 = CARTESIAN_POINT('',(0.872946143582,-1.));
#3869 = CARTESIAN_POINT('',(0.812236133514,-1.));
#3870 = CARTESIAN_POINT('',(0.748653827229,-1.));
#3871 = CARTESIAN_POINT('',(0.681445048596,-1.));
#3872 = CARTESIAN_POINT('',(0.647838201446,-1.));
#3873 = CARTESIAN_POINT('',(0.613332755899,-1.));
#3874 = CARTESIAN_POINT('',(0.577825624992,-1.));
#3875 = CARTESIAN_POINT('',(0.541213721759,-1.));
#3876 = CARTESIAN_POINT('',(0.503393959233,-1.));
#3877 = CARTESIAN_POINT('',(0.464263250451,-1.));
#3878 = CARTESIAN_POINT('',(0.423718508446,-1.));
#3879 = CARTESIAN_POINT('',(0.381656646253,-1.));
#3880 = CARTESIAN_POINT('',(0.339604509529,-1.));
#3881 = CARTESIAN_POINT('',(0.296018404622,-1.));
#3882 = CARTESIAN_POINT('',(0.250840693662,-1.));
#3883 = CARTESIAN_POINT('',(0.204012179891,-1.));
#3884 = CARTESIAN_POINT('',(0.155490829082,-1.));
#3885 = CARTESIAN_POINT('',(0.105270490961,-1.));
#3886 = CARTESIAN_POINT('',(5.33996206334E-02,-1.));
#3887 = CARTESIAN_POINT('',(0.,-1.));
#3888 = ( GEOMETRIC_REPRESENTATION_CONTEXT(2) 
PARAMETRIC_REPRESENTATION_CONTEXT() REPRESENTATION_CONTEXT('2D SPACE',''
  ) );
#3889 = ADVANCED_FACE('',(#3890,#3893),#3371,.T.);
#3890 = FACE_BOUND('',#3891,.T.);
#3891 = EDGE_LOOP('',(#3892));
#3892 = ORIENTED_EDGE('',*,*,#3349,.T.);
#3893 = FACE_BOUND('',#3894,.T.);
#3894 = EDGE_LOOP('',(#3895));
#3895 = ORIENTED_EDGE('',*,*,#3896,.T.);
#3896 = EDGE_CURVE('',#3897,#3897,#3899,.T.);
#3897 = VERTEX_POINT('',#3898);
#3898 = CARTESIAN_POINT('',(22.848708162883,17.341485179772,
    42.538766386918));
#3899 = SURFACE_CURVE('',#3900,(#4059,#4221),.PCURVE_S1.);
#3900 = B_SPLINE_CURVE_WITH_KNOTS('',7,(#3901,#3902,#3903,#3904,#3905,
    #3906,#3907,#3908,#3909,#3910,#3911,#3912,#3913,#3914,#3915,#3916,
    #3917,#3918,#3919,#3920,#3921,#3922,#3923,#3924,#3925,#3926,#3927,
    #3928,#3929,#3930,#3931,#3932,#3933,#3934,#3935,#3936,#3937,#3938,
    #3939,#3940,#3941,#3942,#3943,#3944,#3945,#3946,#3947,#3948,#3949,
    #3950,#3951,#3952,#3953,#3954,#3955,#3956,#3957,#3958,#3959,#3960,
    #3961,#3962,#3963,#3964,#3965,#3966,#3967,#3968,#3969,#3970,#3971,
    #3972,#3973,#3974,#3975,#3976,#3977,#3978,#3979,#3980,#3981,#3982,
    #3983,#3984,#3985,#3986,#3987,#3988,#3989,#3990,#3991,#3992,#3993,
    #3994,#3995,#3996,#3997,#3998,#3999,#4000,#4001,#4002,#4003,#4004,
    #4005,#4006,#4007,#4008,#4009,#4010,#4011,#4012,#4013,#4014,#4015,
    #4016,#4017,#4018,#4019,#4020,#4021,#4022,#4023,#4024,#4025,#4026,
    #4027,#4028,#4029,#4030,#4031,#4032,#4033,#4034,#4035,#4036,#4037,
    #4038,#4039,#4040,#4041,#4042,#4043,#4044,#4045,#4046,#4047,#4048,
    #4049,#4050,#4051,#4052,#4053,#4054,#4055,#4056,#4057,#4058),
  .UNSPECIFIED.,.T.,.F.,(8,6,6,6,6,6,6,6,6,6,6,6,6,6,6,6,6,6,6,6,6,6,6,6
    ,6,6,8),(0.,4.01049318765E-02,6.756258204255E-02,0.106638257613,
    0.140263247705,0.168195863742,0.249995962794,0.331796061846,
    0.359728677883,0.393353667974,0.432429343545,0.459886993711,
    0.473602027305,0.499998573139,0.517751531533,0.540111306246,
    0.567569057914,0.606644877934,0.640269992325,0.668202711619,
    0.750003113058,0.831803514497,0.859736233791,0.893361348183,
    0.932437168203,0.95989491987,1.),.UNSPECIFIED.);
#3901 = CARTESIAN_POINT('',(22.848708162883,17.341485179772,
    42.538766386918));
#3902 = CARTESIAN_POINT('',(23.37512885188,17.367271740698,
    42.551991774954));
#3903 = CARTESIAN_POINT('',(23.904188330777,17.347711520501,
    42.562132047555));
#3904 = CARTESIAN_POINT('',(24.430397165353,17.282406859076,
    42.569040369434));
#3905 = CARTESIAN_POINT('',(24.949308555738,17.173122444009,
    42.572742407291));
#3906 = CARTESIAN_POINT('',(25.457353397949,17.022795401621,
    42.573364146955));
#3907 = CARTESIAN_POINT('',(25.951750977011,16.835051763209,
    42.571096444819));
#3908 = CARTESIAN_POINT('',(26.758153650211,16.462331590949,
    42.562789648945));
#3909 = CARTESIAN_POINT('',(27.078618230816,16.295103072309,
    42.558164275145));
#3910 = CARTESIAN_POINT('',(27.391288274604,16.113295240459,
    42.552359215404));
#3911 = CARTESIAN_POINT('',(27.695811412901,15.918085862061,
    42.545448430395));
#3912 = CARTESIAN_POINT('',(27.991982237985,15.710599374405,
    42.537505378423));
#3913 = CARTESIAN_POINT('',(28.279716255246,15.491865414224,
    42.528599575561));
#3914 = CARTESIAN_POINT('',(28.956535517271,14.936792407062,
    42.504840370366));
#3915 = CARTESIAN_POINT('',(29.33689813928,14.589929860954,
    42.489068176857));
#3916 = CARTESIAN_POINT('',(29.700238490621,14.224794364506,
    42.471659828363));
#3917 = CARTESIAN_POINT('',(30.046817170951,13.843677056022,
    42.452779759258));
#3918 = CARTESIAN_POINT('',(30.37701276686,13.448548497733,
    42.432572752251));
#3919 = CARTESIAN_POINT('',(30.691296910107,13.041036568027,
    42.411161864411));
#3920 = CARTESIAN_POINT('',(31.247426136727,12.262166747591,
    42.369271495751));
#3921 = CARTESIAN_POINT('',(31.493217249938,11.89375586582,
    42.349081979513));
#3922 = CARTESIAN_POINT('',(31.727900076433,11.5180195971,
    42.328143458379));
#3923 = CARTESIAN_POINT('',(31.951771012681,11.13570788489,
    42.306514342423));
#3924 = CARTESIAN_POINT('',(32.165109639823,10.747475391311,
    42.284246073518));
#3925 = CARTESIAN_POINT('',(32.368182912839,10.353884161097,
    42.261383400961));
#3926 = CARTESIAN_POINT('',(32.721631474979,9.624386369677,
    42.218510445412));
#3927 = CARTESIAN_POINT('',(32.875101525829,9.290006756114,
    42.198673222302));
#3928 = CARTESIAN_POINT('',(33.021803004032,8.952545578878,
    42.178475380085));
#3929 = CARTESIAN_POINT('',(33.161866479507,8.612256619849,
    42.157937342514));
#3930 = CARTESIAN_POINT('',(33.29541120478,8.269370007811,
    42.137077648313));
#3931 = CARTESIAN_POINT('',(33.422546729455,7.924092917502,
    42.115913034696));
#3932 = CARTESIAN_POINT('',(33.897216039891,6.559013975493,
    42.031629380199));
#3933 = CARTESIAN_POINT('',(34.196856871309,5.522805582974,
    41.96633274419));
#3934 = CARTESIAN_POINT('',(34.445024337624,4.472240714898,
    41.898922781415));
#3935 = CARTESIAN_POINT('',(34.643297753221,3.410965828483,
    41.82968650141));
#3936 = CARTESIAN_POINT('',(34.792746116937,2.342156520368,
    41.758867195411));
#3937 = CARTESIAN_POINT('',(34.893902137554,1.268515016573,
    41.686663698027));
#3938 = CARTESIAN_POINT('',(34.999342921524,-0.884011555526,
    41.539788449266));
#3939 = CARTESIAN_POINT('',(35.00360333134,-1.962399457943,
    41.465150621448));
#3940 = CARTESIAN_POINT('',(34.959330324337,-3.040698141701,
    41.389464409463));
#3941 = CARTESIAN_POINT('',(34.865729640305,-4.116270381864,
    41.312895310175));
#3942 = CARTESIAN_POINT('',(34.721427032204,-5.186060263414,
    41.235625232598));
#3943 = CARTESIAN_POINT('',(34.524494360605,-6.246593140528,
    41.157853067711));
#3944 = CARTESIAN_POINT('',(34.185513259726,-7.651528471934,
    41.053127889168));
#3945 = CARTESIAN_POINT('',(34.092731987036,-8.007578111962,
    41.026438255913));
#3946 = CARTESIAN_POINT('',(33.993338564904,-8.361875120135,
    40.999726403738));
#3947 = CARTESIAN_POINT('',(33.887203720011,-8.714224020373,
    40.973003069859));
#3948 = CARTESIAN_POINT('',(33.774186279163,-9.064407440758,
    40.946280250262));
#3949 = CARTESIAN_POINT('',(33.654131494221,-9.412185575618,
    40.91957120059));
#3950 = CARTESIAN_POINT('',(33.373672395319,-10.17273511878,
    40.860772438926));
#3951 = CARTESIAN_POINT('',(33.210038899891,-10.58428935565,
    40.828696908954));
#3952 = CARTESIAN_POINT('',(33.035665460692,-10.99151379328,
    40.796688061765));
#3953 = CARTESIAN_POINT('',(32.850231469461,-11.39387516852,
    40.764775885172));
#3954 = CARTESIAN_POINT('',(32.653394700272,-11.79074927826,
    40.732996199246));
#3955 = CARTESIAN_POINT('',(32.444786880081,-12.18141873765,
    40.70139071542));
#3956 = CARTESIAN_POINT('',(31.967442817409,-13.01091289659,
    40.633536162633));
#3957 = CARTESIAN_POINT('',(31.694491411381,-13.44719036047,
    40.59737202274));
#3958 = CARTESIAN_POINT('',(31.404494442454,-13.87269884117,
    40.561583777095));
#3959 = CARTESIAN_POINT('',(31.096823436429,-14.28586434861,
    40.526266844552));
#3960 = CARTESIAN_POINT('',(30.770909026682,-14.68476275573,
    40.49154219218));
#3961 = CARTESIAN_POINT('',(30.426267937218,-15.06713936271,
    40.457555565796));
#3962 = CARTESIAN_POINT('',(29.806938905059,-15.68570375439,
    40.401232932678));
#3963 = CARTESIAN_POINT('',(29.541960337664,-15.93151215304,
    40.378441206042));
#3964 = CARTESIAN_POINT('',(29.267486084163,-16.1669514963,
    40.356161708179));
#3965 = CARTESIAN_POINT('',(28.983499603292,-16.39098881876,
    40.334465662369));
#3966 = CARTESIAN_POINT('',(28.690095422723,-16.6024849909,
    40.313434062264));
#3967 = CARTESIAN_POINT('',(28.38750911537,-16.80023344594,
    40.293155639523));
#3968 = CARTESIAN_POINT('',(27.920638553776,-17.07431100728,
    40.264018063584));
#3969 = CARTESIAN_POINT('',(27.762935135833,-17.16187271376,
    40.254523503641));
#3970 = CARTESIAN_POINT('',(27.60310250079,-17.24554485718,
    40.245252218566));
#3971 = CARTESIAN_POINT('',(27.441207687358,-17.3251731338,
    40.236216358002));
#3972 = CARTESIAN_POINT('',(27.277331152117,-17.40060489638,
    40.227428248352));
#3973 = CARTESIAN_POINT('',(27.111568082106,-17.47169185888,
    40.218900233869));
#3974 = CARTESIAN_POINT('',(26.621578118487,-17.66647586088,
    40.194755209316));
#3975 = CARTESIAN_POINT('',(26.292497264155,-17.77806314304,
    40.179871914172));
#3976 = CARTESIAN_POINT('',(25.957652745128,-17.87200858826,
    40.166085930761));
#3977 = CARTESIAN_POINT('',(25.618040207148,-17.94743286114,
    40.153479829555));
#3978 = CARTESIAN_POINT('',(25.274793693497,-18.00366329612,
    40.142124866361));
#3979 = CARTESIAN_POINT('',(24.929197856747,-18.04029412447,
    40.132077074045));
#3980 = CARTESIAN_POINT('',(24.349670131698,-18.06868211971,
    40.117517465594));
#3981 = CARTESIAN_POINT('',(24.116190902565,-18.07120729642,
    40.112269280841));
#3982 = CARTESIAN_POINT('',(23.88268888678,-18.06482104907,
    40.107638147111));
#3983 = CARTESIAN_POINT('',(23.649568996784,-18.04957037847,
    40.103629605539));
#3984 = CARTESIAN_POINT('',(23.417218833663,-18.02556448577,
    40.100244510735));
#3985 = CARTESIAN_POINT('',(23.186009007799,-17.99296850859,
    40.097479471822));
#3986 = CARTESIAN_POINT('',(22.666967918074,-17.90039458711,
    40.092616607708));
#3987 = CARTESIAN_POINT('',(22.37998762726,-17.83550032198,
    40.090877965484));
#3988 = CARTESIAN_POINT('',(22.09605147842,-17.75774305696,
    40.090096851892));
#3989 = CARTESIAN_POINT('',(21.815744997586,-17.66765587174,
    40.090249048144));
#3990 = CARTESIAN_POINT('',(21.539551051209,-17.56584181457,
    40.091303256097));
#3991 = CARTESIAN_POINT('',(21.267860551889,-17.45293938618,
    40.093223722776));
#3992 = CARTESIAN_POINT('',(20.673258542411,-17.17811339346,
    40.099348770636));
#3993 = CARTESIAN_POINT('',(20.352793961807,-17.01088487482,
    40.103974144436));
#3994 = CARTESIAN_POINT('',(20.040123918018,-16.82907704297,
    40.109779204177));
#3995 = CARTESIAN_POINT('',(19.735600779721,-16.63386766458,
    40.116689989186));
#3996 = CARTESIAN_POINT('',(19.439429954638,-16.42638117692,
    40.124633041159));
#3997 = CARTESIAN_POINT('',(19.151695937376,-16.20764721674,
    40.133538844021));
#3998 = CARTESIAN_POINT('',(18.474876675351,-15.65257420958,
    40.157298049215));
#3999 = CARTESIAN_POINT('',(18.094514053342,-15.30571166347,
    40.173070242724));
#4000 = CARTESIAN_POINT('',(17.731173702001,-14.94057616702,
    40.190478591218));
#4001 = CARTESIAN_POINT('',(17.384595021671,-14.55945885854,
    40.209358660324));
#4002 = CARTESIAN_POINT('',(17.054399425762,-14.16433030025,
    40.22956566733));
#4003 = CARTESIAN_POINT('',(16.740115282515,-13.75681837054,
    40.25097655517));
#4004 = CARTESIAN_POINT('',(16.183986055895,-12.97794855011,
    40.29286692383));
#4005 = CARTESIAN_POINT('',(15.938194942684,-12.60953766834,
    40.313056440068));
#4006 = CARTESIAN_POINT('',(15.703512116188,-12.23380139962,
    40.333994961202));
#4007 = CARTESIAN_POINT('',(15.479641179941,-11.8514896874,
    40.355624077158));
#4008 = CARTESIAN_POINT('',(15.266302552798,-11.46325719383,
    40.377892346063));
#4009 = CARTESIAN_POINT('',(15.063229279782,-11.06966596361,
    40.40075501862));
#4010 = CARTESIAN_POINT('',(14.709780717643,-10.34016817219,
    40.443627974169));
#4011 = CARTESIAN_POINT('',(14.556310666792,-10.00578855863,
    40.463465197279));
#4012 = CARTESIAN_POINT('',(14.409609188589,-9.668327381398,
    40.483663039496));
#4013 = CARTESIAN_POINT('',(14.269545713114,-9.328038422369,
    40.504201077067));
#4014 = CARTESIAN_POINT('',(14.136000987841,-8.98515181033,
    40.525060771268));
#4015 = CARTESIAN_POINT('',(14.008865463167,-8.639874720022,
    40.546225384885));
#4016 = CARTESIAN_POINT('',(13.534196152735,-7.27479577801,
    40.630509039382));
#4017 = CARTESIAN_POINT('',(13.234555321294,-6.238587385502,
    40.69580567539));
#4018 = CARTESIAN_POINT('',(12.986387855029,-5.188022517402,
    40.763215638168));
#4019 = CARTESIAN_POINT('',(12.788114439368,-4.126747631017,
    40.83245191817));
#4020 = CARTESIAN_POINT('',(12.638666075702,-3.057938322879,
    40.903271224171));
#4021 = CARTESIAN_POINT('',(12.537510055063,-1.984296819094,
    40.975474721554));
#4022 = CARTESIAN_POINT('',(12.432069271099,0.168229753011,
    41.122349970316));
#4023 = CARTESIAN_POINT('',(12.427808861276,1.246617655408,
    41.196987798132));
#4024 = CARTESIAN_POINT('',(12.472081868292,2.324916339212,
    41.272674010121));
#4025 = CARTESIAN_POINT('',(12.565682552309,3.400488579313,
    41.349243109404));
#4026 = CARTESIAN_POINT('',(12.709985160421,4.470278460914,
    41.426513186985));
#4027 = CARTESIAN_POINT('',(12.906917832016,5.530811338005,
    41.504285351869));
#4028 = CARTESIAN_POINT('',(13.245898932895,6.935746669415,
    41.609010530413));
#4029 = CARTESIAN_POINT('',(13.338680205585,7.291796309444,
    41.635700163668));
#4030 = CARTESIAN_POINT('',(13.438073627718,7.646093317617,
    41.662412015843));
#4031 = CARTESIAN_POINT('',(13.54420847261,7.998442217855,
    41.689135349722));
#4032 = CARTESIAN_POINT('',(13.657225913458,8.34862563824,
    41.715858169319));
#4033 = CARTESIAN_POINT('',(13.777280698401,8.6964037731,41.742567218991
    ));
#4034 = CARTESIAN_POINT('',(14.057739797302,9.456953316265,
    41.801365980655));
#4035 = CARTESIAN_POINT('',(14.22137329273,9.868507553138,
    41.833441510627));
#4036 = CARTESIAN_POINT('',(14.395746731929,10.275731990769,
    41.865450357816));
#4037 = CARTESIAN_POINT('',(14.581180723161,10.67809336601,
    41.897362534409));
#4038 = CARTESIAN_POINT('',(14.778017492349,11.074967475747,
    41.929142220335));
#4039 = CARTESIAN_POINT('',(14.98662531254,11.465636935131,
    41.960747704161));
#4040 = CARTESIAN_POINT('',(15.463969375213,12.295131094073,
    42.028602256948));
#4041 = CARTESIAN_POINT('',(15.73692078124,12.731408557961,
    42.064766396841));
#4042 = CARTESIAN_POINT('',(16.026917750167,13.156917038659,
    42.100554642487));
#4043 = CARTESIAN_POINT('',(16.334588756193,13.570082546098,
    42.135871575029));
#4044 = CARTESIAN_POINT('',(16.66050316594,13.968980953212,
    42.170596227401));
#4045 = CARTESIAN_POINT('',(17.005144255403,14.351357560194,
    42.204582853786));
#4046 = CARTESIAN_POINT('',(17.624473287562,14.969921951873,
    42.260905486903));
#4047 = CARTESIAN_POINT('',(17.889451854957,15.215730350528,
    42.283697213539));
#4048 = CARTESIAN_POINT('',(18.163926108459,15.451169693783,
    42.305976711402));
#4049 = CARTESIAN_POINT('',(18.44791258933,15.675207016245,
    42.327672757212));
#4050 = CARTESIAN_POINT('',(18.741316769898,15.886703188389,
    42.348704357317));
#4051 = CARTESIAN_POINT('',(19.043903077252,16.084451643424,
    42.368982780058));
#4052 = CARTESIAN_POINT('',(19.810017358339,16.534201025272,
    42.41679627646));
#4053 = CARTESIAN_POINT('',(20.283698917536,16.76936569187,
    42.443385250616));
#4054 = CARTESIAN_POINT('',(20.774619307323,16.968626707316,
    42.467860741321));
#4055 = CARTESIAN_POINT('',(21.28036551488,17.128103627194,
    42.489901408972));
#4056 = CARTESIAN_POINT('',(21.797672582813,17.244524561163,
    42.509209574075));
#4057 = CARTESIAN_POINT('',(22.322287471731,17.315698662828,
    42.525541001882));
#4058 = CARTESIAN_POINT('',(22.848708162883,17.341485179772,
    42.538766386918));
#4059 = PCURVE('',#3371,#4060);
#4060 = DEFINITIONAL_REPRESENTATION('',(#4061),#4220);
#4061 = B_SPLINE_CURVE_WITH_KNOTS('',7,(#4062,#4063,#4064,#4065,#4066,
    #4067,#4068,#4069,#4070,#4071,#4072,#4073,#4074,#4075,#4076,#4077,
    #4078,#4079,#4080,#4081,#4082,#4083,#4084,#4085,#4086,#4087,#4088,
    #4089,#4090,#4091,#4092,#4093,#4094,#4095,#4096,#4097,#4098,#4099,
    #4100,#4101,#4102,#4103,#4104,#4105,#4106,#4107,#4108,#4109,#4110,
    #4111,#4112,#4113,#4114,#4115,#4116,#4117,#4118,#4119,#4120,#4121,
    #4122,#4123,#4124,#4125,#4126,#4127,#4128,#4129,#4130,#4131,#4132,
    #4133,#4134,#4135,#4136,#4137,#4138,#4139,#4140,#4141,#4142,#4143,
    #4144,#4145,#4146,#4147,#4148,#4149,#4150,#4151,#4152,#4153,#4154,
    #4155,#4156,#4157,#4158,#4159,#4160,#4161,#4162,#4163,#4164,#4165,
    #4166,#4167,#4168,#4169,#4170,#4171,#4172,#4173,#4174,#4175,#4176,
    #4177,#4178,#4179,#4180,#4181,#4182,#4183,#4184,#4185,#4186,#4187,
    #4188,#4189,#4190,#4191,#4192,#4193,#4194,#4195,#4196,#4197,#4198,
    #4199,#4200,#4201,#4202,#4203,#4204,#4205,#4206,#4207,#4208,#4209,
    #4210,#4211,#4212,#4213,#4214,#4215,#4216,#4217,#4218,#4219),
  .UNSPECIFIED.,.F.,.F.,(8,6,6,6,6,6,6,6,6,6,6,6,6,6,6,6,6,6,6,6,6,6,6,6
    ,6,6,8),(0.,4.01049318765E-02,6.756258204255E-02,0.106638257613,
    0.140263247705,0.168195863742,0.249995962794,0.331796061846,
    0.359728677883,0.393353667974,0.432429343545,0.459886993711,
    0.473602027305,0.499998573139,0.517751531533,0.540111306246,
    0.567569057914,0.606644877934,0.640269992325,0.668202711619,
    0.750003113058,0.831803514497,0.859736233791,0.893361348183,
    0.932437168203,0.95989491987,1.),.UNSPECIFIED.);
#4062 = CARTESIAN_POINT('',(5.329070518201E-15,16.708236040638));
#4063 = CARTESIAN_POINT('',(0.527051884095,16.708236062658));
#4064 = CARTESIAN_POINT('',(1.054520761413,16.662814505147));
#4065 = CARTESIAN_POINT('',(1.576904315925,16.571842760278));
#4066 = CARTESIAN_POINT('',(2.089847412322,16.437300966377));
#4067 = CARTESIAN_POINT('',(2.589928922792,16.262297354252));
#4068 = CARTESIAN_POINT('',(3.074548869721,16.050589661939));
#4069 = CARTESIAN_POINT('',(3.8617500941,15.638861802192));
#4070 = CARTESIAN_POINT('',(4.173649066326,15.456154506245));
#4071 = CARTESIAN_POINT('',(4.47704952899,15.259266712667));
#4072 = CARTESIAN_POINT('',(4.771657158819,15.049392017622));
#4073 = CARTESIAN_POINT('',(5.057321808299,14.827663561561));
#4074 = CARTESIAN_POINT('',(5.334009460017,14.595113882111));
#4075 = CARTESIAN_POINT('',(5.982860667234,14.007591569665));
#4076 = CARTESIAN_POINT('',(6.345797173447,13.642534803433));
#4077 = CARTESIAN_POINT('',(6.690837772442,13.260059801996));
#4078 = CARTESIAN_POINT('',(7.01835484801,12.862442209707));
#4079 = CARTESIAN_POINT('',(7.328822945068,12.451631706139));
#4080 = CARTESIAN_POINT('',(7.622792776125,12.029231145087));
#4081 = CARTESIAN_POINT('',(8.140149003335,11.224084917341));
#4082 = CARTESIAN_POINT('',(8.367620888935,10.844089666841));
#4083 = CARTESIAN_POINT('',(8.583639389174,10.457321286233));
#4084 = CARTESIAN_POINT('',(8.788537237288,10.064514319355));
#4085 = CARTESIAN_POINT('',(8.982625709592,9.666308965523));
#4086 = CARTESIAN_POINT('',(9.16619893996,9.263253535331));
#4087 = CARTESIAN_POINT('',(9.483532807524,8.517336562565));
#4088 = CARTESIAN_POINT('',(9.620459207616,8.175848724666));
#4089 = CARTESIAN_POINT('',(9.750474372485,7.831614172722));
#4090 = CARTESIAN_POINT('',(9.873721132213,7.48487999642));
#4091 = CARTESIAN_POINT('',(9.99032985579,7.135870214395));
#4092 = CARTESIAN_POINT('',(10.100420097853,6.784786393451));
#4093 = CARTESIAN_POINT('',(10.507733099001,5.398118592108));
#4094 = CARTESIAN_POINT('',(10.756317553676,4.348490929803));
#4095 = CARTESIAN_POINT('',(10.952787882545,3.287042370877));
#4096 = CARTESIAN_POINT('',(11.098899915171,2.217337736041));
#4097 = CARTESIAN_POINT('',(11.195876739396,1.142496517026));
#4098 = CARTESIAN_POINT('',(11.244382635138,6.519164037456E-02));
#4099 = CARTESIAN_POINT('',(11.244382635144,-2.089915874929));
#4100 = CARTESIAN_POINT('',(11.195876739374,-3.167220751575));
#4101 = CARTESIAN_POINT('',(11.098899915211,-4.242061970601));
#4102 = CARTESIAN_POINT('',(10.952787882506,-5.311766605423));
#4103 = CARTESIAN_POINT('',(10.756317553698,-6.373215164361));
#4104 = CARTESIAN_POINT('',(10.507733098997,-7.42284282666));
#4105 = CARTESIAN_POINT('',(10.100420097854,-8.809510628004));
#4106 = CARTESIAN_POINT('',(9.990329855791,-9.160594448948));
#4107 = CARTESIAN_POINT('',(9.873721132214,-9.509604230974));
#4108 = CARTESIAN_POINT('',(9.750474372486,-9.856338407276));
#4109 = CARTESIAN_POINT('',(9.620459207617,-10.20057295922));
#4110 = CARTESIAN_POINT('',(9.483532807525,-10.54206079711));
#4111 = CARTESIAN_POINT('',(9.166198939961,-11.28797776988));
#4112 = CARTESIAN_POINT('',(8.982625709593,-11.69103320007));
#4113 = CARTESIAN_POINT('',(8.788537237289,-12.0892385539));
#4114 = CARTESIAN_POINT('',(8.583639389176,-12.48204552078));
#4115 = CARTESIAN_POINT('',(8.367620888937,-12.86881390139));
#4116 = CARTESIAN_POINT('',(8.140149003336,-13.24880915189));
#4117 = CARTESIAN_POINT('',(7.622792776127,-14.05395537964));
#4118 = CARTESIAN_POINT('',(7.328822945069,-14.47635594069));
#4119 = CARTESIAN_POINT('',(7.018354848011,-14.88716644426));
#4120 = CARTESIAN_POINT('',(6.690837772444,-15.28478403655));
#4121 = CARTESIAN_POINT('',(6.345797173449,-15.66725903798));
#4122 = CARTESIAN_POINT('',(5.982860667236,-16.03231580421));
#4123 = CARTESIAN_POINT('',(5.33400946002,-16.61983811666));
#4124 = CARTESIAN_POINT('',(5.0573218083,-16.85238779611));
#4125 = CARTESIAN_POINT('',(4.771657158821,-17.07411625217));
#4126 = CARTESIAN_POINT('',(4.477049528992,-17.28399094722));
#4127 = CARTESIAN_POINT('',(4.173649066327,-17.4808787408));
#4128 = CARTESIAN_POINT('',(3.861750094102,-17.66358603674));
#4129 = CARTESIAN_POINT('',(3.382029135794,-17.9144932568));
#4130 = CARTESIAN_POINT('',(3.220230538679,-17.99423430296));
#4131 = CARTESIAN_POINT('',(3.056495575151,-18.06998627012));
#4132 = CARTESIAN_POINT('',(2.890898753101,-18.14159831925));
#4133 = CARTESIAN_POINT('',(2.723527901174,-18.20892192234));
#4134 = CARTESIAN_POINT('',(2.554485347454,-18.27181362807));
#4135 = CARTESIAN_POINT('',(2.055552191224,-18.44239111045));
#4136 = CARTESIAN_POINT('',(1.721405923013,-18.53774414747));
#4137 = CARTESIAN_POINT('',(1.382366037099,-18.61519448227));
#4138 = CARTESIAN_POINT('',(1.039470009206,-18.67391254547));
#4139 = CARTESIAN_POINT('',(0.693883435323,-18.71328196132));
#4140 = CARTESIAN_POINT('',(0.346909282173,-18.73296029993));
#4141 = CARTESIAN_POINT('',(-0.23331331509,-18.7329603261));
#4142 = CARTESIAN_POINT('',(-0.466636477755,-18.7240592746));
#4143 = CARTESIAN_POINT('',(-0.699546399476,-18.70625635644));
#4144 = CARTESIAN_POINT('',(-0.931640952293,-18.6796183269));
#4145 = CARTESIAN_POINT('',(-1.162538342085,-18.6442732201));
#4146 = CARTESIAN_POINT('',(-1.391876481831,-18.6004041084));
#4147 = CARTESIAN_POINT('',(-1.905766699802,-18.48254645003));
#4148 = CARTESIAN_POINT('',(-2.1892282882,-18.40368910501));
#4149 = CARTESIAN_POINT('',(-2.469020045174,-18.31213310241));
#4150 = CARTESIAN_POINT('',(-2.74458322737,-18.20843953098));
#4151 = CARTESIAN_POINT('',(-3.015465051352,-18.09323434147));
#4152 = CARTESIAN_POINT('',(-3.281306311959,-17.96717439575));
#4153 = CARTESIAN_POINT('',(-3.861750094099,-17.66358603674));
#4154 = CARTESIAN_POINT('',(-4.173649066325,-17.4808787408));
#4155 = CARTESIAN_POINT('',(-4.477049528989,-17.28399094722));
#4156 = CARTESIAN_POINT('',(-4.771657158818,-17.07411625218));
#4157 = CARTESIAN_POINT('',(-5.057321808297,-16.85238779611));
#4158 = CARTESIAN_POINT('',(-5.334009460017,-16.61983811666));
#4159 = CARTESIAN_POINT('',(-5.982860667233,-16.03231580422));
#4160 = CARTESIAN_POINT('',(-6.345797173446,-15.66725903799));
#4161 = CARTESIAN_POINT('',(-6.690837772441,-15.28478403655));
#4162 = CARTESIAN_POINT('',(-7.018354848009,-14.88716644426));
#4163 = CARTESIAN_POINT('',(-7.328822945067,-14.47635594069));
#4164 = CARTESIAN_POINT('',(-7.622792776124,-14.05395537964));
#4165 = CARTESIAN_POINT('',(-8.140149003334,-13.24880915189));
#4166 = CARTESIAN_POINT('',(-8.367620888934,-12.86881390139));
#4167 = CARTESIAN_POINT('',(-8.583639389174,-12.48204552079));
#4168 = CARTESIAN_POINT('',(-8.788537237287,-12.08923855391));
#4169 = CARTESIAN_POINT('',(-8.982625709591,-11.69103320008));
#4170 = CARTESIAN_POINT('',(-9.16619893996,-11.28797776988));
#4171 = CARTESIAN_POINT('',(-9.483532807524,-10.54206079712));
#4172 = CARTESIAN_POINT('',(-9.620459207616,-10.20057295922));
#4173 = CARTESIAN_POINT('',(-9.750474372485,-9.85633840728));
#4174 = CARTESIAN_POINT('',(-9.873721132213,-9.509604230978));
#4175 = CARTESIAN_POINT('',(-9.990329855789,-9.160594448952));
#4176 = CARTESIAN_POINT('',(-10.10042009785,-8.809510628008));
#4177 = CARTESIAN_POINT('',(-10.50773309899,-7.422842826663));
#4178 = CARTESIAN_POINT('',(-10.75631755369,-6.373215164369));
#4179 = CARTESIAN_POINT('',(-10.95278788251,-5.31176660542));
#4180 = CARTESIAN_POINT('',(-11.0988999152,-4.242061970612));
#4181 = CARTESIAN_POINT('',(-11.19587673937,-3.167220751576));
#4182 = CARTESIAN_POINT('',(-11.24438263514,-2.089915874933));
#4183 = CARTESIAN_POINT('',(-11.24438263514,6.519164037555E-02));
#4184 = CARTESIAN_POINT('',(-11.19587673938,1.142496517003));
#4185 = CARTESIAN_POINT('',(-11.0988999152,2.217337736075));
#4186 = CARTESIAN_POINT('',(-10.95278788251,3.287042370835));
#4187 = CARTESIAN_POINT('',(-10.75631755369,4.348490929823));
#4188 = CARTESIAN_POINT('',(-10.50773309899,5.398118592099));
#4189 = CARTESIAN_POINT('',(-10.10042009785,6.784786393448));
#4190 = CARTESIAN_POINT('',(-9.990329855791,7.135870214392));
#4191 = CARTESIAN_POINT('',(-9.873721132214,7.484879996418));
#4192 = CARTESIAN_POINT('',(-9.750474372486,7.83161417272));
#4193 = CARTESIAN_POINT('',(-9.620459207617,8.175848724664));
#4194 = CARTESIAN_POINT('',(-9.483532807525,8.517336562562));
#4195 = CARTESIAN_POINT('',(-9.166198939961,9.263253535329));
#4196 = CARTESIAN_POINT('',(-8.982625709593,9.66630896552));
#4197 = CARTESIAN_POINT('',(-8.788537237289,10.064514319352));
#4198 = CARTESIAN_POINT('',(-8.583639389175,10.457321286231));
#4199 = CARTESIAN_POINT('',(-8.367620888936,10.844089666839));
#4200 = CARTESIAN_POINT('',(-8.140149003336,11.224084917338));
#4201 = CARTESIAN_POINT('',(-7.622792776126,12.029231145085));
#4202 = CARTESIAN_POINT('',(-7.328822945069,12.451631706137));
#4203 = CARTESIAN_POINT('',(-7.018354848011,12.862442209705));
#4204 = CARTESIAN_POINT('',(-6.690837772443,13.260059801995));
#4205 = CARTESIAN_POINT('',(-6.345797173449,13.642534803431));
#4206 = CARTESIAN_POINT('',(-5.982860667236,14.007591569663));
#4207 = CARTESIAN_POINT('',(-5.334009460019,14.595113882109));
#4208 = CARTESIAN_POINT('',(-5.0573218083,14.827663561562));
#4209 = CARTESIAN_POINT('',(-4.771657158821,15.04939201762));
#4210 = CARTESIAN_POINT('',(-4.477049528992,15.259266712665));
#4211 = CARTESIAN_POINT('',(-4.173649066327,15.456154506247));
#4212 = CARTESIAN_POINT('',(-3.861750094101,15.63886180219));
#4213 = CARTESIAN_POINT('',(-3.074548869723,16.050589661942));
#4214 = CARTESIAN_POINT('',(-2.589928922794,16.26229735424));
#4215 = CARTESIAN_POINT('',(-2.089847412321,16.437300966399));
#4216 = CARTESIAN_POINT('',(-1.576904315928,16.571842760255));
#4217 = CARTESIAN_POINT('',(-1.054520761412,16.66281450516));
#4218 = CARTESIAN_POINT('',(-0.527051884096,16.708236062654));
#4219 = CARTESIAN_POINT('',(1.7763568394E-15,16.708236040638));
#4220 = ( GEOMETRIC_REPRESENTATION_CONTEXT(2) 
PARAMETRIC_REPRESENTATION_CONTEXT() REPRESENTATION_CONTEXT('2D SPACE',''
  ) );
#4221 = PCURVE('',#3758,#4222);
#4222 = DEFINITIONAL_REPRESENTATION('',(#4223),#4337);
#4223 = B_SPLINE_CURVE_WITH_KNOTS('',8,(#4224,#4225,#4226,#4227,#4228,
    #4229,#4230,#4231,#4232,#4233,#4234,#4235,#4236,#4237,#4238,#4239,
    #4240,#4241,#4242,#4243,#4244,#4245,#4246,#4247,#4248,#4249,#4250,
    #4251,#4252,#4253,#4254,#4255,#4256,#4257,#4258,#4259,#4260,#4261,
    #4262,#4263,#4264,#4265,#4266,#4267,#4268,#4269,#4270,#4271,#4272,
    #4273,#4274,#4275,#4276,#4277,#4278,#4279,#4280,#4281,#4282,#4283,
    #4284,#4285,#4286,#4287,#4288,#4289,#4290,#4291,#4292,#4293,#4294,
    #4295,#4296,#4297,#4298,#4299,#4300,#4301,#4302,#4303,#4304,#4305,
    #4306,#4307,#4308,#4309,#4310,#4311,#4312,#4313,#4314,#4315,#4316,
    #4317,#4318,#4319,#4320,#4321,#4322,#4323,#4324,#4325,#4326,#4327,
    #4328,#4329,#4330,#4331,#4332,#4333,#4334,#4335,#4336),
  .UNSPECIFIED.,.F.,.F.,(9,8,8,8,8,8,8,8,8,8,8,8,8,8,9),(0.,6.25E-02,
    0.1796875,0.2822265625,0.327087402344,0.348115921021,0.429601430893,
    0.500901252031,0.625675939023,0.649071192835,0.654554455446,
    0.827277227723,0.913638613862,0.956819306931,1.),.UNSPECIFIED.);
#4224 = CARTESIAN_POINT('',(6.28318530718,-6.02870704499));
#4225 = CARTESIAN_POINT('',(6.205899709559,-6.028707044993));
#4226 = CARTESIAN_POINT('',(6.13177842923,-6.028707045017));
#4227 = CARTESIAN_POINT('',(6.06133927024,-6.028707044932));
#4228 = CARTESIAN_POINT('',(5.994365547442,-6.028707044912));
#4229 = CARTESIAN_POINT('',(5.930903236147,-6.028707044972));
#4230 = CARTESIAN_POINT('',(5.870854928541,-6.028707045007));
#4231 = CARTESIAN_POINT('',(5.813586567056,-6.028707044997));
#4232 = CARTESIAN_POINT('',(5.758962924897,-6.02870704499));
#4233 = CARTESIAN_POINT('',(5.65652492501,-6.028707044991));
#4234 = CARTESIAN_POINT('',(5.563274597609,-6.028707044988));
#4235 = CARTESIAN_POINT('',(5.476939182416,-6.028707044994));
#4236 = CARTESIAN_POINT('',(5.395658652792,-6.028707044998));
#4237 = CARTESIAN_POINT('',(5.318003987101,-6.028707044995));
#4238 = CARTESIAN_POINT('',(5.242916887424,-6.028707044989));
#4239 = CARTESIAN_POINT('',(5.169570945637,-6.028707044991));
#4240 = CARTESIAN_POINT('',(5.097154256844,-6.02870704499));
#4241 = CARTESIAN_POINT('',(5.033792068865,-6.02870704499));
#4242 = CARTESIAN_POINT('',(4.971139348664,-6.02870704499));
#4243 = CARTESIAN_POINT('',(4.908674261537,-6.02870704499));
#4244 = CARTESIAN_POINT('',(4.845927668113,-6.02870704499));
#4245 = CARTESIAN_POINT('',(4.782443060123,-6.02870704499));
#4246 = CARTESIAN_POINT('',(4.717736496186,-6.02870704499));
#4247 = CARTESIAN_POINT('',(4.65125653758,-6.02870704499));
#4248 = CARTESIAN_POINT('',(4.582344184022,-6.02870704499));
#4249 = CARTESIAN_POINT('',(4.552195007215,-6.02870704499));
#4250 = CARTESIAN_POINT('',(4.521575576802,-6.02870704499));
#4251 = CARTESIAN_POINT('',(4.490434279615,-6.02870704499));
#4252 = CARTESIAN_POINT('',(4.458711295005,-6.02870704499));
#4253 = CARTESIAN_POINT('',(4.42633859484,-6.02870704499));
#4254 = CARTESIAN_POINT('',(4.393239943509,-6.02870704499));
#4255 = CARTESIAN_POINT('',(4.359330897919,-6.02870704499));
#4256 = CARTESIAN_POINT('',(4.324518807495,-6.02870704499));
#4257 = CARTESIAN_POINT('',(4.308198702098,-6.02870704499));
#4258 = CARTESIAN_POINT('',(4.291681307483,-6.02870704499));
#4259 = CARTESIAN_POINT('',(4.274955314788,-6.02870704499));
#4260 = CARTESIAN_POINT('',(4.25800941515,-6.02870704499));
#4261 = CARTESIAN_POINT('',(4.240832299708,-6.02870704499));
#4262 = CARTESIAN_POINT('',(4.223412659597,-6.02870704499));
#4263 = CARTESIAN_POINT('',(4.205739185958,-6.02870704499));
#4264 = CARTESIAN_POINT('',(4.187800569926,-6.02870704499));
#4265 = CARTESIAN_POINT('',(4.118345788959,-6.02870704499));
#4266 = CARTESIAN_POINT('',(4.050136981365,-6.02870704499));
#4267 = CARTESIAN_POINT('',(3.982766090655,-6.02870704499));
#4268 = CARTESIAN_POINT('',(3.915833104749,-6.02870704499));
#4269 = CARTESIAN_POINT('',(3.848946055976,-6.02870704499));
#4270 = CARTESIAN_POINT('',(3.781721021069,-6.02870704499));
#4271 = CARTESIAN_POINT('',(3.713782121172,-6.02870704499));
#4272 = CARTESIAN_POINT('',(3.644761521832,-6.02870704499));
#4273 = CARTESIAN_POINT('',(3.584374809947,-6.028707044993));
#4274 = CARTESIAN_POINT('',(3.523158242839,-6.028707044984));
#4275 = CARTESIAN_POINT('',(3.460956927803,-6.028707044993));
#4276 = CARTESIAN_POINT('',(3.397545687701,-6.028707045001));
#4277 = CARTESIAN_POINT('',(3.332880528914,-6.028707044992));
#4278 = CARTESIAN_POINT('',(3.267206352946,-6.028707044982));
#4279 = CARTESIAN_POINT('',(3.20102091169,-6.028707044993));
#4280 = CARTESIAN_POINT('',(3.134895006359,-6.02870704499));
#4281 = CARTESIAN_POINT('',(3.019172087671,-6.028707044981));
#4282 = CARTESIAN_POINT('',(2.903567628142,-6.02870704481));
#4283 = CARTESIAN_POINT('',(2.790848226912,-6.028707043937));
#4284 = CARTESIAN_POINT('',(2.684014423983,-6.028707042977));
#4285 = CARTESIAN_POINT('',(2.579424919997,-6.028707043966));
#4286 = CARTESIAN_POINT('',(2.476959747612,-6.028707045101));
#4287 = CARTESIAN_POINT('',(2.374628547477,-6.02870704501));
#4288 = CARTESIAN_POINT('',(2.271230819192,-6.02870704499));
#4289 = CARTESIAN_POINT('',(2.251842965697,-6.02870704499));
#4290 = CARTESIAN_POINT('',(2.232416505044,-6.02870704499));
#4291 = CARTESIAN_POINT('',(2.212941951887,-6.02870704499));
#4292 = CARTESIAN_POINT('',(2.193409820884,-6.02870704499));
#4293 = CARTESIAN_POINT('',(2.173810626689,-6.02870704499));
#4294 = CARTESIAN_POINT('',(2.154134883958,-6.02870704499));
#4295 = CARTESIAN_POINT('',(2.134373107346,-6.02870704499));
#4296 = CARTESIAN_POINT('',(2.114515811509,-6.02870704499));
#4297 = CARTESIAN_POINT('',(2.109858044735,-6.02870704499));
#4298 = CARTESIAN_POINT('',(2.105209659719,-6.02870704499));
#4299 = CARTESIAN_POINT('',(2.100541966675,-6.02870704499));
#4300 = CARTESIAN_POINT('',(2.095857567192,-6.02870704499));
#4301 = CARTESIAN_POINT('',(2.091175531155,-6.02870704499));
#4302 = CARTESIAN_POINT('',(2.086516573681,-6.02870704499));
#4303 = CARTESIAN_POINT('',(2.081888232045,-6.02870704499));
#4304 = CARTESIAN_POINT('',(2.077270042607,-6.02870704499));
#4305 = CARTESIAN_POINT('',(1.931826620726,-6.028707044992));
#4306 = CARTESIAN_POINT('',(1.803804516075,-6.028707045019));
#4307 = CARTESIAN_POINT('',(1.686035311956,-6.028707044929));
#4308 = CARTESIAN_POINT('',(1.575083324954,-6.028707044916));
#4309 = CARTESIAN_POINT('',(1.468376669719,-6.028707044978));
#4310 = CARTESIAN_POINT('',(1.363630381362,-6.028707045002));
#4311 = CARTESIAN_POINT('',(1.258886472532,-6.028707044997));
#4312 = CARTESIAN_POINT('',(1.151495802218,-6.02870704499));
#4313 = CARTESIAN_POINT('',(1.097796857455,-6.02870704499));
#4314 = CARTESIAN_POINT('',(1.043436850428,-6.02870704499));
#4315 = CARTESIAN_POINT('',(0.988089187086,-6.02870704499));
#4316 = CARTESIAN_POINT('',(0.931397137052,-6.02870704499));
#4317 = CARTESIAN_POINT('',(0.872946143582,-6.02870704499));
#4318 = CARTESIAN_POINT('',(0.812236133514,-6.02870704499));
#4319 = CARTESIAN_POINT('',(0.748653827229,-6.02870704499));
#4320 = CARTESIAN_POINT('',(0.681445048596,-6.02870704499));
#4321 = CARTESIAN_POINT('',(0.647838201446,-6.02870704499));
#4322 = CARTESIAN_POINT('',(0.613332755899,-6.02870704499));
#4323 = CARTESIAN_POINT('',(0.577825624992,-6.02870704499));
#4324 = CARTESIAN_POINT('',(0.541213721759,-6.02870704499));
#4325 = CARTESIAN_POINT('',(0.503393959233,-6.02870704499));
#4326 = CARTESIAN_POINT('',(0.464263250451,-6.02870704499));
#4327 = CARTESIAN_POINT('',(0.423718508446,-6.02870704499));
#4328 = CARTESIAN_POINT('',(0.381656646253,-6.02870704499));
#4329 = CARTESIAN_POINT('',(0.339604509529,-6.02870704499));
#4330 = CARTESIAN_POINT('',(0.296018404622,-6.02870704499));
#4331 = CARTESIAN_POINT('',(0.250840693662,-6.02870704499));
#4332 = CARTESIAN_POINT('',(0.204012179891,-6.02870704499));
#4333 = CARTESIAN_POINT('',(0.155490829082,-6.02870704499));
#4334 = CARTESIAN_POINT('',(0.105270490961,-6.02870704499));
#4335 = CARTESIAN_POINT('',(5.33996206334E-02,-6.02870704499));
#4336 = CARTESIAN_POINT('',(0.,-6.02870704499));
#4337 = ( GEOMETRIC_REPRESENTATION_CONTEXT(2) 
PARAMETRIC_REPRESENTATION_CONTEXT() REPRESENTATION_CONTEXT('2D SPACE',''
  ) );
#4338 = ADVANCED_FACE('',(#4339),#3758,.T.);
#4339 = FACE_BOUND('',#4340,.T.);
#4340 = EDGE_LOOP('',(#4341,#4342,#4362,#4363));
#4341 = ORIENTED_EDGE('',*,*,#3432,.T.);
#4342 = ORIENTED_EDGE('',*,*,#4343,.T.);
#4343 = EDGE_CURVE('',#3433,#3897,#4344,.T.);
#4344 = SEAM_CURVE('',#4345,(#4348,#4355),.PCURVE_S1.);
#4345 = B_SPLINE_CURVE_WITH_KNOTS('',1,(#4346,#4347),.UNSPECIFIED.,.F.,
  .F.,(2,2),(1.,6.02870704499),.PIECEWISE_BEZIER_KNOTS.);
#4346 = CARTESIAN_POINT('',(22.848708162883,17.341485179772,
    37.510059341928));
#4347 = CARTESIAN_POINT('',(22.848708162883,17.341485179772,
    42.538766386918));
#4348 = PCURVE('',#3758,#4349);
#4349 = DEFINITIONAL_REPRESENTATION('',(#4350),#4354);
#4350 = B_SPLINE_CURVE_WITH_KNOTS('',2,(#4351,#4352,#4353),
  .UNSPECIFIED.,.F.,.F.,(3,3),(1.,6.02870704499),
  .PIECEWISE_BEZIER_KNOTS.);
#4351 = CARTESIAN_POINT('',(6.28318530718,-1.));
#4352 = CARTESIAN_POINT('',(6.28318530718,-3.514353522495));
#4353 = CARTESIAN_POINT('',(6.28318530718,-6.02870704499));
#4354 = ( GEOMETRIC_REPRESENTATION_CONTEXT(2) 
PARAMETRIC_REPRESENTATION_CONTEXT() REPRESENTATION_CONTEXT('2D SPACE',''
  ) );
#4355 = PCURVE('',#3758,#4356);
#4356 = DEFINITIONAL_REPRESENTATION('',(#4357),#4361);
#4357 = B_SPLINE_CURVE_WITH_KNOTS('',2,(#4358,#4359,#4360),
  .UNSPECIFIED.,.F.,.F.,(3,3),(1.,6.02870704499),
  .PIECEWISE_BEZIER_KNOTS.);
#4358 = CARTESIAN_POINT('',(0.,-1.));
#4359 = CARTESIAN_POINT('',(8.881784197001E-16,-3.514353522495));
#4360 = CARTESIAN_POINT('',(0.,-6.02870704499));
#4361 = ( GEOMETRIC_REPRESENTATION_CONTEXT(2) 
PARAMETRIC_REPRESENTATION_CONTEXT() REPRESENTATION_CONTEXT('2D SPACE',''
  ) );
#4362 = ORIENTED_EDGE('',*,*,#3896,.F.);
#4363 = ORIENTED_EDGE('',*,*,#4343,.F.);
#4364 = ( GEOMETRIC_REPRESENTATION_CONTEXT(3) 
GLOBAL_UNCERTAINTY_ASSIGNED_CONTEXT((#4368)) 
GLOBAL_UNIT_ASSIGNED_CONTEXT((#4365,#4366,#4367)) REPRESENTATION_CONTEXT
('Context #1','3D Context with UNIT and UNCERTAINTY') );
#4365 = ( LENGTH_UNIT() NAMED_UNIT(*) SI_UNIT(.MILLI.,.METRE.) );
#4366 = ( NAMED_UNIT(*) PLANE_ANGLE_UNIT() SI_UNIT($,.RADIAN.) );
#4367 = ( NAMED_UNIT(*) SI_UNIT($,.STERADIAN.) SOLID_ANGLE_UNIT() );
#4368 = UNCERTAINTY_MEASURE_WITH_UNIT(LENGTH_MEASURE(1.E-05),#4365,
  'distance_accuracy_value','confusion accuracy');
#4369 = CONTEXT_DEPENDENT_SHAPE_REPRESENTATION(#4370,#4372);
#4370 = ( REPRESENTATION_RELATIONSHIP('','',#3303,#10) 
REPRESENTATION_RELATIONSHIP_WITH_TRANSFORMATION(#4371) 
SHAPE_REPRESENTATION_RELATIONSHIP() );
#4371 = ITEM_DEFINED_TRANSFORMATION('','',#11,#23);
#4372 = PRODUCT_DEFINITION_SHAPE('Placement','Placement of an item',
  #4373);
#4373 = NEXT_ASSEMBLY_USAGE_OCCURRENCE('21','band_R','',#5,#3298,$);
#4374 = PRODUCT_RELATED_PRODUCT_CATEGORY('part',$,(#3300));
#4375 = MECHANICAL_DESIGN_GEOMETRIC_PRESENTATION_REPRESENTATION('',(
    #4376),#347);
#4376 = STYLED_ITEM('color',(#4377),#41);
#4377 = PRESENTATION_STYLE_ASSIGNMENT((#4378));
#4378 = SURFACE_STYLE_USAGE(.BOTH.,#4379);
#4379 = SURFACE_SIDE_STYLE('',(#4380));
#4380 = SURFACE_STYLE_FILL_AREA(#4381);
#4381 = FILL_AREA_STYLE('',(#4382));
#4382 = FILL_AREA_STYLE_COLOUR('',#4383);
#4383 = COLOUR_RGB('',0.568627446696,0.705882360366,0.827450977613);
#4384 = MECHANICAL_DESIGN_GEOMETRIC_PRESENTATION_REPRESENTATION('',(
    #4385),#3285);
#4385 = STYLED_ITEM('color',(#4386),#366);
#4386 = PRESENTATION_STYLE_ASSIGNMENT((#4387));
#4387 = SURFACE_STYLE_USAGE(.BOTH.,#4388);
#4388 = SURFACE_SIDE_STYLE('',(#4389));
#4389 = SURFACE_STYLE_FILL_AREA(#4390);
#4390 = FILL_AREA_STYLE('',(#4391));
#4391 = FILL_AREA_STYLE_COLOUR('',#4392);
#4392 = COLOUR_RGB('',0.184313727102,0.184313727102,0.168627449799);
#4393 = MECHANICAL_DESIGN_GEOMETRIC_PRESENTATION_REPRESENTATION('',(
    #4394),#4364);
#4394 = STYLED_ITEM('color',(#4395),#3304);
#4395 = PRESENTATION_STYLE_ASSIGNMENT((#4396));
#4396 = SURFACE_STYLE_USAGE(.BOTH.,#4397);
#4397 = SURFACE_SIDE_STYLE('',(#4398));
#4398 = SURFACE_STYLE_FILL_AREA(#4399);
#4399 = FILL_AREA_STYLE('',(#4400));
#4400 = FILL_AREA_STYLE_COLOUR('',#4401);
#4401 = COLOUR_RGB('',0.905882345718,0.509803927404,0.172549017514);
ENDSEC;
END-ISO-10303-21;
