ISO-10303-21;
HEADER;
FILE_DESCRIPTION(('Open CASCADE Model'),'2;1');
FILE_NAME('Open CASCADE Shape Model','2026-10-04T12:49:58',('Author'),(
    'Open CASCADE'),'Open CASCADE STEP processor 7.9','Open CASCADE 7.9'
  ,'Unknown');
FILE_SCHEMA(('AUTOMOTIVE_DESIGN { 1 0 10303 214 1 1 1 1 }'));
ENDSEC;
DATA;
#1 = APPLICATION_PROTOCOL_DEFINITION('international standard',
  'automotive_design',2000,#2);
#2 = APPLICATION_CONTEXT(
  'core data for automotive mechanical design processes');
#3 = SHAPE_DEFINITION_REPRESENTATION(#4,#10);
#4 = PRODUCT_DEFINITION_SHAPE('','',#5);
#5 = PRODUCT_DEFINITION('design','',#6,#9);
#6 = PRODUCT_DEFINITION_FORMATION('','',#7);
#7 = PRODUCT('scan_fitted_soft_addons_mm','scan_fitted_soft_addons_mm',
  '',(#8));
#8 = PRODUCT_CONTEXT('',#2,'mechanical');
#9 = PRODUCT_DEFINITION_CONTEXT('part definition',#2,'design');
#10 = SHAPE_REPRESENTATION('',(#11,#15,#19,#23,#27,#31,#35,#39,#43,#47),
  #51);
#11 = AXIS2_PLACEMENT_3D('',#12,#13,#14);
#12 = CARTESIAN_POINT('',(0.,0.,0.));
#13 = DIRECTION('',(0.,0.,1.));
#14 = DIRECTION('',(1.,0.,-0.));
#15 = AXIS2_PLACEMENT_3D('',#16,#17,#18);
#16 = CARTESIAN_POINT('',(0.,0.,0.));
#17 = DIRECTION('',(0.,0.,1.));
#18 = DIRECTION('',(1.,0.,-0.));
#19 = AXIS2_PLACEMENT_3D('',#20,#21,#22);
#20 = CARTESIAN_POINT('',(0.,0.,0.));
#21 = DIRECTION('',(0.,0.,1.));
#22 = DIRECTION('',(1.,0.,-0.));
#23 = AXIS2_PLACEMENT_3D('',#24,#25,#26);
#24 = CARTESIAN_POINT('',(0.,0.,0.));
#25 = DIRECTION('',(0.,0.,1.));
#26 = DIRECTION('',(1.,0.,-0.));
#27 = AXIS2_PLACEMENT_3D('',#28,#29,#30);
#28 = CARTESIAN_POINT('',(0.,0.,0.));
#29 = DIRECTION('',(0.,0.,1.));
#30 = DIRECTION('',(1.,0.,-0.));
#31 = AXIS2_PLACEMENT_3D('',#32,#33,#34);
#32 = CARTESIAN_POINT('',(0.,0.,0.));
#33 = DIRECTION('',(0.,0.,1.));
#34 = DIRECTION('',(1.,0.,-0.));
#35 = AXIS2_PLACEMENT_3D('',#36,#37,#38);
#36 = CARTESIAN_POINT('',(0.,0.,0.));
#37 = DIRECTION('',(0.,0.,1.));
#38 = DIRECTION('',(1.,0.,-0.));
#39 = AXIS2_PLACEMENT_3D('',#40,#41,#42);
#40 = CARTESIAN_POINT('',(0.,0.,0.));
#41 = DIRECTION('',(0.,0.,1.));
#42 = DIRECTION('',(1.,0.,-0.));
#43 = AXIS2_PLACEMENT_3D('',#44,#45,#46);
#44 = CARTESIAN_POINT('',(0.,0.,0.));
#45 = DIRECTION('',(0.,0.,1.));
#46 = DIRECTION('',(1.,0.,-0.));
#47 = AXIS2_PLACEMENT_3D('',#48,#49,#50);
#48 = CARTESIAN_POINT('',(0.,0.,0.));
#49 = DIRECTION('',(0.,0.,1.));
#50 = DIRECTION('',(1.,0.,-0.));
#51 = ( GEOMETRIC_REPRESENTATION_CONTEXT(3) 
GLOBAL_UNCERTAINTY_ASSIGNED_CONTEXT((#55)) GLOBAL_UNIT_ASSIGNED_CONTEXT(
(#52,#53,#54)) REPRESENTATION_CONTEXT('Context #1',
  '3D Context with UNIT and UNCERTAINTY') );
#52 = ( LENGTH_UNIT() NAMED_UNIT(*) SI_UNIT(.MILLI.,.METRE.) );
#53 = ( NAMED_UNIT(*) PLANE_ANGLE_UNIT() SI_UNIT($,.RADIAN.) );
#54 = ( NAMED_UNIT(*) SI_UNIT($,.STERADIAN.) SOLID_ANGLE_UNIT() );
#55 = UNCERTAINTY_MEASURE_WITH_UNIT(LENGTH_MEASURE(2.E-06),#52,
  'distance_accuracy_value','confusion accuracy');
#56 = PRODUCT_RELATED_PRODUCT_CATEGORY('part',$,(#7));
#57 = SHAPE_DEFINITION_REPRESENTATION(#58,#64);
#58 = PRODUCT_DEFINITION_SHAPE('','',#59);
#59 = PRODUCT_DEFINITION('design','',#60,#63);
#60 = PRODUCT_DEFINITION_FORMATION('','',#61);
#61 = PRODUCT('cot_L','cot_L','',(#62));
#62 = PRODUCT_CONTEXT('',#2,'mechanical');
#63 = PRODUCT_DEFINITION_CONTEXT('part definition',#2,'design');
#64 = ADVANCED_BREP_SHAPE_REPRESENTATION('',(#11,#65),#435);
#65 = MANIFOLD_SOLID_BREP('',#66);
#66 = CLOSED_SHELL('',(#67,#248,#274,#406));
#67 = ADVANCED_FACE('',(#68),#83,.T.);
#68 = FACE_BOUND('',#69,.T.);
#69 = EDGE_LOOP('',(#70,#120,#169,#228));
#70 = ORIENTED_EDGE('',*,*,#71,.T.);
#71 = EDGE_CURVE('',#72,#74,#76,.T.);
#72 = VERTEX_POINT('',#73);
#73 = CARTESIAN_POINT('',(-18.7078249949,4.884195972565,61.7));
#74 = VERTEX_POINT('',#75);
#75 = CARTESIAN_POINT('',(-30.60409883698,2.056719312194,61.7));
#76 = SURFACE_CURVE('',#77,(#82,#108),.PCURVE_S1.);
#77 = ELLIPSE('',#78,9.090446681582,8.178003100994);
#78 = AXIS2_PLACEMENT_3D('',#79,#80,#81);
#79 = CARTESIAN_POINT('',(-23.87693009009,-2.593542548249,61.7));
#80 = DIRECTION('',(0.,-0.,1.));
#81 = DIRECTION('',(0.568630483874,0.822593078508,0.));
#82 = PCURVE('',#83,#102);
#83 = B_SPLINE_SURFACE_WITH_KNOTS('',8,1,(
    (#84,#85)
    ,(#86,#87)
    ,(#88,#89)
    ,(#90,#91)
    ,(#92,#93)
    ,(#94,#95)
    ,(#96,#97)
    ,(#98,#99)
    ,(#100,#101
    )),.UNSPECIFIED.,.F.,.F.,.F.,(9,9),(2,2),(0.,1.570796326795),(0.,1.)
  ,.PIECEWISE_BEZIER_KNOTS.);
#84 = CARTESIAN_POINT('',(-18.7078249949,4.884195972565,61.7));
#85 = CARTESIAN_POINT('',(-18.11688484519,4.105895618799,75.576296965142
    ));
#86 = CARTESIAN_POINT('',(-20.02870148957,5.797272753693,61.7));
#87 = CARTESIAN_POINT('',(-19.50498583015,5.065442392732,75.576296965142
    ));
#88 = CARTESIAN_POINT('',(-21.57733324873,6.380874763359,61.699999999999
    ));
#89 = CARTESIAN_POINT('',(-21.09988572634,5.72583035145,75.576296965145)
  );
#90 = CARTESIAN_POINT('',(-23.27611628504,6.581361799506,61.700000000001
    ));
#91 = CARTESIAN_POINT('',(-22.82003130038,6.030688874041,75.576296965137
    ));
#92 = CARTESIAN_POINT('',(-25.02874228668,6.372187923697,61.699999999999
    ));
#93 = CARTESIAN_POINT('',(-24.56688845163,5.948250254664,75.576296965148
    ));
#94 = CARTESIAN_POINT('',(-26.72966205867,5.760531663944,61.700000000001
    ));
#95 = CARTESIAN_POINT('',(-26.23489319679,5.478308788944,75.576296965138
    ));
#96 = CARTESIAN_POINT('',(-28.27779133095,4.788326618219,61.7));
#97 = CARTESIAN_POINT('',(-27.72529059809,4.654120332751,75.576296965145
    ));
#98 = CARTESIAN_POINT('',(-29.58914742494,3.524969837347,61.7));
#99 = CARTESIAN_POINT('',(-28.95834324229,3.536289375665,75.576296965142
    ));
#100 = CARTESIAN_POINT('',(-30.60409883698,2.056719312194,61.7));
#101 = CARTESIAN_POINT('',(-29.87990607476,2.203136776747,
    75.576296965143));
#102 = DEFINITIONAL_REPRESENTATION('',(#103),#107);
#103 = LINE('',#104,#105);
#104 = CARTESIAN_POINT('',(0.,0.));
#105 = VECTOR('',#106,1.);
#106 = DIRECTION('',(1.,0.));
#107 = ( GEOMETRIC_REPRESENTATION_CONTEXT(2) 
PARAMETRIC_REPRESENTATION_CONTEXT() REPRESENTATION_CONTEXT('2D SPACE',''
  ) );
#108 = PCURVE('',#109,#114);
#109 = PLANE('',#110);
#110 = AXIS2_PLACEMENT_3D('',#111,#112,#113);
#111 = CARTESIAN_POINT('',(-23.87693009009,-2.593542548249,61.7));
#112 = DIRECTION('',(0.,-0.,1.));
#113 = DIRECTION('',(0.568630483874,0.822593078508,0.));
#114 = DEFINITIONAL_REPRESENTATION('',(#115),#119);
#115 = ELLIPSE('',#116,9.090446681582,8.178003100994);
#116 = AXIS2_PLACEMENT_2D('',#117,#118);
#117 = CARTESIAN_POINT('',(0.,0.));
#118 = DIRECTION('',(1.,0.));
#119 = ( GEOMETRIC_REPRESENTATION_CONTEXT(2) 
PARAMETRIC_REPRESENTATION_CONTEXT() REPRESENTATION_CONTEXT('2D SPACE',''
  ) );
#120 = ORIENTED_EDGE('',*,*,#121,.T.);
#121 = EDGE_CURVE('',#74,#122,#124,.T.);
#122 = VERTEX_POINT('',#123);
#123 = CARTESIAN_POINT('',(-29.87990607476,2.203136776747,
    75.576296965143));
#124 = SURFACE_CURVE('',#125,(#128,#135),.PCURVE_S1.);
#125 = B_SPLINE_CURVE_WITH_KNOTS('',1,(#126,#127),.UNSPECIFIED.,.F.,.F.,
  (2,2),(0.,1.),.PIECEWISE_BEZIER_KNOTS.);
#126 = CARTESIAN_POINT('',(-30.60409883698,2.056719312194,61.7));
#127 = CARTESIAN_POINT('',(-29.87990607476,2.203136776747,
    75.576296965143));
#128 = PCURVE('',#83,#129);
#129 = DEFINITIONAL_REPRESENTATION('',(#130),#134);
#130 = LINE('',#131,#132);
#131 = CARTESIAN_POINT('',(1.570796326795,0.));
#132 = VECTOR('',#133,1.);
#133 = DIRECTION('',(0.,1.));
#134 = ( GEOMETRIC_REPRESENTATION_CONTEXT(2) 
PARAMETRIC_REPRESENTATION_CONTEXT() REPRESENTATION_CONTEXT('2D SPACE',''
  ) );
#135 = PCURVE('',#136,#163);
#136 = B_SPLINE_SURFACE_WITH_KNOTS('',12,1,(
    (#137,#138)
    ,(#139,#140)
    ,(#141,#142)
    ,(#143,#144)
    ,(#145,#146)
    ,(#147,#148)
    ,(#149,#150)
    ,(#151,#152)
    ,(#153,#154)
    ,(#155,#156)
    ,(#157,#158)
    ,(#159,#160)
    ,(#161,#162
    )),.UNSPECIFIED.,.F.,.F.,.F.,(13,13),(2,2),(1.570796326795,
    6.28318530718),(0.,1.),.PIECEWISE_BEZIER_KNOTS.);
#137 = CARTESIAN_POINT('',(-30.60409883698,2.056719312194,61.7));
#138 = CARTESIAN_POINT('',(-29.87990607476,2.203136776747,
    75.576296965143));
#139 = CARTESIAN_POINT('',(-32.63400166106,-0.879781738113,
    61.699999999999));
#140 = CARTESIAN_POINT('',(-31.72303173971,-0.463168421089,
    75.576296965148));
#141 = CARTESIAN_POINT('',(-33.5321777568,-4.598604856753,
    61.700000000004));
#142 = CARTESIAN_POINT('',(-32.37683287576,-3.951611257231,
    75.576296965119));
#143 = CARTESIAN_POINT('',(-32.88885851992,-8.506936791602,
    61.699999999987));
#144 = CARTESIAN_POINT('',(-31.46924707696,-7.72392338752,
    75.576296965195));
#145 = CARTESIAN_POINT('',(-30.57336574035,-11.81892204675,
    61.70000000003));
#146 = CARTESIAN_POINT('',(-28.92151410959,-11.03898083529,
    75.576296965061));
#147 = CARTESIAN_POINT('',(-26.86121236338,-13.73853844934,
    61.69999999995));
#148 = CARTESIAN_POINT('',(-25.0636480214,-13.11880685741,
    75.576296965237));
#149 = CARTESIAN_POINT('',(-22.44766495057,-13.71897258955,
    61.700000000062));
#150 = CARTESIAN_POINT('',(-20.63072525282,-13.39516003046,
    75.576296965059));
#151 = CARTESIAN_POINT('',(-18.29078015141,-11.70153952259,
    61.699999999941));
#152 = CARTESIAN_POINT('',(-16.58921498511,-11.74800236115,75.5762969652
    ));
#153 = CARTESIAN_POINT('',(-15.27720992423,-8.183369928699,
    61.700000000043));
#154 = CARTESIAN_POINT('',(-13.79669368393,-8.59242520663,
    75.576296965111));
#155 = CARTESIAN_POINT('',(-13.92468670396,-3.99957979018,
    61.699999999976));
#156 = CARTESIAN_POINT('',(-12.71749685383,-4.690684065354,
    75.576296965156));
#157 = CARTESIAN_POINT('',(-14.29392967673,-2.610609327916E-02,
    61.700000000009));
#158 = CARTESIAN_POINT('',(-13.35407637319,-0.874534592228,
    75.576296965138));
#159 = CARTESIAN_POINT('',(-16.06607200557,3.058042410311,
    61.699999999998));
#160 = CARTESIAN_POINT('',(-15.34068287528,2.186802070931,
    75.576296965144));
#161 = CARTESIAN_POINT('',(-18.7078249949,4.884195972565,61.7));
#162 = CARTESIAN_POINT('',(-18.11688484519,4.105895618799,
    75.576296965143));
#163 = DEFINITIONAL_REPRESENTATION('',(#164),#168);
#164 = LINE('',#165,#166);
#165 = CARTESIAN_POINT('',(1.570796326795,0.));
#166 = VECTOR('',#167,1.);
#167 = DIRECTION('',(0.,1.));
#168 = ( GEOMETRIC_REPRESENTATION_CONTEXT(2) 
PARAMETRIC_REPRESENTATION_CONTEXT() REPRESENTATION_CONTEXT('2D SPACE',''
  ) );
#169 = ORIENTED_EDGE('',*,*,#170,.F.);
#170 = EDGE_CURVE('',#171,#122,#173,.T.);
#171 = VERTEX_POINT('',#172);
#172 = CARTESIAN_POINT('',(-18.11688484519,4.105895618799,
    75.576296965143));
#173 = SURFACE_CURVE('',#174,(#179,#186),.PCURVE_S1.);
#174 = ELLIPSE('',#175,8.594213164735,8.254008707136);
#175 = AXIS2_PLACEMENT_3D('',#176,#177,#178);
#176 = CARTESIAN_POINT('',(-22.81036581023,-2.683794813635,
    75.576296965143));
#177 = DIRECTION('',(0.,0.,1.));
#178 = DIRECTION('',(-0.822593078508,0.568630483874,0.));
#179 = PCURVE('',#83,#180);
#180 = DEFINITIONAL_REPRESENTATION('',(#181),#185);
#181 = LINE('',#182,#183);
#182 = CARTESIAN_POINT('',(-4.712388980385,1.));
#183 = VECTOR('',#184,1.);
#184 = DIRECTION('',(1.,0.));
#185 = ( GEOMETRIC_REPRESENTATION_CONTEXT(2) 
PARAMETRIC_REPRESENTATION_CONTEXT() REPRESENTATION_CONTEXT('2D SPACE',''
  ) );
#186 = PCURVE('',#187,#209);
#187 = ( BOUNDED_SURFACE() B_SPLINE_SURFACE(2,2,(
    (#188,#189,#190)
    ,(#191,#192,#193)
    ,(#194,#195,#196)
    ,(#197,#198,#199)
    ,(#200,#201,#202)
    ,(#203,#204,#205)
    ,(#206,#207,#208
)),.UNSPECIFIED.,.T.,.F.,.F.) B_SPLINE_SURFACE_WITH_KNOTS((1,2,2,2,2,1),
  (3,3),(-2.094395102393,0.,2.094395102393,4.188790204786,6.28318530718,
    8.377580409573),(0.,1.570796326795),.UNSPECIFIED.) 
GEOMETRIC_REPRESENTATION_ITEM() RATIONAL_B_SPLINE_SURFACE((
    (1.,0.707106781187,1.)
    ,(0.5,0.353553390593,0.5)
    ,(1.,0.707106781187,1.)
    ,(0.5,0.353553390593,0.5)
    ,(1.,0.707106781187,1.)
    ,(0.5,0.353553390593,0.5)
,(1.,0.707106781187,1.))) REPRESENTATION_ITEM('') SURFACE() );
#188 = CARTESIAN_POINT('',(-18.11688484519,4.105895618799,
    75.576296965143));
#189 = CARTESIAN_POINT('',(-17.20617801741,4.028831951974,
    87.424845270358));
#190 = CARTESIAN_POINT('',(-21.89965898245,-2.760858480459,
    87.424845270358));
#191 = CARTESIAN_POINT('',(-30.36168776951,12.570309426453,
    75.576296965143));
#192 = CARTESIAN_POINT('',(-29.45098094173,12.493245759629,
    87.424845270358));
#193 = CARTESIAN_POINT('',(-21.89965898245,-2.760858480459,
    87.424845270358));
#194 = CARTESIAN_POINT('',(-31.27950775491,-1.846433126024,
    75.576296965143));
#195 = CARTESIAN_POINT('',(-30.36880092713,-1.923496792849,
    87.424845270358));
#196 = CARTESIAN_POINT('',(-21.89965898245,-2.760858480459,
    87.424845270358));
#197 = CARTESIAN_POINT('',(-32.19732774031,-16.2631756785,
    75.576296965143));
#198 = CARTESIAN_POINT('',(-31.28662091253,-16.34023934532,
    87.424845270358));
#199 = CARTESIAN_POINT('',(-21.89965898245,-2.760858480459,
    87.424845270358));
#200 = CARTESIAN_POINT('',(-19.03470483059,-10.31084693367,
    75.576296965143));
#201 = CARTESIAN_POINT('',(-18.12399800281,-10.3879106005,
    87.424845270358));
#202 = CARTESIAN_POINT('',(-21.89965898245,-2.760858480459,
    87.424845270358));
#203 = CARTESIAN_POINT('',(-5.872081920871,-4.358518188855,
    75.576296965143));
#204 = CARTESIAN_POINT('',(-4.96137509309,-4.43558185568,87.424845270358
    ));
#205 = CARTESIAN_POINT('',(-21.89965898245,-2.760858480459,
    87.424845270358));
#206 = CARTESIAN_POINT('',(-18.11688484519,4.105895618799,
    75.576296965143));
#207 = CARTESIAN_POINT('',(-17.20617801741,4.028831951974,
    87.424845270358));
#208 = CARTESIAN_POINT('',(-21.89965898245,-2.760858480459,
    87.424845270358));
#209 = DEFINITIONAL_REPRESENTATION('',(#210),#227);
#210 = B_SPLINE_CURVE_WITH_KNOTS('',8,(#211,#212,#213,#214,#215,#216,
    #217,#218,#219,#220,#221,#222,#223,#224,#225,#226),.UNSPECIFIED.,.F.
  ,.F.,(9,7,9),(4.712388980385,5.497787143782,6.28318530718),
  .UNSPECIFIED.);
#211 = CARTESIAN_POINT('',(0.,-1.314848227157E-15));
#212 = CARTESIAN_POINT('',(0.118712885942,1.114422518113E-14));
#213 = CARTESIAN_POINT('',(0.229735773884,-3.935718282674E-14));
#214 = CARTESIAN_POINT('',(0.334811884342,7.440046611491E-14));
#215 = CARTESIAN_POINT('',(0.435211478656,-7.884903969078E-14));
#216 = CARTESIAN_POINT('',(0.531959283209,3.821397480525E-14));
#217 = CARTESIAN_POINT('',(0.625912641295,-8.899122289896E-15));
#218 = CARTESIAN_POINT('',(0.71782848802,2.217365295614E-15));
#219 = CARTESIAN_POINT('',(0.898984188972,-1.995809039387E-15));
#220 = CARTESIAN_POINT('',(0.988224058755,4.86472657302E-15));
#221 = CARTESIAN_POINT('',(1.076825784848,-2.723480578864E-15));
#222 = CARTESIAN_POINT('',(1.165432476368,-4.395329826568E-15));
#223 = CARTESIAN_POINT('',(1.254677517632,4.225192675747E-16));
#224 = CARTESIAN_POINT('',(1.345218356851,1.225286956922E-15));
#225 = CARTESIAN_POINT('',(1.437776561614,8.386301693542E-16));
#226 = CARTESIAN_POINT('',(1.533203626075,-1.713205614724E-16));
#227 = ( GEOMETRIC_REPRESENTATION_CONTEXT(2) 
PARAMETRIC_REPRESENTATION_CONTEXT() REPRESENTATION_CONTEXT('2D SPACE',''
  ) );
#228 = ORIENTED_EDGE('',*,*,#229,.F.);
#229 = EDGE_CURVE('',#72,#171,#230,.T.);
#230 = SURFACE_CURVE('',#231,(#234,#241),.PCURVE_S1.);
#231 = B_SPLINE_CURVE_WITH_KNOTS('',1,(#232,#233),.UNSPECIFIED.,.F.,.F.,
  (2,2),(0.,1.),.PIECEWISE_BEZIER_KNOTS.);
#232 = CARTESIAN_POINT('',(-18.7078249949,4.884195972565,61.7));
#233 = CARTESIAN_POINT('',(-18.11688484519,4.105895618799,
    75.576296965142));
#234 = PCURVE('',#83,#235);
#235 = DEFINITIONAL_REPRESENTATION('',(#236),#240);
#236 = LINE('',#237,#238);
#237 = CARTESIAN_POINT('',(0.,0.));
#238 = VECTOR('',#239,1.);
#239 = DIRECTION('',(0.,1.));
#240 = ( GEOMETRIC_REPRESENTATION_CONTEXT(2) 
PARAMETRIC_REPRESENTATION_CONTEXT() REPRESENTATION_CONTEXT('2D SPACE',''
  ) );
#241 = PCURVE('',#136,#242);
#242 = DEFINITIONAL_REPRESENTATION('',(#243),#247);
#243 = LINE('',#244,#245);
#244 = CARTESIAN_POINT('',(6.28318530718,0.));
#245 = VECTOR('',#246,1.);
#246 = DIRECTION('',(0.,1.));
#247 = ( GEOMETRIC_REPRESENTATION_CONTEXT(2) 
PARAMETRIC_REPRESENTATION_CONTEXT() REPRESENTATION_CONTEXT('2D SPACE',''
  ) );
#248 = ADVANCED_FACE('',(#249),#109,.F.);
#249 = FACE_BOUND('',#250,.F.);
#250 = EDGE_LOOP('',(#251,#252));
#251 = ORIENTED_EDGE('',*,*,#71,.T.);
#252 = ORIENTED_EDGE('',*,*,#253,.T.);
#253 = EDGE_CURVE('',#74,#72,#254,.T.);
#254 = SURFACE_CURVE('',#255,(#260,#267),.PCURVE_S1.);
#255 = ELLIPSE('',#256,9.090446681582,8.178003100994);
#256 = AXIS2_PLACEMENT_3D('',#257,#258,#259);
#257 = CARTESIAN_POINT('',(-23.87693009009,-2.593542548249,61.7));
#258 = DIRECTION('',(0.,-0.,1.));
#259 = DIRECTION('',(0.568630483874,0.822593078508,0.));
#260 = PCURVE('',#109,#261);
#261 = DEFINITIONAL_REPRESENTATION('',(#262),#266);
#262 = ELLIPSE('',#263,9.090446681582,8.178003100994);
#263 = AXIS2_PLACEMENT_2D('',#264,#265);
#264 = CARTESIAN_POINT('',(0.,0.));
#265 = DIRECTION('',(1.,0.));
#266 = ( GEOMETRIC_REPRESENTATION_CONTEXT(2) 
PARAMETRIC_REPRESENTATION_CONTEXT() REPRESENTATION_CONTEXT('2D SPACE',''
  ) );
#267 = PCURVE('',#136,#268);
#268 = DEFINITIONAL_REPRESENTATION('',(#269),#273);
#269 = LINE('',#270,#271);
#270 = CARTESIAN_POINT('',(0.,0.));
#271 = VECTOR('',#272,1.);
#272 = DIRECTION('',(1.,0.));
#273 = ( GEOMETRIC_REPRESENTATION_CONTEXT(2) 
PARAMETRIC_REPRESENTATION_CONTEXT() REPRESENTATION_CONTEXT('2D SPACE',''
  ) );
#274 = ADVANCED_FACE('',(#275),#136,.T.);
#275 = FACE_BOUND('',#276,.T.);
#276 = EDGE_LOOP('',(#277,#278,#279,#405));
#277 = ORIENTED_EDGE('',*,*,#253,.T.);
#278 = ORIENTED_EDGE('',*,*,#229,.T.);
#279 = ORIENTED_EDGE('',*,*,#280,.F.);
#280 = EDGE_CURVE('',#122,#171,#281,.T.);
#281 = SURFACE_CURVE('',#282,(#287,#294),.PCURVE_S1.);
#282 = ELLIPSE('',#283,8.594213164735,8.254008707136);
#283 = AXIS2_PLACEMENT_3D('',#284,#285,#286);
#284 = CARTESIAN_POINT('',(-22.81036581023,-2.683794813635,
    75.576296965143));
#285 = DIRECTION('',(0.,0.,1.));
#286 = DIRECTION('',(-0.822593078508,0.568630483874,0.));
#287 = PCURVE('',#136,#288);
#288 = DEFINITIONAL_REPRESENTATION('',(#289),#293);
#289 = LINE('',#290,#291);
#290 = CARTESIAN_POINT('',(1.570796326795,1.));
#291 = VECTOR('',#292,1.);
#292 = DIRECTION('',(1.,0.));
#293 = ( GEOMETRIC_REPRESENTATION_CONTEXT(2) 
PARAMETRIC_REPRESENTATION_CONTEXT() REPRESENTATION_CONTEXT('2D SPACE',''
  ) );
#294 = PCURVE('',#187,#295);
#295 = DEFINITIONAL_REPRESENTATION('',(#296),#404);
#296 = B_SPLINE_CURVE_WITH_KNOTS('',8,(#297,#298,#299,#300,#301,#302,
    #303,#304,#305,#306,#307,#308,#309,#310,#311,#312,#313,#314,#315,
    #316,#317,#318,#319,#320,#321,#322,#323,#324,#325,#326,#327,#328,
    #329,#330,#331,#332,#333,#334,#335,#336,#337,#338,#339,#340,#341,
    #342,#343,#344,#345,#346,#347,#348,#349,#350,#351,#352,#353,#354,
    #355,#356,#357,#358,#359,#360,#361,#362,#363,#364,#365,#366,#367,
    #368,#369,#370,#371,#372,#373,#374,#375,#376,#377,#378,#379,#380,
    #381,#382,#383,#384,#385,#386,#387,#388,#389,#390,#391,#392,#393,
    #394,#395,#396,#397,#398,#399,#400,#401,#402,#403),.UNSPECIFIED.,.F.
  ,.F.,(9,7,7,7,7,7,7,7,7,7,7,7,7,7,7,9),(0.,0.294524311274,
    0.432582582184,0.499454557156,0.515911332246,0.52000945495,
    0.52410357558,1.047639251181,1.963826683482,2.307396970594,
    2.608020971818,2.616241159352,2.620335198065,3.143348643645,
    3.927868812015,4.712388980385),.UNSPECIFIED.);
#297 = CARTESIAN_POINT('',(1.533203626075,2.257371601239E-16));
#298 = CARTESIAN_POINT('',(1.568988776706,-4.808283489776E-15));
#299 = CARTESIAN_POINT('',(1.605177369703,7.826462452141E-15));
#300 = CARTESIAN_POINT('',(1.641814309706,-2.219991154086E-15));
#301 = CARTESIAN_POINT('',(1.678947107558,-8.635868635808E-15));
#302 = CARTESIAN_POINT('',(1.716626346465,2.684655215064E-15));
#303 = CARTESIAN_POINT('',(1.754906292524,1.033678471262E-14));
#304 = CARTESIAN_POINT('',(1.793845649635,-1.033654530476E-14));
#305 = CARTESIAN_POINT('',(1.852100401091,-4.540941423227E-15));
#306 = CARTESIAN_POINT('',(1.870851304658,5.328812578977E-16));
#307 = CARTESIAN_POINT('',(1.889767769013,3.017036713726E-15));
#308 = CARTESIAN_POINT('',(1.908856648841,8.217848842838E-16));
#309 = CARTESIAN_POINT('',(1.928125079566,-2.428319720086E-15));
#310 = CARTESIAN_POINT('',(1.947580502915,-2.371528509739E-15));
#311 = CARTESIAN_POINT('',(1.967230692475,1.114000693261E-15));
#312 = CARTESIAN_POINT('',(1.996700117846,-1.426651044997E-16));
#313 = CARTESIAN_POINT('',(2.006364061526,-5.339422471302E-16));
#314 = CARTESIAN_POINT('',(2.016076532768,-1.031871018782E-15));
#315 = CARTESIAN_POINT('',(2.025838475656,-9.727716135331E-16));
#316 = CARTESIAN_POINT('',(2.035650855895,-2.381416645251E-16));
#317 = CARTESIAN_POINT('',(2.04551466081,7.453437560358E-16));
#318 = CARTESIAN_POINT('',(2.055430899343,1.005832136879E-15));
#319 = CARTESIAN_POINT('',(2.067854083854,-1.060908263964E-15));
#320 = CARTESIAN_POINT('',(2.070310803371,-1.096468904664E-15));
#321 = CARTESIAN_POINT('',(2.072770776216,-1.069904448324E-15));
#322 = CARTESIAN_POINT('',(2.075234017993,-9.707309488365E-16));
#323 = CARTESIAN_POINT('',(2.077700544311,-7.884644600953E-16));
#324 = CARTESIAN_POINT('',(2.080170370775,-5.126210359936E-16));
#325 = CARTESIAN_POINT('',(2.082643512991,-1.327167304246E-16));
#326 = CARTESIAN_POINT('',(2.08573668571,-6.520825558898E-17));
#327 = CARTESIAN_POINT('',(2.086353592192,-4.303191574816E-16));
#328 = CARTESIAN_POINT('',(2.086970706011,-7.336003029596E-16));
#329 = CARTESIAN_POINT('',(2.087588027168,-9.750516920229E-16));
#330 = CARTESIAN_POINT('',(2.088205555663,-1.154673324671E-15));
#331 = CARTESIAN_POINT('',(2.088823291496,-1.272465200905E-15));
#332 = CARTESIAN_POINT('',(2.089441234666,-1.328427320725E-15));
#333 = CARTESIAN_POINT('',(2.090676924283,1.312701667564E-15));
#334 = CARTESIAN_POINT('',(2.091294743768,-2.419770687348E-15));
#335 = CARTESIAN_POINT('',(2.091912505726,8.64852010774E-15));
#336 = CARTESIAN_POINT('',(2.092531006769,-1.851761911796E-14));
#337 = CARTESIAN_POINT('',(2.093149133885,2.339593061628E-14));
#338 = CARTESIAN_POINT('',(2.093767665974,-1.971325790295E-14));
#339 = CARTESIAN_POINT('',(2.094386809823,6.505555585065E-15));
#340 = CARTESIAN_POINT('',(2.174114751282,4.839822017369E-15));
#341 = CARTESIAN_POINT('',(2.249810119809,-9.089666613025E-15));
#342 = CARTESIAN_POINT('',(2.32260737427,9.762351575931E-15));
#343 = CARTESIAN_POINT('',(2.392929212067,1.474414532713E-15));
#344 = CARTESIAN_POINT('',(2.461134682318,-8.340661883599E-15));
#345 = CARTESIAN_POINT('',(2.527536712121,9.43691820327E-15));
#346 = CARTESIAN_POINT('',(2.592413033499,-6.844632048805E-16));
#347 = CARTESIAN_POINT('',(2.767320876582,2.067553718509E-16));
#348 = CARTESIAN_POINT('',(2.874725910385,1.181439110711E-14));
#349 = CARTESIAN_POINT('',(2.979581924231,-1.793507158459E-14));
#350 = CARTESIAN_POINT('',(3.082999941453,5.222982178061E-15));
#351 = CARTESIAN_POINT('',(3.185992222905,2.004128795036E-14));
#352 = CARTESIAN_POINT('',(3.289550162996,-1.856297529186E-14));
#353 = CARTESIAN_POINT('',(3.394714338085,7.142243448464E-15));
#354 = CARTESIAN_POINT('',(3.543183771319,6.211262221849E-15));
#355 = CARTESIAN_POINT('',(3.584071097985,-5.340756581837E-15));
#356 = CARTESIAN_POINT('',(3.625417735904,1.211351604295E-15));
#357 = CARTESIAN_POINT('',(3.667290676936,6.468327803359E-15));
#358 = CARTESIAN_POINT('',(3.70976105347,-1.460289720611E-15));
#359 = CARTESIAN_POINT('',(3.752905196425,-7.355322746916E-15));
#360 = CARTESIAN_POINT('',(3.796805956215,7.649413393501E-15));
#361 = CARTESIAN_POINT('',(3.880709075659,1.07249774377E-14));
#362 = CARTESIAN_POINT('',(3.92051279784,-6.040950854567E-15));
#363 = CARTESIAN_POINT('',(3.961026378721,-4.319321034388E-15));
#364 = CARTESIAN_POINT('',(4.002315577805,3.995194684685E-15));
#365 = CARTESIAN_POINT('',(4.044451766835,3.520632885069E-15));
#366 = CARTESIAN_POINT('',(4.087513028454,-1.701128643874E-15));
#367 = CARTESIAN_POINT('',(4.131585575302,2.773049149836E-15));
#368 = CARTESIAN_POINT('',(4.178000877842,6.314889419317E-16));
#369 = CARTESIAN_POINT('',(4.179237094111,7.107512652654E-16));
#370 = CARTESIAN_POINT('',(4.180474140305,9.494676690446E-16));
#371 = CARTESIAN_POINT('',(4.181712018402,1.228044571147E-15));
#372 = CARTESIAN_POINT('',(4.182950730382,1.426888389449E-15));
#373 = CARTESIAN_POINT('',(4.184190278223,1.426405541829E-15));
#374 = CARTESIAN_POINT('',(4.185430663904,1.107002446164E-15));
#375 = CARTESIAN_POINT('',(4.187290041695,1.07181052763E-14));
#376 = CARTESIAN_POINT('',(4.187908755222,-2.87493694018E-14));
#377 = CARTESIAN_POINT('',(4.188526181591,2.260069763898E-14));
#378 = CARTESIAN_POINT('',(4.189147251018,1.181385941233E-14));
#379 = CARTESIAN_POINT('',(4.189764446754,-2.755151433433E-14));
#380 = CARTESIAN_POINT('',(4.190383338326,2.012386332981E-14));
#381 = CARTESIAN_POINT('',(4.191001430683,-1.029792984253E-14));
#382 = CARTESIAN_POINT('',(4.270566223716,-1.129133735305E-14));
#383 = CARTESIAN_POINT('',(4.346116693032,1.933443358486E-14));
#384 = CARTESIAN_POINT('',(4.418783503498,-1.498396224619E-14));
#385 = CARTESIAN_POINT('',(4.488986973676,-4.139988752664E-15));
#386 = CARTESIAN_POINT('',(4.557084275689,1.397271339004E-14));
#387 = CARTESIAN_POINT('',(4.623386806783,-1.243426319323E-14));
#388 = CARTESIAN_POINT('',(4.688171033604,6.333334774986E-15));
#389 = CARTESIAN_POINT('',(4.846963750067,9.924698959312E-15));
#390 = CARTESIAN_POINT('',(4.93938831669,-2.329505429548E-14));
#391 = CARTESIAN_POINT('',(5.02980901566,1.812222663111E-14));
#392 = CARTESIAN_POINT('',(5.118944288733,4.272826493564E-15));
#393 = CARTESIAN_POINT('',(5.207449077008,-1.999131192887E-14));
#394 = CARTESIAN_POINT('',(5.295954604003,1.117379247755E-14));
#395 = CARTESIAN_POINT('',(5.385101999778,-2.157659469729E-15));
#396 = CARTESIAN_POINT('',(5.566076140229,6.831426612158E-15));
#397 = CARTESIAN_POINT('',(5.657902900581,-2.186541593888E-14));
#398 = CARTESIAN_POINT('',(5.751766839006,3.096030927112E-14));
#399 = CARTESIAN_POINT('',(5.848422809388,-3.366093514826E-14));
#400 = CARTESIAN_POINT('',(5.948725837341,2.281797335861E-14));
#401 = CARTESIAN_POINT('',(6.053697767318,-1.338731074021E-14));
#402 = CARTESIAN_POINT('',(6.164605130143,5.72875630423E-15));
#403 = CARTESIAN_POINT('',(6.28318530718,-1.570834856447E-15));
#404 = ( GEOMETRIC_REPRESENTATION_CONTEXT(2) 
PARAMETRIC_REPRESENTATION_CONTEXT() REPRESENTATION_CONTEXT('2D SPACE',''
  ) );
#405 = ORIENTED_EDGE('',*,*,#121,.F.);
#406 = ADVANCED_FACE('',(#407),#187,.T.);
#407 = FACE_BOUND('',#408,.T.);
#408 = EDGE_LOOP('',(#409,#432,#433,#434));
#409 = ORIENTED_EDGE('',*,*,#410,.T.);
#410 = EDGE_CURVE('',#171,#411,#413,.T.);
#411 = VERTEX_POINT('',#412);
#412 = CARTESIAN_POINT('',(-21.89965898245,-2.760858480459,
    87.424845270358));
#413 = SEAM_CURVE('',#414,(#418,#425),.PCURVE_S1.);
#414 = ( BOUNDED_CURVE() B_SPLINE_CURVE(2,(#415,#416,#417),
.UNSPECIFIED.,.F.,.F.) B_SPLINE_CURVE_WITH_KNOTS((3,3),(6.28318530718,
7.853981633974),.PIECEWISE_BEZIER_KNOTS.) CURVE() 
GEOMETRIC_REPRESENTATION_ITEM() RATIONAL_B_SPLINE_CURVE((1.,
0.707106781187,1.)) REPRESENTATION_ITEM('') );
#415 = CARTESIAN_POINT('',(-18.11688484519,4.105895618799,
    75.576296965143));
#416 = CARTESIAN_POINT('',(-17.20617801741,4.028831951974,
    87.424845270358));
#417 = CARTESIAN_POINT('',(-21.89965898245,-2.760858480459,
    87.424845270358));
#418 = PCURVE('',#187,#419);
#419 = DEFINITIONAL_REPRESENTATION('',(#420),#424);
#420 = B_SPLINE_CURVE_WITH_KNOTS('',2,(#421,#422,#423),.UNSPECIFIED.,.F.
  ,.F.,(3,3),(6.28318530718,7.853981633974),.PIECEWISE_BEZIER_KNOTS.);
#421 = CARTESIAN_POINT('',(6.28318530718,0.));
#422 = CARTESIAN_POINT('',(6.28318530718,0.785398163397));
#423 = CARTESIAN_POINT('',(6.28318530718,1.570796326795));
#424 = ( GEOMETRIC_REPRESENTATION_CONTEXT(2) 
PARAMETRIC_REPRESENTATION_CONTEXT() REPRESENTATION_CONTEXT('2D SPACE',''
  ) );
#425 = PCURVE('',#187,#426);
#426 = DEFINITIONAL_REPRESENTATION('',(#427),#431);
#427 = B_SPLINE_CURVE_WITH_KNOTS('',2,(#428,#429,#430),.UNSPECIFIED.,.F.
  ,.F.,(3,3),(6.28318530718,7.853981633974),.PIECEWISE_BEZIER_KNOTS.);
#428 = CARTESIAN_POINT('',(0.,0.));
#429 = CARTESIAN_POINT('',(8.881784197001E-16,0.785398163397));
#430 = CARTESIAN_POINT('',(0.,1.570796326795));
#431 = ( GEOMETRIC_REPRESENTATION_CONTEXT(2) 
PARAMETRIC_REPRESENTATION_CONTEXT() REPRESENTATION_CONTEXT('2D SPACE',''
  ) );
#432 = ORIENTED_EDGE('',*,*,#410,.F.);
#433 = ORIENTED_EDGE('',*,*,#170,.T.);
#434 = ORIENTED_EDGE('',*,*,#280,.T.);
#435 = ( GEOMETRIC_REPRESENTATION_CONTEXT(3) 
GLOBAL_UNCERTAINTY_ASSIGNED_CONTEXT((#439)) GLOBAL_UNIT_ASSIGNED_CONTEXT
((#436,#437,#438)) REPRESENTATION_CONTEXT('Context #1',
  '3D Context with UNIT and UNCERTAINTY') );
#436 = ( LENGTH_UNIT() NAMED_UNIT(*) SI_UNIT(.MILLI.,.METRE.) );
#437 = ( NAMED_UNIT(*) PLANE_ANGLE_UNIT() SI_UNIT($,.RADIAN.) );
#438 = ( NAMED_UNIT(*) SI_UNIT($,.STERADIAN.) SOLID_ANGLE_UNIT() );
#439 = UNCERTAINTY_MEASURE_WITH_UNIT(LENGTH_MEASURE(1.E-06),#436,
  'distance_accuracy_value','confusion accuracy');
#440 = CONTEXT_DEPENDENT_SHAPE_REPRESENTATION(#441,#443);
#441 = ( REPRESENTATION_RELATIONSHIP('','',#64,#10) 
REPRESENTATION_RELATIONSHIP_WITH_TRANSFORMATION(#442) 
SHAPE_REPRESENTATION_RELATIONSHIP() );
#442 = ITEM_DEFINED_TRANSFORMATION('','',#11,#15);
#443 = PRODUCT_DEFINITION_SHAPE('Placement','Placement of an item',#444
  );
#444 = NEXT_ASSEMBLY_USAGE_OCCURRENCE('7','cot_L','',#5,#59,$);
#445 = PRODUCT_RELATED_PRODUCT_CATEGORY('part',$,(#61));
#446 = SHAPE_DEFINITION_REPRESENTATION(#447,#453);
#447 = PRODUCT_DEFINITION_SHAPE('','',#448);
#448 = PRODUCT_DEFINITION('design','',#449,#452);
#449 = PRODUCT_DEFINITION_FORMATION('','',#450);
#450 = PRODUCT('foam_L','foam_L','',(#451));
#451 = PRODUCT_CONTEXT('',#2,'mechanical');
#452 = PRODUCT_DEFINITION_CONTEXT('part definition',#2,'design');
#453 = ADVANCED_BREP_SHAPE_REPRESENTATION('',(#11,#454),#3319);
#454 = MANIFOLD_SOLID_BREP('',#455);
#455 = CLOSED_SHELL('',(#456,#729,#849,#1280,#1328,#1711,#1760,#1809,
    #1836,#1942,#2012,#2161,#2485,#2490,#2516,#2634,#2641,#2696,#2789,
    #2879,#2924,#3029,#3083,#3152,#3159,#3242,#3302,#3307,#3314));
#456 = ADVANCED_FACE('',(#457),#470,.T.);
#457 = FACE_BOUND('',#458,.T.);
#458 = EDGE_LOOP('',(#459,#505,#533,#576,#601,#644,#667,#706));
#459 = ORIENTED_EDGE('',*,*,#460,.F.);
#460 = EDGE_CURVE('',#461,#463,#465,.T.);
#461 = VERTEX_POINT('',#462);
#462 = CARTESIAN_POINT('',(-37.7,-15.1,38.8));
#463 = VERTEX_POINT('',#464);
#464 = CARTESIAN_POINT('',(-37.18268855368,-14.34782608695,
    47.826086956522));
#465 = SURFACE_CURVE('',#466,(#469,#481),.PCURVE_S1.);
#466 = B_SPLINE_CURVE_WITH_KNOTS('',1,(#467,#468),.UNSPECIFIED.,.F.,.F.,
  (2,2),(0.,1.),.PIECEWISE_BEZIER_KNOTS.);
#467 = CARTESIAN_POINT('',(-37.7,-15.1,38.8));
#468 = CARTESIAN_POINT('',(-37.01224489795,-14.1,50.8));
#469 = PCURVE('',#470,#475);
#470 = B_SPLINE_SURFACE_WITH_KNOTS('',1,1,(
    (#471,#472)
    ,(#473,#474
    )),.UNSPECIFIED.,.F.,.F.,.F.,(2,2),(2,2),(1.,20.4),(0.,1.),
  .PIECEWISE_BEZIER_KNOTS.);
#471 = CARTESIAN_POINT('',(-37.7,-15.1,38.8));
#472 = CARTESIAN_POINT('',(-37.01224489795,-14.1,50.8));
#473 = CARTESIAN_POINT('',(-18.3,-15.1,38.8));
#474 = CARTESIAN_POINT('',(-19.98775510204,-14.1,50.8));
#475 = DEFINITIONAL_REPRESENTATION('',(#476),#480);
#476 = LINE('',#477,#478);
#477 = CARTESIAN_POINT('',(1.,0.));
#478 = VECTOR('',#479,1.);
#479 = DIRECTION('',(0.,1.));
#480 = ( GEOMETRIC_REPRESENTATION_CONTEXT(2) 
PARAMETRIC_REPRESENTATION_CONTEXT() REPRESENTATION_CONTEXT('2D SPACE',''
  ) );
#481 = PCURVE('',#482,#499);
#482 = B_SPLINE_SURFACE_WITH_KNOTS('',7,1,(
    (#483,#484)
    ,(#485,#486)
    ,(#487,#488)
    ,(#489,#490)
    ,(#491,#492)
    ,(#493,#494)
    ,(#495,#496)
    ,(#497,#498
    )),.UNSPECIFIED.,.F.,.F.,.F.,(8,8),(2,2),(1.,2.987755102041),(0.,1.)
  ,.PIECEWISE_BEZIER_KNOTS.);
#483 = CARTESIAN_POINT('',(-38.7,-14.1,38.8));
#484 = CARTESIAN_POINT('',(-39.,-14.1,50.8));
#485 = CARTESIAN_POINT('',(-38.7,-14.32439947525,38.8));
#486 = CARTESIAN_POINT('',(-38.71603498542,-14.1,50.8));
#487 = CARTESIAN_POINT('',(-38.64125111344,-14.54879786498,
    38.800000000001));
#488 = CARTESIAN_POINT('',(-38.43206997084,-14.1,50.8));
#489 = CARTESIAN_POINT('',(-38.5237627222,-14.75474694082,
    38.799999999998));
#490 = CARTESIAN_POINT('',(-38.14810495626,-14.1,50.8));
#491 = CARTESIAN_POINT('',(-38.35474694082,-14.9237627222,
    38.800000000002));
#492 = CARTESIAN_POINT('',(-37.86413994169,-14.1,50.8));
#493 = CARTESIAN_POINT('',(-38.14879786498,-15.04125111344,
    38.799999999999));
#494 = CARTESIAN_POINT('',(-37.58017492711,-14.1,50.8));
#495 = CARTESIAN_POINT('',(-37.92439947525,-15.1,38.8));
#496 = CARTESIAN_POINT('',(-37.29620991253,-14.1,50.8));
#497 = CARTESIAN_POINT('',(-37.7,-15.1,38.8));
#498 = CARTESIAN_POINT('',(-37.01224489795,-14.1,50.8));
#499 = DEFINITIONAL_REPRESENTATION('',(#500),#504);
#500 = LINE('',#501,#502);
#501 = CARTESIAN_POINT('',(2.987755102041,0.));
#502 = VECTOR('',#503,1.);
#503 = DIRECTION('',(0.,1.));
#504 = ( GEOMETRIC_REPRESENTATION_CONTEXT(2) 
PARAMETRIC_REPRESENTATION_CONTEXT() REPRESENTATION_CONTEXT('2D SPACE',''
  ) );
#505 = ORIENTED_EDGE('',*,*,#506,.T.);
#506 = EDGE_CURVE('',#461,#507,#509,.T.);
#507 = VERTEX_POINT('',#508);
#508 = CARTESIAN_POINT('',(-29.1,-15.1,38.8));
#509 = SURFACE_CURVE('',#510,(#514,#521),.PCURVE_S1.);
#510 = LINE('',#511,#512);
#511 = CARTESIAN_POINT('',(-38.7,-15.1,38.8));
#512 = VECTOR('',#513,1.);
#513 = DIRECTION('',(1.,0.,0.));
#514 = PCURVE('',#470,#515);
#515 = DEFINITIONAL_REPRESENTATION('',(#516),#520);
#516 = LINE('',#517,#518);
#517 = CARTESIAN_POINT('',(0.,0.));
#518 = VECTOR('',#519,1.);
#519 = DIRECTION('',(1.,0.));
#520 = ( GEOMETRIC_REPRESENTATION_CONTEXT(2) 
PARAMETRIC_REPRESENTATION_CONTEXT() REPRESENTATION_CONTEXT('2D SPACE',''
  ) );
#521 = PCURVE('',#522,#527);
#522 = PLANE('',#523);
#523 = AXIS2_PLACEMENT_3D('',#524,#525,#526);
#524 = CARTESIAN_POINT('',(-18.3,-14.1,38.8));
#525 = DIRECTION('',(0.,-0.,1.));
#526 = DIRECTION('',(1.,0.,0.));
#527 = DEFINITIONAL_REPRESENTATION('',(#528),#532);
#528 = LINE('',#529,#530);
#529 = CARTESIAN_POINT('',(-20.4,-1.));
#530 = VECTOR('',#531,1.);
#531 = DIRECTION('',(1.,0.));
#532 = ( GEOMETRIC_REPRESENTATION_CONTEXT(2) 
PARAMETRIC_REPRESENTATION_CONTEXT() REPRESENTATION_CONTEXT('2D SPACE',''
  ) );
#533 = ORIENTED_EDGE('',*,*,#534,.T.);
#534 = EDGE_CURVE('',#507,#535,#537,.T.);
#535 = VERTEX_POINT('',#536);
#536 = CARTESIAN_POINT('',(-29.1,-14.58333333333,45.));
#537 = SURFACE_CURVE('',#538,(#547,#559),.PCURVE_S1.);
#538 = B_SPLINE_CURVE_WITH_KNOTS('',4,(#539,#540,#541,#542,#543,#544,
    #545,#546),.UNSPECIFIED.,.F.,.F.,(5,3,5),(0.,0.518249425033,1.),
  .UNSPECIFIED.);
#539 = CARTESIAN_POINT('',(-29.1,-15.1,38.8));
#540 = CARTESIAN_POINT('',(-29.1,-15.0330551318,39.603338418312));
#541 = CARTESIAN_POINT('',(-29.1,-14.96611160011,40.406660798685));
#542 = CARTESIAN_POINT('',(-29.1,-14.89916951368,41.209965835741));
#543 = CARTESIAN_POINT('',(-29.1,-14.7700029291,42.759964850784));
#544 = CARTESIAN_POINT('',(-29.1,-14.70777821666,43.506661399973));
#545 = CARTESIAN_POINT('',(-29.1,-14.64555497497,44.253340300286));
#546 = CARTESIAN_POINT('',(-29.1,-14.58333333333,45.));
#547 = PCURVE('',#470,#548);
#548 = DEFINITIONAL_REPRESENTATION('',(#549),#558);
#549 = B_SPLINE_CURVE_WITH_KNOTS('',4,(#550,#551,#552,#553,#554,#555,
    #556,#557),.UNSPECIFIED.,.F.,.F.,(5,3,5),(0.,0.518249425033,1.),
  .UNSPECIFIED.);
#550 = CARTESIAN_POINT('',(9.6,0.));
#551 = CARTESIAN_POINT('',(9.624455370217,6.694486819268E-02));
#552 = CARTESIAN_POINT('',(9.649444845695,0.13388839989));
#553 = CARTESIAN_POINT('',(9.674994571408,0.200830486312));
#554 = CARTESIAN_POINT('',(9.725433288399,0.329997070899));
#555 = CARTESIAN_POINT('',(9.750242101172,0.392221783331));
#556 = CARTESIAN_POINT('',(9.775584843244,0.454445025024));
#557 = CARTESIAN_POINT('',(9.801488746268,0.516666666667));
#558 = ( GEOMETRIC_REPRESENTATION_CONTEXT(2) 
PARAMETRIC_REPRESENTATION_CONTEXT() REPRESENTATION_CONTEXT('2D SPACE',''
  ) );
#559 = PCURVE('',#560,#565);
#560 = PLANE('',#561);
#561 = AXIS2_PLACEMENT_3D('',#562,#563,#564);
#562 = CARTESIAN_POINT('',(-29.1,-19.,37.5));
#563 = DIRECTION('',(1.,0.,-0.));
#564 = DIRECTION('',(0.,0.,1.));
#565 = DEFINITIONAL_REPRESENTATION('',(#566),#575);
#566 = B_SPLINE_CURVE_WITH_KNOTS('',4,(#567,#568,#569,#570,#571,#572,
    #573,#574),.UNSPECIFIED.,.F.,.F.,(5,3,5),(0.,0.518249425033,1.),
  .UNSPECIFIED.);
#567 = CARTESIAN_POINT('',(1.3,-3.9));
#568 = CARTESIAN_POINT('',(2.103338418312,-3.966944868193));
#569 = CARTESIAN_POINT('',(2.906660798685,-4.03388839989));
#570 = CARTESIAN_POINT('',(3.709965835741,-4.100830486312));
#571 = CARTESIAN_POINT('',(5.259964850784,-4.229997070899));
#572 = CARTESIAN_POINT('',(6.006661399973,-4.292221783331));
#573 = CARTESIAN_POINT('',(6.753340300286,-4.354445025024));
#574 = CARTESIAN_POINT('',(7.5,-4.416666666667));
#575 = ( GEOMETRIC_REPRESENTATION_CONTEXT(2) 
PARAMETRIC_REPRESENTATION_CONTEXT() REPRESENTATION_CONTEXT('2D SPACE',''
  ) );
#576 = ORIENTED_EDGE('',*,*,#577,.F.);
#577 = EDGE_CURVE('',#578,#535,#580,.T.);
#578 = VERTEX_POINT('',#579);
#579 = CARTESIAN_POINT('',(-24.,-14.58333333333,45.));
#580 = SURFACE_CURVE('',#581,(#584,#590),.PCURVE_S1.);
#581 = B_SPLINE_CURVE_WITH_KNOTS('',1,(#582,#583),.UNSPECIFIED.,.F.,.F.,
  (2,2),(0.,1.),.PIECEWISE_BEZIER_KNOTS.);
#582 = CARTESIAN_POINT('',(-24.,-14.58333333333,45.));
#583 = CARTESIAN_POINT('',(-29.1,-14.58333333333,45.));
#584 = PCURVE('',#470,#585);
#585 = DEFINITIONAL_REPRESENTATION('',(#586),#589);
#586 = B_SPLINE_CURVE_WITH_KNOTS('',1,(#587,#588),.UNSPECIFIED.,.F.,.F.,
  (2,2),(0.,1.),.PIECEWISE_BEZIER_KNOTS.);
#587 = CARTESIAN_POINT('',(15.24593318809,0.516666666667));
#588 = CARTESIAN_POINT('',(9.801488743646,0.516666666667));
#589 = ( GEOMETRIC_REPRESENTATION_CONTEXT(2) 
PARAMETRIC_REPRESENTATION_CONTEXT() REPRESENTATION_CONTEXT('2D SPACE',''
  ) );
#590 = PCURVE('',#591,#596);
#591 = PLANE('',#592);
#592 = AXIS2_PLACEMENT_3D('',#593,#594,#595);
#593 = CARTESIAN_POINT('',(-29.1,-19.,45.));
#594 = DIRECTION('',(0.,0.,1.));
#595 = DIRECTION('',(1.,0.,-0.));
#596 = DEFINITIONAL_REPRESENTATION('',(#597),#600);
#597 = B_SPLINE_CURVE_WITH_KNOTS('',1,(#598,#599),.UNSPECIFIED.,.F.,.F.,
  (2,2),(0.,1.),.PIECEWISE_BEZIER_KNOTS.);
#598 = CARTESIAN_POINT('',(5.1,4.416666666667));
#599 = CARTESIAN_POINT('',(0.,4.416666666667));
#600 = ( GEOMETRIC_REPRESENTATION_CONTEXT(2) 
PARAMETRIC_REPRESENTATION_CONTEXT() REPRESENTATION_CONTEXT('2D SPACE',''
  ) );
#601 = ORIENTED_EDGE('',*,*,#602,.F.);
#602 = EDGE_CURVE('',#603,#578,#605,.T.);
#603 = VERTEX_POINT('',#604);
#604 = CARTESIAN_POINT('',(-24.,-15.1,38.8));
#605 = SURFACE_CURVE('',#606,(#615,#627),.PCURVE_S1.);
#606 = B_SPLINE_CURVE_WITH_KNOTS('',4,(#607,#608,#609,#610,#611,#612,
    #613,#614),.UNSPECIFIED.,.F.,.F.,(5,3,5),(0.,0.499198936807,1.),
  .UNSPECIFIED.);
#607 = CARTESIAN_POINT('',(-24.,-15.1,38.8));
#608 = CARTESIAN_POINT('',(-24.,-15.03548979063,39.574122512407));
#609 = CARTESIAN_POINT('',(-24.,-14.97098863964,40.348136324284));
#610 = CARTESIAN_POINT('',(-24.,-14.90649725151,41.122032981815));
#611 = CARTESIAN_POINT('',(-24.,-14.77732875984,42.672054881894));
#612 = CARTESIAN_POINT('',(-24.,-14.71265172614,43.448179286271));
#613 = CARTESIAN_POINT('',(-24.,-14.64798623582,44.22416517011));
#614 = CARTESIAN_POINT('',(-24.,-14.58333333333,45.));
#615 = PCURVE('',#470,#616);
#616 = DEFINITIONAL_REPRESENTATION('',(#617),#626);
#617 = B_SPLINE_CURVE_WITH_KNOTS('',4,(#618,#619,#620,#621,#622,#623,
    #624,#625),.UNSPECIFIED.,.F.,.F.,(5,3,5),(0.,0.499198936807,1.),
  .UNSPECIFIED.);
#618 = CARTESIAN_POINT('',(14.7,0.));
#619 = CARTESIAN_POINT('',(14.763851941925,6.451020936722E-02));
#620 = CARTESIAN_POINT('',(14.829039951605,0.129011360357));
#621 = CARTESIAN_POINT('',(14.895626105583,0.193502748485));
#622 = CARTESIAN_POINT('',(15.031953631672,0.322671240158));
#623 = CARTESIAN_POINT('',(15.101704482689,0.387348273856));
#624 = CARTESIAN_POINT('',(15.173004157139,0.452013764176));
#625 = CARTESIAN_POINT('',(15.24593319339,0.516666666667));
#626 = ( GEOMETRIC_REPRESENTATION_CONTEXT(2) 
PARAMETRIC_REPRESENTATION_CONTEXT() REPRESENTATION_CONTEXT('2D SPACE',''
  ) );
#627 = PCURVE('',#628,#633);
#628 = PLANE('',#629);
#629 = AXIS2_PLACEMENT_3D('',#630,#631,#632);
#630 = CARTESIAN_POINT('',(-24.,-19.,37.5));
#631 = DIRECTION('',(1.,0.,-0.));
#632 = DIRECTION('',(0.,0.,1.));
#633 = DEFINITIONAL_REPRESENTATION('',(#634),#643);
#634 = B_SPLINE_CURVE_WITH_KNOTS('',4,(#635,#636,#637,#638,#639,#640,
    #641,#642),.UNSPECIFIED.,.F.,.F.,(5,3,5),(0.,0.499198936807,1.),
  .UNSPECIFIED.);
#635 = CARTESIAN_POINT('',(1.3,-3.9));
#636 = CARTESIAN_POINT('',(2.074122512407,-3.964510209367));
#637 = CARTESIAN_POINT('',(2.848136324284,-4.029011360357));
#638 = CARTESIAN_POINT('',(3.622032981815,-4.093502748485));
#639 = CARTESIAN_POINT('',(5.172054881894,-4.222671240158));
#640 = CARTESIAN_POINT('',(5.948179286271,-4.287348273856));
#641 = CARTESIAN_POINT('',(6.72416517011,-4.352013764176));
#642 = CARTESIAN_POINT('',(7.5,-4.416666666667));
#643 = ( GEOMETRIC_REPRESENTATION_CONTEXT(2) 
PARAMETRIC_REPRESENTATION_CONTEXT() REPRESENTATION_CONTEXT('2D SPACE',''
  ) );
#644 = ORIENTED_EDGE('',*,*,#645,.T.);
#645 = EDGE_CURVE('',#603,#646,#648,.T.);
#646 = VERTEX_POINT('',#647);
#647 = CARTESIAN_POINT('',(-18.3,-15.1,38.8));
#648 = SURFACE_CURVE('',#649,(#653,#660),.PCURVE_S1.);
#649 = LINE('',#650,#651);
#650 = CARTESIAN_POINT('',(-38.7,-15.1,38.8));
#651 = VECTOR('',#652,1.);
#652 = DIRECTION('',(1.,0.,0.));
#653 = PCURVE('',#470,#654);
#654 = DEFINITIONAL_REPRESENTATION('',(#655),#659);
#655 = LINE('',#656,#657);
#656 = CARTESIAN_POINT('',(0.,0.));
#657 = VECTOR('',#658,1.);
#658 = DIRECTION('',(1.,0.));
#659 = ( GEOMETRIC_REPRESENTATION_CONTEXT(2) 
PARAMETRIC_REPRESENTATION_CONTEXT() REPRESENTATION_CONTEXT('2D SPACE',''
  ) );
#660 = PCURVE('',#522,#661);
#661 = DEFINITIONAL_REPRESENTATION('',(#662),#666);
#662 = LINE('',#663,#664);
#663 = CARTESIAN_POINT('',(-20.4,-1.));
#664 = VECTOR('',#665,1.);
#665 = DIRECTION('',(1.,0.));
#666 = ( GEOMETRIC_REPRESENTATION_CONTEXT(2) 
PARAMETRIC_REPRESENTATION_CONTEXT() REPRESENTATION_CONTEXT('2D SPACE',''
  ) );
#667 = ORIENTED_EDGE('',*,*,#668,.T.);
#668 = EDGE_CURVE('',#646,#669,#671,.T.);
#669 = VERTEX_POINT('',#670);
#670 = CARTESIAN_POINT('',(-19.56948535936,-14.34782608695,
    47.826086956522));
#671 = SURFACE_CURVE('',#672,(#675,#682),.PCURVE_S1.);
#672 = B_SPLINE_CURVE_WITH_KNOTS('',1,(#673,#674),.UNSPECIFIED.,.F.,.F.,
  (2,2),(0.,1.),.PIECEWISE_BEZIER_KNOTS.);
#673 = CARTESIAN_POINT('',(-18.3,-15.1,38.8));
#674 = CARTESIAN_POINT('',(-19.98775510204,-14.1,50.8));
#675 = PCURVE('',#470,#676);
#676 = DEFINITIONAL_REPRESENTATION('',(#677),#681);
#677 = LINE('',#678,#679);
#678 = CARTESIAN_POINT('',(20.4,0.));
#679 = VECTOR('',#680,1.);
#680 = DIRECTION('',(0.,1.));
#681 = ( GEOMETRIC_REPRESENTATION_CONTEXT(2) 
PARAMETRIC_REPRESENTATION_CONTEXT() REPRESENTATION_CONTEXT('2D SPACE',''
  ) );
#682 = PCURVE('',#683,#700);
#683 = B_SPLINE_SURFACE_WITH_KNOTS('',7,1,(
    (#684,#685)
    ,(#686,#687)
    ,(#688,#689)
    ,(#690,#691)
    ,(#692,#693)
    ,(#694,#695)
    ,(#696,#697)
    ,(#698,#699
    )),.UNSPECIFIED.,.F.,.F.,.F.,(8,8),(2,2),(20.012244897959,22.),(0.,
    1.),.PIECEWISE_BEZIER_KNOTS.);
#684 = CARTESIAN_POINT('',(-18.3,-15.1,38.8));
#685 = CARTESIAN_POINT('',(-19.98775510204,-14.1,50.8));
#686 = CARTESIAN_POINT('',(-18.07560052474,-15.1,38.8));
#687 = CARTESIAN_POINT('',(-19.70379008746,-14.1,50.8));
#688 = CARTESIAN_POINT('',(-17.85120213501,-15.04125111344,
    38.799999999999));
#689 = CARTESIAN_POINT('',(-19.41982507288,-14.1,50.8));
#690 = CARTESIAN_POINT('',(-17.64525305917,-14.9237627222,
    38.800000000001));
#691 = CARTESIAN_POINT('',(-19.1358600583,-14.1,50.8));
#692 = CARTESIAN_POINT('',(-17.47623727779,-14.75474694082,
    38.799999999999));
#693 = CARTESIAN_POINT('',(-18.85189504373,-14.1,50.8));
#694 = CARTESIAN_POINT('',(-17.35874888655,-14.54879786498,38.8));
#695 = CARTESIAN_POINT('',(-18.56793002915,-14.1,50.8));
#696 = CARTESIAN_POINT('',(-17.3,-14.32439947525,38.8));
#697 = CARTESIAN_POINT('',(-18.28396501457,-14.1,50.8));
#698 = CARTESIAN_POINT('',(-17.3,-14.1,38.8));
#699 = CARTESIAN_POINT('',(-18.,-14.1,50.8));
#700 = DEFINITIONAL_REPRESENTATION('',(#701),#705);
#701 = LINE('',#702,#703);
#702 = CARTESIAN_POINT('',(20.012244897959,0.));
#703 = VECTOR('',#704,1.);
#704 = DIRECTION('',(0.,1.));
#705 = ( GEOMETRIC_REPRESENTATION_CONTEXT(2) 
PARAMETRIC_REPRESENTATION_CONTEXT() REPRESENTATION_CONTEXT('2D SPACE',''
  ) );
#706 = ORIENTED_EDGE('',*,*,#707,.T.);
#707 = EDGE_CURVE('',#669,#463,#708,.T.);
#708 = SURFACE_CURVE('',#709,(#712,#718),.PCURVE_S1.);
#709 = B_SPLINE_CURVE_WITH_KNOTS('',1,(#710,#711),.UNSPECIFIED.,.F.,.F.,
  (2,2),(0.,1.),.PIECEWISE_BEZIER_KNOTS.);
#710 = CARTESIAN_POINT('',(-19.56948535936,-14.34782608695,
    47.826086956522));
#711 = CARTESIAN_POINT('',(-37.18268855368,-14.34782608695,
    47.826086956522));
#712 = PCURVE('',#470,#713);
#713 = DEFINITIONAL_REPRESENTATION('',(#714),#717);
#714 = B_SPLINE_CURVE_WITH_KNOTS('',1,(#715,#716),.UNSPECIFIED.,.F.,.F.,
  (2,2),(0.,1.),.PIECEWISE_BEZIER_KNOTS.);
#715 = CARTESIAN_POINT('',(20.4,0.752173913043));
#716 = CARTESIAN_POINT('',(1.,0.752173913043));
#717 = ( GEOMETRIC_REPRESENTATION_CONTEXT(2) 
PARAMETRIC_REPRESENTATION_CONTEXT() REPRESENTATION_CONTEXT('2D SPACE',''
  ) );
#718 = PCURVE('',#719,#724);
#719 = PLANE('',#720);
#720 = AXIS2_PLACEMENT_3D('',#721,#722,#723);
#721 = CARTESIAN_POINT('',(0.,-60.,25.));
#722 = DIRECTION('',(0.,-0.4472135955,0.894427191));
#723 = DIRECTION('',(0.,0.894427191,0.4472135955));
#724 = DEFINITIONAL_REPRESENTATION('',(#725),#728);
#725 = B_SPLINE_CURVE_WITH_KNOTS('',1,(#726,#727),.UNSPECIFIED.,.F.,.F.,
  (2,2),(0.,1.),.PIECEWISE_BEZIER_KNOTS.);
#726 = CARTESIAN_POINT('',(51.040682095104,19.569485359361));
#727 = CARTESIAN_POINT('',(51.040682095104,37.182688553682));
#728 = ( GEOMETRIC_REPRESENTATION_CONTEXT(2) 
PARAMETRIC_REPRESENTATION_CONTEXT() REPRESENTATION_CONTEXT('2D SPACE',''
  ) );
#729 = ADVANCED_FACE('',(#730),#482,.T.);
#730 = FACE_BOUND('',#731,.T.);
#731 = EDGE_LOOP('',(#732,#773,#794,#795));
#732 = ORIENTED_EDGE('',*,*,#733,.F.);
#733 = EDGE_CURVE('',#734,#736,#738,.T.);
#734 = VERTEX_POINT('',#735);
#735 = CARTESIAN_POINT('',(-38.7,-14.1,38.8));
#736 = VERTEX_POINT('',#737);
#737 = CARTESIAN_POINT('',(-38.92875,-14.1,47.95));
#738 = SURFACE_CURVE('',#739,(#742,#749),.PCURVE_S1.);
#739 = B_SPLINE_CURVE_WITH_KNOTS('',1,(#740,#741),.UNSPECIFIED.,.F.,.F.,
  (2,2),(0.,1.),.PIECEWISE_BEZIER_KNOTS.);
#740 = CARTESIAN_POINT('',(-38.7,-14.1,38.8));
#741 = CARTESIAN_POINT('',(-39.,-14.1,50.8));
#742 = PCURVE('',#482,#743);
#743 = DEFINITIONAL_REPRESENTATION('',(#744),#748);
#744 = LINE('',#745,#746);
#745 = CARTESIAN_POINT('',(1.,0.));
#746 = VECTOR('',#747,1.);
#747 = DIRECTION('',(0.,1.));
#748 = ( GEOMETRIC_REPRESENTATION_CONTEXT(2) 
PARAMETRIC_REPRESENTATION_CONTEXT() REPRESENTATION_CONTEXT('2D SPACE',''
  ) );
#749 = PCURVE('',#750,#767);
#750 = B_SPLINE_SURFACE_WITH_KNOTS('',7,1,(
    (#751,#752)
    ,(#753,#754)
    ,(#755,#756)
    ,(#757,#758)
    ,(#759,#760)
    ,(#761,#762)
    ,(#763,#764)
    ,(#765,#766
    )),.UNSPECIFIED.,.F.,.F.,.F.,(8,8),(2,2),(25.772173913043,28.4),(0.,
    1.),.PIECEWISE_BEZIER_KNOTS.);
#751 = CARTESIAN_POINT('',(-38.7,-11.47217391304,38.8));
#752 = CARTESIAN_POINT('',(-40.,-13.1,50.8));
#753 = CARTESIAN_POINT('',(-38.7,-11.84757763975,38.8));
#754 = CARTESIAN_POINT('',(-40.,-13.32439947525,50.8));
#755 = CARTESIAN_POINT('',(-38.7,-12.22298136646,38.8));
#756 = CARTESIAN_POINT('',(-39.94125111344,-13.54879786498,
    50.800000000001));
#757 = CARTESIAN_POINT('',(-38.7,-12.59838509316,38.8));
#758 = CARTESIAN_POINT('',(-39.8237627222,-13.75474694082,
    50.799999999998));
#759 = CARTESIAN_POINT('',(-38.7,-12.97378881987,38.8));
#760 = CARTESIAN_POINT('',(-39.65474694082,-13.9237627222,
    50.800000000002));
#761 = CARTESIAN_POINT('',(-38.7,-13.34919254658,38.8));
#762 = CARTESIAN_POINT('',(-39.44879786498,-14.04125111344,
    50.799999999999));
#763 = CARTESIAN_POINT('',(-38.7,-13.72459627329,38.8));
#764 = CARTESIAN_POINT('',(-39.22439947525,-14.1,50.8));
#765 = CARTESIAN_POINT('',(-38.7,-14.1,38.8));
#766 = CARTESIAN_POINT('',(-39.,-14.1,50.8));
#767 = DEFINITIONAL_REPRESENTATION('',(#768),#772);
#768 = LINE('',#769,#770);
#769 = CARTESIAN_POINT('',(28.4,0.));
#770 = VECTOR('',#771,1.);
#771 = DIRECTION('',(0.,1.));
#772 = ( GEOMETRIC_REPRESENTATION_CONTEXT(2) 
PARAMETRIC_REPRESENTATION_CONTEXT() REPRESENTATION_CONTEXT('2D SPACE',''
  ) );
#773 = ORIENTED_EDGE('',*,*,#774,.T.);
#774 = EDGE_CURVE('',#734,#461,#775,.T.);
#775 = SURFACE_CURVE('',#776,(#781,#787),.PCURVE_S1.);
#776 = CIRCLE('',#777,1.);
#777 = AXIS2_PLACEMENT_3D('',#778,#779,#780);
#778 = CARTESIAN_POINT('',(-37.7,-14.1,38.8));
#779 = DIRECTION('',(0.,-0.,1.));
#780 = DIRECTION('',(1.,0.,0.));
#781 = PCURVE('',#482,#782);
#782 = DEFINITIONAL_REPRESENTATION('',(#783),#786);
#783 = B_SPLINE_CURVE_WITH_KNOTS('',1,(#784,#785),.UNSPECIFIED.,.F.,.F.,
  (2,2),(3.14159265359,4.712388980385),.PIECEWISE_BEZIER_KNOTS.);
#784 = CARTESIAN_POINT('',(1.,0.));
#785 = CARTESIAN_POINT('',(2.987755102041,0.));
#786 = ( GEOMETRIC_REPRESENTATION_CONTEXT(2) 
PARAMETRIC_REPRESENTATION_CONTEXT() REPRESENTATION_CONTEXT('2D SPACE',''
  ) );
#787 = PCURVE('',#522,#788);
#788 = DEFINITIONAL_REPRESENTATION('',(#789),#793);
#789 = CIRCLE('',#790,1.);
#790 = AXIS2_PLACEMENT_2D('',#791,#792);
#791 = CARTESIAN_POINT('',(-19.4,0.));
#792 = DIRECTION('',(1.,0.));
#793 = ( GEOMETRIC_REPRESENTATION_CONTEXT(2) 
PARAMETRIC_REPRESENTATION_CONTEXT() REPRESENTATION_CONTEXT('2D SPACE',''
  ) );
#794 = ORIENTED_EDGE('',*,*,#460,.T.);
#795 = ORIENTED_EDGE('',*,*,#796,.T.);
#796 = EDGE_CURVE('',#463,#736,#797,.T.);
#797 = SURFACE_CURVE('',#798,(#813,#831),.PCURVE_S1.);
#798 = B_SPLINE_CURVE_WITH_KNOTS('',7,(#799,#800,#801,#802,#803,#804,
    #805,#806,#807,#808,#809,#810,#811,#812),.UNSPECIFIED.,.F.,.F.,(8,6,
    8),(0.,0.894191763085,1.),.UNSPECIFIED.);
#799 = CARTESIAN_POINT('',(-37.18268855368,-14.34782608695,
    47.826086956522));
#800 = CARTESIAN_POINT('',(-37.41689145456,-14.34782608695,
    47.826086956522));
#801 = CARTESIAN_POINT('',(-37.65098621651,-14.33632760557,
    47.831836197215));
#802 = CARTESIAN_POINT('',(-37.88289843784,-14.31329029478,
    47.843354852609));
#803 = CARTESIAN_POINT('',(-38.1107552791,-14.27978876895,
    47.860105615521));
#804 = CARTESIAN_POINT('',(-38.33306827093,-14.23790978172,
    47.881045109139));
#805 = CARTESIAN_POINT('',(-38.5488497669,-14.19060048456,
    47.904699757718));
#806 = CARTESIAN_POINT('',(-38.78246627649,-14.13542638701,
    47.932286806491));
#807 = CARTESIAN_POINT('',(-38.80708896519,-14.12955999975,
    47.935220000124));
#808 = CARTESIAN_POINT('',(-38.83161525908,-14.12367072943,
    47.938164635282));
#809 = CARTESIAN_POINT('',(-38.85604474462,-14.11776427994,
    47.941117860026));
#810 = CARTESIAN_POINT('',(-38.88037712721,-14.11184642881,
    47.944076785591));
#811 = CARTESIAN_POINT('',(-38.90461223123,-14.10592302722,
    47.947038486387));
#812 = CARTESIAN_POINT('',(-38.92875,-14.1,47.95));
#813 = PCURVE('',#482,#814);
#814 = DEFINITIONAL_REPRESENTATION('',(#815),#830);
#815 = B_SPLINE_CURVE_WITH_KNOTS('',7,(#816,#817,#818,#819,#820,#821,
    #822,#823,#824,#825,#826,#827,#828,#829),.UNSPECIFIED.,.F.,.F.,(8,6,
    8),(0.,0.894191763085,1.),.UNSPECIFIED.);
#816 = CARTESIAN_POINT('',(2.987755102041,0.752173913043));
#817 = CARTESIAN_POINT('',(2.740709562035,0.752173913043));
#818 = CARTESIAN_POINT('',(2.493430544207,0.752653016435));
#819 = CARTESIAN_POINT('',(2.245037659501,0.753612904384));
#820 = CARTESIAN_POINT('',(1.994447857291,0.755008801293));
#821 = CARTESIAN_POINT('',(1.740569745122,0.756753759095));
#822 = CARTESIAN_POINT('',(1.482431250012,0.75872497981));
#823 = CARTESIAN_POINT('',(1.188254417838,0.761023900541));
#824 = CARTESIAN_POINT('',(1.157058655416,0.761268333344));
#825 = CARTESIAN_POINT('',(1.125792290847,0.761513719607));
#826 = CARTESIAN_POINT('',(1.094454227377,0.761759821669));
#827 = CARTESIAN_POINT('',(1.063043443187,0.762006398799));
#828 = CARTESIAN_POINT('',(1.031558991382,0.762253207199));
#829 = CARTESIAN_POINT('',(1.,0.7625));
#830 = ( GEOMETRIC_REPRESENTATION_CONTEXT(2) 
PARAMETRIC_REPRESENTATION_CONTEXT() REPRESENTATION_CONTEXT('2D SPACE',''
  ) );
#831 = PCURVE('',#719,#832);
#832 = DEFINITIONAL_REPRESENTATION('',(#833),#848);
#833 = B_SPLINE_CURVE_WITH_KNOTS('',7,(#834,#835,#836,#837,#838,#839,
    #840,#841,#842,#843,#844,#845,#846,#847),.UNSPECIFIED.,.F.,.F.,(8,6,
    8),(0.,0.894191763085,1.),.UNSPECIFIED.);
#834 = CARTESIAN_POINT('',(51.040682095104,37.182688553682));
#835 = CARTESIAN_POINT('',(51.040682095104,37.416891454568));
#836 = CARTESIAN_POINT('',(51.053537788112,37.650986216513));
#837 = CARTESIAN_POINT('',(51.079294284584,37.882898437847));
#838 = CARTESIAN_POINT('',(51.11675012913,38.110755279109));
#839 = CARTESIAN_POINT('',(51.163572260274,38.333068270936));
#840 = CARTESIAN_POINT('',(51.21646566248,38.548849766903));
#841 = CARTESIAN_POINT('',(51.278152178836,38.782466276499));
#842 = CARTESIAN_POINT('',(51.284710999189,38.807088965196));
#843 = CARTESIAN_POINT('',(51.291295403572,38.831615259088));
#844 = CARTESIAN_POINT('',(51.297899014852,38.856044744625));
#845 = CARTESIAN_POINT('',(51.304515373555,38.880377127215));
#846 = CARTESIAN_POINT('',(51.311137937865,38.904612231231));
#847 = CARTESIAN_POINT('',(51.31776008362,38.92875));
#848 = ( GEOMETRIC_REPRESENTATION_CONTEXT(2) 
PARAMETRIC_REPRESENTATION_CONTEXT() REPRESENTATION_CONTEXT('2D SPACE',''
  ) );
#849 = ADVANCED_FACE('',(#850),#719,.T.);
#850 = FACE_BOUND('',#851,.T.);
#851 = EDGE_LOOP('',(#852,#853,#891,#973,#1007,#1033,#1100,#1126,#1164,
    #1190,#1216,#1279));
#852 = ORIENTED_EDGE('',*,*,#707,.F.);
#853 = ORIENTED_EDGE('',*,*,#854,.F.);
#854 = EDGE_CURVE('',#855,#669,#857,.T.);
#855 = VERTEX_POINT('',#856);
#856 = CARTESIAN_POINT('',(-17.83375,-14.1,47.95));
#857 = SURFACE_CURVE('',#858,(#867,#879),.PCURVE_S1.);
#858 = B_SPLINE_CURVE_WITH_KNOTS('',7,(#859,#860,#861,#862,#863,#864,
    #865,#866),.UNSPECIFIED.,.F.,.F.,(8,8),(0.,1.),
  .PIECEWISE_BEZIER_KNOTS.);
#859 = CARTESIAN_POINT('',(-17.83375,-14.1,47.95));
#860 = CARTESIAN_POINT('',(-18.05980471645,-14.1560432626,
    47.921978368695));
#861 = CARTESIAN_POINT('',(-18.29464979046,-14.2121396292,
    47.893930185396));
#862 = CARTESIAN_POINT('',(-18.53835840523,-14.26325077287,
    47.868374613562));
#863 = CARTESIAN_POINT('',(-18.78991484555,-14.30478355281,
    47.847608223592));
#864 = CARTESIAN_POINT('',(-19.04739759288,-14.33351824122,
    47.833240879388));
#865 = CARTESIAN_POINT('',(-19.30823073559,-14.34782608695,
    47.826086956522));
#866 = CARTESIAN_POINT('',(-19.56948535936,-14.34782608695,
    47.826086956522));
#867 = PCURVE('',#719,#868);
#868 = DEFINITIONAL_REPRESENTATION('',(#869),#878);
#869 = B_SPLINE_CURVE_WITH_KNOTS('',7,(#870,#871,#872,#873,#874,#875,
    #876,#877),.UNSPECIFIED.,.F.,.F.,(8,8),(0.,1.),
  .PIECEWISE_BEZIER_KNOTS.);
#870 = CARTESIAN_POINT('',(51.31776008362,17.83375));
#871 = CARTESIAN_POINT('',(51.255101811182,18.059804716456));
#872 = CARTESIAN_POINT('',(51.19238416668,18.294649790467));
#873 = CARTESIAN_POINT('',(51.135240170854,18.538358405232));
#874 = CARTESIAN_POINT('',(51.088805111234,18.789914845559));
#875 = CARTESIAN_POINT('',(51.056678752938,19.047397592882));
#876 = CARTESIAN_POINT('',(51.040682095104,19.30823073559));
#877 = CARTESIAN_POINT('',(51.040682095104,19.569485359361));
#878 = ( GEOMETRIC_REPRESENTATION_CONTEXT(2) 
PARAMETRIC_REPRESENTATION_CONTEXT() REPRESENTATION_CONTEXT('2D SPACE',''
  ) );
#879 = PCURVE('',#683,#880);
#880 = DEFINITIONAL_REPRESENTATION('',(#881),#890);
#881 = B_SPLINE_CURVE_WITH_KNOTS('',7,(#882,#883,#884,#885,#886,#887,
    #888,#889),.UNSPECIFIED.,.F.,.F.,(8,8),(0.,1.),
  .PIECEWISE_BEZIER_KNOTS.);
#882 = CARTESIAN_POINT('',(22.,0.7625));
#883 = CARTESIAN_POINT('',(21.701391066733,0.760164864058));
#884 = CARTESIAN_POINT('',(21.409351531819,0.75782751545));
#885 = CARTESIAN_POINT('',(21.123298006242,0.755697884463));
#886 = CARTESIAN_POINT('',(20.842015581686,0.753967351966));
#887 = CARTESIAN_POINT('',(20.564022502731,0.752770073282));
#888 = CARTESIAN_POINT('',(20.287825556289,0.752173913043));
#889 = CARTESIAN_POINT('',(20.012244897959,0.752173913043));
#890 = ( GEOMETRIC_REPRESENTATION_CONTEXT(2) 
PARAMETRIC_REPRESENTATION_CONTEXT() REPRESENTATION_CONTEXT('2D SPACE',''
  ) );
#891 = ORIENTED_EDGE('',*,*,#892,.F.);
#892 = EDGE_CURVE('',#893,#855,#895,.T.);
#893 = VERTEX_POINT('',#894);
#894 = CARTESIAN_POINT('',(-17.05501832247,-12.80146579804,
    48.599267100977));
#895 = SURFACE_CURVE('',#896,(#914,#935),.PCURVE_S1.);
#896 = B_SPLINE_CURVE_WITH_KNOTS('',6,(#897,#898,#899,#900,#901,#902,
    #903,#904,#905,#906,#907,#908,#909,#910,#911,#912,#913),
  .UNSPECIFIED.,.F.,.F.,(7,5,5,7),(0.,0.438724305371,0.724101680001,1.),
  .UNSPECIFIED.);
#897 = CARTESIAN_POINT('',(-17.05501832247,-12.80146579804,
    48.599267100977));
#898 = CARTESIAN_POINT('',(-17.05649507268,-12.91960581502,
    48.54019709249));
#899 = CARTESIAN_POINT('',(-17.07033541983,-13.03825392297,
    48.480873038513));
#900 = CARTESIAN_POINT('',(-17.09605290481,-13.15569785108,
    48.422151074455));
#901 = CARTESIAN_POINT('',(-17.1328647315,-13.27036532225,
    48.364817338875));
#902 = CARTESIAN_POINT('',(-17.17982491578,-13.38082274508,
    48.309588627459));
#903 = CARTESIAN_POINT('',(-17.27227620815,-13.55396501223,
    48.223017493881));
#904 = CARTESIAN_POINT('',(-17.3125418471,-13.61984955623,
    48.190075221883));
#905 = CARTESIAN_POINT('',(-17.35633431901,-13.68301131357,
    48.158494343213));
#906 = CARTESIAN_POINT('',(-17.40332004805,-13.74308677969,
    48.128456610154));
#907 = CARTESIAN_POINT('',(-17.453128271,-13.7997211228,48.100139438597)
  );
#908 = CARTESIAN_POINT('',(-17.55582693331,-13.90366449249,
    48.048167753755));
#909 = CARTESIAN_POINT('',(-17.60855830724,-13.95121907917,
    48.024390460413));
#910 = CARTESIAN_POINT('',(-17.66316408243,-13.99492487513,
    48.002537562434));
#911 = CARTESIAN_POINT('',(-17.7192230642,-14.03447470626,47.98276264687
    ));
#912 = CARTESIAN_POINT('',(-17.77626202233,-14.06958214178,
    47.965208929106));
#913 = CARTESIAN_POINT('',(-17.83375,-14.1,47.95));
#914 = PCURVE('',#719,#915);
#915 = DEFINITIONAL_REPRESENTATION('',(#916),#934);
#916 = B_SPLINE_CURVE_WITH_KNOTS('',6,(#917,#918,#919,#920,#921,#922,
    #923,#924,#925,#926,#927,#928,#929,#930,#931,#932,#933),
  .UNSPECIFIED.,.F.,.F.,(7,5,5,7),(0.,0.438724305371,0.724101680001,1.),
  .UNSPECIFIED.);
#917 = CARTESIAN_POINT('',(52.769565456959,17.055018322476));
#918 = CARTESIAN_POINT('',(52.63748090255,17.056495072688));
#919 = CARTESIAN_POINT('',(52.504828285157,17.070335419833));
#920 = CARTESIAN_POINT('',(52.373521981752,17.096052904816));
#921 = CARTESIAN_POINT('',(52.245319851589,17.132864731504));
#922 = CARTESIAN_POINT('',(52.121824698554,17.179824915788));
#923 = CARTESIAN_POINT('',(51.928245758985,17.272276208154));
#924 = CARTESIAN_POINT('',(51.854584599464,17.312541847101));
#925 = CARTESIAN_POINT('',(51.783967607968,17.356334319018));
#926 = CARTESIAN_POINT('',(51.716801194958,17.403320048057));
#927 = CARTESIAN_POINT('',(51.653482074427,17.453128271008));
#928 = CARTESIAN_POINT('',(51.537269854214,17.555826933311));
#929 = CARTESIAN_POINT('',(51.484102209982,17.608558307247));
#930 = CARTESIAN_POINT('',(51.435237644594,17.663164082433));
#931 = CARTESIAN_POINT('',(51.391019589145,17.719223064202));
#932 = CARTESIAN_POINT('',(51.351768282967,17.776262022331));
#933 = CARTESIAN_POINT('',(51.31776008362,17.83375));
#934 = ( GEOMETRIC_REPRESENTATION_CONTEXT(2) 
PARAMETRIC_REPRESENTATION_CONTEXT() REPRESENTATION_CONTEXT('2D SPACE',''
  ) );
#935 = PCURVE('',#936,#953);
#936 = B_SPLINE_SURFACE_WITH_KNOTS('',7,1,(
    (#937,#938)
    ,(#939,#940)
    ,(#941,#942)
    ,(#943,#944)
    ,(#945,#946)
    ,(#947,#948)
    ,(#949,#950)
    ,(#951,#952
    )),.UNSPECIFIED.,.F.,.F.,.F.,(8,8),(2,2),(1.,3.627826086957),(0.,1.)
  ,.PIECEWISE_BEZIER_KNOTS.);
#937 = CARTESIAN_POINT('',(-17.3,-14.1,38.8));
#938 = CARTESIAN_POINT('',(-18.,-14.1,50.8));
#939 = CARTESIAN_POINT('',(-17.3,-13.72459627329,38.8));
#940 = CARTESIAN_POINT('',(-17.77560052474,-14.1,50.8));
#941 = CARTESIAN_POINT('',(-17.3,-13.34919254658,38.8));
#942 = CARTESIAN_POINT('',(-17.55120213501,-14.04125111344,
    50.799999999999));
#943 = CARTESIAN_POINT('',(-17.3,-12.97378881987,38.8));
#944 = CARTESIAN_POINT('',(-17.34525305917,-13.9237627222,
    50.800000000002));
#945 = CARTESIAN_POINT('',(-17.3,-12.59838509316,38.8));
#946 = CARTESIAN_POINT('',(-17.17623727779,-13.75474694082,
    50.799999999999));
#947 = CARTESIAN_POINT('',(-17.3,-12.22298136646,38.8));
#948 = CARTESIAN_POINT('',(-17.05874888655,-13.54879786498,
    50.800000000001));
#949 = CARTESIAN_POINT('',(-17.3,-11.84757763975,38.8));
#950 = CARTESIAN_POINT('',(-17.,-13.32439947525,50.8));
#951 = CARTESIAN_POINT('',(-17.3,-11.47217391304,38.8));
#952 = CARTESIAN_POINT('',(-17.,-13.1,50.8));
#953 = DEFINITIONAL_REPRESENTATION('',(#954),#972);
#954 = B_SPLINE_CURVE_WITH_KNOTS('',6,(#955,#956,#957,#958,#959,#960,
    #961,#962,#963,#964,#965,#966,#967,#968,#969,#970,#971),
  .UNSPECIFIED.,.F.,.F.,(7,5,5,7),(0.,0.438724305371,0.724101680001,1.),
  .UNSPECIFIED.);
#955 = CARTESIAN_POINT('',(3.627826086957,0.816605591748));
#956 = CARTESIAN_POINT('',(3.439965500075,0.811683091041));
#957 = CARTESIAN_POINT('',(3.252626240082,0.806739419876));
#958 = CARTESIAN_POINT('',(3.065435285515,0.801845922871));
#959 = CARTESIAN_POINT('',(2.877979995103,0.797068111573));
#960 = CARTESIAN_POINT('',(2.689827435406,0.792465718955));
#961 = CARTESIAN_POINT('',(2.377329197169,0.785251457823));
#962 = CARTESIAN_POINT('',(2.253674134016,0.78250626849));
#963 = CARTESIAN_POINT('',(2.129391672397,0.779874528601));
#964 = CARTESIAN_POINT('',(2.004356858691,0.777371384179));
#965 = CARTESIAN_POINT('',(1.878450477094,0.775011619883));
#966 = CARTESIAN_POINT('',(1.628880381285,0.770680646146));
#967 = CARTESIAN_POINT('',(1.505284777227,0.768699205034));
#968 = CARTESIAN_POINT('',(1.380670405977,0.766878130203));
#969 = CARTESIAN_POINT('',(1.254954126378,0.765230220573));
#970 = CARTESIAN_POINT('',(1.128075192474,0.763767410759));
#971 = CARTESIAN_POINT('',(1.,0.7625));
#972 = ( GEOMETRIC_REPRESENTATION_CONTEXT(2) 
PARAMETRIC_REPRESENTATION_CONTEXT() REPRESENTATION_CONTEXT('2D SPACE',''
  ) );
#973 = ORIENTED_EDGE('',*,*,#974,.F.);
#974 = EDGE_CURVE('',#975,#893,#977,.T.);
#975 = VERTEX_POINT('',#976);
#976 = CARTESIAN_POINT('',(-17.,-8.4,50.8));
#977 = SURFACE_CURVE('',#978,(#984,#993),.PCURVE_S1.);
#978 = B_SPLINE_CURVE_WITH_KNOTS('',4,(#979,#980,#981,#982,#983),
  .UNSPECIFIED.,.F.,.F.,(5,5),(0.,1.),.PIECEWISE_BEZIER_KNOTS.);
#979 = CARTESIAN_POINT('',(-17.,-8.4,50.8));
#980 = CARTESIAN_POINT('',(-17.0138385477,-9.507083816025,
    50.246458091987));
#981 = CARTESIAN_POINT('',(-17.0276214074,-10.60971259224,
    49.695143703879));
#982 = CARTESIAN_POINT('',(-17.04134813648,-11.70785091863,
    49.146074540682));
#983 = CARTESIAN_POINT('',(-17.05501832247,-12.80146579804,
    48.599267100977));
#984 = PCURVE('',#719,#985);
#985 = DEFINITIONAL_REPRESENTATION('',(#986),#992);
#986 = B_SPLINE_CURVE_WITH_KNOTS('',4,(#987,#988,#989,#990,#991),
  .UNSPECIFIED.,.F.,.F.,(5,5),(0.,1.),.PIECEWISE_BEZIER_KNOTS.);
#987 = CARTESIAN_POINT('',(57.690553819495,17.));
#988 = CARTESIAN_POINT('',(56.452796484783,17.0138385477));
#989 = CARTESIAN_POINT('',(55.220020035999,17.027621407403));
#990 = CARTESIAN_POINT('',(53.992264062742,17.041348136483));
#991 = CARTESIAN_POINT('',(52.769565456959,17.055018322476));
#992 = ( GEOMETRIC_REPRESENTATION_CONTEXT(2) 
PARAMETRIC_REPRESENTATION_CONTEXT() REPRESENTATION_CONTEXT('2D SPACE',''
  ) );
#993 = PCURVE('',#994,#999);
#994 = B_SPLINE_SURFACE_WITH_KNOTS('',1,1,(
    (#995,#996)
    ,(#997,#998
    )),.UNSPECIFIED.,.F.,.F.,.F.,(2,2),(2,2),(1.,24.8),(0.,1.),
  .PIECEWISE_BEZIER_KNOTS.);
#995 = CARTESIAN_POINT('',(-17.3,-11.47217391304,38.8));
#996 = CARTESIAN_POINT('',(-17.,-13.1,50.8));
#997 = CARTESIAN_POINT('',(-17.3,10.672173913043,38.8));
#998 = CARTESIAN_POINT('',(-17.,10.7,50.8));
#999 = DEFINITIONAL_REPRESENTATION('',(#1000),#1006);
#1000 = B_SPLINE_CURVE_WITH_KNOTS('',4,(#1001,#1002,#1003,#1004,#1005),
  .UNSPECIFIED.,.F.,.F.,(5,5),(0.,1.),.PIECEWISE_BEZIER_KNOTS.);
#1001 = CARTESIAN_POINT('',(5.7,1.));
#1002 = CARTESIAN_POINT('',(4.532909032207,0.953871507666));
#1003 = CARTESIAN_POINT('',(3.360527585956,0.90792864199));
#1004 = CARTESIAN_POINT('',(2.182881548561,0.86217287839));
#1005 = CARTESIAN_POINT('',(1.,0.816605591748));
#1006 = ( GEOMETRIC_REPRESENTATION_CONTEXT(2) 
PARAMETRIC_REPRESENTATION_CONTEXT() REPRESENTATION_CONTEXT('2D SPACE',''
  ) );
#1007 = ORIENTED_EDGE('',*,*,#1008,.F.);
#1008 = EDGE_CURVE('',#1009,#975,#1011,.T.);
#1009 = VERTEX_POINT('',#1010);
#1010 = CARTESIAN_POINT('',(-17.60598849262,-8.4,50.8));
#1011 = SURFACE_CURVE('',#1012,(#1016,#1022),.PCURVE_S1.);
#1012 = LINE('',#1013,#1014);
#1013 = CARTESIAN_POINT('',(-9.,-8.4,50.8));
#1014 = VECTOR('',#1015,1.);
#1015 = DIRECTION('',(1.,0.,0.));
#1016 = PCURVE('',#719,#1017);
#1017 = DEFINITIONAL_REPRESENTATION('',(#1018),#1021);
#1018 = B_SPLINE_CURVE_WITH_KNOTS('',1,(#1019,#1020),.UNSPECIFIED.,.F.,
  .F.,(2,2),(-25.8,-8.),.PIECEWISE_BEZIER_KNOTS.);
#1019 = CARTESIAN_POINT('',(57.690553819495,34.8));
#1020 = CARTESIAN_POINT('',(57.690553819495,17.));
#1021 = ( GEOMETRIC_REPRESENTATION_CONTEXT(2) 
PARAMETRIC_REPRESENTATION_CONTEXT() REPRESENTATION_CONTEXT('2D SPACE',''
  ) );
#1022 = PCURVE('',#1023,#1028);
#1023 = PLANE('',#1024);
#1024 = AXIS2_PLACEMENT_3D('',#1025,#1026,#1027);
#1025 = CARTESIAN_POINT('',(-18.,-13.1,50.8));
#1026 = DIRECTION('',(0.,-0.,1.));
#1027 = DIRECTION('',(1.,0.,0.));
#1028 = DEFINITIONAL_REPRESENTATION('',(#1029),#1032);
#1029 = B_SPLINE_CURVE_WITH_KNOTS('',1,(#1030,#1031),.UNSPECIFIED.,.F.,
  .F.,(2,2),(-25.8,-8.),.PIECEWISE_BEZIER_KNOTS.);
#1030 = CARTESIAN_POINT('',(-16.8,4.7));
#1031 = CARTESIAN_POINT('',(1.,4.7));
#1032 = ( GEOMETRIC_REPRESENTATION_CONTEXT(2) 
PARAMETRIC_REPRESENTATION_CONTEXT() REPRESENTATION_CONTEXT('2D SPACE',''
  ) );
#1033 = ORIENTED_EDGE('',*,*,#1034,.F.);
#1034 = EDGE_CURVE('',#1035,#1009,#1037,.T.);
#1035 = VERTEX_POINT('',#1036);
#1036 = CARTESIAN_POINT('',(-20.23319860649,-11.6,49.2));
#1037 = SURFACE_CURVE('',#1038,(#1047,#1059),.PCURVE_S1.);
#1038 = B_SPLINE_CURVE_WITH_KNOTS('',7,(#1039,#1040,#1041,#1042,#1043,
    #1044,#1045,#1046),.UNSPECIFIED.,.F.,.F.,(8,8),(0.,1.),
  .PIECEWISE_BEZIER_KNOTS.);
#1039 = CARTESIAN_POINT('',(-20.2331986031,-11.6,49.2));
#1040 = CARTESIAN_POINT('',(-19.7637590887,-11.21436512992,
    49.392817435036));
#1041 = CARTESIAN_POINT('',(-19.32724368887,-10.79707592029,
    49.601462039854));
#1042 = CARTESIAN_POINT('',(-18.92269995876,-10.35381986114,
    49.823090069427));
#1043 = CARTESIAN_POINT('',(-18.54926409614,-9.889232280465,
    50.055383859767));
#1044 = CARTESIAN_POINT('',(-18.20596554115,-9.407052342857,
    50.296473828571));
#1045 = CARTESIAN_POINT('',(-17.89182332873,-8.910059537816,
    50.544970231092));
#1046 = CARTESIAN_POINT('',(-17.60598849262,-8.4,50.8));
#1047 = PCURVE('',#719,#1048);
#1048 = DEFINITIONAL_REPRESENTATION('',(#1049),#1058);
#1049 = B_SPLINE_CURVE_WITH_KNOTS('',7,(#1050,#1051,#1052,#1053,#1054,
    #1055,#1056,#1057),.UNSPECIFIED.,.F.,.F.,(8,8),(0.,1.),
  .PIECEWISE_BEZIER_KNOTS.);
#1050 = CARTESIAN_POINT('',(54.112845055495,20.233198603109));
#1051 = CARTESIAN_POINT('',(54.543997947482,19.763759088708));
#1052 = CARTESIAN_POINT('',(55.010541466994,19.327243688872));
#1053 = CARTESIAN_POINT('',(55.506116806838,18.922699958762));
#1054 = CARTESIAN_POINT('',(56.025541512791,18.549264096143));
#1055 = CARTESIAN_POINT('',(56.56463507173,18.205965541155));
#1056 = CARTESIAN_POINT('',(57.12028991993,17.891823328737));
#1057 = CARTESIAN_POINT('',(57.690553819495,17.605988492621));
#1058 = ( GEOMETRIC_REPRESENTATION_CONTEXT(2) 
PARAMETRIC_REPRESENTATION_CONTEXT() REPRESENTATION_CONTEXT('2D SPACE',''
  ) );
#1059 = PCURVE('',#1060,#1089);
#1060 = B_SPLINE_SURFACE_WITH_KNOTS('',13,1,(
    (#1061,#1062)
    ,(#1063,#1064)
    ,(#1065,#1066)
    ,(#1067,#1068)
    ,(#1069,#1070)
    ,(#1071,#1072)
    ,(#1073,#1074)
    ,(#1075,#1076)
    ,(#1077,#1078)
    ,(#1079,#1080)
    ,(#1081,#1082)
    ,(#1083,#1084)
    ,(#1085,#1086)
    ,(#1087,#1088
    )),.UNSPECIFIED.,.F.,.F.,.F.,(14,14),(2,2),(0.654294640866,
    6.28318530718),(0.,1.),.PIECEWISE_BEZIER_KNOTS.);
#1061 = CARTESIAN_POINT('',(-25.,7.5,49.2));
#1062 = CARTESIAN_POINT('',(-23.87693009009,6.319838639022,61.75));
#1063 = CARTESIAN_POINT('',(-28.74273197872,7.5,49.200000000008));
#1064 = CARTESIAN_POINT('',(-27.61520146017,5.943791102609,
    61.750000000008));
#1065 = CARTESIAN_POINT('',(-32.48546507681,5.414861307435,
    49.199999999965));
#1066 = CARTESIAN_POINT('',(-31.35347400236,3.757386940842,
    61.749999999962));
#1067 = CARTESIAN_POINT('',(-35.34135651134,1.244612463145,
    49.200000000094));
#1068 = CARTESIAN_POINT('',(-34.19442444535,-0.149081571616,
    61.750000000104));
#1069 = CARTESIAN_POINT('',(-36.42364832028,-4.418019263378,
    49.199999999817));
#1070 = CARTESIAN_POINT('',(-35.24081866193,-5.164048678352,
    61.749999999789));
#1071 = CARTESIAN_POINT('',(-35.15342514662,-10.38672720487,
    49.200000000281));
#1072 = CARTESIAN_POINT('',(-33.91094979091,-10.18557344498,
    61.750000000337));
#1073 = CARTESIAN_POINT('',(-31.56926102313,-15.1418487955,
    49.199999999653));
#1074 = CARTESIAN_POINT('',(-30.25607037275,-13.88527425064,
    61.749999999566));
#1075 = CARTESIAN_POINT('',(-26.45933406087,-17.33910673417,
    49.20000000035));
#1076 = CARTESIAN_POINT('',(-25.09337226401,-15.17462606036,
    61.750000000451));
#1077 = CARTESIAN_POINT('',(-21.16254857088,-16.40277495831,
    49.199999999714));
#1078 = CARTESIAN_POINT('',(-19.79561711539,-13.71079017124,
    61.749999999624));
#1079 = CARTESIAN_POINT('',(-17.00281322005,-12.76893785998,
    49.200000000186));
#1080 = CARTESIAN_POINT('',(-15.70136824156,-10.04390514597,
    61.75000000025));
#1081 = CARTESIAN_POINT('',(-14.81965070824,-7.579678239987,
    49.199999999906));
#1082 = CARTESIAN_POINT('',(-13.637407857,-5.283068873806,
    61.749999999871));
#1083 = CARTESIAN_POINT('',(-14.79894596731,-2.190305029495,
    49.200000000034));
#1084 = CARTESIAN_POINT('',(-13.75725907988,-0.637158522109,
    61.750000000048));
#1085 = CARTESIAN_POINT('',(-16.57297613681,2.267030364531,
    49.199999999992));
#1086 = CARTESIAN_POINT('',(-15.6562965496,2.957128826217,
    61.749999999989));
#1087 = CARTESIAN_POINT('',(-19.45811976206,5.117003053695,49.2));
#1088 = CARTESIAN_POINT('',(-18.62253042232,5.007584934342,61.75));
#1089 = DEFINITIONAL_REPRESENTATION('',(#1090),#1099);
#1090 = B_SPLINE_CURVE_WITH_KNOTS('',7,(#1091,#1092,#1093,#1094,#1095,
    #1096,#1097,#1098),.UNSPECIFIED.,.F.,.F.,(8,8),(0.,1.),
  .PIECEWISE_BEZIER_KNOTS.);
#1091 = CARTESIAN_POINT('',(4.399905677713,0.));
#1092 = CARTESIAN_POINT('',(4.462149908543,1.536393904669E-02));
#1093 = CARTESIAN_POINT('',(4.522601184594,3.198900715967E-02));
#1094 = CARTESIAN_POINT('',(4.581526253627,4.964861110971E-02));
#1095 = CARTESIAN_POINT('',(4.639131198736,6.815807647547E-02));
#1096 = CARTESIAN_POINT('',(4.695616140136,8.736843255548E-02));
#1097 = CARTESIAN_POINT('',(4.751187304807,0.107168942716));
#1098 = CARTESIAN_POINT('',(4.806087342342,0.127490039841));
#1099 = ( GEOMETRIC_REPRESENTATION_CONTEXT(2) 
PARAMETRIC_REPRESENTATION_CONTEXT() REPRESENTATION_CONTEXT('2D SPACE',''
  ) );
#1100 = ORIENTED_EDGE('',*,*,#1101,.T.);
#1101 = EDGE_CURVE('',#1035,#1102,#1104,.T.);
#1102 = VERTEX_POINT('',#1103);
#1103 = CARTESIAN_POINT('',(-29.7668013935,-11.6,49.2));
#1104 = SURFACE_CURVE('',#1105,(#1109,#1115),.PCURVE_S1.);
#1105 = LINE('',#1106,#1107);
#1106 = CARTESIAN_POINT('',(-12.5,-11.6,49.2));
#1107 = VECTOR('',#1108,1.);
#1108 = DIRECTION('',(-1.,0.,0.));
#1109 = PCURVE('',#719,#1110);
#1110 = DEFINITIONAL_REPRESENTATION('',(#1111),#1114);
#1111 = B_SPLINE_CURVE_WITH_KNOTS('',1,(#1112,#1113),.UNSPECIFIED.,.F.,
  .F.,(2,2),(4.5,21.2),.PIECEWISE_BEZIER_KNOTS.);
#1112 = CARTESIAN_POINT('',(54.112845055495,17.));
#1113 = CARTESIAN_POINT('',(54.112845055495,33.7));
#1114 = ( GEOMETRIC_REPRESENTATION_CONTEXT(2) 
PARAMETRIC_REPRESENTATION_CONTEXT() REPRESENTATION_CONTEXT('2D SPACE',''
  ) );
#1115 = PCURVE('',#1116,#1121);
#1116 = PLANE('',#1117);
#1117 = AXIS2_PLACEMENT_3D('',#1118,#1119,#1120);
#1118 = CARTESIAN_POINT('',(-25.,-2.9,49.2));
#1119 = DIRECTION('',(0.,-0.,1.));
#1120 = DIRECTION('',(1.110223024625E-16,1.,0.));
#1121 = DEFINITIONAL_REPRESENTATION('',(#1122),#1125);
#1122 = B_SPLINE_CURVE_WITH_KNOTS('',1,(#1123,#1124),.UNSPECIFIED.,.F.,
  .F.,(2,2),(4.5,21.2),.PIECEWISE_BEZIER_KNOTS.);
#1123 = CARTESIAN_POINT('',(-8.7,-8.));
#1124 = CARTESIAN_POINT('',(-8.7,8.7));
#1125 = ( GEOMETRIC_REPRESENTATION_CONTEXT(2) 
PARAMETRIC_REPRESENTATION_CONTEXT() REPRESENTATION_CONTEXT('2D SPACE',''
  ) );
#1126 = ORIENTED_EDGE('',*,*,#1127,.T.);
#1127 = EDGE_CURVE('',#1102,#1128,#1130,.T.);
#1128 = VERTEX_POINT('',#1129);
#1129 = CARTESIAN_POINT('',(-32.2076409409,-8.4,50.8));
#1130 = SURFACE_CURVE('',#1131,(#1140,#1152),.PCURVE_S1.);
#1131 = B_SPLINE_CURVE_WITH_KNOTS('',7,(#1132,#1133,#1134,#1135,#1136,
    #1137,#1138,#1139),.UNSPECIFIED.,.F.,.F.,(8,8),(0.,1.),
  .PIECEWISE_BEZIER_KNOTS.);
#1132 = CARTESIAN_POINT('',(-29.76680137611,-11.6,49.2));
#1133 = CARTESIAN_POINT('',(-30.21792682258,-11.21606699107,
    49.39196650446));
#1134 = CARTESIAN_POINT('',(-30.63439774211,-10.79994838423,
    49.600025807884));
#1135 = CARTESIAN_POINT('',(-31.01643734303,-10.35716114846,
    49.821419425769));
#1136 = CARTESIAN_POINT('',(-31.36431064971,-9.892339058724,
    50.053830470638));
#1137 = CARTESIAN_POINT('',(-31.6784615109,-9.40933932239,
    50.295330338805));
#1138 = CARTESIAN_POINT('',(-31.95942254893,-8.911189414119,
    50.544405292941));
#1139 = CARTESIAN_POINT('',(-32.2076409409,-8.4,50.8));
#1140 = PCURVE('',#719,#1141);
#1141 = DEFINITIONAL_REPRESENTATION('',(#1142),#1151);
#1142 = B_SPLINE_CURVE_WITH_KNOTS('',7,(#1143,#1144,#1145,#1146,#1147,
    #1148,#1149,#1150),.UNSPECIFIED.,.F.,.F.,(8,8),(0.,1.),
  .PIECEWISE_BEZIER_KNOTS.);
#1143 = CARTESIAN_POINT('',(54.112845055495,29.766801376114));
#1144 = CARTESIAN_POINT('',(54.542095208871,30.217926822584));
#1145 = CARTESIAN_POINT('',(55.007329954678,30.634397742115));
#1146 = CARTESIAN_POINT('',(55.502381134052,31.016437343031));
#1147 = CARTESIAN_POINT('',(56.022068029102,31.364310649716));
#1148 = CARTESIAN_POINT('',(56.562078150881,31.678461510909));
#1149 = CARTESIAN_POINT('',(57.119026679821,31.959422548936));
#1150 = CARTESIAN_POINT('',(57.690553819495,32.2076409409));
#1151 = ( GEOMETRIC_REPRESENTATION_CONTEXT(2) 
PARAMETRIC_REPRESENTATION_CONTEXT() REPRESENTATION_CONTEXT('2D SPACE',''
  ) );
#1152 = PCURVE('',#1060,#1153);
#1153 = DEFINITIONAL_REPRESENTATION('',(#1154),#1163);
#1154 = B_SPLINE_CURVE_WITH_KNOTS('',7,(#1155,#1156,#1157,#1158,#1159,
    #1160,#1161,#1162),.UNSPECIFIED.,.F.,.F.,(8,8),(0.,1.),
  .PIECEWISE_BEZIER_KNOTS.);
#1155 = CARTESIAN_POINT('',(3.232654375928,0.));
#1156 = CARTESIAN_POINT('',(3.167558115139,1.529613581357E-02));
#1157 = CARTESIAN_POINT('',(3.103832406373,3.187456636525E-02));
#1158 = CARTESIAN_POINT('',(3.041291036897,4.951549209313E-02));
#1159 = CARTESIAN_POINT('',(2.97978882344,6.803430044925E-02));
#1160 = CARTESIAN_POINT('',(2.91918161139,8.727731783308E-02));
#1161 = CARTESIAN_POINT('',(2.859314915723,0.107123927724));
#1162 = CARTESIAN_POINT('',(2.799996504514,0.127490039841));
#1163 = ( GEOMETRIC_REPRESENTATION_CONTEXT(2) 
PARAMETRIC_REPRESENTATION_CONTEXT() REPRESENTATION_CONTEXT('2D SPACE',''
  ) );
#1164 = ORIENTED_EDGE('',*,*,#1165,.F.);
#1165 = EDGE_CURVE('',#1166,#1128,#1168,.T.);
#1166 = VERTEX_POINT('',#1167);
#1167 = CARTESIAN_POINT('',(-34.8,-8.4,50.8));
#1168 = SURFACE_CURVE('',#1169,(#1173,#1179),.PCURVE_S1.);
#1169 = LINE('',#1170,#1171);
#1170 = CARTESIAN_POINT('',(-9.,-8.4,50.8));
#1171 = VECTOR('',#1172,1.);
#1172 = DIRECTION('',(1.,0.,0.));
#1173 = PCURVE('',#719,#1174);
#1174 = DEFINITIONAL_REPRESENTATION('',(#1175),#1178);
#1175 = B_SPLINE_CURVE_WITH_KNOTS('',1,(#1176,#1177),.UNSPECIFIED.,.F.,
  .F.,(2,2),(-25.8,-8.),.PIECEWISE_BEZIER_KNOTS.);
#1176 = CARTESIAN_POINT('',(57.690553819495,34.8));
#1177 = CARTESIAN_POINT('',(57.690553819495,17.));
#1178 = ( GEOMETRIC_REPRESENTATION_CONTEXT(2) 
PARAMETRIC_REPRESENTATION_CONTEXT() REPRESENTATION_CONTEXT('2D SPACE',''
  ) );
#1179 = PCURVE('',#1180,#1185);
#1180 = PLANE('',#1181);
#1181 = AXIS2_PLACEMENT_3D('',#1182,#1183,#1184);
#1182 = CARTESIAN_POINT('',(-18.,-13.1,50.8));
#1183 = DIRECTION('',(0.,-0.,1.));
#1184 = DIRECTION('',(1.,0.,0.));
#1185 = DEFINITIONAL_REPRESENTATION('',(#1186),#1189);
#1186 = B_SPLINE_CURVE_WITH_KNOTS('',1,(#1187,#1188),.UNSPECIFIED.,.F.,
  .F.,(2,2),(-25.8,-8.),.PIECEWISE_BEZIER_KNOTS.);
#1187 = CARTESIAN_POINT('',(-16.8,4.7));
#1188 = CARTESIAN_POINT('',(1.,4.7));
#1189 = ( GEOMETRIC_REPRESENTATION_CONTEXT(2) 
PARAMETRIC_REPRESENTATION_CONTEXT() REPRESENTATION_CONTEXT('2D SPACE',''
  ) );
#1190 = ORIENTED_EDGE('',*,*,#1191,.F.);
#1191 = EDGE_CURVE('',#1192,#1166,#1194,.T.);
#1192 = VERTEX_POINT('',#1193);
#1193 = CARTESIAN_POINT('',(-39.66036284041,-13.26036284041,
    48.369818579795));
#1194 = SURFACE_CURVE('',#1195,(#1199,#1205),.PCURVE_S1.);
#1195 = LINE('',#1196,#1197);
#1196 = CARTESIAN_POINT('',(-49.31111111111,-22.91111111111,
    43.544444444444));
#1197 = VECTOR('',#1198,1.);
#1198 = DIRECTION('',(0.666666666667,0.666666666667,0.333333333333));
#1199 = PCURVE('',#719,#1200);
#1200 = DEFINITIONAL_REPRESENTATION('',(#1201),#1204);
#1201 = B_SPLINE_CURVE_WITH_KNOTS('',1,(#1202,#1203),.UNSPECIFIED.,.F.,
  .F.,(2,2),(14.367457180501,21.766666666667),.PIECEWISE_BEZIER_KNOTS.);
#1202 = CARTESIAN_POINT('',(52.175508689218,39.732806324111));
#1203 = CARTESIAN_POINT('',(57.690553819495,34.8));
#1204 = ( GEOMETRIC_REPRESENTATION_CONTEXT(2) 
PARAMETRIC_REPRESENTATION_CONTEXT() REPRESENTATION_CONTEXT('2D SPACE',''
  ) );
#1205 = PCURVE('',#1206,#1211);
#1206 = PLANE('',#1207);
#1207 = AXIS2_PLACEMENT_3D('',#1208,#1209,#1210);
#1208 = CARTESIAN_POINT('',(-70.,0.,33.2));
#1209 = DIRECTION('',(-0.4472135955,0.,0.894427191));
#1210 = DIRECTION('',(0.894427191,0.,0.4472135955));
#1211 = DEFINITIONAL_REPRESENTATION('',(#1212),#1215);
#1212 = B_SPLINE_CURVE_WITH_KNOTS('',1,(#1213,#1214),.UNSPECIFIED.,.F.,
  .F.,(2,2),(14.367457180501,21.766666666667),.PIECEWISE_BEZIER_KNOTS.);
#1213 = CARTESIAN_POINT('',(33.83975127372,-13.33280632411));
#1214 = CARTESIAN_POINT('',(39.354796403996,-8.4));
#1215 = ( GEOMETRIC_REPRESENTATION_CONTEXT(2) 
PARAMETRIC_REPRESENTATION_CONTEXT() REPRESENTATION_CONTEXT('2D SPACE',''
  ) );
#1216 = ORIENTED_EDGE('',*,*,#1217,.F.);
#1217 = EDGE_CURVE('',#736,#1192,#1218,.T.);
#1218 = SURFACE_CURVE('',#1219,(#1237,#1258),.PCURVE_S1.);
#1219 = B_SPLINE_CURVE_WITH_KNOTS('',6,(#1220,#1221,#1222,#1223,#1224,
    #1225,#1226,#1227,#1228,#1229,#1230,#1231,#1232,#1233,#1234,#1235,
    #1236),.UNSPECIFIED.,.F.,.F.,(7,5,5,7),(0.,0.268160704004,
    0.544511554898,1.),.UNSPECIFIED.);
#1220 = CARTESIAN_POINT('',(-38.92875,-14.1,47.95));
#1221 = CARTESIAN_POINT('',(-38.98588512001,-14.07042096008,
    47.964789519957));
#1222 = CARTESIAN_POINT('',(-39.04275140097,-14.03642244724,
    47.981788776379));
#1223 = CARTESIAN_POINT('',(-39.09885588635,-13.9982379659,
    48.00088101705));
#1224 = CARTESIAN_POINT('',(-39.1537585443,-13.9561325324,
    48.021933733796));
#1225 = CARTESIAN_POINT('',(-39.20706653084,-13.91038628294,
    48.044806858528));
#1226 = CARTESIAN_POINT('',(-39.31135906782,-13.81067002033,
    48.094664989835));
#1227 = CARTESIAN_POINT('',(-39.36222088765,-13.75649343029,
    48.121753284851));
#1228 = CARTESIAN_POINT('',(-39.41062973554,-13.69905496578,
    48.150472517107));
#1229 = CARTESIAN_POINT('',(-39.45623838839,-13.63866842753,
    48.180665786234));
#1230 = CARTESIAN_POINT('',(-39.49873023157,-13.5756532974,
    48.212173351299));
#1231 = CARTESIAN_POINT('',(-39.60222997607,-13.40267116142,
    48.298664419288));
#1232 = CARTESIAN_POINT('',(-39.65737858995,-13.28875950709,
    48.355620246451));
#1233 = CARTESIAN_POINT('',(-39.70196047871,-13.17004194318,
    48.414979028409));
#1234 = CARTESIAN_POINT('',(-39.73481266367,-13.04806776429,
    48.475966117853));
#1235 = CARTESIAN_POINT('',(-39.75491926848,-12.92456735101,
    48.537716324494));
#1236 = CARTESIAN_POINT('',(-39.76158726927,-12.80146579804,
    48.599267100977));
#1237 = PCURVE('',#719,#1238);
#1238 = DEFINITIONAL_REPRESENTATION('',(#1239),#1257);
#1239 = B_SPLINE_CURVE_WITH_KNOTS('',6,(#1240,#1241,#1242,#1243,#1244,
    #1245,#1246,#1247,#1248,#1249,#1250,#1251,#1252,#1253,#1254,#1255,
    #1256),.UNSPECIFIED.,.F.,.F.,(7,5,5,7),(0.,0.268160704004,
    0.544511554898,1.),.UNSPECIFIED.);
#1240 = CARTESIAN_POINT('',(51.31776008362,38.92875));
#1241 = CARTESIAN_POINT('',(51.3508304556,38.985885120013));
#1242 = CARTESIAN_POINT('',(51.388841948524,39.042751400972));
#1243 = CARTESIAN_POINT('',(51.431533496508,39.09885588635));
#1244 = CARTESIAN_POINT('',(51.478608802263,39.153758544301));
#1245 = CARTESIAN_POINT('',(51.529754664023,39.207066530848));
#1246 = CARTESIAN_POINT('',(51.641240834856,39.311359067826));
#1247 = CARTESIAN_POINT('',(51.701812103907,39.362220887653));
#1248 = CARTESIAN_POINT('',(51.766030259491,39.410629735545));
#1249 = CARTESIAN_POINT('',(51.833544461722,39.456238388394));
#1250 = CARTESIAN_POINT('',(51.903997519013,39.498730231579));
#1251 = CARTESIAN_POINT('',(52.097397426484,39.602229976073));
#1252 = CARTESIAN_POINT('',(52.224754527735,39.65737858995));
#1253 = CARTESIAN_POINT('',(52.357484799254,39.701960478719));
#1254 = CARTESIAN_POINT('',(52.493856077001,39.734812663674));
#1255 = CARTESIAN_POINT('',(52.631933736675,39.754919268487));
#1256 = CARTESIAN_POINT('',(52.769565456959,39.761587269273));
#1257 = ( GEOMETRIC_REPRESENTATION_CONTEXT(2) 
PARAMETRIC_REPRESENTATION_CONTEXT() REPRESENTATION_CONTEXT('2D SPACE',''
  ) );
#1258 = PCURVE('',#750,#1259);
#1259 = DEFINITIONAL_REPRESENTATION('',(#1260),#1278);
#1260 = B_SPLINE_CURVE_WITH_KNOTS('',6,(#1261,#1262,#1263,#1264,#1265,
    #1266,#1267,#1268,#1269,#1270,#1271,#1272,#1273,#1274,#1275,#1276,
    #1277),.UNSPECIFIED.,.F.,.F.,(7,5,5,7),(0.,0.268160704004,
    0.544511554898,1.),.UNSPECIFIED.);
#1261 = CARTESIAN_POINT('',(28.4,0.7625));
#1262 = CARTESIAN_POINT('',(28.275456674042,0.763732459996));
#1263 = CARTESIAN_POINT('',(28.152107744313,0.765149064698));
#1264 = CARTESIAN_POINT('',(28.02991094066,0.766740084754));
#1265 = CARTESIAN_POINT('',(27.908799413965,0.768494477816));
#1266 = CARTESIAN_POINT('',(27.788685498975,0.770400571544));
#1267 = CARTESIAN_POINT('',(27.546602214519,0.77455541582));
#1268 = CARTESIAN_POINT('',(27.424692480175,0.776812773738));
#1269 = CARTESIAN_POINT('',(27.303618417478,0.779206043092));
#1270 = CARTESIAN_POINT('',(27.183260066286,0.781722148853));
#1271 = CARTESIAN_POINT('',(27.06349261048,0.784347779275));
#1272 = CARTESIAN_POINT('',(26.747538194449,0.791555368274));
#1273 = CARTESIAN_POINT('',(26.552161642427,0.796301687204));
#1274 = CARTESIAN_POINT('',(26.357445441578,0.801248252367));
#1275 = CARTESIAN_POINT('',(26.162865240858,0.806330509821));
#1276 = CARTESIAN_POINT('',(25.967924096414,0.811476360375));
#1277 = CARTESIAN_POINT('',(25.772173913043,0.816605591748));
#1278 = ( GEOMETRIC_REPRESENTATION_CONTEXT(2) 
PARAMETRIC_REPRESENTATION_CONTEXT() REPRESENTATION_CONTEXT('2D SPACE',''
  ) );
#1279 = ORIENTED_EDGE('',*,*,#796,.F.);
#1280 = ADVANCED_FACE('',(#1281),#683,.T.);
#1281 = FACE_BOUND('',#1282,.T.);
#1282 = EDGE_LOOP('',(#1283,#1284,#1307,#1327));
#1283 = ORIENTED_EDGE('',*,*,#668,.F.);
#1284 = ORIENTED_EDGE('',*,*,#1285,.T.);
#1285 = EDGE_CURVE('',#646,#1286,#1288,.T.);
#1286 = VERTEX_POINT('',#1287);
#1287 = CARTESIAN_POINT('',(-17.3,-14.1,38.8));
#1288 = SURFACE_CURVE('',#1289,(#1294,#1300),.PCURVE_S1.);
#1289 = CIRCLE('',#1290,1.);
#1290 = AXIS2_PLACEMENT_3D('',#1291,#1292,#1293);
#1291 = CARTESIAN_POINT('',(-18.3,-14.1,38.8));
#1292 = DIRECTION('',(0.,-0.,1.));
#1293 = DIRECTION('',(1.,0.,0.));
#1294 = PCURVE('',#683,#1295);
#1295 = DEFINITIONAL_REPRESENTATION('',(#1296),#1299);
#1296 = B_SPLINE_CURVE_WITH_KNOTS('',1,(#1297,#1298),.UNSPECIFIED.,.F.,
  .F.,(2,2),(4.712388980385,6.28318530718),.PIECEWISE_BEZIER_KNOTS.);
#1297 = CARTESIAN_POINT('',(20.012244897959,0.));
#1298 = CARTESIAN_POINT('',(22.,0.));
#1299 = ( GEOMETRIC_REPRESENTATION_CONTEXT(2) 
PARAMETRIC_REPRESENTATION_CONTEXT() REPRESENTATION_CONTEXT('2D SPACE',''
  ) );
#1300 = PCURVE('',#522,#1301);
#1301 = DEFINITIONAL_REPRESENTATION('',(#1302),#1306);
#1302 = CIRCLE('',#1303,1.);
#1303 = AXIS2_PLACEMENT_2D('',#1304,#1305);
#1304 = CARTESIAN_POINT('',(0.,0.));
#1305 = DIRECTION('',(1.,0.));
#1306 = ( GEOMETRIC_REPRESENTATION_CONTEXT(2) 
PARAMETRIC_REPRESENTATION_CONTEXT() REPRESENTATION_CONTEXT('2D SPACE',''
  ) );
#1307 = ORIENTED_EDGE('',*,*,#1308,.T.);
#1308 = EDGE_CURVE('',#1286,#855,#1309,.T.);
#1309 = SURFACE_CURVE('',#1310,(#1313,#1320),.PCURVE_S1.);
#1310 = B_SPLINE_CURVE_WITH_KNOTS('',1,(#1311,#1312),.UNSPECIFIED.,.F.,
  .F.,(2,2),(0.,1.),.PIECEWISE_BEZIER_KNOTS.);
#1311 = CARTESIAN_POINT('',(-17.3,-14.1,38.8));
#1312 = CARTESIAN_POINT('',(-18.,-14.1,50.8));
#1313 = PCURVE('',#683,#1314);
#1314 = DEFINITIONAL_REPRESENTATION('',(#1315),#1319);
#1315 = LINE('',#1316,#1317);
#1316 = CARTESIAN_POINT('',(22.,0.));
#1317 = VECTOR('',#1318,1.);
#1318 = DIRECTION('',(0.,1.));
#1319 = ( GEOMETRIC_REPRESENTATION_CONTEXT(2) 
PARAMETRIC_REPRESENTATION_CONTEXT() REPRESENTATION_CONTEXT('2D SPACE',''
  ) );
#1320 = PCURVE('',#936,#1321);
#1321 = DEFINITIONAL_REPRESENTATION('',(#1322),#1326);
#1322 = LINE('',#1323,#1324);
#1323 = CARTESIAN_POINT('',(1.,0.));
#1324 = VECTOR('',#1325,1.);
#1325 = DIRECTION('',(0.,1.));
#1326 = ( GEOMETRIC_REPRESENTATION_CONTEXT(2) 
PARAMETRIC_REPRESENTATION_CONTEXT() REPRESENTATION_CONTEXT('2D SPACE',''
  ) );
#1327 = ORIENTED_EDGE('',*,*,#854,.T.);
#1328 = ADVANCED_FACE('',(#1329),#522,.F.);
#1329 = FACE_BOUND('',#1330,.F.);
#1330 = EDGE_LOOP('',(#1331,#1332,#1333,#1354,#1380,#1399,#1400,#1401,
    #1424,#1446,#1486,#1514,#1555,#1583,#1623,#1663,#1690));
#1331 = ORIENTED_EDGE('',*,*,#774,.T.);
#1332 = ORIENTED_EDGE('',*,*,#506,.T.);
#1333 = ORIENTED_EDGE('',*,*,#1334,.T.);
#1334 = EDGE_CURVE('',#507,#1335,#1337,.T.);
#1335 = VERTEX_POINT('',#1336);
#1336 = CARTESIAN_POINT('',(-29.1,-10.4,38.8));
#1337 = SURFACE_CURVE('',#1338,(#1342,#1348),.PCURVE_S1.);
#1338 = LINE('',#1339,#1340);
#1339 = CARTESIAN_POINT('',(-29.1,-16.55,38.8));
#1340 = VECTOR('',#1341,1.);
#1341 = DIRECTION('',(0.,1.,0.));
#1342 = PCURVE('',#522,#1343);
#1343 = DEFINITIONAL_REPRESENTATION('',(#1344),#1347);
#1344 = B_SPLINE_CURVE_WITH_KNOTS('',1,(#1345,#1346),.UNSPECIFIED.,.F.,
  .F.,(2,2),(1.45,6.15),.PIECEWISE_BEZIER_KNOTS.);
#1345 = CARTESIAN_POINT('',(-10.8,-1.));
#1346 = CARTESIAN_POINT('',(-10.8,3.7));
#1347 = ( GEOMETRIC_REPRESENTATION_CONTEXT(2) 
PARAMETRIC_REPRESENTATION_CONTEXT() REPRESENTATION_CONTEXT('2D SPACE',''
  ) );
#1348 = PCURVE('',#560,#1349);
#1349 = DEFINITIONAL_REPRESENTATION('',(#1350),#1353);
#1350 = B_SPLINE_CURVE_WITH_KNOTS('',1,(#1351,#1352),.UNSPECIFIED.,.F.,
  .F.,(2,2),(1.45,6.15),.PIECEWISE_BEZIER_KNOTS.);
#1351 = CARTESIAN_POINT('',(1.3,-3.9));
#1352 = CARTESIAN_POINT('',(1.3,-8.6));
#1353 = ( GEOMETRIC_REPRESENTATION_CONTEXT(2) 
PARAMETRIC_REPRESENTATION_CONTEXT() REPRESENTATION_CONTEXT('2D SPACE',''
  ) );
#1354 = ORIENTED_EDGE('',*,*,#1355,.F.);
#1355 = EDGE_CURVE('',#1356,#1335,#1358,.T.);
#1356 = VERTEX_POINT('',#1357);
#1357 = CARTESIAN_POINT('',(-24.,-10.4,38.8));
#1358 = SURFACE_CURVE('',#1359,(#1363,#1369),.PCURVE_S1.);
#1359 = LINE('',#1360,#1361);
#1360 = CARTESIAN_POINT('',(-23.7,-10.4,38.8));
#1361 = VECTOR('',#1362,1.);
#1362 = DIRECTION('',(-1.,-0.,0.));
#1363 = PCURVE('',#522,#1364);
#1364 = DEFINITIONAL_REPRESENTATION('',(#1365),#1368);
#1365 = B_SPLINE_CURVE_WITH_KNOTS('',1,(#1366,#1367),.UNSPECIFIED.,.F.,
  .F.,(2,2),(0.3,5.4),.PIECEWISE_BEZIER_KNOTS.);
#1366 = CARTESIAN_POINT('',(-5.7,3.7));
#1367 = CARTESIAN_POINT('',(-10.8,3.7));
#1368 = ( GEOMETRIC_REPRESENTATION_CONTEXT(2) 
PARAMETRIC_REPRESENTATION_CONTEXT() REPRESENTATION_CONTEXT('2D SPACE',''
  ) );
#1369 = PCURVE('',#1370,#1375);
#1370 = PLANE('',#1371);
#1371 = AXIS2_PLACEMENT_3D('',#1372,#1373,#1374);
#1372 = CARTESIAN_POINT('',(-29.1,-10.4,37.5));
#1373 = DIRECTION('',(-0.,1.,0.));
#1374 = DIRECTION('',(0.,0.,1.));
#1375 = DEFINITIONAL_REPRESENTATION('',(#1376),#1379);
#1376 = B_SPLINE_CURVE_WITH_KNOTS('',1,(#1377,#1378),.UNSPECIFIED.,.F.,
  .F.,(2,2),(0.3,5.4),.PIECEWISE_BEZIER_KNOTS.);
#1377 = CARTESIAN_POINT('',(1.3,5.1));
#1378 = CARTESIAN_POINT('',(1.3,0.));
#1379 = ( GEOMETRIC_REPRESENTATION_CONTEXT(2) 
PARAMETRIC_REPRESENTATION_CONTEXT() REPRESENTATION_CONTEXT('2D SPACE',''
  ) );
#1380 = ORIENTED_EDGE('',*,*,#1381,.F.);
#1381 = EDGE_CURVE('',#603,#1356,#1382,.T.);
#1382 = SURFACE_CURVE('',#1383,(#1387,#1393),.PCURVE_S1.);
#1383 = LINE('',#1384,#1385);
#1384 = CARTESIAN_POINT('',(-24.,-16.55,38.8));
#1385 = VECTOR('',#1386,1.);
#1386 = DIRECTION('',(0.,1.,0.));
#1387 = PCURVE('',#522,#1388);
#1388 = DEFINITIONAL_REPRESENTATION('',(#1389),#1392);
#1389 = B_SPLINE_CURVE_WITH_KNOTS('',1,(#1390,#1391),.UNSPECIFIED.,.F.,
  .F.,(2,2),(1.45,6.15),.PIECEWISE_BEZIER_KNOTS.);
#1390 = CARTESIAN_POINT('',(-5.7,-1.));
#1391 = CARTESIAN_POINT('',(-5.7,3.7));
#1392 = ( GEOMETRIC_REPRESENTATION_CONTEXT(2) 
PARAMETRIC_REPRESENTATION_CONTEXT() REPRESENTATION_CONTEXT('2D SPACE',''
  ) );
#1393 = PCURVE('',#628,#1394);
#1394 = DEFINITIONAL_REPRESENTATION('',(#1395),#1398);
#1395 = B_SPLINE_CURVE_WITH_KNOTS('',1,(#1396,#1397),.UNSPECIFIED.,.F.,
  .F.,(2,2),(1.45,6.15),.PIECEWISE_BEZIER_KNOTS.);
#1396 = CARTESIAN_POINT('',(1.3,-3.9));
#1397 = CARTESIAN_POINT('',(1.3,-8.6));
#1398 = ( GEOMETRIC_REPRESENTATION_CONTEXT(2) 
PARAMETRIC_REPRESENTATION_CONTEXT() REPRESENTATION_CONTEXT('2D SPACE',''
  ) );
#1399 = ORIENTED_EDGE('',*,*,#645,.T.);
#1400 = ORIENTED_EDGE('',*,*,#1285,.T.);
#1401 = ORIENTED_EDGE('',*,*,#1402,.T.);
#1402 = EDGE_CURVE('',#1286,#1403,#1405,.T.);
#1403 = VERTEX_POINT('',#1404);
#1404 = CARTESIAN_POINT('',(-17.3,-11.47217391304,38.8));
#1405 = SURFACE_CURVE('',#1406,(#1410,#1417),.PCURVE_S1.);
#1406 = LINE('',#1407,#1408);
#1407 = CARTESIAN_POINT('',(-17.3,-15.1,38.8));
#1408 = VECTOR('',#1409,1.);
#1409 = DIRECTION('',(0.,1.,0.));
#1410 = PCURVE('',#522,#1411);
#1411 = DEFINITIONAL_REPRESENTATION('',(#1412),#1416);
#1412 = LINE('',#1413,#1414);
#1413 = CARTESIAN_POINT('',(1.,-1.));
#1414 = VECTOR('',#1415,1.);
#1415 = DIRECTION('',(0.,1.));
#1416 = ( GEOMETRIC_REPRESENTATION_CONTEXT(2) 
PARAMETRIC_REPRESENTATION_CONTEXT() REPRESENTATION_CONTEXT('2D SPACE',''
  ) );
#1417 = PCURVE('',#936,#1418);
#1418 = DEFINITIONAL_REPRESENTATION('',(#1419),#1423);
#1419 = LINE('',#1420,#1421);
#1420 = CARTESIAN_POINT('',(0.,0.));
#1421 = VECTOR('',#1422,1.);
#1422 = DIRECTION('',(1.,0.));
#1423 = ( GEOMETRIC_REPRESENTATION_CONTEXT(2) 
PARAMETRIC_REPRESENTATION_CONTEXT() REPRESENTATION_CONTEXT('2D SPACE',''
  ) );
#1424 = ORIENTED_EDGE('',*,*,#1425,.T.);
#1425 = EDGE_CURVE('',#1403,#1426,#1428,.T.);
#1426 = VERTEX_POINT('',#1427);
#1427 = CARTESIAN_POINT('',(-17.3,10.672173913043,38.8));
#1428 = SURFACE_CURVE('',#1429,(#1433,#1440),.PCURVE_S1.);
#1429 = LINE('',#1430,#1431);
#1430 = CARTESIAN_POINT('',(-17.3,-15.1,38.8));
#1431 = VECTOR('',#1432,1.);
#1432 = DIRECTION('',(0.,1.,0.));
#1433 = PCURVE('',#522,#1434);
#1434 = DEFINITIONAL_REPRESENTATION('',(#1435),#1439);
#1435 = LINE('',#1436,#1437);
#1436 = CARTESIAN_POINT('',(1.,-1.));
#1437 = VECTOR('',#1438,1.);
#1438 = DIRECTION('',(0.,1.));
#1439 = ( GEOMETRIC_REPRESENTATION_CONTEXT(2) 
PARAMETRIC_REPRESENTATION_CONTEXT() REPRESENTATION_CONTEXT('2D SPACE',''
  ) );
#1440 = PCURVE('',#994,#1441);
#1441 = DEFINITIONAL_REPRESENTATION('',(#1442),#1445);
#1442 = B_SPLINE_CURVE_WITH_KNOTS('',1,(#1443,#1444),.UNSPECIFIED.,.F.,
  .F.,(2,2),(3.627826086957,25.772173913043),.PIECEWISE_BEZIER_KNOTS.);
#1443 = CARTESIAN_POINT('',(1.,0.));
#1444 = CARTESIAN_POINT('',(24.8,0.));
#1445 = ( GEOMETRIC_REPRESENTATION_CONTEXT(2) 
PARAMETRIC_REPRESENTATION_CONTEXT() REPRESENTATION_CONTEXT('2D SPACE',''
  ) );
#1446 = ORIENTED_EDGE('',*,*,#1447,.T.);
#1447 = EDGE_CURVE('',#1426,#1448,#1450,.T.);
#1448 = VERTEX_POINT('',#1449);
#1449 = CARTESIAN_POINT('',(-17.3,12.745714285714,38.8));
#1450 = SURFACE_CURVE('',#1451,(#1455,#1462),.PCURVE_S1.);
#1451 = LINE('',#1452,#1453);
#1452 = CARTESIAN_POINT('',(-17.3,-15.1,38.8));
#1453 = VECTOR('',#1454,1.);
#1454 = DIRECTION('',(0.,1.,0.));
#1455 = PCURVE('',#522,#1456);
#1456 = DEFINITIONAL_REPRESENTATION('',(#1457),#1461);
#1457 = LINE('',#1458,#1459);
#1458 = CARTESIAN_POINT('',(1.,-1.));
#1459 = VECTOR('',#1460,1.);
#1460 = DIRECTION('',(0.,1.));
#1461 = ( GEOMETRIC_REPRESENTATION_CONTEXT(2) 
PARAMETRIC_REPRESENTATION_CONTEXT() REPRESENTATION_CONTEXT('2D SPACE',''
  ) );
#1462 = PCURVE('',#1463,#1480);
#1463 = B_SPLINE_SURFACE_WITH_KNOTS('',7,1,(
    (#1464,#1465)
    ,(#1466,#1467)
    ,(#1468,#1469)
    ,(#1470,#1471)
    ,(#1472,#1473)
    ,(#1474,#1475)
    ,(#1476,#1477)
    ,(#1478,#1479
    )),.UNSPECIFIED.,.F.,.F.,.F.,(8,8),(2,2),(25.772173913043,
    27.845714285714),(0.,1.),.PIECEWISE_BEZIER_KNOTS.);
#1464 = CARTESIAN_POINT('',(-17.3,10.672173913043,38.8));
#1465 = CARTESIAN_POINT('',(-17.,10.7,50.8));
#1466 = CARTESIAN_POINT('',(-17.3,10.968393966282,38.8));
#1467 = CARTESIAN_POINT('',(-17.,10.924399475256,50.8));
#1468 = CARTESIAN_POINT('',(-17.3,11.264614019521,38.8));
#1469 = CARTESIAN_POINT('',(-17.05874888655,11.148797864983,50.8));
#1470 = CARTESIAN_POINT('',(-17.3,11.56083407276,38.8));
#1471 = CARTESIAN_POINT('',(-17.17623727779,11.354746940823,
    50.800000000001));
#1472 = CARTESIAN_POINT('',(-17.3,11.857054125998,38.8));
#1473 = CARTESIAN_POINT('',(-17.34525305917,11.523762722202,
    50.799999999999));
#1474 = CARTESIAN_POINT('',(-17.3,12.153274179237,38.8));
#1475 = CARTESIAN_POINT('',(-17.55120213501,11.641251113449,50.8));
#1476 = CARTESIAN_POINT('',(-17.3,12.449494232476,38.8));
#1477 = CARTESIAN_POINT('',(-17.77560052474,11.7,50.8));
#1478 = CARTESIAN_POINT('',(-17.3,12.745714285714,38.8));
#1479 = CARTESIAN_POINT('',(-18.,11.7,50.8));
#1480 = DEFINITIONAL_REPRESENTATION('',(#1481),#1485);
#1481 = LINE('',#1482,#1483);
#1482 = CARTESIAN_POINT('',(0.,0.));
#1483 = VECTOR('',#1484,1.);
#1484 = DIRECTION('',(1.,0.));
#1485 = ( GEOMETRIC_REPRESENTATION_CONTEXT(2) 
PARAMETRIC_REPRESENTATION_CONTEXT() REPRESENTATION_CONTEXT('2D SPACE',''
  ) );
#1486 = ORIENTED_EDGE('',*,*,#1487,.T.);
#1487 = EDGE_CURVE('',#1448,#1488,#1490,.T.);
#1488 = VERTEX_POINT('',#1489);
#1489 = CARTESIAN_POINT('',(-17.3,13.3,38.8));
#1490 = SURFACE_CURVE('',#1491,(#1495,#1502),.PCURVE_S1.);
#1491 = LINE('',#1492,#1493);
#1492 = CARTESIAN_POINT('',(-17.3,-15.1,38.8));
#1493 = VECTOR('',#1494,1.);
#1494 = DIRECTION('',(0.,1.,0.));
#1495 = PCURVE('',#522,#1496);
#1496 = DEFINITIONAL_REPRESENTATION('',(#1497),#1501);
#1497 = LINE('',#1498,#1499);
#1498 = CARTESIAN_POINT('',(1.,-1.));
#1499 = VECTOR('',#1500,1.);
#1500 = DIRECTION('',(0.,1.));
#1501 = ( GEOMETRIC_REPRESENTATION_CONTEXT(2) 
PARAMETRIC_REPRESENTATION_CONTEXT() REPRESENTATION_CONTEXT('2D SPACE',''
  ) );
#1502 = PCURVE('',#1503,#1508);
#1503 = B_SPLINE_SURFACE_WITH_KNOTS('',1,1,(
    (#1504,#1505)
    ,(#1506,#1507
    )),.UNSPECIFIED.,.F.,.F.,.F.,(2,2),(2,2),(27.845714285714,28.4),(0.,
    1.),.PIECEWISE_BEZIER_KNOTS.);
#1504 = CARTESIAN_POINT('',(-17.3,12.745714285714,38.8));
#1505 = CARTESIAN_POINT('',(-18.,11.7,50.8));
#1506 = CARTESIAN_POINT('',(-17.3,13.3,38.8));
#1507 = CARTESIAN_POINT('',(-18.42481751824,11.7,50.8));
#1508 = DEFINITIONAL_REPRESENTATION('',(#1509),#1513);
#1509 = LINE('',#1510,#1511);
#1510 = CARTESIAN_POINT('',(0.,0.));
#1511 = VECTOR('',#1512,1.);
#1512 = DIRECTION('',(1.,0.));
#1513 = ( GEOMETRIC_REPRESENTATION_CONTEXT(2) 
PARAMETRIC_REPRESENTATION_CONTEXT() REPRESENTATION_CONTEXT('2D SPACE',''
  ) );
#1514 = ORIENTED_EDGE('',*,*,#1515,.T.);
#1515 = EDGE_CURVE('',#1488,#1516,#1518,.T.);
#1516 = VERTEX_POINT('',#1517);
#1517 = CARTESIAN_POINT('',(-18.3,14.3,38.8));
#1518 = SURFACE_CURVE('',#1519,(#1524,#1531),.PCURVE_S1.);
#1519 = CIRCLE('',#1520,1.);
#1520 = AXIS2_PLACEMENT_3D('',#1521,#1522,#1523);
#1521 = CARTESIAN_POINT('',(-18.3,13.3,38.8));
#1522 = DIRECTION('',(0.,-0.,1.));
#1523 = DIRECTION('',(1.,0.,0.));
#1524 = PCURVE('',#522,#1525);
#1525 = DEFINITIONAL_REPRESENTATION('',(#1526),#1530);
#1526 = CIRCLE('',#1527,1.);
#1527 = AXIS2_PLACEMENT_2D('',#1528,#1529);
#1528 = CARTESIAN_POINT('',(0.,27.4));
#1529 = DIRECTION('',(1.,0.));
#1530 = ( GEOMETRIC_REPRESENTATION_CONTEXT(2) 
PARAMETRIC_REPRESENTATION_CONTEXT() REPRESENTATION_CONTEXT('2D SPACE',''
  ) );
#1531 = PCURVE('',#1532,#1549);
#1532 = B_SPLINE_SURFACE_WITH_KNOTS('',7,1,(
    (#1533,#1534)
    ,(#1535,#1536)
    ,(#1537,#1538)
    ,(#1539,#1540)
    ,(#1541,#1542)
    ,(#1543,#1544)
    ,(#1545,#1546)
    ,(#1547,#1548
    )),.UNSPECIFIED.,.F.,.F.,.F.,(8,8),(2,2),(0.,1.570796326795),(0.,1.)
  ,.PIECEWISE_BEZIER_KNOTS.);
#1533 = CARTESIAN_POINT('',(-17.3,13.3,38.8));
#1534 = CARTESIAN_POINT('',(-18.42481751824,11.7,50.8));
#1535 = CARTESIAN_POINT('',(-17.3,13.524399475256,38.8));
#1536 = CARTESIAN_POINT('',(-18.64809431593,11.7,50.8));
#1537 = CARTESIAN_POINT('',(-17.35874888655,13.748797864983,38.8));
#1538 = CARTESIAN_POINT('',(-18.87137111361,11.7,50.8));
#1539 = CARTESIAN_POINT('',(-17.47623727779,13.954746940823,
    38.800000000001));
#1540 = CARTESIAN_POINT('',(-19.0946479113,11.7,50.8));
#1541 = CARTESIAN_POINT('',(-17.64525305917,14.123762722202,
    38.799999999999));
#1542 = CARTESIAN_POINT('',(-19.31792470898,11.7,50.8));
#1543 = CARTESIAN_POINT('',(-17.85120213501,14.241251113448,38.8));
#1544 = CARTESIAN_POINT('',(-19.54120150667,11.7,50.8));
#1545 = CARTESIAN_POINT('',(-18.07560052474,14.3,38.8));
#1546 = CARTESIAN_POINT('',(-19.76447830435,11.7,50.8));
#1547 = CARTESIAN_POINT('',(-18.3,14.3,38.8));
#1548 = CARTESIAN_POINT('',(-19.98775510204,11.7,50.8));
#1549 = DEFINITIONAL_REPRESENTATION('',(#1550),#1554);
#1550 = LINE('',#1551,#1552);
#1551 = CARTESIAN_POINT('',(0.,0.));
#1552 = VECTOR('',#1553,1.);
#1553 = DIRECTION('',(1.,0.));
#1554 = ( GEOMETRIC_REPRESENTATION_CONTEXT(2) 
PARAMETRIC_REPRESENTATION_CONTEXT() REPRESENTATION_CONTEXT('2D SPACE',''
  ) );
#1555 = ORIENTED_EDGE('',*,*,#1556,.T.);
#1556 = EDGE_CURVE('',#1516,#1557,#1559,.T.);
#1557 = VERTEX_POINT('',#1558);
#1558 = CARTESIAN_POINT('',(-37.7,14.3,38.8));
#1559 = SURFACE_CURVE('',#1560,(#1564,#1571),.PCURVE_S1.);
#1560 = LINE('',#1561,#1562);
#1561 = CARTESIAN_POINT('',(-17.3,14.3,38.8));
#1562 = VECTOR('',#1563,1.);
#1563 = DIRECTION('',(-1.,0.,0.));
#1564 = PCURVE('',#522,#1565);
#1565 = DEFINITIONAL_REPRESENTATION('',(#1566),#1570);
#1566 = LINE('',#1567,#1568);
#1567 = CARTESIAN_POINT('',(1.,28.4));
#1568 = VECTOR('',#1569,1.);
#1569 = DIRECTION('',(-1.,0.));
#1570 = ( GEOMETRIC_REPRESENTATION_CONTEXT(2) 
PARAMETRIC_REPRESENTATION_CONTEXT() REPRESENTATION_CONTEXT('2D SPACE',''
  ) );
#1571 = PCURVE('',#1572,#1577);
#1572 = B_SPLINE_SURFACE_WITH_KNOTS('',1,1,(
    (#1573,#1574)
    ,(#1575,#1576
    )),.UNSPECIFIED.,.F.,.F.,.F.,(2,2),(2,2),(1.,20.4),(0.,1.),
  .PIECEWISE_BEZIER_KNOTS.);
#1573 = CARTESIAN_POINT('',(-18.3,14.3,38.8));
#1574 = CARTESIAN_POINT('',(-19.98775510204,11.7,50.8));
#1575 = CARTESIAN_POINT('',(-37.7,14.3,38.8));
#1576 = CARTESIAN_POINT('',(-37.01224489795,11.7,50.8));
#1577 = DEFINITIONAL_REPRESENTATION('',(#1578),#1582);
#1578 = LINE('',#1579,#1580);
#1579 = CARTESIAN_POINT('',(0.,0.));
#1580 = VECTOR('',#1581,1.);
#1581 = DIRECTION('',(1.,0.));
#1582 = ( GEOMETRIC_REPRESENTATION_CONTEXT(2) 
PARAMETRIC_REPRESENTATION_CONTEXT() REPRESENTATION_CONTEXT('2D SPACE',''
  ) );
#1583 = ORIENTED_EDGE('',*,*,#1584,.T.);
#1584 = EDGE_CURVE('',#1557,#1585,#1587,.T.);
#1585 = VERTEX_POINT('',#1586);
#1586 = CARTESIAN_POINT('',(-38.7,13.3,38.8));
#1587 = SURFACE_CURVE('',#1588,(#1593,#1600),.PCURVE_S1.);
#1588 = CIRCLE('',#1589,1.);
#1589 = AXIS2_PLACEMENT_3D('',#1590,#1591,#1592);
#1590 = CARTESIAN_POINT('',(-37.7,13.3,38.8));
#1591 = DIRECTION('',(0.,-0.,1.));
#1592 = DIRECTION('',(1.,0.,0.));
#1593 = PCURVE('',#522,#1594);
#1594 = DEFINITIONAL_REPRESENTATION('',(#1595),#1599);
#1595 = CIRCLE('',#1596,1.);
#1596 = AXIS2_PLACEMENT_2D('',#1597,#1598);
#1597 = CARTESIAN_POINT('',(-19.4,27.4));
#1598 = DIRECTION('',(1.,0.));
#1599 = ( GEOMETRIC_REPRESENTATION_CONTEXT(2) 
PARAMETRIC_REPRESENTATION_CONTEXT() REPRESENTATION_CONTEXT('2D SPACE',''
  ) );
#1600 = PCURVE('',#1601,#1618);
#1601 = B_SPLINE_SURFACE_WITH_KNOTS('',7,1,(
    (#1602,#1603)
    ,(#1604,#1605)
    ,(#1606,#1607)
    ,(#1608,#1609)
    ,(#1610,#1611)
    ,(#1612,#1613)
    ,(#1614,#1615)
    ,(#1616,#1617
    )),.UNSPECIFIED.,.F.,.F.,.F.,(8,8),(2,2),(20.012244897959,22.),(0.,
    1.),.PIECEWISE_BEZIER_KNOTS.);
#1602 = CARTESIAN_POINT('',(-37.7,14.3,38.8));
#1603 = CARTESIAN_POINT('',(-37.01224489795,11.7,50.8));
#1604 = CARTESIAN_POINT('',(-37.92439947525,14.3,38.8));
#1605 = CARTESIAN_POINT('',(-37.29620991253,11.7,50.8));
#1606 = CARTESIAN_POINT('',(-38.14879786498,14.241251113448,38.8));
#1607 = CARTESIAN_POINT('',(-37.58017492711,11.7,50.8));
#1608 = CARTESIAN_POINT('',(-38.35474694082,14.123762722203,
    38.800000000001));
#1609 = CARTESIAN_POINT('',(-37.86413994169,11.7,50.8));
#1610 = CARTESIAN_POINT('',(-38.5237627222,13.954746940823,
    38.799999999999));
#1611 = CARTESIAN_POINT('',(-38.14810495626,11.7,50.8));
#1612 = CARTESIAN_POINT('',(-38.64125111344,13.748797864984,38.8));
#1613 = CARTESIAN_POINT('',(-38.43206997084,11.7,50.8));
#1614 = CARTESIAN_POINT('',(-38.7,13.524399475256,38.8));
#1615 = CARTESIAN_POINT('',(-38.71603498542,11.7,50.8));
#1616 = CARTESIAN_POINT('',(-38.7,13.3,38.8));
#1617 = CARTESIAN_POINT('',(-39.,11.7,50.8));
#1618 = DEFINITIONAL_REPRESENTATION('',(#1619),#1622);
#1619 = B_SPLINE_CURVE_WITH_KNOTS('',1,(#1620,#1621),.UNSPECIFIED.,.F.,
  .F.,(2,2),(1.570796326795,3.14159265359),.PIECEWISE_BEZIER_KNOTS.);
#1620 = CARTESIAN_POINT('',(20.012244897959,0.));
#1621 = CARTESIAN_POINT('',(22.,0.));
#1622 = ( GEOMETRIC_REPRESENTATION_CONTEXT(2) 
PARAMETRIC_REPRESENTATION_CONTEXT() REPRESENTATION_CONTEXT('2D SPACE',''
  ) );
#1623 = ORIENTED_EDGE('',*,*,#1624,.T.);
#1624 = EDGE_CURVE('',#1585,#1625,#1627,.T.);
#1625 = VERTEX_POINT('',#1626);
#1626 = CARTESIAN_POINT('',(-38.7,10.672173913043,38.8));
#1627 = SURFACE_CURVE('',#1628,(#1632,#1639),.PCURVE_S1.);
#1628 = LINE('',#1629,#1630);
#1629 = CARTESIAN_POINT('',(-38.7,14.3,38.8));
#1630 = VECTOR('',#1631,1.);
#1631 = DIRECTION('',(0.,-1.,0.));
#1632 = PCURVE('',#522,#1633);
#1633 = DEFINITIONAL_REPRESENTATION('',(#1634),#1638);
#1634 = LINE('',#1635,#1636);
#1635 = CARTESIAN_POINT('',(-20.4,28.4));
#1636 = VECTOR('',#1637,1.);
#1637 = DIRECTION('',(0.,-1.));
#1638 = ( GEOMETRIC_REPRESENTATION_CONTEXT(2) 
PARAMETRIC_REPRESENTATION_CONTEXT() REPRESENTATION_CONTEXT('2D SPACE',''
  ) );
#1639 = PCURVE('',#1640,#1657);
#1640 = B_SPLINE_SURFACE_WITH_KNOTS('',7,1,(
    (#1641,#1642)
    ,(#1643,#1644)
    ,(#1645,#1646)
    ,(#1647,#1648)
    ,(#1649,#1650)
    ,(#1651,#1652)
    ,(#1653,#1654)
    ,(#1655,#1656
    )),.UNSPECIFIED.,.F.,.F.,.F.,(8,8),(2,2),(1.,3.627826086957),(0.,1.)
  ,.PIECEWISE_BEZIER_KNOTS.);
#1641 = CARTESIAN_POINT('',(-38.7,13.3,38.8));
#1642 = CARTESIAN_POINT('',(-39.,11.7,50.8));
#1643 = CARTESIAN_POINT('',(-38.7,12.924596273292,38.8));
#1644 = CARTESIAN_POINT('',(-39.22439947525,11.7,50.8));
#1645 = CARTESIAN_POINT('',(-38.7,12.549192546584,38.8));
#1646 = CARTESIAN_POINT('',(-39.44879786498,11.641251113448,
    50.799999999999));
#1647 = CARTESIAN_POINT('',(-38.7,12.173788819876,38.8));
#1648 = CARTESIAN_POINT('',(-39.65474694082,11.523762722203,
    50.800000000001));
#1649 = CARTESIAN_POINT('',(-38.7,11.798385093168,38.8));
#1650 = CARTESIAN_POINT('',(-39.8237627222,11.354746940822,
    50.799999999999));
#1651 = CARTESIAN_POINT('',(-38.7,11.42298136646,38.8));
#1652 = CARTESIAN_POINT('',(-39.94125111344,11.148797864984,
    50.800000000001));
#1653 = CARTESIAN_POINT('',(-38.7,11.047577639752,38.8));
#1654 = CARTESIAN_POINT('',(-40.,10.924399475256,50.8));
#1655 = CARTESIAN_POINT('',(-38.7,10.672173913043,38.8));
#1656 = CARTESIAN_POINT('',(-40.,10.7,50.8));
#1657 = DEFINITIONAL_REPRESENTATION('',(#1658),#1662);
#1658 = LINE('',#1659,#1660);
#1659 = CARTESIAN_POINT('',(0.,0.));
#1660 = VECTOR('',#1661,1.);
#1661 = DIRECTION('',(1.,0.));
#1662 = ( GEOMETRIC_REPRESENTATION_CONTEXT(2) 
PARAMETRIC_REPRESENTATION_CONTEXT() REPRESENTATION_CONTEXT('2D SPACE',''
  ) );
#1663 = ORIENTED_EDGE('',*,*,#1664,.T.);
#1664 = EDGE_CURVE('',#1625,#1665,#1667,.T.);
#1665 = VERTEX_POINT('',#1666);
#1666 = CARTESIAN_POINT('',(-38.7,-11.47217391304,38.8));
#1667 = SURFACE_CURVE('',#1668,(#1672,#1679),.PCURVE_S1.);
#1668 = LINE('',#1669,#1670);
#1669 = CARTESIAN_POINT('',(-38.7,14.3,38.8));
#1670 = VECTOR('',#1671,1.);
#1671 = DIRECTION('',(0.,-1.,0.));
#1672 = PCURVE('',#522,#1673);
#1673 = DEFINITIONAL_REPRESENTATION('',(#1674),#1678);
#1674 = LINE('',#1675,#1676);
#1675 = CARTESIAN_POINT('',(-20.4,28.4));
#1676 = VECTOR('',#1677,1.);
#1677 = DIRECTION('',(0.,-1.));
#1678 = ( GEOMETRIC_REPRESENTATION_CONTEXT(2) 
PARAMETRIC_REPRESENTATION_CONTEXT() REPRESENTATION_CONTEXT('2D SPACE',''
  ) );
#1679 = PCURVE('',#1680,#1685);
#1680 = B_SPLINE_SURFACE_WITH_KNOTS('',1,1,(
    (#1681,#1682)
    ,(#1683,#1684
    )),.UNSPECIFIED.,.F.,.F.,.F.,(2,2),(2,2),(1.,24.8),(0.,1.),
  .PIECEWISE_BEZIER_KNOTS.);
#1681 = CARTESIAN_POINT('',(-38.7,10.672173913043,38.8));
#1682 = CARTESIAN_POINT('',(-40.,10.7,50.8));
#1683 = CARTESIAN_POINT('',(-38.7,-11.47217391304,38.8));
#1684 = CARTESIAN_POINT('',(-40.,-13.1,50.8));
#1685 = DEFINITIONAL_REPRESENTATION('',(#1686),#1689);
#1686 = B_SPLINE_CURVE_WITH_KNOTS('',1,(#1687,#1688),.UNSPECIFIED.,.F.,
  .F.,(2,2),(3.627826086957,25.772173913043),.PIECEWISE_BEZIER_KNOTS.);
#1687 = CARTESIAN_POINT('',(1.,0.));
#1688 = CARTESIAN_POINT('',(24.8,0.));
#1689 = ( GEOMETRIC_REPRESENTATION_CONTEXT(2) 
PARAMETRIC_REPRESENTATION_CONTEXT() REPRESENTATION_CONTEXT('2D SPACE',''
  ) );
#1690 = ORIENTED_EDGE('',*,*,#1691,.T.);
#1691 = EDGE_CURVE('',#1665,#734,#1692,.T.);
#1692 = SURFACE_CURVE('',#1693,(#1697,#1704),.PCURVE_S1.);
#1693 = LINE('',#1694,#1695);
#1694 = CARTESIAN_POINT('',(-38.7,14.3,38.8));
#1695 = VECTOR('',#1696,1.);
#1696 = DIRECTION('',(0.,-1.,0.));
#1697 = PCURVE('',#522,#1698);
#1698 = DEFINITIONAL_REPRESENTATION('',(#1699),#1703);
#1699 = LINE('',#1700,#1701);
#1700 = CARTESIAN_POINT('',(-20.4,28.4));
#1701 = VECTOR('',#1702,1.);
#1702 = DIRECTION('',(0.,-1.));
#1703 = ( GEOMETRIC_REPRESENTATION_CONTEXT(2) 
PARAMETRIC_REPRESENTATION_CONTEXT() REPRESENTATION_CONTEXT('2D SPACE',''
  ) );
#1704 = PCURVE('',#750,#1705);
#1705 = DEFINITIONAL_REPRESENTATION('',(#1706),#1710);
#1706 = LINE('',#1707,#1708);
#1707 = CARTESIAN_POINT('',(0.,0.));
#1708 = VECTOR('',#1709,1.);
#1709 = DIRECTION('',(1.,0.));
#1710 = ( GEOMETRIC_REPRESENTATION_CONTEXT(2) 
PARAMETRIC_REPRESENTATION_CONTEXT() REPRESENTATION_CONTEXT('2D SPACE',''
  ) );
#1711 = ADVANCED_FACE('',(#1712),#628,.F.);
#1712 = FACE_BOUND('',#1713,.F.);
#1713 = EDGE_LOOP('',(#1714,#1737,#1738,#1739));
#1714 = ORIENTED_EDGE('',*,*,#1715,.F.);
#1715 = EDGE_CURVE('',#578,#1716,#1718,.T.);
#1716 = VERTEX_POINT('',#1717);
#1717 = CARTESIAN_POINT('',(-24.,-10.4,45.));
#1718 = SURFACE_CURVE('',#1719,(#1723,#1730),.PCURVE_S1.);
#1719 = LINE('',#1720,#1721);
#1720 = CARTESIAN_POINT('',(-24.,-19.,45.));
#1721 = VECTOR('',#1722,1.);
#1722 = DIRECTION('',(-0.,1.,0.));
#1723 = PCURVE('',#628,#1724);
#1724 = DEFINITIONAL_REPRESENTATION('',(#1725),#1729);
#1725 = LINE('',#1726,#1727);
#1726 = CARTESIAN_POINT('',(7.5,0.));
#1727 = VECTOR('',#1728,1.);
#1728 = DIRECTION('',(0.,-1.));
#1729 = ( GEOMETRIC_REPRESENTATION_CONTEXT(2) 
PARAMETRIC_REPRESENTATION_CONTEXT() REPRESENTATION_CONTEXT('2D SPACE',''
  ) );
#1730 = PCURVE('',#591,#1731);
#1731 = DEFINITIONAL_REPRESENTATION('',(#1732),#1736);
#1732 = LINE('',#1733,#1734);
#1733 = CARTESIAN_POINT('',(5.1,0.));
#1734 = VECTOR('',#1735,1.);
#1735 = DIRECTION('',(0.,1.));
#1736 = ( GEOMETRIC_REPRESENTATION_CONTEXT(2) 
PARAMETRIC_REPRESENTATION_CONTEXT() REPRESENTATION_CONTEXT('2D SPACE',''
  ) );
#1737 = ORIENTED_EDGE('',*,*,#602,.F.);
#1738 = ORIENTED_EDGE('',*,*,#1381,.T.);
#1739 = ORIENTED_EDGE('',*,*,#1740,.T.);
#1740 = EDGE_CURVE('',#1356,#1716,#1741,.T.);
#1741 = SURFACE_CURVE('',#1742,(#1746,#1753),.PCURVE_S1.);
#1742 = LINE('',#1743,#1744);
#1743 = CARTESIAN_POINT('',(-24.,-10.4,37.5));
#1744 = VECTOR('',#1745,1.);
#1745 = DIRECTION('',(0.,0.,1.));
#1746 = PCURVE('',#628,#1747);
#1747 = DEFINITIONAL_REPRESENTATION('',(#1748),#1752);
#1748 = LINE('',#1749,#1750);
#1749 = CARTESIAN_POINT('',(0.,-8.6));
#1750 = VECTOR('',#1751,1.);
#1751 = DIRECTION('',(1.,0.));
#1752 = ( GEOMETRIC_REPRESENTATION_CONTEXT(2) 
PARAMETRIC_REPRESENTATION_CONTEXT() REPRESENTATION_CONTEXT('2D SPACE',''
  ) );
#1753 = PCURVE('',#1370,#1754);
#1754 = DEFINITIONAL_REPRESENTATION('',(#1755),#1759);
#1755 = LINE('',#1756,#1757);
#1756 = CARTESIAN_POINT('',(0.,5.1));
#1757 = VECTOR('',#1758,1.);
#1758 = DIRECTION('',(1.,0.));
#1759 = ( GEOMETRIC_REPRESENTATION_CONTEXT(2) 
PARAMETRIC_REPRESENTATION_CONTEXT() REPRESENTATION_CONTEXT('2D SPACE',''
  ) );
#1760 = ADVANCED_FACE('',(#1761),#591,.F.);
#1761 = FACE_BOUND('',#1762,.F.);
#1762 = EDGE_LOOP('',(#1763,#1786,#1787,#1788));
#1763 = ORIENTED_EDGE('',*,*,#1764,.F.);
#1764 = EDGE_CURVE('',#535,#1765,#1767,.T.);
#1765 = VERTEX_POINT('',#1766);
#1766 = CARTESIAN_POINT('',(-29.1,-10.4,45.));
#1767 = SURFACE_CURVE('',#1768,(#1772,#1779),.PCURVE_S1.);
#1768 = LINE('',#1769,#1770);
#1769 = CARTESIAN_POINT('',(-29.1,-19.,45.));
#1770 = VECTOR('',#1771,1.);
#1771 = DIRECTION('',(-0.,1.,0.));
#1772 = PCURVE('',#591,#1773);
#1773 = DEFINITIONAL_REPRESENTATION('',(#1774),#1778);
#1774 = LINE('',#1775,#1776);
#1775 = CARTESIAN_POINT('',(0.,0.));
#1776 = VECTOR('',#1777,1.);
#1777 = DIRECTION('',(0.,1.));
#1778 = ( GEOMETRIC_REPRESENTATION_CONTEXT(2) 
PARAMETRIC_REPRESENTATION_CONTEXT() REPRESENTATION_CONTEXT('2D SPACE',''
  ) );
#1779 = PCURVE('',#560,#1780);
#1780 = DEFINITIONAL_REPRESENTATION('',(#1781),#1785);
#1781 = LINE('',#1782,#1783);
#1782 = CARTESIAN_POINT('',(7.5,0.));
#1783 = VECTOR('',#1784,1.);
#1784 = DIRECTION('',(0.,-1.));
#1785 = ( GEOMETRIC_REPRESENTATION_CONTEXT(2) 
PARAMETRIC_REPRESENTATION_CONTEXT() REPRESENTATION_CONTEXT('2D SPACE',''
  ) );
#1786 = ORIENTED_EDGE('',*,*,#577,.F.);
#1787 = ORIENTED_EDGE('',*,*,#1715,.T.);
#1788 = ORIENTED_EDGE('',*,*,#1789,.F.);
#1789 = EDGE_CURVE('',#1765,#1716,#1790,.T.);
#1790 = SURFACE_CURVE('',#1791,(#1795,#1802),.PCURVE_S1.);
#1791 = LINE('',#1792,#1793);
#1792 = CARTESIAN_POINT('',(-29.1,-10.4,45.));
#1793 = VECTOR('',#1794,1.);
#1794 = DIRECTION('',(1.,0.,-0.));
#1795 = PCURVE('',#591,#1796);
#1796 = DEFINITIONAL_REPRESENTATION('',(#1797),#1801);
#1797 = LINE('',#1798,#1799);
#1798 = CARTESIAN_POINT('',(0.,8.6));
#1799 = VECTOR('',#1800,1.);
#1800 = DIRECTION('',(1.,0.));
#1801 = ( GEOMETRIC_REPRESENTATION_CONTEXT(2) 
PARAMETRIC_REPRESENTATION_CONTEXT() REPRESENTATION_CONTEXT('2D SPACE',''
  ) );
#1802 = PCURVE('',#1370,#1803);
#1803 = DEFINITIONAL_REPRESENTATION('',(#1804),#1808);
#1804 = LINE('',#1805,#1806);
#1805 = CARTESIAN_POINT('',(7.5,0.));
#1806 = VECTOR('',#1807,1.);
#1807 = DIRECTION('',(0.,1.));
#1808 = ( GEOMETRIC_REPRESENTATION_CONTEXT(2) 
PARAMETRIC_REPRESENTATION_CONTEXT() REPRESENTATION_CONTEXT('2D SPACE',''
  ) );
#1809 = ADVANCED_FACE('',(#1810),#560,.T.);
#1810 = FACE_BOUND('',#1811,.T.);
#1811 = EDGE_LOOP('',(#1812,#1813,#1814,#1815));
#1812 = ORIENTED_EDGE('',*,*,#1764,.F.);
#1813 = ORIENTED_EDGE('',*,*,#534,.F.);
#1814 = ORIENTED_EDGE('',*,*,#1334,.T.);
#1815 = ORIENTED_EDGE('',*,*,#1816,.T.);
#1816 = EDGE_CURVE('',#1335,#1765,#1817,.T.);
#1817 = SURFACE_CURVE('',#1818,(#1822,#1829),.PCURVE_S1.);
#1818 = LINE('',#1819,#1820);
#1819 = CARTESIAN_POINT('',(-29.1,-10.4,37.5));
#1820 = VECTOR('',#1821,1.);
#1821 = DIRECTION('',(0.,0.,1.));
#1822 = PCURVE('',#560,#1823);
#1823 = DEFINITIONAL_REPRESENTATION('',(#1824),#1828);
#1824 = LINE('',#1825,#1826);
#1825 = CARTESIAN_POINT('',(0.,-8.6));
#1826 = VECTOR('',#1827,1.);
#1827 = DIRECTION('',(1.,0.));
#1828 = ( GEOMETRIC_REPRESENTATION_CONTEXT(2) 
PARAMETRIC_REPRESENTATION_CONTEXT() REPRESENTATION_CONTEXT('2D SPACE',''
  ) );
#1829 = PCURVE('',#1370,#1830);
#1830 = DEFINITIONAL_REPRESENTATION('',(#1831),#1835);
#1831 = LINE('',#1832,#1833);
#1832 = CARTESIAN_POINT('',(0.,0.));
#1833 = VECTOR('',#1834,1.);
#1834 = DIRECTION('',(1.,0.));
#1835 = ( GEOMETRIC_REPRESENTATION_CONTEXT(2) 
PARAMETRIC_REPRESENTATION_CONTEXT() REPRESENTATION_CONTEXT('2D SPACE',''
  ) );
#1836 = ADVANCED_FACE('',(#1837),#750,.T.);
#1837 = FACE_BOUND('',#1838,.T.);
#1838 = EDGE_LOOP('',(#1839,#1861,#1862,#1863,#1864));
#1839 = ORIENTED_EDGE('',*,*,#1840,.F.);
#1840 = EDGE_CURVE('',#1665,#1841,#1843,.T.);
#1841 = VERTEX_POINT('',#1842);
#1842 = CARTESIAN_POINT('',(-39.73280632411,-12.76542704932,
    48.333596837945));
#1843 = SURFACE_CURVE('',#1844,(#1847,#1854),.PCURVE_S1.);
#1844 = B_SPLINE_CURVE_WITH_KNOTS('',1,(#1845,#1846),.UNSPECIFIED.,.F.,
  .F.,(2,2),(0.,1.),.PIECEWISE_BEZIER_KNOTS.);
#1845 = CARTESIAN_POINT('',(-38.7,-11.47217391304,38.8));
#1846 = CARTESIAN_POINT('',(-40.,-13.1,50.8));
#1847 = PCURVE('',#750,#1848);
#1848 = DEFINITIONAL_REPRESENTATION('',(#1849),#1853);
#1849 = LINE('',#1850,#1851);
#1850 = CARTESIAN_POINT('',(25.772173913043,0.));
#1851 = VECTOR('',#1852,1.);
#1852 = DIRECTION('',(0.,1.));
#1853 = ( GEOMETRIC_REPRESENTATION_CONTEXT(2) 
PARAMETRIC_REPRESENTATION_CONTEXT() REPRESENTATION_CONTEXT('2D SPACE',''
  ) );
#1854 = PCURVE('',#1680,#1855);
#1855 = DEFINITIONAL_REPRESENTATION('',(#1856),#1860);
#1856 = LINE('',#1857,#1858);
#1857 = CARTESIAN_POINT('',(24.8,0.));
#1858 = VECTOR('',#1859,1.);
#1859 = DIRECTION('',(0.,1.));
#1860 = ( GEOMETRIC_REPRESENTATION_CONTEXT(2) 
PARAMETRIC_REPRESENTATION_CONTEXT() REPRESENTATION_CONTEXT('2D SPACE',''
  ) );
#1861 = ORIENTED_EDGE('',*,*,#1691,.T.);
#1862 = ORIENTED_EDGE('',*,*,#733,.T.);
#1863 = ORIENTED_EDGE('',*,*,#1217,.T.);
#1864 = ORIENTED_EDGE('',*,*,#1865,.T.);
#1865 = EDGE_CURVE('',#1192,#1841,#1866,.T.);
#1866 = SURFACE_CURVE('',#1867,(#1890,#1916),.PCURVE_S1.);
#1867 = B_SPLINE_CURVE_WITH_KNOTS('',6,(#1868,#1869,#1870,#1871,#1872,
    #1873,#1874,#1875,#1876,#1877,#1878,#1879,#1880,#1881,#1882,#1883,
    #1884,#1885,#1886,#1887,#1888,#1889),.UNSPECIFIED.,.F.,.F.,(7,5,5,5,
    7),(0.,0.323510654587,0.590139588603,0.859851078084,1.),
  .UNSPECIFIED.);
#1868 = CARTESIAN_POINT('',(-38.94814814814,-14.1,48.725925925926));
#1869 = CARTESIAN_POINT('',(-39.01972230888,-14.07466731215,
    48.690138845559));
#1870 = CARTESIAN_POINT('',(-39.09026690336,-14.04081163961,
    48.654866548319));
#1871 = CARTESIAN_POINT('',(-39.15881442811,-13.99876120042,
    48.620592785942));
#1872 = CARTESIAN_POINT('',(-39.22453145522,-13.94904697821,
    48.587734272387));
#1873 = CARTESIAN_POINT('',(-39.28672511678,-13.89231683457,
    48.556637441606));
#1874 = CARTESIAN_POINT('',(-39.39270858696,-13.7773487528,
    48.503645706517));
#1875 = CARTESIAN_POINT('',(-39.43781375352,-13.72112717914,
    48.48109312324));
#1876 = CARTESIAN_POINT('',(-39.47982371935,-13.66102753616,
    48.460088140324));
#1877 = CARTESIAN_POINT('',(-39.51848048089,-13.59747564604,
    48.440759759551));
#1878 = CARTESIAN_POINT('',(-39.55357535139,-13.53091116646,
    48.423212324303));
#1879 = CARTESIAN_POINT('',(-39.61666714233,-13.39184109503,
    48.391666428833));
#1880 = CARTESIAN_POINT('',(-39.64457708582,-13.31927621202,
    48.377711457087));
#1881 = CARTESIAN_POINT('',(-39.66849666462,-13.24453813438,
    48.36575166769));
#1882 = CARTESIAN_POINT('',(-39.68829283812,-13.16808912703,
    48.35585358094));
#1883 = CARTESIAN_POINT('',(-39.70386755073,-13.09039463782,
    48.348066224632));
#1884 = CARTESIAN_POINT('',(-39.72101667525,-12.97114444967,
    48.33949166237));
#1885 = CARTESIAN_POINT('',(-39.72572245869,-12.93015753632,
    48.337138770652));
#1886 = CARTESIAN_POINT('',(-39.72926047537,-12.889026106,
    48.335369762315));
#1887 = CARTESIAN_POINT('',(-39.73162344319,-12.84781618862,
    48.334188278403));
#1888 = CARTESIAN_POINT('',(-39.73280632411,-12.80659422148,
    48.333596837945));
#1889 = CARTESIAN_POINT('',(-39.73280632411,-12.76542704932,
    48.333596837945));
#1890 = PCURVE('',#750,#1891);
#1891 = DEFINITIONAL_REPRESENTATION('',(#1892),#1915);
#1892 = B_SPLINE_CURVE_WITH_KNOTS('',6,(#1893,#1894,#1895,#1896,#1897,
    #1898,#1899,#1900,#1901,#1902,#1903,#1904,#1905,#1906,#1907,#1908,
    #1909,#1910,#1911,#1912,#1913,#1914),.UNSPECIFIED.,.F.,.F.,(7,5,5,5,
    7),(0.,0.323510654587,0.590139588603,0.859851078084,1.),
  .UNSPECIFIED.);
#1893 = CARTESIAN_POINT('',(28.4,0.827160493827));
#1894 = CARTESIAN_POINT('',(28.253432306017,0.82417823713));
#1895 = CARTESIAN_POINT('',(28.107704541255,0.821238879027));
#1896 = CARTESIAN_POINT('',(27.962820577277,0.818382732162));
#1897 = CARTESIAN_POINT('',(27.818743755026,0.815644522699));
#1898 = CARTESIAN_POINT('',(27.675427395351,0.813053120134));
#1899 = CARTESIAN_POINT('',(27.415281843256,0.80863714221));
#1900 = CARTESIAN_POINT('',(27.298220886085,0.80675776027));
#1901 = CARTESIAN_POINT('',(27.18159541167,0.805007345027));
#1902 = CARTESIAN_POINT('',(27.06535715464,0.803396646629));
#1903 = CARTESIAN_POINT('',(26.949450681834,0.801934360359));
#1904 = CARTESIAN_POINT('',(26.716843362784,0.799305535736));
#1905 = CARTESIAN_POINT('',(26.600149447014,0.798142621424));
#1906 = CARTESIAN_POINT('',(26.483668181254,0.797145972307));
#1907 = CARTESIAN_POINT('',(26.367331959451,0.796321131745));
#1908 = CARTESIAN_POINT('',(26.251071068621,0.795672185386));
#1909 = CARTESIAN_POINT('',(26.074403353726,0.794957638531));
#1910 = CARTESIAN_POINT('',(26.013994222614,0.794761564221));
#1911 = CARTESIAN_POINT('',(25.953576341333,0.79461414686));
#1912 = CARTESIAN_POINT('',(25.893139985148,0.794515689867));
#1913 = CARTESIAN_POINT('',(25.832675622108,0.794466403162));
#1914 = CARTESIAN_POINT('',(25.772173913043,0.794466403162));
#1915 = ( GEOMETRIC_REPRESENTATION_CONTEXT(2) 
PARAMETRIC_REPRESENTATION_CONTEXT() REPRESENTATION_CONTEXT('2D SPACE',''
  ) );
#1916 = PCURVE('',#1206,#1917);
#1917 = DEFINITIONAL_REPRESENTATION('',(#1918),#1941);
#1918 = B_SPLINE_CURVE_WITH_KNOTS('',6,(#1919,#1920,#1921,#1922,#1923,
    #1924,#1925,#1926,#1927,#1928,#1929,#1930,#1931,#1932,#1933,#1934,
    #1935,#1936,#1937,#1938,#1939,#1940),.UNSPECIFIED.,.F.,.F.,(7,5,5,5,
    7),(0.,0.323510654587,0.590139588603,0.859851078084,1.),
  .UNSPECIFIED.);
#1919 = CARTESIAN_POINT('',(34.717025783997,-14.1));
#1920 = CARTESIAN_POINT('',(34.637003439579,-14.07466731215));
#1921 = CARTESIAN_POINT('',(34.558132185229,-14.04081163961));
#1922 = CARTESIAN_POINT('',(34.481493722708,-13.99876120042));
#1923 = CARTESIAN_POINT('',(34.408019852762,-13.94904697821));
#1924 = CARTESIAN_POINT('',(34.338485225249,-13.89231683457));
#1925 = CARTESIAN_POINT('',(34.219992103344,-13.7773487528));
#1926 = CARTESIAN_POINT('',(34.169562994069,-13.72112717914));
#1927 = CARTESIAN_POINT('',(34.122594424403,-13.66102753616));
#1928 = CARTESIAN_POINT('',(34.079374851099,-13.59747564604));
#1929 = CARTESIAN_POINT('',(34.040137593054,-13.53091116646));
#1930 = CARTESIAN_POINT('',(33.969598826372,-13.39184109503));
#1931 = CARTESIAN_POINT('',(33.938394560923,-13.31927621202));
#1932 = CARTESIAN_POINT('',(33.911651658835,-13.24453813438));
#1933 = CARTESIAN_POINT('',(33.889518864016,-13.16808912703));
#1934 = CARTESIAN_POINT('',(33.872105805947,-13.09039463782));
#1935 = CARTESIAN_POINT('',(33.852932501851,-12.97114444967));
#1936 = CARTESIAN_POINT('',(33.847671276027,-12.93015753632));
#1937 = CARTESIAN_POINT('',(33.84371565313,-12.889026106));
#1938 = CARTESIAN_POINT('',(33.84107377479,-12.84781618862));
#1939 = CARTESIAN_POINT('',(33.83975127372,-12.80659422148));
#1940 = CARTESIAN_POINT('',(33.83975127372,-12.76542704932));
#1941 = ( GEOMETRIC_REPRESENTATION_CONTEXT(2) 
PARAMETRIC_REPRESENTATION_CONTEXT() REPRESENTATION_CONTEXT('2D SPACE',''
  ) );
#1942 = ADVANCED_FACE('',(#1943),#1206,.T.);
#1943 = FACE_BOUND('',#1944,.T.);
#1944 = EDGE_LOOP('',(#1945,#1946,#1967,#1993,#2011));
#1945 = ORIENTED_EDGE('',*,*,#1191,.T.);
#1946 = ORIENTED_EDGE('',*,*,#1947,.F.);
#1947 = EDGE_CURVE('',#1948,#1166,#1950,.T.);
#1948 = VERTEX_POINT('',#1949);
#1949 = CARTESIAN_POINT('',(-34.8,6.5,50.8));
#1950 = SURFACE_CURVE('',#1951,(#1955,#1961),.PCURVE_S1.);
#1951 = LINE('',#1952,#1953);
#1952 = CARTESIAN_POINT('',(-34.8,-6.55,50.8));
#1953 = VECTOR('',#1954,1.);
#1954 = DIRECTION('',(-0.,-1.,0.));
#1955 = PCURVE('',#1206,#1956);
#1956 = DEFINITIONAL_REPRESENTATION('',(#1957),#1960);
#1957 = B_SPLINE_CURVE_WITH_KNOTS('',1,(#1958,#1959),.UNSPECIFIED.,.F.,
  .F.,(2,2),(-18.25,7.55),.PIECEWISE_BEZIER_KNOTS.);
#1958 = CARTESIAN_POINT('',(39.354796403996,11.7));
#1959 = CARTESIAN_POINT('',(39.354796403996,-14.1));
#1960 = ( GEOMETRIC_REPRESENTATION_CONTEXT(2) 
PARAMETRIC_REPRESENTATION_CONTEXT() REPRESENTATION_CONTEXT('2D SPACE',''
  ) );
#1961 = PCURVE('',#1180,#1962);
#1962 = DEFINITIONAL_REPRESENTATION('',(#1963),#1966);
#1963 = B_SPLINE_CURVE_WITH_KNOTS('',1,(#1964,#1965),.UNSPECIFIED.,.F.,
  .F.,(2,2),(-18.25,7.55),.PIECEWISE_BEZIER_KNOTS.);
#1964 = CARTESIAN_POINT('',(-16.8,24.8));
#1965 = CARTESIAN_POINT('',(-16.8,-1.));
#1966 = ( GEOMETRIC_REPRESENTATION_CONTEXT(2) 
PARAMETRIC_REPRESENTATION_CONTEXT() REPRESENTATION_CONTEXT('2D SPACE',''
  ) );
#1967 = ORIENTED_EDGE('',*,*,#1968,.T.);
#1968 = EDGE_CURVE('',#1948,#1969,#1971,.T.);
#1969 = VERTEX_POINT('',#1970);
#1970 = CARTESIAN_POINT('',(-39.73280632411,9.583003952569,
    48.333596837945));
#1971 = SURFACE_CURVE('',#1972,(#1976,#1982),.PCURVE_S1.);
#1972 = LINE('',#1973,#1974);
#1973 = CARTESIAN_POINT('',(-15.59238095238,-5.504761904762,
    60.40380952381));
#1974 = VECTOR('',#1975,1.);
#1975 = DIRECTION('',(-0.780720058359,0.487950036474,-0.390360029179));
#1976 = PCURVE('',#1206,#1977);
#1977 = DEFINITIONAL_REPRESENTATION('',(#1978),#1981);
#1978 = B_SPLINE_CURVE_WITH_KNOTS('',1,(#1979,#1980),.UNSPECIFIED.,.F.,
  .F.,(2,2),(24.602440839033,30.92071878168),.PIECEWISE_BEZIER_KNOTS.);
#1979 = CARTESIAN_POINT('',(39.354796403996,6.5));
#1980 = CARTESIAN_POINT('',(33.83975127372,9.583003952569));
#1981 = ( GEOMETRIC_REPRESENTATION_CONTEXT(2) 
PARAMETRIC_REPRESENTATION_CONTEXT() REPRESENTATION_CONTEXT('2D SPACE',''
  ) );
#1982 = PCURVE('',#1983,#1988);
#1983 = PLANE('',#1984);
#1984 = AXIS2_PLACEMENT_3D('',#1985,#1986,#1987);
#1985 = CARTESIAN_POINT('',(0.,-60.,104.));
#1986 = DIRECTION('',(-0.,0.624695047554,0.780868809443));
#1987 = DIRECTION('',(0.,0.780868809443,-0.624695047554));
#1988 = DEFINITIONAL_REPRESENTATION('',(#1989),#1992);
#1989 = B_SPLINE_CURVE_WITH_KNOTS('',1,(#1990,#1991),.UNSPECIFIED.,.F.,
  .F.,(2,2),(24.602440839033,30.92071878168),.PIECEWISE_BEZIER_KNOTS.);
#1990 = CARTESIAN_POINT('',(85.161552357857,34.8));
#1991 = CARTESIAN_POINT('',(89.109723824416,39.732806324111));
#1992 = ( GEOMETRIC_REPRESENTATION_CONTEXT(2) 
PARAMETRIC_REPRESENTATION_CONTEXT() REPRESENTATION_CONTEXT('2D SPACE',''
  ) );
#1993 = ORIENTED_EDGE('',*,*,#1994,.F.);
#1994 = EDGE_CURVE('',#1841,#1969,#1995,.T.);
#1995 = SURFACE_CURVE('',#1996,(#1999,#2005),.PCURVE_S1.);
#1996 = B_SPLINE_CURVE_WITH_KNOTS('',1,(#1997,#1998),.UNSPECIFIED.,.F.,
  .F.,(2,2),(0.,1.),.PIECEWISE_BEZIER_KNOTS.);
#1997 = CARTESIAN_POINT('',(-39.73280632411,-12.76542704932,
    48.333596837945));
#1998 = CARTESIAN_POINT('',(-39.73280632411,10.694280804262,
    48.333596837945));
#1999 = PCURVE('',#1206,#2000);
#2000 = DEFINITIONAL_REPRESENTATION('',(#2001),#2004);
#2001 = B_SPLINE_CURVE_WITH_KNOTS('',1,(#2002,#2003),.UNSPECIFIED.,.F.,
  .F.,(2,2),(0.,1.),.PIECEWISE_BEZIER_KNOTS.);
#2002 = CARTESIAN_POINT('',(33.83975127372,-12.76542704932));
#2003 = CARTESIAN_POINT('',(33.83975127372,10.694280804262));
#2004 = ( GEOMETRIC_REPRESENTATION_CONTEXT(2) 
PARAMETRIC_REPRESENTATION_CONTEXT() REPRESENTATION_CONTEXT('2D SPACE',''
  ) );
#2005 = PCURVE('',#1680,#2006);
#2006 = DEFINITIONAL_REPRESENTATION('',(#2007),#2010);
#2007 = B_SPLINE_CURVE_WITH_KNOTS('',1,(#2008,#2009),.UNSPECIFIED.,.F.,
  .F.,(2,2),(0.,1.),.PIECEWISE_BEZIER_KNOTS.);
#2008 = CARTESIAN_POINT('',(24.8,0.794466403162));
#2009 = CARTESIAN_POINT('',(1.,0.794466403162));
#2010 = ( GEOMETRIC_REPRESENTATION_CONTEXT(2) 
PARAMETRIC_REPRESENTATION_CONTEXT() REPRESENTATION_CONTEXT('2D SPACE',''
  ) );
#2011 = ORIENTED_EDGE('',*,*,#1865,.F.);
#2012 = ADVANCED_FACE('',(#2013),#1180,.T.);
#2013 = FACE_BOUND('',#2014,.T.);
#2014 = EDGE_LOOP('',(#2015,#2016,#2141,#2160));
#2015 = ORIENTED_EDGE('',*,*,#1165,.T.);
#2016 = ORIENTED_EDGE('',*,*,#2017,.T.);
#2017 = EDGE_CURVE('',#1128,#2018,#2020,.T.);
#2018 = VERTEX_POINT('',#2019);
#2019 = CARTESIAN_POINT('',(-28.24213470022,6.5,50.8));
#2020 = SURFACE_CURVE('',#2021,(#2059,#2100),.PCURVE_S1.);
#2021 = B_SPLINE_CURVE_WITH_KNOTS('',6,(#2022,#2023,#2024,#2025,#2026,
    #2027,#2028,#2029,#2030,#2031,#2032,#2033,#2034,#2035,#2036,#2037,
    #2038,#2039,#2040,#2041,#2042,#2043,#2044,#2045,#2046,#2047,#2048,
    #2049,#2050,#2051,#2052,#2053,#2054,#2055,#2056,#2057,#2058),
  .UNSPECIFIED.,.F.,.F.,(7,5,5,5,5,5,5,7),(0.,0.104212370327,
    0.176625007893,0.353421404262,0.57644628926,0.667740908206,
    0.79809267694,1.),.UNSPECIFIED.);
#2022 = CARTESIAN_POINT('',(-32.2076409409,-8.4,50.8));
#2023 = CARTESIAN_POINT('',(-32.34856233316,-8.139428463355,50.8));
#2024 = CARTESIAN_POINT('',(-32.48062063751,-7.874047441784,50.8));
#2025 = CARTESIAN_POINT('',(-32.60378241406,-7.604323626076,50.8));
#2026 = CARTESIAN_POINT('',(-32.71803158806,-7.330702038012,50.8));
#2027 = CARTESIAN_POINT('',(-32.82336520148,-7.053604235951,50.8));
#2028 = CARTESIAN_POINT('',(-32.98678997757,-6.57874322795,50.8));
#2029 = CARTESIAN_POINT('',(-33.04948859166,-6.382573752716,50.8));
#2030 = CARTESIAN_POINT('',(-33.1078870761,-6.185051635513,50.8));
#2031 = CARTESIAN_POINT('',(-33.1619885636,-5.986306396917,50.8));
#2032 = CARTESIAN_POINT('',(-33.21179725055,-5.78646353727,50.8));
#2033 = CARTESIAN_POINT('',(-33.36845886832,-5.095342335012,50.8));
#2034 = CARTESIAN_POINT('',(-33.45403639009,-4.599241140046,50.8));
#2035 = CARTESIAN_POINT('',(-33.5141353153,-4.099075505148,50.8));
#2036 = CARTESIAN_POINT('',(-33.54883087275,-3.596519542408,50.8));
#2037 = CARTESIAN_POINT('',(-33.55820361258,-3.093189563193,50.8));
#2038 = CARTESIAN_POINT('',(-33.52224430061,-1.956688644608,50.8));
#2039 = CARTESIAN_POINT('',(-33.46196989283,-1.324061856306,50.8));
#2040 = CARTESIAN_POINT('',(-33.36159608557,-0.695839564495,50.8));
#2041 = CARTESIAN_POINT('',(-33.22115314374,-7.529543024104E-02,50.8));
#2042 = CARTESIAN_POINT('',(-33.0407289023,0.534123765001,50.8));
#2043 = CARTESIAN_POINT('',(-32.7302273732,1.372203556526,50.8));
#2044 = CARTESIAN_POINT('',(-32.63336122308,1.613141057788,50.8));
#2045 = CARTESIAN_POINT('',(-32.52982447748,1.851338109021,50.8));
#2046 = CARTESIAN_POINT('',(-32.41963150373,2.086525554364,50.8));
#2047 = CARTESIAN_POINT('',(-32.30280288394,2.318422116976,50.8));
#2048 = CARTESIAN_POINT('',(-32.00312379946,2.872723759648,50.8));
#2049 = CARTESIAN_POINT('',(-31.81341342242,3.191401925574,50.8));
#2050 = CARTESIAN_POINT('',(-31.61031761197,3.501921771875,50.8));
#2051 = CARTESIAN_POINT('',(-31.39396315317,3.80336253828,50.8));
#2052 = CARTESIAN_POINT('',(-31.16454078295,4.09474339937,50.8));
#2053 = CARTESIAN_POINT('',(-30.54714417392,4.809193711733,50.8));
#2054 = CARTESIAN_POINT('',(-30.14125404753,5.21676561032,50.8));
#2055 = CARTESIAN_POINT('',(-29.70570506209,5.593875017781,50.8));
#2056 = CARTESIAN_POINT('',(-29.2421634499,5.936295318107,50.8));
#2057 = CARTESIAN_POINT('',(-28.75309403125,6.239664907181,50.8));
#2058 = CARTESIAN_POINT('',(-28.24213470022,6.5,50.8));
#2059 = PCURVE('',#1180,#2060);
#2060 = DEFINITIONAL_REPRESENTATION('',(#2061),#2099);
#2061 = B_SPLINE_CURVE_WITH_KNOTS('',6,(#2062,#2063,#2064,#2065,#2066,
    #2067,#2068,#2069,#2070,#2071,#2072,#2073,#2074,#2075,#2076,#2077,
    #2078,#2079,#2080,#2081,#2082,#2083,#2084,#2085,#2086,#2087,#2088,
    #2089,#2090,#2091,#2092,#2093,#2094,#2095,#2096,#2097,#2098),
  .UNSPECIFIED.,.F.,.F.,(7,5,5,5,5,5,5,7),(0.,0.104212370327,
    0.176625007893,0.353421404262,0.57644628926,0.667740908206,
    0.79809267694,1.),.UNSPECIFIED.);
#2062 = CARTESIAN_POINT('',(-14.2076409409,4.7));
#2063 = CARTESIAN_POINT('',(-14.34856233316,4.960571536645));
#2064 = CARTESIAN_POINT('',(-14.48062063751,5.225952558216));
#2065 = CARTESIAN_POINT('',(-14.60378241406,5.495676373924));
#2066 = CARTESIAN_POINT('',(-14.71803158806,5.769297961988));
#2067 = CARTESIAN_POINT('',(-14.82336520148,6.046395764049));
#2068 = CARTESIAN_POINT('',(-14.98678997757,6.52125677205));
#2069 = CARTESIAN_POINT('',(-15.04948859166,6.717426247284));
#2070 = CARTESIAN_POINT('',(-15.1078870761,6.914948364487));
#2071 = CARTESIAN_POINT('',(-15.1619885636,7.113693603083));
#2072 = CARTESIAN_POINT('',(-15.21179725055,7.31353646273));
#2073 = CARTESIAN_POINT('',(-15.36845886832,8.004657664988));
#2074 = CARTESIAN_POINT('',(-15.45403639009,8.500758859954));
#2075 = CARTESIAN_POINT('',(-15.5141353153,9.000924494852));
#2076 = CARTESIAN_POINT('',(-15.54883087275,9.503480457592));
#2077 = CARTESIAN_POINT('',(-15.55820361258,10.006810436807));
#2078 = CARTESIAN_POINT('',(-15.52224430061,11.143311355392));
#2079 = CARTESIAN_POINT('',(-15.46196989283,11.775938143694));
#2080 = CARTESIAN_POINT('',(-15.36159608557,12.404160435505));
#2081 = CARTESIAN_POINT('',(-15.22115314374,13.024704569759));
#2082 = CARTESIAN_POINT('',(-15.0407289023,13.634123765001));
#2083 = CARTESIAN_POINT('',(-14.7302273732,14.472203556526));
#2084 = CARTESIAN_POINT('',(-14.63336122308,14.713141057788));
#2085 = CARTESIAN_POINT('',(-14.52982447748,14.951338109021));
#2086 = CARTESIAN_POINT('',(-14.41963150373,15.186525554364));
#2087 = CARTESIAN_POINT('',(-14.30280288394,15.418422116976));
#2088 = CARTESIAN_POINT('',(-14.00312379946,15.972723759648));
#2089 = CARTESIAN_POINT('',(-13.81341342242,16.291401925574));
#2090 = CARTESIAN_POINT('',(-13.61031761197,16.601921771875));
#2091 = CARTESIAN_POINT('',(-13.39396315317,16.90336253828));
#2092 = CARTESIAN_POINT('',(-13.16454078295,17.19474339937));
#2093 = CARTESIAN_POINT('',(-12.54714417392,17.909193711733));
#2094 = CARTESIAN_POINT('',(-12.14125404753,18.31676561032));
#2095 = CARTESIAN_POINT('',(-11.70570506209,18.693875017781));
#2096 = CARTESIAN_POINT('',(-11.2421634499,19.036295318107));
#2097 = CARTESIAN_POINT('',(-10.75309403125,19.339664907181));
#2098 = CARTESIAN_POINT('',(-10.24213470022,19.6));
#2099 = ( GEOMETRIC_REPRESENTATION_CONTEXT(2) 
PARAMETRIC_REPRESENTATION_CONTEXT() REPRESENTATION_CONTEXT('2D SPACE',''
  ) );
#2100 = PCURVE('',#1060,#2101);
#2101 = DEFINITIONAL_REPRESENTATION('',(#2102),#2140);
#2102 = B_SPLINE_CURVE_WITH_KNOTS('',6,(#2103,#2104,#2105,#2106,#2107,
    #2108,#2109,#2110,#2111,#2112,#2113,#2114,#2115,#2116,#2117,#2118,
    #2119,#2120,#2121,#2122,#2123,#2124,#2125,#2126,#2127,#2128,#2129,
    #2130,#2131,#2132,#2133,#2134,#2135,#2136,#2137,#2138,#2139),
  .UNSPECIFIED.,.F.,.F.,(7,5,5,5,5,5,5,7),(0.,0.104212370327,
    0.176625007893,0.353421404262,0.57644628926,0.667740908206,
    0.79809267694,1.),.UNSPECIFIED.);
#2103 = CARTESIAN_POINT('',(2.799996504514,0.127490039841));
#2104 = CARTESIAN_POINT('',(2.769437614541,0.127490039841));
#2105 = CARTESIAN_POINT('',(2.739034482347,0.127490039841));
#2106 = CARTESIAN_POINT('',(2.708777300805,0.127490039841));
#2107 = CARTESIAN_POINT('',(2.678655986063,0.127490039841));
#2108 = CARTESIAN_POINT('',(2.648659885122,0.127490039841));
#2109 = CARTESIAN_POINT('',(2.598013503874,0.127490039841));
#2110 = CARTESIAN_POINT('',(2.577304504707,0.127490039841));
#2111 = CARTESIAN_POINT('',(2.556646707859,0.127490039841));
#2112 = CARTESIAN_POINT('',(2.536036277817,0.127490039841));
#2113 = CARTESIAN_POINT('',(2.515469321598,0.127490039841));
#2114 = CARTESIAN_POINT('',(2.444823894489,0.127490039841));
#2115 = CARTESIAN_POINT('',(2.394943454026,0.127490039841));
#2116 = CARTESIAN_POINT('',(2.34523916863,0.127490039841));
#2117 = CARTESIAN_POINT('',(2.29565453112,0.127490039841));
#2118 = CARTESIAN_POINT('',(2.246132601666,0.127490039841));
#2119 = CARTESIAN_POINT('',(2.134139839319,0.127490039841));
#2120 = CARTESIAN_POINT('',(2.071676997818,0.127490039841));
#2121 = CARTESIAN_POINT('',(2.009091985043,0.127490039841));
#2122 = CARTESIAN_POINT('',(1.94627291434,0.127490039841));
#2123 = CARTESIAN_POINT('',(1.883109258349,0.127490039841));
#2124 = CARTESIAN_POINT('',(1.79342650499,0.127490039841));
#2125 = CARTESIAN_POINT('',(1.767300285757,0.127490039841));
#2126 = CARTESIAN_POINT('',(1.741088481442,0.127490039841));
#2127 = CARTESIAN_POINT('',(1.714783637131,0.127490039841));
#2128 = CARTESIAN_POINT('',(1.688378543909,0.127490039841));
#2129 = CARTESIAN_POINT('',(1.624011179129,0.127490039841));
#2130 = CARTESIAN_POINT('',(1.585937923784,0.127490039841));
#2131 = CARTESIAN_POINT('',(1.547625220226,0.127490039841));
#2132 = CARTESIAN_POINT('',(1.509054987184,0.127490039841));
#2133 = CARTESIAN_POINT('',(1.470211634697,0.127490039841));
#2134 = CARTESIAN_POINT('',(1.370471327424,0.127490039841));
#2135 = CARTESIAN_POINT('',(1.30917099143,0.127490039841));
#2136 = CARTESIAN_POINT('',(1.247136633885,0.127490039841));
#2137 = CARTESIAN_POINT('',(1.184355308156,0.127490039841));
#2138 = CARTESIAN_POINT('',(1.120835561306,0.127490039841));
#2139 = CARTESIAN_POINT('',(1.056645079445,0.127490039841));
#2140 = ( GEOMETRIC_REPRESENTATION_CONTEXT(2) 
PARAMETRIC_REPRESENTATION_CONTEXT() REPRESENTATION_CONTEXT('2D SPACE',''
  ) );
#2141 = ORIENTED_EDGE('',*,*,#2142,.T.);
#2142 = EDGE_CURVE('',#2018,#1948,#2143,.T.);
#2143 = SURFACE_CURVE('',#2144,(#2148,#2154),.PCURVE_S1.);
#2144 = LINE('',#2145,#2146);
#2145 = CARTESIAN_POINT('',(-9.,6.5,50.8));
#2146 = VECTOR('',#2147,1.);
#2147 = DIRECTION('',(-1.,-0.,0.));
#2148 = PCURVE('',#1180,#2149);
#2149 = DEFINITIONAL_REPRESENTATION('',(#2150),#2153);
#2150 = B_SPLINE_CURVE_WITH_KNOTS('',1,(#2151,#2152),.UNSPECIFIED.,.F.,
  .F.,(2,2),(8.,25.8),.PIECEWISE_BEZIER_KNOTS.);
#2151 = CARTESIAN_POINT('',(1.,19.6));
#2152 = CARTESIAN_POINT('',(-16.8,19.6));
#2153 = ( GEOMETRIC_REPRESENTATION_CONTEXT(2) 
PARAMETRIC_REPRESENTATION_CONTEXT() REPRESENTATION_CONTEXT('2D SPACE',''
  ) );
#2154 = PCURVE('',#1983,#2155);
#2155 = DEFINITIONAL_REPRESENTATION('',(#2156),#2159);
#2156 = B_SPLINE_CURVE_WITH_KNOTS('',1,(#2157,#2158),.UNSPECIFIED.,.F.,
  .F.,(2,2),(8.,25.8),.PIECEWISE_BEZIER_KNOTS.);
#2157 = CARTESIAN_POINT('',(85.161552357857,17.));
#2158 = CARTESIAN_POINT('',(85.161552357857,34.8));
#2159 = ( GEOMETRIC_REPRESENTATION_CONTEXT(2) 
PARAMETRIC_REPRESENTATION_CONTEXT() REPRESENTATION_CONTEXT('2D SPACE',''
  ) );
#2160 = ORIENTED_EDGE('',*,*,#1947,.T.);
#2161 = ADVANCED_FACE('',(#2162),#1060,.T.);
#2162 = FACE_BOUND('',#2163,.T.);
#2163 = EDGE_LOOP('',(#2164,#2165,#2186,#2187,#2219,#2248,#2276,#2305,
    #2348,#2385,#2414,#2436,#2484));
#2164 = ORIENTED_EDGE('',*,*,#1127,.F.);
#2165 = ORIENTED_EDGE('',*,*,#2166,.T.);
#2166 = EDGE_CURVE('',#1102,#1035,#2167,.T.);
#2167 = SURFACE_CURVE('',#2168,(#2173,#2179),.PCURVE_S1.);
#2168 = ELLIPSE('',#2169,10.4,8.7);
#2169 = AXIS2_PLACEMENT_3D('',#2170,#2171,#2172);
#2170 = CARTESIAN_POINT('',(-25.,-2.9,49.2));
#2171 = DIRECTION('',(0.,-0.,1.));
#2172 = DIRECTION('',(1.110223024625E-16,1.,0.));
#2173 = PCURVE('',#1060,#2174);
#2174 = DEFINITIONAL_REPRESENTATION('',(#2175),#2178);
#2175 = B_SPLINE_CURVE_WITH_KNOTS('',1,(#2176,#2177),.UNSPECIFIED.,.F.,
  .F.,(2,2),(0.,5.592588014176),.PIECEWISE_BEZIER_KNOTS.);
#2176 = CARTESIAN_POINT('',(0.654294640866,0.));
#2177 = CARTESIAN_POINT('',(6.28318530718,0.));
#2178 = ( GEOMETRIC_REPRESENTATION_CONTEXT(2) 
PARAMETRIC_REPRESENTATION_CONTEXT() REPRESENTATION_CONTEXT('2D SPACE',''
  ) );
#2179 = PCURVE('',#1116,#2180);
#2180 = DEFINITIONAL_REPRESENTATION('',(#2181),#2185);
#2181 = ELLIPSE('',#2182,10.4,8.7);
#2182 = AXIS2_PLACEMENT_2D('',#2183,#2184);
#2183 = CARTESIAN_POINT('',(0.,0.));
#2184 = DIRECTION('',(1.,0.));
#2185 = ( GEOMETRIC_REPRESENTATION_CONTEXT(2) 
PARAMETRIC_REPRESENTATION_CONTEXT() REPRESENTATION_CONTEXT('2D SPACE',''
  ) );
#2186 = ORIENTED_EDGE('',*,*,#1034,.T.);
#2187 = ORIENTED_EDGE('',*,*,#2188,.F.);
#2188 = EDGE_CURVE('',#2189,#1009,#2191,.T.);
#2189 = VERTEX_POINT('',#2190);
#2190 = CARTESIAN_POINT('',(-17.,-7.12876707478,50.8));
#2191 = SURFACE_CURVE('',#2192,(#2199,#2209),.PCURVE_S1.);
#2192 = B_SPLINE_CURVE_WITH_KNOTS('',5,(#2193,#2194,#2195,#2196,#2197,
    #2198),.UNSPECIFIED.,.F.,.F.,(6,6),(0.,1.),
  .PIECEWISE_BEZIER_KNOTS.);
#2193 = CARTESIAN_POINT('',(-17.,-7.12876707478,50.8));
#2194 = CARTESIAN_POINT('',(-17.1048463332,-7.390415174552,50.8));
#2195 = CARTESIAN_POINT('',(-17.21789266658,-7.648765492942,50.8));
#2196 = CARTESIAN_POINT('',(-17.3391208176,-7.90342825378,50.8));
#2197 = CARTESIAN_POINT('',(-17.46850170907,-8.153986647955,50.8));
#2198 = CARTESIAN_POINT('',(-17.60598849262,-8.4,50.8));
#2199 = PCURVE('',#1060,#2200);
#2200 = DEFINITIONAL_REPRESENTATION('',(#2201),#2208);
#2201 = B_SPLINE_CURVE_WITH_KNOTS('',5,(#2202,#2203,#2204,#2205,#2206,
    #2207),.UNSPECIFIED.,.F.,.F.,(6,6),(0.,1.),
  .PIECEWISE_BEZIER_KNOTS.);
#2202 = CARTESIAN_POINT('',(4.949115393869,0.127490039841));
#2203 = CARTESIAN_POINT('',(4.920737549762,0.127490039841));
#2204 = CARTESIAN_POINT('',(4.892256913218,0.127490039841));
#2205 = CARTESIAN_POINT('',(4.863662018982,0.127490039841));
#2206 = CARTESIAN_POINT('',(4.834942269308,0.127490039841));
#2207 = CARTESIAN_POINT('',(4.806087342342,0.127490039841));
#2208 = ( GEOMETRIC_REPRESENTATION_CONTEXT(2) 
PARAMETRIC_REPRESENTATION_CONTEXT() REPRESENTATION_CONTEXT('2D SPACE',''
  ) );
#2209 = PCURVE('',#1023,#2210);
#2210 = DEFINITIONAL_REPRESENTATION('',(#2211),#2218);
#2211 = B_SPLINE_CURVE_WITH_KNOTS('',5,(#2212,#2213,#2214,#2215,#2216,
    #2217),.UNSPECIFIED.,.F.,.F.,(6,6),(0.,1.),
  .PIECEWISE_BEZIER_KNOTS.);
#2212 = CARTESIAN_POINT('',(1.,5.97123292522));
#2213 = CARTESIAN_POINT('',(0.895153666797,5.709584825448));
#2214 = CARTESIAN_POINT('',(0.782107333412,5.451234507058));
#2215 = CARTESIAN_POINT('',(0.6608791824,5.19657174622));
#2216 = CARTESIAN_POINT('',(0.531498290929,4.946013352045));
#2217 = CARTESIAN_POINT('',(0.394011507379,4.7));
#2218 = ( GEOMETRIC_REPRESENTATION_CONTEXT(2) 
PARAMETRIC_REPRESENTATION_CONTEXT() REPRESENTATION_CONTEXT('2D SPACE',''
  ) );
#2219 = ORIENTED_EDGE('',*,*,#2220,.F.);
#2220 = EDGE_CURVE('',#2221,#2189,#2223,.T.);
#2221 = VERTEX_POINT('',#2222);
#2222 = CARTESIAN_POINT('',(-17.04,-7.097275198391,49.2));
#2223 = SURFACE_CURVE('',#2224,(#2230,#2239),.PCURVE_S1.);
#2224 = B_SPLINE_CURVE_WITH_KNOTS('',4,(#2225,#2226,#2227,#2228,#2229),
  .UNSPECIFIED.,.F.,.F.,(5,5),(0.,1.),.PIECEWISE_BEZIER_KNOTS.);
#2225 = CARTESIAN_POINT('',(-17.04,-7.097275192725,49.2));
#2226 = CARTESIAN_POINT('',(-17.02999627759,-7.108252235205,
    49.600148896109));
#2227 = CARTESIAN_POINT('',(-17.01999473527,-7.11704426735,
    50.000210589053));
#2228 = CARTESIAN_POINT('',(-17.00999589779,-7.123835582575,
    50.400164088243));
#2229 = CARTESIAN_POINT('',(-17.,-7.12876707478,50.8));
#2230 = PCURVE('',#1060,#2231);
#2231 = DEFINITIONAL_REPRESENTATION('',(#2232),#2238);
#2232 = B_SPLINE_CURVE_WITH_KNOTS('',4,(#2233,#2234,#2235,#2236,#2237),
  .UNSPECIFIED.,.F.,.F.,(5,5),(0.,1.),.PIECEWISE_BEZIER_KNOTS.);
#2233 = CARTESIAN_POINT('',(4.979145239707,0.));
#2234 = CARTESIAN_POINT('',(4.971443537552,3.188437421595E-02));
#2235 = CARTESIAN_POINT('',(4.963879231255,6.376179986063E-02));
#2236 = CARTESIAN_POINT('',(4.956439685635,9.563060471266E-02));
#2237 = CARTESIAN_POINT('',(4.949115393878,0.127490039802));
#2238 = ( GEOMETRIC_REPRESENTATION_CONTEXT(2) 
PARAMETRIC_REPRESENTATION_CONTEXT() REPRESENTATION_CONTEXT('2D SPACE',''
  ) );
#2239 = PCURVE('',#994,#2240);
#2240 = DEFINITIONAL_REPRESENTATION('',(#2241),#2247);
#2241 = B_SPLINE_CURVE_WITH_KNOTS('',4,(#2242,#2243,#2244,#2245,#2246),
  .UNSPECIFIED.,.F.,.F.,(5,5),(0.,1.),.PIECEWISE_BEZIER_KNOTS.);
#2242 = CARTESIAN_POINT('',(6.839848035429,0.866666666667));
#2243 = CARTESIAN_POINT('',(6.869883947294,0.900012408009));
#2244 = CARTESIAN_POINT('',(6.90192876651,0.933350882421));
#2245 = CARTESIAN_POINT('',(6.935766453643,0.966680340687));
#2246 = CARTESIAN_POINT('',(6.97123292522,1.));
#2247 = ( GEOMETRIC_REPRESENTATION_CONTEXT(2) 
PARAMETRIC_REPRESENTATION_CONTEXT() REPRESENTATION_CONTEXT('2D SPACE',''
  ) );
#2248 = ORIENTED_EDGE('',*,*,#2249,.T.);
#2249 = EDGE_CURVE('',#2221,#2250,#2252,.T.);
#2250 = VERTEX_POINT('',#2251);
#2251 = CARTESIAN_POINT('',(-17.04,1.297275198391,49.2));
#2252 = SURFACE_CURVE('',#2253,(#2258,#2264),.PCURVE_S1.);
#2253 = ELLIPSE('',#2254,10.4,8.7);
#2254 = AXIS2_PLACEMENT_3D('',#2255,#2256,#2257);
#2255 = CARTESIAN_POINT('',(-25.,-2.9,49.2));
#2256 = DIRECTION('',(0.,-0.,1.));
#2257 = DIRECTION('',(1.110223024625E-16,1.,0.));
#2258 = PCURVE('',#1060,#2259);
#2259 = DEFINITIONAL_REPRESENTATION('',(#2260),#2263);
#2260 = B_SPLINE_CURVE_WITH_KNOTS('',1,(#2261,#2262),.UNSPECIFIED.,.F.,
  .F.,(2,2),(0.,5.592588014176),.PIECEWISE_BEZIER_KNOTS.);
#2261 = CARTESIAN_POINT('',(0.654294640866,0.));
#2262 = CARTESIAN_POINT('',(6.28318530718,0.));
#2263 = ( GEOMETRIC_REPRESENTATION_CONTEXT(2) 
PARAMETRIC_REPRESENTATION_CONTEXT() REPRESENTATION_CONTEXT('2D SPACE',''
  ) );
#2264 = PCURVE('',#2265,#2270);
#2265 = PLANE('',#2266);
#2266 = AXIS2_PLACEMENT_3D('',#2267,#2268,#2269);
#2267 = CARTESIAN_POINT('',(-25.,-2.9,49.2));
#2268 = DIRECTION('',(0.,-0.,1.));
#2269 = DIRECTION('',(1.110223024625E-16,1.,0.));
#2270 = DEFINITIONAL_REPRESENTATION('',(#2271),#2275);
#2271 = ELLIPSE('',#2272,10.4,8.7);
#2272 = AXIS2_PLACEMENT_2D('',#2273,#2274);
#2273 = CARTESIAN_POINT('',(0.,0.));
#2274 = DIRECTION('',(1.,0.));
#2275 = ( GEOMETRIC_REPRESENTATION_CONTEXT(2) 
PARAMETRIC_REPRESENTATION_CONTEXT() REPRESENTATION_CONTEXT('2D SPACE',''
  ) );
#2276 = ORIENTED_EDGE('',*,*,#2277,.F.);
#2277 = EDGE_CURVE('',#2278,#2250,#2280,.T.);
#2278 = VERTEX_POINT('',#2279);
#2279 = CARTESIAN_POINT('',(-17.,1.597677618734,50.8));
#2280 = SURFACE_CURVE('',#2281,(#2287,#2296),.PCURVE_S1.);
#2281 = B_SPLINE_CURVE_WITH_KNOTS('',4,(#2282,#2283,#2284,#2285,#2286),
  .UNSPECIFIED.,.F.,.F.,(5,5),(0.,1.),.PIECEWISE_BEZIER_KNOTS.);
#2282 = CARTESIAN_POINT('',(-17.,1.597677618734,50.8));
#2283 = CARTESIAN_POINT('',(-17.01003530154,1.525501557693,
    50.398587938334));
#2284 = CARTESIAN_POINT('',(-17.02004857475,1.451447602092,
    49.998057009643));
#2285 = CARTESIAN_POINT('',(-17.03003772764,1.375414497539,
    49.598490894112));
#2286 = CARTESIAN_POINT('',(-17.04,1.297275235087,49.2));
#2287 = PCURVE('',#1060,#2288);
#2288 = DEFINITIONAL_REPRESENTATION('',(#2289),#2295);
#2289 = B_SPLINE_CURVE_WITH_KNOTS('',4,(#2290,#2291,#2292,#2293,#2294),
  .UNSPECIFIED.,.F.,.F.,(5,5),(0.,1.),.PIECEWISE_BEZIER_KNOTS.);
#2290 = CARTESIAN_POINT('',(5.837598166509,0.127490039841));
#2291 = CARTESIAN_POINT('',(5.832208677448,9.550501500673E-02));
#2292 = CARTESIAN_POINT('',(5.826717840804,6.359019997154E-02));
#2293 = CARTESIAN_POINT('',(5.821118210136,3.175226247902E-02));
#2294 = CARTESIAN_POINT('',(5.815400198861,0.));
#2295 = ( GEOMETRIC_REPRESENTATION_CONTEXT(2) 
PARAMETRIC_REPRESENTATION_CONTEXT() REPRESENTATION_CONTEXT('2D SPACE',''
  ) );
#2296 = PCURVE('',#994,#2297);
#2297 = DEFINITIONAL_REPRESENTATION('',(#2298),#2304);
#2298 = B_SPLINE_CURVE_WITH_KNOTS('',4,(#2299,#2300,#2301,#2302,#2303),
  .UNSPECIFIED.,.F.,.F.,(5,5),(0.,1.),.PIECEWISE_BEZIER_KNOTS.);
#2299 = CARTESIAN_POINT('',(15.697677618734,1.));
#2300 = CARTESIAN_POINT('',(15.605251026592,0.966548994861));
#2301 = CARTESIAN_POINT('',(15.510417427929,0.93317141747));
#2302 = CARTESIAN_POINT('',(15.413049099294,0.899874241176));
#2303 = CARTESIAN_POINT('',(15.31298992424,0.866666666667));
#2304 = ( GEOMETRIC_REPRESENTATION_CONTEXT(2) 
PARAMETRIC_REPRESENTATION_CONTEXT() REPRESENTATION_CONTEXT('2D SPACE',''
  ) );
#2305 = ORIENTED_EDGE('',*,*,#2306,.F.);
#2306 = EDGE_CURVE('',#2307,#2278,#2309,.T.);
#2307 = VERTEX_POINT('',#2308);
#2308 = CARTESIAN_POINT('',(-19.35159044385,5.103053333299,50.8));
#2309 = SURFACE_CURVE('',#2310,(#2319,#2331),.PCURVE_S1.);
#2310 = B_SPLINE_CURVE_WITH_KNOTS('',7,(#2311,#2312,#2313,#2314,#2315,
    #2316,#2317,#2318),.UNSPECIFIED.,.F.,.F.,(8,8),(0.,1.),
  .PIECEWISE_BEZIER_KNOTS.);
#2311 = CARTESIAN_POINT('',(-19.35159044385,5.103053333299,50.8));
#2312 = CARTESIAN_POINT('',(-18.91100459516,4.684902359674,50.8));
#2313 = CARTESIAN_POINT('',(-18.50342812461,4.23204067608,50.8));
#2314 = CARTESIAN_POINT('',(-18.13055295053,3.749010945571,50.8));
#2315 = CARTESIAN_POINT('',(-17.79339088558,3.240193468565,50.8));
#2316 = CARTESIAN_POINT('',(-17.49248510882,2.709657598247,50.8));
#2317 = CARTESIAN_POINT('',(-17.22802056458,2.161089545895,50.8));
#2318 = CARTESIAN_POINT('',(-17.,1.597677618734,50.8));
#2319 = PCURVE('',#1060,#2320);
#2320 = DEFINITIONAL_REPRESENTATION('',(#2321),#2330);
#2321 = B_SPLINE_CURVE_WITH_KNOTS('',7,(#2322,#2323,#2324,#2325,#2326,
    #2327,#2328,#2329),.UNSPECIFIED.,.F.,.F.,(8,8),(0.,1.),
  .PIECEWISE_BEZIER_KNOTS.);
#2322 = CARTESIAN_POINT('',(6.28318530718,0.127490039841));
#2323 = CARTESIAN_POINT('',(6.217299911028,0.127490039841));
#2324 = CARTESIAN_POINT('',(6.152228574824,0.127490039841));
#2325 = CARTESIAN_POINT('',(6.087945716244,0.127490039841));
#2326 = CARTESIAN_POINT('',(6.024405951937,0.127490039841));
#2327 = CARTESIAN_POINT('',(5.96155281155,0.127490039841));
#2328 = CARTESIAN_POINT('',(5.899315329396,0.127490039841));
#2329 = CARTESIAN_POINT('',(5.837598166509,0.127490039841));
#2330 = ( GEOMETRIC_REPRESENTATION_CONTEXT(2) 
PARAMETRIC_REPRESENTATION_CONTEXT() REPRESENTATION_CONTEXT('2D SPACE',''
  ) );
#2331 = PCURVE('',#2332,#2337);
#2332 = PLANE('',#2333);
#2333 = AXIS2_PLACEMENT_3D('',#2334,#2335,#2336);
#2334 = CARTESIAN_POINT('',(-18.,-13.1,50.8));
#2335 = DIRECTION('',(0.,-0.,1.));
#2336 = DIRECTION('',(1.,0.,0.));
#2337 = DEFINITIONAL_REPRESENTATION('',(#2338),#2347);
#2338 = B_SPLINE_CURVE_WITH_KNOTS('',7,(#2339,#2340,#2341,#2342,#2343,
    #2344,#2345,#2346),.UNSPECIFIED.,.F.,.F.,(8,8),(0.,1.),
  .PIECEWISE_BEZIER_KNOTS.);
#2339 = CARTESIAN_POINT('',(-1.351590443853,18.203053333299));
#2340 = CARTESIAN_POINT('',(-0.911004595161,17.784902359674));
#2341 = CARTESIAN_POINT('',(-0.50342812461,17.33204067608));
#2342 = CARTESIAN_POINT('',(-0.130552950537,16.849010945571));
#2343 = CARTESIAN_POINT('',(0.206609114412,16.340193468565));
#2344 = CARTESIAN_POINT('',(0.507514891174,15.809657598247));
#2345 = CARTESIAN_POINT('',(0.771979435413,15.261089545895));
#2346 = CARTESIAN_POINT('',(1.,14.697677618734));
#2347 = ( GEOMETRIC_REPRESENTATION_CONTEXT(2) 
PARAMETRIC_REPRESENTATION_CONTEXT() REPRESENTATION_CONTEXT('2D SPACE',''
  ) );
#2348 = ORIENTED_EDGE('',*,*,#2349,.T.);
#2349 = EDGE_CURVE('',#2307,#2350,#2352,.T.);
#2350 = VERTEX_POINT('',#2351);
#2351 = CARTESIAN_POINT('',(-18.62253042232,5.007584934342,61.75));
#2352 = SURFACE_CURVE('',#2353,(#2356,#2363),.PCURVE_S1.);
#2353 = B_SPLINE_CURVE_WITH_KNOTS('',1,(#2354,#2355),.UNSPECIFIED.,.F.,
  .F.,(2,2),(0.,1.),.PIECEWISE_BEZIER_KNOTS.);
#2354 = CARTESIAN_POINT('',(-19.45811976206,5.117003053695,49.2));
#2355 = CARTESIAN_POINT('',(-18.62253042232,5.007584934342,61.75));
#2356 = PCURVE('',#1060,#2357);
#2357 = DEFINITIONAL_REPRESENTATION('',(#2358),#2362);
#2358 = LINE('',#2359,#2360);
#2359 = CARTESIAN_POINT('',(6.28318530718,0.));
#2360 = VECTOR('',#2361,1.);
#2361 = DIRECTION('',(0.,1.));
#2362 = ( GEOMETRIC_REPRESENTATION_CONTEXT(2) 
PARAMETRIC_REPRESENTATION_CONTEXT() REPRESENTATION_CONTEXT('2D SPACE',''
  ) );
#2363 = PCURVE('',#2364,#2379);
#2364 = B_SPLINE_SURFACE_WITH_KNOTS('',6,1,(
    (#2365,#2366)
    ,(#2367,#2368)
    ,(#2369,#2370)
    ,(#2371,#2372)
    ,(#2373,#2374)
    ,(#2375,#2376)
    ,(#2377,#2378
    )),.UNSPECIFIED.,.F.,.F.,.F.,(7,7),(2,2),(5.592588014176,
    6.28318530718),(0.,1.),.PIECEWISE_BEZIER_KNOTS.);
#2365 = CARTESIAN_POINT('',(-19.45811976206,5.117003053695,49.2));
#2366 = CARTESIAN_POINT('',(-18.62253042232,5.007584934342,61.75));
#2367 = CARTESIAN_POINT('',(-20.23003850052,5.879511825742,49.2));
#2368 = CARTESIAN_POINT('',(-19.36957762161,5.523993133616,61.75));
#2369 = CARTESIAN_POINT('',(-21.0900584438,6.5145700273,49.2));
#2370 = CARTESIAN_POINT('',(-20.19160483749,5.931932718236,61.75));
#2371 = CARTESIAN_POINT('',(-22.01977749944,7.003997296385,49.2));
#2372 = CARTESIAN_POINT('',(-21.07262507793,6.220351019899,61.75));
#2373 = CARTESIAN_POINT('',(-22.99726863585,7.334666432937,49.2));
#2374 = CARTESIAN_POINT('',(-21.99396031741,6.382059812713,61.75));
#2375 = CARTESIAN_POINT('',(-23.99863392514,7.5,49.2));
#2376 = CARTESIAN_POINT('',(-22.93544493516,6.414546363001,61.75));
#2377 = CARTESIAN_POINT('',(-25.,7.5,49.2));
#2378 = CARTESIAN_POINT('',(-23.87693009009,6.319838639022,61.75));
#2379 = DEFINITIONAL_REPRESENTATION('',(#2380),#2384);
#2380 = LINE('',#2381,#2382);
#2381 = CARTESIAN_POINT('',(5.592588014176,0.));
#2382 = VECTOR('',#2383,1.);
#2383 = DIRECTION('',(0.,1.));
#2384 = ( GEOMETRIC_REPRESENTATION_CONTEXT(2) 
PARAMETRIC_REPRESENTATION_CONTEXT() REPRESENTATION_CONTEXT('2D SPACE',''
  ) );
#2385 = ORIENTED_EDGE('',*,*,#2386,.F.);
#2386 = EDGE_CURVE('',#2387,#2350,#2389,.T.);
#2387 = VERTEX_POINT('',#2388);
#2388 = CARTESIAN_POINT('',(-23.87693009009,6.319838639022,61.75));
#2389 = SURFACE_CURVE('',#2390,(#2395,#2402),.PCURVE_S1.);
#2390 = ELLIPSE('',#2391,9.240446681582,8.328003100994);
#2391 = AXIS2_PLACEMENT_3D('',#2392,#2393,#2394);
#2392 = CARTESIAN_POINT('',(-23.87693009009,-2.593542548249,61.75));
#2393 = DIRECTION('',(0.,-0.,1.));
#2394 = DIRECTION('',(0.568630483874,0.822593078508,0.));
#2395 = PCURVE('',#1060,#2396);
#2396 = DEFINITIONAL_REPRESENTATION('',(#2397),#2401);
#2397 = LINE('',#2398,#2399);
#2398 = CARTESIAN_POINT('',(0.,1.));
#2399 = VECTOR('',#2400,1.);
#2400 = DIRECTION('',(1.,0.));
#2401 = ( GEOMETRIC_REPRESENTATION_CONTEXT(2) 
PARAMETRIC_REPRESENTATION_CONTEXT() REPRESENTATION_CONTEXT('2D SPACE',''
  ) );
#2402 = PCURVE('',#2403,#2408);
#2403 = PLANE('',#2404);
#2404 = AXIS2_PLACEMENT_3D('',#2405,#2406,#2407);
#2405 = CARTESIAN_POINT('',(-23.87693009009,-2.593542548249,61.75));
#2406 = DIRECTION('',(0.,-0.,1.));
#2407 = DIRECTION('',(0.568630483874,0.822593078508,0.));
#2408 = DEFINITIONAL_REPRESENTATION('',(#2409),#2413);
#2409 = ELLIPSE('',#2410,9.240446681582,8.328003100994);
#2410 = AXIS2_PLACEMENT_2D('',#2411,#2412);
#2411 = CARTESIAN_POINT('',(0.,0.));
#2412 = DIRECTION('',(1.,0.));
#2413 = ( GEOMETRIC_REPRESENTATION_CONTEXT(2) 
PARAMETRIC_REPRESENTATION_CONTEXT() REPRESENTATION_CONTEXT('2D SPACE',''
  ) );
#2414 = ORIENTED_EDGE('',*,*,#2415,.F.);
#2415 = EDGE_CURVE('',#2416,#2387,#2418,.T.);
#2416 = VERTEX_POINT('',#2417);
#2417 = CARTESIAN_POINT('',(-24.92258608295,7.418650733236,
    50.065079413411));
#2418 = SURFACE_CURVE('',#2419,(#2422,#2429),.PCURVE_S1.);
#2419 = B_SPLINE_CURVE_WITH_KNOTS('',1,(#2420,#2421),.UNSPECIFIED.,.F.,
  .F.,(2,2),(0.,1.),.PIECEWISE_BEZIER_KNOTS.);
#2420 = CARTESIAN_POINT('',(-25.,7.5,49.2));
#2421 = CARTESIAN_POINT('',(-23.87693009009,6.319838639022,61.75));
#2422 = PCURVE('',#1060,#2423);
#2423 = DEFINITIONAL_REPRESENTATION('',(#2424),#2428);
#2424 = LINE('',#2425,#2426);
#2425 = CARTESIAN_POINT('',(0.654294640866,0.));
#2426 = VECTOR('',#2427,1.);
#2427 = DIRECTION('',(0.,1.));
#2428 = ( GEOMETRIC_REPRESENTATION_CONTEXT(2) 
PARAMETRIC_REPRESENTATION_CONTEXT() REPRESENTATION_CONTEXT('2D SPACE',''
  ) );
#2429 = PCURVE('',#2364,#2430);
#2430 = DEFINITIONAL_REPRESENTATION('',(#2431),#2435);
#2431 = LINE('',#2432,#2433);
#2432 = CARTESIAN_POINT('',(6.28318530718,0.));
#2433 = VECTOR('',#2434,1.);
#2434 = DIRECTION('',(0.,1.));
#2435 = ( GEOMETRIC_REPRESENTATION_CONTEXT(2) 
PARAMETRIC_REPRESENTATION_CONTEXT() REPRESENTATION_CONTEXT('2D SPACE',''
  ) );
#2436 = ORIENTED_EDGE('',*,*,#2437,.F.);
#2437 = EDGE_CURVE('',#2018,#2416,#2438,.T.);
#2438 = SURFACE_CURVE('',#2439,(#2452,#2468),.PCURVE_S1.);
#2439 = B_SPLINE_CURVE_WITH_KNOTS('',6,(#2440,#2441,#2442,#2443,#2444,
    #2445,#2446,#2447,#2448,#2449,#2450,#2451),.UNSPECIFIED.,.F.,.F.,(7,
    5,7),(0.,0.296526070971,1.),.UNSPECIFIED.);
#2440 = CARTESIAN_POINT('',(-28.24213470022,6.5,50.8));
#2441 = CARTESIAN_POINT('',(-28.10025291018,6.582772901819,
    50.733781678545));
#2442 = CARTESIAN_POINT('',(-27.95514725392,6.662157983853,
    50.670273612918));
#2443 = CARTESIAN_POINT('',(-27.80684625946,6.737916071203,
    50.609667143038));
#2444 = CARTESIAN_POINT('',(-27.65541065384,6.809793871542,
    50.552164902766));
#2445 = CARTESIAN_POINT('',(-27.50094204446,6.87753502306,
    50.497971981552));
#2446 = CARTESIAN_POINT('',(-26.97029580621,7.091196233797,
    50.327043012963));
#2447 = CARTESIAN_POINT('',(-26.58034436558,7.216997843818,
    50.226401724946));
#2448 = CARTESIAN_POINT('',(-26.17650673415,7.314545902977,
    50.148363277618));
#2449 = CARTESIAN_POINT('',(-25.76237333901,7.381128362566,
    50.095097309947));
#2450 = CARTESIAN_POINT('',(-25.34249147657,7.415504055104,
    50.067596755917));
#2451 = CARTESIAN_POINT('',(-24.92258608295,7.418650733236,
    50.065079413411));
#2452 = PCURVE('',#1060,#2453);
#2453 = DEFINITIONAL_REPRESENTATION('',(#2454),#2467);
#2454 = B_SPLINE_CURVE_WITH_KNOTS('',6,(#2455,#2456,#2457,#2458,#2459,
    #2460,#2461,#2462,#2463,#2464,#2465,#2466),.UNSPECIFIED.,.F.,.F.,(7,
    5,7),(0.,0.296526070971,1.),.UNSPECIFIED.);
#2455 = CARTESIAN_POINT('',(1.056645079445,0.127490039841));
#2456 = CARTESIAN_POINT('',(1.038072948193,0.122213679565));
#2457 = CARTESIAN_POINT('',(1.019301013455,0.11715327593));
#2458 = CARTESIAN_POINT('',(1.000330574477,0.112324075142));
#2459 = CARTESIAN_POINT('',(0.98116571341,0.107742223328));
#2460 = CARTESIAN_POINT('',(0.961813934637,0.103424062275));
#2461 = CARTESIAN_POINT('',(0.895960937363,8.98042241404E-02));
#2462 = CARTESIAN_POINT('',(0.848594089386,8.178499800357E-02));
#2463 = CARTESIAN_POINT('',(0.800438258587,7.556679502926E-02));
#2464 = CARTESIAN_POINT('',(0.751767245129,7.132249481645E-02));
#2465 = CARTESIAN_POINT('',(0.702902981283,6.913121561083E-02));
#2466 = CARTESIAN_POINT('',(0.654294640866,6.893063055068E-02));
#2467 = ( GEOMETRIC_REPRESENTATION_CONTEXT(2) 
PARAMETRIC_REPRESENTATION_CONTEXT() REPRESENTATION_CONTEXT('2D SPACE',''
  ) );
#2468 = PCURVE('',#1983,#2469);
#2469 = DEFINITIONAL_REPRESENTATION('',(#2470),#2483);
#2470 = B_SPLINE_CURVE_WITH_KNOTS('',6,(#2471,#2472,#2473,#2474,#2475,
    #2476,#2477,#2478,#2479,#2480,#2481,#2482),.UNSPECIFIED.,.F.,.F.,(7,
    5,7),(0.,0.296526070971,1.),.UNSPECIFIED.);
#2471 = CARTESIAN_POINT('',(85.161552357857,28.242134700229));
#2472 = CARTESIAN_POINT('',(85.267553392625,28.100252910189));
#2473 = CARTESIAN_POINT('',(85.369215901197,27.955147253928));
#2474 = CARTESIAN_POINT('',(85.466233590255,27.806846259463));
#2475 = CARTESIAN_POINT('',(85.558282087353,27.655410653842));
#2476 = CARTESIAN_POINT('',(85.645033089184,27.50094204446));
#2477 = CARTESIAN_POINT('',(85.918652944597,26.970295806211));
#2478 = CARTESIAN_POINT('',(86.079757612245,26.580344365587));
#2479 = CARTESIAN_POINT('',(86.204680080628,26.17650673415));
#2480 = CARTESIAN_POINT('',(86.289947232784,25.762373339018));
#2481 = CARTESIAN_POINT('',(86.333969598798,25.342491476572));
#2482 = CARTESIAN_POINT('',(86.337999313001,24.922586082957));
#2483 = ( GEOMETRIC_REPRESENTATION_CONTEXT(2) 
PARAMETRIC_REPRESENTATION_CONTEXT() REPRESENTATION_CONTEXT('2D SPACE',''
  ) );
#2484 = ORIENTED_EDGE('',*,*,#2017,.F.);
#2485 = ADVANCED_FACE('',(#2486),#1116,.F.);
#2486 = FACE_BOUND('',#2487,.F.);
#2487 = EDGE_LOOP('',(#2488,#2489));
#2488 = ORIENTED_EDGE('',*,*,#1101,.T.);
#2489 = ORIENTED_EDGE('',*,*,#2166,.T.);
#2490 = ADVANCED_FACE('',(#2491),#1023,.T.);
#2491 = FACE_BOUND('',#2492,.T.);
#2492 = EDGE_LOOP('',(#2493,#2494,#2515));
#2493 = ORIENTED_EDGE('',*,*,#1008,.T.);
#2494 = ORIENTED_EDGE('',*,*,#2495,.T.);
#2495 = EDGE_CURVE('',#975,#2189,#2496,.T.);
#2496 = SURFACE_CURVE('',#2497,(#2501,#2508),.PCURVE_S1.);
#2497 = LINE('',#2498,#2499);
#2498 = CARTESIAN_POINT('',(-17.,-14.1,50.8));
#2499 = VECTOR('',#2500,1.);
#2500 = DIRECTION('',(0.,1.,0.));
#2501 = PCURVE('',#1023,#2502);
#2502 = DEFINITIONAL_REPRESENTATION('',(#2503),#2507);
#2503 = LINE('',#2504,#2505);
#2504 = CARTESIAN_POINT('',(1.,-1.));
#2505 = VECTOR('',#2506,1.);
#2506 = DIRECTION('',(0.,1.));
#2507 = ( GEOMETRIC_REPRESENTATION_CONTEXT(2) 
PARAMETRIC_REPRESENTATION_CONTEXT() REPRESENTATION_CONTEXT('2D SPACE',''
  ) );
#2508 = PCURVE('',#994,#2509);
#2509 = DEFINITIONAL_REPRESENTATION('',(#2510),#2514);
#2510 = LINE('',#2511,#2512);
#2511 = CARTESIAN_POINT('',(0.,1.));
#2512 = VECTOR('',#2513,1.);
#2513 = DIRECTION('',(1.,0.));
#2514 = ( GEOMETRIC_REPRESENTATION_CONTEXT(2) 
PARAMETRIC_REPRESENTATION_CONTEXT() REPRESENTATION_CONTEXT('2D SPACE',''
  ) );
#2515 = ORIENTED_EDGE('',*,*,#2188,.T.);
#2516 = ADVANCED_FACE('',(#2517),#994,.T.);
#2517 = FACE_BOUND('',#2518,.T.);
#2518 = EDGE_LOOP('',(#2519,#2539,#2540,#2562,#2591,#2612,#2613,#2631,
    #2632,#2633));
#2519 = ORIENTED_EDGE('',*,*,#2520,.F.);
#2520 = EDGE_CURVE('',#1403,#893,#2521,.T.);
#2521 = SURFACE_CURVE('',#2522,(#2525,#2532),.PCURVE_S1.);
#2522 = B_SPLINE_CURVE_WITH_KNOTS('',1,(#2523,#2524),.UNSPECIFIED.,.F.,
  .F.,(2,2),(0.,1.),.PIECEWISE_BEZIER_KNOTS.);
#2523 = CARTESIAN_POINT('',(-17.3,-11.47217391304,38.8));
#2524 = CARTESIAN_POINT('',(-17.,-13.1,50.8));
#2525 = PCURVE('',#994,#2526);
#2526 = DEFINITIONAL_REPRESENTATION('',(#2527),#2531);
#2527 = LINE('',#2528,#2529);
#2528 = CARTESIAN_POINT('',(1.,0.));
#2529 = VECTOR('',#2530,1.);
#2530 = DIRECTION('',(0.,1.));
#2531 = ( GEOMETRIC_REPRESENTATION_CONTEXT(2) 
PARAMETRIC_REPRESENTATION_CONTEXT() REPRESENTATION_CONTEXT('2D SPACE',''
  ) );
#2532 = PCURVE('',#936,#2533);
#2533 = DEFINITIONAL_REPRESENTATION('',(#2534),#2538);
#2534 = LINE('',#2535,#2536);
#2535 = CARTESIAN_POINT('',(3.627826086957,0.));
#2536 = VECTOR('',#2537,1.);
#2537 = DIRECTION('',(0.,1.));
#2538 = ( GEOMETRIC_REPRESENTATION_CONTEXT(2) 
PARAMETRIC_REPRESENTATION_CONTEXT() REPRESENTATION_CONTEXT('2D SPACE',''
  ) );
#2539 = ORIENTED_EDGE('',*,*,#1425,.T.);
#2540 = ORIENTED_EDGE('',*,*,#2541,.T.);
#2541 = EDGE_CURVE('',#1426,#2542,#2544,.T.);
#2542 = VERTEX_POINT('',#2543);
#2543 = CARTESIAN_POINT('',(-17.08384446244,10.692223122324,
    47.446221502141));
#2544 = SURFACE_CURVE('',#2545,(#2548,#2555),.PCURVE_S1.);
#2545 = B_SPLINE_CURVE_WITH_KNOTS('',1,(#2546,#2547),.UNSPECIFIED.,.F.,
  .F.,(2,2),(0.,1.),.PIECEWISE_BEZIER_KNOTS.);
#2546 = CARTESIAN_POINT('',(-17.3,10.672173913043,38.8));
#2547 = CARTESIAN_POINT('',(-17.,10.7,50.8));
#2548 = PCURVE('',#994,#2549);
#2549 = DEFINITIONAL_REPRESENTATION('',(#2550),#2554);
#2550 = LINE('',#2551,#2552);
#2551 = CARTESIAN_POINT('',(24.8,0.));
#2552 = VECTOR('',#2553,1.);
#2553 = DIRECTION('',(0.,1.));
#2554 = ( GEOMETRIC_REPRESENTATION_CONTEXT(2) 
PARAMETRIC_REPRESENTATION_CONTEXT() REPRESENTATION_CONTEXT('2D SPACE',''
  ) );
#2555 = PCURVE('',#1463,#2556);
#2556 = DEFINITIONAL_REPRESENTATION('',(#2557),#2561);
#2557 = LINE('',#2558,#2559);
#2558 = CARTESIAN_POINT('',(25.772173913043,0.));
#2559 = VECTOR('',#2560,1.);
#2560 = DIRECTION('',(0.,1.));
#2561 = ( GEOMETRIC_REPRESENTATION_CONTEXT(2) 
PARAMETRIC_REPRESENTATION_CONTEXT() REPRESENTATION_CONTEXT('2D SPACE',''
  ) );
#2562 = ORIENTED_EDGE('',*,*,#2563,.T.);
#2563 = EDGE_CURVE('',#2542,#2564,#2566,.T.);
#2564 = VERTEX_POINT('',#2565);
#2565 = CARTESIAN_POINT('',(-17.,6.5,50.8));
#2566 = SURFACE_CURVE('',#2567,(#2573,#2582),.PCURVE_S1.);
#2567 = B_SPLINE_CURVE_WITH_KNOTS('',4,(#2568,#2569,#2570,#2571,#2572),
  .UNSPECIFIED.,.F.,.F.,(5,5),(0.,1.),.PIECEWISE_BEZIER_KNOTS.);
#2568 = CARTESIAN_POINT('',(-17.08384446244,10.692223122324,
    47.446221502141));
#2569 = CARTESIAN_POINT('',(-17.06304030803,9.652015401911,
    48.278387678471));
#2570 = CARTESIAN_POINT('',(-17.04213018427,8.606509213584,
    49.114792629133));
#2571 = CARTESIAN_POINT('',(-17.02111606802,7.555803401457,
    49.955357278835));
#2572 = CARTESIAN_POINT('',(-17.,6.5,50.8));
#2573 = PCURVE('',#994,#2574);
#2574 = DEFINITIONAL_REPRESENTATION('',(#2575),#2581);
#2575 = B_SPLINE_CURVE_WITH_KNOTS('',4,(#2576,#2577,#2578,#2579,#2580),
  .UNSPECIFIED.,.F.,.F.,(5,5),(0.,1.),.PIECEWISE_BEZIER_KNOTS.);
#2576 = CARTESIAN_POINT('',(24.8,0.720518458512));
#2577 = CARTESIAN_POINT('',(23.737199444095,0.789865639873));
#2578 = CARTESIAN_POINT('',(22.682928749517,0.859566052428));
#2579 = CARTESIAN_POINT('',(21.637196779193,0.92961310657));
#2580 = CARTESIAN_POINT('',(20.6,1.));
#2581 = ( GEOMETRIC_REPRESENTATION_CONTEXT(2) 
PARAMETRIC_REPRESENTATION_CONTEXT() REPRESENTATION_CONTEXT('2D SPACE',''
  ) );
#2582 = PCURVE('',#1983,#2583);
#2583 = DEFINITIONAL_REPRESENTATION('',(#2584),#2590);
#2584 = B_SPLINE_CURVE_WITH_KNOTS('',4,(#2585,#2586,#2587,#2588,#2589),
  .UNSPECIFIED.,.F.,.F.,(5,5),(0.,1.),.PIECEWISE_BEZIER_KNOTS.);
#2585 = CARTESIAN_POINT('',(90.530217454512,17.083844462446));
#2586 = CARTESIAN_POINT('',(89.198101601205,17.063040308038));
#2587 = CARTESIAN_POINT('',(87.859200398232,17.042130184272));
#2588 = CARTESIAN_POINT('',(86.513640427823,17.021116068029));
#2589 = CARTESIAN_POINT('',(85.161552357857,17.));
#2590 = ( GEOMETRIC_REPRESENTATION_CONTEXT(2) 
PARAMETRIC_REPRESENTATION_CONTEXT() REPRESENTATION_CONTEXT('2D SPACE',''
  ) );
#2591 = ORIENTED_EDGE('',*,*,#2592,.F.);
#2592 = EDGE_CURVE('',#2278,#2564,#2593,.T.);
#2593 = SURFACE_CURVE('',#2594,(#2598,#2605),.PCURVE_S1.);
#2594 = LINE('',#2595,#2596);
#2595 = CARTESIAN_POINT('',(-17.,-14.1,50.8));
#2596 = VECTOR('',#2597,1.);
#2597 = DIRECTION('',(0.,1.,0.));
#2598 = PCURVE('',#994,#2599);
#2599 = DEFINITIONAL_REPRESENTATION('',(#2600),#2604);
#2600 = LINE('',#2601,#2602);
#2601 = CARTESIAN_POINT('',(0.,1.));
#2602 = VECTOR('',#2603,1.);
#2603 = DIRECTION('',(1.,0.));
#2604 = ( GEOMETRIC_REPRESENTATION_CONTEXT(2) 
PARAMETRIC_REPRESENTATION_CONTEXT() REPRESENTATION_CONTEXT('2D SPACE',''
  ) );
#2605 = PCURVE('',#2332,#2606);
#2606 = DEFINITIONAL_REPRESENTATION('',(#2607),#2611);
#2607 = LINE('',#2608,#2609);
#2608 = CARTESIAN_POINT('',(1.,-1.));
#2609 = VECTOR('',#2610,1.);
#2610 = DIRECTION('',(0.,1.));
#2611 = ( GEOMETRIC_REPRESENTATION_CONTEXT(2) 
PARAMETRIC_REPRESENTATION_CONTEXT() REPRESENTATION_CONTEXT('2D SPACE',''
  ) );
#2612 = ORIENTED_EDGE('',*,*,#2277,.T.);
#2613 = ORIENTED_EDGE('',*,*,#2614,.T.);
#2614 = EDGE_CURVE('',#2250,#2221,#2615,.T.);
#2615 = SURFACE_CURVE('',#2616,(#2619,#2625),.PCURVE_S1.);
#2616 = B_SPLINE_CURVE_WITH_KNOTS('',1,(#2617,#2618),.UNSPECIFIED.,.F.,
  .F.,(2,2),(0.,1.),.PIECEWISE_BEZIER_KNOTS.);
#2617 = CARTESIAN_POINT('',(-17.04,7.5,49.2));
#2618 = CARTESIAN_POINT('',(-17.04,-12.88295652173,49.2));
#2619 = PCURVE('',#994,#2620);
#2620 = DEFINITIONAL_REPRESENTATION('',(#2621),#2624);
#2621 = B_SPLINE_CURVE_WITH_KNOTS('',1,(#2622,#2623),.UNSPECIFIED.,.F.,
  .F.,(2,2),(0.,1.),.PIECEWISE_BEZIER_KNOTS.);
#2622 = CARTESIAN_POINT('',(21.573785839672,0.866666666667));
#2623 = CARTESIAN_POINT('',(1.,0.866666666667));
#2624 = ( GEOMETRIC_REPRESENTATION_CONTEXT(2) 
PARAMETRIC_REPRESENTATION_CONTEXT() REPRESENTATION_CONTEXT('2D SPACE',''
  ) );
#2625 = PCURVE('',#2265,#2626);
#2626 = DEFINITIONAL_REPRESENTATION('',(#2627),#2630);
#2627 = B_SPLINE_CURVE_WITH_KNOTS('',1,(#2628,#2629),.UNSPECIFIED.,.F.,
  .F.,(2,2),(0.,1.),.PIECEWISE_BEZIER_KNOTS.);
#2628 = CARTESIAN_POINT('',(10.4,-7.96));
#2629 = CARTESIAN_POINT('',(-9.982956521739,-7.96));
#2630 = ( GEOMETRIC_REPRESENTATION_CONTEXT(2) 
PARAMETRIC_REPRESENTATION_CONTEXT() REPRESENTATION_CONTEXT('2D SPACE',''
  ) );
#2631 = ORIENTED_EDGE('',*,*,#2220,.T.);
#2632 = ORIENTED_EDGE('',*,*,#2495,.F.);
#2633 = ORIENTED_EDGE('',*,*,#974,.T.);
#2634 = ADVANCED_FACE('',(#2635),#936,.T.);
#2635 = FACE_BOUND('',#2636,.T.);
#2636 = EDGE_LOOP('',(#2637,#2638,#2639,#2640));
#2637 = ORIENTED_EDGE('',*,*,#1308,.F.);
#2638 = ORIENTED_EDGE('',*,*,#1402,.T.);
#2639 = ORIENTED_EDGE('',*,*,#2520,.T.);
#2640 = ORIENTED_EDGE('',*,*,#892,.T.);
#2641 = ADVANCED_FACE('',(#2642),#1680,.T.);
#2642 = FACE_BOUND('',#2643,.T.);
#2643 = EDGE_LOOP('',(#2644,#2666,#2667,#2668,#2669));
#2644 = ORIENTED_EDGE('',*,*,#2645,.F.);
#2645 = EDGE_CURVE('',#1625,#2646,#2648,.T.);
#2646 = VERTEX_POINT('',#2647);
#2647 = CARTESIAN_POINT('',(-39.63667399606,10.692223122324,
    47.446221502141));
#2648 = SURFACE_CURVE('',#2649,(#2652,#2659),.PCURVE_S1.);
#2649 = B_SPLINE_CURVE_WITH_KNOTS('',1,(#2650,#2651),.UNSPECIFIED.,.F.,
  .F.,(2,2),(0.,1.),.PIECEWISE_BEZIER_KNOTS.);
#2650 = CARTESIAN_POINT('',(-38.7,10.672173913043,38.8));
#2651 = CARTESIAN_POINT('',(-40.,10.7,50.8));
#2652 = PCURVE('',#1680,#2653);
#2653 = DEFINITIONAL_REPRESENTATION('',(#2654),#2658);
#2654 = LINE('',#2655,#2656);
#2655 = CARTESIAN_POINT('',(1.,0.));
#2656 = VECTOR('',#2657,1.);
#2657 = DIRECTION('',(0.,1.));
#2658 = ( GEOMETRIC_REPRESENTATION_CONTEXT(2) 
PARAMETRIC_REPRESENTATION_CONTEXT() REPRESENTATION_CONTEXT('2D SPACE',''
  ) );
#2659 = PCURVE('',#1640,#2660);
#2660 = DEFINITIONAL_REPRESENTATION('',(#2661),#2665);
#2661 = LINE('',#2662,#2663);
#2662 = CARTESIAN_POINT('',(3.627826086957,0.));
#2663 = VECTOR('',#2664,1.);
#2664 = DIRECTION('',(0.,1.));
#2665 = ( GEOMETRIC_REPRESENTATION_CONTEXT(2) 
PARAMETRIC_REPRESENTATION_CONTEXT() REPRESENTATION_CONTEXT('2D SPACE',''
  ) );
#2666 = ORIENTED_EDGE('',*,*,#1664,.T.);
#2667 = ORIENTED_EDGE('',*,*,#1840,.T.);
#2668 = ORIENTED_EDGE('',*,*,#1994,.T.);
#2669 = ORIENTED_EDGE('',*,*,#2670,.T.);
#2670 = EDGE_CURVE('',#1969,#2646,#2671,.T.);
#2671 = SURFACE_CURVE('',#2672,(#2678,#2687),.PCURVE_S1.);
#2672 = B_SPLINE_CURVE_WITH_KNOTS('',4,(#2673,#2674,#2675,#2676,#2677),
  .UNSPECIFIED.,.F.,.F.,(5,5),(0.,1.),.PIECEWISE_BEZIER_KNOTS.);
#2673 = CARTESIAN_POINT('',(-39.73280710411,9.582994952569,
    48.333604037945));
#2674 = CARTESIAN_POINT('',(-39.70872552458,9.860859331722,
    48.111312534623));
#2675 = CARTESIAN_POINT('',(-39.68467603834,10.138353403665,
    47.889317277068));
#2676 = CARTESIAN_POINT('',(-39.66065880836,10.415475288119,
    47.667619769505));
#2677 = CARTESIAN_POINT('',(-39.63667399606,10.692223122324,
    47.446221502141));
#2678 = PCURVE('',#1680,#2679);
#2679 = DEFINITIONAL_REPRESENTATION('',(#2680),#2686);
#2680 = B_SPLINE_CURVE_WITH_KNOTS('',4,(#2681,#2682,#2683,#2684,#2685),
  .UNSPECIFIED.,.F.,.F.,(5,5),(0.,1.),.PIECEWISE_BEZIER_KNOTS.);
#2681 = CARTESIAN_POINT('',(2.127405452479,0.794467003162));
#2682 = CARTESIAN_POINT('',(1.846461520116,0.775942711219));
#2683 = CARTESIAN_POINT('',(1.564912562116,0.757443106422));
#2684 = CARTESIAN_POINT('',(1.282758670472,0.738968314125));
#2685 = CARTESIAN_POINT('',(1.,0.720518458512));
#2686 = ( GEOMETRIC_REPRESENTATION_CONTEXT(2) 
PARAMETRIC_REPRESENTATION_CONTEXT() REPRESENTATION_CONTEXT('2D SPACE',''
  ) );
#2687 = PCURVE('',#1983,#2688);
#2688 = DEFINITIONAL_REPRESENTATION('',(#2689),#2695);
#2689 = B_SPLINE_CURVE_WITH_KNOTS('',4,(#2690,#2691,#2692,#2693,#2694),
  .UNSPECIFIED.,.F.,.F.,(5,5),(0.,1.),.PIECEWISE_BEZIER_KNOTS.);
#2690 = CARTESIAN_POINT('',(89.109712298793,39.732807104111));
#2691 = CARTESIAN_POINT('',(89.465552326967,39.708725524584));
#2692 = CARTESIAN_POINT('',(89.820918130528,39.684676038349));
#2693 = CARTESIAN_POINT('',(90.175807301541,39.660658808363));
#2694 = CARTESIAN_POINT('',(90.530217454512,39.636673996065));
#2695 = ( GEOMETRIC_REPRESENTATION_CONTEXT(2) 
PARAMETRIC_REPRESENTATION_CONTEXT() REPRESENTATION_CONTEXT('2D SPACE',''
  ) );
#2696 = ADVANCED_FACE('',(#2697),#1640,.T.);
#2697 = FACE_BOUND('',#2698,.T.);
#2698 = EDGE_LOOP('',(#2699,#2721,#2722,#2723));
#2699 = ORIENTED_EDGE('',*,*,#2700,.F.);
#2700 = EDGE_CURVE('',#1585,#2701,#2703,.T.);
#2701 = VERTEX_POINT('',#2702);
#2702 = CARTESIAN_POINT('',(-38.88358208955,12.320895522388,
    46.14328358209));
#2703 = SURFACE_CURVE('',#2704,(#2707,#2714),.PCURVE_S1.);
#2704 = B_SPLINE_CURVE_WITH_KNOTS('',1,(#2705,#2706),.UNSPECIFIED.,.F.,
  .F.,(2,2),(0.,1.),.PIECEWISE_BEZIER_KNOTS.);
#2705 = CARTESIAN_POINT('',(-38.7,13.3,38.8));
#2706 = CARTESIAN_POINT('',(-39.,11.7,50.8));
#2707 = PCURVE('',#1640,#2708);
#2708 = DEFINITIONAL_REPRESENTATION('',(#2709),#2713);
#2709 = LINE('',#2710,#2711);
#2710 = CARTESIAN_POINT('',(1.,0.));
#2711 = VECTOR('',#2712,1.);
#2712 = DIRECTION('',(0.,1.));
#2713 = ( GEOMETRIC_REPRESENTATION_CONTEXT(2) 
PARAMETRIC_REPRESENTATION_CONTEXT() REPRESENTATION_CONTEXT('2D SPACE',''
  ) );
#2714 = PCURVE('',#1601,#2715);
#2715 = DEFINITIONAL_REPRESENTATION('',(#2716),#2720);
#2716 = LINE('',#2717,#2718);
#2717 = CARTESIAN_POINT('',(22.,0.));
#2718 = VECTOR('',#2719,1.);
#2719 = DIRECTION('',(0.,1.));
#2720 = ( GEOMETRIC_REPRESENTATION_CONTEXT(2) 
PARAMETRIC_REPRESENTATION_CONTEXT() REPRESENTATION_CONTEXT('2D SPACE',''
  ) );
#2721 = ORIENTED_EDGE('',*,*,#1624,.T.);
#2722 = ORIENTED_EDGE('',*,*,#2645,.T.);
#2723 = ORIENTED_EDGE('',*,*,#2724,.T.);
#2724 = EDGE_CURVE('',#2646,#2701,#2725,.T.);
#2725 = SURFACE_CURVE('',#2726,(#2745,#2767),.PCURVE_S1.);
#2726 = B_SPLINE_CURVE_WITH_KNOTS('',5,(#2727,#2728,#2729,#2730,#2731,
    #2732,#2733,#2734,#2735,#2736,#2737,#2738,#2739,#2740,#2741,#2742,
    #2743,#2744),.UNSPECIFIED.,.F.,.F.,(6,4,4,4,6),(0.,0.259528952864,
    0.515377829297,0.764070888874,1.),.UNSPECIFIED.);
#2727 = CARTESIAN_POINT('',(-39.63667399606,10.692223122324,
    47.446221502141));
#2728 = CARTESIAN_POINT('',(-39.62851906659,10.78631846232,
    47.370945230144));
#2729 = CARTESIAN_POINT('',(-39.61466577289,10.88073318871,
    47.295413449032));
#2730 = CARTESIAN_POINT('',(-39.59553204328,10.974943048254,
    47.220045561397));
#2731 = CARTESIAN_POINT('',(-39.57155348522,11.068515650898,
    47.145187479282));
#2732 = CARTESIAN_POINT('',(-39.51516455202,11.25233301157,
    46.998133590744));
#2733 = CARTESIAN_POINT('',(-39.48287962738,11.342602836047,
    46.925917731162));
#2734 = CARTESIAN_POINT('',(-39.44671462919,11.431534319905,
    46.854772544076));
#2735 = CARTESIAN_POINT('',(-39.4070823887,11.518807674795,
    46.784953860164));
#2736 = CARTESIAN_POINT('',(-39.32293863767,11.687044590967,
    46.650364327226));
#2737 = CARTESIAN_POINT('',(-39.27859575696,11.76811403789,
    46.585508769688));
#2738 = CARTESIAN_POINT('',(-39.2317818974,11.847049165125,46.5223606679
    ));
#2739 = CARTESIAN_POINT('',(-39.18291786446,11.923570107832,
    46.461143913734));
#2740 = CARTESIAN_POINT('',(-39.08463954939,12.067433624283,
    46.346053100573));
#2741 = CARTESIAN_POINT('',(-39.03538348476,12.135043865396,
    46.291964907683));
#2742 = CARTESIAN_POINT('',(-38.98512714984,12.199989043784,
    46.240008764973));
#2743 = CARTESIAN_POINT('',(-38.93433962289,12.26201673653,
    46.190386610776));
#2744 = CARTESIAN_POINT('',(-38.88358208955,12.320895522388,
    46.14328358209));
#2745 = PCURVE('',#1640,#2746);
#2746 = DEFINITIONAL_REPRESENTATION('',(#2747),#2766);
#2747 = B_SPLINE_CURVE_WITH_KNOTS('',5,(#2748,#2749,#2750,#2751,#2752,
    #2753,#2754,#2755,#2756,#2757,#2758,#2759,#2760,#2761,#2762,#2763,
    #2764,#2765),.UNSPECIFIED.,.F.,.F.,(6,4,4,4,6),(0.,0.259528952864,
    0.515377829297,0.764070888874,1.),.UNSPECIFIED.);
#2748 = CARTESIAN_POINT('',(3.627826086957,0.720518458512));
#2749 = CARTESIAN_POINT('',(3.495084324106,0.714245435845));
#2750 = CARTESIAN_POINT('',(3.363070973763,0.707951120753));
#2751 = CARTESIAN_POINT('',(3.231465045845,0.70167046345));
#2752 = CARTESIAN_POINT('',(3.099962010932,0.69543228994));
#2753 = CARTESIAN_POINT('',(2.838389188737,0.683177799229));
#2754 = CARTESIAN_POINT('',(2.708330135214,0.67715981093));
#2755 = CARTESIAN_POINT('',(2.577759586801,0.67123104534));
#2756 = CARTESIAN_POINT('',(2.446387765736,0.66541282168));
#2757 = CARTESIAN_POINT('',(2.185142992485,0.654197027269));
#2758 = CARTESIAN_POINT('',(2.055334394165,0.648792397474));
#2759 = CARTESIAN_POINT('',(1.924210555035,0.643530055658));
#2760 = CARTESIAN_POINT('',(1.791506418632,0.638428659478));
#2761 = CARTESIAN_POINT('',(1.529311134715,0.628837758381));
#2762 = CARTESIAN_POINT('',(1.400007772719,0.624330408974));
#2763 = CARTESIAN_POINT('',(1.268820263594,0.620000730414));
#2764 = CARTESIAN_POINT('',(1.135541984471,0.615865550898));
#2765 = CARTESIAN_POINT('',(1.,0.611940298507));
#2766 = ( GEOMETRIC_REPRESENTATION_CONTEXT(2) 
PARAMETRIC_REPRESENTATION_CONTEXT() REPRESENTATION_CONTEXT('2D SPACE',''
  ) );
#2767 = PCURVE('',#1983,#2768);
#2768 = DEFINITIONAL_REPRESENTATION('',(#2769),#2788);
#2769 = B_SPLINE_CURVE_WITH_KNOTS('',5,(#2770,#2771,#2772,#2773,#2774,
    #2775,#2776,#2777,#2778,#2779,#2780,#2781,#2782,#2783,#2784,#2785,
    #2786,#2787),.UNSPECIFIED.,.F.,.F.,(6,4,4,4,6),(0.,0.259528952864,
    0.515377829297,0.764070888874,1.),.UNSPECIFIED.);
#2770 = CARTESIAN_POINT('',(90.530217454512,39.636673996065));
#2771 = CARTESIAN_POINT('',(90.650718284944,39.628519066599));
#2772 = CARTESIAN_POINT('',(90.771628129528,39.614665772891));
#2773 = CARTESIAN_POINT('',(90.892275616538,39.595532043287));
#2774 = CARTESIAN_POINT('',(91.012107016528,39.571553485226));
#2775 = CARTESIAN_POINT('',(91.247508096005,39.51516455202));
#2776 = CARTESIAN_POINT('',(91.363109876208,39.48287962738));
#2777 = CARTESIAN_POINT('',(91.47699774416,39.446714629196));
#2778 = CARTESIAN_POINT('',(91.588762170956,39.407082388708));
#2779 = CARTESIAN_POINT('',(91.80421054607,39.32293863767));
#2780 = CARTESIAN_POINT('',(91.908030094172,39.278595756963));
#2781 = CARTESIAN_POINT('',(92.009116379449,39.2317818974));
#2782 = CARTESIAN_POINT('',(92.107111000033,39.182917864461));
#2783 = CARTESIAN_POINT('',(92.291346193846,39.08463954939));
#2784 = CARTESIAN_POINT('',(92.37792954856,39.035383484764));
#2785 = CARTESIAN_POINT('',(92.461099957727,38.985127149842));
#2786 = CARTESIAN_POINT('',(92.54053416229,38.934339622896));
#2787 = CARTESIAN_POINT('',(92.61593579845,38.883582089552));
#2788 = ( GEOMETRIC_REPRESENTATION_CONTEXT(2) 
PARAMETRIC_REPRESENTATION_CONTEXT() REPRESENTATION_CONTEXT('2D SPACE',''
  ) );
#2789 = ADVANCED_FACE('',(#2790),#1601,.T.);
#2790 = FACE_BOUND('',#2791,.T.);
#2791 = EDGE_LOOP('',(#2792,#2814,#2815,#2816));
#2792 = ORIENTED_EDGE('',*,*,#2793,.F.);
#2793 = EDGE_CURVE('',#1557,#2794,#2796,.T.);
#2794 = VERTEX_POINT('',#2795);
#2795 = CARTESIAN_POINT('',(-37.30065832784,12.790322580645,
    45.767741935484));
#2796 = SURFACE_CURVE('',#2797,(#2800,#2807),.PCURVE_S1.);
#2797 = B_SPLINE_CURVE_WITH_KNOTS('',1,(#2798,#2799),.UNSPECIFIED.,.F.,
  .F.,(2,2),(0.,1.),.PIECEWISE_BEZIER_KNOTS.);
#2798 = CARTESIAN_POINT('',(-37.7,14.3,38.8));
#2799 = CARTESIAN_POINT('',(-37.01224489795,11.7,50.8));
#2800 = PCURVE('',#1601,#2801);
#2801 = DEFINITIONAL_REPRESENTATION('',(#2802),#2806);
#2802 = LINE('',#2803,#2804);
#2803 = CARTESIAN_POINT('',(20.012244897959,0.));
#2804 = VECTOR('',#2805,1.);
#2805 = DIRECTION('',(0.,1.));
#2806 = ( GEOMETRIC_REPRESENTATION_CONTEXT(2) 
PARAMETRIC_REPRESENTATION_CONTEXT() REPRESENTATION_CONTEXT('2D SPACE',''
  ) );
#2807 = PCURVE('',#1572,#2808);
#2808 = DEFINITIONAL_REPRESENTATION('',(#2809),#2813);
#2809 = LINE('',#2810,#2811);
#2810 = CARTESIAN_POINT('',(20.4,0.));
#2811 = VECTOR('',#2812,1.);
#2812 = DIRECTION('',(0.,1.));
#2813 = ( GEOMETRIC_REPRESENTATION_CONTEXT(2) 
PARAMETRIC_REPRESENTATION_CONTEXT() REPRESENTATION_CONTEXT('2D SPACE',''
  ) );
#2814 = ORIENTED_EDGE('',*,*,#1584,.T.);
#2815 = ORIENTED_EDGE('',*,*,#2700,.T.);
#2816 = ORIENTED_EDGE('',*,*,#2817,.T.);
#2817 = EDGE_CURVE('',#2701,#2794,#2818,.T.);
#2818 = SURFACE_CURVE('',#2819,(#2837,#2858),.PCURVE_S1.);
#2819 = B_SPLINE_CURVE_WITH_KNOTS('',6,(#2820,#2821,#2822,#2823,#2824,
    #2825,#2826,#2827,#2828,#2829,#2830,#2831,#2832,#2833,#2834,#2835,
    #2836),.UNSPECIFIED.,.F.,.F.,(7,5,5,7),(0.,5.147164728862E-02,
    0.597686240554,1.),.UNSPECIFIED.);
#2820 = CARTESIAN_POINT('',(-38.88358208955,12.320895522388,
    46.14328358209));
#2821 = CARTESIAN_POINT('',(-38.87245812454,12.327066404469,
    46.138346876425));
#2822 = CARTESIAN_POINT('',(-38.86127968626,12.333240743842,
    46.133407404926));
#2823 = CARTESIAN_POINT('',(-38.85004657393,12.339416508003,
    46.128466793598));
#2824 = CARTESIAN_POINT('',(-38.83875859979,12.345591676514,
    46.123526658789));
#2825 = CARTESIAN_POINT('',(-38.8274155891,12.351764241005,
    46.118588607196));
#2826 = CARTESIAN_POINT('',(-38.69506014646,12.423386338001,
    46.061290929599));
#2827 = CARTESIAN_POINT('',(-38.56791659575,12.488306299285,
    46.009354960572));
#2828 = CARTESIAN_POINT('',(-38.43432459595,12.550347490655,
    45.959722007476));
#2829 = CARTESIAN_POINT('',(-38.29431950282,12.607239080938,
    45.914208735249));
#2830 = CARTESIAN_POINT('',(-38.14833901061,12.656761645504,
    45.874590683597));
#2831 = CARTESIAN_POINT('',(-37.8861776088,12.726931665277,
    45.818454667778));
#2832 = CARTESIAN_POINT('',(-37.77227450911,12.751749939349,
    45.798600048521));
#2833 = CARTESIAN_POINT('',(-37.65612217158,12.770909400941,
    45.783272479247));
#2834 = CARTESIAN_POINT('',(-37.53830973159,12.783862165294,
    45.772910267765));
#2835 = CARTESIAN_POINT('',(-37.41955425853,12.790322580645,
    45.767741935484));
#2836 = CARTESIAN_POINT('',(-37.30065832784,12.790322580645,
    45.767741935484));
#2837 = PCURVE('',#1601,#2838);
#2838 = DEFINITIONAL_REPRESENTATION('',(#2839),#2857);
#2839 = B_SPLINE_CURVE_WITH_KNOTS('',6,(#2840,#2841,#2842,#2843,#2844,
    #2845,#2846,#2847,#2848,#2849,#2850,#2851,#2852,#2853,#2854,#2855,
    #2856),.UNSPECIFIED.,.F.,.F.,(7,5,5,7),(0.,5.147164728862E-02,
    0.597686240554,1.),.UNSPECIFIED.);
#2840 = CARTESIAN_POINT('',(22.,0.611940298507));
#2841 = CARTESIAN_POINT('',(21.982023495763,0.611528906369));
#2842 = CARTESIAN_POINT('',(21.964082652192,0.611117283744));
#2843 = CARTESIAN_POINT('',(21.946176740606,0.610705566133));
#2844 = CARTESIAN_POINT('',(21.928305026879,0.610293888232));
#2845 = CARTESIAN_POINT('',(21.91046677144,0.609882383933));
#2846 = CARTESIAN_POINT('',(21.703709690194,0.605107577467));
#2847 = CARTESIAN_POINT('',(21.518489012633,0.600779580048));
#2848 = CARTESIAN_POINT('',(21.335986183594,0.596643500623));
#2849 = CARTESIAN_POINT('',(21.155396770169,0.592850727937));
#2850 = CARTESIAN_POINT('',(20.976028128631,0.589549223633));
#2851 = CARTESIAN_POINT('',(20.665845568522,0.584871222315));
#2852 = CARTESIAN_POINT('',(20.534685351053,0.58321667071));
#2853 = CARTESIAN_POINT('',(20.403815829503,0.581939373271));
#2854 = CARTESIAN_POINT('',(20.273142557542,0.581075855647));
#2855 = CARTESIAN_POINT('',(20.142608297733,0.58064516129));
#2856 = CARTESIAN_POINT('',(20.012244897959,0.58064516129));
#2857 = ( GEOMETRIC_REPRESENTATION_CONTEXT(2) 
PARAMETRIC_REPRESENTATION_CONTEXT() REPRESENTATION_CONTEXT('2D SPACE',''
  ) );
#2858 = PCURVE('',#1983,#2859);
#2859 = DEFINITIONAL_REPRESENTATION('',(#2860),#2878);
#2860 = B_SPLINE_CURVE_WITH_KNOTS('',6,(#2861,#2862,#2863,#2864,#2865,
    #2866,#2867,#2868,#2869,#2870,#2871,#2872,#2873,#2874,#2875,#2876,
    #2877),.UNSPECIFIED.,.F.,.F.,(7,5,5,7),(0.,5.147164728862E-02,
    0.597686240554,1.),.UNSPECIFIED.);
#2861 = CARTESIAN_POINT('',(92.61593579845,38.883582089552));
#2862 = CARTESIAN_POINT('',(92.623838383374,38.872458124542));
#2863 = CARTESIAN_POINT('',(92.631745395792,38.861279686263));
#2864 = CARTESIAN_POINT('',(92.639654232829,38.850046573934));
#2865 = CARTESIAN_POINT('',(92.647562307062,38.838758599794));
#2866 = CARTESIAN_POINT('',(92.655467046522,38.827415589104));
#2867 = CARTESIAN_POINT('',(92.747188083564,38.695060146461));
#2868 = CARTESIAN_POINT('',(92.830326199081,38.567916595755));
#2869 = CARTESIAN_POINT('',(92.909777690318,38.434324595951));
#2870 = CARTESIAN_POINT('',(92.982634474448,38.294319502822));
#2871 = CARTESIAN_POINT('',(93.046054301142,38.148339010614));
#2872 = CARTESIAN_POINT('',(93.135915772012,37.886177608802));
#2873 = CARTESIAN_POINT('',(93.167698670459,37.772274509113));
#2874 = CARTESIAN_POINT('',(93.19223475304,37.656122171589));
#2875 = CARTESIAN_POINT('',(93.208822384913,37.538309731597));
#2876 = CARTESIAN_POINT('',(93.217095753337,37.419554258536));
#2877 = CARTESIAN_POINT('',(93.217095753337,37.300658327847));
#2878 = ( GEOMETRIC_REPRESENTATION_CONTEXT(2) 
PARAMETRIC_REPRESENTATION_CONTEXT() REPRESENTATION_CONTEXT('2D SPACE',''
  ) );
#2879 = ADVANCED_FACE('',(#2880),#1572,.T.);
#2880 = FACE_BOUND('',#2881,.T.);
#2881 = EDGE_LOOP('',(#2882,#2904,#2905,#2906));
#2882 = ORIENTED_EDGE('',*,*,#2883,.F.);
#2883 = EDGE_CURVE('',#1516,#2884,#2886,.T.);
#2884 = VERTEX_POINT('',#2885);
#2885 = CARTESIAN_POINT('',(-19.27998683344,12.790322580645,
    45.767741935484));
#2886 = SURFACE_CURVE('',#2887,(#2890,#2897),.PCURVE_S1.);
#2887 = B_SPLINE_CURVE_WITH_KNOTS('',1,(#2888,#2889),.UNSPECIFIED.,.F.,
  .F.,(2,2),(0.,1.),.PIECEWISE_BEZIER_KNOTS.);
#2888 = CARTESIAN_POINT('',(-18.3,14.3,38.8));
#2889 = CARTESIAN_POINT('',(-19.98775510204,11.7,50.8));
#2890 = PCURVE('',#1572,#2891);
#2891 = DEFINITIONAL_REPRESENTATION('',(#2892),#2896);
#2892 = LINE('',#2893,#2894);
#2893 = CARTESIAN_POINT('',(1.,0.));
#2894 = VECTOR('',#2895,1.);
#2895 = DIRECTION('',(0.,1.));
#2896 = ( GEOMETRIC_REPRESENTATION_CONTEXT(2) 
PARAMETRIC_REPRESENTATION_CONTEXT() REPRESENTATION_CONTEXT('2D SPACE',''
  ) );
#2897 = PCURVE('',#1532,#2898);
#2898 = DEFINITIONAL_REPRESENTATION('',(#2899),#2903);
#2899 = LINE('',#2900,#2901);
#2900 = CARTESIAN_POINT('',(1.570796326795,0.));
#2901 = VECTOR('',#2902,1.);
#2902 = DIRECTION('',(0.,1.));
#2903 = ( GEOMETRIC_REPRESENTATION_CONTEXT(2) 
PARAMETRIC_REPRESENTATION_CONTEXT() REPRESENTATION_CONTEXT('2D SPACE',''
  ) );
#2904 = ORIENTED_EDGE('',*,*,#1556,.T.);
#2905 = ORIENTED_EDGE('',*,*,#2793,.T.);
#2906 = ORIENTED_EDGE('',*,*,#2907,.T.);
#2907 = EDGE_CURVE('',#2794,#2884,#2908,.T.);
#2908 = SURFACE_CURVE('',#2909,(#2912,#2918),.PCURVE_S1.);
#2909 = B_SPLINE_CURVE_WITH_KNOTS('',1,(#2910,#2911),.UNSPECIFIED.,.F.,
  .F.,(2,2),(0.,1.),.PIECEWISE_BEZIER_KNOTS.);
#2910 = CARTESIAN_POINT('',(-37.30065832784,12.790322580645,
    45.767741935484));
#2911 = CARTESIAN_POINT('',(-19.27998683344,12.790322580645,
    45.767741935484));
#2912 = PCURVE('',#1572,#2913);
#2913 = DEFINITIONAL_REPRESENTATION('',(#2914),#2917);
#2914 = B_SPLINE_CURVE_WITH_KNOTS('',1,(#2915,#2916),.UNSPECIFIED.,.F.,
  .F.,(2,2),(0.,1.),.PIECEWISE_BEZIER_KNOTS.);
#2915 = CARTESIAN_POINT('',(20.4,0.58064516129));
#2916 = CARTESIAN_POINT('',(1.,0.58064516129));
#2917 = ( GEOMETRIC_REPRESENTATION_CONTEXT(2) 
PARAMETRIC_REPRESENTATION_CONTEXT() REPRESENTATION_CONTEXT('2D SPACE',''
  ) );
#2918 = PCURVE('',#1983,#2919);
#2919 = DEFINITIONAL_REPRESENTATION('',(#2920),#2923);
#2920 = B_SPLINE_CURVE_WITH_KNOTS('',1,(#2921,#2922),.UNSPECIFIED.,.F.,
  .F.,(2,2),(0.,1.),.PIECEWISE_BEZIER_KNOTS.);
#2921 = CARTESIAN_POINT('',(93.217095753337,37.300658327847));
#2922 = CARTESIAN_POINT('',(93.217095753337,19.279986833443));
#2923 = ( GEOMETRIC_REPRESENTATION_CONTEXT(2) 
PARAMETRIC_REPRESENTATION_CONTEXT() REPRESENTATION_CONTEXT('2D SPACE',''
  ) );
#2924 = ADVANCED_FACE('',(#2925),#1532,.T.);
#2925 = FACE_BOUND('',#2926,.T.);
#2926 = EDGE_LOOP('',(#2927,#2949,#2950,#2951));
#2927 = ORIENTED_EDGE('',*,*,#2928,.F.);
#2928 = EDGE_CURVE('',#1488,#2929,#2931,.T.);
#2929 = VERTEX_POINT('',#2930);
#2930 = CARTESIAN_POINT('',(-17.98832116788,12.320895522388,
    46.14328358209));
#2931 = SURFACE_CURVE('',#2932,(#2935,#2942),.PCURVE_S1.);
#2932 = B_SPLINE_CURVE_WITH_KNOTS('',1,(#2933,#2934),.UNSPECIFIED.,.F.,
  .F.,(2,2),(0.,1.),.PIECEWISE_BEZIER_KNOTS.);
#2933 = CARTESIAN_POINT('',(-17.3,13.3,38.8));
#2934 = CARTESIAN_POINT('',(-18.42481751824,11.7,50.8));
#2935 = PCURVE('',#1532,#2936);
#2936 = DEFINITIONAL_REPRESENTATION('',(#2937),#2941);
#2937 = LINE('',#2938,#2939);
#2938 = CARTESIAN_POINT('',(0.,0.));
#2939 = VECTOR('',#2940,1.);
#2940 = DIRECTION('',(0.,1.));
#2941 = ( GEOMETRIC_REPRESENTATION_CONTEXT(2) 
PARAMETRIC_REPRESENTATION_CONTEXT() REPRESENTATION_CONTEXT('2D SPACE',''
  ) );
#2942 = PCURVE('',#1503,#2943);
#2943 = DEFINITIONAL_REPRESENTATION('',(#2944),#2948);
#2944 = LINE('',#2945,#2946);
#2945 = CARTESIAN_POINT('',(28.4,0.));
#2946 = VECTOR('',#2947,1.);
#2947 = DIRECTION('',(0.,1.));
#2948 = ( GEOMETRIC_REPRESENTATION_CONTEXT(2) 
PARAMETRIC_REPRESENTATION_CONTEXT() REPRESENTATION_CONTEXT('2D SPACE',''
  ) );
#2949 = ORIENTED_EDGE('',*,*,#1515,.T.);
#2950 = ORIENTED_EDGE('',*,*,#2883,.T.);
#2951 = ORIENTED_EDGE('',*,*,#2952,.T.);
#2952 = EDGE_CURVE('',#2884,#2929,#2953,.T.);
#2953 = SURFACE_CURVE('',#2954,(#2977,#3003),.PCURVE_S1.);
#2954 = B_SPLINE_CURVE_WITH_KNOTS('',6,(#2955,#2956,#2957,#2958,#2959,
    #2960,#2961,#2962,#2963,#2964,#2965,#2966,#2967,#2968,#2969,#2970,
    #2971,#2972,#2973,#2974,#2975,#2976),.UNSPECIFIED.,.F.,.F.,(7,5,5,5,
    7),(0.,6.872591405728E-02,0.44463933429,0.9430354858,1.),
  .UNSPECIFIED.);
#2955 = CARTESIAN_POINT('',(-19.27998683344,12.790322580645,
    45.767741935484));
#2956 = CARTESIAN_POINT('',(-19.26261861826,12.790322580645,
    45.767741935484));
#2957 = CARTESIAN_POINT('',(-19.24526081909,12.79013787642,
    45.767889698864));
#2958 = CARTESIAN_POINT('',(-19.2279174978,12.789768054205,
    45.768185556636));
#2959 = CARTESIAN_POINT('',(-19.21059271384,12.789212954343,
    45.768629636525));
#2960 = CARTESIAN_POINT('',(-19.19329052423,12.788472671288,
    45.76922186297));
#2961 = CARTESIAN_POINT('',(-19.08152213214,12.782487393129,
    45.774010085497));
#2962 = CARTESIAN_POINT('',(-18.98780812629,12.771896547211,
    45.782482762231));
#2963 = CARTESIAN_POINT('',(-18.89558133374,12.755829934529,
    45.795336052377));
#2964 = CARTESIAN_POINT('',(-18.805438072,12.734588443948,
    45.812329244842));
#2965 = CARTESIAN_POINT('',(-18.71785535873,12.708656242961,
    45.833075005631));
#2966 = CARTESIAN_POINT('',(-18.5209236433,12.638839204183,
    45.888928636654));
#2967 = CARTESIAN_POINT('',(-18.41377200542,12.591854549566,
    45.926516360347));
#2968 = CARTESIAN_POINT('',(-18.31243457214,12.539049203651,
    45.968760637079));
#2969 = CARTESIAN_POINT('',(-18.21716713662,12.482072010696,
    46.014342391443));
#2970 = CARTESIAN_POINT('',(-18.12792762973,12.422580102523,
    46.061935917981));
#2971 = CARTESIAN_POINT('',(-18.03490443464,12.355429408525,
    46.11565647318));
#2972 = CARTESIAN_POINT('',(-18.02543830573,12.348531721605,
    46.121174622716));
#2973 = CARTESIAN_POINT('',(-18.01604729273,12.341626790814,
    46.126698567349));
#2974 = CARTESIAN_POINT('',(-18.00673103009,12.334717300234,
    46.132226159813));
#2975 = CARTESIAN_POINT('',(-17.9974891271,12.327805963217,
    46.137755229426));
#2976 = CARTESIAN_POINT('',(-17.98832116788,12.320895522388,
    46.14328358209));
#2977 = PCURVE('',#1532,#2978);
#2978 = DEFINITIONAL_REPRESENTATION('',(#2979),#3002);
#2979 = B_SPLINE_CURVE_WITH_KNOTS('',6,(#2980,#2981,#2982,#2983,#2984,
    #2985,#2986,#2987,#2988,#2989,#2990,#2991,#2992,#2993,#2994,#2995,
    #2996,#2997,#2998,#2999,#3000,#3001),.UNSPECIFIED.,.F.,.F.,(7,5,5,5,
    7),(0.,6.872591405728E-02,0.44463933429,0.9430354858,1.),
  .UNSPECIFIED.);
#2980 = CARTESIAN_POINT('',(1.570796326795,0.58064516129));
#2981 = CARTESIAN_POINT('',(1.553377510199,0.58064516129));
#2982 = CARTESIAN_POINT('',(1.535948296978,0.580657474905));
#2983 = CARTESIAN_POINT('',(1.518508701697,0.58068212972));
#2984 = CARTESIAN_POINT('',(1.501058754271,0.580719136377));
#2985 = CARTESIAN_POINT('',(1.48359849997,0.580768488581));
#2986 = CARTESIAN_POINT('',(1.370568766688,0.581167507125));
#2987 = CARTESIAN_POINT('',(1.274685326717,0.581873563519));
#2988 = CARTESIAN_POINT('',(1.17852917477,0.582944671031));
#2989 = CARTESIAN_POINT('',(1.082083094085,0.584360770403));
#2990 = CARTESIAN_POINT('',(0.985288888153,0.586089583803));
#2991 = CARTESIAN_POINT('',(0.759186467865,0.590744053054));
#2992 = CARTESIAN_POINT('',(0.629548999305,0.593876363362));
#2993 = CARTESIAN_POINT('',(0.498855742702,0.597396719757));
#2994 = CARTESIAN_POINT('',(0.366614079693,0.601195199287));
#2995 = CARTESIAN_POINT('',(0.232215194591,0.605161326498));
#2996 = CARTESIAN_POINT('',(7.911982237414E-02,0.609638039432));
#2997 = CARTESIAN_POINT('',(6.337780077811E-02,0.610097885226));
#2998 = CARTESIAN_POINT('',(4.759594526814E-02,0.610558213946));
#2999 = CARTESIAN_POINT('',(3.177312170187E-02,0.611018846651));
#3000 = CARTESIAN_POINT('',(1.590818917074E-02,0.611479602452));
#3001 = CARTESIAN_POINT('',(0.,0.611940298507));
#3002 = ( GEOMETRIC_REPRESENTATION_CONTEXT(2) 
PARAMETRIC_REPRESENTATION_CONTEXT() REPRESENTATION_CONTEXT('2D SPACE',''
  ) );
#3003 = PCURVE('',#1983,#3004);
#3004 = DEFINITIONAL_REPRESENTATION('',(#3005),#3028);
#3005 = B_SPLINE_CURVE_WITH_KNOTS('',6,(#3006,#3007,#3008,#3009,#3010,
    #3011,#3012,#3013,#3014,#3015,#3016,#3017,#3018,#3019,#3020,#3021,
    #3022,#3023,#3024,#3025,#3026,#3027),.UNSPECIFIED.,.F.,.F.,(7,5,5,5,
    7),(0.,6.872591405728E-02,0.44463933429,0.9430354858,1.),
  .UNSPECIFIED.);
#3006 = CARTESIAN_POINT('',(93.217095753337,19.279986833443));
#3007 = CARTESIAN_POINT('',(93.217095753337,19.262618618263));
#3008 = CARTESIAN_POINT('',(93.216859216517,19.245260819091));
#3009 = CARTESIAN_POINT('',(93.216385612999,19.227917497805));
#3010 = CARTESIAN_POINT('',(93.215674738323,19.210592713849));
#3011 = CARTESIAN_POINT('',(93.214726713448,19.193290524237));
#3012 = CARTESIAN_POINT('',(93.207061817519,19.081522132147));
#3013 = CARTESIAN_POINT('',(93.193498917081,18.987808126295));
#3014 = CARTESIAN_POINT('',(93.172923613665,18.895581333747));
#3015 = CARTESIAN_POINT('',(93.145721233029,18.805438072));
#3016 = CARTESIAN_POINT('',(93.112511812096,18.717855358733));
#3017 = CARTESIAN_POINT('',(93.023102377458,18.520923643307));
#3018 = CARTESIAN_POINT('',(92.962932661305,18.413772005424));
#3019 = CARTESIAN_POINT('',(92.895308823247,18.312434572142));
#3020 = CARTESIAN_POINT('',(92.822342414208,18.217167136627));
#3021 = CARTESIAN_POINT('',(92.746155598378,18.127927629732));
#3022 = CARTESIAN_POINT('',(92.660160751118,18.034904434645));
#3023 = CARTESIAN_POINT('',(92.651327401858,18.025438305734));
#3024 = CARTESIAN_POINT('',(92.642484775917,18.016047292735));
#3025 = CARTESIAN_POINT('',(92.633636310596,18.006731030095));
#3026 = CARTESIAN_POINT('',(92.624785480684,17.997489127101));
#3027 = CARTESIAN_POINT('',(92.61593579845,17.988321167883));
#3028 = ( GEOMETRIC_REPRESENTATION_CONTEXT(2) 
PARAMETRIC_REPRESENTATION_CONTEXT() REPRESENTATION_CONTEXT('2D SPACE',''
  ) );
#3029 = ADVANCED_FACE('',(#3030),#1503,.T.);
#3030 = FACE_BOUND('',#3031,.T.);
#3031 = EDGE_LOOP('',(#3032,#3054,#3055,#3056));
#3032 = ORIENTED_EDGE('',*,*,#3033,.F.);
#3033 = EDGE_CURVE('',#1448,#3034,#3036,.T.);
#3034 = VERTEX_POINT('',#3035);
#3035 = CARTESIAN_POINT('',(-17.73914823914,12.089680589681,
    46.328255528256));
#3036 = SURFACE_CURVE('',#3037,(#3040,#3047),.PCURVE_S1.);
#3037 = B_SPLINE_CURVE_WITH_KNOTS('',1,(#3038,#3039),.UNSPECIFIED.,.F.,
  .F.,(2,2),(0.,1.),.PIECEWISE_BEZIER_KNOTS.);
#3038 = CARTESIAN_POINT('',(-17.3,12.745714285714,38.8));
#3039 = CARTESIAN_POINT('',(-18.,11.7,50.8));
#3040 = PCURVE('',#1503,#3041);
#3041 = DEFINITIONAL_REPRESENTATION('',(#3042),#3046);
#3042 = LINE('',#3043,#3044);
#3043 = CARTESIAN_POINT('',(27.845714285714,0.));
#3044 = VECTOR('',#3045,1.);
#3045 = DIRECTION('',(0.,1.));
#3046 = ( GEOMETRIC_REPRESENTATION_CONTEXT(2) 
PARAMETRIC_REPRESENTATION_CONTEXT() REPRESENTATION_CONTEXT('2D SPACE',''
  ) );
#3047 = PCURVE('',#1463,#3048);
#3048 = DEFINITIONAL_REPRESENTATION('',(#3049),#3053);
#3049 = LINE('',#3050,#3051);
#3050 = CARTESIAN_POINT('',(27.845714285714,0.));
#3051 = VECTOR('',#3052,1.);
#3052 = DIRECTION('',(0.,1.));
#3053 = ( GEOMETRIC_REPRESENTATION_CONTEXT(2) 
PARAMETRIC_REPRESENTATION_CONTEXT() REPRESENTATION_CONTEXT('2D SPACE',''
  ) );
#3054 = ORIENTED_EDGE('',*,*,#1487,.T.);
#3055 = ORIENTED_EDGE('',*,*,#2928,.T.);
#3056 = ORIENTED_EDGE('',*,*,#3057,.T.);
#3057 = EDGE_CURVE('',#2929,#3034,#3058,.T.);
#3058 = SURFACE_CURVE('',#3059,(#3065,#3074),.PCURVE_S1.);
#3059 = B_SPLINE_CURVE_WITH_KNOTS('',4,(#3060,#3061,#3062,#3063,#3064),
  .UNSPECIFIED.,.F.,.F.,(5,5),(0.,1.),.PIECEWISE_BEZIER_KNOTS.);
#3060 = CARTESIAN_POINT('',(-17.98832116788,12.320895522388,
    46.14328358209));
#3061 = CARTESIAN_POINT('',(-17.92809354164,12.26094883663,
    46.191240930696));
#3062 = CARTESIAN_POINT('',(-17.86643201379,12.20246609881,
    46.238027120952));
#3063 = CARTESIAN_POINT('',(-17.80342384717,12.145394704526,
    46.283684236379));
#3064 = CARTESIAN_POINT('',(-17.73914823914,12.089680589681,
    46.328255528256));
#3065 = PCURVE('',#1503,#3066);
#3066 = DEFINITIONAL_REPRESENTATION('',(#3067),#3073);
#3067 = B_SPLINE_CURVE_WITH_KNOTS('',4,(#3068,#3069,#3070,#3071,#3072),
  .UNSPECIFIED.,.F.,.F.,(5,5),(0.,1.),.PIECEWISE_BEZIER_KNOTS.);
#3068 = CARTESIAN_POINT('',(28.4,0.611940298507));
#3069 = CARTESIAN_POINT('',(28.261999655197,0.615936744225));
#3070 = CARTESIAN_POINT('',(28.123579438222,0.619835593413));
#3071 = CARTESIAN_POINT('',(27.984801066148,0.623640353032));
#3072 = CARTESIAN_POINT('',(27.845714285714,0.627354627355));
#3073 = ( GEOMETRIC_REPRESENTATION_CONTEXT(2) 
PARAMETRIC_REPRESENTATION_CONTEXT() REPRESENTATION_CONTEXT('2D SPACE',''
  ) );
#3074 = PCURVE('',#1983,#3075);
#3075 = DEFINITIONAL_REPRESENTATION('',(#3076),#3082);
#3076 = B_SPLINE_CURVE_WITH_KNOTS('',4,(#3077,#3078,#3079,#3080,#3081),
  .UNSPECIFIED.,.F.,.F.,(5,5),(0.,1.),.PIECEWISE_BEZIER_KNOTS.);
#3077 = CARTESIAN_POINT('',(92.61593579845,17.988321167883));
#3078 = CARTESIAN_POINT('',(92.539166583145,17.928093541641));
#3079 = CARTESIAN_POINT('',(92.464272135942,17.866432013795));
#3080 = CARTESIAN_POINT('',(92.391185090342,17.803423847176));
#3081 = CARTESIAN_POINT('',(92.319836210515,17.739148239148));
#3082 = ( GEOMETRIC_REPRESENTATION_CONTEXT(2) 
PARAMETRIC_REPRESENTATION_CONTEXT() REPRESENTATION_CONTEXT('2D SPACE',''
  ) );
#3083 = ADVANCED_FACE('',(#3084),#1463,.T.);
#3084 = FACE_BOUND('',#3085,.T.);
#3085 = EDGE_LOOP('',(#3086,#3087,#3088,#3089));
#3086 = ORIENTED_EDGE('',*,*,#2541,.F.);
#3087 = ORIENTED_EDGE('',*,*,#1447,.T.);
#3088 = ORIENTED_EDGE('',*,*,#3033,.T.);
#3089 = ORIENTED_EDGE('',*,*,#3090,.T.);
#3090 = EDGE_CURVE('',#3034,#2542,#3091,.T.);
#3091 = SURFACE_CURVE('',#3092,(#3110,#3131),.PCURVE_S1.);
#3092 = B_SPLINE_CURVE_WITH_KNOTS('',6,(#3093,#3094,#3095,#3096,#3097,
    #3098,#3099,#3100,#3101,#3102,#3103,#3104,#3105,#3106,#3107,#3108,
    #3109),.UNSPECIFIED.,.F.,.F.,(7,5,5,7),(0.,0.3030164035,
    0.631609095504,1.),.UNSPECIFIED.);
#3093 = CARTESIAN_POINT('',(-17.73914823914,12.089680589681,
    46.328255528256));
#3094 = CARTESIAN_POINT('',(-17.68501499567,12.042185312908,
    46.366251749673));
#3095 = CARTESIAN_POINT('',(-17.63165948334,11.990183062094,
    46.407853550325));
#3096 = CARTESIAN_POINT('',(-17.57969869981,11.934128320361,
    46.452697343711));
#3097 = CARTESIAN_POINT('',(-17.52961560507,11.874468814418,
    46.500424948466));
#3098 = CARTESIAN_POINT('',(-17.4817963492,11.811607312733,
    46.550714149814));
#3099 = CARTESIAN_POINT('',(-17.38751253329,11.674638099312,
    46.66028952055));
#3100 = CARTESIAN_POINT('',(-17.34150940335,11.600037961186,
    46.719969631051));
#3101 = CARTESIAN_POINT('',(-17.29896446764,11.522548169374,
    46.781961464501));
#3102 = CARTESIAN_POINT('',(-17.26022717617,11.442585930324,
    46.845931255741));
#3103 = CARTESIAN_POINT('',(-17.22560960067,11.360541538548,
    46.911566769162));
#3104 = CARTESIAN_POINT('',(-17.16155284723,11.182888201609,
    47.053689438713));
#3105 = CARTESIAN_POINT('',(-17.13325296747,11.086851785161,
    47.130518571872));
#3106 = CARTESIAN_POINT('',(-17.11092615205,10.989202044335,
    47.208638364532));
#3107 = CARTESIAN_POINT('',(-17.09498289493,10.890480014226,
    47.287615988619));
#3108 = CARTESIAN_POINT('',(-17.08582538982,10.791269491141,
    47.366984407087));
#3109 = CARTESIAN_POINT('',(-17.08384446244,10.692223122324,
    47.446221502141));
#3110 = PCURVE('',#1463,#3111);
#3111 = DEFINITIONAL_REPRESENTATION('',(#3112),#3130);
#3112 = B_SPLINE_CURVE_WITH_KNOTS('',6,(#3113,#3114,#3115,#3116,#3117,
    #3118,#3119,#3120,#3121,#3122,#3123,#3124,#3125,#3126,#3127,#3128,
    #3129),.UNSPECIFIED.,.F.,.F.,(7,5,5,7),(0.,0.3030164035,
    0.631609095504,1.),.UNSPECIFIED.);
#3113 = CARTESIAN_POINT('',(27.845714285714,0.627354627355));
#3114 = CARTESIAN_POINT('',(27.727145317143,0.630520979139));
#3115 = CARTESIAN_POINT('',(27.611206313616,0.63398779586));
#3116 = CARTESIAN_POINT('',(27.497714535994,0.637724778643));
#3117 = CARTESIAN_POINT('',(27.386459610246,0.641702079039));
#3118 = CARTESIAN_POINT('',(27.277217546154,0.645892845818));
#3119 = CARTESIAN_POINT('',(27.053192027584,0.655024126713));
#3120 = CARTESIAN_POINT('',(26.938733894816,0.659997469254));
#3121 = CARTESIAN_POINT('',(26.82605359657,0.665163455375));
#3122 = CARTESIAN_POINT('',(26.714865144724,0.670494271312));
#3123 = CARTESIAN_POINT('',(26.60489043387,0.67596389743));
#3124 = CARTESIAN_POINT('',(26.373582730171,0.687807453226));
#3125 = CARTESIAN_POINT('',(26.252502590739,0.694209880989));
#3126 = CARTESIAN_POINT('',(26.132192125111,0.700719863711));
#3127 = CARTESIAN_POINT('',(26.012282371648,0.707301332385));
#3128 = CARTESIAN_POINT('',(25.892408326181,0.713915367257));
#3129 = CARTESIAN_POINT('',(25.772173913043,0.720518458512));
#3130 = ( GEOMETRIC_REPRESENTATION_CONTEXT(2) 
PARAMETRIC_REPRESENTATION_CONTEXT() REPRESENTATION_CONTEXT('2D SPACE',''
  ) );
#3131 = PCURVE('',#1983,#3132);
#3132 = DEFINITIONAL_REPRESENTATION('',(#3133),#3151);
#3133 = B_SPLINE_CURVE_WITH_KNOTS('',6,(#3134,#3135,#3136,#3137,#3138,
    #3139,#3140,#3141,#3142,#3143,#3144,#3145,#3146,#3147,#3148,#3149,
    #3150),.UNSPECIFIED.,.F.,.F.,(7,5,5,7),(0.,0.3030164035,
    0.631609095504,1.),.UNSPECIFIED.);
#3134 = CARTESIAN_POINT('',(92.319836210515,17.739148239148));
#3135 = CARTESIAN_POINT('',(92.259012578942,17.685014995679));
#3136 = CARTESIAN_POINT('',(92.192417204424,17.631659483342));
#3137 = CARTESIAN_POINT('',(92.120632109342,17.579698699813));
#3138 = CARTESIAN_POINT('',(92.044230663642,17.529615605077));
#3139 = CARTESIAN_POINT('',(91.963728662634,17.481796349207));
#3140 = CARTESIAN_POINT('',(91.788322484587,17.387512533296));
#3141 = CARTESIAN_POINT('',(91.692787694076,17.341509403353));
#3142 = CARTESIAN_POINT('',(91.593552341256,17.298964467647));
#3143 = CARTESIAN_POINT('',(91.491150711068,17.260227176175));
#3144 = CARTESIAN_POINT('',(91.386082624362,17.225609600673));
#3145 = CARTESIAN_POINT('',(91.158575346839,17.161552847238));
#3146 = CARTESIAN_POINT('',(91.035588725672,17.133252967478));
#3147 = CARTESIAN_POINT('',(90.91053604122,17.110926152059));
#3148 = CARTESIAN_POINT('',(90.784110156468,17.094982894934));
#3149 = CARTESIAN_POINT('',(90.657058695473,17.085825389823));
#3150 = CARTESIAN_POINT('',(90.530217454512,17.083844462446));
#3151 = ( GEOMETRIC_REPRESENTATION_CONTEXT(2) 
PARAMETRIC_REPRESENTATION_CONTEXT() REPRESENTATION_CONTEXT('2D SPACE',''
  ) );
#3152 = ADVANCED_FACE('',(#3153),#1370,.F.);
#3153 = FACE_BOUND('',#3154,.F.);
#3154 = EDGE_LOOP('',(#3155,#3156,#3157,#3158));
#3155 = ORIENTED_EDGE('',*,*,#1740,.F.);
#3156 = ORIENTED_EDGE('',*,*,#1355,.T.);
#3157 = ORIENTED_EDGE('',*,*,#1816,.T.);
#3158 = ORIENTED_EDGE('',*,*,#1789,.T.);
#3159 = ADVANCED_FACE('',(#3160),#1983,.T.);
#3160 = FACE_BOUND('',#3161,.T.);
#3161 = EDGE_LOOP('',(#3162,#3163,#3164,#3165,#3215,#3234,#3235,#3236,
    #3237,#3238,#3239,#3240,#3241));
#3162 = ORIENTED_EDGE('',*,*,#1968,.F.);
#3163 = ORIENTED_EDGE('',*,*,#2142,.F.);
#3164 = ORIENTED_EDGE('',*,*,#2437,.T.);
#3165 = ORIENTED_EDGE('',*,*,#3166,.T.);
#3166 = EDGE_CURVE('',#2416,#3167,#3169,.T.);
#3167 = VERTEX_POINT('',#3168);
#3168 = CARTESIAN_POINT('',(-21.30571714233,6.5,50.8));
#3169 = SURFACE_CURVE('',#3170,(#3183,#3199),.PCURVE_S1.);
#3170 = B_SPLINE_CURVE_WITH_KNOTS('',6,(#3171,#3172,#3173,#3174,#3175,
    #3176,#3177,#3178,#3179,#3180,#3181,#3182),.UNSPECIFIED.,.F.,.F.,(7,
    5,7),(0.,0.532655902861,1.),.UNSPECIFIED.);
#3171 = CARTESIAN_POINT('',(-24.92258608295,7.418650733236,
    50.065079413411));
#3172 = CARTESIAN_POINT('',(-24.57999073333,7.421077154696,
    50.063138276243));
#3173 = CARTESIAN_POINT('',(-24.23710146046,7.402695732815,
    50.077843413748));
#3174 = CARTESIAN_POINT('',(-23.89665462493,7.363970947036,
    50.108823242372));
#3175 = CARTESIAN_POINT('',(-23.56077552773,7.306201727948,
    50.155038617641));
#3176 = CARTESIAN_POINT('',(-23.2310837978,7.230992182875,50.2152062537)
  );
#3177 = CARTESIAN_POINT('',(-22.62593157206,7.060200562338,
    50.35183955013));
#3178 = CARTESIAN_POINT('',(-22.34873114856,6.968233622629,
    50.425413101897));
#3179 = CARTESIAN_POINT('',(-22.07780266972,6.865204936437,
    50.50783605085));
#3180 = CARTESIAN_POINT('',(-21.81354626171,6.752197818213,
    50.59824174543));
#3181 = CARTESIAN_POINT('',(-21.55616953479,6.630188046673,
    50.695849562661));
#3182 = CARTESIAN_POINT('',(-21.30571714233,6.5,50.8));
#3183 = PCURVE('',#1983,#3184);
#3184 = DEFINITIONAL_REPRESENTATION('',(#3185),#3198);
#3185 = B_SPLINE_CURVE_WITH_KNOTS('',6,(#3186,#3187,#3188,#3189,#3190,
    #3191,#3192,#3193,#3194,#3195,#3196,#3197),.UNSPECIFIED.,.F.,.F.,(7,
    5,7),(0.,0.532655902861,1.),.UNSPECIFIED.);
#3186 = CARTESIAN_POINT('',(86.337999313001,24.922586082957));
#3187 = CARTESIAN_POINT('',(86.341106648613,24.579990733336));
#3188 = CARTESIAN_POINT('',(86.31756694302,24.237101460462));
#3189 = CARTESIAN_POINT('',(86.267975020137,23.896654624935));
#3190 = CARTESIAN_POINT('',(86.193994322754,23.560775527736));
#3191 = CARTESIAN_POINT('',(86.097679110566,23.231083797809));
#3192 = CARTESIAN_POINT('',(85.878959117563,22.62593157206));
#3193 = CARTESIAN_POINT('',(85.761183969424,22.348731148563));
#3194 = CARTESIAN_POINT('',(85.629242873883,22.077802669724));
#3195 = CARTESIAN_POINT('',(85.484523150342,21.813546261712));
#3196 = CARTESIAN_POINT('',(85.328274405273,21.55616953479));
#3197 = CARTESIAN_POINT('',(85.161552357857,21.305717142336));
#3198 = ( GEOMETRIC_REPRESENTATION_CONTEXT(2) 
PARAMETRIC_REPRESENTATION_CONTEXT() REPRESENTATION_CONTEXT('2D SPACE',''
  ) );
#3199 = PCURVE('',#2364,#3200);
#3200 = DEFINITIONAL_REPRESENTATION('',(#3201),#3214);
#3201 = B_SPLINE_CURVE_WITH_KNOTS('',6,(#3202,#3203,#3204,#3205,#3206,
    #3207,#3208,#3209,#3210,#3211,#3212,#3213),.UNSPECIFIED.,.F.,.F.,(7,
    5,7),(0.,0.532655902861,1.),.UNSPECIFIED.);
#3202 = CARTESIAN_POINT('',(6.28318530718,6.893063055068E-02));
#3203 = CARTESIAN_POINT('',(6.243623491198,6.877595826637E-02));
#3204 = CARTESIAN_POINT('',(6.204200575978,6.994768237035E-02));
#3205 = CARTESIAN_POINT('',(6.165103519975,7.241619461128E-02));
#3206 = CARTESIAN_POINT('',(6.126447123488,7.609869463279E-02));
#3207 = CARTESIAN_POINT('',(6.088309851239,8.089292858164E-02));
#3208 = CARTESIAN_POINT('',(6.017772598414,9.178004383503E-02));
#3209 = CARTESIAN_POINT('',(5.98523702633,9.764247823881E-02));
#3210 = CARTESIAN_POINT('',(5.953147065346,0.104210043892));
#3211 = CARTESIAN_POINT('',(5.921500135677,0.111413684895));
#3212 = CARTESIAN_POINT('',(5.890282170658,0.119191200212));
#3213 = CARTESIAN_POINT('',(5.859465297055,0.127490039841));
#3214 = ( GEOMETRIC_REPRESENTATION_CONTEXT(2) 
PARAMETRIC_REPRESENTATION_CONTEXT() REPRESENTATION_CONTEXT('2D SPACE',''
  ) );
#3215 = ORIENTED_EDGE('',*,*,#3216,.F.);
#3216 = EDGE_CURVE('',#2564,#3167,#3217,.T.);
#3217 = SURFACE_CURVE('',#3218,(#3222,#3228),.PCURVE_S1.);
#3218 = LINE('',#3219,#3220);
#3219 = CARTESIAN_POINT('',(-9.,6.5,50.8));
#3220 = VECTOR('',#3221,1.);
#3221 = DIRECTION('',(-1.,-0.,0.));
#3222 = PCURVE('',#1983,#3223);
#3223 = DEFINITIONAL_REPRESENTATION('',(#3224),#3227);
#3224 = B_SPLINE_CURVE_WITH_KNOTS('',1,(#3225,#3226),.UNSPECIFIED.,.F.,
  .F.,(2,2),(8.,25.8),.PIECEWISE_BEZIER_KNOTS.);
#3225 = CARTESIAN_POINT('',(85.161552357857,17.));
#3226 = CARTESIAN_POINT('',(85.161552357857,34.8));
#3227 = ( GEOMETRIC_REPRESENTATION_CONTEXT(2) 
PARAMETRIC_REPRESENTATION_CONTEXT() REPRESENTATION_CONTEXT('2D SPACE',''
  ) );
#3228 = PCURVE('',#2332,#3229);
#3229 = DEFINITIONAL_REPRESENTATION('',(#3230),#3233);
#3230 = B_SPLINE_CURVE_WITH_KNOTS('',1,(#3231,#3232),.UNSPECIFIED.,.F.,
  .F.,(2,2),(8.,25.8),.PIECEWISE_BEZIER_KNOTS.);
#3231 = CARTESIAN_POINT('',(1.,19.6));
#3232 = CARTESIAN_POINT('',(-16.8,19.6));
#3233 = ( GEOMETRIC_REPRESENTATION_CONTEXT(2) 
PARAMETRIC_REPRESENTATION_CONTEXT() REPRESENTATION_CONTEXT('2D SPACE',''
  ) );
#3234 = ORIENTED_EDGE('',*,*,#2563,.F.);
#3235 = ORIENTED_EDGE('',*,*,#3090,.F.);
#3236 = ORIENTED_EDGE('',*,*,#3057,.F.);
#3237 = ORIENTED_EDGE('',*,*,#2952,.F.);
#3238 = ORIENTED_EDGE('',*,*,#2907,.F.);
#3239 = ORIENTED_EDGE('',*,*,#2817,.F.);
#3240 = ORIENTED_EDGE('',*,*,#2724,.F.);
#3241 = ORIENTED_EDGE('',*,*,#2670,.F.);
#3242 = ADVANCED_FACE('',(#3243),#2364,.T.);
#3243 = FACE_BOUND('',#3244,.T.);
#3244 = EDGE_LOOP('',(#3245,#3246,#3279,#3280,#3281));
#3245 = ORIENTED_EDGE('',*,*,#2349,.F.);
#3246 = ORIENTED_EDGE('',*,*,#3247,.F.);
#3247 = EDGE_CURVE('',#3167,#2307,#3248,.T.);
#3248 = SURFACE_CURVE('',#3249,(#3257,#3268),.PCURVE_S1.);
#3249 = B_SPLINE_CURVE_WITH_KNOTS('',6,(#3250,#3251,#3252,#3253,#3254,
    #3255,#3256),.UNSPECIFIED.,.F.,.F.,(7,7),(0.,1.),
  .PIECEWISE_BEZIER_KNOTS.);
#3250 = CARTESIAN_POINT('',(-21.30571714233,6.5,50.8));
#3251 = CARTESIAN_POINT('',(-20.94861378024,6.316225060869,50.8));
#3252 = CARTESIAN_POINT('',(-20.60256538443,6.110893110961,50.8));
#3253 = CARTESIAN_POINT('',(-20.26892096113,5.885391887761,50.8));
#3254 = CARTESIAN_POINT('',(-19.94871477197,5.641235980376,50.8));
#3255 = CARTESIAN_POINT('',(-19.64274058915,5.379957641479,50.8));
#3256 = CARTESIAN_POINT('',(-19.35159044385,5.103053333299,50.8));
#3257 = PCURVE('',#2364,#3258);
#3258 = DEFINITIONAL_REPRESENTATION('',(#3259),#3267);
#3259 = B_SPLINE_CURVE_WITH_KNOTS('',6,(#3260,#3261,#3262,#3263,#3264,
    #3265,#3266),.UNSPECIFIED.,.F.,.F.,(7,7),(0.,1.),
  .PIECEWISE_BEZIER_KNOTS.);
#3260 = CARTESIAN_POINT('',(5.859465286697,0.127490039841));
#3261 = CARTESIAN_POINT('',(5.814144576162,0.127490039841));
#3262 = CARTESIAN_POINT('',(5.769129839568,0.127490039841));
#3263 = CARTESIAN_POINT('',(5.724454576077,0.127490039841));
#3264 = CARTESIAN_POINT('',(5.680135355919,0.127490039841));
#3265 = CARTESIAN_POINT('',(5.636180005641,0.127490039841));
#3266 = CARTESIAN_POINT('',(5.592588014176,0.127490039841));
#3267 = ( GEOMETRIC_REPRESENTATION_CONTEXT(2) 
PARAMETRIC_REPRESENTATION_CONTEXT() REPRESENTATION_CONTEXT('2D SPACE',''
  ) );
#3268 = PCURVE('',#2332,#3269);
#3269 = DEFINITIONAL_REPRESENTATION('',(#3270),#3278);
#3270 = B_SPLINE_CURVE_WITH_KNOTS('',6,(#3271,#3272,#3273,#3274,#3275,
    #3276,#3277),.UNSPECIFIED.,.F.,.F.,(7,7),(0.,1.),
  .PIECEWISE_BEZIER_KNOTS.);
#3271 = CARTESIAN_POINT('',(-3.305717142337,19.6));
#3272 = CARTESIAN_POINT('',(-2.948613780243,19.416225060869));
#3273 = CARTESIAN_POINT('',(-2.602565384431,19.210893110961));
#3274 = CARTESIAN_POINT('',(-2.268920961134,18.985391887761));
#3275 = CARTESIAN_POINT('',(-1.948714771979,18.741235980376));
#3276 = CARTESIAN_POINT('',(-1.642740589151,18.479957641479));
#3277 = CARTESIAN_POINT('',(-1.351590443853,18.203053333299));
#3278 = ( GEOMETRIC_REPRESENTATION_CONTEXT(2) 
PARAMETRIC_REPRESENTATION_CONTEXT() REPRESENTATION_CONTEXT('2D SPACE',''
  ) );
#3279 = ORIENTED_EDGE('',*,*,#3166,.F.);
#3280 = ORIENTED_EDGE('',*,*,#2415,.T.);
#3281 = ORIENTED_EDGE('',*,*,#3282,.F.);
#3282 = EDGE_CURVE('',#2350,#2387,#3283,.T.);
#3283 = SURFACE_CURVE('',#3284,(#3289,#3295),.PCURVE_S1.);
#3284 = ELLIPSE('',#3285,9.240446681582,8.328003100994);
#3285 = AXIS2_PLACEMENT_3D('',#3286,#3287,#3288);
#3286 = CARTESIAN_POINT('',(-23.87693009009,-2.593542548249,61.75));
#3287 = DIRECTION('',(0.,-0.,1.));
#3288 = DIRECTION('',(0.568630483874,0.822593078508,0.));
#3289 = PCURVE('',#2364,#3290);
#3290 = DEFINITIONAL_REPRESENTATION('',(#3291),#3294);
#3291 = B_SPLINE_CURVE_WITH_KNOTS('',1,(#3292,#3293),.UNSPECIFIED.,.F.,
  .F.,(2,2),(0.,0.654294640866),.PIECEWISE_BEZIER_KNOTS.);
#3292 = CARTESIAN_POINT('',(5.592588014176,1.));
#3293 = CARTESIAN_POINT('',(6.28318530718,1.));
#3294 = ( GEOMETRIC_REPRESENTATION_CONTEXT(2) 
PARAMETRIC_REPRESENTATION_CONTEXT() REPRESENTATION_CONTEXT('2D SPACE',''
  ) );
#3295 = PCURVE('',#2403,#3296);
#3296 = DEFINITIONAL_REPRESENTATION('',(#3297),#3301);
#3297 = ELLIPSE('',#3298,9.240446681582,8.328003100994);
#3298 = AXIS2_PLACEMENT_2D('',#3299,#3300);
#3299 = CARTESIAN_POINT('',(0.,0.));
#3300 = DIRECTION('',(1.,0.));
#3301 = ( GEOMETRIC_REPRESENTATION_CONTEXT(2) 
PARAMETRIC_REPRESENTATION_CONTEXT() REPRESENTATION_CONTEXT('2D SPACE',''
  ) );
#3302 = ADVANCED_FACE('',(#3303),#2403,.T.);
#3303 = FACE_BOUND('',#3304,.T.);
#3304 = EDGE_LOOP('',(#3305,#3306));
#3305 = ORIENTED_EDGE('',*,*,#2386,.T.);
#3306 = ORIENTED_EDGE('',*,*,#3282,.T.);
#3307 = ADVANCED_FACE('',(#3308),#2332,.T.);
#3308 = FACE_BOUND('',#3309,.T.);
#3309 = EDGE_LOOP('',(#3310,#3311,#3312,#3313));
#3310 = ORIENTED_EDGE('',*,*,#2306,.T.);
#3311 = ORIENTED_EDGE('',*,*,#2592,.T.);
#3312 = ORIENTED_EDGE('',*,*,#3216,.T.);
#3313 = ORIENTED_EDGE('',*,*,#3247,.T.);
#3314 = ADVANCED_FACE('',(#3315),#2265,.F.);
#3315 = FACE_BOUND('',#3316,.F.);
#3316 = EDGE_LOOP('',(#3317,#3318));
#3317 = ORIENTED_EDGE('',*,*,#2249,.T.);
#3318 = ORIENTED_EDGE('',*,*,#2614,.T.);
#3319 = ( GEOMETRIC_REPRESENTATION_CONTEXT(3) 
GLOBAL_UNCERTAINTY_ASSIGNED_CONTEXT((#3323)) 
GLOBAL_UNIT_ASSIGNED_CONTEXT((#3320,#3321,#3322)) REPRESENTATION_CONTEXT
('Context #1','3D Context with UNIT and UNCERTAINTY') );
#3320 = ( LENGTH_UNIT() NAMED_UNIT(*) SI_UNIT(.MILLI.,.METRE.) );
#3321 = ( NAMED_UNIT(*) PLANE_ANGLE_UNIT() SI_UNIT($,.RADIAN.) );
#3322 = ( NAMED_UNIT(*) SI_UNIT($,.STERADIAN.) SOLID_ANGLE_UNIT() );
#3323 = UNCERTAINTY_MEASURE_WITH_UNIT(LENGTH_MEASURE(2.E-06),#3320,
  'distance_accuracy_value','confusion accuracy');
#3324 = CONTEXT_DEPENDENT_SHAPE_REPRESENTATION(#3325,#3327);
#3325 = ( REPRESENTATION_RELATIONSHIP('','',#453,#10) 
REPRESENTATION_RELATIONSHIP_WITH_TRANSFORMATION(#3326) 
SHAPE_REPRESENTATION_RELATIONSHIP() );
#3326 = ITEM_DEFINED_TRANSFORMATION('','',#11,#19);
#3327 = PRODUCT_DEFINITION_SHAPE('Placement','Placement of an item',
  #3328);
#3328 = NEXT_ASSEMBLY_USAGE_OCCURRENCE('8','foam_L','',#5,#448,$);
#3329 = PRODUCT_RELATED_PRODUCT_CATEGORY('part',$,(#450));
#3330 = SHAPE_DEFINITION_REPRESENTATION(#3331,#3337);
#3331 = PRODUCT_DEFINITION_SHAPE('','',#3332);
#3332 = PRODUCT_DEFINITION('design','',#3333,#3336);
#3333 = PRODUCT_DEFINITION_FORMATION('','',#3334);
#3334 = PRODUCT('band_L','band_L','',(#3335));
#3335 = PRODUCT_CONTEXT('',#2,'mechanical');
#3336 = PRODUCT_DEFINITION_CONTEXT('part definition',#2,'design');
#3337 = ADVANCED_BREP_SHAPE_REPRESENTATION('',(#11,#3338),#4422);
#3338 = MANIFOLD_SOLID_BREP('',#3339);
#3339 = CLOSED_SHELL('',(#3340,#3459,#3935,#4396));
#3340 = ADVANCED_FACE('',(#3341),#3354,.F.);
#3341 = FACE_BOUND('',#3342,.F.);
#3342 = EDGE_LOOP('',(#3343,#3382,#3420,#3421));
#3343 = ORIENTED_EDGE('',*,*,#3344,.T.);
#3344 = EDGE_CURVE('',#3345,#3347,#3349,.T.);
#3345 = VERTEX_POINT('',#3346);
#3346 = CARTESIAN_POINT('',(-28.08349853925,19.152438698242,
    37.506525608041));
#3347 = VERTEX_POINT('',#3348);
#3348 = CARTESIAN_POINT('',(-28.08349853925,19.152438698242,
    41.637260048738));
#3349 = SEAM_CURVE('',#3350,(#3353,#3375),.PCURVE_S1.);
#3350 = B_SPLINE_CURVE_WITH_KNOTS('',1,(#3351,#3352),.UNSPECIFIED.,.F.,
  .F.,(2,2),(0.,4.130734440697),.PIECEWISE_BEZIER_KNOTS.);
#3351 = CARTESIAN_POINT('',(-28.08349853925,19.152438698242,
    37.506525608041));
#3352 = CARTESIAN_POINT('',(-28.08349853925,19.152438698242,
    41.637260048738));
#3353 = PCURVE('',#3354,#3369);
#3354 = ( BOUNDED_SURFACE() B_SPLINE_SURFACE(2,1,(
    (#3355,#3356)
    ,(#3357,#3358)
    ,(#3359,#3360)
    ,(#3361,#3362)
    ,(#3363,#3364)
    ,(#3365,#3366)
    ,(#3367,#3368
)),.UNSPECIFIED.,.T.,.F.,.F.) B_SPLINE_SURFACE_WITH_KNOTS((3,2,2,3),(2,2
    ),(0.,2.094395102393,4.188790204786,6.28318530718),(-4.130734440697,
0.),.PIECEWISE_BEZIER_KNOTS.) GEOMETRIC_REPRESENTATION_ITEM() 
RATIONAL_B_SPLINE_SURFACE((
    (1.,1.)
    ,(0.5,0.5)
    ,(1.,1.)
    ,(0.5,0.5)
    ,(1.,1.)
    ,(0.5,0.5)
,(1.,1.))) REPRESENTATION_ITEM('') SURFACE() );
#3355 = CARTESIAN_POINT('',(-28.08349853925,19.152438698242,
    41.637260048738));
#3356 = CARTESIAN_POINT('',(-28.08349853925,19.152438698242,
    37.506525608041));
#3357 = CARTESIAN_POINT('',(-48.43937696997,18.256395179181,
    43.214469686443));
#3358 = CARTESIAN_POINT('',(-48.43937696997,18.256395179181,
    39.083735245746));
#3359 = CARTESIAN_POINT('',(-36.99710957364,-10.01797232131,
    41.281724467161));
#3360 = CARTESIAN_POINT('',(-36.99710957364,-10.01797232131,
    37.150990026464));
#3361 = CARTESIAN_POINT('',(-25.5548421773,-38.2923398218,
    39.348979247879));
#3362 = CARTESIAN_POINT('',(-25.5548421773,-38.2923398218,
    35.218244807182));
#3363 = CARTESIAN_POINT('',(-16.64123114291,-9.121928802249,
    39.704514829456));
#3364 = CARTESIAN_POINT('',(-16.64123114291,-9.121928802249,
    35.573780388759));
#3365 = CARTESIAN_POINT('',(-7.727620108527,20.048482217303,
    40.060050411033));
#3366 = CARTESIAN_POINT('',(-7.727620108527,20.048482217303,
    35.929315970336));
#3367 = CARTESIAN_POINT('',(-28.08349853925,19.152438698242,
    41.637260048738));
#3368 = CARTESIAN_POINT('',(-28.08349853925,19.152438698242,
    37.506525608041));
#3369 = DEFINITIONAL_REPRESENTATION('',(#3370),#3374);
#3370 = B_SPLINE_CURVE_WITH_KNOTS('',2,(#3371,#3372,#3373),
  .UNSPECIFIED.,.F.,.F.,(3,3),(0.,4.130734440697),
  .PIECEWISE_BEZIER_KNOTS.);
#3371 = CARTESIAN_POINT('',(0.,0.));
#3372 = CARTESIAN_POINT('',(0.,-2.065367220348));
#3373 = CARTESIAN_POINT('',(0.,-4.130734440697));
#3374 = ( GEOMETRIC_REPRESENTATION_CONTEXT(2) 
PARAMETRIC_REPRESENTATION_CONTEXT() REPRESENTATION_CONTEXT('2D SPACE',''
  ) );
#3375 = PCURVE('',#3354,#3376);
#3376 = DEFINITIONAL_REPRESENTATION('',(#3377),#3381);
#3377 = B_SPLINE_CURVE_WITH_KNOTS('',2,(#3378,#3379,#3380),
  .UNSPECIFIED.,.F.,.F.,(3,3),(0.,4.130734440697),
  .PIECEWISE_BEZIER_KNOTS.);
#3378 = CARTESIAN_POINT('',(6.28318530718,0.));
#3379 = CARTESIAN_POINT('',(6.28318530718,-2.065367220348));
#3380 = CARTESIAN_POINT('',(6.28318530718,-4.130734440697));
#3381 = ( GEOMETRIC_REPRESENTATION_CONTEXT(2) 
PARAMETRIC_REPRESENTATION_CONTEXT() REPRESENTATION_CONTEXT('2D SPACE',''
  ) );
#3382 = ORIENTED_EDGE('',*,*,#3383,.T.);
#3383 = EDGE_CURVE('',#3347,#3347,#3384,.T.);
#3384 = SURFACE_CURVE('',#3385,(#3393,#3404),.PCURVE_S1.);
#3385 = ( BOUNDED_CURVE() B_SPLINE_CURVE(2,(#3386,#3387,#3388,#3389,
#3390,#3391,#3392),.UNSPECIFIED.,.T.,.F.) B_SPLINE_CURVE_WITH_KNOTS((1,2
    ,2,2,2,1),(-2.094395102393,0.,2.094395102393,4.188790204786,
6.28318530718,8.377580409573),.UNSPECIFIED.) CURVE() 
GEOMETRIC_REPRESENTATION_ITEM() RATIONAL_B_SPLINE_CURVE((1.,0.5,1.,0.5,
1.,0.5,1.)) REPRESENTATION_ITEM('') );
#3386 = CARTESIAN_POINT('',(-28.08349853925,19.152438698242,
    41.637260048738));
#3387 = CARTESIAN_POINT('',(-48.43937696997,18.256395179181,
    43.214469686443));
#3388 = CARTESIAN_POINT('',(-36.99710957364,-10.01797232131,
    41.281724467161));
#3389 = CARTESIAN_POINT('',(-25.5548421773,-38.2923398218,
    39.348979247879));
#3390 = CARTESIAN_POINT('',(-16.64123114291,-9.121928802249,
    39.704514829456));
#3391 = CARTESIAN_POINT('',(-7.727620108527,20.048482217303,
    40.060050411033));
#3392 = CARTESIAN_POINT('',(-28.08349853925,19.152438698242,
    41.637260048738));
#3393 = PCURVE('',#3354,#3394);
#3394 = DEFINITIONAL_REPRESENTATION('',(#3395),#3403);
#3395 = B_SPLINE_CURVE_WITH_KNOTS('',2,(#3396,#3397,#3398,#3399,#3400,
    #3401,#3402),.UNSPECIFIED.,.F.,.F.,(3,2,2,3),(0.,2.094395102393,
    4.188790204786,6.28318530718),.PIECEWISE_BEZIER_KNOTS.);
#3396 = CARTESIAN_POINT('',(0.,-4.130734440697));
#3397 = CARTESIAN_POINT('',(1.047197551197,-4.130734440697));
#3398 = CARTESIAN_POINT('',(2.094395102393,-4.130734440697));
#3399 = CARTESIAN_POINT('',(3.14159265359,-4.130734440697));
#3400 = CARTESIAN_POINT('',(4.188790204786,-4.130734440697));
#3401 = CARTESIAN_POINT('',(5.235987755983,-4.130734440697));
#3402 = CARTESIAN_POINT('',(6.28318530718,-4.130734440697));
#3403 = ( GEOMETRIC_REPRESENTATION_CONTEXT(2) 
PARAMETRIC_REPRESENTATION_CONTEXT() REPRESENTATION_CONTEXT('2D SPACE',''
  ) );
#3404 = PCURVE('',#3405,#3410);
#3405 = B_SPLINE_SURFACE_WITH_KNOTS('',1,1,(
    (#3406,#3407)
    ,(#3408,#3409
    )),.UNSPECIFIED.,.F.,.F.,.F.,(2,2),(2,2),(-11.76385255311,
    11.763852553118),(-20.3592957945,17.974308159398),
  .PIECEWISE_BEZIER_KNOTS.);
#3406 = CARTESIAN_POINT('',(-38.15019952286,-19.66141128205,
    41.022341923729));
#3407 = CARTESIAN_POINT('',(-39.83597043082,18.635107731307,
    42.547862457635));
#3408 = CARTESIAN_POINT('',(-14.64525573972,-18.62674934818,
    39.201137105934));
#3409 = CARTESIAN_POINT('',(-16.33102664768,19.669769665178,
    40.72665763984));
#3410 = DEFINITIONAL_REPRESENTATION('',(#3411),#3419);
#3411 = ( BOUNDED_CURVE() B_SPLINE_CURVE(2,(#3412,#3413,#3414,#3415,
#3416,#3417,#3418),.UNSPECIFIED.,.T.,.F.) B_SPLINE_CURVE_WITH_KNOTS((3,2
    ,2,3),(0.,2.094395102393,4.188790204786,6.28318530718),
.PIECEWISE_BEZIER_KNOTS.) CURVE() GEOMETRIC_REPRESENTATION_ITEM() 
RATIONAL_B_SPLINE_CURVE((1.,0.5,1.,0.5,1.,0.5,1.)) REPRESENTATION_ITEM(
  '') );
#3412 = CARTESIAN_POINT('',(1.887679374998E-15,17.974308159398));
#3413 = CARTESIAN_POINT('',(-20.37559031475,17.974308159398));
#3414 = CARTESIAN_POINT('',(-10.18779515737,-10.77589480603));
#3415 = CARTESIAN_POINT('',(-7.377460958939E-15,-39.52609777146));
#3416 = CARTESIAN_POINT('',(10.187795157375,-10.77589480603));
#3417 = CARTESIAN_POINT('',(20.37559031475,17.974308159398));
#3418 = CARTESIAN_POINT('',(1.887679374998E-15,17.974308159398));
#3419 = ( GEOMETRIC_REPRESENTATION_CONTEXT(2) 
PARAMETRIC_REPRESENTATION_CONTEXT() REPRESENTATION_CONTEXT('2D SPACE',''
  ) );
#3420 = ORIENTED_EDGE('',*,*,#3344,.F.);
#3421 = ORIENTED_EDGE('',*,*,#3422,.F.);
#3422 = EDGE_CURVE('',#3345,#3345,#3423,.T.);
#3423 = SURFACE_CURVE('',#3424,(#3432,#3443),.PCURVE_S1.);
#3424 = ( BOUNDED_CURVE() B_SPLINE_CURVE(2,(#3425,#3426,#3427,#3428,
#3429,#3430,#3431),.UNSPECIFIED.,.T.,.F.) B_SPLINE_CURVE_WITH_KNOTS((1,2
    ,2,2,2,1),(-2.094395102393,0.,2.094395102393,4.188790204786,
6.28318530718,8.377580409573),.UNSPECIFIED.) CURVE() 
GEOMETRIC_REPRESENTATION_ITEM() RATIONAL_B_SPLINE_CURVE((1.,0.5,1.,0.5,
1.,0.5,1.)) REPRESENTATION_ITEM('') );
#3425 = CARTESIAN_POINT('',(-28.08349853925,19.152438698242,
    37.506525608041));
#3426 = CARTESIAN_POINT('',(-48.43937696997,18.256395179181,
    39.083735245746));
#3427 = CARTESIAN_POINT('',(-36.99710957364,-10.01797232131,
    37.150990026464));
#3428 = CARTESIAN_POINT('',(-25.5548421773,-38.2923398218,
    35.218244807182));
#3429 = CARTESIAN_POINT('',(-16.64123114291,-9.121928802249,
    35.573780388759));
#3430 = CARTESIAN_POINT('',(-7.727620108527,20.048482217303,
    35.929315970336));
#3431 = CARTESIAN_POINT('',(-28.08349853925,19.152438698242,
    37.506525608041));
#3432 = PCURVE('',#3354,#3433);
#3433 = DEFINITIONAL_REPRESENTATION('',(#3434),#3442);
#3434 = B_SPLINE_CURVE_WITH_KNOTS('',2,(#3435,#3436,#3437,#3438,#3439,
    #3440,#3441),.UNSPECIFIED.,.F.,.F.,(3,2,2,3),(0.,2.094395102393,
    4.188790204786,6.28318530718),.PIECEWISE_BEZIER_KNOTS.);
#3435 = CARTESIAN_POINT('',(0.,0.));
#3436 = CARTESIAN_POINT('',(1.047197551197,4.293784465779E-32));
#3437 = CARTESIAN_POINT('',(2.094395102393,0.));
#3438 = CARTESIAN_POINT('',(3.14159265359,0.));
#3439 = CARTESIAN_POINT('',(4.188790204786,0.));
#3440 = CARTESIAN_POINT('',(5.235987755983,3.146133054449E-16));
#3441 = CARTESIAN_POINT('',(6.28318530718,0.));
#3442 = ( GEOMETRIC_REPRESENTATION_CONTEXT(2) 
PARAMETRIC_REPRESENTATION_CONTEXT() REPRESENTATION_CONTEXT('2D SPACE',''
  ) );
#3443 = PCURVE('',#3444,#3449);
#3444 = B_SPLINE_SURFACE_WITH_KNOTS('',1,1,(
    (#3445,#3446)
    ,(#3447,#3448
    )),.UNSPECIFIED.,.F.,.F.,.F.,(2,2),(2,2),(-11.76385255311,
    11.763852553118),(-20.3592957945,17.974308159398),
  .PIECEWISE_BEZIER_KNOTS.);
#3445 = CARTESIAN_POINT('',(-38.15019952286,-19.66141128205,
    36.891607483032));
#3446 = CARTESIAN_POINT('',(-39.83597043082,18.635107731307,
    38.417128016938));
#3447 = CARTESIAN_POINT('',(-14.64525573972,-18.62674934818,
    35.070402665238));
#3448 = CARTESIAN_POINT('',(-16.33102664768,19.669769665178,
    36.595923199143));
#3449 = DEFINITIONAL_REPRESENTATION('',(#3450),#3458);
#3450 = ( BOUNDED_CURVE() B_SPLINE_CURVE(2,(#3451,#3452,#3453,#3454,
#3455,#3456,#3457),.UNSPECIFIED.,.T.,.F.) B_SPLINE_CURVE_WITH_KNOTS((3,2
    ,2,3),(0.,2.094395102393,4.188790204786,6.28318530718),
.PIECEWISE_BEZIER_KNOTS.) CURVE() GEOMETRIC_REPRESENTATION_ITEM() 
RATIONAL_B_SPLINE_CURVE((1.,0.5,1.,0.5,1.,0.5,1.)) REPRESENTATION_ITEM(
  '') );
#3451 = CARTESIAN_POINT('',(1.887679374998E-15,17.974308159398));
#3452 = CARTESIAN_POINT('',(-20.37559031475,17.974308159398));
#3453 = CARTESIAN_POINT('',(-10.18779515737,-10.77589480603));
#3454 = CARTESIAN_POINT('',(-7.377460958939E-15,-39.52609777146));
#3455 = CARTESIAN_POINT('',(10.187795157375,-10.77589480603));
#3456 = CARTESIAN_POINT('',(20.37559031475,17.974308159398));
#3457 = CARTESIAN_POINT('',(1.887679374998E-15,17.974308159398));
#3458 = ( GEOMETRIC_REPRESENTATION_CONTEXT(2) 
PARAMETRIC_REPRESENTATION_CONTEXT() REPRESENTATION_CONTEXT('2D SPACE',''
  ) );
#3459 = ADVANCED_FACE('',(#3460,#3463),#3444,.F.);
#3460 = FACE_BOUND('',#3461,.F.);
#3461 = EDGE_LOOP('',(#3462));
#3462 = ORIENTED_EDGE('',*,*,#3422,.T.);
#3463 = FACE_BOUND('',#3464,.F.);
#3464 = EDGE_LOOP('',(#3465));
#3465 = ORIENTED_EDGE('',*,*,#3466,.T.);
#3466 = EDGE_CURVE('',#3467,#3467,#3469,.T.);
#3467 = VERTEX_POINT('',#3468);
#3468 = CARTESIAN_POINT('',(-28.03072695294,17.953599609924,
    37.458770519767));
#3469 = SURFACE_CURVE('',#3470,(#3629,#3791),.PCURVE_S1.);
#3470 = B_SPLINE_CURVE_WITH_KNOTS('',7,(#3471,#3472,#3473,#3474,#3475,
    #3476,#3477,#3478,#3479,#3480,#3481,#3482,#3483,#3484,#3485,#3486,
    #3487,#3488,#3489,#3490,#3491,#3492,#3493,#3494,#3495,#3496,#3497,
    #3498,#3499,#3500,#3501,#3502,#3503,#3504,#3505,#3506,#3507,#3508,
    #3509,#3510,#3511,#3512,#3513,#3514,#3515,#3516,#3517,#3518,#3519,
    #3520,#3521,#3522,#3523,#3524,#3525,#3526,#3527,#3528,#3529,#3530,
    #3531,#3532,#3533,#3534,#3535,#3536,#3537,#3538,#3539,#3540,#3541,
    #3542,#3543,#3544,#3545,#3546,#3547,#3548,#3549,#3550,#3551,#3552,
    #3553,#3554,#3555,#3556,#3557,#3558,#3559,#3560,#3561,#3562,#3563,
    #3564,#3565,#3566,#3567,#3568,#3569,#3570,#3571,#3572,#3573,#3574,
    #3575,#3576,#3577,#3578,#3579,#3580,#3581,#3582,#3583,#3584,#3585,
    #3586,#3587,#3588,#3589,#3590,#3591,#3592,#3593,#3594,#3595,#3596,
    #3597,#3598,#3599,#3600,#3601,#3602,#3603,#3604,#3605,#3606,#3607,
    #3608,#3609,#3610,#3611,#3612,#3613,#3614,#3615,#3616,#3617,#3618,
    #3619,#3620,#3621,#3622,#3623,#3624,#3625,#3626,#3627,#3628),
  .UNSPECIFIED.,.T.,.F.,(8,6,6,6,6,6,6,6,6,6,6,6,6,6,6,6,6,6,6,6,6,6,6,6
    ,6,6,8),(0.,3.51840220509E-02,5.988646681921E-02,9.599635537209E-02,
    0.130252987063,0.159371710422,0.249996364676,0.34062101893,
    0.36973974229,0.40399637398,0.440106262534,0.464808707303,
    0.477117459074,0.499998634517,0.515403699212,0.535189567169,
    0.559892103642,0.596002126247,0.63025888511,0.659377716568,
    0.750002707251,0.840627697935,0.869746529393,0.904003288256,
    0.940113310861,0.964815847334,1.),.UNSPECIFIED.);
#3471 = CARTESIAN_POINT('',(-28.03072695294,17.953599609924,
    37.458770519767));
#3472 = CARTESIAN_POINT('',(-27.57395251165,17.973706813039,
    37.423378842133));
#3473 = CARTESIAN_POINT('',(-27.11507753069,17.954599509016,
    37.386395471283));
#3474 = CARTESIAN_POINT('',(-26.65886191039,17.895963017892,
    37.348185390042));
#3475 = CARTESIAN_POINT('',(-26.20910865783,17.799413379558,
    37.309108096307));
#3476 = CARTESIAN_POINT('',(-25.76880695737,17.667667563145,
    37.269498751692));
#3477 = CARTESIAN_POINT('',(-25.34023687652,17.50397488078,
    37.229655791873));
#3478 = CARTESIAN_POINT('',(-24.63352583251,17.176891373877,
    37.161877082991));
#3479 = CARTESIAN_POINT('',(-24.34851064718,17.027892131935,
    37.133920888708));
#3480 = CARTESIAN_POINT('',(-24.07043144,16.865933352236,37.106042083047
    ));
#3481 = CARTESIAN_POINT('',(-23.79955970418,16.692130168682,
    37.078302675076));
#3482 = CARTESIAN_POINT('',(-23.53603152555,16.507536062194,
    37.05075172429));
#3483 = CARTESIAN_POINT('',(-23.27987246631,16.313103204878,
    37.023425866832));
#3484 = CARTESIAN_POINT('',(-22.66723154097,15.81226399091,
    36.956769811848));
#3485 = CARTESIAN_POINT('',(-22.31915464614,15.495699392117,
    36.917735010326));
#3486 = CARTESIAN_POINT('',(-21.98649733216,15.162521417116,
    36.879315668559));
#3487 = CARTESIAN_POINT('',(-21.66887801287,14.814947064282,
    36.841562205242));
#3488 = CARTESIAN_POINT('',(-21.36582247103,14.454851137452,
    36.804505273702));
#3489 = CARTESIAN_POINT('',(-21.07677931103,14.083752993354,
    36.76815650216));
#3490 = CARTESIAN_POINT('',(-20.53966057385,13.341383890963,
    36.698692475556));
#3491 = CARTESIAN_POINT('',(-20.29030434148,12.971183711041,
    36.665514870078));
#3492 = CARTESIAN_POINT('',(-20.05259518892,12.593228629386,
    36.63297642252));
#3493 = CARTESIAN_POINT('',(-19.82610603337,12.208409081286,
    36.601075728612));
#3494 = CARTESIAN_POINT('',(-19.61044163644,11.81748405352,
    36.56980912381));
#3495 = CARTESIAN_POINT('',(-19.40522779702,11.421087852952,
    36.539170074712));
#3496 = CARTESIAN_POINT('',(-19.04426351837,10.678566718843,
    36.483631170166));
#3497 = CARTESIAN_POINT('',(-18.88571986703,10.333838951863,
    36.458561213558));
#3498 = CARTESIAN_POINT('',(-18.73427301779,9.985871698253,
    36.433934720175));
#3499 = CARTESIAN_POINT('',(-18.58973533418,9.634957095164,
    36.40974747151));
#3500 = CARTESIAN_POINT('',(-18.4519379225,9.281354721002,
    36.385995547652));
#3501 = CARTESIAN_POINT('',(-18.32072722171,8.92529306159,
    36.362675110908));
#3502 = CARTESIAN_POINT('',(-17.8076605557,7.451783169934,
    36.268533760716));
#3503 = CARTESIAN_POINT('',(-17.48195702025,6.315189362231,
    36.201457488751));
#3504 = CARTESIAN_POINT('',(-17.21429830459,5.162550784447,
    36.13838823691));
#3505 = CARTESIAN_POINT('',(-17.00223059327,3.998249949713,
    36.079291271522));
#3506 = CARTESIAN_POINT('',(-16.84405505103,2.825978199699,
    36.024166437875));
#3507 = CARTESIAN_POINT('',(-16.73892213702,1.648719757207,
    35.973055039037));
#3508 = CARTESIAN_POINT('',(-16.63503917154,-0.711242645597,
    35.879047249361));
#3509 = CARTESIAN_POINT('',(-16.63632262664,-1.893185420357,
    35.836181179927));
#3510 = CARTESIAN_POINT('',(-16.69088171835,-3.0748215164,
    35.797539403796));
#3511 = CARTESIAN_POINT('',(-16.79982491809,-4.253252900608,
    35.763314934302));
#3512 = CARTESIAN_POINT('',(-16.96516883936,-5.424951781155,
    35.733795496313));
#3513 = CARTESIAN_POINT('',(-17.18974288749,-6.585768206636,
    35.709355709488));
#3514 = CARTESIAN_POINT('',(-17.57135138379,-8.098660721032,
    35.684535380908));
#3515 = CARTESIAN_POINT('',(-17.67076831555,-8.464874356748,
    35.67908438301));
#3516 = CARTESIAN_POINT('',(-17.77696257328,-8.829216977509,
    35.674237367324));
#3517 = CARTESIAN_POINT('',(-17.89010720057,-9.191474474271,
    35.670015802066));
#3518 = CARTESIAN_POINT('',(-18.01039324638,-9.551403112911,
    35.666443656322));
#3519 = CARTESIAN_POINT('',(-18.13803329081,-9.908728373372,
    35.663547721073));
#3520 = CARTESIAN_POINT('',(-18.4323579022,-10.68009460817,
    35.658781764321));
#3521 = CARTESIAN_POINT('',(-18.60194764319,-11.09298925268,
    35.657183162742));
#3522 = CARTESIAN_POINT('',(-18.78242825926,-11.50135215092,
    35.656610577585));
#3523 = CARTESIAN_POINT('',(-18.97422823916,-11.90458432957,
    35.657119669283));
#3524 = CARTESIAN_POINT('',(-19.17780798287,-12.30196446609,
    35.658773069676));
#3525 = CARTESIAN_POINT('',(-19.39367116169,-12.692643096,
    35.661641490974));
#3526 = CARTESIAN_POINT('',(-19.8634822541,-13.47933614889,
    35.670196177105));
#3527 = CARTESIAN_POINT('',(-20.11879995619,-13.87439646314,
    35.676025452606));
#3528 = CARTESIAN_POINT('',(-20.38904258051,-14.25972834862,
    35.683388681858));
#3529 = CARTESIAN_POINT('',(-20.6748928921,-14.633866775,35.692393118041
    ));
#3530 = CARTESIAN_POINT('',(-20.97698800846,-14.99498585818,
    35.703155522671));
#3531 = CARTESIAN_POINT('',(-21.29590284206,-15.34091070382,
    35.715800425659));
#3532 = CARTESIAN_POINT('',(-21.86216665639,-15.89364401586,
    35.74048800508));
#3533 = CARTESIAN_POINT('',(-22.10025059497,-16.10983290972,
    35.751456973472));
#3534 = CARTESIAN_POINT('',(-22.34653965739,-16.31686861392,
    35.763407568579));
#3535 = CARTESIAN_POINT('',(-22.60109204537,-16.5138003931,
    35.776378955516));
#3536 = CARTESIAN_POINT('',(-22.86386476624,-16.69956688351,
    35.790406318453));
#3537 = CARTESIAN_POINT('',(-23.13468536094,-16.87303340894,
    35.80551726825));
#3538 = CARTESIAN_POINT('',(-23.55199764021,-17.11277432939,
    35.829803779513));
#3539 = CARTESIAN_POINT('',(-23.69269266402,-17.18916180553,
    35.838153285109));
#3540 = CARTESIAN_POINT('',(-23.83525231369,-17.26206230524,
    35.846777012307));
#3541 = CARTESIAN_POINT('',(-23.97961937365,-17.33132997977,
    35.855675738477));
#3542 = CARTESIAN_POINT('',(-24.12572362705,-17.39682013242,
    35.864849170936));
#3543 = CARTESIAN_POINT('',(-24.27348052352,-17.45839203655,
    35.874295739154));
#3544 = CARTESIAN_POINT('',(-24.7003462486,-17.62283721808,
    35.902075007732));
#3545 = CARTESIAN_POINT('',(-24.98331287878,-17.71577775281,
    35.921073879172));
#3546 = CARTESIAN_POINT('',(-25.27098321672,-17.79384042298,
    35.940985589354));
#3547 = CARTESIAN_POINT('',(-25.56253967883,-17.85627124454,
    35.961772891961));
#3548 = CARTESIAN_POINT('',(-25.85704574115,-17.90249405981,
    35.983382670049));
#3549 = CARTESIAN_POINT('',(-26.15343529238,-17.93216481316,
    36.005743120966));
#3550 = CARTESIAN_POINT('',(-26.65050155644,-17.95404514707,
    36.044256697765));
#3551 = CARTESIAN_POINT('',(-26.85084354455,-17.95532850003,
    36.060053491009));
#3552 = CARTESIAN_POINT('',(-27.0511725306,-17.94907501154,
    36.076123245385));
#3553 = CARTESIAN_POINT('',(-27.25115158715,-17.93532812337,
    36.092437736739));
#3554 = CARTESIAN_POINT('',(-27.45045919398,-17.91418530187,
    36.108967995378));
#3555 = CARTESIAN_POINT('',(-27.64878892162,-17.88579234672,
    36.125684487937));
#3556 = CARTESIAN_POINT('',(-28.09894797381,-17.80480107815,
    36.164228274416));
#3557 = CARTESIAN_POINT('',(-28.34997508669,-17.74761010753,
    36.186159086253));
#3558 = CARTESIAN_POINT('',(-28.59832065453,-17.67916351548,
    36.208287015546));
#3559 = CARTESIAN_POINT('',(-28.84348113964,-17.59995610528,
    36.230554253773));
#3560 = CARTESIAN_POINT('',(-29.08504878094,-17.51054509345,
    36.252908297684));
#3561 = CARTESIAN_POINT('',(-29.32270110934,-17.4115164473,
    36.275302343906));
#3562 = CARTESIAN_POINT('',(-29.84770033803,-17.16853299075,
    36.325653599185));
#3563 = CARTESIAN_POINT('',(-30.13271552335,-17.01953374881,
    36.353609793467));
#3564 = CARTESIAN_POINT('',(-30.41079473053,-16.85757496911,
    36.381488599129));
#3565 = CARTESIAN_POINT('',(-30.68166646635,-16.68377178556,
    36.409228007099));
#3566 = CARTESIAN_POINT('',(-30.94519464498,-16.49917767907,
    36.436778957886));
#3567 = CARTESIAN_POINT('',(-31.20135370422,-16.30474482175,
    36.464104815344));
#3568 = CARTESIAN_POINT('',(-31.81399462957,-15.80390560778,
    36.530760870328));
#3569 = CARTESIAN_POINT('',(-32.16207152439,-15.48734100899,
    36.56979567185));
#3570 = CARTESIAN_POINT('',(-32.49472883837,-15.15416303399,
    36.608215013617));
#3571 = CARTESIAN_POINT('',(-32.81234815766,-14.80658868116,
    36.645968476934));
#3572 = CARTESIAN_POINT('',(-33.11540369951,-14.44649275433,
    36.683025408474));
#3573 = CARTESIAN_POINT('',(-33.4044468595,-14.07539461023,
    36.719374180016));
#3574 = CARTESIAN_POINT('',(-33.94156559669,-13.33302550784,
    36.788838206619));
#3575 = CARTESIAN_POINT('',(-34.19092182905,-12.96282532791,
    36.822015812097));
#3576 = CARTESIAN_POINT('',(-34.42863098161,-12.58487024626,
    36.854554259655));
#3577 = CARTESIAN_POINT('',(-34.65512013716,-12.20005069816,
    36.886454953564));
#3578 = CARTESIAN_POINT('',(-34.87078453409,-11.80912567039,
    36.917721558366));
#3579 = CARTESIAN_POINT('',(-35.07599837351,-11.41272946983,
    36.948360607463));
#3580 = CARTESIAN_POINT('',(-35.43696265217,-10.67020833572,
    37.003899512009));
#3581 = CARTESIAN_POINT('',(-35.5955063035,-10.32548056874,
    37.028969468618));
#3582 = CARTESIAN_POINT('',(-35.74695315275,-9.977513315132,
    37.053595962001));
#3583 = CARTESIAN_POINT('',(-35.89149083636,-9.626598712044,
    37.077783210665));
#3584 = CARTESIAN_POINT('',(-36.02928824803,-9.272996337881,
    37.101535134523));
#3585 = CARTESIAN_POINT('',(-36.16049894882,-8.916934678469,
    37.124855571268));
#3586 = CARTESIAN_POINT('',(-36.67356561483,-7.443424786815,
    37.218996921459));
#3587 = CARTESIAN_POINT('',(-36.99926915029,-6.306830979101,
    37.286073193425));
#3588 = CARTESIAN_POINT('',(-37.26692786593,-5.15419240134,
    37.349142445264));
#3589 = CARTESIAN_POINT('',(-37.47899557728,-3.989891566578,
    37.408239410656));
#3590 = CARTESIAN_POINT('',(-37.63717111949,-2.817619816586,
    37.4633642443));
#3591 = CARTESIAN_POINT('',(-37.74230403352,-1.640361374084,
    37.514475643139));
#3592 = CARTESIAN_POINT('',(-37.846186999,0.719601028718,37.608483432815
    ));
#3593 = CARTESIAN_POINT('',(-37.84490354389,1.901543803479,
    37.651349502249));
#3594 = CARTESIAN_POINT('',(-37.79034445218,3.083179899521,
    37.689991278379));
#3595 = CARTESIAN_POINT('',(-37.68140125245,4.26161128373,
    37.724215747874));
#3596 = CARTESIAN_POINT('',(-37.51605733117,5.433310164277,
    37.753735185862));
#3597 = CARTESIAN_POINT('',(-37.29148328305,6.594126589757,
    37.778174972688));
#3598 = CARTESIAN_POINT('',(-36.90987478675,8.107019104154,
    37.802995301268));
#3599 = CARTESIAN_POINT('',(-36.81045785498,8.47323273987,
    37.808446299166));
#3600 = CARTESIAN_POINT('',(-36.70426359726,8.837575360631,
    37.813293314851));
#3601 = CARTESIAN_POINT('',(-36.59111896997,9.199832857393,
    37.817514880109));
#3602 = CARTESIAN_POINT('',(-36.47083292415,9.559761496033,
    37.821087025854));
#3603 = CARTESIAN_POINT('',(-36.34319287972,9.917086756495,
    37.823982961103));
#3604 = CARTESIAN_POINT('',(-36.04886826834,10.688452991297,
    37.828748917855));
#3605 = CARTESIAN_POINT('',(-35.87927852734,11.101347635806,
    37.830347519433));
#3606 = CARTESIAN_POINT('',(-35.69879791127,11.509710534049,
    37.830920104591));
#3607 = CARTESIAN_POINT('',(-35.50699793137,11.91294271269,
    37.830411012893));
#3608 = CARTESIAN_POINT('',(-35.30341818766,12.31032284922,37.8287576125
    ));
#3609 = CARTESIAN_POINT('',(-35.08755500885,12.701001479127,
    37.825889191202));
#3610 = CARTESIAN_POINT('',(-34.61774391643,13.48769453202,
    37.817334505071));
#3611 = CARTESIAN_POINT('',(-34.36242621435,13.882754846264,
    37.81150522957));
#3612 = CARTESIAN_POINT('',(-34.09218359002,14.268086731743,
    37.804142000318));
#3613 = CARTESIAN_POINT('',(-33.80633327843,14.642225158123,
    37.795137564135));
#3614 = CARTESIAN_POINT('',(-33.50423816207,15.003344241305,
    37.784375159504));
#3615 = CARTESIAN_POINT('',(-33.18532332847,15.349269086947,
    37.771730256516));
#3616 = CARTESIAN_POINT('',(-32.61905951414,15.902002398984,
    37.747042677096));
#3617 = CARTESIAN_POINT('',(-32.38097557556,16.118191292847,
    37.736073708704));
#3618 = CARTESIAN_POINT('',(-32.13468651315,16.325226997042,
    37.724123113596));
#3619 = CARTESIAN_POINT('',(-31.88013412516,16.522158776224,
    37.711151726659));
#3620 = CARTESIAN_POINT('',(-31.6173614043,16.707925266633,
    37.697124363723));
#3621 = CARTESIAN_POINT('',(-31.34654080959,16.88139179207,
    37.682013413925));
#3622 = CARTESIAN_POINT('',(-30.67130323483,17.269307166669,
    37.642716287797));
#3623 = CARTESIAN_POINT('',(-30.25877406778,17.470024118585,
    37.61738938307));
#3624 = CARTESIAN_POINT('',(-29.83175156402,17.639948598462,
    37.589796906915));
#3625 = CARTESIAN_POINT('',(-29.39222146306,17.77564351801,
    37.559970945966));
#3626 = CARTESIAN_POINT('',(-28.94292265412,17.874139764561,
    37.528020159931));
#3627 = CARTESIAN_POINT('',(-28.48750143742,17.933493387857,
    37.49416223648));
#3628 = CARTESIAN_POINT('',(-28.03072695294,17.953599609924,
    37.458770519767));
#3629 = PCURVE('',#3444,#3630);
#3630 = DEFINITIONAL_REPRESENTATION('',(#3631),#3790);
#3631 = B_SPLINE_CURVE_WITH_KNOTS('',7,(#3632,#3633,#3634,#3635,#3636,
    #3637,#3638,#3639,#3640,#3641,#3642,#3643,#3644,#3645,#3646,#3647,
    #3648,#3649,#3650,#3651,#3652,#3653,#3654,#3655,#3656,#3657,#3658,
    #3659,#3660,#3661,#3662,#3663,#3664,#3665,#3666,#3667,#3668,#3669,
    #3670,#3671,#3672,#3673,#3674,#3675,#3676,#3677,#3678,#3679,#3680,
    #3681,#3682,#3683,#3684,#3685,#3686,#3687,#3688,#3689,#3690,#3691,
    #3692,#3693,#3694,#3695,#3696,#3697,#3698,#3699,#3700,#3701,#3702,
    #3703,#3704,#3705,#3706,#3707,#3708,#3709,#3710,#3711,#3712,#3713,
    #3714,#3715,#3716,#3717,#3718,#3719,#3720,#3721,#3722,#3723,#3724,
    #3725,#3726,#3727,#3728,#3729,#3730,#3731,#3732,#3733,#3734,#3735,
    #3736,#3737,#3738,#3739,#3740,#3741,#3742,#3743,#3744,#3745,#3746,
    #3747,#3748,#3749,#3750,#3751,#3752,#3753,#3754,#3755,#3756,#3757,
    #3758,#3759,#3760,#3761,#3762,#3763,#3764,#3765,#3766,#3767,#3768,
    #3769,#3770,#3771,#3772,#3773,#3774,#3775,#3776,#3777,#3778,#3779,
    #3780,#3781,#3782,#3783,#3784,#3785,#3786,#3787,#3788,#3789),
  .UNSPECIFIED.,.F.,.F.,(8,6,6,6,6,6,6,6,6,6,6,6,6,6,6,6,6,6,6,6,6,6,6,6
    ,6,6,8),(0.,3.51840220509E-02,5.988646681921E-02,9.599635537209E-02,
    0.130252987063,0.159371710422,0.249996364676,0.34062101893,
    0.36973974229,0.40399637398,0.440106262534,0.464808707303,
    0.477117459074,0.499998634517,0.515403699212,0.535189567169,
    0.559892103642,0.596002126247,0.63025888511,0.659377716568,
    0.750002707251,0.840627697935,0.869746529393,0.904003288256,
    0.940113310861,0.964815847334,1.),.UNSPECIFIED.);
#3632 = CARTESIAN_POINT('',(3.552713678801E-15,16.774308159398));
#3633 = CARTESIAN_POINT('',(0.457216786478,16.774308650397));
#3634 = CARTESIAN_POINT('',(0.914807570713,16.735040197398));
#3635 = CARTESIAN_POINT('',(1.368003218767,16.65639774778));
#3636 = CARTESIAN_POINT('',(1.813075470173,16.540163020294));
#3637 = CARTESIAN_POINT('',(2.247157514714,16.389181808939));
#3638 = CARTESIAN_POINT('',(2.668114383451,16.206800551354));
#3639 = CARTESIAN_POINT('',(3.359757806946,15.848954921294));
#3640 = CARTESIAN_POINT('',(3.637944822429,15.687565905609));
#3641 = CARTESIAN_POINT('',(3.908632657006,15.513534908374));
#3642 = CARTESIAN_POINT('',(4.171599119608,15.327987923955));
#3643 = CARTESIAN_POINT('',(4.426754584264,15.131983398659));
#3644 = CARTESIAN_POINT('',(4.674115386545,14.92647370757));
#3645 = CARTESIAN_POINT('',(5.264138560378,14.399177324124));
#3646 = CARTESIAN_POINT('',(5.59795736972,14.067611836701));
#3647 = CARTESIAN_POINT('',(5.915640920345,13.720127141741));
#3648 = CARTESIAN_POINT('',(6.217667924683,13.358921312078));
#3649 = CARTESIAN_POINT('',(6.504594588197,12.985846483485));
#3650 = CARTESIAN_POINT('',(6.777038588757,12.602396294476));
#3651 = CARTESIAN_POINT('',(7.280991040463,11.837124873057));
#3652 = CARTESIAN_POINT('',(7.513825996739,11.456317064615));
#3653 = CARTESIAN_POINT('',(7.734684108842,11.068274052468));
#3654 = CARTESIAN_POINT('',(7.944031204472,10.673866628942));
#3655 = CARTESIAN_POINT('',(8.142295517105,10.273835665422));
#3656 = CARTESIAN_POINT('',(8.329878780312,9.868798399139));
#3657 = CARTESIAN_POINT('',(8.657840504166,9.111121718258));
#3658 = CARTESIAN_POINT('',(8.801070916927,8.759755283371));
#3659 = CARTESIAN_POINT('',(8.93706893253,8.405464587073));
#3660 = CARTESIAN_POINT('',(9.066034853016,8.048533232331));
#3661 = CARTESIAN_POINT('',(9.188148823997,7.689213119105));
#3662 = CARTESIAN_POINT('',(9.303574305934,7.327725759125));
#3663 = CARTESIAN_POINT('',(9.751345072349,5.833078594969));
#3664 = CARTESIAN_POINT('',(10.026750298416,4.683261114598));
#3665 = CARTESIAN_POINT('',(10.243461268819,3.51996698396));
#3666 = CARTESIAN_POINT('',(10.404122151908,2.347466566651));
#3667 = CARTESIAN_POINT('',(10.510592471089,1.169372924712));
#3668 = CARTESIAN_POINT('',(10.563852180493,-1.136996575221E-02));
#3669 = CARTESIAN_POINT('',(10.563852180495,-2.373617669353));
#3670 = CARTESIAN_POINT('',(10.510592471081,-3.554360559831));
#3671 = CARTESIAN_POINT('',(10.404122151925,-4.732454201738));
#3672 = CARTESIAN_POINT('',(10.2434612688,-5.904954619088));
#3673 = CARTESIAN_POINT('',(10.026750298429,-7.068248749694));
#3674 = CARTESIAN_POINT('',(9.751345072346,-8.218066230081));
#3675 = CARTESIAN_POINT('',(9.303574305935,-9.712713394233));
#3676 = CARTESIAN_POINT('',(9.188148823998,-10.07420075421));
#3677 = CARTESIAN_POINT('',(9.066034853017,-10.43352086744));
#3678 = CARTESIAN_POINT('',(8.937068932531,-10.79045222218));
#3679 = CARTESIAN_POINT('',(8.801070916928,-11.14474291848));
#3680 = CARTESIAN_POINT('',(8.657840504167,-11.49610935336));
#3681 = CARTESIAN_POINT('',(8.329878780314,-12.25378603424));
#3682 = CARTESIAN_POINT('',(8.142295517106,-12.65882330052));
#3683 = CARTESIAN_POINT('',(7.944031204474,-13.05885426405));
#3684 = CARTESIAN_POINT('',(7.734684108843,-13.45326168757));
#3685 = CARTESIAN_POINT('',(7.51382599674,-13.84130469972));
#3686 = CARTESIAN_POINT('',(7.280991040465,-14.22211250816));
#3687 = CARTESIAN_POINT('',(6.777038588757,-14.98738392958));
#3688 = CARTESIAN_POINT('',(6.5045945882,-15.37083411859));
#3689 = CARTESIAN_POINT('',(6.217667924684,-15.74390894718));
#3690 = CARTESIAN_POINT('',(5.915640920346,-16.10511477685));
#3691 = CARTESIAN_POINT('',(5.597957369723,-16.45259947181));
#3692 = CARTESIAN_POINT('',(5.264138560379,-16.78416495923));
#3693 = CARTESIAN_POINT('',(4.674115386548,-17.31146134268));
#3694 = CARTESIAN_POINT('',(4.426754584264,-17.51697103377));
#3695 = CARTESIAN_POINT('',(4.17159911961,-17.71297555906));
#3696 = CARTESIAN_POINT('',(3.908632657008,-17.89852254348));
#3697 = CARTESIAN_POINT('',(3.637944822429,-18.07255354072));
#3698 = CARTESIAN_POINT('',(3.359757806948,-18.2339425564));
#3699 = CARTESIAN_POINT('',(2.9323063227,-18.45509968602));
#3700 = CARTESIAN_POINT('',(2.788388170729,-18.52522601323));
#3701 = CARTESIAN_POINT('',(2.642760541189,-18.59178673803));
#3702 = CARTESIAN_POINT('',(2.495487008184,-18.65463866887));
#3703 = CARTESIAN_POINT('',(2.346644083858,-18.71364033694));
#3704 = CARTESIAN_POINT('',(2.196322425429,-18.76865486995));
#3705 = CARTESIAN_POINT('',(1.762637967283,-18.91416897831));
#3706 = CARTESIAN_POINT('',(1.475857903619,-18.9945757683));
#3707 = CARTESIAN_POINT('',(1.185032956442,-19.05991223518));
#3708 = CARTESIAN_POINT('',(0.891013075841,-19.10946107869));
#3709 = CARTESIAN_POINT('',(0.594759217063,-19.14268788338));
#3710 = CARTESIAN_POINT('',(0.297351590304,-19.15929581014));
#3711 = CARTESIAN_POINT('',(-0.200196015332,-19.1592958304));
#3712 = CARTESIAN_POINT('',(-0.400400624455,-19.15176763804));
#3713 = CARTESIAN_POINT('',(-0.60026080154,-19.13671046736));
#3714 = CARTESIAN_POINT('',(-0.799441855484,-19.11418253492));
#3715 = CARTESIAN_POINT('',(-0.997626863354,-19.08429535207));
#3716 = CARTESIAN_POINT('',(-1.194516103838,-19.04720805306));
#3717 = CARTESIAN_POINT('',(-1.640677962174,-18.94649879819));
#3718 = CARTESIAN_POINT('',(-1.888947176271,-18.8783239065));
#3719 = CARTESIAN_POINT('',(-2.134042458678,-18.79902220684));
#3720 = CARTESIAN_POINT('',(-2.375482518496,-18.70911016757));
#3721 = CARTESIAN_POINT('',(-2.612884493446,-18.60916239795));
#3722 = CARTESIAN_POINT('',(-2.845951995081,-18.49977847943));
#3723 = CARTESIAN_POINT('',(-3.359757806946,-18.2339425564));
#3724 = CARTESIAN_POINT('',(-3.637944822426,-18.07255354072));
#3725 = CARTESIAN_POINT('',(-3.908632657006,-17.89852254348));
#3726 = CARTESIAN_POINT('',(-4.171599119608,-17.71297555906));
#3727 = CARTESIAN_POINT('',(-4.426754584261,-17.51697103377));
#3728 = CARTESIAN_POINT('',(-4.674115386545,-17.31146134268));
#3729 = CARTESIAN_POINT('',(-5.264138560377,-16.78416495923));
#3730 = CARTESIAN_POINT('',(-5.59795736972,-16.45259947181));
#3731 = CARTESIAN_POINT('',(-5.915640920344,-16.10511477685));
#3732 = CARTESIAN_POINT('',(-6.217667924682,-15.74390894719));
#3733 = CARTESIAN_POINT('',(-6.504594588197,-15.37083411859));
#3734 = CARTESIAN_POINT('',(-6.777038588755,-14.98738392958));
#3735 = CARTESIAN_POINT('',(-7.280991040463,-14.22211250817));
#3736 = CARTESIAN_POINT('',(-7.513825996736,-13.84130469972));
#3737 = CARTESIAN_POINT('',(-7.734684108842,-13.45326168758));
#3738 = CARTESIAN_POINT('',(-7.944031204472,-13.05885426405));
#3739 = CARTESIAN_POINT('',(-8.142295517102,-12.65882330053));
#3740 = CARTESIAN_POINT('',(-8.329878780313,-12.25378603425));
#3741 = CARTESIAN_POINT('',(-8.657840504165,-11.49610935337));
#3742 = CARTESIAN_POINT('',(-8.801070916927,-11.14474291848));
#3743 = CARTESIAN_POINT('',(-8.93706893253,-10.79045222218));
#3744 = CARTESIAN_POINT('',(-9.066034853015,-10.43352086744));
#3745 = CARTESIAN_POINT('',(-9.188148823997,-10.07420075421));
#3746 = CARTESIAN_POINT('',(-9.303574305934,-9.712713394237));
#3747 = CARTESIAN_POINT('',(-9.751345072346,-8.218066230083));
#3748 = CARTESIAN_POINT('',(-10.02675029842,-7.068248749701));
#3749 = CARTESIAN_POINT('',(-10.2434612688,-5.904954619087));
#3750 = CARTESIAN_POINT('',(-10.40412215192,-4.732454201748));
#3751 = CARTESIAN_POINT('',(-10.51059247108,-3.554360559832));
#3752 = CARTESIAN_POINT('',(-10.56385218049,-2.373617669357));
#3753 = CARTESIAN_POINT('',(-10.56385218049,-1.136996575959E-02));
#3754 = CARTESIAN_POINT('',(-10.51059247108,1.169372924721));
#3755 = CARTESIAN_POINT('',(-10.40412215192,2.347466566625));
#3756 = CARTESIAN_POINT('',(-10.2434612688,3.519966983978));
#3757 = CARTESIAN_POINT('',(-10.02675029842,4.683261114583));
#3758 = CARTESIAN_POINT('',(-9.751345072348,5.833078594969));
#3759 = CARTESIAN_POINT('',(-9.303574305935,7.327725759122));
#3760 = CARTESIAN_POINT('',(-9.188148823998,7.689213119102));
#3761 = CARTESIAN_POINT('',(-9.066034853016,8.048533232329));
#3762 = CARTESIAN_POINT('',(-8.937068932531,8.40546458707));
#3763 = CARTESIAN_POINT('',(-8.801070916928,8.759755283368));
#3764 = CARTESIAN_POINT('',(-8.657840504167,9.111121718255));
#3765 = CARTESIAN_POINT('',(-8.329878780314,9.868798399136));
#3766 = CARTESIAN_POINT('',(-8.142295517104,10.27383566542));
#3767 = CARTESIAN_POINT('',(-7.944031204474,10.67386662894));
#3768 = CARTESIAN_POINT('',(-7.734684108844,11.068274052465));
#3769 = CARTESIAN_POINT('',(-7.513825996738,11.456317064612));
#3770 = CARTESIAN_POINT('',(-7.280991040465,11.837124873056));
#3771 = CARTESIAN_POINT('',(-6.777038588757,12.602396294475));
#3772 = CARTESIAN_POINT('',(-6.5045945882,12.985846483482));
#3773 = CARTESIAN_POINT('',(-6.217667924683,13.358921312077));
#3774 = CARTESIAN_POINT('',(-5.915640920345,13.72012714174));
#3775 = CARTESIAN_POINT('',(-5.597957369723,14.067611836698));
#3776 = CARTESIAN_POINT('',(-5.264138560379,14.399177324123));
#3777 = CARTESIAN_POINT('',(-4.674115386548,14.926473707568));
#3778 = CARTESIAN_POINT('',(-4.426754584263,15.13198339866));
#3779 = CARTESIAN_POINT('',(-4.17159911961,15.327987923953));
#3780 = CARTESIAN_POINT('',(-3.908632657008,15.513534908373));
#3781 = CARTESIAN_POINT('',(-3.637944822429,15.687565905609));
#3782 = CARTESIAN_POINT('',(-3.359757806948,15.848954921293));
#3783 = CARTESIAN_POINT('',(-2.668114383452,16.206800551354));
#3784 = CARTESIAN_POINT('',(-2.247157514714,16.389181808939));
#3785 = CARTESIAN_POINT('',(-1.813075470174,16.540163020293));
#3786 = CARTESIAN_POINT('',(-1.368003218768,16.656397747779));
#3787 = CARTESIAN_POINT('',(-0.914807570712,16.735040197399));
#3788 = CARTESIAN_POINT('',(-0.457216786478,16.774308650396));
#3789 = CARTESIAN_POINT('',(1.7763568394E-15,16.774308159398));
#3790 = ( GEOMETRIC_REPRESENTATION_CONTEXT(2) 
PARAMETRIC_REPRESENTATION_CONTEXT() REPRESENTATION_CONTEXT('2D SPACE',''
  ) );
#3791 = PCURVE('',#3792,#3807);
#3792 = ( BOUNDED_SURFACE() B_SPLINE_SURFACE(2,1,(
    (#3793,#3794)
    ,(#3795,#3796)
    ,(#3797,#3798)
    ,(#3799,#3800)
    ,(#3801,#3802)
    ,(#3803,#3804)
    ,(#3805,#3806
)),.UNSPECIFIED.,.T.,.F.,.F.) B_SPLINE_SURFACE_WITH_KNOTS((3,2,2,3),(2,2
    ),(0.,2.094395102393,4.188790204786,6.28318530718),(-5.130734440697,
-1.),.PIECEWISE_BEZIER_KNOTS.) GEOMETRIC_REPRESENTATION_ITEM() 
RATIONAL_B_SPLINE_SURFACE((
    (1.,1.)
    ,(0.5,0.5)
    ,(1.,1.)
    ,(0.5,0.5)
    ,(1.,1.)
    ,(0.5,0.5)
,(1.,1.))) REPRESENTATION_ITEM('') SURFACE() );
#3793 = CARTESIAN_POINT('',(-28.03072695294,17.953599609924,
    41.589504960463));
#3794 = CARTESIAN_POINT('',(-28.03072695294,17.953599609924,
    37.458770519767));
#3795 = CARTESIAN_POINT('',(-46.3101551726,17.148959159545,
    43.005827545504));
#3796 = CARTESIAN_POINT('',(-46.3101551726,17.148959159545,
    38.875093104807));
#3797 = CARTESIAN_POINT('',(-35.98527026126,-9.372851242811,
    41.225158484966));
#3798 = CARTESIAN_POINT('',(-35.98527026126,-9.372851242811,
    37.094424044269));
#3799 = CARTESIAN_POINT('',(-25.66038534992,-35.89466164516,
    39.444489424427));
#3800 = CARTESIAN_POINT('',(-25.66038534992,-35.89466164516,
    35.31375498373));
#3801 = CARTESIAN_POINT('',(-17.7058420416,-8.568210792431,
    39.808835899925));
#3802 = CARTESIAN_POINT('',(-17.7058420416,-8.568210792431,
    35.678101459228));
#3803 = CARTESIAN_POINT('',(-9.751298733285,18.758240060304,
    40.173182375423));
#3804 = CARTESIAN_POINT('',(-9.751298733285,18.758240060304,
    36.042447934726));
#3805 = CARTESIAN_POINT('',(-28.03072695294,17.953599609924,
    41.589504960463));
#3806 = CARTESIAN_POINT('',(-28.03072695294,17.953599609924,
    37.458770519767));
#3807 = DEFINITIONAL_REPRESENTATION('',(#3808),#3934);
#3808 = B_SPLINE_CURVE_WITH_KNOTS('',8,(#3809,#3810,#3811,#3812,#3813,
    #3814,#3815,#3816,#3817,#3818,#3819,#3820,#3821,#3822,#3823,#3824,
    #3825,#3826,#3827,#3828,#3829,#3830,#3831,#3832,#3833,#3834,#3835,
    #3836,#3837,#3838,#3839,#3840,#3841,#3842,#3843,#3844,#3845,#3846,
    #3847,#3848,#3849,#3850,#3851,#3852,#3853,#3854,#3855,#3856,#3857,
    #3858,#3859,#3860,#3861,#3862,#3863,#3864,#3865,#3866,#3867,#3868,
    #3869,#3870,#3871,#3872,#3873,#3874,#3875,#3876,#3877,#3878,#3879,
    #3880,#3881,#3882,#3883,#3884,#3885,#3886,#3887,#3888,#3889,#3890,
    #3891,#3892,#3893,#3894,#3895,#3896,#3897,#3898,#3899,#3900,#3901,
    #3902,#3903,#3904,#3905,#3906,#3907,#3908,#3909,#3910,#3911,#3912,
    #3913,#3914,#3915,#3916,#3917,#3918,#3919,#3920,#3921,#3922,#3923,
    #3924,#3925,#3926,#3927,#3928,#3929,#3930,#3931,#3932,#3933),
  .UNSPECIFIED.,.F.,.F.,(9,7,7,7,7,8,8,8,8,8,8,8,8,8,8,8,9),(0.,6.25E-02
    ,0.1796875,0.2822265625,0.327087402344,0.348115921021,0.358301609755
    ,0.438513908535,0.508699669968,0.631524752476,0.643039603961,
    0.648617110149,0.659597825457,0.744698369093,0.872349184546,
    0.936174592273,1.),.UNSPECIFIED.);
#3809 = CARTESIAN_POINT('',(6.28318530718,-1.));
#3810 = CARTESIAN_POINT('',(6.201842782288,-0.999999999996));
#3811 = CARTESIAN_POINT('',(6.123966457279,-1.000000000018));
#3812 = CARTESIAN_POINT('',(6.050602146279,-0.999999999949));
#3813 = CARTESIAN_POINT('',(5.981017866172,-0.999999999964));
#3814 = CARTESIAN_POINT('',(5.916350137559,-0.999999999964));
#3815 = CARTESIAN_POINT('',(5.855070738762,-0.999999999964));
#3816 = CARTESIAN_POINT('',(5.797271815685,-1.000000000006));
#3817 = CARTESIAN_POINT('',(5.639452244232,-1.));
#3818 = CARTESIAN_POINT('',(5.546860968722,-1.));
#3819 = CARTESIAN_POINT('',(5.461652322916,-1.));
#3820 = CARTESIAN_POINT('',(5.381687294174,-1.));
#3821 = CARTESIAN_POINT('',(5.305447526641,-1.));
#3822 = CARTESIAN_POINT('',(5.231843330989,-1.));
#3823 = CARTESIAN_POINT('',(5.160021694157,-1.));
#3824 = CARTESIAN_POINT('',(5.02718409883,-1.));
#3825 = CARTESIAN_POINT('',(4.965916766115,-0.999999999999));
#3826 = CARTESIAN_POINT('',(4.904888481564,-1.));
#3827 = CARTESIAN_POINT('',(4.84361518433,-1.000000000002));
#3828 = CARTESIAN_POINT('',(4.781635180808,-1.));
#3829 = CARTESIAN_POINT('',(4.718490557934,-0.999999999999));
#3830 = CARTESIAN_POINT('',(4.653667391064,-1.));
#3831 = CARTESIAN_POINT('',(4.557107564243,-1.));
#3832 = CARTESIAN_POINT('',(4.527268043944,-1.));
#3833 = CARTESIAN_POINT('',(4.496925835937,-1.));
#3834 = CARTESIAN_POINT('',(4.466022657708,-1.));
#3835 = CARTESIAN_POINT('',(4.434492293837,-1.));
#3836 = CARTESIAN_POINT('',(4.402260595994,-1.));
#3837 = CARTESIAN_POINT('',(4.369245482943,-1.));
#3838 = CARTESIAN_POINT('',(4.319470331797,-1.));
#3839 = CARTESIAN_POINT('',(4.303392491521,-1.));
#3840 = CARTESIAN_POINT('',(4.287112101908,-1.));
#3841 = CARTESIAN_POINT('',(4.270617845157,-1.));
#3842 = CARTESIAN_POINT('',(4.25389840347,-1.));
#3843 = CARTESIAN_POINT('',(4.236942459044,-1.));
#3844 = CARTESIAN_POINT('',(4.219738694081,-1.));
#3845 = CARTESIAN_POINT('',(4.20227579078,-1.));
#3846 = CARTESIAN_POINT('',(4.193814164635,-1.));
#3847 = CARTESIAN_POINT('',(4.185332139459,-1.000000000002));
#3848 = CARTESIAN_POINT('',(4.176540275163,-1.000000000022));
#3849 = CARTESIAN_POINT('',(4.168344847276,-0.999999999891));
#3850 = CARTESIAN_POINT('',(4.159599072562,-0.999999999971));
#3851 = CARTESIAN_POINT('',(4.151221679233,-1.000000000018));
#3852 = CARTESIAN_POINT('',(4.142715495656,-1.000000000011));
#3853 = CARTESIAN_POINT('',(4.13425549748,-1.));
#3854 = CARTESIAN_POINT('',(4.067608314537,-1.));
#3855 = CARTESIAN_POINT('',(4.001732415368,-1.));
#3856 = CARTESIAN_POINT('',(3.93625773776,-1.));
#3857 = CARTESIAN_POINT('',(3.87078234514,-1.));
#3858 = CARTESIAN_POINT('',(3.804881474967,-1.));
#3859 = CARTESIAN_POINT('',(3.738116587133,-1.));
#3860 = CARTESIAN_POINT('',(3.670044412355,-1.));
#3861 = CARTESIAN_POINT('',(3.60022600057,-1.));
#3862 = CARTESIAN_POINT('',(3.539143226704,-1.));
#3863 = CARTESIAN_POINT('',(3.476702539603,-1.000000000001));
#3864 = CARTESIAN_POINT('',(3.412784107991,-1.));
#3865 = CARTESIAN_POINT('',(3.347048392292,-0.999999999999));
#3866 = CARTESIAN_POINT('',(3.279530735897,-1.));
#3867 = CARTESIAN_POINT('',(3.210842309851,-1.000000000001));
#3868 = CARTESIAN_POINT('',(3.141977410976,-1.));
#3869 = CARTESIAN_POINT('',(3.073727113408,-1.));
#3870 = CARTESIAN_POINT('',(2.95428889992,-1.000000000004));
#3871 = CARTESIAN_POINT('',(2.836574730747,-0.999999999989));
#3872 = CARTESIAN_POINT('',(2.725089219763,-1.000000000065));
#3873 = CARTESIAN_POINT('',(2.620238329167,-0.999999999847));
#3874 = CARTESIAN_POINT('',(2.51775258292,-0.999999999964));
#3875 = CARTESIAN_POINT('',(2.417535102097,-0.999999999993));
#3876 = CARTESIAN_POINT('',(2.317434550137,-1.000000000014));
#3877 = CARTESIAN_POINT('',(2.216241314945,-1.));
#3878 = CARTESIAN_POINT('',(2.206754012815,-1.));
#3879 = CARTESIAN_POINT('',(2.197256786595,-1.));
#3880 = CARTESIAN_POINT('',(2.187748460197,-1.));
#3881 = CARTESIAN_POINT('',(2.178227857534,-1.));
#3882 = CARTESIAN_POINT('',(2.16869380252,-1.));
#3883 = CARTESIAN_POINT('',(2.159145119068,-1.));
#3884 = CARTESIAN_POINT('',(2.149580631091,-1.));
#3885 = CARTESIAN_POINT('',(2.139999162502,-1.));
#3886 = CARTESIAN_POINT('',(2.135358608691,-1.));
#3887 = CARTESIAN_POINT('',(2.130713673488,-1.));
#3888 = CARTESIAN_POINT('',(2.126064356892,-1.));
#3889 = CARTESIAN_POINT('',(2.121410658904,-1.));
#3890 = CARTESIAN_POINT('',(2.116752579522,-1.));
#3891 = CARTESIAN_POINT('',(2.112090118748,-1.));
#3892 = CARTESIAN_POINT('',(2.107423276582,-1.));
#3893 = CARTESIAN_POINT('',(2.102752053023,-1.));
#3894 = CARTESIAN_POINT('',(2.093563181887,-1.000000000001));
#3895 = CARTESIAN_POINT('',(2.084275230187,-1.000000000004));
#3896 = CARTESIAN_POINT('',(2.075206378529,-0.999999999997));
#3897 = CARTESIAN_POINT('',(2.066155972292,-0.999999999994));
#3898 = CARTESIAN_POINT('',(2.057138721684,-0.999999999994));
#3899 = CARTESIAN_POINT('',(2.048248200469,-0.999999999996));
#3900 = CARTESIAN_POINT('',(2.039386921953,-1.000000000001));
#3901 = CARTESIAN_POINT('',(2.030600270766,-1.));
#3902 = CARTESIAN_POINT('',(1.962496436202,-1.));
#3903 = CARTESIAN_POINT('',(1.898222568611,-1.));
#3904 = CARTESIAN_POINT('',(1.836992276934,-1.));
#3905 = CARTESIAN_POINT('',(1.778209489475,-1.));
#3906 = CARTESIAN_POINT('',(1.721418243251,-1.));
#3907 = CARTESIAN_POINT('',(1.666252473333,-1.));
#3908 = CARTESIAN_POINT('',(1.612385802186,-1.));
#3909 = CARTESIAN_POINT('',(1.559481329014,-1.));
#3910 = CARTESIAN_POINT('',(1.480122172657,-1.));
#3911 = CARTESIAN_POINT('',(1.402986297219,-1.));
#3912 = CARTESIAN_POINT('',(1.327022183438,-1.));
#3913 = CARTESIAN_POINT('',(1.251362691876,-1.));
#3914 = CARTESIAN_POINT('',(1.175178664898,-1.));
#3915 = CARTESIAN_POINT('',(1.097532528657,-1.));
#3916 = CARTESIAN_POINT('',(1.017231895067,-1.));
#3917 = CARTESIAN_POINT('',(0.932683163792,-1.));
#3918 = CARTESIAN_POINT('',(0.890411974828,-1.));
#3919 = CARTESIAN_POINT('',(0.847060798069,-1.));
#3920 = CARTESIAN_POINT('',(0.80244180564,-1.));
#3921 = CARTESIAN_POINT('',(0.756314681638,-1.));
#3922 = CARTESIAN_POINT('',(0.708386622131,-1.));
#3923 = CARTESIAN_POINT('',(0.658312335159,-1.));
#3924 = CARTESIAN_POINT('',(0.605694040735,-1.));
#3925 = CARTESIAN_POINT('',(0.550081470845,-1.));
#3926 = CARTESIAN_POINT('',(0.494464056711,-1.000000000004));
#3927 = CARTESIAN_POINT('',(0.435874904534,-0.999999999987));
#3928 = CARTESIAN_POINT('',(0.373688057773,-1.00000000008));
#3929 = CARTESIAN_POINT('',(0.308040601341,-0.999999999833));
#3930 = CARTESIAN_POINT('',(0.237254209549,-0.999999999971));
#3931 = CARTESIAN_POINT('',(0.162516171726,-0.999999999989));
#3932 = CARTESIAN_POINT('',(8.306771324169E-02,-1.000000000015));
#3933 = CARTESIAN_POINT('',(0.,-1.));
#3934 = ( GEOMETRIC_REPRESENTATION_CONTEXT(2) 
PARAMETRIC_REPRESENTATION_CONTEXT() REPRESENTATION_CONTEXT('2D SPACE',''
  ) );
#3935 = ADVANCED_FACE('',(#3936,#3939),#3405,.T.);
#3936 = FACE_BOUND('',#3937,.T.);
#3937 = EDGE_LOOP('',(#3938));
#3938 = ORIENTED_EDGE('',*,*,#3383,.T.);
#3939 = FACE_BOUND('',#3940,.T.);
#3940 = EDGE_LOOP('',(#3941));
#3941 = ORIENTED_EDGE('',*,*,#3942,.T.);
#3942 = EDGE_CURVE('',#3943,#3943,#3945,.T.);
#3943 = VERTEX_POINT('',#3944);
#3944 = CARTESIAN_POINT('',(-28.03072695294,17.953599609924,
    41.589504960463));
#3945 = SURFACE_CURVE('',#3946,(#4105,#4267),.PCURVE_S1.);
#3946 = B_SPLINE_CURVE_WITH_KNOTS('',7,(#3947,#3948,#3949,#3950,#3951,
    #3952,#3953,#3954,#3955,#3956,#3957,#3958,#3959,#3960,#3961,#3962,
    #3963,#3964,#3965,#3966,#3967,#3968,#3969,#3970,#3971,#3972,#3973,
    #3974,#3975,#3976,#3977,#3978,#3979,#3980,#3981,#3982,#3983,#3984,
    #3985,#3986,#3987,#3988,#3989,#3990,#3991,#3992,#3993,#3994,#3995,
    #3996,#3997,#3998,#3999,#4000,#4001,#4002,#4003,#4004,#4005,#4006,
    #4007,#4008,#4009,#4010,#4011,#4012,#4013,#4014,#4015,#4016,#4017,
    #4018,#4019,#4020,#4021,#4022,#4023,#4024,#4025,#4026,#4027,#4028,
    #4029,#4030,#4031,#4032,#4033,#4034,#4035,#4036,#4037,#4038,#4039,
    #4040,#4041,#4042,#4043,#4044,#4045,#4046,#4047,#4048,#4049,#4050,
    #4051,#4052,#4053,#4054,#4055,#4056,#4057,#4058,#4059,#4060,#4061,
    #4062,#4063,#4064,#4065,#4066,#4067,#4068,#4069,#4070,#4071,#4072,
    #4073,#4074,#4075,#4076,#4077,#4078,#4079,#4080,#4081,#4082,#4083,
    #4084,#4085,#4086,#4087,#4088,#4089,#4090,#4091,#4092,#4093,#4094,
    #4095,#4096,#4097,#4098,#4099,#4100,#4101,#4102,#4103,#4104),
  .UNSPECIFIED.,.T.,.F.,(8,6,6,6,6,6,6,6,6,6,6,6,6,6,6,6,6,6,6,6,6,6,6,6
    ,6,6,8),(0.,3.51840220509E-02,5.988646681921E-02,9.599635537209E-02,
    0.130252987063,0.159371710422,0.249996364676,0.34062101893,
    0.36973974229,0.40399637398,0.440106262534,0.464808707303,
    0.477117459074,0.499998634517,0.515403699212,0.535189567169,
    0.559892103642,0.596002126247,0.63025888511,0.659377716568,
    0.750002707251,0.840627697935,0.869746529393,0.904003288256,
    0.940113310861,0.964815847334,1.),.UNSPECIFIED.);
#3947 = CARTESIAN_POINT('',(-28.03072695294,17.953599609924,
    41.589504960463));
#3948 = CARTESIAN_POINT('',(-27.57395251165,17.973706813039,
    41.55411328283));
#3949 = CARTESIAN_POINT('',(-27.11507753069,17.954599509016,
    41.51712991198));
#3950 = CARTESIAN_POINT('',(-26.65886191039,17.895963017892,
    41.478919830738));
#3951 = CARTESIAN_POINT('',(-26.20910865783,17.799413379558,
    41.439842537004));
#3952 = CARTESIAN_POINT('',(-25.76880695737,17.667667563145,
    41.400233192389));
#3953 = CARTESIAN_POINT('',(-25.34023687652,17.50397488078,
    41.360390232569));
#3954 = CARTESIAN_POINT('',(-24.63352583251,17.176891373877,
    41.292611523687));
#3955 = CARTESIAN_POINT('',(-24.34851064718,17.027892131935,
    41.264655329405));
#3956 = CARTESIAN_POINT('',(-24.07043144,16.865933352236,41.236776523743
    ));
#3957 = CARTESIAN_POINT('',(-23.79955970418,16.692130168682,
    41.209037115773));
#3958 = CARTESIAN_POINT('',(-23.53603152555,16.507536062194,
    41.181486164986));
#3959 = CARTESIAN_POINT('',(-23.27987246631,16.313103204878,
    41.154160307529));
#3960 = CARTESIAN_POINT('',(-22.66723154097,15.81226399091,
    41.087504252545));
#3961 = CARTESIAN_POINT('',(-22.31915464614,15.495699392117,
    41.048469451023));
#3962 = CARTESIAN_POINT('',(-21.98649733216,15.162521417116,
    41.010050109256));
#3963 = CARTESIAN_POINT('',(-21.66887801287,14.814947064282,
    40.972296645939));
#3964 = CARTESIAN_POINT('',(-21.36582247103,14.454851137452,
    40.935239714399));
#3965 = CARTESIAN_POINT('',(-21.07677931103,14.083752993354,
    40.898890942856));
#3966 = CARTESIAN_POINT('',(-20.53966057385,13.341383890963,
    40.829426916253));
#3967 = CARTESIAN_POINT('',(-20.29030434148,12.971183711041,
    40.796249310775));
#3968 = CARTESIAN_POINT('',(-20.05259518892,12.593228629386,
    40.763710863217));
#3969 = CARTESIAN_POINT('',(-19.82610603337,12.208409081286,
    40.731810169309));
#3970 = CARTESIAN_POINT('',(-19.61044163644,11.81748405352,
    40.700543564507));
#3971 = CARTESIAN_POINT('',(-19.40522779702,11.421087852952,
    40.669904515409));
#3972 = CARTESIAN_POINT('',(-19.04426351837,10.678566718843,
    40.614365610863));
#3973 = CARTESIAN_POINT('',(-18.88571986703,10.333838951863,
    40.589295654255));
#3974 = CARTESIAN_POINT('',(-18.73427301779,9.985871698253,
    40.564669160872));
#3975 = CARTESIAN_POINT('',(-18.58973533418,9.634957095164,
    40.540481912207));
#3976 = CARTESIAN_POINT('',(-18.4519379225,9.281354721002,
    40.516729988349));
#3977 = CARTESIAN_POINT('',(-18.32072722171,8.92529306159,
    40.493409551604));
#3978 = CARTESIAN_POINT('',(-17.8076605557,7.451783169934,
    40.399268201413));
#3979 = CARTESIAN_POINT('',(-17.48195702025,6.315189362231,
    40.332191929448));
#3980 = CARTESIAN_POINT('',(-17.21429830459,5.162550784447,
    40.269122677607));
#3981 = CARTESIAN_POINT('',(-17.00223059327,3.998249949713,
    40.210025712218));
#3982 = CARTESIAN_POINT('',(-16.84405505103,2.825978199699,
    40.154900878572));
#3983 = CARTESIAN_POINT('',(-16.73892213702,1.648719757207,
    40.103789479734));
#3984 = CARTESIAN_POINT('',(-16.63503917154,-0.711242645597,
    40.009781690058));
#3985 = CARTESIAN_POINT('',(-16.63632262664,-1.893185420357,
    39.966915620624));
#3986 = CARTESIAN_POINT('',(-16.69088171835,-3.0748215164,
    39.928273844493));
#3987 = CARTESIAN_POINT('',(-16.79982491809,-4.253252900608,
    39.894049374999));
#3988 = CARTESIAN_POINT('',(-16.96516883936,-5.424951781155,
    39.86452993701));
#3989 = CARTESIAN_POINT('',(-17.18974288749,-6.585768206636,
    39.840090150185));
#3990 = CARTESIAN_POINT('',(-17.57135138379,-8.098660721032,
    39.815269821605));
#3991 = CARTESIAN_POINT('',(-17.67076831555,-8.464874356748,
    39.809818823706));
#3992 = CARTESIAN_POINT('',(-17.77696257328,-8.829216977509,
    39.804971808021));
#3993 = CARTESIAN_POINT('',(-17.89010720057,-9.191474474271,
    39.800750242763));
#3994 = CARTESIAN_POINT('',(-18.01039324638,-9.551403112911,
    39.797178097019));
#3995 = CARTESIAN_POINT('',(-18.13803329081,-9.908728373372,
    39.79428216177));
#3996 = CARTESIAN_POINT('',(-18.4323579022,-10.68009460817,
    39.789516205017));
#3997 = CARTESIAN_POINT('',(-18.60194764319,-11.09298925268,
    39.787917603439));
#3998 = CARTESIAN_POINT('',(-18.78242825926,-11.50135215092,
    39.787345018282));
#3999 = CARTESIAN_POINT('',(-18.97422823916,-11.90458432957,
    39.78785410998));
#4000 = CARTESIAN_POINT('',(-19.17780798287,-12.30196446609,
    39.789507510373));
#4001 = CARTESIAN_POINT('',(-19.39367116169,-12.692643096,
    39.792375931671));
#4002 = CARTESIAN_POINT('',(-19.8634822541,-13.47933614889,
    39.800930617801));
#4003 = CARTESIAN_POINT('',(-20.11879995619,-13.87439646314,
    39.806759893302));
#4004 = CARTESIAN_POINT('',(-20.38904258051,-14.25972834862,
    39.814123122555));
#4005 = CARTESIAN_POINT('',(-20.6748928921,-14.633866775,39.823127558737
    ));
#4006 = CARTESIAN_POINT('',(-20.97698800846,-14.99498585818,
    39.833889963368));
#4007 = CARTESIAN_POINT('',(-21.29590284206,-15.34091070382,
    39.846534866356));
#4008 = CARTESIAN_POINT('',(-21.86216665639,-15.89364401586,
    39.871222445776));
#4009 = CARTESIAN_POINT('',(-22.10025059497,-16.10983290972,
    39.882191414169));
#4010 = CARTESIAN_POINT('',(-22.34653965739,-16.31686861392,
    39.894142009276));
#4011 = CARTESIAN_POINT('',(-22.60109204537,-16.5138003931,
    39.907113396213));
#4012 = CARTESIAN_POINT('',(-22.86386476624,-16.69956688351,
    39.921140759149));
#4013 = CARTESIAN_POINT('',(-23.13468536094,-16.87303340894,
    39.936251708947));
#4014 = CARTESIAN_POINT('',(-23.55199764021,-17.11277432939,
    39.96053822021));
#4015 = CARTESIAN_POINT('',(-23.69269266402,-17.18916180553,
    39.968887725806));
#4016 = CARTESIAN_POINT('',(-23.83525231369,-17.26206230524,
    39.977511453004));
#4017 = CARTESIAN_POINT('',(-23.97961937365,-17.33132997977,
    39.986410179174));
#4018 = CARTESIAN_POINT('',(-24.12572362705,-17.39682013242,
    39.995583611633));
#4019 = CARTESIAN_POINT('',(-24.27348052352,-17.45839203655,
    40.005030179851));
#4020 = CARTESIAN_POINT('',(-24.7003462486,-17.62283721808,
    40.032809448429));
#4021 = CARTESIAN_POINT('',(-24.98331287878,-17.71577775281,
    40.051808319869));
#4022 = CARTESIAN_POINT('',(-25.27098321672,-17.79384042298,
    40.071720030051));
#4023 = CARTESIAN_POINT('',(-25.56253967883,-17.85627124454,
    40.092507332658));
#4024 = CARTESIAN_POINT('',(-25.85704574115,-17.90249405981,
    40.114117110746));
#4025 = CARTESIAN_POINT('',(-26.15343529238,-17.93216481316,
    40.136477561663));
#4026 = CARTESIAN_POINT('',(-26.65050155644,-17.95404514707,
    40.174991138462));
#4027 = CARTESIAN_POINT('',(-26.85084354455,-17.95532850003,
    40.190787931706));
#4028 = CARTESIAN_POINT('',(-27.0511725306,-17.94907501154,
    40.206857686082));
#4029 = CARTESIAN_POINT('',(-27.25115158715,-17.93532812337,
    40.223172177435));
#4030 = CARTESIAN_POINT('',(-27.45045919398,-17.91418530187,
    40.239702436075));
#4031 = CARTESIAN_POINT('',(-27.64878892162,-17.88579234672,
    40.256418928634));
#4032 = CARTESIAN_POINT('',(-28.09894797381,-17.80480107815,
    40.294962715113));
#4033 = CARTESIAN_POINT('',(-28.34997508669,-17.74761010753,
    40.31689352695));
#4034 = CARTESIAN_POINT('',(-28.59832065453,-17.67916351548,
    40.339021456243));
#4035 = CARTESIAN_POINT('',(-28.84348113964,-17.59995610528,
    40.36128869447));
#4036 = CARTESIAN_POINT('',(-29.08504878094,-17.51054509345,
    40.383642738381));
#4037 = CARTESIAN_POINT('',(-29.32270110934,-17.4115164473,
    40.406036784603));
#4038 = CARTESIAN_POINT('',(-29.84770033803,-17.16853299075,
    40.456388039882));
#4039 = CARTESIAN_POINT('',(-30.13271552335,-17.01953374881,
    40.484344234164));
#4040 = CARTESIAN_POINT('',(-30.41079473053,-16.85757496911,
    40.512223039826));
#4041 = CARTESIAN_POINT('',(-30.68166646635,-16.68377178556,
    40.539962447796));
#4042 = CARTESIAN_POINT('',(-30.94519464498,-16.49917767907,
    40.567513398583));
#4043 = CARTESIAN_POINT('',(-31.20135370422,-16.30474482175,
    40.594839256041));
#4044 = CARTESIAN_POINT('',(-31.81399462957,-15.80390560778,
    40.661495311024));
#4045 = CARTESIAN_POINT('',(-32.16207152439,-15.48734100899,
    40.700530112547));
#4046 = CARTESIAN_POINT('',(-32.49472883837,-15.15416303399,
    40.738949454314));
#4047 = CARTESIAN_POINT('',(-32.81234815766,-14.80658868116,
    40.776702917631));
#4048 = CARTESIAN_POINT('',(-33.11540369951,-14.44649275433,
    40.81375984917));
#4049 = CARTESIAN_POINT('',(-33.4044468595,-14.07539461023,
    40.850108620713));
#4050 = CARTESIAN_POINT('',(-33.94156559669,-13.33302550784,
    40.919572647316));
#4051 = CARTESIAN_POINT('',(-34.19092182905,-12.96282532791,
    40.952750252794));
#4052 = CARTESIAN_POINT('',(-34.42863098161,-12.58487024626,
    40.985288700352));
#4053 = CARTESIAN_POINT('',(-34.65512013716,-12.20005069816,
    41.017189394261));
#4054 = CARTESIAN_POINT('',(-34.87078453409,-11.80912567039,
    41.048455999062));
#4055 = CARTESIAN_POINT('',(-35.07599837351,-11.41272946983,
    41.07909504816));
#4056 = CARTESIAN_POINT('',(-35.43696265217,-10.67020833572,
    41.134633952706));
#4057 = CARTESIAN_POINT('',(-35.5955063035,-10.32548056874,
    41.159703909314));
#4058 = CARTESIAN_POINT('',(-35.74695315275,-9.977513315132,
    41.184330402698));
#4059 = CARTESIAN_POINT('',(-35.89149083636,-9.626598712044,
    41.208517651362));
#4060 = CARTESIAN_POINT('',(-36.02928824803,-9.272996337881,
    41.23226957522));
#4061 = CARTESIAN_POINT('',(-36.16049894882,-8.916934678469,
    41.255590011965));
#4062 = CARTESIAN_POINT('',(-36.67356561483,-7.443424786815,
    41.349731362156));
#4063 = CARTESIAN_POINT('',(-36.99926915029,-6.306830979101,
    41.416807634122));
#4064 = CARTESIAN_POINT('',(-37.26692786593,-5.15419240134,
    41.479876885961));
#4065 = CARTESIAN_POINT('',(-37.47899557728,-3.989891566578,
    41.538973851353));
#4066 = CARTESIAN_POINT('',(-37.63717111949,-2.817619816586,
    41.594098684997));
#4067 = CARTESIAN_POINT('',(-37.74230403352,-1.640361374084,
    41.645210083836));
#4068 = CARTESIAN_POINT('',(-37.846186999,0.719601028718,41.739217873511
    ));
#4069 = CARTESIAN_POINT('',(-37.84490354389,1.901543803479,
    41.782083942946));
#4070 = CARTESIAN_POINT('',(-37.79034445218,3.083179899521,
    41.820725719076));
#4071 = CARTESIAN_POINT('',(-37.68140125245,4.26161128373,
    41.854950188571));
#4072 = CARTESIAN_POINT('',(-37.51605733117,5.433310164277,
    41.884469626559));
#4073 = CARTESIAN_POINT('',(-37.29148328305,6.594126589757,
    41.908909413384));
#4074 = CARTESIAN_POINT('',(-36.90987478675,8.107019104154,
    41.933729741965));
#4075 = CARTESIAN_POINT('',(-36.81045785498,8.47323273987,
    41.939180739863));
#4076 = CARTESIAN_POINT('',(-36.70426359726,8.837575360631,
    41.944027755548));
#4077 = CARTESIAN_POINT('',(-36.59111896997,9.199832857393,
    41.948249320806));
#4078 = CARTESIAN_POINT('',(-36.47083292415,9.559761496033,
    41.95182146655));
#4079 = CARTESIAN_POINT('',(-36.34319287972,9.917086756495,41.9547174018
    ));
#4080 = CARTESIAN_POINT('',(-36.04886826834,10.688452991297,
    41.959483358552));
#4081 = CARTESIAN_POINT('',(-35.87927852734,11.101347635806,
    41.96108196013));
#4082 = CARTESIAN_POINT('',(-35.69879791127,11.509710534049,
    41.961654545287));
#4083 = CARTESIAN_POINT('',(-35.50699793137,11.91294271269,
    41.96114545359));
#4084 = CARTESIAN_POINT('',(-35.30341818766,12.31032284922,
    41.959492053197));
#4085 = CARTESIAN_POINT('',(-35.08755500885,12.701001479127,
    41.956623631899));
#4086 = CARTESIAN_POINT('',(-34.61774391643,13.48769453202,
    41.948068945768));
#4087 = CARTESIAN_POINT('',(-34.36242621435,13.882754846264,
    41.942239670267));
#4088 = CARTESIAN_POINT('',(-34.09218359002,14.268086731743,
    41.934876441014));
#4089 = CARTESIAN_POINT('',(-33.80633327843,14.642225158123,
    41.925872004832));
#4090 = CARTESIAN_POINT('',(-33.50423816207,15.003344241305,
    41.915109600201));
#4091 = CARTESIAN_POINT('',(-33.18532332847,15.349269086947,
    41.902464697213));
#4092 = CARTESIAN_POINT('',(-32.61905951414,15.902002398984,
    41.877777117793));
#4093 = CARTESIAN_POINT('',(-32.38097557556,16.118191292847,
    41.8668081494));
#4094 = CARTESIAN_POINT('',(-32.13468651315,16.325226997042,
    41.854857554293));
#4095 = CARTESIAN_POINT('',(-31.88013412516,16.522158776224,
    41.841886167356));
#4096 = CARTESIAN_POINT('',(-31.6173614043,16.707925266633,
    41.82785880442));
#4097 = CARTESIAN_POINT('',(-31.34654080959,16.88139179207,
    41.812747854622));
#4098 = CARTESIAN_POINT('',(-30.67130323483,17.269307166669,
    41.773450728494));
#4099 = CARTESIAN_POINT('',(-30.25877406778,17.470024118585,
    41.748123823767));
#4100 = CARTESIAN_POINT('',(-29.83175156402,17.639948598462,
    41.720531347612));
#4101 = CARTESIAN_POINT('',(-29.39222146306,17.77564351801,
    41.690705386663));
#4102 = CARTESIAN_POINT('',(-28.94292265412,17.874139764561,
    41.658754600628));
#4103 = CARTESIAN_POINT('',(-28.48750143742,17.933493387857,
    41.624896677177));
#4104 = CARTESIAN_POINT('',(-28.03072695294,17.953599609924,
    41.589504960463));
#4105 = PCURVE('',#3405,#4106);
#4106 = DEFINITIONAL_REPRESENTATION('',(#4107),#4266);
#4107 = B_SPLINE_CURVE_WITH_KNOTS('',7,(#4108,#4109,#4110,#4111,#4112,
    #4113,#4114,#4115,#4116,#4117,#4118,#4119,#4120,#4121,#4122,#4123,
    #4124,#4125,#4126,#4127,#4128,#4129,#4130,#4131,#4132,#4133,#4134,
    #4135,#4136,#4137,#4138,#4139,#4140,#4141,#4142,#4143,#4144,#4145,
    #4146,#4147,#4148,#4149,#4150,#4151,#4152,#4153,#4154,#4155,#4156,
    #4157,#4158,#4159,#4160,#4161,#4162,#4163,#4164,#4165,#4166,#4167,
    #4168,#4169,#4170,#4171,#4172,#4173,#4174,#4175,#4176,#4177,#4178,
    #4179,#4180,#4181,#4182,#4183,#4184,#4185,#4186,#4187,#4188,#4189,
    #4190,#4191,#4192,#4193,#4194,#4195,#4196,#4197,#4198,#4199,#4200,
    #4201,#4202,#4203,#4204,#4205,#4206,#4207,#4208,#4209,#4210,#4211,
    #4212,#4213,#4214,#4215,#4216,#4217,#4218,#4219,#4220,#4221,#4222,
    #4223,#4224,#4225,#4226,#4227,#4228,#4229,#4230,#4231,#4232,#4233,
    #4234,#4235,#4236,#4237,#4238,#4239,#4240,#4241,#4242,#4243,#4244,
    #4245,#4246,#4247,#4248,#4249,#4250,#4251,#4252,#4253,#4254,#4255,
    #4256,#4257,#4258,#4259,#4260,#4261,#4262,#4263,#4264,#4265),
  .UNSPECIFIED.,.F.,.F.,(8,6,6,6,6,6,6,6,6,6,6,6,6,6,6,6,6,6,6,6,6,6,6,6
    ,6,6,8),(0.,3.51840220509E-02,5.988646681921E-02,9.599635537209E-02,
    0.130252987063,0.159371710422,0.249996364676,0.34062101893,
    0.36973974229,0.40399637398,0.440106262534,0.464808707303,
    0.477117459074,0.499998634517,0.515403699212,0.535189567169,
    0.559892103642,0.596002126247,0.63025888511,0.659377716568,
    0.750002707251,0.840627697935,0.869746529393,0.904003288256,
    0.940113310861,0.964815847334,1.),.UNSPECIFIED.);
#4108 = CARTESIAN_POINT('',(3.552713678801E-15,16.774308159398));
#4109 = CARTESIAN_POINT('',(0.457216786478,16.774308650397));
#4110 = CARTESIAN_POINT('',(0.914807570713,16.735040197398));
#4111 = CARTESIAN_POINT('',(1.368003218767,16.65639774778));
#4112 = CARTESIAN_POINT('',(1.813075470173,16.540163020294));
#4113 = CARTESIAN_POINT('',(2.247157514714,16.389181808939));
#4114 = CARTESIAN_POINT('',(2.668114383451,16.206800551354));
#4115 = CARTESIAN_POINT('',(3.359757806946,15.848954921294));
#4116 = CARTESIAN_POINT('',(3.637944822429,15.687565905609));
#4117 = CARTESIAN_POINT('',(3.908632657006,15.513534908374));
#4118 = CARTESIAN_POINT('',(4.171599119608,15.327987923955));
#4119 = CARTESIAN_POINT('',(4.426754584264,15.131983398659));
#4120 = CARTESIAN_POINT('',(4.674115386545,14.92647370757));
#4121 = CARTESIAN_POINT('',(5.264138560378,14.399177324124));
#4122 = CARTESIAN_POINT('',(5.59795736972,14.067611836701));
#4123 = CARTESIAN_POINT('',(5.915640920345,13.720127141741));
#4124 = CARTESIAN_POINT('',(6.217667924683,13.358921312078));
#4125 = CARTESIAN_POINT('',(6.504594588197,12.985846483485));
#4126 = CARTESIAN_POINT('',(6.777038588757,12.602396294476));
#4127 = CARTESIAN_POINT('',(7.280991040463,11.837124873057));
#4128 = CARTESIAN_POINT('',(7.513825996739,11.456317064615));
#4129 = CARTESIAN_POINT('',(7.734684108842,11.068274052468));
#4130 = CARTESIAN_POINT('',(7.944031204472,10.673866628942));
#4131 = CARTESIAN_POINT('',(8.142295517105,10.273835665422));
#4132 = CARTESIAN_POINT('',(8.329878780312,9.868798399139));
#4133 = CARTESIAN_POINT('',(8.657840504166,9.111121718258));
#4134 = CARTESIAN_POINT('',(8.801070916927,8.759755283371));
#4135 = CARTESIAN_POINT('',(8.93706893253,8.405464587073));
#4136 = CARTESIAN_POINT('',(9.066034853016,8.048533232331));
#4137 = CARTESIAN_POINT('',(9.188148823997,7.689213119105));
#4138 = CARTESIAN_POINT('',(9.303574305934,7.327725759125));
#4139 = CARTESIAN_POINT('',(9.751345072349,5.833078594969));
#4140 = CARTESIAN_POINT('',(10.026750298416,4.683261114598));
#4141 = CARTESIAN_POINT('',(10.243461268819,3.51996698396));
#4142 = CARTESIAN_POINT('',(10.404122151908,2.347466566651));
#4143 = CARTESIAN_POINT('',(10.510592471089,1.169372924712));
#4144 = CARTESIAN_POINT('',(10.563852180493,-1.136996575221E-02));
#4145 = CARTESIAN_POINT('',(10.563852180495,-2.373617669353));
#4146 = CARTESIAN_POINT('',(10.510592471081,-3.554360559831));
#4147 = CARTESIAN_POINT('',(10.404122151925,-4.732454201738));
#4148 = CARTESIAN_POINT('',(10.2434612688,-5.904954619088));
#4149 = CARTESIAN_POINT('',(10.026750298429,-7.068248749694));
#4150 = CARTESIAN_POINT('',(9.751345072346,-8.218066230081));
#4151 = CARTESIAN_POINT('',(9.303574305935,-9.712713394233));
#4152 = CARTESIAN_POINT('',(9.188148823998,-10.07420075421));
#4153 = CARTESIAN_POINT('',(9.066034853017,-10.43352086744));
#4154 = CARTESIAN_POINT('',(8.937068932531,-10.79045222218));
#4155 = CARTESIAN_POINT('',(8.801070916928,-11.14474291848));
#4156 = CARTESIAN_POINT('',(8.657840504167,-11.49610935336));
#4157 = CARTESIAN_POINT('',(8.329878780314,-12.25378603424));
#4158 = CARTESIAN_POINT('',(8.142295517106,-12.65882330052));
#4159 = CARTESIAN_POINT('',(7.944031204474,-13.05885426405));
#4160 = CARTESIAN_POINT('',(7.734684108843,-13.45326168757));
#4161 = CARTESIAN_POINT('',(7.51382599674,-13.84130469972));
#4162 = CARTESIAN_POINT('',(7.280991040465,-14.22211250816));
#4163 = CARTESIAN_POINT('',(6.777038588757,-14.98738392958));
#4164 = CARTESIAN_POINT('',(6.5045945882,-15.37083411859));
#4165 = CARTESIAN_POINT('',(6.217667924684,-15.74390894718));
#4166 = CARTESIAN_POINT('',(5.915640920346,-16.10511477685));
#4167 = CARTESIAN_POINT('',(5.597957369723,-16.45259947181));
#4168 = CARTESIAN_POINT('',(5.264138560379,-16.78416495923));
#4169 = CARTESIAN_POINT('',(4.674115386548,-17.31146134268));
#4170 = CARTESIAN_POINT('',(4.426754584264,-17.51697103377));
#4171 = CARTESIAN_POINT('',(4.17159911961,-17.71297555906));
#4172 = CARTESIAN_POINT('',(3.908632657008,-17.89852254348));
#4173 = CARTESIAN_POINT('',(3.637944822429,-18.07255354072));
#4174 = CARTESIAN_POINT('',(3.359757806948,-18.2339425564));
#4175 = CARTESIAN_POINT('',(2.9323063227,-18.45509968602));
#4176 = CARTESIAN_POINT('',(2.788388170729,-18.52522601323));
#4177 = CARTESIAN_POINT('',(2.642760541189,-18.59178673803));
#4178 = CARTESIAN_POINT('',(2.495487008184,-18.65463866887));
#4179 = CARTESIAN_POINT('',(2.346644083858,-18.71364033694));
#4180 = CARTESIAN_POINT('',(2.196322425429,-18.76865486995));
#4181 = CARTESIAN_POINT('',(1.762637967283,-18.91416897831));
#4182 = CARTESIAN_POINT('',(1.475857903619,-18.9945757683));
#4183 = CARTESIAN_POINT('',(1.185032956442,-19.05991223518));
#4184 = CARTESIAN_POINT('',(0.891013075841,-19.10946107869));
#4185 = CARTESIAN_POINT('',(0.594759217063,-19.14268788338));
#4186 = CARTESIAN_POINT('',(0.297351590304,-19.15929581014));
#4187 = CARTESIAN_POINT('',(-0.200196015332,-19.1592958304));
#4188 = CARTESIAN_POINT('',(-0.400400624455,-19.15176763804));
#4189 = CARTESIAN_POINT('',(-0.60026080154,-19.13671046736));
#4190 = CARTESIAN_POINT('',(-0.799441855484,-19.11418253492));
#4191 = CARTESIAN_POINT('',(-0.997626863354,-19.08429535207));
#4192 = CARTESIAN_POINT('',(-1.194516103838,-19.04720805306));
#4193 = CARTESIAN_POINT('',(-1.640677962174,-18.94649879819));
#4194 = CARTESIAN_POINT('',(-1.888947176271,-18.8783239065));
#4195 = CARTESIAN_POINT('',(-2.134042458678,-18.79902220684));
#4196 = CARTESIAN_POINT('',(-2.375482518496,-18.70911016757));
#4197 = CARTESIAN_POINT('',(-2.612884493446,-18.60916239795));
#4198 = CARTESIAN_POINT('',(-2.845951995081,-18.49977847943));
#4199 = CARTESIAN_POINT('',(-3.359757806946,-18.2339425564));
#4200 = CARTESIAN_POINT('',(-3.637944822426,-18.07255354072));
#4201 = CARTESIAN_POINT('',(-3.908632657006,-17.89852254348));
#4202 = CARTESIAN_POINT('',(-4.171599119608,-17.71297555906));
#4203 = CARTESIAN_POINT('',(-4.426754584261,-17.51697103377));
#4204 = CARTESIAN_POINT('',(-4.674115386545,-17.31146134268));
#4205 = CARTESIAN_POINT('',(-5.264138560377,-16.78416495923));
#4206 = CARTESIAN_POINT('',(-5.59795736972,-16.45259947181));
#4207 = CARTESIAN_POINT('',(-5.915640920344,-16.10511477685));
#4208 = CARTESIAN_POINT('',(-6.217667924682,-15.74390894719));
#4209 = CARTESIAN_POINT('',(-6.504594588197,-15.37083411859));
#4210 = CARTESIAN_POINT('',(-6.777038588755,-14.98738392958));
#4211 = CARTESIAN_POINT('',(-7.280991040463,-14.22211250817));
#4212 = CARTESIAN_POINT('',(-7.513825996736,-13.84130469972));
#4213 = CARTESIAN_POINT('',(-7.734684108842,-13.45326168758));
#4214 = CARTESIAN_POINT('',(-7.944031204472,-13.05885426405));
#4215 = CARTESIAN_POINT('',(-8.142295517102,-12.65882330053));
#4216 = CARTESIAN_POINT('',(-8.329878780313,-12.25378603425));
#4217 = CARTESIAN_POINT('',(-8.657840504165,-11.49610935337));
#4218 = CARTESIAN_POINT('',(-8.801070916927,-11.14474291848));
#4219 = CARTESIAN_POINT('',(-8.93706893253,-10.79045222218));
#4220 = CARTESIAN_POINT('',(-9.066034853015,-10.43352086744));
#4221 = CARTESIAN_POINT('',(-9.188148823997,-10.07420075421));
#4222 = CARTESIAN_POINT('',(-9.303574305934,-9.712713394237));
#4223 = CARTESIAN_POINT('',(-9.751345072346,-8.218066230083));
#4224 = CARTESIAN_POINT('',(-10.02675029842,-7.068248749701));
#4225 = CARTESIAN_POINT('',(-10.2434612688,-5.904954619087));
#4226 = CARTESIAN_POINT('',(-10.40412215192,-4.732454201748));
#4227 = CARTESIAN_POINT('',(-10.51059247108,-3.554360559832));
#4228 = CARTESIAN_POINT('',(-10.56385218049,-2.373617669357));
#4229 = CARTESIAN_POINT('',(-10.56385218049,-1.136996575959E-02));
#4230 = CARTESIAN_POINT('',(-10.51059247108,1.169372924721));
#4231 = CARTESIAN_POINT('',(-10.40412215192,2.347466566625));
#4232 = CARTESIAN_POINT('',(-10.2434612688,3.519966983978));
#4233 = CARTESIAN_POINT('',(-10.02675029842,4.683261114583));
#4234 = CARTESIAN_POINT('',(-9.751345072348,5.833078594969));
#4235 = CARTESIAN_POINT('',(-9.303574305935,7.327725759122));
#4236 = CARTESIAN_POINT('',(-9.188148823998,7.689213119102));
#4237 = CARTESIAN_POINT('',(-9.066034853016,8.048533232329));
#4238 = CARTESIAN_POINT('',(-8.937068932531,8.40546458707));
#4239 = CARTESIAN_POINT('',(-8.801070916928,8.759755283368));
#4240 = CARTESIAN_POINT('',(-8.657840504167,9.111121718255));
#4241 = CARTESIAN_POINT('',(-8.329878780314,9.868798399136));
#4242 = CARTESIAN_POINT('',(-8.142295517104,10.27383566542));
#4243 = CARTESIAN_POINT('',(-7.944031204474,10.67386662894));
#4244 = CARTESIAN_POINT('',(-7.734684108844,11.068274052465));
#4245 = CARTESIAN_POINT('',(-7.513825996738,11.456317064612));
#4246 = CARTESIAN_POINT('',(-7.280991040465,11.837124873056));
#4247 = CARTESIAN_POINT('',(-6.777038588757,12.602396294475));
#4248 = CARTESIAN_POINT('',(-6.5045945882,12.985846483482));
#4249 = CARTESIAN_POINT('',(-6.217667924683,13.358921312077));
#4250 = CARTESIAN_POINT('',(-5.915640920345,13.72012714174));
#4251 = CARTESIAN_POINT('',(-5.597957369723,14.067611836698));
#4252 = CARTESIAN_POINT('',(-5.264138560379,14.399177324123));
#4253 = CARTESIAN_POINT('',(-4.674115386548,14.926473707568));
#4254 = CARTESIAN_POINT('',(-4.426754584263,15.13198339866));
#4255 = CARTESIAN_POINT('',(-4.17159911961,15.327987923953));
#4256 = CARTESIAN_POINT('',(-3.908632657008,15.513534908373));
#4257 = CARTESIAN_POINT('',(-3.637944822429,15.687565905609));
#4258 = CARTESIAN_POINT('',(-3.359757806948,15.848954921293));
#4259 = CARTESIAN_POINT('',(-2.668114383452,16.206800551354));
#4260 = CARTESIAN_POINT('',(-2.247157514714,16.389181808939));
#4261 = CARTESIAN_POINT('',(-1.813075470174,16.540163020293));
#4262 = CARTESIAN_POINT('',(-1.368003218768,16.656397747779));
#4263 = CARTESIAN_POINT('',(-0.914807570712,16.735040197399));
#4264 = CARTESIAN_POINT('',(-0.457216786478,16.774308650396));
#4265 = CARTESIAN_POINT('',(1.7763568394E-15,16.774308159398));
#4266 = ( GEOMETRIC_REPRESENTATION_CONTEXT(2) 
PARAMETRIC_REPRESENTATION_CONTEXT() REPRESENTATION_CONTEXT('2D SPACE',''
  ) );
#4267 = PCURVE('',#3792,#4268);
#4268 = DEFINITIONAL_REPRESENTATION('',(#4269),#4395);
#4269 = B_SPLINE_CURVE_WITH_KNOTS('',8,(#4270,#4271,#4272,#4273,#4274,
    #4275,#4276,#4277,#4278,#4279,#4280,#4281,#4282,#4283,#4284,#4285,
    #4286,#4287,#4288,#4289,#4290,#4291,#4292,#4293,#4294,#4295,#4296,
    #4297,#4298,#4299,#4300,#4301,#4302,#4303,#4304,#4305,#4306,#4307,
    #4308,#4309,#4310,#4311,#4312,#4313,#4314,#4315,#4316,#4317,#4318,
    #4319,#4320,#4321,#4322,#4323,#4324,#4325,#4326,#4327,#4328,#4329,
    #4330,#4331,#4332,#4333,#4334,#4335,#4336,#4337,#4338,#4339,#4340,
    #4341,#4342,#4343,#4344,#4345,#4346,#4347,#4348,#4349,#4350,#4351,
    #4352,#4353,#4354,#4355,#4356,#4357,#4358,#4359,#4360,#4361,#4362,
    #4363,#4364,#4365,#4366,#4367,#4368,#4369,#4370,#4371,#4372,#4373,
    #4374,#4375,#4376,#4377,#4378,#4379,#4380,#4381,#4382,#4383,#4384,
    #4385,#4386,#4387,#4388,#4389,#4390,#4391,#4392,#4393,#4394),
  .UNSPECIFIED.,.F.,.F.,(9,7,7,7,7,8,8,8,8,8,8,8,8,8,8,8,9),(0.,6.25E-02
    ,0.1796875,0.2822265625,0.327087402344,0.348115921021,0.358301609755
    ,0.438513908535,0.508699669968,0.631524752476,0.643039603961,
    0.648617110149,0.659597825457,0.744698369093,0.872349184546,
    0.936174592273,1.),.UNSPECIFIED.);
#4270 = CARTESIAN_POINT('',(6.28318530718,-5.130734440697));
#4271 = CARTESIAN_POINT('',(6.201842782288,-5.1307344407));
#4272 = CARTESIAN_POINT('',(6.123966457279,-5.130734440711));
#4273 = CARTESIAN_POINT('',(6.050602146279,-5.130734439561));
#4274 = CARTESIAN_POINT('',(5.981017866172,-5.130734439706));
#4275 = CARTESIAN_POINT('',(5.916350137559,-5.130734439939));
#4276 = CARTESIAN_POINT('',(5.855070738762,-5.130734440667));
#4277 = CARTESIAN_POINT('',(5.797271815685,-5.130734440711));
#4278 = CARTESIAN_POINT('',(5.639452244232,-5.130734440697));
#4279 = CARTESIAN_POINT('',(5.546860968722,-5.130734440697));
#4280 = CARTESIAN_POINT('',(5.461652322916,-5.130734440697));
#4281 = CARTESIAN_POINT('',(5.381687294174,-5.130734440697));
#4282 = CARTESIAN_POINT('',(5.305447526641,-5.130734440697));
#4283 = CARTESIAN_POINT('',(5.231843330989,-5.130734440697));
#4284 = CARTESIAN_POINT('',(5.160021694157,-5.130734440697));
#4285 = CARTESIAN_POINT('',(5.02718409883,-5.130734440697));
#4286 = CARTESIAN_POINT('',(4.965916766115,-5.130734440701));
#4287 = CARTESIAN_POINT('',(4.904888481564,-5.130734440696));
#4288 = CARTESIAN_POINT('',(4.84361518433,-5.130734440692));
#4289 = CARTESIAN_POINT('',(4.781635180808,-5.130734440694));
#4290 = CARTESIAN_POINT('',(4.718490557934,-5.130734440699));
#4291 = CARTESIAN_POINT('',(4.653667391064,-5.130734440697));
#4292 = CARTESIAN_POINT('',(4.557107564243,-5.130734440697));
#4293 = CARTESIAN_POINT('',(4.527268043944,-5.130734440697));
#4294 = CARTESIAN_POINT('',(4.496925835937,-5.130734440697));
#4295 = CARTESIAN_POINT('',(4.466022657708,-5.130734440697));
#4296 = CARTESIAN_POINT('',(4.434492293837,-5.130734440697));
#4297 = CARTESIAN_POINT('',(4.402260595994,-5.130734440697));
#4298 = CARTESIAN_POINT('',(4.369245482943,-5.130734440697));
#4299 = CARTESIAN_POINT('',(4.319470331797,-5.130734440697));
#4300 = CARTESIAN_POINT('',(4.303392491521,-5.130734440697));
#4301 = CARTESIAN_POINT('',(4.287112101908,-5.130734440697));
#4302 = CARTESIAN_POINT('',(4.270617845157,-5.130734440697));
#4303 = CARTESIAN_POINT('',(4.25389840347,-5.130734440697));
#4304 = CARTESIAN_POINT('',(4.236942459044,-5.130734440697));
#4305 = CARTESIAN_POINT('',(4.219738694081,-5.130734440697));
#4306 = CARTESIAN_POINT('',(4.20227579078,-5.130734440697));
#4307 = CARTESIAN_POINT('',(4.193814164635,-5.1307344407));
#4308 = CARTESIAN_POINT('',(4.185332139459,-5.130734440711));
#4309 = CARTESIAN_POINT('',(4.176540275163,-5.130734439561));
#4310 = CARTESIAN_POINT('',(4.168344847276,-5.130734439706));
#4311 = CARTESIAN_POINT('',(4.159599072562,-5.130734439939));
#4312 = CARTESIAN_POINT('',(4.151221679233,-5.130734440667));
#4313 = CARTESIAN_POINT('',(4.142715495656,-5.130734440711));
#4314 = CARTESIAN_POINT('',(4.13425549748,-5.130734440697));
#4315 = CARTESIAN_POINT('',(4.067608314537,-5.130734440697));
#4316 = CARTESIAN_POINT('',(4.001732415368,-5.130734440697));
#4317 = CARTESIAN_POINT('',(3.93625773776,-5.130734440697));
#4318 = CARTESIAN_POINT('',(3.87078234514,-5.130734440697));
#4319 = CARTESIAN_POINT('',(3.804881474967,-5.130734440697));
#4320 = CARTESIAN_POINT('',(3.738116587133,-5.130734440697));
#4321 = CARTESIAN_POINT('',(3.670044412355,-5.130734440697));
#4322 = CARTESIAN_POINT('',(3.60022600057,-5.130734440697));
#4323 = CARTESIAN_POINT('',(3.539143226704,-5.130734440699));
#4324 = CARTESIAN_POINT('',(3.476702539603,-5.130734440698));
#4325 = CARTESIAN_POINT('',(3.412784107991,-5.130734440695));
#4326 = CARTESIAN_POINT('',(3.347048392292,-5.130734440693));
#4327 = CARTESIAN_POINT('',(3.279530735897,-5.130734440693));
#4328 = CARTESIAN_POINT('',(3.210842309851,-5.130734440696));
#4329 = CARTESIAN_POINT('',(3.141977410976,-5.130734440698));
#4330 = CARTESIAN_POINT('',(3.073727113408,-5.130734440697));
#4331 = CARTESIAN_POINT('',(2.95428889992,-5.1307344407));
#4332 = CARTESIAN_POINT('',(2.836574730747,-5.130734440711));
#4333 = CARTESIAN_POINT('',(2.725089219763,-5.130734439561));
#4334 = CARTESIAN_POINT('',(2.620238329167,-5.130734439706));
#4335 = CARTESIAN_POINT('',(2.51775258292,-5.130734439939));
#4336 = CARTESIAN_POINT('',(2.417535102097,-5.130734440667));
#4337 = CARTESIAN_POINT('',(2.317434550137,-5.130734440711));
#4338 = CARTESIAN_POINT('',(2.216241314945,-5.130734440697));
#4339 = CARTESIAN_POINT('',(2.206754012815,-5.130734440697));
#4340 = CARTESIAN_POINT('',(2.197256786595,-5.130734440697));
#4341 = CARTESIAN_POINT('',(2.187748460197,-5.130734440697));
#4342 = CARTESIAN_POINT('',(2.178227857534,-5.130734440697));
#4343 = CARTESIAN_POINT('',(2.16869380252,-5.130734440697));
#4344 = CARTESIAN_POINT('',(2.159145119068,-5.130734440697));
#4345 = CARTESIAN_POINT('',(2.149580631091,-5.130734440697));
#4346 = CARTESIAN_POINT('',(2.139999162502,-5.130734440697));
#4347 = CARTESIAN_POINT('',(2.135358608691,-5.130734440697));
#4348 = CARTESIAN_POINT('',(2.130713673488,-5.130734440697));
#4349 = CARTESIAN_POINT('',(2.126064356892,-5.130734440697));
#4350 = CARTESIAN_POINT('',(2.121410658904,-5.130734440697));
#4351 = CARTESIAN_POINT('',(2.116752579522,-5.130734440697));
#4352 = CARTESIAN_POINT('',(2.112090118748,-5.130734440697));
#4353 = CARTESIAN_POINT('',(2.107423276582,-5.130734440697));
#4354 = CARTESIAN_POINT('',(2.102752053023,-5.130734440697));
#4355 = CARTESIAN_POINT('',(2.093563181887,-5.130734440696));
#4356 = CARTESIAN_POINT('',(2.084275230187,-5.130734440696));
#4357 = CARTESIAN_POINT('',(2.075206378529,-5.13073444071));
#4358 = CARTESIAN_POINT('',(2.066155972292,-5.130734440696));
#4359 = CARTESIAN_POINT('',(2.057138721684,-5.130734440689));
#4360 = CARTESIAN_POINT('',(2.048248200469,-5.130734440711));
#4361 = CARTESIAN_POINT('',(2.039386921953,-5.130734440702));
#4362 = CARTESIAN_POINT('',(2.030600270766,-5.130734440697));
#4363 = CARTESIAN_POINT('',(1.962496436202,-5.130734440697));
#4364 = CARTESIAN_POINT('',(1.898222568611,-5.130734440697));
#4365 = CARTESIAN_POINT('',(1.836992276934,-5.130734440697));
#4366 = CARTESIAN_POINT('',(1.778209489475,-5.130734440697));
#4367 = CARTESIAN_POINT('',(1.721418243251,-5.130734440697));
#4368 = CARTESIAN_POINT('',(1.666252473333,-5.130734440697));
#4369 = CARTESIAN_POINT('',(1.612385802186,-5.130734440697));
#4370 = CARTESIAN_POINT('',(1.559481329014,-5.130734440697));
#4371 = CARTESIAN_POINT('',(1.480122172657,-5.130734440697));
#4372 = CARTESIAN_POINT('',(1.402986297219,-5.130734440697));
#4373 = CARTESIAN_POINT('',(1.327022183438,-5.130734440697));
#4374 = CARTESIAN_POINT('',(1.251362691876,-5.130734440697));
#4375 = CARTESIAN_POINT('',(1.175178664898,-5.130734440697));
#4376 = CARTESIAN_POINT('',(1.097532528657,-5.130734440697));
#4377 = CARTESIAN_POINT('',(1.017231895067,-5.130734440697));
#4378 = CARTESIAN_POINT('',(0.932683163792,-5.130734440697));
#4379 = CARTESIAN_POINT('',(0.890411974828,-5.130734440697));
#4380 = CARTESIAN_POINT('',(0.847060798069,-5.130734440697));
#4381 = CARTESIAN_POINT('',(0.80244180564,-5.130734440697));
#4382 = CARTESIAN_POINT('',(0.756314681638,-5.130734440697));
#4383 = CARTESIAN_POINT('',(0.708386622131,-5.130734440697));
#4384 = CARTESIAN_POINT('',(0.658312335159,-5.130734440697));
#4385 = CARTESIAN_POINT('',(0.605694040735,-5.130734440697));
#4386 = CARTESIAN_POINT('',(0.550081470845,-5.130734440697));
#4387 = CARTESIAN_POINT('',(0.494464056711,-5.1307344407));
#4388 = CARTESIAN_POINT('',(0.435874904534,-5.130734440711));
#4389 = CARTESIAN_POINT('',(0.373688057773,-5.130734439561));
#4390 = CARTESIAN_POINT('',(0.308040601341,-5.130734439706));
#4391 = CARTESIAN_POINT('',(0.237254209549,-5.130734439939));
#4392 = CARTESIAN_POINT('',(0.162516171726,-5.130734440667));
#4393 = CARTESIAN_POINT('',(8.306771324169E-02,-5.130734440711));
#4394 = CARTESIAN_POINT('',(0.,-5.130734440697));
#4395 = ( GEOMETRIC_REPRESENTATION_CONTEXT(2) 
PARAMETRIC_REPRESENTATION_CONTEXT() REPRESENTATION_CONTEXT('2D SPACE',''
  ) );
#4396 = ADVANCED_FACE('',(#4397),#3792,.T.);
#4397 = FACE_BOUND('',#4398,.T.);
#4398 = EDGE_LOOP('',(#4399,#4400,#4420,#4421));
#4399 = ORIENTED_EDGE('',*,*,#3466,.T.);
#4400 = ORIENTED_EDGE('',*,*,#4401,.T.);
#4401 = EDGE_CURVE('',#3467,#3943,#4402,.T.);
#4402 = SEAM_CURVE('',#4403,(#4406,#4413),.PCURVE_S1.);
#4403 = B_SPLINE_CURVE_WITH_KNOTS('',1,(#4404,#4405),.UNSPECIFIED.,.F.,
  .F.,(2,2),(1.,5.130734440697),.PIECEWISE_BEZIER_KNOTS.);
#4404 = CARTESIAN_POINT('',(-28.03072695294,17.953599609924,
    37.458770519767));
#4405 = CARTESIAN_POINT('',(-28.03072695294,17.953599609924,
    41.589504960463));
#4406 = PCURVE('',#3792,#4407);
#4407 = DEFINITIONAL_REPRESENTATION('',(#4408),#4412);
#4408 = B_SPLINE_CURVE_WITH_KNOTS('',2,(#4409,#4410,#4411),
  .UNSPECIFIED.,.F.,.F.,(3,3),(1.,5.130734440697),
  .PIECEWISE_BEZIER_KNOTS.);
#4409 = CARTESIAN_POINT('',(6.28318530718,-1.));
#4410 = CARTESIAN_POINT('',(6.28318530718,-3.065367220348));
#4411 = CARTESIAN_POINT('',(6.28318530718,-5.130734440697));
#4412 = ( GEOMETRIC_REPRESENTATION_CONTEXT(2) 
PARAMETRIC_REPRESENTATION_CONTEXT() REPRESENTATION_CONTEXT('2D SPACE',''
  ) );
#4413 = PCURVE('',#3792,#4414);
#4414 = DEFINITIONAL_REPRESENTATION('',(#4415),#4419);
#4415 = B_SPLINE_CURVE_WITH_KNOTS('',2,(#4416,#4417,#4418),
  .UNSPECIFIED.,.F.,.F.,(3,3),(1.,5.130734440697),
  .PIECEWISE_BEZIER_KNOTS.);
#4416 = CARTESIAN_POINT('',(8.881784197001E-16,-1.));
#4417 = CARTESIAN_POINT('',(1.7763568394E-15,-3.065367220348));
#4418 = CARTESIAN_POINT('',(8.881784197001E-16,-5.130734440697));
#4419 = ( GEOMETRIC_REPRESENTATION_CONTEXT(2) 
PARAMETRIC_REPRESENTATION_CONTEXT() REPRESENTATION_CONTEXT('2D SPACE',''
  ) );
#4420 = ORIENTED_EDGE('',*,*,#3942,.F.);
#4421 = ORIENTED_EDGE('',*,*,#4401,.F.);
#4422 = ( GEOMETRIC_REPRESENTATION_CONTEXT(3) 
GLOBAL_UNCERTAINTY_ASSIGNED_CONTEXT((#4426)) 
GLOBAL_UNIT_ASSIGNED_CONTEXT((#4423,#4424,#4425)) REPRESENTATION_CONTEXT
('Context #1','3D Context with UNIT and UNCERTAINTY') );
#4423 = ( LENGTH_UNIT() NAMED_UNIT(*) SI_UNIT(.MILLI.,.METRE.) );
#4424 = ( NAMED_UNIT(*) PLANE_ANGLE_UNIT() SI_UNIT($,.RADIAN.) );
#4425 = ( NAMED_UNIT(*) SI_UNIT($,.STERADIAN.) SOLID_ANGLE_UNIT() );
#4426 = UNCERTAINTY_MEASURE_WITH_UNIT(LENGTH_MEASURE(2.E-05),#4423,
  'distance_accuracy_value','confusion accuracy');
#4427 = CONTEXT_DEPENDENT_SHAPE_REPRESENTATION(#4428,#4430);
#4428 = ( REPRESENTATION_RELATIONSHIP('','',#3337,#10) 
REPRESENTATION_RELATIONSHIP_WITH_TRANSFORMATION(#4429) 
SHAPE_REPRESENTATION_RELATIONSHIP() );
#4429 = ITEM_DEFINED_TRANSFORMATION('','',#11,#23);
#4430 = PRODUCT_DEFINITION_SHAPE('Placement','Placement of an item',
  #4431);
#4431 = NEXT_ASSEMBLY_USAGE_OCCURRENCE('9','band_L','',#5,#3332,$);
#4432 = PRODUCT_RELATED_PRODUCT_CATEGORY('part',$,(#3334));
#4433 = SHAPE_DEFINITION_REPRESENTATION(#4434,#4440);
#4434 = PRODUCT_DEFINITION_SHAPE('','',#4435);
#4435 = PRODUCT_DEFINITION('design','',#4436,#4439);
#4436 = PRODUCT_DEFINITION_FORMATION('','',#4437);
#4437 = PRODUCT('cot_R','cot_R','',(#4438));
#4438 = PRODUCT_CONTEXT('',#2,'mechanical');
#4439 = PRODUCT_DEFINITION_CONTEXT('part definition',#2,'design');
#4440 = ADVANCED_BREP_SHAPE_REPRESENTATION('',(#11,#4441),#4747);
#4441 = MANIFOLD_SOLID_BREP('',#4442);
#4442 = CLOSED_SHELL('',(#4443,#4714,#4743));
#4443 = ADVANCED_FACE('',(#4444),#4457,.T.);
#4444 = FACE_BOUND('',#4445,.T.);
#4445 = EDGE_LOOP('',(#4446,#4501,#4528,#4529,#4588));
#4446 = ORIENTED_EDGE('',*,*,#4447,.F.);
#4447 = EDGE_CURVE('',#4448,#4450,#4452,.T.);
#4448 = VERTEX_POINT('',#4449);
#4449 = CARTESIAN_POINT('',(11.948333945968,6.208103490512,62.2));
#4450 = VERTEX_POINT('',#4451);
#4451 = CARTESIAN_POINT('',(11.28955572099,6.792047382574,
    81.071550373353));
#4452 = SEAM_CURVE('',#4453,(#4456,#4494),.PCURVE_S1.);
#4453 = B_SPLINE_CURVE_WITH_KNOTS('',1,(#4454,#4455),.UNSPECIFIED.,.F.,
  .F.,(2,2),(0.,1.),.PIECEWISE_BEZIER_KNOTS.);
#4454 = CARTESIAN_POINT('',(11.948333945968,6.208103490512,62.2));
#4455 = CARTESIAN_POINT('',(11.28955572099,6.792047382574,
    81.071550373353));
#4456 = PCURVE('',#4457,#4488);
#4457 = B_SPLINE_SURFACE_WITH_KNOTS('',14,1,(
    (#4458,#4459)
    ,(#4460,#4461)
    ,(#4462,#4463)
    ,(#4464,#4465)
    ,(#4466,#4467)
    ,(#4468,#4469)
    ,(#4470,#4471)
    ,(#4472,#4473)
    ,(#4474,#4475)
    ,(#4476,#4477)
    ,(#4478,#4479)
    ,(#4480,#4481)
    ,(#4482,#4483)
    ,(#4484,#4485)
    ,(#4486,#4487
    )),.UNSPECIFIED.,.T.,.F.,.F.,(15,15),(2,2),(0.,6.28318530718),(0.,1.
    ),.PIECEWISE_BEZIER_KNOTS.);
#4458 = CARTESIAN_POINT('',(11.948333945968,6.208103490512,62.2));
#4459 = CARTESIAN_POINT('',(11.28955572099,6.792047382574,
    81.071550373353));
#4460 = CARTESIAN_POINT('',(8.449321952489,4.753902055645,
    62.199999999998));
#4461 = CARTESIAN_POINT('',(8.450344574186,5.612061451896,
    81.071550373353));
#4462 = CARTESIAN_POINT('',(5.80724604554,1.23778892666,62.200000000016)
  );
#4463 = CARTESIAN_POINT('',(6.304225270748,2.764396673739,
    81.071550373361));
#4464 = CARTESIAN_POINT('',(4.907605806163,-3.972222312079,
    62.199999999936));
#4465 = CARTESIAN_POINT('',(5.569720718188,-1.452328857145,
    81.071550373308));
#4466 = CARTESIAN_POINT('',(6.379500568053,-9.891464988105,
    62.200000000178));
#4467 = CARTESIAN_POINT('',(6.757976460821,-6.24074674131,
    81.071550373506));
#4468 = CARTESIAN_POINT('',(10.278393832848,-15.05060381839,
    62.199999999634));
#4469 = CARTESIAN_POINT('',(9.915345367521,-10.4118344211,81.07155037301
    ));
#4470 = CARTESIAN_POINT('',(15.878884642216,-17.89843575167,
    62.200000000581));
#4471 = CARTESIAN_POINT('',(14.454940486386,-12.71105058671,
    81.071550373918));
#4472 = CARTESIAN_POINT('',(21.760895723713,-17.40229223928,
    62.199999999274));
#4473 = CARTESIAN_POINT('',(19.225977901106,-12.30409413435,
    81.071550372648));
#4474 = CARTESIAN_POINT('',(26.261887796955,-13.58322388216,
    62.200000000727));
#4475 = CARTESIAN_POINT('',(22.880044015381,-9.209548544547,
    81.071550374041));
#4476 = CARTESIAN_POINT('',(28.194139011219,-7.60475842151,
    62.199999999414));
#4477 = CARTESIAN_POINT('',(24.452758645474,-4.370035396807,
    81.071550372821));
#4478 = CARTESIAN_POINT('',(27.287823836137,-1.201893830946,
    62.200000000377));
#4479 = CARTESIAN_POINT('',(23.723664087608,0.81025146514,81.07155037368
    ));
#4480 = CARTESIAN_POINT('',(24.130688545108,4.016957077358,
    62.199999999811));
#4481 = CARTESIAN_POINT('',(21.167949844028,5.030348886909,
    81.071550373197));
#4482 = CARTESIAN_POINT('',(19.8032966026,7.054595739701,62.200000000069
    ));
#4483 = CARTESIAN_POINT('',(17.661071954012,7.484341267577,
    81.071550373408));
#4484 = CARTESIAN_POINT('',(15.447345939436,7.662304925386,
    62.199999999985));
#4485 = CARTESIAN_POINT('',(14.128766867786,7.972033313254,
    81.071550373342));
#4486 = CARTESIAN_POINT('',(11.948333945968,6.208103490512,62.2));
#4487 = CARTESIAN_POINT('',(11.28955572099,6.792047382574,
    81.071550373353));
#4488 = DEFINITIONAL_REPRESENTATION('',(#4489),#4493);
#4489 = LINE('',#4490,#4491);
#4490 = CARTESIAN_POINT('',(0.,0.));
#4491 = VECTOR('',#4492,1.);
#4492 = DIRECTION('',(0.,1.));
#4493 = ( GEOMETRIC_REPRESENTATION_CONTEXT(2) 
PARAMETRIC_REPRESENTATION_CONTEXT() REPRESENTATION_CONTEXT('2D SPACE',''
  ) );
#4494 = PCURVE('',#4457,#4495);
#4495 = DEFINITIONAL_REPRESENTATION('',(#4496),#4500);
#4496 = LINE('',#4497,#4498);
#4497 = CARTESIAN_POINT('',(6.28318530718,0.));
#4498 = VECTOR('',#4499,1.);
#4499 = DIRECTION('',(0.,1.));
#4500 = ( GEOMETRIC_REPRESENTATION_CONTEXT(2) 
PARAMETRIC_REPRESENTATION_CONTEXT() REPRESENTATION_CONTEXT('2D SPACE',''
  ) );
#4501 = ORIENTED_EDGE('',*,*,#4502,.T.);
#4502 = EDGE_CURVE('',#4448,#4448,#4503,.T.);
#4503 = SURFACE_CURVE('',#4504,(#4509,#4516),.PCURVE_S1.);
#4504 = ELLIPSE('',#4505,10.29390036999,8.442905271305);
#4505 = AXIS2_PLACEMENT_3D('',#4506,#4507,#4508);
#4506 = CARTESIAN_POINT('',(15.898913213,-3.297542635985,62.2));
#4507 = DIRECTION('',(0.,0.,1.));
#4508 = DIRECTION('',(-0.383778657752,0.923425114372,0.));
#4509 = PCURVE('',#4457,#4510);
#4510 = DEFINITIONAL_REPRESENTATION('',(#4511),#4515);
#4511 = LINE('',#4512,#4513);
#4512 = CARTESIAN_POINT('',(0.,0.));
#4513 = VECTOR('',#4514,1.);
#4514 = DIRECTION('',(1.,0.));
#4515 = ( GEOMETRIC_REPRESENTATION_CONTEXT(2) 
PARAMETRIC_REPRESENTATION_CONTEXT() REPRESENTATION_CONTEXT('2D SPACE',''
  ) );
#4516 = PCURVE('',#4517,#4522);
#4517 = PLANE('',#4518);
#4518 = AXIS2_PLACEMENT_3D('',#4519,#4520,#4521);
#4519 = CARTESIAN_POINT('',(15.898913213,-3.297542635985,62.2));
#4520 = DIRECTION('',(0.,0.,1.));
#4521 = DIRECTION('',(-0.383778657752,0.923425114372,0.));
#4522 = DEFINITIONAL_REPRESENTATION('',(#4523),#4527);
#4523 = ELLIPSE('',#4524,10.29390036999,8.442905271305);
#4524 = AXIS2_PLACEMENT_2D('',#4525,#4526);
#4525 = CARTESIAN_POINT('',(0.,0.));
#4526 = DIRECTION('',(1.,0.));
#4527 = ( GEOMETRIC_REPRESENTATION_CONTEXT(2) 
PARAMETRIC_REPRESENTATION_CONTEXT() REPRESENTATION_CONTEXT('2D SPACE',''
  ) );
#4528 = ORIENTED_EDGE('',*,*,#4447,.T.);
#4529 = ORIENTED_EDGE('',*,*,#4530,.F.);
#4530 = EDGE_CURVE('',#4531,#4450,#4533,.T.);
#4531 = VERTEX_POINT('',#4532);
#4532 = CARTESIAN_POINT('',(20.811036014643,1.733067587086,
    81.071550373353));
#4533 = SURFACE_CURVE('',#4534,(#4539,#4546),.PCURVE_S1.);
#4534 = ELLIPSE('',#4535,8.32572992317,6.850845553653);
#4535 = AXIS2_PLACEMENT_3D('',#4536,#4537,#4538);
#4536 = CARTESIAN_POINT('',(14.484793175713,-0.896140723964,
    81.071550373353));
#4537 = DIRECTION('',(0.,0.,1.));
#4538 = DIRECTION('',(-0.383778657752,0.923425114372,0.));
#4539 = PCURVE('',#4457,#4540);
#4540 = DEFINITIONAL_REPRESENTATION('',(#4541),#4545);
#4541 = LINE('',#4542,#4543);
#4542 = CARTESIAN_POINT('',(0.,1.));
#4543 = VECTOR('',#4544,1.);
#4544 = DIRECTION('',(1.,0.));
#4545 = ( GEOMETRIC_REPRESENTATION_CONTEXT(2) 
PARAMETRIC_REPRESENTATION_CONTEXT() REPRESENTATION_CONTEXT('2D SPACE',''
  ) );
#4546 = PCURVE('',#4547,#4569);
#4547 = ( BOUNDED_SURFACE() B_SPLINE_SURFACE(2,2,(
    (#4548,#4549,#4550)
    ,(#4551,#4552,#4553)
    ,(#4554,#4555,#4556)
    ,(#4557,#4558,#4559)
    ,(#4560,#4561,#4562)
    ,(#4563,#4564,#4565)
    ,(#4566,#4567,#4568
)),.UNSPECIFIED.,.T.,.F.,.F.) B_SPLINE_SURFACE_WITH_KNOTS((1,2,2,2,2,1),
  (3,3),(-2.094395102393,0.,2.094395102393,4.188790204786,6.28318530718,
    8.377580409573),(0.,1.570796326795),.UNSPECIFIED.) 
GEOMETRIC_REPRESENTATION_ITEM() RATIONAL_B_SPLINE_SURFACE((
    (1.,0.707106781187,1.)
    ,(0.5,0.353553390593,0.5)
    ,(1.,0.707106781187,1.)
    ,(0.5,0.353553390593,0.5)
    ,(1.,0.707106781187,1.)
    ,(0.5,0.353553390593,0.5)
,(1.,0.707106781187,1.))) REPRESENTATION_ITEM('') SURFACE() );
#4548 = CARTESIAN_POINT('',(20.811036014643,1.733067587086,
    81.071550373353));
#4549 = CARTESIAN_POINT('',(20.311857958533,2.580751734666,
    87.733123353563));
#4550 = CARTESIAN_POINT('',(13.985615119603,-4.845657638388E-02,
    87.733123353563));
#4551 = CARTESIAN_POINT('',(15.276722400816,15.049400005755,
    81.071550373353));
#4552 = CARTESIAN_POINT('',(14.777544344706,15.897084153335,
    87.733123353563));
#4553 = CARTESIAN_POINT('',(13.985615119603,-4.845657638388E-02,
    87.733123353563));
#4554 = CARTESIAN_POINT('',(8.554514949335,4.447421329846,
    81.071550373353));
#4555 = CARTESIAN_POINT('',(8.055336893224,5.295105477426,
    87.733123353563));
#4556 = CARTESIAN_POINT('',(13.985615119603,-4.845657638388E-02,
    87.733123353563));
#4557 = CARTESIAN_POINT('',(1.832307497853,-6.154557346063,
    81.071550373353));
#4558 = CARTESIAN_POINT('',(1.333129441743,-5.306873198483,
    87.733123353563));
#4559 = CARTESIAN_POINT('',(13.985615119603,-4.845657638388E-02,
    87.733123353563));
#4560 = CARTESIAN_POINT('',(14.088828563162,-8.868911088823,
    81.071550373353));
#4561 = CARTESIAN_POINT('',(13.589650507051,-8.021226941243,
    87.733123353563));
#4562 = CARTESIAN_POINT('',(13.985615119603,-4.845657638388E-02,
    87.733123353563));
#4563 = CARTESIAN_POINT('',(26.34534962847,-11.58326483158,
    81.071550373353));
#4564 = CARTESIAN_POINT('',(25.84617157236,-10.735580684,87.733123353563
    ));
#4565 = CARTESIAN_POINT('',(13.985615119603,-4.845657638388E-02,
    87.733123353563));
#4566 = CARTESIAN_POINT('',(20.811036014643,1.733067587086,
    81.071550373353));
#4567 = CARTESIAN_POINT('',(20.311857958533,2.580751734666,
    87.733123353563));
#4568 = CARTESIAN_POINT('',(13.985615119603,-4.845657638388E-02,
    87.733123353563));
#4569 = DEFINITIONAL_REPRESENTATION('',(#4570),#4587);
#4570 = B_SPLINE_CURVE_WITH_KNOTS('',8,(#4571,#4572,#4573,#4574,#4575,
    #4576,#4577,#4578,#4579,#4580,#4581,#4582,#4583,#4584,#4585,#4586),
  .UNSPECIFIED.,.F.,.F.,(9,7,9),(4.712388980385,5.497787143782,
    6.28318530718),.UNSPECIFIED.);
#4571 = CARTESIAN_POINT('',(0.,2.313340719137E-18));
#4572 = CARTESIAN_POINT('',(0.118712885943,1.346265040032E-15));
#4573 = CARTESIAN_POINT('',(0.229735773915,-9.125895094811E-15));
#4574 = CARTESIAN_POINT('',(0.334811884328,2.103347107108E-14));
#4575 = CARTESIAN_POINT('',(0.435211478642,-1.12157944858E-14));
#4576 = CARTESIAN_POINT('',(0.531959283191,-8.163702435137E-15));
#4577 = CARTESIAN_POINT('',(0.625912641319,1.153110184905E-14));
#4578 = CARTESIAN_POINT('',(0.717828488024,-2.126884077772E-15));
#4579 = CARTESIAN_POINT('',(0.898984188973,1.837346673828E-15));
#4580 = CARTESIAN_POINT('',(0.988224058753,-1.136463424921E-14));
#4581 = CARTESIAN_POINT('',(1.076825784855,2.465751980909E-14));
#4582 = CARTESIAN_POINT('',(1.165432476368,-7.943794896328E-15));
#4583 = CARTESIAN_POINT('',(1.254677517625,-2.381230878469E-14));
#4584 = CARTESIAN_POINT('',(1.345218356854,3.059892766246E-14));
#4585 = CARTESIAN_POINT('',(1.437776561614,-9.644680482696E-15));
#4586 = CARTESIAN_POINT('',(1.533203626075,2.378574067325E-15));
#4587 = ( GEOMETRIC_REPRESENTATION_CONTEXT(2) 
PARAMETRIC_REPRESENTATION_CONTEXT() REPRESENTATION_CONTEXT('2D SPACE',''
  ) );
#4588 = ORIENTED_EDGE('',*,*,#4589,.F.);
#4589 = EDGE_CURVE('',#4450,#4531,#4590,.T.);
#4590 = SURFACE_CURVE('',#4591,(#4596,#4603),.PCURVE_S1.);
#4591 = ELLIPSE('',#4592,8.32572992317,6.850845553653);
#4592 = AXIS2_PLACEMENT_3D('',#4593,#4594,#4595);
#4593 = CARTESIAN_POINT('',(14.484793175713,-0.896140723964,
    81.071550373353));
#4594 = DIRECTION('',(0.,0.,1.));
#4595 = DIRECTION('',(-0.383778657752,0.923425114372,0.));
#4596 = PCURVE('',#4457,#4597);
#4597 = DEFINITIONAL_REPRESENTATION('',(#4598),#4602);
#4598 = LINE('',#4599,#4600);
#4599 = CARTESIAN_POINT('',(0.,1.));
#4600 = VECTOR('',#4601,1.);
#4601 = DIRECTION('',(1.,0.));
#4602 = ( GEOMETRIC_REPRESENTATION_CONTEXT(2) 
PARAMETRIC_REPRESENTATION_CONTEXT() REPRESENTATION_CONTEXT('2D SPACE',''
  ) );
#4603 = PCURVE('',#4547,#4604);
#4604 = DEFINITIONAL_REPRESENTATION('',(#4605),#4713);
#4605 = B_SPLINE_CURVE_WITH_KNOTS('',8,(#4606,#4607,#4608,#4609,#4610,
    #4611,#4612,#4613,#4614,#4615,#4616,#4617,#4618,#4619,#4620,#4621,
    #4622,#4623,#4624,#4625,#4626,#4627,#4628,#4629,#4630,#4631,#4632,
    #4633,#4634,#4635,#4636,#4637,#4638,#4639,#4640,#4641,#4642,#4643,
    #4644,#4645,#4646,#4647,#4648,#4649,#4650,#4651,#4652,#4653,#4654,
    #4655,#4656,#4657,#4658,#4659,#4660,#4661,#4662,#4663,#4664,#4665,
    #4666,#4667,#4668,#4669,#4670,#4671,#4672,#4673,#4674,#4675,#4676,
    #4677,#4678,#4679,#4680,#4681,#4682,#4683,#4684,#4685,#4686,#4687,
    #4688,#4689,#4690,#4691,#4692,#4693,#4694,#4695,#4696,#4697,#4698,
    #4699,#4700,#4701,#4702,#4703,#4704,#4705,#4706,#4707,#4708,#4709,
    #4710,#4711,#4712),.UNSPECIFIED.,.F.,.F.,(9,7,7,7,7,7,7,7,7,7,7,7,7,
    7,7,9),(0.,0.294524311274,0.432582582184,0.499454557156,
    0.515911332246,0.52000945495,0.52410357558,1.047639251181,
    1.963826683482,2.307396970594,2.608020971818,2.616241159352,
    2.620335198065,3.143348643645,3.927868812015,4.712388980385),
  .UNSPECIFIED.);
#4606 = CARTESIAN_POINT('',(1.533203626075,4.144413569968E-17));
#4607 = CARTESIAN_POINT('',(1.568988776706,7.531710123571E-16));
#4608 = CARTESIAN_POINT('',(1.605177369703,5.011793149575E-15));
#4609 = CARTESIAN_POINT('',(1.641814309706,1.127611025841E-16));
#4610 = CARTESIAN_POINT('',(1.678947107558,-3.163251608209E-15));
#4611 = CARTESIAN_POINT('',(1.716626346465,1.247639564468E-15));
#4612 = CARTESIAN_POINT('',(1.754906292524,5.905881822366E-15));
#4613 = CARTESIAN_POINT('',(1.793845649635,4.972002152577E-16));
#4614 = CARTESIAN_POINT('',(1.852100401091,3.968210305587E-15));
#4615 = CARTESIAN_POINT('',(1.870851304658,3.079139765972E-15));
#4616 = CARTESIAN_POINT('',(1.889767769012,4.695000477952E-16));
#4617 = CARTESIAN_POINT('',(1.90885664884,-1.778166736305E-15));
#4618 = CARTESIAN_POINT('',(1.928125079566,-1.888980865592E-15));
#4619 = CARTESIAN_POINT('',(1.947580502915,4.741057504717E-16));
#4620 = CARTESIAN_POINT('',(1.967230692475,3.080140333924E-15));
#4621 = CARTESIAN_POINT('',(1.996700117846,4.333894365112E-15));
#4622 = CARTESIAN_POINT('',(2.006364061526,2.713117162719E-15));
#4623 = CARTESIAN_POINT('',(2.016076532768,-3.633234938228E-16));
#4624 = CARTESIAN_POINT('',(2.025838475656,-2.077984672518E-15));
#4625 = CARTESIAN_POINT('',(2.035650855895,-1.294988622738E-15));
#4626 = CARTESIAN_POINT('',(2.04551466081,1.439977224787E-15));
#4627 = CARTESIAN_POINT('',(2.055430899343,3.899660257958E-15));
#4628 = CARTESIAN_POINT('',(2.067854083854,1.037010969485E-15));
#4629 = CARTESIAN_POINT('',(2.070310803371,6.268143703072E-16));
#4630 = CARTESIAN_POINT('',(2.072770776216,7.053628350227E-16));
#4631 = CARTESIAN_POINT('',(2.075234017993,1.033366312869E-15));
#4632 = CARTESIAN_POINT('',(2.077700544311,1.371534753083E-15));
#4633 = CARTESIAN_POINT('',(2.080170370775,1.480578104902E-15));
#4634 = CARTESIAN_POINT('',(2.082643512991,1.121206317564E-15));
#4635 = CARTESIAN_POINT('',(2.08573668571,1.002115370538E-15));
#4636 = CARTESIAN_POINT('',(2.086353592192,1.760495935968E-15));
#4637 = CARTESIAN_POINT('',(2.086970706011,2.329271036597E-15));
#4638 = CARTESIAN_POINT('',(2.087588027168,2.708440672424E-15));
#4639 = CARTESIAN_POINT('',(2.088205555663,2.89800484345E-15));
#4640 = CARTESIAN_POINT('',(2.088823291496,2.897963549675E-15));
#4641 = CARTESIAN_POINT('',(2.089441234666,2.708316791098E-15));
#4642 = CARTESIAN_POINT('',(2.090676924312,-7.57228249382E-15));
#4643 = CARTESIAN_POINT('',(2.091294743652,1.821454649005E-14));
#4644 = CARTESIAN_POINT('',(2.091912505959,-1.98137088238E-14));
#4645 = CARTESIAN_POINT('',(2.092531006769,4.582679584678E-15));
#4646 = CARTESIAN_POINT('',(2.093149134118,1.690877143411E-14));
#4647 = CARTESIAN_POINT('',(2.093767665858,-5.268764403437E-15));
#4648 = CARTESIAN_POINT('',(2.094386809852,3.130745381853E-15));
#4649 = CARTESIAN_POINT('',(2.174114751276,-2.657697628966E-16));
#4650 = CARTESIAN_POINT('',(2.249810119807,2.265665100836E-15));
#4651 = CARTESIAN_POINT('',(2.322607374251,-6.598133240615E-15));
#4652 = CARTESIAN_POINT('',(2.392929212076,5.877290768999E-15));
#4653 = CARTESIAN_POINT('',(2.461134682336,1.040452321898E-14));
#4654 = CARTESIAN_POINT('',(2.527536712099,-8.304303105994E-15));
#4655 = CARTESIAN_POINT('',(2.592413033503,3.995233841861E-15));
#4656 = CARTESIAN_POINT('',(2.767320876574,6.780923090103E-15));
#4657 = CARTESIAN_POINT('',(2.874725910406,-1.24510676478E-14));
#4658 = CARTESIAN_POINT('',(2.979581924204,8.293210237362E-15));
#4659 = CARTESIAN_POINT('',(3.082999941469,5.177505549962E-15));
#4660 = CARTESIAN_POINT('',(3.185992222963,-8.92245331506E-15));
#4661 = CARTESIAN_POINT('',(3.289550162996,1.036035342308E-15));
#4662 = CARTESIAN_POINT('',(3.394714338092,3.057471663557E-15));
#4663 = CARTESIAN_POINT('',(3.543183771319,4.76213831058E-15));
#4664 = CARTESIAN_POINT('',(3.584071097983,-5.262402810213E-17));
#4665 = CARTESIAN_POINT('',(3.625417735901,-4.296109716095E-15));
#4666 = CARTESIAN_POINT('',(3.667290676933,-2.304625371722E-16));
#4667 = CARTESIAN_POINT('',(3.709761053467,7.9051818101E-15));
#4668 = CARTESIAN_POINT('',(3.752905196424,7.490395874173E-15));
#4669 = CARTESIAN_POINT('',(3.796805956216,-5.718468394786E-15));
#4670 = CARTESIAN_POINT('',(3.880709075659,2.169097832084E-15));
#4671 = CARTESIAN_POINT('',(3.920512797839,-2.992095048855E-15));
#4672 = CARTESIAN_POINT('',(3.961026378722,-2.518311384658E-15));
#4673 = CARTESIAN_POINT('',(4.002315577808,1.933637304426E-15));
#4674 = CARTESIAN_POINT('',(4.044451766836,4.26232007968E-15));
#4675 = CARTESIAN_POINT('',(4.087513028453,6.60716184691E-16));
#4676 = CARTESIAN_POINT('',(4.131585575302,-4.751022610357E-15));
#4677 = CARTESIAN_POINT('',(4.178000877842,-1.109605192827E-15));
#4678 = CARTESIAN_POINT('',(4.179237094111,-3.24364458225E-15));
#4679 = CARTESIAN_POINT('',(4.180474140305,-2.855621615207E-15));
#4680 = CARTESIAN_POINT('',(4.181712018402,-9.999628177555E-16));
#4681 = CARTESIAN_POINT('',(4.182950730382,1.268905284048E-15));
#4682 = CARTESIAN_POINT('',(4.184190278223,2.896556164144E-15));
#4683 = CARTESIAN_POINT('',(4.185430663904,2.828563296476E-15));
#4684 = CARTESIAN_POINT('',(4.187290041724,1.376968912195E-14));
#4685 = CARTESIAN_POINT('',(4.18790875499,-5.577716850862E-14));
#4686 = CARTESIAN_POINT('',(4.188526182057,1.409106073829E-13));
#4687 = CARTESIAN_POINT('',(4.189147250552,-1.701854224656E-13));
#4688 = CARTESIAN_POINT('',(4.189764447219,1.118911769044E-13));
#4689 = CARTESIAN_POINT('',(4.190383338326,-3.923103182168E-14));
#4690 = CARTESIAN_POINT('',(4.191001430712,5.795609018516E-15));
#4691 = CARTESIAN_POINT('',(4.270566223713,1.693096098771E-15));
#4692 = CARTESIAN_POINT('',(4.34611669304,-4.258168695375E-15));
#4693 = CARTESIAN_POINT('',(4.418783503452,3.509704010639E-15));
#4694 = CARTESIAN_POINT('',(4.488986973705,9.391539428347E-16));
#4695 = CARTESIAN_POINT('',(4.557084275772,-3.520804938708E-15));
#4696 = CARTESIAN_POINT('',(4.623386806775,2.234125435641E-15));
#4697 = CARTESIAN_POINT('',(4.688171033606,-4.819440115555E-16));
#4698 = CARTESIAN_POINT('',(4.846963750067,-1.595333296704E-16));
#4699 = CARTESIAN_POINT('',(4.93938831669,7.395412352955E-16));
#4700 = CARTESIAN_POINT('',(5.02980901566,-1.165458479667E-15));
#4701 = CARTESIAN_POINT('',(5.118944288733,3.108791726448E-16));
#4702 = CARTESIAN_POINT('',(5.207449077008,1.161783845322E-15));
#4703 = CARTESIAN_POINT('',(5.295954604003,-1.409540971531E-15));
#4704 = CARTESIAN_POINT('',(5.385101999778,5.604494539044E-16));
#4705 = CARTESIAN_POINT('',(5.566076140101,1.230410384904E-16));
#4706 = CARTESIAN_POINT('',(5.657902901134,-1.293108811643E-15));
#4707 = CARTESIAN_POINT('',(5.751766838133,5.601038252638E-15));
#4708 = CARTESIAN_POINT('',(5.848422811658,-1.326352472904E-14));
#4709 = CARTESIAN_POINT('',(5.948725836235,1.865564601137E-14));
#4710 = CARTESIAN_POINT('',(6.053697767871,-1.534225444811E-14));
#4711 = CARTESIAN_POINT('',(6.164605130016,6.546339517101E-15));
#4712 = CARTESIAN_POINT('',(6.28318530718,3.470011078705E-18));
#4713 = ( GEOMETRIC_REPRESENTATION_CONTEXT(2) 
PARAMETRIC_REPRESENTATION_CONTEXT() REPRESENTATION_CONTEXT('2D SPACE',''
  ) );
#4714 = ADVANCED_FACE('',(#4715),#4547,.T.);
#4715 = FACE_BOUND('',#4716,.T.);
#4716 = EDGE_LOOP('',(#4717,#4740,#4741,#4742));
#4717 = ORIENTED_EDGE('',*,*,#4718,.T.);
#4718 = EDGE_CURVE('',#4531,#4719,#4721,.T.);
#4719 = VERTEX_POINT('',#4720);
#4720 = CARTESIAN_POINT('',(13.985615119603,-4.845657638388E-02,
    87.733123353563));
#4721 = SEAM_CURVE('',#4722,(#4726,#4733),.PCURVE_S1.);
#4722 = ( BOUNDED_CURVE() B_SPLINE_CURVE(2,(#4723,#4724,#4725),
.UNSPECIFIED.,.F.,.F.) B_SPLINE_CURVE_WITH_KNOTS((3,3),(6.28318530718,
7.853981633974),.PIECEWISE_BEZIER_KNOTS.) CURVE() 
GEOMETRIC_REPRESENTATION_ITEM() RATIONAL_B_SPLINE_CURVE((1.,
0.707106781187,1.)) REPRESENTATION_ITEM('') );
#4723 = CARTESIAN_POINT('',(20.811036014643,1.733067587086,
    81.071550373353));
#4724 = CARTESIAN_POINT('',(20.311857958533,2.580751734666,
    87.733123353563));
#4725 = CARTESIAN_POINT('',(13.985615119603,-4.845657638388E-02,
    87.733123353563));
#4726 = PCURVE('',#4547,#4727);
#4727 = DEFINITIONAL_REPRESENTATION('',(#4728),#4732);
#4728 = B_SPLINE_CURVE_WITH_KNOTS('',2,(#4729,#4730,#4731),
  .UNSPECIFIED.,.F.,.F.,(3,3),(6.28318530718,7.853981633974),
  .PIECEWISE_BEZIER_KNOTS.);
#4729 = CARTESIAN_POINT('',(6.28318530718,0.));
#4730 = CARTESIAN_POINT('',(6.28318530718,0.785398163397));
#4731 = CARTESIAN_POINT('',(6.28318530718,1.570796326795));
#4732 = ( GEOMETRIC_REPRESENTATION_CONTEXT(2) 
PARAMETRIC_REPRESENTATION_CONTEXT() REPRESENTATION_CONTEXT('2D SPACE',''
  ) );
#4733 = PCURVE('',#4547,#4734);
#4734 = DEFINITIONAL_REPRESENTATION('',(#4735),#4739);
#4735 = B_SPLINE_CURVE_WITH_KNOTS('',2,(#4736,#4737,#4738),
  .UNSPECIFIED.,.F.,.F.,(3,3),(6.28318530718,7.853981633974),
  .PIECEWISE_BEZIER_KNOTS.);
#4736 = CARTESIAN_POINT('',(0.,0.));
#4737 = CARTESIAN_POINT('',(8.881784197001E-16,0.785398163397));
#4738 = CARTESIAN_POINT('',(0.,1.570796326795));
#4739 = ( GEOMETRIC_REPRESENTATION_CONTEXT(2) 
PARAMETRIC_REPRESENTATION_CONTEXT() REPRESENTATION_CONTEXT('2D SPACE',''
  ) );
#4740 = ORIENTED_EDGE('',*,*,#4718,.F.);
#4741 = ORIENTED_EDGE('',*,*,#4530,.T.);
#4742 = ORIENTED_EDGE('',*,*,#4589,.T.);
#4743 = ADVANCED_FACE('',(#4744),#4517,.F.);
#4744 = FACE_BOUND('',#4745,.F.);
#4745 = EDGE_LOOP('',(#4746));
#4746 = ORIENTED_EDGE('',*,*,#4502,.T.);
#4747 = ( GEOMETRIC_REPRESENTATION_CONTEXT(3) 
GLOBAL_UNCERTAINTY_ASSIGNED_CONTEXT((#4751)) 
GLOBAL_UNIT_ASSIGNED_CONTEXT((#4748,#4749,#4750)) REPRESENTATION_CONTEXT
('Context #1','3D Context with UNIT and UNCERTAINTY') );
#4748 = ( LENGTH_UNIT() NAMED_UNIT(*) SI_UNIT(.MILLI.,.METRE.) );
#4749 = ( NAMED_UNIT(*) PLANE_ANGLE_UNIT() SI_UNIT($,.RADIAN.) );
#4750 = ( NAMED_UNIT(*) SI_UNIT($,.STERADIAN.) SOLID_ANGLE_UNIT() );
#4751 = UNCERTAINTY_MEASURE_WITH_UNIT(LENGTH_MEASURE(5.E-07),#4748,
  'distance_accuracy_value','confusion accuracy');
#4752 = CONTEXT_DEPENDENT_SHAPE_REPRESENTATION(#4753,#4755);
#4753 = ( REPRESENTATION_RELATIONSHIP('','',#4440,#10) 
REPRESENTATION_RELATIONSHIP_WITH_TRANSFORMATION(#4754) 
SHAPE_REPRESENTATION_RELATIONSHIP() );
#4754 = ITEM_DEFINED_TRANSFORMATION('','',#11,#27);
#4755 = PRODUCT_DEFINITION_SHAPE('Placement','Placement of an item',
  #4756);
#4756 = NEXT_ASSEMBLY_USAGE_OCCURRENCE('10','cot_R','',#5,#4435,$);
#4757 = PRODUCT_RELATED_PRODUCT_CATEGORY('part',$,(#4437));
#4758 = SHAPE_DEFINITION_REPRESENTATION(#4759,#4765);
#4759 = PRODUCT_DEFINITION_SHAPE('','',#4760);
#4760 = PRODUCT_DEFINITION('design','',#4761,#4764);
#4761 = PRODUCT_DEFINITION_FORMATION('','',#4762);
#4762 = PRODUCT('foam_R','foam_R','',(#4763));
#4763 = PRODUCT_CONTEXT('',#2,'mechanical');
#4764 = PRODUCT_DEFINITION_CONTEXT('part definition',#2,'design');
#4765 = ADVANCED_BREP_SHAPE_REPRESENTATION('',(#11,#4766),#7685);
#4766 = MANIFOLD_SOLID_BREP('',#4767);
#4767 = CLOSED_SHELL('',(#4768,#5165,#5264,#5610,#6068,#6116,#6450,#6499
    ,#6548,#6575,#6601,#6806,#6844,#7170,#7176,#7200,#7499,#7545,#7571,
    #7578,#7604,#7630,#7656,#7663,#7670,#7676,#7681));
#4768 = ADVANCED_FACE('',(#4769),#4782,.T.);
#4769 = FACE_BOUND('',#4770,.T.);
#4770 = EDGE_LOOP('',(#4771,#4817,#4845,#4888,#4913,#5046,#5069,#5108,
    #5142));
#4771 = ORIENTED_EDGE('',*,*,#4772,.F.);
#4772 = EDGE_CURVE('',#4773,#4775,#4777,.T.);
#4773 = VERTEX_POINT('',#4774);
#4774 = CARTESIAN_POINT('',(12.05,-15.75,37.9));
#4775 = VERTEX_POINT('',#4776);
#4776 = CARTESIAN_POINT('',(12.032826325865,-14.4021029154,
    52.959263979608));
#4777 = SURFACE_CURVE('',#4778,(#4781,#4793),.PCURVE_S1.);
#4778 = B_SPLINE_CURVE_WITH_KNOTS('',1,(#4779,#4780),.UNSPECIFIED.,.F.,
  .F.,(2,2),(0.,1.),.PIECEWISE_BEZIER_KNOTS.);
#4779 = CARTESIAN_POINT('',(12.05,-15.75,37.9));
#4780 = CARTESIAN_POINT('',(12.031525423729,-14.3,54.1));
#4781 = PCURVE('',#4782,#4787);
#4782 = B_SPLINE_SURFACE_WITH_KNOTS('',1,1,(
    (#4783,#4784)
    ,(#4785,#4786
    )),.UNSPECIFIED.,.F.,.F.,.F.,(2,2),(2,2),(1.,22.7),(0.,1.),
  .PIECEWISE_BEZIER_KNOTS.);
#4783 = CARTESIAN_POINT('',(12.05,-15.75,37.9));
#4784 = CARTESIAN_POINT('',(12.031525423729,-14.3,54.1));
#4785 = CARTESIAN_POINT('',(33.75,-15.75,37.9));
#4786 = CARTESIAN_POINT('',(30.568474576271,-14.3,54.1));
#4787 = DEFINITIONAL_REPRESENTATION('',(#4788),#4792);
#4788 = LINE('',#4789,#4790);
#4789 = CARTESIAN_POINT('',(1.,0.));
#4790 = VECTOR('',#4791,1.);
#4791 = DIRECTION('',(0.,1.));
#4792 = ( GEOMETRIC_REPRESENTATION_CONTEXT(2) 
PARAMETRIC_REPRESENTATION_CONTEXT() REPRESENTATION_CONTEXT('2D SPACE',''
  ) );
#4793 = PCURVE('',#4794,#4811);
#4794 = B_SPLINE_SURFACE_WITH_KNOTS('',7,1,(
    (#4795,#4796)
    ,(#4797,#4798)
    ,(#4799,#4800)
    ,(#4801,#4802)
    ,(#4803,#4804)
    ,(#4805,#4806)
    ,(#4807,#4808)
    ,(#4809,#4810
    )),.UNSPECIFIED.,.F.,.F.,.F.,(8,8),(2,2),(1.,2.231525423729),(0.,1.)
  ,.PIECEWISE_BEZIER_KNOTS.);
#4795 = CARTESIAN_POINT('',(11.125009051484,-15.12998913821,37.9));
#4796 = CARTESIAN_POINT('',(10.8,-14.3,54.1));
#4797 = CARTESIAN_POINT('',(11.189119286602,-15.28604988108,37.9));
#4798 = CARTESIAN_POINT('',(10.97593220339,-14.3,54.1));
#4799 = CARTESIAN_POINT('',(11.283947885725,-15.42949133066,37.9));
#4800 = CARTESIAN_POINT('',(11.15186440678,-14.3,54.1));
#4801 = CARTESIAN_POINT('',(11.406513404259,-15.55305876283,37.9));
#4802 = CARTESIAN_POINT('',(11.327796610169,-14.3,54.1));
#4803 = CARTESIAN_POINT('',(11.551695830227,-15.65037288377,37.9));
#4804 = CARTESIAN_POINT('',(11.503728813559,-14.3,54.1));
#4805 = CARTESIAN_POINT('',(11.712568152276,-15.71679059696,37.9));
#4806 = CARTESIAN_POINT('',(11.679661016949,-14.3,54.1));
#4807 = CARTESIAN_POINT('',(11.881284032439,-15.75,37.9));
#4808 = CARTESIAN_POINT('',(11.855593220339,-14.3,54.1));
#4809 = CARTESIAN_POINT('',(12.05,-15.75,37.9));
#4810 = CARTESIAN_POINT('',(12.031525423729,-14.3,54.1));
#4811 = DEFINITIONAL_REPRESENTATION('',(#4812),#4816);
#4812 = LINE('',#4813,#4814);
#4813 = CARTESIAN_POINT('',(2.231525423729,0.));
#4814 = VECTOR('',#4815,1.);
#4815 = DIRECTION('',(0.,1.));
#4816 = ( GEOMETRIC_REPRESENTATION_CONTEXT(2) 
PARAMETRIC_REPRESENTATION_CONTEXT() REPRESENTATION_CONTEXT('2D SPACE',''
  ) );
#4817 = ORIENTED_EDGE('',*,*,#4818,.T.);
#4818 = EDGE_CURVE('',#4773,#4819,#4821,.T.);
#4819 = VERTEX_POINT('',#4820);
#4820 = CARTESIAN_POINT('',(20.6,-15.75,37.9));
#4821 = SURFACE_CURVE('',#4822,(#4826,#4833),.PCURVE_S1.);
#4822 = LINE('',#4823,#4824);
#4823 = CARTESIAN_POINT('',(11.05,-15.75,37.9));
#4824 = VECTOR('',#4825,1.);
#4825 = DIRECTION('',(1.,0.,0.));
#4826 = PCURVE('',#4782,#4827);
#4827 = DEFINITIONAL_REPRESENTATION('',(#4828),#4832);
#4828 = LINE('',#4829,#4830);
#4829 = CARTESIAN_POINT('',(0.,0.));
#4830 = VECTOR('',#4831,1.);
#4831 = DIRECTION('',(1.,0.));
#4832 = ( GEOMETRIC_REPRESENTATION_CONTEXT(2) 
PARAMETRIC_REPRESENTATION_CONTEXT() REPRESENTATION_CONTEXT('2D SPACE',''
  ) );
#4833 = PCURVE('',#4834,#4839);
#4834 = PLANE('',#4835);
#4835 = AXIS2_PLACEMENT_3D('',#4836,#4837,#4838);
#4836 = CARTESIAN_POINT('',(33.75,-14.75,37.9));
#4837 = DIRECTION('',(0.,-0.,1.));
#4838 = DIRECTION('',(1.,0.,0.));
#4839 = DEFINITIONAL_REPRESENTATION('',(#4840),#4844);
#4840 = LINE('',#4841,#4842);
#4841 = CARTESIAN_POINT('',(-22.7,-1.));
#4842 = VECTOR('',#4843,1.);
#4843 = DIRECTION('',(1.,0.));
#4844 = ( GEOMETRIC_REPRESENTATION_CONTEXT(2) 
PARAMETRIC_REPRESENTATION_CONTEXT() REPRESENTATION_CONTEXT('2D SPACE',''
  ) );
#4845 = ORIENTED_EDGE('',*,*,#4846,.T.);
#4846 = EDGE_CURVE('',#4819,#4847,#4849,.T.);
#4847 = VERTEX_POINT('',#4848);
#4848 = CARTESIAN_POINT('',(20.6,-15.11450617284,45.));
#4849 = SURFACE_CURVE('',#4850,(#4859,#4871),.PCURVE_S1.);
#4850 = B_SPLINE_CURVE_WITH_KNOTS('',4,(#4851,#4852,#4853,#4854,#4855,
    #4856,#4857,#4858),.UNSPECIFIED.,.F.,.F.,(5,3,5),(0.,0.500405613396,
    1.),.UNSPECIFIED.);
#4851 = CARTESIAN_POINT('',(20.6,-15.75,37.9));
#4852 = CARTESIAN_POINT('',(20.6,-15.67046485092,38.788599596615));
#4853 = CARTESIAN_POINT('',(20.6,-15.59093985653,39.677085740804));
#4854 = CARTESIAN_POINT('',(20.6,-15.51142581695,40.565449493382));
#4855 = CARTESIAN_POINT('',(20.6,-15.35255047096,42.340470600309));
#4856 = CARTESIAN_POINT('',(20.6,-15.27318912711,43.22712837291));
#4857 = CARTESIAN_POINT('',(20.6,-15.19384063697,44.113642538643));
#4858 = CARTESIAN_POINT('',(20.6,-15.11450617284,45.));
#4859 = PCURVE('',#4782,#4860);
#4860 = DEFINITIONAL_REPRESENTATION('',(#4861),#4870);
#4861 = B_SPLINE_CURVE_WITH_KNOTS('',4,(#4862,#4863,#4864,#4865,#4866,
    #4867,#4868,#4869),.UNSPECIFIED.,.F.,.F.,(5,3,5),(0.,0.500405613396,
    1.),.UNSPECIFIED.);
#4862 = CARTESIAN_POINT('',(9.55,0.));
#4863 = CARTESIAN_POINT('',(9.619373615714,5.485182695154E-02));
#4864 = CARTESIAN_POINT('',(9.690217508494,0.109696650667));
#4865 = CARTESIAN_POINT('',(9.762600944197,0.164533919345));
#4866 = CARTESIAN_POINT('',(9.910484042164,0.274103123476));
#4867 = CARTESIAN_POINT('',(9.98597845406,0.328835084748));
#4868 = CARTESIAN_POINT('',(10.063164090781,0.383558181398));
#4869 = CARTESIAN_POINT('',(10.142129605696,0.438271604938));
#4870 = ( GEOMETRIC_REPRESENTATION_CONTEXT(2) 
PARAMETRIC_REPRESENTATION_CONTEXT() REPRESENTATION_CONTEXT('2D SPACE',''
  ) );
#4871 = PCURVE('',#4872,#4877);
#4872 = PLANE('',#4873);
#4873 = AXIS2_PLACEMENT_3D('',#4874,#4875,#4876);
#4874 = CARTESIAN_POINT('',(20.6,-20.,37.5));
#4875 = DIRECTION('',(1.,0.,-0.));
#4876 = DIRECTION('',(0.,0.,1.));
#4877 = DEFINITIONAL_REPRESENTATION('',(#4878),#4887);
#4878 = B_SPLINE_CURVE_WITH_KNOTS('',4,(#4879,#4880,#4881,#4882,#4883,
    #4884,#4885,#4886),.UNSPECIFIED.,.F.,.F.,(5,3,5),(0.,0.500405613396,
    1.),.UNSPECIFIED.);
#4879 = CARTESIAN_POINT('',(0.4,-4.25));
#4880 = CARTESIAN_POINT('',(1.288599596615,-4.32953514908));
#4881 = CARTESIAN_POINT('',(2.177085740804,-4.409060143467));
#4882 = CARTESIAN_POINT('',(3.065449493382,-4.48857418305));
#4883 = CARTESIAN_POINT('',(4.840470600309,-4.64744952904));
#4884 = CARTESIAN_POINT('',(5.72712837291,-4.726810872884));
#4885 = CARTESIAN_POINT('',(6.613642538643,-4.806159363027));
#4886 = CARTESIAN_POINT('',(7.5,-4.88549382716));
#4887 = ( GEOMETRIC_REPRESENTATION_CONTEXT(2) 
PARAMETRIC_REPRESENTATION_CONTEXT() REPRESENTATION_CONTEXT('2D SPACE',''
  ) );
#4888 = ORIENTED_EDGE('',*,*,#4889,.F.);
#4889 = EDGE_CURVE('',#4890,#4847,#4892,.T.);
#4890 = VERTEX_POINT('',#4891);
#4891 = CARTESIAN_POINT('',(25.6,-15.11450617284,45.));
#4892 = SURFACE_CURVE('',#4893,(#4896,#4902),.PCURVE_S1.);
#4893 = B_SPLINE_CURVE_WITH_KNOTS('',1,(#4894,#4895),.UNSPECIFIED.,.F.,
  .F.,(2,2),(0.,1.),.PIECEWISE_BEZIER_KNOTS.);
#4894 = CARTESIAN_POINT('',(25.6,-15.11450617284,45.));
#4895 = CARTESIAN_POINT('',(20.6,-15.11450617284,45.));
#4896 = PCURVE('',#4782,#4897);
#4897 = DEFINITIONAL_REPRESENTATION('',(#4898),#4901);
#4898 = B_SPLINE_CURVE_WITH_KNOTS('',1,(#4899,#4900),.UNSPECIFIED.,.F.,
  .F.,(2,2),(0.,1.),.PIECEWISE_BEZIER_KNOTS.);
#4899 = CARTESIAN_POINT('',(15.483345999955,0.438271604938));
#4900 = CARTESIAN_POINT('',(10.14212955719,0.438271604938));
#4901 = ( GEOMETRIC_REPRESENTATION_CONTEXT(2) 
PARAMETRIC_REPRESENTATION_CONTEXT() REPRESENTATION_CONTEXT('2D SPACE',''
  ) );
#4902 = PCURVE('',#4903,#4908);
#4903 = PLANE('',#4904);
#4904 = AXIS2_PLACEMENT_3D('',#4905,#4906,#4907);
#4905 = CARTESIAN_POINT('',(20.6,-20.,45.));
#4906 = DIRECTION('',(0.,0.,1.));
#4907 = DIRECTION('',(1.,0.,-0.));
#4908 = DEFINITIONAL_REPRESENTATION('',(#4909),#4912);
#4909 = B_SPLINE_CURVE_WITH_KNOTS('',1,(#4910,#4911),.UNSPECIFIED.,.F.,
  .F.,(2,2),(0.,1.),.PIECEWISE_BEZIER_KNOTS.);
#4910 = CARTESIAN_POINT('',(5.,4.88549382716));
#4911 = CARTESIAN_POINT('',(0.,4.88549382716));
#4912 = ( GEOMETRIC_REPRESENTATION_CONTEXT(2) 
PARAMETRIC_REPRESENTATION_CONTEXT() REPRESENTATION_CONTEXT('2D SPACE',''
  ) );
#4913 = ORIENTED_EDGE('',*,*,#4914,.F.);
#4914 = EDGE_CURVE('',#4915,#4890,#4917,.T.);
#4915 = VERTEX_POINT('',#4916);
#4916 = CARTESIAN_POINT('',(25.6,-15.75,37.9));
#4917 = SURFACE_CURVE('',#4918,(#4957,#4999),.PCURVE_S1.);
#4918 = B_SPLINE_CURVE_WITH_KNOTS('',7,(#4919,#4920,#4921,#4922,#4923,
    #4924,#4925,#4926,#4927,#4928,#4929,#4930,#4931,#4932,#4933,#4934,
    #4935,#4936,#4937,#4938,#4939,#4940,#4941,#4942,#4943,#4944,#4945,
    #4946,#4947,#4948,#4949,#4950,#4951,#4952,#4953,#4954,#4955,#4956),
  .UNSPECIFIED.,.F.,.F.,(8,6,6,6,6,6,8),(0.,0.500228813196,
    0.750544505731,0.875757707191,0.937317378715,0.969162351507,1.),
  .UNSPECIFIED.);
#4919 = CARTESIAN_POINT('',(25.6,-15.75,37.9));
#4920 = CARTESIAN_POINT('',(25.6,-15.7045390309,38.407908758179));
#4921 = CARTESIAN_POINT('',(25.6,-15.65908521071,38.915737645842));
#4922 = CARTESIAN_POINT('',(25.6,-15.61363876168,39.423484179823));
#4923 = CARTESIAN_POINT('',(25.6,-15.56819991751,39.931145749096));
#4924 = CARTESIAN_POINT('',(25.6,-15.52276892336,40.43871961478));
#4925 = CARTESIAN_POINT('',(25.6,-15.47734603582,40.946202910135));
#4926 = CARTESIAN_POINT('',(25.6,-15.40920599221,41.70749167318));
#4927 = CARTESIAN_POINT('',(25.6,-15.3864825587,41.961367275146));
#4928 = CARTESIAN_POINT('',(25.6,-15.36376125606,42.215219070205));
#4929 = CARTESIAN_POINT('',(25.6,-15.3410421188,42.469046672699));
#4930 = CARTESIAN_POINT('',(25.6,-15.31832518228,42.722849687567));
#4931 = CARTESIAN_POINT('',(25.6,-15.29561048271,42.976627710349));
#4932 = CARTESIAN_POINT('',(25.6,-15.26153682168,43.357312750838));
#4933 = CARTESIAN_POINT('',(25.6,-15.25017615524,43.484238817322));
#4934 = CARTESIAN_POINT('',(25.6,-15.23881606244,43.611158474793));
#4935 = CARTESIAN_POINT('',(25.6,-15.22745654798,43.738071670771));
#4936 = CARTESIAN_POINT('',(25.6,-15.21609761663,43.864978352139));
#4937 = CARTESIAN_POINT('',(25.6,-15.20473927318,43.991878465141));
#4938 = CARTESIAN_POINT('',(25.6,-15.18779761129,44.181157722113));
#4939 = CARTESIAN_POINT('',(25.6,-15.18221384335,44.243541888061));
#4940 = CARTESIAN_POINT('',(25.6,-15.17663021927,44.305924446763));
#4941 = CARTESIAN_POINT('',(25.6,-15.17104673963,44.368305391715));
#4942 = CARTESIAN_POINT('',(25.6,-15.16546340501,44.430684716374));
#4943 = CARTESIAN_POINT('',(25.6,-15.15988021601,44.493062414158));
#4944 = CARTESIAN_POINT('',(25.6,-15.15140905115,44.587705773268));
#4945 = CARTESIAN_POINT('',(25.6,-15.14852096821,44.619972630963));
#4946 = CARTESIAN_POINT('',(25.6,-15.14563292448,44.652239050616));
#4947 = CARTESIAN_POINT('',(25.6,-15.14274492003,44.684505031306));
#4948 = CARTESIAN_POINT('',(25.6,-15.13985695496,44.716770572111));
#4949 = CARTESIAN_POINT('',(25.6,-15.13696902934,44.749035672107));
#4950 = CARTESIAN_POINT('',(25.6,-15.13128460717,44.812544388779));
#4951 = CARTESIAN_POINT('',(25.6,-15.12848810989,44.843788013605));
#4952 = CARTESIAN_POINT('',(25.6,-15.12569164079,44.875031323529));
#4953 = CARTESIAN_POINT('',(25.6,-15.12289522936,44.906273989221));
#4954 = CARTESIAN_POINT('',(25.6,-15.12009882916,44.937516529368));
#4955 = CARTESIAN_POINT('',(25.6,-15.11730248534,44.968758439589));
#4956 = CARTESIAN_POINT('',(25.6,-15.11450617284,45.));
#4957 = PCURVE('',#4782,#4958);
#4958 = DEFINITIONAL_REPRESENTATION('',(#4959),#4998);
#4959 = B_SPLINE_CURVE_WITH_KNOTS('',7,(#4960,#4961,#4962,#4963,#4964,
    #4965,#4966,#4967,#4968,#4969,#4970,#4971,#4972,#4973,#4974,#4975,
    #4976,#4977,#4978,#4979,#4980,#4981,#4982,#4983,#4984,#4985,#4986,
    #4987,#4988,#4989,#4990,#4991,#4992,#4993,#4994,#4995,#4996,#4997),
  .UNSPECIFIED.,.F.,.F.,(8,6,6,6,6,6,8),(0.,0.500228813196,
    0.750544505731,0.875757707191,0.937317378715,0.969162351507,1.),
  .UNSPECIFIED.);
#4960 = CARTESIAN_POINT('',(14.55,0.));
#4961 = CARTESIAN_POINT('',(14.612502854297,3.135239248018E-02));
#4962 = CARTESIAN_POINT('',(14.675662379315,6.269985468163E-02));
#4963 = CARTESIAN_POINT('',(14.739490662588,9.404223332241E-02));
#4964 = CARTESIAN_POINT('',(14.804000174907,0.125379367228));
#4965 = CARTESIAN_POINT('',(14.869203770331,0.156711087332));
#4966 = CARTESIAN_POINT('',(14.935114686177,0.188037216675));
#4967 = CARTESIAN_POINT('',(15.03508928329,0.235030350196));
#4968 = CARTESIAN_POINT('',(15.068612551523,0.250701683651));
#4969 = CARTESIAN_POINT('',(15.102318056384,0.266371547544));
#4970 = CARTESIAN_POINT('',(15.13620753321,0.282039918068));
#4971 = CARTESIAN_POINT('',(15.170282744013,0.297706770837));
#4972 = CARTESIAN_POINT('',(15.204545477482,0.313372080886));
#4973 = CARTESIAN_POINT('',(15.256231203514,0.336871157459));
#4974 = CARTESIAN_POINT('',(15.27351223452,0.344706099835));
#4975 = CARTESIAN_POINT('',(15.290840869291,0.352540646592));
#4976 = CARTESIAN_POINT('',(15.308217336878,0.360374794492));
#4977 = CARTESIAN_POINT('',(15.325641868092,0.368208540256));
#4978 = CARTESIAN_POINT('',(15.343114695505,0.376041880564));
#4979 = CARTESIAN_POINT('',(15.369250233321,0.387725785316));
#4980 = CARTESIAN_POINT('',(15.377876143449,0.391576659757));
#4981 = CARTESIAN_POINT('',(15.386513811681,0.395427434985));
#4982 = CARTESIAN_POINT('',(15.395163265973,0.3992781106));
#4983 = CARTESIAN_POINT('',(15.403824534383,0.403128686196));
#4984 = CARTESIAN_POINT('',(15.412497645077,0.406979161368));
#4985 = CARTESIAN_POINT('',(15.425675388954,0.412821344029));
#4986 = CARTESIAN_POINT('',(15.430171328164,0.414813125368));
#4987 = CARTESIAN_POINT('',(15.434670447872,0.416804879668));
#4988 = CARTESIAN_POINT('',(15.439172751997,0.418796606871));
#4989 = CARTESIAN_POINT('',(15.443678244469,0.42078830692));
#4990 = CARTESIAN_POINT('',(15.448186929225,0.42277997976));
#4991 = CARTESIAN_POINT('',(15.457067970789,0.426700270912));
#4992 = CARTESIAN_POINT('',(15.461440265307,0.428628889729));
#4993 = CARTESIAN_POINT('',(15.46581484621,0.430557489107));
#4994 = CARTESIAN_POINT('',(15.470194065415,0.432486048717));
#4995 = CARTESIAN_POINT('',(15.474574205565,0.434414600578));
#4996 = CARTESIAN_POINT('',(15.47895887849,0.436343113555));
#4997 = CARTESIAN_POINT('',(15.48334607628,0.438271604938));
#4998 = ( GEOMETRIC_REPRESENTATION_CONTEXT(2) 
PARAMETRIC_REPRESENTATION_CONTEXT() REPRESENTATION_CONTEXT('2D SPACE',''
  ) );
#4999 = PCURVE('',#5000,#5005);
#5000 = PLANE('',#5001);
#5001 = AXIS2_PLACEMENT_3D('',#5002,#5003,#5004);
#5002 = CARTESIAN_POINT('',(25.6,-20.,37.5));
#5003 = DIRECTION('',(1.,0.,-0.));
#5004 = DIRECTION('',(0.,0.,1.));
#5005 = DEFINITIONAL_REPRESENTATION('',(#5006),#5045);
#5006 = B_SPLINE_CURVE_WITH_KNOTS('',7,(#5007,#5008,#5009,#5010,#5011,
    #5012,#5013,#5014,#5015,#5016,#5017,#5018,#5019,#5020,#5021,#5022,
    #5023,#5024,#5025,#5026,#5027,#5028,#5029,#5030,#5031,#5032,#5033,
    #5034,#5035,#5036,#5037,#5038,#5039,#5040,#5041,#5042,#5043,#5044),
  .UNSPECIFIED.,.F.,.F.,(8,6,6,6,6,6,8),(0.,0.500228813196,
    0.750544505731,0.875757707191,0.937317378715,0.969162351507,1.),
  .UNSPECIFIED.);
#5007 = CARTESIAN_POINT('',(0.4,-4.25));
#5008 = CARTESIAN_POINT('',(0.907908758179,-4.295460969096));
#5009 = CARTESIAN_POINT('',(1.415737645842,-4.340914789288));
#5010 = CARTESIAN_POINT('',(1.923484179823,-4.386361238317));
#5011 = CARTESIAN_POINT('',(2.431145749096,-4.431800082481));
#5012 = CARTESIAN_POINT('',(2.93871961478,-4.477231076632));
#5013 = CARTESIAN_POINT('',(3.446202910135,-4.522653964179));
#5014 = CARTESIAN_POINT('',(4.20749167318,-4.590794007785));
#5015 = CARTESIAN_POINT('',(4.461367275146,-4.613517441294));
#5016 = CARTESIAN_POINT('',(4.715219070205,-4.636238743938));
#5017 = CARTESIAN_POINT('',(4.969046672699,-4.658957881198));
#5018 = CARTESIAN_POINT('',(5.222849687567,-4.681674817714));
#5019 = CARTESIAN_POINT('',(5.476627710349,-4.704389517284));
#5020 = CARTESIAN_POINT('',(5.857312750838,-4.738463178316));
#5021 = CARTESIAN_POINT('',(5.984238817322,-4.74982384476));
#5022 = CARTESIAN_POINT('',(6.111158474793,-4.761183937559));
#5023 = CARTESIAN_POINT('',(6.238071670771,-4.772543452013));
#5024 = CARTESIAN_POINT('',(6.364978352139,-4.78390238337));
#5025 = CARTESIAN_POINT('',(6.491878465141,-4.795260726818));
#5026 = CARTESIAN_POINT('',(6.681157722113,-4.812202388708));
#5027 = CARTESIAN_POINT('',(6.743541888061,-4.817786156647));
#5028 = CARTESIAN_POINT('',(6.805924446763,-4.823369780729));
#5029 = CARTESIAN_POINT('',(6.868305391715,-4.82895326037));
#5030 = CARTESIAN_POINT('',(6.930684716374,-4.834536594984));
#5031 = CARTESIAN_POINT('',(6.993062414158,-4.840119783983));
#5032 = CARTESIAN_POINT('',(7.087705773268,-4.848590948842));
#5033 = CARTESIAN_POINT('',(7.119972630963,-4.851479031784));
#5034 = CARTESIAN_POINT('',(7.152239050616,-4.854367075518));
#5035 = CARTESIAN_POINT('',(7.184505031306,-4.857255079963));
#5036 = CARTESIAN_POINT('',(7.216770572111,-4.860143045035));
#5037 = CARTESIAN_POINT('',(7.249035672107,-4.863030970652));
#5038 = CARTESIAN_POINT('',(7.312544388779,-4.868715392823));
#5039 = CARTESIAN_POINT('',(7.343788013605,-4.871511890107));
#5040 = CARTESIAN_POINT('',(7.375031323529,-4.874308359205));
#5041 = CARTESIAN_POINT('',(7.406273989221,-4.87710477064));
#5042 = CARTESIAN_POINT('',(7.437516529368,-4.879901170838));
#5043 = CARTESIAN_POINT('',(7.468758439589,-4.882697514655));
#5044 = CARTESIAN_POINT('',(7.5,-4.88549382716));
#5045 = ( GEOMETRIC_REPRESENTATION_CONTEXT(2) 
PARAMETRIC_REPRESENTATION_CONTEXT() REPRESENTATION_CONTEXT('2D SPACE',''
  ) );
#5046 = ORIENTED_EDGE('',*,*,#5047,.T.);
#5047 = EDGE_CURVE('',#4915,#5048,#5050,.T.);
#5048 = VERTEX_POINT('',#5049);
#5049 = CARTESIAN_POINT('',(33.75,-15.75,37.9));
#5050 = SURFACE_CURVE('',#5051,(#5055,#5062),.PCURVE_S1.);
#5051 = LINE('',#5052,#5053);
#5052 = CARTESIAN_POINT('',(11.05,-15.75,37.9));
#5053 = VECTOR('',#5054,1.);
#5054 = DIRECTION('',(1.,0.,0.));
#5055 = PCURVE('',#4782,#5056);
#5056 = DEFINITIONAL_REPRESENTATION('',(#5057),#5061);
#5057 = LINE('',#5058,#5059);
#5058 = CARTESIAN_POINT('',(0.,0.));
#5059 = VECTOR('',#5060,1.);
#5060 = DIRECTION('',(1.,0.));
#5061 = ( GEOMETRIC_REPRESENTATION_CONTEXT(2) 
PARAMETRIC_REPRESENTATION_CONTEXT() REPRESENTATION_CONTEXT('2D SPACE',''
  ) );
#5062 = PCURVE('',#4834,#5063);
#5063 = DEFINITIONAL_REPRESENTATION('',(#5064),#5068);
#5064 = LINE('',#5065,#5066);
#5065 = CARTESIAN_POINT('',(-22.7,-1.));
#5066 = VECTOR('',#5067,1.);
#5067 = DIRECTION('',(1.,0.));
#5068 = ( GEOMETRIC_REPRESENTATION_CONTEXT(2) 
PARAMETRIC_REPRESENTATION_CONTEXT() REPRESENTATION_CONTEXT('2D SPACE',''
  ) );
#5069 = ORIENTED_EDGE('',*,*,#5070,.T.);
#5070 = EDGE_CURVE('',#5048,#5071,#5073,.T.);
#5071 = VERTEX_POINT('',#5072);
#5072 = CARTESIAN_POINT('',(30.905674240522,-14.45368084426,
    52.383014015817));
#5073 = SURFACE_CURVE('',#5074,(#5077,#5084),.PCURVE_S1.);
#5074 = B_SPLINE_CURVE_WITH_KNOTS('',1,(#5075,#5076),.UNSPECIFIED.,.F.,
  .F.,(2,2),(0.,1.),.PIECEWISE_BEZIER_KNOTS.);
#5075 = CARTESIAN_POINT('',(33.75,-15.75,37.9));
#5076 = CARTESIAN_POINT('',(30.568474576271,-14.3,54.1));
#5077 = PCURVE('',#4782,#5078);
#5078 = DEFINITIONAL_REPRESENTATION('',(#5079),#5083);
#5079 = LINE('',#5080,#5081);
#5080 = CARTESIAN_POINT('',(22.7,0.));
#5081 = VECTOR('',#5082,1.);
#5082 = DIRECTION('',(0.,1.));
#5083 = ( GEOMETRIC_REPRESENTATION_CONTEXT(2) 
PARAMETRIC_REPRESENTATION_CONTEXT() REPRESENTATION_CONTEXT('2D SPACE',''
  ) );
#5084 = PCURVE('',#5085,#5102);
#5085 = B_SPLINE_SURFACE_WITH_KNOTS('',7,1,(
    (#5086,#5087)
    ,(#5088,#5089)
    ,(#5090,#5091)
    ,(#5092,#5093)
    ,(#5094,#5095)
    ,(#5096,#5097)
    ,(#5098,#5099)
    ,(#5100,#5101
    )),.UNSPECIFIED.,.F.,.F.,.F.,(8,8),(2,2),(20.768474576271,22.),(0.,
    1.),.PIECEWISE_BEZIER_KNOTS.);
#5086 = CARTESIAN_POINT('',(33.75,-15.75,37.9));
#5087 = CARTESIAN_POINT('',(30.568474576271,-14.3,54.1));
#5088 = CARTESIAN_POINT('',(33.918715967562,-15.75,37.9));
#5089 = CARTESIAN_POINT('',(30.744406779661,-14.3,54.1));
#5090 = CARTESIAN_POINT('',(34.087431847724,-15.71679059696,
    37.899999999999));
#5091 = CARTESIAN_POINT('',(30.920338983051,-14.3,54.1));
#5092 = CARTESIAN_POINT('',(34.248304169774,-15.65037288377,
    37.900000000001));
#5093 = CARTESIAN_POINT('',(31.096271186441,-14.3,54.1));
#5094 = CARTESIAN_POINT('',(34.39348659574,-15.55305876282,
    37.899999999999));
#5095 = CARTESIAN_POINT('',(31.272203389831,-14.3,54.1));
#5096 = CARTESIAN_POINT('',(34.516052114276,-15.42949133066,
    37.900000000001));
#5097 = CARTESIAN_POINT('',(31.44813559322,-14.3,54.1));
#5098 = CARTESIAN_POINT('',(34.610880713398,-15.28604988108,37.9));
#5099 = CARTESIAN_POINT('',(31.62406779661,-14.3,54.1));
#5100 = CARTESIAN_POINT('',(34.674990948516,-15.12998913821,37.9));
#5101 = CARTESIAN_POINT('',(31.8,-14.3,54.1));
#5102 = DEFINITIONAL_REPRESENTATION('',(#5103),#5107);
#5103 = LINE('',#5104,#5105);
#5104 = CARTESIAN_POINT('',(20.768474576271,0.));
#5105 = VECTOR('',#5106,1.);
#5106 = DIRECTION('',(0.,1.));
#5107 = ( GEOMETRIC_REPRESENTATION_CONTEXT(2) 
PARAMETRIC_REPRESENTATION_CONTEXT() REPRESENTATION_CONTEXT('2D SPACE',''
  ) );
#5108 = ORIENTED_EDGE('',*,*,#5109,.T.);
#5109 = EDGE_CURVE('',#5071,#5110,#5112,.T.);
#5110 = VERTEX_POINT('',#5111);
#5111 = CARTESIAN_POINT('',(29.259245772548,-14.4021029154,
    52.959263979608));
#5112 = SURFACE_CURVE('',#5113,(#5119,#5128),.PCURVE_S1.);
#5113 = B_SPLINE_CURVE_WITH_KNOTS('',4,(#5114,#5115,#5116,#5117,#5118),
  .UNSPECIFIED.,.F.,.F.,(5,5),(0.,1.),.PIECEWISE_BEZIER_KNOTS.);
#5114 = CARTESIAN_POINT('',(30.905674240522,-14.45368084426,
    52.383014015817));
#5115 = CARTESIAN_POINT('',(29.667988791612,-14.41490767356,
    52.816203922936));
#5116 = CARTESIAN_POINT('',(28.437773170998,-14.37636851137,
    53.246779390151));
#5117 = CARTESIAN_POINT('',(27.215091711283,-14.33806537305,
    53.674717901051));
#5118 = CARTESIAN_POINT('',(26.,-14.3,54.1));
#5119 = PCURVE('',#4782,#5120);
#5120 = DEFINITIONAL_REPRESENTATION('',(#5121),#5127);
#5121 = B_SPLINE_CURVE_WITH_KNOTS('',4,(#5122,#5123,#5124,#5125,#5126),
  .UNSPECIFIED.,.F.,.F.,(5,5),(0.,1.),.PIECEWISE_BEZIER_KNOTS.);
#5122 = CARTESIAN_POINT('',(22.7,0.894013210853));
#5123 = CARTESIAN_POINT('',(21.374681659475,0.920753328576));
#5124 = CARTESIAN_POINT('',(20.041522732792,0.94733206112));
#5125 = CARTESIAN_POINT('',(18.700596373978,0.973748018583));
#5126 = CARTESIAN_POINT('',(17.351984126984,1.));
#5127 = ( GEOMETRIC_REPRESENTATION_CONTEXT(2) 
PARAMETRIC_REPRESENTATION_CONTEXT() REPRESENTATION_CONTEXT('2D SPACE',''
  ) );
#5128 = PCURVE('',#5129,#5134);
#5129 = PLANE('',#5130);
#5130 = AXIS2_PLACEMENT_3D('',#5131,#5132,#5133);
#5131 = CARTESIAN_POINT('',(-70.,0.,87.7));
#5132 = DIRECTION('',(0.330350424728,0.,0.943858356366));
#5133 = DIRECTION('',(0.943858356366,0.,-0.330350424728));
#5134 = DEFINITIONAL_REPRESENTATION('',(#5135),#5141);
#5135 = B_SPLINE_CURVE_WITH_KNOTS('',4,(#5136,#5137,#5138,#5139,#5140),
  .UNSPECIFIED.,.F.,.F.,(5,5),(0.,1.),.PIECEWISE_BEZIER_KNOTS.);
#5136 = CARTESIAN_POINT('',(106.90764515665,-14.45368084426));
#5137 = CARTESIAN_POINT('',(105.59634093334,-14.41490767356));
#5138 = CARTESIAN_POINT('',(104.29295085122,-14.37636851137));
#5139 = CARTESIAN_POINT('',(102.99754306946,-14.33806537305));
#5140 = CARTESIAN_POINT('',(101.710176482,-14.3));
#5141 = ( GEOMETRIC_REPRESENTATION_CONTEXT(2) 
PARAMETRIC_REPRESENTATION_CONTEXT() REPRESENTATION_CONTEXT('2D SPACE',''
  ) );
#5142 = ORIENTED_EDGE('',*,*,#5143,.T.);
#5143 = EDGE_CURVE('',#5110,#4775,#5144,.T.);
#5144 = SURFACE_CURVE('',#5145,(#5148,#5154),.PCURVE_S1.);
#5145 = B_SPLINE_CURVE_WITH_KNOTS('',1,(#5146,#5147),.UNSPECIFIED.,.F.,
  .F.,(2,2),(0.,1.),.PIECEWISE_BEZIER_KNOTS.);
#5146 = CARTESIAN_POINT('',(30.792504246064,-14.4021029154,
    52.959263979608));
#5147 = CARTESIAN_POINT('',(12.032826325865,-14.4021029154,
    52.959263979608));
#5148 = PCURVE('',#4782,#5149);
#5149 = DEFINITIONAL_REPRESENTATION('',(#5150),#5153);
#5150 = B_SPLINE_CURVE_WITH_KNOTS('',1,(#5151,#5152),.UNSPECIFIED.,.F.,
  .F.,(2,2),(0.,1.),.PIECEWISE_BEZIER_KNOTS.);
#5151 = CARTESIAN_POINT('',(22.7,0.929584196272));
#5152 = CARTESIAN_POINT('',(1.,0.929584196272));
#5153 = ( GEOMETRIC_REPRESENTATION_CONTEXT(2) 
PARAMETRIC_REPRESENTATION_CONTEXT() REPRESENTATION_CONTEXT('2D SPACE',''
  ) );
#5154 = PCURVE('',#5155,#5160);
#5155 = PLANE('',#5156);
#5156 = AXIS2_PLACEMENT_3D('',#5157,#5158,#5159);
#5157 = CARTESIAN_POINT('',(0.,-60.,37.));
#5158 = DIRECTION('',(0.,-0.330350424728,0.943858356366));
#5159 = DIRECTION('',(0.,0.943858356366,0.330350424728));
#5160 = DEFINITIONAL_REPRESENTATION('',(#5161),#5164);
#5161 = B_SPLINE_CURVE_WITH_KNOTS('',1,(#5162,#5163),.UNSPECIFIED.,.F.,
  .F.,(2,2),(0.,1.),.PIECEWISE_BEZIER_KNOTS.);
#5162 = CARTESIAN_POINT('',(48.310105830024,-30.79250424606));
#5163 = CARTESIAN_POINT('',(48.310105830024,-12.03282632586));
#5164 = ( GEOMETRIC_REPRESENTATION_CONTEXT(2) 
PARAMETRIC_REPRESENTATION_CONTEXT() REPRESENTATION_CONTEXT('2D SPACE',''
  ) );
#5165 = ADVANCED_FACE('',(#5166),#4794,.T.);
#5166 = FACE_BOUND('',#5167,.T.);
#5167 = EDGE_LOOP('',(#5168,#5209,#5230,#5231));
#5168 = ORIENTED_EDGE('',*,*,#5169,.F.);
#5169 = EDGE_CURVE('',#5170,#5172,#5174,.T.);
#5170 = VERTEX_POINT('',#5171);
#5171 = CARTESIAN_POINT('',(11.125009051484,-15.12998913821,37.9));
#5172 = VERTEX_POINT('',#5173);
#5173 = CARTESIAN_POINT('',(10.82257361426,-14.35764717801,
    52.974823487696));
#5174 = SURFACE_CURVE('',#5175,(#5178,#5185),.PCURVE_S1.);
#5175 = B_SPLINE_CURVE_WITH_KNOTS('',1,(#5176,#5177),.UNSPECIFIED.,.F.,
  .F.,(2,2),(0.,1.),.PIECEWISE_BEZIER_KNOTS.);
#5176 = CARTESIAN_POINT('',(11.125009051484,-15.12998913821,37.9));
#5177 = CARTESIAN_POINT('',(10.8,-14.3,54.1));
#5178 = PCURVE('',#4794,#5179);
#5179 = DEFINITIONAL_REPRESENTATION('',(#5180),#5184);
#5180 = LINE('',#5181,#5182);
#5181 = CARTESIAN_POINT('',(1.,0.));
#5182 = VECTOR('',#5183,1.);
#5183 = DIRECTION('',(0.,1.));
#5184 = ( GEOMETRIC_REPRESENTATION_CONTEXT(2) 
PARAMETRIC_REPRESENTATION_CONTEXT() REPRESENTATION_CONTEXT('2D SPACE',''
  ) );
#5185 = PCURVE('',#5186,#5203);
#5186 = B_SPLINE_SURFACE_WITH_KNOTS('',7,1,(
    (#5187,#5188)
    ,(#5189,#5190)
    ,(#5191,#5192)
    ,(#5193,#5194)
    ,(#5195,#5196)
    ,(#5197,#5198)
    ,(#5199,#5200)
    ,(#5201,#5202
    )),.UNSPECIFIED.,.F.,.F.,.F.,(8,8),(2,2),(3.14159265359,
    4.712388980385),(0.,1.),.PIECEWISE_BEZIER_KNOTS.);
#5187 = CARTESIAN_POINT('',(11.05,-14.75,37.9));
#5188 = CARTESIAN_POINT('',(9.8,-13.3,54.1));
#5189 = CARTESIAN_POINT('',(11.05,-14.80568350769,37.9));
#5190 = CARTESIAN_POINT('',(9.8,-13.52439947525,54.1));
#5191 = CARTESIAN_POINT('',(11.053617376684,-14.86136702436,37.9));
#5192 = CARTESIAN_POINT('',(9.858748886552,-13.74879786498,
    54.100000000001));
#5193 = CARTESIAN_POINT('',(11.060852329474,-14.91676851405,37.9));
#5194 = CARTESIAN_POINT('',(9.976237277798,-13.95474694082,
    54.099999999999));
#5195 = CARTESIAN_POINT('',(11.071677134081,-14.97160600489,37.9));
#5196 = CARTESIAN_POINT('',(10.145253059177,-14.1237627222,
    54.100000000001));
#5197 = CARTESIAN_POINT('',(11.086036832561,-15.02560108487,37.9));
#5198 = CARTESIAN_POINT('',(10.351202135016,-14.24125111344,
    54.099999999999));
#5199 = CARTESIAN_POINT('',(11.103849923382,-15.07848239761,37.9));
#5200 = CARTESIAN_POINT('',(10.575600524744,-14.3,54.1));
#5201 = CARTESIAN_POINT('',(11.125009051484,-15.12998913821,37.9));
#5202 = CARTESIAN_POINT('',(10.8,-14.3,54.1));
#5203 = DEFINITIONAL_REPRESENTATION('',(#5204),#5208);
#5204 = LINE('',#5205,#5206);
#5205 = CARTESIAN_POINT('',(4.712388980385,0.));
#5206 = VECTOR('',#5207,1.);
#5207 = DIRECTION('',(0.,1.));
#5208 = ( GEOMETRIC_REPRESENTATION_CONTEXT(2) 
PARAMETRIC_REPRESENTATION_CONTEXT() REPRESENTATION_CONTEXT('2D SPACE',''
  ) );
#5209 = ORIENTED_EDGE('',*,*,#5210,.T.);
#5210 = EDGE_CURVE('',#5170,#4773,#5211,.T.);
#5211 = SURFACE_CURVE('',#5212,(#5217,#5223),.PCURVE_S1.);
#5212 = CIRCLE('',#5213,1.);
#5213 = AXIS2_PLACEMENT_3D('',#5214,#5215,#5216);
#5214 = CARTESIAN_POINT('',(12.05,-14.75,37.9));
#5215 = DIRECTION('',(0.,-0.,1.));
#5216 = DIRECTION('',(1.,0.,0.));
#5217 = PCURVE('',#4794,#5218);
#5218 = DEFINITIONAL_REPRESENTATION('',(#5219),#5222);
#5219 = B_SPLINE_CURVE_WITH_KNOTS('',1,(#5220,#5221),.UNSPECIFIED.,.F.,
  .F.,(2,2),(3.531377207455,4.712388980385),.PIECEWISE_BEZIER_KNOTS.);
#5220 = CARTESIAN_POINT('',(1.,0.));
#5221 = CARTESIAN_POINT('',(2.231525423729,0.));
#5222 = ( GEOMETRIC_REPRESENTATION_CONTEXT(2) 
PARAMETRIC_REPRESENTATION_CONTEXT() REPRESENTATION_CONTEXT('2D SPACE',''
  ) );
#5223 = PCURVE('',#4834,#5224);
#5224 = DEFINITIONAL_REPRESENTATION('',(#5225),#5229);
#5225 = CIRCLE('',#5226,1.);
#5226 = AXIS2_PLACEMENT_2D('',#5227,#5228);
#5227 = CARTESIAN_POINT('',(-21.7,0.));
#5228 = DIRECTION('',(1.,0.));
#5229 = ( GEOMETRIC_REPRESENTATION_CONTEXT(2) 
PARAMETRIC_REPRESENTATION_CONTEXT() REPRESENTATION_CONTEXT('2D SPACE',''
  ) );
#5230 = ORIENTED_EDGE('',*,*,#4772,.T.);
#5231 = ORIENTED_EDGE('',*,*,#5232,.T.);
#5232 = EDGE_CURVE('',#4775,#5172,#5233,.T.);
#5233 = SURFACE_CURVE('',#5234,(#5242,#5253),.PCURVE_S1.);
#5234 = B_SPLINE_CURVE_WITH_KNOTS('',6,(#5235,#5236,#5237,#5238,#5239,
    #5240,#5241),.UNSPECIFIED.,.F.,.F.,(7,7),(0.,1.),
  .PIECEWISE_BEZIER_KNOTS.);
#5235 = CARTESIAN_POINT('',(12.032826325865,-14.4021029154,
    52.959263979608));
#5236 = CARTESIAN_POINT('',(11.829532080288,-14.4021029154,
    52.959263979608));
#5237 = CARTESIAN_POINT('',(11.626233203566,-14.39876823292,
    52.960431118478));
#5238 = CARTESIAN_POINT('',(11.42345165404,-14.39209845312,
    52.962765541407));
#5239 = CARTESIAN_POINT('',(11.22169236758,-14.38248151911,
    52.966131468309));
#5240 = CARTESIAN_POINT('',(11.02133490673,-14.37068641915,
    52.970259753295));
#5241 = CARTESIAN_POINT('',(10.82257361426,-14.35764717801,
    52.974823487696));
#5242 = PCURVE('',#4794,#5243);
#5243 = DEFINITIONAL_REPRESENTATION('',(#5244),#5252);
#5244 = B_SPLINE_CURVE_WITH_KNOTS('',6,(#5245,#5246,#5247,#5248,#5249,
    #5250,#5251),.UNSPECIFIED.,.F.,.F.,(7,7),(0.,1.),
  .PIECEWISE_BEZIER_KNOTS.);
#5245 = CARTESIAN_POINT('',(2.231525423729,0.929584196272));
#5246 = CARTESIAN_POINT('',(2.027642311757,0.929584196272));
#5247 = CARTESIAN_POINT('',(1.82375574508,0.929656241881));
#5248 = CARTESIAN_POINT('',(1.619442804503,0.929800342062));
#5249 = CARTESIAN_POINT('',(1.414258708948,0.930008115328));
#5250 = CARTESIAN_POINT('',(1.207845184089,0.930262947734));
#5251 = CARTESIAN_POINT('',(1.,0.930544659734));
#5252 = ( GEOMETRIC_REPRESENTATION_CONTEXT(2) 
PARAMETRIC_REPRESENTATION_CONTEXT() REPRESENTATION_CONTEXT('2D SPACE',''
  ) );
#5253 = PCURVE('',#5155,#5254);
#5254 = DEFINITIONAL_REPRESENTATION('',(#5255),#5263);
#5255 = B_SPLINE_CURVE_WITH_KNOTS('',6,(#5256,#5257,#5258,#5259,#5260,
    #5261,#5262),.UNSPECIFIED.,.F.,.F.,(7,7),(0.,1.),
  .PIECEWISE_BEZIER_KNOTS.);
#5256 = CARTESIAN_POINT('',(48.310105830024,-12.03282632586));
#5257 = CARTESIAN_POINT('',(48.310105830024,-11.82953208028));
#5258 = CARTESIAN_POINT('',(48.313638862775,-11.62623320356));
#5259 = CARTESIAN_POINT('',(48.320705367777,-11.42345165404));
#5260 = CARTESIAN_POINT('',(48.330894326684,-11.22169236758));
#5261 = CARTESIAN_POINT('',(48.343391011043,-11.02133490673));
#5262 = CARTESIAN_POINT('',(48.357205839356,-10.82257361426));
#5263 = ( GEOMETRIC_REPRESENTATION_CONTEXT(2) 
PARAMETRIC_REPRESENTATION_CONTEXT() REPRESENTATION_CONTEXT('2D SPACE',''
  ) );
#5264 = ADVANCED_FACE('',(#5265),#5155,.T.);
#5265 = FACE_BOUND('',#5266,.T.);
#5266 = EDGE_LOOP('',(#5267,#5268,#5289,#5315,#5471,#5497,#5531,#5609));
#5267 = ORIENTED_EDGE('',*,*,#5143,.F.);
#5268 = ORIENTED_EDGE('',*,*,#5269,.F.);
#5269 = EDGE_CURVE('',#5270,#5110,#5272,.T.);
#5270 = VERTEX_POINT('',#5271);
#5271 = CARTESIAN_POINT('',(26.,-11.14285714285,54.1));
#5272 = SURFACE_CURVE('',#5273,(#5277,#5283),.PCURVE_S1.);
#5273 = LINE('',#5274,#5275);
#5274 = CARTESIAN_POINT('',(4.784284031634,10.072858825509,
    61.525500588928));
#5275 = VECTOR('',#5276,1.);
#5276 = DIRECTION('',(0.686398223055,-0.686398223055,-0.240239378069));
#5277 = PCURVE('',#5155,#5278);
#5278 = DEFINITIONAL_REPRESENTATION('',(#5279),#5282);
#5279 = B_SPLINE_CURVE_WITH_KNOTS('',1,(#5280,#5281),.UNSPECIFIED.,.F.,
  .F.,(2,2),(30.90875712637,35.74499379643),.PIECEWISE_BEZIER_KNOTS.);
#5280 = CARTESIAN_POINT('',(51.763214816733,-26.));
#5281 = CARTESIAN_POINT('',(48.246178352299,-29.3195842566));
#5282 = ( GEOMETRIC_REPRESENTATION_CONTEXT(2) 
PARAMETRIC_REPRESENTATION_CONTEXT() REPRESENTATION_CONTEXT('2D SPACE',''
  ) );
#5283 = PCURVE('',#5129,#5284);
#5284 = DEFINITIONAL_REPRESENTATION('',(#5285),#5288);
#5285 = B_SPLINE_CURVE_WITH_KNOTS('',1,(#5286,#5287),.UNSPECIFIED.,.F.,
  .F.,(2,2),(30.90875712637,35.74499379643),.PIECEWISE_BEZIER_KNOTS.);
#5286 = CARTESIAN_POINT('',(101.710176482,-11.14285714285));
#5287 = CARTESIAN_POINT('',(105.22721294643,-14.46244139945));
#5288 = ( GEOMETRIC_REPRESENTATION_CONTEXT(2) 
PARAMETRIC_REPRESENTATION_CONTEXT() REPRESENTATION_CONTEXT('2D SPACE',''
  ) );
#5289 = ORIENTED_EDGE('',*,*,#5290,.F.);
#5290 = EDGE_CURVE('',#5291,#5270,#5293,.T.);
#5291 = VERTEX_POINT('',#5292);
#5292 = CARTESIAN_POINT('',(24.771775100567,-11.14285714285,54.1));
#5293 = SURFACE_CURVE('',#5294,(#5298,#5304),.PCURVE_S1.);
#5294 = LINE('',#5295,#5296);
#5295 = CARTESIAN_POINT('',(15.9,-11.14285714285,54.1));
#5296 = VECTOR('',#5297,1.);
#5297 = DIRECTION('',(1.,0.,0.));
#5298 = PCURVE('',#5155,#5299);
#5299 = DEFINITIONAL_REPRESENTATION('',(#5300),#5303);
#5300 = B_SPLINE_CURVE_WITH_KNOTS('',1,(#5301,#5302),.UNSPECIFIED.,.F.,
  .F.,(2,2),(-6.1,10.1),.PIECEWISE_BEZIER_KNOTS.);
#5301 = CARTESIAN_POINT('',(51.763214816733,-9.8));
#5302 = CARTESIAN_POINT('',(51.763214816733,-26.));
#5303 = ( GEOMETRIC_REPRESENTATION_CONTEXT(2) 
PARAMETRIC_REPRESENTATION_CONTEXT() REPRESENTATION_CONTEXT('2D SPACE',''
  ) );
#5304 = PCURVE('',#5305,#5310);
#5305 = PLANE('',#5306);
#5306 = AXIS2_PLACEMENT_3D('',#5307,#5308,#5309);
#5307 = CARTESIAN_POINT('',(31.8,-13.3,54.1));
#5308 = DIRECTION('',(0.,-0.,1.));
#5309 = DIRECTION('',(1.,0.,0.));
#5310 = DEFINITIONAL_REPRESENTATION('',(#5311),#5314);
#5311 = B_SPLINE_CURVE_WITH_KNOTS('',1,(#5312,#5313),.UNSPECIFIED.,.F.,
  .F.,(2,2),(-6.1,10.1),.PIECEWISE_BEZIER_KNOTS.);
#5312 = CARTESIAN_POINT('',(-22.,2.157142857143));
#5313 = CARTESIAN_POINT('',(-5.8,2.157142857143));
#5314 = ( GEOMETRIC_REPRESENTATION_CONTEXT(2) 
PARAMETRIC_REPRESENTATION_CONTEXT() REPRESENTATION_CONTEXT('2D SPACE',''
  ) );
#5315 = ORIENTED_EDGE('',*,*,#5316,.T.);
#5316 = EDGE_CURVE('',#5291,#5317,#5319,.T.);
#5317 = VERTEX_POINT('',#5318);
#5318 = CARTESIAN_POINT('',(12.252047650727,-11.14285714285,54.1));
#5319 = SURFACE_CURVE('',#5320,(#5358,#5399),.PCURVE_S1.);
#5320 = B_SPLINE_CURVE_WITH_KNOTS('',6,(#5321,#5322,#5323,#5324,#5325,
    #5326,#5327,#5328,#5329,#5330,#5331,#5332,#5333,#5334,#5335,#5336,
    #5337,#5338,#5339,#5340,#5341,#5342,#5343,#5344,#5345,#5346,#5347,
    #5348,#5349,#5350,#5351,#5352,#5353,#5354,#5355,#5356,#5357),
  .UNSPECIFIED.,.F.,.F.,(7,5,5,5,5,5,5,7),(0.,9.910282784003E-02,
    0.162664262023,0.306701530125,0.50675792482,0.594707603554,
    0.735697624986,1.),.UNSPECIFIED.);
#5321 = CARTESIAN_POINT('',(24.771775100567,-11.14285714285,54.1));
#5322 = CARTESIAN_POINT('',(24.621022454599,-11.31150080586,
    54.040974717948));
#5323 = CARTESIAN_POINT('',(24.464351831167,-11.4754242018,
    53.98360152937));
#5324 = CARTESIAN_POINT('',(24.301893768855,-11.63433196593,
    53.927983811922));
#5325 = CARTESIAN_POINT('',(24.133805482198,-11.78793318839,
    53.874223384062));
#5326 = CARTESIAN_POINT('',(23.960273980604,-11.93594447497,
    53.82241943376));
#5327 = CARTESIAN_POINT('',(23.666871489755,-12.16926260246,
    53.740758089137));
#5328 = CARTESIAN_POINT('',(23.550074772132,-12.25802096957,
    53.709692660649));
#5329 = CARTESIAN_POINT('',(23.431186745023,-12.34429610239,
    53.679496364161));
#5330 = CARTESIAN_POINT('',(23.310269977661,-12.42801888806,
    53.650193389177));
#5331 = CARTESIAN_POINT('',(23.187391897901,-12.50912310774,
    53.62180691229));
#5332 = CARTESIAN_POINT('',(22.779888675865,-12.76525914239,
    53.532159300161));
#5333 = CARTESIAN_POINT('',(22.487440002857,-12.9292080549,
    53.474777180785));
#5334 = CARTESIAN_POINT('',(22.186141562556,-13.07864487224,
    53.422474294714));
#5335 = CARTESIAN_POINT('',(21.876945248504,-13.21293824909,
    53.375471612816));
#5336 = CARTESIAN_POINT('',(21.560896222152,-13.331584207,
    53.333945527549));
#5337 = CARTESIAN_POINT('',(20.792239023977,-13.57676714867,
    53.248131497962));
#5338 = CARTESIAN_POINT('',(20.33424015563,-13.68845492374,
    53.20904077669));
#5339 = CARTESIAN_POINT('',(19.86827007251,-13.76826420443,
    53.181107528449));
#5340 = CARTESIAN_POINT('',(19.397445879741,-13.81587605735,
    53.164443379924));
#5341 = CARTESIAN_POINT('',(18.924836781846,-13.83148633491,
    53.158979782778));
#5342 = CARTESIAN_POINT('',(18.246243836357,-13.80899064716,
    53.166853273491));
#5343 = CARTESIAN_POINT('',(18.039244526645,-13.79608348486,
    53.171370780299));
#5344 = CARTESIAN_POINT('',(17.832716991491,-13.77720189894,
    53.177979335368));
#5345 = CARTESIAN_POINT('',(17.626895032558,-13.752427411,
    53.186650406148));
#5346 = CARTESIAN_POINT('',(17.422000311575,-13.72185753168,
    53.197349863911));
#5347 = CARTESIAN_POINT('',(16.891603463275,-13.62748516654,
    53.230380191709));
#5348 = CARTESIAN_POINT('',(16.567881774268,-13.55475819087,
    53.255834633194));
#5349 = CARTESIAN_POINT('',(16.247942484604,-13.46788106047,
    53.286241628835));
#5350 = CARTESIAN_POINT('',(15.932541206015,-13.36739497397,
    53.321411759109));
#5351 = CARTESIAN_POINT('',(15.622332405822,-13.25389705654,
    53.36113603021));
#5352 = CARTESIAN_POINT('',(14.747141308668,-12.89203058869,
    53.487789293958));
#5353 = CARTESIAN_POINT('',(14.196666536788,-12.61253965316,
    53.585611121393));
#5354 = CARTESIAN_POINT('',(13.670023307325,-12.29363954484,
    53.697226159303));
#5355 = CARTESIAN_POINT('',(13.169546404741,-11.93969046163,
    53.821108338427));
#5356 = CARTESIAN_POINT('',(12.696648754108,-11.55486465701,
    53.955797370044));
#5357 = CARTESIAN_POINT('',(12.252047650726,-11.14285714285,54.1));
#5358 = PCURVE('',#5155,#5359);
#5359 = DEFINITIONAL_REPRESENTATION('',(#5360),#5398);
#5360 = B_SPLINE_CURVE_WITH_KNOTS('',6,(#5361,#5362,#5363,#5364,#5365,
    #5366,#5367,#5368,#5369,#5370,#5371,#5372,#5373,#5374,#5375,#5376,
    #5377,#5378,#5379,#5380,#5381,#5382,#5383,#5384,#5385,#5386,#5387,
    #5388,#5389,#5390,#5391,#5392,#5393,#5394,#5395,#5396,#5397),
  .UNSPECIFIED.,.F.,.F.,(7,5,5,5,5,5,5,7),(0.,9.910282784003E-02,
    0.162664262023,0.306701530125,0.50675792482,0.594707603554,
    0.735697624986,1.),.UNSPECIFIED.);
#5361 = CARTESIAN_POINT('',(51.763214816733,-24.77177510056));
#5362 = CARTESIAN_POINT('',(51.584540059161,-24.62102245459));
#5363 = CARTESIAN_POINT('',(51.410866334886,-24.46435183116));
#5364 = CARTESIAN_POINT('',(51.242506577233,-24.30189376885));
#5365 = CARTESIAN_POINT('',(51.079768999692,-24.13380548219));
#5366 = CARTESIAN_POINT('',(50.922953853035,-23.9602739806));
#5367 = CARTESIAN_POINT('',(50.675757728829,-23.66687148975));
#5368 = CARTESIAN_POINT('',(50.581719924841,-23.55007477213));
#5369 = CARTESIAN_POINT('',(50.490313060407,-23.43118674502));
#5370 = CARTESIAN_POINT('',(50.401610359305,-23.31026997766));
#5371 = CARTESIAN_POINT('',(50.315681979131,-23.1873918979));
#5372 = CARTESIAN_POINT('',(50.044310715713,-22.77988867586));
#5373 = CARTESIAN_POINT('',(49.870609957122,-22.48744000285));
#5374 = CARTESIAN_POINT('',(49.712284487692,-22.18614156255));
#5375 = CARTESIAN_POINT('',(49.570003205818,-21.8769452485));
#5376 = CARTESIAN_POINT('',(49.444300067094,-21.56089622215));
#5377 = CARTESIAN_POINT('',(49.184533397635,-20.79223902397));
#5378 = CARTESIAN_POINT('',(49.066202321461,-20.33424015563));
#5379 = CARTESIAN_POINT('',(48.981645904548,-19.86827007251));
#5380 = CARTESIAN_POINT('',(48.931202050757,-19.39744587974));
#5381 = CARTESIAN_POINT('',(48.914663258199,-18.92483678184));
#5382 = CARTESIAN_POINT('',(48.938497012066,-18.24624383635));
#5383 = CARTESIAN_POINT('',(48.95217190536,-18.03924452664));
#5384 = CARTESIAN_POINT('',(48.972176586978,-17.83271699149));
#5385 = CARTESIAN_POINT('',(48.998424686361,-17.62689503255));
#5386 = CARTESIAN_POINT('',(49.030812892832,-17.42200031157));
#5387 = CARTESIAN_POINT('',(49.130798621093,-16.89160346327));
#5388 = CARTESIAN_POINT('',(49.20785147037,-16.56788177426));
#5389 = CARTESIAN_POINT('',(49.299896139801,-16.2479424846));
#5390 = CARTESIAN_POINT('',(49.406359239715,-15.93254120601));
#5391 = CARTESIAN_POINT('',(49.526608127342,-15.62233240582));
#5392 = CARTESIAN_POINT('',(49.909998776384,-14.74714130866));
#5393 = CARTESIAN_POINT('',(50.206114113652,-14.19666653678));
#5394 = CARTESIAN_POINT('',(50.54398272091,-13.67002330732));
#5395 = CARTESIAN_POINT('',(50.918985051318,-13.16954640474));
#5396 = CARTESIAN_POINT('',(51.326700681556,-12.6966487541));
#5397 = CARTESIAN_POINT('',(51.763214816733,-12.25204765072));
#5398 = ( GEOMETRIC_REPRESENTATION_CONTEXT(2) 
PARAMETRIC_REPRESENTATION_CONTEXT() REPRESENTATION_CONTEXT('2D SPACE',''
  ) );
#5399 = PCURVE('',#5400,#5431);
#5400 = B_SPLINE_SURFACE_WITH_KNOTS('',14,1,(
    (#5401,#5402)
    ,(#5403,#5404)
    ,(#5405,#5406)
    ,(#5407,#5408)
    ,(#5409,#5410)
    ,(#5411,#5412)
    ,(#5413,#5414)
    ,(#5415,#5416)
    ,(#5417,#5418)
    ,(#5419,#5420)
    ,(#5421,#5422)
    ,(#5423,#5424)
    ,(#5425,#5426)
    ,(#5427,#5428)
    ,(#5429,#5430
    )),.UNSPECIFIED.,.T.,.F.,.F.,(15,15),(2,2),(0.,6.28318530718),(0.,1.
    ),.PIECEWISE_BEZIER_KNOTS.);
#5401 = CARTESIAN_POINT('',(18.9,8.9,52.3));
#5402 = CARTESIAN_POINT('',(11.890767147305,6.346617257668,62.25));
#5403 = CARTESIAN_POINT('',(14.367130599816,8.900000000002,
    52.299999999995));
#5404 = CARTESIAN_POINT('',(8.329590320496,4.866579903976,
    62.249999999996));
#5405 = CARTESIAN_POINT('',(9.834259526462,6.427176282319,
    52.300000000028));
#5406 = CARTESIAN_POINT('',(5.63783662262,1.294585221316,62.250000000025
    ));
#5407 = CARTESIAN_POINT('',(6.448524599587,1.481525685723,
    52.299999999907));
#5408 = CARTESIAN_POINT('',(4.716737767642,-3.994814922421,
    62.249999999907));
#5409 = CARTESIAN_POINT('',(5.356934282218,-5.197361008033,
    52.30000000023));
#5410 = CARTESIAN_POINT('',(6.207388706262,-10.00142999759,
    62.250000000251));
#5411 = CARTESIAN_POINT('',(7.295333703678,-12.13044252857,
    52.299999999566));
#5412 = CARTESIAN_POINT('',(10.167875749886,-15.23375979721,
    62.249999999492));
#5413 = CARTESIAN_POINT('',(12.174559023011,-17.42307539893,
    52.300000000646));
#5414 = CARTESIAN_POINT('',(15.862007708377,-18.11808893088,
    62.2500000008));
#5415 = CARTESIAN_POINT('',(18.89999999965,-19.41564606332,
    52.299999999233));
#5416 = CARTESIAN_POINT('',(21.846314986219,-17.60782292887,
    62.249999999008));
#5417 = CARTESIAN_POINT('',(25.625440977622,-17.42307539894,
    52.300000000734));
#5418 = CARTESIAN_POINT('',(26.429479410732,-13.72621129767,
    62.250000000982));
#5419 = CARTESIAN_POINT('',(30.504666295855,-12.13044252857,
    52.299999999433));
#5420 = CARTESIAN_POINT('',(28.401919155067,-7.655628561088,
    62.249999999223));
#5421 = CARTESIAN_POINT('',(32.443065718059,-5.197361008039,
    52.300000000351));
#5422 = CARTESIAN_POINT('',(27.487177529061,-1.157476476566,
    62.250000000489));
#5423 = CARTESIAN_POINT('',(31.351475400283,1.481525685726,
    52.299999999829));
#5424 = CARTESIAN_POINT('',(24.281345410433,4.136303393232,
    62.249999999761));
#5425 = CARTESIAN_POINT('',(27.965740473583,6.427176282318,
    52.300000000061));
#5426 = CARTESIAN_POINT('',(19.882546558892,7.214735728731,
    62.250000000085));
#5427 = CARTESIAN_POINT('',(23.432869400174,8.900000000002,
    52.299999999987));
#5428 = CARTESIAN_POINT('',(15.451943974107,7.826654611364,
    62.249999999982));
#5429 = CARTESIAN_POINT('',(18.9,8.9,52.3));
#5430 = CARTESIAN_POINT('',(11.890767147305,6.346617257668,62.25));
#5431 = DEFINITIONAL_REPRESENTATION('',(#5432),#5470);
#5432 = B_SPLINE_CURVE_WITH_KNOTS('',6,(#5433,#5434,#5435,#5436,#5437,
    #5438,#5439,#5440,#5441,#5442,#5443,#5444,#5445,#5446,#5447,#5448,
    #5449,#5450,#5451,#5452,#5453,#5454,#5455,#5456,#5457,#5458,#5459,
    #5460,#5461,#5462,#5463,#5464,#5465,#5466,#5467,#5468,#5469),
  .UNSPECIFIED.,.F.,.F.,(7,5,5,5,5,5,5,7),(0.,9.910282784003E-02,
    0.162664262023,0.306701530125,0.50675792482,0.594707603554,
    0.735697624986,1.),.UNSPECIFIED.);
#5433 = CARTESIAN_POINT('',(3.78640626224,0.180904522613));
#5434 = CARTESIAN_POINT('',(3.764930315942,0.174972333462));
#5435 = CARTESIAN_POINT('',(3.74332880353,0.169206183856));
#5436 = CARTESIAN_POINT('',(3.721602896416,0.16361646351));
#5437 = CARTESIAN_POINT('',(3.699754116147,0.158213405433));
#5438 = CARTESIAN_POINT('',(3.677784697918,0.153006978267));
#5439 = CARTESIAN_POINT('',(3.641532211852,0.144799807953));
#5440 = CARTESIAN_POINT('',(3.627318161994,0.141677654337));
#5441 = CARTESIAN_POINT('',(3.613056631119,0.138642850669));
#5442 = CARTESIAN_POINT('',(3.598748563596,0.135697828058));
#5443 = CARTESIAN_POINT('',(3.58439502156,0.132844915808));
#5444 = CARTESIAN_POINT('',(3.537370088239,0.123835105544));
#5445 = CARTESIAN_POINT('',(3.504514183602,0.11806805837));
#5446 = CARTESIAN_POINT('',(3.471445945222,0.112811486906));
#5447 = CARTESIAN_POINT('',(3.438180744146,0.108087599278));
#5448 = CARTESIAN_POINT('',(3.404736295648,0.103914123372));
#5449 = CARTESIAN_POINT('',(3.324468096614,9.528959778517E-02));
#5450 = CARTESIAN_POINT('',(3.277490753577,9.136088207937E-02));
#5451 = CARTESIAN_POINT('',(3.230274579277,8.855352044716E-02));
#5452 = CARTESIAN_POINT('',(3.182872037945,8.687873165068E-02));
#5453 = CARTESIAN_POINT('',(3.135337265658,8.632962640988E-02));
#5454 = CARTESIAN_POINT('',(3.066815807152,8.712093200916E-02));
#5455 = CARTESIAN_POINT('',(3.045877694419,8.757495279387E-02));
#5456 = CARTESIAN_POINT('',(3.024931030997,8.823912918271E-02));
#5457 = CARTESIAN_POINT('',(3.003980218915,8.911059358268E-02));
#5458 = CARTESIAN_POINT('',(2.983029389704,9.0185915971E-02));
#5459 = CARTESIAN_POINT('',(2.928503291567,9.350554690545E-02));
#5460 = CARTESIAN_POINT('',(2.894933913714,9.606378223059E-02));
#5461 = CARTESIAN_POINT('',(2.861391098816,9.911976169195E-02));
#5462 = CARTESIAN_POINT('',(2.827887989022,0.102654448152));
#5463 = CARTESIAN_POINT('',(2.794435318333,0.106646837207));
#5464 = CARTESIAN_POINT('',(2.698443733147,0.119375808438));
#5465 = CARTESIAN_POINT('',(2.636059714983,0.129207147879));
#5466 = CARTESIAN_POINT('',(2.573938203601,0.140424739628));
#5467 = CARTESIAN_POINT('',(2.512095539924,0.152875209892));
#5468 = CARTESIAN_POINT('',(2.450533396968,0.166411795984));
#5469 = CARTESIAN_POINT('',(2.389219487607,0.180904522613));
#5470 = ( GEOMETRIC_REPRESENTATION_CONTEXT(2) 
PARAMETRIC_REPRESENTATION_CONTEXT() REPRESENTATION_CONTEXT('2D SPACE',''
  ) );
#5471 = ORIENTED_EDGE('',*,*,#5472,.F.);
#5472 = EDGE_CURVE('',#5473,#5317,#5475,.T.);
#5473 = VERTEX_POINT('',#5474);
#5474 = CARTESIAN_POINT('',(9.8,-11.14285714285,54.1));
#5475 = SURFACE_CURVE('',#5476,(#5480,#5486),.PCURVE_S1.);
#5476 = LINE('',#5477,#5478);
#5477 = CARTESIAN_POINT('',(15.9,-11.14285714285,54.1));
#5478 = VECTOR('',#5479,1.);
#5479 = DIRECTION('',(1.,0.,0.));
#5480 = PCURVE('',#5155,#5481);
#5481 = DEFINITIONAL_REPRESENTATION('',(#5482),#5485);
#5482 = B_SPLINE_CURVE_WITH_KNOTS('',1,(#5483,#5484),.UNSPECIFIED.,.F.,
  .F.,(2,2),(-6.1,10.1),.PIECEWISE_BEZIER_KNOTS.);
#5483 = CARTESIAN_POINT('',(51.763214816733,-9.8));
#5484 = CARTESIAN_POINT('',(51.763214816733,-26.));
#5485 = ( GEOMETRIC_REPRESENTATION_CONTEXT(2) 
PARAMETRIC_REPRESENTATION_CONTEXT() REPRESENTATION_CONTEXT('2D SPACE',''
  ) );
#5486 = PCURVE('',#5487,#5492);
#5487 = PLANE('',#5488);
#5488 = AXIS2_PLACEMENT_3D('',#5489,#5490,#5491);
#5489 = CARTESIAN_POINT('',(31.8,-13.3,54.1));
#5490 = DIRECTION('',(0.,-0.,1.));
#5491 = DIRECTION('',(1.,0.,0.));
#5492 = DEFINITIONAL_REPRESENTATION('',(#5493),#5496);
#5493 = B_SPLINE_CURVE_WITH_KNOTS('',1,(#5494,#5495),.UNSPECIFIED.,.F.,
  .F.,(2,2),(-6.1,10.1),.PIECEWISE_BEZIER_KNOTS.);
#5494 = CARTESIAN_POINT('',(-22.,2.157142857143));
#5495 = CARTESIAN_POINT('',(-5.8,2.157142857143));
#5496 = ( GEOMETRIC_REPRESENTATION_CONTEXT(2) 
PARAMETRIC_REPRESENTATION_CONTEXT() REPRESENTATION_CONTEXT('2D SPACE',''
  ) );
#5497 = ORIENTED_EDGE('',*,*,#5498,.F.);
#5498 = EDGE_CURVE('',#5499,#5473,#5501,.T.);
#5499 = VERTEX_POINT('',#5500);
#5500 = CARTESIAN_POINT('',(9.86014019436,-13.36976262545,53.32058308109
    ));
#5501 = SURFACE_CURVE('',#5502,(#5508,#5517),.PCURVE_S1.);
#5502 = B_SPLINE_CURVE_WITH_KNOTS('',4,(#5503,#5504,#5505,#5506,#5507),
  .UNSPECIFIED.,.F.,.F.,(5,5),(0.,1.),.PIECEWISE_BEZIER_KNOTS.);
#5503 = CARTESIAN_POINT('',(9.86014019436,-13.36976262545,53.32058308109
    ));
#5504 = CARTESIAN_POINT('',(9.845033159518,-12.81037070673,
    53.516370252642));
#5505 = CARTESIAN_POINT('',(9.829974016305,-12.25275214661,
    53.711536748686));
#5506 = CARTESIAN_POINT('',(9.814962917098,-11.69691258738,
    53.906080594415));
#5507 = CARTESIAN_POINT('',(9.8,-11.14285714285,54.1));
#5508 = PCURVE('',#5155,#5509);
#5509 = DEFINITIONAL_REPRESENTATION('',(#5510),#5516);
#5510 = B_SPLINE_CURVE_WITH_KNOTS('',4,(#5511,#5512,#5513,#5514,#5515),
  .UNSPECIFIED.,.F.,.F.,(5,5),(0.,1.),.PIECEWISE_BEZIER_KNOTS.);
#5511 = CARTESIAN_POINT('',(49.403850757941,-9.86014019436));
#5512 = CARTESIAN_POINT('',(49.996515870187,-9.845033159518));
#5513 = CARTESIAN_POINT('',(50.587302142687,-9.829974016305));
#5514 = CARTESIAN_POINT('',(51.176203597528,-9.814962917098));
#5515 = CARTESIAN_POINT('',(51.763214816733,-9.8));
#5516 = ( GEOMETRIC_REPRESENTATION_CONTEXT(2) 
PARAMETRIC_REPRESENTATION_CONTEXT() REPRESENTATION_CONTEXT('2D SPACE',''
  ) );
#5517 = PCURVE('',#5518,#5523);
#5518 = B_SPLINE_SURFACE_WITH_KNOTS('',1,1,(
    (#5519,#5520)
    ,(#5521,#5522
    )),.UNSPECIFIED.,.F.,.F.,.F.,(2,2),(2,2),(1.,28.5),(0.,1.),
  .PIECEWISE_BEZIER_KNOTS.);
#5519 = CARTESIAN_POINT('',(11.05,12.75,37.9));
#5520 = CARTESIAN_POINT('',(9.8,9.9,54.1));
#5521 = CARTESIAN_POINT('',(11.05,-14.75,37.9));
#5522 = CARTESIAN_POINT('',(9.8,-13.3,54.1));
#5523 = DEFINITIONAL_REPRESENTATION('',(#5524),#5530);
#5524 = B_SPLINE_CURVE_WITH_KNOTS('',4,(#5525,#5526,#5527,#5528,#5529),
  .UNSPECIFIED.,.F.,.F.,(5,5),(0.,1.),.PIECEWISE_BEZIER_KNOTS.);
#5525 = CARTESIAN_POINT('',(28.5,0.951887844512));
#5526 = CARTESIAN_POINT('',(27.863376840095,0.963973472385));
#5527 = CARTESIAN_POINT('',(27.225002707483,0.976020786956));
#5528 = CARTESIAN_POINT('',(26.584887584407,0.988029666322));
#5529 = CARTESIAN_POINT('',(25.943041871921,1.));
#5530 = ( GEOMETRIC_REPRESENTATION_CONTEXT(2) 
PARAMETRIC_REPRESENTATION_CONTEXT() REPRESENTATION_CONTEXT('2D SPACE',''
  ) );
#5531 = ORIENTED_EDGE('',*,*,#5532,.F.);
#5532 = EDGE_CURVE('',#5172,#5499,#5533,.T.);
#5533 = SURFACE_CURVE('',#5534,(#5557,#5583),.PCURVE_S1.);
#5534 = B_SPLINE_CURVE_WITH_KNOTS('',6,(#5535,#5536,#5537,#5538,#5539,
    #5540,#5541,#5542,#5543,#5544,#5545,#5546,#5547,#5548,#5549,#5550,
    #5551,#5552,#5553,#5554,#5555,#5556),.UNSPECIFIED.,.F.,.F.,(7,5,5,5,
    7),(0.,0.408335753691,0.664418309088,0.924962988029,1.),
  .UNSPECIFIED.);
#5535 = CARTESIAN_POINT('',(10.82257361426,-14.35764717801,
    52.974823487696));
#5536 = CARTESIAN_POINT('',(10.719255861038,-14.35585762182,
    52.975449832361));
#5537 = CARTESIAN_POINT('',(10.616008340448,-14.34022946705,
    52.980919686529));
#5538 = CARTESIAN_POINT('',(10.515258687796,-14.31086594462,
    52.991196919381));
#5539 = CARTESIAN_POINT('',(10.419200392259,-14.26857282741,
    53.005999510404));
#5540 = CARTESIAN_POINT('',(10.329711666311,-14.21455315913,
    53.024906394303));
#5541 = CARTESIAN_POINT('',(10.197277042799,-14.11010371524,
    53.061463699664));
#5542 = CARTESIAN_POINT('',(10.149402990539,-14.06583321562,
    53.076958374533));
#5543 = CARTESIAN_POINT('',(10.105061203299,-14.01791542765,
    53.093729600322));
#5544 = CARTESIAN_POINT('',(10.064552027288,-13.96674649302,
    53.111638727442));
#5545 = CARTESIAN_POINT('',(10.028120680267,-13.91274121939,
    53.13054057321));
#5546 = CARTESIAN_POINT('',(9.963248321538,-13.79891874489,
    53.170378439287));
#5547 = CARTESIAN_POINT('',(9.934957529368,-13.73901659847,
    53.191344190534));
#5548 = CARTESIAN_POINT('',(9.911298393413,-13.67705806283,
    53.213029678006));
#5549 = CARTESIAN_POINT('',(9.89242811126,-13.6134951498,53.235276697569
    ));
#5550 = CARTESIAN_POINT('',(9.878459334106,-13.54878606649,
    53.257924876728));
#5551 = CARTESIAN_POINT('',(9.866874033832,-13.46455895544,
    53.287404365593));
#5552 = CARTESIAN_POINT('',(9.864696090973,-13.4456687925,
    53.294015922624));
#5553 = CARTESIAN_POINT('',(9.862932437052,-13.42673294546,
    53.300643469087));
#5554 = CARTESIAN_POINT('',(9.861584513098,-13.40776252252,
    53.307283117117));
#5555 = CARTESIAN_POINT('',(9.860653475171,-13.38876868062,
    53.313930961783));
#5556 = CARTESIAN_POINT('',(9.86014019436,-13.36976262545,53.32058308109
    ));
#5557 = PCURVE('',#5155,#5558);
#5558 = DEFINITIONAL_REPRESENTATION('',(#5559),#5582);
#5559 = B_SPLINE_CURVE_WITH_KNOTS('',6,(#5560,#5561,#5562,#5563,#5564,
    #5565,#5566,#5567,#5568,#5569,#5570,#5571,#5572,#5573,#5574,#5575,
    #5576,#5577,#5578,#5579,#5580,#5581),.UNSPECIFIED.,.F.,.F.,(7,5,5,5,
    7),(0.,0.408335753691,0.664418309088,0.924962988029,1.),
  .UNSPECIFIED.);
#5560 = CARTESIAN_POINT('',(48.357205839356,-10.82257361426));
#5561 = CARTESIAN_POINT('',(48.359101840143,-10.71925586103));
#5562 = CARTESIAN_POINT('',(48.375659573262,-10.61600834044));
#5563 = CARTESIAN_POINT('',(48.406769667519,-10.51525868779));
#5564 = CARTESIAN_POINT('',(48.451578421846,-10.41920039225));
#5565 = CARTESIAN_POINT('',(48.508811234291,-10.32971166631));
#5566 = CARTESIAN_POINT('',(48.619473436075,-10.19727704279));
#5567 = CARTESIAN_POINT('',(48.66637718951,-10.14940299053));
#5568 = CARTESIAN_POINT('',(48.717145175667,-10.10506120329));
#5569 = CARTESIAN_POINT('',(48.771357689952,-10.06455202728));
#5570 = CARTESIAN_POINT('',(48.828575251527,-10.02812068026));
#5571 = CARTESIAN_POINT('',(48.949168001208,-9.963248321538));
#5572 = CARTESIAN_POINT('',(49.012633187502,-9.934957529368));
#5573 = CARTESIAN_POINT('',(49.078277079106,-9.911298393413));
#5574 = CARTESIAN_POINT('',(49.145620778092,-9.89242811126));
#5575 = CARTESIAN_POINT('',(49.214178822714,-9.878459334106));
#5576 = CARTESIAN_POINT('',(49.303415846969,-9.866874033832));
#5577 = CARTESIAN_POINT('',(49.323429615793,-9.864696090973));
#5578 = CARTESIAN_POINT('',(49.343491786042,-9.862932437052));
#5579 = CARTESIAN_POINT('',(49.363590588806,-9.861584513098));
#5580 = CARTESIAN_POINT('',(49.383714203516,-9.860653475171));
#5581 = CARTESIAN_POINT('',(49.403850757941,-9.86014019436));
#5582 = ( GEOMETRIC_REPRESENTATION_CONTEXT(2) 
PARAMETRIC_REPRESENTATION_CONTEXT() REPRESENTATION_CONTEXT('2D SPACE',''
  ) );
#5583 = PCURVE('',#5186,#5584);
#5584 = DEFINITIONAL_REPRESENTATION('',(#5585),#5608);
#5585 = B_SPLINE_CURVE_WITH_KNOTS('',6,(#5586,#5587,#5588,#5589,#5590,
    #5591,#5592,#5593,#5594,#5595,#5596,#5597,#5598,#5599,#5600,#5601,
    #5602,#5603,#5604,#5605,#5606,#5607),.UNSPECIFIED.,.F.,.F.,(7,5,5,5,
    7),(0.,0.408335753691,0.664418309088,0.924962988029,1.),
  .UNSPECIFIED.);
#5586 = CARTESIAN_POINT('',(4.712388980385,0.930544659734));
#5587 = CARTESIAN_POINT('',(4.602149010987,0.930583322985));
#5588 = CARTESIAN_POINT('',(4.492036461482,0.930920968304));
#5589 = CARTESIAN_POINT('',(4.382385112568,0.931555365394));
#5590 = CARTESIAN_POINT('',(4.273324662377,0.93246910558));
#5591 = CARTESIAN_POINT('',(4.164949713794,0.933636197179));
#5592 = CARTESIAN_POINT('',(3.989897837716,0.935892820967));
#5593 = CARTESIAN_POINT('',(3.92272027747,0.936849282379));
#5594 = CARTESIAN_POINT('',(3.855838634513,0.93788454323));
#5595 = CARTESIAN_POINT('',(3.789242254755,0.938990044904));
#5596 = CARTESIAN_POINT('',(3.722909871132,0.940156825507));
#5597 = CARTESIAN_POINT('',(3.589566402668,0.942615953042));
#5598 = CARTESIAN_POINT('',(3.522563377086,0.943910135218));
#5599 = CARTESIAN_POINT('',(3.4557723783,0.945248745556));
#5600 = CARTESIAN_POINT('',(3.389154667078,0.946622018368));
#5601 = CARTESIAN_POINT('',(3.322666604388,0.948020054119));
#5602 = CARTESIAN_POINT('',(3.237136101961,0.949839775654));
#5603 = CARTESIAN_POINT('',(3.218018111225,0.950247896458));
#5604 = CARTESIAN_POINT('',(3.198905884373,0.950657004265));
#5605 = CARTESIAN_POINT('',(3.179798310235,0.951066859081));
#5606 = CARTESIAN_POINT('',(3.160694273276,0.951477219863));
#5607 = CARTESIAN_POINT('',(3.14159265359,0.951887844512));
#5608 = ( GEOMETRIC_REPRESENTATION_CONTEXT(2) 
PARAMETRIC_REPRESENTATION_CONTEXT() REPRESENTATION_CONTEXT('2D SPACE',''
  ) );
#5609 = ORIENTED_EDGE('',*,*,#5232,.F.);
#5610 = ADVANCED_FACE('',(#5611),#5129,.T.);
#5611 = FACE_BOUND('',#5612,.T.);
#5612 = EDGE_LOOP('',(#5613,#5614,#5649,#5746,#5771,#5868,#5894,#5920,
    #6048,#6067));
#5613 = ORIENTED_EDGE('',*,*,#5109,.F.);
#5614 = ORIENTED_EDGE('',*,*,#5615,.F.);
#5615 = EDGE_CURVE('',#5616,#5071,#5618,.T.);
#5616 = VERTEX_POINT('',#5617);
#5617 = CARTESIAN_POINT('',(32.184120471153,-14.41089280785,
    51.935557835096));
#5618 = SURFACE_CURVE('',#5619,(#5627,#5638),.PCURVE_S1.);
#5619 = B_SPLINE_CURVE_WITH_KNOTS('',6,(#5620,#5621,#5622,#5623,#5624,
    #5625,#5626),.UNSPECIFIED.,.F.,.F.,(7,7),(0.,1.),
  .PIECEWISE_BEZIER_KNOTS.);
#5620 = CARTESIAN_POINT('',(32.184120471153,-14.41089280785,
    51.935557835096));
#5621 = CARTESIAN_POINT('',(31.977493945031,-14.43228662069,
    52.007877119239));
#5622 = CARTESIAN_POINT('',(31.766729172154,-14.44860452581,
    52.081644789746));
#5623 = CARTESIAN_POINT('',(31.553049304261,-14.45868223535,
    52.156432743509));
#5624 = CARTESIAN_POINT('',(31.337696460564,-14.46244139945,
    52.231806238802));
#5625 = CARTESIAN_POINT('',(31.12166163912,-14.46044711616,
    52.307418426308));
#5626 = CARTESIAN_POINT('',(30.905674240522,-14.45368084426,
    52.383014015817));
#5627 = PCURVE('',#5129,#5628);
#5628 = DEFINITIONAL_REPRESENTATION('',(#5629),#5637);
#5629 = B_SPLINE_CURVE_WITH_KNOTS('',6,(#5630,#5631,#5632,#5633,#5634,
    #5635,#5636),.UNSPECIFIED.,.F.,.F.,(7,7),(0.,1.),
  .PIECEWISE_BEZIER_KNOTS.);
#5630 = CARTESIAN_POINT('',(108.26213465395,-14.41089280785));
#5631 = CARTESIAN_POINT('',(108.04321777439,-14.43228662069));
#5632 = CARTESIAN_POINT('',(107.81991650099,-14.44860452581));
#5633 = CARTESIAN_POINT('',(107.59352673981,-14.45868223535));
#5634 = CARTESIAN_POINT('',(107.36536449253,-14.46244139945));
#5635 = CARTESIAN_POINT('',(107.13647970279,-14.46044711616));
#5636 = CARTESIAN_POINT('',(106.90764515665,-14.45368084426));
#5637 = ( GEOMETRIC_REPRESENTATION_CONTEXT(2) 
PARAMETRIC_REPRESENTATION_CONTEXT() REPRESENTATION_CONTEXT('2D SPACE',''
  ) );
#5638 = PCURVE('',#5085,#5639);
#5639 = DEFINITIONAL_REPRESENTATION('',(#5640),#5648);
#5640 = B_SPLINE_CURVE_WITH_KNOTS('',6,(#5641,#5642,#5643,#5644,#5645,
    #5646,#5647),.UNSPECIFIED.,.F.,.F.,(7,7),(0.,1.),
  .PIECEWISE_BEZIER_KNOTS.);
#5641 = CARTESIAN_POINT('',(22.,0.866392458957));
#5642 = CARTESIAN_POINT('',(21.788223717454,0.870856612299));
#5643 = CARTESIAN_POINT('',(21.580468066782,0.875410172207));
#5644 = CARTESIAN_POINT('',(21.375661256119,0.880026712562));
#5645 = CARTESIAN_POINT('',(21.172649585748,0.884679397457));
#5646 = CARTESIAN_POINT('',(20.970493956198,0.889346816439));
#5647 = CARTESIAN_POINT('',(20.768474576271,0.894013210853));
#5648 = ( GEOMETRIC_REPRESENTATION_CONTEXT(2) 
PARAMETRIC_REPRESENTATION_CONTEXT() REPRESENTATION_CONTEXT('2D SPACE',''
  ) );
#5649 = ORIENTED_EDGE('',*,*,#5650,.F.);
#5650 = EDGE_CURVE('',#5651,#5616,#5653,.T.);
#5651 = VERTEX_POINT('',#5652);
#5652 = CARTESIAN_POINT('',(33.099081681972,-13.52239407121,
    51.61532141131));
#5653 = SURFACE_CURVE('',#5654,(#5677,#5703),.PCURVE_S1.);
#5654 = B_SPLINE_CURVE_WITH_KNOTS('',6,(#5655,#5656,#5657,#5658,#5659,
    #5660,#5661,#5662,#5663,#5664,#5665,#5666,#5667,#5668,#5669,#5670,
    #5671,#5672,#5673,#5674,#5675,#5676),.UNSPECIFIED.,.F.,.F.,(7,5,5,5,
    7),(0.,9.152020661173E-02,0.324725955261,0.560123752917,1.),
  .UNSPECIFIED.);
#5655 = CARTESIAN_POINT('',(33.099081681972,-13.52239407121,
    51.61532141131));
#5656 = CARTESIAN_POINT('',(33.099081681972,-13.5440666599,
    51.61532141131));
#5657 = CARTESIAN_POINT('',(33.098438053209,-13.56572797967,
    51.615546681377));
#5658 = CARTESIAN_POINT('',(33.097149809051,-13.58735416066,
    51.615997566832));
#5659 = CARTESIAN_POINT('',(33.095217459072,-13.6089213936,
    51.616673889325));
#5660 = CARTESIAN_POINT('',(33.092643009052,-13.63040592977,
    51.617574946832));
#5661 = CARTESIAN_POINT('',(33.081242683985,-13.70625847486,
    51.621565060605));
#5662 = CARTESIAN_POINT('',(33.068908461705,-13.76004524474,
    51.625882038403));
#5663 = CARTESIAN_POINT('',(33.052485915035,-13.81274761186,
    51.631629929738));
#5664 = CARTESIAN_POINT('',(33.032096607844,-13.86399046791,
    51.638766187255));
#5665 = CARTESIAN_POINT('',(33.007917669028,-13.91342629827,
    51.64722881584));
#5666 = CARTESIAN_POINT('',(32.952170383637,-14.00850065426,
    51.666740365727));
#5667 = CARTESIAN_POINT('',(32.920532392819,-14.05410301262,
    51.677813662513));
#5668 = CARTESIAN_POINT('',(32.885490559067,-14.09722749768,
    51.690078304327));
#5669 = CARTESIAN_POINT('',(32.847314557907,-14.13760168631,
    51.703439904733));
#5670 = CARTESIAN_POINT('',(32.806301779935,-14.17499848833,
    51.717794377023));
#5671 = CARTESIAN_POINT('',(32.681411365889,-14.27320597304,
    51.761506021939));
#5672 = CARTESIAN_POINT('',(32.591248979216,-14.32613449127,
    51.793062857275));
#5673 = CARTESIAN_POINT('',(32.494304531858,-14.36683662872,
    51.82699341385));
#5674 = CARTESIAN_POINT('',(32.392731319782,-14.39466734619,
    51.862544038076));
#5675 = CARTESIAN_POINT('',(32.288643148539,-14.40934690972,
    51.898974898011));
#5676 = CARTESIAN_POINT('',(32.184120471153,-14.41089280785,
    51.935557835096));
#5677 = PCURVE('',#5129,#5678);
#5678 = DEFINITIONAL_REPRESENTATION('',(#5679),#5702);
#5679 = B_SPLINE_CURVE_WITH_KNOTS('',6,(#5680,#5681,#5682,#5683,#5684,
    #5685,#5686,#5687,#5688,#5689,#5690,#5691,#5692,#5693,#5694,#5695,
    #5696,#5697,#5698,#5699,#5700,#5701),.UNSPECIFIED.,.F.,.F.,(7,5,5,5,
    7),(0.,9.152020661173E-02,0.324725955261,0.560123752917,1.),
  .UNSPECIFIED.);
#5680 = CARTESIAN_POINT('',(109.23151867714,-13.52239407121));
#5681 = CARTESIAN_POINT('',(109.23151867714,-13.5440666599));
#5682 = CARTESIAN_POINT('',(109.23083676469,-13.56572797967));
#5683 = CARTESIAN_POINT('',(109.22947189447,-13.58735416066));
#5684 = CARTESIAN_POINT('',(109.22742460638,-13.6089213936));
#5685 = CARTESIAN_POINT('',(109.22469702548,-13.63040592977));
#5686 = CARTESIAN_POINT('',(109.21261859762,-13.70625847486));
#5687 = CARTESIAN_POINT('',(109.19955072341,-13.76004524474));
#5688 = CARTESIAN_POINT('',(109.18215134715,-13.81274761186));
#5689 = CARTESIAN_POINT('',(109.16054926348,-13.86399046791));
#5690 = CARTESIAN_POINT('',(109.13493213708,-13.91342629827));
#5691 = CARTESIAN_POINT('',(109.07586894713,-14.00850065426));
#5692 = CARTESIAN_POINT('',(109.04234909682,-14.05410301262));
#5693 = CARTESIAN_POINT('',(109.00522293958,-14.09722749768));
#5694 = CARTESIAN_POINT('',(108.9647761915,-14.13760168631));
#5695 = CARTESIAN_POINT('',(108.92132393228,-14.17499848833));
#5696 = CARTESIAN_POINT('',(108.78900491089,-14.27320597304));
#5697 = CARTESIAN_POINT('',(108.69347957484,-14.32613449127));
#5698 = CARTESIAN_POINT('',(108.59076877432,-14.36683662872));
#5699 = CARTESIAN_POINT('',(108.48315388551,-14.39466734619));
#5700 = CARTESIAN_POINT('',(108.37287444523,-14.40934690972));
#5701 = CARTESIAN_POINT('',(108.26213465395,-14.41089280785));
#5702 = ( GEOMETRIC_REPRESENTATION_CONTEXT(2) 
PARAMETRIC_REPRESENTATION_CONTEXT() REPRESENTATION_CONTEXT('2D SPACE',''
  ) );
#5703 = PCURVE('',#5704,#5721);
#5704 = B_SPLINE_SURFACE_WITH_KNOTS('',7,1,(
    (#5705,#5706)
    ,(#5707,#5708)
    ,(#5709,#5710)
    ,(#5711,#5712)
    ,(#5713,#5714)
    ,(#5715,#5716)
    ,(#5717,#5718)
    ,(#5719,#5720
    )),.UNSPECIFIED.,.F.,.F.,.F.,(8,8),(2,2),(4.712388980385,
    6.28318530718),(0.,1.),.PIECEWISE_BEZIER_KNOTS.);
#5705 = CARTESIAN_POINT('',(34.674990948516,-15.12998913821,37.9));
#5706 = CARTESIAN_POINT('',(31.8,-14.3,54.1));
#5707 = CARTESIAN_POINT('',(34.696150076618,-15.07848239761,37.9));
#5708 = CARTESIAN_POINT('',(32.024399475257,-14.3,54.100000000001));
#5709 = CARTESIAN_POINT('',(34.713963167439,-15.02560108487,37.9));
#5710 = CARTESIAN_POINT('',(32.248797864983,-14.24125111344,
    54.099999999999));
#5711 = CARTESIAN_POINT('',(34.728322865919,-14.97160600489,37.9));
#5712 = CARTESIAN_POINT('',(32.454746940824,-14.1237627222,
    54.100000000002));
#5713 = CARTESIAN_POINT('',(34.739147670526,-14.91676851405,37.9));
#5714 = CARTESIAN_POINT('',(32.623762722202,-13.95474694082,
    54.099999999999));
#5715 = CARTESIAN_POINT('',(34.746382623316,-14.86136702436,37.9));
#5716 = CARTESIAN_POINT('',(32.741251113449,-13.74879786498,
    54.100000000001));
#5717 = CARTESIAN_POINT('',(34.75,-14.80568350769,37.9));
#5718 = CARTESIAN_POINT('',(32.8,-13.52439947525,54.1));
#5719 = CARTESIAN_POINT('',(34.75,-14.75,37.9));
#5720 = CARTESIAN_POINT('',(32.8,-13.3,54.1));
#5721 = DEFINITIONAL_REPRESENTATION('',(#5722),#5745);
#5722 = B_SPLINE_CURVE_WITH_KNOTS('',6,(#5723,#5724,#5725,#5726,#5727,
    #5728,#5729,#5730,#5731,#5732,#5733,#5734,#5735,#5736,#5737,#5738,
    #5739,#5740,#5741,#5742,#5743,#5744),.UNSPECIFIED.,.F.,.F.,(7,5,5,5,
    7),(0.,9.152020661173E-02,0.324725955261,0.560123752917,1.),
  .UNSPECIFIED.);
#5723 = CARTESIAN_POINT('',(6.28318530718,0.846624778476));
#5724 = CARTESIAN_POINT('',(6.258687759374,0.846624778476));
#5725 = CARTESIAN_POINT('',(6.234180177388,0.846638684036));
#5726 = CARTESIAN_POINT('',(6.209665330491,0.846666516471));
#5727 = CARTESIAN_POINT('',(6.18514602694,0.846708264773));
#5728 = CARTESIAN_POINT('',(6.160625113985,0.846763885607));
#5729 = CARTESIAN_POINT('',(6.073626159812,0.847010188926));
#5730 = CARTESIAN_POINT('',(6.011151806013,0.847276669037));
#5731 = CARTESIAN_POINT('',(5.948736919415,0.847631477144));
#5732 = CARTESIAN_POINT('',(5.886423978544,0.848071986868));
#5733 = CARTESIAN_POINT('',(5.824250480795,0.848594371348));
#5734 = CARTESIAN_POINT('',(5.699678765016,0.849798788008));
#5735 = CARTESIAN_POINT('',(5.637278874378,0.850482324847));
#5736 = CARTESIAN_POINT('',(5.575092746294,0.851239401502));
#5737 = CARTESIAN_POINT('',(5.513141016858,0.85206419165));
#5738 = CARTESIAN_POINT('',(5.451434024982,0.852950270187));
#5739 = CARTESIAN_POINT('',(5.275136184366,0.855648519873));
#5740 = CARTESIAN_POINT('',(5.161173680921,0.857596472671));
#5741 = CARTESIAN_POINT('',(5.048086377953,0.859690951472));
#5742 = CARTESIAN_POINT('',(4.935729345318,0.861885434449));
#5743 = CARTESIAN_POINT('',(4.823915035596,0.864134252964));
#5744 = CARTESIAN_POINT('',(4.712388980385,0.866392458957));
#5745 = ( GEOMETRIC_REPRESENTATION_CONTEXT(2) 
PARAMETRIC_REPRESENTATION_CONTEXT() REPRESENTATION_CONTEXT('2D SPACE',''
  ) );
#5746 = ORIENTED_EDGE('',*,*,#5747,.F.);
#5747 = EDGE_CURVE('',#5748,#5651,#5750,.T.);
#5748 = VERTEX_POINT('',#5749);
#5749 = CARTESIAN_POINT('',(33.099081681972,10.337119381344,
    51.61532141131));
#5750 = SURFACE_CURVE('',#5751,(#5754,#5760),.PCURVE_S1.);
#5751 = B_SPLINE_CURVE_WITH_KNOTS('',1,(#5752,#5753),.UNSPECIFIED.,.F.,
  .F.,(2,2),(0.,1.),.PIECEWISE_BEZIER_KNOTS.);
#5752 = CARTESIAN_POINT('',(33.099081681972,10.337119381344,
    51.61532141131));
#5753 = CARTESIAN_POINT('',(33.099081681972,-13.52239407121,
    51.61532141131));
#5754 = PCURVE('',#5129,#5755);
#5755 = DEFINITIONAL_REPRESENTATION('',(#5756),#5759);
#5756 = B_SPLINE_CURVE_WITH_KNOTS('',1,(#5757,#5758),.UNSPECIFIED.,.F.,
  .F.,(2,2),(0.,1.),.PIECEWISE_BEZIER_KNOTS.);
#5757 = CARTESIAN_POINT('',(109.23151867714,10.337119381344));
#5758 = CARTESIAN_POINT('',(109.23151867714,-13.52239407121));
#5759 = ( GEOMETRIC_REPRESENTATION_CONTEXT(2) 
PARAMETRIC_REPRESENTATION_CONTEXT() REPRESENTATION_CONTEXT('2D SPACE',''
  ) );
#5760 = PCURVE('',#5761,#5766);
#5761 = B_SPLINE_SURFACE_WITH_KNOTS('',1,1,(
    (#5762,#5763)
    ,(#5764,#5765
    )),.UNSPECIFIED.,.F.,.F.,.F.,(2,2),(2,2),(1.,28.5),(0.,1.),
  .PIECEWISE_BEZIER_KNOTS.);
#5762 = CARTESIAN_POINT('',(34.75,-14.75,37.9));
#5763 = CARTESIAN_POINT('',(32.8,-13.3,54.1));
#5764 = CARTESIAN_POINT('',(34.75,12.75,37.9));
#5765 = CARTESIAN_POINT('',(32.8,9.9,54.1));
#5766 = DEFINITIONAL_REPRESENTATION('',(#5767),#5770);
#5767 = B_SPLINE_CURVE_WITH_KNOTS('',1,(#5768,#5769),.UNSPECIFIED.,.F.,
  .F.,(2,2),(0.,1.),.PIECEWISE_BEZIER_KNOTS.);
#5768 = CARTESIAN_POINT('',(28.5,0.846624778476));
#5769 = CARTESIAN_POINT('',(1.,0.846624778476));
#5770 = ( GEOMETRIC_REPRESENTATION_CONTEXT(2) 
PARAMETRIC_REPRESENTATION_CONTEXT() REPRESENTATION_CONTEXT('2D SPACE',''
  ) );
#5771 = ORIENTED_EDGE('',*,*,#5772,.F.);
#5772 = EDGE_CURVE('',#5773,#5748,#5775,.T.);
#5773 = VERTEX_POINT('',#5774);
#5774 = CARTESIAN_POINT('',(33.087901928078,10.475957093534,
    51.619234325173));
#5775 = SURFACE_CURVE('',#5776,(#5799,#5825),.PCURVE_S1.);
#5776 = B_SPLINE_CURVE_WITH_KNOTS('',6,(#5777,#5778,#5779,#5780,#5781,
    #5782,#5783,#5784,#5785,#5786,#5787,#5788,#5789,#5790,#5791,#5792,
    #5793,#5794,#5795,#5796,#5797,#5798),.UNSPECIFIED.,.F.,.F.,(7,5,5,5,
    7),(0.,0.378496818315,0.532390658449,0.833433330056,1.),
  .UNSPECIFIED.);
#5777 = CARTESIAN_POINT('',(32.184120471153,11.197943365311,
    51.935557835096));
#5778 = CARTESIAN_POINT('',(32.27368939379,11.199327817788,
    51.904208712173));
#5779 = CARTESIAN_POINT('',(32.363067251561,11.191060067188,
    51.872926461954));
#5780 = CARTESIAN_POINT('',(32.450942835247,11.173037856715,
    51.842170007663));
#5781 = CARTESIAN_POINT('',(32.535957161128,11.145317986169,
    51.812414993605));
#5782 = CARTESIAN_POINT('',(32.616703743752,11.108166358881,
    51.784153689687));
#5783 = CARTESIAN_POINT('',(32.722347094524,11.043452099782,
    51.747178516917));
#5784 = CARTESIAN_POINT('',(32.75195145102,11.02328197744,
    51.736816992143));
#5785 = CARTESIAN_POINT('',(32.780530050064,11.001687332984,
    51.726814482478));
#5786 = CARTESIAN_POINT('',(32.807991885863,10.978715616763,
    51.717202839948));
#5787 = CARTESIAN_POINT('',(32.834249013448,10.954423335423,
    51.708012845293));
#5788 = CARTESIAN_POINT('',(32.908061507722,10.878903505729,
    51.682178472297));
#5789 = CARTESIAN_POINT('',(32.951983996908,10.824121799122,
    51.666805601082));
#5790 = CARTESIAN_POINT('',(32.990345427648,10.765040450263,
    51.653379100323));
#5791 = CARTESIAN_POINT('',(33.022605858313,10.702291590989,
    51.64208794959));
#5792 = CARTESIAN_POINT('',(33.048361396747,10.636617908476,
    51.633073511139));
#5793 = CARTESIAN_POINT('',(33.077903266022,10.531369301351,
    51.622733856892));
#5794 = CARTESIAN_POINT('',(33.086365078144,10.493237221303,
    51.61977222265));
#5795 = CARTESIAN_POINT('',(33.092726860414,10.45460318832,
    51.617545598855));
#5796 = CARTESIAN_POINT('',(33.096967257112,10.415609782219,
    51.616061460011));
#5797 = CARTESIAN_POINT('',(33.099081681972,10.376400777543,
    51.61532141131));
#5798 = CARTESIAN_POINT('',(33.099081681972,10.337119381344,
    51.61532141131));
#5799 = PCURVE('',#5129,#5800);
#5800 = DEFINITIONAL_REPRESENTATION('',(#5801),#5824);
#5801 = B_SPLINE_CURVE_WITH_KNOTS('',6,(#5802,#5803,#5804,#5805,#5806,
    #5807,#5808,#5809,#5810,#5811,#5812,#5813,#5814,#5815,#5816,#5817,
    #5818,#5819,#5820,#5821,#5822,#5823),.UNSPECIFIED.,.F.,.F.,(7,5,5,5,
    7),(0.,0.378496818315,0.532390658449,0.833433330056,1.),
  .UNSPECIFIED.);
#5802 = CARTESIAN_POINT('',(108.26213465395,11.197943365311));
#5803 = CARTESIAN_POINT('',(108.35703122612,11.199327817788));
#5804 = CARTESIAN_POINT('',(108.4517253687,11.191060067188));
#5805 = CARTESIAN_POINT('',(108.54482788042,11.173037856715));
#5806 = CARTESIAN_POINT('',(108.63489894384,11.145317986169));
#5807 = CARTESIAN_POINT('',(108.72044841435,11.108166358881));
#5808 = CARTESIAN_POINT('',(108.8323755378,11.043452099782));
#5809 = CARTESIAN_POINT('',(108.86374079118,11.02328197744));
#5810 = CARTESIAN_POINT('',(108.89401927401,11.001687332984));
#5811 = CARTESIAN_POINT('',(108.92311456741,10.978715616763));
#5812 = CARTESIAN_POINT('',(108.95093349533,10.954423335423));
#5813 = CARTESIAN_POINT('',(109.02913643094,10.878903505729));
#5814 = CARTESIAN_POINT('',(109.07567147393,10.824121799122));
#5815 = CARTESIAN_POINT('',(109.11631468113,10.765040450263));
#5816 = CARTESIAN_POINT('',(109.15049399463,10.702291590989));
#5817 = CARTESIAN_POINT('',(109.17778149837,10.636617908476));
#5818 = CARTESIAN_POINT('',(109.20908054772,10.531369301351));
#5819 = CARTESIAN_POINT('',(109.21804567693,10.493237221303));
#5820 = CARTESIAN_POINT('',(109.22478586441,10.45460318832));
#5821 = CARTESIAN_POINT('',(109.22927848416,10.415609782219));
#5822 = CARTESIAN_POINT('',(109.23151867714,10.376400777543));
#5823 = CARTESIAN_POINT('',(109.23151867714,10.337119381344));
#5824 = ( GEOMETRIC_REPRESENTATION_CONTEXT(2) 
PARAMETRIC_REPRESENTATION_CONTEXT() REPRESENTATION_CONTEXT('2D SPACE',''
  ) );
#5825 = PCURVE('',#5826,#5843);
#5826 = B_SPLINE_SURFACE_WITH_KNOTS('',7,1,(
    (#5827,#5828)
    ,(#5829,#5830)
    ,(#5831,#5832)
    ,(#5833,#5834)
    ,(#5835,#5836)
    ,(#5837,#5838)
    ,(#5839,#5840)
    ,(#5841,#5842
    )),.UNSPECIFIED.,.F.,.F.,.F.,(8,8),(2,2),(0.,1.570796326795),(0.,1.)
  ,.PIECEWISE_BEZIER_KNOTS.);
#5827 = CARTESIAN_POINT('',(34.75,12.75,37.9));
#5828 = CARTESIAN_POINT('',(32.8,9.9,54.1));
#5829 = CARTESIAN_POINT('',(34.75,12.805683507695,37.9));
#5830 = CARTESIAN_POINT('',(32.8,10.124399475256,54.1));
#5831 = CARTESIAN_POINT('',(34.746382623316,12.861367024361,37.9));
#5832 = CARTESIAN_POINT('',(32.741251113448,10.348797864983,
    54.099999999999));
#5833 = CARTESIAN_POINT('',(34.739147670526,12.916768514054,37.9));
#5834 = CARTESIAN_POINT('',(32.623762722202,10.554746940823,
    54.100000000001));
#5835 = CARTESIAN_POINT('',(34.728322865919,12.971606004897,37.9));
#5836 = CARTESIAN_POINT('',(32.454746940823,10.723762722202,
    54.099999999999));
#5837 = CARTESIAN_POINT('',(34.713963167439,13.025601084873,37.9));
#5838 = CARTESIAN_POINT('',(32.248797864984,10.841251113449,
    54.100000000001));
#5839 = CARTESIAN_POINT('',(34.696150076618,13.078482397619,37.9));
#5840 = CARTESIAN_POINT('',(32.024399475256,10.9,54.1));
#5841 = CARTESIAN_POINT('',(34.674990948516,13.129989138219,37.9));
#5842 = CARTESIAN_POINT('',(31.8,10.9,54.1));
#5843 = DEFINITIONAL_REPRESENTATION('',(#5844),#5867);
#5844 = B_SPLINE_CURVE_WITH_KNOTS('',6,(#5845,#5846,#5847,#5848,#5849,
    #5850,#5851,#5852,#5853,#5854,#5855,#5856,#5857,#5858,#5859,#5860,
    #5861,#5862,#5863,#5864,#5865,#5866),.UNSPECIFIED.,.F.,.F.,(7,5,5,5,
    7),(0.,0.378496818315,0.532390658449,0.833433330056,1.),
  .UNSPECIFIED.);
#5845 = CARTESIAN_POINT('',(1.570796326795,0.866392458957));
#5846 = CARTESIAN_POINT('',(1.475225979181,0.864457327912));
#5847 = CARTESIAN_POINT('',(1.379307230599,0.862526324812));
#5848 = CARTESIAN_POINT('',(1.282879792895,0.860627778251));
#5849 = CARTESIAN_POINT('',(1.185827419518,0.858791048988));
#5850 = CARTESIAN_POINT('',(1.088067168961,0.857046524055));
#5851 = CARTESIAN_POINT('',(0.949566315763,0.854764105983));
#5852 = CARTESIAN_POINT('',(0.909415215309,0.854124505688));
#5853 = CARTESIAN_POINT('',(0.869149298502,0.85350706682));
#5854 = CARTESIAN_POINT('',(0.828771047247,0.852913755552));
#5855 = CARTESIAN_POINT('',(0.788285110895,0.852346471932));
#5856 = CARTESIAN_POINT('',(0.66830550759,0.850751757549));
#5857 = CARTESIAN_POINT('',(0.588514233004,0.849802814882));
#5858 = CARTESIAN_POINT('',(0.508405630489,0.848974018538));
#5859 = CARTESIAN_POINT('',(0.428053639101,0.848277033925));
#5860 = CARTESIAN_POINT('',(0.347551101882,0.847720587107));
#5861 = CARTESIAN_POINT('',(0.222485854583,0.847082336845));
#5862 = CARTESIAN_POINT('',(0.177928393228,0.846899519917));
#5863 = CARTESIAN_POINT('',(0.133383274934,0.846762074003));
#5864 = CARTESIAN_POINT('',(8.886861178281E-02,0.846670460494));
#5865 = CARTESIAN_POINT('',(4.440161233128E-02,0.846624778476));
#5866 = CARTESIAN_POINT('',(0.,0.846624778476));
#5867 = ( GEOMETRIC_REPRESENTATION_CONTEXT(2) 
PARAMETRIC_REPRESENTATION_CONTEXT() REPRESENTATION_CONTEXT('2D SPACE',''
  ) );
#5868 = ORIENTED_EDGE('',*,*,#5869,.T.);
#5869 = EDGE_CURVE('',#5773,#5870,#5872,.T.);
#5870 = VERTEX_POINT('',#5871);
#5871 = CARTESIAN_POINT('',(26.,7.375,54.1));
#5872 = SURFACE_CURVE('',#5873,(#5877,#5883),.PCURVE_S1.);
#5873 = LINE('',#5874,#5875);
#5874 = CARTESIAN_POINT('',(-44.52562730407,-23.47996194553,
    78.783969556428));
#5875 = VECTOR('',#5876,1.);
#5876 = DIRECTION('',(-0.872404326602,-0.381676892888,0.305341514311));
#5877 = PCURVE('',#5129,#5878);
#5878 = DEFINITIONAL_REPRESENTATION('',(#5879),#5882);
#5879 = B_SPLINE_CURVE_WITH_KNOTS('',1,(#5880,#5881),.UNSPECIFIED.,.F.,
  .F.,(2,2),(-88.97790464704,-80.8405290455),.PIECEWISE_BEZIER_KNOTS.);
#5880 = CARTESIAN_POINT('',(109.23151867714,10.480848235863));
#5881 = CARTESIAN_POINT('',(101.710176482,7.375));
#5882 = ( GEOMETRIC_REPRESENTATION_CONTEXT(2) 
PARAMETRIC_REPRESENTATION_CONTEXT() REPRESENTATION_CONTEXT('2D SPACE',''
  ) );
#5883 = PCURVE('',#5884,#5889);
#5884 = PLANE('',#5885);
#5885 = AXIS2_PLACEMENT_3D('',#5886,#5887,#5888);
#5886 = CARTESIAN_POINT('',(0.,-60.,108.));
#5887 = DIRECTION('',(-0.,0.624695047554,0.780868809443));
#5888 = DIRECTION('',(0.,0.780868809443,-0.624695047554));
#5889 = DEFINITIONAL_REPRESENTATION('',(#5890),#5893);
#5890 = B_SPLINE_CURVE_WITH_KNOTS('',1,(#5891,#5892),.UNSPECIFIED.,.F.,
  .F.,(2,2),(-88.97790464704,-80.8405290455),.PIECEWISE_BEZIER_KNOTS.);
#5891 = CARTESIAN_POINT('',(90.259525522776,-33.09908168197));
#5892 = CARTESIAN_POINT('',(86.282099099408,-26.));
#5893 = ( GEOMETRIC_REPRESENTATION_CONTEXT(2) 
PARAMETRIC_REPRESENTATION_CONTEXT() REPRESENTATION_CONTEXT('2D SPACE',''
  ) );
#5894 = ORIENTED_EDGE('',*,*,#5895,.F.);
#5895 = EDGE_CURVE('',#5896,#5870,#5898,.T.);
#5896 = VERTEX_POINT('',#5897);
#5897 = CARTESIAN_POINT('',(26.,4.04776546436,54.1));
#5898 = SURFACE_CURVE('',#5899,(#5903,#5909),.PCURVE_S1.);
#5899 = LINE('',#5900,#5901);
#5900 = CARTESIAN_POINT('',(26.,-6.65,54.1));
#5901 = VECTOR('',#5902,1.);
#5902 = DIRECTION('',(-0.,1.,0.));
#5903 = PCURVE('',#5129,#5904);
#5904 = DEFINITIONAL_REPRESENTATION('',(#5905),#5908);
#5905 = B_SPLINE_CURVE_WITH_KNOTS('',1,(#5906,#5907),.UNSPECIFIED.,.F.,
  .F.,(2,2),(-7.65,17.55),.PIECEWISE_BEZIER_KNOTS.);
#5906 = CARTESIAN_POINT('',(101.710176482,-14.3));
#5907 = CARTESIAN_POINT('',(101.710176482,10.9));
#5908 = ( GEOMETRIC_REPRESENTATION_CONTEXT(2) 
PARAMETRIC_REPRESENTATION_CONTEXT() REPRESENTATION_CONTEXT('2D SPACE',''
  ) );
#5909 = PCURVE('',#5910,#5915);
#5910 = PLANE('',#5911);
#5911 = AXIS2_PLACEMENT_3D('',#5912,#5913,#5914);
#5912 = CARTESIAN_POINT('',(31.8,-13.3,54.1));
#5913 = DIRECTION('',(0.,-0.,1.));
#5914 = DIRECTION('',(1.,0.,0.));
#5915 = DEFINITIONAL_REPRESENTATION('',(#5916),#5919);
#5916 = B_SPLINE_CURVE_WITH_KNOTS('',1,(#5917,#5918),.UNSPECIFIED.,.F.,
  .F.,(2,2),(-7.65,17.55),.PIECEWISE_BEZIER_KNOTS.);
#5917 = CARTESIAN_POINT('',(-5.8,-1.));
#5918 = CARTESIAN_POINT('',(-5.8,24.2));
#5919 = ( GEOMETRIC_REPRESENTATION_CONTEXT(2) 
PARAMETRIC_REPRESENTATION_CONTEXT() REPRESENTATION_CONTEXT('2D SPACE',''
  ) );
#5920 = ORIENTED_EDGE('',*,*,#5921,.T.);
#5921 = EDGE_CURVE('',#5896,#5922,#5924,.T.);
#5922 = VERTEX_POINT('',#5923);
#5923 = CARTESIAN_POINT('',(26.,-9.698225375687,54.1));
#5924 = SURFACE_CURVE('',#5925,(#5964,#6006),.PCURVE_S1.);
#5925 = B_SPLINE_CURVE_WITH_KNOTS('',7,(#5926,#5927,#5928,#5929,#5930,
    #5931,#5932,#5933,#5934,#5935,#5936,#5937,#5938,#5939,#5940,#5941,
    #5942,#5943,#5944,#5945,#5946,#5947,#5948,#5949,#5950,#5951,#5952,
    #5953,#5954,#5955,#5956,#5957,#5958,#5959,#5960,#5961,#5962,#5963),
  .UNSPECIFIED.,.F.,.F.,(8,6,6,6,6,6,8),(0.,0.105894849417,
    0.170905411464,0.322218341891,0.543750496099,0.659070742501,1.),
  .UNSPECIFIED.);
#5926 = CARTESIAN_POINT('',(26.,4.04776546436,54.1));
#5927 = CARTESIAN_POINT('',(26.146893623098,3.880546391613,
    54.048587231916));
#5928 = CARTESIAN_POINT('',(26.289814666637,3.709413415568,
    53.998564866677));
#5929 = CARTESIAN_POINT('',(26.428610467745,3.53445462575,
    53.949986336289));
#5930 = CARTESIAN_POINT('',(26.563130117322,3.355767564587,
    53.902904458937));
#5931 = CARTESIAN_POINT('',(26.693225594094,3.173460166319,
    53.857371042067));
#5932 = CARTESIAN_POINT('',(26.818752898664,2.987651695918,
    53.813436485468));
#5933 = CARTESIAN_POINT('',(27.013746718483,2.682334246951,
    53.745188648531));
#5934 = CARTESIAN_POINT('',(27.086146407767,2.56492465232,
    53.719848757282));
#5935 = CARTESIAN_POINT('',(27.156740060879,2.446275214075,
    53.695140978692));
#5936 = CARTESIAN_POINT('',(27.225496558612,2.32641777607,
    53.671076204486));
#5937 = CARTESIAN_POINT('',(27.292385857077,2.205385716045,
    53.647664950023));
#5938 = CARTESIAN_POINT('',(27.357378987708,2.083213945626,
    53.624917354302));
#5939 = CARTESIAN_POINT('',(27.56724213861,1.673014659072,
    53.551465251487));
#5940 = CARTESIAN_POINT('',(27.703617101201,1.38010591358,53.50373401458
    ));
#5941 = CARTESIAN_POINT('',(27.829216681853,1.081683725354,
    53.459774161351));
#5942 = CARTESIAN_POINT('',(27.943730989107,0.778249473447,
    53.419694153813));
#5943 = CARTESIAN_POINT('',(28.046899567319,0.470335949212,
    53.383585151438));
#5944 = CARTESIAN_POINT('',(28.138514460767,0.158508441049,
    53.351519938732));
#5945 = CARTESIAN_POINT('',(28.335415079526,-0.618023856618,
    53.282604722166));
#5946 = CARTESIAN_POINT('',(28.427329320257,-1.086574651352,
    53.25043473791));
#5947 = CARTESIAN_POINT('',(28.493670360685,-1.560373797333,
    53.22721537376));
#5948 = CARTESIAN_POINT('',(28.534259922196,-2.037528474995,
    53.213009027232));
#5949 = CARTESIAN_POINT('',(28.549178328911,-2.516173228746,
    53.207787584881));
#5950 = CARTESIAN_POINT('',(28.538728058362,-2.994474628182,
    53.211445179573));
#5951 = CARTESIAN_POINT('',(28.485039514795,-3.71850112463,
    53.230236169822));
#5952 = CARTESIAN_POINT('',(28.459922223033,-3.965802978108,
    53.239027221938));
#5953 = CARTESIAN_POINT('',(28.4281376112,-4.212295228554,53.25015183608
    ));
#5954 = CARTESIAN_POINT('',(28.38976826947,-4.457743989724,
    53.263581105686));
#5955 = CARTESIAN_POINT('',(28.344907406873,-4.701924654787,
    53.279282407594));
#5956 = CARTESIAN_POINT('',(28.293656765726,-4.944621555424,
    53.297220131996));
#5957 = CARTESIAN_POINT('',(28.066038007849,-5.898130598694,
    53.376886697253));
#5958 = CARTESIAN_POINT('',(27.841085591624,-6.595705570624,
    53.455620042932));
#5959 = CARTESIAN_POINT('',(27.564056146738,-7.273229996478,
    53.552580348642));
#5960 = CARTESIAN_POINT('',(27.238151697021,-7.926173026072,
    53.666646906043));
#5961 = CARTESIAN_POINT('',(26.866677326397,-8.550433388118,
    53.796662935761));
#5962 = CARTESIAN_POINT('',(26.452925717862,-9.142274896658,
    53.941475998748));
#5963 = CARTESIAN_POINT('',(26.,-9.698225375687,54.1));
#5964 = PCURVE('',#5129,#5965);
#5965 = DEFINITIONAL_REPRESENTATION('',(#5966),#6005);
#5966 = B_SPLINE_CURVE_WITH_KNOTS('',7,(#5967,#5968,#5969,#5970,#5971,
    #5972,#5973,#5974,#5975,#5976,#5977,#5978,#5979,#5980,#5981,#5982,
    #5983,#5984,#5985,#5986,#5987,#5988,#5989,#5990,#5991,#5992,#5993,
    #5994,#5995,#5996,#5997,#5998,#5999,#6000,#6001,#6002,#6003,#6004),
  .UNSPECIFIED.,.F.,.F.,(8,6,6,6,6,6,8),(0.,0.105894849417,
    0.170905411464,0.322218341891,0.543750496099,0.659070742501,1.),
  .UNSPECIFIED.);
#5967 = CARTESIAN_POINT('',(101.710176482,4.04776546436));
#5968 = CARTESIAN_POINT('',(101.86580748543,3.880546391613));
#5969 = CARTESIAN_POINT('',(102.01722961628,3.709413415568));
#5970 = CARTESIAN_POINT('',(102.16428113113,3.53445462575));
#5971 = CARTESIAN_POINT('',(102.30680214466,3.355767564587));
#5972 = CARTESIAN_POINT('',(102.44463583113,3.173460166319));
#5973 = CARTESIAN_POINT('',(102.57762962594,2.987651695918));
#5974 = CARTESIAN_POINT('',(102.78422187413,2.682334246951));
#5975 = CARTESIAN_POINT('',(102.8609279697,2.56492465232));
#5976 = CARTESIAN_POINT('',(102.93572060425,2.446275214075));
#5977 = CARTESIAN_POINT('',(103.00856680757,2.32641777607));
#5978 = CARTESIAN_POINT('',(103.07943474873,2.205385716045));
#5979 = CARTESIAN_POINT('',(103.14829373609,2.083213945626));
#5980 = CARTESIAN_POINT('',(103.37063975812,1.673014659072));
#5981 = CARTESIAN_POINT('',(103.51512644055,1.38010591358));
#5982 = CARTESIAN_POINT('',(103.64819681049,1.081683725354));
#5983 = CARTESIAN_POINT('',(103.76952254383,0.778249473447));
#5984 = CARTESIAN_POINT('',(103.87882769276,0.470335949212));
#5985 = CARTESIAN_POINT('',(103.97589193214,0.158508441049));
#5986 = CARTESIAN_POINT('',(104.18450439759,-0.618023856618));
#5987 = CARTESIAN_POINT('',(104.28188578974,-1.086574651352));
#5988 = CARTESIAN_POINT('',(104.35217286193,-1.560373797333));
#5989 = CARTESIAN_POINT('',(104.39517673135,-2.037528474995));
#5990 = CARTESIAN_POINT('',(104.41098249989,-2.516173228746));
#5991 = CARTESIAN_POINT('',(104.39991063675,-2.994474628182));
#5992 = CARTESIAN_POINT('',(104.34302864465,-3.71850112463));
#5993 = CARTESIAN_POINT('',(104.31641735113,-3.965802978108));
#5994 = CARTESIAN_POINT('',(104.28274215864,-4.212295228554));
#5995 = CARTESIAN_POINT('',(104.2420905699,-4.457743989724));
#5996 = CARTESIAN_POINT('',(104.19456133811,-4.701924654787));
#5997 = CARTESIAN_POINT('',(104.14026225732,-4.944621555424));
#5998 = CARTESIAN_POINT('',(103.89910450696,-5.898130598694));
#5999 = CARTESIAN_POINT('',(103.66077169494,-6.595705570624));
#6000 = CARTESIAN_POINT('',(103.36726426025,-7.273229996478));
#6001 = CARTESIAN_POINT('',(103.02197468633,-7.926173026072));
#6002 = CARTESIAN_POINT('',(102.6284046468,-8.550433388118));
#6003 = CARTESIAN_POINT('',(102.19004267676,-9.142274896658));
#6004 = CARTESIAN_POINT('',(101.710176482,-9.698225375687));
#6005 = ( GEOMETRIC_REPRESENTATION_CONTEXT(2) 
PARAMETRIC_REPRESENTATION_CONTEXT() REPRESENTATION_CONTEXT('2D SPACE',''
  ) );
#6006 = PCURVE('',#5400,#6007);
#6007 = DEFINITIONAL_REPRESENTATION('',(#6008),#6047);
#6008 = B_SPLINE_CURVE_WITH_KNOTS('',7,(#6009,#6010,#6011,#6012,#6013,
    #6014,#6015,#6016,#6017,#6018,#6019,#6020,#6021,#6022,#6023,#6024,
    #6025,#6026,#6027,#6028,#6029,#6030,#6031,#6032,#6033,#6034,#6035,
    #6036,#6037,#6038,#6039,#6040,#6041,#6042,#6043,#6044,#6045,#6046),
  .UNSPECIFIED.,.F.,.F.,(8,6,6,6,6,6,8),(0.,0.105894849417,
    0.170905411464,0.322218341891,0.543750496099,0.659070742501,1.),
  .UNSPECIFIED.);
#6009 = CARTESIAN_POINT('',(5.305832336458,0.180904522613));
#6010 = CARTESIAN_POINT('',(5.287502835749,0.175737410243));
#6011 = CARTESIAN_POINT('',(5.269094837705,0.170710036852));
#6012 = CARTESIAN_POINT('',(5.250607166147,0.165827772491));
#6013 = CARTESIAN_POINT('',(5.232038892437,0.161095925521));
#6014 = CARTESIAN_POINT('',(5.213389404399,0.15651970272));
#6015 = CARTESIAN_POINT('',(5.194658475247,0.152104169394));
#6016 = CARTESIAN_POINT('',(5.164297253589,0.145245090305));
#6017 = CARTESIAN_POINT('',(5.152717547318,0.142698367566));
#6018 = CARTESIAN_POINT('',(5.141107253321,0.140215173738));
#6019 = CARTESIAN_POINT('',(5.129466458715,0.137796603466));
#6020 = CARTESIAN_POINT('',(5.117795298102,0.13544371357));
#6021 = CARTESIAN_POINT('',(5.106093953574,0.133157523045));
#6022 = CARTESIAN_POINT('',(5.067057903701,0.125775402159));
#6023 = CARTESIAN_POINT('',(5.039590146468,0.120978292923));
#6024 = CARTESIAN_POINT('',(5.011963452774,0.116560217221));
#6025 = CARTESIAN_POINT('',(4.984181883657,0.11253207576));
#6026 = CARTESIAN_POINT('',(4.956250072717,0.108903030295));
#6027 = CARTESIAN_POINT('',(4.92817380741,0.105680395852));
#6028 = CARTESIAN_POINT('',(4.858654620786,9.875424343378E-02));
#6029 = CARTESIAN_POINT('',(4.817050199131,9.552107918693E-02));
#6030 = CARTESIAN_POINT('',(4.77517406471,9.318747474976E-02));
#6031 = CARTESIAN_POINT('',(4.73304545634,9.17597012293E-02));
#6032 = CARTESIAN_POINT('',(4.690680188303,9.12349331539E-02));
#6033 = CARTESIAN_POINT('',(4.648093843826,9.160253061037E-02));
#6034 = CARTESIAN_POINT('',(4.583029582877,9.349107234388E-02));
#6035 = CARTESIAN_POINT('',(4.56069864021,9.437459516969E-02));
#6036 = CARTESIAN_POINT('',(4.538312821789,9.549264684223E-02));
#6037 = CARTESIAN_POINT('',(4.515873184867,9.684232217946E-02));
#6038 = CARTESIAN_POINT('',(4.493380361965,9.84203424718E-02));
#6039 = CARTESIAN_POINT('',(4.470834622616,0.100223128844));
#6040 = CARTESIAN_POINT('',(4.381425864981,0.108229818819));
#6041 = CARTESIAN_POINT('',(4.314167070858,0.116142717883));
#6042 = CARTESIAN_POINT('',(4.246438449064,0.125887472225));
#6043 = CARTESIAN_POINT('',(4.178198599777,0.137351447844));
#6044 = CARTESIAN_POINT('',(4.109397226575,0.150418385504));
#6045 = CARTESIAN_POINT('',(4.039973746551,0.164972462186));
#6046 = CARTESIAN_POINT('',(3.969847188177,0.180904522613));
#6047 = ( GEOMETRIC_REPRESENTATION_CONTEXT(2) 
PARAMETRIC_REPRESENTATION_CONTEXT() REPRESENTATION_CONTEXT('2D SPACE',''
  ) );
#6048 = ORIENTED_EDGE('',*,*,#6049,.F.);
#6049 = EDGE_CURVE('',#5270,#5922,#6050,.T.);
#6050 = SURFACE_CURVE('',#6051,(#6055,#6061),.PCURVE_S1.);
#6051 = LINE('',#6052,#6053);
#6052 = CARTESIAN_POINT('',(26.,-6.65,54.1));
#6053 = VECTOR('',#6054,1.);
#6054 = DIRECTION('',(-0.,1.,0.));
#6055 = PCURVE('',#5129,#6056);
#6056 = DEFINITIONAL_REPRESENTATION('',(#6057),#6060);
#6057 = B_SPLINE_CURVE_WITH_KNOTS('',1,(#6058,#6059),.UNSPECIFIED.,.F.,
  .F.,(2,2),(-7.65,17.55),.PIECEWISE_BEZIER_KNOTS.);
#6058 = CARTESIAN_POINT('',(101.710176482,-14.3));
#6059 = CARTESIAN_POINT('',(101.710176482,10.9));
#6060 = ( GEOMETRIC_REPRESENTATION_CONTEXT(2) 
PARAMETRIC_REPRESENTATION_CONTEXT() REPRESENTATION_CONTEXT('2D SPACE',''
  ) );
#6061 = PCURVE('',#5305,#6062);
#6062 = DEFINITIONAL_REPRESENTATION('',(#6063),#6066);
#6063 = B_SPLINE_CURVE_WITH_KNOTS('',1,(#6064,#6065),.UNSPECIFIED.,.F.,
  .F.,(2,2),(-7.65,17.55),.PIECEWISE_BEZIER_KNOTS.);
#6064 = CARTESIAN_POINT('',(-5.8,-1.));
#6065 = CARTESIAN_POINT('',(-5.8,24.2));
#6066 = ( GEOMETRIC_REPRESENTATION_CONTEXT(2) 
PARAMETRIC_REPRESENTATION_CONTEXT() REPRESENTATION_CONTEXT('2D SPACE',''
  ) );
#6067 = ORIENTED_EDGE('',*,*,#5269,.T.);
#6068 = ADVANCED_FACE('',(#6069),#5085,.T.);
#6069 = FACE_BOUND('',#6070,.T.);
#6070 = EDGE_LOOP('',(#6071,#6072,#6095,#6115));
#6071 = ORIENTED_EDGE('',*,*,#5070,.F.);
#6072 = ORIENTED_EDGE('',*,*,#6073,.T.);
#6073 = EDGE_CURVE('',#5048,#6074,#6076,.T.);
#6074 = VERTEX_POINT('',#6075);
#6075 = CARTESIAN_POINT('',(34.674990948516,-15.12998913821,37.9));
#6076 = SURFACE_CURVE('',#6077,(#6082,#6088),.PCURVE_S1.);
#6077 = CIRCLE('',#6078,1.);
#6078 = AXIS2_PLACEMENT_3D('',#6079,#6080,#6081);
#6079 = CARTESIAN_POINT('',(33.75,-14.75,37.9));
#6080 = DIRECTION('',(0.,-0.,1.));
#6081 = DIRECTION('',(1.,0.,0.));
#6082 = PCURVE('',#5085,#6083);
#6083 = DEFINITIONAL_REPRESENTATION('',(#6084),#6087);
#6084 = B_SPLINE_CURVE_WITH_KNOTS('',1,(#6085,#6086),.UNSPECIFIED.,.F.,
  .F.,(2,2),(4.712388980385,5.893400753315),.PIECEWISE_BEZIER_KNOTS.);
#6085 = CARTESIAN_POINT('',(20.768474576271,0.));
#6086 = CARTESIAN_POINT('',(22.,0.));
#6087 = ( GEOMETRIC_REPRESENTATION_CONTEXT(2) 
PARAMETRIC_REPRESENTATION_CONTEXT() REPRESENTATION_CONTEXT('2D SPACE',''
  ) );
#6088 = PCURVE('',#4834,#6089);
#6089 = DEFINITIONAL_REPRESENTATION('',(#6090),#6094);
#6090 = CIRCLE('',#6091,1.);
#6091 = AXIS2_PLACEMENT_2D('',#6092,#6093);
#6092 = CARTESIAN_POINT('',(0.,0.));
#6093 = DIRECTION('',(1.,0.));
#6094 = ( GEOMETRIC_REPRESENTATION_CONTEXT(2) 
PARAMETRIC_REPRESENTATION_CONTEXT() REPRESENTATION_CONTEXT('2D SPACE',''
  ) );
#6095 = ORIENTED_EDGE('',*,*,#6096,.T.);
#6096 = EDGE_CURVE('',#6074,#5616,#6097,.T.);
#6097 = SURFACE_CURVE('',#6098,(#6101,#6108),.PCURVE_S1.);
#6098 = B_SPLINE_CURVE_WITH_KNOTS('',1,(#6099,#6100),.UNSPECIFIED.,.F.,
  .F.,(2,2),(0.,1.),.PIECEWISE_BEZIER_KNOTS.);
#6099 = CARTESIAN_POINT('',(34.674990948516,-15.12998913821,37.9));
#6100 = CARTESIAN_POINT('',(31.8,-14.3,54.1));
#6101 = PCURVE('',#5085,#6102);
#6102 = DEFINITIONAL_REPRESENTATION('',(#6103),#6107);
#6103 = LINE('',#6104,#6105);
#6104 = CARTESIAN_POINT('',(22.,0.));
#6105 = VECTOR('',#6106,1.);
#6106 = DIRECTION('',(0.,1.));
#6107 = ( GEOMETRIC_REPRESENTATION_CONTEXT(2) 
PARAMETRIC_REPRESENTATION_CONTEXT() REPRESENTATION_CONTEXT('2D SPACE',''
  ) );
#6108 = PCURVE('',#5704,#6109);
#6109 = DEFINITIONAL_REPRESENTATION('',(#6110),#6114);
#6110 = LINE('',#6111,#6112);
#6111 = CARTESIAN_POINT('',(4.712388980385,0.));
#6112 = VECTOR('',#6113,1.);
#6113 = DIRECTION('',(0.,1.));
#6114 = ( GEOMETRIC_REPRESENTATION_CONTEXT(2) 
PARAMETRIC_REPRESENTATION_CONTEXT() REPRESENTATION_CONTEXT('2D SPACE',''
  ) );
#6115 = ORIENTED_EDGE('',*,*,#5615,.T.);
#6116 = ADVANCED_FACE('',(#6117),#4834,.F.);
#6117 = FACE_BOUND('',#6118,.F.);
#6118 = EDGE_LOOP('',(#6119,#6120,#6121,#6142,#6168,#6187,#6188,#6189,
    #6212,#6235,#6258,#6298,#6326,#6366,#6406,#6429));
#6119 = ORIENTED_EDGE('',*,*,#5210,.T.);
#6120 = ORIENTED_EDGE('',*,*,#4818,.T.);
#6121 = ORIENTED_EDGE('',*,*,#6122,.T.);
#6122 = EDGE_CURVE('',#4819,#6123,#6125,.T.);
#6123 = VERTEX_POINT('',#6124);
#6124 = CARTESIAN_POINT('',(20.6,-10.2,37.9));
#6125 = SURFACE_CURVE('',#6126,(#6130,#6136),.PCURVE_S1.);
#6126 = LINE('',#6127,#6128);
#6127 = CARTESIAN_POINT('',(20.6,-17.375,37.9));
#6128 = VECTOR('',#6129,1.);
#6129 = DIRECTION('',(0.,1.,0.));
#6130 = PCURVE('',#4834,#6131);
#6131 = DEFINITIONAL_REPRESENTATION('',(#6132),#6135);
#6132 = B_SPLINE_CURVE_WITH_KNOTS('',1,(#6133,#6134),.UNSPECIFIED.,.F.,
  .F.,(2,2),(1.625,7.175),.PIECEWISE_BEZIER_KNOTS.);
#6133 = CARTESIAN_POINT('',(-13.15,-1.));
#6134 = CARTESIAN_POINT('',(-13.15,4.55));
#6135 = ( GEOMETRIC_REPRESENTATION_CONTEXT(2) 
PARAMETRIC_REPRESENTATION_CONTEXT() REPRESENTATION_CONTEXT('2D SPACE',''
  ) );
#6136 = PCURVE('',#4872,#6137);
#6137 = DEFINITIONAL_REPRESENTATION('',(#6138),#6141);
#6138 = B_SPLINE_CURVE_WITH_KNOTS('',1,(#6139,#6140),.UNSPECIFIED.,.F.,
  .F.,(2,2),(1.625,7.175),.PIECEWISE_BEZIER_KNOTS.);
#6139 = CARTESIAN_POINT('',(0.4,-4.25));
#6140 = CARTESIAN_POINT('',(0.4,-9.8));
#6141 = ( GEOMETRIC_REPRESENTATION_CONTEXT(2) 
PARAMETRIC_REPRESENTATION_CONTEXT() REPRESENTATION_CONTEXT('2D SPACE',''
  ) );
#6142 = ORIENTED_EDGE('',*,*,#6143,.F.);
#6143 = EDGE_CURVE('',#6144,#6123,#6146,.T.);
#6144 = VERTEX_POINT('',#6145);
#6145 = CARTESIAN_POINT('',(25.6,-10.2,37.9));
#6146 = SURFACE_CURVE('',#6147,(#6151,#6157),.PCURVE_S1.);
#6147 = LINE('',#6148,#6149);
#6148 = CARTESIAN_POINT('',(27.175,-10.2,37.9));
#6149 = VECTOR('',#6150,1.);
#6150 = DIRECTION('',(-1.,-0.,0.));
#6151 = PCURVE('',#4834,#6152);
#6152 = DEFINITIONAL_REPRESENTATION('',(#6153),#6156);
#6153 = B_SPLINE_CURVE_WITH_KNOTS('',1,(#6154,#6155),.UNSPECIFIED.,.F.,
  .F.,(2,2),(1.575,6.575),.PIECEWISE_BEZIER_KNOTS.);
#6154 = CARTESIAN_POINT('',(-8.15,4.55));
#6155 = CARTESIAN_POINT('',(-13.15,4.55));
#6156 = ( GEOMETRIC_REPRESENTATION_CONTEXT(2) 
PARAMETRIC_REPRESENTATION_CONTEXT() REPRESENTATION_CONTEXT('2D SPACE',''
  ) );
#6157 = PCURVE('',#6158,#6163);
#6158 = PLANE('',#6159);
#6159 = AXIS2_PLACEMENT_3D('',#6160,#6161,#6162);
#6160 = CARTESIAN_POINT('',(20.6,-10.2,37.5));
#6161 = DIRECTION('',(-0.,1.,0.));
#6162 = DIRECTION('',(0.,0.,1.));
#6163 = DEFINITIONAL_REPRESENTATION('',(#6164),#6167);
#6164 = B_SPLINE_CURVE_WITH_KNOTS('',1,(#6165,#6166),.UNSPECIFIED.,.F.,
  .F.,(2,2),(1.575,6.575),.PIECEWISE_BEZIER_KNOTS.);
#6165 = CARTESIAN_POINT('',(0.4,5.));
#6166 = CARTESIAN_POINT('',(0.4,0.));
#6167 = ( GEOMETRIC_REPRESENTATION_CONTEXT(2) 
PARAMETRIC_REPRESENTATION_CONTEXT() REPRESENTATION_CONTEXT('2D SPACE',''
  ) );
#6168 = ORIENTED_EDGE('',*,*,#6169,.F.);
#6169 = EDGE_CURVE('',#4915,#6144,#6170,.T.);
#6170 = SURFACE_CURVE('',#6171,(#6175,#6181),.PCURVE_S1.);
#6171 = LINE('',#6172,#6173);
#6172 = CARTESIAN_POINT('',(25.6,-17.375,37.9));
#6173 = VECTOR('',#6174,1.);
#6174 = DIRECTION('',(0.,1.,0.));
#6175 = PCURVE('',#4834,#6176);
#6176 = DEFINITIONAL_REPRESENTATION('',(#6177),#6180);
#6177 = B_SPLINE_CURVE_WITH_KNOTS('',1,(#6178,#6179),.UNSPECIFIED.,.F.,
  .F.,(2,2),(1.625,7.175),.PIECEWISE_BEZIER_KNOTS.);
#6178 = CARTESIAN_POINT('',(-8.15,-1.));
#6179 = CARTESIAN_POINT('',(-8.15,4.55));
#6180 = ( GEOMETRIC_REPRESENTATION_CONTEXT(2) 
PARAMETRIC_REPRESENTATION_CONTEXT() REPRESENTATION_CONTEXT('2D SPACE',''
  ) );
#6181 = PCURVE('',#5000,#6182);
#6182 = DEFINITIONAL_REPRESENTATION('',(#6183),#6186);
#6183 = B_SPLINE_CURVE_WITH_KNOTS('',1,(#6184,#6185),.UNSPECIFIED.,.F.,
  .F.,(2,2),(1.625,7.175),.PIECEWISE_BEZIER_KNOTS.);
#6184 = CARTESIAN_POINT('',(0.4,-4.25));
#6185 = CARTESIAN_POINT('',(0.4,-9.8));
#6186 = ( GEOMETRIC_REPRESENTATION_CONTEXT(2) 
PARAMETRIC_REPRESENTATION_CONTEXT() REPRESENTATION_CONTEXT('2D SPACE',''
  ) );
#6187 = ORIENTED_EDGE('',*,*,#5047,.T.);
#6188 = ORIENTED_EDGE('',*,*,#6073,.T.);
#6189 = ORIENTED_EDGE('',*,*,#6190,.T.);
#6190 = EDGE_CURVE('',#6074,#6191,#6193,.T.);
#6191 = VERTEX_POINT('',#6192);
#6192 = CARTESIAN_POINT('',(34.75,-14.75,37.9));
#6193 = SURFACE_CURVE('',#6194,(#6199,#6206),.PCURVE_S1.);
#6194 = CIRCLE('',#6195,1.);
#6195 = AXIS2_PLACEMENT_3D('',#6196,#6197,#6198);
#6196 = CARTESIAN_POINT('',(33.75,-14.75,37.9));
#6197 = DIRECTION('',(0.,-0.,1.));
#6198 = DIRECTION('',(1.,0.,0.));
#6199 = PCURVE('',#4834,#6200);
#6200 = DEFINITIONAL_REPRESENTATION('',(#6201),#6205);
#6201 = CIRCLE('',#6202,1.);
#6202 = AXIS2_PLACEMENT_2D('',#6203,#6204);
#6203 = CARTESIAN_POINT('',(0.,0.));
#6204 = DIRECTION('',(1.,0.));
#6205 = ( GEOMETRIC_REPRESENTATION_CONTEXT(2) 
PARAMETRIC_REPRESENTATION_CONTEXT() REPRESENTATION_CONTEXT('2D SPACE',''
  ) );
#6206 = PCURVE('',#5704,#6207);
#6207 = DEFINITIONAL_REPRESENTATION('',(#6208),#6211);
#6208 = B_SPLINE_CURVE_WITH_KNOTS('',1,(#6209,#6210),.UNSPECIFIED.,.F.,
  .F.,(2,2),(5.893400753315,6.28318530718),.PIECEWISE_BEZIER_KNOTS.);
#6209 = CARTESIAN_POINT('',(4.712388980385,0.));
#6210 = CARTESIAN_POINT('',(6.28318530718,0.));
#6211 = ( GEOMETRIC_REPRESENTATION_CONTEXT(2) 
PARAMETRIC_REPRESENTATION_CONTEXT() REPRESENTATION_CONTEXT('2D SPACE',''
  ) );
#6212 = ORIENTED_EDGE('',*,*,#6213,.T.);
#6213 = EDGE_CURVE('',#6191,#6214,#6216,.T.);
#6214 = VERTEX_POINT('',#6215);
#6215 = CARTESIAN_POINT('',(34.75,12.75,37.9));
#6216 = SURFACE_CURVE('',#6217,(#6221,#6228),.PCURVE_S1.);
#6217 = LINE('',#6218,#6219);
#6218 = CARTESIAN_POINT('',(34.75,-15.75,37.9));
#6219 = VECTOR('',#6220,1.);
#6220 = DIRECTION('',(0.,1.,0.));
#6221 = PCURVE('',#4834,#6222);
#6222 = DEFINITIONAL_REPRESENTATION('',(#6223),#6227);
#6223 = LINE('',#6224,#6225);
#6224 = CARTESIAN_POINT('',(1.,-1.));
#6225 = VECTOR('',#6226,1.);
#6226 = DIRECTION('',(0.,1.));
#6227 = ( GEOMETRIC_REPRESENTATION_CONTEXT(2) 
PARAMETRIC_REPRESENTATION_CONTEXT() REPRESENTATION_CONTEXT('2D SPACE',''
  ) );
#6228 = PCURVE('',#5761,#6229);
#6229 = DEFINITIONAL_REPRESENTATION('',(#6230),#6234);
#6230 = LINE('',#6231,#6232);
#6231 = CARTESIAN_POINT('',(0.,0.));
#6232 = VECTOR('',#6233,1.);
#6233 = DIRECTION('',(1.,0.));
#6234 = ( GEOMETRIC_REPRESENTATION_CONTEXT(2) 
PARAMETRIC_REPRESENTATION_CONTEXT() REPRESENTATION_CONTEXT('2D SPACE',''
  ) );
#6235 = ORIENTED_EDGE('',*,*,#6236,.T.);
#6236 = EDGE_CURVE('',#6214,#6237,#6239,.T.);
#6237 = VERTEX_POINT('',#6238);
#6238 = CARTESIAN_POINT('',(34.674990948516,13.129989138219,37.9));
#6239 = SURFACE_CURVE('',#6240,(#6245,#6252),.PCURVE_S1.);
#6240 = CIRCLE('',#6241,1.);
#6241 = AXIS2_PLACEMENT_3D('',#6242,#6243,#6244);
#6242 = CARTESIAN_POINT('',(33.75,12.75,37.9));
#6243 = DIRECTION('',(0.,-0.,1.));
#6244 = DIRECTION('',(1.,0.,0.));
#6245 = PCURVE('',#4834,#6246);
#6246 = DEFINITIONAL_REPRESENTATION('',(#6247),#6251);
#6247 = CIRCLE('',#6248,1.);
#6248 = AXIS2_PLACEMENT_2D('',#6249,#6250);
#6249 = CARTESIAN_POINT('',(0.,27.5));
#6250 = DIRECTION('',(1.,0.));
#6251 = ( GEOMETRIC_REPRESENTATION_CONTEXT(2) 
PARAMETRIC_REPRESENTATION_CONTEXT() REPRESENTATION_CONTEXT('2D SPACE',''
  ) );
#6252 = PCURVE('',#5826,#6253);
#6253 = DEFINITIONAL_REPRESENTATION('',(#6254),#6257);
#6254 = B_SPLINE_CURVE_WITH_KNOTS('',1,(#6255,#6256),.UNSPECIFIED.,.F.,
  .F.,(2,2),(0.,0.389784553865),.PIECEWISE_BEZIER_KNOTS.);
#6255 = CARTESIAN_POINT('',(0.,0.));
#6256 = CARTESIAN_POINT('',(1.570796326795,0.));
#6257 = ( GEOMETRIC_REPRESENTATION_CONTEXT(2) 
PARAMETRIC_REPRESENTATION_CONTEXT() REPRESENTATION_CONTEXT('2D SPACE',''
  ) );
#6258 = ORIENTED_EDGE('',*,*,#6259,.T.);
#6259 = EDGE_CURVE('',#6237,#6260,#6262,.T.);
#6260 = VERTEX_POINT('',#6261);
#6261 = CARTESIAN_POINT('',(33.75,13.75,37.9));
#6262 = SURFACE_CURVE('',#6263,(#6268,#6275),.PCURVE_S1.);
#6263 = CIRCLE('',#6264,1.);
#6264 = AXIS2_PLACEMENT_3D('',#6265,#6266,#6267);
#6265 = CARTESIAN_POINT('',(33.75,12.75,37.9));
#6266 = DIRECTION('',(0.,-0.,1.));
#6267 = DIRECTION('',(1.,0.,0.));
#6268 = PCURVE('',#4834,#6269);
#6269 = DEFINITIONAL_REPRESENTATION('',(#6270),#6274);
#6270 = CIRCLE('',#6271,1.);
#6271 = AXIS2_PLACEMENT_2D('',#6272,#6273);
#6272 = CARTESIAN_POINT('',(0.,27.5));
#6273 = DIRECTION('',(1.,0.));
#6274 = ( GEOMETRIC_REPRESENTATION_CONTEXT(2) 
PARAMETRIC_REPRESENTATION_CONTEXT() REPRESENTATION_CONTEXT('2D SPACE',''
  ) );
#6275 = PCURVE('',#6276,#6293);
#6276 = B_SPLINE_SURFACE_WITH_KNOTS('',7,1,(
    (#6277,#6278)
    ,(#6279,#6280)
    ,(#6281,#6282)
    ,(#6283,#6284)
    ,(#6285,#6286)
    ,(#6287,#6288)
    ,(#6289,#6290)
    ,(#6291,#6292
    )),.UNSPECIFIED.,.F.,.F.,.F.,(8,8),(2,2),(1.,2.231525423729),(0.,1.)
  ,.PIECEWISE_BEZIER_KNOTS.);
#6277 = CARTESIAN_POINT('',(34.674990948516,13.129989138219,37.9));
#6278 = CARTESIAN_POINT('',(31.8,10.9,54.1));
#6279 = CARTESIAN_POINT('',(34.610880713398,13.286049881083,37.9));
#6280 = CARTESIAN_POINT('',(31.62406779661,10.9,54.1));
#6281 = CARTESIAN_POINT('',(34.516052114275,13.429491330663,
    37.899999999999));
#6282 = CARTESIAN_POINT('',(31.44813559322,10.9,54.1));
#6283 = CARTESIAN_POINT('',(34.393486595742,13.55305876283,
    37.900000000001));
#6284 = CARTESIAN_POINT('',(31.272203389831,10.9,54.1));
#6285 = CARTESIAN_POINT('',(34.248304169772,13.650372883777,
    37.899999999999));
#6286 = CARTESIAN_POINT('',(31.096271186441,10.9,54.1));
#6287 = CARTESIAN_POINT('',(34.087431847725,13.716790596962,
    37.900000000001));
#6288 = CARTESIAN_POINT('',(30.920338983051,10.9,54.1));
#6289 = CARTESIAN_POINT('',(33.918715967561,13.75,37.9));
#6290 = CARTESIAN_POINT('',(30.744406779661,10.9,54.1));
#6291 = CARTESIAN_POINT('',(33.75,13.75,37.9));
#6292 = CARTESIAN_POINT('',(30.568474576271,10.9,54.1));
#6293 = DEFINITIONAL_REPRESENTATION('',(#6294),#6297);
#6294 = B_SPLINE_CURVE_WITH_KNOTS('',1,(#6295,#6296),.UNSPECIFIED.,.F.,
  .F.,(2,2),(0.389784553865,1.570796326795),.PIECEWISE_BEZIER_KNOTS.);
#6295 = CARTESIAN_POINT('',(1.,0.));
#6296 = CARTESIAN_POINT('',(2.231525423729,0.));
#6297 = ( GEOMETRIC_REPRESENTATION_CONTEXT(2) 
PARAMETRIC_REPRESENTATION_CONTEXT() REPRESENTATION_CONTEXT('2D SPACE',''
  ) );
#6298 = ORIENTED_EDGE('',*,*,#6299,.T.);
#6299 = EDGE_CURVE('',#6260,#6300,#6302,.T.);
#6300 = VERTEX_POINT('',#6301);
#6301 = CARTESIAN_POINT('',(12.05,13.75,37.9));
#6302 = SURFACE_CURVE('',#6303,(#6307,#6314),.PCURVE_S1.);
#6303 = LINE('',#6304,#6305);
#6304 = CARTESIAN_POINT('',(34.75,13.75,37.9));
#6305 = VECTOR('',#6306,1.);
#6306 = DIRECTION('',(-1.,0.,0.));
#6307 = PCURVE('',#4834,#6308);
#6308 = DEFINITIONAL_REPRESENTATION('',(#6309),#6313);
#6309 = LINE('',#6310,#6311);
#6310 = CARTESIAN_POINT('',(1.,28.5));
#6311 = VECTOR('',#6312,1.);
#6312 = DIRECTION('',(-1.,0.));
#6313 = ( GEOMETRIC_REPRESENTATION_CONTEXT(2) 
PARAMETRIC_REPRESENTATION_CONTEXT() REPRESENTATION_CONTEXT('2D SPACE',''
  ) );
#6314 = PCURVE('',#6315,#6320);
#6315 = B_SPLINE_SURFACE_WITH_KNOTS('',1,1,(
    (#6316,#6317)
    ,(#6318,#6319
    )),.UNSPECIFIED.,.F.,.F.,.F.,(2,2),(2,2),(1.,22.7),(0.,1.),
  .PIECEWISE_BEZIER_KNOTS.);
#6316 = CARTESIAN_POINT('',(33.75,13.75,37.9));
#6317 = CARTESIAN_POINT('',(30.568474576271,10.9,54.1));
#6318 = CARTESIAN_POINT('',(12.05,13.75,37.9));
#6319 = CARTESIAN_POINT('',(12.031525423729,10.9,54.1));
#6320 = DEFINITIONAL_REPRESENTATION('',(#6321),#6325);
#6321 = LINE('',#6322,#6323);
#6322 = CARTESIAN_POINT('',(0.,0.));
#6323 = VECTOR('',#6324,1.);
#6324 = DIRECTION('',(1.,0.));
#6325 = ( GEOMETRIC_REPRESENTATION_CONTEXT(2) 
PARAMETRIC_REPRESENTATION_CONTEXT() REPRESENTATION_CONTEXT('2D SPACE',''
  ) );
#6326 = ORIENTED_EDGE('',*,*,#6327,.T.);
#6327 = EDGE_CURVE('',#6300,#6328,#6330,.T.);
#6328 = VERTEX_POINT('',#6329);
#6329 = CARTESIAN_POINT('',(11.125009051484,13.129989138219,37.9));
#6330 = SURFACE_CURVE('',#6331,(#6336,#6343),.PCURVE_S1.);
#6331 = CIRCLE('',#6332,1.);
#6332 = AXIS2_PLACEMENT_3D('',#6333,#6334,#6335);
#6333 = CARTESIAN_POINT('',(12.05,12.75,37.9));
#6334 = DIRECTION('',(0.,-0.,1.));
#6335 = DIRECTION('',(1.,0.,0.));
#6336 = PCURVE('',#4834,#6337);
#6337 = DEFINITIONAL_REPRESENTATION('',(#6338),#6342);
#6338 = CIRCLE('',#6339,1.);
#6339 = AXIS2_PLACEMENT_2D('',#6340,#6341);
#6340 = CARTESIAN_POINT('',(-21.7,27.5));
#6341 = DIRECTION('',(1.,0.));
#6342 = ( GEOMETRIC_REPRESENTATION_CONTEXT(2) 
PARAMETRIC_REPRESENTATION_CONTEXT() REPRESENTATION_CONTEXT('2D SPACE',''
  ) );
#6343 = PCURVE('',#6344,#6361);
#6344 = B_SPLINE_SURFACE_WITH_KNOTS('',7,1,(
    (#6345,#6346)
    ,(#6347,#6348)
    ,(#6349,#6350)
    ,(#6351,#6352)
    ,(#6353,#6354)
    ,(#6355,#6356)
    ,(#6357,#6358)
    ,(#6359,#6360
    )),.UNSPECIFIED.,.F.,.F.,.F.,(8,8),(2,2),(20.768474576271,22.),(0.,
    1.),.PIECEWISE_BEZIER_KNOTS.);
#6345 = CARTESIAN_POINT('',(12.05,13.75,37.9));
#6346 = CARTESIAN_POINT('',(12.031525423729,10.9,54.1));
#6347 = CARTESIAN_POINT('',(11.881284032439,13.75,37.9));
#6348 = CARTESIAN_POINT('',(11.855593220339,10.9,54.1));
#6349 = CARTESIAN_POINT('',(11.712568152276,13.716790596962,37.9));
#6350 = CARTESIAN_POINT('',(11.679661016949,10.9,54.1));
#6351 = CARTESIAN_POINT('',(11.551695830227,13.650372883777,
    37.899999999999));
#6352 = CARTESIAN_POINT('',(11.503728813559,10.9,54.1));
#6353 = CARTESIAN_POINT('',(11.40651340426,13.55305876283,37.9));
#6354 = CARTESIAN_POINT('',(11.327796610169,10.9,54.1));
#6355 = CARTESIAN_POINT('',(11.283947885724,13.429491330663,37.9));
#6356 = CARTESIAN_POINT('',(11.15186440678,10.9,54.1));
#6357 = CARTESIAN_POINT('',(11.189119286602,13.286049881083,37.9));
#6358 = CARTESIAN_POINT('',(10.97593220339,10.9,54.1));
#6359 = CARTESIAN_POINT('',(11.125009051484,13.129989138219,37.9));
#6360 = CARTESIAN_POINT('',(10.8,10.9,54.1));
#6361 = DEFINITIONAL_REPRESENTATION('',(#6362),#6365);
#6362 = B_SPLINE_CURVE_WITH_KNOTS('',1,(#6363,#6364),.UNSPECIFIED.,.F.,
  .F.,(2,2),(1.570796326795,2.751808099725),.PIECEWISE_BEZIER_KNOTS.);
#6363 = CARTESIAN_POINT('',(20.768474576271,0.));
#6364 = CARTESIAN_POINT('',(22.,0.));
#6365 = ( GEOMETRIC_REPRESENTATION_CONTEXT(2) 
PARAMETRIC_REPRESENTATION_CONTEXT() REPRESENTATION_CONTEXT('2D SPACE',''
  ) );
#6366 = ORIENTED_EDGE('',*,*,#6367,.T.);
#6367 = EDGE_CURVE('',#6328,#6368,#6370,.T.);
#6368 = VERTEX_POINT('',#6369);
#6369 = CARTESIAN_POINT('',(11.05,12.75,37.9));
#6370 = SURFACE_CURVE('',#6371,(#6376,#6383),.PCURVE_S1.);
#6371 = CIRCLE('',#6372,1.);
#6372 = AXIS2_PLACEMENT_3D('',#6373,#6374,#6375);
#6373 = CARTESIAN_POINT('',(12.05,12.75,37.9));
#6374 = DIRECTION('',(0.,-0.,1.));
#6375 = DIRECTION('',(1.,0.,0.));
#6376 = PCURVE('',#4834,#6377);
#6377 = DEFINITIONAL_REPRESENTATION('',(#6378),#6382);
#6378 = CIRCLE('',#6379,1.);
#6379 = AXIS2_PLACEMENT_2D('',#6380,#6381);
#6380 = CARTESIAN_POINT('',(-21.7,27.5));
#6381 = DIRECTION('',(1.,0.));
#6382 = ( GEOMETRIC_REPRESENTATION_CONTEXT(2) 
PARAMETRIC_REPRESENTATION_CONTEXT() REPRESENTATION_CONTEXT('2D SPACE',''
  ) );
#6383 = PCURVE('',#6384,#6401);
#6384 = B_SPLINE_SURFACE_WITH_KNOTS('',7,1,(
    (#6385,#6386)
    ,(#6387,#6388)
    ,(#6389,#6390)
    ,(#6391,#6392)
    ,(#6393,#6394)
    ,(#6395,#6396)
    ,(#6397,#6398)
    ,(#6399,#6400
    )),.UNSPECIFIED.,.F.,.F.,.F.,(8,8),(2,2),(1.570796326795,
    3.14159265359),(0.,1.),.PIECEWISE_BEZIER_KNOTS.);
#6385 = CARTESIAN_POINT('',(11.125009051484,13.129989138219,37.9));
#6386 = CARTESIAN_POINT('',(10.8,10.9,54.1));
#6387 = CARTESIAN_POINT('',(11.103849923382,13.078482397619,37.9));
#6388 = CARTESIAN_POINT('',(10.575600524744,10.9,54.1));
#6389 = CARTESIAN_POINT('',(11.086036832561,13.025601084873,37.9));
#6390 = CARTESIAN_POINT('',(10.351202135017,10.841251113448,
    54.099999999999));
#6391 = CARTESIAN_POINT('',(11.071677134081,12.971606004897,37.9));
#6392 = CARTESIAN_POINT('',(10.145253059177,10.723762722203,
    54.100000000002));
#6393 = CARTESIAN_POINT('',(11.060852329474,12.916768514054,37.9));
#6394 = CARTESIAN_POINT('',(9.976237277798,10.554746940823,
    54.099999999999));
#6395 = CARTESIAN_POINT('',(11.053617376684,12.861367024361,37.9));
#6396 = CARTESIAN_POINT('',(9.858748886552,10.348797864984,
    54.100000000001));
#6397 = CARTESIAN_POINT('',(11.05,12.805683507695,37.9));
#6398 = CARTESIAN_POINT('',(9.8,10.124399475256,54.1));
#6399 = CARTESIAN_POINT('',(11.05,12.75,37.9));
#6400 = CARTESIAN_POINT('',(9.8,9.9,54.1));
#6401 = DEFINITIONAL_REPRESENTATION('',(#6402),#6405);
#6402 = B_SPLINE_CURVE_WITH_KNOTS('',1,(#6403,#6404),.UNSPECIFIED.,.F.,
  .F.,(2,2),(2.751808099725,3.14159265359),.PIECEWISE_BEZIER_KNOTS.);
#6403 = CARTESIAN_POINT('',(1.570796326795,0.));
#6404 = CARTESIAN_POINT('',(3.14159265359,0.));
#6405 = ( GEOMETRIC_REPRESENTATION_CONTEXT(2) 
PARAMETRIC_REPRESENTATION_CONTEXT() REPRESENTATION_CONTEXT('2D SPACE',''
  ) );
#6406 = ORIENTED_EDGE('',*,*,#6407,.T.);
#6407 = EDGE_CURVE('',#6368,#6408,#6410,.T.);
#6408 = VERTEX_POINT('',#6409);
#6409 = CARTESIAN_POINT('',(11.05,-14.75,37.9));
#6410 = SURFACE_CURVE('',#6411,(#6415,#6422),.PCURVE_S1.);
#6411 = LINE('',#6412,#6413);
#6412 = CARTESIAN_POINT('',(11.05,13.75,37.9));
#6413 = VECTOR('',#6414,1.);
#6414 = DIRECTION('',(0.,-1.,0.));
#6415 = PCURVE('',#4834,#6416);
#6416 = DEFINITIONAL_REPRESENTATION('',(#6417),#6421);
#6417 = LINE('',#6418,#6419);
#6418 = CARTESIAN_POINT('',(-22.7,28.5));
#6419 = VECTOR('',#6420,1.);
#6420 = DIRECTION('',(0.,-1.));
#6421 = ( GEOMETRIC_REPRESENTATION_CONTEXT(2) 
PARAMETRIC_REPRESENTATION_CONTEXT() REPRESENTATION_CONTEXT('2D SPACE',''
  ) );
#6422 = PCURVE('',#5518,#6423);
#6423 = DEFINITIONAL_REPRESENTATION('',(#6424),#6428);
#6424 = LINE('',#6425,#6426);
#6425 = CARTESIAN_POINT('',(0.,0.));
#6426 = VECTOR('',#6427,1.);
#6427 = DIRECTION('',(1.,0.));
#6428 = ( GEOMETRIC_REPRESENTATION_CONTEXT(2) 
PARAMETRIC_REPRESENTATION_CONTEXT() REPRESENTATION_CONTEXT('2D SPACE',''
  ) );
#6429 = ORIENTED_EDGE('',*,*,#6430,.T.);
#6430 = EDGE_CURVE('',#6408,#5170,#6431,.T.);
#6431 = SURFACE_CURVE('',#6432,(#6437,#6444),.PCURVE_S1.);
#6432 = CIRCLE('',#6433,1.);
#6433 = AXIS2_PLACEMENT_3D('',#6434,#6435,#6436);
#6434 = CARTESIAN_POINT('',(12.05,-14.75,37.9));
#6435 = DIRECTION('',(0.,-0.,1.));
#6436 = DIRECTION('',(1.,0.,0.));
#6437 = PCURVE('',#4834,#6438);
#6438 = DEFINITIONAL_REPRESENTATION('',(#6439),#6443);
#6439 = CIRCLE('',#6440,1.);
#6440 = AXIS2_PLACEMENT_2D('',#6441,#6442);
#6441 = CARTESIAN_POINT('',(-21.7,0.));
#6442 = DIRECTION('',(1.,0.));
#6443 = ( GEOMETRIC_REPRESENTATION_CONTEXT(2) 
PARAMETRIC_REPRESENTATION_CONTEXT() REPRESENTATION_CONTEXT('2D SPACE',''
  ) );
#6444 = PCURVE('',#5186,#6445);
#6445 = DEFINITIONAL_REPRESENTATION('',(#6446),#6449);
#6446 = B_SPLINE_CURVE_WITH_KNOTS('',1,(#6447,#6448),.UNSPECIFIED.,.F.,
  .F.,(2,2),(3.14159265359,3.531377207455),.PIECEWISE_BEZIER_KNOTS.);
#6447 = CARTESIAN_POINT('',(3.14159265359,0.));
#6448 = CARTESIAN_POINT('',(4.712388980385,0.));
#6449 = ( GEOMETRIC_REPRESENTATION_CONTEXT(2) 
PARAMETRIC_REPRESENTATION_CONTEXT() REPRESENTATION_CONTEXT('2D SPACE',''
  ) );
#6450 = ADVANCED_FACE('',(#6451),#5000,.F.);
#6451 = FACE_BOUND('',#6452,.F.);
#6452 = EDGE_LOOP('',(#6453,#6476,#6477,#6478));
#6453 = ORIENTED_EDGE('',*,*,#6454,.F.);
#6454 = EDGE_CURVE('',#4890,#6455,#6457,.T.);
#6455 = VERTEX_POINT('',#6456);
#6456 = CARTESIAN_POINT('',(25.6,-10.2,45.));
#6457 = SURFACE_CURVE('',#6458,(#6462,#6469),.PCURVE_S1.);
#6458 = LINE('',#6459,#6460);
#6459 = CARTESIAN_POINT('',(25.6,-20.,45.));
#6460 = VECTOR('',#6461,1.);
#6461 = DIRECTION('',(-0.,1.,0.));
#6462 = PCURVE('',#5000,#6463);
#6463 = DEFINITIONAL_REPRESENTATION('',(#6464),#6468);
#6464 = LINE('',#6465,#6466);
#6465 = CARTESIAN_POINT('',(7.5,0.));
#6466 = VECTOR('',#6467,1.);
#6467 = DIRECTION('',(0.,-1.));
#6468 = ( GEOMETRIC_REPRESENTATION_CONTEXT(2) 
PARAMETRIC_REPRESENTATION_CONTEXT() REPRESENTATION_CONTEXT('2D SPACE',''
  ) );
#6469 = PCURVE('',#4903,#6470);
#6470 = DEFINITIONAL_REPRESENTATION('',(#6471),#6475);
#6471 = LINE('',#6472,#6473);
#6472 = CARTESIAN_POINT('',(5.,0.));
#6473 = VECTOR('',#6474,1.);
#6474 = DIRECTION('',(0.,1.));
#6475 = ( GEOMETRIC_REPRESENTATION_CONTEXT(2) 
PARAMETRIC_REPRESENTATION_CONTEXT() REPRESENTATION_CONTEXT('2D SPACE',''
  ) );
#6476 = ORIENTED_EDGE('',*,*,#4914,.F.);
#6477 = ORIENTED_EDGE('',*,*,#6169,.T.);
#6478 = ORIENTED_EDGE('',*,*,#6479,.T.);
#6479 = EDGE_CURVE('',#6144,#6455,#6480,.T.);
#6480 = SURFACE_CURVE('',#6481,(#6485,#6492),.PCURVE_S1.);
#6481 = LINE('',#6482,#6483);
#6482 = CARTESIAN_POINT('',(25.6,-10.2,37.5));
#6483 = VECTOR('',#6484,1.);
#6484 = DIRECTION('',(0.,0.,1.));
#6485 = PCURVE('',#5000,#6486);
#6486 = DEFINITIONAL_REPRESENTATION('',(#6487),#6491);
#6487 = LINE('',#6488,#6489);
#6488 = CARTESIAN_POINT('',(0.,-9.8));
#6489 = VECTOR('',#6490,1.);
#6490 = DIRECTION('',(1.,0.));
#6491 = ( GEOMETRIC_REPRESENTATION_CONTEXT(2) 
PARAMETRIC_REPRESENTATION_CONTEXT() REPRESENTATION_CONTEXT('2D SPACE',''
  ) );
#6492 = PCURVE('',#6158,#6493);
#6493 = DEFINITIONAL_REPRESENTATION('',(#6494),#6498);
#6494 = LINE('',#6495,#6496);
#6495 = CARTESIAN_POINT('',(0.,5.));
#6496 = VECTOR('',#6497,1.);
#6497 = DIRECTION('',(1.,0.));
#6498 = ( GEOMETRIC_REPRESENTATION_CONTEXT(2) 
PARAMETRIC_REPRESENTATION_CONTEXT() REPRESENTATION_CONTEXT('2D SPACE',''
  ) );
#6499 = ADVANCED_FACE('',(#6500),#4903,.F.);
#6500 = FACE_BOUND('',#6501,.F.);
#6501 = EDGE_LOOP('',(#6502,#6525,#6526,#6527));
#6502 = ORIENTED_EDGE('',*,*,#6503,.F.);
#6503 = EDGE_CURVE('',#4847,#6504,#6506,.T.);
#6504 = VERTEX_POINT('',#6505);
#6505 = CARTESIAN_POINT('',(20.6,-10.2,45.));
#6506 = SURFACE_CURVE('',#6507,(#6511,#6518),.PCURVE_S1.);
#6507 = LINE('',#6508,#6509);
#6508 = CARTESIAN_POINT('',(20.6,-20.,45.));
#6509 = VECTOR('',#6510,1.);
#6510 = DIRECTION('',(-0.,1.,0.));
#6511 = PCURVE('',#4903,#6512);
#6512 = DEFINITIONAL_REPRESENTATION('',(#6513),#6517);
#6513 = LINE('',#6514,#6515);
#6514 = CARTESIAN_POINT('',(0.,0.));
#6515 = VECTOR('',#6516,1.);
#6516 = DIRECTION('',(0.,1.));
#6517 = ( GEOMETRIC_REPRESENTATION_CONTEXT(2) 
PARAMETRIC_REPRESENTATION_CONTEXT() REPRESENTATION_CONTEXT('2D SPACE',''
  ) );
#6518 = PCURVE('',#4872,#6519);
#6519 = DEFINITIONAL_REPRESENTATION('',(#6520),#6524);
#6520 = LINE('',#6521,#6522);
#6521 = CARTESIAN_POINT('',(7.5,0.));
#6522 = VECTOR('',#6523,1.);
#6523 = DIRECTION('',(0.,-1.));
#6524 = ( GEOMETRIC_REPRESENTATION_CONTEXT(2) 
PARAMETRIC_REPRESENTATION_CONTEXT() REPRESENTATION_CONTEXT('2D SPACE',''
  ) );
#6525 = ORIENTED_EDGE('',*,*,#4889,.F.);
#6526 = ORIENTED_EDGE('',*,*,#6454,.T.);
#6527 = ORIENTED_EDGE('',*,*,#6528,.F.);
#6528 = EDGE_CURVE('',#6504,#6455,#6529,.T.);
#6529 = SURFACE_CURVE('',#6530,(#6534,#6541),.PCURVE_S1.);
#6530 = LINE('',#6531,#6532);
#6531 = CARTESIAN_POINT('',(20.6,-10.2,45.));
#6532 = VECTOR('',#6533,1.);
#6533 = DIRECTION('',(1.,0.,-0.));
#6534 = PCURVE('',#4903,#6535);
#6535 = DEFINITIONAL_REPRESENTATION('',(#6536),#6540);
#6536 = LINE('',#6537,#6538);
#6537 = CARTESIAN_POINT('',(0.,9.8));
#6538 = VECTOR('',#6539,1.);
#6539 = DIRECTION('',(1.,0.));
#6540 = ( GEOMETRIC_REPRESENTATION_CONTEXT(2) 
PARAMETRIC_REPRESENTATION_CONTEXT() REPRESENTATION_CONTEXT('2D SPACE',''
  ) );
#6541 = PCURVE('',#6158,#6542);
#6542 = DEFINITIONAL_REPRESENTATION('',(#6543),#6547);
#6543 = LINE('',#6544,#6545);
#6544 = CARTESIAN_POINT('',(7.5,0.));
#6545 = VECTOR('',#6546,1.);
#6546 = DIRECTION('',(0.,1.));
#6547 = ( GEOMETRIC_REPRESENTATION_CONTEXT(2) 
PARAMETRIC_REPRESENTATION_CONTEXT() REPRESENTATION_CONTEXT('2D SPACE',''
  ) );
#6548 = ADVANCED_FACE('',(#6549),#4872,.T.);
#6549 = FACE_BOUND('',#6550,.T.);
#6550 = EDGE_LOOP('',(#6551,#6552,#6553,#6554));
#6551 = ORIENTED_EDGE('',*,*,#6503,.F.);
#6552 = ORIENTED_EDGE('',*,*,#4846,.F.);
#6553 = ORIENTED_EDGE('',*,*,#6122,.T.);
#6554 = ORIENTED_EDGE('',*,*,#6555,.T.);
#6555 = EDGE_CURVE('',#6123,#6504,#6556,.T.);
#6556 = SURFACE_CURVE('',#6557,(#6561,#6568),.PCURVE_S1.);
#6557 = LINE('',#6558,#6559);
#6558 = CARTESIAN_POINT('',(20.6,-10.2,37.5));
#6559 = VECTOR('',#6560,1.);
#6560 = DIRECTION('',(0.,0.,1.));
#6561 = PCURVE('',#4872,#6562);
#6562 = DEFINITIONAL_REPRESENTATION('',(#6563),#6567);
#6563 = LINE('',#6564,#6565);
#6564 = CARTESIAN_POINT('',(0.,-9.8));
#6565 = VECTOR('',#6566,1.);
#6566 = DIRECTION('',(1.,0.));
#6567 = ( GEOMETRIC_REPRESENTATION_CONTEXT(2) 
PARAMETRIC_REPRESENTATION_CONTEXT() REPRESENTATION_CONTEXT('2D SPACE',''
  ) );
#6568 = PCURVE('',#6158,#6569);
#6569 = DEFINITIONAL_REPRESENTATION('',(#6570),#6574);
#6570 = LINE('',#6571,#6572);
#6571 = CARTESIAN_POINT('',(0.,0.));
#6572 = VECTOR('',#6573,1.);
#6573 = DIRECTION('',(1.,0.));
#6574 = ( GEOMETRIC_REPRESENTATION_CONTEXT(2) 
PARAMETRIC_REPRESENTATION_CONTEXT() REPRESENTATION_CONTEXT('2D SPACE',''
  ) );
#6575 = ADVANCED_FACE('',(#6576),#5186,.T.);
#6576 = FACE_BOUND('',#6577,.T.);
#6577 = EDGE_LOOP('',(#6578,#6598,#6599,#6600));
#6578 = ORIENTED_EDGE('',*,*,#6579,.F.);
#6579 = EDGE_CURVE('',#6408,#5499,#6580,.T.);
#6580 = SURFACE_CURVE('',#6581,(#6584,#6591),.PCURVE_S1.);
#6581 = B_SPLINE_CURVE_WITH_KNOTS('',1,(#6582,#6583),.UNSPECIFIED.,.F.,
  .F.,(2,2),(0.,1.),.PIECEWISE_BEZIER_KNOTS.);
#6582 = CARTESIAN_POINT('',(11.05,-14.75,37.9));
#6583 = CARTESIAN_POINT('',(9.8,-13.3,54.1));
#6584 = PCURVE('',#5186,#6585);
#6585 = DEFINITIONAL_REPRESENTATION('',(#6586),#6590);
#6586 = LINE('',#6587,#6588);
#6587 = CARTESIAN_POINT('',(3.14159265359,0.));
#6588 = VECTOR('',#6589,1.);
#6589 = DIRECTION('',(0.,1.));
#6590 = ( GEOMETRIC_REPRESENTATION_CONTEXT(2) 
PARAMETRIC_REPRESENTATION_CONTEXT() REPRESENTATION_CONTEXT('2D SPACE',''
  ) );
#6591 = PCURVE('',#5518,#6592);
#6592 = DEFINITIONAL_REPRESENTATION('',(#6593),#6597);
#6593 = LINE('',#6594,#6595);
#6594 = CARTESIAN_POINT('',(28.5,0.));
#6595 = VECTOR('',#6596,1.);
#6596 = DIRECTION('',(0.,1.));
#6597 = ( GEOMETRIC_REPRESENTATION_CONTEXT(2) 
PARAMETRIC_REPRESENTATION_CONTEXT() REPRESENTATION_CONTEXT('2D SPACE',''
  ) );
#6598 = ORIENTED_EDGE('',*,*,#6430,.T.);
#6599 = ORIENTED_EDGE('',*,*,#5169,.T.);
#6600 = ORIENTED_EDGE('',*,*,#5532,.T.);
#6601 = ADVANCED_FACE('',(#6602),#5518,.T.);
#6602 = FACE_BOUND('',#6603,.T.);
#6603 = EDGE_LOOP('',(#6604,#6626,#6627,#6628,#6629,#6651,#6683,#6708,
    #6752,#6779));
#6604 = ORIENTED_EDGE('',*,*,#6605,.F.);
#6605 = EDGE_CURVE('',#6368,#6606,#6608,.T.);
#6606 = VERTEX_POINT('',#6607);
#6607 = CARTESIAN_POINT('',(9.981393678161,10.313577586207,
    51.749137931034));
#6608 = SURFACE_CURVE('',#6609,(#6612,#6619),.PCURVE_S1.);
#6609 = B_SPLINE_CURVE_WITH_KNOTS('',1,(#6610,#6611),.UNSPECIFIED.,.F.,
  .F.,(2,2),(0.,1.),.PIECEWISE_BEZIER_KNOTS.);
#6610 = CARTESIAN_POINT('',(11.05,12.75,37.9));
#6611 = CARTESIAN_POINT('',(9.8,9.9,54.1));
#6612 = PCURVE('',#5518,#6613);
#6613 = DEFINITIONAL_REPRESENTATION('',(#6614),#6618);
#6614 = LINE('',#6615,#6616);
#6615 = CARTESIAN_POINT('',(1.,0.));
#6616 = VECTOR('',#6617,1.);
#6617 = DIRECTION('',(0.,1.));
#6618 = ( GEOMETRIC_REPRESENTATION_CONTEXT(2) 
PARAMETRIC_REPRESENTATION_CONTEXT() REPRESENTATION_CONTEXT('2D SPACE',''
  ) );
#6619 = PCURVE('',#6384,#6620);
#6620 = DEFINITIONAL_REPRESENTATION('',(#6621),#6625);
#6621 = LINE('',#6622,#6623);
#6622 = CARTESIAN_POINT('',(3.14159265359,0.));
#6623 = VECTOR('',#6624,1.);
#6624 = DIRECTION('',(0.,1.));
#6625 = ( GEOMETRIC_REPRESENTATION_CONTEXT(2) 
PARAMETRIC_REPRESENTATION_CONTEXT() REPRESENTATION_CONTEXT('2D SPACE',''
  ) );
#6626 = ORIENTED_EDGE('',*,*,#6407,.T.);
#6627 = ORIENTED_EDGE('',*,*,#6579,.T.);
#6628 = ORIENTED_EDGE('',*,*,#5498,.T.);
#6629 = ORIENTED_EDGE('',*,*,#6630,.F.);
#6630 = EDGE_CURVE('',#6631,#5473,#6633,.T.);
#6631 = VERTEX_POINT('',#6632);
#6632 = CARTESIAN_POINT('',(9.8,-7.733125783613,54.1));
#6633 = SURFACE_CURVE('',#6634,(#6638,#6644),.PCURVE_S1.);
#6634 = LINE('',#6635,#6636);
#6635 = CARTESIAN_POINT('',(9.8,10.9,54.1));
#6636 = VECTOR('',#6637,1.);
#6637 = DIRECTION('',(0.,-1.,0.));
#6638 = PCURVE('',#5518,#6639);
#6639 = DEFINITIONAL_REPRESENTATION('',(#6640),#6643);
#6640 = B_SPLINE_CURVE_WITH_KNOTS('',1,(#6641,#6642),.UNSPECIFIED.,.F.,
  .F.,(2,2),(1.,24.2),.PIECEWISE_BEZIER_KNOTS.);
#6641 = CARTESIAN_POINT('',(1.,1.));
#6642 = CARTESIAN_POINT('',(28.5,1.));
#6643 = ( GEOMETRIC_REPRESENTATION_CONTEXT(2) 
PARAMETRIC_REPRESENTATION_CONTEXT() REPRESENTATION_CONTEXT('2D SPACE',''
  ) );
#6644 = PCURVE('',#5487,#6645);
#6645 = DEFINITIONAL_REPRESENTATION('',(#6646),#6650);
#6646 = LINE('',#6647,#6648);
#6647 = CARTESIAN_POINT('',(-22.,24.2));
#6648 = VECTOR('',#6649,1.);
#6649 = DIRECTION('',(0.,-1.));
#6650 = ( GEOMETRIC_REPRESENTATION_CONTEXT(2) 
PARAMETRIC_REPRESENTATION_CONTEXT() REPRESENTATION_CONTEXT('2D SPACE',''
  ) );
#6651 = ORIENTED_EDGE('',*,*,#6652,.T.);
#6652 = EDGE_CURVE('',#6631,#6653,#6655,.T.);
#6653 = VERTEX_POINT('',#6654);
#6654 = CARTESIAN_POINT('',(9.938888888889,-7.758940558144,52.3));
#6655 = SURFACE_CURVE('',#6656,(#6663,#6673),.PCURVE_S1.);
#6656 = B_SPLINE_CURVE_WITH_KNOTS('',5,(#6657,#6658,#6659,#6660,#6661,
    #6662),.UNSPECIFIED.,.F.,.F.,(6,6),(0.,1.),
  .PIECEWISE_BEZIER_KNOTS.);
#6657 = CARTESIAN_POINT('',(9.8,-7.733125783613,54.1));
#6658 = CARTESIAN_POINT('',(9.827759513312,-7.727962509954,
    53.740236707477));
#6659 = CARTESIAN_POINT('',(9.85554712191,-7.728022881423,
    53.380109300044));
#6660 = CARTESIAN_POINT('',(9.883342562633,-7.733298076897,
    53.019880388282));
#6661 = CARTESIAN_POINT('',(9.911128172095,-7.743670703146,
    52.659778889653));
#6662 = CARTESIAN_POINT('',(9.938888888889,-7.758940582692,52.3));
#6663 = PCURVE('',#5518,#6664);
#6664 = DEFINITIONAL_REPRESENTATION('',(#6665),#6672);
#6665 = B_SPLINE_CURVE_WITH_KNOTS('',5,(#6666,#6667,#6668,#6669,#6670,
    #6671),.UNSPECIFIED.,.F.,.F.,(6,6),(0.,1.),
  .PIECEWISE_BEZIER_KNOTS.);
#6666 = CARTESIAN_POINT('',(21.901334441783,1.));
#6667 = CARTESIAN_POINT('',(21.88420538618,0.97779238935));
#6668 = CARTESIAN_POINT('',(21.873433312033,0.955562302472));
#6669 = CARTESIAN_POINT('',(21.868885144721,0.933325949894));
#6670 = CARTESIAN_POINT('',(21.87030322226,0.911097462324));
#6671 = CARTESIAN_POINT('',(21.877347696933,0.888888888889));
#6672 = ( GEOMETRIC_REPRESENTATION_CONTEXT(2) 
PARAMETRIC_REPRESENTATION_CONTEXT() REPRESENTATION_CONTEXT('2D SPACE',''
  ) );
#6673 = PCURVE('',#5400,#6674);
#6674 = DEFINITIONAL_REPRESENTATION('',(#6675),#6682);
#6675 = B_SPLINE_CURVE_WITH_KNOTS('',5,(#6676,#6677,#6678,#6679,#6680,
    #6681),.UNSPECIFIED.,.F.,.F.,(6,6),(0.,1.),
  .PIECEWISE_BEZIER_KNOTS.);
#6676 = CARTESIAN_POINT('',(1.993346191092,0.180904522574));
#6677 = CARTESIAN_POINT('',(2.004132922482,0.14474740788));
#6678 = CARTESIAN_POINT('',(2.015243762181,0.10855369838));
#6679 = CARTESIAN_POINT('',(2.026656930798,7.234978784471E-02));
#6680 = CARTESIAN_POINT('',(2.03834296594,3.615868235387E-02));
#6681 = CARTESIAN_POINT('',(2.050268101,-2.14233993845E-15));
#6682 = ( GEOMETRIC_REPRESENTATION_CONTEXT(2) 
PARAMETRIC_REPRESENTATION_CONTEXT() REPRESENTATION_CONTEXT('2D SPACE',''
  ) );
#6683 = ORIENTED_EDGE('',*,*,#6684,.T.);
#6684 = EDGE_CURVE('',#6653,#6685,#6687,.T.);
#6685 = VERTEX_POINT('',#6686);
#6686 = CARTESIAN_POINT('',(9.938888888889,2.758940558144,52.3));
#6687 = SURFACE_CURVE('',#6688,(#6691,#6697),.PCURVE_S1.);
#6688 = B_SPLINE_CURVE_WITH_KNOTS('',1,(#6689,#6690),.UNSPECIFIED.,.F.,
  .F.,(2,2),(0.,1.),.PIECEWISE_BEZIER_KNOTS.);
#6689 = CARTESIAN_POINT('',(9.938888888889,-13.46111111111,52.3));
#6690 = CARTESIAN_POINT('',(9.938888888889,8.9,52.3));
#6691 = PCURVE('',#5518,#6692);
#6692 = DEFINITIONAL_REPRESENTATION('',(#6693),#6696);
#6693 = B_SPLINE_CURVE_WITH_KNOTS('',1,(#6694,#6695),.UNSPECIFIED.,.F.,
  .F.,(2,2),(0.,1.),.PIECEWISE_BEZIER_KNOTS.);
#6694 = CARTESIAN_POINT('',(28.5,0.888888888889));
#6695 = CARTESIAN_POINT('',(2.529211637729,0.888888888889));
#6696 = ( GEOMETRIC_REPRESENTATION_CONTEXT(2) 
PARAMETRIC_REPRESENTATION_CONTEXT() REPRESENTATION_CONTEXT('2D SPACE',''
  ) );
#6697 = PCURVE('',#6698,#6703);
#6698 = PLANE('',#6699);
#6699 = AXIS2_PLACEMENT_3D('',#6700,#6701,#6702);
#6700 = CARTESIAN_POINT('',(18.9,-2.5,52.3));
#6701 = DIRECTION('',(0.,-0.,1.));
#6702 = DIRECTION('',(1.110223024625E-16,1.,0.));
#6703 = DEFINITIONAL_REPRESENTATION('',(#6704),#6707);
#6704 = B_SPLINE_CURVE_WITH_KNOTS('',1,(#6705,#6706),.UNSPECIFIED.,.F.,
  .F.,(2,2),(0.,1.),.PIECEWISE_BEZIER_KNOTS.);
#6705 = CARTESIAN_POINT('',(-10.96111111111,8.961111111111));
#6706 = CARTESIAN_POINT('',(11.4,8.961111111111));
#6707 = ( GEOMETRIC_REPRESENTATION_CONTEXT(2) 
PARAMETRIC_REPRESENTATION_CONTEXT() REPRESENTATION_CONTEXT('2D SPACE',''
  ) );
#6708 = ORIENTED_EDGE('',*,*,#6709,.T.);
#6709 = EDGE_CURVE('',#6685,#6710,#6712,.T.);
#6710 = VERTEX_POINT('',#6711);
#6711 = CARTESIAN_POINT('',(9.8,2.849757041611,54.1));
#6712 = SURFACE_CURVE('',#6713,(#6724,#6738),.PCURVE_S1.);
#6713 = B_SPLINE_CURVE_WITH_KNOTS('',5,(#6714,#6715,#6716,#6717,#6718,
    #6719,#6720,#6721,#6722,#6723),.UNSPECIFIED.,.F.,.F.,(6,4,6),(0.,
    5.116036417102E-02,1.),.UNSPECIFIED.);
#6714 = CARTESIAN_POINT('',(9.938888888889,2.758940590819,52.3));
#6715 = CARTESIAN_POINT('',(9.937456468816,2.759236506699,
    52.318564164142));
#6716 = CARTESIAN_POINT('',(9.936024267765,2.759549008714,52.33712548977
    ));
#6717 = CARTESIAN_POINT('',(9.934592289538,2.759878087633,
    52.355683927585));
#6718 = CARTESIAN_POINT('',(9.933160537929,2.760223733138,
    52.374239428444));
#6719 = CARTESIAN_POINT('',(9.905179478124,2.767303486025,
    52.736873963519));
#6720 = CARTESIAN_POINT('',(9.878708764632,2.779715339195,
    53.079934410369));
#6721 = CARTESIAN_POINT('',(9.852342232172,2.797749935122,
    53.421644671045));
#6722 = CARTESIAN_POINT('',(9.826100533091,2.821200933224,
    53.761737091141));
#6723 = CARTESIAN_POINT('',(9.8,2.849757041611,54.1));
#6724 = PCURVE('',#5518,#6725);
#6725 = DEFINITIONAL_REPRESENTATION('',(#6726),#6737);
#6726 = B_SPLINE_CURVE_WITH_KNOTS('',5,(#6727,#6728,#6729,#6730,#6731,
    #6732,#6733,#6734,#6735,#6736),.UNSPECIFIED.,.F.,.F.,(6,4,6),(0.,
    5.116036417102E-02,1.),.UNSPECIFIED.);
#6727 = CARTESIAN_POINT('',(9.661601143934,0.888888888889));
#6728 = CARTESIAN_POINT('',(9.659266880593,0.890034824947));
#6729 = CARTESIAN_POINT('',(9.656912443596,0.891180585788));
#6730 = CARTESIAN_POINT('',(9.654537828327,0.892326168369));
#6731 = CARTESIAN_POINT('',(9.652143031439,0.893471569657));
#6732 = CARTESIAN_POINT('',(9.604938848184,0.915856417501));
#6733 = CARTESIAN_POINT('',(9.553206712204,0.937032988294));
#6734 = CARTESIAN_POINT('',(9.494518552645,0.958126214262));
#6735 = CARTESIAN_POINT('',(9.429014664868,0.979119573527));
#6736 = CARTESIAN_POINT('',(9.356969023952,1.));
#6737 = ( GEOMETRIC_REPRESENTATION_CONTEXT(2) 
PARAMETRIC_REPRESENTATION_CONTEXT() REPRESENTATION_CONTEXT('2D SPACE',''
  ) );
#6738 = PCURVE('',#5400,#6739);
#6739 = DEFINITIONAL_REPRESENTATION('',(#6740),#6751);
#6740 = B_SPLINE_CURVE_WITH_KNOTS('',5,(#6741,#6742,#6743,#6744,#6745,
    #6746,#6747,#6748,#6749,#6750),.UNSPECIFIED.,.F.,.F.,(6,4,6),(0.,
    5.116036417102E-02,1.),.UNSPECIFIED.);
#6741 = CARTESIAN_POINT('',(1.091324551969,2.856453283283E-15));
#6742 = CARTESIAN_POINT('',(1.090459047389,1.865745139953E-03));
#6743 = CARTESIAN_POINT('',(1.089591529394,3.731205002034E-03));
#6744 = CARTESIAN_POINT('',(1.088721998399,5.596374631664E-03));
#6745 = CARTESIAN_POINT('',(1.087850454923,7.461249089853E-03));
#6746 = CARTESIAN_POINT('',(1.070775605051,4.390693098517E-02));
#6747 = CARTESIAN_POINT('',(1.053882062721,7.838536794897E-02));
#6748 = CARTESIAN_POINT('',(1.036300844711,0.112728107533));
#6749 = CARTESIAN_POINT('',(1.018047617054,0.146908250453));
#6750 = CARTESIAN_POINT('',(0.999148024143,0.180904522577));
#6751 = ( GEOMETRIC_REPRESENTATION_CONTEXT(2) 
PARAMETRIC_REPRESENTATION_CONTEXT() REPRESENTATION_CONTEXT('2D SPACE',''
  ) );
#6752 = ORIENTED_EDGE('',*,*,#6753,.F.);
#6753 = EDGE_CURVE('',#6754,#6710,#6756,.T.);
#6754 = VERTEX_POINT('',#6755);
#6755 = CARTESIAN_POINT('',(9.8,7.375,54.1));
#6756 = SURFACE_CURVE('',#6757,(#6761,#6767),.PCURVE_S1.);
#6757 = LINE('',#6758,#6759);
#6758 = CARTESIAN_POINT('',(9.8,10.9,54.1));
#6759 = VECTOR('',#6760,1.);
#6760 = DIRECTION('',(0.,-1.,0.));
#6761 = PCURVE('',#5518,#6762);
#6762 = DEFINITIONAL_REPRESENTATION('',(#6763),#6766);
#6763 = B_SPLINE_CURVE_WITH_KNOTS('',1,(#6764,#6765),.UNSPECIFIED.,.F.,
  .F.,(2,2),(1.,24.2),.PIECEWISE_BEZIER_KNOTS.);
#6764 = CARTESIAN_POINT('',(1.,1.));
#6765 = CARTESIAN_POINT('',(28.5,1.));
#6766 = ( GEOMETRIC_REPRESENTATION_CONTEXT(2) 
PARAMETRIC_REPRESENTATION_CONTEXT() REPRESENTATION_CONTEXT('2D SPACE',''
  ) );
#6767 = PCURVE('',#6768,#6773);
#6768 = PLANE('',#6769);
#6769 = AXIS2_PLACEMENT_3D('',#6770,#6771,#6772);
#6770 = CARTESIAN_POINT('',(31.8,-13.3,54.1));
#6771 = DIRECTION('',(0.,-0.,1.));
#6772 = DIRECTION('',(1.,0.,0.));
#6773 = DEFINITIONAL_REPRESENTATION('',(#6774),#6778);
#6774 = LINE('',#6775,#6776);
#6775 = CARTESIAN_POINT('',(-22.,24.2));
#6776 = VECTOR('',#6777,1.);
#6777 = DIRECTION('',(0.,-1.));
#6778 = ( GEOMETRIC_REPRESENTATION_CONTEXT(2) 
PARAMETRIC_REPRESENTATION_CONTEXT() REPRESENTATION_CONTEXT('2D SPACE',''
  ) );
#6779 = ORIENTED_EDGE('',*,*,#6780,.T.);
#6780 = EDGE_CURVE('',#6754,#6606,#6781,.T.);
#6781 = SURFACE_CURVE('',#6782,(#6788,#6797),.PCURVE_S1.);
#6782 = B_SPLINE_CURVE_WITH_KNOTS('',4,(#6783,#6784,#6785,#6786,#6787),
  .UNSPECIFIED.,.F.,.F.,(5,5),(0.,1.),.PIECEWISE_BEZIER_KNOTS.);
#6783 = CARTESIAN_POINT('',(9.8,7.375,54.1));
#6784 = CARTESIAN_POINT('',(9.844879262473,8.102044052068,
    53.518364758346));
#6785 = CARTESIAN_POINT('',(9.890076465563,8.834238742119,
    52.932609006305));
#6786 = CARTESIAN_POINT('',(9.935583951613,9.571460016127,
    52.342831987098));
#6787 = CARTESIAN_POINT('',(9.981393678161,10.313577586207,
    51.749137931034));
#6788 = PCURVE('',#5518,#6789);
#6789 = DEFINITIONAL_REPRESENTATION('',(#6790),#6796);
#6790 = B_SPLINE_CURVE_WITH_KNOTS('',4,(#6791,#6792,#6793,#6794,#6795),
  .UNSPECIFIED.,.F.,.F.,(5,5),(0.,1.),.PIECEWISE_BEZIER_KNOTS.);
#6791 = CARTESIAN_POINT('',(3.992995689655,1.));
#6792 = CARTESIAN_POINT('',(3.232570935111,0.964096590021));
#6793 = CARTESIAN_POINT('',(2.48025312772,0.92793882755));
#6794 = CARTESIAN_POINT('',(1.736063110849,0.89153283871));
#6795 = CARTESIAN_POINT('',(1.,0.854885057471));
#6796 = ( GEOMETRIC_REPRESENTATION_CONTEXT(2) 
PARAMETRIC_REPRESENTATION_CONTEXT() REPRESENTATION_CONTEXT('2D SPACE',''
  ) );
#6797 = PCURVE('',#5884,#6798);
#6798 = DEFINITIONAL_REPRESENTATION('',(#6799),#6805);
#6799 = B_SPLINE_CURVE_WITH_KNOTS('',4,(#6800,#6801,#6802,#6803,#6804),
  .UNSPECIFIED.,.F.,.F.,(5,5),(0.,1.),.PIECEWISE_BEZIER_KNOTS.);
#6800 = CARTESIAN_POINT('',(86.282099099408,-9.8));
#6801 = CARTESIAN_POINT('',(87.213169777703,-9.844879262473));
#6802 = CARTESIAN_POINT('',(88.15083649098,-9.890076465563));
#6803 = CARTESIAN_POINT('',(89.094940372571,-9.935583951613));
#6804 = CARTESIAN_POINT('',(90.045314572571,-9.981393678161));
#6805 = ( GEOMETRIC_REPRESENTATION_CONTEXT(2) 
PARAMETRIC_REPRESENTATION_CONTEXT() REPRESENTATION_CONTEXT('2D SPACE',''
  ) );
#6806 = ADVANCED_FACE('',(#6807),#5487,.T.);
#6807 = FACE_BOUND('',#6808,.T.);
#6808 = EDGE_LOOP('',(#6809,#6842,#6843));
#6809 = ORIENTED_EDGE('',*,*,#6810,.T.);
#6810 = EDGE_CURVE('',#5317,#6631,#6811,.T.);
#6811 = SURFACE_CURVE('',#6812,(#6820,#6831),.PCURVE_S1.);
#6812 = B_SPLINE_CURVE_WITH_KNOTS('',6,(#6813,#6814,#6815,#6816,#6817,
    #6818,#6819),.UNSPECIFIED.,.F.,.F.,(7,7),(0.,1.),
  .PIECEWISE_BEZIER_KNOTS.);
#6813 = CARTESIAN_POINT('',(12.252047650727,-11.14285714285,54.1));
#6814 = CARTESIAN_POINT('',(11.739433280005,-10.66035195598,54.1));
#6815 = CARTESIAN_POINT('',(11.265816127971,-10.13644135121,54.1));
#6816 = CARTESIAN_POINT('',(10.833696391375,-9.576637512707,54.1));
#6817 = CARTESIAN_POINT('',(10.444716632752,-8.986271810126,54.1));
#6818 = CARTESIAN_POINT('',(10.0999214653,-8.370297084674,54.1));
#6819 = CARTESIAN_POINT('',(9.8,-7.733125783613,54.1));
#6820 = PCURVE('',#5487,#6821);
#6821 = DEFINITIONAL_REPRESENTATION('',(#6822),#6830);
#6822 = B_SPLINE_CURVE_WITH_KNOTS('',6,(#6823,#6824,#6825,#6826,#6827,
    #6828,#6829),.UNSPECIFIED.,.F.,.F.,(7,7),(0.,1.),
  .PIECEWISE_BEZIER_KNOTS.);
#6823 = CARTESIAN_POINT('',(-19.54795234927,2.157142857143));
#6824 = CARTESIAN_POINT('',(-20.06056671999,2.639648044015));
#6825 = CARTESIAN_POINT('',(-20.53418387202,3.163558648781));
#6826 = CARTESIAN_POINT('',(-20.96630360862,3.723362487293));
#6827 = CARTESIAN_POINT('',(-21.35528336724,4.313728189874));
#6828 = CARTESIAN_POINT('',(-21.7000785347,4.929702915326));
#6829 = CARTESIAN_POINT('',(-22.,5.566874216387));
#6830 = ( GEOMETRIC_REPRESENTATION_CONTEXT(2) 
PARAMETRIC_REPRESENTATION_CONTEXT() REPRESENTATION_CONTEXT('2D SPACE',''
  ) );
#6831 = PCURVE('',#5400,#6832);
#6832 = DEFINITIONAL_REPRESENTATION('',(#6833),#6841);
#6833 = B_SPLINE_CURVE_WITH_KNOTS('',6,(#6834,#6835,#6836,#6837,#6838,
    #6839,#6840),.UNSPECIFIED.,.F.,.F.,(7,7),(0.,1.),
  .PIECEWISE_BEZIER_KNOTS.);
#6834 = CARTESIAN_POINT('',(2.389219487607,0.180904522613));
#6835 = CARTESIAN_POINT('',(2.321621305215,0.180904522613));
#6836 = CARTESIAN_POINT('',(2.254751097707,0.180904522613));
#6837 = CARTESIAN_POINT('',(2.188561108157,0.180904522613));
#6838 = CARTESIAN_POINT('',(2.12298573379,0.180904522613));
#6839 = CARTESIAN_POINT('',(2.057948538198,0.180904522613));
#6840 = CARTESIAN_POINT('',(1.99334619108,0.180904522613));
#6841 = ( GEOMETRIC_REPRESENTATION_CONTEXT(2) 
PARAMETRIC_REPRESENTATION_CONTEXT() REPRESENTATION_CONTEXT('2D SPACE',''
  ) );
#6842 = ORIENTED_EDGE('',*,*,#6630,.T.);
#6843 = ORIENTED_EDGE('',*,*,#5472,.T.);
#6844 = ADVANCED_FACE('',(#6845),#5400,.T.);
#6845 = FACE_BOUND('',#6846,.T.);
#6846 = EDGE_LOOP('',(#6847,#6848,#6870,#6871,#6872,#6873,#6903,#6904,
    #6942,#7022,#7044,#7071,#7072,#7122));
#6847 = ORIENTED_EDGE('',*,*,#6709,.F.);
#6848 = ORIENTED_EDGE('',*,*,#6849,.T.);
#6849 = EDGE_CURVE('',#6685,#6653,#6850,.T.);
#6850 = SURFACE_CURVE('',#6851,(#6856,#6863),.PCURVE_S1.);
#6851 = ELLIPSE('',#6852,11.4,10.1);
#6852 = AXIS2_PLACEMENT_3D('',#6853,#6854,#6855);
#6853 = CARTESIAN_POINT('',(18.9,-2.5,52.3));
#6854 = DIRECTION('',(0.,-0.,1.));
#6855 = DIRECTION('',(1.110223024625E-16,1.,0.));
#6856 = PCURVE('',#5400,#6857);
#6857 = DEFINITIONAL_REPRESENTATION('',(#6858),#6862);
#6858 = LINE('',#6859,#6860);
#6859 = CARTESIAN_POINT('',(0.,0.));
#6860 = VECTOR('',#6861,1.);
#6861 = DIRECTION('',(1.,0.));
#6862 = ( GEOMETRIC_REPRESENTATION_CONTEXT(2) 
PARAMETRIC_REPRESENTATION_CONTEXT() REPRESENTATION_CONTEXT('2D SPACE',''
  ) );
#6863 = PCURVE('',#6698,#6864);
#6864 = DEFINITIONAL_REPRESENTATION('',(#6865),#6869);
#6865 = ELLIPSE('',#6866,11.4,10.1);
#6866 = AXIS2_PLACEMENT_2D('',#6867,#6868);
#6867 = CARTESIAN_POINT('',(0.,0.));
#6868 = DIRECTION('',(1.,0.));
#6869 = ( GEOMETRIC_REPRESENTATION_CONTEXT(2) 
PARAMETRIC_REPRESENTATION_CONTEXT() REPRESENTATION_CONTEXT('2D SPACE',''
  ) );
#6870 = ORIENTED_EDGE('',*,*,#6652,.F.);
#6871 = ORIENTED_EDGE('',*,*,#6810,.F.);
#6872 = ORIENTED_EDGE('',*,*,#5316,.F.);
#6873 = ORIENTED_EDGE('',*,*,#6874,.F.);
#6874 = EDGE_CURVE('',#5922,#5291,#6875,.T.);
#6875 = SURFACE_CURVE('',#6876,(#6883,#6893),.PCURVE_S1.);
#6876 = B_SPLINE_CURVE_WITH_KNOTS('',5,(#6877,#6878,#6879,#6880,#6881,
    #6882),.UNSPECIFIED.,.F.,.F.,(6,6),(0.,1.),
  .PIECEWISE_BEZIER_KNOTS.);
#6877 = CARTESIAN_POINT('',(26.,-9.698225375687,54.1));
#6878 = CARTESIAN_POINT('',(25.781401731692,-10.00883301842,54.1));
#6879 = CARTESIAN_POINT('',(25.548965366211,-10.30967734308,54.1));
#6880 = CARTESIAN_POINT('',(25.302945647382,-10.59970607466,54.1));
#6881 = CARTESIAN_POINT('',(25.043706949367,-10.87780785223,54.1));
#6882 = CARTESIAN_POINT('',(24.771775100567,-11.14285714285,54.1));
#6883 = PCURVE('',#5400,#6884);
#6884 = DEFINITIONAL_REPRESENTATION('',(#6885),#6892);
#6885 = B_SPLINE_CURVE_WITH_KNOTS('',5,(#6886,#6887,#6888,#6889,#6890,
    #6891),.UNSPECIFIED.,.F.,.F.,(6,6),(0.,1.),
  .PIECEWISE_BEZIER_KNOTS.);
#6886 = CARTESIAN_POINT('',(3.969847188177,0.180904522613));
#6887 = CARTESIAN_POINT('',(3.933596571925,0.180904522613));
#6888 = CARTESIAN_POINT('',(3.897133092528,0.180904522613));
#6889 = CARTESIAN_POINT('',(3.860448663842,0.180904522613));
#6890 = CARTESIAN_POINT('',(3.823539231518,0.180904522613));
#6891 = CARTESIAN_POINT('',(3.78640626224,0.180904522613));
#6892 = ( GEOMETRIC_REPRESENTATION_CONTEXT(2) 
PARAMETRIC_REPRESENTATION_CONTEXT() REPRESENTATION_CONTEXT('2D SPACE',''
  ) );
#6893 = PCURVE('',#5305,#6894);
#6894 = DEFINITIONAL_REPRESENTATION('',(#6895),#6902);
#6895 = B_SPLINE_CURVE_WITH_KNOTS('',5,(#6896,#6897,#6898,#6899,#6900,
    #6901),.UNSPECIFIED.,.F.,.F.,(6,6),(0.,1.),
  .PIECEWISE_BEZIER_KNOTS.);
#6896 = CARTESIAN_POINT('',(-5.8,3.601774624313));
#6897 = CARTESIAN_POINT('',(-6.018598268308,3.291166981576));
#6898 = CARTESIAN_POINT('',(-6.251034633789,2.990322656918));
#6899 = CARTESIAN_POINT('',(-6.497054352618,2.700293925334));
#6900 = CARTESIAN_POINT('',(-6.756293050633,2.422192147764));
#6901 = CARTESIAN_POINT('',(-7.028224899433,2.157142857143));
#6902 = ( GEOMETRIC_REPRESENTATION_CONTEXT(2) 
PARAMETRIC_REPRESENTATION_CONTEXT() REPRESENTATION_CONTEXT('2D SPACE',''
  ) );
#6903 = ORIENTED_EDGE('',*,*,#5921,.F.);
#6904 = ORIENTED_EDGE('',*,*,#6905,.F.);
#6905 = EDGE_CURVE('',#6906,#5896,#6908,.T.);
#6906 = VERTEX_POINT('',#6907);
#6907 = CARTESIAN_POINT('',(22.361126201519,7.375,54.1));
#6908 = SURFACE_CURVE('',#6909,(#6918,#6930),.PCURVE_S1.);
#6909 = B_SPLINE_CURVE_WITH_KNOTS('',7,(#6910,#6911,#6912,#6913,#6914,
    #6915,#6916,#6917),.UNSPECIFIED.,.F.,.F.,(8,8),(0.,1.),
  .PIECEWISE_BEZIER_KNOTS.);
#6910 = CARTESIAN_POINT('',(22.361126201519,7.375,54.1));
#6911 = CARTESIAN_POINT('',(22.987296834388,7.038146791944,54.1));
#6912 = CARTESIAN_POINT('',(23.583914109651,6.646475913053,54.1));
#6913 = CARTESIAN_POINT('',(24.14637151301,6.205026299508,54.1));
#6914 = CARTESIAN_POINT('',(24.671321825068,5.719214200726,54.1));
#6915 = CARTESIAN_POINT('',(25.156299567216,5.194386069916,54.1));
#6916 = CARTESIAN_POINT('',(25.599586771753,4.635675207277,54.1));
#6917 = CARTESIAN_POINT('',(26.,4.04776546436,54.1));
#6918 = PCURVE('',#5400,#6919);
#6919 = DEFINITIONAL_REPRESENTATION('',(#6920),#6929);
#6920 = B_SPLINE_CURVE_WITH_KNOTS('',7,(#6921,#6922,#6923,#6924,#6925,
    #6926,#6927,#6928),.UNSPECIFIED.,.F.,.F.,(8,8),(0.,1.),
  .PIECEWISE_BEZIER_KNOTS.);
#6921 = CARTESIAN_POINT('',(5.784769676528,0.180904522613));
#6922 = CARTESIAN_POINT('',(5.714206005487,0.180904522613));
#6923 = CARTESIAN_POINT('',(5.644351568387,0.180904522613));
#6924 = CARTESIAN_POINT('',(5.575246333283,0.180904522613));
#6925 = CARTESIAN_POINT('',(5.506880283817,0.180904522613));
#6926 = CARTESIAN_POINT('',(5.439225271736,0.180904522613));
#6927 = CARTESIAN_POINT('',(5.372233714743,0.180904522613));
#6928 = CARTESIAN_POINT('',(5.305832336458,0.180904522613));
#6929 = ( GEOMETRIC_REPRESENTATION_CONTEXT(2) 
PARAMETRIC_REPRESENTATION_CONTEXT() REPRESENTATION_CONTEXT('2D SPACE',''
  ) );
#6930 = PCURVE('',#5910,#6931);
#6931 = DEFINITIONAL_REPRESENTATION('',(#6932),#6941);
#6932 = B_SPLINE_CURVE_WITH_KNOTS('',7,(#6933,#6934,#6935,#6936,#6937,
    #6938,#6939,#6940),.UNSPECIFIED.,.F.,.F.,(8,8),(0.,1.),
  .PIECEWISE_BEZIER_KNOTS.);
#6933 = CARTESIAN_POINT('',(-9.438873798481,20.675));
#6934 = CARTESIAN_POINT('',(-8.812703165612,20.338146791944));
#6935 = CARTESIAN_POINT('',(-8.216085890349,19.946475913053));
#6936 = CARTESIAN_POINT('',(-7.65362848699,19.505026299508));
#6937 = CARTESIAN_POINT('',(-7.128678174932,19.019214200726));
#6938 = CARTESIAN_POINT('',(-6.643700432784,18.494386069916));
#6939 = CARTESIAN_POINT('',(-6.200413228247,17.935675207277));
#6940 = CARTESIAN_POINT('',(-5.8,17.34776546436));
#6941 = ( GEOMETRIC_REPRESENTATION_CONTEXT(2) 
PARAMETRIC_REPRESENTATION_CONTEXT() REPRESENTATION_CONTEXT('2D SPACE',''
  ) );
#6942 = ORIENTED_EDGE('',*,*,#6943,.F.);
#6943 = EDGE_CURVE('',#6944,#6906,#6946,.T.);
#6944 = VERTEX_POINT('',#6945);
#6945 = CARTESIAN_POINT('',(18.385872770858,8.71270937607,
    53.029832499144));
#6946 = SURFACE_CURVE('',#6947,(#6970,#6996),.PCURVE_S1.);
#6947 = B_SPLINE_CURVE_WITH_KNOTS('',6,(#6948,#6949,#6950,#6951,#6952,
    #6953,#6954,#6955,#6956,#6957,#6958,#6959,#6960,#6961,#6962,#6963,
    #6964,#6965,#6966,#6967,#6968,#6969),.UNSPECIFIED.,.F.,.F.,(7,5,5,5,
    7),(0.,0.166450629044,0.472268305846,0.818869757891,1.),
  .UNSPECIFIED.);
#6948 = CARTESIAN_POINT('',(18.385872770858,8.71270937607,
    53.029832499144));
#6949 = CARTESIAN_POINT('',(18.51029779636,8.716454409362,53.02683647251
    ));
#6950 = CARTESIAN_POINT('',(18.634835014785,8.717631569584,
    53.025894744333));
#6951 = CARTESIAN_POINT('',(18.759378638156,8.71616828164,
    53.027065374688));
#6952 = CARTESIAN_POINT('',(18.883811237974,8.711996818091,
    53.030402545527));
#6953 = CARTESIAN_POINT('',(19.0080039645,8.70505801254,53.035953589968)
  );
#6954 = CARTESIAN_POINT('',(19.359296491096,8.677385834443,
    53.058091332446));
#6955 = CARTESIAN_POINT('',(19.58552754044,8.64996388649,53.080028890808
    ));
#6956 = CARTESIAN_POINT('',(19.809586275985,8.612749852729,
    53.109800117817));
#6957 = CARTESIAN_POINT('',(20.030523733005,8.565598962933,
    53.147520829654));
#6958 = CARTESIAN_POINT('',(20.24738473798,8.508564672582,
    53.193148261934));
#6959 = CARTESIAN_POINT('',(20.699320553899,8.36645669238,
    53.306834646096));
#6960 = CARTESIAN_POINT('',(20.933044662747,8.278634280797,
    53.377092575362));
#6961 = CARTESIAN_POINT('',(21.158991233693,8.178927411289,
    53.456858070968));
#6962 = CARTESIAN_POINT('',(21.376157121025,8.068094390263,
    53.545524487789));
#6963 = CARTESIAN_POINT('',(21.583861283833,7.947100568065,
    53.642319545548));
#6964 = CARTESIAN_POINT('',(21.885072351936,7.749084114552,
    53.800732708358));
#6965 = CARTESIAN_POINT('',(21.985770637877,7.678637907036,
    53.857089674371));
#6966 = CARTESIAN_POINT('',(22.083735956456,7.605857945939,
    53.915313643248));
#6967 = CARTESIAN_POINT('',(22.178947036758,7.530894318824,
    53.975284544941));
#6968 = CARTESIAN_POINT('',(22.27140458848,7.453894652962,54.03688427763
    ));
#6969 = CARTESIAN_POINT('',(22.361126201519,7.375,54.1));
#6970 = PCURVE('',#5400,#6971);
#6971 = DEFINITIONAL_REPRESENTATION('',(#6972),#6995);
#6972 = B_SPLINE_CURVE_WITH_KNOTS('',6,(#6973,#6974,#6975,#6976,#6977,
    #6978,#6979,#6980,#6981,#6982,#6983,#6984,#6985,#6986,#6987,#6988,
    #6989,#6990,#6991,#6992,#6993,#6994),.UNSPECIFIED.,.F.,.F.,(7,5,5,5,
    7),(0.,0.166450629044,0.472268305846,0.818869757891,1.),
  .UNSPECIFIED.);
#6973 = CARTESIAN_POINT('',(6.28318530718,7.3349999914E-02));
#6974 = CARTESIAN_POINT('',(6.270881499996,7.304889170963E-02));
#6975 = CARTESIAN_POINT('',(6.258428144228,7.295424566166E-02));
#6976 = CARTESIAN_POINT('',(6.245826122297,7.307189695363E-02));
#6977 = CARTESIAN_POINT('',(6.233077322857,7.340729100786E-02));
#6978 = CARTESIAN_POINT('',(6.220184923514,7.396518492157E-02));
#6979 = CARTESIAN_POINT('',(6.183211519594,7.619008366305E-02));
#6980 = CARTESIAN_POINT('',(6.158797040381,7.839486339791E-02));
#6981 = CARTESIAN_POINT('',(6.133945557984,8.138694651444E-02));
#6982 = CARTESIAN_POINT('',(6.108699950425,8.517797282967E-02));
#6983 = CARTESIAN_POINT('',(6.083116390332,8.976364441561E-02));
#6984 = CARTESIAN_POINT('',(6.027976919327,0.101189411668));
#6985 = CARTESIAN_POINT('',(5.998336933409,0.108250510087));
#6986 = CARTESIAN_POINT('',(5.968463202699,0.116267142811));
#6987 = CARTESIAN_POINT('',(5.938455813145,0.125178340481));
#6988 = CARTESIAN_POINT('',(5.908409959217,0.13490648699));
#6989 = CARTESIAN_POINT('',(5.862744076541,0.150827407875));
#6990 = CARTESIAN_POINT('',(5.847083184195,0.15649142456));
#6991 = CARTESIAN_POINT('',(5.831446363751,0.162343079723));
#6992 = CARTESIAN_POINT('',(5.815843303514,0.168370306024));
#6993 = CARTESIAN_POINT('',(5.800282161077,0.174561233933));
#6994 = CARTESIAN_POINT('',(5.784769676528,0.180904522613));
#6995 = ( GEOMETRIC_REPRESENTATION_CONTEXT(2) 
PARAMETRIC_REPRESENTATION_CONTEXT() REPRESENTATION_CONTEXT('2D SPACE',''
  ) );
#6996 = PCURVE('',#5884,#6997);
#6997 = DEFINITIONAL_REPRESENTATION('',(#6998),#7021);
#6998 = B_SPLINE_CURVE_WITH_KNOTS('',6,(#6999,#7000,#7001,#7002,#7003,
    #7004,#7005,#7006,#7007,#7008,#7009,#7010,#7011,#7012,#7013,#7014,
    #7015,#7016,#7017,#7018,#7019,#7020),.UNSPECIFIED.,.F.,.F.,(7,5,5,5,
    7),(0.,0.166450629044,0.472268305846,0.818869757891,1.),
  .UNSPECIFIED.);
#6999 = CARTESIAN_POINT('',(87.995202965118,-18.38587277085));
#7000 = CARTESIAN_POINT('',(87.999998947807,-18.51029779636));
#7001 = CARTESIAN_POINT('',(88.001506448437,-18.63483501478));
#7002 = CARTESIAN_POINT('',(87.999632525537,-18.75937863815));
#7003 = CARTESIAN_POINT('',(87.994290445666,-18.88381123797));
#7004 = CARTESIAN_POINT('',(87.985404438864,-19.0080039645));
#7005 = CARTESIAN_POINT('',(87.94996676001,-19.35929649109));
#7006 = CARTESIAN_POINT('',(87.914849532095,-19.58552754044));
#7007 = CARTESIAN_POINT('',(87.867192315785,-19.80958627598));
#7008 = CARTESIAN_POINT('',(87.806809714731,-20.030523733));
#7009 = CARTESIAN_POINT('',(87.73377018535,-20.24738473798));
#7010 = CARTESIAN_POINT('',(87.551783174877,-20.69932055389));
#7011 = CARTESIAN_POINT('',(87.439315612437,-20.93304466274));
#7012 = CARTESIAN_POINT('',(87.31162851788,-21.15899123369));
#7013 = CARTESIAN_POINT('',(87.169692997232,-21.37615712102));
#7014 = CARTESIAN_POINT('',(87.014745302133,-21.58386128383));
#7015 = CARTESIAN_POINT('',(86.761160511553,-21.88507235193));
#7016 = CARTESIAN_POINT('',(86.670945347797,-21.98577063787));
#7017 = CARTESIAN_POINT('',(86.577741521217,-22.08373595645));
#7018 = CARTESIAN_POINT('',(86.481741237675,-22.17894703675));
#7019 = CARTESIAN_POINT('',(86.383133552325,-22.27140458848));
#7020 = CARTESIAN_POINT('',(86.282099099408,-22.36112620151));
#7021 = ( GEOMETRIC_REPRESENTATION_CONTEXT(2) 
PARAMETRIC_REPRESENTATION_CONTEXT() REPRESENTATION_CONTEXT('2D SPACE',''
  ) );
#7022 = ORIENTED_EDGE('',*,*,#7023,.T.);
#7023 = EDGE_CURVE('',#6944,#7024,#7026,.T.);
#7024 = VERTEX_POINT('',#7025);
#7025 = CARTESIAN_POINT('',(11.890767147305,6.346617257668,62.25));
#7026 = SEAM_CURVE('',#7027,(#7030,#7037),.PCURVE_S1.);
#7027 = B_SPLINE_CURVE_WITH_KNOTS('',1,(#7028,#7029),.UNSPECIFIED.,.F.,
  .F.,(2,2),(0.,1.),.PIECEWISE_BEZIER_KNOTS.);
#7028 = CARTESIAN_POINT('',(18.9,8.9,52.3));
#7029 = CARTESIAN_POINT('',(11.890767147305,6.346617257668,62.25));
#7030 = PCURVE('',#5400,#7031);
#7031 = DEFINITIONAL_REPRESENTATION('',(#7032),#7036);
#7032 = LINE('',#7033,#7034);
#7033 = CARTESIAN_POINT('',(0.,0.));
#7034 = VECTOR('',#7035,1.);
#7035 = DIRECTION('',(0.,1.));
#7036 = ( GEOMETRIC_REPRESENTATION_CONTEXT(2) 
PARAMETRIC_REPRESENTATION_CONTEXT() REPRESENTATION_CONTEXT('2D SPACE',''
  ) );
#7037 = PCURVE('',#5400,#7038);
#7038 = DEFINITIONAL_REPRESENTATION('',(#7039),#7043);
#7039 = LINE('',#7040,#7041);
#7040 = CARTESIAN_POINT('',(6.28318530718,0.));
#7041 = VECTOR('',#7042,1.);
#7042 = DIRECTION('',(0.,1.));
#7043 = ( GEOMETRIC_REPRESENTATION_CONTEXT(2) 
PARAMETRIC_REPRESENTATION_CONTEXT() REPRESENTATION_CONTEXT('2D SPACE',''
  ) );
#7044 = ORIENTED_EDGE('',*,*,#7045,.F.);
#7045 = EDGE_CURVE('',#7024,#7024,#7046,.T.);
#7046 = SURFACE_CURVE('',#7047,(#7052,#7059),.PCURVE_S1.);
#7047 = ELLIPSE('',#7048,10.44390036999,8.592905271305);
#7048 = AXIS2_PLACEMENT_3D('',#7049,#7050,#7051);
#7049 = CARTESIAN_POINT('',(15.898913213,-3.297542635985,62.25));
#7050 = DIRECTION('',(0.,0.,1.));
#7051 = DIRECTION('',(-0.383778657752,0.923425114372,0.));
#7052 = PCURVE('',#5400,#7053);
#7053 = DEFINITIONAL_REPRESENTATION('',(#7054),#7058);
#7054 = LINE('',#7055,#7056);
#7055 = CARTESIAN_POINT('',(0.,1.));
#7056 = VECTOR('',#7057,1.);
#7057 = DIRECTION('',(1.,0.));
#7058 = ( GEOMETRIC_REPRESENTATION_CONTEXT(2) 
PARAMETRIC_REPRESENTATION_CONTEXT() REPRESENTATION_CONTEXT('2D SPACE',''
  ) );
#7059 = PCURVE('',#7060,#7065);
#7060 = PLANE('',#7061);
#7061 = AXIS2_PLACEMENT_3D('',#7062,#7063,#7064);
#7062 = CARTESIAN_POINT('',(15.898913213,-3.297542635985,62.25));
#7063 = DIRECTION('',(0.,0.,1.));
#7064 = DIRECTION('',(-0.383778657752,0.923425114372,0.));
#7065 = DEFINITIONAL_REPRESENTATION('',(#7066),#7070);
#7066 = ELLIPSE('',#7067,10.44390036999,8.592905271305);
#7067 = AXIS2_PLACEMENT_2D('',#7068,#7069);
#7068 = CARTESIAN_POINT('',(0.,0.));
#7069 = DIRECTION('',(1.,0.));
#7070 = ( GEOMETRIC_REPRESENTATION_CONTEXT(2) 
PARAMETRIC_REPRESENTATION_CONTEXT() REPRESENTATION_CONTEXT('2D SPACE',''
  ) );
#7071 = ORIENTED_EDGE('',*,*,#7023,.F.);
#7072 = ORIENTED_EDGE('',*,*,#7073,.F.);
#7073 = EDGE_CURVE('',#7074,#6944,#7076,.T.);
#7074 = VERTEX_POINT('',#7075);
#7075 = CARTESIAN_POINT('',(13.988004055445,7.375,54.1));
#7076 = SURFACE_CURVE('',#7077,(#7090,#7106),.PCURVE_S1.);
#7077 = B_SPLINE_CURVE_WITH_KNOTS('',6,(#7078,#7079,#7080,#7081,#7082,
    #7083,#7084,#7085,#7086,#7087,#7088,#7089),.UNSPECIFIED.,.F.,.F.,(7,
    5,7),(0.,0.606088633456,1.),.UNSPECIFIED.);
#7078 = CARTESIAN_POINT('',(13.988004055445,7.375,54.1));
#7079 = CARTESIAN_POINT('',(14.379117336413,7.59766070418,
    53.921871436656));
#7080 = CARTESIAN_POINT('',(14.784098682121,7.805210591317,
    53.755831526947));
#7081 = CARTESIAN_POINT('',(15.203270105993,7.995797656471,
    53.603361874823));
#7082 = CARTESIAN_POINT('',(15.636440718144,8.166764920529,
    53.466588063577));
#7083 = CARTESIAN_POINT('',(16.082804070961,8.31479738513,
    53.348162091896));
#7084 = CARTESIAN_POINT('',(16.838726691164,8.514552330388,
    53.18835813569));
#7085 = CARTESIAN_POINT('',(17.141372776921,8.581821934005,
    53.134542452796));
#7086 = CARTESIAN_POINT('',(17.448426609025,8.636560206457,
    53.090751834834));
#7087 = CARTESIAN_POINT('',(17.75906533018,8.677490544814,
    53.058007564149));
#7088 = CARTESIAN_POINT('',(18.072090136976,8.703264922225,
    53.03738806222));
#7089 = CARTESIAN_POINT('',(18.385872770858,8.71270937607,
    53.029832499144));
#7090 = PCURVE('',#5400,#7091);
#7091 = DEFINITIONAL_REPRESENTATION('',(#7092),#7105);
#7092 = B_SPLINE_CURVE_WITH_KNOTS('',6,(#7093,#7094,#7095,#7096,#7097,
    #7098,#7099,#7100,#7101,#7102,#7103,#7104),.UNSPECIFIED.,.F.,.F.,(7,
    5,7),(0.,0.606088633456,1.),.UNSPECIFIED.);
#7093 = CARTESIAN_POINT('',(0.390856073739,0.180904522613));
#7094 = CARTESIAN_POINT('',(0.358004017747,0.163002154438));
#7095 = CARTESIAN_POINT('',(0.323959403745,0.146314726326));
#7096 = CARTESIAN_POINT('',(0.288540918236,0.130991143198));
#7097 = CARTESIAN_POINT('',(0.251567659854,0.117245031515));
#7098 = CARTESIAN_POINT('',(0.212847005389,0.105342923809));
#7099 = CARTESIAN_POINT('',(0.145679655898,8.928222469251E-02));
#7100 = CARTESIAN_POINT('',(0.118390680602,8.387361334637E-02));
#7101 = CARTESIAN_POINT('',(9.021250035516E-02,7.947254621455E-02));
#7102 = CARTESIAN_POINT('',(6.110149549045E-02,7.618166473864E-02));
#7103 = CARTESIAN_POINT('',(3.102849293603E-02,7.410935298696E-02));
#7104 = CARTESIAN_POINT('',(0.,7.334999991401E-02));
#7105 = ( GEOMETRIC_REPRESENTATION_CONTEXT(2) 
PARAMETRIC_REPRESENTATION_CONTEXT() REPRESENTATION_CONTEXT('2D SPACE',''
  ) );
#7106 = PCURVE('',#5884,#7107);
#7107 = DEFINITIONAL_REPRESENTATION('',(#7108),#7121);
#7108 = B_SPLINE_CURVE_WITH_KNOTS('',6,(#7109,#7110,#7111,#7112,#7113,
    #7114,#7115,#7116,#7117,#7118,#7119,#7120),.UNSPECIFIED.,.F.,.F.,(7,
    5,7),(0.,0.606088633456,1.),.UNSPECIFIED.);
#7109 = CARTESIAN_POINT('',(86.282099099408,-13.98800405544));
#7110 = CARTESIAN_POINT('',(86.567243929739,-14.37911733641));
#7111 = CARTESIAN_POINT('',(86.8330374723,-14.78409868212));
#7112 = CARTESIAN_POINT('',(87.077108003545,-15.20327010599));
#7113 = CARTESIAN_POINT('',(87.296052930006,-15.63644071814));
#7114 = CARTESIAN_POINT('',(87.485626982408,-16.08280407096));
#7115 = CARTESIAN_POINT('',(87.741438128713,-16.83872669116));
#7116 = CARTESIAN_POINT('',(87.827585254587,-17.14137277692));
#7117 = CARTESIAN_POINT('',(87.897684446397,-17.44842660902));
#7118 = CARTESIAN_POINT('',(87.950100854713,-17.75906533018));
#7119 = CARTESIAN_POINT('',(87.983108162854,-18.07209013697));
#7120 = CARTESIAN_POINT('',(87.995202965118,-18.38587277085));
#7121 = ( GEOMETRIC_REPRESENTATION_CONTEXT(2) 
PARAMETRIC_REPRESENTATION_CONTEXT() REPRESENTATION_CONTEXT('2D SPACE',''
  ) );
#7122 = ORIENTED_EDGE('',*,*,#7123,.F.);
#7123 = EDGE_CURVE('',#6710,#7074,#7124,.T.);
#7124 = SURFACE_CURVE('',#7125,(#7138,#7154),.PCURVE_S1.);
#7125 = B_SPLINE_CURVE_WITH_KNOTS('',6,(#7126,#7127,#7128,#7129,#7130,
    #7131,#7132,#7133,#7134,#7135,#7136,#7137),.UNSPECIFIED.,.F.,.F.,(7,
    5,7),(0.,0.516008254851,1.),.UNSPECIFIED.);
#7126 = CARTESIAN_POINT('',(9.8,2.849757041611,54.1));
#7127 = CARTESIAN_POINT('',(10.03382508094,3.335437254233,54.1));
#7128 = CARTESIAN_POINT('',(10.295317994554,3.807758882027,54.1));
#7129 = CARTESIAN_POINT('',(10.58425473241,4.264414363617,54.1));
#7130 = CARTESIAN_POINT('',(10.900219526635,4.702888617145,54.1));
#7131 = CARTESIAN_POINT('',(11.242521802753,5.120513334493,54.1));
#7132 = CARTESIAN_POINT('',(11.954828900044,5.884139493216,54.1));
#7133 = CARTESIAN_POINT('',(12.321802712189,6.232983606734,54.1));
#7134 = CARTESIAN_POINT('',(12.710064203859,6.558776219932,54.1));
#7135 = CARTESIAN_POINT('',(13.118358386893,6.85918922329,54.1));
#7136 = CARTESIAN_POINT('',(13.54505198,7.131946668878,54.1));
#7137 = CARTESIAN_POINT('',(13.988004055445,7.375,54.1));
#7138 = PCURVE('',#5400,#7139);
#7139 = DEFINITIONAL_REPRESENTATION('',(#7140),#7153);
#7140 = B_SPLINE_CURVE_WITH_KNOTS('',6,(#7141,#7142,#7143,#7144,#7145,
    #7146,#7147,#7148,#7149,#7150,#7151,#7152),.UNSPECIFIED.,.F.,.F.,(7,
    5,7),(0.,0.516008254851,1.),.UNSPECIFIED.);
#7141 = CARTESIAN_POINT('',(0.999148024122,0.180904522613));
#7142 = CARTESIAN_POINT('',(0.948782676746,0.180904522613));
#7143 = CARTESIAN_POINT('',(0.898068361138,0.180904522613));
#7144 = CARTESIAN_POINT('',(0.846969259156,0.180904522613));
#7145 = CARTESIAN_POINT('',(0.795459956243,0.180904522613));
#7146 = CARTESIAN_POINT('',(0.743522252565,0.180904522613));
#7147 = CARTESIAN_POINT('',(0.642028006527,0.180904522613));
#7148 = CARTESIAN_POINT('',(0.59252285961,0.180904522613));
#7149 = CARTESIAN_POINT('',(0.542636216102,0.180904522613));
#7150 = CARTESIAN_POINT('',(0.49237861088,0.180904522613));
#7151 = CARTESIAN_POINT('',(0.441770640884,0.180904522613));
#7152 = CARTESIAN_POINT('',(0.390856073739,0.180904522613));
#7153 = ( GEOMETRIC_REPRESENTATION_CONTEXT(2) 
PARAMETRIC_REPRESENTATION_CONTEXT() REPRESENTATION_CONTEXT('2D SPACE',''
  ) );
#7154 = PCURVE('',#6768,#7155);
#7155 = DEFINITIONAL_REPRESENTATION('',(#7156),#7169);
#7156 = B_SPLINE_CURVE_WITH_KNOTS('',6,(#7157,#7158,#7159,#7160,#7161,
    #7162,#7163,#7164,#7165,#7166,#7167,#7168),.UNSPECIFIED.,.F.,.F.,(7,
    5,7),(0.,0.516008254851,1.),.UNSPECIFIED.);
#7157 = CARTESIAN_POINT('',(-22.,16.149757041611));
#7158 = CARTESIAN_POINT('',(-21.76617491906,16.635437254233));
#7159 = CARTESIAN_POINT('',(-21.50468200544,17.107758882027));
#7160 = CARTESIAN_POINT('',(-21.21574526759,17.564414363617));
#7161 = CARTESIAN_POINT('',(-20.89978047336,18.002888617145));
#7162 = CARTESIAN_POINT('',(-20.55747819724,18.420513334493));
#7163 = CARTESIAN_POINT('',(-19.84517109995,19.184139493216));
#7164 = CARTESIAN_POINT('',(-19.47819728781,19.532983606734));
#7165 = CARTESIAN_POINT('',(-19.08993579614,19.858776219932));
#7166 = CARTESIAN_POINT('',(-18.6816416131,20.15918922329));
#7167 = CARTESIAN_POINT('',(-18.25494802,20.431946668878));
#7168 = CARTESIAN_POINT('',(-17.81199594455,20.675));
#7169 = ( GEOMETRIC_REPRESENTATION_CONTEXT(2) 
PARAMETRIC_REPRESENTATION_CONTEXT() REPRESENTATION_CONTEXT('2D SPACE',''
  ) );
#7170 = ADVANCED_FACE('',(#7171),#5305,.T.);
#7171 = FACE_BOUND('',#7172,.T.);
#7172 = EDGE_LOOP('',(#7173,#7174,#7175));
#7173 = ORIENTED_EDGE('',*,*,#6874,.T.);
#7174 = ORIENTED_EDGE('',*,*,#5290,.T.);
#7175 = ORIENTED_EDGE('',*,*,#6049,.T.);
#7176 = ADVANCED_FACE('',(#7177),#5910,.T.);
#7177 = FACE_BOUND('',#7178,.T.);
#7178 = EDGE_LOOP('',(#7179,#7198,#7199));
#7179 = ORIENTED_EDGE('',*,*,#7180,.T.);
#7180 = EDGE_CURVE('',#5870,#6906,#7181,.T.);
#7181 = SURFACE_CURVE('',#7182,(#7186,#7192),.PCURVE_S1.);
#7182 = LINE('',#7183,#7184);
#7183 = CARTESIAN_POINT('',(15.9,7.375,54.1));
#7184 = VECTOR('',#7185,1.);
#7185 = DIRECTION('',(-1.,-0.,0.));
#7186 = PCURVE('',#5910,#7187);
#7187 = DEFINITIONAL_REPRESENTATION('',(#7188),#7191);
#7188 = B_SPLINE_CURVE_WITH_KNOTS('',1,(#7189,#7190),.UNSPECIFIED.,.F.,
  .F.,(2,2),(-10.1,6.1),.PIECEWISE_BEZIER_KNOTS.);
#7189 = CARTESIAN_POINT('',(-5.8,20.675));
#7190 = CARTESIAN_POINT('',(-22.,20.675));
#7191 = ( GEOMETRIC_REPRESENTATION_CONTEXT(2) 
PARAMETRIC_REPRESENTATION_CONTEXT() REPRESENTATION_CONTEXT('2D SPACE',''
  ) );
#7192 = PCURVE('',#5884,#7193);
#7193 = DEFINITIONAL_REPRESENTATION('',(#7194),#7197);
#7194 = B_SPLINE_CURVE_WITH_KNOTS('',1,(#7195,#7196),.UNSPECIFIED.,.F.,
  .F.,(2,2),(-10.1,6.1),.PIECEWISE_BEZIER_KNOTS.);
#7195 = CARTESIAN_POINT('',(86.282099099408,-26.));
#7196 = CARTESIAN_POINT('',(86.282099099408,-9.8));
#7197 = ( GEOMETRIC_REPRESENTATION_CONTEXT(2) 
PARAMETRIC_REPRESENTATION_CONTEXT() REPRESENTATION_CONTEXT('2D SPACE',''
  ) );
#7198 = ORIENTED_EDGE('',*,*,#6905,.T.);
#7199 = ORIENTED_EDGE('',*,*,#5895,.T.);
#7200 = ADVANCED_FACE('',(#7201),#5884,.T.);
#7201 = FACE_BOUND('',#7202,.T.);
#7202 = EDGE_LOOP('',(#7203,#7204,#7205,#7300,#7350,#7370,#7405,#7477,
    #7478,#7497,#7498));
#7203 = ORIENTED_EDGE('',*,*,#7180,.F.);
#7204 = ORIENTED_EDGE('',*,*,#5869,.F.);
#7205 = ORIENTED_EDGE('',*,*,#7206,.F.);
#7206 = EDGE_CURVE('',#7207,#5773,#7209,.T.);
#7207 = VERTEX_POINT('',#7208);
#7208 = CARTESIAN_POINT('',(32.362393839341,11.336221252724,
    50.931022997821));
#7209 = SURFACE_CURVE('',#7210,(#7238,#7269),.PCURVE_S1.);
#7210 = B_SPLINE_CURVE_WITH_KNOTS('',6,(#7211,#7212,#7213,#7214,#7215,
    #7216,#7217,#7218,#7219,#7220,#7221,#7222,#7223,#7224,#7225,#7226,
    #7227,#7228,#7229,#7230,#7231,#7232,#7233,#7234,#7235,#7236,#7237),
  .UNSPECIFIED.,.F.,.F.,(7,5,5,5,5,7),(0.,3.108401431006E-02,
    0.289438374258,0.442556177533,0.710877723258,1.),.UNSPECIFIED.);
#7211 = CARTESIAN_POINT('',(32.362393839341,11.336221252724,
    50.931022997821));
#7212 = CARTESIAN_POINT('',(32.369865262733,11.335759076652,
    50.931392738678));
#7213 = CARTESIAN_POINT('',(32.377324779046,11.335205391092,
    50.931835687127));
#7214 = CARTESIAN_POINT('',(32.38477088489,11.334560191787,
    50.93235184657));
#7215 = CARTESIAN_POINT('',(32.392202083764,11.333823535218,
    50.932941171826));
#7216 = CARTESIAN_POINT('',(32.399616886055,11.332995538596,
    50.933603569123));
#7217 = CARTESIAN_POINT('',(32.46849323333,11.324436804654,
    50.940450556277));
#7218 = CARTESIAN_POINT('',(32.528758788766,11.310497003234,
    50.951602397413));
#7219 = CARTESIAN_POINT('',(32.586898170132,11.290358864467,
    50.967712908427));
#7220 = CARTESIAN_POINT('',(32.642183759785,11.264438402083,
    50.988449278333));
#7221 = CARTESIAN_POINT('',(32.694082706811,11.233314229139,
    51.013348616689));
#7222 = CARTESIAN_POINT('',(32.770772984354,11.176516302068,
    51.058786958345));
#7223 = CARTESIAN_POINT('',(32.798003863506,11.153779947446,
    51.076976042043));
#7224 = CARTESIAN_POINT('',(32.823860966562,11.129572675559,
    51.096341859553));
#7225 = CARTESIAN_POINT('',(32.848302003554,11.104025866659,
    51.116779306673));
#7226 = CARTESIAN_POINT('',(32.871303448796,11.07726664311,
    51.138186685512));
#7227 = CARTESIAN_POINT('',(32.930621841098,11.00059967306,
    51.199520261552));
#7228 = CARTESIAN_POINT('',(32.963929574443,10.948431782706,
    51.241254573835));
#7229 = CARTESIAN_POINT('',(32.992739921898,10.893526761404,
    51.285178590877));
#7230 = CARTESIAN_POINT('',(33.017103245804,10.836433185425,
    51.33085345166));
#7231 = CARTESIAN_POINT('',(33.037115367063,10.777616356143,
    51.377906915086));
#7232 = CARTESIAN_POINT('',(33.069854915484,10.652608988459,
    51.477912809232));
#7233 = CARTESIAN_POINT('',(33.081893798893,10.586215853697,
    51.531027317043));
#7234 = CARTESIAN_POINT('',(33.089116347037,10.518733199497,
    51.585013440402));
#7235 = CARTESIAN_POINT('',(33.091641517879,10.450567625262,
    51.639545899791));
#7236 = CARTESIAN_POINT('',(33.089570294564,10.382076135862,
    51.69433909131));
#7237 = CARTESIAN_POINT('',(33.082974137931,10.313577586207,
    51.749137931034));
#7238 = PCURVE('',#5884,#7239);
#7239 = DEFINITIONAL_REPRESENTATION('',(#7240),#7268);
#7240 = B_SPLINE_CURVE_WITH_KNOTS('',6,(#7241,#7242,#7243,#7244,#7245,
    #7246,#7247,#7248,#7249,#7250,#7251,#7252,#7253,#7254,#7255,#7256,
    #7257,#7258,#7259,#7260,#7261,#7262,#7263,#7264,#7265,#7266,#7267),
  .UNSPECIFIED.,.F.,.F.,(7,5,5,5,5,7),(0.,3.108401431006E-02,
    0.289438374258,0.442556177533,0.710877723258,1.),.UNSPECIFIED.);
#7241 = CARTESIAN_POINT('',(91.354937462037,-32.36239383934));
#7242 = CARTESIAN_POINT('',(91.354345587877,-32.36986526273));
#7243 = CARTESIAN_POINT('',(91.35363652439,-32.37732477904));
#7244 = CARTESIAN_POINT('',(91.352810266129,-32.38477088489));
#7245 = CARTESIAN_POINT('',(91.351866885422,-32.39220208376));
#7246 = CARTESIAN_POINT('',(91.350806532374,-32.39961688605));
#7247 = CARTESIAN_POINT('',(91.339846005025,-32.46849323333));
#7248 = CARTESIAN_POINT('',(91.321994348957,-32.52875878876));
#7249 = CARTESIAN_POINT('',(91.29620494807,-32.58689817013));
#7250 = CARTESIAN_POINT('',(91.263010559884,-32.64218375978));
#7251 = CARTESIAN_POINT('',(91.223152170653,-32.69408270681));
#7252 = CARTESIAN_POINT('',(91.150415333962,-32.77077298435));
#7253 = CARTESIAN_POINT('',(91.121298593291,-32.7980038635));
#7254 = CARTESIAN_POINT('',(91.090298159422,-32.82386096656));
#7255 = CARTESIAN_POINT('',(91.057582281171,-32.84830200355));
#7256 = CARTESIAN_POINT('',(91.023313754595,-32.87130344879));
#7257 = CARTESIAN_POINT('',(90.925132127767,-32.93062184109));
#7258 = CARTESIAN_POINT('',(90.858324631139,-32.96392957444));
#7259 = CARTESIAN_POINT('',(90.788011896608,-32.99273992189));
#7260 = CARTESIAN_POINT('',(90.714896444577,-33.0171032458));
#7261 = CARTESIAN_POINT('',(90.639574151549,-33.03711536706));
#7262 = CARTESIAN_POINT('',(90.479486610374,-33.06985491548));
#7263 = CARTESIAN_POINT('',(90.394461912294,-33.08189379889));
#7264 = CARTESIAN_POINT('',(90.308041948552,-33.08911634703));
#7265 = CARTESIAN_POINT('',(90.220747420443,-33.09164151787));
#7266 = CARTESIAN_POINT('',(90.133035517277,-33.08957029456));
#7267 = CARTESIAN_POINT('',(90.045314572571,-33.08297413793));
#7268 = ( GEOMETRIC_REPRESENTATION_CONTEXT(2) 
PARAMETRIC_REPRESENTATION_CONTEXT() REPRESENTATION_CONTEXT('2D SPACE',''
  ) );
#7269 = PCURVE('',#5826,#7270);
#7270 = DEFINITIONAL_REPRESENTATION('',(#7271),#7299);
#7271 = B_SPLINE_CURVE_WITH_KNOTS('',6,(#7272,#7273,#7274,#7275,#7276,
    #7277,#7278,#7279,#7280,#7281,#7282,#7283,#7284,#7285,#7286,#7287,
    #7288,#7289,#7290,#7291,#7292,#7293,#7294,#7295,#7296,#7297,#7298),
  .UNSPECIFIED.,.F.,.F.,(7,5,5,5,5,7),(0.,3.108401431006E-02,
    0.289438374258,0.442556177533,0.710877723258,1.),.UNSPECIFIED.);
#7272 = CARTESIAN_POINT('',(1.570796326795,0.804384135668));
#7273 = CARTESIAN_POINT('',(1.561636417494,0.804406959178));
#7274 = CARTESIAN_POINT('',(1.552474377367,0.804434301674));
#7275 = CARTESIAN_POINT('',(1.543310882024,0.804466163369));
#7276 = CARTESIAN_POINT('',(1.534146609865,0.804502541471));
#7277 = CARTESIAN_POINT('',(1.524982242073,0.804543430193));
#7278 = CARTESIAN_POINT('',(1.439653835004,0.804966083721));
#7279 = CARTESIAN_POINT('',(1.36350368592,0.805654468976));
#7280 = CARTESIAN_POINT('',(1.287834634359,0.806648944965));
#7281 = CARTESIAN_POINT('',(1.212964806945,0.807928967798));
#7282 = CARTESIAN_POINT('',(1.139143393188,0.809465963993));
#7283 = CARTESIAN_POINT('',(1.023559718614,0.812270799898));
#7284 = CARTESIAN_POINT('',(0.980973971317,0.813393582842));
#7285 = CARTESIAN_POINT('',(0.938840940998,0.814589003676));
#7286 = CARTESIAN_POINT('',(0.897174486596,0.815850574486));
#7287 = CARTESIAN_POINT('',(0.855977401978,0.817172017624));
#7288 = CARTESIAN_POINT('',(0.74386262632,0.820958040837));
#7289 = CARTESIAN_POINT('',(0.673917492342,0.823534232953));
#7290 = CARTESIAN_POINT('',(0.605348959335,0.826245592029));
#7291 = CARTESIAN_POINT('',(0.538066370178,0.82906502788));
#7292 = CARTESIAN_POINT('',(0.471947299527,0.83196956266));
#7293 = CARTESIAN_POINT('',(0.336679375927,0.838142766002));
#7294 = CARTESIAN_POINT('',(0.267708927969,0.841421439324));
#7295 = CARTESIAN_POINT('',(0.199733586893,0.844753916074));
#7296 = CARTESIAN_POINT('',(0.132578278912,0.848120117271));
#7297 = CARTESIAN_POINT('',(6.606619569888E-02,0.851502413044));
#7298 = CARTESIAN_POINT('',(0.,0.854885057471));
#7299 = ( GEOMETRIC_REPRESENTATION_CONTEXT(2) 
PARAMETRIC_REPRESENTATION_CONTEXT() REPRESENTATION_CONTEXT('2D SPACE',''
  ) );
#7300 = ORIENTED_EDGE('',*,*,#7301,.F.);
#7301 = EDGE_CURVE('',#7302,#7207,#7304,.T.);
#7302 = VERTEX_POINT('',#7303);
#7303 = CARTESIAN_POINT('',(31.213007744009,11.477370689655,
    50.818103448276));
#7304 = SURFACE_CURVE('',#7305,(#7318,#7334),.PCURVE_S1.);
#7305 = B_SPLINE_CURVE_WITH_KNOTS('',6,(#7306,#7307,#7308,#7309,#7310,
    #7311,#7312,#7313,#7314,#7315,#7316,#7317),.UNSPECIFIED.,.F.,.F.,(7,
    5,7),(0.,9.353913792109E-02,1.),.UNSPECIFIED.);
#7306 = CARTESIAN_POINT('',(31.213007744009,11.477370689655,
    50.818103448276));
#7307 = CARTESIAN_POINT('',(31.231639855875,11.477370689655,
    50.818103448276));
#7308 = CARTESIAN_POINT('',(31.250264693845,11.477278843465,
    50.818176925228));
#7309 = CARTESIAN_POINT('',(31.26888071213,11.477095018361,
    50.818323985311));
#7310 = CARTESIAN_POINT('',(31.287486369725,11.476819183495,
    50.818544653204));
#7311 = CARTESIAN_POINT('',(31.306080130404,11.476451409894,
    50.818838872085));
#7312 = CARTESIAN_POINT('',(31.504717115225,11.471538606117,
    50.822769115106));
#7313 = CARTESIAN_POINT('',(31.683560709629,11.458466685077,
    50.833226651938));
#7314 = CARTESIAN_POINT('',(31.859672765098,11.436926883531,
    50.850458493175));
#7315 = CARTESIAN_POINT('',(32.031869897875,11.408020275313,
    50.873583779749));
#7316 = CARTESIAN_POINT('',(32.199490015825,11.373681151067,
    50.901055079146));
#7317 = CARTESIAN_POINT('',(32.362393839341,11.336221252724,
    50.931022997821));
#7318 = PCURVE('',#5884,#7319);
#7319 = DEFINITIONAL_REPRESENTATION('',(#7320),#7333);
#7320 = B_SPLINE_CURVE_WITH_KNOTS('',6,(#7321,#7322,#7323,#7324,#7325,
    #7326,#7327,#7328,#7329,#7330,#7331,#7332),.UNSPECIFIED.,.F.,.F.,(7,
    5,7),(0.,9.353913792109E-02,1.),.UNSPECIFIED.);
#7321 = CARTESIAN_POINT('',(91.535696938181,-31.213007744));
#7322 = CARTESIAN_POINT('',(91.535696938181,-31.23163985587));
#7323 = CARTESIAN_POINT('',(91.535579317668,-31.25026469384));
#7324 = CARTESIAN_POINT('',(91.535343906672,-31.26888071213));
#7325 = CARTESIAN_POINT('',(91.534990665688,-31.28748636972));
#7326 = CARTESIAN_POINT('',(91.534519685677,-31.3060801304));
#7327 = CARTESIAN_POINT('',(91.528228227089,-31.50471711522));
#7328 = CARTESIAN_POINT('',(91.511488000201,-31.68356070962));
#7329 = CARTESIAN_POINT('',(91.483903595132,-31.85967276509));
#7330 = CARTESIAN_POINT('',(91.446885074391,-32.03186989787));
#7331 = CARTESIAN_POINT('',(91.402909538641,-32.19949001582));
#7332 = CARTESIAN_POINT('',(91.354937462037,-32.36239383934));
#7333 = ( GEOMETRIC_REPRESENTATION_CONTEXT(2) 
PARAMETRIC_REPRESENTATION_CONTEXT() REPRESENTATION_CONTEXT('2D SPACE',''
  ) );
#7334 = PCURVE('',#6276,#7335);
#7335 = DEFINITIONAL_REPRESENTATION('',(#7336),#7349);
#7336 = B_SPLINE_CURVE_WITH_KNOTS('',6,(#7337,#7338,#7339,#7340,#7341,
    #7342,#7343,#7344,#7345,#7346,#7347,#7348),.UNSPECIFIED.,.F.,.F.,(7,
    5,7),(0.,9.353913792109E-02,1.),.UNSPECIFIED.);
#7337 = CARTESIAN_POINT('',(2.231525423729,0.797413793103));
#7338 = CARTESIAN_POINT('',(2.212737190914,0.797413793103));
#7339 = CARTESIAN_POINT('',(2.193941742528,0.797418328718));
#7340 = CARTESIAN_POINT('',(2.17513847891,0.797427406501));
#7341 = CARTESIAN_POINT('',(2.156326807775,0.797441027976));
#7342 = CARTESIAN_POINT('',(2.137506144218,0.797459189635));
#7343 = CARTESIAN_POINT('',(1.936197537712,0.797701797229));
#7344 = CARTESIAN_POINT('',(1.752771907304,0.798347324194));
#7345 = CARTESIAN_POINT('',(1.568000106527,0.799411018097));
#7346 = CARTESIAN_POINT('',(1.381298225935,0.800838504923));
#7347 = CARTESIAN_POINT('',(1.192107453162,0.802534264145));
#7348 = CARTESIAN_POINT('',(1.,0.804384135668));
#7349 = ( GEOMETRIC_REPRESENTATION_CONTEXT(2) 
PARAMETRIC_REPRESENTATION_CONTEXT() REPRESENTATION_CONTEXT('2D SPACE',''
  ) );
#7350 = ORIENTED_EDGE('',*,*,#7351,.F.);
#7351 = EDGE_CURVE('',#7352,#7302,#7354,.T.);
#7352 = VERTEX_POINT('',#7353);
#7353 = CARTESIAN_POINT('',(12.03526811806,11.477370689655,
    50.818103448276));
#7354 = SURFACE_CURVE('',#7355,(#7358,#7364),.PCURVE_S1.);
#7355 = B_SPLINE_CURVE_WITH_KNOTS('',1,(#7356,#7357),.UNSPECIFIED.,.F.,
  .F.,(2,2),(0.,1.),.PIECEWISE_BEZIER_KNOTS.);
#7356 = CARTESIAN_POINT('',(12.03526811806,11.477370689655,
    50.818103448276));
#7357 = CARTESIAN_POINT('',(31.213007744009,11.477370689655,
    50.818103448276));
#7358 = PCURVE('',#5884,#7359);
#7359 = DEFINITIONAL_REPRESENTATION('',(#7360),#7363);
#7360 = B_SPLINE_CURVE_WITH_KNOTS('',1,(#7361,#7362),.UNSPECIFIED.,.F.,
  .F.,(2,2),(0.,1.),.PIECEWISE_BEZIER_KNOTS.);
#7361 = CARTESIAN_POINT('',(91.535696938181,-12.03526811806));
#7362 = CARTESIAN_POINT('',(91.535696938181,-31.213007744));
#7363 = ( GEOMETRIC_REPRESENTATION_CONTEXT(2) 
PARAMETRIC_REPRESENTATION_CONTEXT() REPRESENTATION_CONTEXT('2D SPACE',''
  ) );
#7364 = PCURVE('',#6315,#7365);
#7365 = DEFINITIONAL_REPRESENTATION('',(#7366),#7369);
#7366 = B_SPLINE_CURVE_WITH_KNOTS('',1,(#7367,#7368),.UNSPECIFIED.,.F.,
  .F.,(2,2),(0.,1.),.PIECEWISE_BEZIER_KNOTS.);
#7367 = CARTESIAN_POINT('',(22.7,0.797413793103));
#7368 = CARTESIAN_POINT('',(1.,0.797413793103));
#7369 = ( GEOMETRIC_REPRESENTATION_CONTEXT(2) 
PARAMETRIC_REPRESENTATION_CONTEXT() REPRESENTATION_CONTEXT('2D SPACE',''
  ) );
#7370 = ORIENTED_EDGE('',*,*,#7371,.F.);
#7371 = EDGE_CURVE('',#7372,#7352,#7374,.T.);
#7372 = VERTEX_POINT('',#7373);
#7373 = CARTESIAN_POINT('',(10.863576926522,11.336221252724,
    50.931022997821));
#7374 = SURFACE_CURVE('',#7375,(#7383,#7394),.PCURVE_S1.);
#7375 = B_SPLINE_CURVE_WITH_KNOTS('',6,(#7376,#7377,#7378,#7379,#7380,
    #7381,#7382),.UNSPECIFIED.,.F.,.F.,(7,7),(0.,1.),
  .PIECEWISE_BEZIER_KNOTS.);
#7376 = CARTESIAN_POINT('',(10.863576926522,11.336221252724,
    50.931022997821));
#7377 = CARTESIAN_POINT('',(11.048714039855,11.377300966413,
    50.898159226869));
#7378 = CARTESIAN_POINT('',(11.239103283061,11.41466570706,
    50.868267434352));
#7379 = CARTESIAN_POINT('',(11.434325835597,11.445306667537,
    50.843754665971));
#7380 = CARTESIAN_POINT('',(11.633307447997,11.466688286516,
    50.826649370787));
#7381 = CARTESIAN_POINT('',(11.834321223865,11.477370689655,
    50.818103448276));
#7382 = CARTESIAN_POINT('',(12.03526811806,11.477370689655,
    50.818103448276));
#7383 = PCURVE('',#5884,#7384);
#7384 = DEFINITIONAL_REPRESENTATION('',(#7385),#7393);
#7385 = B_SPLINE_CURVE_WITH_KNOTS('',6,(#7386,#7387,#7388,#7389,#7390,
    #7391,#7392),.UNSPECIFIED.,.F.,.F.,(7,7),(0.,1.),
  .PIECEWISE_BEZIER_KNOTS.);
#7386 = CARTESIAN_POINT('',(91.354937462037,-10.86357692652));
#7387 = CARTESIAN_POINT('',(91.407545164116,-11.04871403985));
#7388 = CARTESIAN_POINT('',(91.455395379407,-11.23910328306));
#7389 = CARTESIAN_POINT('',(91.494634954746,-11.43432583559));
#7390 = CARTESIAN_POINT('',(91.52201678729,-11.63330744799));
#7391 = CARTESIAN_POINT('',(91.535696938181,-11.83432122386));
#7392 = CARTESIAN_POINT('',(91.535696938181,-12.03526811806));
#7393 = ( GEOMETRIC_REPRESENTATION_CONTEXT(2) 
PARAMETRIC_REPRESENTATION_CONTEXT() REPRESENTATION_CONTEXT('2D SPACE',''
  ) );
#7394 = PCURVE('',#6344,#7395);
#7395 = DEFINITIONAL_REPRESENTATION('',(#7396),#7404);
#7396 = B_SPLINE_CURVE_WITH_KNOTS('',6,(#7397,#7398,#7399,#7400,#7401,
    #7402,#7403),.UNSPECIFIED.,.F.,.F.,(7,7),(0.,1.),
  .PIECEWISE_BEZIER_KNOTS.);
#7397 = CARTESIAN_POINT('',(22.,0.804384135668));
#7398 = CARTESIAN_POINT('',(21.789328868404,0.802355507831));
#7399 = CARTESIAN_POINT('',(21.581968673618,0.800510335454));
#7400 = CARTESIAN_POINT('',(21.377102845115,0.798997201603));
#7401 = CARTESIAN_POINT('',(21.173793013818,0.797941319184));
#7402 = CARTESIAN_POINT('',(20.971105231276,0.797413793103));
#7403 = CARTESIAN_POINT('',(20.768474576271,0.797413793103));
#7404 = ( GEOMETRIC_REPRESENTATION_CONTEXT(2) 
PARAMETRIC_REPRESENTATION_CONTEXT() REPRESENTATION_CONTEXT('2D SPACE',''
  ) );
#7405 = ORIENTED_EDGE('',*,*,#7406,.F.);
#7406 = EDGE_CURVE('',#6606,#7372,#7407,.T.);
#7407 = SURFACE_CURVE('',#7408,(#7429,#7453),.PCURVE_S1.);
#7408 = B_SPLINE_CURVE_WITH_KNOTS('',7,(#7409,#7410,#7411,#7412,#7413,
    #7414,#7415,#7416,#7417,#7418,#7419,#7420,#7421,#7422,#7423,#7424,
    #7425,#7426,#7427,#7428),.UNSPECIFIED.,.F.,.F.,(8,6,6,8),(0.,
    0.338643477838,0.644178009116,1.),.UNSPECIFIED.);
#7409 = CARTESIAN_POINT('',(9.981393678161,10.313577586207,
    51.749137931034));
#7410 = CARTESIAN_POINT('',(9.985725697049,10.383756292194,
    51.692994966245));
#7411 = CARTESIAN_POINT('',(9.994656846341,10.453641254855,
    51.637086996116));
#7412 = CARTESIAN_POINT('',(10.008139063707,10.522927600291,
    51.581657919767));
#7413 = CARTESIAN_POINT('',(10.026150027458,10.591291091357,
    51.526967126914));
#7414 = CARTESIAN_POINT('',(10.048678882661,10.658382800947,
    51.473293759243));
#7415 = CARTESIAN_POINT('',(10.075719537846,10.723821884044,
    51.420942492765));
#7416 = CARTESIAN_POINT('',(10.135738709287,10.844355901937,
    51.32451527845));
#7417 = CARTESIAN_POINT('',(10.167869730711,10.89981971748,
    51.280144226016));
#7418 = CARTESIAN_POINT('',(10.203661984218,10.953272288541,
    51.237382169168));
#7419 = CARTESIAN_POINT('',(10.243099247862,11.004345559709,
    51.196523552233));
#7420 = CARTESIAN_POINT('',(10.286132283641,11.052611902747,
    51.157910477803));
#7421 = CARTESIAN_POINT('',(10.332658606038,11.097592551018,
    51.121925959185));
#7422 = CARTESIAN_POINT('',(10.440547798252,11.186728229053,
    51.050617416758));
#7423 = CARTESIAN_POINT('',(10.503127766158,11.229558333376,
    51.016353333299));
#7424 = CARTESIAN_POINT('',(10.569889930375,11.266368595345,
    50.986905123724));
#7425 = CARTESIAN_POINT('',(10.640275812663,11.296213662872,
    50.963029069703));
#7426 = CARTESIAN_POINT('',(10.713473435578,11.318200507722,
    50.945439593822));
#7427 = CARTESIAN_POINT('',(10.788371593678,11.331614148753,
    50.934708680997));
#7428 = CARTESIAN_POINT('',(10.863576926522,11.336221252724,
    50.931022997821));
#7429 = PCURVE('',#5884,#7430);
#7430 = DEFINITIONAL_REPRESENTATION('',(#7431),#7452);
#7431 = B_SPLINE_CURVE_WITH_KNOTS('',7,(#7432,#7433,#7434,#7435,#7436,
    #7437,#7438,#7439,#7440,#7441,#7442,#7443,#7444,#7445,#7446,#7447,
    #7448,#7449,#7450,#7451),.UNSPECIFIED.,.F.,.F.,(8,6,6,8),(0.,
    0.338643477838,0.644178009116,1.),.UNSPECIFIED.);
#7432 = CARTESIAN_POINT('',(90.045314572571,-9.981393678161));
#7433 = CARTESIAN_POINT('',(90.135187167223,-9.985725697049));
#7434 = CARTESIAN_POINT('',(90.224683586872,-9.994656846341));
#7435 = CARTESIAN_POINT('',(90.313413402429,-10.0081390637));
#7436 = CARTESIAN_POINT('',(90.400961387749,-10.02615002745));
#7437 = CARTESIAN_POINT('',(90.48688069811,-10.04867888266));
#7438 = CARTESIAN_POINT('',(90.570683613921,-10.07571953784));
#7439 = CARTESIAN_POINT('',(90.725042472203,-10.13573870928));
#7440 = CARTESIAN_POINT('',(90.796070812523,-10.16786973071));
#7441 = CARTESIAN_POINT('',(90.864523503185,-10.20366198421));
#7442 = CARTESIAN_POINT('',(90.929929203286,-10.24309924786));
#7443 = CARTESIAN_POINT('',(90.991740281478,-10.28613228364));
#7444 = CARTESIAN_POINT('',(91.04934361731,-10.33265860603));
#7445 = CARTESIAN_POINT('',(91.163492981399,-10.44054779825));
#7446 = CARTESIAN_POINT('',(91.218342277215,-10.50312776615));
#7447 = CARTESIAN_POINT('',(91.265482413336,-10.56988993037));
#7448 = CARTESIAN_POINT('',(91.303702748385,-10.64027581266));
#7449 = CARTESIAN_POINT('',(91.331859648218,-10.71347343557));
#7450 = CARTESIAN_POINT('',(91.349037490218,-10.78837159367));
#7451 = CARTESIAN_POINT('',(91.354937462037,-10.86357692652));
#7452 = ( GEOMETRIC_REPRESENTATION_CONTEXT(2) 
PARAMETRIC_REPRESENTATION_CONTEXT() REPRESENTATION_CONTEXT('2D SPACE',''
  ) );
#7453 = PCURVE('',#6384,#7454);
#7454 = DEFINITIONAL_REPRESENTATION('',(#7455),#7476);
#7455 = B_SPLINE_CURVE_WITH_KNOTS('',7,(#7456,#7457,#7458,#7459,#7460,
    #7461,#7462,#7463,#7464,#7465,#7466,#7467,#7468,#7469,#7470,#7471,
    #7472,#7473,#7474,#7475),.UNSPECIFIED.,.F.,.F.,(8,6,6,8),(0.,
    0.338643477838,0.644178009116,1.),.UNSPECIFIED.);
#7456 = CARTESIAN_POINT('',(3.14159265359,0.854885057471));
#7457 = CARTESIAN_POINT('',(3.073905963185,0.851419442361));
#7458 = CARTESIAN_POINT('',(3.006040444341,0.847968333094));
#7459 = CARTESIAN_POINT('',(2.937805027906,0.844546785171));
#7460 = CARTESIAN_POINT('',(2.86902886551,0.841170810303));
#7461 = CARTESIAN_POINT('',(2.799549093244,0.837857639459));
#7462 = CARTESIAN_POINT('',(2.729197644276,0.8346260798));
#7463 = CARTESIAN_POINT('',(2.593358336683,0.82867378262));
#7464 = CARTESIAN_POINT('',(2.528086474992,0.825934828766));
#7465 = CARTESIAN_POINT('',(2.461831193313,0.823295195628));
#7466 = CARTESIAN_POINT('',(2.394478576842,0.82077305878));
#7467 = CARTESIAN_POINT('',(2.325933634678,0.818389535667));
#7468 = CARTESIAN_POINT('',(2.256118594309,0.816168269086));
#7469 = CARTESIAN_POINT('',(2.102126284946,0.811766507207));
#7470 = CARTESIAN_POINT('',(2.017425510219,0.809651440327));
#7471 = CARTESIAN_POINT('',(1.930899187075,0.807833649613));
#7472 = CARTESIAN_POINT('',(1.842664729992,0.806359819117));
#7473 = CARTESIAN_POINT('',(1.752946865537,0.805274049001));
#7474 = CARTESIAN_POINT('',(1.662104936493,0.804611646975));
#7475 = CARTESIAN_POINT('',(1.570796326795,0.804384135668));
#7476 = ( GEOMETRIC_REPRESENTATION_CONTEXT(2) 
PARAMETRIC_REPRESENTATION_CONTEXT() REPRESENTATION_CONTEXT('2D SPACE',''
  ) );
#7477 = ORIENTED_EDGE('',*,*,#6780,.F.);
#7478 = ORIENTED_EDGE('',*,*,#7479,.F.);
#7479 = EDGE_CURVE('',#7074,#6754,#7480,.T.);
#7480 = SURFACE_CURVE('',#7481,(#7485,#7491),.PCURVE_S1.);
#7481 = LINE('',#7482,#7483);
#7482 = CARTESIAN_POINT('',(15.9,7.375,54.1));
#7483 = VECTOR('',#7484,1.);
#7484 = DIRECTION('',(-1.,-0.,0.));
#7485 = PCURVE('',#5884,#7486);
#7486 = DEFINITIONAL_REPRESENTATION('',(#7487),#7490);
#7487 = B_SPLINE_CURVE_WITH_KNOTS('',1,(#7488,#7489),.UNSPECIFIED.,.F.,
  .F.,(2,2),(-10.1,6.1),.PIECEWISE_BEZIER_KNOTS.);
#7488 = CARTESIAN_POINT('',(86.282099099408,-26.));
#7489 = CARTESIAN_POINT('',(86.282099099408,-9.8));
#7490 = ( GEOMETRIC_REPRESENTATION_CONTEXT(2) 
PARAMETRIC_REPRESENTATION_CONTEXT() REPRESENTATION_CONTEXT('2D SPACE',''
  ) );
#7491 = PCURVE('',#6768,#7492);
#7492 = DEFINITIONAL_REPRESENTATION('',(#7493),#7496);
#7493 = B_SPLINE_CURVE_WITH_KNOTS('',1,(#7494,#7495),.UNSPECIFIED.,.F.,
  .F.,(2,2),(-10.1,6.1),.PIECEWISE_BEZIER_KNOTS.);
#7494 = CARTESIAN_POINT('',(-5.8,20.675));
#7495 = CARTESIAN_POINT('',(-22.,20.675));
#7496 = ( GEOMETRIC_REPRESENTATION_CONTEXT(2) 
PARAMETRIC_REPRESENTATION_CONTEXT() REPRESENTATION_CONTEXT('2D SPACE',''
  ) );
#7497 = ORIENTED_EDGE('',*,*,#7073,.T.);
#7498 = ORIENTED_EDGE('',*,*,#6943,.T.);
#7499 = ADVANCED_FACE('',(#7500),#5826,.T.);
#7500 = FACE_BOUND('',#7501,.T.);
#7501 = EDGE_LOOP('',(#7502,#7522,#7523,#7543,#7544));
#7502 = ORIENTED_EDGE('',*,*,#7503,.F.);
#7503 = EDGE_CURVE('',#6214,#5748,#7504,.T.);
#7504 = SURFACE_CURVE('',#7505,(#7508,#7515),.PCURVE_S1.);
#7505 = B_SPLINE_CURVE_WITH_KNOTS('',1,(#7506,#7507),.UNSPECIFIED.,.F.,
  .F.,(2,2),(0.,1.),.PIECEWISE_BEZIER_KNOTS.);
#7506 = CARTESIAN_POINT('',(34.75,12.75,37.9));
#7507 = CARTESIAN_POINT('',(32.8,9.9,54.1));
#7508 = PCURVE('',#5826,#7509);
#7509 = DEFINITIONAL_REPRESENTATION('',(#7510),#7514);
#7510 = LINE('',#7511,#7512);
#7511 = CARTESIAN_POINT('',(0.,0.));
#7512 = VECTOR('',#7513,1.);
#7513 = DIRECTION('',(0.,1.));
#7514 = ( GEOMETRIC_REPRESENTATION_CONTEXT(2) 
PARAMETRIC_REPRESENTATION_CONTEXT() REPRESENTATION_CONTEXT('2D SPACE',''
  ) );
#7515 = PCURVE('',#5761,#7516);
#7516 = DEFINITIONAL_REPRESENTATION('',(#7517),#7521);
#7517 = LINE('',#7518,#7519);
#7518 = CARTESIAN_POINT('',(28.5,0.));
#7519 = VECTOR('',#7520,1.);
#7520 = DIRECTION('',(0.,1.));
#7521 = ( GEOMETRIC_REPRESENTATION_CONTEXT(2) 
PARAMETRIC_REPRESENTATION_CONTEXT() REPRESENTATION_CONTEXT('2D SPACE',''
  ) );
#7522 = ORIENTED_EDGE('',*,*,#6236,.T.);
#7523 = ORIENTED_EDGE('',*,*,#7524,.T.);
#7524 = EDGE_CURVE('',#6237,#7207,#7525,.T.);
#7525 = SURFACE_CURVE('',#7526,(#7529,#7536),.PCURVE_S1.);
#7526 = B_SPLINE_CURVE_WITH_KNOTS('',1,(#7527,#7528),.UNSPECIFIED.,.F.,
  .F.,(2,2),(0.,1.),.PIECEWISE_BEZIER_KNOTS.);
#7527 = CARTESIAN_POINT('',(34.674990948516,13.129989138219,37.9));
#7528 = CARTESIAN_POINT('',(31.8,10.9,54.1));
#7529 = PCURVE('',#5826,#7530);
#7530 = DEFINITIONAL_REPRESENTATION('',(#7531),#7535);
#7531 = LINE('',#7532,#7533);
#7532 = CARTESIAN_POINT('',(1.570796326795,0.));
#7533 = VECTOR('',#7534,1.);
#7534 = DIRECTION('',(0.,1.));
#7535 = ( GEOMETRIC_REPRESENTATION_CONTEXT(2) 
PARAMETRIC_REPRESENTATION_CONTEXT() REPRESENTATION_CONTEXT('2D SPACE',''
  ) );
#7536 = PCURVE('',#6276,#7537);
#7537 = DEFINITIONAL_REPRESENTATION('',(#7538),#7542);
#7538 = LINE('',#7539,#7540);
#7539 = CARTESIAN_POINT('',(1.,0.));
#7540 = VECTOR('',#7541,1.);
#7541 = DIRECTION('',(0.,1.));
#7542 = ( GEOMETRIC_REPRESENTATION_CONTEXT(2) 
PARAMETRIC_REPRESENTATION_CONTEXT() REPRESENTATION_CONTEXT('2D SPACE',''
  ) );
#7543 = ORIENTED_EDGE('',*,*,#7206,.T.);
#7544 = ORIENTED_EDGE('',*,*,#5772,.T.);
#7545 = ADVANCED_FACE('',(#7546),#5761,.T.);
#7546 = FACE_BOUND('',#7547,.T.);
#7547 = EDGE_LOOP('',(#7548,#7568,#7569,#7570));
#7548 = ORIENTED_EDGE('',*,*,#7549,.F.);
#7549 = EDGE_CURVE('',#6191,#5651,#7550,.T.);
#7550 = SURFACE_CURVE('',#7551,(#7554,#7561),.PCURVE_S1.);
#7551 = B_SPLINE_CURVE_WITH_KNOTS('',1,(#7552,#7553),.UNSPECIFIED.,.F.,
  .F.,(2,2),(0.,1.),.PIECEWISE_BEZIER_KNOTS.);
#7552 = CARTESIAN_POINT('',(34.75,-14.75,37.9));
#7553 = CARTESIAN_POINT('',(32.8,-13.3,54.1));
#7554 = PCURVE('',#5761,#7555);
#7555 = DEFINITIONAL_REPRESENTATION('',(#7556),#7560);
#7556 = LINE('',#7557,#7558);
#7557 = CARTESIAN_POINT('',(1.,0.));
#7558 = VECTOR('',#7559,1.);
#7559 = DIRECTION('',(0.,1.));
#7560 = ( GEOMETRIC_REPRESENTATION_CONTEXT(2) 
PARAMETRIC_REPRESENTATION_CONTEXT() REPRESENTATION_CONTEXT('2D SPACE',''
  ) );
#7561 = PCURVE('',#5704,#7562);
#7562 = DEFINITIONAL_REPRESENTATION('',(#7563),#7567);
#7563 = LINE('',#7564,#7565);
#7564 = CARTESIAN_POINT('',(6.28318530718,0.));
#7565 = VECTOR('',#7566,1.);
#7566 = DIRECTION('',(0.,1.));
#7567 = ( GEOMETRIC_REPRESENTATION_CONTEXT(2) 
PARAMETRIC_REPRESENTATION_CONTEXT() REPRESENTATION_CONTEXT('2D SPACE',''
  ) );
#7568 = ORIENTED_EDGE('',*,*,#6213,.T.);
#7569 = ORIENTED_EDGE('',*,*,#7503,.T.);
#7570 = ORIENTED_EDGE('',*,*,#5747,.T.);
#7571 = ADVANCED_FACE('',(#7572),#5704,.T.);
#7572 = FACE_BOUND('',#7573,.T.);
#7573 = EDGE_LOOP('',(#7574,#7575,#7576,#7577));
#7574 = ORIENTED_EDGE('',*,*,#6096,.F.);
#7575 = ORIENTED_EDGE('',*,*,#6190,.T.);
#7576 = ORIENTED_EDGE('',*,*,#7549,.T.);
#7577 = ORIENTED_EDGE('',*,*,#5650,.T.);
#7578 = ADVANCED_FACE('',(#7579),#6384,.T.);
#7579 = FACE_BOUND('',#7580,.T.);
#7580 = EDGE_LOOP('',(#7581,#7601,#7602,#7603));
#7581 = ORIENTED_EDGE('',*,*,#7582,.F.);
#7582 = EDGE_CURVE('',#6328,#7372,#7583,.T.);
#7583 = SURFACE_CURVE('',#7584,(#7587,#7594),.PCURVE_S1.);
#7584 = B_SPLINE_CURVE_WITH_KNOTS('',1,(#7585,#7586),.UNSPECIFIED.,.F.,
  .F.,(2,2),(0.,1.),.PIECEWISE_BEZIER_KNOTS.);
#7585 = CARTESIAN_POINT('',(11.125009051484,13.129989138219,37.9));
#7586 = CARTESIAN_POINT('',(10.8,10.9,54.1));
#7587 = PCURVE('',#6384,#7588);
#7588 = DEFINITIONAL_REPRESENTATION('',(#7589),#7593);
#7589 = LINE('',#7590,#7591);
#7590 = CARTESIAN_POINT('',(1.570796326795,0.));
#7591 = VECTOR('',#7592,1.);
#7592 = DIRECTION('',(0.,1.));
#7593 = ( GEOMETRIC_REPRESENTATION_CONTEXT(2) 
PARAMETRIC_REPRESENTATION_CONTEXT() REPRESENTATION_CONTEXT('2D SPACE',''
  ) );
#7594 = PCURVE('',#6344,#7595);
#7595 = DEFINITIONAL_REPRESENTATION('',(#7596),#7600);
#7596 = LINE('',#7597,#7598);
#7597 = CARTESIAN_POINT('',(22.,0.));
#7598 = VECTOR('',#7599,1.);
#7599 = DIRECTION('',(0.,1.));
#7600 = ( GEOMETRIC_REPRESENTATION_CONTEXT(2) 
PARAMETRIC_REPRESENTATION_CONTEXT() REPRESENTATION_CONTEXT('2D SPACE',''
  ) );
#7601 = ORIENTED_EDGE('',*,*,#6367,.T.);
#7602 = ORIENTED_EDGE('',*,*,#6605,.T.);
#7603 = ORIENTED_EDGE('',*,*,#7406,.T.);
#7604 = ADVANCED_FACE('',(#7605),#6344,.T.);
#7605 = FACE_BOUND('',#7606,.T.);
#7606 = EDGE_LOOP('',(#7607,#7627,#7628,#7629));
#7607 = ORIENTED_EDGE('',*,*,#7608,.F.);
#7608 = EDGE_CURVE('',#6300,#7352,#7609,.T.);
#7609 = SURFACE_CURVE('',#7610,(#7613,#7620),.PCURVE_S1.);
#7610 = B_SPLINE_CURVE_WITH_KNOTS('',1,(#7611,#7612),.UNSPECIFIED.,.F.,
  .F.,(2,2),(0.,1.),.PIECEWISE_BEZIER_KNOTS.);
#7611 = CARTESIAN_POINT('',(12.05,13.75,37.9));
#7612 = CARTESIAN_POINT('',(12.031525423729,10.9,54.1));
#7613 = PCURVE('',#6344,#7614);
#7614 = DEFINITIONAL_REPRESENTATION('',(#7615),#7619);
#7615 = LINE('',#7616,#7617);
#7616 = CARTESIAN_POINT('',(20.768474576271,0.));
#7617 = VECTOR('',#7618,1.);
#7618 = DIRECTION('',(0.,1.));
#7619 = ( GEOMETRIC_REPRESENTATION_CONTEXT(2) 
PARAMETRIC_REPRESENTATION_CONTEXT() REPRESENTATION_CONTEXT('2D SPACE',''
  ) );
#7620 = PCURVE('',#6315,#7621);
#7621 = DEFINITIONAL_REPRESENTATION('',(#7622),#7626);
#7622 = LINE('',#7623,#7624);
#7623 = CARTESIAN_POINT('',(22.7,0.));
#7624 = VECTOR('',#7625,1.);
#7625 = DIRECTION('',(0.,1.));
#7626 = ( GEOMETRIC_REPRESENTATION_CONTEXT(2) 
PARAMETRIC_REPRESENTATION_CONTEXT() REPRESENTATION_CONTEXT('2D SPACE',''
  ) );
#7627 = ORIENTED_EDGE('',*,*,#6327,.T.);
#7628 = ORIENTED_EDGE('',*,*,#7582,.T.);
#7629 = ORIENTED_EDGE('',*,*,#7371,.T.);
#7630 = ADVANCED_FACE('',(#7631),#6315,.T.);
#7631 = FACE_BOUND('',#7632,.T.);
#7632 = EDGE_LOOP('',(#7633,#7653,#7654,#7655));
#7633 = ORIENTED_EDGE('',*,*,#7634,.F.);
#7634 = EDGE_CURVE('',#6260,#7302,#7635,.T.);
#7635 = SURFACE_CURVE('',#7636,(#7639,#7646),.PCURVE_S1.);
#7636 = B_SPLINE_CURVE_WITH_KNOTS('',1,(#7637,#7638),.UNSPECIFIED.,.F.,
  .F.,(2,2),(0.,1.),.PIECEWISE_BEZIER_KNOTS.);
#7637 = CARTESIAN_POINT('',(33.75,13.75,37.9));
#7638 = CARTESIAN_POINT('',(30.568474576271,10.9,54.1));
#7639 = PCURVE('',#6315,#7640);
#7640 = DEFINITIONAL_REPRESENTATION('',(#7641),#7645);
#7641 = LINE('',#7642,#7643);
#7642 = CARTESIAN_POINT('',(1.,0.));
#7643 = VECTOR('',#7644,1.);
#7644 = DIRECTION('',(0.,1.));
#7645 = ( GEOMETRIC_REPRESENTATION_CONTEXT(2) 
PARAMETRIC_REPRESENTATION_CONTEXT() REPRESENTATION_CONTEXT('2D SPACE',''
  ) );
#7646 = PCURVE('',#6276,#7647);
#7647 = DEFINITIONAL_REPRESENTATION('',(#7648),#7652);
#7648 = LINE('',#7649,#7650);
#7649 = CARTESIAN_POINT('',(2.231525423729,0.));
#7650 = VECTOR('',#7651,1.);
#7651 = DIRECTION('',(0.,1.));
#7652 = ( GEOMETRIC_REPRESENTATION_CONTEXT(2) 
PARAMETRIC_REPRESENTATION_CONTEXT() REPRESENTATION_CONTEXT('2D SPACE',''
  ) );
#7653 = ORIENTED_EDGE('',*,*,#6299,.T.);
#7654 = ORIENTED_EDGE('',*,*,#7608,.T.);
#7655 = ORIENTED_EDGE('',*,*,#7351,.T.);
#7656 = ADVANCED_FACE('',(#7657),#6276,.T.);
#7657 = FACE_BOUND('',#7658,.T.);
#7658 = EDGE_LOOP('',(#7659,#7660,#7661,#7662));
#7659 = ORIENTED_EDGE('',*,*,#7524,.F.);
#7660 = ORIENTED_EDGE('',*,*,#6259,.T.);
#7661 = ORIENTED_EDGE('',*,*,#7634,.T.);
#7662 = ORIENTED_EDGE('',*,*,#7301,.T.);
#7663 = ADVANCED_FACE('',(#7664),#6158,.F.);
#7664 = FACE_BOUND('',#7665,.F.);
#7665 = EDGE_LOOP('',(#7666,#7667,#7668,#7669));
#7666 = ORIENTED_EDGE('',*,*,#6479,.F.);
#7667 = ORIENTED_EDGE('',*,*,#6143,.T.);
#7668 = ORIENTED_EDGE('',*,*,#6555,.T.);
#7669 = ORIENTED_EDGE('',*,*,#6528,.T.);
#7670 = ADVANCED_FACE('',(#7671),#6768,.T.);
#7671 = FACE_BOUND('',#7672,.T.);
#7672 = EDGE_LOOP('',(#7673,#7674,#7675));
#7673 = ORIENTED_EDGE('',*,*,#7479,.T.);
#7674 = ORIENTED_EDGE('',*,*,#6753,.T.);
#7675 = ORIENTED_EDGE('',*,*,#7123,.T.);
#7676 = ADVANCED_FACE('',(#7677),#6698,.F.);
#7677 = FACE_BOUND('',#7678,.F.);
#7678 = EDGE_LOOP('',(#7679,#7680));
#7679 = ORIENTED_EDGE('',*,*,#6684,.T.);
#7680 = ORIENTED_EDGE('',*,*,#6849,.T.);
#7681 = ADVANCED_FACE('',(#7682),#7060,.T.);
#7682 = FACE_BOUND('',#7683,.T.);
#7683 = EDGE_LOOP('',(#7684));
#7684 = ORIENTED_EDGE('',*,*,#7045,.T.);
#7685 = ( GEOMETRIC_REPRESENTATION_CONTEXT(3) 
GLOBAL_UNCERTAINTY_ASSIGNED_CONTEXT((#7689)) 
GLOBAL_UNIT_ASSIGNED_CONTEXT((#7686,#7687,#7688)) REPRESENTATION_CONTEXT
('Context #1','3D Context with UNIT and UNCERTAINTY') );
#7686 = ( LENGTH_UNIT() NAMED_UNIT(*) SI_UNIT(.MILLI.,.METRE.) );
#7687 = ( NAMED_UNIT(*) PLANE_ANGLE_UNIT() SI_UNIT($,.RADIAN.) );
#7688 = ( NAMED_UNIT(*) SI_UNIT($,.STERADIAN.) SOLID_ANGLE_UNIT() );
#7689 = UNCERTAINTY_MEASURE_WITH_UNIT(LENGTH_MEASURE(2.E-06),#7686,
  'distance_accuracy_value','confusion accuracy');
#7690 = CONTEXT_DEPENDENT_SHAPE_REPRESENTATION(#7691,#7693);
#7691 = ( REPRESENTATION_RELATIONSHIP('','',#4765,#10) 
REPRESENTATION_RELATIONSHIP_WITH_TRANSFORMATION(#7692) 
SHAPE_REPRESENTATION_RELATIONSHIP() );
#7692 = ITEM_DEFINED_TRANSFORMATION('','',#11,#31);
#7693 = PRODUCT_DEFINITION_SHAPE('Placement','Placement of an item',
  #7694);
#7694 = NEXT_ASSEMBLY_USAGE_OCCURRENCE('11','foam_R','',#5,#4760,$);
#7695 = PRODUCT_RELATED_PRODUCT_CATEGORY('part',$,(#4762));
#7696 = SHAPE_DEFINITION_REPRESENTATION(#7697,#7703);
#7697 = PRODUCT_DEFINITION_SHAPE('','',#7698);
#7698 = PRODUCT_DEFINITION('design','',#7699,#7702);
#7699 = PRODUCT_DEFINITION_FORMATION('','',#7700);
#7700 = PRODUCT('band_R','band_R','',(#7701));
#7701 = PRODUCT_CONTEXT('',#2,'mechanical');
#7702 = PRODUCT_DEFINITION_CONTEXT('part definition',#2,'design');
#7703 = ADVANCED_BREP_SHAPE_REPRESENTATION('',(#11,#7704),#8764);
#7704 = MANIFOLD_SOLID_BREP('',#7705);
#7705 = CLOSED_SHELL('',(#7706,#7825,#8289,#8738));
#7706 = ADVANCED_FACE('',(#7707),#7720,.F.);
#7707 = FACE_BOUND('',#7708,.F.);
#7708 = EDGE_LOOP('',(#7709,#7748,#7786,#7787));
#7709 = ORIENTED_EDGE('',*,*,#7710,.T.);
#7710 = EDGE_CURVE('',#7711,#7713,#7715,.T.);
#7711 = VERTEX_POINT('',#7712);
#7712 = CARTESIAN_POINT('',(22.789996966407,18.54004806732,
    37.591841943149));
#7713 = VERTEX_POINT('',#7714);
#7714 = CARTESIAN_POINT('',(22.789996966407,18.54004806732,
    42.620548988139));
#7715 = SEAM_CURVE('',#7716,(#7719,#7741),.PCURVE_S1.);
#7716 = B_SPLINE_CURVE_WITH_KNOTS('',1,(#7717,#7718),.UNSPECIFIED.,.F.,
  .F.,(2,2),(0.,5.02870704499),.PIECEWISE_BEZIER_KNOTS.);
#7717 = CARTESIAN_POINT('',(22.789996966407,18.54004806732,
    37.591841943149));
#7718 = CARTESIAN_POINT('',(22.789996966407,18.54004806732,
    42.620548988139));
#7719 = PCURVE('',#7720,#7735);
#7720 = ( BOUNDED_SURFACE() B_SPLINE_SURFACE(2,1,(
    (#7721,#7722)
    ,(#7723,#7724)
    ,(#7725,#7726)
    ,(#7727,#7728)
    ,(#7729,#7730)
    ,(#7731,#7732)
    ,(#7733,#7734
)),.UNSPECIFIED.,.T.,.F.,.F.) B_SPLINE_SURFACE_WITH_KNOTS((3,2,2,3),(2,2
    ),(0.,2.094395102393,4.188790204786,6.28318530718),(-5.02870704499,
0.),.PIECEWISE_BEZIER_KNOTS.) GEOMETRIC_REPRESENTATION_ITEM() 
RATIONAL_B_SPLINE_SURFACE((
    (1.,1.)
    ,(0.5,0.5)
    ,(1.,1.)
    ,(0.5,0.5)
    ,(1.,1.)
    ,(0.5,0.5)
,(1.,1.))) REPRESENTATION_ITEM('') SURFACE() );
#7721 = CARTESIAN_POINT('',(22.789996966407,18.54004806732,
    42.620548988139));
#7722 = CARTESIAN_POINT('',(22.789996966407,18.54004806732,
    37.591841943149));
#7723 = CARTESIAN_POINT('',(1.261507003429,17.48548228928,
    42.079683846134));
#7724 = CARTESIAN_POINT('',(1.261507003429,17.48548228928,
    37.050976801145));
#7725 = CARTESIAN_POINT('',(13.414315679773,-10.33414327456,
    40.415896749614));
#7726 = CARTESIAN_POINT('',(13.414315679773,-10.33414327456,
    35.387189704625));
#7727 = CARTESIAN_POINT('',(25.567124356117,-38.15376883841,
    38.752109653094));
#7728 = CARTESIAN_POINT('',(25.567124356117,-38.15376883841,
    33.723402608104));
#7729 = CARTESIAN_POINT('',(34.942805642751,-9.279577496529,
    40.956761891619));
#7730 = CARTESIAN_POINT('',(34.942805642751,-9.279577496529,
    35.928054846629));
#7731 = CARTESIAN_POINT('',(44.318486929386,19.594613845361,
    43.161414130143));
#7732 = CARTESIAN_POINT('',(44.318486929386,19.594613845361,
    38.132707085154));
#7733 = CARTESIAN_POINT('',(22.789996966407,18.54004806732,
    42.620548988139));
#7734 = CARTESIAN_POINT('',(22.789996966407,18.54004806732,
    37.591841943149));
#7735 = DEFINITIONAL_REPRESENTATION('',(#7736),#7740);
#7736 = B_SPLINE_CURVE_WITH_KNOTS('',2,(#7737,#7738,#7739),
  .UNSPECIFIED.,.F.,.F.,(3,3),(0.,5.02870704499),
  .PIECEWISE_BEZIER_KNOTS.);
#7737 = CARTESIAN_POINT('',(0.,0.));
#7738 = CARTESIAN_POINT('',(-2.232099375439E-17,-2.514353522495));
#7739 = CARTESIAN_POINT('',(0.,-5.02870704499));
#7740 = ( GEOMETRIC_REPRESENTATION_CONTEXT(2) 
PARAMETRIC_REPRESENTATION_CONTEXT() REPRESENTATION_CONTEXT('2D SPACE',''
  ) );
#7741 = PCURVE('',#7720,#7742);
#7742 = DEFINITIONAL_REPRESENTATION('',(#7743),#7747);
#7743 = B_SPLINE_CURVE_WITH_KNOTS('',2,(#7744,#7745,#7746),
  .UNSPECIFIED.,.F.,.F.,(3,3),(0.,5.02870704499),
  .PIECEWISE_BEZIER_KNOTS.);
#7744 = CARTESIAN_POINT('',(6.28318530718,0.));
#7745 = CARTESIAN_POINT('',(6.28318530718,-2.514353522495));
#7746 = CARTESIAN_POINT('',(6.28318530718,-5.02870704499));
#7747 = ( GEOMETRIC_REPRESENTATION_CONTEXT(2) 
PARAMETRIC_REPRESENTATION_CONTEXT() REPRESENTATION_CONTEXT('2D SPACE',''
  ) );
#7748 = ORIENTED_EDGE('',*,*,#7749,.T.);
#7749 = EDGE_CURVE('',#7713,#7713,#7750,.T.);
#7750 = SURFACE_CURVE('',#7751,(#7759,#7770),.PCURVE_S1.);
#7751 = ( BOUNDED_CURVE() B_SPLINE_CURVE(2,(#7752,#7753,#7754,#7755,
#7756,#7757,#7758),.UNSPECIFIED.,.T.,.F.) B_SPLINE_CURVE_WITH_KNOTS((1,2
    ,2,2,2,1),(-2.094395102393,0.,2.094395102393,4.188790204786,
6.28318530718,8.377580409573),.UNSPECIFIED.) CURVE() 
GEOMETRIC_REPRESENTATION_ITEM() RATIONAL_B_SPLINE_CURVE((1.,0.5,1.,0.5,
1.,0.5,1.)) REPRESENTATION_ITEM('') );
#7752 = CARTESIAN_POINT('',(22.789996966407,18.54004806732,
    42.620548988139));
#7753 = CARTESIAN_POINT('',(1.261507003429,17.48548228928,
    42.079683846134));
#7754 = CARTESIAN_POINT('',(13.414315679773,-10.33414327456,
    40.415896749614));
#7755 = CARTESIAN_POINT('',(25.567124356117,-38.15376883841,
    38.752109653094));
#7756 = CARTESIAN_POINT('',(34.942805642751,-9.279577496529,
    40.956761891619));
#7757 = CARTESIAN_POINT('',(44.318486929386,19.594613845361,
    43.161414130143));
#7758 = CARTESIAN_POINT('',(22.789996966407,18.54004806732,
    42.620548988139));
#7759 = PCURVE('',#7720,#7760);
#7760 = DEFINITIONAL_REPRESENTATION('',(#7761),#7769);
#7761 = B_SPLINE_CURVE_WITH_KNOTS('',2,(#7762,#7763,#7764,#7765,#7766,
    #7767,#7768),.UNSPECIFIED.,.F.,.F.,(3,2,2,3),(0.,2.094395102393,
    4.188790204786,6.28318530718),.PIECEWISE_BEZIER_KNOTS.);
#7762 = CARTESIAN_POINT('',(0.,-5.02870704499));
#7763 = CARTESIAN_POINT('',(1.047197551197,-5.02870704499));
#7764 = CARTESIAN_POINT('',(2.094395102393,-5.02870704499));
#7765 = CARTESIAN_POINT('',(3.14159265359,-5.02870704499));
#7766 = CARTESIAN_POINT('',(4.188790204786,-5.02870704499));
#7767 = CARTESIAN_POINT('',(5.235987755983,-5.02870704499));
#7768 = CARTESIAN_POINT('',(6.28318530718,-5.02870704499));
#7769 = ( GEOMETRIC_REPRESENTATION_CONTEXT(2) 
PARAMETRIC_REPRESENTATION_CONTEXT() REPRESENTATION_CONTEXT('2D SPACE',''
  ) );
#7770 = PCURVE('',#7771,#7776);
#7771 = B_SPLINE_SURFACE_WITH_KNOTS('',1,1,(
    (#7772,#7773)
    ,(#7774,#7775
    )),.UNSPECIFIED.,.F.,.F.,.F.,(2,2),(2,2),(-12.44438278992,
    12.444382789922),(-19.93296027519,17.908236040638),
  .PIECEWISE_BEZIER_KNOTS.);
#7772 = CARTESIAN_POINT('',(12.211935750842,-19.86468370566,
    39.729320796111));
#7773 = CARTESIAN_POINT('',(10.360517491036,17.931194231491,
    42.308280352807));
#7774 = CARTESIAN_POINT('',(37.070894701586,-18.646976034,
    40.353858066774));
#7775 = CARTESIAN_POINT('',(35.219476441779,19.14890190315,
    42.93281762347));
#7776 = DEFINITIONAL_REPRESENTATION('',(#7777),#7785);
#7777 = ( BOUNDED_CURVE() B_SPLINE_CURVE(2,(#7778,#7779,#7780,#7781,
#7782,#7783,#7784),.UNSPECIFIED.,.T.,.F.) B_SPLINE_CURVE_WITH_KNOTS((3,2
    ,2,3),(0.,2.094395102393,4.188790204786,6.28318530718),
.PIECEWISE_BEZIER_KNOTS.) CURVE() GEOMETRIC_REPRESENTATION_ITEM() 
RATIONAL_B_SPLINE_CURVE((1.,0.5,1.,0.5,1.,0.5,1.)) REPRESENTATION_ITEM(
  '') );
#7778 = CARTESIAN_POINT('',(1.8416120377E-15,17.908236040638));
#7779 = CARTESIAN_POINT('',(-21.55430326098,17.908236040638));
#7780 = CARTESIAN_POINT('',(-10.77715163049,-10.47266119623));
#7781 = CARTESIAN_POINT('',(-7.508207786889E-15,-38.85355843311));
#7782 = CARTESIAN_POINT('',(10.77715163049,-10.47266119623));
#7783 = CARTESIAN_POINT('',(21.55430326098,17.908236040638));
#7784 = CARTESIAN_POINT('',(1.8416120377E-15,17.908236040638));
#7785 = ( GEOMETRIC_REPRESENTATION_CONTEXT(2) 
PARAMETRIC_REPRESENTATION_CONTEXT() REPRESENTATION_CONTEXT('2D SPACE',''
  ) );
#7786 = ORIENTED_EDGE('',*,*,#7710,.F.);
#7787 = ORIENTED_EDGE('',*,*,#7788,.F.);
#7788 = EDGE_CURVE('',#7711,#7711,#7789,.T.);
#7789 = SURFACE_CURVE('',#7790,(#7798,#7809),.PCURVE_S1.);
#7790 = ( BOUNDED_CURVE() B_SPLINE_CURVE(2,(#7791,#7792,#7793,#7794,
#7795,#7796,#7797),.UNSPECIFIED.,.T.,.F.) B_SPLINE_CURVE_WITH_KNOTS((1,2
    ,2,2,2,1),(-2.094395102393,0.,2.094395102393,4.188790204786,
6.28318530718,8.377580409573),.UNSPECIFIED.) CURVE() 
GEOMETRIC_REPRESENTATION_ITEM() RATIONAL_B_SPLINE_CURVE((1.,0.5,1.,0.5,
1.,0.5,1.)) REPRESENTATION_ITEM('') );
#7791 = CARTESIAN_POINT('',(22.789996966407,18.54004806732,
    37.591841943149));
#7792 = CARTESIAN_POINT('',(1.261507003429,17.48548228928,
    37.050976801145));
#7793 = CARTESIAN_POINT('',(13.414315679773,-10.33414327456,
    35.387189704625));
#7794 = CARTESIAN_POINT('',(25.567124356117,-38.15376883841,
    33.723402608104));
#7795 = CARTESIAN_POINT('',(34.942805642751,-9.279577496529,
    35.928054846629));
#7796 = CARTESIAN_POINT('',(44.318486929386,19.594613845361,
    38.132707085154));
#7797 = CARTESIAN_POINT('',(22.789996966407,18.54004806732,
    37.591841943149));
#7798 = PCURVE('',#7720,#7799);
#7799 = DEFINITIONAL_REPRESENTATION('',(#7800),#7808);
#7800 = B_SPLINE_CURVE_WITH_KNOTS('',2,(#7801,#7802,#7803,#7804,#7805,
    #7806,#7807),.UNSPECIFIED.,.F.,.F.,(3,2,2,3),(0.,2.094395102393,
    4.188790204786,6.28318530718),.PIECEWISE_BEZIER_KNOTS.);
#7801 = CARTESIAN_POINT('',(0.,0.));
#7802 = CARTESIAN_POINT('',(1.047197551197,-1.059450955621E-15));
#7803 = CARTESIAN_POINT('',(2.094395102393,0.));
#7804 = CARTESIAN_POINT('',(3.14159265359,-3.146133054449E-16));
#7805 = CARTESIAN_POINT('',(4.188790204786,0.));
#7806 = CARTESIAN_POINT('',(5.235987755983,1.434081149102E-16));
#7807 = CARTESIAN_POINT('',(6.28318530718,0.));
#7808 = ( GEOMETRIC_REPRESENTATION_CONTEXT(2) 
PARAMETRIC_REPRESENTATION_CONTEXT() REPRESENTATION_CONTEXT('2D SPACE',''
  ) );
#7809 = PCURVE('',#7810,#7815);
#7810 = B_SPLINE_SURFACE_WITH_KNOTS('',1,1,(
    (#7811,#7812)
    ,(#7813,#7814
    )),.UNSPECIFIED.,.F.,.F.,.F.,(2,2),(2,2),(-12.44438278992,
    12.444382789922),(-19.93296027519,17.908236040638),
  .PIECEWISE_BEZIER_KNOTS.);
#7811 = CARTESIAN_POINT('',(12.211935750842,-19.86468370566,
    34.700613751121));
#7812 = CARTESIAN_POINT('',(10.360517491036,17.931194231491,
    37.279573307818));
#7813 = CARTESIAN_POINT('',(37.070894701586,-18.646976034,
    35.325151021784));
#7814 = CARTESIAN_POINT('',(35.219476441779,19.14890190315,
    37.904110578481));
#7815 = DEFINITIONAL_REPRESENTATION('',(#7816),#7824);
#7816 = ( BOUNDED_CURVE() B_SPLINE_CURVE(2,(#7817,#7818,#7819,#7820,
#7821,#7822,#7823),.UNSPECIFIED.,.T.,.F.) B_SPLINE_CURVE_WITH_KNOTS((3,2
    ,2,3),(0.,2.094395102393,4.188790204786,6.28318530718),
.PIECEWISE_BEZIER_KNOTS.) CURVE() GEOMETRIC_REPRESENTATION_ITEM() 
RATIONAL_B_SPLINE_CURVE((1.,0.5,1.,0.5,1.,0.5,1.)) REPRESENTATION_ITEM(
  '') );
#7817 = CARTESIAN_POINT('',(1.8416120377E-15,17.908236040638));
#7818 = CARTESIAN_POINT('',(-21.55430326098,17.908236040638));
#7819 = CARTESIAN_POINT('',(-10.77715163049,-10.47266119623));
#7820 = CARTESIAN_POINT('',(-7.508207786889E-15,-38.85355843311));
#7821 = CARTESIAN_POINT('',(10.77715163049,-10.47266119623));
#7822 = CARTESIAN_POINT('',(21.55430326098,17.908236040638));
#7823 = CARTESIAN_POINT('',(1.8416120377E-15,17.908236040638));
#7824 = ( GEOMETRIC_REPRESENTATION_CONTEXT(2) 
PARAMETRIC_REPRESENTATION_CONTEXT() REPRESENTATION_CONTEXT('2D SPACE',''
  ) );
#7825 = ADVANCED_FACE('',(#7826,#7829),#7810,.F.);
#7826 = FACE_BOUND('',#7827,.F.);
#7827 = EDGE_LOOP('',(#7828));
#7828 = ORIENTED_EDGE('',*,*,#7788,.T.);
#7829 = FACE_BOUND('',#7830,.F.);
#7830 = EDGE_LOOP('',(#7831));
#7831 = ORIENTED_EDGE('',*,*,#7832,.T.);
#7832 = EDGE_CURVE('',#7833,#7833,#7835,.T.);
#7833 = VERTEX_POINT('',#7834);
#7834 = CARTESIAN_POINT('',(22.848708162883,17.341485179772,
    37.510059341928));
#7835 = SURFACE_CURVE('',#7836,(#7995,#8157),.PCURVE_S1.);
#7836 = B_SPLINE_CURVE_WITH_KNOTS('',7,(#7837,#7838,#7839,#7840,#7841,
    #7842,#7843,#7844,#7845,#7846,#7847,#7848,#7849,#7850,#7851,#7852,
    #7853,#7854,#7855,#7856,#7857,#7858,#7859,#7860,#7861,#7862,#7863,
    #7864,#7865,#7866,#7867,#7868,#7869,#7870,#7871,#7872,#7873,#7874,
    #7875,#7876,#7877,#7878,#7879,#7880,#7881,#7882,#7883,#7884,#7885,
    #7886,#7887,#7888,#7889,#7890,#7891,#7892,#7893,#7894,#7895,#7896,
    #7897,#7898,#7899,#7900,#7901,#7902,#7903,#7904,#7905,#7906,#7907,
    #7908,#7909,#7910,#7911,#7912,#7913,#7914,#7915,#7916,#7917,#7918,
    #7919,#7920,#7921,#7922,#7923,#7924,#7925,#7926,#7927,#7928,#7929,
    #7930,#7931,#7932,#7933,#7934,#7935,#7936,#7937,#7938,#7939,#7940,
    #7941,#7942,#7943,#7944,#7945,#7946,#7947,#7948,#7949,#7950,#7951,
    #7952,#7953,#7954,#7955,#7956,#7957,#7958,#7959,#7960,#7961,#7962,
    #7963,#7964,#7965,#7966,#7967,#7968,#7969,#7970,#7971,#7972,#7973,
    #7974,#7975,#7976,#7977,#7978,#7979,#7980,#7981,#7982,#7983,#7984,
    #7985,#7986,#7987,#7988,#7989,#7990,#7991,#7992,#7993,#7994),
  .UNSPECIFIED.,.T.,.F.,(8,6,6,6,6,6,6,6,6,6,6,6,6,6,6,6,6,6,6,6,6,6,6,6
    ,6,6,8),(0.,4.01049318765E-02,6.756258204255E-02,0.106638257613,
    0.140263247705,0.168195863742,0.249995962794,0.331796061846,
    0.359728677883,0.393353667974,0.432429343545,0.459886993711,
    0.473602027305,0.499998573139,0.517751531533,0.540111306246,
    0.567569057914,0.606644877934,0.640269992325,0.668202711619,
    0.750003113058,0.831803514497,0.859736233791,0.893361348183,
    0.932437168203,0.95989491987,1.),.UNSPECIFIED.);
#7837 = CARTESIAN_POINT('',(22.848708162883,17.341485179772,
    37.510059341928));
#7838 = CARTESIAN_POINT('',(23.37512885188,17.367271740698,
    37.523284729964));
#7839 = CARTESIAN_POINT('',(23.904188330777,17.347711520501,
    37.533425002565));
#7840 = CARTESIAN_POINT('',(24.430397165353,17.282406859076,
    37.540333324444));
#7841 = CARTESIAN_POINT('',(24.949308555738,17.173122444009,
    37.544035362301));
#7842 = CARTESIAN_POINT('',(25.457353397949,17.022795401621,
    37.544657101966));
#7843 = CARTESIAN_POINT('',(25.951750977011,16.835051763209,
    37.54238939983));
#7844 = CARTESIAN_POINT('',(26.758153650211,16.462331590949,
    37.534082603956));
#7845 = CARTESIAN_POINT('',(27.078618230816,16.295103072309,
    37.529457230155));
#7846 = CARTESIAN_POINT('',(27.391288274604,16.113295240459,
    37.523652170415));
#7847 = CARTESIAN_POINT('',(27.695811412901,15.918085862061,
    37.516741385406));
#7848 = CARTESIAN_POINT('',(27.991982237985,15.710599374405,
    37.508798333433));
#7849 = CARTESIAN_POINT('',(28.279716255246,15.491865414224,
    37.499892530571));
#7850 = CARTESIAN_POINT('',(28.956535517271,14.936792407062,
    37.476133325376));
#7851 = CARTESIAN_POINT('',(29.33689813928,14.589929860954,
    37.460361131868));
#7852 = CARTESIAN_POINT('',(29.700238490621,14.224794364506,
    37.442952783374));
#7853 = CARTESIAN_POINT('',(30.046817170951,13.843677056022,
    37.424072714268));
#7854 = CARTESIAN_POINT('',(30.37701276686,13.448548497733,
    37.403865707262));
#7855 = CARTESIAN_POINT('',(30.691296910107,13.041036568027,
    37.382454819422));
#7856 = CARTESIAN_POINT('',(31.247426136727,12.262166747591,
    37.340564450761));
#7857 = CARTESIAN_POINT('',(31.493217249938,11.89375586582,
    37.320374934524));
#7858 = CARTESIAN_POINT('',(31.727900076433,11.5180195971,
    37.299436413389));
#7859 = CARTESIAN_POINT('',(31.951771012681,11.13570788489,
    37.277807297434));
#7860 = CARTESIAN_POINT('',(32.165109639823,10.747475391311,
    37.255539028529));
#7861 = CARTESIAN_POINT('',(32.368182912839,10.353884161097,
    37.232676355971));
#7862 = CARTESIAN_POINT('',(32.721631474979,9.624386369677,
    37.189803400422));
#7863 = CARTESIAN_POINT('',(32.875101525829,9.290006756114,
    37.169966177313));
#7864 = CARTESIAN_POINT('',(33.021803004032,8.952545578878,
    37.149768335096));
#7865 = CARTESIAN_POINT('',(33.161866479507,8.612256619849,
    37.129230297525));
#7866 = CARTESIAN_POINT('',(33.29541120478,8.269370007811,
    37.108370603323));
#7867 = CARTESIAN_POINT('',(33.422546729455,7.924092917502,
    37.087205989706));
#7868 = CARTESIAN_POINT('',(33.897216039891,6.559013975493,
    37.00292233521));
#7869 = CARTESIAN_POINT('',(34.196856871309,5.522805582974,36.9376256992
    ));
#7870 = CARTESIAN_POINT('',(34.445024337624,4.472240714898,
    36.870215736425));
#7871 = CARTESIAN_POINT('',(34.643297753221,3.410965828483,
    36.80097945642));
#7872 = CARTESIAN_POINT('',(34.792746116937,2.342156520368,
    36.730160150422));
#7873 = CARTESIAN_POINT('',(34.893902137554,1.268515016573,
    36.657956653037));
#7874 = CARTESIAN_POINT('',(34.999342921524,-0.884011555526,
    36.511081404276));
#7875 = CARTESIAN_POINT('',(35.00360333134,-1.962399457943,
    36.436443576459));
#7876 = CARTESIAN_POINT('',(34.959330324337,-3.040698141701,
    36.360757364473));
#7877 = CARTESIAN_POINT('',(34.865729640305,-4.116270381864,
    36.284188265185));
#7878 = CARTESIAN_POINT('',(34.721427032204,-5.186060263414,
    36.206918187608));
#7879 = CARTESIAN_POINT('',(34.524494360605,-6.246593140528,
    36.129146022722));
#7880 = CARTESIAN_POINT('',(34.185513259726,-7.651528471934,
    36.024420844179));
#7881 = CARTESIAN_POINT('',(34.092731987036,-8.007578111962,
    35.997731210923));
#7882 = CARTESIAN_POINT('',(33.993338564904,-8.361875120135,
    35.971019358749));
#7883 = CARTESIAN_POINT('',(33.887203720011,-8.714224020373,
    35.944296024869));
#7884 = CARTESIAN_POINT('',(33.774186279163,-9.064407440758,
    35.917573205272));
#7885 = CARTESIAN_POINT('',(33.654131494221,-9.412185575618,
    35.890864155601));
#7886 = CARTESIAN_POINT('',(33.373672395319,-10.17273511878,
    35.832065393937));
#7887 = CARTESIAN_POINT('',(33.210038899891,-10.58428935565,
    35.799989863965));
#7888 = CARTESIAN_POINT('',(33.035665460692,-10.99151379328,
    35.767981016775));
#7889 = CARTESIAN_POINT('',(32.850231469461,-11.39387516852,
    35.736068840182));
#7890 = CARTESIAN_POINT('',(32.653394700272,-11.79074927826,
    35.704289154256));
#7891 = CARTESIAN_POINT('',(32.444786880081,-12.18141873765,
    35.672683670431));
#7892 = CARTESIAN_POINT('',(31.967442817409,-13.01091289659,
    35.604829117644));
#7893 = CARTESIAN_POINT('',(31.694491411381,-13.44719036047,
    35.56866497775));
#7894 = CARTESIAN_POINT('',(31.404494442454,-13.87269884117,
    35.532876732105));
#7895 = CARTESIAN_POINT('',(31.096823436429,-14.28586434861,
    35.497559799563));
#7896 = CARTESIAN_POINT('',(30.770909026682,-14.68476275573,
    35.462835147191));
#7897 = CARTESIAN_POINT('',(30.426267937218,-15.06713936271,
    35.428848520806));
#7898 = CARTESIAN_POINT('',(29.806938905059,-15.68570375439,
    35.372525887688));
#7899 = CARTESIAN_POINT('',(29.541960337664,-15.93151215304,
    35.349734161053));
#7900 = CARTESIAN_POINT('',(29.267486084163,-16.1669514963,
    35.32745466319));
#7901 = CARTESIAN_POINT('',(28.983499603292,-16.39098881876,
    35.30575861738));
#7902 = CARTESIAN_POINT('',(28.690095422723,-16.6024849909,
    35.284727017274));
#7903 = CARTESIAN_POINT('',(28.38750911537,-16.80023344594,
    35.264448594534));
#7904 = CARTESIAN_POINT('',(27.920638553776,-17.07431100728,
    35.235311018595));
#7905 = CARTESIAN_POINT('',(27.762935135833,-17.16187271376,
    35.225816458651));
#7906 = CARTESIAN_POINT('',(27.60310250079,-17.24554485718,
    35.216545173576));
#7907 = CARTESIAN_POINT('',(27.441207687358,-17.3251731338,
    35.207509313012));
#7908 = CARTESIAN_POINT('',(27.277331152117,-17.40060489638,
    35.198721203363));
#7909 = CARTESIAN_POINT('',(27.111568082106,-17.47169185888,
    35.190193188879));
#7910 = CARTESIAN_POINT('',(26.621578118487,-17.66647586088,
    35.166048164326));
#7911 = CARTESIAN_POINT('',(26.292497264155,-17.77806314304,
    35.151164869183));
#7912 = CARTESIAN_POINT('',(25.957652745128,-17.87200858826,
    35.137378885771));
#7913 = CARTESIAN_POINT('',(25.618040207148,-17.94743286114,
    35.124772784565));
#7914 = CARTESIAN_POINT('',(25.274793693497,-18.00366329612,
    35.113417821371));
#7915 = CARTESIAN_POINT('',(24.929197856747,-18.04029412447,
    35.103370029055));
#7916 = CARTESIAN_POINT('',(24.349670131698,-18.06868211971,
    35.088810420604));
#7917 = CARTESIAN_POINT('',(24.116190902565,-18.07120729642,
    35.083562235852));
#7918 = CARTESIAN_POINT('',(23.88268888678,-18.06482104907,
    35.078931102122));
#7919 = CARTESIAN_POINT('',(23.649568996784,-18.04957037847,
    35.074922560549));
#7920 = CARTESIAN_POINT('',(23.417218833663,-18.02556448577,
    35.071537465745));
#7921 = CARTESIAN_POINT('',(23.186009007799,-17.99296850859,
    35.068772426832));
#7922 = CARTESIAN_POINT('',(22.666967918074,-17.90039458711,
    35.063909562719));
#7923 = CARTESIAN_POINT('',(22.37998762726,-17.83550032198,
    35.062170920494));
#7924 = CARTESIAN_POINT('',(22.09605147842,-17.75774305696,
    35.061389806902));
#7925 = CARTESIAN_POINT('',(21.815744997586,-17.66765587174,
    35.061542003154));
#7926 = CARTESIAN_POINT('',(21.539551051209,-17.56584181457,
    35.062596211107));
#7927 = CARTESIAN_POINT('',(21.267860551889,-17.45293938618,
    35.064516677786));
#7928 = CARTESIAN_POINT('',(20.673258542411,-17.17811339346,
    35.070641725646));
#7929 = CARTESIAN_POINT('',(20.352793961807,-17.01088487482,
    35.075267099447));
#7930 = CARTESIAN_POINT('',(20.040123918018,-16.82907704297,
    35.081072159187));
#7931 = CARTESIAN_POINT('',(19.735600779721,-16.63386766458,
    35.087982944196));
#7932 = CARTESIAN_POINT('',(19.439429954638,-16.42638117692,
    35.095925996169));
#7933 = CARTESIAN_POINT('',(19.151695937376,-16.20764721674,
    35.104831799031));
#7934 = CARTESIAN_POINT('',(18.474876675351,-15.65257420958,
    35.128591004226));
#7935 = CARTESIAN_POINT('',(18.094514053342,-15.30571166347,
    35.144363197734));
#7936 = CARTESIAN_POINT('',(17.731173702001,-14.94057616702,
    35.161771546228));
#7937 = CARTESIAN_POINT('',(17.384595021671,-14.55945885854,
    35.180651615334));
#7938 = CARTESIAN_POINT('',(17.054399425762,-14.16433030025,
    35.20085862234));
#7939 = CARTESIAN_POINT('',(16.740115282515,-13.75681837054,
    35.22226951018));
#7940 = CARTESIAN_POINT('',(16.183986055895,-12.97794855011,
    35.264159878841));
#7941 = CARTESIAN_POINT('',(15.938194942684,-12.60953766834,
    35.284349395078));
#7942 = CARTESIAN_POINT('',(15.703512116188,-12.23380139962,
    35.305287916213));
#7943 = CARTESIAN_POINT('',(15.479641179941,-11.8514896874,
    35.326917032168));
#7944 = CARTESIAN_POINT('',(15.266302552798,-11.46325719383,
    35.349185301073));
#7945 = CARTESIAN_POINT('',(15.063229279782,-11.06966596361,
    35.37204797363));
#7946 = CARTESIAN_POINT('',(14.709780717643,-10.34016817219,
    35.414920929179));
#7947 = CARTESIAN_POINT('',(14.556310666792,-10.00578855863,
    35.434758152289));
#7948 = CARTESIAN_POINT('',(14.409609188589,-9.668327381398,
    35.454955994506));
#7949 = CARTESIAN_POINT('',(14.269545713114,-9.328038422369,
    35.475494032077));
#7950 = CARTESIAN_POINT('',(14.136000987841,-8.98515181033,
    35.496353726279));
#7951 = CARTESIAN_POINT('',(14.008865463167,-8.639874720022,
    35.517518339896));
#7952 = CARTESIAN_POINT('',(13.534196152735,-7.27479577801,
    35.601801994393));
#7953 = CARTESIAN_POINT('',(13.234555321294,-6.238587385502,
    35.667098630401));
#7954 = CARTESIAN_POINT('',(12.986387855029,-5.188022517402,
    35.734508593178));
#7955 = CARTESIAN_POINT('',(12.788114439368,-4.126747631017,
    35.80374487318));
#7956 = CARTESIAN_POINT('',(12.638666075702,-3.057938322879,
    35.874564179181));
#7957 = CARTESIAN_POINT('',(12.537510055063,-1.984296819094,
    35.946767676565));
#7958 = CARTESIAN_POINT('',(12.432069271099,0.168229753011,
    36.093642925326));
#7959 = CARTESIAN_POINT('',(12.427808861276,1.246617655408,
    36.168280753142));
#7960 = CARTESIAN_POINT('',(12.472081868292,2.324916339212,
    36.243966965131));
#7961 = CARTESIAN_POINT('',(12.565682552309,3.400488579313,
    36.320536064414));
#7962 = CARTESIAN_POINT('',(12.709985160421,4.470278460914,
    36.397806141995));
#7963 = CARTESIAN_POINT('',(12.906917832016,5.530811338005,
    36.47557830688));
#7964 = CARTESIAN_POINT('',(13.245898932895,6.935746669415,
    36.580303485423));
#7965 = CARTESIAN_POINT('',(13.338680205585,7.291796309444,
    36.606993118679));
#7966 = CARTESIAN_POINT('',(13.438073627718,7.646093317617,
    36.633704970853));
#7967 = CARTESIAN_POINT('',(13.54420847261,7.998442217855,
    36.660428304733));
#7968 = CARTESIAN_POINT('',(13.657225913458,8.34862563824,36.68715112433
    ));
#7969 = CARTESIAN_POINT('',(13.777280698401,8.6964037731,36.713860174001
    ));
#7970 = CARTESIAN_POINT('',(14.057739797302,9.456953316265,
    36.772658935665));
#7971 = CARTESIAN_POINT('',(14.22137329273,9.868507553138,
    36.804734465637));
#7972 = CARTESIAN_POINT('',(14.395746731929,10.275731990769,
    36.836743312827));
#7973 = CARTESIAN_POINT('',(14.581180723161,10.67809336601,
    36.86865548942));
#7974 = CARTESIAN_POINT('',(14.778017492349,11.074967475747,
    36.900435175346));
#7975 = CARTESIAN_POINT('',(14.98662531254,11.465636935131,
    36.932040659171));
#7976 = CARTESIAN_POINT('',(15.463969375213,12.295131094073,
    36.999895211958));
#7977 = CARTESIAN_POINT('',(15.73692078124,12.731408557961,
    37.036059351852));
#7978 = CARTESIAN_POINT('',(16.026917750167,13.156917038659,
    37.071847597497));
#7979 = CARTESIAN_POINT('',(16.334588756193,13.570082546098,
    37.107164530039));
#7980 = CARTESIAN_POINT('',(16.66050316594,13.968980953212,
    37.141889182411));
#7981 = CARTESIAN_POINT('',(17.005144255403,14.351357560194,
    37.175875808796));
#7982 = CARTESIAN_POINT('',(17.624473287562,14.969921951873,
    37.232198441914));
#7983 = CARTESIAN_POINT('',(17.889451854957,15.215730350528,
    37.254990168549));
#7984 = CARTESIAN_POINT('',(18.163926108459,15.451169693783,
    37.277269666412));
#7985 = CARTESIAN_POINT('',(18.44791258933,15.675207016245,
    37.298965712222));
#7986 = CARTESIAN_POINT('',(18.741316769898,15.886703188389,
    37.319997312328));
#7987 = CARTESIAN_POINT('',(19.043903077252,16.084451643424,
    37.340275735068));
#7988 = CARTESIAN_POINT('',(19.810017358339,16.534201025272,
    37.38808923147));
#7989 = CARTESIAN_POINT('',(20.283698917536,16.76936569187,
    37.414678205626));
#7990 = CARTESIAN_POINT('',(20.774619307323,16.968626707316,
    37.439153696331));
#7991 = CARTESIAN_POINT('',(21.28036551488,17.128103627194,
    37.461194363982));
#7992 = CARTESIAN_POINT('',(21.797672582813,17.244524561163,
    37.480502529085));
#7993 = CARTESIAN_POINT('',(22.322287471731,17.315698662828,
    37.496833956893));
#7994 = CARTESIAN_POINT('',(22.848708162883,17.341485179772,
    37.510059341928));
#7995 = PCURVE('',#7810,#7996);
#7996 = DEFINITIONAL_REPRESENTATION('',(#7997),#8156);
#7997 = B_SPLINE_CURVE_WITH_KNOTS('',7,(#7998,#7999,#8000,#8001,#8002,
    #8003,#8004,#8005,#8006,#8007,#8008,#8009,#8010,#8011,#8012,#8013,
    #8014,#8015,#8016,#8017,#8018,#8019,#8020,#8021,#8022,#8023,#8024,
    #8025,#8026,#8027,#8028,#8029,#8030,#8031,#8032,#8033,#8034,#8035,
    #8036,#8037,#8038,#8039,#8040,#8041,#8042,#8043,#8044,#8045,#8046,
    #8047,#8048,#8049,#8050,#8051,#8052,#8053,#8054,#8055,#8056,#8057,
    #8058,#8059,#8060,#8061,#8062,#8063,#8064,#8065,#8066,#8067,#8068,
    #8069,#8070,#8071,#8072,#8073,#8074,#8075,#8076,#8077,#8078,#8079,
    #8080,#8081,#8082,#8083,#8084,#8085,#8086,#8087,#8088,#8089,#8090,
    #8091,#8092,#8093,#8094,#8095,#8096,#8097,#8098,#8099,#8100,#8101,
    #8102,#8103,#8104,#8105,#8106,#8107,#8108,#8109,#8110,#8111,#8112,
    #8113,#8114,#8115,#8116,#8117,#8118,#8119,#8120,#8121,#8122,#8123,
    #8124,#8125,#8126,#8127,#8128,#8129,#8130,#8131,#8132,#8133,#8134,
    #8135,#8136,#8137,#8138,#8139,#8140,#8141,#8142,#8143,#8144,#8145,
    #8146,#8147,#8148,#8149,#8150,#8151,#8152,#8153,#8154,#8155),
  .UNSPECIFIED.,.F.,.F.,(8,6,6,6,6,6,6,6,6,6,6,6,6,6,6,6,6,6,6,6,6,6,6,6
    ,6,6,8),(0.,4.01049318765E-02,6.756258204255E-02,0.106638257613,
    0.140263247705,0.168195863742,0.249995962794,0.331796061846,
    0.359728677883,0.393353667974,0.432429343545,0.459886993711,
    0.473602027305,0.499998573139,0.517751531533,0.540111306246,
    0.567569057914,0.606644877934,0.640269992325,0.668202711619,
    0.750003113058,0.831803514497,0.859736233791,0.893361348183,
    0.932437168203,0.95989491987,1.),.UNSPECIFIED.);
#7998 = CARTESIAN_POINT('',(5.329070518201E-15,16.708236040638));
#7999 = CARTESIAN_POINT('',(0.527051884095,16.708236062658));
#8000 = CARTESIAN_POINT('',(1.054520761413,16.662814505147));
#8001 = CARTESIAN_POINT('',(1.576904315925,16.571842760278));
#8002 = CARTESIAN_POINT('',(2.089847412322,16.437300966377));
#8003 = CARTESIAN_POINT('',(2.589928922792,16.262297354252));
#8004 = CARTESIAN_POINT('',(3.074548869721,16.050589661939));
#8005 = CARTESIAN_POINT('',(3.8617500941,15.638861802192));
#8006 = CARTESIAN_POINT('',(4.173649066326,15.456154506245));
#8007 = CARTESIAN_POINT('',(4.47704952899,15.259266712667));
#8008 = CARTESIAN_POINT('',(4.771657158819,15.049392017622));
#8009 = CARTESIAN_POINT('',(5.057321808299,14.827663561561));
#8010 = CARTESIAN_POINT('',(5.334009460017,14.595113882111));
#8011 = CARTESIAN_POINT('',(5.982860667234,14.007591569665));
#8012 = CARTESIAN_POINT('',(6.345797173447,13.642534803433));
#8013 = CARTESIAN_POINT('',(6.690837772442,13.260059801996));
#8014 = CARTESIAN_POINT('',(7.01835484801,12.862442209707));
#8015 = CARTESIAN_POINT('',(7.328822945068,12.451631706139));
#8016 = CARTESIAN_POINT('',(7.622792776125,12.029231145087));
#8017 = CARTESIAN_POINT('',(8.140149003335,11.224084917341));
#8018 = CARTESIAN_POINT('',(8.367620888935,10.844089666841));
#8019 = CARTESIAN_POINT('',(8.583639389174,10.457321286233));
#8020 = CARTESIAN_POINT('',(8.788537237288,10.064514319355));
#8021 = CARTESIAN_POINT('',(8.982625709592,9.666308965523));
#8022 = CARTESIAN_POINT('',(9.16619893996,9.263253535331));
#8023 = CARTESIAN_POINT('',(9.483532807524,8.517336562565));
#8024 = CARTESIAN_POINT('',(9.620459207616,8.175848724666));
#8025 = CARTESIAN_POINT('',(9.750474372485,7.831614172722));
#8026 = CARTESIAN_POINT('',(9.873721132213,7.48487999642));
#8027 = CARTESIAN_POINT('',(9.99032985579,7.135870214395));
#8028 = CARTESIAN_POINT('',(10.100420097853,6.784786393451));
#8029 = CARTESIAN_POINT('',(10.507733099001,5.398118592108));
#8030 = CARTESIAN_POINT('',(10.756317553676,4.348490929803));
#8031 = CARTESIAN_POINT('',(10.952787882545,3.287042370877));
#8032 = CARTESIAN_POINT('',(11.098899915171,2.217337736041));
#8033 = CARTESIAN_POINT('',(11.195876739396,1.142496517026));
#8034 = CARTESIAN_POINT('',(11.244382635138,6.519164037456E-02));
#8035 = CARTESIAN_POINT('',(11.244382635144,-2.089915874929));
#8036 = CARTESIAN_POINT('',(11.195876739374,-3.167220751575));
#8037 = CARTESIAN_POINT('',(11.098899915211,-4.242061970601));
#8038 = CARTESIAN_POINT('',(10.952787882506,-5.311766605423));
#8039 = CARTESIAN_POINT('',(10.756317553698,-6.373215164361));
#8040 = CARTESIAN_POINT('',(10.507733098997,-7.42284282666));
#8041 = CARTESIAN_POINT('',(10.100420097854,-8.809510628004));
#8042 = CARTESIAN_POINT('',(9.990329855791,-9.160594448948));
#8043 = CARTESIAN_POINT('',(9.873721132214,-9.509604230974));
#8044 = CARTESIAN_POINT('',(9.750474372486,-9.856338407276));
#8045 = CARTESIAN_POINT('',(9.620459207617,-10.20057295922));
#8046 = CARTESIAN_POINT('',(9.483532807525,-10.54206079711));
#8047 = CARTESIAN_POINT('',(9.166198939961,-11.28797776988));
#8048 = CARTESIAN_POINT('',(8.982625709593,-11.69103320007));
#8049 = CARTESIAN_POINT('',(8.788537237289,-12.0892385539));
#8050 = CARTESIAN_POINT('',(8.583639389176,-12.48204552078));
#8051 = CARTESIAN_POINT('',(8.367620888937,-12.86881390139));
#8052 = CARTESIAN_POINT('',(8.140149003336,-13.24880915189));
#8053 = CARTESIAN_POINT('',(7.622792776127,-14.05395537964));
#8054 = CARTESIAN_POINT('',(7.328822945069,-14.47635594069));
#8055 = CARTESIAN_POINT('',(7.018354848011,-14.88716644426));
#8056 = CARTESIAN_POINT('',(6.690837772444,-15.28478403655));
#8057 = CARTESIAN_POINT('',(6.345797173449,-15.66725903798));
#8058 = CARTESIAN_POINT('',(5.982860667236,-16.03231580421));
#8059 = CARTESIAN_POINT('',(5.33400946002,-16.61983811666));
#8060 = CARTESIAN_POINT('',(5.0573218083,-16.85238779611));
#8061 = CARTESIAN_POINT('',(4.771657158821,-17.07411625217));
#8062 = CARTESIAN_POINT('',(4.477049528992,-17.28399094722));
#8063 = CARTESIAN_POINT('',(4.173649066327,-17.4808787408));
#8064 = CARTESIAN_POINT('',(3.861750094102,-17.66358603674));
#8065 = CARTESIAN_POINT('',(3.382029135794,-17.9144932568));
#8066 = CARTESIAN_POINT('',(3.220230538679,-17.99423430296));
#8067 = CARTESIAN_POINT('',(3.056495575151,-18.06998627012));
#8068 = CARTESIAN_POINT('',(2.890898753101,-18.14159831925));
#8069 = CARTESIAN_POINT('',(2.723527901174,-18.20892192234));
#8070 = CARTESIAN_POINT('',(2.554485347454,-18.27181362807));
#8071 = CARTESIAN_POINT('',(2.055552191224,-18.44239111045));
#8072 = CARTESIAN_POINT('',(1.721405923013,-18.53774414747));
#8073 = CARTESIAN_POINT('',(1.382366037099,-18.61519448227));
#8074 = CARTESIAN_POINT('',(1.039470009206,-18.67391254547));
#8075 = CARTESIAN_POINT('',(0.693883435323,-18.71328196132));
#8076 = CARTESIAN_POINT('',(0.346909282173,-18.73296029993));
#8077 = CARTESIAN_POINT('',(-0.23331331509,-18.7329603261));
#8078 = CARTESIAN_POINT('',(-0.466636477755,-18.7240592746));
#8079 = CARTESIAN_POINT('',(-0.699546399476,-18.70625635644));
#8080 = CARTESIAN_POINT('',(-0.931640952293,-18.6796183269));
#8081 = CARTESIAN_POINT('',(-1.162538342085,-18.6442732201));
#8082 = CARTESIAN_POINT('',(-1.391876481831,-18.6004041084));
#8083 = CARTESIAN_POINT('',(-1.905766699802,-18.48254645003));
#8084 = CARTESIAN_POINT('',(-2.1892282882,-18.40368910501));
#8085 = CARTESIAN_POINT('',(-2.469020045174,-18.31213310241));
#8086 = CARTESIAN_POINT('',(-2.74458322737,-18.20843953098));
#8087 = CARTESIAN_POINT('',(-3.015465051352,-18.09323434147));
#8088 = CARTESIAN_POINT('',(-3.281306311959,-17.96717439575));
#8089 = CARTESIAN_POINT('',(-3.861750094099,-17.66358603674));
#8090 = CARTESIAN_POINT('',(-4.173649066325,-17.4808787408));
#8091 = CARTESIAN_POINT('',(-4.477049528989,-17.28399094722));
#8092 = CARTESIAN_POINT('',(-4.771657158818,-17.07411625218));
#8093 = CARTESIAN_POINT('',(-5.057321808297,-16.85238779611));
#8094 = CARTESIAN_POINT('',(-5.334009460017,-16.61983811666));
#8095 = CARTESIAN_POINT('',(-5.982860667233,-16.03231580422));
#8096 = CARTESIAN_POINT('',(-6.345797173446,-15.66725903799));
#8097 = CARTESIAN_POINT('',(-6.690837772441,-15.28478403655));
#8098 = CARTESIAN_POINT('',(-7.018354848009,-14.88716644426));
#8099 = CARTESIAN_POINT('',(-7.328822945067,-14.47635594069));
#8100 = CARTESIAN_POINT('',(-7.622792776124,-14.05395537964));
#8101 = CARTESIAN_POINT('',(-8.140149003334,-13.24880915189));
#8102 = CARTESIAN_POINT('',(-8.367620888934,-12.86881390139));
#8103 = CARTESIAN_POINT('',(-8.583639389174,-12.48204552079));
#8104 = CARTESIAN_POINT('',(-8.788537237287,-12.08923855391));
#8105 = CARTESIAN_POINT('',(-8.982625709591,-11.69103320008));
#8106 = CARTESIAN_POINT('',(-9.16619893996,-11.28797776988));
#8107 = CARTESIAN_POINT('',(-9.483532807524,-10.54206079712));
#8108 = CARTESIAN_POINT('',(-9.620459207616,-10.20057295922));
#8109 = CARTESIAN_POINT('',(-9.750474372485,-9.85633840728));
#8110 = CARTESIAN_POINT('',(-9.873721132213,-9.509604230978));
#8111 = CARTESIAN_POINT('',(-9.990329855789,-9.160594448952));
#8112 = CARTESIAN_POINT('',(-10.10042009785,-8.809510628008));
#8113 = CARTESIAN_POINT('',(-10.50773309899,-7.422842826663));
#8114 = CARTESIAN_POINT('',(-10.75631755369,-6.373215164369));
#8115 = CARTESIAN_POINT('',(-10.95278788251,-5.31176660542));
#8116 = CARTESIAN_POINT('',(-11.0988999152,-4.242061970612));
#8117 = CARTESIAN_POINT('',(-11.19587673937,-3.167220751576));
#8118 = CARTESIAN_POINT('',(-11.24438263514,-2.089915874933));
#8119 = CARTESIAN_POINT('',(-11.24438263514,6.519164037555E-02));
#8120 = CARTESIAN_POINT('',(-11.19587673938,1.142496517003));
#8121 = CARTESIAN_POINT('',(-11.0988999152,2.217337736075));
#8122 = CARTESIAN_POINT('',(-10.95278788251,3.287042370835));
#8123 = CARTESIAN_POINT('',(-10.75631755369,4.348490929823));
#8124 = CARTESIAN_POINT('',(-10.50773309899,5.398118592099));
#8125 = CARTESIAN_POINT('',(-10.10042009785,6.784786393448));
#8126 = CARTESIAN_POINT('',(-9.990329855791,7.135870214392));
#8127 = CARTESIAN_POINT('',(-9.873721132214,7.484879996418));
#8128 = CARTESIAN_POINT('',(-9.750474372486,7.83161417272));
#8129 = CARTESIAN_POINT('',(-9.620459207617,8.175848724664));
#8130 = CARTESIAN_POINT('',(-9.483532807525,8.517336562562));
#8131 = CARTESIAN_POINT('',(-9.166198939961,9.263253535329));
#8132 = CARTESIAN_POINT('',(-8.982625709593,9.66630896552));
#8133 = CARTESIAN_POINT('',(-8.788537237289,10.064514319352));
#8134 = CARTESIAN_POINT('',(-8.583639389175,10.457321286231));
#8135 = CARTESIAN_POINT('',(-8.367620888936,10.844089666839));
#8136 = CARTESIAN_POINT('',(-8.140149003336,11.224084917338));
#8137 = CARTESIAN_POINT('',(-7.622792776126,12.029231145085));
#8138 = CARTESIAN_POINT('',(-7.328822945069,12.451631706137));
#8139 = CARTESIAN_POINT('',(-7.018354848011,12.862442209705));
#8140 = CARTESIAN_POINT('',(-6.690837772443,13.260059801995));
#8141 = CARTESIAN_POINT('',(-6.345797173449,13.642534803431));
#8142 = CARTESIAN_POINT('',(-5.982860667236,14.007591569663));
#8143 = CARTESIAN_POINT('',(-5.334009460019,14.595113882109));
#8144 = CARTESIAN_POINT('',(-5.0573218083,14.827663561562));
#8145 = CARTESIAN_POINT('',(-4.771657158821,15.04939201762));
#8146 = CARTESIAN_POINT('',(-4.477049528992,15.259266712665));
#8147 = CARTESIAN_POINT('',(-4.173649066327,15.456154506247));
#8148 = CARTESIAN_POINT('',(-3.861750094101,15.63886180219));
#8149 = CARTESIAN_POINT('',(-3.074548869723,16.050589661942));
#8150 = CARTESIAN_POINT('',(-2.589928922794,16.26229735424));
#8151 = CARTESIAN_POINT('',(-2.089847412321,16.437300966399));
#8152 = CARTESIAN_POINT('',(-1.576904315928,16.571842760255));
#8153 = CARTESIAN_POINT('',(-1.054520761412,16.66281450516));
#8154 = CARTESIAN_POINT('',(-0.527051884096,16.708236062654));
#8155 = CARTESIAN_POINT('',(1.7763568394E-15,16.708236040638));
#8156 = ( GEOMETRIC_REPRESENTATION_CONTEXT(2) 
PARAMETRIC_REPRESENTATION_CONTEXT() REPRESENTATION_CONTEXT('2D SPACE',''
  ) );
#8157 = PCURVE('',#8158,#8173);
#8158 = ( BOUNDED_SURFACE() B_SPLINE_SURFACE(2,1,(
    (#8159,#8160)
    ,(#8161,#8162)
    ,(#8163,#8164)
    ,(#8165,#8166)
    ,(#8167,#8168)
    ,(#8169,#8170)
    ,(#8171,#8172
)),.UNSPECIFIED.,.T.,.F.,.F.) B_SPLINE_SURFACE_WITH_KNOTS((3,2,2,3),(2,2
    ),(0.,2.094395102393,4.188790204786,6.28318530718),(-6.02870704499,
-1.),.PIECEWISE_BEZIER_KNOTS.) GEOMETRIC_REPRESENTATION_ITEM() 
RATIONAL_B_SPLINE_SURFACE((
    (1.,1.)
    ,(0.5,0.5)
    ,(1.,1.)
    ,(0.5,0.5)
    ,(1.,1.)
    ,(0.5,0.5)
,(1.,1.))) REPRESENTATION_ITEM('') SURFACE() );
#8159 = CARTESIAN_POINT('',(22.848708162883,17.341485179772,
    42.538766386918));
#8160 = CARTESIAN_POINT('',(22.848708162883,17.341485179772,
    37.510059341928));
#8161 = CARTESIAN_POINT('',(3.396190017205,16.388610177001,
    42.050056356288));
#8162 = CARTESIAN_POINT('',(3.396190017205,16.388610177001,
    37.021349311299));
#8163 = CARTESIAN_POINT('',(14.422945990185,-9.684016443161,
    40.482865605912));
#8164 = CARTESIAN_POINT('',(14.422945990185,-9.684016443161,
    35.454158560923));
#8165 = CARTESIAN_POINT('',(25.449701963166,-35.75664306332,
    38.915674855537));
#8166 = CARTESIAN_POINT('',(25.449701963166,-35.75664306332,
    33.886967810547));
#8167 = CARTESIAN_POINT('',(33.875464135864,-8.731141440389,
    40.971575636542));
#8168 = CARTESIAN_POINT('',(33.875464135864,-8.731141440389,
    35.942868591552));
#8169 = CARTESIAN_POINT('',(42.301226308561,18.294360182543,
    43.027476417547));
#8170 = CARTESIAN_POINT('',(42.301226308561,18.294360182543,
    37.998769372557));
#8171 = CARTESIAN_POINT('',(22.848708162883,17.341485179772,
    42.538766386918));
#8172 = CARTESIAN_POINT('',(22.848708162883,17.341485179772,
    37.510059341928));
#8173 = DEFINITIONAL_REPRESENTATION('',(#8174),#8288);
#8174 = B_SPLINE_CURVE_WITH_KNOTS('',8,(#8175,#8176,#8177,#8178,#8179,
    #8180,#8181,#8182,#8183,#8184,#8185,#8186,#8187,#8188,#8189,#8190,
    #8191,#8192,#8193,#8194,#8195,#8196,#8197,#8198,#8199,#8200,#8201,
    #8202,#8203,#8204,#8205,#8206,#8207,#8208,#8209,#8210,#8211,#8212,
    #8213,#8214,#8215,#8216,#8217,#8218,#8219,#8220,#8221,#8222,#8223,
    #8224,#8225,#8226,#8227,#8228,#8229,#8230,#8231,#8232,#8233,#8234,
    #8235,#8236,#8237,#8238,#8239,#8240,#8241,#8242,#8243,#8244,#8245,
    #8246,#8247,#8248,#8249,#8250,#8251,#8252,#8253,#8254,#8255,#8256,
    #8257,#8258,#8259,#8260,#8261,#8262,#8263,#8264,#8265,#8266,#8267,
    #8268,#8269,#8270,#8271,#8272,#8273,#8274,#8275,#8276,#8277,#8278,
    #8279,#8280,#8281,#8282,#8283,#8284,#8285,#8286,#8287),
  .UNSPECIFIED.,.F.,.F.,(9,8,8,8,8,8,8,8,8,8,8,8,8,8,9),(0.,6.25E-02,
    0.1796875,0.2822265625,0.327087402344,0.348115921021,0.429601430893,
    0.500901252031,0.625675939023,0.649071192835,0.654554455446,
    0.827277227723,0.913638613862,0.956819306931,1.),.UNSPECIFIED.);
#8175 = CARTESIAN_POINT('',(6.28318530718,-1.));
#8176 = CARTESIAN_POINT('',(6.205899709559,-1.000000000002));
#8177 = CARTESIAN_POINT('',(6.13177842923,-1.000000000001));
#8178 = CARTESIAN_POINT('',(6.06133927024,-1.000000000002));
#8179 = CARTESIAN_POINT('',(5.994365547442,-0.999999999997));
#8180 = CARTESIAN_POINT('',(5.930903236147,-0.999999999997));
#8181 = CARTESIAN_POINT('',(5.870854928541,-1.000000000005));
#8182 = CARTESIAN_POINT('',(5.813586567056,-1.000000000001));
#8183 = CARTESIAN_POINT('',(5.758962924897,-1.));
#8184 = CARTESIAN_POINT('',(5.65652492501,-1.));
#8185 = CARTESIAN_POINT('',(5.563274597609,-1.000000000001));
#8186 = CARTESIAN_POINT('',(5.476939182416,-1.));
#8187 = CARTESIAN_POINT('',(5.395658652792,-0.999999999999));
#8188 = CARTESIAN_POINT('',(5.318003987101,-1.));
#8189 = CARTESIAN_POINT('',(5.242916887424,-1.000000000001));
#8190 = CARTESIAN_POINT('',(5.169570945637,-1.));
#8191 = CARTESIAN_POINT('',(5.097154256844,-1.));
#8192 = CARTESIAN_POINT('',(5.033792068865,-1.));
#8193 = CARTESIAN_POINT('',(4.971139348664,-1.));
#8194 = CARTESIAN_POINT('',(4.908674261537,-1.));
#8195 = CARTESIAN_POINT('',(4.845927668113,-1.));
#8196 = CARTESIAN_POINT('',(4.782443060123,-1.));
#8197 = CARTESIAN_POINT('',(4.717736496186,-1.));
#8198 = CARTESIAN_POINT('',(4.65125653758,-1.));
#8199 = CARTESIAN_POINT('',(4.582344184022,-1.));
#8200 = CARTESIAN_POINT('',(4.552195007215,-1.));
#8201 = CARTESIAN_POINT('',(4.521575576802,-1.));
#8202 = CARTESIAN_POINT('',(4.490434279615,-1.));
#8203 = CARTESIAN_POINT('',(4.458711295005,-1.));
#8204 = CARTESIAN_POINT('',(4.42633859484,-1.));
#8205 = CARTESIAN_POINT('',(4.393239943509,-1.));
#8206 = CARTESIAN_POINT('',(4.359330897919,-1.));
#8207 = CARTESIAN_POINT('',(4.324518807495,-1.));
#8208 = CARTESIAN_POINT('',(4.308198702098,-1.));
#8209 = CARTESIAN_POINT('',(4.291681307483,-1.));
#8210 = CARTESIAN_POINT('',(4.274955314788,-1.));
#8211 = CARTESIAN_POINT('',(4.25800941515,-1.));
#8212 = CARTESIAN_POINT('',(4.240832299708,-1.));
#8213 = CARTESIAN_POINT('',(4.223412659597,-1.));
#8214 = CARTESIAN_POINT('',(4.205739185958,-1.));
#8215 = CARTESIAN_POINT('',(4.187800569926,-1.));
#8216 = CARTESIAN_POINT('',(4.118345788959,-1.));
#8217 = CARTESIAN_POINT('',(4.050136981365,-1.));
#8218 = CARTESIAN_POINT('',(3.982766090655,-1.));
#8219 = CARTESIAN_POINT('',(3.915833104749,-1.));
#8220 = CARTESIAN_POINT('',(3.848946055976,-1.));
#8221 = CARTESIAN_POINT('',(3.781721021069,-1.));
#8222 = CARTESIAN_POINT('',(3.713782121172,-1.));
#8223 = CARTESIAN_POINT('',(3.644761521832,-1.));
#8224 = CARTESIAN_POINT('',(3.584374809947,-1.));
#8225 = CARTESIAN_POINT('',(3.523158242839,-1.));
#8226 = CARTESIAN_POINT('',(3.460956927803,-1.));
#8227 = CARTESIAN_POINT('',(3.397545687701,-1.));
#8228 = CARTESIAN_POINT('',(3.332880528914,-1.));
#8229 = CARTESIAN_POINT('',(3.267206352946,-1.));
#8230 = CARTESIAN_POINT('',(3.20102091169,-1.));
#8231 = CARTESIAN_POINT('',(3.134895006359,-1.));
#8232 = CARTESIAN_POINT('',(3.019172087671,-0.999999999995));
#8233 = CARTESIAN_POINT('',(2.903567628142,-1.000000000069));
#8234 = CARTESIAN_POINT('',(2.790848226912,-0.999999999818));
#8235 = CARTESIAN_POINT('',(2.684014423983,-1.000000000044));
#8236 = CARTESIAN_POINT('',(2.579424919997,-0.999999999891));
#8237 = CARTESIAN_POINT('',(2.476959747612,-1.000000000087));
#8238 = CARTESIAN_POINT('',(2.374628547477,-0.99999999999));
#8239 = CARTESIAN_POINT('',(2.271230819192,-1.));
#8240 = CARTESIAN_POINT('',(2.251842965697,-1.));
#8241 = CARTESIAN_POINT('',(2.232416505044,-1.));
#8242 = CARTESIAN_POINT('',(2.212941951887,-1.));
#8243 = CARTESIAN_POINT('',(2.193409820884,-1.));
#8244 = CARTESIAN_POINT('',(2.173810626689,-1.));
#8245 = CARTESIAN_POINT('',(2.154134883958,-1.));
#8246 = CARTESIAN_POINT('',(2.134373107346,-1.));
#8247 = CARTESIAN_POINT('',(2.114515811509,-1.));
#8248 = CARTESIAN_POINT('',(2.109858044735,-1.));
#8249 = CARTESIAN_POINT('',(2.105209659719,-1.));
#8250 = CARTESIAN_POINT('',(2.100541966675,-1.));
#8251 = CARTESIAN_POINT('',(2.095857567192,-1.));
#8252 = CARTESIAN_POINT('',(2.091175531155,-1.));
#8253 = CARTESIAN_POINT('',(2.086516573681,-1.));
#8254 = CARTESIAN_POINT('',(2.081888232045,-1.));
#8255 = CARTESIAN_POINT('',(2.077270042607,-1.));
#8256 = CARTESIAN_POINT('',(1.931826620726,-1.000000000001));
#8257 = CARTESIAN_POINT('',(1.803804516075,-1.000000000003));
#8258 = CARTESIAN_POINT('',(1.686035311956,-1.000000000004));
#8259 = CARTESIAN_POINT('',(1.575083324954,-1.000000000001));
#8260 = CARTESIAN_POINT('',(1.468376669719,-1.000000000003));
#8261 = CARTESIAN_POINT('',(1.363630381362,-1.000000000007));
#8262 = CARTESIAN_POINT('',(1.258886472532,-0.999999999999));
#8263 = CARTESIAN_POINT('',(1.151495802218,-1.));
#8264 = CARTESIAN_POINT('',(1.097796857455,-1.));
#8265 = CARTESIAN_POINT('',(1.043436850428,-1.));
#8266 = CARTESIAN_POINT('',(0.988089187086,-1.));
#8267 = CARTESIAN_POINT('',(0.931397137052,-1.));
#8268 = CARTESIAN_POINT('',(0.872946143582,-1.));
#8269 = CARTESIAN_POINT('',(0.812236133514,-1.));
#8270 = CARTESIAN_POINT('',(0.748653827229,-1.));
#8271 = CARTESIAN_POINT('',(0.681445048596,-1.));
#8272 = CARTESIAN_POINT('',(0.647838201446,-1.));
#8273 = CARTESIAN_POINT('',(0.613332755899,-1.));
#8274 = CARTESIAN_POINT('',(0.577825624992,-1.));
#8275 = CARTESIAN_POINT('',(0.541213721759,-1.));
#8276 = CARTESIAN_POINT('',(0.503393959233,-1.));
#8277 = CARTESIAN_POINT('',(0.464263250451,-1.));
#8278 = CARTESIAN_POINT('',(0.423718508446,-1.));
#8279 = CARTESIAN_POINT('',(0.381656646253,-1.));
#8280 = CARTESIAN_POINT('',(0.339604509529,-1.));
#8281 = CARTESIAN_POINT('',(0.296018404622,-1.));
#8282 = CARTESIAN_POINT('',(0.250840693662,-1.));
#8283 = CARTESIAN_POINT('',(0.204012179891,-1.));
#8284 = CARTESIAN_POINT('',(0.155490829082,-1.));
#8285 = CARTESIAN_POINT('',(0.105270490961,-1.));
#8286 = CARTESIAN_POINT('',(5.33996206334E-02,-1.));
#8287 = CARTESIAN_POINT('',(0.,-1.));
#8288 = ( GEOMETRIC_REPRESENTATION_CONTEXT(2) 
PARAMETRIC_REPRESENTATION_CONTEXT() REPRESENTATION_CONTEXT('2D SPACE',''
  ) );
#8289 = ADVANCED_FACE('',(#8290,#8293),#7771,.T.);
#8290 = FACE_BOUND('',#8291,.T.);
#8291 = EDGE_LOOP('',(#8292));
#8292 = ORIENTED_EDGE('',*,*,#7749,.T.);
#8293 = FACE_BOUND('',#8294,.T.);
#8294 = EDGE_LOOP('',(#8295));
#8295 = ORIENTED_EDGE('',*,*,#8296,.T.);
#8296 = EDGE_CURVE('',#8297,#8297,#8299,.T.);
#8297 = VERTEX_POINT('',#8298);
#8298 = CARTESIAN_POINT('',(22.848708162883,17.341485179772,
    42.538766386918));
#8299 = SURFACE_CURVE('',#8300,(#8459,#8621),.PCURVE_S1.);
#8300 = B_SPLINE_CURVE_WITH_KNOTS('',7,(#8301,#8302,#8303,#8304,#8305,
    #8306,#8307,#8308,#8309,#8310,#8311,#8312,#8313,#8314,#8315,#8316,
    #8317,#8318,#8319,#8320,#8321,#8322,#8323,#8324,#8325,#8326,#8327,
    #8328,#8329,#8330,#8331,#8332,#8333,#8334,#8335,#8336,#8337,#8338,
    #8339,#8340,#8341,#8342,#8343,#8344,#8345,#8346,#8347,#8348,#8349,
    #8350,#8351,#8352,#8353,#8354,#8355,#8356,#8357,#8358,#8359,#8360,
    #8361,#8362,#8363,#8364,#8365,#8366,#8367,#8368,#8369,#8370,#8371,
    #8372,#8373,#8374,#8375,#8376,#8377,#8378,#8379,#8380,#8381,#8382,
    #8383,#8384,#8385,#8386,#8387,#8388,#8389,#8390,#8391,#8392,#8393,
    #8394,#8395,#8396,#8397,#8398,#8399,#8400,#8401,#8402,#8403,#8404,
    #8405,#8406,#8407,#8408,#8409,#8410,#8411,#8412,#8413,#8414,#8415,
    #8416,#8417,#8418,#8419,#8420,#8421,#8422,#8423,#8424,#8425,#8426,
    #8427,#8428,#8429,#8430,#8431,#8432,#8433,#8434,#8435,#8436,#8437,
    #8438,#8439,#8440,#8441,#8442,#8443,#8444,#8445,#8446,#8447,#8448,
    #8449,#8450,#8451,#8452,#8453,#8454,#8455,#8456,#8457,#8458),
  .UNSPECIFIED.,.T.,.F.,(8,6,6,6,6,6,6,6,6,6,6,6,6,6,6,6,6,6,6,6,6,6,6,6
    ,6,6,8),(0.,4.01049318765E-02,6.756258204255E-02,0.106638257613,
    0.140263247705,0.168195863742,0.249995962794,0.331796061846,
    0.359728677883,0.393353667974,0.432429343545,0.459886993711,
    0.473602027305,0.499998573139,0.517751531533,0.540111306246,
    0.567569057914,0.606644877934,0.640269992325,0.668202711619,
    0.750003113058,0.831803514497,0.859736233791,0.893361348183,
    0.932437168203,0.95989491987,1.),.UNSPECIFIED.);
#8301 = CARTESIAN_POINT('',(22.848708162883,17.341485179772,
    42.538766386918));
#8302 = CARTESIAN_POINT('',(23.37512885188,17.367271740698,
    42.551991774954));
#8303 = CARTESIAN_POINT('',(23.904188330777,17.347711520501,
    42.562132047555));
#8304 = CARTESIAN_POINT('',(24.430397165353,17.282406859076,
    42.569040369434));
#8305 = CARTESIAN_POINT('',(24.949308555738,17.173122444009,
    42.572742407291));
#8306 = CARTESIAN_POINT('',(25.457353397949,17.022795401621,
    42.573364146955));
#8307 = CARTESIAN_POINT('',(25.951750977011,16.835051763209,
    42.571096444819));
#8308 = CARTESIAN_POINT('',(26.758153650211,16.462331590949,
    42.562789648945));
#8309 = CARTESIAN_POINT('',(27.078618230816,16.295103072309,
    42.558164275145));
#8310 = CARTESIAN_POINT('',(27.391288274604,16.113295240459,
    42.552359215404));
#8311 = CARTESIAN_POINT('',(27.695811412901,15.918085862061,
    42.545448430395));
#8312 = CARTESIAN_POINT('',(27.991982237985,15.710599374405,
    42.537505378423));
#8313 = CARTESIAN_POINT('',(28.279716255246,15.491865414224,
    42.528599575561));
#8314 = CARTESIAN_POINT('',(28.956535517271,14.936792407062,
    42.504840370366));
#8315 = CARTESIAN_POINT('',(29.33689813928,14.589929860954,
    42.489068176857));
#8316 = CARTESIAN_POINT('',(29.700238490621,14.224794364506,
    42.471659828363));
#8317 = CARTESIAN_POINT('',(30.046817170951,13.843677056022,
    42.452779759258));
#8318 = CARTESIAN_POINT('',(30.37701276686,13.448548497733,
    42.432572752251));
#8319 = CARTESIAN_POINT('',(30.691296910107,13.041036568027,
    42.411161864411));
#8320 = CARTESIAN_POINT('',(31.247426136727,12.262166747591,
    42.369271495751));
#8321 = CARTESIAN_POINT('',(31.493217249938,11.89375586582,
    42.349081979513));
#8322 = CARTESIAN_POINT('',(31.727900076433,11.5180195971,
    42.328143458379));
#8323 = CARTESIAN_POINT('',(31.951771012681,11.13570788489,
    42.306514342423));
#8324 = CARTESIAN_POINT('',(32.165109639823,10.747475391311,
    42.284246073518));
#8325 = CARTESIAN_POINT('',(32.368182912839,10.353884161097,
    42.261383400961));
#8326 = CARTESIAN_POINT('',(32.721631474979,9.624386369677,
    42.218510445412));
#8327 = CARTESIAN_POINT('',(32.875101525829,9.290006756114,
    42.198673222302));
#8328 = CARTESIAN_POINT('',(33.021803004032,8.952545578878,
    42.178475380085));
#8329 = CARTESIAN_POINT('',(33.161866479507,8.612256619849,
    42.157937342514));
#8330 = CARTESIAN_POINT('',(33.29541120478,8.269370007811,
    42.137077648313));
#8331 = CARTESIAN_POINT('',(33.422546729455,7.924092917502,
    42.115913034696));
#8332 = CARTESIAN_POINT('',(33.897216039891,6.559013975493,
    42.031629380199));
#8333 = CARTESIAN_POINT('',(34.196856871309,5.522805582974,
    41.96633274419));
#8334 = CARTESIAN_POINT('',(34.445024337624,4.472240714898,
    41.898922781415));
#8335 = CARTESIAN_POINT('',(34.643297753221,3.410965828483,
    41.82968650141));
#8336 = CARTESIAN_POINT('',(34.792746116937,2.342156520368,
    41.758867195411));
#8337 = CARTESIAN_POINT('',(34.893902137554,1.268515016573,
    41.686663698027));
#8338 = CARTESIAN_POINT('',(34.999342921524,-0.884011555526,
    41.539788449266));
#8339 = CARTESIAN_POINT('',(35.00360333134,-1.962399457943,
    41.465150621448));
#8340 = CARTESIAN_POINT('',(34.959330324337,-3.040698141701,
    41.389464409463));
#8341 = CARTESIAN_POINT('',(34.865729640305,-4.116270381864,
    41.312895310175));
#8342 = CARTESIAN_POINT('',(34.721427032204,-5.186060263414,
    41.235625232598));
#8343 = CARTESIAN_POINT('',(34.524494360605,-6.246593140528,
    41.157853067711));
#8344 = CARTESIAN_POINT('',(34.185513259726,-7.651528471934,
    41.053127889168));
#8345 = CARTESIAN_POINT('',(34.092731987036,-8.007578111962,
    41.026438255913));
#8346 = CARTESIAN_POINT('',(33.993338564904,-8.361875120135,
    40.999726403738));
#8347 = CARTESIAN_POINT('',(33.887203720011,-8.714224020373,
    40.973003069859));
#8348 = CARTESIAN_POINT('',(33.774186279163,-9.064407440758,
    40.946280250262));
#8349 = CARTESIAN_POINT('',(33.654131494221,-9.412185575618,
    40.91957120059));
#8350 = CARTESIAN_POINT('',(33.373672395319,-10.17273511878,
    40.860772438926));
#8351 = CARTESIAN_POINT('',(33.210038899891,-10.58428935565,
    40.828696908954));
#8352 = CARTESIAN_POINT('',(33.035665460692,-10.99151379328,
    40.796688061765));
#8353 = CARTESIAN_POINT('',(32.850231469461,-11.39387516852,
    40.764775885172));
#8354 = CARTESIAN_POINT('',(32.653394700272,-11.79074927826,
    40.732996199246));
#8355 = CARTESIAN_POINT('',(32.444786880081,-12.18141873765,
    40.70139071542));
#8356 = CARTESIAN_POINT('',(31.967442817409,-13.01091289659,
    40.633536162633));
#8357 = CARTESIAN_POINT('',(31.694491411381,-13.44719036047,
    40.59737202274));
#8358 = CARTESIAN_POINT('',(31.404494442454,-13.87269884117,
    40.561583777095));
#8359 = CARTESIAN_POINT('',(31.096823436429,-14.28586434861,
    40.526266844552));
#8360 = CARTESIAN_POINT('',(30.770909026682,-14.68476275573,
    40.49154219218));
#8361 = CARTESIAN_POINT('',(30.426267937218,-15.06713936271,
    40.457555565796));
#8362 = CARTESIAN_POINT('',(29.806938905059,-15.68570375439,
    40.401232932678));
#8363 = CARTESIAN_POINT('',(29.541960337664,-15.93151215304,
    40.378441206042));
#8364 = CARTESIAN_POINT('',(29.267486084163,-16.1669514963,
    40.356161708179));
#8365 = CARTESIAN_POINT('',(28.983499603292,-16.39098881876,
    40.334465662369));
#8366 = CARTESIAN_POINT('',(28.690095422723,-16.6024849909,
    40.313434062264));
#8367 = CARTESIAN_POINT('',(28.38750911537,-16.80023344594,
    40.293155639523));
#8368 = CARTESIAN_POINT('',(27.920638553776,-17.07431100728,
    40.264018063584));
#8369 = CARTESIAN_POINT('',(27.762935135833,-17.16187271376,
    40.254523503641));
#8370 = CARTESIAN_POINT('',(27.60310250079,-17.24554485718,
    40.245252218566));
#8371 = CARTESIAN_POINT('',(27.441207687358,-17.3251731338,
    40.236216358002));
#8372 = CARTESIAN_POINT('',(27.277331152117,-17.40060489638,
    40.227428248352));
#8373 = CARTESIAN_POINT('',(27.111568082106,-17.47169185888,
    40.218900233869));
#8374 = CARTESIAN_POINT('',(26.621578118487,-17.66647586088,
    40.194755209316));
#8375 = CARTESIAN_POINT('',(26.292497264155,-17.77806314304,
    40.179871914172));
#8376 = CARTESIAN_POINT('',(25.957652745128,-17.87200858826,
    40.166085930761));
#8377 = CARTESIAN_POINT('',(25.618040207148,-17.94743286114,
    40.153479829555));
#8378 = CARTESIAN_POINT('',(25.274793693497,-18.00366329612,
    40.142124866361));
#8379 = CARTESIAN_POINT('',(24.929197856747,-18.04029412447,
    40.132077074045));
#8380 = CARTESIAN_POINT('',(24.349670131698,-18.06868211971,
    40.117517465594));
#8381 = CARTESIAN_POINT('',(24.116190902565,-18.07120729642,
    40.112269280841));
#8382 = CARTESIAN_POINT('',(23.88268888678,-18.06482104907,
    40.107638147111));
#8383 = CARTESIAN_POINT('',(23.649568996784,-18.04957037847,
    40.103629605539));
#8384 = CARTESIAN_POINT('',(23.417218833663,-18.02556448577,
    40.100244510735));
#8385 = CARTESIAN_POINT('',(23.186009007799,-17.99296850859,
    40.097479471822));
#8386 = CARTESIAN_POINT('',(22.666967918074,-17.90039458711,
    40.092616607708));
#8387 = CARTESIAN_POINT('',(22.37998762726,-17.83550032198,
    40.090877965484));
#8388 = CARTESIAN_POINT('',(22.09605147842,-17.75774305696,
    40.090096851892));
#8389 = CARTESIAN_POINT('',(21.815744997586,-17.66765587174,
    40.090249048144));
#8390 = CARTESIAN_POINT('',(21.539551051209,-17.56584181457,
    40.091303256097));
#8391 = CARTESIAN_POINT('',(21.267860551889,-17.45293938618,
    40.093223722776));
#8392 = CARTESIAN_POINT('',(20.673258542411,-17.17811339346,
    40.099348770636));
#8393 = CARTESIAN_POINT('',(20.352793961807,-17.01088487482,
    40.103974144436));
#8394 = CARTESIAN_POINT('',(20.040123918018,-16.82907704297,
    40.109779204177));
#8395 = CARTESIAN_POINT('',(19.735600779721,-16.63386766458,
    40.116689989186));
#8396 = CARTESIAN_POINT('',(19.439429954638,-16.42638117692,
    40.124633041159));
#8397 = CARTESIAN_POINT('',(19.151695937376,-16.20764721674,
    40.133538844021));
#8398 = CARTESIAN_POINT('',(18.474876675351,-15.65257420958,
    40.157298049215));
#8399 = CARTESIAN_POINT('',(18.094514053342,-15.30571166347,
    40.173070242724));
#8400 = CARTESIAN_POINT('',(17.731173702001,-14.94057616702,
    40.190478591218));
#8401 = CARTESIAN_POINT('',(17.384595021671,-14.55945885854,
    40.209358660324));
#8402 = CARTESIAN_POINT('',(17.054399425762,-14.16433030025,
    40.22956566733));
#8403 = CARTESIAN_POINT('',(16.740115282515,-13.75681837054,
    40.25097655517));
#8404 = CARTESIAN_POINT('',(16.183986055895,-12.97794855011,
    40.29286692383));
#8405 = CARTESIAN_POINT('',(15.938194942684,-12.60953766834,
    40.313056440068));
#8406 = CARTESIAN_POINT('',(15.703512116188,-12.23380139962,
    40.333994961202));
#8407 = CARTESIAN_POINT('',(15.479641179941,-11.8514896874,
    40.355624077158));
#8408 = CARTESIAN_POINT('',(15.266302552798,-11.46325719383,
    40.377892346063));
#8409 = CARTESIAN_POINT('',(15.063229279782,-11.06966596361,
    40.40075501862));
#8410 = CARTESIAN_POINT('',(14.709780717643,-10.34016817219,
    40.443627974169));
#8411 = CARTESIAN_POINT('',(14.556310666792,-10.00578855863,
    40.463465197279));
#8412 = CARTESIAN_POINT('',(14.409609188589,-9.668327381398,
    40.483663039496));
#8413 = CARTESIAN_POINT('',(14.269545713114,-9.328038422369,
    40.504201077067));
#8414 = CARTESIAN_POINT('',(14.136000987841,-8.98515181033,
    40.525060771268));
#8415 = CARTESIAN_POINT('',(14.008865463167,-8.639874720022,
    40.546225384885));
#8416 = CARTESIAN_POINT('',(13.534196152735,-7.27479577801,
    40.630509039382));
#8417 = CARTESIAN_POINT('',(13.234555321294,-6.238587385502,
    40.69580567539));
#8418 = CARTESIAN_POINT('',(12.986387855029,-5.188022517402,
    40.763215638168));
#8419 = CARTESIAN_POINT('',(12.788114439368,-4.126747631017,
    40.83245191817));
#8420 = CARTESIAN_POINT('',(12.638666075702,-3.057938322879,
    40.903271224171));
#8421 = CARTESIAN_POINT('',(12.537510055063,-1.984296819094,
    40.975474721554));
#8422 = CARTESIAN_POINT('',(12.432069271099,0.168229753011,
    41.122349970316));
#8423 = CARTESIAN_POINT('',(12.427808861276,1.246617655408,
    41.196987798132));
#8424 = CARTESIAN_POINT('',(12.472081868292,2.324916339212,
    41.272674010121));
#8425 = CARTESIAN_POINT('',(12.565682552309,3.400488579313,
    41.349243109404));
#8426 = CARTESIAN_POINT('',(12.709985160421,4.470278460914,
    41.426513186985));
#8427 = CARTESIAN_POINT('',(12.906917832016,5.530811338005,
    41.504285351869));
#8428 = CARTESIAN_POINT('',(13.245898932895,6.935746669415,
    41.609010530413));
#8429 = CARTESIAN_POINT('',(13.338680205585,7.291796309444,
    41.635700163668));
#8430 = CARTESIAN_POINT('',(13.438073627718,7.646093317617,
    41.662412015843));
#8431 = CARTESIAN_POINT('',(13.54420847261,7.998442217855,
    41.689135349722));
#8432 = CARTESIAN_POINT('',(13.657225913458,8.34862563824,
    41.715858169319));
#8433 = CARTESIAN_POINT('',(13.777280698401,8.6964037731,41.742567218991
    ));
#8434 = CARTESIAN_POINT('',(14.057739797302,9.456953316265,
    41.801365980655));
#8435 = CARTESIAN_POINT('',(14.22137329273,9.868507553138,
    41.833441510627));
#8436 = CARTESIAN_POINT('',(14.395746731929,10.275731990769,
    41.865450357816));
#8437 = CARTESIAN_POINT('',(14.581180723161,10.67809336601,
    41.897362534409));
#8438 = CARTESIAN_POINT('',(14.778017492349,11.074967475747,
    41.929142220335));
#8439 = CARTESIAN_POINT('',(14.98662531254,11.465636935131,
    41.960747704161));
#8440 = CARTESIAN_POINT('',(15.463969375213,12.295131094073,
    42.028602256948));
#8441 = CARTESIAN_POINT('',(15.73692078124,12.731408557961,
    42.064766396841));
#8442 = CARTESIAN_POINT('',(16.026917750167,13.156917038659,
    42.100554642487));
#8443 = CARTESIAN_POINT('',(16.334588756193,13.570082546098,
    42.135871575029));
#8444 = CARTESIAN_POINT('',(16.66050316594,13.968980953212,
    42.170596227401));
#8445 = CARTESIAN_POINT('',(17.005144255403,14.351357560194,
    42.204582853786));
#8446 = CARTESIAN_POINT('',(17.624473287562,14.969921951873,
    42.260905486903));
#8447 = CARTESIAN_POINT('',(17.889451854957,15.215730350528,
    42.283697213539));
#8448 = CARTESIAN_POINT('',(18.163926108459,15.451169693783,
    42.305976711402));
#8449 = CARTESIAN_POINT('',(18.44791258933,15.675207016245,
    42.327672757212));
#8450 = CARTESIAN_POINT('',(18.741316769898,15.886703188389,
    42.348704357317));
#8451 = CARTESIAN_POINT('',(19.043903077252,16.084451643424,
    42.368982780058));
#8452 = CARTESIAN_POINT('',(19.810017358339,16.534201025272,
    42.41679627646));
#8453 = CARTESIAN_POINT('',(20.283698917536,16.76936569187,
    42.443385250616));
#8454 = CARTESIAN_POINT('',(20.774619307323,16.968626707316,
    42.467860741321));
#8455 = CARTESIAN_POINT('',(21.28036551488,17.128103627194,
    42.489901408972));
#8456 = CARTESIAN_POINT('',(21.797672582813,17.244524561163,
    42.509209574075));
#8457 = CARTESIAN_POINT('',(22.322287471731,17.315698662828,
    42.525541001882));
#8458 = CARTESIAN_POINT('',(22.848708162883,17.341485179772,
    42.538766386918));
#8459 = PCURVE('',#7771,#8460);
#8460 = DEFINITIONAL_REPRESENTATION('',(#8461),#8620);
#8461 = B_SPLINE_CURVE_WITH_KNOTS('',7,(#8462,#8463,#8464,#8465,#8466,
    #8467,#8468,#8469,#8470,#8471,#8472,#8473,#8474,#8475,#8476,#8477,
    #8478,#8479,#8480,#8481,#8482,#8483,#8484,#8485,#8486,#8487,#8488,
    #8489,#8490,#8491,#8492,#8493,#8494,#8495,#8496,#8497,#8498,#8499,
    #8500,#8501,#8502,#8503,#8504,#8505,#8506,#8507,#8508,#8509,#8510,
    #8511,#8512,#8513,#8514,#8515,#8516,#8517,#8518,#8519,#8520,#8521,
    #8522,#8523,#8524,#8525,#8526,#8527,#8528,#8529,#8530,#8531,#8532,
    #8533,#8534,#8535,#8536,#8537,#8538,#8539,#8540,#8541,#8542,#8543,
    #8544,#8545,#8546,#8547,#8548,#8549,#8550,#8551,#8552,#8553,#8554,
    #8555,#8556,#8557,#8558,#8559,#8560,#8561,#8562,#8563,#8564,#8565,
    #8566,#8567,#8568,#8569,#8570,#8571,#8572,#8573,#8574,#8575,#8576,
    #8577,#8578,#8579,#8580,#8581,#8582,#8583,#8584,#8585,#8586,#8587,
    #8588,#8589,#8590,#8591,#8592,#8593,#8594,#8595,#8596,#8597,#8598,
    #8599,#8600,#8601,#8602,#8603,#8604,#8605,#8606,#8607,#8608,#8609,
    #8610,#8611,#8612,#8613,#8614,#8615,#8616,#8617,#8618,#8619),
  .UNSPECIFIED.,.F.,.F.,(8,6,6,6,6,6,6,6,6,6,6,6,6,6,6,6,6,6,6,6,6,6,6,6
    ,6,6,8),(0.,4.01049318765E-02,6.756258204255E-02,0.106638257613,
    0.140263247705,0.168195863742,0.249995962794,0.331796061846,
    0.359728677883,0.393353667974,0.432429343545,0.459886993711,
    0.473602027305,0.499998573139,0.517751531533,0.540111306246,
    0.567569057914,0.606644877934,0.640269992325,0.668202711619,
    0.750003113058,0.831803514497,0.859736233791,0.893361348183,
    0.932437168203,0.95989491987,1.),.UNSPECIFIED.);
#8462 = CARTESIAN_POINT('',(5.329070518201E-15,16.708236040638));
#8463 = CARTESIAN_POINT('',(0.527051884095,16.708236062658));
#8464 = CARTESIAN_POINT('',(1.054520761413,16.662814505147));
#8465 = CARTESIAN_POINT('',(1.576904315925,16.571842760278));
#8466 = CARTESIAN_POINT('',(2.089847412322,16.437300966377));
#8467 = CARTESIAN_POINT('',(2.589928922792,16.262297354252));
#8468 = CARTESIAN_POINT('',(3.074548869721,16.050589661939));
#8469 = CARTESIAN_POINT('',(3.8617500941,15.638861802192));
#8470 = CARTESIAN_POINT('',(4.173649066326,15.456154506245));
#8471 = CARTESIAN_POINT('',(4.47704952899,15.259266712667));
#8472 = CARTESIAN_POINT('',(4.771657158819,15.049392017622));
#8473 = CARTESIAN_POINT('',(5.057321808299,14.827663561561));
#8474 = CARTESIAN_POINT('',(5.334009460017,14.595113882111));
#8475 = CARTESIAN_POINT('',(5.982860667234,14.007591569665));
#8476 = CARTESIAN_POINT('',(6.345797173447,13.642534803433));
#8477 = CARTESIAN_POINT('',(6.690837772442,13.260059801996));
#8478 = CARTESIAN_POINT('',(7.01835484801,12.862442209707));
#8479 = CARTESIAN_POINT('',(7.328822945068,12.451631706139));
#8480 = CARTESIAN_POINT('',(7.622792776125,12.029231145087));
#8481 = CARTESIAN_POINT('',(8.140149003335,11.224084917341));
#8482 = CARTESIAN_POINT('',(8.367620888935,10.844089666841));
#8483 = CARTESIAN_POINT('',(8.583639389174,10.457321286233));
#8484 = CARTESIAN_POINT('',(8.788537237288,10.064514319355));
#8485 = CARTESIAN_POINT('',(8.982625709592,9.666308965523));
#8486 = CARTESIAN_POINT('',(9.16619893996,9.263253535331));
#8487 = CARTESIAN_POINT('',(9.483532807524,8.517336562565));
#8488 = CARTESIAN_POINT('',(9.620459207616,8.175848724666));
#8489 = CARTESIAN_POINT('',(9.750474372485,7.831614172722));
#8490 = CARTESIAN_POINT('',(9.873721132213,7.48487999642));
#8491 = CARTESIAN_POINT('',(9.99032985579,7.135870214395));
#8492 = CARTESIAN_POINT('',(10.100420097853,6.784786393451));
#8493 = CARTESIAN_POINT('',(10.507733099001,5.398118592108));
#8494 = CARTESIAN_POINT('',(10.756317553676,4.348490929803));
#8495 = CARTESIAN_POINT('',(10.952787882545,3.287042370877));
#8496 = CARTESIAN_POINT('',(11.098899915171,2.217337736041));
#8497 = CARTESIAN_POINT('',(11.195876739396,1.142496517026));
#8498 = CARTESIAN_POINT('',(11.244382635138,6.519164037456E-02));
#8499 = CARTESIAN_POINT('',(11.244382635144,-2.089915874929));
#8500 = CARTESIAN_POINT('',(11.195876739374,-3.167220751575));
#8501 = CARTESIAN_POINT('',(11.098899915211,-4.242061970601));
#8502 = CARTESIAN_POINT('',(10.952787882506,-5.311766605423));
#8503 = CARTESIAN_POINT('',(10.756317553698,-6.373215164361));
#8504 = CARTESIAN_POINT('',(10.507733098997,-7.42284282666));
#8505 = CARTESIAN_POINT('',(10.100420097854,-8.809510628004));
#8506 = CARTESIAN_POINT('',(9.990329855791,-9.160594448948));
#8507 = CARTESIAN_POINT('',(9.873721132214,-9.509604230974));
#8508 = CARTESIAN_POINT('',(9.750474372486,-9.856338407276));
#8509 = CARTESIAN_POINT('',(9.620459207617,-10.20057295922));
#8510 = CARTESIAN_POINT('',(9.483532807525,-10.54206079711));
#8511 = CARTESIAN_POINT('',(9.166198939961,-11.28797776988));
#8512 = CARTESIAN_POINT('',(8.982625709593,-11.69103320007));
#8513 = CARTESIAN_POINT('',(8.788537237289,-12.0892385539));
#8514 = CARTESIAN_POINT('',(8.583639389176,-12.48204552078));
#8515 = CARTESIAN_POINT('',(8.367620888937,-12.86881390139));
#8516 = CARTESIAN_POINT('',(8.140149003336,-13.24880915189));
#8517 = CARTESIAN_POINT('',(7.622792776127,-14.05395537964));
#8518 = CARTESIAN_POINT('',(7.328822945069,-14.47635594069));
#8519 = CARTESIAN_POINT('',(7.018354848011,-14.88716644426));
#8520 = CARTESIAN_POINT('',(6.690837772444,-15.28478403655));
#8521 = CARTESIAN_POINT('',(6.345797173449,-15.66725903798));
#8522 = CARTESIAN_POINT('',(5.982860667236,-16.03231580421));
#8523 = CARTESIAN_POINT('',(5.33400946002,-16.61983811666));
#8524 = CARTESIAN_POINT('',(5.0573218083,-16.85238779611));
#8525 = CARTESIAN_POINT('',(4.771657158821,-17.07411625217));
#8526 = CARTESIAN_POINT('',(4.477049528992,-17.28399094722));
#8527 = CARTESIAN_POINT('',(4.173649066327,-17.4808787408));
#8528 = CARTESIAN_POINT('',(3.861750094102,-17.66358603674));
#8529 = CARTESIAN_POINT('',(3.382029135794,-17.9144932568));
#8530 = CARTESIAN_POINT('',(3.220230538679,-17.99423430296));
#8531 = CARTESIAN_POINT('',(3.056495575151,-18.06998627012));
#8532 = CARTESIAN_POINT('',(2.890898753101,-18.14159831925));
#8533 = CARTESIAN_POINT('',(2.723527901174,-18.20892192234));
#8534 = CARTESIAN_POINT('',(2.554485347454,-18.27181362807));
#8535 = CARTESIAN_POINT('',(2.055552191224,-18.44239111045));
#8536 = CARTESIAN_POINT('',(1.721405923013,-18.53774414747));
#8537 = CARTESIAN_POINT('',(1.382366037099,-18.61519448227));
#8538 = CARTESIAN_POINT('',(1.039470009206,-18.67391254547));
#8539 = CARTESIAN_POINT('',(0.693883435323,-18.71328196132));
#8540 = CARTESIAN_POINT('',(0.346909282173,-18.73296029993));
#8541 = CARTESIAN_POINT('',(-0.23331331509,-18.7329603261));
#8542 = CARTESIAN_POINT('',(-0.466636477755,-18.7240592746));
#8543 = CARTESIAN_POINT('',(-0.699546399476,-18.70625635644));
#8544 = CARTESIAN_POINT('',(-0.931640952293,-18.6796183269));
#8545 = CARTESIAN_POINT('',(-1.162538342085,-18.6442732201));
#8546 = CARTESIAN_POINT('',(-1.391876481831,-18.6004041084));
#8547 = CARTESIAN_POINT('',(-1.905766699802,-18.48254645003));
#8548 = CARTESIAN_POINT('',(-2.1892282882,-18.40368910501));
#8549 = CARTESIAN_POINT('',(-2.469020045174,-18.31213310241));
#8550 = CARTESIAN_POINT('',(-2.74458322737,-18.20843953098));
#8551 = CARTESIAN_POINT('',(-3.015465051352,-18.09323434147));
#8552 = CARTESIAN_POINT('',(-3.281306311959,-17.96717439575));
#8553 = CARTESIAN_POINT('',(-3.861750094099,-17.66358603674));
#8554 = CARTESIAN_POINT('',(-4.173649066325,-17.4808787408));
#8555 = CARTESIAN_POINT('',(-4.477049528989,-17.28399094722));
#8556 = CARTESIAN_POINT('',(-4.771657158818,-17.07411625218));
#8557 = CARTESIAN_POINT('',(-5.057321808297,-16.85238779611));
#8558 = CARTESIAN_POINT('',(-5.334009460017,-16.61983811666));
#8559 = CARTESIAN_POINT('',(-5.982860667233,-16.03231580422));
#8560 = CARTESIAN_POINT('',(-6.345797173446,-15.66725903799));
#8561 = CARTESIAN_POINT('',(-6.690837772441,-15.28478403655));
#8562 = CARTESIAN_POINT('',(-7.018354848009,-14.88716644426));
#8563 = CARTESIAN_POINT('',(-7.328822945067,-14.47635594069));
#8564 = CARTESIAN_POINT('',(-7.622792776124,-14.05395537964));
#8565 = CARTESIAN_POINT('',(-8.140149003334,-13.24880915189));
#8566 = CARTESIAN_POINT('',(-8.367620888934,-12.86881390139));
#8567 = CARTESIAN_POINT('',(-8.583639389174,-12.48204552079));
#8568 = CARTESIAN_POINT('',(-8.788537237287,-12.08923855391));
#8569 = CARTESIAN_POINT('',(-8.982625709591,-11.69103320008));
#8570 = CARTESIAN_POINT('',(-9.16619893996,-11.28797776988));
#8571 = CARTESIAN_POINT('',(-9.483532807524,-10.54206079712));
#8572 = CARTESIAN_POINT('',(-9.620459207616,-10.20057295922));
#8573 = CARTESIAN_POINT('',(-9.750474372485,-9.85633840728));
#8574 = CARTESIAN_POINT('',(-9.873721132213,-9.509604230978));
#8575 = CARTESIAN_POINT('',(-9.990329855789,-9.160594448952));
#8576 = CARTESIAN_POINT('',(-10.10042009785,-8.809510628008));
#8577 = CARTESIAN_POINT('',(-10.50773309899,-7.422842826663));
#8578 = CARTESIAN_POINT('',(-10.75631755369,-6.373215164369));
#8579 = CARTESIAN_POINT('',(-10.95278788251,-5.31176660542));
#8580 = CARTESIAN_POINT('',(-11.0988999152,-4.242061970612));
#8581 = CARTESIAN_POINT('',(-11.19587673937,-3.167220751576));
#8582 = CARTESIAN_POINT('',(-11.24438263514,-2.089915874933));
#8583 = CARTESIAN_POINT('',(-11.24438263514,6.519164037555E-02));
#8584 = CARTESIAN_POINT('',(-11.19587673938,1.142496517003));
#8585 = CARTESIAN_POINT('',(-11.0988999152,2.217337736075));
#8586 = CARTESIAN_POINT('',(-10.95278788251,3.287042370835));
#8587 = CARTESIAN_POINT('',(-10.75631755369,4.348490929823));
#8588 = CARTESIAN_POINT('',(-10.50773309899,5.398118592099));
#8589 = CARTESIAN_POINT('',(-10.10042009785,6.784786393448));
#8590 = CARTESIAN_POINT('',(-9.990329855791,7.135870214392));
#8591 = CARTESIAN_POINT('',(-9.873721132214,7.484879996418));
#8592 = CARTESIAN_POINT('',(-9.750474372486,7.83161417272));
#8593 = CARTESIAN_POINT('',(-9.620459207617,8.175848724664));
#8594 = CARTESIAN_POINT('',(-9.483532807525,8.517336562562));
#8595 = CARTESIAN_POINT('',(-9.166198939961,9.263253535329));
#8596 = CARTESIAN_POINT('',(-8.982625709593,9.66630896552));
#8597 = CARTESIAN_POINT('',(-8.788537237289,10.064514319352));
#8598 = CARTESIAN_POINT('',(-8.583639389175,10.457321286231));
#8599 = CARTESIAN_POINT('',(-8.367620888936,10.844089666839));
#8600 = CARTESIAN_POINT('',(-8.140149003336,11.224084917338));
#8601 = CARTESIAN_POINT('',(-7.622792776126,12.029231145085));
#8602 = CARTESIAN_POINT('',(-7.328822945069,12.451631706137));
#8603 = CARTESIAN_POINT('',(-7.018354848011,12.862442209705));
#8604 = CARTESIAN_POINT('',(-6.690837772443,13.260059801995));
#8605 = CARTESIAN_POINT('',(-6.345797173449,13.642534803431));
#8606 = CARTESIAN_POINT('',(-5.982860667236,14.007591569663));
#8607 = CARTESIAN_POINT('',(-5.334009460019,14.595113882109));
#8608 = CARTESIAN_POINT('',(-5.0573218083,14.827663561562));
#8609 = CARTESIAN_POINT('',(-4.771657158821,15.04939201762));
#8610 = CARTESIAN_POINT('',(-4.477049528992,15.259266712665));
#8611 = CARTESIAN_POINT('',(-4.173649066327,15.456154506247));
#8612 = CARTESIAN_POINT('',(-3.861750094101,15.63886180219));
#8613 = CARTESIAN_POINT('',(-3.074548869723,16.050589661942));
#8614 = CARTESIAN_POINT('',(-2.589928922794,16.26229735424));
#8615 = CARTESIAN_POINT('',(-2.089847412321,16.437300966399));
#8616 = CARTESIAN_POINT('',(-1.576904315928,16.571842760255));
#8617 = CARTESIAN_POINT('',(-1.054520761412,16.66281450516));
#8618 = CARTESIAN_POINT('',(-0.527051884096,16.708236062654));
#8619 = CARTESIAN_POINT('',(1.7763568394E-15,16.708236040638));
#8620 = ( GEOMETRIC_REPRESENTATION_CONTEXT(2) 
PARAMETRIC_REPRESENTATION_CONTEXT() REPRESENTATION_CONTEXT('2D SPACE',''
  ) );
#8621 = PCURVE('',#8158,#8622);
#8622 = DEFINITIONAL_REPRESENTATION('',(#8623),#8737);
#8623 = B_SPLINE_CURVE_WITH_KNOTS('',8,(#8624,#8625,#8626,#8627,#8628,
    #8629,#8630,#8631,#8632,#8633,#8634,#8635,#8636,#8637,#8638,#8639,
    #8640,#8641,#8642,#8643,#8644,#8645,#8646,#8647,#8648,#8649,#8650,
    #8651,#8652,#8653,#8654,#8655,#8656,#8657,#8658,#8659,#8660,#8661,
    #8662,#8663,#8664,#8665,#8666,#8667,#8668,#8669,#8670,#8671,#8672,
    #8673,#8674,#8675,#8676,#8677,#8678,#8679,#8680,#8681,#8682,#8683,
    #8684,#8685,#8686,#8687,#8688,#8689,#8690,#8691,#8692,#8693,#8694,
    #8695,#8696,#8697,#8698,#8699,#8700,#8701,#8702,#8703,#8704,#8705,
    #8706,#8707,#8708,#8709,#8710,#8711,#8712,#8713,#8714,#8715,#8716,
    #8717,#8718,#8719,#8720,#8721,#8722,#8723,#8724,#8725,#8726,#8727,
    #8728,#8729,#8730,#8731,#8732,#8733,#8734,#8735,#8736),
  .UNSPECIFIED.,.F.,.F.,(9,8,8,8,8,8,8,8,8,8,8,8,8,8,9),(0.,6.25E-02,
    0.1796875,0.2822265625,0.327087402344,0.348115921021,0.429601430893,
    0.500901252031,0.625675939023,0.649071192835,0.654554455446,
    0.827277227723,0.913638613862,0.956819306931,1.),.UNSPECIFIED.);
#8624 = CARTESIAN_POINT('',(6.28318530718,-6.02870704499));
#8625 = CARTESIAN_POINT('',(6.205899709559,-6.028707044993));
#8626 = CARTESIAN_POINT('',(6.13177842923,-6.028707045017));
#8627 = CARTESIAN_POINT('',(6.06133927024,-6.028707044932));
#8628 = CARTESIAN_POINT('',(5.994365547442,-6.028707044912));
#8629 = CARTESIAN_POINT('',(5.930903236147,-6.028707044972));
#8630 = CARTESIAN_POINT('',(5.870854928541,-6.028707045007));
#8631 = CARTESIAN_POINT('',(5.813586567056,-6.028707044997));
#8632 = CARTESIAN_POINT('',(5.758962924897,-6.02870704499));
#8633 = CARTESIAN_POINT('',(5.65652492501,-6.028707044991));
#8634 = CARTESIAN_POINT('',(5.563274597609,-6.028707044988));
#8635 = CARTESIAN_POINT('',(5.476939182416,-6.028707044994));
#8636 = CARTESIAN_POINT('',(5.395658652792,-6.028707044998));
#8637 = CARTESIAN_POINT('',(5.318003987101,-6.028707044995));
#8638 = CARTESIAN_POINT('',(5.242916887424,-6.028707044989));
#8639 = CARTESIAN_POINT('',(5.169570945637,-6.028707044991));
#8640 = CARTESIAN_POINT('',(5.097154256844,-6.02870704499));
#8641 = CARTESIAN_POINT('',(5.033792068865,-6.02870704499));
#8642 = CARTESIAN_POINT('',(4.971139348664,-6.02870704499));
#8643 = CARTESIAN_POINT('',(4.908674261537,-6.02870704499));
#8644 = CARTESIAN_POINT('',(4.845927668113,-6.02870704499));
#8645 = CARTESIAN_POINT('',(4.782443060123,-6.02870704499));
#8646 = CARTESIAN_POINT('',(4.717736496186,-6.02870704499));
#8647 = CARTESIAN_POINT('',(4.65125653758,-6.02870704499));
#8648 = CARTESIAN_POINT('',(4.582344184022,-6.02870704499));
#8649 = CARTESIAN_POINT('',(4.552195007215,-6.02870704499));
#8650 = CARTESIAN_POINT('',(4.521575576802,-6.02870704499));
#8651 = CARTESIAN_POINT('',(4.490434279615,-6.02870704499));
#8652 = CARTESIAN_POINT('',(4.458711295005,-6.02870704499));
#8653 = CARTESIAN_POINT('',(4.42633859484,-6.02870704499));
#8654 = CARTESIAN_POINT('',(4.393239943509,-6.02870704499));
#8655 = CARTESIAN_POINT('',(4.359330897919,-6.02870704499));
#8656 = CARTESIAN_POINT('',(4.324518807495,-6.02870704499));
#8657 = CARTESIAN_POINT('',(4.308198702098,-6.02870704499));
#8658 = CARTESIAN_POINT('',(4.291681307483,-6.02870704499));
#8659 = CARTESIAN_POINT('',(4.274955314788,-6.02870704499));
#8660 = CARTESIAN_POINT('',(4.25800941515,-6.02870704499));
#8661 = CARTESIAN_POINT('',(4.240832299708,-6.02870704499));
#8662 = CARTESIAN_POINT('',(4.223412659597,-6.02870704499));
#8663 = CARTESIAN_POINT('',(4.205739185958,-6.02870704499));
#8664 = CARTESIAN_POINT('',(4.187800569926,-6.02870704499));
#8665 = CARTESIAN_POINT('',(4.118345788959,-6.02870704499));
#8666 = CARTESIAN_POINT('',(4.050136981365,-6.02870704499));
#8667 = CARTESIAN_POINT('',(3.982766090655,-6.02870704499));
#8668 = CARTESIAN_POINT('',(3.915833104749,-6.02870704499));
#8669 = CARTESIAN_POINT('',(3.848946055976,-6.02870704499));
#8670 = CARTESIAN_POINT('',(3.781721021069,-6.02870704499));
#8671 = CARTESIAN_POINT('',(3.713782121172,-6.02870704499));
#8672 = CARTESIAN_POINT('',(3.644761521832,-6.02870704499));
#8673 = CARTESIAN_POINT('',(3.584374809947,-6.028707044993));
#8674 = CARTESIAN_POINT('',(3.523158242839,-6.028707044984));
#8675 = CARTESIAN_POINT('',(3.460956927803,-6.028707044993));
#8676 = CARTESIAN_POINT('',(3.397545687701,-6.028707045001));
#8677 = CARTESIAN_POINT('',(3.332880528914,-6.028707044992));
#8678 = CARTESIAN_POINT('',(3.267206352946,-6.028707044982));
#8679 = CARTESIAN_POINT('',(3.20102091169,-6.028707044993));
#8680 = CARTESIAN_POINT('',(3.134895006359,-6.02870704499));
#8681 = CARTESIAN_POINT('',(3.019172087671,-6.028707044981));
#8682 = CARTESIAN_POINT('',(2.903567628142,-6.02870704481));
#8683 = CARTESIAN_POINT('',(2.790848226912,-6.028707043937));
#8684 = CARTESIAN_POINT('',(2.684014423983,-6.028707042977));
#8685 = CARTESIAN_POINT('',(2.579424919997,-6.028707043966));
#8686 = CARTESIAN_POINT('',(2.476959747612,-6.028707045101));
#8687 = CARTESIAN_POINT('',(2.374628547477,-6.02870704501));
#8688 = CARTESIAN_POINT('',(2.271230819192,-6.02870704499));
#8689 = CARTESIAN_POINT('',(2.251842965697,-6.02870704499));
#8690 = CARTESIAN_POINT('',(2.232416505044,-6.02870704499));
#8691 = CARTESIAN_POINT('',(2.212941951887,-6.02870704499));
#8692 = CARTESIAN_POINT('',(2.193409820884,-6.02870704499));
#8693 = CARTESIAN_POINT('',(2.173810626689,-6.02870704499));
#8694 = CARTESIAN_POINT('',(2.154134883958,-6.02870704499));
#8695 = CARTESIAN_POINT('',(2.134373107346,-6.02870704499));
#8696 = CARTESIAN_POINT('',(2.114515811509,-6.02870704499));
#8697 = CARTESIAN_POINT('',(2.109858044735,-6.02870704499));
#8698 = CARTESIAN_POINT('',(2.105209659719,-6.02870704499));
#8699 = CARTESIAN_POINT('',(2.100541966675,-6.02870704499));
#8700 = CARTESIAN_POINT('',(2.095857567192,-6.02870704499));
#8701 = CARTESIAN_POINT('',(2.091175531155,-6.02870704499));
#8702 = CARTESIAN_POINT('',(2.086516573681,-6.02870704499));
#8703 = CARTESIAN_POINT('',(2.081888232045,-6.02870704499));
#8704 = CARTESIAN_POINT('',(2.077270042607,-6.02870704499));
#8705 = CARTESIAN_POINT('',(1.931826620726,-6.028707044992));
#8706 = CARTESIAN_POINT('',(1.803804516075,-6.028707045019));
#8707 = CARTESIAN_POINT('',(1.686035311956,-6.028707044929));
#8708 = CARTESIAN_POINT('',(1.575083324954,-6.028707044916));
#8709 = CARTESIAN_POINT('',(1.468376669719,-6.028707044978));
#8710 = CARTESIAN_POINT('',(1.363630381362,-6.028707045002));
#8711 = CARTESIAN_POINT('',(1.258886472532,-6.028707044997));
#8712 = CARTESIAN_POINT('',(1.151495802218,-6.02870704499));
#8713 = CARTESIAN_POINT('',(1.097796857455,-6.02870704499));
#8714 = CARTESIAN_POINT('',(1.043436850428,-6.02870704499));
#8715 = CARTESIAN_POINT('',(0.988089187086,-6.02870704499));
#8716 = CARTESIAN_POINT('',(0.931397137052,-6.02870704499));
#8717 = CARTESIAN_POINT('',(0.872946143582,-6.02870704499));
#8718 = CARTESIAN_POINT('',(0.812236133514,-6.02870704499));
#8719 = CARTESIAN_POINT('',(0.748653827229,-6.02870704499));
#8720 = CARTESIAN_POINT('',(0.681445048596,-6.02870704499));
#8721 = CARTESIAN_POINT('',(0.647838201446,-6.02870704499));
#8722 = CARTESIAN_POINT('',(0.613332755899,-6.02870704499));
#8723 = CARTESIAN_POINT('',(0.577825624992,-6.02870704499));
#8724 = CARTESIAN_POINT('',(0.541213721759,-6.02870704499));
#8725 = CARTESIAN_POINT('',(0.503393959233,-6.02870704499));
#8726 = CARTESIAN_POINT('',(0.464263250451,-6.02870704499));
#8727 = CARTESIAN_POINT('',(0.423718508446,-6.02870704499));
#8728 = CARTESIAN_POINT('',(0.381656646253,-6.02870704499));
#8729 = CARTESIAN_POINT('',(0.339604509529,-6.02870704499));
#8730 = CARTESIAN_POINT('',(0.296018404622,-6.02870704499));
#8731 = CARTESIAN_POINT('',(0.250840693662,-6.02870704499));
#8732 = CARTESIAN_POINT('',(0.204012179891,-6.02870704499));
#8733 = CARTESIAN_POINT('',(0.155490829082,-6.02870704499));
#8734 = CARTESIAN_POINT('',(0.105270490961,-6.02870704499));
#8735 = CARTESIAN_POINT('',(5.33996206334E-02,-6.02870704499));
#8736 = CARTESIAN_POINT('',(0.,-6.02870704499));
#8737 = ( GEOMETRIC_REPRESENTATION_CONTEXT(2) 
PARAMETRIC_REPRESENTATION_CONTEXT() REPRESENTATION_CONTEXT('2D SPACE',''
  ) );
#8738 = ADVANCED_FACE('',(#8739),#8158,.T.);
#8739 = FACE_BOUND('',#8740,.T.);
#8740 = EDGE_LOOP('',(#8741,#8742,#8762,#8763));
#8741 = ORIENTED_EDGE('',*,*,#7832,.T.);
#8742 = ORIENTED_EDGE('',*,*,#8743,.T.);
#8743 = EDGE_CURVE('',#7833,#8297,#8744,.T.);
#8744 = SEAM_CURVE('',#8745,(#8748,#8755),.PCURVE_S1.);
#8745 = B_SPLINE_CURVE_WITH_KNOTS('',1,(#8746,#8747),.UNSPECIFIED.,.F.,
  .F.,(2,2),(1.,6.02870704499),.PIECEWISE_BEZIER_KNOTS.);
#8746 = CARTESIAN_POINT('',(22.848708162883,17.341485179772,
    37.510059341928));
#8747 = CARTESIAN_POINT('',(22.848708162883,17.341485179772,
    42.538766386918));
#8748 = PCURVE('',#8158,#8749);
#8749 = DEFINITIONAL_REPRESENTATION('',(#8750),#8754);
#8750 = B_SPLINE_CURVE_WITH_KNOTS('',2,(#8751,#8752,#8753),
  .UNSPECIFIED.,.F.,.F.,(3,3),(1.,6.02870704499),
  .PIECEWISE_BEZIER_KNOTS.);
#8751 = CARTESIAN_POINT('',(6.28318530718,-1.));
#8752 = CARTESIAN_POINT('',(6.28318530718,-3.514353522495));
#8753 = CARTESIAN_POINT('',(6.28318530718,-6.02870704499));
#8754 = ( GEOMETRIC_REPRESENTATION_CONTEXT(2) 
PARAMETRIC_REPRESENTATION_CONTEXT() REPRESENTATION_CONTEXT('2D SPACE',''
  ) );
#8755 = PCURVE('',#8158,#8756);
#8756 = DEFINITIONAL_REPRESENTATION('',(#8757),#8761);
#8757 = B_SPLINE_CURVE_WITH_KNOTS('',2,(#8758,#8759,#8760),
  .UNSPECIFIED.,.F.,.F.,(3,3),(1.,6.02870704499),
  .PIECEWISE_BEZIER_KNOTS.);
#8758 = CARTESIAN_POINT('',(0.,-1.));
#8759 = CARTESIAN_POINT('',(8.881784197001E-16,-3.514353522495));
#8760 = CARTESIAN_POINT('',(0.,-6.02870704499));
#8761 = ( GEOMETRIC_REPRESENTATION_CONTEXT(2) 
PARAMETRIC_REPRESENTATION_CONTEXT() REPRESENTATION_CONTEXT('2D SPACE',''
  ) );
#8762 = ORIENTED_EDGE('',*,*,#8296,.F.);
#8763 = ORIENTED_EDGE('',*,*,#8743,.F.);
#8764 = ( GEOMETRIC_REPRESENTATION_CONTEXT(3) 
GLOBAL_UNCERTAINTY_ASSIGNED_CONTEXT((#8768)) 
GLOBAL_UNIT_ASSIGNED_CONTEXT((#8765,#8766,#8767)) REPRESENTATION_CONTEXT
('Context #1','3D Context with UNIT and UNCERTAINTY') );
#8765 = ( LENGTH_UNIT() NAMED_UNIT(*) SI_UNIT(.MILLI.,.METRE.) );
#8766 = ( NAMED_UNIT(*) PLANE_ANGLE_UNIT() SI_UNIT($,.RADIAN.) );
#8767 = ( NAMED_UNIT(*) SI_UNIT($,.STERADIAN.) SOLID_ANGLE_UNIT() );
#8768 = UNCERTAINTY_MEASURE_WITH_UNIT(LENGTH_MEASURE(1.E-05),#8765,
  'distance_accuracy_value','confusion accuracy');
#8769 = CONTEXT_DEPENDENT_SHAPE_REPRESENTATION(#8770,#8772);
#8770 = ( REPRESENTATION_RELATIONSHIP('','',#7703,#10) 
REPRESENTATION_RELATIONSHIP_WITH_TRANSFORMATION(#8771) 
SHAPE_REPRESENTATION_RELATIONSHIP() );
#8771 = ITEM_DEFINED_TRANSFORMATION('','',#11,#35);
#8772 = PRODUCT_DEFINITION_SHAPE('Placement','Placement of an item',
  #8773);
#8773 = NEXT_ASSEMBLY_USAGE_OCCURRENCE('12','band_R','',#5,#7698,$);
#8774 = PRODUCT_RELATED_PRODUCT_CATEGORY('part',$,(#7700));
#8775 = SHAPE_DEFINITION_REPRESENTATION(#8776,#8782);
#8776 = PRODUCT_DEFINITION_SHAPE('','',#8777);
#8777 = PRODUCT_DEFINITION('design','',#8778,#8781);
#8778 = PRODUCT_DEFINITION_FORMATION('','',#8779);
#8779 = PRODUCT('reference_frame','reference_frame','',(#8780));
#8780 = PRODUCT_CONTEXT('',#2,'mechanical');
#8781 = PRODUCT_DEFINITION_CONTEXT('part definition',#2,'design');
#8782 = ADVANCED_BREP_SHAPE_REPRESENTATION('',(#11,#8783),#13939);
#8783 = MANIFOLD_SOLID_BREP('',#8784);
#8784 = CLOSED_SHELL('',(#8785,#9129,#9750,#9799,#10002,#10153,#10180,
    #10208,#11299,#11353,#11379,#11481,#11684,#11711,#11738,#11765,
    #11792,#11819,#11938,#11965,#11992,#12019,#12026,#12076,#12126,
    #12173,#12200,#12227,#12234,#12261,#12308,#12335,#12362,#12369,
    #12424,#12479,#12510,#12517,#12545,#12616,#12665,#12714,#12763,
    #12812,#12839,#12866,#12937,#12986,#13035,#13084,#13133,#13160,
    #13187,#13263,#13312,#13361,#13410,#13459,#13486,#13562,#13611,
    #13660,#13709,#13758,#13785,#13791,#13841,#13891,#13903,#13915,
    #13927));
#8785 = ADVANCED_FACE('',(#8786),#8800,.F.);
#8786 = FACE_BOUND('',#8787,.F.);
#8787 = EDGE_LOOP('',(#8788,#8823,#8851,#8879,#8907,#8935,#8963,#8991,
    #9019,#9047,#9075,#9103));
#8788 = ORIENTED_EDGE('',*,*,#8789,.F.);
#8789 = EDGE_CURVE('',#8790,#8792,#8794,.T.);
#8790 = VERTEX_POINT('',#8791);
#8791 = CARTESIAN_POINT('',(-46.,-18.5,19.5));
#8792 = VERTEX_POINT('',#8793);
#8793 = CARTESIAN_POINT('',(-46.,18.5,19.5));
#8794 = SURFACE_CURVE('',#8795,(#8799,#8811),.PCURVE_S1.);
#8795 = LINE('',#8796,#8797);
#8796 = CARTESIAN_POINT('',(-46.,-28.,19.5));
#8797 = VECTOR('',#8798,1.);
#8798 = DIRECTION('',(-0.,1.,0.));
#8799 = PCURVE('',#8800,#8805);
#8800 = PLANE('',#8801);
#8801 = AXIS2_PLACEMENT_3D('',#8802,#8803,#8804);
#8802 = CARTESIAN_POINT('',(-46.,-28.,17.));
#8803 = DIRECTION('',(1.,0.,-0.));
#8804 = DIRECTION('',(0.,0.,1.));
#8805 = DEFINITIONAL_REPRESENTATION('',(#8806),#8810);
#8806 = LINE('',#8807,#8808);
#8807 = CARTESIAN_POINT('',(2.5,0.));
#8808 = VECTOR('',#8809,1.);
#8809 = DIRECTION('',(0.,-1.));
#8810 = ( GEOMETRIC_REPRESENTATION_CONTEXT(2) 
PARAMETRIC_REPRESENTATION_CONTEXT() REPRESENTATION_CONTEXT('2D SPACE',''
  ) );
#8811 = PCURVE('',#8812,#8817);
#8812 = PLANE('',#8813);
#8813 = AXIS2_PLACEMENT_3D('',#8814,#8815,#8816);
#8814 = CARTESIAN_POINT('',(-46.,-28.,19.5));
#8815 = DIRECTION('',(0.,0.,1.));
#8816 = DIRECTION('',(1.,0.,-0.));
#8817 = DEFINITIONAL_REPRESENTATION('',(#8818),#8822);
#8818 = LINE('',#8819,#8820);
#8819 = CARTESIAN_POINT('',(0.,0.));
#8820 = VECTOR('',#8821,1.);
#8821 = DIRECTION('',(0.,1.));
#8822 = ( GEOMETRIC_REPRESENTATION_CONTEXT(2) 
PARAMETRIC_REPRESENTATION_CONTEXT() REPRESENTATION_CONTEXT('2D SPACE',''
  ) );
#8823 = ORIENTED_EDGE('',*,*,#8824,.T.);
#8824 = EDGE_CURVE('',#8790,#8825,#8827,.T.);
#8825 = VERTEX_POINT('',#8826);
#8826 = CARTESIAN_POINT('',(-46.,-18.5,24.1));
#8827 = SURFACE_CURVE('',#8828,(#8832,#8839),.PCURVE_S1.);
#8828 = LINE('',#8829,#8830);
#8829 = CARTESIAN_POINT('',(-46.,-18.5,19.5));
#8830 = VECTOR('',#8831,1.);
#8831 = DIRECTION('',(-0.,-0.,1.));
#8832 = PCURVE('',#8800,#8833);
#8833 = DEFINITIONAL_REPRESENTATION('',(#8834),#8838);
#8834 = LINE('',#8835,#8836);
#8835 = CARTESIAN_POINT('',(2.5,-9.5));
#8836 = VECTOR('',#8837,1.);
#8837 = DIRECTION('',(1.,0.));
#8838 = ( GEOMETRIC_REPRESENTATION_CONTEXT(2) 
PARAMETRIC_REPRESENTATION_CONTEXT() REPRESENTATION_CONTEXT('2D SPACE',''
  ) );
#8839 = PCURVE('',#8840,#8845);
#8840 = PLANE('',#8841);
#8841 = AXIS2_PLACEMENT_3D('',#8842,#8843,#8844);
#8842 = CARTESIAN_POINT('',(-44.,-18.5,19.5));
#8843 = DIRECTION('',(0.,-1.,-0.));
#8844 = DIRECTION('',(0.,-0.,1.));
#8845 = DEFINITIONAL_REPRESENTATION('',(#8846),#8850);
#8846 = LINE('',#8847,#8848);
#8847 = CARTESIAN_POINT('',(0.,2.));
#8848 = VECTOR('',#8849,1.);
#8849 = DIRECTION('',(1.,0.));
#8850 = ( GEOMETRIC_REPRESENTATION_CONTEXT(2) 
PARAMETRIC_REPRESENTATION_CONTEXT() REPRESENTATION_CONTEXT('2D SPACE',''
  ) );
#8851 = ORIENTED_EDGE('',*,*,#8852,.F.);
#8852 = EDGE_CURVE('',#8853,#8825,#8855,.T.);
#8853 = VERTEX_POINT('',#8854);
#8854 = CARTESIAN_POINT('',(-46.,-28.,24.1));
#8855 = SURFACE_CURVE('',#8856,(#8860,#8867),.PCURVE_S1.);
#8856 = LINE('',#8857,#8858);
#8857 = CARTESIAN_POINT('',(-46.,-28.,24.1));
#8858 = VECTOR('',#8859,1.);
#8859 = DIRECTION('',(0.,1.,0.));
#8860 = PCURVE('',#8800,#8861);
#8861 = DEFINITIONAL_REPRESENTATION('',(#8862),#8866);
#8862 = LINE('',#8863,#8864);
#8863 = CARTESIAN_POINT('',(7.1,0.));
#8864 = VECTOR('',#8865,1.);
#8865 = DIRECTION('',(0.,-1.));
#8866 = ( GEOMETRIC_REPRESENTATION_CONTEXT(2) 
PARAMETRIC_REPRESENTATION_CONTEXT() REPRESENTATION_CONTEXT('2D SPACE',''
  ) );
#8867 = PCURVE('',#8868,#8873);
#8868 = PLANE('',#8869);
#8869 = AXIS2_PLACEMENT_3D('',#8870,#8871,#8872);
#8870 = CARTESIAN_POINT('',(-46.,-28.,24.1));
#8871 = DIRECTION('',(0.,0.,1.));
#8872 = DIRECTION('',(1.,0.,-0.));
#8873 = DEFINITIONAL_REPRESENTATION('',(#8874),#8878);
#8874 = LINE('',#8875,#8876);
#8875 = CARTESIAN_POINT('',(0.,0.));
#8876 = VECTOR('',#8877,1.);
#8877 = DIRECTION('',(0.,1.));
#8878 = ( GEOMETRIC_REPRESENTATION_CONTEXT(2) 
PARAMETRIC_REPRESENTATION_CONTEXT() REPRESENTATION_CONTEXT('2D SPACE',''
  ) );
#8879 = ORIENTED_EDGE('',*,*,#8880,.F.);
#8880 = EDGE_CURVE('',#8881,#8853,#8883,.T.);
#8881 = VERTEX_POINT('',#8882);
#8882 = CARTESIAN_POINT('',(-46.,-28.,19.5));
#8883 = SURFACE_CURVE('',#8884,(#8888,#8895),.PCURVE_S1.);
#8884 = LINE('',#8885,#8886);
#8885 = CARTESIAN_POINT('',(-46.,-28.,19.5));
#8886 = VECTOR('',#8887,1.);
#8887 = DIRECTION('',(0.,0.,1.));
#8888 = PCURVE('',#8800,#8889);
#8889 = DEFINITIONAL_REPRESENTATION('',(#8890),#8894);
#8890 = LINE('',#8891,#8892);
#8891 = CARTESIAN_POINT('',(2.5,0.));
#8892 = VECTOR('',#8893,1.);
#8893 = DIRECTION('',(1.,0.));
#8894 = ( GEOMETRIC_REPRESENTATION_CONTEXT(2) 
PARAMETRIC_REPRESENTATION_CONTEXT() REPRESENTATION_CONTEXT('2D SPACE',''
  ) );
#8895 = PCURVE('',#8896,#8901);
#8896 = PLANE('',#8897);
#8897 = AXIS2_PLACEMENT_3D('',#8898,#8899,#8900);
#8898 = CARTESIAN_POINT('',(-46.,-28.,19.5));
#8899 = DIRECTION('',(-0.,1.,0.));
#8900 = DIRECTION('',(0.,0.,1.));
#8901 = DEFINITIONAL_REPRESENTATION('',(#8902),#8906);
#8902 = LINE('',#8903,#8904);
#8903 = CARTESIAN_POINT('',(0.,0.));
#8904 = VECTOR('',#8905,1.);
#8905 = DIRECTION('',(1.,0.));
#8906 = ( GEOMETRIC_REPRESENTATION_CONTEXT(2) 
PARAMETRIC_REPRESENTATION_CONTEXT() REPRESENTATION_CONTEXT('2D SPACE',''
  ) );
#8907 = ORIENTED_EDGE('',*,*,#8908,.T.);
#8908 = EDGE_CURVE('',#8881,#8909,#8911,.T.);
#8909 = VERTEX_POINT('',#8910);
#8910 = CARTESIAN_POINT('',(-46.,-27.2,19.5));
#8911 = SURFACE_CURVE('',#8912,(#8916,#8923),.PCURVE_S1.);
#8912 = LINE('',#8913,#8914);
#8913 = CARTESIAN_POINT('',(-46.,-28.,19.5));
#8914 = VECTOR('',#8915,1.);
#8915 = DIRECTION('',(-0.,1.,0.));
#8916 = PCURVE('',#8800,#8917);
#8917 = DEFINITIONAL_REPRESENTATION('',(#8918),#8922);
#8918 = LINE('',#8919,#8920);
#8919 = CARTESIAN_POINT('',(2.5,0.));
#8920 = VECTOR('',#8921,1.);
#8921 = DIRECTION('',(0.,-1.));
#8922 = ( GEOMETRIC_REPRESENTATION_CONTEXT(2) 
PARAMETRIC_REPRESENTATION_CONTEXT() REPRESENTATION_CONTEXT('2D SPACE',''
  ) );
#8923 = PCURVE('',#8924,#8929);
#8924 = PLANE('',#8925);
#8925 = AXIS2_PLACEMENT_3D('',#8926,#8927,#8928);
#8926 = CARTESIAN_POINT('',(-46.,-28.,19.5));
#8927 = DIRECTION('',(0.,0.,1.));
#8928 = DIRECTION('',(1.,0.,-0.));
#8929 = DEFINITIONAL_REPRESENTATION('',(#8930),#8934);
#8930 = LINE('',#8931,#8932);
#8931 = CARTESIAN_POINT('',(0.,0.));
#8932 = VECTOR('',#8933,1.);
#8933 = DIRECTION('',(0.,1.));
#8934 = ( GEOMETRIC_REPRESENTATION_CONTEXT(2) 
PARAMETRIC_REPRESENTATION_CONTEXT() REPRESENTATION_CONTEXT('2D SPACE',''
  ) );
#8935 = ORIENTED_EDGE('',*,*,#8936,.F.);
#8936 = EDGE_CURVE('',#8937,#8909,#8939,.T.);
#8937 = VERTEX_POINT('',#8938);
#8938 = CARTESIAN_POINT('',(-46.,-27.2,17.));
#8939 = SURFACE_CURVE('',#8940,(#8944,#8951),.PCURVE_S1.);
#8940 = LINE('',#8941,#8942);
#8941 = CARTESIAN_POINT('',(-46.,-27.2,17.));
#8942 = VECTOR('',#8943,1.);
#8943 = DIRECTION('',(0.,0.,1.));
#8944 = PCURVE('',#8800,#8945);
#8945 = DEFINITIONAL_REPRESENTATION('',(#8946),#8950);
#8946 = LINE('',#8947,#8948);
#8947 = CARTESIAN_POINT('',(0.,-0.8));
#8948 = VECTOR('',#8949,1.);
#8949 = DIRECTION('',(1.,0.));
#8950 = ( GEOMETRIC_REPRESENTATION_CONTEXT(2) 
PARAMETRIC_REPRESENTATION_CONTEXT() REPRESENTATION_CONTEXT('2D SPACE',''
  ) );
#8951 = PCURVE('',#8952,#8957);
#8952 = CYLINDRICAL_SURFACE('',#8953,0.8);
#8953 = AXIS2_PLACEMENT_3D('',#8954,#8955,#8956);
#8954 = CARTESIAN_POINT('',(-45.2,-27.2,17.));
#8955 = DIRECTION('',(0.,0.,1.));
#8956 = DIRECTION('',(-1.,-0.,0.));
#8957 = DEFINITIONAL_REPRESENTATION('',(#8958),#8962);
#8958 = LINE('',#8959,#8960);
#8959 = CARTESIAN_POINT('',(0.,0.));
#8960 = VECTOR('',#8961,1.);
#8961 = DIRECTION('',(0.,1.));
#8962 = ( GEOMETRIC_REPRESENTATION_CONTEXT(2) 
PARAMETRIC_REPRESENTATION_CONTEXT() REPRESENTATION_CONTEXT('2D SPACE',''
  ) );
#8963 = ORIENTED_EDGE('',*,*,#8964,.T.);
#8964 = EDGE_CURVE('',#8937,#8965,#8967,.T.);
#8965 = VERTEX_POINT('',#8966);
#8966 = CARTESIAN_POINT('',(-46.,27.2,17.));
#8967 = SURFACE_CURVE('',#8968,(#8972,#8979),.PCURVE_S1.);
#8968 = LINE('',#8969,#8970);
#8969 = CARTESIAN_POINT('',(-46.,-28.,17.));
#8970 = VECTOR('',#8971,1.);
#8971 = DIRECTION('',(-0.,1.,0.));
#8972 = PCURVE('',#8800,#8973);
#8973 = DEFINITIONAL_REPRESENTATION('',(#8974),#8978);
#8974 = LINE('',#8975,#8976);
#8975 = CARTESIAN_POINT('',(0.,0.));
#8976 = VECTOR('',#8977,1.);
#8977 = DIRECTION('',(0.,-1.));
#8978 = ( GEOMETRIC_REPRESENTATION_CONTEXT(2) 
PARAMETRIC_REPRESENTATION_CONTEXT() REPRESENTATION_CONTEXT('2D SPACE',''
  ) );
#8979 = PCURVE('',#8980,#8985);
#8980 = PLANE('',#8981);
#8981 = AXIS2_PLACEMENT_3D('',#8982,#8983,#8984);
#8982 = CARTESIAN_POINT('',(-46.,-28.,17.));
#8983 = DIRECTION('',(0.,0.,1.));
#8984 = DIRECTION('',(1.,0.,-0.));
#8985 = DEFINITIONAL_REPRESENTATION('',(#8986),#8990);
#8986 = LINE('',#8987,#8988);
#8987 = CARTESIAN_POINT('',(0.,0.));
#8988 = VECTOR('',#8989,1.);
#8989 = DIRECTION('',(0.,1.));
#8990 = ( GEOMETRIC_REPRESENTATION_CONTEXT(2) 
PARAMETRIC_REPRESENTATION_CONTEXT() REPRESENTATION_CONTEXT('2D SPACE',''
  ) );
#8991 = ORIENTED_EDGE('',*,*,#8992,.T.);
#8992 = EDGE_CURVE('',#8965,#8993,#8995,.T.);
#8993 = VERTEX_POINT('',#8994);
#8994 = CARTESIAN_POINT('',(-46.,27.2,19.5));
#8995 = SURFACE_CURVE('',#8996,(#9000,#9007),.PCURVE_S1.);
#8996 = LINE('',#8997,#8998);
#8997 = CARTESIAN_POINT('',(-46.,27.2,17.));
#8998 = VECTOR('',#8999,1.);
#8999 = DIRECTION('',(0.,0.,1.));
#9000 = PCURVE('',#8800,#9001);
#9001 = DEFINITIONAL_REPRESENTATION('',(#9002),#9006);
#9002 = LINE('',#9003,#9004);
#9003 = CARTESIAN_POINT('',(0.,-55.2));
#9004 = VECTOR('',#9005,1.);
#9005 = DIRECTION('',(1.,0.));
#9006 = ( GEOMETRIC_REPRESENTATION_CONTEXT(2) 
PARAMETRIC_REPRESENTATION_CONTEXT() REPRESENTATION_CONTEXT('2D SPACE',''
  ) );
#9007 = PCURVE('',#9008,#9013);
#9008 = CYLINDRICAL_SURFACE('',#9009,0.8);
#9009 = AXIS2_PLACEMENT_3D('',#9010,#9011,#9012);
#9010 = CARTESIAN_POINT('',(-45.2,27.2,17.));
#9011 = DIRECTION('',(0.,0.,1.));
#9012 = DIRECTION('',(-1.,-0.,0.));
#9013 = DEFINITIONAL_REPRESENTATION('',(#9014),#9018);
#9014 = LINE('',#9015,#9016);
#9015 = CARTESIAN_POINT('',(6.28318530718,0.));
#9016 = VECTOR('',#9017,1.);
#9017 = DIRECTION('',(-0.,1.));
#9018 = ( GEOMETRIC_REPRESENTATION_CONTEXT(2) 
PARAMETRIC_REPRESENTATION_CONTEXT() REPRESENTATION_CONTEXT('2D SPACE',''
  ) );
#9019 = ORIENTED_EDGE('',*,*,#9020,.T.);
#9020 = EDGE_CURVE('',#8993,#9021,#9023,.T.);
#9021 = VERTEX_POINT('',#9022);
#9022 = CARTESIAN_POINT('',(-46.,28.,19.5));
#9023 = SURFACE_CURVE('',#9024,(#9028,#9035),.PCURVE_S1.);
#9024 = LINE('',#9025,#9026);
#9025 = CARTESIAN_POINT('',(-46.,22.,19.5));
#9026 = VECTOR('',#9027,1.);
#9027 = DIRECTION('',(-0.,1.,0.));
#9028 = PCURVE('',#8800,#9029);
#9029 = DEFINITIONAL_REPRESENTATION('',(#9030),#9034);
#9030 = LINE('',#9031,#9032);
#9031 = CARTESIAN_POINT('',(2.5,-50.));
#9032 = VECTOR('',#9033,1.);
#9033 = DIRECTION('',(0.,-1.));
#9034 = ( GEOMETRIC_REPRESENTATION_CONTEXT(2) 
PARAMETRIC_REPRESENTATION_CONTEXT() REPRESENTATION_CONTEXT('2D SPACE',''
  ) );
#9035 = PCURVE('',#9036,#9041);
#9036 = PLANE('',#9037);
#9037 = AXIS2_PLACEMENT_3D('',#9038,#9039,#9040);
#9038 = CARTESIAN_POINT('',(-46.,22.,19.5));
#9039 = DIRECTION('',(0.,0.,1.));
#9040 = DIRECTION('',(1.,0.,-0.));
#9041 = DEFINITIONAL_REPRESENTATION('',(#9042),#9046);
#9042 = LINE('',#9043,#9044);
#9043 = CARTESIAN_POINT('',(0.,0.));
#9044 = VECTOR('',#9045,1.);
#9045 = DIRECTION('',(0.,1.));
#9046 = ( GEOMETRIC_REPRESENTATION_CONTEXT(2) 
PARAMETRIC_REPRESENTATION_CONTEXT() REPRESENTATION_CONTEXT('2D SPACE',''
  ) );
#9047 = ORIENTED_EDGE('',*,*,#9048,.T.);
#9048 = EDGE_CURVE('',#9021,#9049,#9051,.T.);
#9049 = VERTEX_POINT('',#9050);
#9050 = CARTESIAN_POINT('',(-46.,28.,24.1));
#9051 = SURFACE_CURVE('',#9052,(#9056,#9063),.PCURVE_S1.);
#9052 = LINE('',#9053,#9054);
#9053 = CARTESIAN_POINT('',(-46.,28.,19.5));
#9054 = VECTOR('',#9055,1.);
#9055 = DIRECTION('',(0.,0.,1.));
#9056 = PCURVE('',#8800,#9057);
#9057 = DEFINITIONAL_REPRESENTATION('',(#9058),#9062);
#9058 = LINE('',#9059,#9060);
#9059 = CARTESIAN_POINT('',(2.5,-56.));
#9060 = VECTOR('',#9061,1.);
#9061 = DIRECTION('',(1.,0.));
#9062 = ( GEOMETRIC_REPRESENTATION_CONTEXT(2) 
PARAMETRIC_REPRESENTATION_CONTEXT() REPRESENTATION_CONTEXT('2D SPACE',''
  ) );
#9063 = PCURVE('',#9064,#9069);
#9064 = PLANE('',#9065);
#9065 = AXIS2_PLACEMENT_3D('',#9066,#9067,#9068);
#9066 = CARTESIAN_POINT('',(-46.,28.,19.5));
#9067 = DIRECTION('',(-0.,1.,0.));
#9068 = DIRECTION('',(0.,0.,1.));
#9069 = DEFINITIONAL_REPRESENTATION('',(#9070),#9074);
#9070 = LINE('',#9071,#9072);
#9071 = CARTESIAN_POINT('',(0.,0.));
#9072 = VECTOR('',#9073,1.);
#9073 = DIRECTION('',(1.,0.));
#9074 = ( GEOMETRIC_REPRESENTATION_CONTEXT(2) 
PARAMETRIC_REPRESENTATION_CONTEXT() REPRESENTATION_CONTEXT('2D SPACE',''
  ) );
#9075 = ORIENTED_EDGE('',*,*,#9076,.F.);
#9076 = EDGE_CURVE('',#9077,#9049,#9079,.T.);
#9077 = VERTEX_POINT('',#9078);
#9078 = CARTESIAN_POINT('',(-46.,18.5,24.1));
#9079 = SURFACE_CURVE('',#9080,(#9084,#9091),.PCURVE_S1.);
#9080 = LINE('',#9081,#9082);
#9081 = CARTESIAN_POINT('',(-46.,18.5,24.1));
#9082 = VECTOR('',#9083,1.);
#9083 = DIRECTION('',(0.,1.,0.));
#9084 = PCURVE('',#8800,#9085);
#9085 = DEFINITIONAL_REPRESENTATION('',(#9086),#9090);
#9086 = LINE('',#9087,#9088);
#9087 = CARTESIAN_POINT('',(7.1,-46.5));
#9088 = VECTOR('',#9089,1.);
#9089 = DIRECTION('',(0.,-1.));
#9090 = ( GEOMETRIC_REPRESENTATION_CONTEXT(2) 
PARAMETRIC_REPRESENTATION_CONTEXT() REPRESENTATION_CONTEXT('2D SPACE',''
  ) );
#9091 = PCURVE('',#9092,#9097);
#9092 = PLANE('',#9093);
#9093 = AXIS2_PLACEMENT_3D('',#9094,#9095,#9096);
#9094 = CARTESIAN_POINT('',(-46.,22.,24.1));
#9095 = DIRECTION('',(0.,0.,1.));
#9096 = DIRECTION('',(1.,0.,-0.));
#9097 = DEFINITIONAL_REPRESENTATION('',(#9098),#9102);
#9098 = LINE('',#9099,#9100);
#9099 = CARTESIAN_POINT('',(0.,-3.5));
#9100 = VECTOR('',#9101,1.);
#9101 = DIRECTION('',(0.,1.));
#9102 = ( GEOMETRIC_REPRESENTATION_CONTEXT(2) 
PARAMETRIC_REPRESENTATION_CONTEXT() REPRESENTATION_CONTEXT('2D SPACE',''
  ) );
#9103 = ORIENTED_EDGE('',*,*,#9104,.F.);
#9104 = EDGE_CURVE('',#8792,#9077,#9105,.T.);
#9105 = SURFACE_CURVE('',#9106,(#9110,#9117),.PCURVE_S1.);
#9106 = LINE('',#9107,#9108);
#9107 = CARTESIAN_POINT('',(-46.,18.5,19.5));
#9108 = VECTOR('',#9109,1.);
#9109 = DIRECTION('',(-0.,-0.,1.));
#9110 = PCURVE('',#8800,#9111);
#9111 = DEFINITIONAL_REPRESENTATION('',(#9112),#9116);
#9112 = LINE('',#9113,#9114);
#9113 = CARTESIAN_POINT('',(2.5,-46.5));
#9114 = VECTOR('',#9115,1.);
#9115 = DIRECTION('',(1.,0.));
#9116 = ( GEOMETRIC_REPRESENTATION_CONTEXT(2) 
PARAMETRIC_REPRESENTATION_CONTEXT() REPRESENTATION_CONTEXT('2D SPACE',''
  ) );
#9117 = PCURVE('',#9118,#9123);
#9118 = PLANE('',#9119);
#9119 = AXIS2_PLACEMENT_3D('',#9120,#9121,#9122);
#9120 = CARTESIAN_POINT('',(-44.,18.5,19.5));
#9121 = DIRECTION('',(-0.,1.,-0.));
#9122 = DIRECTION('',(0.,0.,-1.));
#9123 = DEFINITIONAL_REPRESENTATION('',(#9124),#9128);
#9124 = LINE('',#9125,#9126);
#9125 = CARTESIAN_POINT('',(0.,2.));
#9126 = VECTOR('',#9127,1.);
#9127 = DIRECTION('',(-1.,0.));
#9128 = ( GEOMETRIC_REPRESENTATION_CONTEXT(2) 
PARAMETRIC_REPRESENTATION_CONTEXT() REPRESENTATION_CONTEXT('2D SPACE',''
  ) );
#9129 = ADVANCED_FACE('',(#9130,#9429,#9460,#9491,#9605,#9636),#8812,.T.
  );
#9130 = FACE_BOUND('',#9131,.T.);
#9131 = EDGE_LOOP('',(#9132,#9133,#9156,#9184,#9212,#9240,#9268,#9296,
    #9324,#9352,#9380,#9408));
#9132 = ORIENTED_EDGE('',*,*,#8789,.F.);
#9133 = ORIENTED_EDGE('',*,*,#9134,.F.);
#9134 = EDGE_CURVE('',#9135,#8790,#9137,.T.);
#9135 = VERTEX_POINT('',#9136);
#9136 = CARTESIAN_POINT('',(-44.,-18.5,19.5));
#9137 = SURFACE_CURVE('',#9138,(#9142,#9149),.PCURVE_S1.);
#9138 = LINE('',#9139,#9140);
#9139 = CARTESIAN_POINT('',(-44.,-18.5,19.5));
#9140 = VECTOR('',#9141,1.);
#9141 = DIRECTION('',(-1.,-0.,-0.));
#9142 = PCURVE('',#8812,#9143);
#9143 = DEFINITIONAL_REPRESENTATION('',(#9144),#9148);
#9144 = LINE('',#9145,#9146);
#9145 = CARTESIAN_POINT('',(2.,9.5));
#9146 = VECTOR('',#9147,1.);
#9147 = DIRECTION('',(-1.,0.));
#9148 = ( GEOMETRIC_REPRESENTATION_CONTEXT(2) 
PARAMETRIC_REPRESENTATION_CONTEXT() REPRESENTATION_CONTEXT('2D SPACE',''
  ) );
#9149 = PCURVE('',#8840,#9150);
#9150 = DEFINITIONAL_REPRESENTATION('',(#9151),#9155);
#9151 = LINE('',#9152,#9153);
#9152 = CARTESIAN_POINT('',(0.,0.));
#9153 = VECTOR('',#9154,1.);
#9154 = DIRECTION('',(0.,1.));
#9155 = ( GEOMETRIC_REPRESENTATION_CONTEXT(2) 
PARAMETRIC_REPRESENTATION_CONTEXT() REPRESENTATION_CONTEXT('2D SPACE',''
  ) );
#9156 = ORIENTED_EDGE('',*,*,#9157,.T.);
#9157 = EDGE_CURVE('',#9135,#9158,#9160,.T.);
#9158 = VERTEX_POINT('',#9159);
#9159 = CARTESIAN_POINT('',(-44.,-22.,19.5));
#9160 = SURFACE_CURVE('',#9161,(#9165,#9172),.PCURVE_S1.);
#9161 = LINE('',#9162,#9163);
#9162 = CARTESIAN_POINT('',(-44.,-18.5,19.5));
#9163 = VECTOR('',#9164,1.);
#9164 = DIRECTION('',(0.,-1.,-0.));
#9165 = PCURVE('',#8812,#9166);
#9166 = DEFINITIONAL_REPRESENTATION('',(#9167),#9171);
#9167 = LINE('',#9168,#9169);
#9168 = CARTESIAN_POINT('',(2.,9.5));
#9169 = VECTOR('',#9170,1.);
#9170 = DIRECTION('',(0.,-1.));
#9171 = ( GEOMETRIC_REPRESENTATION_CONTEXT(2) 
PARAMETRIC_REPRESENTATION_CONTEXT() REPRESENTATION_CONTEXT('2D SPACE',''
  ) );
#9172 = PCURVE('',#9173,#9178);
#9173 = PLANE('',#9174);
#9174 = AXIS2_PLACEMENT_3D('',#9175,#9176,#9177);
#9175 = CARTESIAN_POINT('',(-44.,-18.5,19.5));
#9176 = DIRECTION('',(-1.,-0.,-0.));
#9177 = DIRECTION('',(-0.,0.,1.));
#9178 = DEFINITIONAL_REPRESENTATION('',(#9179),#9183);
#9179 = LINE('',#9180,#9181);
#9180 = CARTESIAN_POINT('',(0.,0.));
#9181 = VECTOR('',#9182,1.);
#9182 = DIRECTION('',(0.,-1.));
#9183 = ( GEOMETRIC_REPRESENTATION_CONTEXT(2) 
PARAMETRIC_REPRESENTATION_CONTEXT() REPRESENTATION_CONTEXT('2D SPACE',''
  ) );
#9184 = ORIENTED_EDGE('',*,*,#9185,.T.);
#9185 = EDGE_CURVE('',#9158,#9186,#9188,.T.);
#9186 = VERTEX_POINT('',#9187);
#9187 = CARTESIAN_POINT('',(44.,-22.,19.5));
#9188 = SURFACE_CURVE('',#9189,(#9193,#9200),.PCURVE_S1.);
#9189 = LINE('',#9190,#9191);
#9190 = CARTESIAN_POINT('',(-46.,-22.,19.5));
#9191 = VECTOR('',#9192,1.);
#9192 = DIRECTION('',(1.,0.,-0.));
#9193 = PCURVE('',#8812,#9194);
#9194 = DEFINITIONAL_REPRESENTATION('',(#9195),#9199);
#9195 = LINE('',#9196,#9197);
#9196 = CARTESIAN_POINT('',(0.,6.));
#9197 = VECTOR('',#9198,1.);
#9198 = DIRECTION('',(1.,0.));
#9199 = ( GEOMETRIC_REPRESENTATION_CONTEXT(2) 
PARAMETRIC_REPRESENTATION_CONTEXT() REPRESENTATION_CONTEXT('2D SPACE',''
  ) );
#9200 = PCURVE('',#9201,#9206);
#9201 = PLANE('',#9202);
#9202 = AXIS2_PLACEMENT_3D('',#9203,#9204,#9205);
#9203 = CARTESIAN_POINT('',(-46.,-22.,19.5));
#9204 = DIRECTION('',(-0.,1.,0.));
#9205 = DIRECTION('',(0.,0.,1.));
#9206 = DEFINITIONAL_REPRESENTATION('',(#9207),#9211);
#9207 = LINE('',#9208,#9209);
#9208 = CARTESIAN_POINT('',(0.,0.));
#9209 = VECTOR('',#9210,1.);
#9210 = DIRECTION('',(0.,1.));
#9211 = ( GEOMETRIC_REPRESENTATION_CONTEXT(2) 
PARAMETRIC_REPRESENTATION_CONTEXT() REPRESENTATION_CONTEXT('2D SPACE',''
  ) );
#9212 = ORIENTED_EDGE('',*,*,#9213,.F.);
#9213 = EDGE_CURVE('',#9214,#9186,#9216,.T.);
#9214 = VERTEX_POINT('',#9215);
#9215 = CARTESIAN_POINT('',(44.,-18.5,19.5));
#9216 = SURFACE_CURVE('',#9217,(#9221,#9228),.PCURVE_S1.);
#9217 = LINE('',#9218,#9219);
#9218 = CARTESIAN_POINT('',(44.,-18.5,19.5));
#9219 = VECTOR('',#9220,1.);
#9220 = DIRECTION('',(-0.,-1.,-0.));
#9221 = PCURVE('',#8812,#9222);
#9222 = DEFINITIONAL_REPRESENTATION('',(#9223),#9227);
#9223 = LINE('',#9224,#9225);
#9224 = CARTESIAN_POINT('',(90.,9.5));
#9225 = VECTOR('',#9226,1.);
#9226 = DIRECTION('',(0.,-1.));
#9227 = ( GEOMETRIC_REPRESENTATION_CONTEXT(2) 
PARAMETRIC_REPRESENTATION_CONTEXT() REPRESENTATION_CONTEXT('2D SPACE',''
  ) );
#9228 = PCURVE('',#9229,#9234);
#9229 = PLANE('',#9230);
#9230 = AXIS2_PLACEMENT_3D('',#9231,#9232,#9233);
#9231 = CARTESIAN_POINT('',(44.,-18.5,19.5));
#9232 = DIRECTION('',(1.,-0.,-0.));
#9233 = DIRECTION('',(0.,0.,-1.));
#9234 = DEFINITIONAL_REPRESENTATION('',(#9235),#9239);
#9235 = LINE('',#9236,#9237);
#9236 = CARTESIAN_POINT('',(0.,0.));
#9237 = VECTOR('',#9238,1.);
#9238 = DIRECTION('',(-0.,-1.));
#9239 = ( GEOMETRIC_REPRESENTATION_CONTEXT(2) 
PARAMETRIC_REPRESENTATION_CONTEXT() REPRESENTATION_CONTEXT('2D SPACE',''
  ) );
#9240 = ORIENTED_EDGE('',*,*,#9241,.T.);
#9241 = EDGE_CURVE('',#9214,#9242,#9244,.T.);
#9242 = VERTEX_POINT('',#9243);
#9243 = CARTESIAN_POINT('',(46.,-18.5,19.5));
#9244 = SURFACE_CURVE('',#9245,(#9249,#9256),.PCURVE_S1.);
#9245 = LINE('',#9246,#9247);
#9246 = CARTESIAN_POINT('',(44.,-18.5,19.5));
#9247 = VECTOR('',#9248,1.);
#9248 = DIRECTION('',(1.,-0.,-0.));
#9249 = PCURVE('',#8812,#9250);
#9250 = DEFINITIONAL_REPRESENTATION('',(#9251),#9255);
#9251 = LINE('',#9252,#9253);
#9252 = CARTESIAN_POINT('',(90.,9.5));
#9253 = VECTOR('',#9254,1.);
#9254 = DIRECTION('',(1.,-0.));
#9255 = ( GEOMETRIC_REPRESENTATION_CONTEXT(2) 
PARAMETRIC_REPRESENTATION_CONTEXT() REPRESENTATION_CONTEXT('2D SPACE',''
  ) );
#9256 = PCURVE('',#9257,#9262);
#9257 = PLANE('',#9258);
#9258 = AXIS2_PLACEMENT_3D('',#9259,#9260,#9261);
#9259 = CARTESIAN_POINT('',(44.,-18.5,19.5));
#9260 = DIRECTION('',(-0.,-1.,-0.));
#9261 = DIRECTION('',(0.,0.,-1.));
#9262 = DEFINITIONAL_REPRESENTATION('',(#9263),#9267);
#9263 = LINE('',#9264,#9265);
#9264 = CARTESIAN_POINT('',(0.,0.));
#9265 = VECTOR('',#9266,1.);
#9266 = DIRECTION('',(0.,1.));
#9267 = ( GEOMETRIC_REPRESENTATION_CONTEXT(2) 
PARAMETRIC_REPRESENTATION_CONTEXT() REPRESENTATION_CONTEXT('2D SPACE',''
  ) );
#9268 = ORIENTED_EDGE('',*,*,#9269,.T.);
#9269 = EDGE_CURVE('',#9242,#9270,#9272,.T.);
#9270 = VERTEX_POINT('',#9271);
#9271 = CARTESIAN_POINT('',(46.,18.5,19.5));
#9272 = SURFACE_CURVE('',#9273,(#9277,#9284),.PCURVE_S1.);
#9273 = LINE('',#9274,#9275);
#9274 = CARTESIAN_POINT('',(46.,-28.,19.5));
#9275 = VECTOR('',#9276,1.);
#9276 = DIRECTION('',(-0.,1.,0.));
#9277 = PCURVE('',#8812,#9278);
#9278 = DEFINITIONAL_REPRESENTATION('',(#9279),#9283);
#9279 = LINE('',#9280,#9281);
#9280 = CARTESIAN_POINT('',(92.,0.));
#9281 = VECTOR('',#9282,1.);
#9282 = DIRECTION('',(0.,1.));
#9283 = ( GEOMETRIC_REPRESENTATION_CONTEXT(2) 
PARAMETRIC_REPRESENTATION_CONTEXT() REPRESENTATION_CONTEXT('2D SPACE',''
  ) );
#9284 = PCURVE('',#9285,#9290);
#9285 = PLANE('',#9286);
#9286 = AXIS2_PLACEMENT_3D('',#9287,#9288,#9289);
#9287 = CARTESIAN_POINT('',(46.,-28.,17.));
#9288 = DIRECTION('',(1.,0.,-0.));
#9289 = DIRECTION('',(0.,0.,1.));
#9290 = DEFINITIONAL_REPRESENTATION('',(#9291),#9295);
#9291 = LINE('',#9292,#9293);
#9292 = CARTESIAN_POINT('',(2.5,0.));
#9293 = VECTOR('',#9294,1.);
#9294 = DIRECTION('',(0.,-1.));
#9295 = ( GEOMETRIC_REPRESENTATION_CONTEXT(2) 
PARAMETRIC_REPRESENTATION_CONTEXT() REPRESENTATION_CONTEXT('2D SPACE',''
  ) );
#9296 = ORIENTED_EDGE('',*,*,#9297,.F.);
#9297 = EDGE_CURVE('',#9298,#9270,#9300,.T.);
#9298 = VERTEX_POINT('',#9299);
#9299 = CARTESIAN_POINT('',(44.,18.5,19.5));
#9300 = SURFACE_CURVE('',#9301,(#9305,#9312),.PCURVE_S1.);
#9301 = LINE('',#9302,#9303);
#9302 = CARTESIAN_POINT('',(44.,18.5,19.5));
#9303 = VECTOR('',#9304,1.);
#9304 = DIRECTION('',(1.,0.,-0.));
#9305 = PCURVE('',#8812,#9306);
#9306 = DEFINITIONAL_REPRESENTATION('',(#9307),#9311);
#9307 = LINE('',#9308,#9309);
#9308 = CARTESIAN_POINT('',(90.,46.5));
#9309 = VECTOR('',#9310,1.);
#9310 = DIRECTION('',(1.,0.));
#9311 = ( GEOMETRIC_REPRESENTATION_CONTEXT(2) 
PARAMETRIC_REPRESENTATION_CONTEXT() REPRESENTATION_CONTEXT('2D SPACE',''
  ) );
#9312 = PCURVE('',#9313,#9318);
#9313 = PLANE('',#9314);
#9314 = AXIS2_PLACEMENT_3D('',#9315,#9316,#9317);
#9315 = CARTESIAN_POINT('',(44.,18.5,19.5));
#9316 = DIRECTION('',(-0.,1.,0.));
#9317 = DIRECTION('',(0.,0.,1.));
#9318 = DEFINITIONAL_REPRESENTATION('',(#9319),#9323);
#9319 = LINE('',#9320,#9321);
#9320 = CARTESIAN_POINT('',(0.,0.));
#9321 = VECTOR('',#9322,1.);
#9322 = DIRECTION('',(0.,1.));
#9323 = ( GEOMETRIC_REPRESENTATION_CONTEXT(2) 
PARAMETRIC_REPRESENTATION_CONTEXT() REPRESENTATION_CONTEXT('2D SPACE',''
  ) );
#9324 = ORIENTED_EDGE('',*,*,#9325,.T.);
#9325 = EDGE_CURVE('',#9298,#9326,#9328,.T.);
#9326 = VERTEX_POINT('',#9327);
#9327 = CARTESIAN_POINT('',(44.,22.,19.5));
#9328 = SURFACE_CURVE('',#9329,(#9333,#9340),.PCURVE_S1.);
#9329 = LINE('',#9330,#9331);
#9330 = CARTESIAN_POINT('',(44.,18.5,19.5));
#9331 = VECTOR('',#9332,1.);
#9332 = DIRECTION('',(-0.,1.,0.));
#9333 = PCURVE('',#8812,#9334);
#9334 = DEFINITIONAL_REPRESENTATION('',(#9335),#9339);
#9335 = LINE('',#9336,#9337);
#9336 = CARTESIAN_POINT('',(90.,46.5));
#9337 = VECTOR('',#9338,1.);
#9338 = DIRECTION('',(0.,1.));
#9339 = ( GEOMETRIC_REPRESENTATION_CONTEXT(2) 
PARAMETRIC_REPRESENTATION_CONTEXT() REPRESENTATION_CONTEXT('2D SPACE',''
  ) );
#9340 = PCURVE('',#9341,#9346);
#9341 = PLANE('',#9342);
#9342 = AXIS2_PLACEMENT_3D('',#9343,#9344,#9345);
#9343 = CARTESIAN_POINT('',(44.,18.5,19.5));
#9344 = DIRECTION('',(1.,0.,-0.));
#9345 = DIRECTION('',(0.,0.,1.));
#9346 = DEFINITIONAL_REPRESENTATION('',(#9347),#9351);
#9347 = LINE('',#9348,#9349);
#9348 = CARTESIAN_POINT('',(0.,0.));
#9349 = VECTOR('',#9350,1.);
#9350 = DIRECTION('',(0.,-1.));
#9351 = ( GEOMETRIC_REPRESENTATION_CONTEXT(2) 
PARAMETRIC_REPRESENTATION_CONTEXT() REPRESENTATION_CONTEXT('2D SPACE',''
  ) );
#9352 = ORIENTED_EDGE('',*,*,#9353,.F.);
#9353 = EDGE_CURVE('',#9354,#9326,#9356,.T.);
#9354 = VERTEX_POINT('',#9355);
#9355 = CARTESIAN_POINT('',(-44.,22.,19.5));
#9356 = SURFACE_CURVE('',#9357,(#9361,#9368),.PCURVE_S1.);
#9357 = LINE('',#9358,#9359);
#9358 = CARTESIAN_POINT('',(-46.,22.,19.5));
#9359 = VECTOR('',#9360,1.);
#9360 = DIRECTION('',(1.,0.,-0.));
#9361 = PCURVE('',#8812,#9362);
#9362 = DEFINITIONAL_REPRESENTATION('',(#9363),#9367);
#9363 = LINE('',#9364,#9365);
#9364 = CARTESIAN_POINT('',(0.,50.));
#9365 = VECTOR('',#9366,1.);
#9366 = DIRECTION('',(1.,0.));
#9367 = ( GEOMETRIC_REPRESENTATION_CONTEXT(2) 
PARAMETRIC_REPRESENTATION_CONTEXT() REPRESENTATION_CONTEXT('2D SPACE',''
  ) );
#9368 = PCURVE('',#9369,#9374);
#9369 = PLANE('',#9370);
#9370 = AXIS2_PLACEMENT_3D('',#9371,#9372,#9373);
#9371 = CARTESIAN_POINT('',(-46.,22.,19.5));
#9372 = DIRECTION('',(-0.,1.,0.));
#9373 = DIRECTION('',(0.,0.,1.));
#9374 = DEFINITIONAL_REPRESENTATION('',(#9375),#9379);
#9375 = LINE('',#9376,#9377);
#9376 = CARTESIAN_POINT('',(0.,0.));
#9377 = VECTOR('',#9378,1.);
#9378 = DIRECTION('',(0.,1.));
#9379 = ( GEOMETRIC_REPRESENTATION_CONTEXT(2) 
PARAMETRIC_REPRESENTATION_CONTEXT() REPRESENTATION_CONTEXT('2D SPACE',''
  ) );
#9380 = ORIENTED_EDGE('',*,*,#9381,.F.);
#9381 = EDGE_CURVE('',#9382,#9354,#9384,.T.);
#9382 = VERTEX_POINT('',#9383);
#9383 = CARTESIAN_POINT('',(-44.,18.5,19.5));
#9384 = SURFACE_CURVE('',#9385,(#9389,#9396),.PCURVE_S1.);
#9385 = LINE('',#9386,#9387);
#9386 = CARTESIAN_POINT('',(-44.,18.5,19.5));
#9387 = VECTOR('',#9388,1.);
#9388 = DIRECTION('',(-0.,1.,-0.));
#9389 = PCURVE('',#8812,#9390);
#9390 = DEFINITIONAL_REPRESENTATION('',(#9391),#9395);
#9391 = LINE('',#9392,#9393);
#9392 = CARTESIAN_POINT('',(2.,46.5));
#9393 = VECTOR('',#9394,1.);
#9394 = DIRECTION('',(0.,1.));
#9395 = ( GEOMETRIC_REPRESENTATION_CONTEXT(2) 
PARAMETRIC_REPRESENTATION_CONTEXT() REPRESENTATION_CONTEXT('2D SPACE',''
  ) );
#9396 = PCURVE('',#9397,#9402);
#9397 = PLANE('',#9398);
#9398 = AXIS2_PLACEMENT_3D('',#9399,#9400,#9401);
#9399 = CARTESIAN_POINT('',(-44.,18.5,19.5));
#9400 = DIRECTION('',(-1.,-0.,-0.));
#9401 = DIRECTION('',(0.,0.,-1.));
#9402 = DEFINITIONAL_REPRESENTATION('',(#9403),#9407);
#9403 = LINE('',#9404,#9405);
#9404 = CARTESIAN_POINT('',(0.,0.));
#9405 = VECTOR('',#9406,1.);
#9406 = DIRECTION('',(0.,-1.));
#9407 = ( GEOMETRIC_REPRESENTATION_CONTEXT(2) 
PARAMETRIC_REPRESENTATION_CONTEXT() REPRESENTATION_CONTEXT('2D SPACE',''
  ) );
#9408 = ORIENTED_EDGE('',*,*,#9409,.T.);
#9409 = EDGE_CURVE('',#9382,#8792,#9410,.T.);
#9410 = SURFACE_CURVE('',#9411,(#9415,#9422),.PCURVE_S1.);
#9411 = LINE('',#9412,#9413);
#9412 = CARTESIAN_POINT('',(-44.,18.5,19.5));
#9413 = VECTOR('',#9414,1.);
#9414 = DIRECTION('',(-1.,-0.,-0.));
#9415 = PCURVE('',#8812,#9416);
#9416 = DEFINITIONAL_REPRESENTATION('',(#9417),#9421);
#9417 = LINE('',#9418,#9419);
#9418 = CARTESIAN_POINT('',(2.,46.5));
#9419 = VECTOR('',#9420,1.);
#9420 = DIRECTION('',(-1.,0.));
#9421 = ( GEOMETRIC_REPRESENTATION_CONTEXT(2) 
PARAMETRIC_REPRESENTATION_CONTEXT() REPRESENTATION_CONTEXT('2D SPACE',''
  ) );
#9422 = PCURVE('',#9118,#9423);
#9423 = DEFINITIONAL_REPRESENTATION('',(#9424),#9428);
#9424 = LINE('',#9425,#9426);
#9425 = CARTESIAN_POINT('',(0.,-0.));
#9426 = VECTOR('',#9427,1.);
#9427 = DIRECTION('',(-0.,1.));
#9428 = ( GEOMETRIC_REPRESENTATION_CONTEXT(2) 
PARAMETRIC_REPRESENTATION_CONTEXT() REPRESENTATION_CONTEXT('2D SPACE',''
  ) );
#9429 = FACE_BOUND('',#9430,.T.);
#9430 = EDGE_LOOP('',(#9431));
#9431 = ORIENTED_EDGE('',*,*,#9432,.F.);
#9432 = EDGE_CURVE('',#9433,#9433,#9435,.T.);
#9433 = VERTEX_POINT('',#9434);
#9434 = CARTESIAN_POINT('',(-8.25,-8.,19.5));
#9435 = SURFACE_CURVE('',#9436,(#9441,#9448),.PCURVE_S1.);
#9436 = CIRCLE('',#9437,2.75);
#9437 = AXIS2_PLACEMENT_3D('',#9438,#9439,#9440);
#9438 = CARTESIAN_POINT('',(-11.,-8.,19.5));
#9439 = DIRECTION('',(0.,0.,1.));
#9440 = DIRECTION('',(1.,0.,-0.));
#9441 = PCURVE('',#8812,#9442);
#9442 = DEFINITIONAL_REPRESENTATION('',(#9443),#9447);
#9443 = CIRCLE('',#9444,2.75);
#9444 = AXIS2_PLACEMENT_2D('',#9445,#9446);
#9445 = CARTESIAN_POINT('',(35.,20.));
#9446 = DIRECTION('',(1.,0.));
#9447 = ( GEOMETRIC_REPRESENTATION_CONTEXT(2) 
PARAMETRIC_REPRESENTATION_CONTEXT() REPRESENTATION_CONTEXT('2D SPACE',''
  ) );
#9448 = PCURVE('',#9449,#9454);
#9449 = CONICAL_SURFACE('',#9450,1.45,0.785398163397);
#9450 = AXIS2_PLACEMENT_3D('',#9451,#9452,#9453);
#9451 = CARTESIAN_POINT('',(-11.,-8.,18.2));
#9452 = DIRECTION('',(0.,0.,1.));
#9453 = DIRECTION('',(1.,0.,-0.));
#9454 = DEFINITIONAL_REPRESENTATION('',(#9455),#9459);
#9455 = LINE('',#9456,#9457);
#9456 = CARTESIAN_POINT('',(0.,1.3));
#9457 = VECTOR('',#9458,1.);
#9458 = DIRECTION('',(1.,0.));
#9459 = ( GEOMETRIC_REPRESENTATION_CONTEXT(2) 
PARAMETRIC_REPRESENTATION_CONTEXT() REPRESENTATION_CONTEXT('2D SPACE',''
  ) );
#9460 = FACE_BOUND('',#9461,.T.);
#9461 = EDGE_LOOP('',(#9462));
#9462 = ORIENTED_EDGE('',*,*,#9463,.F.);
#9463 = EDGE_CURVE('',#9464,#9464,#9466,.T.);
#9464 = VERTEX_POINT('',#9465);
#9465 = CARTESIAN_POINT('',(13.75,-8.,19.5));
#9466 = SURFACE_CURVE('',#9467,(#9472,#9479),.PCURVE_S1.);
#9467 = CIRCLE('',#9468,2.75);
#9468 = AXIS2_PLACEMENT_3D('',#9469,#9470,#9471);
#9469 = CARTESIAN_POINT('',(11.,-8.,19.5));
#9470 = DIRECTION('',(0.,0.,1.));
#9471 = DIRECTION('',(1.,0.,-0.));
#9472 = PCURVE('',#8812,#9473);
#9473 = DEFINITIONAL_REPRESENTATION('',(#9474),#9478);
#9474 = CIRCLE('',#9475,2.75);
#9475 = AXIS2_PLACEMENT_2D('',#9476,#9477);
#9476 = CARTESIAN_POINT('',(57.,20.));
#9477 = DIRECTION('',(1.,0.));
#9478 = ( GEOMETRIC_REPRESENTATION_CONTEXT(2) 
PARAMETRIC_REPRESENTATION_CONTEXT() REPRESENTATION_CONTEXT('2D SPACE',''
  ) );
#9479 = PCURVE('',#9480,#9485);
#9480 = CONICAL_SURFACE('',#9481,1.45,0.785398163397);
#9481 = AXIS2_PLACEMENT_3D('',#9482,#9483,#9484);
#9482 = CARTESIAN_POINT('',(11.,-8.,18.2));
#9483 = DIRECTION('',(0.,0.,1.));
#9484 = DIRECTION('',(1.,0.,-0.));
#9485 = DEFINITIONAL_REPRESENTATION('',(#9486),#9490);
#9486 = LINE('',#9487,#9488);
#9487 = CARTESIAN_POINT('',(0.,1.3));
#9488 = VECTOR('',#9489,1.);
#9489 = DIRECTION('',(1.,0.));
#9490 = ( GEOMETRIC_REPRESENTATION_CONTEXT(2) 
PARAMETRIC_REPRESENTATION_CONTEXT() REPRESENTATION_CONTEXT('2D SPACE',''
  ) );
#9491 = FACE_BOUND('',#9492,.T.);
#9492 = EDGE_LOOP('',(#9493,#9523,#9551,#9579));
#9493 = ORIENTED_EDGE('',*,*,#9494,.F.);
#9494 = EDGE_CURVE('',#9495,#9497,#9499,.T.);
#9495 = VERTEX_POINT('',#9496);
#9496 = CARTESIAN_POINT('',(-16.,-16.5,19.5));
#9497 = VERTEX_POINT('',#9498);
#9498 = CARTESIAN_POINT('',(-16.,16.5,19.5));
#9499 = SURFACE_CURVE('',#9500,(#9504,#9511),.PCURVE_S1.);
#9500 = LINE('',#9501,#9502);
#9501 = CARTESIAN_POINT('',(-16.,-22.25,19.5));
#9502 = VECTOR('',#9503,1.);
#9503 = DIRECTION('',(0.,1.,0.));
#9504 = PCURVE('',#8812,#9505);
#9505 = DEFINITIONAL_REPRESENTATION('',(#9506),#9510);
#9506 = LINE('',#9507,#9508);
#9507 = CARTESIAN_POINT('',(30.,5.75));
#9508 = VECTOR('',#9509,1.);
#9509 = DIRECTION('',(0.,1.));
#9510 = ( GEOMETRIC_REPRESENTATION_CONTEXT(2) 
PARAMETRIC_REPRESENTATION_CONTEXT() REPRESENTATION_CONTEXT('2D SPACE',''
  ) );
#9511 = PCURVE('',#9512,#9517);
#9512 = PLANE('',#9513);
#9513 = AXIS2_PLACEMENT_3D('',#9514,#9515,#9516);
#9514 = CARTESIAN_POINT('',(-16.,-16.5,16.8));
#9515 = DIRECTION('',(-1.,-0.,-0.));
#9516 = DIRECTION('',(0.,0.,-1.));
#9517 = DEFINITIONAL_REPRESENTATION('',(#9518),#9522);
#9518 = LINE('',#9519,#9520);
#9519 = CARTESIAN_POINT('',(-2.7,5.75));
#9520 = VECTOR('',#9521,1.);
#9521 = DIRECTION('',(0.,-1.));
#9522 = ( GEOMETRIC_REPRESENTATION_CONTEXT(2) 
PARAMETRIC_REPRESENTATION_CONTEXT() REPRESENTATION_CONTEXT('2D SPACE',''
  ) );
#9523 = ORIENTED_EDGE('',*,*,#9524,.F.);
#9524 = EDGE_CURVE('',#9525,#9495,#9527,.T.);
#9525 = VERTEX_POINT('',#9526);
#9526 = CARTESIAN_POINT('',(-42.,-16.5,19.5));
#9527 = SURFACE_CURVE('',#9528,(#9532,#9539),.PCURVE_S1.);
#9528 = LINE('',#9529,#9530);
#9529 = CARTESIAN_POINT('',(-31.,-16.5,19.5));
#9530 = VECTOR('',#9531,1.);
#9531 = DIRECTION('',(1.,0.,-0.));
#9532 = PCURVE('',#8812,#9533);
#9533 = DEFINITIONAL_REPRESENTATION('',(#9534),#9538);
#9534 = LINE('',#9535,#9536);
#9535 = CARTESIAN_POINT('',(15.,11.5));
#9536 = VECTOR('',#9537,1.);
#9537 = DIRECTION('',(1.,0.));
#9538 = ( GEOMETRIC_REPRESENTATION_CONTEXT(2) 
PARAMETRIC_REPRESENTATION_CONTEXT() REPRESENTATION_CONTEXT('2D SPACE',''
  ) );
#9539 = PCURVE('',#9540,#9545);
#9540 = PLANE('',#9541);
#9541 = AXIS2_PLACEMENT_3D('',#9542,#9543,#9544);
#9542 = CARTESIAN_POINT('',(-16.,-16.5,16.8));
#9543 = DIRECTION('',(-0.,1.,-0.));
#9544 = DIRECTION('',(0.,0.,-1.));
#9545 = DEFINITIONAL_REPRESENTATION('',(#9546),#9550);
#9546 = LINE('',#9547,#9548);
#9547 = CARTESIAN_POINT('',(-2.7,15.));
#9548 = VECTOR('',#9549,1.);
#9549 = DIRECTION('',(0.,-1.));
#9550 = ( GEOMETRIC_REPRESENTATION_CONTEXT(2) 
PARAMETRIC_REPRESENTATION_CONTEXT() REPRESENTATION_CONTEXT('2D SPACE',''
  ) );
#9551 = ORIENTED_EDGE('',*,*,#9552,.T.);
#9552 = EDGE_CURVE('',#9525,#9553,#9555,.T.);
#9553 = VERTEX_POINT('',#9554);
#9554 = CARTESIAN_POINT('',(-42.,16.5,19.5));
#9555 = SURFACE_CURVE('',#9556,(#9560,#9567),.PCURVE_S1.);
#9556 = LINE('',#9557,#9558);
#9557 = CARTESIAN_POINT('',(-42.,-22.25,19.5));
#9558 = VECTOR('',#9559,1.);
#9559 = DIRECTION('',(0.,1.,0.));
#9560 = PCURVE('',#8812,#9561);
#9561 = DEFINITIONAL_REPRESENTATION('',(#9562),#9566);
#9562 = LINE('',#9563,#9564);
#9563 = CARTESIAN_POINT('',(4.,5.75));
#9564 = VECTOR('',#9565,1.);
#9565 = DIRECTION('',(0.,1.));
#9566 = ( GEOMETRIC_REPRESENTATION_CONTEXT(2) 
PARAMETRIC_REPRESENTATION_CONTEXT() REPRESENTATION_CONTEXT('2D SPACE',''
  ) );
#9567 = PCURVE('',#9568,#9573);
#9568 = PLANE('',#9569);
#9569 = AXIS2_PLACEMENT_3D('',#9570,#9571,#9572);
#9570 = CARTESIAN_POINT('',(-42.,-16.5,16.8));
#9571 = DIRECTION('',(-1.,-0.,-0.));
#9572 = DIRECTION('',(0.,0.,-1.));
#9573 = DEFINITIONAL_REPRESENTATION('',(#9574),#9578);
#9574 = LINE('',#9575,#9576);
#9575 = CARTESIAN_POINT('',(-2.7,5.75));
#9576 = VECTOR('',#9577,1.);
#9577 = DIRECTION('',(0.,-1.));
#9578 = ( GEOMETRIC_REPRESENTATION_CONTEXT(2) 
PARAMETRIC_REPRESENTATION_CONTEXT() REPRESENTATION_CONTEXT('2D SPACE',''
  ) );
#9579 = ORIENTED_EDGE('',*,*,#9580,.T.);
#9580 = EDGE_CURVE('',#9553,#9497,#9581,.T.);
#9581 = SURFACE_CURVE('',#9582,(#9586,#9593),.PCURVE_S1.);
#9582 = LINE('',#9583,#9584);
#9583 = CARTESIAN_POINT('',(-31.,16.5,19.5));
#9584 = VECTOR('',#9585,1.);
#9585 = DIRECTION('',(1.,0.,-0.));
#9586 = PCURVE('',#8812,#9587);
#9587 = DEFINITIONAL_REPRESENTATION('',(#9588),#9592);
#9588 = LINE('',#9589,#9590);
#9589 = CARTESIAN_POINT('',(15.,44.5));
#9590 = VECTOR('',#9591,1.);
#9591 = DIRECTION('',(1.,0.));
#9592 = ( GEOMETRIC_REPRESENTATION_CONTEXT(2) 
PARAMETRIC_REPRESENTATION_CONTEXT() REPRESENTATION_CONTEXT('2D SPACE',''
  ) );
#9593 = PCURVE('',#9594,#9599);
#9594 = PLANE('',#9595);
#9595 = AXIS2_PLACEMENT_3D('',#9596,#9597,#9598);
#9596 = CARTESIAN_POINT('',(-16.,16.5,16.8));
#9597 = DIRECTION('',(-0.,1.,-0.));
#9598 = DIRECTION('',(0.,0.,-1.));
#9599 = DEFINITIONAL_REPRESENTATION('',(#9600),#9604);
#9600 = LINE('',#9601,#9602);
#9601 = CARTESIAN_POINT('',(-2.7,15.));
#9602 = VECTOR('',#9603,1.);
#9603 = DIRECTION('',(0.,-1.));
#9604 = ( GEOMETRIC_REPRESENTATION_CONTEXT(2) 
PARAMETRIC_REPRESENTATION_CONTEXT() REPRESENTATION_CONTEXT('2D SPACE',''
  ) );
#9605 = FACE_BOUND('',#9606,.T.);
#9606 = EDGE_LOOP('',(#9607));
#9607 = ORIENTED_EDGE('',*,*,#9608,.F.);
#9608 = EDGE_CURVE('',#9609,#9609,#9611,.T.);
#9609 = VERTEX_POINT('',#9610);
#9610 = CARTESIAN_POINT('',(10.65,-2.608497682184E-15,19.5));
#9611 = SURFACE_CURVE('',#9612,(#9617,#9624),.PCURVE_S1.);
#9612 = CIRCLE('',#9613,10.65);
#9613 = AXIS2_PLACEMENT_3D('',#9614,#9615,#9616);
#9614 = CARTESIAN_POINT('',(0.,0.,19.5));
#9615 = DIRECTION('',(0.,0.,1.));
#9616 = DIRECTION('',(1.,0.,-0.));
#9617 = PCURVE('',#8812,#9618);
#9618 = DEFINITIONAL_REPRESENTATION('',(#9619),#9623);
#9619 = CIRCLE('',#9620,10.65);
#9620 = AXIS2_PLACEMENT_2D('',#9621,#9622);
#9621 = CARTESIAN_POINT('',(46.,28.));
#9622 = DIRECTION('',(1.,0.));
#9623 = ( GEOMETRIC_REPRESENTATION_CONTEXT(2) 
PARAMETRIC_REPRESENTATION_CONTEXT() REPRESENTATION_CONTEXT('2D SPACE',''
  ) );
#9624 = PCURVE('',#9625,#9630);
#9625 = CYLINDRICAL_SURFACE('',#9626,10.65);
#9626 = AXIS2_PLACEMENT_3D('',#9627,#9628,#9629);
#9627 = CARTESIAN_POINT('',(0.,0.,16.8));
#9628 = DIRECTION('',(0.,0.,1.));
#9629 = DIRECTION('',(1.,0.,-0.));
#9630 = DEFINITIONAL_REPRESENTATION('',(#9631),#9635);
#9631 = LINE('',#9632,#9633);
#9632 = CARTESIAN_POINT('',(0.,2.7));
#9633 = VECTOR('',#9634,1.);
#9634 = DIRECTION('',(1.,0.));
#9635 = ( GEOMETRIC_REPRESENTATION_CONTEXT(2) 
PARAMETRIC_REPRESENTATION_CONTEXT() REPRESENTATION_CONTEXT('2D SPACE',''
  ) );
#9636 = FACE_BOUND('',#9637,.T.);
#9637 = EDGE_LOOP('',(#9638,#9668,#9696,#9724));
#9638 = ORIENTED_EDGE('',*,*,#9639,.T.);
#9639 = EDGE_CURVE('',#9640,#9642,#9644,.T.);
#9640 = VERTEX_POINT('',#9641);
#9641 = CARTESIAN_POINT('',(42.,-16.5,19.5));
#9642 = VERTEX_POINT('',#9643);
#9643 = CARTESIAN_POINT('',(16.,-16.5,19.5));
#9644 = SURFACE_CURVE('',#9645,(#9649,#9656),.PCURVE_S1.);
#9645 = LINE('',#9646,#9647);
#9646 = CARTESIAN_POINT('',(-15.,-16.5,19.5));
#9647 = VECTOR('',#9648,1.);
#9648 = DIRECTION('',(-1.,-0.,0.));
#9649 = PCURVE('',#8812,#9650);
#9650 = DEFINITIONAL_REPRESENTATION('',(#9651),#9655);
#9651 = LINE('',#9652,#9653);
#9652 = CARTESIAN_POINT('',(31.,11.5));
#9653 = VECTOR('',#9654,1.);
#9654 = DIRECTION('',(-1.,0.));
#9655 = ( GEOMETRIC_REPRESENTATION_CONTEXT(2) 
PARAMETRIC_REPRESENTATION_CONTEXT() REPRESENTATION_CONTEXT('2D SPACE',''
  ) );
#9656 = PCURVE('',#9657,#9662);
#9657 = PLANE('',#9658);
#9658 = AXIS2_PLACEMENT_3D('',#9659,#9660,#9661);
#9659 = CARTESIAN_POINT('',(16.,-16.5,16.8));
#9660 = DIRECTION('',(-0.,1.,0.));
#9661 = DIRECTION('',(0.,0.,1.));
#9662 = DEFINITIONAL_REPRESENTATION('',(#9663),#9667);
#9663 = LINE('',#9664,#9665);
#9664 = CARTESIAN_POINT('',(2.7,-31.));
#9665 = VECTOR('',#9666,1.);
#9666 = DIRECTION('',(0.,-1.));
#9667 = ( GEOMETRIC_REPRESENTATION_CONTEXT(2) 
PARAMETRIC_REPRESENTATION_CONTEXT() REPRESENTATION_CONTEXT('2D SPACE',''
  ) );
#9668 = ORIENTED_EDGE('',*,*,#9669,.T.);
#9669 = EDGE_CURVE('',#9642,#9670,#9672,.T.);
#9670 = VERTEX_POINT('',#9671);
#9671 = CARTESIAN_POINT('',(16.,16.5,19.5));
#9672 = SURFACE_CURVE('',#9673,(#9677,#9684),.PCURVE_S1.);
#9673 = LINE('',#9674,#9675);
#9674 = CARTESIAN_POINT('',(16.,-22.25,19.5));
#9675 = VECTOR('',#9676,1.);
#9676 = DIRECTION('',(-0.,1.,0.));
#9677 = PCURVE('',#8812,#9678);
#9678 = DEFINITIONAL_REPRESENTATION('',(#9679),#9683);
#9679 = LINE('',#9680,#9681);
#9680 = CARTESIAN_POINT('',(62.,5.75));
#9681 = VECTOR('',#9682,1.);
#9682 = DIRECTION('',(0.,1.));
#9683 = ( GEOMETRIC_REPRESENTATION_CONTEXT(2) 
PARAMETRIC_REPRESENTATION_CONTEXT() REPRESENTATION_CONTEXT('2D SPACE',''
  ) );
#9684 = PCURVE('',#9685,#9690);
#9685 = PLANE('',#9686);
#9686 = AXIS2_PLACEMENT_3D('',#9687,#9688,#9689);
#9687 = CARTESIAN_POINT('',(16.,-16.5,16.8));
#9688 = DIRECTION('',(1.,0.,-0.));
#9689 = DIRECTION('',(0.,0.,1.));
#9690 = DEFINITIONAL_REPRESENTATION('',(#9691),#9695);
#9691 = LINE('',#9692,#9693);
#9692 = CARTESIAN_POINT('',(2.7,5.75));
#9693 = VECTOR('',#9694,1.);
#9694 = DIRECTION('',(0.,-1.));
#9695 = ( GEOMETRIC_REPRESENTATION_CONTEXT(2) 
PARAMETRIC_REPRESENTATION_CONTEXT() REPRESENTATION_CONTEXT('2D SPACE',''
  ) );
#9696 = ORIENTED_EDGE('',*,*,#9697,.F.);
#9697 = EDGE_CURVE('',#9698,#9670,#9700,.T.);
#9698 = VERTEX_POINT('',#9699);
#9699 = CARTESIAN_POINT('',(42.,16.5,19.5));
#9700 = SURFACE_CURVE('',#9701,(#9705,#9712),.PCURVE_S1.);
#9701 = LINE('',#9702,#9703);
#9702 = CARTESIAN_POINT('',(-15.,16.5,19.5));
#9703 = VECTOR('',#9704,1.);
#9704 = DIRECTION('',(-1.,-0.,0.));
#9705 = PCURVE('',#8812,#9706);
#9706 = DEFINITIONAL_REPRESENTATION('',(#9707),#9711);
#9707 = LINE('',#9708,#9709);
#9708 = CARTESIAN_POINT('',(31.,44.5));
#9709 = VECTOR('',#9710,1.);
#9710 = DIRECTION('',(-1.,0.));
#9711 = ( GEOMETRIC_REPRESENTATION_CONTEXT(2) 
PARAMETRIC_REPRESENTATION_CONTEXT() REPRESENTATION_CONTEXT('2D SPACE',''
  ) );
#9712 = PCURVE('',#9713,#9718);
#9713 = PLANE('',#9714);
#9714 = AXIS2_PLACEMENT_3D('',#9715,#9716,#9717);
#9715 = CARTESIAN_POINT('',(16.,16.5,16.8));
#9716 = DIRECTION('',(-0.,1.,0.));
#9717 = DIRECTION('',(0.,0.,1.));
#9718 = DEFINITIONAL_REPRESENTATION('',(#9719),#9723);
#9719 = LINE('',#9720,#9721);
#9720 = CARTESIAN_POINT('',(2.7,-31.));
#9721 = VECTOR('',#9722,1.);
#9722 = DIRECTION('',(0.,-1.));
#9723 = ( GEOMETRIC_REPRESENTATION_CONTEXT(2) 
PARAMETRIC_REPRESENTATION_CONTEXT() REPRESENTATION_CONTEXT('2D SPACE',''
  ) );
#9724 = ORIENTED_EDGE('',*,*,#9725,.F.);
#9725 = EDGE_CURVE('',#9640,#9698,#9726,.T.);
#9726 = SURFACE_CURVE('',#9727,(#9731,#9738),.PCURVE_S1.);
#9727 = LINE('',#9728,#9729);
#9728 = CARTESIAN_POINT('',(42.,-22.25,19.5));
#9729 = VECTOR('',#9730,1.);
#9730 = DIRECTION('',(-0.,1.,0.));
#9731 = PCURVE('',#8812,#9732);
#9732 = DEFINITIONAL_REPRESENTATION('',(#9733),#9737);
#9733 = LINE('',#9734,#9735);
#9734 = CARTESIAN_POINT('',(88.,5.75));
#9735 = VECTOR('',#9736,1.);
#9736 = DIRECTION('',(0.,1.));
#9737 = ( GEOMETRIC_REPRESENTATION_CONTEXT(2) 
PARAMETRIC_REPRESENTATION_CONTEXT() REPRESENTATION_CONTEXT('2D SPACE',''
  ) );
#9738 = PCURVE('',#9739,#9744);
#9739 = PLANE('',#9740);
#9740 = AXIS2_PLACEMENT_3D('',#9741,#9742,#9743);
#9741 = CARTESIAN_POINT('',(42.,-16.5,16.8));
#9742 = DIRECTION('',(1.,0.,-0.));
#9743 = DIRECTION('',(0.,0.,1.));
#9744 = DEFINITIONAL_REPRESENTATION('',(#9745),#9749);
#9745 = LINE('',#9746,#9747);
#9746 = CARTESIAN_POINT('',(2.7,5.75));
#9747 = VECTOR('',#9748,1.);
#9748 = DIRECTION('',(0.,-1.));
#9749 = ( GEOMETRIC_REPRESENTATION_CONTEXT(2) 
PARAMETRIC_REPRESENTATION_CONTEXT() REPRESENTATION_CONTEXT('2D SPACE',''
  ) );
#9750 = ADVANCED_FACE('',(#9751),#8840,.F.);
#9751 = FACE_BOUND('',#9752,.F.);
#9752 = EDGE_LOOP('',(#9753,#9754,#9777,#9798));
#9753 = ORIENTED_EDGE('',*,*,#9134,.F.);
#9754 = ORIENTED_EDGE('',*,*,#9755,.T.);
#9755 = EDGE_CURVE('',#9135,#9756,#9758,.T.);
#9756 = VERTEX_POINT('',#9757);
#9757 = CARTESIAN_POINT('',(-44.,-18.5,24.1));
#9758 = SURFACE_CURVE('',#9759,(#9763,#9770),.PCURVE_S1.);
#9759 = LINE('',#9760,#9761);
#9760 = CARTESIAN_POINT('',(-44.,-18.5,19.5));
#9761 = VECTOR('',#9762,1.);
#9762 = DIRECTION('',(-0.,-0.,1.));
#9763 = PCURVE('',#8840,#9764);
#9764 = DEFINITIONAL_REPRESENTATION('',(#9765),#9769);
#9765 = LINE('',#9766,#9767);
#9766 = CARTESIAN_POINT('',(0.,0.));
#9767 = VECTOR('',#9768,1.);
#9768 = DIRECTION('',(1.,0.));
#9769 = ( GEOMETRIC_REPRESENTATION_CONTEXT(2) 
PARAMETRIC_REPRESENTATION_CONTEXT() REPRESENTATION_CONTEXT('2D SPACE',''
  ) );
#9770 = PCURVE('',#9173,#9771);
#9771 = DEFINITIONAL_REPRESENTATION('',(#9772),#9776);
#9772 = LINE('',#9773,#9774);
#9773 = CARTESIAN_POINT('',(0.,0.));
#9774 = VECTOR('',#9775,1.);
#9775 = DIRECTION('',(1.,0.));
#9776 = ( GEOMETRIC_REPRESENTATION_CONTEXT(2) 
PARAMETRIC_REPRESENTATION_CONTEXT() REPRESENTATION_CONTEXT('2D SPACE',''
  ) );
#9777 = ORIENTED_EDGE('',*,*,#9778,.T.);
#9778 = EDGE_CURVE('',#9756,#8825,#9779,.T.);
#9779 = SURFACE_CURVE('',#9780,(#9784,#9791),.PCURVE_S1.);
#9780 = LINE('',#9781,#9782);
#9781 = CARTESIAN_POINT('',(-44.,-18.5,24.1));
#9782 = VECTOR('',#9783,1.);
#9783 = DIRECTION('',(-1.,-0.,-0.));
#9784 = PCURVE('',#8840,#9785);
#9785 = DEFINITIONAL_REPRESENTATION('',(#9786),#9790);
#9786 = LINE('',#9787,#9788);
#9787 = CARTESIAN_POINT('',(4.6,0.));
#9788 = VECTOR('',#9789,1.);
#9789 = DIRECTION('',(0.,1.));
#9790 = ( GEOMETRIC_REPRESENTATION_CONTEXT(2) 
PARAMETRIC_REPRESENTATION_CONTEXT() REPRESENTATION_CONTEXT('2D SPACE',''
  ) );
#9791 = PCURVE('',#8868,#9792);
#9792 = DEFINITIONAL_REPRESENTATION('',(#9793),#9797);
#9793 = LINE('',#9794,#9795);
#9794 = CARTESIAN_POINT('',(2.,9.5));
#9795 = VECTOR('',#9796,1.);
#9796 = DIRECTION('',(-1.,0.));
#9797 = ( GEOMETRIC_REPRESENTATION_CONTEXT(2) 
PARAMETRIC_REPRESENTATION_CONTEXT() REPRESENTATION_CONTEXT('2D SPACE',''
  ) );
#9798 = ORIENTED_EDGE('',*,*,#8824,.F.);
#9799 = ADVANCED_FACE('',(#9800,#9940,#9971),#8868,.T.);
#9800 = FACE_BOUND('',#9801,.T.);
#9801 = EDGE_LOOP('',(#9802,#9803,#9826,#9849,#9872,#9895,#9918,#9939));
#9802 = ORIENTED_EDGE('',*,*,#8852,.F.);
#9803 = ORIENTED_EDGE('',*,*,#9804,.T.);
#9804 = EDGE_CURVE('',#8853,#9805,#9807,.T.);
#9805 = VERTEX_POINT('',#9806);
#9806 = CARTESIAN_POINT('',(46.,-28.,24.1));
#9807 = SURFACE_CURVE('',#9808,(#9812,#9819),.PCURVE_S1.);
#9808 = LINE('',#9809,#9810);
#9809 = CARTESIAN_POINT('',(-46.,-28.,24.1));
#9810 = VECTOR('',#9811,1.);
#9811 = DIRECTION('',(1.,0.,-0.));
#9812 = PCURVE('',#8868,#9813);
#9813 = DEFINITIONAL_REPRESENTATION('',(#9814),#9818);
#9814 = LINE('',#9815,#9816);
#9815 = CARTESIAN_POINT('',(0.,0.));
#9816 = VECTOR('',#9817,1.);
#9817 = DIRECTION('',(1.,0.));
#9818 = ( GEOMETRIC_REPRESENTATION_CONTEXT(2) 
PARAMETRIC_REPRESENTATION_CONTEXT() REPRESENTATION_CONTEXT('2D SPACE',''
  ) );
#9819 = PCURVE('',#8896,#9820);
#9820 = DEFINITIONAL_REPRESENTATION('',(#9821),#9825);
#9821 = LINE('',#9822,#9823);
#9822 = CARTESIAN_POINT('',(4.6,0.));
#9823 = VECTOR('',#9824,1.);
#9824 = DIRECTION('',(0.,1.));
#9825 = ( GEOMETRIC_REPRESENTATION_CONTEXT(2) 
PARAMETRIC_REPRESENTATION_CONTEXT() REPRESENTATION_CONTEXT('2D SPACE',''
  ) );
#9826 = ORIENTED_EDGE('',*,*,#9827,.T.);
#9827 = EDGE_CURVE('',#9805,#9828,#9830,.T.);
#9828 = VERTEX_POINT('',#9829);
#9829 = CARTESIAN_POINT('',(46.,-18.5,24.1));
#9830 = SURFACE_CURVE('',#9831,(#9835,#9842),.PCURVE_S1.);
#9831 = LINE('',#9832,#9833);
#9832 = CARTESIAN_POINT('',(46.,-28.,24.1));
#9833 = VECTOR('',#9834,1.);
#9834 = DIRECTION('',(0.,1.,0.));
#9835 = PCURVE('',#8868,#9836);
#9836 = DEFINITIONAL_REPRESENTATION('',(#9837),#9841);
#9837 = LINE('',#9838,#9839);
#9838 = CARTESIAN_POINT('',(92.,0.));
#9839 = VECTOR('',#9840,1.);
#9840 = DIRECTION('',(0.,1.));
#9841 = ( GEOMETRIC_REPRESENTATION_CONTEXT(2) 
PARAMETRIC_REPRESENTATION_CONTEXT() REPRESENTATION_CONTEXT('2D SPACE',''
  ) );
#9842 = PCURVE('',#9285,#9843);
#9843 = DEFINITIONAL_REPRESENTATION('',(#9844),#9848);
#9844 = LINE('',#9845,#9846);
#9845 = CARTESIAN_POINT('',(7.1,0.));
#9846 = VECTOR('',#9847,1.);
#9847 = DIRECTION('',(0.,-1.));
#9848 = ( GEOMETRIC_REPRESENTATION_CONTEXT(2) 
PARAMETRIC_REPRESENTATION_CONTEXT() REPRESENTATION_CONTEXT('2D SPACE',''
  ) );
#9849 = ORIENTED_EDGE('',*,*,#9850,.F.);
#9850 = EDGE_CURVE('',#9851,#9828,#9853,.T.);
#9851 = VERTEX_POINT('',#9852);
#9852 = CARTESIAN_POINT('',(44.,-18.5,24.1));
#9853 = SURFACE_CURVE('',#9854,(#9858,#9865),.PCURVE_S1.);
#9854 = LINE('',#9855,#9856);
#9855 = CARTESIAN_POINT('',(44.,-18.5,24.1));
#9856 = VECTOR('',#9857,1.);
#9857 = DIRECTION('',(1.,-0.,-0.));
#9858 = PCURVE('',#8868,#9859);
#9859 = DEFINITIONAL_REPRESENTATION('',(#9860),#9864);
#9860 = LINE('',#9861,#9862);
#9861 = CARTESIAN_POINT('',(90.,9.5));
#9862 = VECTOR('',#9863,1.);
#9863 = DIRECTION('',(1.,-0.));
#9864 = ( GEOMETRIC_REPRESENTATION_CONTEXT(2) 
PARAMETRIC_REPRESENTATION_CONTEXT() REPRESENTATION_CONTEXT('2D SPACE',''
  ) );
#9865 = PCURVE('',#9257,#9866);
#9866 = DEFINITIONAL_REPRESENTATION('',(#9867),#9871);
#9867 = LINE('',#9868,#9869);
#9868 = CARTESIAN_POINT('',(-4.6,0.));
#9869 = VECTOR('',#9870,1.);
#9870 = DIRECTION('',(0.,1.));
#9871 = ( GEOMETRIC_REPRESENTATION_CONTEXT(2) 
PARAMETRIC_REPRESENTATION_CONTEXT() REPRESENTATION_CONTEXT('2D SPACE',''
  ) );
#9872 = ORIENTED_EDGE('',*,*,#9873,.T.);
#9873 = EDGE_CURVE('',#9851,#9874,#9876,.T.);
#9874 = VERTEX_POINT('',#9875);
#9875 = CARTESIAN_POINT('',(44.,-22.,24.1));
#9876 = SURFACE_CURVE('',#9877,(#9881,#9888),.PCURVE_S1.);
#9877 = LINE('',#9878,#9879);
#9878 = CARTESIAN_POINT('',(44.,-18.5,24.1));
#9879 = VECTOR('',#9880,1.);
#9880 = DIRECTION('',(-0.,-1.,-0.));
#9881 = PCURVE('',#8868,#9882);
#9882 = DEFINITIONAL_REPRESENTATION('',(#9883),#9887);
#9883 = LINE('',#9884,#9885);
#9884 = CARTESIAN_POINT('',(90.,9.5));
#9885 = VECTOR('',#9886,1.);
#9886 = DIRECTION('',(0.,-1.));
#9887 = ( GEOMETRIC_REPRESENTATION_CONTEXT(2) 
PARAMETRIC_REPRESENTATION_CONTEXT() REPRESENTATION_CONTEXT('2D SPACE',''
  ) );
#9888 = PCURVE('',#9229,#9889);
#9889 = DEFINITIONAL_REPRESENTATION('',(#9890),#9894);
#9890 = LINE('',#9891,#9892);
#9891 = CARTESIAN_POINT('',(-4.6,0.));
#9892 = VECTOR('',#9893,1.);
#9893 = DIRECTION('',(-0.,-1.));
#9894 = ( GEOMETRIC_REPRESENTATION_CONTEXT(2) 
PARAMETRIC_REPRESENTATION_CONTEXT() REPRESENTATION_CONTEXT('2D SPACE',''
  ) );
#9895 = ORIENTED_EDGE('',*,*,#9896,.F.);
#9896 = EDGE_CURVE('',#9897,#9874,#9899,.T.);
#9897 = VERTEX_POINT('',#9898);
#9898 = CARTESIAN_POINT('',(-44.,-22.,24.1));
#9899 = SURFACE_CURVE('',#9900,(#9904,#9911),.PCURVE_S1.);
#9900 = LINE('',#9901,#9902);
#9901 = CARTESIAN_POINT('',(-46.,-22.,24.1));
#9902 = VECTOR('',#9903,1.);
#9903 = DIRECTION('',(1.,0.,-0.));
#9904 = PCURVE('',#8868,#9905);
#9905 = DEFINITIONAL_REPRESENTATION('',(#9906),#9910);
#9906 = LINE('',#9907,#9908);
#9907 = CARTESIAN_POINT('',(0.,6.));
#9908 = VECTOR('',#9909,1.);
#9909 = DIRECTION('',(1.,0.));
#9910 = ( GEOMETRIC_REPRESENTATION_CONTEXT(2) 
PARAMETRIC_REPRESENTATION_CONTEXT() REPRESENTATION_CONTEXT('2D SPACE',''
  ) );
#9911 = PCURVE('',#9201,#9912);
#9912 = DEFINITIONAL_REPRESENTATION('',(#9913),#9917);
#9913 = LINE('',#9914,#9915);
#9914 = CARTESIAN_POINT('',(4.6,0.));
#9915 = VECTOR('',#9916,1.);
#9916 = DIRECTION('',(0.,1.));
#9917 = ( GEOMETRIC_REPRESENTATION_CONTEXT(2) 
PARAMETRIC_REPRESENTATION_CONTEXT() REPRESENTATION_CONTEXT('2D SPACE',''
  ) );
#9918 = ORIENTED_EDGE('',*,*,#9919,.F.);
#9919 = EDGE_CURVE('',#9756,#9897,#9920,.T.);
#9920 = SURFACE_CURVE('',#9921,(#9925,#9932),.PCURVE_S1.);
#9921 = LINE('',#9922,#9923);
#9922 = CARTESIAN_POINT('',(-44.,-18.5,24.1));
#9923 = VECTOR('',#9924,1.);
#9924 = DIRECTION('',(0.,-1.,-0.));
#9925 = PCURVE('',#8868,#9926);
#9926 = DEFINITIONAL_REPRESENTATION('',(#9927),#9931);
#9927 = LINE('',#9928,#9929);
#9928 = CARTESIAN_POINT('',(2.,9.5));
#9929 = VECTOR('',#9930,1.);
#9930 = DIRECTION('',(0.,-1.));
#9931 = ( GEOMETRIC_REPRESENTATION_CONTEXT(2) 
PARAMETRIC_REPRESENTATION_CONTEXT() REPRESENTATION_CONTEXT('2D SPACE',''
  ) );
#9932 = PCURVE('',#9173,#9933);
#9933 = DEFINITIONAL_REPRESENTATION('',(#9934),#9938);
#9934 = LINE('',#9935,#9936);
#9935 = CARTESIAN_POINT('',(4.6,0.));
#9936 = VECTOR('',#9937,1.);
#9937 = DIRECTION('',(0.,-1.));
#9938 = ( GEOMETRIC_REPRESENTATION_CONTEXT(2) 
PARAMETRIC_REPRESENTATION_CONTEXT() REPRESENTATION_CONTEXT('2D SPACE',''
  ) );
#9939 = ORIENTED_EDGE('',*,*,#9778,.T.);
#9940 = FACE_BOUND('',#9941,.T.);
#9941 = EDGE_LOOP('',(#9942));
#9942 = ORIENTED_EDGE('',*,*,#9943,.F.);
#9943 = EDGE_CURVE('',#9944,#9944,#9946,.T.);
#9944 = VERTEX_POINT('',#9945);
#9945 = CARTESIAN_POINT('',(-36.35,-24.5,24.1));
#9946 = SURFACE_CURVE('',#9947,(#9952,#9959),.PCURVE_S1.);
#9947 = CIRCLE('',#9948,1.15);
#9948 = AXIS2_PLACEMENT_3D('',#9949,#9950,#9951);
#9949 = CARTESIAN_POINT('',(-37.5,-24.5,24.1));
#9950 = DIRECTION('',(0.,0.,1.));
#9951 = DIRECTION('',(1.,0.,-0.));
#9952 = PCURVE('',#8868,#9953);
#9953 = DEFINITIONAL_REPRESENTATION('',(#9954),#9958);
#9954 = CIRCLE('',#9955,1.15);
#9955 = AXIS2_PLACEMENT_2D('',#9956,#9957);
#9956 = CARTESIAN_POINT('',(8.5,3.5));
#9957 = DIRECTION('',(1.,0.));
#9958 = ( GEOMETRIC_REPRESENTATION_CONTEXT(2) 
PARAMETRIC_REPRESENTATION_CONTEXT() REPRESENTATION_CONTEXT('2D SPACE',''
  ) );
#9959 = PCURVE('',#9960,#9965);
#9960 = CYLINDRICAL_SURFACE('',#9961,1.15);
#9961 = AXIS2_PLACEMENT_3D('',#9962,#9963,#9964);
#9962 = CARTESIAN_POINT('',(-37.5,-24.5,16.8));
#9963 = DIRECTION('',(0.,0.,1.));
#9964 = DIRECTION('',(1.,0.,-0.));
#9965 = DEFINITIONAL_REPRESENTATION('',(#9966),#9970);
#9966 = LINE('',#9967,#9968);
#9967 = CARTESIAN_POINT('',(0.,7.3));
#9968 = VECTOR('',#9969,1.);
#9969 = DIRECTION('',(1.,0.));
#9970 = ( GEOMETRIC_REPRESENTATION_CONTEXT(2) 
PARAMETRIC_REPRESENTATION_CONTEXT() REPRESENTATION_CONTEXT('2D SPACE',''
  ) );
#9971 = FACE_BOUND('',#9972,.T.);
#9972 = EDGE_LOOP('',(#9973));
#9973 = ORIENTED_EDGE('',*,*,#9974,.F.);
#9974 = EDGE_CURVE('',#9975,#9975,#9977,.T.);
#9975 = VERTEX_POINT('',#9976);
#9976 = CARTESIAN_POINT('',(38.65,-24.5,24.1));
#9977 = SURFACE_CURVE('',#9978,(#9983,#9990),.PCURVE_S1.);
#9978 = CIRCLE('',#9979,1.15);
#9979 = AXIS2_PLACEMENT_3D('',#9980,#9981,#9982);
#9980 = CARTESIAN_POINT('',(37.5,-24.5,24.1));
#9981 = DIRECTION('',(0.,0.,1.));
#9982 = DIRECTION('',(1.,0.,-0.));
#9983 = PCURVE('',#8868,#9984);
#9984 = DEFINITIONAL_REPRESENTATION('',(#9985),#9989);
#9985 = CIRCLE('',#9986,1.15);
#9986 = AXIS2_PLACEMENT_2D('',#9987,#9988);
#9987 = CARTESIAN_POINT('',(83.5,3.5));
#9988 = DIRECTION('',(1.,0.));
#9989 = ( GEOMETRIC_REPRESENTATION_CONTEXT(2) 
PARAMETRIC_REPRESENTATION_CONTEXT() REPRESENTATION_CONTEXT('2D SPACE',''
  ) );
#9990 = PCURVE('',#9991,#9996);
#9991 = CYLINDRICAL_SURFACE('',#9992,1.15);
#9992 = AXIS2_PLACEMENT_3D('',#9993,#9994,#9995);
#9993 = CARTESIAN_POINT('',(37.5,-24.5,16.8));
#9994 = DIRECTION('',(0.,0.,1.));
#9995 = DIRECTION('',(1.,0.,-0.));
#9996 = DEFINITIONAL_REPRESENTATION('',(#9997),#10001);
#9997 = LINE('',#9998,#9999);
#9998 = CARTESIAN_POINT('',(0.,7.3));
#9999 = VECTOR('',#10000,1.);
#10000 = DIRECTION('',(1.,0.));
#10001 = ( GEOMETRIC_REPRESENTATION_CONTEXT(2) 
PARAMETRIC_REPRESENTATION_CONTEXT() REPRESENTATION_CONTEXT('2D SPACE',''
  ) );
#10002 = ADVANCED_FACE('',(#10003),#8896,.F.);
#10003 = FACE_BOUND('',#10004,.F.);
#10004 = EDGE_LOOP('',(#10005,#10028,#10029,#10030,#10053,#10081,#10109,
    #10132));
#10005 = ORIENTED_EDGE('',*,*,#10006,.F.);
#10006 = EDGE_CURVE('',#8881,#10007,#10009,.T.);
#10007 = VERTEX_POINT('',#10008);
#10008 = CARTESIAN_POINT('',(-45.2,-28.,19.5));
#10009 = SURFACE_CURVE('',#10010,(#10014,#10021),.PCURVE_S1.);
#10010 = LINE('',#10011,#10012);
#10011 = CARTESIAN_POINT('',(-46.,-28.,19.5));
#10012 = VECTOR('',#10013,1.);
#10013 = DIRECTION('',(1.,0.,-0.));
#10014 = PCURVE('',#8896,#10015);
#10015 = DEFINITIONAL_REPRESENTATION('',(#10016),#10020);
#10016 = LINE('',#10017,#10018);
#10017 = CARTESIAN_POINT('',(0.,0.));
#10018 = VECTOR('',#10019,1.);
#10019 = DIRECTION('',(0.,1.));
#10020 = ( GEOMETRIC_REPRESENTATION_CONTEXT(2) 
PARAMETRIC_REPRESENTATION_CONTEXT() REPRESENTATION_CONTEXT('2D SPACE',''
  ) );
#10021 = PCURVE('',#8924,#10022);
#10022 = DEFINITIONAL_REPRESENTATION('',(#10023),#10027);
#10023 = LINE('',#10024,#10025);
#10024 = CARTESIAN_POINT('',(0.,0.));
#10025 = VECTOR('',#10026,1.);
#10026 = DIRECTION('',(1.,0.));
#10027 = ( GEOMETRIC_REPRESENTATION_CONTEXT(2) 
PARAMETRIC_REPRESENTATION_CONTEXT() REPRESENTATION_CONTEXT('2D SPACE',''
  ) );
#10028 = ORIENTED_EDGE('',*,*,#8880,.T.);
#10029 = ORIENTED_EDGE('',*,*,#9804,.T.);
#10030 = ORIENTED_EDGE('',*,*,#10031,.F.);
#10031 = EDGE_CURVE('',#10032,#9805,#10034,.T.);
#10032 = VERTEX_POINT('',#10033);
#10033 = CARTESIAN_POINT('',(46.,-28.,19.5));
#10034 = SURFACE_CURVE('',#10035,(#10039,#10046),.PCURVE_S1.);
#10035 = LINE('',#10036,#10037);
#10036 = CARTESIAN_POINT('',(46.,-28.,19.5));
#10037 = VECTOR('',#10038,1.);
#10038 = DIRECTION('',(0.,0.,1.));
#10039 = PCURVE('',#8896,#10040);
#10040 = DEFINITIONAL_REPRESENTATION('',(#10041),#10045);
#10041 = LINE('',#10042,#10043);
#10042 = CARTESIAN_POINT('',(0.,92.));
#10043 = VECTOR('',#10044,1.);
#10044 = DIRECTION('',(1.,0.));
#10045 = ( GEOMETRIC_REPRESENTATION_CONTEXT(2) 
PARAMETRIC_REPRESENTATION_CONTEXT() REPRESENTATION_CONTEXT('2D SPACE',''
  ) );
#10046 = PCURVE('',#9285,#10047);
#10047 = DEFINITIONAL_REPRESENTATION('',(#10048),#10052);
#10048 = LINE('',#10049,#10050);
#10049 = CARTESIAN_POINT('',(2.5,0.));
#10050 = VECTOR('',#10051,1.);
#10051 = DIRECTION('',(1.,0.));
#10052 = ( GEOMETRIC_REPRESENTATION_CONTEXT(2) 
PARAMETRIC_REPRESENTATION_CONTEXT() REPRESENTATION_CONTEXT('2D SPACE',''
  ) );
#10053 = ORIENTED_EDGE('',*,*,#10054,.F.);
#10054 = EDGE_CURVE('',#10055,#10032,#10057,.T.);
#10055 = VERTEX_POINT('',#10056);
#10056 = CARTESIAN_POINT('',(45.2,-28.,19.5));
#10057 = SURFACE_CURVE('',#10058,(#10062,#10069),.PCURVE_S1.);
#10058 = LINE('',#10059,#10060);
#10059 = CARTESIAN_POINT('',(-46.,-28.,19.5));
#10060 = VECTOR('',#10061,1.);
#10061 = DIRECTION('',(1.,0.,-0.));
#10062 = PCURVE('',#8896,#10063);
#10063 = DEFINITIONAL_REPRESENTATION('',(#10064),#10068);
#10064 = LINE('',#10065,#10066);
#10065 = CARTESIAN_POINT('',(0.,0.));
#10066 = VECTOR('',#10067,1.);
#10067 = DIRECTION('',(0.,1.));
#10068 = ( GEOMETRIC_REPRESENTATION_CONTEXT(2) 
PARAMETRIC_REPRESENTATION_CONTEXT() REPRESENTATION_CONTEXT('2D SPACE',''
  ) );
#10069 = PCURVE('',#10070,#10075);
#10070 = PLANE('',#10071);
#10071 = AXIS2_PLACEMENT_3D('',#10072,#10073,#10074);
#10072 = CARTESIAN_POINT('',(-46.,-28.,19.5));
#10073 = DIRECTION('',(0.,0.,1.));
#10074 = DIRECTION('',(1.,0.,-0.));
#10075 = DEFINITIONAL_REPRESENTATION('',(#10076),#10080);
#10076 = LINE('',#10077,#10078);
#10077 = CARTESIAN_POINT('',(0.,0.));
#10078 = VECTOR('',#10079,1.);
#10079 = DIRECTION('',(1.,0.));
#10080 = ( GEOMETRIC_REPRESENTATION_CONTEXT(2) 
PARAMETRIC_REPRESENTATION_CONTEXT() REPRESENTATION_CONTEXT('2D SPACE',''
  ) );
#10081 = ORIENTED_EDGE('',*,*,#10082,.F.);
#10082 = EDGE_CURVE('',#10083,#10055,#10085,.T.);
#10083 = VERTEX_POINT('',#10084);
#10084 = CARTESIAN_POINT('',(45.2,-28.,17.));
#10085 = SURFACE_CURVE('',#10086,(#10090,#10097),.PCURVE_S1.);
#10086 = LINE('',#10087,#10088);
#10087 = CARTESIAN_POINT('',(45.2,-28.,17.));
#10088 = VECTOR('',#10089,1.);
#10089 = DIRECTION('',(0.,0.,1.));
#10090 = PCURVE('',#8896,#10091);
#10091 = DEFINITIONAL_REPRESENTATION('',(#10092),#10096);
#10092 = LINE('',#10093,#10094);
#10093 = CARTESIAN_POINT('',(-2.5,91.2));
#10094 = VECTOR('',#10095,1.);
#10095 = DIRECTION('',(1.,0.));
#10096 = ( GEOMETRIC_REPRESENTATION_CONTEXT(2) 
PARAMETRIC_REPRESENTATION_CONTEXT() REPRESENTATION_CONTEXT('2D SPACE',''
  ) );
#10097 = PCURVE('',#10098,#10103);
#10098 = CYLINDRICAL_SURFACE('',#10099,0.8);
#10099 = AXIS2_PLACEMENT_3D('',#10100,#10101,#10102);
#10100 = CARTESIAN_POINT('',(45.2,-27.2,17.));
#10101 = DIRECTION('',(0.,0.,1.));
#10102 = DIRECTION('',(1.,0.,-0.));
#10103 = DEFINITIONAL_REPRESENTATION('',(#10104),#10108);
#10104 = LINE('',#10105,#10106);
#10105 = CARTESIAN_POINT('',(4.712388980385,0.));
#10106 = VECTOR('',#10107,1.);
#10107 = DIRECTION('',(-0.,1.));
#10108 = ( GEOMETRIC_REPRESENTATION_CONTEXT(2) 
PARAMETRIC_REPRESENTATION_CONTEXT() REPRESENTATION_CONTEXT('2D SPACE',''
  ) );
#10109 = ORIENTED_EDGE('',*,*,#10110,.F.);
#10110 = EDGE_CURVE('',#10111,#10083,#10113,.T.);
#10111 = VERTEX_POINT('',#10112);
#10112 = CARTESIAN_POINT('',(-45.2,-28.,17.));
#10113 = SURFACE_CURVE('',#10114,(#10118,#10125),.PCURVE_S1.);
#10114 = LINE('',#10115,#10116);
#10115 = CARTESIAN_POINT('',(-46.,-28.,17.));
#10116 = VECTOR('',#10117,1.);
#10117 = DIRECTION('',(1.,0.,-0.));
#10118 = PCURVE('',#8896,#10119);
#10119 = DEFINITIONAL_REPRESENTATION('',(#10120),#10124);
#10120 = LINE('',#10121,#10122);
#10121 = CARTESIAN_POINT('',(-2.5,0.));
#10122 = VECTOR('',#10123,1.);
#10123 = DIRECTION('',(0.,1.));
#10124 = ( GEOMETRIC_REPRESENTATION_CONTEXT(2) 
PARAMETRIC_REPRESENTATION_CONTEXT() REPRESENTATION_CONTEXT('2D SPACE',''
  ) );
#10125 = PCURVE('',#8980,#10126);
#10126 = DEFINITIONAL_REPRESENTATION('',(#10127),#10131);
#10127 = LINE('',#10128,#10129);
#10128 = CARTESIAN_POINT('',(0.,0.));
#10129 = VECTOR('',#10130,1.);
#10130 = DIRECTION('',(1.,0.));
#10131 = ( GEOMETRIC_REPRESENTATION_CONTEXT(2) 
PARAMETRIC_REPRESENTATION_CONTEXT() REPRESENTATION_CONTEXT('2D SPACE',''
  ) );
#10132 = ORIENTED_EDGE('',*,*,#10133,.T.);
#10133 = EDGE_CURVE('',#10111,#10007,#10134,.T.);
#10134 = SURFACE_CURVE('',#10135,(#10139,#10146),.PCURVE_S1.);
#10135 = LINE('',#10136,#10137);
#10136 = CARTESIAN_POINT('',(-45.2,-28.,17.));
#10137 = VECTOR('',#10138,1.);
#10138 = DIRECTION('',(0.,0.,1.));
#10139 = PCURVE('',#8896,#10140);
#10140 = DEFINITIONAL_REPRESENTATION('',(#10141),#10145);
#10141 = LINE('',#10142,#10143);
#10142 = CARTESIAN_POINT('',(-2.5,0.8));
#10143 = VECTOR('',#10144,1.);
#10144 = DIRECTION('',(1.,0.));
#10145 = ( GEOMETRIC_REPRESENTATION_CONTEXT(2) 
PARAMETRIC_REPRESENTATION_CONTEXT() REPRESENTATION_CONTEXT('2D SPACE',''
  ) );
#10146 = PCURVE('',#8952,#10147);
#10147 = DEFINITIONAL_REPRESENTATION('',(#10148),#10152);
#10148 = LINE('',#10149,#10150);
#10149 = CARTESIAN_POINT('',(1.570796326795,0.));
#10150 = VECTOR('',#10151,1.);
#10151 = DIRECTION('',(0.,1.));
#10152 = ( GEOMETRIC_REPRESENTATION_CONTEXT(2) 
PARAMETRIC_REPRESENTATION_CONTEXT() REPRESENTATION_CONTEXT('2D SPACE',''
  ) );
#10153 = ADVANCED_FACE('',(#10154),#8924,.F.);
#10154 = FACE_BOUND('',#10155,.F.);
#10155 = EDGE_LOOP('',(#10156,#10157,#10158));
#10156 = ORIENTED_EDGE('',*,*,#8908,.F.);
#10157 = ORIENTED_EDGE('',*,*,#10006,.T.);
#10158 = ORIENTED_EDGE('',*,*,#10159,.F.);
#10159 = EDGE_CURVE('',#8909,#10007,#10160,.T.);
#10160 = SURFACE_CURVE('',#10161,(#10166,#10173),.PCURVE_S1.);
#10161 = CIRCLE('',#10162,0.8);
#10162 = AXIS2_PLACEMENT_3D('',#10163,#10164,#10165);
#10163 = CARTESIAN_POINT('',(-45.2,-27.2,19.5));
#10164 = DIRECTION('',(0.,0.,1.));
#10165 = DIRECTION('',(0.,-1.,0.));
#10166 = PCURVE('',#8924,#10167);
#10167 = DEFINITIONAL_REPRESENTATION('',(#10168),#10172);
#10168 = CIRCLE('',#10169,0.8);
#10169 = AXIS2_PLACEMENT_2D('',#10170,#10171);
#10170 = CARTESIAN_POINT('',(0.8,0.8));
#10171 = DIRECTION('',(0.,-1.));
#10172 = ( GEOMETRIC_REPRESENTATION_CONTEXT(2) 
PARAMETRIC_REPRESENTATION_CONTEXT() REPRESENTATION_CONTEXT('2D SPACE',''
  ) );
#10173 = PCURVE('',#8952,#10174);
#10174 = DEFINITIONAL_REPRESENTATION('',(#10175),#10179);
#10175 = LINE('',#10176,#10177);
#10176 = CARTESIAN_POINT('',(-4.712388980385,2.5));
#10177 = VECTOR('',#10178,1.);
#10178 = DIRECTION('',(1.,0.));
#10179 = ( GEOMETRIC_REPRESENTATION_CONTEXT(2) 
PARAMETRIC_REPRESENTATION_CONTEXT() REPRESENTATION_CONTEXT('2D SPACE',''
  ) );
#10180 = ADVANCED_FACE('',(#10181),#8952,.T.);
#10181 = FACE_BOUND('',#10182,.T.);
#10182 = EDGE_LOOP('',(#10183,#10205,#10206,#10207));
#10183 = ORIENTED_EDGE('',*,*,#10184,.T.);
#10184 = EDGE_CURVE('',#8937,#10111,#10185,.T.);
#10185 = SURFACE_CURVE('',#10186,(#10191,#10198),.PCURVE_S1.);
#10186 = CIRCLE('',#10187,0.8);
#10187 = AXIS2_PLACEMENT_3D('',#10188,#10189,#10190);
#10188 = CARTESIAN_POINT('',(-45.2,-27.2,17.));
#10189 = DIRECTION('',(0.,0.,1.));
#10190 = DIRECTION('',(0.,-1.,0.));
#10191 = PCURVE('',#8952,#10192);
#10192 = DEFINITIONAL_REPRESENTATION('',(#10193),#10197);
#10193 = LINE('',#10194,#10195);
#10194 = CARTESIAN_POINT('',(-4.712388980385,0.));
#10195 = VECTOR('',#10196,1.);
#10196 = DIRECTION('',(1.,0.));
#10197 = ( GEOMETRIC_REPRESENTATION_CONTEXT(2) 
PARAMETRIC_REPRESENTATION_CONTEXT() REPRESENTATION_CONTEXT('2D SPACE',''
  ) );
#10198 = PCURVE('',#8980,#10199);
#10199 = DEFINITIONAL_REPRESENTATION('',(#10200),#10204);
#10200 = CIRCLE('',#10201,0.8);
#10201 = AXIS2_PLACEMENT_2D('',#10202,#10203);
#10202 = CARTESIAN_POINT('',(0.8,0.8));
#10203 = DIRECTION('',(0.,-1.));
#10204 = ( GEOMETRIC_REPRESENTATION_CONTEXT(2) 
PARAMETRIC_REPRESENTATION_CONTEXT() REPRESENTATION_CONTEXT('2D SPACE',''
  ) );
#10205 = ORIENTED_EDGE('',*,*,#10133,.T.);
#10206 = ORIENTED_EDGE('',*,*,#10159,.F.);
#10207 = ORIENTED_EDGE('',*,*,#8936,.F.);
#10208 = ADVANCED_FACE('',(#10209,#10343,#10513,#10544,#10714,#10745,
    #10839,#11009,#11035,#11129),#8980,.F.);
#10209 = FACE_BOUND('',#10210,.F.);
#10210 = EDGE_LOOP('',(#10211,#10212,#10213,#10214,#10242,#10265,#10294,
    #10317));
#10211 = ORIENTED_EDGE('',*,*,#8964,.F.);
#10212 = ORIENTED_EDGE('',*,*,#10184,.T.);
#10213 = ORIENTED_EDGE('',*,*,#10110,.T.);
#10214 = ORIENTED_EDGE('',*,*,#10215,.F.);
#10215 = EDGE_CURVE('',#10216,#10083,#10218,.T.);
#10216 = VERTEX_POINT('',#10217);
#10217 = CARTESIAN_POINT('',(46.,-27.2,17.));
#10218 = SURFACE_CURVE('',#10219,(#10224,#10235),.PCURVE_S1.);
#10219 = CIRCLE('',#10220,0.8);
#10220 = AXIS2_PLACEMENT_3D('',#10221,#10222,#10223);
#10221 = CARTESIAN_POINT('',(45.2,-27.2,17.));
#10222 = DIRECTION('',(-0.,-0.,-1.));
#10223 = DIRECTION('',(0.,-1.,0.));
#10224 = PCURVE('',#8980,#10225);
#10225 = DEFINITIONAL_REPRESENTATION('',(#10226),#10234);
#10226 = ( BOUNDED_CURVE() B_SPLINE_CURVE(2,(#10227,#10228,#10229,#10230
    ,#10231,#10232,#10233),.UNSPECIFIED.,.T.,.F.) 
B_SPLINE_CURVE_WITH_KNOTS((1,2,2,2,2,1),(-2.094395102393,0.,
    2.094395102393,4.188790204786,6.28318530718,8.377580409573),
.UNSPECIFIED.) CURVE() GEOMETRIC_REPRESENTATION_ITEM() 
RATIONAL_B_SPLINE_CURVE((1.,0.5,1.,0.5,1.,0.5,1.)) REPRESENTATION_ITEM(
  '') );
#10227 = CARTESIAN_POINT('',(91.2,0.));
#10228 = CARTESIAN_POINT('',(89.814359353945,0.));
#10229 = CARTESIAN_POINT('',(90.507179676972,1.2));
#10230 = CARTESIAN_POINT('',(91.2,2.4));
#10231 = CARTESIAN_POINT('',(91.892820323028,1.2));
#10232 = CARTESIAN_POINT('',(92.585640646055,1.221245327088E-15));
#10233 = CARTESIAN_POINT('',(91.2,0.));
#10234 = ( GEOMETRIC_REPRESENTATION_CONTEXT(2) 
PARAMETRIC_REPRESENTATION_CONTEXT() REPRESENTATION_CONTEXT('2D SPACE',''
  ) );
#10235 = PCURVE('',#10098,#10236);
#10236 = DEFINITIONAL_REPRESENTATION('',(#10237),#10241);
#10237 = LINE('',#10238,#10239);
#10238 = CARTESIAN_POINT('',(10.995574287565,0.));
#10239 = VECTOR('',#10240,1.);
#10240 = DIRECTION('',(-1.,0.));
#10241 = ( GEOMETRIC_REPRESENTATION_CONTEXT(2) 
PARAMETRIC_REPRESENTATION_CONTEXT() REPRESENTATION_CONTEXT('2D SPACE',''
  ) );
#10242 = ORIENTED_EDGE('',*,*,#10243,.T.);
#10243 = EDGE_CURVE('',#10216,#10244,#10246,.T.);
#10244 = VERTEX_POINT('',#10245);
#10245 = CARTESIAN_POINT('',(46.,27.2,17.));
#10246 = SURFACE_CURVE('',#10247,(#10251,#10258),.PCURVE_S1.);
#10247 = LINE('',#10248,#10249);
#10248 = CARTESIAN_POINT('',(46.,-28.,17.));
#10249 = VECTOR('',#10250,1.);
#10250 = DIRECTION('',(-0.,1.,0.));
#10251 = PCURVE('',#8980,#10252);
#10252 = DEFINITIONAL_REPRESENTATION('',(#10253),#10257);
#10253 = LINE('',#10254,#10255);
#10254 = CARTESIAN_POINT('',(92.,0.));
#10255 = VECTOR('',#10256,1.);
#10256 = DIRECTION('',(0.,1.));
#10257 = ( GEOMETRIC_REPRESENTATION_CONTEXT(2) 
PARAMETRIC_REPRESENTATION_CONTEXT() REPRESENTATION_CONTEXT('2D SPACE',''
  ) );
#10258 = PCURVE('',#9285,#10259);
#10259 = DEFINITIONAL_REPRESENTATION('',(#10260),#10264);
#10260 = LINE('',#10261,#10262);
#10261 = CARTESIAN_POINT('',(0.,0.));
#10262 = VECTOR('',#10263,1.);
#10263 = DIRECTION('',(0.,-1.));
#10264 = ( GEOMETRIC_REPRESENTATION_CONTEXT(2) 
PARAMETRIC_REPRESENTATION_CONTEXT() REPRESENTATION_CONTEXT('2D SPACE',''
  ) );
#10265 = ORIENTED_EDGE('',*,*,#10266,.T.);
#10266 = EDGE_CURVE('',#10244,#10267,#10269,.T.);
#10267 = VERTEX_POINT('',#10268);
#10268 = CARTESIAN_POINT('',(45.2,28.,17.));
#10269 = SURFACE_CURVE('',#10270,(#10275,#10282),.PCURVE_S1.);
#10270 = CIRCLE('',#10271,0.8);
#10271 = AXIS2_PLACEMENT_3D('',#10272,#10273,#10274);
#10272 = CARTESIAN_POINT('',(45.2,27.2,17.));
#10273 = DIRECTION('',(0.,0.,1.));
#10274 = DIRECTION('',(0.,-1.,0.));
#10275 = PCURVE('',#8980,#10276);
#10276 = DEFINITIONAL_REPRESENTATION('',(#10277),#10281);
#10277 = CIRCLE('',#10278,0.8);
#10278 = AXIS2_PLACEMENT_2D('',#10279,#10280);
#10279 = CARTESIAN_POINT('',(91.2,55.2));
#10280 = DIRECTION('',(0.,-1.));
#10281 = ( GEOMETRIC_REPRESENTATION_CONTEXT(2) 
PARAMETRIC_REPRESENTATION_CONTEXT() REPRESENTATION_CONTEXT('2D SPACE',''
  ) );
#10282 = PCURVE('',#10283,#10288);
#10283 = CYLINDRICAL_SURFACE('',#10284,0.8);
#10284 = AXIS2_PLACEMENT_3D('',#10285,#10286,#10287);
#10285 = CARTESIAN_POINT('',(45.2,27.2,17.));
#10286 = DIRECTION('',(0.,0.,1.));
#10287 = DIRECTION('',(1.,0.,-0.));
#10288 = DEFINITIONAL_REPRESENTATION('',(#10289),#10293);
#10289 = LINE('',#10290,#10291);
#10290 = CARTESIAN_POINT('',(-1.570796326795,0.));
#10291 = VECTOR('',#10292,1.);
#10292 = DIRECTION('',(1.,0.));
#10293 = ( GEOMETRIC_REPRESENTATION_CONTEXT(2) 
PARAMETRIC_REPRESENTATION_CONTEXT() REPRESENTATION_CONTEXT('2D SPACE',''
  ) );
#10294 = ORIENTED_EDGE('',*,*,#10295,.F.);
#10295 = EDGE_CURVE('',#10296,#10267,#10298,.T.);
#10296 = VERTEX_POINT('',#10297);
#10297 = CARTESIAN_POINT('',(-45.2,28.,17.));
#10298 = SURFACE_CURVE('',#10299,(#10303,#10310),.PCURVE_S1.);
#10299 = LINE('',#10300,#10301);
#10300 = CARTESIAN_POINT('',(-46.,28.,17.));
#10301 = VECTOR('',#10302,1.);
#10302 = DIRECTION('',(1.,0.,-0.));
#10303 = PCURVE('',#8980,#10304);
#10304 = DEFINITIONAL_REPRESENTATION('',(#10305),#10309);
#10305 = LINE('',#10306,#10307);
#10306 = CARTESIAN_POINT('',(0.,56.));
#10307 = VECTOR('',#10308,1.);
#10308 = DIRECTION('',(1.,0.));
#10309 = ( GEOMETRIC_REPRESENTATION_CONTEXT(2) 
PARAMETRIC_REPRESENTATION_CONTEXT() REPRESENTATION_CONTEXT('2D SPACE',''
  ) );
#10310 = PCURVE('',#9064,#10311);
#10311 = DEFINITIONAL_REPRESENTATION('',(#10312),#10316);
#10312 = LINE('',#10313,#10314);
#10313 = CARTESIAN_POINT('',(-2.5,0.));
#10314 = VECTOR('',#10315,1.);
#10315 = DIRECTION('',(0.,1.));
#10316 = ( GEOMETRIC_REPRESENTATION_CONTEXT(2) 
PARAMETRIC_REPRESENTATION_CONTEXT() REPRESENTATION_CONTEXT('2D SPACE',''
  ) );
#10317 = ORIENTED_EDGE('',*,*,#10318,.F.);
#10318 = EDGE_CURVE('',#8965,#10296,#10319,.T.);
#10319 = SURFACE_CURVE('',#10320,(#10325,#10336),.PCURVE_S1.);
#10320 = CIRCLE('',#10321,0.8);
#10321 = AXIS2_PLACEMENT_3D('',#10322,#10323,#10324);
#10322 = CARTESIAN_POINT('',(-45.2,27.2,17.));
#10323 = DIRECTION('',(-0.,-0.,-1.));
#10324 = DIRECTION('',(0.,-1.,0.));
#10325 = PCURVE('',#8980,#10326);
#10326 = DEFINITIONAL_REPRESENTATION('',(#10327),#10335);
#10327 = ( BOUNDED_CURVE() B_SPLINE_CURVE(2,(#10328,#10329,#10330,#10331
    ,#10332,#10333,#10334),.UNSPECIFIED.,.T.,.F.) 
B_SPLINE_CURVE_WITH_KNOTS((1,2,2,2,2,1),(-2.094395102393,0.,
    2.094395102393,4.188790204786,6.28318530718,8.377580409573),
.UNSPECIFIED.) CURVE() GEOMETRIC_REPRESENTATION_ITEM() 
RATIONAL_B_SPLINE_CURVE((1.,0.5,1.,0.5,1.,0.5,1.)) REPRESENTATION_ITEM(
  '') );
#10328 = CARTESIAN_POINT('',(0.8,54.4));
#10329 = CARTESIAN_POINT('',(-0.585640646055,54.4));
#10330 = CARTESIAN_POINT('',(0.107179676972,55.6));
#10331 = CARTESIAN_POINT('',(0.8,56.8));
#10332 = CARTESIAN_POINT('',(1.492820323028,55.6));
#10333 = CARTESIAN_POINT('',(2.185640646055,54.4));
#10334 = CARTESIAN_POINT('',(0.8,54.4));
#10335 = ( GEOMETRIC_REPRESENTATION_CONTEXT(2) 
PARAMETRIC_REPRESENTATION_CONTEXT() REPRESENTATION_CONTEXT('2D SPACE',''
  ) );
#10336 = PCURVE('',#9008,#10337);
#10337 = DEFINITIONAL_REPRESENTATION('',(#10338),#10342);
#10338 = LINE('',#10339,#10340);
#10339 = CARTESIAN_POINT('',(7.853981633975,0.));
#10340 = VECTOR('',#10341,1.);
#10341 = DIRECTION('',(-1.,0.));
#10342 = ( GEOMETRIC_REPRESENTATION_CONTEXT(2) 
PARAMETRIC_REPRESENTATION_CONTEXT() REPRESENTATION_CONTEXT('2D SPACE',''
  ) );
#10343 = FACE_BOUND('',#10344,.F.);
#10344 = EDGE_LOOP('',(#10345,#10375,#10403,#10431,#10459,#10487));
#10345 = ORIENTED_EDGE('',*,*,#10346,.T.);
#10346 = EDGE_CURVE('',#10347,#10349,#10351,.T.);
#10347 = VERTEX_POINT('',#10348);
#10348 = CARTESIAN_POINT('',(-38.75573683548,-22.325,17.));
#10349 = VERTEX_POINT('',#10350);
#10350 = CARTESIAN_POINT('',(-36.24426316451,-22.325,17.));
#10351 = SURFACE_CURVE('',#10352,(#10356,#10363),.PCURVE_S1.);
#10352 = LINE('',#10353,#10354);
#10353 = CARTESIAN_POINT('',(-41.12213158225,-22.325,17.));
#10354 = VECTOR('',#10355,1.);
#10355 = DIRECTION('',(1.,-1.768241550698E-16,0.));
#10356 = PCURVE('',#8980,#10357);
#10357 = DEFINITIONAL_REPRESENTATION('',(#10358),#10362);
#10358 = LINE('',#10359,#10360);
#10359 = CARTESIAN_POINT('',(4.87786841775,5.675));
#10360 = VECTOR('',#10361,1.);
#10361 = DIRECTION('',(1.,-1.768241550698E-16));
#10362 = ( GEOMETRIC_REPRESENTATION_CONTEXT(2) 
PARAMETRIC_REPRESENTATION_CONTEXT() REPRESENTATION_CONTEXT('2D SPACE',''
  ) );
#10363 = PCURVE('',#10364,#10369);
#10364 = PLANE('',#10365);
#10365 = AXIS2_PLACEMENT_3D('',#10366,#10367,#10368);
#10366 = CARTESIAN_POINT('',(-36.24426316451,-22.325,16.9));
#10367 = DIRECTION('',(-1.768241550698E-16,-1.,0.));
#10368 = DIRECTION('',(-1.,1.768241550698E-16,0.));
#10369 = DEFINITIONAL_REPRESENTATION('',(#10370),#10374);
#10370 = LINE('',#10371,#10372);
#10371 = CARTESIAN_POINT('',(4.87786841774,-0.1));
#10372 = VECTOR('',#10373,1.);
#10373 = DIRECTION('',(-1.,-0.));
#10374 = ( GEOMETRIC_REPRESENTATION_CONTEXT(2) 
PARAMETRIC_REPRESENTATION_CONTEXT() REPRESENTATION_CONTEXT('2D SPACE',''
  ) );
#10375 = ORIENTED_EDGE('',*,*,#10376,.T.);
#10376 = EDGE_CURVE('',#10349,#10377,#10379,.T.);
#10377 = VERTEX_POINT('',#10378);
#10378 = CARTESIAN_POINT('',(-34.98852632902,-24.5,17.));
#10379 = SURFACE_CURVE('',#10380,(#10384,#10391),.PCURVE_S1.);
#10380 = LINE('',#10381,#10382);
#10381 = CARTESIAN_POINT('',(-35.60718830958,-23.42844601695,17.));
#10382 = VECTOR('',#10383,1.);
#10383 = DIRECTION('',(0.5,-0.866025403784,0.));
#10384 = PCURVE('',#8980,#10385);
#10385 = DEFINITIONAL_REPRESENTATION('',(#10386),#10390);
#10386 = LINE('',#10387,#10388);
#10387 = CARTESIAN_POINT('',(10.39281169042,4.57155398305));
#10388 = VECTOR('',#10389,1.);
#10389 = DIRECTION('',(0.5,-0.866025403784));
#10390 = ( GEOMETRIC_REPRESENTATION_CONTEXT(2) 
PARAMETRIC_REPRESENTATION_CONTEXT() REPRESENTATION_CONTEXT('2D SPACE',''
  ) );
#10391 = PCURVE('',#10392,#10397);
#10392 = PLANE('',#10393);
#10393 = AXIS2_PLACEMENT_3D('',#10394,#10395,#10396);
#10394 = CARTESIAN_POINT('',(-34.98852632902,-24.5,16.9));
#10395 = DIRECTION('',(-0.866025403784,-0.5,0.));
#10396 = DIRECTION('',(-0.5,0.866025403784,0.));
#10397 = DEFINITIONAL_REPRESENTATION('',(#10398),#10402);
#10398 = LINE('',#10399,#10400);
#10399 = CARTESIAN_POINT('',(1.237323961128,-0.1));
#10400 = VECTOR('',#10401,1.);
#10401 = DIRECTION('',(-1.,-0.));
#10402 = ( GEOMETRIC_REPRESENTATION_CONTEXT(2) 
PARAMETRIC_REPRESENTATION_CONTEXT() REPRESENTATION_CONTEXT('2D SPACE',''
  ) );
#10403 = ORIENTED_EDGE('',*,*,#10404,.T.);
#10404 = EDGE_CURVE('',#10377,#10405,#10407,.T.);
#10405 = VERTEX_POINT('',#10406);
#10406 = CARTESIAN_POINT('',(-36.24426316451,-26.675,17.));
#10407 = SURFACE_CURVE('',#10408,(#10412,#10419),.PCURVE_S1.);
#10408 = LINE('',#10409,#10410);
#10409 = CARTESIAN_POINT('',(-37.75060118395,-29.28405398304,17.));
#10410 = VECTOR('',#10411,1.);
#10411 = DIRECTION('',(-0.5,-0.866025403784,0.));
#10412 = PCURVE('',#8980,#10413);
#10413 = DEFINITIONAL_REPRESENTATION('',(#10414),#10418);
#10414 = LINE('',#10415,#10416);
#10415 = CARTESIAN_POINT('',(8.24939881605,-1.28405398304));
#10416 = VECTOR('',#10417,1.);
#10417 = DIRECTION('',(-0.5,-0.866025403784));
#10418 = ( GEOMETRIC_REPRESENTATION_CONTEXT(2) 
PARAMETRIC_REPRESENTATION_CONTEXT() REPRESENTATION_CONTEXT('2D SPACE',''
  ) );
#10419 = PCURVE('',#10420,#10425);
#10420 = PLANE('',#10421);
#10421 = AXIS2_PLACEMENT_3D('',#10422,#10423,#10424);
#10422 = CARTESIAN_POINT('',(-36.24426316451,-26.675,16.9));
#10423 = DIRECTION('',(-0.866025403784,0.5,0.));
#10424 = DIRECTION('',(0.5,0.866025403784,0.));
#10425 = DEFINITIONAL_REPRESENTATION('',(#10426),#10430);
#10426 = LINE('',#10427,#10428);
#10427 = CARTESIAN_POINT('',(-3.012676038878,-0.1));
#10428 = VECTOR('',#10429,1.);
#10429 = DIRECTION('',(-1.,-0.));
#10430 = ( GEOMETRIC_REPRESENTATION_CONTEXT(2) 
PARAMETRIC_REPRESENTATION_CONTEXT() REPRESENTATION_CONTEXT('2D SPACE',''
  ) );
#10431 = ORIENTED_EDGE('',*,*,#10432,.T.);
#10432 = EDGE_CURVE('',#10405,#10433,#10435,.T.);
#10433 = VERTEX_POINT('',#10434);
#10434 = CARTESIAN_POINT('',(-38.75573683548,-26.675,17.));
#10435 = SURFACE_CURVE('',#10436,(#10440,#10447),.PCURVE_S1.);
#10436 = LINE('',#10437,#10438);
#10437 = CARTESIAN_POINT('',(-42.37786841774,-26.675,17.));
#10438 = VECTOR('',#10439,1.);
#10439 = DIRECTION('',(-1.,7.07296620279E-16,0.));
#10440 = PCURVE('',#8980,#10441);
#10441 = DEFINITIONAL_REPRESENTATION('',(#10442),#10446);
#10442 = LINE('',#10443,#10444);
#10443 = CARTESIAN_POINT('',(3.62213158226,1.325));
#10444 = VECTOR('',#10445,1.);
#10445 = DIRECTION('',(-1.,7.07296620279E-16));
#10446 = ( GEOMETRIC_REPRESENTATION_CONTEXT(2) 
PARAMETRIC_REPRESENTATION_CONTEXT() REPRESENTATION_CONTEXT('2D SPACE',''
  ) );
#10447 = PCURVE('',#10448,#10453);
#10448 = PLANE('',#10449);
#10449 = AXIS2_PLACEMENT_3D('',#10450,#10451,#10452);
#10450 = CARTESIAN_POINT('',(-38.75573683548,-26.675,16.9));
#10451 = DIRECTION('',(7.07296620279E-16,1.,-0.));
#10452 = DIRECTION('',(1.,-7.07296620279E-16,0.));
#10453 = DEFINITIONAL_REPRESENTATION('',(#10454),#10458);
#10454 = LINE('',#10455,#10456);
#10455 = CARTESIAN_POINT('',(-3.62213158226,-0.1));
#10456 = VECTOR('',#10457,1.);
#10457 = DIRECTION('',(-1.,-0.));
#10458 = ( GEOMETRIC_REPRESENTATION_CONTEXT(2) 
PARAMETRIC_REPRESENTATION_CONTEXT() REPRESENTATION_CONTEXT('2D SPACE',''
  ) );
#10459 = ORIENTED_EDGE('',*,*,#10460,.T.);
#10460 = EDGE_CURVE('',#10433,#10461,#10463,.T.);
#10461 = VERTEX_POINT('',#10462);
#10462 = CARTESIAN_POINT('',(-40.01147367097,-24.5,17.));
#10463 = SURFACE_CURVE('',#10464,(#10468,#10475),.PCURVE_S1.);
#10464 = LINE('',#10465,#10466);
#10465 = CARTESIAN_POINT('',(-40.00226723379,-24.51594601695,17.));
#10466 = VECTOR('',#10467,1.);
#10467 = DIRECTION('',(-0.5,0.866025403784,0.));
#10468 = PCURVE('',#8980,#10469);
#10469 = DEFINITIONAL_REPRESENTATION('',(#10470),#10474);
#10470 = LINE('',#10471,#10472);
#10471 = CARTESIAN_POINT('',(5.99773276621,3.48405398305));
#10472 = VECTOR('',#10473,1.);
#10473 = DIRECTION('',(-0.5,0.866025403784));
#10474 = ( GEOMETRIC_REPRESENTATION_CONTEXT(2) 
PARAMETRIC_REPRESENTATION_CONTEXT() REPRESENTATION_CONTEXT('2D SPACE',''
  ) );
#10475 = PCURVE('',#10476,#10481);
#10476 = PLANE('',#10477);
#10477 = AXIS2_PLACEMENT_3D('',#10478,#10479,#10480);
#10478 = CARTESIAN_POINT('',(-40.01147367097,-24.5,16.9));
#10479 = DIRECTION('',(0.866025403784,0.5,-0.));
#10480 = DIRECTION('',(0.5,-0.866025403784,0.));
#10481 = DEFINITIONAL_REPRESENTATION('',(#10482),#10486);
#10482 = LINE('',#10483,#10484);
#10483 = CARTESIAN_POINT('',(1.841287435788E-02,-0.1));
#10484 = VECTOR('',#10485,1.);
#10485 = DIRECTION('',(-1.,-0.));
#10486 = ( GEOMETRIC_REPRESENTATION_CONTEXT(2) 
PARAMETRIC_REPRESENTATION_CONTEXT() REPRESENTATION_CONTEXT('2D SPACE',''
  ) );
#10487 = ORIENTED_EDGE('',*,*,#10488,.T.);
#10488 = EDGE_CURVE('',#10461,#10347,#10489,.T.);
#10489 = SURFACE_CURVE('',#10490,(#10494,#10501),.PCURVE_S1.);
#10490 = LINE('',#10491,#10492);
#10491 = CARTESIAN_POINT('',(-40.88994327267,-26.02155398304,17.));
#10492 = VECTOR('',#10493,1.);
#10493 = DIRECTION('',(0.5,0.866025403784,-0.));
#10494 = PCURVE('',#8980,#10495);
#10495 = DEFINITIONAL_REPRESENTATION('',(#10496),#10500);
#10496 = LINE('',#10497,#10498);
#10497 = CARTESIAN_POINT('',(5.11005672733,1.97844601696));
#10498 = VECTOR('',#10499,1.);
#10499 = DIRECTION('',(0.5,0.866025403784));
#10500 = ( GEOMETRIC_REPRESENTATION_CONTEXT(2) 
PARAMETRIC_REPRESENTATION_CONTEXT() REPRESENTATION_CONTEXT('2D SPACE',''
  ) );
#10501 = PCURVE('',#10502,#10507);
#10502 = PLANE('',#10503);
#10503 = AXIS2_PLACEMENT_3D('',#10504,#10505,#10506);
#10504 = CARTESIAN_POINT('',(-38.75573683548,-22.325,16.9));
#10505 = DIRECTION('',(0.866025403784,-0.5,0.));
#10506 = DIRECTION('',(-0.5,-0.866025403784,0.));
#10507 = DEFINITIONAL_REPRESENTATION('',(#10508),#10512);
#10508 = LINE('',#10509,#10510);
#10509 = CARTESIAN_POINT('',(4.268412874368,-0.1));
#10510 = VECTOR('',#10511,1.);
#10511 = DIRECTION('',(-1.,0.));
#10512 = ( GEOMETRIC_REPRESENTATION_CONTEXT(2) 
PARAMETRIC_REPRESENTATION_CONTEXT() REPRESENTATION_CONTEXT('2D SPACE',''
  ) );
#10513 = FACE_BOUND('',#10514,.F.);
#10514 = EDGE_LOOP('',(#10515));
#10515 = ORIENTED_EDGE('',*,*,#10516,.F.);
#10516 = EDGE_CURVE('',#10517,#10517,#10519,.T.);
#10517 = VERTEX_POINT('',#10518);
#10518 = CARTESIAN_POINT('',(-9.55,-8.,17.));
#10519 = SURFACE_CURVE('',#10520,(#10525,#10532),.PCURVE_S1.);
#10520 = CIRCLE('',#10521,1.45);
#10521 = AXIS2_PLACEMENT_3D('',#10522,#10523,#10524);
#10522 = CARTESIAN_POINT('',(-11.,-8.,17.));
#10523 = DIRECTION('',(0.,0.,1.));
#10524 = DIRECTION('',(1.,0.,-0.));
#10525 = PCURVE('',#8980,#10526);
#10526 = DEFINITIONAL_REPRESENTATION('',(#10527),#10531);
#10527 = CIRCLE('',#10528,1.45);
#10528 = AXIS2_PLACEMENT_2D('',#10529,#10530);
#10529 = CARTESIAN_POINT('',(35.,20.));
#10530 = DIRECTION('',(1.,0.));
#10531 = ( GEOMETRIC_REPRESENTATION_CONTEXT(2) 
PARAMETRIC_REPRESENTATION_CONTEXT() REPRESENTATION_CONTEXT('2D SPACE',''
  ) );
#10532 = PCURVE('',#10533,#10538);
#10533 = CYLINDRICAL_SURFACE('',#10534,1.45);
#10534 = AXIS2_PLACEMENT_3D('',#10535,#10536,#10537);
#10535 = CARTESIAN_POINT('',(-11.,-8.,16.8));
#10536 = DIRECTION('',(0.,0.,1.));
#10537 = DIRECTION('',(1.,0.,-0.));
#10538 = DEFINITIONAL_REPRESENTATION('',(#10539),#10543);
#10539 = LINE('',#10540,#10541);
#10540 = CARTESIAN_POINT('',(0.,0.2));
#10541 = VECTOR('',#10542,1.);
#10542 = DIRECTION('',(1.,0.));
#10543 = ( GEOMETRIC_REPRESENTATION_CONTEXT(2) 
PARAMETRIC_REPRESENTATION_CONTEXT() REPRESENTATION_CONTEXT('2D SPACE',''
  ) );
#10544 = FACE_BOUND('',#10545,.F.);
#10545 = EDGE_LOOP('',(#10546,#10576,#10604,#10632,#10660,#10688));
#10546 = ORIENTED_EDGE('',*,*,#10547,.T.);
#10547 = EDGE_CURVE('',#10548,#10550,#10552,.T.);
#10548 = VERTEX_POINT('',#10549);
#10549 = CARTESIAN_POINT('',(36.244263164513,-22.325,17.));
#10550 = VERTEX_POINT('',#10551);
#10551 = CARTESIAN_POINT('',(38.755736835487,-22.325,17.));
#10552 = SURFACE_CURVE('',#10553,(#10557,#10564),.PCURVE_S1.);
#10553 = LINE('',#10554,#10555);
#10554 = CARTESIAN_POINT('',(-3.622131582256,-22.325,17.));
#10555 = VECTOR('',#10556,1.);
#10556 = DIRECTION('',(1.,-1.768241550698E-16,0.));
#10557 = PCURVE('',#8980,#10558);
#10558 = DEFINITIONAL_REPRESENTATION('',(#10559),#10563);
#10559 = LINE('',#10560,#10561);
#10560 = CARTESIAN_POINT('',(42.377868417744,5.675));
#10561 = VECTOR('',#10562,1.);
#10562 = DIRECTION('',(1.,-1.768241550698E-16));
#10563 = ( GEOMETRIC_REPRESENTATION_CONTEXT(2) 
PARAMETRIC_REPRESENTATION_CONTEXT() REPRESENTATION_CONTEXT('2D SPACE',''
  ) );
#10564 = PCURVE('',#10565,#10570);
#10565 = PLANE('',#10566);
#10566 = AXIS2_PLACEMENT_3D('',#10567,#10568,#10569);
#10567 = CARTESIAN_POINT('',(38.755736835487,-22.325,16.9));
#10568 = DIRECTION('',(-1.768241550698E-16,-1.,0.));
#10569 = DIRECTION('',(-1.,1.768241550698E-16,0.));
#10570 = DEFINITIONAL_REPRESENTATION('',(#10571),#10575);
#10571 = LINE('',#10572,#10573);
#10572 = CARTESIAN_POINT('',(42.377868417743,-0.1));
#10573 = VECTOR('',#10574,1.);
#10574 = DIRECTION('',(-1.,-0.));
#10575 = ( GEOMETRIC_REPRESENTATION_CONTEXT(2) 
PARAMETRIC_REPRESENTATION_CONTEXT() REPRESENTATION_CONTEXT('2D SPACE',''
  ) );
#10576 = ORIENTED_EDGE('',*,*,#10577,.T.);
#10577 = EDGE_CURVE('',#10550,#10578,#10580,.T.);
#10578 = VERTEX_POINT('',#10579);
#10579 = CARTESIAN_POINT('',(40.011473670975,-24.5,17.));
#10580 = SURFACE_CURVE('',#10581,(#10585,#10592),.PCURVE_S1.);
#10581 = LINE('',#10582,#10583);
#10582 = CARTESIAN_POINT('',(30.017811690414,-7.190469696,17.));
#10583 = VECTOR('',#10584,1.);
#10584 = DIRECTION('',(0.5,-0.866025403784,0.));
#10585 = PCURVE('',#8980,#10586);
#10586 = DEFINITIONAL_REPRESENTATION('',(#10587),#10591);
#10587 = LINE('',#10588,#10589);
#10588 = CARTESIAN_POINT('',(76.017811690414,20.809530304));
#10589 = VECTOR('',#10590,1.);
#10590 = DIRECTION('',(0.5,-0.866025403784));
#10591 = ( GEOMETRIC_REPRESENTATION_CONTEXT(2) 
PARAMETRIC_REPRESENTATION_CONTEXT() REPRESENTATION_CONTEXT('2D SPACE',''
  ) );
#10592 = PCURVE('',#10593,#10598);
#10593 = PLANE('',#10594);
#10594 = AXIS2_PLACEMENT_3D('',#10595,#10596,#10597);
#10595 = CARTESIAN_POINT('',(40.011473670975,-24.5,16.9));
#10596 = DIRECTION('',(-0.866025403784,-0.5,0.));
#10597 = DIRECTION('',(-0.5,0.866025403784,0.));
#10598 = DEFINITIONAL_REPRESENTATION('',(#10599),#10603);
#10599 = LINE('',#10600,#10601);
#10600 = CARTESIAN_POINT('',(19.987323961121,-0.1));
#10601 = VECTOR('',#10602,1.);
#10602 = DIRECTION('',(-1.,-0.));
#10603 = ( GEOMETRIC_REPRESENTATION_CONTEXT(2) 
PARAMETRIC_REPRESENTATION_CONTEXT() REPRESENTATION_CONTEXT('2D SPACE',''
  ) );
#10604 = ORIENTED_EDGE('',*,*,#10605,.T.);
#10605 = EDGE_CURVE('',#10578,#10606,#10608,.T.);
#10606 = VERTEX_POINT('',#10607);
#10607 = CARTESIAN_POINT('',(38.755736835487,-26.675,17.));
#10608 = SURFACE_CURVE('',#10609,(#10613,#10620),.PCURVE_S1.);
#10609 = LINE('',#10610,#10611);
#10610 = CARTESIAN_POINT('',(27.874398816048,-45.522030304,17.));
#10611 = VECTOR('',#10612,1.);
#10612 = DIRECTION('',(-0.5,-0.866025403784,0.));
#10613 = PCURVE('',#8980,#10614);
#10614 = DEFINITIONAL_REPRESENTATION('',(#10615),#10619);
#10615 = LINE('',#10616,#10617);
#10616 = CARTESIAN_POINT('',(73.874398816048,-17.522030304));
#10617 = VECTOR('',#10618,1.);
#10618 = DIRECTION('',(-0.5,-0.866025403784));
#10619 = ( GEOMETRIC_REPRESENTATION_CONTEXT(2) 
PARAMETRIC_REPRESENTATION_CONTEXT() REPRESENTATION_CONTEXT('2D SPACE',''
  ) );
#10620 = PCURVE('',#10621,#10626);
#10621 = PLANE('',#10622);
#10622 = AXIS2_PLACEMENT_3D('',#10623,#10624,#10625);
#10623 = CARTESIAN_POINT('',(38.755736835487,-26.675,16.9));
#10624 = DIRECTION('',(-0.866025403784,0.5,0.));
#10625 = DIRECTION('',(0.5,0.866025403784,0.));
#10626 = DEFINITIONAL_REPRESENTATION('',(#10627),#10631);
#10627 = LINE('',#10628,#10629);
#10628 = CARTESIAN_POINT('',(-21.76267603887,-0.1));
#10629 = VECTOR('',#10630,1.);
#10630 = DIRECTION('',(-1.,-0.));
#10631 = ( GEOMETRIC_REPRESENTATION_CONTEXT(2) 
PARAMETRIC_REPRESENTATION_CONTEXT() REPRESENTATION_CONTEXT('2D SPACE',''
  ) );
#10632 = ORIENTED_EDGE('',*,*,#10633,.T.);
#10633 = EDGE_CURVE('',#10606,#10634,#10636,.T.);
#10634 = VERTEX_POINT('',#10635);
#10635 = CARTESIAN_POINT('',(36.244263164513,-26.675,17.));
#10636 = SURFACE_CURVE('',#10637,(#10641,#10648),.PCURVE_S1.);
#10637 = LINE('',#10638,#10639);
#10638 = CARTESIAN_POINT('',(-4.877868417744,-26.675,17.));
#10639 = VECTOR('',#10640,1.);
#10640 = DIRECTION('',(-1.,7.07296620279E-16,0.));
#10641 = PCURVE('',#8980,#10642);
#10642 = DEFINITIONAL_REPRESENTATION('',(#10643),#10647);
#10643 = LINE('',#10644,#10645);
#10644 = CARTESIAN_POINT('',(41.122131582256,1.325));
#10645 = VECTOR('',#10646,1.);
#10646 = DIRECTION('',(-1.,7.07296620279E-16));
#10647 = ( GEOMETRIC_REPRESENTATION_CONTEXT(2) 
PARAMETRIC_REPRESENTATION_CONTEXT() REPRESENTATION_CONTEXT('2D SPACE',''
  ) );
#10648 = PCURVE('',#10649,#10654);
#10649 = PLANE('',#10650);
#10650 = AXIS2_PLACEMENT_3D('',#10651,#10652,#10653);
#10651 = CARTESIAN_POINT('',(36.244263164513,-26.675,16.9));
#10652 = DIRECTION('',(7.07296620279E-16,1.,-0.));
#10653 = DIRECTION('',(1.,-7.07296620279E-16,0.));
#10654 = DEFINITIONAL_REPRESENTATION('',(#10655),#10659);
#10655 = LINE('',#10656,#10657);
#10656 = CARTESIAN_POINT('',(-41.12213158225,-0.1));
#10657 = VECTOR('',#10658,1.);
#10658 = DIRECTION('',(-1.,-0.));
#10659 = ( GEOMETRIC_REPRESENTATION_CONTEXT(2) 
PARAMETRIC_REPRESENTATION_CONTEXT() REPRESENTATION_CONTEXT('2D SPACE',''
  ) );
#10660 = ORIENTED_EDGE('',*,*,#10661,.T.);
#10661 = EDGE_CURVE('',#10634,#10662,#10664,.T.);
#10662 = VERTEX_POINT('',#10663);
#10663 = CARTESIAN_POINT('',(34.988526329025,-24.5,17.));
#10664 = SURFACE_CURVE('',#10665,(#10669,#10676),.PCURVE_S1.);
#10665 = LINE('',#10666,#10667);
#10666 = CARTESIAN_POINT('',(25.622732766208,-8.277969696,17.));
#10667 = VECTOR('',#10668,1.);
#10668 = DIRECTION('',(-0.5,0.866025403784,0.));
#10669 = PCURVE('',#8980,#10670);
#10670 = DEFINITIONAL_REPRESENTATION('',(#10671),#10675);
#10671 = LINE('',#10672,#10673);
#10672 = CARTESIAN_POINT('',(71.622732766208,19.722030304));
#10673 = VECTOR('',#10674,1.);
#10674 = DIRECTION('',(-0.5,0.866025403784));
#10675 = ( GEOMETRIC_REPRESENTATION_CONTEXT(2) 
PARAMETRIC_REPRESENTATION_CONTEXT() REPRESENTATION_CONTEXT('2D SPACE',''
  ) );
#10676 = PCURVE('',#10677,#10682);
#10677 = PLANE('',#10678);
#10678 = AXIS2_PLACEMENT_3D('',#10679,#10680,#10681);
#10679 = CARTESIAN_POINT('',(34.988526329025,-24.5,16.9));
#10680 = DIRECTION('',(0.866025403784,0.5,-0.));
#10681 = DIRECTION('',(0.5,-0.866025403784,0.));
#10682 = DEFINITIONAL_REPRESENTATION('',(#10683),#10687);
#10683 = LINE('',#10684,#10685);
#10684 = CARTESIAN_POINT('',(-18.73158712563,-0.1));
#10685 = VECTOR('',#10686,1.);
#10686 = DIRECTION('',(-1.,-0.));
#10687 = ( GEOMETRIC_REPRESENTATION_CONTEXT(2) 
PARAMETRIC_REPRESENTATION_CONTEXT() REPRESENTATION_CONTEXT('2D SPACE',''
  ) );
#10688 = ORIENTED_EDGE('',*,*,#10689,.T.);
#10689 = EDGE_CURVE('',#10662,#10548,#10690,.T.);
#10690 = SURFACE_CURVE('',#10691,(#10695,#10702),.PCURVE_S1.);
#10691 = LINE('',#10692,#10693);
#10692 = CARTESIAN_POINT('',(24.735056727329,-42.259530304,17.));
#10693 = VECTOR('',#10694,1.);
#10694 = DIRECTION('',(0.5,0.866025403784,-0.));
#10695 = PCURVE('',#8980,#10696);
#10696 = DEFINITIONAL_REPRESENTATION('',(#10697),#10701);
#10697 = LINE('',#10698,#10699);
#10698 = CARTESIAN_POINT('',(70.735056727329,-14.259530304));
#10699 = VECTOR('',#10700,1.);
#10700 = DIRECTION('',(0.5,0.866025403784));
#10701 = ( GEOMETRIC_REPRESENTATION_CONTEXT(2) 
PARAMETRIC_REPRESENTATION_CONTEXT() REPRESENTATION_CONTEXT('2D SPACE',''
  ) );
#10702 = PCURVE('',#10703,#10708);
#10703 = PLANE('',#10704);
#10704 = AXIS2_PLACEMENT_3D('',#10705,#10706,#10707);
#10705 = CARTESIAN_POINT('',(36.244263164513,-22.325,16.9));
#10706 = DIRECTION('',(0.866025403784,-0.5,0.));
#10707 = DIRECTION('',(-0.5,-0.866025403784,0.));
#10708 = DEFINITIONAL_REPRESENTATION('',(#10709),#10713);
#10709 = LINE('',#10710,#10711);
#10710 = CARTESIAN_POINT('',(23.018412874367,-0.1));
#10711 = VECTOR('',#10712,1.);
#10712 = DIRECTION('',(-1.,0.));
#10713 = ( GEOMETRIC_REPRESENTATION_CONTEXT(2) 
PARAMETRIC_REPRESENTATION_CONTEXT() REPRESENTATION_CONTEXT('2D SPACE',''
  ) );
#10714 = FACE_BOUND('',#10715,.F.);
#10715 = EDGE_LOOP('',(#10716));
#10716 = ORIENTED_EDGE('',*,*,#10717,.F.);
#10717 = EDGE_CURVE('',#10718,#10718,#10720,.T.);
#10718 = VERTEX_POINT('',#10719);
#10719 = CARTESIAN_POINT('',(12.45,-8.,17.));
#10720 = SURFACE_CURVE('',#10721,(#10726,#10733),.PCURVE_S1.);
#10721 = CIRCLE('',#10722,1.45);
#10722 = AXIS2_PLACEMENT_3D('',#10723,#10724,#10725);
#10723 = CARTESIAN_POINT('',(11.,-8.,17.));
#10724 = DIRECTION('',(0.,0.,1.));
#10725 = DIRECTION('',(1.,0.,-0.));
#10726 = PCURVE('',#8980,#10727);
#10727 = DEFINITIONAL_REPRESENTATION('',(#10728),#10732);
#10728 = CIRCLE('',#10729,1.45);
#10729 = AXIS2_PLACEMENT_2D('',#10730,#10731);
#10730 = CARTESIAN_POINT('',(57.,20.));
#10731 = DIRECTION('',(1.,0.));
#10732 = ( GEOMETRIC_REPRESENTATION_CONTEXT(2) 
PARAMETRIC_REPRESENTATION_CONTEXT() REPRESENTATION_CONTEXT('2D SPACE',''
  ) );
#10733 = PCURVE('',#10734,#10739);
#10734 = CYLINDRICAL_SURFACE('',#10735,1.45);
#10735 = AXIS2_PLACEMENT_3D('',#10736,#10737,#10738);
#10736 = CARTESIAN_POINT('',(11.,-8.,16.8));
#10737 = DIRECTION('',(0.,0.,1.));
#10738 = DIRECTION('',(1.,0.,-0.));
#10739 = DEFINITIONAL_REPRESENTATION('',(#10740),#10744);
#10740 = LINE('',#10741,#10742);
#10741 = CARTESIAN_POINT('',(0.,0.2));
#10742 = VECTOR('',#10743,1.);
#10743 = DIRECTION('',(1.,0.));
#10744 = ( GEOMETRIC_REPRESENTATION_CONTEXT(2) 
PARAMETRIC_REPRESENTATION_CONTEXT() REPRESENTATION_CONTEXT('2D SPACE',''
  ) );
#10745 = FACE_BOUND('',#10746,.F.);
#10746 = EDGE_LOOP('',(#10747,#10772,#10795,#10818));
#10747 = ORIENTED_EDGE('',*,*,#10748,.F.);
#10748 = EDGE_CURVE('',#10749,#10751,#10753,.T.);
#10749 = VERTEX_POINT('',#10750);
#10750 = CARTESIAN_POINT('',(-16.,-16.5,17.));
#10751 = VERTEX_POINT('',#10752);
#10752 = CARTESIAN_POINT('',(-16.,16.5,17.));
#10753 = SURFACE_CURVE('',#10754,(#10758,#10765),.PCURVE_S1.);
#10754 = LINE('',#10755,#10756);
#10755 = CARTESIAN_POINT('',(-16.,-22.25,17.));
#10756 = VECTOR('',#10757,1.);
#10757 = DIRECTION('',(0.,1.,0.));
#10758 = PCURVE('',#8980,#10759);
#10759 = DEFINITIONAL_REPRESENTATION('',(#10760),#10764);
#10760 = LINE('',#10761,#10762);
#10761 = CARTESIAN_POINT('',(30.,5.75));
#10762 = VECTOR('',#10763,1.);
#10763 = DIRECTION('',(0.,1.));
#10764 = ( GEOMETRIC_REPRESENTATION_CONTEXT(2) 
PARAMETRIC_REPRESENTATION_CONTEXT() REPRESENTATION_CONTEXT('2D SPACE',''
  ) );
#10765 = PCURVE('',#9512,#10766);
#10766 = DEFINITIONAL_REPRESENTATION('',(#10767),#10771);
#10767 = LINE('',#10768,#10769);
#10768 = CARTESIAN_POINT('',(-0.2,5.75));
#10769 = VECTOR('',#10770,1.);
#10770 = DIRECTION('',(0.,-1.));
#10771 = ( GEOMETRIC_REPRESENTATION_CONTEXT(2) 
PARAMETRIC_REPRESENTATION_CONTEXT() REPRESENTATION_CONTEXT('2D SPACE',''
  ) );
#10772 = ORIENTED_EDGE('',*,*,#10773,.F.);
#10773 = EDGE_CURVE('',#10774,#10749,#10776,.T.);
#10774 = VERTEX_POINT('',#10775);
#10775 = CARTESIAN_POINT('',(-42.,-16.5,17.));
#10776 = SURFACE_CURVE('',#10777,(#10781,#10788),.PCURVE_S1.);
#10777 = LINE('',#10778,#10779);
#10778 = CARTESIAN_POINT('',(-31.,-16.5,17.));
#10779 = VECTOR('',#10780,1.);
#10780 = DIRECTION('',(1.,0.,-0.));
#10781 = PCURVE('',#8980,#10782);
#10782 = DEFINITIONAL_REPRESENTATION('',(#10783),#10787);
#10783 = LINE('',#10784,#10785);
#10784 = CARTESIAN_POINT('',(15.,11.5));
#10785 = VECTOR('',#10786,1.);
#10786 = DIRECTION('',(1.,0.));
#10787 = ( GEOMETRIC_REPRESENTATION_CONTEXT(2) 
PARAMETRIC_REPRESENTATION_CONTEXT() REPRESENTATION_CONTEXT('2D SPACE',''
  ) );
#10788 = PCURVE('',#9540,#10789);
#10789 = DEFINITIONAL_REPRESENTATION('',(#10790),#10794);
#10790 = LINE('',#10791,#10792);
#10791 = CARTESIAN_POINT('',(-0.2,15.));
#10792 = VECTOR('',#10793,1.);
#10793 = DIRECTION('',(0.,-1.));
#10794 = ( GEOMETRIC_REPRESENTATION_CONTEXT(2) 
PARAMETRIC_REPRESENTATION_CONTEXT() REPRESENTATION_CONTEXT('2D SPACE',''
  ) );
#10795 = ORIENTED_EDGE('',*,*,#10796,.T.);
#10796 = EDGE_CURVE('',#10774,#10797,#10799,.T.);
#10797 = VERTEX_POINT('',#10798);
#10798 = CARTESIAN_POINT('',(-42.,16.5,17.));
#10799 = SURFACE_CURVE('',#10800,(#10804,#10811),.PCURVE_S1.);
#10800 = LINE('',#10801,#10802);
#10801 = CARTESIAN_POINT('',(-42.,-22.25,17.));
#10802 = VECTOR('',#10803,1.);
#10803 = DIRECTION('',(0.,1.,0.));
#10804 = PCURVE('',#8980,#10805);
#10805 = DEFINITIONAL_REPRESENTATION('',(#10806),#10810);
#10806 = LINE('',#10807,#10808);
#10807 = CARTESIAN_POINT('',(4.,5.75));
#10808 = VECTOR('',#10809,1.);
#10809 = DIRECTION('',(0.,1.));
#10810 = ( GEOMETRIC_REPRESENTATION_CONTEXT(2) 
PARAMETRIC_REPRESENTATION_CONTEXT() REPRESENTATION_CONTEXT('2D SPACE',''
  ) );
#10811 = PCURVE('',#9568,#10812);
#10812 = DEFINITIONAL_REPRESENTATION('',(#10813),#10817);
#10813 = LINE('',#10814,#10815);
#10814 = CARTESIAN_POINT('',(-0.2,5.75));
#10815 = VECTOR('',#10816,1.);
#10816 = DIRECTION('',(0.,-1.));
#10817 = ( GEOMETRIC_REPRESENTATION_CONTEXT(2) 
PARAMETRIC_REPRESENTATION_CONTEXT() REPRESENTATION_CONTEXT('2D SPACE',''
  ) );
#10818 = ORIENTED_EDGE('',*,*,#10819,.T.);
#10819 = EDGE_CURVE('',#10797,#10751,#10820,.T.);
#10820 = SURFACE_CURVE('',#10821,(#10825,#10832),.PCURVE_S1.);
#10821 = LINE('',#10822,#10823);
#10822 = CARTESIAN_POINT('',(-31.,16.5,17.));
#10823 = VECTOR('',#10824,1.);
#10824 = DIRECTION('',(1.,0.,-0.));
#10825 = PCURVE('',#8980,#10826);
#10826 = DEFINITIONAL_REPRESENTATION('',(#10827),#10831);
#10827 = LINE('',#10828,#10829);
#10828 = CARTESIAN_POINT('',(15.,44.5));
#10829 = VECTOR('',#10830,1.);
#10830 = DIRECTION('',(1.,0.));
#10831 = ( GEOMETRIC_REPRESENTATION_CONTEXT(2) 
PARAMETRIC_REPRESENTATION_CONTEXT() REPRESENTATION_CONTEXT('2D SPACE',''
  ) );
#10832 = PCURVE('',#9594,#10833);
#10833 = DEFINITIONAL_REPRESENTATION('',(#10834),#10838);
#10834 = LINE('',#10835,#10836);
#10835 = CARTESIAN_POINT('',(-0.2,15.));
#10836 = VECTOR('',#10837,1.);
#10837 = DIRECTION('',(0.,-1.));
#10838 = ( GEOMETRIC_REPRESENTATION_CONTEXT(2) 
PARAMETRIC_REPRESENTATION_CONTEXT() REPRESENTATION_CONTEXT('2D SPACE',''
  ) );
#10839 = FACE_BOUND('',#10840,.F.);
#10840 = EDGE_LOOP('',(#10841,#10871,#10899,#10927,#10955,#10983));
#10841 = ORIENTED_EDGE('',*,*,#10842,.T.);
#10842 = EDGE_CURVE('',#10843,#10845,#10847,.T.);
#10843 = VERTEX_POINT('',#10844);
#10844 = CARTESIAN_POINT('',(-38.75573683548,26.675,17.));
#10845 = VERTEX_POINT('',#10846);
#10846 = CARTESIAN_POINT('',(-36.24426316451,26.675,17.));
#10847 = SURFACE_CURVE('',#10848,(#10852,#10859),.PCURVE_S1.);
#10848 = LINE('',#10849,#10850);
#10849 = CARTESIAN_POINT('',(-41.12213158225,26.675,17.));
#10850 = VECTOR('',#10851,1.);
#10851 = DIRECTION('',(1.,-1.768241550698E-16,0.));
#10852 = PCURVE('',#8980,#10853);
#10853 = DEFINITIONAL_REPRESENTATION('',(#10854),#10858);
#10854 = LINE('',#10855,#10856);
#10855 = CARTESIAN_POINT('',(4.87786841775,54.675));
#10856 = VECTOR('',#10857,1.);
#10857 = DIRECTION('',(1.,-1.768241550698E-16));
#10858 = ( GEOMETRIC_REPRESENTATION_CONTEXT(2) 
PARAMETRIC_REPRESENTATION_CONTEXT() REPRESENTATION_CONTEXT('2D SPACE',''
  ) );
#10859 = PCURVE('',#10860,#10865);
#10860 = PLANE('',#10861);
#10861 = AXIS2_PLACEMENT_3D('',#10862,#10863,#10864);
#10862 = CARTESIAN_POINT('',(-36.24426316451,26.675,16.9));
#10863 = DIRECTION('',(-1.768241550698E-16,-1.,0.));
#10864 = DIRECTION('',(-1.,1.768241550698E-16,0.));
#10865 = DEFINITIONAL_REPRESENTATION('',(#10866),#10870);
#10866 = LINE('',#10867,#10868);
#10867 = CARTESIAN_POINT('',(4.87786841774,-0.1));
#10868 = VECTOR('',#10869,1.);
#10869 = DIRECTION('',(-1.,-0.));
#10870 = ( GEOMETRIC_REPRESENTATION_CONTEXT(2) 
PARAMETRIC_REPRESENTATION_CONTEXT() REPRESENTATION_CONTEXT('2D SPACE',''
  ) );
#10871 = ORIENTED_EDGE('',*,*,#10872,.T.);
#10872 = EDGE_CURVE('',#10845,#10873,#10875,.T.);
#10873 = VERTEX_POINT('',#10874);
#10874 = CARTESIAN_POINT('',(-34.98852632902,24.5,17.));
#10875 = SURFACE_CURVE('',#10876,(#10880,#10887),.PCURVE_S1.);
#10876 = LINE('',#10877,#10878);
#10877 = CARTESIAN_POINT('',(-24.99837711322,7.196553983042,17.));
#10878 = VECTOR('',#10879,1.);
#10879 = DIRECTION('',(0.5,-0.866025403784,0.));
#10880 = PCURVE('',#8980,#10881);
#10881 = DEFINITIONAL_REPRESENTATION('',(#10882),#10886);
#10882 = LINE('',#10883,#10884);
#10883 = CARTESIAN_POINT('',(21.00162288678,35.196553983042));
#10884 = VECTOR('',#10885,1.);
#10885 = DIRECTION('',(0.5,-0.866025403784));
#10886 = ( GEOMETRIC_REPRESENTATION_CONTEXT(2) 
PARAMETRIC_REPRESENTATION_CONTEXT() REPRESENTATION_CONTEXT('2D SPACE',''
  ) );
#10887 = PCURVE('',#10888,#10893);
#10888 = PLANE('',#10889);
#10889 = AXIS2_PLACEMENT_3D('',#10890,#10891,#10892);
#10890 = CARTESIAN_POINT('',(-34.98852632902,24.5,16.9));
#10891 = DIRECTION('',(-0.866025403784,-0.5,0.));
#10892 = DIRECTION('',(-0.5,0.866025403784,0.));
#10893 = DEFINITIONAL_REPRESENTATION('',(#10894),#10898);
#10894 = LINE('',#10895,#10896);
#10895 = CARTESIAN_POINT('',(-19.98029843159,-0.1));
#10896 = VECTOR('',#10897,1.);
#10897 = DIRECTION('',(-1.,-0.));
#10898 = ( GEOMETRIC_REPRESENTATION_CONTEXT(2) 
PARAMETRIC_REPRESENTATION_CONTEXT() REPRESENTATION_CONTEXT('2D SPACE',''
  ) );
#10899 = ORIENTED_EDGE('',*,*,#10900,.T.);
#10900 = EDGE_CURVE('',#10873,#10901,#10903,.T.);
#10901 = VERTEX_POINT('',#10902);
#10902 = CARTESIAN_POINT('',(-36.24426316451,22.325,17.));
#10903 = SURFACE_CURVE('',#10904,(#10908,#10915),.PCURVE_S1.);
#10904 = LINE('',#10905,#10906);
#10905 = CARTESIAN_POINT('',(-48.35941238031,1.340946016958,17.));
#10906 = VECTOR('',#10907,1.);
#10907 = DIRECTION('',(-0.5,-0.866025403784,0.));
#10908 = PCURVE('',#8980,#10909);
#10909 = DEFINITIONAL_REPRESENTATION('',(#10910),#10914);
#10910 = LINE('',#10911,#10912);
#10911 = CARTESIAN_POINT('',(-2.35941238031,29.340946016958));
#10912 = VECTOR('',#10913,1.);
#10913 = DIRECTION('',(-0.5,-0.866025403784));
#10914 = ( GEOMETRIC_REPRESENTATION_CONTEXT(2) 
PARAMETRIC_REPRESENTATION_CONTEXT() REPRESENTATION_CONTEXT('2D SPACE',''
  ) );
#10915 = PCURVE('',#10916,#10921);
#10916 = PLANE('',#10917);
#10917 = AXIS2_PLACEMENT_3D('',#10918,#10919,#10920);
#10918 = CARTESIAN_POINT('',(-36.24426316451,22.325,16.9));
#10919 = DIRECTION('',(-0.866025403784,0.5,0.));
#10920 = DIRECTION('',(0.5,0.866025403784,0.));
#10921 = DEFINITIONAL_REPRESENTATION('',(#10922),#10926);
#10922 = LINE('',#10923,#10924);
#10923 = CARTESIAN_POINT('',(-24.23029843159,-0.1));
#10924 = VECTOR('',#10925,1.);
#10925 = DIRECTION('',(-1.,-0.));
#10926 = ( GEOMETRIC_REPRESENTATION_CONTEXT(2) 
PARAMETRIC_REPRESENTATION_CONTEXT() REPRESENTATION_CONTEXT('2D SPACE',''
  ) );
#10927 = ORIENTED_EDGE('',*,*,#10928,.T.);
#10928 = EDGE_CURVE('',#10901,#10929,#10931,.T.);
#10929 = VERTEX_POINT('',#10930);
#10930 = CARTESIAN_POINT('',(-38.75573683548,22.325,17.));
#10931 = SURFACE_CURVE('',#10932,(#10936,#10943),.PCURVE_S1.);
#10932 = LINE('',#10933,#10934);
#10933 = CARTESIAN_POINT('',(-42.37786841774,22.325,17.));
#10934 = VECTOR('',#10935,1.);
#10935 = DIRECTION('',(-1.,7.07296620279E-16,0.));
#10936 = PCURVE('',#8980,#10937);
#10937 = DEFINITIONAL_REPRESENTATION('',(#10938),#10942);
#10938 = LINE('',#10939,#10940);
#10939 = CARTESIAN_POINT('',(3.62213158226,50.325));
#10940 = VECTOR('',#10941,1.);
#10941 = DIRECTION('',(-1.,7.07296620279E-16));
#10942 = ( GEOMETRIC_REPRESENTATION_CONTEXT(2) 
PARAMETRIC_REPRESENTATION_CONTEXT() REPRESENTATION_CONTEXT('2D SPACE',''
  ) );
#10943 = PCURVE('',#10944,#10949);
#10944 = PLANE('',#10945);
#10945 = AXIS2_PLACEMENT_3D('',#10946,#10947,#10948);
#10946 = CARTESIAN_POINT('',(-38.75573683548,22.325,16.9));
#10947 = DIRECTION('',(7.07296620279E-16,1.,-0.));
#10948 = DIRECTION('',(1.,-7.07296620279E-16,0.));
#10949 = DEFINITIONAL_REPRESENTATION('',(#10950),#10954);
#10950 = LINE('',#10951,#10952);
#10951 = CARTESIAN_POINT('',(-3.62213158226,-0.1));
#10952 = VECTOR('',#10953,1.);
#10953 = DIRECTION('',(-1.,-0.));
#10954 = ( GEOMETRIC_REPRESENTATION_CONTEXT(2) 
PARAMETRIC_REPRESENTATION_CONTEXT() REPRESENTATION_CONTEXT('2D SPACE',''
  ) );
#10955 = ORIENTED_EDGE('',*,*,#10956,.T.);
#10956 = EDGE_CURVE('',#10929,#10957,#10959,.T.);
#10957 = VERTEX_POINT('',#10958);
#10958 = CARTESIAN_POINT('',(-40.01147367097,24.5,17.));
#10959 = SURFACE_CURVE('',#10960,(#10964,#10971),.PCURVE_S1.);
#10960 = LINE('',#10961,#10962);
#10961 = CARTESIAN_POINT('',(-29.39345603743,6.109053983042,17.));
#10962 = VECTOR('',#10963,1.);
#10963 = DIRECTION('',(-0.5,0.866025403784,0.));
#10964 = PCURVE('',#8980,#10965);
#10965 = DEFINITIONAL_REPRESENTATION('',(#10966),#10970);
#10966 = LINE('',#10967,#10968);
#10967 = CARTESIAN_POINT('',(16.60654396257,34.109053983042));
#10968 = VECTOR('',#10969,1.);
#10969 = DIRECTION('',(-0.5,0.866025403784));
#10970 = ( GEOMETRIC_REPRESENTATION_CONTEXT(2) 
PARAMETRIC_REPRESENTATION_CONTEXT() REPRESENTATION_CONTEXT('2D SPACE',''
  ) );
#10971 = PCURVE('',#10972,#10977);
#10972 = PLANE('',#10973);
#10973 = AXIS2_PLACEMENT_3D('',#10974,#10975,#10976);
#10974 = CARTESIAN_POINT('',(-40.01147367097,24.5,16.9));
#10975 = DIRECTION('',(0.866025403784,0.5,-0.));
#10976 = DIRECTION('',(0.5,-0.866025403784,0.));
#10977 = DEFINITIONAL_REPRESENTATION('',(#10978),#10982);
#10978 = LINE('',#10979,#10980);
#10979 = CARTESIAN_POINT('',(21.236035267084,-0.1));
#10980 = VECTOR('',#10981,1.);
#10981 = DIRECTION('',(-1.,-0.));
#10982 = ( GEOMETRIC_REPRESENTATION_CONTEXT(2) 
PARAMETRIC_REPRESENTATION_CONTEXT() REPRESENTATION_CONTEXT('2D SPACE',''
  ) );
#10983 = ORIENTED_EDGE('',*,*,#10984,.T.);
#10984 = EDGE_CURVE('',#10957,#10843,#10985,.T.);
#10985 = SURFACE_CURVE('',#10986,(#10990,#10997),.PCURVE_S1.);
#10986 = LINE('',#10987,#10988);
#10987 = CARTESIAN_POINT('',(-51.49875446903,4.603446016958,17.));
#10988 = VECTOR('',#10989,1.);
#10989 = DIRECTION('',(0.5,0.866025403784,-0.));
#10990 = PCURVE('',#8980,#10991);
#10991 = DEFINITIONAL_REPRESENTATION('',(#10992),#10996);
#10992 = LINE('',#10993,#10994);
#10993 = CARTESIAN_POINT('',(-5.49875446903,32.603446016958));
#10994 = VECTOR('',#10995,1.);
#10995 = DIRECTION('',(0.5,0.866025403784));
#10996 = ( GEOMETRIC_REPRESENTATION_CONTEXT(2) 
PARAMETRIC_REPRESENTATION_CONTEXT() REPRESENTATION_CONTEXT('2D SPACE',''
  ) );
#10997 = PCURVE('',#10998,#11003);
#10998 = PLANE('',#10999);
#10999 = AXIS2_PLACEMENT_3D('',#11000,#11001,#11002);
#11000 = CARTESIAN_POINT('',(-38.75573683548,26.675,16.9));
#11001 = DIRECTION('',(0.866025403784,-0.5,0.));
#11002 = DIRECTION('',(-0.5,-0.866025403784,0.));
#11003 = DEFINITIONAL_REPRESENTATION('',(#11004),#11008);
#11004 = LINE('',#11005,#11006);
#11005 = CARTESIAN_POINT('',(25.486035267089,-0.1));
#11006 = VECTOR('',#11007,1.);
#11007 = DIRECTION('',(-1.,0.));
#11008 = ( GEOMETRIC_REPRESENTATION_CONTEXT(2) 
PARAMETRIC_REPRESENTATION_CONTEXT() REPRESENTATION_CONTEXT('2D SPACE',''
  ) );
#11009 = FACE_BOUND('',#11010,.F.);
#11010 = EDGE_LOOP('',(#11011));
#11011 = ORIENTED_EDGE('',*,*,#11012,.F.);
#11012 = EDGE_CURVE('',#11013,#11013,#11015,.T.);
#11013 = VERTEX_POINT('',#11014);
#11014 = CARTESIAN_POINT('',(10.65,-2.608497682184E-15,17.));
#11015 = SURFACE_CURVE('',#11016,(#11021,#11028),.PCURVE_S1.);
#11016 = CIRCLE('',#11017,10.65);
#11017 = AXIS2_PLACEMENT_3D('',#11018,#11019,#11020);
#11018 = CARTESIAN_POINT('',(0.,0.,17.));
#11019 = DIRECTION('',(0.,0.,1.));
#11020 = DIRECTION('',(1.,0.,-0.));
#11021 = PCURVE('',#8980,#11022);
#11022 = DEFINITIONAL_REPRESENTATION('',(#11023),#11027);
#11023 = CIRCLE('',#11024,10.65);
#11024 = AXIS2_PLACEMENT_2D('',#11025,#11026);
#11025 = CARTESIAN_POINT('',(46.,28.));
#11026 = DIRECTION('',(1.,0.));
#11027 = ( GEOMETRIC_REPRESENTATION_CONTEXT(2) 
PARAMETRIC_REPRESENTATION_CONTEXT() REPRESENTATION_CONTEXT('2D SPACE',''
  ) );
#11028 = PCURVE('',#9625,#11029);
#11029 = DEFINITIONAL_REPRESENTATION('',(#11030),#11034);
#11030 = LINE('',#11031,#11032);
#11031 = CARTESIAN_POINT('',(0.,0.2));
#11032 = VECTOR('',#11033,1.);
#11033 = DIRECTION('',(1.,0.));
#11034 = ( GEOMETRIC_REPRESENTATION_CONTEXT(2) 
PARAMETRIC_REPRESENTATION_CONTEXT() REPRESENTATION_CONTEXT('2D SPACE',''
  ) );
#11035 = FACE_BOUND('',#11036,.F.);
#11036 = EDGE_LOOP('',(#11037,#11062,#11085,#11108));
#11037 = ORIENTED_EDGE('',*,*,#11038,.T.);
#11038 = EDGE_CURVE('',#11039,#11041,#11043,.T.);
#11039 = VERTEX_POINT('',#11040);
#11040 = CARTESIAN_POINT('',(42.,-16.5,17.));
#11041 = VERTEX_POINT('',#11042);
#11042 = CARTESIAN_POINT('',(16.,-16.5,17.));
#11043 = SURFACE_CURVE('',#11044,(#11048,#11055),.PCURVE_S1.);
#11044 = LINE('',#11045,#11046);
#11045 = CARTESIAN_POINT('',(-15.,-16.5,17.));
#11046 = VECTOR('',#11047,1.);
#11047 = DIRECTION('',(-1.,-0.,0.));
#11048 = PCURVE('',#8980,#11049);
#11049 = DEFINITIONAL_REPRESENTATION('',(#11050),#11054);
#11050 = LINE('',#11051,#11052);
#11051 = CARTESIAN_POINT('',(31.,11.5));
#11052 = VECTOR('',#11053,1.);
#11053 = DIRECTION('',(-1.,0.));
#11054 = ( GEOMETRIC_REPRESENTATION_CONTEXT(2) 
PARAMETRIC_REPRESENTATION_CONTEXT() REPRESENTATION_CONTEXT('2D SPACE',''
  ) );
#11055 = PCURVE('',#9657,#11056);
#11056 = DEFINITIONAL_REPRESENTATION('',(#11057),#11061);
#11057 = LINE('',#11058,#11059);
#11058 = CARTESIAN_POINT('',(0.2,-31.));
#11059 = VECTOR('',#11060,1.);
#11060 = DIRECTION('',(0.,-1.));
#11061 = ( GEOMETRIC_REPRESENTATION_CONTEXT(2) 
PARAMETRIC_REPRESENTATION_CONTEXT() REPRESENTATION_CONTEXT('2D SPACE',''
  ) );
#11062 = ORIENTED_EDGE('',*,*,#11063,.T.);
#11063 = EDGE_CURVE('',#11041,#11064,#11066,.T.);
#11064 = VERTEX_POINT('',#11065);
#11065 = CARTESIAN_POINT('',(16.,16.5,17.));
#11066 = SURFACE_CURVE('',#11067,(#11071,#11078),.PCURVE_S1.);
#11067 = LINE('',#11068,#11069);
#11068 = CARTESIAN_POINT('',(16.,-22.25,17.));
#11069 = VECTOR('',#11070,1.);
#11070 = DIRECTION('',(-0.,1.,0.));
#11071 = PCURVE('',#8980,#11072);
#11072 = DEFINITIONAL_REPRESENTATION('',(#11073),#11077);
#11073 = LINE('',#11074,#11075);
#11074 = CARTESIAN_POINT('',(62.,5.75));
#11075 = VECTOR('',#11076,1.);
#11076 = DIRECTION('',(0.,1.));
#11077 = ( GEOMETRIC_REPRESENTATION_CONTEXT(2) 
PARAMETRIC_REPRESENTATION_CONTEXT() REPRESENTATION_CONTEXT('2D SPACE',''
  ) );
#11078 = PCURVE('',#9685,#11079);
#11079 = DEFINITIONAL_REPRESENTATION('',(#11080),#11084);
#11080 = LINE('',#11081,#11082);
#11081 = CARTESIAN_POINT('',(0.2,5.75));
#11082 = VECTOR('',#11083,1.);
#11083 = DIRECTION('',(0.,-1.));
#11084 = ( GEOMETRIC_REPRESENTATION_CONTEXT(2) 
PARAMETRIC_REPRESENTATION_CONTEXT() REPRESENTATION_CONTEXT('2D SPACE',''
  ) );
#11085 = ORIENTED_EDGE('',*,*,#11086,.F.);
#11086 = EDGE_CURVE('',#11087,#11064,#11089,.T.);
#11087 = VERTEX_POINT('',#11088);
#11088 = CARTESIAN_POINT('',(42.,16.5,17.));
#11089 = SURFACE_CURVE('',#11090,(#11094,#11101),.PCURVE_S1.);
#11090 = LINE('',#11091,#11092);
#11091 = CARTESIAN_POINT('',(-15.,16.5,17.));
#11092 = VECTOR('',#11093,1.);
#11093 = DIRECTION('',(-1.,-0.,0.));
#11094 = PCURVE('',#8980,#11095);
#11095 = DEFINITIONAL_REPRESENTATION('',(#11096),#11100);
#11096 = LINE('',#11097,#11098);
#11097 = CARTESIAN_POINT('',(31.,44.5));
#11098 = VECTOR('',#11099,1.);
#11099 = DIRECTION('',(-1.,0.));
#11100 = ( GEOMETRIC_REPRESENTATION_CONTEXT(2) 
PARAMETRIC_REPRESENTATION_CONTEXT() REPRESENTATION_CONTEXT('2D SPACE',''
  ) );
#11101 = PCURVE('',#9713,#11102);
#11102 = DEFINITIONAL_REPRESENTATION('',(#11103),#11107);
#11103 = LINE('',#11104,#11105);
#11104 = CARTESIAN_POINT('',(0.2,-31.));
#11105 = VECTOR('',#11106,1.);
#11106 = DIRECTION('',(0.,-1.));
#11107 = ( GEOMETRIC_REPRESENTATION_CONTEXT(2) 
PARAMETRIC_REPRESENTATION_CONTEXT() REPRESENTATION_CONTEXT('2D SPACE',''
  ) );
#11108 = ORIENTED_EDGE('',*,*,#11109,.F.);
#11109 = EDGE_CURVE('',#11039,#11087,#11110,.T.);
#11110 = SURFACE_CURVE('',#11111,(#11115,#11122),.PCURVE_S1.);
#11111 = LINE('',#11112,#11113);
#11112 = CARTESIAN_POINT('',(42.,-22.25,17.));
#11113 = VECTOR('',#11114,1.);
#11114 = DIRECTION('',(-0.,1.,0.));
#11115 = PCURVE('',#8980,#11116);
#11116 = DEFINITIONAL_REPRESENTATION('',(#11117),#11121);
#11117 = LINE('',#11118,#11119);
#11118 = CARTESIAN_POINT('',(88.,5.75));
#11119 = VECTOR('',#11120,1.);
#11120 = DIRECTION('',(0.,1.));
#11121 = ( GEOMETRIC_REPRESENTATION_CONTEXT(2) 
PARAMETRIC_REPRESENTATION_CONTEXT() REPRESENTATION_CONTEXT('2D SPACE',''
  ) );
#11122 = PCURVE('',#9739,#11123);
#11123 = DEFINITIONAL_REPRESENTATION('',(#11124),#11128);
#11124 = LINE('',#11125,#11126);
#11125 = CARTESIAN_POINT('',(0.2,5.75));
#11126 = VECTOR('',#11127,1.);
#11127 = DIRECTION('',(0.,-1.));
#11128 = ( GEOMETRIC_REPRESENTATION_CONTEXT(2) 
PARAMETRIC_REPRESENTATION_CONTEXT() REPRESENTATION_CONTEXT('2D SPACE',''
  ) );
#11129 = FACE_BOUND('',#11130,.F.);
#11130 = EDGE_LOOP('',(#11131,#11161,#11189,#11217,#11245,#11273));
#11131 = ORIENTED_EDGE('',*,*,#11132,.T.);
#11132 = EDGE_CURVE('',#11133,#11135,#11137,.T.);
#11133 = VERTEX_POINT('',#11134);
#11134 = CARTESIAN_POINT('',(36.244263164513,26.675,17.));
#11135 = VERTEX_POINT('',#11136);
#11136 = CARTESIAN_POINT('',(38.755736835487,26.675,17.));
#11137 = SURFACE_CURVE('',#11138,(#11142,#11149),.PCURVE_S1.);
#11138 = LINE('',#11139,#11140);
#11139 = CARTESIAN_POINT('',(-3.622131582256,26.675,17.));
#11140 = VECTOR('',#11141,1.);
#11141 = DIRECTION('',(1.,-1.768241550698E-16,0.));
#11142 = PCURVE('',#8980,#11143);
#11143 = DEFINITIONAL_REPRESENTATION('',(#11144),#11148);
#11144 = LINE('',#11145,#11146);
#11145 = CARTESIAN_POINT('',(42.377868417744,54.675));
#11146 = VECTOR('',#11147,1.);
#11147 = DIRECTION('',(1.,-1.768241550698E-16));
#11148 = ( GEOMETRIC_REPRESENTATION_CONTEXT(2) 
PARAMETRIC_REPRESENTATION_CONTEXT() REPRESENTATION_CONTEXT('2D SPACE',''
  ) );
#11149 = PCURVE('',#11150,#11155);
#11150 = PLANE('',#11151);
#11151 = AXIS2_PLACEMENT_3D('',#11152,#11153,#11154);
#11152 = CARTESIAN_POINT('',(38.755736835487,26.675,16.9));
#11153 = DIRECTION('',(-1.768241550698E-16,-1.,0.));
#11154 = DIRECTION('',(-1.,1.768241550698E-16,0.));
#11155 = DEFINITIONAL_REPRESENTATION('',(#11156),#11160);
#11156 = LINE('',#11157,#11158);
#11157 = CARTESIAN_POINT('',(42.377868417743,-0.1));
#11158 = VECTOR('',#11159,1.);
#11159 = DIRECTION('',(-1.,-0.));
#11160 = ( GEOMETRIC_REPRESENTATION_CONTEXT(2) 
PARAMETRIC_REPRESENTATION_CONTEXT() REPRESENTATION_CONTEXT('2D SPACE',''
  ) );
#11161 = ORIENTED_EDGE('',*,*,#11162,.T.);
#11162 = EDGE_CURVE('',#11135,#11163,#11165,.T.);
#11163 = VERTEX_POINT('',#11164);
#11164 = CARTESIAN_POINT('',(40.011473670975,24.5,17.));
#11165 = SURFACE_CURVE('',#11166,(#11170,#11177),.PCURVE_S1.);
#11166 = LINE('',#11167,#11168);
#11167 = CARTESIAN_POINT('',(40.626622886774,23.434530304,17.));
#11168 = VECTOR('',#11169,1.);
#11169 = DIRECTION('',(0.5,-0.866025403784,0.));
#11170 = PCURVE('',#8980,#11171);
#11171 = DEFINITIONAL_REPRESENTATION('',(#11172),#11176);
#11172 = LINE('',#11173,#11174);
#11173 = CARTESIAN_POINT('',(86.626622886774,51.434530304));
#11174 = VECTOR('',#11175,1.);
#11175 = DIRECTION('',(0.5,-0.866025403784));
#11176 = ( GEOMETRIC_REPRESENTATION_CONTEXT(2) 
PARAMETRIC_REPRESENTATION_CONTEXT() REPRESENTATION_CONTEXT('2D SPACE',''
  ) );
#11177 = PCURVE('',#11178,#11183);
#11178 = PLANE('',#11179);
#11179 = AXIS2_PLACEMENT_3D('',#11180,#11181,#11182);
#11180 = CARTESIAN_POINT('',(40.011473670975,24.5,16.9));
#11181 = DIRECTION('',(-0.866025403784,-0.5,0.));
#11182 = DIRECTION('',(-0.5,0.866025403784,0.));
#11183 = DEFINITIONAL_REPRESENTATION('',(#11184),#11188);
#11184 = LINE('',#11185,#11186);
#11185 = CARTESIAN_POINT('',(-1.230298431598,-0.1));
#11186 = VECTOR('',#11187,1.);
#11187 = DIRECTION('',(-1.,-0.));
#11188 = ( GEOMETRIC_REPRESENTATION_CONTEXT(2) 
PARAMETRIC_REPRESENTATION_CONTEXT() REPRESENTATION_CONTEXT('2D SPACE',''
  ) );
#11189 = ORIENTED_EDGE('',*,*,#11190,.T.);
#11190 = EDGE_CURVE('',#11163,#11191,#11193,.T.);
#11191 = VERTEX_POINT('',#11192);
#11192 = CARTESIAN_POINT('',(38.755736835487,22.325,17.));
#11193 = SURFACE_CURVE('',#11194,(#11198,#11205),.PCURVE_S1.);
#11194 = LINE('',#11195,#11196);
#11195 = CARTESIAN_POINT('',(17.265587619689,-14.897030304,17.));
#11196 = VECTOR('',#11197,1.);
#11197 = DIRECTION('',(-0.5,-0.866025403784,0.));
#11198 = PCURVE('',#8980,#11199);
#11199 = DEFINITIONAL_REPRESENTATION('',(#11200),#11204);
#11200 = LINE('',#11201,#11202);
#11201 = CARTESIAN_POINT('',(63.265587619689,13.102969696));
#11202 = VECTOR('',#11203,1.);
#11203 = DIRECTION('',(-0.5,-0.866025403784));
#11204 = ( GEOMETRIC_REPRESENTATION_CONTEXT(2) 
PARAMETRIC_REPRESENTATION_CONTEXT() REPRESENTATION_CONTEXT('2D SPACE',''
  ) );
#11205 = PCURVE('',#11206,#11211);
#11206 = PLANE('',#11207);
#11207 = AXIS2_PLACEMENT_3D('',#11208,#11209,#11210);
#11208 = CARTESIAN_POINT('',(38.755736835487,22.325,16.9));
#11209 = DIRECTION('',(-0.866025403784,0.5,0.));
#11210 = DIRECTION('',(0.5,0.866025403784,0.));
#11211 = DEFINITIONAL_REPRESENTATION('',(#11212),#11216);
#11212 = LINE('',#11213,#11214);
#11213 = CARTESIAN_POINT('',(-42.98029843159,-0.1));
#11214 = VECTOR('',#11215,1.);
#11215 = DIRECTION('',(-1.,-0.));
#11216 = ( GEOMETRIC_REPRESENTATION_CONTEXT(2) 
PARAMETRIC_REPRESENTATION_CONTEXT() REPRESENTATION_CONTEXT('2D SPACE',''
  ) );
#11217 = ORIENTED_EDGE('',*,*,#11218,.T.);
#11218 = EDGE_CURVE('',#11191,#11219,#11221,.T.);
#11219 = VERTEX_POINT('',#11220);
#11220 = CARTESIAN_POINT('',(36.244263164513,22.325,17.));
#11221 = SURFACE_CURVE('',#11222,(#11226,#11233),.PCURVE_S1.);
#11222 = LINE('',#11223,#11224);
#11223 = CARTESIAN_POINT('',(-4.877868417744,22.325,17.));
#11224 = VECTOR('',#11225,1.);
#11225 = DIRECTION('',(-1.,7.07296620279E-16,0.));
#11226 = PCURVE('',#8980,#11227);
#11227 = DEFINITIONAL_REPRESENTATION('',(#11228),#11232);
#11228 = LINE('',#11229,#11230);
#11229 = CARTESIAN_POINT('',(41.122131582256,50.325));
#11230 = VECTOR('',#11231,1.);
#11231 = DIRECTION('',(-1.,7.07296620279E-16));
#11232 = ( GEOMETRIC_REPRESENTATION_CONTEXT(2) 
PARAMETRIC_REPRESENTATION_CONTEXT() REPRESENTATION_CONTEXT('2D SPACE',''
  ) );
#11233 = PCURVE('',#11234,#11239);
#11234 = PLANE('',#11235);
#11235 = AXIS2_PLACEMENT_3D('',#11236,#11237,#11238);
#11236 = CARTESIAN_POINT('',(36.244263164513,22.325,16.9));
#11237 = DIRECTION('',(7.07296620279E-16,1.,-0.));
#11238 = DIRECTION('',(1.,-7.07296620279E-16,0.));
#11239 = DEFINITIONAL_REPRESENTATION('',(#11240),#11244);
#11240 = LINE('',#11241,#11242);
#11241 = CARTESIAN_POINT('',(-41.12213158225,-0.1));
#11242 = VECTOR('',#11243,1.);
#11243 = DIRECTION('',(-1.,-0.));
#11244 = ( GEOMETRIC_REPRESENTATION_CONTEXT(2) 
PARAMETRIC_REPRESENTATION_CONTEXT() REPRESENTATION_CONTEXT('2D SPACE',''
  ) );
#11245 = ORIENTED_EDGE('',*,*,#11246,.T.);
#11246 = EDGE_CURVE('',#11219,#11247,#11249,.T.);
#11247 = VERTEX_POINT('',#11248);
#11248 = CARTESIAN_POINT('',(34.988526329025,24.5,17.));
#11249 = SURFACE_CURVE('',#11250,(#11254,#11261),.PCURVE_S1.);
#11250 = LINE('',#11251,#11252);
#11251 = CARTESIAN_POINT('',(36.231543962568,22.347030304,17.));
#11252 = VECTOR('',#11253,1.);
#11253 = DIRECTION('',(-0.5,0.866025403784,0.));
#11254 = PCURVE('',#8980,#11255);
#11255 = DEFINITIONAL_REPRESENTATION('',(#11256),#11260);
#11256 = LINE('',#11257,#11258);
#11257 = CARTESIAN_POINT('',(82.231543962568,50.347030304));
#11258 = VECTOR('',#11259,1.);
#11259 = DIRECTION('',(-0.5,0.866025403784));
#11260 = ( GEOMETRIC_REPRESENTATION_CONTEXT(2) 
PARAMETRIC_REPRESENTATION_CONTEXT() REPRESENTATION_CONTEXT('2D SPACE',''
  ) );
#11261 = PCURVE('',#11262,#11267);
#11262 = PLANE('',#11263);
#11263 = AXIS2_PLACEMENT_3D('',#11264,#11265,#11266);
#11264 = CARTESIAN_POINT('',(34.988526329025,24.5,16.9));
#11265 = DIRECTION('',(0.866025403784,0.5,-0.));
#11266 = DIRECTION('',(0.5,-0.866025403784,0.));
#11267 = DEFINITIONAL_REPRESENTATION('',(#11268),#11272);
#11268 = LINE('',#11269,#11270);
#11269 = CARTESIAN_POINT('',(2.486035267086,-0.1));
#11270 = VECTOR('',#11271,1.);
#11271 = DIRECTION('',(-1.,-0.));
#11272 = ( GEOMETRIC_REPRESENTATION_CONTEXT(2) 
PARAMETRIC_REPRESENTATION_CONTEXT() REPRESENTATION_CONTEXT('2D SPACE',''
  ) );
#11273 = ORIENTED_EDGE('',*,*,#11274,.T.);
#11274 = EDGE_CURVE('',#11247,#11133,#11275,.T.);
#11275 = SURFACE_CURVE('',#11276,(#11280,#11287),.PCURVE_S1.);
#11276 = LINE('',#11277,#11278);
#11277 = CARTESIAN_POINT('',(14.12624553097,-11.634530304,17.));
#11278 = VECTOR('',#11279,1.);
#11279 = DIRECTION('',(0.5,0.866025403784,-0.));
#11280 = PCURVE('',#8980,#11281);
#11281 = DEFINITIONAL_REPRESENTATION('',(#11282),#11286);
#11282 = LINE('',#11283,#11284);
#11283 = CARTESIAN_POINT('',(60.12624553097,16.365469696));
#11284 = VECTOR('',#11285,1.);
#11285 = DIRECTION('',(0.5,0.866025403784));
#11286 = ( GEOMETRIC_REPRESENTATION_CONTEXT(2) 
PARAMETRIC_REPRESENTATION_CONTEXT() REPRESENTATION_CONTEXT('2D SPACE',''
  ) );
#11287 = PCURVE('',#11288,#11293);
#11288 = PLANE('',#11289);
#11289 = AXIS2_PLACEMENT_3D('',#11290,#11291,#11292);
#11290 = CARTESIAN_POINT('',(36.244263164513,26.675,16.9));
#11291 = DIRECTION('',(0.866025403784,-0.5,0.));
#11292 = DIRECTION('',(-0.5,-0.866025403784,0.));
#11293 = DEFINITIONAL_REPRESENTATION('',(#11294),#11298);
#11294 = LINE('',#11295,#11296);
#11295 = CARTESIAN_POINT('',(44.236035267085,-0.1));
#11296 = VECTOR('',#11297,1.);
#11297 = DIRECTION('',(-1.,0.));
#11298 = ( GEOMETRIC_REPRESENTATION_CONTEXT(2) 
PARAMETRIC_REPRESENTATION_CONTEXT() REPRESENTATION_CONTEXT('2D SPACE',''
  ) );
#11299 = ADVANCED_FACE('',(#11300),#9008,.T.);
#11300 = FACE_BOUND('',#11301,.T.);
#11301 = EDGE_LOOP('',(#11302,#11303,#11331,#11352));
#11302 = ORIENTED_EDGE('',*,*,#8992,.T.);
#11303 = ORIENTED_EDGE('',*,*,#11304,.T.);
#11304 = EDGE_CURVE('',#8993,#11305,#11307,.T.);
#11305 = VERTEX_POINT('',#11306);
#11306 = CARTESIAN_POINT('',(-45.2,28.,19.5));
#11307 = SURFACE_CURVE('',#11308,(#11313,#11320),.PCURVE_S1.);
#11308 = CIRCLE('',#11309,0.8);
#11309 = AXIS2_PLACEMENT_3D('',#11310,#11311,#11312);
#11310 = CARTESIAN_POINT('',(-45.2,27.2,19.5));
#11311 = DIRECTION('',(-0.,-0.,-1.));
#11312 = DIRECTION('',(0.,-1.,0.));
#11313 = PCURVE('',#9008,#11314);
#11314 = DEFINITIONAL_REPRESENTATION('',(#11315),#11319);
#11315 = LINE('',#11316,#11317);
#11316 = CARTESIAN_POINT('',(7.853981633975,2.5));
#11317 = VECTOR('',#11318,1.);
#11318 = DIRECTION('',(-1.,0.));
#11319 = ( GEOMETRIC_REPRESENTATION_CONTEXT(2) 
PARAMETRIC_REPRESENTATION_CONTEXT() REPRESENTATION_CONTEXT('2D SPACE',''
  ) );
#11320 = PCURVE('',#9036,#11321);
#11321 = DEFINITIONAL_REPRESENTATION('',(#11322),#11330);
#11322 = ( BOUNDED_CURVE() B_SPLINE_CURVE(2,(#11323,#11324,#11325,#11326
    ,#11327,#11328,#11329),.UNSPECIFIED.,.T.,.F.) 
B_SPLINE_CURVE_WITH_KNOTS((1,2,2,2,2,1),(-2.094395102393,0.,
    2.094395102393,4.188790204786,6.28318530718,8.377580409573),
.UNSPECIFIED.) CURVE() GEOMETRIC_REPRESENTATION_ITEM() 
RATIONAL_B_SPLINE_CURVE((1.,0.5,1.,0.5,1.,0.5,1.)) REPRESENTATION_ITEM(
  '') );
#11323 = CARTESIAN_POINT('',(0.8,4.4));
#11324 = CARTESIAN_POINT('',(-0.585640646055,4.4));
#11325 = CARTESIAN_POINT('',(0.107179676972,5.6));
#11326 = CARTESIAN_POINT('',(0.8,6.8));
#11327 = CARTESIAN_POINT('',(1.492820323028,5.6));
#11328 = CARTESIAN_POINT('',(2.185640646055,4.4));
#11329 = CARTESIAN_POINT('',(0.8,4.4));
#11330 = ( GEOMETRIC_REPRESENTATION_CONTEXT(2) 
PARAMETRIC_REPRESENTATION_CONTEXT() REPRESENTATION_CONTEXT('2D SPACE',''
  ) );
#11331 = ORIENTED_EDGE('',*,*,#11332,.F.);
#11332 = EDGE_CURVE('',#10296,#11305,#11333,.T.);
#11333 = SURFACE_CURVE('',#11334,(#11338,#11345),.PCURVE_S1.);
#11334 = LINE('',#11335,#11336);
#11335 = CARTESIAN_POINT('',(-45.2,28.,17.));
#11336 = VECTOR('',#11337,1.);
#11337 = DIRECTION('',(0.,0.,1.));
#11338 = PCURVE('',#9008,#11339);
#11339 = DEFINITIONAL_REPRESENTATION('',(#11340),#11344);
#11340 = LINE('',#11341,#11342);
#11341 = CARTESIAN_POINT('',(4.712388980385,0.));
#11342 = VECTOR('',#11343,1.);
#11343 = DIRECTION('',(-0.,1.));
#11344 = ( GEOMETRIC_REPRESENTATION_CONTEXT(2) 
PARAMETRIC_REPRESENTATION_CONTEXT() REPRESENTATION_CONTEXT('2D SPACE',''
  ) );
#11345 = PCURVE('',#9064,#11346);
#11346 = DEFINITIONAL_REPRESENTATION('',(#11347),#11351);
#11347 = LINE('',#11348,#11349);
#11348 = CARTESIAN_POINT('',(-2.5,0.8));
#11349 = VECTOR('',#11350,1.);
#11350 = DIRECTION('',(1.,0.));
#11351 = ( GEOMETRIC_REPRESENTATION_CONTEXT(2) 
PARAMETRIC_REPRESENTATION_CONTEXT() REPRESENTATION_CONTEXT('2D SPACE',''
  ) );
#11352 = ORIENTED_EDGE('',*,*,#10318,.F.);
#11353 = ADVANCED_FACE('',(#11354),#9036,.F.);
#11354 = FACE_BOUND('',#11355,.F.);
#11355 = EDGE_LOOP('',(#11356,#11357,#11358));
#11356 = ORIENTED_EDGE('',*,*,#9020,.F.);
#11357 = ORIENTED_EDGE('',*,*,#11304,.T.);
#11358 = ORIENTED_EDGE('',*,*,#11359,.F.);
#11359 = EDGE_CURVE('',#9021,#11305,#11360,.T.);
#11360 = SURFACE_CURVE('',#11361,(#11365,#11372),.PCURVE_S1.);
#11361 = LINE('',#11362,#11363);
#11362 = CARTESIAN_POINT('',(-46.,28.,19.5));
#11363 = VECTOR('',#11364,1.);
#11364 = DIRECTION('',(1.,0.,-0.));
#11365 = PCURVE('',#9036,#11366);
#11366 = DEFINITIONAL_REPRESENTATION('',(#11367),#11371);
#11367 = LINE('',#11368,#11369);
#11368 = CARTESIAN_POINT('',(0.,6.));
#11369 = VECTOR('',#11370,1.);
#11370 = DIRECTION('',(1.,0.));
#11371 = ( GEOMETRIC_REPRESENTATION_CONTEXT(2) 
PARAMETRIC_REPRESENTATION_CONTEXT() REPRESENTATION_CONTEXT('2D SPACE',''
  ) );
#11372 = PCURVE('',#9064,#11373);
#11373 = DEFINITIONAL_REPRESENTATION('',(#11374),#11378);
#11374 = LINE('',#11375,#11376);
#11375 = CARTESIAN_POINT('',(0.,0.));
#11376 = VECTOR('',#11377,1.);
#11377 = DIRECTION('',(0.,1.));
#11378 = ( GEOMETRIC_REPRESENTATION_CONTEXT(2) 
PARAMETRIC_REPRESENTATION_CONTEXT() REPRESENTATION_CONTEXT('2D SPACE',''
  ) );
#11379 = ADVANCED_FACE('',(#11380),#9064,.T.);
#11380 = FACE_BOUND('',#11381,.T.);
#11381 = EDGE_LOOP('',(#11382,#11383,#11384,#11407,#11430,#11458,#11479,
    #11480));
#11382 = ORIENTED_EDGE('',*,*,#11359,.F.);
#11383 = ORIENTED_EDGE('',*,*,#9048,.T.);
#11384 = ORIENTED_EDGE('',*,*,#11385,.T.);
#11385 = EDGE_CURVE('',#9049,#11386,#11388,.T.);
#11386 = VERTEX_POINT('',#11387);
#11387 = CARTESIAN_POINT('',(46.,28.,24.1));
#11388 = SURFACE_CURVE('',#11389,(#11393,#11400),.PCURVE_S1.);
#11389 = LINE('',#11390,#11391);
#11390 = CARTESIAN_POINT('',(-46.,28.,24.1));
#11391 = VECTOR('',#11392,1.);
#11392 = DIRECTION('',(1.,0.,-0.));
#11393 = PCURVE('',#9064,#11394);
#11394 = DEFINITIONAL_REPRESENTATION('',(#11395),#11399);
#11395 = LINE('',#11396,#11397);
#11396 = CARTESIAN_POINT('',(4.6,0.));
#11397 = VECTOR('',#11398,1.);
#11398 = DIRECTION('',(0.,1.));
#11399 = ( GEOMETRIC_REPRESENTATION_CONTEXT(2) 
PARAMETRIC_REPRESENTATION_CONTEXT() REPRESENTATION_CONTEXT('2D SPACE',''
  ) );
#11400 = PCURVE('',#9092,#11401);
#11401 = DEFINITIONAL_REPRESENTATION('',(#11402),#11406);
#11402 = LINE('',#11403,#11404);
#11403 = CARTESIAN_POINT('',(0.,6.));
#11404 = VECTOR('',#11405,1.);
#11405 = DIRECTION('',(1.,0.));
#11406 = ( GEOMETRIC_REPRESENTATION_CONTEXT(2) 
PARAMETRIC_REPRESENTATION_CONTEXT() REPRESENTATION_CONTEXT('2D SPACE',''
  ) );
#11407 = ORIENTED_EDGE('',*,*,#11408,.F.);
#11408 = EDGE_CURVE('',#11409,#11386,#11411,.T.);
#11409 = VERTEX_POINT('',#11410);
#11410 = CARTESIAN_POINT('',(46.,28.,19.5));
#11411 = SURFACE_CURVE('',#11412,(#11416,#11423),.PCURVE_S1.);
#11412 = LINE('',#11413,#11414);
#11413 = CARTESIAN_POINT('',(46.,28.,19.5));
#11414 = VECTOR('',#11415,1.);
#11415 = DIRECTION('',(0.,0.,1.));
#11416 = PCURVE('',#9064,#11417);
#11417 = DEFINITIONAL_REPRESENTATION('',(#11418),#11422);
#11418 = LINE('',#11419,#11420);
#11419 = CARTESIAN_POINT('',(0.,92.));
#11420 = VECTOR('',#11421,1.);
#11421 = DIRECTION('',(1.,0.));
#11422 = ( GEOMETRIC_REPRESENTATION_CONTEXT(2) 
PARAMETRIC_REPRESENTATION_CONTEXT() REPRESENTATION_CONTEXT('2D SPACE',''
  ) );
#11423 = PCURVE('',#9285,#11424);
#11424 = DEFINITIONAL_REPRESENTATION('',(#11425),#11429);
#11425 = LINE('',#11426,#11427);
#11426 = CARTESIAN_POINT('',(2.5,-56.));
#11427 = VECTOR('',#11428,1.);
#11428 = DIRECTION('',(1.,0.));
#11429 = ( GEOMETRIC_REPRESENTATION_CONTEXT(2) 
PARAMETRIC_REPRESENTATION_CONTEXT() REPRESENTATION_CONTEXT('2D SPACE',''
  ) );
#11430 = ORIENTED_EDGE('',*,*,#11431,.F.);
#11431 = EDGE_CURVE('',#11432,#11409,#11434,.T.);
#11432 = VERTEX_POINT('',#11433);
#11433 = CARTESIAN_POINT('',(45.2,28.,19.5));
#11434 = SURFACE_CURVE('',#11435,(#11439,#11446),.PCURVE_S1.);
#11435 = LINE('',#11436,#11437);
#11436 = CARTESIAN_POINT('',(-46.,28.,19.5));
#11437 = VECTOR('',#11438,1.);
#11438 = DIRECTION('',(1.,0.,-0.));
#11439 = PCURVE('',#9064,#11440);
#11440 = DEFINITIONAL_REPRESENTATION('',(#11441),#11445);
#11441 = LINE('',#11442,#11443);
#11442 = CARTESIAN_POINT('',(0.,0.));
#11443 = VECTOR('',#11444,1.);
#11444 = DIRECTION('',(0.,1.));
#11445 = ( GEOMETRIC_REPRESENTATION_CONTEXT(2) 
PARAMETRIC_REPRESENTATION_CONTEXT() REPRESENTATION_CONTEXT('2D SPACE',''
  ) );
#11446 = PCURVE('',#11447,#11452);
#11447 = PLANE('',#11448);
#11448 = AXIS2_PLACEMENT_3D('',#11449,#11450,#11451);
#11449 = CARTESIAN_POINT('',(-46.,22.,19.5));
#11450 = DIRECTION('',(0.,0.,1.));
#11451 = DIRECTION('',(1.,0.,-0.));
#11452 = DEFINITIONAL_REPRESENTATION('',(#11453),#11457);
#11453 = LINE('',#11454,#11455);
#11454 = CARTESIAN_POINT('',(0.,6.));
#11455 = VECTOR('',#11456,1.);
#11456 = DIRECTION('',(1.,0.));
#11457 = ( GEOMETRIC_REPRESENTATION_CONTEXT(2) 
PARAMETRIC_REPRESENTATION_CONTEXT() REPRESENTATION_CONTEXT('2D SPACE',''
  ) );
#11458 = ORIENTED_EDGE('',*,*,#11459,.F.);
#11459 = EDGE_CURVE('',#10267,#11432,#11460,.T.);
#11460 = SURFACE_CURVE('',#11461,(#11465,#11472),.PCURVE_S1.);
#11461 = LINE('',#11462,#11463);
#11462 = CARTESIAN_POINT('',(45.2,28.,17.));
#11463 = VECTOR('',#11464,1.);
#11464 = DIRECTION('',(0.,0.,1.));
#11465 = PCURVE('',#9064,#11466);
#11466 = DEFINITIONAL_REPRESENTATION('',(#11467),#11471);
#11467 = LINE('',#11468,#11469);
#11468 = CARTESIAN_POINT('',(-2.5,91.2));
#11469 = VECTOR('',#11470,1.);
#11470 = DIRECTION('',(1.,0.));
#11471 = ( GEOMETRIC_REPRESENTATION_CONTEXT(2) 
PARAMETRIC_REPRESENTATION_CONTEXT() REPRESENTATION_CONTEXT('2D SPACE',''
  ) );
#11472 = PCURVE('',#10283,#11473);
#11473 = DEFINITIONAL_REPRESENTATION('',(#11474),#11478);
#11474 = LINE('',#11475,#11476);
#11475 = CARTESIAN_POINT('',(1.570796326795,0.));
#11476 = VECTOR('',#11477,1.);
#11477 = DIRECTION('',(0.,1.));
#11478 = ( GEOMETRIC_REPRESENTATION_CONTEXT(2) 
PARAMETRIC_REPRESENTATION_CONTEXT() REPRESENTATION_CONTEXT('2D SPACE',''
  ) );
#11479 = ORIENTED_EDGE('',*,*,#10295,.F.);
#11480 = ORIENTED_EDGE('',*,*,#11332,.T.);
#11481 = ADVANCED_FACE('',(#11482,#11622,#11653),#9092,.T.);
#11482 = FACE_BOUND('',#11483,.T.);
#11483 = EDGE_LOOP('',(#11484,#11485,#11508,#11531,#11554,#11577,#11600,
    #11621));
#11484 = ORIENTED_EDGE('',*,*,#9076,.F.);
#11485 = ORIENTED_EDGE('',*,*,#11486,.F.);
#11486 = EDGE_CURVE('',#11487,#9077,#11489,.T.);
#11487 = VERTEX_POINT('',#11488);
#11488 = CARTESIAN_POINT('',(-44.,18.5,24.1));
#11489 = SURFACE_CURVE('',#11490,(#11494,#11501),.PCURVE_S1.);
#11490 = LINE('',#11491,#11492);
#11491 = CARTESIAN_POINT('',(-44.,18.5,24.1));
#11492 = VECTOR('',#11493,1.);
#11493 = DIRECTION('',(-1.,-0.,-0.));
#11494 = PCURVE('',#9092,#11495);
#11495 = DEFINITIONAL_REPRESENTATION('',(#11496),#11500);
#11496 = LINE('',#11497,#11498);
#11497 = CARTESIAN_POINT('',(2.,-3.5));
#11498 = VECTOR('',#11499,1.);
#11499 = DIRECTION('',(-1.,0.));
#11500 = ( GEOMETRIC_REPRESENTATION_CONTEXT(2) 
PARAMETRIC_REPRESENTATION_CONTEXT() REPRESENTATION_CONTEXT('2D SPACE',''
  ) );
#11501 = PCURVE('',#9118,#11502);
#11502 = DEFINITIONAL_REPRESENTATION('',(#11503),#11507);
#11503 = LINE('',#11504,#11505);
#11504 = CARTESIAN_POINT('',(-4.6,-0.));
#11505 = VECTOR('',#11506,1.);
#11506 = DIRECTION('',(-0.,1.));
#11507 = ( GEOMETRIC_REPRESENTATION_CONTEXT(2) 
PARAMETRIC_REPRESENTATION_CONTEXT() REPRESENTATION_CONTEXT('2D SPACE',''
  ) );
#11508 = ORIENTED_EDGE('',*,*,#11509,.T.);
#11509 = EDGE_CURVE('',#11487,#11510,#11512,.T.);
#11510 = VERTEX_POINT('',#11511);
#11511 = CARTESIAN_POINT('',(-44.,22.,24.1));
#11512 = SURFACE_CURVE('',#11513,(#11517,#11524),.PCURVE_S1.);
#11513 = LINE('',#11514,#11515);
#11514 = CARTESIAN_POINT('',(-44.,18.5,24.1));
#11515 = VECTOR('',#11516,1.);
#11516 = DIRECTION('',(-0.,1.,-0.));
#11517 = PCURVE('',#9092,#11518);
#11518 = DEFINITIONAL_REPRESENTATION('',(#11519),#11523);
#11519 = LINE('',#11520,#11521);
#11520 = CARTESIAN_POINT('',(2.,-3.5));
#11521 = VECTOR('',#11522,1.);
#11522 = DIRECTION('',(0.,1.));
#11523 = ( GEOMETRIC_REPRESENTATION_CONTEXT(2) 
PARAMETRIC_REPRESENTATION_CONTEXT() REPRESENTATION_CONTEXT('2D SPACE',''
  ) );
#11524 = PCURVE('',#9397,#11525);
#11525 = DEFINITIONAL_REPRESENTATION('',(#11526),#11530);
#11526 = LINE('',#11527,#11528);
#11527 = CARTESIAN_POINT('',(-4.6,0.));
#11528 = VECTOR('',#11529,1.);
#11529 = DIRECTION('',(0.,-1.));
#11530 = ( GEOMETRIC_REPRESENTATION_CONTEXT(2) 
PARAMETRIC_REPRESENTATION_CONTEXT() REPRESENTATION_CONTEXT('2D SPACE',''
  ) );
#11531 = ORIENTED_EDGE('',*,*,#11532,.T.);
#11532 = EDGE_CURVE('',#11510,#11533,#11535,.T.);
#11533 = VERTEX_POINT('',#11534);
#11534 = CARTESIAN_POINT('',(44.,22.,24.1));
#11535 = SURFACE_CURVE('',#11536,(#11540,#11547),.PCURVE_S1.);
#11536 = LINE('',#11537,#11538);
#11537 = CARTESIAN_POINT('',(-46.,22.,24.1));
#11538 = VECTOR('',#11539,1.);
#11539 = DIRECTION('',(1.,0.,-0.));
#11540 = PCURVE('',#9092,#11541);
#11541 = DEFINITIONAL_REPRESENTATION('',(#11542),#11546);
#11542 = LINE('',#11543,#11544);
#11543 = CARTESIAN_POINT('',(0.,0.));
#11544 = VECTOR('',#11545,1.);
#11545 = DIRECTION('',(1.,0.));
#11546 = ( GEOMETRIC_REPRESENTATION_CONTEXT(2) 
PARAMETRIC_REPRESENTATION_CONTEXT() REPRESENTATION_CONTEXT('2D SPACE',''
  ) );
#11547 = PCURVE('',#9369,#11548);
#11548 = DEFINITIONAL_REPRESENTATION('',(#11549),#11553);
#11549 = LINE('',#11550,#11551);
#11550 = CARTESIAN_POINT('',(4.6,0.));
#11551 = VECTOR('',#11552,1.);
#11552 = DIRECTION('',(0.,1.));
#11553 = ( GEOMETRIC_REPRESENTATION_CONTEXT(2) 
PARAMETRIC_REPRESENTATION_CONTEXT() REPRESENTATION_CONTEXT('2D SPACE',''
  ) );
#11554 = ORIENTED_EDGE('',*,*,#11555,.F.);
#11555 = EDGE_CURVE('',#11556,#11533,#11558,.T.);
#11556 = VERTEX_POINT('',#11557);
#11557 = CARTESIAN_POINT('',(44.,18.5,24.1));
#11558 = SURFACE_CURVE('',#11559,(#11563,#11570),.PCURVE_S1.);
#11559 = LINE('',#11560,#11561);
#11560 = CARTESIAN_POINT('',(44.,18.5,24.1));
#11561 = VECTOR('',#11562,1.);
#11562 = DIRECTION('',(-0.,1.,0.));
#11563 = PCURVE('',#9092,#11564);
#11564 = DEFINITIONAL_REPRESENTATION('',(#11565),#11569);
#11565 = LINE('',#11566,#11567);
#11566 = CARTESIAN_POINT('',(90.,-3.5));
#11567 = VECTOR('',#11568,1.);
#11568 = DIRECTION('',(0.,1.));
#11569 = ( GEOMETRIC_REPRESENTATION_CONTEXT(2) 
PARAMETRIC_REPRESENTATION_CONTEXT() REPRESENTATION_CONTEXT('2D SPACE',''
  ) );
#11570 = PCURVE('',#9341,#11571);
#11571 = DEFINITIONAL_REPRESENTATION('',(#11572),#11576);
#11572 = LINE('',#11573,#11574);
#11573 = CARTESIAN_POINT('',(4.6,0.));
#11574 = VECTOR('',#11575,1.);
#11575 = DIRECTION('',(0.,-1.));
#11576 = ( GEOMETRIC_REPRESENTATION_CONTEXT(2) 
PARAMETRIC_REPRESENTATION_CONTEXT() REPRESENTATION_CONTEXT('2D SPACE',''
  ) );
#11577 = ORIENTED_EDGE('',*,*,#11578,.T.);
#11578 = EDGE_CURVE('',#11556,#11579,#11581,.T.);
#11579 = VERTEX_POINT('',#11580);
#11580 = CARTESIAN_POINT('',(46.,18.5,24.1));
#11581 = SURFACE_CURVE('',#11582,(#11586,#11593),.PCURVE_S1.);
#11582 = LINE('',#11583,#11584);
#11583 = CARTESIAN_POINT('',(44.,18.5,24.1));
#11584 = VECTOR('',#11585,1.);
#11585 = DIRECTION('',(1.,0.,-0.));
#11586 = PCURVE('',#9092,#11587);
#11587 = DEFINITIONAL_REPRESENTATION('',(#11588),#11592);
#11588 = LINE('',#11589,#11590);
#11589 = CARTESIAN_POINT('',(90.,-3.5));
#11590 = VECTOR('',#11591,1.);
#11591 = DIRECTION('',(1.,0.));
#11592 = ( GEOMETRIC_REPRESENTATION_CONTEXT(2) 
PARAMETRIC_REPRESENTATION_CONTEXT() REPRESENTATION_CONTEXT('2D SPACE',''
  ) );
#11593 = PCURVE('',#9313,#11594);
#11594 = DEFINITIONAL_REPRESENTATION('',(#11595),#11599);
#11595 = LINE('',#11596,#11597);
#11596 = CARTESIAN_POINT('',(4.6,0.));
#11597 = VECTOR('',#11598,1.);
#11598 = DIRECTION('',(0.,1.));
#11599 = ( GEOMETRIC_REPRESENTATION_CONTEXT(2) 
PARAMETRIC_REPRESENTATION_CONTEXT() REPRESENTATION_CONTEXT('2D SPACE',''
  ) );
#11600 = ORIENTED_EDGE('',*,*,#11601,.T.);
#11601 = EDGE_CURVE('',#11579,#11386,#11602,.T.);
#11602 = SURFACE_CURVE('',#11603,(#11607,#11614),.PCURVE_S1.);
#11603 = LINE('',#11604,#11605);
#11604 = CARTESIAN_POINT('',(46.,18.5,24.1));
#11605 = VECTOR('',#11606,1.);
#11606 = DIRECTION('',(0.,1.,0.));
#11607 = PCURVE('',#9092,#11608);
#11608 = DEFINITIONAL_REPRESENTATION('',(#11609),#11613);
#11609 = LINE('',#11610,#11611);
#11610 = CARTESIAN_POINT('',(92.,-3.5));
#11611 = VECTOR('',#11612,1.);
#11612 = DIRECTION('',(0.,1.));
#11613 = ( GEOMETRIC_REPRESENTATION_CONTEXT(2) 
PARAMETRIC_REPRESENTATION_CONTEXT() REPRESENTATION_CONTEXT('2D SPACE',''
  ) );
#11614 = PCURVE('',#9285,#11615);
#11615 = DEFINITIONAL_REPRESENTATION('',(#11616),#11620);
#11616 = LINE('',#11617,#11618);
#11617 = CARTESIAN_POINT('',(7.1,-46.5));
#11618 = VECTOR('',#11619,1.);
#11619 = DIRECTION('',(0.,-1.));
#11620 = ( GEOMETRIC_REPRESENTATION_CONTEXT(2) 
PARAMETRIC_REPRESENTATION_CONTEXT() REPRESENTATION_CONTEXT('2D SPACE',''
  ) );
#11621 = ORIENTED_EDGE('',*,*,#11385,.F.);
#11622 = FACE_BOUND('',#11623,.T.);
#11623 = EDGE_LOOP('',(#11624));
#11624 = ORIENTED_EDGE('',*,*,#11625,.F.);
#11625 = EDGE_CURVE('',#11626,#11626,#11628,.T.);
#11626 = VERTEX_POINT('',#11627);
#11627 = CARTESIAN_POINT('',(-36.35,24.5,24.1));
#11628 = SURFACE_CURVE('',#11629,(#11634,#11641),.PCURVE_S1.);
#11629 = CIRCLE('',#11630,1.15);
#11630 = AXIS2_PLACEMENT_3D('',#11631,#11632,#11633);
#11631 = CARTESIAN_POINT('',(-37.5,24.5,24.1));
#11632 = DIRECTION('',(0.,0.,1.));
#11633 = DIRECTION('',(1.,0.,-0.));
#11634 = PCURVE('',#9092,#11635);
#11635 = DEFINITIONAL_REPRESENTATION('',(#11636),#11640);
#11636 = CIRCLE('',#11637,1.15);
#11637 = AXIS2_PLACEMENT_2D('',#11638,#11639);
#11638 = CARTESIAN_POINT('',(8.5,2.5));
#11639 = DIRECTION('',(1.,0.));
#11640 = ( GEOMETRIC_REPRESENTATION_CONTEXT(2) 
PARAMETRIC_REPRESENTATION_CONTEXT() REPRESENTATION_CONTEXT('2D SPACE',''
  ) );
#11641 = PCURVE('',#11642,#11647);
#11642 = CYLINDRICAL_SURFACE('',#11643,1.15);
#11643 = AXIS2_PLACEMENT_3D('',#11644,#11645,#11646);
#11644 = CARTESIAN_POINT('',(-37.5,24.5,16.8));
#11645 = DIRECTION('',(0.,0.,1.));
#11646 = DIRECTION('',(1.,0.,-0.));
#11647 = DEFINITIONAL_REPRESENTATION('',(#11648),#11652);
#11648 = LINE('',#11649,#11650);
#11649 = CARTESIAN_POINT('',(0.,7.3));
#11650 = VECTOR('',#11651,1.);
#11651 = DIRECTION('',(1.,0.));
#11652 = ( GEOMETRIC_REPRESENTATION_CONTEXT(2) 
PARAMETRIC_REPRESENTATION_CONTEXT() REPRESENTATION_CONTEXT('2D SPACE',''
  ) );
#11653 = FACE_BOUND('',#11654,.T.);
#11654 = EDGE_LOOP('',(#11655));
#11655 = ORIENTED_EDGE('',*,*,#11656,.F.);
#11656 = EDGE_CURVE('',#11657,#11657,#11659,.T.);
#11657 = VERTEX_POINT('',#11658);
#11658 = CARTESIAN_POINT('',(38.65,24.5,24.1));
#11659 = SURFACE_CURVE('',#11660,(#11665,#11672),.PCURVE_S1.);
#11660 = CIRCLE('',#11661,1.15);
#11661 = AXIS2_PLACEMENT_3D('',#11662,#11663,#11664);
#11662 = CARTESIAN_POINT('',(37.5,24.5,24.1));
#11663 = DIRECTION('',(0.,0.,1.));
#11664 = DIRECTION('',(1.,0.,-0.));
#11665 = PCURVE('',#9092,#11666);
#11666 = DEFINITIONAL_REPRESENTATION('',(#11667),#11671);
#11667 = CIRCLE('',#11668,1.15);
#11668 = AXIS2_PLACEMENT_2D('',#11669,#11670);
#11669 = CARTESIAN_POINT('',(83.5,2.5));
#11670 = DIRECTION('',(1.,0.));
#11671 = ( GEOMETRIC_REPRESENTATION_CONTEXT(2) 
PARAMETRIC_REPRESENTATION_CONTEXT() REPRESENTATION_CONTEXT('2D SPACE',''
  ) );
#11672 = PCURVE('',#11673,#11678);
#11673 = CYLINDRICAL_SURFACE('',#11674,1.15);
#11674 = AXIS2_PLACEMENT_3D('',#11675,#11676,#11677);
#11675 = CARTESIAN_POINT('',(37.5,24.5,16.8));
#11676 = DIRECTION('',(0.,0.,1.));
#11677 = DIRECTION('',(1.,0.,-0.));
#11678 = DEFINITIONAL_REPRESENTATION('',(#11679),#11683);
#11679 = LINE('',#11680,#11681);
#11680 = CARTESIAN_POINT('',(0.,7.3));
#11681 = VECTOR('',#11682,1.);
#11682 = DIRECTION('',(1.,0.));
#11683 = ( GEOMETRIC_REPRESENTATION_CONTEXT(2) 
PARAMETRIC_REPRESENTATION_CONTEXT() REPRESENTATION_CONTEXT('2D SPACE',''
  ) );
#11684 = ADVANCED_FACE('',(#11685),#9118,.F.);
#11685 = FACE_BOUND('',#11686,.T.);
#11686 = EDGE_LOOP('',(#11687,#11688,#11709,#11710));
#11687 = ORIENTED_EDGE('',*,*,#9409,.F.);
#11688 = ORIENTED_EDGE('',*,*,#11689,.T.);
#11689 = EDGE_CURVE('',#9382,#11487,#11690,.T.);
#11690 = SURFACE_CURVE('',#11691,(#11695,#11702),.PCURVE_S1.);
#11691 = LINE('',#11692,#11693);
#11692 = CARTESIAN_POINT('',(-44.,18.5,19.5));
#11693 = VECTOR('',#11694,1.);
#11694 = DIRECTION('',(-0.,-0.,1.));
#11695 = PCURVE('',#9118,#11696);
#11696 = DEFINITIONAL_REPRESENTATION('',(#11697),#11701);
#11697 = LINE('',#11698,#11699);
#11698 = CARTESIAN_POINT('',(0.,-0.));
#11699 = VECTOR('',#11700,1.);
#11700 = DIRECTION('',(-1.,0.));
#11701 = ( GEOMETRIC_REPRESENTATION_CONTEXT(2) 
PARAMETRIC_REPRESENTATION_CONTEXT() REPRESENTATION_CONTEXT('2D SPACE',''
  ) );
#11702 = PCURVE('',#9397,#11703);
#11703 = DEFINITIONAL_REPRESENTATION('',(#11704),#11708);
#11704 = LINE('',#11705,#11706);
#11705 = CARTESIAN_POINT('',(0.,0.));
#11706 = VECTOR('',#11707,1.);
#11707 = DIRECTION('',(-1.,0.));
#11708 = ( GEOMETRIC_REPRESENTATION_CONTEXT(2) 
PARAMETRIC_REPRESENTATION_CONTEXT() REPRESENTATION_CONTEXT('2D SPACE',''
  ) );
#11709 = ORIENTED_EDGE('',*,*,#11486,.T.);
#11710 = ORIENTED_EDGE('',*,*,#9104,.F.);
#11711 = ADVANCED_FACE('',(#11712),#9397,.F.);
#11712 = FACE_BOUND('',#11713,.T.);
#11713 = EDGE_LOOP('',(#11714,#11715,#11716,#11737));
#11714 = ORIENTED_EDGE('',*,*,#11689,.F.);
#11715 = ORIENTED_EDGE('',*,*,#9381,.T.);
#11716 = ORIENTED_EDGE('',*,*,#11717,.T.);
#11717 = EDGE_CURVE('',#9354,#11510,#11718,.T.);
#11718 = SURFACE_CURVE('',#11719,(#11723,#11730),.PCURVE_S1.);
#11719 = LINE('',#11720,#11721);
#11720 = CARTESIAN_POINT('',(-44.,22.,19.5));
#11721 = VECTOR('',#11722,1.);
#11722 = DIRECTION('',(-0.,-0.,1.));
#11723 = PCURVE('',#9397,#11724);
#11724 = DEFINITIONAL_REPRESENTATION('',(#11725),#11729);
#11725 = LINE('',#11726,#11727);
#11726 = CARTESIAN_POINT('',(0.,-3.5));
#11727 = VECTOR('',#11728,1.);
#11728 = DIRECTION('',(-1.,0.));
#11729 = ( GEOMETRIC_REPRESENTATION_CONTEXT(2) 
PARAMETRIC_REPRESENTATION_CONTEXT() REPRESENTATION_CONTEXT('2D SPACE',''
  ) );
#11730 = PCURVE('',#9369,#11731);
#11731 = DEFINITIONAL_REPRESENTATION('',(#11732),#11736);
#11732 = LINE('',#11733,#11734);
#11733 = CARTESIAN_POINT('',(0.,2.));
#11734 = VECTOR('',#11735,1.);
#11735 = DIRECTION('',(1.,0.));
#11736 = ( GEOMETRIC_REPRESENTATION_CONTEXT(2) 
PARAMETRIC_REPRESENTATION_CONTEXT() REPRESENTATION_CONTEXT('2D SPACE',''
  ) );
#11737 = ORIENTED_EDGE('',*,*,#11509,.F.);
#11738 = ADVANCED_FACE('',(#11739),#9369,.F.);
#11739 = FACE_BOUND('',#11740,.F.);
#11740 = EDGE_LOOP('',(#11741,#11742,#11743,#11744));
#11741 = ORIENTED_EDGE('',*,*,#9353,.F.);
#11742 = ORIENTED_EDGE('',*,*,#11717,.T.);
#11743 = ORIENTED_EDGE('',*,*,#11532,.T.);
#11744 = ORIENTED_EDGE('',*,*,#11745,.F.);
#11745 = EDGE_CURVE('',#9326,#11533,#11746,.T.);
#11746 = SURFACE_CURVE('',#11747,(#11751,#11758),.PCURVE_S1.);
#11747 = LINE('',#11748,#11749);
#11748 = CARTESIAN_POINT('',(44.,22.,19.5));
#11749 = VECTOR('',#11750,1.);
#11750 = DIRECTION('',(0.,0.,1.));
#11751 = PCURVE('',#9369,#11752);
#11752 = DEFINITIONAL_REPRESENTATION('',(#11753),#11757);
#11753 = LINE('',#11754,#11755);
#11754 = CARTESIAN_POINT('',(0.,90.));
#11755 = VECTOR('',#11756,1.);
#11756 = DIRECTION('',(1.,0.));
#11757 = ( GEOMETRIC_REPRESENTATION_CONTEXT(2) 
PARAMETRIC_REPRESENTATION_CONTEXT() REPRESENTATION_CONTEXT('2D SPACE',''
  ) );
#11758 = PCURVE('',#9341,#11759);
#11759 = DEFINITIONAL_REPRESENTATION('',(#11760),#11764);
#11760 = LINE('',#11761,#11762);
#11761 = CARTESIAN_POINT('',(0.,-3.5));
#11762 = VECTOR('',#11763,1.);
#11763 = DIRECTION('',(1.,0.));
#11764 = ( GEOMETRIC_REPRESENTATION_CONTEXT(2) 
PARAMETRIC_REPRESENTATION_CONTEXT() REPRESENTATION_CONTEXT('2D SPACE',''
  ) );
#11765 = ADVANCED_FACE('',(#11766),#9341,.F.);
#11766 = FACE_BOUND('',#11767,.F.);
#11767 = EDGE_LOOP('',(#11768,#11789,#11790,#11791));
#11768 = ORIENTED_EDGE('',*,*,#11769,.F.);
#11769 = EDGE_CURVE('',#9298,#11556,#11770,.T.);
#11770 = SURFACE_CURVE('',#11771,(#11775,#11782),.PCURVE_S1.);
#11771 = LINE('',#11772,#11773);
#11772 = CARTESIAN_POINT('',(44.,18.5,19.5));
#11773 = VECTOR('',#11774,1.);
#11774 = DIRECTION('',(0.,0.,1.));
#11775 = PCURVE('',#9341,#11776);
#11776 = DEFINITIONAL_REPRESENTATION('',(#11777),#11781);
#11777 = LINE('',#11778,#11779);
#11778 = CARTESIAN_POINT('',(0.,0.));
#11779 = VECTOR('',#11780,1.);
#11780 = DIRECTION('',(1.,0.));
#11781 = ( GEOMETRIC_REPRESENTATION_CONTEXT(2) 
PARAMETRIC_REPRESENTATION_CONTEXT() REPRESENTATION_CONTEXT('2D SPACE',''
  ) );
#11782 = PCURVE('',#9313,#11783);
#11783 = DEFINITIONAL_REPRESENTATION('',(#11784),#11788);
#11784 = LINE('',#11785,#11786);
#11785 = CARTESIAN_POINT('',(0.,0.));
#11786 = VECTOR('',#11787,1.);
#11787 = DIRECTION('',(1.,0.));
#11788 = ( GEOMETRIC_REPRESENTATION_CONTEXT(2) 
PARAMETRIC_REPRESENTATION_CONTEXT() REPRESENTATION_CONTEXT('2D SPACE',''
  ) );
#11789 = ORIENTED_EDGE('',*,*,#9325,.T.);
#11790 = ORIENTED_EDGE('',*,*,#11745,.T.);
#11791 = ORIENTED_EDGE('',*,*,#11555,.F.);
#11792 = ADVANCED_FACE('',(#11793),#9313,.F.);
#11793 = FACE_BOUND('',#11794,.F.);
#11794 = EDGE_LOOP('',(#11795,#11796,#11797,#11798));
#11795 = ORIENTED_EDGE('',*,*,#9297,.F.);
#11796 = ORIENTED_EDGE('',*,*,#11769,.T.);
#11797 = ORIENTED_EDGE('',*,*,#11578,.T.);
#11798 = ORIENTED_EDGE('',*,*,#11799,.F.);
#11799 = EDGE_CURVE('',#9270,#11579,#11800,.T.);
#11800 = SURFACE_CURVE('',#11801,(#11805,#11812),.PCURVE_S1.);
#11801 = LINE('',#11802,#11803);
#11802 = CARTESIAN_POINT('',(46.,18.5,19.5));
#11803 = VECTOR('',#11804,1.);
#11804 = DIRECTION('',(0.,0.,1.));
#11805 = PCURVE('',#9313,#11806);
#11806 = DEFINITIONAL_REPRESENTATION('',(#11807),#11811);
#11807 = LINE('',#11808,#11809);
#11808 = CARTESIAN_POINT('',(0.,2.));
#11809 = VECTOR('',#11810,1.);
#11810 = DIRECTION('',(1.,0.));
#11811 = ( GEOMETRIC_REPRESENTATION_CONTEXT(2) 
PARAMETRIC_REPRESENTATION_CONTEXT() REPRESENTATION_CONTEXT('2D SPACE',''
  ) );
#11812 = PCURVE('',#9285,#11813);
#11813 = DEFINITIONAL_REPRESENTATION('',(#11814),#11818);
#11814 = LINE('',#11815,#11816);
#11815 = CARTESIAN_POINT('',(2.5,-46.5));
#11816 = VECTOR('',#11817,1.);
#11817 = DIRECTION('',(1.,0.));
#11818 = ( GEOMETRIC_REPRESENTATION_CONTEXT(2) 
PARAMETRIC_REPRESENTATION_CONTEXT() REPRESENTATION_CONTEXT('2D SPACE',''
  ) );
#11819 = ADVANCED_FACE('',(#11820),#9285,.T.);
#11820 = FACE_BOUND('',#11821,.T.);
#11821 = EDGE_LOOP('',(#11822,#11823,#11844,#11845,#11846,#11869,#11890,
    #11891,#11914,#11935,#11936,#11937));
#11822 = ORIENTED_EDGE('',*,*,#9269,.F.);
#11823 = ORIENTED_EDGE('',*,*,#11824,.T.);
#11824 = EDGE_CURVE('',#9242,#9828,#11825,.T.);
#11825 = SURFACE_CURVE('',#11826,(#11830,#11837),.PCURVE_S1.);
#11826 = LINE('',#11827,#11828);
#11827 = CARTESIAN_POINT('',(46.,-18.5,19.5));
#11828 = VECTOR('',#11829,1.);
#11829 = DIRECTION('',(-0.,-0.,1.));
#11830 = PCURVE('',#9285,#11831);
#11831 = DEFINITIONAL_REPRESENTATION('',(#11832),#11836);
#11832 = LINE('',#11833,#11834);
#11833 = CARTESIAN_POINT('',(2.5,-9.5));
#11834 = VECTOR('',#11835,1.);
#11835 = DIRECTION('',(1.,0.));
#11836 = ( GEOMETRIC_REPRESENTATION_CONTEXT(2) 
PARAMETRIC_REPRESENTATION_CONTEXT() REPRESENTATION_CONTEXT('2D SPACE',''
  ) );
#11837 = PCURVE('',#9257,#11838);
#11838 = DEFINITIONAL_REPRESENTATION('',(#11839),#11843);
#11839 = LINE('',#11840,#11841);
#11840 = CARTESIAN_POINT('',(0.,2.));
#11841 = VECTOR('',#11842,1.);
#11842 = DIRECTION('',(-1.,0.));
#11843 = ( GEOMETRIC_REPRESENTATION_CONTEXT(2) 
PARAMETRIC_REPRESENTATION_CONTEXT() REPRESENTATION_CONTEXT('2D SPACE',''
  ) );
#11844 = ORIENTED_EDGE('',*,*,#9827,.F.);
#11845 = ORIENTED_EDGE('',*,*,#10031,.F.);
#11846 = ORIENTED_EDGE('',*,*,#11847,.T.);
#11847 = EDGE_CURVE('',#10032,#11848,#11850,.T.);
#11848 = VERTEX_POINT('',#11849);
#11849 = CARTESIAN_POINT('',(46.,-27.2,19.5));
#11850 = SURFACE_CURVE('',#11851,(#11855,#11862),.PCURVE_S1.);
#11851 = LINE('',#11852,#11853);
#11852 = CARTESIAN_POINT('',(46.,-28.,19.5));
#11853 = VECTOR('',#11854,1.);
#11854 = DIRECTION('',(-0.,1.,0.));
#11855 = PCURVE('',#9285,#11856);
#11856 = DEFINITIONAL_REPRESENTATION('',(#11857),#11861);
#11857 = LINE('',#11858,#11859);
#11858 = CARTESIAN_POINT('',(2.5,0.));
#11859 = VECTOR('',#11860,1.);
#11860 = DIRECTION('',(0.,-1.));
#11861 = ( GEOMETRIC_REPRESENTATION_CONTEXT(2) 
PARAMETRIC_REPRESENTATION_CONTEXT() REPRESENTATION_CONTEXT('2D SPACE',''
  ) );
#11862 = PCURVE('',#10070,#11863);
#11863 = DEFINITIONAL_REPRESENTATION('',(#11864),#11868);
#11864 = LINE('',#11865,#11866);
#11865 = CARTESIAN_POINT('',(92.,0.));
#11866 = VECTOR('',#11867,1.);
#11867 = DIRECTION('',(0.,1.));
#11868 = ( GEOMETRIC_REPRESENTATION_CONTEXT(2) 
PARAMETRIC_REPRESENTATION_CONTEXT() REPRESENTATION_CONTEXT('2D SPACE',''
  ) );
#11869 = ORIENTED_EDGE('',*,*,#11870,.F.);
#11870 = EDGE_CURVE('',#10216,#11848,#11871,.T.);
#11871 = SURFACE_CURVE('',#11872,(#11876,#11883),.PCURVE_S1.);
#11872 = LINE('',#11873,#11874);
#11873 = CARTESIAN_POINT('',(46.,-27.2,17.));
#11874 = VECTOR('',#11875,1.);
#11875 = DIRECTION('',(0.,0.,1.));
#11876 = PCURVE('',#9285,#11877);
#11877 = DEFINITIONAL_REPRESENTATION('',(#11878),#11882);
#11878 = LINE('',#11879,#11880);
#11879 = CARTESIAN_POINT('',(0.,-0.8));
#11880 = VECTOR('',#11881,1.);
#11881 = DIRECTION('',(1.,0.));
#11882 = ( GEOMETRIC_REPRESENTATION_CONTEXT(2) 
PARAMETRIC_REPRESENTATION_CONTEXT() REPRESENTATION_CONTEXT('2D SPACE',''
  ) );
#11883 = PCURVE('',#10098,#11884);
#11884 = DEFINITIONAL_REPRESENTATION('',(#11885),#11889);
#11885 = LINE('',#11886,#11887);
#11886 = CARTESIAN_POINT('',(6.28318530718,0.));
#11887 = VECTOR('',#11888,1.);
#11888 = DIRECTION('',(-0.,1.));
#11889 = ( GEOMETRIC_REPRESENTATION_CONTEXT(2) 
PARAMETRIC_REPRESENTATION_CONTEXT() REPRESENTATION_CONTEXT('2D SPACE',''
  ) );
#11890 = ORIENTED_EDGE('',*,*,#10243,.T.);
#11891 = ORIENTED_EDGE('',*,*,#11892,.T.);
#11892 = EDGE_CURVE('',#10244,#11893,#11895,.T.);
#11893 = VERTEX_POINT('',#11894);
#11894 = CARTESIAN_POINT('',(46.,27.2,19.5));
#11895 = SURFACE_CURVE('',#11896,(#11900,#11907),.PCURVE_S1.);
#11896 = LINE('',#11897,#11898);
#11897 = CARTESIAN_POINT('',(46.,27.2,17.));
#11898 = VECTOR('',#11899,1.);
#11899 = DIRECTION('',(0.,0.,1.));
#11900 = PCURVE('',#9285,#11901);
#11901 = DEFINITIONAL_REPRESENTATION('',(#11902),#11906);
#11902 = LINE('',#11903,#11904);
#11903 = CARTESIAN_POINT('',(0.,-55.2));
#11904 = VECTOR('',#11905,1.);
#11905 = DIRECTION('',(1.,0.));
#11906 = ( GEOMETRIC_REPRESENTATION_CONTEXT(2) 
PARAMETRIC_REPRESENTATION_CONTEXT() REPRESENTATION_CONTEXT('2D SPACE',''
  ) );
#11907 = PCURVE('',#10283,#11908);
#11908 = DEFINITIONAL_REPRESENTATION('',(#11909),#11913);
#11909 = LINE('',#11910,#11911);
#11910 = CARTESIAN_POINT('',(0.,0.));
#11911 = VECTOR('',#11912,1.);
#11912 = DIRECTION('',(0.,1.));
#11913 = ( GEOMETRIC_REPRESENTATION_CONTEXT(2) 
PARAMETRIC_REPRESENTATION_CONTEXT() REPRESENTATION_CONTEXT('2D SPACE',''
  ) );
#11914 = ORIENTED_EDGE('',*,*,#11915,.T.);
#11915 = EDGE_CURVE('',#11893,#11409,#11916,.T.);
#11916 = SURFACE_CURVE('',#11917,(#11921,#11928),.PCURVE_S1.);
#11917 = LINE('',#11918,#11919);
#11918 = CARTESIAN_POINT('',(46.,22.,19.5));
#11919 = VECTOR('',#11920,1.);
#11920 = DIRECTION('',(-0.,1.,0.));
#11921 = PCURVE('',#9285,#11922);
#11922 = DEFINITIONAL_REPRESENTATION('',(#11923),#11927);
#11923 = LINE('',#11924,#11925);
#11924 = CARTESIAN_POINT('',(2.5,-50.));
#11925 = VECTOR('',#11926,1.);
#11926 = DIRECTION('',(0.,-1.));
#11927 = ( GEOMETRIC_REPRESENTATION_CONTEXT(2) 
PARAMETRIC_REPRESENTATION_CONTEXT() REPRESENTATION_CONTEXT('2D SPACE',''
  ) );
#11928 = PCURVE('',#11447,#11929);
#11929 = DEFINITIONAL_REPRESENTATION('',(#11930),#11934);
#11930 = LINE('',#11931,#11932);
#11931 = CARTESIAN_POINT('',(92.,0.));
#11932 = VECTOR('',#11933,1.);
#11933 = DIRECTION('',(0.,1.));
#11934 = ( GEOMETRIC_REPRESENTATION_CONTEXT(2) 
PARAMETRIC_REPRESENTATION_CONTEXT() REPRESENTATION_CONTEXT('2D SPACE',''
  ) );
#11935 = ORIENTED_EDGE('',*,*,#11408,.T.);
#11936 = ORIENTED_EDGE('',*,*,#11601,.F.);
#11937 = ORIENTED_EDGE('',*,*,#11799,.F.);
#11938 = ADVANCED_FACE('',(#11939),#9257,.F.);
#11939 = FACE_BOUND('',#11940,.T.);
#11940 = EDGE_LOOP('',(#11941,#11942,#11963,#11964));
#11941 = ORIENTED_EDGE('',*,*,#9241,.F.);
#11942 = ORIENTED_EDGE('',*,*,#11943,.T.);
#11943 = EDGE_CURVE('',#9214,#9851,#11944,.T.);
#11944 = SURFACE_CURVE('',#11945,(#11949,#11956),.PCURVE_S1.);
#11945 = LINE('',#11946,#11947);
#11946 = CARTESIAN_POINT('',(44.,-18.5,19.5));
#11947 = VECTOR('',#11948,1.);
#11948 = DIRECTION('',(-0.,-0.,1.));
#11949 = PCURVE('',#9257,#11950);
#11950 = DEFINITIONAL_REPRESENTATION('',(#11951),#11955);
#11951 = LINE('',#11952,#11953);
#11952 = CARTESIAN_POINT('',(0.,0.));
#11953 = VECTOR('',#11954,1.);
#11954 = DIRECTION('',(-1.,0.));
#11955 = ( GEOMETRIC_REPRESENTATION_CONTEXT(2) 
PARAMETRIC_REPRESENTATION_CONTEXT() REPRESENTATION_CONTEXT('2D SPACE',''
  ) );
#11956 = PCURVE('',#9229,#11957);
#11957 = DEFINITIONAL_REPRESENTATION('',(#11958),#11962);
#11958 = LINE('',#11959,#11960);
#11959 = CARTESIAN_POINT('',(0.,0.));
#11960 = VECTOR('',#11961,1.);
#11961 = DIRECTION('',(-1.,0.));
#11962 = ( GEOMETRIC_REPRESENTATION_CONTEXT(2) 
PARAMETRIC_REPRESENTATION_CONTEXT() REPRESENTATION_CONTEXT('2D SPACE',''
  ) );
#11963 = ORIENTED_EDGE('',*,*,#9850,.T.);
#11964 = ORIENTED_EDGE('',*,*,#11824,.F.);
#11965 = ADVANCED_FACE('',(#11966),#9229,.F.);
#11966 = FACE_BOUND('',#11967,.T.);
#11967 = EDGE_LOOP('',(#11968,#11969,#11970,#11991));
#11968 = ORIENTED_EDGE('',*,*,#11943,.F.);
#11969 = ORIENTED_EDGE('',*,*,#9213,.T.);
#11970 = ORIENTED_EDGE('',*,*,#11971,.T.);
#11971 = EDGE_CURVE('',#9186,#9874,#11972,.T.);
#11972 = SURFACE_CURVE('',#11973,(#11977,#11984),.PCURVE_S1.);
#11973 = LINE('',#11974,#11975);
#11974 = CARTESIAN_POINT('',(44.,-22.,19.5));
#11975 = VECTOR('',#11976,1.);
#11976 = DIRECTION('',(-0.,-0.,1.));
#11977 = PCURVE('',#9229,#11978);
#11978 = DEFINITIONAL_REPRESENTATION('',(#11979),#11983);
#11979 = LINE('',#11980,#11981);
#11980 = CARTESIAN_POINT('',(0.,-3.5));
#11981 = VECTOR('',#11982,1.);
#11982 = DIRECTION('',(-1.,0.));
#11983 = ( GEOMETRIC_REPRESENTATION_CONTEXT(2) 
PARAMETRIC_REPRESENTATION_CONTEXT() REPRESENTATION_CONTEXT('2D SPACE',''
  ) );
#11984 = PCURVE('',#9201,#11985);
#11985 = DEFINITIONAL_REPRESENTATION('',(#11986),#11990);
#11986 = LINE('',#11987,#11988);
#11987 = CARTESIAN_POINT('',(0.,90.));
#11988 = VECTOR('',#11989,1.);
#11989 = DIRECTION('',(1.,0.));
#11990 = ( GEOMETRIC_REPRESENTATION_CONTEXT(2) 
PARAMETRIC_REPRESENTATION_CONTEXT() REPRESENTATION_CONTEXT('2D SPACE',''
  ) );
#11991 = ORIENTED_EDGE('',*,*,#9873,.F.);
#11992 = ADVANCED_FACE('',(#11993),#9201,.T.);
#11993 = FACE_BOUND('',#11994,.T.);
#11994 = EDGE_LOOP('',(#11995,#11996,#12017,#12018));
#11995 = ORIENTED_EDGE('',*,*,#9185,.F.);
#11996 = ORIENTED_EDGE('',*,*,#11997,.T.);
#11997 = EDGE_CURVE('',#9158,#9897,#11998,.T.);
#11998 = SURFACE_CURVE('',#11999,(#12003,#12010),.PCURVE_S1.);
#11999 = LINE('',#12000,#12001);
#12000 = CARTESIAN_POINT('',(-44.,-22.,19.5));
#12001 = VECTOR('',#12002,1.);
#12002 = DIRECTION('',(-0.,-0.,1.));
#12003 = PCURVE('',#9201,#12004);
#12004 = DEFINITIONAL_REPRESENTATION('',(#12005),#12009);
#12005 = LINE('',#12006,#12007);
#12006 = CARTESIAN_POINT('',(0.,2.));
#12007 = VECTOR('',#12008,1.);
#12008 = DIRECTION('',(1.,0.));
#12009 = ( GEOMETRIC_REPRESENTATION_CONTEXT(2) 
PARAMETRIC_REPRESENTATION_CONTEXT() REPRESENTATION_CONTEXT('2D SPACE',''
  ) );
#12010 = PCURVE('',#9173,#12011);
#12011 = DEFINITIONAL_REPRESENTATION('',(#12012),#12016);
#12012 = LINE('',#12013,#12014);
#12013 = CARTESIAN_POINT('',(0.,-3.5));
#12014 = VECTOR('',#12015,1.);
#12015 = DIRECTION('',(1.,0.));
#12016 = ( GEOMETRIC_REPRESENTATION_CONTEXT(2) 
PARAMETRIC_REPRESENTATION_CONTEXT() REPRESENTATION_CONTEXT('2D SPACE',''
  ) );
#12017 = ORIENTED_EDGE('',*,*,#9896,.T.);
#12018 = ORIENTED_EDGE('',*,*,#11971,.F.);
#12019 = ADVANCED_FACE('',(#12020),#9173,.F.);
#12020 = FACE_BOUND('',#12021,.F.);
#12021 = EDGE_LOOP('',(#12022,#12023,#12024,#12025));
#12022 = ORIENTED_EDGE('',*,*,#9755,.F.);
#12023 = ORIENTED_EDGE('',*,*,#9157,.T.);
#12024 = ORIENTED_EDGE('',*,*,#11997,.T.);
#12025 = ORIENTED_EDGE('',*,*,#9919,.F.);
#12026 = ADVANCED_FACE('',(#12027),#9449,.F.);
#12027 = FACE_BOUND('',#12028,.F.);
#12028 = EDGE_LOOP('',(#12029,#12030,#12053,#12075));
#12029 = ORIENTED_EDGE('',*,*,#9432,.F.);
#12030 = ORIENTED_EDGE('',*,*,#12031,.F.);
#12031 = EDGE_CURVE('',#12032,#9433,#12034,.T.);
#12032 = VERTEX_POINT('',#12033);
#12033 = CARTESIAN_POINT('',(-9.55,-8.,18.2));
#12034 = SEAM_CURVE('',#12035,(#12039,#12046),.PCURVE_S1.);
#12035 = LINE('',#12036,#12037);
#12036 = CARTESIAN_POINT('',(-9.55,-8.,18.2));
#12037 = VECTOR('',#12038,1.);
#12038 = DIRECTION('',(0.707106781187,-1.73191211247E-16,0.707106781187)
  );
#12039 = PCURVE('',#9449,#12040);
#12040 = DEFINITIONAL_REPRESENTATION('',(#12041),#12045);
#12041 = LINE('',#12042,#12043);
#12042 = CARTESIAN_POINT('',(0.,-0.));
#12043 = VECTOR('',#12044,1.);
#12044 = DIRECTION('',(0.,1.));
#12045 = ( GEOMETRIC_REPRESENTATION_CONTEXT(2) 
PARAMETRIC_REPRESENTATION_CONTEXT() REPRESENTATION_CONTEXT('2D SPACE',''
  ) );
#12046 = PCURVE('',#9449,#12047);
#12047 = DEFINITIONAL_REPRESENTATION('',(#12048),#12052);
#12048 = LINE('',#12049,#12050);
#12049 = CARTESIAN_POINT('',(6.28318530718,-0.));
#12050 = VECTOR('',#12051,1.);
#12051 = DIRECTION('',(0.,1.));
#12052 = ( GEOMETRIC_REPRESENTATION_CONTEXT(2) 
PARAMETRIC_REPRESENTATION_CONTEXT() REPRESENTATION_CONTEXT('2D SPACE',''
  ) );
#12053 = ORIENTED_EDGE('',*,*,#12054,.T.);
#12054 = EDGE_CURVE('',#12032,#12032,#12055,.T.);
#12055 = SURFACE_CURVE('',#12056,(#12061,#12068),.PCURVE_S1.);
#12056 = CIRCLE('',#12057,1.45);
#12057 = AXIS2_PLACEMENT_3D('',#12058,#12059,#12060);
#12058 = CARTESIAN_POINT('',(-11.,-8.,18.2));
#12059 = DIRECTION('',(0.,0.,1.));
#12060 = DIRECTION('',(1.,0.,-0.));
#12061 = PCURVE('',#9449,#12062);
#12062 = DEFINITIONAL_REPRESENTATION('',(#12063),#12067);
#12063 = LINE('',#12064,#12065);
#12064 = CARTESIAN_POINT('',(0.,0.));
#12065 = VECTOR('',#12066,1.);
#12066 = DIRECTION('',(1.,0.));
#12067 = ( GEOMETRIC_REPRESENTATION_CONTEXT(2) 
PARAMETRIC_REPRESENTATION_CONTEXT() REPRESENTATION_CONTEXT('2D SPACE',''
  ) );
#12068 = PCURVE('',#10533,#12069);
#12069 = DEFINITIONAL_REPRESENTATION('',(#12070),#12074);
#12070 = LINE('',#12071,#12072);
#12071 = CARTESIAN_POINT('',(0.,1.4));
#12072 = VECTOR('',#12073,1.);
#12073 = DIRECTION('',(1.,0.));
#12074 = ( GEOMETRIC_REPRESENTATION_CONTEXT(2) 
PARAMETRIC_REPRESENTATION_CONTEXT() REPRESENTATION_CONTEXT('2D SPACE',''
  ) );
#12075 = ORIENTED_EDGE('',*,*,#12031,.T.);
#12076 = ADVANCED_FACE('',(#12077),#9480,.F.);
#12077 = FACE_BOUND('',#12078,.F.);
#12078 = EDGE_LOOP('',(#12079,#12080,#12103,#12125));
#12079 = ORIENTED_EDGE('',*,*,#9463,.F.);
#12080 = ORIENTED_EDGE('',*,*,#12081,.F.);
#12081 = EDGE_CURVE('',#12082,#9464,#12084,.T.);
#12082 = VERTEX_POINT('',#12083);
#12083 = CARTESIAN_POINT('',(12.45,-8.,18.2));
#12084 = SEAM_CURVE('',#12085,(#12089,#12096),.PCURVE_S1.);
#12085 = LINE('',#12086,#12087);
#12086 = CARTESIAN_POINT('',(12.45,-8.,18.2));
#12087 = VECTOR('',#12088,1.);
#12088 = DIRECTION('',(0.707106781187,-1.73191211247E-16,0.707106781187)
  );
#12089 = PCURVE('',#9480,#12090);
#12090 = DEFINITIONAL_REPRESENTATION('',(#12091),#12095);
#12091 = LINE('',#12092,#12093);
#12092 = CARTESIAN_POINT('',(0.,-0.));
#12093 = VECTOR('',#12094,1.);
#12094 = DIRECTION('',(0.,1.));
#12095 = ( GEOMETRIC_REPRESENTATION_CONTEXT(2) 
PARAMETRIC_REPRESENTATION_CONTEXT() REPRESENTATION_CONTEXT('2D SPACE',''
  ) );
#12096 = PCURVE('',#9480,#12097);
#12097 = DEFINITIONAL_REPRESENTATION('',(#12098),#12102);
#12098 = LINE('',#12099,#12100);
#12099 = CARTESIAN_POINT('',(6.28318530718,-0.));
#12100 = VECTOR('',#12101,1.);
#12101 = DIRECTION('',(0.,1.));
#12102 = ( GEOMETRIC_REPRESENTATION_CONTEXT(2) 
PARAMETRIC_REPRESENTATION_CONTEXT() REPRESENTATION_CONTEXT('2D SPACE',''
  ) );
#12103 = ORIENTED_EDGE('',*,*,#12104,.T.);
#12104 = EDGE_CURVE('',#12082,#12082,#12105,.T.);
#12105 = SURFACE_CURVE('',#12106,(#12111,#12118),.PCURVE_S1.);
#12106 = CIRCLE('',#12107,1.45);
#12107 = AXIS2_PLACEMENT_3D('',#12108,#12109,#12110);
#12108 = CARTESIAN_POINT('',(11.,-8.,18.2));
#12109 = DIRECTION('',(0.,0.,1.));
#12110 = DIRECTION('',(1.,0.,-0.));
#12111 = PCURVE('',#9480,#12112);
#12112 = DEFINITIONAL_REPRESENTATION('',(#12113),#12117);
#12113 = LINE('',#12114,#12115);
#12114 = CARTESIAN_POINT('',(0.,0.));
#12115 = VECTOR('',#12116,1.);
#12116 = DIRECTION('',(1.,0.));
#12117 = ( GEOMETRIC_REPRESENTATION_CONTEXT(2) 
PARAMETRIC_REPRESENTATION_CONTEXT() REPRESENTATION_CONTEXT('2D SPACE',''
  ) );
#12118 = PCURVE('',#10734,#12119);
#12119 = DEFINITIONAL_REPRESENTATION('',(#12120),#12124);
#12120 = LINE('',#12121,#12122);
#12121 = CARTESIAN_POINT('',(0.,1.4));
#12122 = VECTOR('',#12123,1.);
#12123 = DIRECTION('',(1.,0.));
#12124 = ( GEOMETRIC_REPRESENTATION_CONTEXT(2) 
PARAMETRIC_REPRESENTATION_CONTEXT() REPRESENTATION_CONTEXT('2D SPACE',''
  ) );
#12125 = ORIENTED_EDGE('',*,*,#12081,.T.);
#12126 = ADVANCED_FACE('',(#12127),#9512,.T.);
#12127 = FACE_BOUND('',#12128,.F.);
#12128 = EDGE_LOOP('',(#12129,#12150,#12151,#12172));
#12129 = ORIENTED_EDGE('',*,*,#12130,.F.);
#12130 = EDGE_CURVE('',#10749,#9495,#12131,.T.);
#12131 = SURFACE_CURVE('',#12132,(#12136,#12143),.PCURVE_S1.);
#12132 = LINE('',#12133,#12134);
#12133 = CARTESIAN_POINT('',(-16.,-16.5,16.8));
#12134 = VECTOR('',#12135,1.);
#12135 = DIRECTION('',(-0.,-0.,1.));
#12136 = PCURVE('',#9512,#12137);
#12137 = DEFINITIONAL_REPRESENTATION('',(#12138),#12142);
#12138 = LINE('',#12139,#12140);
#12139 = CARTESIAN_POINT('',(0.,0.));
#12140 = VECTOR('',#12141,1.);
#12141 = DIRECTION('',(-1.,0.));
#12142 = ( GEOMETRIC_REPRESENTATION_CONTEXT(2) 
PARAMETRIC_REPRESENTATION_CONTEXT() REPRESENTATION_CONTEXT('2D SPACE',''
  ) );
#12143 = PCURVE('',#9540,#12144);
#12144 = DEFINITIONAL_REPRESENTATION('',(#12145),#12149);
#12145 = LINE('',#12146,#12147);
#12146 = CARTESIAN_POINT('',(0.,-0.));
#12147 = VECTOR('',#12148,1.);
#12148 = DIRECTION('',(-1.,0.));
#12149 = ( GEOMETRIC_REPRESENTATION_CONTEXT(2) 
PARAMETRIC_REPRESENTATION_CONTEXT() REPRESENTATION_CONTEXT('2D SPACE',''
  ) );
#12150 = ORIENTED_EDGE('',*,*,#10748,.T.);
#12151 = ORIENTED_EDGE('',*,*,#12152,.T.);
#12152 = EDGE_CURVE('',#10751,#9497,#12153,.T.);
#12153 = SURFACE_CURVE('',#12154,(#12158,#12165),.PCURVE_S1.);
#12154 = LINE('',#12155,#12156);
#12155 = CARTESIAN_POINT('',(-16.,16.5,16.8));
#12156 = VECTOR('',#12157,1.);
#12157 = DIRECTION('',(-0.,-0.,1.));
#12158 = PCURVE('',#9512,#12159);
#12159 = DEFINITIONAL_REPRESENTATION('',(#12160),#12164);
#12160 = LINE('',#12161,#12162);
#12161 = CARTESIAN_POINT('',(0.,-33.));
#12162 = VECTOR('',#12163,1.);
#12163 = DIRECTION('',(-1.,0.));
#12164 = ( GEOMETRIC_REPRESENTATION_CONTEXT(2) 
PARAMETRIC_REPRESENTATION_CONTEXT() REPRESENTATION_CONTEXT('2D SPACE',''
  ) );
#12165 = PCURVE('',#9594,#12166);
#12166 = DEFINITIONAL_REPRESENTATION('',(#12167),#12171);
#12167 = LINE('',#12168,#12169);
#12168 = CARTESIAN_POINT('',(0.,-0.));
#12169 = VECTOR('',#12170,1.);
#12170 = DIRECTION('',(-1.,0.));
#12171 = ( GEOMETRIC_REPRESENTATION_CONTEXT(2) 
PARAMETRIC_REPRESENTATION_CONTEXT() REPRESENTATION_CONTEXT('2D SPACE',''
  ) );
#12172 = ORIENTED_EDGE('',*,*,#9494,.F.);
#12173 = ADVANCED_FACE('',(#12174),#9540,.T.);
#12174 = FACE_BOUND('',#12175,.F.);
#12175 = EDGE_LOOP('',(#12176,#12197,#12198,#12199));
#12176 = ORIENTED_EDGE('',*,*,#12177,.F.);
#12177 = EDGE_CURVE('',#10774,#9525,#12178,.T.);
#12178 = SURFACE_CURVE('',#12179,(#12183,#12190),.PCURVE_S1.);
#12179 = LINE('',#12180,#12181);
#12180 = CARTESIAN_POINT('',(-42.,-16.5,16.8));
#12181 = VECTOR('',#12182,1.);
#12182 = DIRECTION('',(-0.,-0.,1.));
#12183 = PCURVE('',#9540,#12184);
#12184 = DEFINITIONAL_REPRESENTATION('',(#12185),#12189);
#12185 = LINE('',#12186,#12187);
#12186 = CARTESIAN_POINT('',(0.,26.));
#12187 = VECTOR('',#12188,1.);
#12188 = DIRECTION('',(-1.,0.));
#12189 = ( GEOMETRIC_REPRESENTATION_CONTEXT(2) 
PARAMETRIC_REPRESENTATION_CONTEXT() REPRESENTATION_CONTEXT('2D SPACE',''
  ) );
#12190 = PCURVE('',#9568,#12191);
#12191 = DEFINITIONAL_REPRESENTATION('',(#12192),#12196);
#12192 = LINE('',#12193,#12194);
#12193 = CARTESIAN_POINT('',(0.,0.));
#12194 = VECTOR('',#12195,1.);
#12195 = DIRECTION('',(-1.,0.));
#12196 = ( GEOMETRIC_REPRESENTATION_CONTEXT(2) 
PARAMETRIC_REPRESENTATION_CONTEXT() REPRESENTATION_CONTEXT('2D SPACE',''
  ) );
#12197 = ORIENTED_EDGE('',*,*,#10773,.T.);
#12198 = ORIENTED_EDGE('',*,*,#12130,.T.);
#12199 = ORIENTED_EDGE('',*,*,#9524,.F.);
#12200 = ADVANCED_FACE('',(#12201),#9594,.F.);
#12201 = FACE_BOUND('',#12202,.T.);
#12202 = EDGE_LOOP('',(#12203,#12224,#12225,#12226));
#12203 = ORIENTED_EDGE('',*,*,#12204,.F.);
#12204 = EDGE_CURVE('',#10797,#9553,#12205,.T.);
#12205 = SURFACE_CURVE('',#12206,(#12210,#12217),.PCURVE_S1.);
#12206 = LINE('',#12207,#12208);
#12207 = CARTESIAN_POINT('',(-42.,16.5,16.8));
#12208 = VECTOR('',#12209,1.);
#12209 = DIRECTION('',(-0.,-0.,1.));
#12210 = PCURVE('',#9594,#12211);
#12211 = DEFINITIONAL_REPRESENTATION('',(#12212),#12216);
#12212 = LINE('',#12213,#12214);
#12213 = CARTESIAN_POINT('',(0.,26.));
#12214 = VECTOR('',#12215,1.);
#12215 = DIRECTION('',(-1.,0.));
#12216 = ( GEOMETRIC_REPRESENTATION_CONTEXT(2) 
PARAMETRIC_REPRESENTATION_CONTEXT() REPRESENTATION_CONTEXT('2D SPACE',''
  ) );
#12217 = PCURVE('',#9568,#12218);
#12218 = DEFINITIONAL_REPRESENTATION('',(#12219),#12223);
#12219 = LINE('',#12220,#12221);
#12220 = CARTESIAN_POINT('',(0.,-33.));
#12221 = VECTOR('',#12222,1.);
#12222 = DIRECTION('',(-1.,0.));
#12223 = ( GEOMETRIC_REPRESENTATION_CONTEXT(2) 
PARAMETRIC_REPRESENTATION_CONTEXT() REPRESENTATION_CONTEXT('2D SPACE',''
  ) );
#12224 = ORIENTED_EDGE('',*,*,#10819,.T.);
#12225 = ORIENTED_EDGE('',*,*,#12152,.T.);
#12226 = ORIENTED_EDGE('',*,*,#9580,.F.);
#12227 = ADVANCED_FACE('',(#12228),#9568,.F.);
#12228 = FACE_BOUND('',#12229,.T.);
#12229 = EDGE_LOOP('',(#12230,#12231,#12232,#12233));
#12230 = ORIENTED_EDGE('',*,*,#12177,.F.);
#12231 = ORIENTED_EDGE('',*,*,#10796,.T.);
#12232 = ORIENTED_EDGE('',*,*,#12204,.T.);
#12233 = ORIENTED_EDGE('',*,*,#9552,.F.);
#12234 = ADVANCED_FACE('',(#12235),#9625,.F.);
#12235 = FACE_BOUND('',#12236,.F.);
#12236 = EDGE_LOOP('',(#12237,#12238,#12259,#12260));
#12237 = ORIENTED_EDGE('',*,*,#9608,.F.);
#12238 = ORIENTED_EDGE('',*,*,#12239,.F.);
#12239 = EDGE_CURVE('',#11013,#9609,#12240,.T.);
#12240 = SEAM_CURVE('',#12241,(#12245,#12252),.PCURVE_S1.);
#12241 = LINE('',#12242,#12243);
#12242 = CARTESIAN_POINT('',(10.65,-2.608497682184E-15,16.8));
#12243 = VECTOR('',#12244,1.);
#12244 = DIRECTION('',(0.,0.,1.));
#12245 = PCURVE('',#9625,#12246);
#12246 = DEFINITIONAL_REPRESENTATION('',(#12247),#12251);
#12247 = LINE('',#12248,#12249);
#12248 = CARTESIAN_POINT('',(0.,-0.));
#12249 = VECTOR('',#12250,1.);
#12250 = DIRECTION('',(0.,1.));
#12251 = ( GEOMETRIC_REPRESENTATION_CONTEXT(2) 
PARAMETRIC_REPRESENTATION_CONTEXT() REPRESENTATION_CONTEXT('2D SPACE',''
  ) );
#12252 = PCURVE('',#9625,#12253);
#12253 = DEFINITIONAL_REPRESENTATION('',(#12254),#12258);
#12254 = LINE('',#12255,#12256);
#12255 = CARTESIAN_POINT('',(6.28318530718,-0.));
#12256 = VECTOR('',#12257,1.);
#12257 = DIRECTION('',(0.,1.));
#12258 = ( GEOMETRIC_REPRESENTATION_CONTEXT(2) 
PARAMETRIC_REPRESENTATION_CONTEXT() REPRESENTATION_CONTEXT('2D SPACE',''
  ) );
#12259 = ORIENTED_EDGE('',*,*,#11012,.T.);
#12260 = ORIENTED_EDGE('',*,*,#12239,.T.);
#12261 = ADVANCED_FACE('',(#12262),#9657,.T.);
#12262 = FACE_BOUND('',#12263,.T.);
#12263 = EDGE_LOOP('',(#12264,#12285,#12286,#12307));
#12264 = ORIENTED_EDGE('',*,*,#12265,.F.);
#12265 = EDGE_CURVE('',#11039,#9640,#12266,.T.);
#12266 = SURFACE_CURVE('',#12267,(#12271,#12278),.PCURVE_S1.);
#12267 = LINE('',#12268,#12269);
#12268 = CARTESIAN_POINT('',(42.,-16.5,16.8));
#12269 = VECTOR('',#12270,1.);
#12270 = DIRECTION('',(0.,0.,1.));
#12271 = PCURVE('',#9657,#12272);
#12272 = DEFINITIONAL_REPRESENTATION('',(#12273),#12277);
#12273 = LINE('',#12274,#12275);
#12274 = CARTESIAN_POINT('',(0.,26.));
#12275 = VECTOR('',#12276,1.);
#12276 = DIRECTION('',(1.,0.));
#12277 = ( GEOMETRIC_REPRESENTATION_CONTEXT(2) 
PARAMETRIC_REPRESENTATION_CONTEXT() REPRESENTATION_CONTEXT('2D SPACE',''
  ) );
#12278 = PCURVE('',#9739,#12279);
#12279 = DEFINITIONAL_REPRESENTATION('',(#12280),#12284);
#12280 = LINE('',#12281,#12282);
#12281 = CARTESIAN_POINT('',(0.,0.));
#12282 = VECTOR('',#12283,1.);
#12283 = DIRECTION('',(1.,0.));
#12284 = ( GEOMETRIC_REPRESENTATION_CONTEXT(2) 
PARAMETRIC_REPRESENTATION_CONTEXT() REPRESENTATION_CONTEXT('2D SPACE',''
  ) );
#12285 = ORIENTED_EDGE('',*,*,#11038,.T.);
#12286 = ORIENTED_EDGE('',*,*,#12287,.T.);
#12287 = EDGE_CURVE('',#11041,#9642,#12288,.T.);
#12288 = SURFACE_CURVE('',#12289,(#12293,#12300),.PCURVE_S1.);
#12289 = LINE('',#12290,#12291);
#12290 = CARTESIAN_POINT('',(16.,-16.5,16.8));
#12291 = VECTOR('',#12292,1.);
#12292 = DIRECTION('',(0.,0.,1.));
#12293 = PCURVE('',#9657,#12294);
#12294 = DEFINITIONAL_REPRESENTATION('',(#12295),#12299);
#12295 = LINE('',#12296,#12297);
#12296 = CARTESIAN_POINT('',(0.,0.));
#12297 = VECTOR('',#12298,1.);
#12298 = DIRECTION('',(1.,0.));
#12299 = ( GEOMETRIC_REPRESENTATION_CONTEXT(2) 
PARAMETRIC_REPRESENTATION_CONTEXT() REPRESENTATION_CONTEXT('2D SPACE',''
  ) );
#12300 = PCURVE('',#9685,#12301);
#12301 = DEFINITIONAL_REPRESENTATION('',(#12302),#12306);
#12302 = LINE('',#12303,#12304);
#12303 = CARTESIAN_POINT('',(0.,0.));
#12304 = VECTOR('',#12305,1.);
#12305 = DIRECTION('',(1.,0.));
#12306 = ( GEOMETRIC_REPRESENTATION_CONTEXT(2) 
PARAMETRIC_REPRESENTATION_CONTEXT() REPRESENTATION_CONTEXT('2D SPACE',''
  ) );
#12307 = ORIENTED_EDGE('',*,*,#9639,.F.);
#12308 = ADVANCED_FACE('',(#12309),#9739,.F.);
#12309 = FACE_BOUND('',#12310,.F.);
#12310 = EDGE_LOOP('',(#12311,#12312,#12313,#12334));
#12311 = ORIENTED_EDGE('',*,*,#12265,.F.);
#12312 = ORIENTED_EDGE('',*,*,#11109,.T.);
#12313 = ORIENTED_EDGE('',*,*,#12314,.T.);
#12314 = EDGE_CURVE('',#11087,#9698,#12315,.T.);
#12315 = SURFACE_CURVE('',#12316,(#12320,#12327),.PCURVE_S1.);
#12316 = LINE('',#12317,#12318);
#12317 = CARTESIAN_POINT('',(42.,16.5,16.8));
#12318 = VECTOR('',#12319,1.);
#12319 = DIRECTION('',(0.,0.,1.));
#12320 = PCURVE('',#9739,#12321);
#12321 = DEFINITIONAL_REPRESENTATION('',(#12322),#12326);
#12322 = LINE('',#12323,#12324);
#12323 = CARTESIAN_POINT('',(0.,-33.));
#12324 = VECTOR('',#12325,1.);
#12325 = DIRECTION('',(1.,0.));
#12326 = ( GEOMETRIC_REPRESENTATION_CONTEXT(2) 
PARAMETRIC_REPRESENTATION_CONTEXT() REPRESENTATION_CONTEXT('2D SPACE',''
  ) );
#12327 = PCURVE('',#9713,#12328);
#12328 = DEFINITIONAL_REPRESENTATION('',(#12329),#12333);
#12329 = LINE('',#12330,#12331);
#12330 = CARTESIAN_POINT('',(0.,26.));
#12331 = VECTOR('',#12332,1.);
#12332 = DIRECTION('',(1.,0.));
#12333 = ( GEOMETRIC_REPRESENTATION_CONTEXT(2) 
PARAMETRIC_REPRESENTATION_CONTEXT() REPRESENTATION_CONTEXT('2D SPACE',''
  ) );
#12334 = ORIENTED_EDGE('',*,*,#9725,.F.);
#12335 = ADVANCED_FACE('',(#12336),#9685,.T.);
#12336 = FACE_BOUND('',#12337,.T.);
#12337 = EDGE_LOOP('',(#12338,#12339,#12340,#12361));
#12338 = ORIENTED_EDGE('',*,*,#12287,.F.);
#12339 = ORIENTED_EDGE('',*,*,#11063,.T.);
#12340 = ORIENTED_EDGE('',*,*,#12341,.T.);
#12341 = EDGE_CURVE('',#11064,#9670,#12342,.T.);
#12342 = SURFACE_CURVE('',#12343,(#12347,#12354),.PCURVE_S1.);
#12343 = LINE('',#12344,#12345);
#12344 = CARTESIAN_POINT('',(16.,16.5,16.8));
#12345 = VECTOR('',#12346,1.);
#12346 = DIRECTION('',(0.,0.,1.));
#12347 = PCURVE('',#9685,#12348);
#12348 = DEFINITIONAL_REPRESENTATION('',(#12349),#12353);
#12349 = LINE('',#12350,#12351);
#12350 = CARTESIAN_POINT('',(0.,-33.));
#12351 = VECTOR('',#12352,1.);
#12352 = DIRECTION('',(1.,0.));
#12353 = ( GEOMETRIC_REPRESENTATION_CONTEXT(2) 
PARAMETRIC_REPRESENTATION_CONTEXT() REPRESENTATION_CONTEXT('2D SPACE',''
  ) );
#12354 = PCURVE('',#9713,#12355);
#12355 = DEFINITIONAL_REPRESENTATION('',(#12356),#12360);
#12356 = LINE('',#12357,#12358);
#12357 = CARTESIAN_POINT('',(0.,0.));
#12358 = VECTOR('',#12359,1.);
#12359 = DIRECTION('',(1.,0.));
#12360 = ( GEOMETRIC_REPRESENTATION_CONTEXT(2) 
PARAMETRIC_REPRESENTATION_CONTEXT() REPRESENTATION_CONTEXT('2D SPACE',''
  ) );
#12361 = ORIENTED_EDGE('',*,*,#9669,.F.);
#12362 = ADVANCED_FACE('',(#12363),#9713,.F.);
#12363 = FACE_BOUND('',#12364,.F.);
#12364 = EDGE_LOOP('',(#12365,#12366,#12367,#12368));
#12365 = ORIENTED_EDGE('',*,*,#12314,.F.);
#12366 = ORIENTED_EDGE('',*,*,#11086,.T.);
#12367 = ORIENTED_EDGE('',*,*,#12341,.T.);
#12368 = ORIENTED_EDGE('',*,*,#9697,.F.);
#12369 = ADVANCED_FACE('',(#12370),#9960,.F.);
#12370 = FACE_BOUND('',#12371,.F.);
#12371 = EDGE_LOOP('',(#12372,#12395,#12396,#12397));
#12372 = ORIENTED_EDGE('',*,*,#12373,.T.);
#12373 = EDGE_CURVE('',#12374,#9944,#12376,.T.);
#12374 = VERTEX_POINT('',#12375);
#12375 = CARTESIAN_POINT('',(-36.35,-24.5,18.8));
#12376 = SEAM_CURVE('',#12377,(#12381,#12388),.PCURVE_S1.);
#12377 = LINE('',#12378,#12379);
#12378 = CARTESIAN_POINT('',(-36.35,-24.5,16.8));
#12379 = VECTOR('',#12380,1.);
#12380 = DIRECTION('',(0.,0.,1.));
#12381 = PCURVE('',#9960,#12382);
#12382 = DEFINITIONAL_REPRESENTATION('',(#12383),#12387);
#12383 = LINE('',#12384,#12385);
#12384 = CARTESIAN_POINT('',(6.28318530718,0.));
#12385 = VECTOR('',#12386,1.);
#12386 = DIRECTION('',(0.,1.));
#12387 = ( GEOMETRIC_REPRESENTATION_CONTEXT(2) 
PARAMETRIC_REPRESENTATION_CONTEXT() REPRESENTATION_CONTEXT('2D SPACE',''
  ) );
#12388 = PCURVE('',#9960,#12389);
#12389 = DEFINITIONAL_REPRESENTATION('',(#12390),#12394);
#12390 = LINE('',#12391,#12392);
#12391 = CARTESIAN_POINT('',(4.138911435803E-13,0.));
#12392 = VECTOR('',#12393,1.);
#12393 = DIRECTION('',(0.,1.));
#12394 = ( GEOMETRIC_REPRESENTATION_CONTEXT(2) 
PARAMETRIC_REPRESENTATION_CONTEXT() REPRESENTATION_CONTEXT('2D SPACE',''
  ) );
#12395 = ORIENTED_EDGE('',*,*,#9943,.F.);
#12396 = ORIENTED_EDGE('',*,*,#12373,.F.);
#12397 = ORIENTED_EDGE('',*,*,#12398,.T.);
#12398 = EDGE_CURVE('',#12374,#12374,#12399,.T.);
#12399 = SURFACE_CURVE('',#12400,(#12405,#12412),.PCURVE_S1.);
#12400 = CIRCLE('',#12401,1.15);
#12401 = AXIS2_PLACEMENT_3D('',#12402,#12403,#12404);
#12402 = CARTESIAN_POINT('',(-37.5,-24.5,18.8));
#12403 = DIRECTION('',(0.,0.,1.));
#12404 = DIRECTION('',(1.,0.,-0.));
#12405 = PCURVE('',#9960,#12406);
#12406 = DEFINITIONAL_REPRESENTATION('',(#12407),#12411);
#12407 = LINE('',#12408,#12409);
#12408 = CARTESIAN_POINT('',(0.,2.));
#12409 = VECTOR('',#12410,1.);
#12410 = DIRECTION('',(1.,0.));
#12411 = ( GEOMETRIC_REPRESENTATION_CONTEXT(2) 
PARAMETRIC_REPRESENTATION_CONTEXT() REPRESENTATION_CONTEXT('2D SPACE',''
  ) );
#12412 = PCURVE('',#12413,#12418);
#12413 = PLANE('',#12414);
#12414 = AXIS2_PLACEMENT_3D('',#12415,#12416,#12417);
#12415 = CARTESIAN_POINT('',(-37.5,-24.5,18.8));
#12416 = DIRECTION('',(0.,0.,1.));
#12417 = DIRECTION('',(1.,0.,-0.));
#12418 = DEFINITIONAL_REPRESENTATION('',(#12419),#12423);
#12419 = CIRCLE('',#12420,1.15);
#12420 = AXIS2_PLACEMENT_2D('',#12421,#12422);
#12421 = CARTESIAN_POINT('',(0.,0.));
#12422 = DIRECTION('',(1.,0.));
#12423 = ( GEOMETRIC_REPRESENTATION_CONTEXT(2) 
PARAMETRIC_REPRESENTATION_CONTEXT() REPRESENTATION_CONTEXT('2D SPACE',''
  ) );
#12424 = ADVANCED_FACE('',(#12425),#9991,.F.);
#12425 = FACE_BOUND('',#12426,.F.);
#12426 = EDGE_LOOP('',(#12427,#12450,#12451,#12452));
#12427 = ORIENTED_EDGE('',*,*,#12428,.T.);
#12428 = EDGE_CURVE('',#12429,#9975,#12431,.T.);
#12429 = VERTEX_POINT('',#12430);
#12430 = CARTESIAN_POINT('',(38.65,-24.5,18.8));
#12431 = SEAM_CURVE('',#12432,(#12436,#12443),.PCURVE_S1.);
#12432 = LINE('',#12433,#12434);
#12433 = CARTESIAN_POINT('',(38.65,-24.5,16.8));
#12434 = VECTOR('',#12435,1.);
#12435 = DIRECTION('',(0.,0.,1.));
#12436 = PCURVE('',#9991,#12437);
#12437 = DEFINITIONAL_REPRESENTATION('',(#12438),#12442);
#12438 = LINE('',#12439,#12440);
#12439 = CARTESIAN_POINT('',(6.28318530718,0.));
#12440 = VECTOR('',#12441,1.);
#12441 = DIRECTION('',(0.,1.));
#12442 = ( GEOMETRIC_REPRESENTATION_CONTEXT(2) 
PARAMETRIC_REPRESENTATION_CONTEXT() REPRESENTATION_CONTEXT('2D SPACE',''
  ) );
#12443 = PCURVE('',#9991,#12444);
#12444 = DEFINITIONAL_REPRESENTATION('',(#12445),#12449);
#12445 = LINE('',#12446,#12447);
#12446 = CARTESIAN_POINT('',(4.138911435803E-13,0.));
#12447 = VECTOR('',#12448,1.);
#12448 = DIRECTION('',(0.,1.));
#12449 = ( GEOMETRIC_REPRESENTATION_CONTEXT(2) 
PARAMETRIC_REPRESENTATION_CONTEXT() REPRESENTATION_CONTEXT('2D SPACE',''
  ) );
#12450 = ORIENTED_EDGE('',*,*,#9974,.F.);
#12451 = ORIENTED_EDGE('',*,*,#12428,.F.);
#12452 = ORIENTED_EDGE('',*,*,#12453,.T.);
#12453 = EDGE_CURVE('',#12429,#12429,#12454,.T.);
#12454 = SURFACE_CURVE('',#12455,(#12460,#12467),.PCURVE_S1.);
#12455 = CIRCLE('',#12456,1.15);
#12456 = AXIS2_PLACEMENT_3D('',#12457,#12458,#12459);
#12457 = CARTESIAN_POINT('',(37.5,-24.5,18.8));
#12458 = DIRECTION('',(0.,0.,1.));
#12459 = DIRECTION('',(1.,0.,-0.));
#12460 = PCURVE('',#9991,#12461);
#12461 = DEFINITIONAL_REPRESENTATION('',(#12462),#12466);
#12462 = LINE('',#12463,#12464);
#12463 = CARTESIAN_POINT('',(0.,2.));
#12464 = VECTOR('',#12465,1.);
#12465 = DIRECTION('',(1.,0.));
#12466 = ( GEOMETRIC_REPRESENTATION_CONTEXT(2) 
PARAMETRIC_REPRESENTATION_CONTEXT() REPRESENTATION_CONTEXT('2D SPACE',''
  ) );
#12467 = PCURVE('',#12468,#12473);
#12468 = PLANE('',#12469);
#12469 = AXIS2_PLACEMENT_3D('',#12470,#12471,#12472);
#12470 = CARTESIAN_POINT('',(37.5,-24.5,18.8));
#12471 = DIRECTION('',(0.,0.,1.));
#12472 = DIRECTION('',(1.,0.,-0.));
#12473 = DEFINITIONAL_REPRESENTATION('',(#12474),#12478);
#12474 = CIRCLE('',#12475,1.15);
#12475 = AXIS2_PLACEMENT_2D('',#12476,#12477);
#12476 = CARTESIAN_POINT('',(0.,0.));
#12477 = DIRECTION('',(1.,0.));
#12478 = ( GEOMETRIC_REPRESENTATION_CONTEXT(2) 
PARAMETRIC_REPRESENTATION_CONTEXT() REPRESENTATION_CONTEXT('2D SPACE',''
  ) );
#12479 = ADVANCED_FACE('',(#12480),#10070,.F.);
#12480 = FACE_BOUND('',#12481,.F.);
#12481 = EDGE_LOOP('',(#12482,#12508,#12509));
#12482 = ORIENTED_EDGE('',*,*,#12483,.T.);
#12483 = EDGE_CURVE('',#11848,#10055,#12484,.T.);
#12484 = SURFACE_CURVE('',#12485,(#12490,#12501),.PCURVE_S1.);
#12485 = CIRCLE('',#12486,0.8);
#12486 = AXIS2_PLACEMENT_3D('',#12487,#12488,#12489);
#12487 = CARTESIAN_POINT('',(45.2,-27.2,19.5));
#12488 = DIRECTION('',(-0.,-0.,-1.));
#12489 = DIRECTION('',(0.,-1.,0.));
#12490 = PCURVE('',#10070,#12491);
#12491 = DEFINITIONAL_REPRESENTATION('',(#12492),#12500);
#12492 = ( BOUNDED_CURVE() B_SPLINE_CURVE(2,(#12493,#12494,#12495,#12496
    ,#12497,#12498,#12499),.UNSPECIFIED.,.T.,.F.) 
B_SPLINE_CURVE_WITH_KNOTS((1,2,2,2,2,1),(-2.094395102393,0.,
    2.094395102393,4.188790204786,6.28318530718,8.377580409573),
.UNSPECIFIED.) CURVE() GEOMETRIC_REPRESENTATION_ITEM() 
RATIONAL_B_SPLINE_CURVE((1.,0.5,1.,0.5,1.,0.5,1.)) REPRESENTATION_ITEM(
  '') );
#12493 = CARTESIAN_POINT('',(91.2,0.));
#12494 = CARTESIAN_POINT('',(89.814359353945,0.));
#12495 = CARTESIAN_POINT('',(90.507179676972,1.2));
#12496 = CARTESIAN_POINT('',(91.2,2.4));
#12497 = CARTESIAN_POINT('',(91.892820323028,1.2));
#12498 = CARTESIAN_POINT('',(92.585640646055,1.221245327088E-15));
#12499 = CARTESIAN_POINT('',(91.2,0.));
#12500 = ( GEOMETRIC_REPRESENTATION_CONTEXT(2) 
PARAMETRIC_REPRESENTATION_CONTEXT() REPRESENTATION_CONTEXT('2D SPACE',''
  ) );
#12501 = PCURVE('',#10098,#12502);
#12502 = DEFINITIONAL_REPRESENTATION('',(#12503),#12507);
#12503 = LINE('',#12504,#12505);
#12504 = CARTESIAN_POINT('',(10.995574287565,2.5));
#12505 = VECTOR('',#12506,1.);
#12506 = DIRECTION('',(-1.,0.));
#12507 = ( GEOMETRIC_REPRESENTATION_CONTEXT(2) 
PARAMETRIC_REPRESENTATION_CONTEXT() REPRESENTATION_CONTEXT('2D SPACE',''
  ) );
#12508 = ORIENTED_EDGE('',*,*,#10054,.T.);
#12509 = ORIENTED_EDGE('',*,*,#11847,.T.);
#12510 = ADVANCED_FACE('',(#12511),#10098,.T.);
#12511 = FACE_BOUND('',#12512,.T.);
#12512 = EDGE_LOOP('',(#12513,#12514,#12515,#12516));
#12513 = ORIENTED_EDGE('',*,*,#11870,.T.);
#12514 = ORIENTED_EDGE('',*,*,#12483,.T.);
#12515 = ORIENTED_EDGE('',*,*,#10082,.F.);
#12516 = ORIENTED_EDGE('',*,*,#10215,.F.);
#12517 = ADVANCED_FACE('',(#12518),#10283,.T.);
#12518 = FACE_BOUND('',#12519,.T.);
#12519 = EDGE_LOOP('',(#12520,#12521,#12522,#12544));
#12520 = ORIENTED_EDGE('',*,*,#10266,.T.);
#12521 = ORIENTED_EDGE('',*,*,#11459,.T.);
#12522 = ORIENTED_EDGE('',*,*,#12523,.F.);
#12523 = EDGE_CURVE('',#11893,#11432,#12524,.T.);
#12524 = SURFACE_CURVE('',#12525,(#12530,#12537),.PCURVE_S1.);
#12525 = CIRCLE('',#12526,0.8);
#12526 = AXIS2_PLACEMENT_3D('',#12527,#12528,#12529);
#12527 = CARTESIAN_POINT('',(45.2,27.2,19.5));
#12528 = DIRECTION('',(0.,0.,1.));
#12529 = DIRECTION('',(0.,-1.,0.));
#12530 = PCURVE('',#10283,#12531);
#12531 = DEFINITIONAL_REPRESENTATION('',(#12532),#12536);
#12532 = LINE('',#12533,#12534);
#12533 = CARTESIAN_POINT('',(-1.570796326795,2.5));
#12534 = VECTOR('',#12535,1.);
#12535 = DIRECTION('',(1.,0.));
#12536 = ( GEOMETRIC_REPRESENTATION_CONTEXT(2) 
PARAMETRIC_REPRESENTATION_CONTEXT() REPRESENTATION_CONTEXT('2D SPACE',''
  ) );
#12537 = PCURVE('',#11447,#12538);
#12538 = DEFINITIONAL_REPRESENTATION('',(#12539),#12543);
#12539 = CIRCLE('',#12540,0.8);
#12540 = AXIS2_PLACEMENT_2D('',#12541,#12542);
#12541 = CARTESIAN_POINT('',(91.2,5.2));
#12542 = DIRECTION('',(0.,-1.));
#12543 = ( GEOMETRIC_REPRESENTATION_CONTEXT(2) 
PARAMETRIC_REPRESENTATION_CONTEXT() REPRESENTATION_CONTEXT('2D SPACE',''
  ) );
#12544 = ORIENTED_EDGE('',*,*,#11892,.F.);
#12545 = ADVANCED_FACE('',(#12546),#10364,.T.);
#12546 = FACE_BOUND('',#12547,.T.);
#12547 = EDGE_LOOP('',(#12548,#12549,#12572,#12595));
#12548 = ORIENTED_EDGE('',*,*,#10346,.T.);
#12549 = ORIENTED_EDGE('',*,*,#12550,.T.);
#12550 = EDGE_CURVE('',#10349,#12551,#12553,.T.);
#12551 = VERTEX_POINT('',#12552);
#12552 = CARTESIAN_POINT('',(-36.24426316451,-22.325,18.8));
#12553 = SURFACE_CURVE('',#12554,(#12558,#12565),.PCURVE_S1.);
#12554 = LINE('',#12555,#12556);
#12555 = CARTESIAN_POINT('',(-36.24426316451,-22.325,16.9));
#12556 = VECTOR('',#12557,1.);
#12557 = DIRECTION('',(0.,0.,1.));
#12558 = PCURVE('',#10364,#12559);
#12559 = DEFINITIONAL_REPRESENTATION('',(#12560),#12564);
#12560 = LINE('',#12561,#12562);
#12561 = CARTESIAN_POINT('',(0.,0.));
#12562 = VECTOR('',#12563,1.);
#12563 = DIRECTION('',(0.,-1.));
#12564 = ( GEOMETRIC_REPRESENTATION_CONTEXT(2) 
PARAMETRIC_REPRESENTATION_CONTEXT() REPRESENTATION_CONTEXT('2D SPACE',''
  ) );
#12565 = PCURVE('',#10392,#12566);
#12566 = DEFINITIONAL_REPRESENTATION('',(#12567),#12571);
#12567 = LINE('',#12568,#12569);
#12568 = CARTESIAN_POINT('',(2.511473670976,0.));
#12569 = VECTOR('',#12570,1.);
#12570 = DIRECTION('',(0.,-1.));
#12571 = ( GEOMETRIC_REPRESENTATION_CONTEXT(2) 
PARAMETRIC_REPRESENTATION_CONTEXT() REPRESENTATION_CONTEXT('2D SPACE',''
  ) );
#12572 = ORIENTED_EDGE('',*,*,#12573,.T.);
#12573 = EDGE_CURVE('',#12551,#12574,#12576,.T.);
#12574 = VERTEX_POINT('',#12575);
#12575 = CARTESIAN_POINT('',(-38.75573683548,-22.325,18.8));
#12576 = SURFACE_CURVE('',#12577,(#12581,#12588),.PCURVE_S1.);
#12577 = LINE('',#12578,#12579);
#12578 = CARTESIAN_POINT('',(-36.24426316451,-22.325,18.8));
#12579 = VECTOR('',#12580,1.);
#12580 = DIRECTION('',(-1.,1.768241550698E-16,0.));
#12581 = PCURVE('',#10364,#12582);
#12582 = DEFINITIONAL_REPRESENTATION('',(#12583),#12587);
#12583 = LINE('',#12584,#12585);
#12584 = CARTESIAN_POINT('',(0.,-1.9));
#12585 = VECTOR('',#12586,1.);
#12586 = DIRECTION('',(1.,0.));
#12587 = ( GEOMETRIC_REPRESENTATION_CONTEXT(2) 
PARAMETRIC_REPRESENTATION_CONTEXT() REPRESENTATION_CONTEXT('2D SPACE',''
  ) );
#12588 = PCURVE('',#12413,#12589);
#12589 = DEFINITIONAL_REPRESENTATION('',(#12590),#12594);
#12590 = LINE('',#12591,#12592);
#12591 = CARTESIAN_POINT('',(1.25573683549,2.175));
#12592 = VECTOR('',#12593,1.);
#12593 = DIRECTION('',(-1.,1.768241550698E-16));
#12594 = ( GEOMETRIC_REPRESENTATION_CONTEXT(2) 
PARAMETRIC_REPRESENTATION_CONTEXT() REPRESENTATION_CONTEXT('2D SPACE',''
  ) );
#12595 = ORIENTED_EDGE('',*,*,#12596,.F.);
#12596 = EDGE_CURVE('',#10347,#12574,#12597,.T.);
#12597 = SURFACE_CURVE('',#12598,(#12602,#12609),.PCURVE_S1.);
#12598 = LINE('',#12599,#12600);
#12599 = CARTESIAN_POINT('',(-38.75573683548,-22.325,16.9));
#12600 = VECTOR('',#12601,1.);
#12601 = DIRECTION('',(0.,0.,1.));
#12602 = PCURVE('',#10364,#12603);
#12603 = DEFINITIONAL_REPRESENTATION('',(#12604),#12608);
#12604 = LINE('',#12605,#12606);
#12605 = CARTESIAN_POINT('',(2.51147367097,0.));
#12606 = VECTOR('',#12607,1.);
#12607 = DIRECTION('',(0.,-1.));
#12608 = ( GEOMETRIC_REPRESENTATION_CONTEXT(2) 
PARAMETRIC_REPRESENTATION_CONTEXT() REPRESENTATION_CONTEXT('2D SPACE',''
  ) );
#12609 = PCURVE('',#10502,#12610);
#12610 = DEFINITIONAL_REPRESENTATION('',(#12611),#12615);
#12611 = LINE('',#12612,#12613);
#12612 = CARTESIAN_POINT('',(0.,0.));
#12613 = VECTOR('',#12614,1.);
#12614 = DIRECTION('',(0.,-1.));
#12615 = ( GEOMETRIC_REPRESENTATION_CONTEXT(2) 
PARAMETRIC_REPRESENTATION_CONTEXT() REPRESENTATION_CONTEXT('2D SPACE',''
  ) );
#12616 = ADVANCED_FACE('',(#12617),#10502,.T.);
#12617 = FACE_BOUND('',#12618,.T.);
#12618 = EDGE_LOOP('',(#12619,#12620,#12621,#12644));
#12619 = ORIENTED_EDGE('',*,*,#10488,.T.);
#12620 = ORIENTED_EDGE('',*,*,#12596,.T.);
#12621 = ORIENTED_EDGE('',*,*,#12622,.T.);
#12622 = EDGE_CURVE('',#12574,#12623,#12625,.T.);
#12623 = VERTEX_POINT('',#12624);
#12624 = CARTESIAN_POINT('',(-40.01147367097,-24.5,18.8));
#12625 = SURFACE_CURVE('',#12626,(#12630,#12637),.PCURVE_S1.);
#12626 = LINE('',#12627,#12628);
#12627 = CARTESIAN_POINT('',(-38.75573683548,-22.325,18.8));
#12628 = VECTOR('',#12629,1.);
#12629 = DIRECTION('',(-0.5,-0.866025403784,0.));
#12630 = PCURVE('',#10502,#12631);
#12631 = DEFINITIONAL_REPRESENTATION('',(#12632),#12636);
#12632 = LINE('',#12633,#12634);
#12633 = CARTESIAN_POINT('',(0.,-1.9));
#12634 = VECTOR('',#12635,1.);
#12635 = DIRECTION('',(1.,0.));
#12636 = ( GEOMETRIC_REPRESENTATION_CONTEXT(2) 
PARAMETRIC_REPRESENTATION_CONTEXT() REPRESENTATION_CONTEXT('2D SPACE',''
  ) );
#12637 = PCURVE('',#12413,#12638);
#12638 = DEFINITIONAL_REPRESENTATION('',(#12639),#12643);
#12639 = LINE('',#12640,#12641);
#12640 = CARTESIAN_POINT('',(-1.25573683548,2.175));
#12641 = VECTOR('',#12642,1.);
#12642 = DIRECTION('',(-0.5,-0.866025403784));
#12643 = ( GEOMETRIC_REPRESENTATION_CONTEXT(2) 
PARAMETRIC_REPRESENTATION_CONTEXT() REPRESENTATION_CONTEXT('2D SPACE',''
  ) );
#12644 = ORIENTED_EDGE('',*,*,#12645,.F.);
#12645 = EDGE_CURVE('',#10461,#12623,#12646,.T.);
#12646 = SURFACE_CURVE('',#12647,(#12651,#12658),.PCURVE_S1.);
#12647 = LINE('',#12648,#12649);
#12648 = CARTESIAN_POINT('',(-40.01147367097,-24.5,16.9));
#12649 = VECTOR('',#12650,1.);
#12650 = DIRECTION('',(0.,0.,1.));
#12651 = PCURVE('',#10502,#12652);
#12652 = DEFINITIONAL_REPRESENTATION('',(#12653),#12657);
#12653 = LINE('',#12654,#12655);
#12654 = CARTESIAN_POINT('',(2.511473670976,0.));
#12655 = VECTOR('',#12656,1.);
#12656 = DIRECTION('',(0.,-1.));
#12657 = ( GEOMETRIC_REPRESENTATION_CONTEXT(2) 
PARAMETRIC_REPRESENTATION_CONTEXT() REPRESENTATION_CONTEXT('2D SPACE',''
  ) );
#12658 = PCURVE('',#10476,#12659);
#12659 = DEFINITIONAL_REPRESENTATION('',(#12660),#12664);
#12660 = LINE('',#12661,#12662);
#12661 = CARTESIAN_POINT('',(0.,0.));
#12662 = VECTOR('',#12663,1.);
#12663 = DIRECTION('',(0.,-1.));
#12664 = ( GEOMETRIC_REPRESENTATION_CONTEXT(2) 
PARAMETRIC_REPRESENTATION_CONTEXT() REPRESENTATION_CONTEXT('2D SPACE',''
  ) );
#12665 = ADVANCED_FACE('',(#12666),#10392,.T.);
#12666 = FACE_BOUND('',#12667,.T.);
#12667 = EDGE_LOOP('',(#12668,#12669,#12692,#12713));
#12668 = ORIENTED_EDGE('',*,*,#10376,.T.);
#12669 = ORIENTED_EDGE('',*,*,#12670,.T.);
#12670 = EDGE_CURVE('',#10377,#12671,#12673,.T.);
#12671 = VERTEX_POINT('',#12672);
#12672 = CARTESIAN_POINT('',(-34.98852632902,-24.5,18.8));
#12673 = SURFACE_CURVE('',#12674,(#12678,#12685),.PCURVE_S1.);
#12674 = LINE('',#12675,#12676);
#12675 = CARTESIAN_POINT('',(-34.98852632902,-24.5,16.9));
#12676 = VECTOR('',#12677,1.);
#12677 = DIRECTION('',(0.,0.,1.));
#12678 = PCURVE('',#10392,#12679);
#12679 = DEFINITIONAL_REPRESENTATION('',(#12680),#12684);
#12680 = LINE('',#12681,#12682);
#12681 = CARTESIAN_POINT('',(0.,0.));
#12682 = VECTOR('',#12683,1.);
#12683 = DIRECTION('',(0.,-1.));
#12684 = ( GEOMETRIC_REPRESENTATION_CONTEXT(2) 
PARAMETRIC_REPRESENTATION_CONTEXT() REPRESENTATION_CONTEXT('2D SPACE',''
  ) );
#12685 = PCURVE('',#10420,#12686);
#12686 = DEFINITIONAL_REPRESENTATION('',(#12687),#12691);
#12687 = LINE('',#12688,#12689);
#12688 = CARTESIAN_POINT('',(2.511473670976,0.));
#12689 = VECTOR('',#12690,1.);
#12690 = DIRECTION('',(0.,-1.));
#12691 = ( GEOMETRIC_REPRESENTATION_CONTEXT(2) 
PARAMETRIC_REPRESENTATION_CONTEXT() REPRESENTATION_CONTEXT('2D SPACE',''
  ) );
#12692 = ORIENTED_EDGE('',*,*,#12693,.T.);
#12693 = EDGE_CURVE('',#12671,#12551,#12694,.T.);
#12694 = SURFACE_CURVE('',#12695,(#12699,#12706),.PCURVE_S1.);
#12695 = LINE('',#12696,#12697);
#12696 = CARTESIAN_POINT('',(-34.98852632902,-24.5,18.8));
#12697 = VECTOR('',#12698,1.);
#12698 = DIRECTION('',(-0.5,0.866025403784,0.));
#12699 = PCURVE('',#10392,#12700);
#12700 = DEFINITIONAL_REPRESENTATION('',(#12701),#12705);
#12701 = LINE('',#12702,#12703);
#12702 = CARTESIAN_POINT('',(0.,-1.9));
#12703 = VECTOR('',#12704,1.);
#12704 = DIRECTION('',(1.,0.));
#12705 = ( GEOMETRIC_REPRESENTATION_CONTEXT(2) 
PARAMETRIC_REPRESENTATION_CONTEXT() REPRESENTATION_CONTEXT('2D SPACE',''
  ) );
#12706 = PCURVE('',#12413,#12707);
#12707 = DEFINITIONAL_REPRESENTATION('',(#12708),#12712);
#12708 = LINE('',#12709,#12710);
#12709 = CARTESIAN_POINT('',(2.51147367098,0.));
#12710 = VECTOR('',#12711,1.);
#12711 = DIRECTION('',(-0.5,0.866025403784));
#12712 = ( GEOMETRIC_REPRESENTATION_CONTEXT(2) 
PARAMETRIC_REPRESENTATION_CONTEXT() REPRESENTATION_CONTEXT('2D SPACE',''
  ) );
#12713 = ORIENTED_EDGE('',*,*,#12550,.F.);
#12714 = ADVANCED_FACE('',(#12715),#10476,.T.);
#12715 = FACE_BOUND('',#12716,.T.);
#12716 = EDGE_LOOP('',(#12717,#12718,#12719,#12742));
#12717 = ORIENTED_EDGE('',*,*,#10460,.T.);
#12718 = ORIENTED_EDGE('',*,*,#12645,.T.);
#12719 = ORIENTED_EDGE('',*,*,#12720,.T.);
#12720 = EDGE_CURVE('',#12623,#12721,#12723,.T.);
#12721 = VERTEX_POINT('',#12722);
#12722 = CARTESIAN_POINT('',(-38.75573683548,-26.675,18.8));
#12723 = SURFACE_CURVE('',#12724,(#12728,#12735),.PCURVE_S1.);
#12724 = LINE('',#12725,#12726);
#12725 = CARTESIAN_POINT('',(-40.01147367097,-24.5,18.8));
#12726 = VECTOR('',#12727,1.);
#12727 = DIRECTION('',(0.5,-0.866025403784,0.));
#12728 = PCURVE('',#10476,#12729);
#12729 = DEFINITIONAL_REPRESENTATION('',(#12730),#12734);
#12730 = LINE('',#12731,#12732);
#12731 = CARTESIAN_POINT('',(0.,-1.9));
#12732 = VECTOR('',#12733,1.);
#12733 = DIRECTION('',(1.,0.));
#12734 = ( GEOMETRIC_REPRESENTATION_CONTEXT(2) 
PARAMETRIC_REPRESENTATION_CONTEXT() REPRESENTATION_CONTEXT('2D SPACE',''
  ) );
#12735 = PCURVE('',#12413,#12736);
#12736 = DEFINITIONAL_REPRESENTATION('',(#12737),#12741);
#12737 = LINE('',#12738,#12739);
#12738 = CARTESIAN_POINT('',(-2.51147367097,0.));
#12739 = VECTOR('',#12740,1.);
#12740 = DIRECTION('',(0.5,-0.866025403784));
#12741 = ( GEOMETRIC_REPRESENTATION_CONTEXT(2) 
PARAMETRIC_REPRESENTATION_CONTEXT() REPRESENTATION_CONTEXT('2D SPACE',''
  ) );
#12742 = ORIENTED_EDGE('',*,*,#12743,.F.);
#12743 = EDGE_CURVE('',#10433,#12721,#12744,.T.);
#12744 = SURFACE_CURVE('',#12745,(#12749,#12756),.PCURVE_S1.);
#12745 = LINE('',#12746,#12747);
#12746 = CARTESIAN_POINT('',(-38.75573683548,-26.675,16.9));
#12747 = VECTOR('',#12748,1.);
#12748 = DIRECTION('',(0.,0.,1.));
#12749 = PCURVE('',#10476,#12750);
#12750 = DEFINITIONAL_REPRESENTATION('',(#12751),#12755);
#12751 = LINE('',#12752,#12753);
#12752 = CARTESIAN_POINT('',(2.511473670976,0.));
#12753 = VECTOR('',#12754,1.);
#12754 = DIRECTION('',(0.,-1.));
#12755 = ( GEOMETRIC_REPRESENTATION_CONTEXT(2) 
PARAMETRIC_REPRESENTATION_CONTEXT() REPRESENTATION_CONTEXT('2D SPACE',''
  ) );
#12756 = PCURVE('',#10448,#12757);
#12757 = DEFINITIONAL_REPRESENTATION('',(#12758),#12762);
#12758 = LINE('',#12759,#12760);
#12759 = CARTESIAN_POINT('',(0.,0.));
#12760 = VECTOR('',#12761,1.);
#12761 = DIRECTION('',(0.,-1.));
#12762 = ( GEOMETRIC_REPRESENTATION_CONTEXT(2) 
PARAMETRIC_REPRESENTATION_CONTEXT() REPRESENTATION_CONTEXT('2D SPACE',''
  ) );
#12763 = ADVANCED_FACE('',(#12764),#10420,.T.);
#12764 = FACE_BOUND('',#12765,.T.);
#12765 = EDGE_LOOP('',(#12766,#12767,#12790,#12811));
#12766 = ORIENTED_EDGE('',*,*,#10404,.T.);
#12767 = ORIENTED_EDGE('',*,*,#12768,.T.);
#12768 = EDGE_CURVE('',#10405,#12769,#12771,.T.);
#12769 = VERTEX_POINT('',#12770);
#12770 = CARTESIAN_POINT('',(-36.24426316451,-26.675,18.8));
#12771 = SURFACE_CURVE('',#12772,(#12776,#12783),.PCURVE_S1.);
#12772 = LINE('',#12773,#12774);
#12773 = CARTESIAN_POINT('',(-36.24426316451,-26.675,16.9));
#12774 = VECTOR('',#12775,1.);
#12775 = DIRECTION('',(0.,0.,1.));
#12776 = PCURVE('',#10420,#12777);
#12777 = DEFINITIONAL_REPRESENTATION('',(#12778),#12782);
#12778 = LINE('',#12779,#12780);
#12779 = CARTESIAN_POINT('',(0.,0.));
#12780 = VECTOR('',#12781,1.);
#12781 = DIRECTION('',(0.,-1.));
#12782 = ( GEOMETRIC_REPRESENTATION_CONTEXT(2) 
PARAMETRIC_REPRESENTATION_CONTEXT() REPRESENTATION_CONTEXT('2D SPACE',''
  ) );
#12783 = PCURVE('',#10448,#12784);
#12784 = DEFINITIONAL_REPRESENTATION('',(#12785),#12789);
#12785 = LINE('',#12786,#12787);
#12786 = CARTESIAN_POINT('',(2.51147367097,0.));
#12787 = VECTOR('',#12788,1.);
#12788 = DIRECTION('',(0.,-1.));
#12789 = ( GEOMETRIC_REPRESENTATION_CONTEXT(2) 
PARAMETRIC_REPRESENTATION_CONTEXT() REPRESENTATION_CONTEXT('2D SPACE',''
  ) );
#12790 = ORIENTED_EDGE('',*,*,#12791,.T.);
#12791 = EDGE_CURVE('',#12769,#12671,#12792,.T.);
#12792 = SURFACE_CURVE('',#12793,(#12797,#12804),.PCURVE_S1.);
#12793 = LINE('',#12794,#12795);
#12794 = CARTESIAN_POINT('',(-36.24426316451,-26.675,18.8));
#12795 = VECTOR('',#12796,1.);
#12796 = DIRECTION('',(0.5,0.866025403784,0.));
#12797 = PCURVE('',#10420,#12798);
#12798 = DEFINITIONAL_REPRESENTATION('',(#12799),#12803);
#12799 = LINE('',#12800,#12801);
#12800 = CARTESIAN_POINT('',(0.,-1.9));
#12801 = VECTOR('',#12802,1.);
#12802 = DIRECTION('',(1.,0.));
#12803 = ( GEOMETRIC_REPRESENTATION_CONTEXT(2) 
PARAMETRIC_REPRESENTATION_CONTEXT() REPRESENTATION_CONTEXT('2D SPACE',''
  ) );
#12804 = PCURVE('',#12413,#12805);
#12805 = DEFINITIONAL_REPRESENTATION('',(#12806),#12810);
#12806 = LINE('',#12807,#12808);
#12807 = CARTESIAN_POINT('',(1.25573683549,-2.175));
#12808 = VECTOR('',#12809,1.);
#12809 = DIRECTION('',(0.5,0.866025403784));
#12810 = ( GEOMETRIC_REPRESENTATION_CONTEXT(2) 
PARAMETRIC_REPRESENTATION_CONTEXT() REPRESENTATION_CONTEXT('2D SPACE',''
  ) );
#12811 = ORIENTED_EDGE('',*,*,#12670,.F.);
#12812 = ADVANCED_FACE('',(#12813),#10448,.T.);
#12813 = FACE_BOUND('',#12814,.T.);
#12814 = EDGE_LOOP('',(#12815,#12816,#12817,#12838));
#12815 = ORIENTED_EDGE('',*,*,#10432,.T.);
#12816 = ORIENTED_EDGE('',*,*,#12743,.T.);
#12817 = ORIENTED_EDGE('',*,*,#12818,.T.);
#12818 = EDGE_CURVE('',#12721,#12769,#12819,.T.);
#12819 = SURFACE_CURVE('',#12820,(#12824,#12831),.PCURVE_S1.);
#12820 = LINE('',#12821,#12822);
#12821 = CARTESIAN_POINT('',(-38.75573683548,-26.675,18.8));
#12822 = VECTOR('',#12823,1.);
#12823 = DIRECTION('',(1.,-7.07296620279E-16,0.));
#12824 = PCURVE('',#10448,#12825);
#12825 = DEFINITIONAL_REPRESENTATION('',(#12826),#12830);
#12826 = LINE('',#12827,#12828);
#12827 = CARTESIAN_POINT('',(0.,-1.9));
#12828 = VECTOR('',#12829,1.);
#12829 = DIRECTION('',(1.,0.));
#12830 = ( GEOMETRIC_REPRESENTATION_CONTEXT(2) 
PARAMETRIC_REPRESENTATION_CONTEXT() REPRESENTATION_CONTEXT('2D SPACE',''
  ) );
#12831 = PCURVE('',#12413,#12832);
#12832 = DEFINITIONAL_REPRESENTATION('',(#12833),#12837);
#12833 = LINE('',#12834,#12835);
#12834 = CARTESIAN_POINT('',(-1.25573683548,-2.175));
#12835 = VECTOR('',#12836,1.);
#12836 = DIRECTION('',(1.,-7.07296620279E-16));
#12837 = ( GEOMETRIC_REPRESENTATION_CONTEXT(2) 
PARAMETRIC_REPRESENTATION_CONTEXT() REPRESENTATION_CONTEXT('2D SPACE',''
  ) );
#12838 = ORIENTED_EDGE('',*,*,#12768,.F.);
#12839 = ADVANCED_FACE('',(#12840),#10533,.F.);
#12840 = FACE_BOUND('',#12841,.F.);
#12841 = EDGE_LOOP('',(#12842,#12843,#12864,#12865));
#12842 = ORIENTED_EDGE('',*,*,#12054,.F.);
#12843 = ORIENTED_EDGE('',*,*,#12844,.F.);
#12844 = EDGE_CURVE('',#10517,#12032,#12845,.T.);
#12845 = SEAM_CURVE('',#12846,(#12850,#12857),.PCURVE_S1.);
#12846 = LINE('',#12847,#12848);
#12847 = CARTESIAN_POINT('',(-9.55,-8.,16.8));
#12848 = VECTOR('',#12849,1.);
#12849 = DIRECTION('',(0.,0.,1.));
#12850 = PCURVE('',#10533,#12851);
#12851 = DEFINITIONAL_REPRESENTATION('',(#12852),#12856);
#12852 = LINE('',#12853,#12854);
#12853 = CARTESIAN_POINT('',(0.,-0.));
#12854 = VECTOR('',#12855,1.);
#12855 = DIRECTION('',(0.,1.));
#12856 = ( GEOMETRIC_REPRESENTATION_CONTEXT(2) 
PARAMETRIC_REPRESENTATION_CONTEXT() REPRESENTATION_CONTEXT('2D SPACE',''
  ) );
#12857 = PCURVE('',#10533,#12858);
#12858 = DEFINITIONAL_REPRESENTATION('',(#12859),#12863);
#12859 = LINE('',#12860,#12861);
#12860 = CARTESIAN_POINT('',(6.28318530718,-0.));
#12861 = VECTOR('',#12862,1.);
#12862 = DIRECTION('',(0.,1.));
#12863 = ( GEOMETRIC_REPRESENTATION_CONTEXT(2) 
PARAMETRIC_REPRESENTATION_CONTEXT() REPRESENTATION_CONTEXT('2D SPACE',''
  ) );
#12864 = ORIENTED_EDGE('',*,*,#10516,.T.);
#12865 = ORIENTED_EDGE('',*,*,#12844,.T.);
#12866 = ADVANCED_FACE('',(#12867),#10565,.T.);
#12867 = FACE_BOUND('',#12868,.T.);
#12868 = EDGE_LOOP('',(#12869,#12870,#12893,#12916));
#12869 = ORIENTED_EDGE('',*,*,#10547,.T.);
#12870 = ORIENTED_EDGE('',*,*,#12871,.T.);
#12871 = EDGE_CURVE('',#10550,#12872,#12874,.T.);
#12872 = VERTEX_POINT('',#12873);
#12873 = CARTESIAN_POINT('',(38.755736835487,-22.325,18.8));
#12874 = SURFACE_CURVE('',#12875,(#12879,#12886),.PCURVE_S1.);
#12875 = LINE('',#12876,#12877);
#12876 = CARTESIAN_POINT('',(38.755736835487,-22.325,16.9));
#12877 = VECTOR('',#12878,1.);
#12878 = DIRECTION('',(0.,0.,1.));
#12879 = PCURVE('',#10565,#12880);
#12880 = DEFINITIONAL_REPRESENTATION('',(#12881),#12885);
#12881 = LINE('',#12882,#12883);
#12882 = CARTESIAN_POINT('',(0.,0.));
#12883 = VECTOR('',#12884,1.);
#12884 = DIRECTION('',(0.,-1.));
#12885 = ( GEOMETRIC_REPRESENTATION_CONTEXT(2) 
PARAMETRIC_REPRESENTATION_CONTEXT() REPRESENTATION_CONTEXT('2D SPACE',''
  ) );
#12886 = PCURVE('',#10593,#12887);
#12887 = DEFINITIONAL_REPRESENTATION('',(#12888),#12892);
#12888 = LINE('',#12889,#12890);
#12889 = CARTESIAN_POINT('',(2.511473670975,0.));
#12890 = VECTOR('',#12891,1.);
#12891 = DIRECTION('',(0.,-1.));
#12892 = ( GEOMETRIC_REPRESENTATION_CONTEXT(2) 
PARAMETRIC_REPRESENTATION_CONTEXT() REPRESENTATION_CONTEXT('2D SPACE',''
  ) );
#12893 = ORIENTED_EDGE('',*,*,#12894,.T.);
#12894 = EDGE_CURVE('',#12872,#12895,#12897,.T.);
#12895 = VERTEX_POINT('',#12896);
#12896 = CARTESIAN_POINT('',(36.244263164513,-22.325,18.8));
#12897 = SURFACE_CURVE('',#12898,(#12902,#12909),.PCURVE_S1.);
#12898 = LINE('',#12899,#12900);
#12899 = CARTESIAN_POINT('',(38.755736835487,-22.325,18.8));
#12900 = VECTOR('',#12901,1.);
#12901 = DIRECTION('',(-1.,1.768241550698E-16,0.));
#12902 = PCURVE('',#10565,#12903);
#12903 = DEFINITIONAL_REPRESENTATION('',(#12904),#12908);
#12904 = LINE('',#12905,#12906);
#12905 = CARTESIAN_POINT('',(0.,-1.9));
#12906 = VECTOR('',#12907,1.);
#12907 = DIRECTION('',(1.,0.));
#12908 = ( GEOMETRIC_REPRESENTATION_CONTEXT(2) 
PARAMETRIC_REPRESENTATION_CONTEXT() REPRESENTATION_CONTEXT('2D SPACE',''
  ) );
#12909 = PCURVE('',#12468,#12910);
#12910 = DEFINITIONAL_REPRESENTATION('',(#12911),#12915);
#12911 = LINE('',#12912,#12913);
#12912 = CARTESIAN_POINT('',(1.255736835487,2.175));
#12913 = VECTOR('',#12914,1.);
#12914 = DIRECTION('',(-1.,1.768241550698E-16));
#12915 = ( GEOMETRIC_REPRESENTATION_CONTEXT(2) 
PARAMETRIC_REPRESENTATION_CONTEXT() REPRESENTATION_CONTEXT('2D SPACE',''
  ) );
#12916 = ORIENTED_EDGE('',*,*,#12917,.F.);
#12917 = EDGE_CURVE('',#10548,#12895,#12918,.T.);
#12918 = SURFACE_CURVE('',#12919,(#12923,#12930),.PCURVE_S1.);
#12919 = LINE('',#12920,#12921);
#12920 = CARTESIAN_POINT('',(36.244263164513,-22.325,16.9));
#12921 = VECTOR('',#12922,1.);
#12922 = DIRECTION('',(0.,0.,1.));
#12923 = PCURVE('',#10565,#12924);
#12924 = DEFINITIONAL_REPRESENTATION('',(#12925),#12929);
#12925 = LINE('',#12926,#12927);
#12926 = CARTESIAN_POINT('',(2.511473670974,0.));
#12927 = VECTOR('',#12928,1.);
#12928 = DIRECTION('',(0.,-1.));
#12929 = ( GEOMETRIC_REPRESENTATION_CONTEXT(2) 
PARAMETRIC_REPRESENTATION_CONTEXT() REPRESENTATION_CONTEXT('2D SPACE',''
  ) );
#12930 = PCURVE('',#10703,#12931);
#12931 = DEFINITIONAL_REPRESENTATION('',(#12932),#12936);
#12932 = LINE('',#12933,#12934);
#12933 = CARTESIAN_POINT('',(0.,0.));
#12934 = VECTOR('',#12935,1.);
#12935 = DIRECTION('',(0.,-1.));
#12936 = ( GEOMETRIC_REPRESENTATION_CONTEXT(2) 
PARAMETRIC_REPRESENTATION_CONTEXT() REPRESENTATION_CONTEXT('2D SPACE',''
  ) );
#12937 = ADVANCED_FACE('',(#12938),#10703,.T.);
#12938 = FACE_BOUND('',#12939,.T.);
#12939 = EDGE_LOOP('',(#12940,#12941,#12942,#12965));
#12940 = ORIENTED_EDGE('',*,*,#10689,.T.);
#12941 = ORIENTED_EDGE('',*,*,#12917,.T.);
#12942 = ORIENTED_EDGE('',*,*,#12943,.T.);
#12943 = EDGE_CURVE('',#12895,#12944,#12946,.T.);
#12944 = VERTEX_POINT('',#12945);
#12945 = CARTESIAN_POINT('',(34.988526329025,-24.5,18.8));
#12946 = SURFACE_CURVE('',#12947,(#12951,#12958),.PCURVE_S1.);
#12947 = LINE('',#12948,#12949);
#12948 = CARTESIAN_POINT('',(36.244263164513,-22.325,18.8));
#12949 = VECTOR('',#12950,1.);
#12950 = DIRECTION('',(-0.5,-0.866025403784,0.));
#12951 = PCURVE('',#10703,#12952);
#12952 = DEFINITIONAL_REPRESENTATION('',(#12953),#12957);
#12953 = LINE('',#12954,#12955);
#12954 = CARTESIAN_POINT('',(0.,-1.9));
#12955 = VECTOR('',#12956,1.);
#12956 = DIRECTION('',(1.,0.));
#12957 = ( GEOMETRIC_REPRESENTATION_CONTEXT(2) 
PARAMETRIC_REPRESENTATION_CONTEXT() REPRESENTATION_CONTEXT('2D SPACE',''
  ) );
#12958 = PCURVE('',#12468,#12959);
#12959 = DEFINITIONAL_REPRESENTATION('',(#12960),#12964);
#12960 = LINE('',#12961,#12962);
#12961 = CARTESIAN_POINT('',(-1.255736835487,2.175));
#12962 = VECTOR('',#12963,1.);
#12963 = DIRECTION('',(-0.5,-0.866025403784));
#12964 = ( GEOMETRIC_REPRESENTATION_CONTEXT(2) 
PARAMETRIC_REPRESENTATION_CONTEXT() REPRESENTATION_CONTEXT('2D SPACE',''
  ) );
#12965 = ORIENTED_EDGE('',*,*,#12966,.F.);
#12966 = EDGE_CURVE('',#10662,#12944,#12967,.T.);
#12967 = SURFACE_CURVE('',#12968,(#12972,#12979),.PCURVE_S1.);
#12968 = LINE('',#12969,#12970);
#12969 = CARTESIAN_POINT('',(34.988526329025,-24.5,16.9));
#12970 = VECTOR('',#12971,1.);
#12971 = DIRECTION('',(0.,0.,1.));
#12972 = PCURVE('',#10703,#12973);
#12973 = DEFINITIONAL_REPRESENTATION('',(#12974),#12978);
#12974 = LINE('',#12975,#12976);
#12975 = CARTESIAN_POINT('',(2.511473670975,0.));
#12976 = VECTOR('',#12977,1.);
#12977 = DIRECTION('',(0.,-1.));
#12978 = ( GEOMETRIC_REPRESENTATION_CONTEXT(2) 
PARAMETRIC_REPRESENTATION_CONTEXT() REPRESENTATION_CONTEXT('2D SPACE',''
  ) );
#12979 = PCURVE('',#10677,#12980);
#12980 = DEFINITIONAL_REPRESENTATION('',(#12981),#12985);
#12981 = LINE('',#12982,#12983);
#12982 = CARTESIAN_POINT('',(0.,0.));
#12983 = VECTOR('',#12984,1.);
#12984 = DIRECTION('',(0.,-1.));
#12985 = ( GEOMETRIC_REPRESENTATION_CONTEXT(2) 
PARAMETRIC_REPRESENTATION_CONTEXT() REPRESENTATION_CONTEXT('2D SPACE',''
  ) );
#12986 = ADVANCED_FACE('',(#12987),#10593,.T.);
#12987 = FACE_BOUND('',#12988,.T.);
#12988 = EDGE_LOOP('',(#12989,#12990,#13013,#13034));
#12989 = ORIENTED_EDGE('',*,*,#10577,.T.);
#12990 = ORIENTED_EDGE('',*,*,#12991,.T.);
#12991 = EDGE_CURVE('',#10578,#12992,#12994,.T.);
#12992 = VERTEX_POINT('',#12993);
#12993 = CARTESIAN_POINT('',(40.011473670975,-24.5,18.8));
#12994 = SURFACE_CURVE('',#12995,(#12999,#13006),.PCURVE_S1.);
#12995 = LINE('',#12996,#12997);
#12996 = CARTESIAN_POINT('',(40.011473670975,-24.5,16.9));
#12997 = VECTOR('',#12998,1.);
#12998 = DIRECTION('',(0.,0.,1.));
#12999 = PCURVE('',#10593,#13000);
#13000 = DEFINITIONAL_REPRESENTATION('',(#13001),#13005);
#13001 = LINE('',#13002,#13003);
#13002 = CARTESIAN_POINT('',(0.,0.));
#13003 = VECTOR('',#13004,1.);
#13004 = DIRECTION('',(0.,-1.));
#13005 = ( GEOMETRIC_REPRESENTATION_CONTEXT(2) 
PARAMETRIC_REPRESENTATION_CONTEXT() REPRESENTATION_CONTEXT('2D SPACE',''
  ) );
#13006 = PCURVE('',#10621,#13007);
#13007 = DEFINITIONAL_REPRESENTATION('',(#13008),#13012);
#13008 = LINE('',#13009,#13010);
#13009 = CARTESIAN_POINT('',(2.511473670975,0.));
#13010 = VECTOR('',#13011,1.);
#13011 = DIRECTION('',(0.,-1.));
#13012 = ( GEOMETRIC_REPRESENTATION_CONTEXT(2) 
PARAMETRIC_REPRESENTATION_CONTEXT() REPRESENTATION_CONTEXT('2D SPACE',''
  ) );
#13013 = ORIENTED_EDGE('',*,*,#13014,.T.);
#13014 = EDGE_CURVE('',#12992,#12872,#13015,.T.);
#13015 = SURFACE_CURVE('',#13016,(#13020,#13027),.PCURVE_S1.);
#13016 = LINE('',#13017,#13018);
#13017 = CARTESIAN_POINT('',(40.011473670975,-24.5,18.8));
#13018 = VECTOR('',#13019,1.);
#13019 = DIRECTION('',(-0.5,0.866025403784,0.));
#13020 = PCURVE('',#10593,#13021);
#13021 = DEFINITIONAL_REPRESENTATION('',(#13022),#13026);
#13022 = LINE('',#13023,#13024);
#13023 = CARTESIAN_POINT('',(0.,-1.9));
#13024 = VECTOR('',#13025,1.);
#13025 = DIRECTION('',(1.,0.));
#13026 = ( GEOMETRIC_REPRESENTATION_CONTEXT(2) 
PARAMETRIC_REPRESENTATION_CONTEXT() REPRESENTATION_CONTEXT('2D SPACE',''
  ) );
#13027 = PCURVE('',#12468,#13028);
#13028 = DEFINITIONAL_REPRESENTATION('',(#13029),#13033);
#13029 = LINE('',#13030,#13031);
#13030 = CARTESIAN_POINT('',(2.511473670975,0.));
#13031 = VECTOR('',#13032,1.);
#13032 = DIRECTION('',(-0.5,0.866025403784));
#13033 = ( GEOMETRIC_REPRESENTATION_CONTEXT(2) 
PARAMETRIC_REPRESENTATION_CONTEXT() REPRESENTATION_CONTEXT('2D SPACE',''
  ) );
#13034 = ORIENTED_EDGE('',*,*,#12871,.F.);
#13035 = ADVANCED_FACE('',(#13036),#10677,.T.);
#13036 = FACE_BOUND('',#13037,.T.);
#13037 = EDGE_LOOP('',(#13038,#13039,#13040,#13063));
#13038 = ORIENTED_EDGE('',*,*,#10661,.T.);
#13039 = ORIENTED_EDGE('',*,*,#12966,.T.);
#13040 = ORIENTED_EDGE('',*,*,#13041,.T.);
#13041 = EDGE_CURVE('',#12944,#13042,#13044,.T.);
#13042 = VERTEX_POINT('',#13043);
#13043 = CARTESIAN_POINT('',(36.244263164513,-26.675,18.8));
#13044 = SURFACE_CURVE('',#13045,(#13049,#13056),.PCURVE_S1.);
#13045 = LINE('',#13046,#13047);
#13046 = CARTESIAN_POINT('',(34.988526329025,-24.5,18.8));
#13047 = VECTOR('',#13048,1.);
#13048 = DIRECTION('',(0.5,-0.866025403784,0.));
#13049 = PCURVE('',#10677,#13050);
#13050 = DEFINITIONAL_REPRESENTATION('',(#13051),#13055);
#13051 = LINE('',#13052,#13053);
#13052 = CARTESIAN_POINT('',(0.,-1.9));
#13053 = VECTOR('',#13054,1.);
#13054 = DIRECTION('',(1.,0.));
#13055 = ( GEOMETRIC_REPRESENTATION_CONTEXT(2) 
PARAMETRIC_REPRESENTATION_CONTEXT() REPRESENTATION_CONTEXT('2D SPACE',''
  ) );
#13056 = PCURVE('',#12468,#13057);
#13057 = DEFINITIONAL_REPRESENTATION('',(#13058),#13062);
#13058 = LINE('',#13059,#13060);
#13059 = CARTESIAN_POINT('',(-2.511473670975,0.));
#13060 = VECTOR('',#13061,1.);
#13061 = DIRECTION('',(0.5,-0.866025403784));
#13062 = ( GEOMETRIC_REPRESENTATION_CONTEXT(2) 
PARAMETRIC_REPRESENTATION_CONTEXT() REPRESENTATION_CONTEXT('2D SPACE',''
  ) );
#13063 = ORIENTED_EDGE('',*,*,#13064,.F.);
#13064 = EDGE_CURVE('',#10634,#13042,#13065,.T.);
#13065 = SURFACE_CURVE('',#13066,(#13070,#13077),.PCURVE_S1.);
#13066 = LINE('',#13067,#13068);
#13067 = CARTESIAN_POINT('',(36.244263164513,-26.675,16.9));
#13068 = VECTOR('',#13069,1.);
#13069 = DIRECTION('',(0.,0.,1.));
#13070 = PCURVE('',#10677,#13071);
#13071 = DEFINITIONAL_REPRESENTATION('',(#13072),#13076);
#13072 = LINE('',#13073,#13074);
#13073 = CARTESIAN_POINT('',(2.511473670975,0.));
#13074 = VECTOR('',#13075,1.);
#13075 = DIRECTION('',(0.,-1.));
#13076 = ( GEOMETRIC_REPRESENTATION_CONTEXT(2) 
PARAMETRIC_REPRESENTATION_CONTEXT() REPRESENTATION_CONTEXT('2D SPACE',''
  ) );
#13077 = PCURVE('',#10649,#13078);
#13078 = DEFINITIONAL_REPRESENTATION('',(#13079),#13083);
#13079 = LINE('',#13080,#13081);
#13080 = CARTESIAN_POINT('',(0.,0.));
#13081 = VECTOR('',#13082,1.);
#13082 = DIRECTION('',(0.,-1.));
#13083 = ( GEOMETRIC_REPRESENTATION_CONTEXT(2) 
PARAMETRIC_REPRESENTATION_CONTEXT() REPRESENTATION_CONTEXT('2D SPACE',''
  ) );
#13084 = ADVANCED_FACE('',(#13085),#10621,.T.);
#13085 = FACE_BOUND('',#13086,.T.);
#13086 = EDGE_LOOP('',(#13087,#13088,#13111,#13132));
#13087 = ORIENTED_EDGE('',*,*,#10605,.T.);
#13088 = ORIENTED_EDGE('',*,*,#13089,.T.);
#13089 = EDGE_CURVE('',#10606,#13090,#13092,.T.);
#13090 = VERTEX_POINT('',#13091);
#13091 = CARTESIAN_POINT('',(38.755736835487,-26.675,18.8));
#13092 = SURFACE_CURVE('',#13093,(#13097,#13104),.PCURVE_S1.);
#13093 = LINE('',#13094,#13095);
#13094 = CARTESIAN_POINT('',(38.755736835487,-26.675,16.9));
#13095 = VECTOR('',#13096,1.);
#13096 = DIRECTION('',(0.,0.,1.));
#13097 = PCURVE('',#10621,#13098);
#13098 = DEFINITIONAL_REPRESENTATION('',(#13099),#13103);
#13099 = LINE('',#13100,#13101);
#13100 = CARTESIAN_POINT('',(0.,0.));
#13101 = VECTOR('',#13102,1.);
#13102 = DIRECTION('',(0.,-1.));
#13103 = ( GEOMETRIC_REPRESENTATION_CONTEXT(2) 
PARAMETRIC_REPRESENTATION_CONTEXT() REPRESENTATION_CONTEXT('2D SPACE',''
  ) );
#13104 = PCURVE('',#10649,#13105);
#13105 = DEFINITIONAL_REPRESENTATION('',(#13106),#13110);
#13106 = LINE('',#13107,#13108);
#13107 = CARTESIAN_POINT('',(2.511473670974,0.));
#13108 = VECTOR('',#13109,1.);
#13109 = DIRECTION('',(0.,-1.));
#13110 = ( GEOMETRIC_REPRESENTATION_CONTEXT(2) 
PARAMETRIC_REPRESENTATION_CONTEXT() REPRESENTATION_CONTEXT('2D SPACE',''
  ) );
#13111 = ORIENTED_EDGE('',*,*,#13112,.T.);
#13112 = EDGE_CURVE('',#13090,#12992,#13113,.T.);
#13113 = SURFACE_CURVE('',#13114,(#13118,#13125),.PCURVE_S1.);
#13114 = LINE('',#13115,#13116);
#13115 = CARTESIAN_POINT('',(38.755736835487,-26.675,18.8));
#13116 = VECTOR('',#13117,1.);
#13117 = DIRECTION('',(0.5,0.866025403784,0.));
#13118 = PCURVE('',#10621,#13119);
#13119 = DEFINITIONAL_REPRESENTATION('',(#13120),#13124);
#13120 = LINE('',#13121,#13122);
#13121 = CARTESIAN_POINT('',(0.,-1.9));
#13122 = VECTOR('',#13123,1.);
#13123 = DIRECTION('',(1.,0.));
#13124 = ( GEOMETRIC_REPRESENTATION_CONTEXT(2) 
PARAMETRIC_REPRESENTATION_CONTEXT() REPRESENTATION_CONTEXT('2D SPACE',''
  ) );
#13125 = PCURVE('',#12468,#13126);
#13126 = DEFINITIONAL_REPRESENTATION('',(#13127),#13131);
#13127 = LINE('',#13128,#13129);
#13128 = CARTESIAN_POINT('',(1.255736835487,-2.175));
#13129 = VECTOR('',#13130,1.);
#13130 = DIRECTION('',(0.5,0.866025403784));
#13131 = ( GEOMETRIC_REPRESENTATION_CONTEXT(2) 
PARAMETRIC_REPRESENTATION_CONTEXT() REPRESENTATION_CONTEXT('2D SPACE',''
  ) );
#13132 = ORIENTED_EDGE('',*,*,#12991,.F.);
#13133 = ADVANCED_FACE('',(#13134),#10649,.T.);
#13134 = FACE_BOUND('',#13135,.T.);
#13135 = EDGE_LOOP('',(#13136,#13137,#13138,#13159));
#13136 = ORIENTED_EDGE('',*,*,#10633,.T.);
#13137 = ORIENTED_EDGE('',*,*,#13064,.T.);
#13138 = ORIENTED_EDGE('',*,*,#13139,.T.);
#13139 = EDGE_CURVE('',#13042,#13090,#13140,.T.);
#13140 = SURFACE_CURVE('',#13141,(#13145,#13152),.PCURVE_S1.);
#13141 = LINE('',#13142,#13143);
#13142 = CARTESIAN_POINT('',(36.244263164513,-26.675,18.8));
#13143 = VECTOR('',#13144,1.);
#13144 = DIRECTION('',(1.,-7.07296620279E-16,0.));
#13145 = PCURVE('',#10649,#13146);
#13146 = DEFINITIONAL_REPRESENTATION('',(#13147),#13151);
#13147 = LINE('',#13148,#13149);
#13148 = CARTESIAN_POINT('',(0.,-1.9));
#13149 = VECTOR('',#13150,1.);
#13150 = DIRECTION('',(1.,0.));
#13151 = ( GEOMETRIC_REPRESENTATION_CONTEXT(2) 
PARAMETRIC_REPRESENTATION_CONTEXT() REPRESENTATION_CONTEXT('2D SPACE',''
  ) );
#13152 = PCURVE('',#12468,#13153);
#13153 = DEFINITIONAL_REPRESENTATION('',(#13154),#13158);
#13154 = LINE('',#13155,#13156);
#13155 = CARTESIAN_POINT('',(-1.255736835487,-2.175));
#13156 = VECTOR('',#13157,1.);
#13157 = DIRECTION('',(1.,-7.07296620279E-16));
#13158 = ( GEOMETRIC_REPRESENTATION_CONTEXT(2) 
PARAMETRIC_REPRESENTATION_CONTEXT() REPRESENTATION_CONTEXT('2D SPACE',''
  ) );
#13159 = ORIENTED_EDGE('',*,*,#13089,.F.);
#13160 = ADVANCED_FACE('',(#13161),#10734,.F.);
#13161 = FACE_BOUND('',#13162,.F.);
#13162 = EDGE_LOOP('',(#13163,#13164,#13185,#13186));
#13163 = ORIENTED_EDGE('',*,*,#12104,.F.);
#13164 = ORIENTED_EDGE('',*,*,#13165,.F.);
#13165 = EDGE_CURVE('',#10718,#12082,#13166,.T.);
#13166 = SEAM_CURVE('',#13167,(#13171,#13178),.PCURVE_S1.);
#13167 = LINE('',#13168,#13169);
#13168 = CARTESIAN_POINT('',(12.45,-8.,16.8));
#13169 = VECTOR('',#13170,1.);
#13170 = DIRECTION('',(0.,0.,1.));
#13171 = PCURVE('',#10734,#13172);
#13172 = DEFINITIONAL_REPRESENTATION('',(#13173),#13177);
#13173 = LINE('',#13174,#13175);
#13174 = CARTESIAN_POINT('',(0.,-0.));
#13175 = VECTOR('',#13176,1.);
#13176 = DIRECTION('',(0.,1.));
#13177 = ( GEOMETRIC_REPRESENTATION_CONTEXT(2) 
PARAMETRIC_REPRESENTATION_CONTEXT() REPRESENTATION_CONTEXT('2D SPACE',''
  ) );
#13178 = PCURVE('',#10734,#13179);
#13179 = DEFINITIONAL_REPRESENTATION('',(#13180),#13184);
#13180 = LINE('',#13181,#13182);
#13181 = CARTESIAN_POINT('',(6.28318530718,-0.));
#13182 = VECTOR('',#13183,1.);
#13183 = DIRECTION('',(0.,1.));
#13184 = ( GEOMETRIC_REPRESENTATION_CONTEXT(2) 
PARAMETRIC_REPRESENTATION_CONTEXT() REPRESENTATION_CONTEXT('2D SPACE',''
  ) );
#13185 = ORIENTED_EDGE('',*,*,#10717,.T.);
#13186 = ORIENTED_EDGE('',*,*,#13165,.T.);
#13187 = ADVANCED_FACE('',(#13188),#10860,.T.);
#13188 = FACE_BOUND('',#13189,.T.);
#13189 = EDGE_LOOP('',(#13190,#13191,#13214,#13242));
#13190 = ORIENTED_EDGE('',*,*,#10842,.T.);
#13191 = ORIENTED_EDGE('',*,*,#13192,.T.);
#13192 = EDGE_CURVE('',#10845,#13193,#13195,.T.);
#13193 = VERTEX_POINT('',#13194);
#13194 = CARTESIAN_POINT('',(-36.24426316451,26.675,18.8));
#13195 = SURFACE_CURVE('',#13196,(#13200,#13207),.PCURVE_S1.);
#13196 = LINE('',#13197,#13198);
#13197 = CARTESIAN_POINT('',(-36.24426316451,26.675,16.9));
#13198 = VECTOR('',#13199,1.);
#13199 = DIRECTION('',(0.,0.,1.));
#13200 = PCURVE('',#10860,#13201);
#13201 = DEFINITIONAL_REPRESENTATION('',(#13202),#13206);
#13202 = LINE('',#13203,#13204);
#13203 = CARTESIAN_POINT('',(0.,0.));
#13204 = VECTOR('',#13205,1.);
#13205 = DIRECTION('',(0.,-1.));
#13206 = ( GEOMETRIC_REPRESENTATION_CONTEXT(2) 
PARAMETRIC_REPRESENTATION_CONTEXT() REPRESENTATION_CONTEXT('2D SPACE',''
  ) );
#13207 = PCURVE('',#10888,#13208);
#13208 = DEFINITIONAL_REPRESENTATION('',(#13209),#13213);
#13209 = LINE('',#13210,#13211);
#13210 = CARTESIAN_POINT('',(2.511473670976,0.));
#13211 = VECTOR('',#13212,1.);
#13212 = DIRECTION('',(0.,-1.));
#13213 = ( GEOMETRIC_REPRESENTATION_CONTEXT(2) 
PARAMETRIC_REPRESENTATION_CONTEXT() REPRESENTATION_CONTEXT('2D SPACE',''
  ) );
#13214 = ORIENTED_EDGE('',*,*,#13215,.T.);
#13215 = EDGE_CURVE('',#13193,#13216,#13218,.T.);
#13216 = VERTEX_POINT('',#13217);
#13217 = CARTESIAN_POINT('',(-38.75573683548,26.675,18.8));
#13218 = SURFACE_CURVE('',#13219,(#13223,#13230),.PCURVE_S1.);
#13219 = LINE('',#13220,#13221);
#13220 = CARTESIAN_POINT('',(-36.24426316451,26.675,18.8));
#13221 = VECTOR('',#13222,1.);
#13222 = DIRECTION('',(-1.,1.768241550698E-16,0.));
#13223 = PCURVE('',#10860,#13224);
#13224 = DEFINITIONAL_REPRESENTATION('',(#13225),#13229);
#13225 = LINE('',#13226,#13227);
#13226 = CARTESIAN_POINT('',(0.,-1.9));
#13227 = VECTOR('',#13228,1.);
#13228 = DIRECTION('',(1.,0.));
#13229 = ( GEOMETRIC_REPRESENTATION_CONTEXT(2) 
PARAMETRIC_REPRESENTATION_CONTEXT() REPRESENTATION_CONTEXT('2D SPACE',''
  ) );
#13230 = PCURVE('',#13231,#13236);
#13231 = PLANE('',#13232);
#13232 = AXIS2_PLACEMENT_3D('',#13233,#13234,#13235);
#13233 = CARTESIAN_POINT('',(-37.5,24.5,18.8));
#13234 = DIRECTION('',(0.,0.,1.));
#13235 = DIRECTION('',(1.,0.,-0.));
#13236 = DEFINITIONAL_REPRESENTATION('',(#13237),#13241);
#13237 = LINE('',#13238,#13239);
#13238 = CARTESIAN_POINT('',(1.25573683549,2.175));
#13239 = VECTOR('',#13240,1.);
#13240 = DIRECTION('',(-1.,1.768241550698E-16));
#13241 = ( GEOMETRIC_REPRESENTATION_CONTEXT(2) 
PARAMETRIC_REPRESENTATION_CONTEXT() REPRESENTATION_CONTEXT('2D SPACE',''
  ) );
#13242 = ORIENTED_EDGE('',*,*,#13243,.F.);
#13243 = EDGE_CURVE('',#10843,#13216,#13244,.T.);
#13244 = SURFACE_CURVE('',#13245,(#13249,#13256),.PCURVE_S1.);
#13245 = LINE('',#13246,#13247);
#13246 = CARTESIAN_POINT('',(-38.75573683548,26.675,16.9));
#13247 = VECTOR('',#13248,1.);
#13248 = DIRECTION('',(0.,0.,1.));
#13249 = PCURVE('',#10860,#13250);
#13250 = DEFINITIONAL_REPRESENTATION('',(#13251),#13255);
#13251 = LINE('',#13252,#13253);
#13252 = CARTESIAN_POINT('',(2.51147367097,0.));
#13253 = VECTOR('',#13254,1.);
#13254 = DIRECTION('',(0.,-1.));
#13255 = ( GEOMETRIC_REPRESENTATION_CONTEXT(2) 
PARAMETRIC_REPRESENTATION_CONTEXT() REPRESENTATION_CONTEXT('2D SPACE',''
  ) );
#13256 = PCURVE('',#10998,#13257);
#13257 = DEFINITIONAL_REPRESENTATION('',(#13258),#13262);
#13258 = LINE('',#13259,#13260);
#13259 = CARTESIAN_POINT('',(0.,0.));
#13260 = VECTOR('',#13261,1.);
#13261 = DIRECTION('',(0.,-1.));
#13262 = ( GEOMETRIC_REPRESENTATION_CONTEXT(2) 
PARAMETRIC_REPRESENTATION_CONTEXT() REPRESENTATION_CONTEXT('2D SPACE',''
  ) );
#13263 = ADVANCED_FACE('',(#13264),#10998,.T.);
#13264 = FACE_BOUND('',#13265,.T.);
#13265 = EDGE_LOOP('',(#13266,#13267,#13268,#13291));
#13266 = ORIENTED_EDGE('',*,*,#10984,.T.);
#13267 = ORIENTED_EDGE('',*,*,#13243,.T.);
#13268 = ORIENTED_EDGE('',*,*,#13269,.T.);
#13269 = EDGE_CURVE('',#13216,#13270,#13272,.T.);
#13270 = VERTEX_POINT('',#13271);
#13271 = CARTESIAN_POINT('',(-40.01147367097,24.5,18.8));
#13272 = SURFACE_CURVE('',#13273,(#13277,#13284),.PCURVE_S1.);
#13273 = LINE('',#13274,#13275);
#13274 = CARTESIAN_POINT('',(-38.75573683548,26.675,18.8));
#13275 = VECTOR('',#13276,1.);
#13276 = DIRECTION('',(-0.5,-0.866025403784,0.));
#13277 = PCURVE('',#10998,#13278);
#13278 = DEFINITIONAL_REPRESENTATION('',(#13279),#13283);
#13279 = LINE('',#13280,#13281);
#13280 = CARTESIAN_POINT('',(0.,-1.9));
#13281 = VECTOR('',#13282,1.);
#13282 = DIRECTION('',(1.,0.));
#13283 = ( GEOMETRIC_REPRESENTATION_CONTEXT(2) 
PARAMETRIC_REPRESENTATION_CONTEXT() REPRESENTATION_CONTEXT('2D SPACE',''
  ) );
#13284 = PCURVE('',#13231,#13285);
#13285 = DEFINITIONAL_REPRESENTATION('',(#13286),#13290);
#13286 = LINE('',#13287,#13288);
#13287 = CARTESIAN_POINT('',(-1.25573683548,2.175));
#13288 = VECTOR('',#13289,1.);
#13289 = DIRECTION('',(-0.5,-0.866025403784));
#13290 = ( GEOMETRIC_REPRESENTATION_CONTEXT(2) 
PARAMETRIC_REPRESENTATION_CONTEXT() REPRESENTATION_CONTEXT('2D SPACE',''
  ) );
#13291 = ORIENTED_EDGE('',*,*,#13292,.F.);
#13292 = EDGE_CURVE('',#10957,#13270,#13293,.T.);
#13293 = SURFACE_CURVE('',#13294,(#13298,#13305),.PCURVE_S1.);
#13294 = LINE('',#13295,#13296);
#13295 = CARTESIAN_POINT('',(-40.01147367097,24.5,16.9));
#13296 = VECTOR('',#13297,1.);
#13297 = DIRECTION('',(0.,0.,1.));
#13298 = PCURVE('',#10998,#13299);
#13299 = DEFINITIONAL_REPRESENTATION('',(#13300),#13304);
#13300 = LINE('',#13301,#13302);
#13301 = CARTESIAN_POINT('',(2.511473670976,0.));
#13302 = VECTOR('',#13303,1.);
#13303 = DIRECTION('',(0.,-1.));
#13304 = ( GEOMETRIC_REPRESENTATION_CONTEXT(2) 
PARAMETRIC_REPRESENTATION_CONTEXT() REPRESENTATION_CONTEXT('2D SPACE',''
  ) );
#13305 = PCURVE('',#10972,#13306);
#13306 = DEFINITIONAL_REPRESENTATION('',(#13307),#13311);
#13307 = LINE('',#13308,#13309);
#13308 = CARTESIAN_POINT('',(0.,0.));
#13309 = VECTOR('',#13310,1.);
#13310 = DIRECTION('',(0.,-1.));
#13311 = ( GEOMETRIC_REPRESENTATION_CONTEXT(2) 
PARAMETRIC_REPRESENTATION_CONTEXT() REPRESENTATION_CONTEXT('2D SPACE',''
  ) );
#13312 = ADVANCED_FACE('',(#13313),#10888,.T.);
#13313 = FACE_BOUND('',#13314,.T.);
#13314 = EDGE_LOOP('',(#13315,#13316,#13339,#13360));
#13315 = ORIENTED_EDGE('',*,*,#10872,.T.);
#13316 = ORIENTED_EDGE('',*,*,#13317,.T.);
#13317 = EDGE_CURVE('',#10873,#13318,#13320,.T.);
#13318 = VERTEX_POINT('',#13319);
#13319 = CARTESIAN_POINT('',(-34.98852632902,24.5,18.8));
#13320 = SURFACE_CURVE('',#13321,(#13325,#13332),.PCURVE_S1.);
#13321 = LINE('',#13322,#13323);
#13322 = CARTESIAN_POINT('',(-34.98852632902,24.5,16.9));
#13323 = VECTOR('',#13324,1.);
#13324 = DIRECTION('',(0.,0.,1.));
#13325 = PCURVE('',#10888,#13326);
#13326 = DEFINITIONAL_REPRESENTATION('',(#13327),#13331);
#13327 = LINE('',#13328,#13329);
#13328 = CARTESIAN_POINT('',(0.,0.));
#13329 = VECTOR('',#13330,1.);
#13330 = DIRECTION('',(0.,-1.));
#13331 = ( GEOMETRIC_REPRESENTATION_CONTEXT(2) 
PARAMETRIC_REPRESENTATION_CONTEXT() REPRESENTATION_CONTEXT('2D SPACE',''
  ) );
#13332 = PCURVE('',#10916,#13333);
#13333 = DEFINITIONAL_REPRESENTATION('',(#13334),#13338);
#13334 = LINE('',#13335,#13336);
#13335 = CARTESIAN_POINT('',(2.511473670976,0.));
#13336 = VECTOR('',#13337,1.);
#13337 = DIRECTION('',(0.,-1.));
#13338 = ( GEOMETRIC_REPRESENTATION_CONTEXT(2) 
PARAMETRIC_REPRESENTATION_CONTEXT() REPRESENTATION_CONTEXT('2D SPACE',''
  ) );
#13339 = ORIENTED_EDGE('',*,*,#13340,.T.);
#13340 = EDGE_CURVE('',#13318,#13193,#13341,.T.);
#13341 = SURFACE_CURVE('',#13342,(#13346,#13353),.PCURVE_S1.);
#13342 = LINE('',#13343,#13344);
#13343 = CARTESIAN_POINT('',(-34.98852632902,24.5,18.8));
#13344 = VECTOR('',#13345,1.);
#13345 = DIRECTION('',(-0.5,0.866025403784,0.));
#13346 = PCURVE('',#10888,#13347);
#13347 = DEFINITIONAL_REPRESENTATION('',(#13348),#13352);
#13348 = LINE('',#13349,#13350);
#13349 = CARTESIAN_POINT('',(0.,-1.9));
#13350 = VECTOR('',#13351,1.);
#13351 = DIRECTION('',(1.,0.));
#13352 = ( GEOMETRIC_REPRESENTATION_CONTEXT(2) 
PARAMETRIC_REPRESENTATION_CONTEXT() REPRESENTATION_CONTEXT('2D SPACE',''
  ) );
#13353 = PCURVE('',#13231,#13354);
#13354 = DEFINITIONAL_REPRESENTATION('',(#13355),#13359);
#13355 = LINE('',#13356,#13357);
#13356 = CARTESIAN_POINT('',(2.51147367098,0.));
#13357 = VECTOR('',#13358,1.);
#13358 = DIRECTION('',(-0.5,0.866025403784));
#13359 = ( GEOMETRIC_REPRESENTATION_CONTEXT(2) 
PARAMETRIC_REPRESENTATION_CONTEXT() REPRESENTATION_CONTEXT('2D SPACE',''
  ) );
#13360 = ORIENTED_EDGE('',*,*,#13192,.F.);
#13361 = ADVANCED_FACE('',(#13362),#10972,.T.);
#13362 = FACE_BOUND('',#13363,.T.);
#13363 = EDGE_LOOP('',(#13364,#13365,#13366,#13389));
#13364 = ORIENTED_EDGE('',*,*,#10956,.T.);
#13365 = ORIENTED_EDGE('',*,*,#13292,.T.);
#13366 = ORIENTED_EDGE('',*,*,#13367,.T.);
#13367 = EDGE_CURVE('',#13270,#13368,#13370,.T.);
#13368 = VERTEX_POINT('',#13369);
#13369 = CARTESIAN_POINT('',(-38.75573683548,22.325,18.8));
#13370 = SURFACE_CURVE('',#13371,(#13375,#13382),.PCURVE_S1.);
#13371 = LINE('',#13372,#13373);
#13372 = CARTESIAN_POINT('',(-40.01147367097,24.5,18.8));
#13373 = VECTOR('',#13374,1.);
#13374 = DIRECTION('',(0.5,-0.866025403784,0.));
#13375 = PCURVE('',#10972,#13376);
#13376 = DEFINITIONAL_REPRESENTATION('',(#13377),#13381);
#13377 = LINE('',#13378,#13379);
#13378 = CARTESIAN_POINT('',(0.,-1.9));
#13379 = VECTOR('',#13380,1.);
#13380 = DIRECTION('',(1.,0.));
#13381 = ( GEOMETRIC_REPRESENTATION_CONTEXT(2) 
PARAMETRIC_REPRESENTATION_CONTEXT() REPRESENTATION_CONTEXT('2D SPACE',''
  ) );
#13382 = PCURVE('',#13231,#13383);
#13383 = DEFINITIONAL_REPRESENTATION('',(#13384),#13388);
#13384 = LINE('',#13385,#13386);
#13385 = CARTESIAN_POINT('',(-2.51147367097,0.));
#13386 = VECTOR('',#13387,1.);
#13387 = DIRECTION('',(0.5,-0.866025403784));
#13388 = ( GEOMETRIC_REPRESENTATION_CONTEXT(2) 
PARAMETRIC_REPRESENTATION_CONTEXT() REPRESENTATION_CONTEXT('2D SPACE',''
  ) );
#13389 = ORIENTED_EDGE('',*,*,#13390,.F.);
#13390 = EDGE_CURVE('',#10929,#13368,#13391,.T.);
#13391 = SURFACE_CURVE('',#13392,(#13396,#13403),.PCURVE_S1.);
#13392 = LINE('',#13393,#13394);
#13393 = CARTESIAN_POINT('',(-38.75573683548,22.325,16.9));
#13394 = VECTOR('',#13395,1.);
#13395 = DIRECTION('',(0.,0.,1.));
#13396 = PCURVE('',#10972,#13397);
#13397 = DEFINITIONAL_REPRESENTATION('',(#13398),#13402);
#13398 = LINE('',#13399,#13400);
#13399 = CARTESIAN_POINT('',(2.511473670976,0.));
#13400 = VECTOR('',#13401,1.);
#13401 = DIRECTION('',(0.,-1.));
#13402 = ( GEOMETRIC_REPRESENTATION_CONTEXT(2) 
PARAMETRIC_REPRESENTATION_CONTEXT() REPRESENTATION_CONTEXT('2D SPACE',''
  ) );
#13403 = PCURVE('',#10944,#13404);
#13404 = DEFINITIONAL_REPRESENTATION('',(#13405),#13409);
#13405 = LINE('',#13406,#13407);
#13406 = CARTESIAN_POINT('',(0.,0.));
#13407 = VECTOR('',#13408,1.);
#13408 = DIRECTION('',(0.,-1.));
#13409 = ( GEOMETRIC_REPRESENTATION_CONTEXT(2) 
PARAMETRIC_REPRESENTATION_CONTEXT() REPRESENTATION_CONTEXT('2D SPACE',''
  ) );
#13410 = ADVANCED_FACE('',(#13411),#10916,.T.);
#13411 = FACE_BOUND('',#13412,.T.);
#13412 = EDGE_LOOP('',(#13413,#13414,#13437,#13458));
#13413 = ORIENTED_EDGE('',*,*,#10900,.T.);
#13414 = ORIENTED_EDGE('',*,*,#13415,.T.);
#13415 = EDGE_CURVE('',#10901,#13416,#13418,.T.);
#13416 = VERTEX_POINT('',#13417);
#13417 = CARTESIAN_POINT('',(-36.24426316451,22.325,18.8));
#13418 = SURFACE_CURVE('',#13419,(#13423,#13430),.PCURVE_S1.);
#13419 = LINE('',#13420,#13421);
#13420 = CARTESIAN_POINT('',(-36.24426316451,22.325,16.9));
#13421 = VECTOR('',#13422,1.);
#13422 = DIRECTION('',(0.,0.,1.));
#13423 = PCURVE('',#10916,#13424);
#13424 = DEFINITIONAL_REPRESENTATION('',(#13425),#13429);
#13425 = LINE('',#13426,#13427);
#13426 = CARTESIAN_POINT('',(0.,0.));
#13427 = VECTOR('',#13428,1.);
#13428 = DIRECTION('',(0.,-1.));
#13429 = ( GEOMETRIC_REPRESENTATION_CONTEXT(2) 
PARAMETRIC_REPRESENTATION_CONTEXT() REPRESENTATION_CONTEXT('2D SPACE',''
  ) );
#13430 = PCURVE('',#10944,#13431);
#13431 = DEFINITIONAL_REPRESENTATION('',(#13432),#13436);
#13432 = LINE('',#13433,#13434);
#13433 = CARTESIAN_POINT('',(2.51147367097,0.));
#13434 = VECTOR('',#13435,1.);
#13435 = DIRECTION('',(0.,-1.));
#13436 = ( GEOMETRIC_REPRESENTATION_CONTEXT(2) 
PARAMETRIC_REPRESENTATION_CONTEXT() REPRESENTATION_CONTEXT('2D SPACE',''
  ) );
#13437 = ORIENTED_EDGE('',*,*,#13438,.T.);
#13438 = EDGE_CURVE('',#13416,#13318,#13439,.T.);
#13439 = SURFACE_CURVE('',#13440,(#13444,#13451),.PCURVE_S1.);
#13440 = LINE('',#13441,#13442);
#13441 = CARTESIAN_POINT('',(-36.24426316451,22.325,18.8));
#13442 = VECTOR('',#13443,1.);
#13443 = DIRECTION('',(0.5,0.866025403784,0.));
#13444 = PCURVE('',#10916,#13445);
#13445 = DEFINITIONAL_REPRESENTATION('',(#13446),#13450);
#13446 = LINE('',#13447,#13448);
#13447 = CARTESIAN_POINT('',(0.,-1.9));
#13448 = VECTOR('',#13449,1.);
#13449 = DIRECTION('',(1.,0.));
#13450 = ( GEOMETRIC_REPRESENTATION_CONTEXT(2) 
PARAMETRIC_REPRESENTATION_CONTEXT() REPRESENTATION_CONTEXT('2D SPACE',''
  ) );
#13451 = PCURVE('',#13231,#13452);
#13452 = DEFINITIONAL_REPRESENTATION('',(#13453),#13457);
#13453 = LINE('',#13454,#13455);
#13454 = CARTESIAN_POINT('',(1.25573683549,-2.175));
#13455 = VECTOR('',#13456,1.);
#13456 = DIRECTION('',(0.5,0.866025403784));
#13457 = ( GEOMETRIC_REPRESENTATION_CONTEXT(2) 
PARAMETRIC_REPRESENTATION_CONTEXT() REPRESENTATION_CONTEXT('2D SPACE',''
  ) );
#13458 = ORIENTED_EDGE('',*,*,#13317,.F.);
#13459 = ADVANCED_FACE('',(#13460),#10944,.T.);
#13460 = FACE_BOUND('',#13461,.T.);
#13461 = EDGE_LOOP('',(#13462,#13463,#13464,#13485));
#13462 = ORIENTED_EDGE('',*,*,#10928,.T.);
#13463 = ORIENTED_EDGE('',*,*,#13390,.T.);
#13464 = ORIENTED_EDGE('',*,*,#13465,.T.);
#13465 = EDGE_CURVE('',#13368,#13416,#13466,.T.);
#13466 = SURFACE_CURVE('',#13467,(#13471,#13478),.PCURVE_S1.);
#13467 = LINE('',#13468,#13469);
#13468 = CARTESIAN_POINT('',(-38.75573683548,22.325,18.8));
#13469 = VECTOR('',#13470,1.);
#13470 = DIRECTION('',(1.,-7.07296620279E-16,0.));
#13471 = PCURVE('',#10944,#13472);
#13472 = DEFINITIONAL_REPRESENTATION('',(#13473),#13477);
#13473 = LINE('',#13474,#13475);
#13474 = CARTESIAN_POINT('',(0.,-1.9));
#13475 = VECTOR('',#13476,1.);
#13476 = DIRECTION('',(1.,0.));
#13477 = ( GEOMETRIC_REPRESENTATION_CONTEXT(2) 
PARAMETRIC_REPRESENTATION_CONTEXT() REPRESENTATION_CONTEXT('2D SPACE',''
  ) );
#13478 = PCURVE('',#13231,#13479);
#13479 = DEFINITIONAL_REPRESENTATION('',(#13480),#13484);
#13480 = LINE('',#13481,#13482);
#13481 = CARTESIAN_POINT('',(-1.25573683548,-2.175));
#13482 = VECTOR('',#13483,1.);
#13483 = DIRECTION('',(1.,-7.07296620279E-16));
#13484 = ( GEOMETRIC_REPRESENTATION_CONTEXT(2) 
PARAMETRIC_REPRESENTATION_CONTEXT() REPRESENTATION_CONTEXT('2D SPACE',''
  ) );
#13485 = ORIENTED_EDGE('',*,*,#13415,.F.);
#13486 = ADVANCED_FACE('',(#13487),#11150,.T.);
#13487 = FACE_BOUND('',#13488,.T.);
#13488 = EDGE_LOOP('',(#13489,#13490,#13513,#13541));
#13489 = ORIENTED_EDGE('',*,*,#11132,.T.);
#13490 = ORIENTED_EDGE('',*,*,#13491,.T.);
#13491 = EDGE_CURVE('',#11135,#13492,#13494,.T.);
#13492 = VERTEX_POINT('',#13493);
#13493 = CARTESIAN_POINT('',(38.755736835487,26.675,18.8));
#13494 = SURFACE_CURVE('',#13495,(#13499,#13506),.PCURVE_S1.);
#13495 = LINE('',#13496,#13497);
#13496 = CARTESIAN_POINT('',(38.755736835487,26.675,16.9));
#13497 = VECTOR('',#13498,1.);
#13498 = DIRECTION('',(0.,0.,1.));
#13499 = PCURVE('',#11150,#13500);
#13500 = DEFINITIONAL_REPRESENTATION('',(#13501),#13505);
#13501 = LINE('',#13502,#13503);
#13502 = CARTESIAN_POINT('',(0.,0.));
#13503 = VECTOR('',#13504,1.);
#13504 = DIRECTION('',(0.,-1.));
#13505 = ( GEOMETRIC_REPRESENTATION_CONTEXT(2) 
PARAMETRIC_REPRESENTATION_CONTEXT() REPRESENTATION_CONTEXT('2D SPACE',''
  ) );
#13506 = PCURVE('',#11178,#13507);
#13507 = DEFINITIONAL_REPRESENTATION('',(#13508),#13512);
#13508 = LINE('',#13509,#13510);
#13509 = CARTESIAN_POINT('',(2.511473670975,0.));
#13510 = VECTOR('',#13511,1.);
#13511 = DIRECTION('',(0.,-1.));
#13512 = ( GEOMETRIC_REPRESENTATION_CONTEXT(2) 
PARAMETRIC_REPRESENTATION_CONTEXT() REPRESENTATION_CONTEXT('2D SPACE',''
  ) );
#13513 = ORIENTED_EDGE('',*,*,#13514,.T.);
#13514 = EDGE_CURVE('',#13492,#13515,#13517,.T.);
#13515 = VERTEX_POINT('',#13516);
#13516 = CARTESIAN_POINT('',(36.244263164513,26.675,18.8));
#13517 = SURFACE_CURVE('',#13518,(#13522,#13529),.PCURVE_S1.);
#13518 = LINE('',#13519,#13520);
#13519 = CARTESIAN_POINT('',(38.755736835487,26.675,18.8));
#13520 = VECTOR('',#13521,1.);
#13521 = DIRECTION('',(-1.,1.768241550698E-16,0.));
#13522 = PCURVE('',#11150,#13523);
#13523 = DEFINITIONAL_REPRESENTATION('',(#13524),#13528);
#13524 = LINE('',#13525,#13526);
#13525 = CARTESIAN_POINT('',(0.,-1.9));
#13526 = VECTOR('',#13527,1.);
#13527 = DIRECTION('',(1.,0.));
#13528 = ( GEOMETRIC_REPRESENTATION_CONTEXT(2) 
PARAMETRIC_REPRESENTATION_CONTEXT() REPRESENTATION_CONTEXT('2D SPACE',''
  ) );
#13529 = PCURVE('',#13530,#13535);
#13530 = PLANE('',#13531);
#13531 = AXIS2_PLACEMENT_3D('',#13532,#13533,#13534);
#13532 = CARTESIAN_POINT('',(37.5,24.5,18.8));
#13533 = DIRECTION('',(0.,0.,1.));
#13534 = DIRECTION('',(1.,0.,-0.));
#13535 = DEFINITIONAL_REPRESENTATION('',(#13536),#13540);
#13536 = LINE('',#13537,#13538);
#13537 = CARTESIAN_POINT('',(1.255736835487,2.175));
#13538 = VECTOR('',#13539,1.);
#13539 = DIRECTION('',(-1.,1.768241550698E-16));
#13540 = ( GEOMETRIC_REPRESENTATION_CONTEXT(2) 
PARAMETRIC_REPRESENTATION_CONTEXT() REPRESENTATION_CONTEXT('2D SPACE',''
  ) );
#13541 = ORIENTED_EDGE('',*,*,#13542,.F.);
#13542 = EDGE_CURVE('',#11133,#13515,#13543,.T.);
#13543 = SURFACE_CURVE('',#13544,(#13548,#13555),.PCURVE_S1.);
#13544 = LINE('',#13545,#13546);
#13545 = CARTESIAN_POINT('',(36.244263164513,26.675,16.9));
#13546 = VECTOR('',#13547,1.);
#13547 = DIRECTION('',(0.,0.,1.));
#13548 = PCURVE('',#11150,#13549);
#13549 = DEFINITIONAL_REPRESENTATION('',(#13550),#13554);
#13550 = LINE('',#13551,#13552);
#13551 = CARTESIAN_POINT('',(2.511473670974,0.));
#13552 = VECTOR('',#13553,1.);
#13553 = DIRECTION('',(0.,-1.));
#13554 = ( GEOMETRIC_REPRESENTATION_CONTEXT(2) 
PARAMETRIC_REPRESENTATION_CONTEXT() REPRESENTATION_CONTEXT('2D SPACE',''
  ) );
#13555 = PCURVE('',#11288,#13556);
#13556 = DEFINITIONAL_REPRESENTATION('',(#13557),#13561);
#13557 = LINE('',#13558,#13559);
#13558 = CARTESIAN_POINT('',(0.,0.));
#13559 = VECTOR('',#13560,1.);
#13560 = DIRECTION('',(0.,-1.));
#13561 = ( GEOMETRIC_REPRESENTATION_CONTEXT(2) 
PARAMETRIC_REPRESENTATION_CONTEXT() REPRESENTATION_CONTEXT('2D SPACE',''
  ) );
#13562 = ADVANCED_FACE('',(#13563),#11288,.T.);
#13563 = FACE_BOUND('',#13564,.T.);
#13564 = EDGE_LOOP('',(#13565,#13566,#13567,#13590));
#13565 = ORIENTED_EDGE('',*,*,#11274,.T.);
#13566 = ORIENTED_EDGE('',*,*,#13542,.T.);
#13567 = ORIENTED_EDGE('',*,*,#13568,.T.);
#13568 = EDGE_CURVE('',#13515,#13569,#13571,.T.);
#13569 = VERTEX_POINT('',#13570);
#13570 = CARTESIAN_POINT('',(34.988526329025,24.5,18.8));
#13571 = SURFACE_CURVE('',#13572,(#13576,#13583),.PCURVE_S1.);
#13572 = LINE('',#13573,#13574);
#13573 = CARTESIAN_POINT('',(36.244263164513,26.675,18.8));
#13574 = VECTOR('',#13575,1.);
#13575 = DIRECTION('',(-0.5,-0.866025403784,0.));
#13576 = PCURVE('',#11288,#13577);
#13577 = DEFINITIONAL_REPRESENTATION('',(#13578),#13582);
#13578 = LINE('',#13579,#13580);
#13579 = CARTESIAN_POINT('',(0.,-1.9));
#13580 = VECTOR('',#13581,1.);
#13581 = DIRECTION('',(1.,0.));
#13582 = ( GEOMETRIC_REPRESENTATION_CONTEXT(2) 
PARAMETRIC_REPRESENTATION_CONTEXT() REPRESENTATION_CONTEXT('2D SPACE',''
  ) );
#13583 = PCURVE('',#13530,#13584);
#13584 = DEFINITIONAL_REPRESENTATION('',(#13585),#13589);
#13585 = LINE('',#13586,#13587);
#13586 = CARTESIAN_POINT('',(-1.255736835487,2.175));
#13587 = VECTOR('',#13588,1.);
#13588 = DIRECTION('',(-0.5,-0.866025403784));
#13589 = ( GEOMETRIC_REPRESENTATION_CONTEXT(2) 
PARAMETRIC_REPRESENTATION_CONTEXT() REPRESENTATION_CONTEXT('2D SPACE',''
  ) );
#13590 = ORIENTED_EDGE('',*,*,#13591,.F.);
#13591 = EDGE_CURVE('',#11247,#13569,#13592,.T.);
#13592 = SURFACE_CURVE('',#13593,(#13597,#13604),.PCURVE_S1.);
#13593 = LINE('',#13594,#13595);
#13594 = CARTESIAN_POINT('',(34.988526329025,24.5,16.9));
#13595 = VECTOR('',#13596,1.);
#13596 = DIRECTION('',(0.,0.,1.));
#13597 = PCURVE('',#11288,#13598);
#13598 = DEFINITIONAL_REPRESENTATION('',(#13599),#13603);
#13599 = LINE('',#13600,#13601);
#13600 = CARTESIAN_POINT('',(2.511473670975,0.));
#13601 = VECTOR('',#13602,1.);
#13602 = DIRECTION('',(0.,-1.));
#13603 = ( GEOMETRIC_REPRESENTATION_CONTEXT(2) 
PARAMETRIC_REPRESENTATION_CONTEXT() REPRESENTATION_CONTEXT('2D SPACE',''
  ) );
#13604 = PCURVE('',#11262,#13605);
#13605 = DEFINITIONAL_REPRESENTATION('',(#13606),#13610);
#13606 = LINE('',#13607,#13608);
#13607 = CARTESIAN_POINT('',(0.,0.));
#13608 = VECTOR('',#13609,1.);
#13609 = DIRECTION('',(0.,-1.));
#13610 = ( GEOMETRIC_REPRESENTATION_CONTEXT(2) 
PARAMETRIC_REPRESENTATION_CONTEXT() REPRESENTATION_CONTEXT('2D SPACE',''
  ) );
#13611 = ADVANCED_FACE('',(#13612),#11262,.T.);
#13612 = FACE_BOUND('',#13613,.T.);
#13613 = EDGE_LOOP('',(#13614,#13615,#13616,#13639));
#13614 = ORIENTED_EDGE('',*,*,#11246,.T.);
#13615 = ORIENTED_EDGE('',*,*,#13591,.T.);
#13616 = ORIENTED_EDGE('',*,*,#13617,.T.);
#13617 = EDGE_CURVE('',#13569,#13618,#13620,.T.);
#13618 = VERTEX_POINT('',#13619);
#13619 = CARTESIAN_POINT('',(36.244263164513,22.325,18.8));
#13620 = SURFACE_CURVE('',#13621,(#13625,#13632),.PCURVE_S1.);
#13621 = LINE('',#13622,#13623);
#13622 = CARTESIAN_POINT('',(34.988526329025,24.5,18.8));
#13623 = VECTOR('',#13624,1.);
#13624 = DIRECTION('',(0.5,-0.866025403784,0.));
#13625 = PCURVE('',#11262,#13626);
#13626 = DEFINITIONAL_REPRESENTATION('',(#13627),#13631);
#13627 = LINE('',#13628,#13629);
#13628 = CARTESIAN_POINT('',(0.,-1.9));
#13629 = VECTOR('',#13630,1.);
#13630 = DIRECTION('',(1.,0.));
#13631 = ( GEOMETRIC_REPRESENTATION_CONTEXT(2) 
PARAMETRIC_REPRESENTATION_CONTEXT() REPRESENTATION_CONTEXT('2D SPACE',''
  ) );
#13632 = PCURVE('',#13530,#13633);
#13633 = DEFINITIONAL_REPRESENTATION('',(#13634),#13638);
#13634 = LINE('',#13635,#13636);
#13635 = CARTESIAN_POINT('',(-2.511473670975,0.));
#13636 = VECTOR('',#13637,1.);
#13637 = DIRECTION('',(0.5,-0.866025403784));
#13638 = ( GEOMETRIC_REPRESENTATION_CONTEXT(2) 
PARAMETRIC_REPRESENTATION_CONTEXT() REPRESENTATION_CONTEXT('2D SPACE',''
  ) );
#13639 = ORIENTED_EDGE('',*,*,#13640,.F.);
#13640 = EDGE_CURVE('',#11219,#13618,#13641,.T.);
#13641 = SURFACE_CURVE('',#13642,(#13646,#13653),.PCURVE_S1.);
#13642 = LINE('',#13643,#13644);
#13643 = CARTESIAN_POINT('',(36.244263164513,22.325,16.9));
#13644 = VECTOR('',#13645,1.);
#13645 = DIRECTION('',(0.,0.,1.));
#13646 = PCURVE('',#11262,#13647);
#13647 = DEFINITIONAL_REPRESENTATION('',(#13648),#13652);
#13648 = LINE('',#13649,#13650);
#13649 = CARTESIAN_POINT('',(2.511473670975,0.));
#13650 = VECTOR('',#13651,1.);
#13651 = DIRECTION('',(0.,-1.));
#13652 = ( GEOMETRIC_REPRESENTATION_CONTEXT(2) 
PARAMETRIC_REPRESENTATION_CONTEXT() REPRESENTATION_CONTEXT('2D SPACE',''
  ) );
#13653 = PCURVE('',#11234,#13654);
#13654 = DEFINITIONAL_REPRESENTATION('',(#13655),#13659);
#13655 = LINE('',#13656,#13657);
#13656 = CARTESIAN_POINT('',(0.,0.));
#13657 = VECTOR('',#13658,1.);
#13658 = DIRECTION('',(0.,-1.));
#13659 = ( GEOMETRIC_REPRESENTATION_CONTEXT(2) 
PARAMETRIC_REPRESENTATION_CONTEXT() REPRESENTATION_CONTEXT('2D SPACE',''
  ) );
#13660 = ADVANCED_FACE('',(#13661),#11234,.T.);
#13661 = FACE_BOUND('',#13662,.T.);
#13662 = EDGE_LOOP('',(#13663,#13664,#13665,#13688));
#13663 = ORIENTED_EDGE('',*,*,#11218,.T.);
#13664 = ORIENTED_EDGE('',*,*,#13640,.T.);
#13665 = ORIENTED_EDGE('',*,*,#13666,.T.);
#13666 = EDGE_CURVE('',#13618,#13667,#13669,.T.);
#13667 = VERTEX_POINT('',#13668);
#13668 = CARTESIAN_POINT('',(38.755736835487,22.325,18.8));
#13669 = SURFACE_CURVE('',#13670,(#13674,#13681),.PCURVE_S1.);
#13670 = LINE('',#13671,#13672);
#13671 = CARTESIAN_POINT('',(36.244263164513,22.325,18.8));
#13672 = VECTOR('',#13673,1.);
#13673 = DIRECTION('',(1.,-7.07296620279E-16,0.));
#13674 = PCURVE('',#11234,#13675);
#13675 = DEFINITIONAL_REPRESENTATION('',(#13676),#13680);
#13676 = LINE('',#13677,#13678);
#13677 = CARTESIAN_POINT('',(0.,-1.9));
#13678 = VECTOR('',#13679,1.);
#13679 = DIRECTION('',(1.,0.));
#13680 = ( GEOMETRIC_REPRESENTATION_CONTEXT(2) 
PARAMETRIC_REPRESENTATION_CONTEXT() REPRESENTATION_CONTEXT('2D SPACE',''
  ) );
#13681 = PCURVE('',#13530,#13682);
#13682 = DEFINITIONAL_REPRESENTATION('',(#13683),#13687);
#13683 = LINE('',#13684,#13685);
#13684 = CARTESIAN_POINT('',(-1.255736835487,-2.175));
#13685 = VECTOR('',#13686,1.);
#13686 = DIRECTION('',(1.,-7.07296620279E-16));
#13687 = ( GEOMETRIC_REPRESENTATION_CONTEXT(2) 
PARAMETRIC_REPRESENTATION_CONTEXT() REPRESENTATION_CONTEXT('2D SPACE',''
  ) );
#13688 = ORIENTED_EDGE('',*,*,#13689,.F.);
#13689 = EDGE_CURVE('',#11191,#13667,#13690,.T.);
#13690 = SURFACE_CURVE('',#13691,(#13695,#13702),.PCURVE_S1.);
#13691 = LINE('',#13692,#13693);
#13692 = CARTESIAN_POINT('',(38.755736835487,22.325,16.9));
#13693 = VECTOR('',#13694,1.);
#13694 = DIRECTION('',(0.,0.,1.));
#13695 = PCURVE('',#11234,#13696);
#13696 = DEFINITIONAL_REPRESENTATION('',(#13697),#13701);
#13697 = LINE('',#13698,#13699);
#13698 = CARTESIAN_POINT('',(2.511473670974,0.));
#13699 = VECTOR('',#13700,1.);
#13700 = DIRECTION('',(0.,-1.));
#13701 = ( GEOMETRIC_REPRESENTATION_CONTEXT(2) 
PARAMETRIC_REPRESENTATION_CONTEXT() REPRESENTATION_CONTEXT('2D SPACE',''
  ) );
#13702 = PCURVE('',#11206,#13703);
#13703 = DEFINITIONAL_REPRESENTATION('',(#13704),#13708);
#13704 = LINE('',#13705,#13706);
#13705 = CARTESIAN_POINT('',(0.,0.));
#13706 = VECTOR('',#13707,1.);
#13707 = DIRECTION('',(0.,-1.));
#13708 = ( GEOMETRIC_REPRESENTATION_CONTEXT(2) 
PARAMETRIC_REPRESENTATION_CONTEXT() REPRESENTATION_CONTEXT('2D SPACE',''
  ) );
#13709 = ADVANCED_FACE('',(#13710),#11206,.T.);
#13710 = FACE_BOUND('',#13711,.T.);
#13711 = EDGE_LOOP('',(#13712,#13713,#13714,#13737));
#13712 = ORIENTED_EDGE('',*,*,#11190,.T.);
#13713 = ORIENTED_EDGE('',*,*,#13689,.T.);
#13714 = ORIENTED_EDGE('',*,*,#13715,.T.);
#13715 = EDGE_CURVE('',#13667,#13716,#13718,.T.);
#13716 = VERTEX_POINT('',#13717);
#13717 = CARTESIAN_POINT('',(40.011473670975,24.5,18.8));
#13718 = SURFACE_CURVE('',#13719,(#13723,#13730),.PCURVE_S1.);
#13719 = LINE('',#13720,#13721);
#13720 = CARTESIAN_POINT('',(38.755736835487,22.325,18.8));
#13721 = VECTOR('',#13722,1.);
#13722 = DIRECTION('',(0.5,0.866025403784,0.));
#13723 = PCURVE('',#11206,#13724);
#13724 = DEFINITIONAL_REPRESENTATION('',(#13725),#13729);
#13725 = LINE('',#13726,#13727);
#13726 = CARTESIAN_POINT('',(0.,-1.9));
#13727 = VECTOR('',#13728,1.);
#13728 = DIRECTION('',(1.,0.));
#13729 = ( GEOMETRIC_REPRESENTATION_CONTEXT(2) 
PARAMETRIC_REPRESENTATION_CONTEXT() REPRESENTATION_CONTEXT('2D SPACE',''
  ) );
#13730 = PCURVE('',#13530,#13731);
#13731 = DEFINITIONAL_REPRESENTATION('',(#13732),#13736);
#13732 = LINE('',#13733,#13734);
#13733 = CARTESIAN_POINT('',(1.255736835487,-2.175));
#13734 = VECTOR('',#13735,1.);
#13735 = DIRECTION('',(0.5,0.866025403784));
#13736 = ( GEOMETRIC_REPRESENTATION_CONTEXT(2) 
PARAMETRIC_REPRESENTATION_CONTEXT() REPRESENTATION_CONTEXT('2D SPACE',''
  ) );
#13737 = ORIENTED_EDGE('',*,*,#13738,.F.);
#13738 = EDGE_CURVE('',#11163,#13716,#13739,.T.);
#13739 = SURFACE_CURVE('',#13740,(#13744,#13751),.PCURVE_S1.);
#13740 = LINE('',#13741,#13742);
#13741 = CARTESIAN_POINT('',(40.011473670975,24.5,16.9));
#13742 = VECTOR('',#13743,1.);
#13743 = DIRECTION('',(0.,0.,1.));
#13744 = PCURVE('',#11206,#13745);
#13745 = DEFINITIONAL_REPRESENTATION('',(#13746),#13750);
#13746 = LINE('',#13747,#13748);
#13747 = CARTESIAN_POINT('',(2.511473670975,0.));
#13748 = VECTOR('',#13749,1.);
#13749 = DIRECTION('',(0.,-1.));
#13750 = ( GEOMETRIC_REPRESENTATION_CONTEXT(2) 
PARAMETRIC_REPRESENTATION_CONTEXT() REPRESENTATION_CONTEXT('2D SPACE',''
  ) );
#13751 = PCURVE('',#11178,#13752);
#13752 = DEFINITIONAL_REPRESENTATION('',(#13753),#13757);
#13753 = LINE('',#13754,#13755);
#13754 = CARTESIAN_POINT('',(0.,0.));
#13755 = VECTOR('',#13756,1.);
#13756 = DIRECTION('',(0.,-1.));
#13757 = ( GEOMETRIC_REPRESENTATION_CONTEXT(2) 
PARAMETRIC_REPRESENTATION_CONTEXT() REPRESENTATION_CONTEXT('2D SPACE',''
  ) );
#13758 = ADVANCED_FACE('',(#13759),#11178,.T.);
#13759 = FACE_BOUND('',#13760,.T.);
#13760 = EDGE_LOOP('',(#13761,#13762,#13763,#13784));
#13761 = ORIENTED_EDGE('',*,*,#11162,.T.);
#13762 = ORIENTED_EDGE('',*,*,#13738,.T.);
#13763 = ORIENTED_EDGE('',*,*,#13764,.T.);
#13764 = EDGE_CURVE('',#13716,#13492,#13765,.T.);
#13765 = SURFACE_CURVE('',#13766,(#13770,#13777),.PCURVE_S1.);
#13766 = LINE('',#13767,#13768);
#13767 = CARTESIAN_POINT('',(40.011473670975,24.5,18.8));
#13768 = VECTOR('',#13769,1.);
#13769 = DIRECTION('',(-0.5,0.866025403784,0.));
#13770 = PCURVE('',#11178,#13771);
#13771 = DEFINITIONAL_REPRESENTATION('',(#13772),#13776);
#13772 = LINE('',#13773,#13774);
#13773 = CARTESIAN_POINT('',(0.,-1.9));
#13774 = VECTOR('',#13775,1.);
#13775 = DIRECTION('',(1.,0.));
#13776 = ( GEOMETRIC_REPRESENTATION_CONTEXT(2) 
PARAMETRIC_REPRESENTATION_CONTEXT() REPRESENTATION_CONTEXT('2D SPACE',''
  ) );
#13777 = PCURVE('',#13530,#13778);
#13778 = DEFINITIONAL_REPRESENTATION('',(#13779),#13783);
#13779 = LINE('',#13780,#13781);
#13780 = CARTESIAN_POINT('',(2.511473670975,0.));
#13781 = VECTOR('',#13782,1.);
#13782 = DIRECTION('',(-0.5,0.866025403784));
#13783 = ( GEOMETRIC_REPRESENTATION_CONTEXT(2) 
PARAMETRIC_REPRESENTATION_CONTEXT() REPRESENTATION_CONTEXT('2D SPACE',''
  ) );
#13784 = ORIENTED_EDGE('',*,*,#13491,.F.);
#13785 = ADVANCED_FACE('',(#13786),#11447,.F.);
#13786 = FACE_BOUND('',#13787,.F.);
#13787 = EDGE_LOOP('',(#13788,#13789,#13790));
#13788 = ORIENTED_EDGE('',*,*,#12523,.F.);
#13789 = ORIENTED_EDGE('',*,*,#11915,.T.);
#13790 = ORIENTED_EDGE('',*,*,#11431,.F.);
#13791 = ADVANCED_FACE('',(#13792),#11642,.F.);
#13792 = FACE_BOUND('',#13793,.F.);
#13793 = EDGE_LOOP('',(#13794,#13817,#13818,#13819));
#13794 = ORIENTED_EDGE('',*,*,#13795,.T.);
#13795 = EDGE_CURVE('',#13796,#11626,#13798,.T.);
#13796 = VERTEX_POINT('',#13797);
#13797 = CARTESIAN_POINT('',(-36.35,24.5,18.8));
#13798 = SEAM_CURVE('',#13799,(#13803,#13810),.PCURVE_S1.);
#13799 = LINE('',#13800,#13801);
#13800 = CARTESIAN_POINT('',(-36.35,24.5,16.8));
#13801 = VECTOR('',#13802,1.);
#13802 = DIRECTION('',(0.,0.,1.));
#13803 = PCURVE('',#11642,#13804);
#13804 = DEFINITIONAL_REPRESENTATION('',(#13805),#13809);
#13805 = LINE('',#13806,#13807);
#13806 = CARTESIAN_POINT('',(6.28318530718,0.));
#13807 = VECTOR('',#13808,1.);
#13808 = DIRECTION('',(0.,1.));
#13809 = ( GEOMETRIC_REPRESENTATION_CONTEXT(2) 
PARAMETRIC_REPRESENTATION_CONTEXT() REPRESENTATION_CONTEXT('2D SPACE',''
  ) );
#13810 = PCURVE('',#11642,#13811);
#13811 = DEFINITIONAL_REPRESENTATION('',(#13812),#13816);
#13812 = LINE('',#13813,#13814);
#13813 = CARTESIAN_POINT('',(4.138911435803E-13,0.));
#13814 = VECTOR('',#13815,1.);
#13815 = DIRECTION('',(0.,1.));
#13816 = ( GEOMETRIC_REPRESENTATION_CONTEXT(2) 
PARAMETRIC_REPRESENTATION_CONTEXT() REPRESENTATION_CONTEXT('2D SPACE',''
  ) );
#13817 = ORIENTED_EDGE('',*,*,#11625,.F.);
#13818 = ORIENTED_EDGE('',*,*,#13795,.F.);
#13819 = ORIENTED_EDGE('',*,*,#13820,.T.);
#13820 = EDGE_CURVE('',#13796,#13796,#13821,.T.);
#13821 = SURFACE_CURVE('',#13822,(#13827,#13834),.PCURVE_S1.);
#13822 = CIRCLE('',#13823,1.15);
#13823 = AXIS2_PLACEMENT_3D('',#13824,#13825,#13826);
#13824 = CARTESIAN_POINT('',(-37.5,24.5,18.8));
#13825 = DIRECTION('',(0.,0.,1.));
#13826 = DIRECTION('',(1.,0.,-0.));
#13827 = PCURVE('',#11642,#13828);
#13828 = DEFINITIONAL_REPRESENTATION('',(#13829),#13833);
#13829 = LINE('',#13830,#13831);
#13830 = CARTESIAN_POINT('',(0.,2.));
#13831 = VECTOR('',#13832,1.);
#13832 = DIRECTION('',(1.,0.));
#13833 = ( GEOMETRIC_REPRESENTATION_CONTEXT(2) 
PARAMETRIC_REPRESENTATION_CONTEXT() REPRESENTATION_CONTEXT('2D SPACE',''
  ) );
#13834 = PCURVE('',#13231,#13835);
#13835 = DEFINITIONAL_REPRESENTATION('',(#13836),#13840);
#13836 = CIRCLE('',#13837,1.15);
#13837 = AXIS2_PLACEMENT_2D('',#13838,#13839);
#13838 = CARTESIAN_POINT('',(0.,0.));
#13839 = DIRECTION('',(1.,0.));
#13840 = ( GEOMETRIC_REPRESENTATION_CONTEXT(2) 
PARAMETRIC_REPRESENTATION_CONTEXT() REPRESENTATION_CONTEXT('2D SPACE',''
  ) );
#13841 = ADVANCED_FACE('',(#13842),#11673,.F.);
#13842 = FACE_BOUND('',#13843,.F.);
#13843 = EDGE_LOOP('',(#13844,#13867,#13868,#13869));
#13844 = ORIENTED_EDGE('',*,*,#13845,.T.);
#13845 = EDGE_CURVE('',#13846,#11657,#13848,.T.);
#13846 = VERTEX_POINT('',#13847);
#13847 = CARTESIAN_POINT('',(38.65,24.5,18.8));
#13848 = SEAM_CURVE('',#13849,(#13853,#13860),.PCURVE_S1.);
#13849 = LINE('',#13850,#13851);
#13850 = CARTESIAN_POINT('',(38.65,24.5,16.8));
#13851 = VECTOR('',#13852,1.);
#13852 = DIRECTION('',(0.,0.,1.));
#13853 = PCURVE('',#11673,#13854);
#13854 = DEFINITIONAL_REPRESENTATION('',(#13855),#13859);
#13855 = LINE('',#13856,#13857);
#13856 = CARTESIAN_POINT('',(6.28318530718,0.));
#13857 = VECTOR('',#13858,1.);
#13858 = DIRECTION('',(0.,1.));
#13859 = ( GEOMETRIC_REPRESENTATION_CONTEXT(2) 
PARAMETRIC_REPRESENTATION_CONTEXT() REPRESENTATION_CONTEXT('2D SPACE',''
  ) );
#13860 = PCURVE('',#11673,#13861);
#13861 = DEFINITIONAL_REPRESENTATION('',(#13862),#13866);
#13862 = LINE('',#13863,#13864);
#13863 = CARTESIAN_POINT('',(4.138911435803E-13,0.));
#13864 = VECTOR('',#13865,1.);
#13865 = DIRECTION('',(0.,1.));
#13866 = ( GEOMETRIC_REPRESENTATION_CONTEXT(2) 
PARAMETRIC_REPRESENTATION_CONTEXT() REPRESENTATION_CONTEXT('2D SPACE',''
  ) );
#13867 = ORIENTED_EDGE('',*,*,#11656,.F.);
#13868 = ORIENTED_EDGE('',*,*,#13845,.F.);
#13869 = ORIENTED_EDGE('',*,*,#13870,.T.);
#13870 = EDGE_CURVE('',#13846,#13846,#13871,.T.);
#13871 = SURFACE_CURVE('',#13872,(#13877,#13884),.PCURVE_S1.);
#13872 = CIRCLE('',#13873,1.15);
#13873 = AXIS2_PLACEMENT_3D('',#13874,#13875,#13876);
#13874 = CARTESIAN_POINT('',(37.5,24.5,18.8));
#13875 = DIRECTION('',(0.,0.,1.));
#13876 = DIRECTION('',(1.,0.,-0.));
#13877 = PCURVE('',#11673,#13878);
#13878 = DEFINITIONAL_REPRESENTATION('',(#13879),#13883);
#13879 = LINE('',#13880,#13881);
#13880 = CARTESIAN_POINT('',(0.,2.));
#13881 = VECTOR('',#13882,1.);
#13882 = DIRECTION('',(1.,0.));
#13883 = ( GEOMETRIC_REPRESENTATION_CONTEXT(2) 
PARAMETRIC_REPRESENTATION_CONTEXT() REPRESENTATION_CONTEXT('2D SPACE',''
  ) );
#13884 = PCURVE('',#13530,#13885);
#13885 = DEFINITIONAL_REPRESENTATION('',(#13886),#13890);
#13886 = CIRCLE('',#13887,1.15);
#13887 = AXIS2_PLACEMENT_2D('',#13888,#13889);
#13888 = CARTESIAN_POINT('',(0.,0.));
#13889 = DIRECTION('',(1.,0.));
#13890 = ( GEOMETRIC_REPRESENTATION_CONTEXT(2) 
PARAMETRIC_REPRESENTATION_CONTEXT() REPRESENTATION_CONTEXT('2D SPACE',''
  ) );
#13891 = ADVANCED_FACE('',(#13892,#13900),#12413,.F.);
#13892 = FACE_BOUND('',#13893,.F.);
#13893 = EDGE_LOOP('',(#13894,#13895,#13896,#13897,#13898,#13899));
#13894 = ORIENTED_EDGE('',*,*,#12693,.T.);
#13895 = ORIENTED_EDGE('',*,*,#12573,.T.);
#13896 = ORIENTED_EDGE('',*,*,#12622,.T.);
#13897 = ORIENTED_EDGE('',*,*,#12720,.T.);
#13898 = ORIENTED_EDGE('',*,*,#12818,.T.);
#13899 = ORIENTED_EDGE('',*,*,#12791,.T.);
#13900 = FACE_BOUND('',#13901,.F.);
#13901 = EDGE_LOOP('',(#13902));
#13902 = ORIENTED_EDGE('',*,*,#12398,.F.);
#13903 = ADVANCED_FACE('',(#13904,#13912),#12468,.F.);
#13904 = FACE_BOUND('',#13905,.F.);
#13905 = EDGE_LOOP('',(#13906,#13907,#13908,#13909,#13910,#13911));
#13906 = ORIENTED_EDGE('',*,*,#13014,.T.);
#13907 = ORIENTED_EDGE('',*,*,#12894,.T.);
#13908 = ORIENTED_EDGE('',*,*,#12943,.T.);
#13909 = ORIENTED_EDGE('',*,*,#13041,.T.);
#13910 = ORIENTED_EDGE('',*,*,#13139,.T.);
#13911 = ORIENTED_EDGE('',*,*,#13112,.T.);
#13912 = FACE_BOUND('',#13913,.F.);
#13913 = EDGE_LOOP('',(#13914));
#13914 = ORIENTED_EDGE('',*,*,#12453,.F.);
#13915 = ADVANCED_FACE('',(#13916,#13924),#13231,.F.);
#13916 = FACE_BOUND('',#13917,.F.);
#13917 = EDGE_LOOP('',(#13918,#13919,#13920,#13921,#13922,#13923));
#13918 = ORIENTED_EDGE('',*,*,#13340,.T.);
#13919 = ORIENTED_EDGE('',*,*,#13215,.T.);
#13920 = ORIENTED_EDGE('',*,*,#13269,.T.);
#13921 = ORIENTED_EDGE('',*,*,#13367,.T.);
#13922 = ORIENTED_EDGE('',*,*,#13465,.T.);
#13923 = ORIENTED_EDGE('',*,*,#13438,.T.);
#13924 = FACE_BOUND('',#13925,.F.);
#13925 = EDGE_LOOP('',(#13926));
#13926 = ORIENTED_EDGE('',*,*,#13820,.F.);
#13927 = ADVANCED_FACE('',(#13928,#13936),#13530,.F.);
#13928 = FACE_BOUND('',#13929,.F.);
#13929 = EDGE_LOOP('',(#13930,#13931,#13932,#13933,#13934,#13935));
#13930 = ORIENTED_EDGE('',*,*,#13764,.T.);
#13931 = ORIENTED_EDGE('',*,*,#13514,.T.);
#13932 = ORIENTED_EDGE('',*,*,#13568,.T.);
#13933 = ORIENTED_EDGE('',*,*,#13617,.T.);
#13934 = ORIENTED_EDGE('',*,*,#13666,.T.);
#13935 = ORIENTED_EDGE('',*,*,#13715,.T.);
#13936 = FACE_BOUND('',#13937,.F.);
#13937 = EDGE_LOOP('',(#13938));
#13938 = ORIENTED_EDGE('',*,*,#13870,.F.);
#13939 = ( GEOMETRIC_REPRESENTATION_CONTEXT(3) 
GLOBAL_UNCERTAINTY_ASSIGNED_CONTEXT((#13943)) 
GLOBAL_UNIT_ASSIGNED_CONTEXT((#13940,#13941,#13942)) 
REPRESENTATION_CONTEXT('Context #1',
  '3D Context with UNIT and UNCERTAINTY') );
#13940 = ( LENGTH_UNIT() NAMED_UNIT(*) SI_UNIT(.MILLI.,.METRE.) );
#13941 = ( NAMED_UNIT(*) PLANE_ANGLE_UNIT() SI_UNIT($,.RADIAN.) );
#13942 = ( NAMED_UNIT(*) SI_UNIT($,.STERADIAN.) SOLID_ANGLE_UNIT() );
#13943 = UNCERTAINTY_MEASURE_WITH_UNIT(LENGTH_MEASURE(1.E-07),#13940,
  'distance_accuracy_value','confusion accuracy');
#13944 = CONTEXT_DEPENDENT_SHAPE_REPRESENTATION(#13945,#13947);
#13945 = ( REPRESENTATION_RELATIONSHIP('','',#8782,#10) 
REPRESENTATION_RELATIONSHIP_WITH_TRANSFORMATION(#13946) 
SHAPE_REPRESENTATION_RELATIONSHIP() );
#13946 = ITEM_DEFINED_TRANSFORMATION('','',#11,#39);
#13947 = PRODUCT_DEFINITION_SHAPE('Placement','Placement of an item',
  #13948);
#13948 = NEXT_ASSEMBLY_USAGE_OCCURRENCE('13','reference_frame','',#5,
  #8777,$);
#13949 = PRODUCT_RELATED_PRODUCT_CATEGORY('part',$,(#8779));
#13950 = SHAPE_DEFINITION_REPRESENTATION(#13951,#13957);
#13951 = PRODUCT_DEFINITION_SHAPE('','',#13952);
#13952 = PRODUCT_DEFINITION('design','',#13953,#13956);
#13953 = PRODUCT_DEFINITION_FORMATION('','',#13954);
#13954 = PRODUCT('reference_cap_back','reference_cap_back','',(#13955));
#13955 = PRODUCT_CONTEXT('',#2,'mechanical');
#13956 = PRODUCT_DEFINITION_CONTEXT('part definition',#2,'design');
#13957 = ADVANCED_BREP_SHAPE_REPRESENTATION('',(#11,#13958),#14792);
#13958 = MANIFOLD_SOLID_BREP('',#13959);
#13959 = CLOSED_SHELL('',(#13960,#14080,#14342,#14392,#14446,#14623,
    #14650,#14677,#14704,#14731,#14738,#14765));
#13960 = ADVANCED_FACE('',(#13961),#13975,.F.);
#13961 = FACE_BOUND('',#13962,.F.);
#13962 = EDGE_LOOP('',(#13963,#13998,#14026,#14054));
#13963 = ORIENTED_EDGE('',*,*,#13964,.F.);
#13964 = EDGE_CURVE('',#13965,#13967,#13969,.T.);
#13965 = VERTEX_POINT('',#13966);
#13966 = CARTESIAN_POINT('',(-46.,19.6,27.1));
#13967 = VERTEX_POINT('',#13968);
#13968 = CARTESIAN_POINT('',(-46.,27.4,27.1));
#13969 = SURFACE_CURVE('',#13970,(#13974,#13986),.PCURVE_S1.);
#13970 = LINE('',#13971,#13972);
#13971 = CARTESIAN_POINT('',(-46.,19.,27.1));
#13972 = VECTOR('',#13973,1.);
#13973 = DIRECTION('',(-0.,1.,0.));
#13974 = PCURVE('',#13975,#13980);
#13975 = PLANE('',#13976);
#13976 = AXIS2_PLACEMENT_3D('',#13977,#13978,#13979);
#13977 = CARTESIAN_POINT('',(-46.,19.,24.1));
#13978 = DIRECTION('',(1.,0.,-0.));
#13979 = DIRECTION('',(0.,0.,1.));
#13980 = DEFINITIONAL_REPRESENTATION('',(#13981),#13985);
#13981 = LINE('',#13982,#13983);
#13982 = CARTESIAN_POINT('',(3.,0.));
#13983 = VECTOR('',#13984,1.);
#13984 = DIRECTION('',(0.,-1.));
#13985 = ( GEOMETRIC_REPRESENTATION_CONTEXT(2) 
PARAMETRIC_REPRESENTATION_CONTEXT() REPRESENTATION_CONTEXT('2D SPACE',''
  ) );
#13986 = PCURVE('',#13987,#13992);
#13987 = PLANE('',#13988);
#13988 = AXIS2_PLACEMENT_3D('',#13989,#13990,#13991);
#13989 = CARTESIAN_POINT('',(-46.,19.,27.1));
#13990 = DIRECTION('',(0.,0.,1.));
#13991 = DIRECTION('',(1.,0.,-0.));
#13992 = DEFINITIONAL_REPRESENTATION('',(#13993),#13997);
#13993 = LINE('',#13994,#13995);
#13994 = CARTESIAN_POINT('',(0.,0.));
#13995 = VECTOR('',#13996,1.);
#13996 = DIRECTION('',(0.,1.));
#13997 = ( GEOMETRIC_REPRESENTATION_CONTEXT(2) 
PARAMETRIC_REPRESENTATION_CONTEXT() REPRESENTATION_CONTEXT('2D SPACE',''
  ) );
#13998 = ORIENTED_EDGE('',*,*,#13999,.F.);
#13999 = EDGE_CURVE('',#14000,#13965,#14002,.T.);
#14000 = VERTEX_POINT('',#14001);
#14001 = CARTESIAN_POINT('',(-46.,19.6,24.1));
#14002 = SURFACE_CURVE('',#14003,(#14007,#14014),.PCURVE_S1.);
#14003 = LINE('',#14004,#14005);
#14004 = CARTESIAN_POINT('',(-46.,19.6,24.1));
#14005 = VECTOR('',#14006,1.);
#14006 = DIRECTION('',(0.,0.,1.));
#14007 = PCURVE('',#13975,#14008);
#14008 = DEFINITIONAL_REPRESENTATION('',(#14009),#14013);
#14009 = LINE('',#14010,#14011);
#14010 = CARTESIAN_POINT('',(0.,-0.6));
#14011 = VECTOR('',#14012,1.);
#14012 = DIRECTION('',(1.,0.));
#14013 = ( GEOMETRIC_REPRESENTATION_CONTEXT(2) 
PARAMETRIC_REPRESENTATION_CONTEXT() REPRESENTATION_CONTEXT('2D SPACE',''
  ) );
#14014 = PCURVE('',#14015,#14020);
#14015 = CYLINDRICAL_SURFACE('',#14016,0.6);
#14016 = AXIS2_PLACEMENT_3D('',#14017,#14018,#14019);
#14017 = CARTESIAN_POINT('',(-45.4,19.6,24.1));
#14018 = DIRECTION('',(0.,0.,1.));
#14019 = DIRECTION('',(-1.,-0.,0.));
#14020 = DEFINITIONAL_REPRESENTATION('',(#14021),#14025);
#14021 = LINE('',#14022,#14023);
#14022 = CARTESIAN_POINT('',(0.,0.));
#14023 = VECTOR('',#14024,1.);
#14024 = DIRECTION('',(0.,1.));
#14025 = ( GEOMETRIC_REPRESENTATION_CONTEXT(2) 
PARAMETRIC_REPRESENTATION_CONTEXT() REPRESENTATION_CONTEXT('2D SPACE',''
  ) );
#14026 = ORIENTED_EDGE('',*,*,#14027,.T.);
#14027 = EDGE_CURVE('',#14000,#14028,#14030,.T.);
#14028 = VERTEX_POINT('',#14029);
#14029 = CARTESIAN_POINT('',(-46.,27.4,24.1));
#14030 = SURFACE_CURVE('',#14031,(#14035,#14042),.PCURVE_S1.);
#14031 = LINE('',#14032,#14033);
#14032 = CARTESIAN_POINT('',(-46.,19.,24.1));
#14033 = VECTOR('',#14034,1.);
#14034 = DIRECTION('',(-0.,1.,0.));
#14035 = PCURVE('',#13975,#14036);
#14036 = DEFINITIONAL_REPRESENTATION('',(#14037),#14041);
#14037 = LINE('',#14038,#14039);
#14038 = CARTESIAN_POINT('',(0.,0.));
#14039 = VECTOR('',#14040,1.);
#14040 = DIRECTION('',(0.,-1.));
#14041 = ( GEOMETRIC_REPRESENTATION_CONTEXT(2) 
PARAMETRIC_REPRESENTATION_CONTEXT() REPRESENTATION_CONTEXT('2D SPACE',''
  ) );
#14042 = PCURVE('',#14043,#14048);
#14043 = PLANE('',#14044);
#14044 = AXIS2_PLACEMENT_3D('',#14045,#14046,#14047);
#14045 = CARTESIAN_POINT('',(-46.,19.,24.1));
#14046 = DIRECTION('',(0.,0.,1.));
#14047 = DIRECTION('',(1.,0.,-0.));
#14048 = DEFINITIONAL_REPRESENTATION('',(#14049),#14053);
#14049 = LINE('',#14050,#14051);
#14050 = CARTESIAN_POINT('',(0.,0.));
#14051 = VECTOR('',#14052,1.);
#14052 = DIRECTION('',(0.,1.));
#14053 = ( GEOMETRIC_REPRESENTATION_CONTEXT(2) 
PARAMETRIC_REPRESENTATION_CONTEXT() REPRESENTATION_CONTEXT('2D SPACE',''
  ) );
#14054 = ORIENTED_EDGE('',*,*,#14055,.T.);
#14055 = EDGE_CURVE('',#14028,#13967,#14056,.T.);
#14056 = SURFACE_CURVE('',#14057,(#14061,#14068),.PCURVE_S1.);
#14057 = LINE('',#14058,#14059);
#14058 = CARTESIAN_POINT('',(-46.,27.4,24.1));
#14059 = VECTOR('',#14060,1.);
#14060 = DIRECTION('',(0.,0.,1.));
#14061 = PCURVE('',#13975,#14062);
#14062 = DEFINITIONAL_REPRESENTATION('',(#14063),#14067);
#14063 = LINE('',#14064,#14065);
#14064 = CARTESIAN_POINT('',(0.,-8.4));
#14065 = VECTOR('',#14066,1.);
#14066 = DIRECTION('',(1.,0.));
#14067 = ( GEOMETRIC_REPRESENTATION_CONTEXT(2) 
PARAMETRIC_REPRESENTATION_CONTEXT() REPRESENTATION_CONTEXT('2D SPACE',''
  ) );
#14068 = PCURVE('',#14069,#14074);
#14069 = CYLINDRICAL_SURFACE('',#14070,0.6);
#14070 = AXIS2_PLACEMENT_3D('',#14071,#14072,#14073);
#14071 = CARTESIAN_POINT('',(-45.4,27.4,24.1));
#14072 = DIRECTION('',(0.,0.,1.));
#14073 = DIRECTION('',(-1.,-0.,0.));
#14074 = DEFINITIONAL_REPRESENTATION('',(#14075),#14079);
#14075 = LINE('',#14076,#14077);
#14076 = CARTESIAN_POINT('',(6.28318530718,0.));
#14077 = VECTOR('',#14078,1.);
#14078 = DIRECTION('',(-0.,1.));
#14079 = ( GEOMETRIC_REPRESENTATION_CONTEXT(2) 
PARAMETRIC_REPRESENTATION_CONTEXT() REPRESENTATION_CONTEXT('2D SPACE',''
  ) );
#14080 = ADVANCED_FACE('',(#14081,#14280,#14311),#13987,.T.);
#14081 = FACE_BOUND('',#14082,.T.);
#14082 = EDGE_LOOP('',(#14083,#14084,#14108,#14136,#14169,#14197,#14226,
    #14254));
#14083 = ORIENTED_EDGE('',*,*,#13964,.F.);
#14084 = ORIENTED_EDGE('',*,*,#14085,.T.);
#14085 = EDGE_CURVE('',#13965,#14086,#14088,.T.);
#14086 = VERTEX_POINT('',#14087);
#14087 = CARTESIAN_POINT('',(-45.4,19.,27.1));
#14088 = SURFACE_CURVE('',#14089,(#14094,#14101),.PCURVE_S1.);
#14089 = CIRCLE('',#14090,0.6);
#14090 = AXIS2_PLACEMENT_3D('',#14091,#14092,#14093);
#14091 = CARTESIAN_POINT('',(-45.4,19.6,27.1));
#14092 = DIRECTION('',(0.,0.,1.));
#14093 = DIRECTION('',(0.,-1.,0.));
#14094 = PCURVE('',#13987,#14095);
#14095 = DEFINITIONAL_REPRESENTATION('',(#14096),#14100);
#14096 = CIRCLE('',#14097,0.6);
#14097 = AXIS2_PLACEMENT_2D('',#14098,#14099);
#14098 = CARTESIAN_POINT('',(0.6,0.6));
#14099 = DIRECTION('',(0.,-1.));
#14100 = ( GEOMETRIC_REPRESENTATION_CONTEXT(2) 
PARAMETRIC_REPRESENTATION_CONTEXT() REPRESENTATION_CONTEXT('2D SPACE',''
  ) );
#14101 = PCURVE('',#14015,#14102);
#14102 = DEFINITIONAL_REPRESENTATION('',(#14103),#14107);
#14103 = LINE('',#14104,#14105);
#14104 = CARTESIAN_POINT('',(-4.712388980385,3.));
#14105 = VECTOR('',#14106,1.);
#14106 = DIRECTION('',(1.,0.));
#14107 = ( GEOMETRIC_REPRESENTATION_CONTEXT(2) 
PARAMETRIC_REPRESENTATION_CONTEXT() REPRESENTATION_CONTEXT('2D SPACE',''
  ) );
#14108 = ORIENTED_EDGE('',*,*,#14109,.T.);
#14109 = EDGE_CURVE('',#14086,#14110,#14112,.T.);
#14110 = VERTEX_POINT('',#14111);
#14111 = CARTESIAN_POINT('',(45.4,19.,27.1));
#14112 = SURFACE_CURVE('',#14113,(#14117,#14124),.PCURVE_S1.);
#14113 = LINE('',#14114,#14115);
#14114 = CARTESIAN_POINT('',(-46.,19.,27.1));
#14115 = VECTOR('',#14116,1.);
#14116 = DIRECTION('',(1.,0.,-0.));
#14117 = PCURVE('',#13987,#14118);
#14118 = DEFINITIONAL_REPRESENTATION('',(#14119),#14123);
#14119 = LINE('',#14120,#14121);
#14120 = CARTESIAN_POINT('',(0.,0.));
#14121 = VECTOR('',#14122,1.);
#14122 = DIRECTION('',(1.,0.));
#14123 = ( GEOMETRIC_REPRESENTATION_CONTEXT(2) 
PARAMETRIC_REPRESENTATION_CONTEXT() REPRESENTATION_CONTEXT('2D SPACE',''
  ) );
#14124 = PCURVE('',#14125,#14130);
#14125 = PLANE('',#14126);
#14126 = AXIS2_PLACEMENT_3D('',#14127,#14128,#14129);
#14127 = CARTESIAN_POINT('',(-46.,19.,24.1));
#14128 = DIRECTION('',(-0.,1.,0.));
#14129 = DIRECTION('',(0.,0.,1.));
#14130 = DEFINITIONAL_REPRESENTATION('',(#14131),#14135);
#14131 = LINE('',#14132,#14133);
#14132 = CARTESIAN_POINT('',(3.,0.));
#14133 = VECTOR('',#14134,1.);
#14134 = DIRECTION('',(0.,1.));
#14135 = ( GEOMETRIC_REPRESENTATION_CONTEXT(2) 
PARAMETRIC_REPRESENTATION_CONTEXT() REPRESENTATION_CONTEXT('2D SPACE',''
  ) );
#14136 = ORIENTED_EDGE('',*,*,#14137,.F.);
#14137 = EDGE_CURVE('',#14138,#14110,#14140,.T.);
#14138 = VERTEX_POINT('',#14139);
#14139 = CARTESIAN_POINT('',(46.,19.6,27.1));
#14140 = SURFACE_CURVE('',#14141,(#14146,#14157),.PCURVE_S1.);
#14141 = CIRCLE('',#14142,0.6);
#14142 = AXIS2_PLACEMENT_3D('',#14143,#14144,#14145);
#14143 = CARTESIAN_POINT('',(45.4,19.6,27.1));
#14144 = DIRECTION('',(-0.,-0.,-1.));
#14145 = DIRECTION('',(0.,-1.,0.));
#14146 = PCURVE('',#13987,#14147);
#14147 = DEFINITIONAL_REPRESENTATION('',(#14148),#14156);
#14148 = ( BOUNDED_CURVE() B_SPLINE_CURVE(2,(#14149,#14150,#14151,#14152
    ,#14153,#14154,#14155),.UNSPECIFIED.,.T.,.F.) 
B_SPLINE_CURVE_WITH_KNOTS((1,2,2,2,2,1),(-2.094395102393,0.,
    2.094395102393,4.188790204786,6.28318530718,8.377580409573),
.UNSPECIFIED.) CURVE() GEOMETRIC_REPRESENTATION_ITEM() 
RATIONAL_B_SPLINE_CURVE((1.,0.5,1.,0.5,1.,0.5,1.)) REPRESENTATION_ITEM(
  '') );
#14149 = CARTESIAN_POINT('',(91.4,0.));
#14150 = CARTESIAN_POINT('',(90.360769515459,0.));
#14151 = CARTESIAN_POINT('',(90.880384757729,0.9));
#14152 = CARTESIAN_POINT('',(91.4,1.8));
#14153 = CARTESIAN_POINT('',(91.919615242271,0.9));
#14154 = CARTESIAN_POINT('',(92.439230484541,8.881784197001E-16));
#14155 = CARTESIAN_POINT('',(91.4,0.));
#14156 = ( GEOMETRIC_REPRESENTATION_CONTEXT(2) 
PARAMETRIC_REPRESENTATION_CONTEXT() REPRESENTATION_CONTEXT('2D SPACE',''
  ) );
#14157 = PCURVE('',#14158,#14163);
#14158 = CYLINDRICAL_SURFACE('',#14159,0.6);
#14159 = AXIS2_PLACEMENT_3D('',#14160,#14161,#14162);
#14160 = CARTESIAN_POINT('',(45.4,19.6,24.1));
#14161 = DIRECTION('',(0.,0.,1.));
#14162 = DIRECTION('',(1.,0.,-0.));
#14163 = DEFINITIONAL_REPRESENTATION('',(#14164),#14168);
#14164 = LINE('',#14165,#14166);
#14165 = CARTESIAN_POINT('',(10.995574287565,3.));
#14166 = VECTOR('',#14167,1.);
#14167 = DIRECTION('',(-1.,0.));
#14168 = ( GEOMETRIC_REPRESENTATION_CONTEXT(2) 
PARAMETRIC_REPRESENTATION_CONTEXT() REPRESENTATION_CONTEXT('2D SPACE',''
  ) );
#14169 = ORIENTED_EDGE('',*,*,#14170,.T.);
#14170 = EDGE_CURVE('',#14138,#14171,#14173,.T.);
#14171 = VERTEX_POINT('',#14172);
#14172 = CARTESIAN_POINT('',(46.,27.4,27.1));
#14173 = SURFACE_CURVE('',#14174,(#14178,#14185),.PCURVE_S1.);
#14174 = LINE('',#14175,#14176);
#14175 = CARTESIAN_POINT('',(46.,19.,27.1));
#14176 = VECTOR('',#14177,1.);
#14177 = DIRECTION('',(-0.,1.,0.));
#14178 = PCURVE('',#13987,#14179);
#14179 = DEFINITIONAL_REPRESENTATION('',(#14180),#14184);
#14180 = LINE('',#14181,#14182);
#14181 = CARTESIAN_POINT('',(92.,0.));
#14182 = VECTOR('',#14183,1.);
#14183 = DIRECTION('',(0.,1.));
#14184 = ( GEOMETRIC_REPRESENTATION_CONTEXT(2) 
PARAMETRIC_REPRESENTATION_CONTEXT() REPRESENTATION_CONTEXT('2D SPACE',''
  ) );
#14185 = PCURVE('',#14186,#14191);
#14186 = PLANE('',#14187);
#14187 = AXIS2_PLACEMENT_3D('',#14188,#14189,#14190);
#14188 = CARTESIAN_POINT('',(46.,19.,24.1));
#14189 = DIRECTION('',(1.,0.,-0.));
#14190 = DIRECTION('',(0.,0.,1.));
#14191 = DEFINITIONAL_REPRESENTATION('',(#14192),#14196);
#14192 = LINE('',#14193,#14194);
#14193 = CARTESIAN_POINT('',(3.,0.));
#14194 = VECTOR('',#14195,1.);
#14195 = DIRECTION('',(0.,-1.));
#14196 = ( GEOMETRIC_REPRESENTATION_CONTEXT(2) 
PARAMETRIC_REPRESENTATION_CONTEXT() REPRESENTATION_CONTEXT('2D SPACE',''
  ) );
#14197 = ORIENTED_EDGE('',*,*,#14198,.T.);
#14198 = EDGE_CURVE('',#14171,#14199,#14201,.T.);
#14199 = VERTEX_POINT('',#14200);
#14200 = CARTESIAN_POINT('',(45.4,28.,27.1));
#14201 = SURFACE_CURVE('',#14202,(#14207,#14214),.PCURVE_S1.);
#14202 = CIRCLE('',#14203,0.6);
#14203 = AXIS2_PLACEMENT_3D('',#14204,#14205,#14206);
#14204 = CARTESIAN_POINT('',(45.4,27.4,27.1));
#14205 = DIRECTION('',(0.,0.,1.));
#14206 = DIRECTION('',(0.,-1.,0.));
#14207 = PCURVE('',#13987,#14208);
#14208 = DEFINITIONAL_REPRESENTATION('',(#14209),#14213);
#14209 = CIRCLE('',#14210,0.6);
#14210 = AXIS2_PLACEMENT_2D('',#14211,#14212);
#14211 = CARTESIAN_POINT('',(91.4,8.4));
#14212 = DIRECTION('',(0.,-1.));
#14213 = ( GEOMETRIC_REPRESENTATION_CONTEXT(2) 
PARAMETRIC_REPRESENTATION_CONTEXT() REPRESENTATION_CONTEXT('2D SPACE',''
  ) );
#14214 = PCURVE('',#14215,#14220);
#14215 = CYLINDRICAL_SURFACE('',#14216,0.6);
#14216 = AXIS2_PLACEMENT_3D('',#14217,#14218,#14219);
#14217 = CARTESIAN_POINT('',(45.4,27.4,24.1));
#14218 = DIRECTION('',(0.,0.,1.));
#14219 = DIRECTION('',(1.,0.,-0.));
#14220 = DEFINITIONAL_REPRESENTATION('',(#14221),#14225);
#14221 = LINE('',#14222,#14223);
#14222 = CARTESIAN_POINT('',(-1.570796326795,3.));
#14223 = VECTOR('',#14224,1.);
#14224 = DIRECTION('',(1.,0.));
#14225 = ( GEOMETRIC_REPRESENTATION_CONTEXT(2) 
PARAMETRIC_REPRESENTATION_CONTEXT() REPRESENTATION_CONTEXT('2D SPACE',''
  ) );
#14226 = ORIENTED_EDGE('',*,*,#14227,.F.);
#14227 = EDGE_CURVE('',#14228,#14199,#14230,.T.);
#14228 = VERTEX_POINT('',#14229);
#14229 = CARTESIAN_POINT('',(-45.4,28.,27.1));
#14230 = SURFACE_CURVE('',#14231,(#14235,#14242),.PCURVE_S1.);
#14231 = LINE('',#14232,#14233);
#14232 = CARTESIAN_POINT('',(-46.,28.,27.1));
#14233 = VECTOR('',#14234,1.);
#14234 = DIRECTION('',(1.,0.,-0.));
#14235 = PCURVE('',#13987,#14236);
#14236 = DEFINITIONAL_REPRESENTATION('',(#14237),#14241);
#14237 = LINE('',#14238,#14239);
#14238 = CARTESIAN_POINT('',(0.,9.));
#14239 = VECTOR('',#14240,1.);
#14240 = DIRECTION('',(1.,0.));
#14241 = ( GEOMETRIC_REPRESENTATION_CONTEXT(2) 
PARAMETRIC_REPRESENTATION_CONTEXT() REPRESENTATION_CONTEXT('2D SPACE',''
  ) );
#14242 = PCURVE('',#14243,#14248);
#14243 = PLANE('',#14244);
#14244 = AXIS2_PLACEMENT_3D('',#14245,#14246,#14247);
#14245 = CARTESIAN_POINT('',(-46.,28.,24.1));
#14246 = DIRECTION('',(-0.,1.,0.));
#14247 = DIRECTION('',(0.,0.,1.));
#14248 = DEFINITIONAL_REPRESENTATION('',(#14249),#14253);
#14249 = LINE('',#14250,#14251);
#14250 = CARTESIAN_POINT('',(3.,0.));
#14251 = VECTOR('',#14252,1.);
#14252 = DIRECTION('',(0.,1.));
#14253 = ( GEOMETRIC_REPRESENTATION_CONTEXT(2) 
PARAMETRIC_REPRESENTATION_CONTEXT() REPRESENTATION_CONTEXT('2D SPACE',''
  ) );
#14254 = ORIENTED_EDGE('',*,*,#14255,.F.);
#14255 = EDGE_CURVE('',#13967,#14228,#14256,.T.);
#14256 = SURFACE_CURVE('',#14257,(#14262,#14273),.PCURVE_S1.);
#14257 = CIRCLE('',#14258,0.6);
#14258 = AXIS2_PLACEMENT_3D('',#14259,#14260,#14261);
#14259 = CARTESIAN_POINT('',(-45.4,27.4,27.1));
#14260 = DIRECTION('',(-0.,-0.,-1.));
#14261 = DIRECTION('',(0.,-1.,0.));
#14262 = PCURVE('',#13987,#14263);
#14263 = DEFINITIONAL_REPRESENTATION('',(#14264),#14272);
#14264 = ( BOUNDED_CURVE() B_SPLINE_CURVE(2,(#14265,#14266,#14267,#14268
    ,#14269,#14270,#14271),.UNSPECIFIED.,.T.,.F.) 
B_SPLINE_CURVE_WITH_KNOTS((1,2,2,2,2,1),(-2.094395102393,0.,
    2.094395102393,4.188790204786,6.28318530718,8.377580409573),
.UNSPECIFIED.) CURVE() GEOMETRIC_REPRESENTATION_ITEM() 
RATIONAL_B_SPLINE_CURVE((1.,0.5,1.,0.5,1.,0.5,1.)) REPRESENTATION_ITEM(
  '') );
#14265 = CARTESIAN_POINT('',(0.6,7.8));
#14266 = CARTESIAN_POINT('',(-0.439230484541,7.8));
#14267 = CARTESIAN_POINT('',(8.038475772934E-02,8.7));
#14268 = CARTESIAN_POINT('',(0.6,9.6));
#14269 = CARTESIAN_POINT('',(1.119615242271,8.7));
#14270 = CARTESIAN_POINT('',(1.639230484541,7.8));
#14271 = CARTESIAN_POINT('',(0.6,7.8));
#14272 = ( GEOMETRIC_REPRESENTATION_CONTEXT(2) 
PARAMETRIC_REPRESENTATION_CONTEXT() REPRESENTATION_CONTEXT('2D SPACE',''
  ) );
#14273 = PCURVE('',#14069,#14274);
#14274 = DEFINITIONAL_REPRESENTATION('',(#14275),#14279);
#14275 = LINE('',#14276,#14277);
#14276 = CARTESIAN_POINT('',(7.853981633975,3.));
#14277 = VECTOR('',#14278,1.);
#14278 = DIRECTION('',(-1.,0.));
#14279 = ( GEOMETRIC_REPRESENTATION_CONTEXT(2) 
PARAMETRIC_REPRESENTATION_CONTEXT() REPRESENTATION_CONTEXT('2D SPACE',''
  ) );
#14280 = FACE_BOUND('',#14281,.T.);
#14281 = EDGE_LOOP('',(#14282));
#14282 = ORIENTED_EDGE('',*,*,#14283,.F.);
#14283 = EDGE_CURVE('',#14284,#14284,#14286,.T.);
#14284 = VERTEX_POINT('',#14285);
#14285 = CARTESIAN_POINT('',(-36.35,24.5,27.1));
#14286 = SURFACE_CURVE('',#14287,(#14292,#14299),.PCURVE_S1.);
#14287 = CIRCLE('',#14288,1.15);
#14288 = AXIS2_PLACEMENT_3D('',#14289,#14290,#14291);
#14289 = CARTESIAN_POINT('',(-37.5,24.5,27.1));
#14290 = DIRECTION('',(0.,0.,1.));
#14291 = DIRECTION('',(1.,0.,-0.));
#14292 = PCURVE('',#13987,#14293);
#14293 = DEFINITIONAL_REPRESENTATION('',(#14294),#14298);
#14294 = CIRCLE('',#14295,1.15);
#14295 = AXIS2_PLACEMENT_2D('',#14296,#14297);
#14296 = CARTESIAN_POINT('',(8.5,5.5));
#14297 = DIRECTION('',(1.,0.));
#14298 = ( GEOMETRIC_REPRESENTATION_CONTEXT(2) 
PARAMETRIC_REPRESENTATION_CONTEXT() REPRESENTATION_CONTEXT('2D SPACE',''
  ) );
#14299 = PCURVE('',#14300,#14305);
#14300 = CYLINDRICAL_SURFACE('',#14301,1.15);
#14301 = AXIS2_PLACEMENT_3D('',#14302,#14303,#14304);
#14302 = CARTESIAN_POINT('',(-37.5,24.5,23.9));
#14303 = DIRECTION('',(0.,0.,1.));
#14304 = DIRECTION('',(1.,0.,-0.));
#14305 = DEFINITIONAL_REPRESENTATION('',(#14306),#14310);
#14306 = LINE('',#14307,#14308);
#14307 = CARTESIAN_POINT('',(0.,3.2));
#14308 = VECTOR('',#14309,1.);
#14309 = DIRECTION('',(1.,0.));
#14310 = ( GEOMETRIC_REPRESENTATION_CONTEXT(2) 
PARAMETRIC_REPRESENTATION_CONTEXT() REPRESENTATION_CONTEXT('2D SPACE',''
  ) );
#14311 = FACE_BOUND('',#14312,.T.);
#14312 = EDGE_LOOP('',(#14313));
#14313 = ORIENTED_EDGE('',*,*,#14314,.F.);
#14314 = EDGE_CURVE('',#14315,#14315,#14317,.T.);
#14315 = VERTEX_POINT('',#14316);
#14316 = CARTESIAN_POINT('',(38.65,24.5,27.1));
#14317 = SURFACE_CURVE('',#14318,(#14323,#14330),.PCURVE_S1.);
#14318 = CIRCLE('',#14319,1.15);
#14319 = AXIS2_PLACEMENT_3D('',#14320,#14321,#14322);
#14320 = CARTESIAN_POINT('',(37.5,24.5,27.1));
#14321 = DIRECTION('',(0.,0.,1.));
#14322 = DIRECTION('',(1.,0.,-0.));
#14323 = PCURVE('',#13987,#14324);
#14324 = DEFINITIONAL_REPRESENTATION('',(#14325),#14329);
#14325 = CIRCLE('',#14326,1.15);
#14326 = AXIS2_PLACEMENT_2D('',#14327,#14328);
#14327 = CARTESIAN_POINT('',(83.5,5.5));
#14328 = DIRECTION('',(1.,0.));
#14329 = ( GEOMETRIC_REPRESENTATION_CONTEXT(2) 
PARAMETRIC_REPRESENTATION_CONTEXT() REPRESENTATION_CONTEXT('2D SPACE',''
  ) );
#14330 = PCURVE('',#14331,#14336);
#14331 = CYLINDRICAL_SURFACE('',#14332,1.15);
#14332 = AXIS2_PLACEMENT_3D('',#14333,#14334,#14335);
#14333 = CARTESIAN_POINT('',(37.5,24.5,23.9));
#14334 = DIRECTION('',(0.,0.,1.));
#14335 = DIRECTION('',(1.,0.,-0.));
#14336 = DEFINITIONAL_REPRESENTATION('',(#14337),#14341);
#14337 = LINE('',#14338,#14339);
#14338 = CARTESIAN_POINT('',(0.,3.2));
#14339 = VECTOR('',#14340,1.);
#14340 = DIRECTION('',(1.,0.));
#14341 = ( GEOMETRIC_REPRESENTATION_CONTEXT(2) 
PARAMETRIC_REPRESENTATION_CONTEXT() REPRESENTATION_CONTEXT('2D SPACE',''
  ) );
#14342 = ADVANCED_FACE('',(#14343),#14015,.T.);
#14343 = FACE_BOUND('',#14344,.T.);
#14344 = EDGE_LOOP('',(#14345,#14369,#14390,#14391));
#14345 = ORIENTED_EDGE('',*,*,#14346,.T.);
#14346 = EDGE_CURVE('',#14000,#14347,#14349,.T.);
#14347 = VERTEX_POINT('',#14348);
#14348 = CARTESIAN_POINT('',(-45.4,19.,24.1));
#14349 = SURFACE_CURVE('',#14350,(#14355,#14362),.PCURVE_S1.);
#14350 = CIRCLE('',#14351,0.6);
#14351 = AXIS2_PLACEMENT_3D('',#14352,#14353,#14354);
#14352 = CARTESIAN_POINT('',(-45.4,19.6,24.1));
#14353 = DIRECTION('',(0.,0.,1.));
#14354 = DIRECTION('',(0.,-1.,0.));
#14355 = PCURVE('',#14015,#14356);
#14356 = DEFINITIONAL_REPRESENTATION('',(#14357),#14361);
#14357 = LINE('',#14358,#14359);
#14358 = CARTESIAN_POINT('',(-4.712388980385,0.));
#14359 = VECTOR('',#14360,1.);
#14360 = DIRECTION('',(1.,0.));
#14361 = ( GEOMETRIC_REPRESENTATION_CONTEXT(2) 
PARAMETRIC_REPRESENTATION_CONTEXT() REPRESENTATION_CONTEXT('2D SPACE',''
  ) );
#14362 = PCURVE('',#14043,#14363);
#14363 = DEFINITIONAL_REPRESENTATION('',(#14364),#14368);
#14364 = CIRCLE('',#14365,0.6);
#14365 = AXIS2_PLACEMENT_2D('',#14366,#14367);
#14366 = CARTESIAN_POINT('',(0.6,0.6));
#14367 = DIRECTION('',(0.,-1.));
#14368 = ( GEOMETRIC_REPRESENTATION_CONTEXT(2) 
PARAMETRIC_REPRESENTATION_CONTEXT() REPRESENTATION_CONTEXT('2D SPACE',''
  ) );
#14369 = ORIENTED_EDGE('',*,*,#14370,.T.);
#14370 = EDGE_CURVE('',#14347,#14086,#14371,.T.);
#14371 = SURFACE_CURVE('',#14372,(#14376,#14383),.PCURVE_S1.);
#14372 = LINE('',#14373,#14374);
#14373 = CARTESIAN_POINT('',(-45.4,19.,24.1));
#14374 = VECTOR('',#14375,1.);
#14375 = DIRECTION('',(0.,0.,1.));
#14376 = PCURVE('',#14015,#14377);
#14377 = DEFINITIONAL_REPRESENTATION('',(#14378),#14382);
#14378 = LINE('',#14379,#14380);
#14379 = CARTESIAN_POINT('',(1.570796326795,0.));
#14380 = VECTOR('',#14381,1.);
#14381 = DIRECTION('',(0.,1.));
#14382 = ( GEOMETRIC_REPRESENTATION_CONTEXT(2) 
PARAMETRIC_REPRESENTATION_CONTEXT() REPRESENTATION_CONTEXT('2D SPACE',''
  ) );
#14383 = PCURVE('',#14125,#14384);
#14384 = DEFINITIONAL_REPRESENTATION('',(#14385),#14389);
#14385 = LINE('',#14386,#14387);
#14386 = CARTESIAN_POINT('',(0.,0.6));
#14387 = VECTOR('',#14388,1.);
#14388 = DIRECTION('',(1.,0.));
#14389 = ( GEOMETRIC_REPRESENTATION_CONTEXT(2) 
PARAMETRIC_REPRESENTATION_CONTEXT() REPRESENTATION_CONTEXT('2D SPACE',''
  ) );
#14390 = ORIENTED_EDGE('',*,*,#14085,.F.);
#14391 = ORIENTED_EDGE('',*,*,#13999,.F.);
#14392 = ADVANCED_FACE('',(#14393),#14069,.T.);
#14393 = FACE_BOUND('',#14394,.T.);
#14394 = EDGE_LOOP('',(#14395,#14396,#14397,#14420));
#14395 = ORIENTED_EDGE('',*,*,#14055,.T.);
#14396 = ORIENTED_EDGE('',*,*,#14255,.T.);
#14397 = ORIENTED_EDGE('',*,*,#14398,.F.);
#14398 = EDGE_CURVE('',#14399,#14228,#14401,.T.);
#14399 = VERTEX_POINT('',#14400);
#14400 = CARTESIAN_POINT('',(-45.4,28.,24.1));
#14401 = SURFACE_CURVE('',#14402,(#14406,#14413),.PCURVE_S1.);
#14402 = LINE('',#14403,#14404);
#14403 = CARTESIAN_POINT('',(-45.4,28.,24.1));
#14404 = VECTOR('',#14405,1.);
#14405 = DIRECTION('',(0.,0.,1.));
#14406 = PCURVE('',#14069,#14407);
#14407 = DEFINITIONAL_REPRESENTATION('',(#14408),#14412);
#14408 = LINE('',#14409,#14410);
#14409 = CARTESIAN_POINT('',(4.712388980385,0.));
#14410 = VECTOR('',#14411,1.);
#14411 = DIRECTION('',(-0.,1.));
#14412 = ( GEOMETRIC_REPRESENTATION_CONTEXT(2) 
PARAMETRIC_REPRESENTATION_CONTEXT() REPRESENTATION_CONTEXT('2D SPACE',''
  ) );
#14413 = PCURVE('',#14243,#14414);
#14414 = DEFINITIONAL_REPRESENTATION('',(#14415),#14419);
#14415 = LINE('',#14416,#14417);
#14416 = CARTESIAN_POINT('',(0.,0.6));
#14417 = VECTOR('',#14418,1.);
#14418 = DIRECTION('',(1.,0.));
#14419 = ( GEOMETRIC_REPRESENTATION_CONTEXT(2) 
PARAMETRIC_REPRESENTATION_CONTEXT() REPRESENTATION_CONTEXT('2D SPACE',''
  ) );
#14420 = ORIENTED_EDGE('',*,*,#14421,.F.);
#14421 = EDGE_CURVE('',#14028,#14399,#14422,.T.);
#14422 = SURFACE_CURVE('',#14423,(#14428,#14435),.PCURVE_S1.);
#14423 = CIRCLE('',#14424,0.6);
#14424 = AXIS2_PLACEMENT_3D('',#14425,#14426,#14427);
#14425 = CARTESIAN_POINT('',(-45.4,27.4,24.1));
#14426 = DIRECTION('',(-0.,-0.,-1.));
#14427 = DIRECTION('',(0.,-1.,0.));
#14428 = PCURVE('',#14069,#14429);
#14429 = DEFINITIONAL_REPRESENTATION('',(#14430),#14434);
#14430 = LINE('',#14431,#14432);
#14431 = CARTESIAN_POINT('',(7.853981633975,0.));
#14432 = VECTOR('',#14433,1.);
#14433 = DIRECTION('',(-1.,0.));
#14434 = ( GEOMETRIC_REPRESENTATION_CONTEXT(2) 
PARAMETRIC_REPRESENTATION_CONTEXT() REPRESENTATION_CONTEXT('2D SPACE',''
  ) );
#14435 = PCURVE('',#14043,#14436);
#14436 = DEFINITIONAL_REPRESENTATION('',(#14437),#14445);
#14437 = ( BOUNDED_CURVE() B_SPLINE_CURVE(2,(#14438,#14439,#14440,#14441
    ,#14442,#14443,#14444),.UNSPECIFIED.,.T.,.F.) 
B_SPLINE_CURVE_WITH_KNOTS((1,2,2,2,2,1),(-2.094395102393,0.,
    2.094395102393,4.188790204786,6.28318530718,8.377580409573),
.UNSPECIFIED.) CURVE() GEOMETRIC_REPRESENTATION_ITEM() 
RATIONAL_B_SPLINE_CURVE((1.,0.5,1.,0.5,1.,0.5,1.)) REPRESENTATION_ITEM(
  '') );
#14438 = CARTESIAN_POINT('',(0.6,7.8));
#14439 = CARTESIAN_POINT('',(-0.439230484541,7.8));
#14440 = CARTESIAN_POINT('',(8.038475772934E-02,8.7));
#14441 = CARTESIAN_POINT('',(0.6,9.6));
#14442 = CARTESIAN_POINT('',(1.119615242271,8.7));
#14443 = CARTESIAN_POINT('',(1.639230484541,7.8));
#14444 = CARTESIAN_POINT('',(0.6,7.8));
#14445 = ( GEOMETRIC_REPRESENTATION_CONTEXT(2) 
PARAMETRIC_REPRESENTATION_CONTEXT() REPRESENTATION_CONTEXT('2D SPACE',''
  ) );
#14446 = ADVANCED_FACE('',(#14447,#14571,#14597),#14043,.F.);
#14447 = FACE_BOUND('',#14448,.F.);
#14448 = EDGE_LOOP('',(#14449,#14450,#14451,#14474,#14502,#14525,#14549,
    #14570));
#14449 = ORIENTED_EDGE('',*,*,#14027,.F.);
#14450 = ORIENTED_EDGE('',*,*,#14346,.T.);
#14451 = ORIENTED_EDGE('',*,*,#14452,.T.);
#14452 = EDGE_CURVE('',#14347,#14453,#14455,.T.);
#14453 = VERTEX_POINT('',#14454);
#14454 = CARTESIAN_POINT('',(45.4,19.,24.1));
#14455 = SURFACE_CURVE('',#14456,(#14460,#14467),.PCURVE_S1.);
#14456 = LINE('',#14457,#14458);
#14457 = CARTESIAN_POINT('',(-46.,19.,24.1));
#14458 = VECTOR('',#14459,1.);
#14459 = DIRECTION('',(1.,0.,-0.));
#14460 = PCURVE('',#14043,#14461);
#14461 = DEFINITIONAL_REPRESENTATION('',(#14462),#14466);
#14462 = LINE('',#14463,#14464);
#14463 = CARTESIAN_POINT('',(0.,0.));
#14464 = VECTOR('',#14465,1.);
#14465 = DIRECTION('',(1.,0.));
#14466 = ( GEOMETRIC_REPRESENTATION_CONTEXT(2) 
PARAMETRIC_REPRESENTATION_CONTEXT() REPRESENTATION_CONTEXT('2D SPACE',''
  ) );
#14467 = PCURVE('',#14125,#14468);
#14468 = DEFINITIONAL_REPRESENTATION('',(#14469),#14473);
#14469 = LINE('',#14470,#14471);
#14470 = CARTESIAN_POINT('',(0.,0.));
#14471 = VECTOR('',#14472,1.);
#14472 = DIRECTION('',(0.,1.));
#14473 = ( GEOMETRIC_REPRESENTATION_CONTEXT(2) 
PARAMETRIC_REPRESENTATION_CONTEXT() REPRESENTATION_CONTEXT('2D SPACE',''
  ) );
#14474 = ORIENTED_EDGE('',*,*,#14475,.F.);
#14475 = EDGE_CURVE('',#14476,#14453,#14478,.T.);
#14476 = VERTEX_POINT('',#14477);
#14477 = CARTESIAN_POINT('',(46.,19.6,24.1));
#14478 = SURFACE_CURVE('',#14479,(#14484,#14495),.PCURVE_S1.);
#14479 = CIRCLE('',#14480,0.6);
#14480 = AXIS2_PLACEMENT_3D('',#14481,#14482,#14483);
#14481 = CARTESIAN_POINT('',(45.4,19.6,24.1));
#14482 = DIRECTION('',(-0.,-0.,-1.));
#14483 = DIRECTION('',(0.,-1.,0.));
#14484 = PCURVE('',#14043,#14485);
#14485 = DEFINITIONAL_REPRESENTATION('',(#14486),#14494);
#14486 = ( BOUNDED_CURVE() B_SPLINE_CURVE(2,(#14487,#14488,#14489,#14490
    ,#14491,#14492,#14493),.UNSPECIFIED.,.T.,.F.) 
B_SPLINE_CURVE_WITH_KNOTS((1,2,2,2,2,1),(-2.094395102393,0.,
    2.094395102393,4.188790204786,6.28318530718,8.377580409573),
.UNSPECIFIED.) CURVE() GEOMETRIC_REPRESENTATION_ITEM() 
RATIONAL_B_SPLINE_CURVE((1.,0.5,1.,0.5,1.,0.5,1.)) REPRESENTATION_ITEM(
  '') );
#14487 = CARTESIAN_POINT('',(91.4,0.));
#14488 = CARTESIAN_POINT('',(90.360769515459,0.));
#14489 = CARTESIAN_POINT('',(90.880384757729,0.9));
#14490 = CARTESIAN_POINT('',(91.4,1.8));
#14491 = CARTESIAN_POINT('',(91.919615242271,0.9));
#14492 = CARTESIAN_POINT('',(92.439230484541,8.881784197001E-16));
#14493 = CARTESIAN_POINT('',(91.4,0.));
#14494 = ( GEOMETRIC_REPRESENTATION_CONTEXT(2) 
PARAMETRIC_REPRESENTATION_CONTEXT() REPRESENTATION_CONTEXT('2D SPACE',''
  ) );
#14495 = PCURVE('',#14158,#14496);
#14496 = DEFINITIONAL_REPRESENTATION('',(#14497),#14501);
#14497 = LINE('',#14498,#14499);
#14498 = CARTESIAN_POINT('',(10.995574287565,0.));
#14499 = VECTOR('',#14500,1.);
#14500 = DIRECTION('',(-1.,0.));
#14501 = ( GEOMETRIC_REPRESENTATION_CONTEXT(2) 
PARAMETRIC_REPRESENTATION_CONTEXT() REPRESENTATION_CONTEXT('2D SPACE',''
  ) );
#14502 = ORIENTED_EDGE('',*,*,#14503,.T.);
#14503 = EDGE_CURVE('',#14476,#14504,#14506,.T.);
#14504 = VERTEX_POINT('',#14505);
#14505 = CARTESIAN_POINT('',(46.,27.4,24.1));
#14506 = SURFACE_CURVE('',#14507,(#14511,#14518),.PCURVE_S1.);
#14507 = LINE('',#14508,#14509);
#14508 = CARTESIAN_POINT('',(46.,19.,24.1));
#14509 = VECTOR('',#14510,1.);
#14510 = DIRECTION('',(-0.,1.,0.));
#14511 = PCURVE('',#14043,#14512);
#14512 = DEFINITIONAL_REPRESENTATION('',(#14513),#14517);
#14513 = LINE('',#14514,#14515);
#14514 = CARTESIAN_POINT('',(92.,0.));
#14515 = VECTOR('',#14516,1.);
#14516 = DIRECTION('',(0.,1.));
#14517 = ( GEOMETRIC_REPRESENTATION_CONTEXT(2) 
PARAMETRIC_REPRESENTATION_CONTEXT() REPRESENTATION_CONTEXT('2D SPACE',''
  ) );
#14518 = PCURVE('',#14186,#14519);
#14519 = DEFINITIONAL_REPRESENTATION('',(#14520),#14524);
#14520 = LINE('',#14521,#14522);
#14521 = CARTESIAN_POINT('',(0.,0.));
#14522 = VECTOR('',#14523,1.);
#14523 = DIRECTION('',(0.,-1.));
#14524 = ( GEOMETRIC_REPRESENTATION_CONTEXT(2) 
PARAMETRIC_REPRESENTATION_CONTEXT() REPRESENTATION_CONTEXT('2D SPACE',''
  ) );
#14525 = ORIENTED_EDGE('',*,*,#14526,.T.);
#14526 = EDGE_CURVE('',#14504,#14527,#14529,.T.);
#14527 = VERTEX_POINT('',#14528);
#14528 = CARTESIAN_POINT('',(45.4,28.,24.1));
#14529 = SURFACE_CURVE('',#14530,(#14535,#14542),.PCURVE_S1.);
#14530 = CIRCLE('',#14531,0.6);
#14531 = AXIS2_PLACEMENT_3D('',#14532,#14533,#14534);
#14532 = CARTESIAN_POINT('',(45.4,27.4,24.1));
#14533 = DIRECTION('',(0.,0.,1.));
#14534 = DIRECTION('',(0.,-1.,0.));
#14535 = PCURVE('',#14043,#14536);
#14536 = DEFINITIONAL_REPRESENTATION('',(#14537),#14541);
#14537 = CIRCLE('',#14538,0.6);
#14538 = AXIS2_PLACEMENT_2D('',#14539,#14540);
#14539 = CARTESIAN_POINT('',(91.4,8.4));
#14540 = DIRECTION('',(0.,-1.));
#14541 = ( GEOMETRIC_REPRESENTATION_CONTEXT(2) 
PARAMETRIC_REPRESENTATION_CONTEXT() REPRESENTATION_CONTEXT('2D SPACE',''
  ) );
#14542 = PCURVE('',#14215,#14543);
#14543 = DEFINITIONAL_REPRESENTATION('',(#14544),#14548);
#14544 = LINE('',#14545,#14546);
#14545 = CARTESIAN_POINT('',(-1.570796326795,0.));
#14546 = VECTOR('',#14547,1.);
#14547 = DIRECTION('',(1.,0.));
#14548 = ( GEOMETRIC_REPRESENTATION_CONTEXT(2) 
PARAMETRIC_REPRESENTATION_CONTEXT() REPRESENTATION_CONTEXT('2D SPACE',''
  ) );
#14549 = ORIENTED_EDGE('',*,*,#14550,.F.);
#14550 = EDGE_CURVE('',#14399,#14527,#14551,.T.);
#14551 = SURFACE_CURVE('',#14552,(#14556,#14563),.PCURVE_S1.);
#14552 = LINE('',#14553,#14554);
#14553 = CARTESIAN_POINT('',(-46.,28.,24.1));
#14554 = VECTOR('',#14555,1.);
#14555 = DIRECTION('',(1.,0.,-0.));
#14556 = PCURVE('',#14043,#14557);
#14557 = DEFINITIONAL_REPRESENTATION('',(#14558),#14562);
#14558 = LINE('',#14559,#14560);
#14559 = CARTESIAN_POINT('',(0.,9.));
#14560 = VECTOR('',#14561,1.);
#14561 = DIRECTION('',(1.,0.));
#14562 = ( GEOMETRIC_REPRESENTATION_CONTEXT(2) 
PARAMETRIC_REPRESENTATION_CONTEXT() REPRESENTATION_CONTEXT('2D SPACE',''
  ) );
#14563 = PCURVE('',#14243,#14564);
#14564 = DEFINITIONAL_REPRESENTATION('',(#14565),#14569);
#14565 = LINE('',#14566,#14567);
#14566 = CARTESIAN_POINT('',(0.,0.));
#14567 = VECTOR('',#14568,1.);
#14568 = DIRECTION('',(0.,1.));
#14569 = ( GEOMETRIC_REPRESENTATION_CONTEXT(2) 
PARAMETRIC_REPRESENTATION_CONTEXT() REPRESENTATION_CONTEXT('2D SPACE',''
  ) );
#14570 = ORIENTED_EDGE('',*,*,#14421,.F.);
#14571 = FACE_BOUND('',#14572,.F.);
#14572 = EDGE_LOOP('',(#14573));
#14573 = ORIENTED_EDGE('',*,*,#14574,.F.);
#14574 = EDGE_CURVE('',#14575,#14575,#14577,.T.);
#14575 = VERTEX_POINT('',#14576);
#14576 = CARTESIAN_POINT('',(-36.35,24.5,24.1));
#14577 = SURFACE_CURVE('',#14578,(#14583,#14590),.PCURVE_S1.);
#14578 = CIRCLE('',#14579,1.15);
#14579 = AXIS2_PLACEMENT_3D('',#14580,#14581,#14582);
#14580 = CARTESIAN_POINT('',(-37.5,24.5,24.1));
#14581 = DIRECTION('',(0.,0.,1.));
#14582 = DIRECTION('',(1.,0.,-0.));
#14583 = PCURVE('',#14043,#14584);
#14584 = DEFINITIONAL_REPRESENTATION('',(#14585),#14589);
#14585 = CIRCLE('',#14586,1.15);
#14586 = AXIS2_PLACEMENT_2D('',#14587,#14588);
#14587 = CARTESIAN_POINT('',(8.5,5.5));
#14588 = DIRECTION('',(1.,0.));
#14589 = ( GEOMETRIC_REPRESENTATION_CONTEXT(2) 
PARAMETRIC_REPRESENTATION_CONTEXT() REPRESENTATION_CONTEXT('2D SPACE',''
  ) );
#14590 = PCURVE('',#14300,#14591);
#14591 = DEFINITIONAL_REPRESENTATION('',(#14592),#14596);
#14592 = LINE('',#14593,#14594);
#14593 = CARTESIAN_POINT('',(0.,0.2));
#14594 = VECTOR('',#14595,1.);
#14595 = DIRECTION('',(1.,0.));
#14596 = ( GEOMETRIC_REPRESENTATION_CONTEXT(2) 
PARAMETRIC_REPRESENTATION_CONTEXT() REPRESENTATION_CONTEXT('2D SPACE',''
  ) );
#14597 = FACE_BOUND('',#14598,.F.);
#14598 = EDGE_LOOP('',(#14599));
#14599 = ORIENTED_EDGE('',*,*,#14600,.F.);
#14600 = EDGE_CURVE('',#14601,#14601,#14603,.T.);
#14601 = VERTEX_POINT('',#14602);
#14602 = CARTESIAN_POINT('',(38.65,24.5,24.1));
#14603 = SURFACE_CURVE('',#14604,(#14609,#14616),.PCURVE_S1.);
#14604 = CIRCLE('',#14605,1.15);
#14605 = AXIS2_PLACEMENT_3D('',#14606,#14607,#14608);
#14606 = CARTESIAN_POINT('',(37.5,24.5,24.1));
#14607 = DIRECTION('',(0.,0.,1.));
#14608 = DIRECTION('',(1.,0.,-0.));
#14609 = PCURVE('',#14043,#14610);
#14610 = DEFINITIONAL_REPRESENTATION('',(#14611),#14615);
#14611 = CIRCLE('',#14612,1.15);
#14612 = AXIS2_PLACEMENT_2D('',#14613,#14614);
#14613 = CARTESIAN_POINT('',(83.5,5.5));
#14614 = DIRECTION('',(1.,0.));
#14615 = ( GEOMETRIC_REPRESENTATION_CONTEXT(2) 
PARAMETRIC_REPRESENTATION_CONTEXT() REPRESENTATION_CONTEXT('2D SPACE',''
  ) );
#14616 = PCURVE('',#14331,#14617);
#14617 = DEFINITIONAL_REPRESENTATION('',(#14618),#14622);
#14618 = LINE('',#14619,#14620);
#14619 = CARTESIAN_POINT('',(0.,0.2));
#14620 = VECTOR('',#14621,1.);
#14621 = DIRECTION('',(1.,0.));
#14622 = ( GEOMETRIC_REPRESENTATION_CONTEXT(2) 
PARAMETRIC_REPRESENTATION_CONTEXT() REPRESENTATION_CONTEXT('2D SPACE',''
  ) );
#14623 = ADVANCED_FACE('',(#14624),#14125,.F.);
#14624 = FACE_BOUND('',#14625,.F.);
#14625 = EDGE_LOOP('',(#14626,#14627,#14628,#14629));
#14626 = ORIENTED_EDGE('',*,*,#14452,.F.);
#14627 = ORIENTED_EDGE('',*,*,#14370,.T.);
#14628 = ORIENTED_EDGE('',*,*,#14109,.T.);
#14629 = ORIENTED_EDGE('',*,*,#14630,.F.);
#14630 = EDGE_CURVE('',#14453,#14110,#14631,.T.);
#14631 = SURFACE_CURVE('',#14632,(#14636,#14643),.PCURVE_S1.);
#14632 = LINE('',#14633,#14634);
#14633 = CARTESIAN_POINT('',(45.4,19.,24.1));
#14634 = VECTOR('',#14635,1.);
#14635 = DIRECTION('',(0.,0.,1.));
#14636 = PCURVE('',#14125,#14637);
#14637 = DEFINITIONAL_REPRESENTATION('',(#14638),#14642);
#14638 = LINE('',#14639,#14640);
#14639 = CARTESIAN_POINT('',(0.,91.4));
#14640 = VECTOR('',#14641,1.);
#14641 = DIRECTION('',(1.,0.));
#14642 = ( GEOMETRIC_REPRESENTATION_CONTEXT(2) 
PARAMETRIC_REPRESENTATION_CONTEXT() REPRESENTATION_CONTEXT('2D SPACE',''
  ) );
#14643 = PCURVE('',#14158,#14644);
#14644 = DEFINITIONAL_REPRESENTATION('',(#14645),#14649);
#14645 = LINE('',#14646,#14647);
#14646 = CARTESIAN_POINT('',(4.712388980385,0.));
#14647 = VECTOR('',#14648,1.);
#14648 = DIRECTION('',(-0.,1.));
#14649 = ( GEOMETRIC_REPRESENTATION_CONTEXT(2) 
PARAMETRIC_REPRESENTATION_CONTEXT() REPRESENTATION_CONTEXT('2D SPACE',''
  ) );
#14650 = ADVANCED_FACE('',(#14651),#14243,.T.);
#14651 = FACE_BOUND('',#14652,.T.);
#14652 = EDGE_LOOP('',(#14653,#14654,#14655,#14656));
#14653 = ORIENTED_EDGE('',*,*,#14550,.F.);
#14654 = ORIENTED_EDGE('',*,*,#14398,.T.);
#14655 = ORIENTED_EDGE('',*,*,#14227,.T.);
#14656 = ORIENTED_EDGE('',*,*,#14657,.F.);
#14657 = EDGE_CURVE('',#14527,#14199,#14658,.T.);
#14658 = SURFACE_CURVE('',#14659,(#14663,#14670),.PCURVE_S1.);
#14659 = LINE('',#14660,#14661);
#14660 = CARTESIAN_POINT('',(45.4,28.,24.1));
#14661 = VECTOR('',#14662,1.);
#14662 = DIRECTION('',(0.,0.,1.));
#14663 = PCURVE('',#14243,#14664);
#14664 = DEFINITIONAL_REPRESENTATION('',(#14665),#14669);
#14665 = LINE('',#14666,#14667);
#14666 = CARTESIAN_POINT('',(0.,91.4));
#14667 = VECTOR('',#14668,1.);
#14668 = DIRECTION('',(1.,0.));
#14669 = ( GEOMETRIC_REPRESENTATION_CONTEXT(2) 
PARAMETRIC_REPRESENTATION_CONTEXT() REPRESENTATION_CONTEXT('2D SPACE',''
  ) );
#14670 = PCURVE('',#14215,#14671);
#14671 = DEFINITIONAL_REPRESENTATION('',(#14672),#14676);
#14672 = LINE('',#14673,#14674);
#14673 = CARTESIAN_POINT('',(1.570796326795,0.));
#14674 = VECTOR('',#14675,1.);
#14675 = DIRECTION('',(0.,1.));
#14676 = ( GEOMETRIC_REPRESENTATION_CONTEXT(2) 
PARAMETRIC_REPRESENTATION_CONTEXT() REPRESENTATION_CONTEXT('2D SPACE',''
  ) );
#14677 = ADVANCED_FACE('',(#14678),#14158,.T.);
#14678 = FACE_BOUND('',#14679,.T.);
#14679 = EDGE_LOOP('',(#14680,#14701,#14702,#14703));
#14680 = ORIENTED_EDGE('',*,*,#14681,.T.);
#14681 = EDGE_CURVE('',#14476,#14138,#14682,.T.);
#14682 = SURFACE_CURVE('',#14683,(#14687,#14694),.PCURVE_S1.);
#14683 = LINE('',#14684,#14685);
#14684 = CARTESIAN_POINT('',(46.,19.6,24.1));
#14685 = VECTOR('',#14686,1.);
#14686 = DIRECTION('',(0.,0.,1.));
#14687 = PCURVE('',#14158,#14688);
#14688 = DEFINITIONAL_REPRESENTATION('',(#14689),#14693);
#14689 = LINE('',#14690,#14691);
#14690 = CARTESIAN_POINT('',(6.28318530718,0.));
#14691 = VECTOR('',#14692,1.);
#14692 = DIRECTION('',(-0.,1.));
#14693 = ( GEOMETRIC_REPRESENTATION_CONTEXT(2) 
PARAMETRIC_REPRESENTATION_CONTEXT() REPRESENTATION_CONTEXT('2D SPACE',''
  ) );
#14694 = PCURVE('',#14186,#14695);
#14695 = DEFINITIONAL_REPRESENTATION('',(#14696),#14700);
#14696 = LINE('',#14697,#14698);
#14697 = CARTESIAN_POINT('',(0.,-0.6));
#14698 = VECTOR('',#14699,1.);
#14699 = DIRECTION('',(1.,0.));
#14700 = ( GEOMETRIC_REPRESENTATION_CONTEXT(2) 
PARAMETRIC_REPRESENTATION_CONTEXT() REPRESENTATION_CONTEXT('2D SPACE',''
  ) );
#14701 = ORIENTED_EDGE('',*,*,#14137,.T.);
#14702 = ORIENTED_EDGE('',*,*,#14630,.F.);
#14703 = ORIENTED_EDGE('',*,*,#14475,.F.);
#14704 = ADVANCED_FACE('',(#14705),#14215,.T.);
#14705 = FACE_BOUND('',#14706,.T.);
#14706 = EDGE_LOOP('',(#14707,#14708,#14709,#14710));
#14707 = ORIENTED_EDGE('',*,*,#14526,.T.);
#14708 = ORIENTED_EDGE('',*,*,#14657,.T.);
#14709 = ORIENTED_EDGE('',*,*,#14198,.F.);
#14710 = ORIENTED_EDGE('',*,*,#14711,.F.);
#14711 = EDGE_CURVE('',#14504,#14171,#14712,.T.);
#14712 = SURFACE_CURVE('',#14713,(#14717,#14724),.PCURVE_S1.);
#14713 = LINE('',#14714,#14715);
#14714 = CARTESIAN_POINT('',(46.,27.4,24.1));
#14715 = VECTOR('',#14716,1.);
#14716 = DIRECTION('',(0.,0.,1.));
#14717 = PCURVE('',#14215,#14718);
#14718 = DEFINITIONAL_REPRESENTATION('',(#14719),#14723);
#14719 = LINE('',#14720,#14721);
#14720 = CARTESIAN_POINT('',(0.,0.));
#14721 = VECTOR('',#14722,1.);
#14722 = DIRECTION('',(0.,1.));
#14723 = ( GEOMETRIC_REPRESENTATION_CONTEXT(2) 
PARAMETRIC_REPRESENTATION_CONTEXT() REPRESENTATION_CONTEXT('2D SPACE',''
  ) );
#14724 = PCURVE('',#14186,#14725);
#14725 = DEFINITIONAL_REPRESENTATION('',(#14726),#14730);
#14726 = LINE('',#14727,#14728);
#14727 = CARTESIAN_POINT('',(0.,-8.4));
#14728 = VECTOR('',#14729,1.);
#14729 = DIRECTION('',(1.,0.));
#14730 = ( GEOMETRIC_REPRESENTATION_CONTEXT(2) 
PARAMETRIC_REPRESENTATION_CONTEXT() REPRESENTATION_CONTEXT('2D SPACE',''
  ) );
#14731 = ADVANCED_FACE('',(#14732),#14186,.T.);
#14732 = FACE_BOUND('',#14733,.T.);
#14733 = EDGE_LOOP('',(#14734,#14735,#14736,#14737));
#14734 = ORIENTED_EDGE('',*,*,#14170,.F.);
#14735 = ORIENTED_EDGE('',*,*,#14681,.F.);
#14736 = ORIENTED_EDGE('',*,*,#14503,.T.);
#14737 = ORIENTED_EDGE('',*,*,#14711,.T.);
#14738 = ADVANCED_FACE('',(#14739),#14300,.F.);
#14739 = FACE_BOUND('',#14740,.F.);
#14740 = EDGE_LOOP('',(#14741,#14742,#14763,#14764));
#14741 = ORIENTED_EDGE('',*,*,#14283,.F.);
#14742 = ORIENTED_EDGE('',*,*,#14743,.F.);
#14743 = EDGE_CURVE('',#14575,#14284,#14744,.T.);
#14744 = SEAM_CURVE('',#14745,(#14749,#14756),.PCURVE_S1.);
#14745 = LINE('',#14746,#14747);
#14746 = CARTESIAN_POINT('',(-36.35,24.5,23.9));
#14747 = VECTOR('',#14748,1.);
#14748 = DIRECTION('',(0.,0.,1.));
#14749 = PCURVE('',#14300,#14750);
#14750 = DEFINITIONAL_REPRESENTATION('',(#14751),#14755);
#14751 = LINE('',#14752,#14753);
#14752 = CARTESIAN_POINT('',(0.,-0.));
#14753 = VECTOR('',#14754,1.);
#14754 = DIRECTION('',(0.,1.));
#14755 = ( GEOMETRIC_REPRESENTATION_CONTEXT(2) 
PARAMETRIC_REPRESENTATION_CONTEXT() REPRESENTATION_CONTEXT('2D SPACE',''
  ) );
#14756 = PCURVE('',#14300,#14757);
#14757 = DEFINITIONAL_REPRESENTATION('',(#14758),#14762);
#14758 = LINE('',#14759,#14760);
#14759 = CARTESIAN_POINT('',(6.28318530718,-0.));
#14760 = VECTOR('',#14761,1.);
#14761 = DIRECTION('',(0.,1.));
#14762 = ( GEOMETRIC_REPRESENTATION_CONTEXT(2) 
PARAMETRIC_REPRESENTATION_CONTEXT() REPRESENTATION_CONTEXT('2D SPACE',''
  ) );
#14763 = ORIENTED_EDGE('',*,*,#14574,.T.);
#14764 = ORIENTED_EDGE('',*,*,#14743,.T.);
#14765 = ADVANCED_FACE('',(#14766),#14331,.F.);
#14766 = FACE_BOUND('',#14767,.F.);
#14767 = EDGE_LOOP('',(#14768,#14769,#14790,#14791));
#14768 = ORIENTED_EDGE('',*,*,#14314,.F.);
#14769 = ORIENTED_EDGE('',*,*,#14770,.F.);
#14770 = EDGE_CURVE('',#14601,#14315,#14771,.T.);
#14771 = SEAM_CURVE('',#14772,(#14776,#14783),.PCURVE_S1.);
#14772 = LINE('',#14773,#14774);
#14773 = CARTESIAN_POINT('',(38.65,24.5,23.9));
#14774 = VECTOR('',#14775,1.);
#14775 = DIRECTION('',(0.,0.,1.));
#14776 = PCURVE('',#14331,#14777);
#14777 = DEFINITIONAL_REPRESENTATION('',(#14778),#14782);
#14778 = LINE('',#14779,#14780);
#14779 = CARTESIAN_POINT('',(0.,-0.));
#14780 = VECTOR('',#14781,1.);
#14781 = DIRECTION('',(0.,1.));
#14782 = ( GEOMETRIC_REPRESENTATION_CONTEXT(2) 
PARAMETRIC_REPRESENTATION_CONTEXT() REPRESENTATION_CONTEXT('2D SPACE',''
  ) );
#14783 = PCURVE('',#14331,#14784);
#14784 = DEFINITIONAL_REPRESENTATION('',(#14785),#14789);
#14785 = LINE('',#14786,#14787);
#14786 = CARTESIAN_POINT('',(6.28318530718,-0.));
#14787 = VECTOR('',#14788,1.);
#14788 = DIRECTION('',(0.,1.));
#14789 = ( GEOMETRIC_REPRESENTATION_CONTEXT(2) 
PARAMETRIC_REPRESENTATION_CONTEXT() REPRESENTATION_CONTEXT('2D SPACE',''
  ) );
#14790 = ORIENTED_EDGE('',*,*,#14600,.T.);
#14791 = ORIENTED_EDGE('',*,*,#14770,.T.);
#14792 = ( GEOMETRIC_REPRESENTATION_CONTEXT(3) 
GLOBAL_UNCERTAINTY_ASSIGNED_CONTEXT((#14796)) 
GLOBAL_UNIT_ASSIGNED_CONTEXT((#14793,#14794,#14795)) 
REPRESENTATION_CONTEXT('Context #1',
  '3D Context with UNIT and UNCERTAINTY') );
#14793 = ( LENGTH_UNIT() NAMED_UNIT(*) SI_UNIT(.MILLI.,.METRE.) );
#14794 = ( NAMED_UNIT(*) PLANE_ANGLE_UNIT() SI_UNIT($,.RADIAN.) );
#14795 = ( NAMED_UNIT(*) SI_UNIT($,.STERADIAN.) SOLID_ANGLE_UNIT() );
#14796 = UNCERTAINTY_MEASURE_WITH_UNIT(LENGTH_MEASURE(1.E-07),#14793,
  'distance_accuracy_value','confusion accuracy');
#14797 = CONTEXT_DEPENDENT_SHAPE_REPRESENTATION(#14798,#14800);
#14798 = ( REPRESENTATION_RELATIONSHIP('','',#13957,#10) 
REPRESENTATION_RELATIONSHIP_WITH_TRANSFORMATION(#14799) 
SHAPE_REPRESENTATION_RELATIONSHIP() );
#14799 = ITEM_DEFINED_TRANSFORMATION('','',#11,#43);
#14800 = PRODUCT_DEFINITION_SHAPE('Placement','Placement of an item',
  #14801);
#14801 = NEXT_ASSEMBLY_USAGE_OCCURRENCE('14','reference_cap_back','',#5,
  #13952,$);
#14802 = PRODUCT_RELATED_PRODUCT_CATEGORY('part',$,(#13954));
#14803 = SHAPE_DEFINITION_REPRESENTATION(#14804,#14810);
#14804 = PRODUCT_DEFINITION_SHAPE('','',#14805);
#14805 = PRODUCT_DEFINITION('design','',#14806,#14809);
#14806 = PRODUCT_DEFINITION_FORMATION('','',#14807);
#14807 = PRODUCT('reference_cap_front','reference_cap_front','',(#14808)
  );
#14808 = PRODUCT_CONTEXT('',#2,'mechanical');
#14809 = PRODUCT_DEFINITION_CONTEXT('part definition',#2,'design');
#14810 = ADVANCED_BREP_SHAPE_REPRESENTATION('',(#11,#14811),#15645);
#14811 = MANIFOLD_SOLID_BREP('',#14812);
#14812 = CLOSED_SHELL('',(#14813,#14933,#15195,#15245,#15299,#15476,
    #15503,#15530,#15557,#15584,#15591,#15618));
#14813 = ADVANCED_FACE('',(#14814),#14828,.F.);
#14814 = FACE_BOUND('',#14815,.F.);
#14815 = EDGE_LOOP('',(#14816,#14851,#14879,#14907));
#14816 = ORIENTED_EDGE('',*,*,#14817,.F.);
#14817 = EDGE_CURVE('',#14818,#14820,#14822,.T.);
#14818 = VERTEX_POINT('',#14819);
#14819 = CARTESIAN_POINT('',(46.,-19.6,27.1));
#14820 = VERTEX_POINT('',#14821);
#14821 = CARTESIAN_POINT('',(46.,-27.4,27.1));
#14822 = SURFACE_CURVE('',#14823,(#14827,#14839),.PCURVE_S1.);
#14823 = LINE('',#14824,#14825);
#14824 = CARTESIAN_POINT('',(46.,-19.,27.1));
#14825 = VECTOR('',#14826,1.);
#14826 = DIRECTION('',(-1.224646799147E-16,-1.,0.));
#14827 = PCURVE('',#14828,#14833);
#14828 = PLANE('',#14829);
#14829 = AXIS2_PLACEMENT_3D('',#14830,#14831,#14832);
#14830 = CARTESIAN_POINT('',(46.,-19.,24.1));
#14831 = DIRECTION('',(-1.,1.224646799147E-16,0.));
#14832 = DIRECTION('',(0.,0.,1.));
#14833 = DEFINITIONAL_REPRESENTATION('',(#14834),#14838);
#14834 = LINE('',#14835,#14836);
#14835 = CARTESIAN_POINT('',(3.,0.));
#14836 = VECTOR('',#14837,1.);
#14837 = DIRECTION('',(0.,-1.));
#14838 = ( GEOMETRIC_REPRESENTATION_CONTEXT(2) 
PARAMETRIC_REPRESENTATION_CONTEXT() REPRESENTATION_CONTEXT('2D SPACE',''
  ) );
#14839 = PCURVE('',#14840,#14845);
#14840 = PLANE('',#14841);
#14841 = AXIS2_PLACEMENT_3D('',#14842,#14843,#14844);
#14842 = CARTESIAN_POINT('',(46.,-19.,27.1));
#14843 = DIRECTION('',(0.,0.,1.));
#14844 = DIRECTION('',(-1.,1.224646799147E-16,0.));
#14845 = DEFINITIONAL_REPRESENTATION('',(#14846),#14850);
#14846 = LINE('',#14847,#14848);
#14847 = CARTESIAN_POINT('',(0.,0.));
#14848 = VECTOR('',#14849,1.);
#14849 = DIRECTION('',(0.,1.));
#14850 = ( GEOMETRIC_REPRESENTATION_CONTEXT(2) 
PARAMETRIC_REPRESENTATION_CONTEXT() REPRESENTATION_CONTEXT('2D SPACE',''
  ) );
#14851 = ORIENTED_EDGE('',*,*,#14852,.F.);
#14852 = EDGE_CURVE('',#14853,#14818,#14855,.T.);
#14853 = VERTEX_POINT('',#14854);
#14854 = CARTESIAN_POINT('',(46.,-19.6,24.1));
#14855 = SURFACE_CURVE('',#14856,(#14860,#14867),.PCURVE_S1.);
#14856 = LINE('',#14857,#14858);
#14857 = CARTESIAN_POINT('',(46.,-19.6,24.1));
#14858 = VECTOR('',#14859,1.);
#14859 = DIRECTION('',(0.,0.,1.));
#14860 = PCURVE('',#14828,#14861);
#14861 = DEFINITIONAL_REPRESENTATION('',(#14862),#14866);
#14862 = LINE('',#14863,#14864);
#14863 = CARTESIAN_POINT('',(0.,-0.6));
#14864 = VECTOR('',#14865,1.);
#14865 = DIRECTION('',(1.,0.));
#14866 = ( GEOMETRIC_REPRESENTATION_CONTEXT(2) 
PARAMETRIC_REPRESENTATION_CONTEXT() REPRESENTATION_CONTEXT('2D SPACE',''
  ) );
#14867 = PCURVE('',#14868,#14873);
#14868 = CYLINDRICAL_SURFACE('',#14869,0.6);
#14869 = AXIS2_PLACEMENT_3D('',#14870,#14871,#14872);
#14870 = CARTESIAN_POINT('',(45.4,-19.6,24.1));
#14871 = DIRECTION('',(0.,0.,1.));
#14872 = DIRECTION('',(1.,-1.224646799147E-16,0.));
#14873 = DEFINITIONAL_REPRESENTATION('',(#14874),#14878);
#14874 = LINE('',#14875,#14876);
#14875 = CARTESIAN_POINT('',(0.,0.));
#14876 = VECTOR('',#14877,1.);
#14877 = DIRECTION('',(0.,1.));
#14878 = ( GEOMETRIC_REPRESENTATION_CONTEXT(2) 
PARAMETRIC_REPRESENTATION_CONTEXT() REPRESENTATION_CONTEXT('2D SPACE',''
  ) );
#14879 = ORIENTED_EDGE('',*,*,#14880,.T.);
#14880 = EDGE_CURVE('',#14853,#14881,#14883,.T.);
#14881 = VERTEX_POINT('',#14882);
#14882 = CARTESIAN_POINT('',(46.,-27.4,24.1));
#14883 = SURFACE_CURVE('',#14884,(#14888,#14895),.PCURVE_S1.);
#14884 = LINE('',#14885,#14886);
#14885 = CARTESIAN_POINT('',(46.,-19.,24.1));
#14886 = VECTOR('',#14887,1.);
#14887 = DIRECTION('',(-1.224646799147E-16,-1.,0.));
#14888 = PCURVE('',#14828,#14889);
#14889 = DEFINITIONAL_REPRESENTATION('',(#14890),#14894);
#14890 = LINE('',#14891,#14892);
#14891 = CARTESIAN_POINT('',(0.,0.));
#14892 = VECTOR('',#14893,1.);
#14893 = DIRECTION('',(0.,-1.));
#14894 = ( GEOMETRIC_REPRESENTATION_CONTEXT(2) 
PARAMETRIC_REPRESENTATION_CONTEXT() REPRESENTATION_CONTEXT('2D SPACE',''
  ) );
#14895 = PCURVE('',#14896,#14901);
#14896 = PLANE('',#14897);
#14897 = AXIS2_PLACEMENT_3D('',#14898,#14899,#14900);
#14898 = CARTESIAN_POINT('',(46.,-19.,24.1));
#14899 = DIRECTION('',(0.,0.,1.));
#14900 = DIRECTION('',(-1.,1.224646799147E-16,0.));
#14901 = DEFINITIONAL_REPRESENTATION('',(#14902),#14906);
#14902 = LINE('',#14903,#14904);
#14903 = CARTESIAN_POINT('',(0.,0.));
#14904 = VECTOR('',#14905,1.);
#14905 = DIRECTION('',(0.,1.));
#14906 = ( GEOMETRIC_REPRESENTATION_CONTEXT(2) 
PARAMETRIC_REPRESENTATION_CONTEXT() REPRESENTATION_CONTEXT('2D SPACE',''
  ) );
#14907 = ORIENTED_EDGE('',*,*,#14908,.T.);
#14908 = EDGE_CURVE('',#14881,#14820,#14909,.T.);
#14909 = SURFACE_CURVE('',#14910,(#14914,#14921),.PCURVE_S1.);
#14910 = LINE('',#14911,#14912);
#14911 = CARTESIAN_POINT('',(46.,-27.4,24.1));
#14912 = VECTOR('',#14913,1.);
#14913 = DIRECTION('',(0.,0.,1.));
#14914 = PCURVE('',#14828,#14915);
#14915 = DEFINITIONAL_REPRESENTATION('',(#14916),#14920);
#14916 = LINE('',#14917,#14918);
#14917 = CARTESIAN_POINT('',(0.,-8.4));
#14918 = VECTOR('',#14919,1.);
#14919 = DIRECTION('',(1.,0.));
#14920 = ( GEOMETRIC_REPRESENTATION_CONTEXT(2) 
PARAMETRIC_REPRESENTATION_CONTEXT() REPRESENTATION_CONTEXT('2D SPACE',''
  ) );
#14921 = PCURVE('',#14922,#14927);
#14922 = CYLINDRICAL_SURFACE('',#14923,0.6);
#14923 = AXIS2_PLACEMENT_3D('',#14924,#14925,#14926);
#14924 = CARTESIAN_POINT('',(45.4,-27.4,24.1));
#14925 = DIRECTION('',(0.,0.,1.));
#14926 = DIRECTION('',(1.,-1.224646799147E-16,0.));
#14927 = DEFINITIONAL_REPRESENTATION('',(#14928),#14932);
#14928 = LINE('',#14929,#14930);
#14929 = CARTESIAN_POINT('',(6.28318530718,0.));
#14930 = VECTOR('',#14931,1.);
#14931 = DIRECTION('',(-0.,1.));
#14932 = ( GEOMETRIC_REPRESENTATION_CONTEXT(2) 
PARAMETRIC_REPRESENTATION_CONTEXT() REPRESENTATION_CONTEXT('2D SPACE',''
  ) );
#14933 = ADVANCED_FACE('',(#14934,#15133,#15164),#14840,.T.);
#14934 = FACE_BOUND('',#14935,.T.);
#14935 = EDGE_LOOP('',(#14936,#14937,#14961,#14989,#15022,#15050,#15079,
    #15107));
#14936 = ORIENTED_EDGE('',*,*,#14817,.F.);
#14937 = ORIENTED_EDGE('',*,*,#14938,.T.);
#14938 = EDGE_CURVE('',#14818,#14939,#14941,.T.);
#14939 = VERTEX_POINT('',#14940);
#14940 = CARTESIAN_POINT('',(45.4,-19.,27.1));
#14941 = SURFACE_CURVE('',#14942,(#14947,#14954),.PCURVE_S1.);
#14942 = CIRCLE('',#14943,0.6);
#14943 = AXIS2_PLACEMENT_3D('',#14944,#14945,#14946);
#14944 = CARTESIAN_POINT('',(45.4,-19.6,27.1));
#14945 = DIRECTION('',(0.,-0.,1.));
#14946 = DIRECTION('',(1.224646799147E-16,1.,0.));
#14947 = PCURVE('',#14840,#14948);
#14948 = DEFINITIONAL_REPRESENTATION('',(#14949),#14953);
#14949 = CIRCLE('',#14950,0.6);
#14950 = AXIS2_PLACEMENT_2D('',#14951,#14952);
#14951 = CARTESIAN_POINT('',(0.6,0.6));
#14952 = DIRECTION('',(0.,-1.));
#14953 = ( GEOMETRIC_REPRESENTATION_CONTEXT(2) 
PARAMETRIC_REPRESENTATION_CONTEXT() REPRESENTATION_CONTEXT('2D SPACE',''
  ) );
#14954 = PCURVE('',#14868,#14955);
#14955 = DEFINITIONAL_REPRESENTATION('',(#14956),#14960);
#14956 = LINE('',#14957,#14958);
#14957 = CARTESIAN_POINT('',(-4.712388980385,3.));
#14958 = VECTOR('',#14959,1.);
#14959 = DIRECTION('',(1.,0.));
#14960 = ( GEOMETRIC_REPRESENTATION_CONTEXT(2) 
PARAMETRIC_REPRESENTATION_CONTEXT() REPRESENTATION_CONTEXT('2D SPACE',''
  ) );
#14961 = ORIENTED_EDGE('',*,*,#14962,.T.);
#14962 = EDGE_CURVE('',#14939,#14963,#14965,.T.);
#14963 = VERTEX_POINT('',#14964);
#14964 = CARTESIAN_POINT('',(-45.4,-19.,27.1));
#14965 = SURFACE_CURVE('',#14966,(#14970,#14977),.PCURVE_S1.);
#14966 = LINE('',#14967,#14968);
#14967 = CARTESIAN_POINT('',(46.,-19.,27.1));
#14968 = VECTOR('',#14969,1.);
#14969 = DIRECTION('',(-1.,1.224646799147E-16,0.));
#14970 = PCURVE('',#14840,#14971);
#14971 = DEFINITIONAL_REPRESENTATION('',(#14972),#14976);
#14972 = LINE('',#14973,#14974);
#14973 = CARTESIAN_POINT('',(0.,0.));
#14974 = VECTOR('',#14975,1.);
#14975 = DIRECTION('',(1.,0.));
#14976 = ( GEOMETRIC_REPRESENTATION_CONTEXT(2) 
PARAMETRIC_REPRESENTATION_CONTEXT() REPRESENTATION_CONTEXT('2D SPACE',''
  ) );
#14977 = PCURVE('',#14978,#14983);
#14978 = PLANE('',#14979);
#14979 = AXIS2_PLACEMENT_3D('',#14980,#14981,#14982);
#14980 = CARTESIAN_POINT('',(46.,-19.,24.1));
#14981 = DIRECTION('',(-1.224646799147E-16,-1.,0.));
#14982 = DIRECTION('',(0.,0.,1.));
#14983 = DEFINITIONAL_REPRESENTATION('',(#14984),#14988);
#14984 = LINE('',#14985,#14986);
#14985 = CARTESIAN_POINT('',(3.,0.));
#14986 = VECTOR('',#14987,1.);
#14987 = DIRECTION('',(0.,1.));
#14988 = ( GEOMETRIC_REPRESENTATION_CONTEXT(2) 
PARAMETRIC_REPRESENTATION_CONTEXT() REPRESENTATION_CONTEXT('2D SPACE',''
  ) );
#14989 = ORIENTED_EDGE('',*,*,#14990,.F.);
#14990 = EDGE_CURVE('',#14991,#14963,#14993,.T.);
#14991 = VERTEX_POINT('',#14992);
#14992 = CARTESIAN_POINT('',(-46.,-19.6,27.1));
#14993 = SURFACE_CURVE('',#14994,(#14999,#15010),.PCURVE_S1.);
#14994 = CIRCLE('',#14995,0.6);
#14995 = AXIS2_PLACEMENT_3D('',#14996,#14997,#14998);
#14996 = CARTESIAN_POINT('',(-45.4,-19.6,27.1));
#14997 = DIRECTION('',(0.,0.,-1.));
#14998 = DIRECTION('',(1.224646799147E-16,1.,0.));
#14999 = PCURVE('',#14840,#15000);
#15000 = DEFINITIONAL_REPRESENTATION('',(#15001),#15009);
#15001 = ( BOUNDED_CURVE() B_SPLINE_CURVE(2,(#15002,#15003,#15004,#15005
    ,#15006,#15007,#15008),.UNSPECIFIED.,.T.,.F.) 
B_SPLINE_CURVE_WITH_KNOTS((1,2,2,2,2,1),(-2.094395102393,0.,
    2.094395102393,4.188790204786,6.28318530718,8.377580409573),
.UNSPECIFIED.) CURVE() GEOMETRIC_REPRESENTATION_ITEM() 
RATIONAL_B_SPLINE_CURVE((1.,0.5,1.,0.5,1.,0.5,1.)) REPRESENTATION_ITEM(
  '') );
#15002 = CARTESIAN_POINT('',(91.4,-2.997602166488E-15));
#15003 = CARTESIAN_POINT('',(90.360769515459,-2.997602166488E-15));
#15004 = CARTESIAN_POINT('',(90.880384757729,0.9));
#15005 = CARTESIAN_POINT('',(91.4,1.8));
#15006 = CARTESIAN_POINT('',(91.919615242271,0.9));
#15007 = CARTESIAN_POINT('',(92.439230484541,-2.109423746788E-15));
#15008 = CARTESIAN_POINT('',(91.4,-2.997602166488E-15));
#15009 = ( GEOMETRIC_REPRESENTATION_CONTEXT(2) 
PARAMETRIC_REPRESENTATION_CONTEXT() REPRESENTATION_CONTEXT('2D SPACE',''
  ) );
#15010 = PCURVE('',#15011,#15016);
#15011 = CYLINDRICAL_SURFACE('',#15012,0.6);
#15012 = AXIS2_PLACEMENT_3D('',#15013,#15014,#15015);
#15013 = CARTESIAN_POINT('',(-45.4,-19.6,24.1));
#15014 = DIRECTION('',(0.,0.,1.));
#15015 = DIRECTION('',(-1.,1.224646799147E-16,0.));
#15016 = DEFINITIONAL_REPRESENTATION('',(#15017),#15021);
#15017 = LINE('',#15018,#15019);
#15018 = CARTESIAN_POINT('',(10.995574287565,3.));
#15019 = VECTOR('',#15020,1.);
#15020 = DIRECTION('',(-1.,0.));
#15021 = ( GEOMETRIC_REPRESENTATION_CONTEXT(2) 
PARAMETRIC_REPRESENTATION_CONTEXT() REPRESENTATION_CONTEXT('2D SPACE',''
  ) );
#15022 = ORIENTED_EDGE('',*,*,#15023,.T.);
#15023 = EDGE_CURVE('',#14991,#15024,#15026,.T.);
#15024 = VERTEX_POINT('',#15025);
#15025 = CARTESIAN_POINT('',(-46.,-27.4,27.1));
#15026 = SURFACE_CURVE('',#15027,(#15031,#15038),.PCURVE_S1.);
#15027 = LINE('',#15028,#15029);
#15028 = CARTESIAN_POINT('',(-46.,-19.,27.1));
#15029 = VECTOR('',#15030,1.);
#15030 = DIRECTION('',(-1.224646799147E-16,-1.,0.));
#15031 = PCURVE('',#14840,#15032);
#15032 = DEFINITIONAL_REPRESENTATION('',(#15033),#15037);
#15033 = LINE('',#15034,#15035);
#15034 = CARTESIAN_POINT('',(92.,-2.944104163046E-15));
#15035 = VECTOR('',#15036,1.);
#15036 = DIRECTION('',(0.,1.));
#15037 = ( GEOMETRIC_REPRESENTATION_CONTEXT(2) 
PARAMETRIC_REPRESENTATION_CONTEXT() REPRESENTATION_CONTEXT('2D SPACE',''
  ) );
#15038 = PCURVE('',#15039,#15044);
#15039 = PLANE('',#15040);
#15040 = AXIS2_PLACEMENT_3D('',#15041,#15042,#15043);
#15041 = CARTESIAN_POINT('',(-46.,-19.,24.1));
#15042 = DIRECTION('',(-1.,1.224646799147E-16,0.));
#15043 = DIRECTION('',(0.,0.,1.));
#15044 = DEFINITIONAL_REPRESENTATION('',(#15045),#15049);
#15045 = LINE('',#15046,#15047);
#15046 = CARTESIAN_POINT('',(3.,0.));
#15047 = VECTOR('',#15048,1.);
#15048 = DIRECTION('',(0.,-1.));
#15049 = ( GEOMETRIC_REPRESENTATION_CONTEXT(2) 
PARAMETRIC_REPRESENTATION_CONTEXT() REPRESENTATION_CONTEXT('2D SPACE',''
  ) );
#15050 = ORIENTED_EDGE('',*,*,#15051,.T.);
#15051 = EDGE_CURVE('',#15024,#15052,#15054,.T.);
#15052 = VERTEX_POINT('',#15053);
#15053 = CARTESIAN_POINT('',(-45.4,-28.,27.1));
#15054 = SURFACE_CURVE('',#15055,(#15060,#15067),.PCURVE_S1.);
#15055 = CIRCLE('',#15056,0.6);
#15056 = AXIS2_PLACEMENT_3D('',#15057,#15058,#15059);
#15057 = CARTESIAN_POINT('',(-45.4,-27.4,27.1));
#15058 = DIRECTION('',(0.,-0.,1.));
#15059 = DIRECTION('',(1.224646799147E-16,1.,0.));
#15060 = PCURVE('',#14840,#15061);
#15061 = DEFINITIONAL_REPRESENTATION('',(#15062),#15066);
#15062 = CIRCLE('',#15063,0.6);
#15063 = AXIS2_PLACEMENT_2D('',#15064,#15065);
#15064 = CARTESIAN_POINT('',(91.4,8.4));
#15065 = DIRECTION('',(0.,-1.));
#15066 = ( GEOMETRIC_REPRESENTATION_CONTEXT(2) 
PARAMETRIC_REPRESENTATION_CONTEXT() REPRESENTATION_CONTEXT('2D SPACE',''
  ) );
#15067 = PCURVE('',#15068,#15073);
#15068 = CYLINDRICAL_SURFACE('',#15069,0.6);
#15069 = AXIS2_PLACEMENT_3D('',#15070,#15071,#15072);
#15070 = CARTESIAN_POINT('',(-45.4,-27.4,24.1));
#15071 = DIRECTION('',(0.,0.,1.));
#15072 = DIRECTION('',(-1.,1.224646799147E-16,0.));
#15073 = DEFINITIONAL_REPRESENTATION('',(#15074),#15078);
#15074 = LINE('',#15075,#15076);
#15075 = CARTESIAN_POINT('',(-1.570796326795,3.));
#15076 = VECTOR('',#15077,1.);
#15077 = DIRECTION('',(1.,0.));
#15078 = ( GEOMETRIC_REPRESENTATION_CONTEXT(2) 
PARAMETRIC_REPRESENTATION_CONTEXT() REPRESENTATION_CONTEXT('2D SPACE',''
  ) );
#15079 = ORIENTED_EDGE('',*,*,#15080,.F.);
#15080 = EDGE_CURVE('',#15081,#15052,#15083,.T.);
#15081 = VERTEX_POINT('',#15082);
#15082 = CARTESIAN_POINT('',(45.4,-28.,27.1));
#15083 = SURFACE_CURVE('',#15084,(#15088,#15095),.PCURVE_S1.);
#15084 = LINE('',#15085,#15086);
#15085 = CARTESIAN_POINT('',(46.,-28.,27.1));
#15086 = VECTOR('',#15087,1.);
#15087 = DIRECTION('',(-1.,1.224646799147E-16,0.));
#15088 = PCURVE('',#14840,#15089);
#15089 = DEFINITIONAL_REPRESENTATION('',(#15090),#15094);
#15090 = LINE('',#15091,#15092);
#15091 = CARTESIAN_POINT('',(-1.102182119233E-15,9.));
#15092 = VECTOR('',#15093,1.);
#15093 = DIRECTION('',(1.,0.));
#15094 = ( GEOMETRIC_REPRESENTATION_CONTEXT(2) 
PARAMETRIC_REPRESENTATION_CONTEXT() REPRESENTATION_CONTEXT('2D SPACE',''
  ) );
#15095 = PCURVE('',#15096,#15101);
#15096 = PLANE('',#15097);
#15097 = AXIS2_PLACEMENT_3D('',#15098,#15099,#15100);
#15098 = CARTESIAN_POINT('',(46.,-28.,24.1));
#15099 = DIRECTION('',(-1.224646799147E-16,-1.,0.));
#15100 = DIRECTION('',(0.,0.,1.));
#15101 = DEFINITIONAL_REPRESENTATION('',(#15102),#15106);
#15102 = LINE('',#15103,#15104);
#15103 = CARTESIAN_POINT('',(3.,0.));
#15104 = VECTOR('',#15105,1.);
#15105 = DIRECTION('',(0.,1.));
#15106 = ( GEOMETRIC_REPRESENTATION_CONTEXT(2) 
PARAMETRIC_REPRESENTATION_CONTEXT() REPRESENTATION_CONTEXT('2D SPACE',''
  ) );
#15107 = ORIENTED_EDGE('',*,*,#15108,.F.);
#15108 = EDGE_CURVE('',#14820,#15081,#15109,.T.);
#15109 = SURFACE_CURVE('',#15110,(#15115,#15126),.PCURVE_S1.);
#15110 = CIRCLE('',#15111,0.6);
#15111 = AXIS2_PLACEMENT_3D('',#15112,#15113,#15114);
#15112 = CARTESIAN_POINT('',(45.4,-27.4,27.1));
#15113 = DIRECTION('',(0.,0.,-1.));
#15114 = DIRECTION('',(1.224646799147E-16,1.,0.));
#15115 = PCURVE('',#14840,#15116);
#15116 = DEFINITIONAL_REPRESENTATION('',(#15117),#15125);
#15117 = ( BOUNDED_CURVE() B_SPLINE_CURVE(2,(#15118,#15119,#15120,#15121
    ,#15122,#15123,#15124),.UNSPECIFIED.,.T.,.F.) 
B_SPLINE_CURVE_WITH_KNOTS((1,2,2,2,2,1),(-2.094395102393,0.,
    2.094395102393,4.188790204786,6.28318530718,8.377580409573),
.UNSPECIFIED.) CURVE() GEOMETRIC_REPRESENTATION_ITEM() 
RATIONAL_B_SPLINE_CURVE((1.,0.5,1.,0.5,1.,0.5,1.)) REPRESENTATION_ITEM(
  '') );
#15118 = CARTESIAN_POINT('',(0.6,7.8));
#15119 = CARTESIAN_POINT('',(-0.439230484541,7.8));
#15120 = CARTESIAN_POINT('',(8.038475772934E-02,8.7));
#15121 = CARTESIAN_POINT('',(0.6,9.6));
#15122 = CARTESIAN_POINT('',(1.119615242271,8.7));
#15123 = CARTESIAN_POINT('',(1.639230484541,7.8));
#15124 = CARTESIAN_POINT('',(0.6,7.8));
#15125 = ( GEOMETRIC_REPRESENTATION_CONTEXT(2) 
PARAMETRIC_REPRESENTATION_CONTEXT() REPRESENTATION_CONTEXT('2D SPACE',''
  ) );
#15126 = PCURVE('',#14922,#15127);
#15127 = DEFINITIONAL_REPRESENTATION('',(#15128),#15132);
#15128 = LINE('',#15129,#15130);
#15129 = CARTESIAN_POINT('',(7.853981633975,3.));
#15130 = VECTOR('',#15131,1.);
#15131 = DIRECTION('',(-1.,0.));
#15132 = ( GEOMETRIC_REPRESENTATION_CONTEXT(2) 
PARAMETRIC_REPRESENTATION_CONTEXT() REPRESENTATION_CONTEXT('2D SPACE',''
  ) );
#15133 = FACE_BOUND('',#15134,.T.);
#15134 = EDGE_LOOP('',(#15135));
#15135 = ORIENTED_EDGE('',*,*,#15136,.F.);
#15136 = EDGE_CURVE('',#15137,#15137,#15139,.T.);
#15137 = VERTEX_POINT('',#15138);
#15138 = CARTESIAN_POINT('',(36.35,-24.5,27.1));
#15139 = SURFACE_CURVE('',#15140,(#15145,#15152),.PCURVE_S1.);
#15140 = CIRCLE('',#15141,1.15);
#15141 = AXIS2_PLACEMENT_3D('',#15142,#15143,#15144);
#15142 = CARTESIAN_POINT('',(37.5,-24.5,27.1));
#15143 = DIRECTION('',(0.,0.,1.));
#15144 = DIRECTION('',(-1.,1.224646799147E-16,0.));
#15145 = PCURVE('',#14840,#15146);
#15146 = DEFINITIONAL_REPRESENTATION('',(#15147),#15151);
#15147 = CIRCLE('',#15148,1.15);
#15148 = AXIS2_PLACEMENT_2D('',#15149,#15150);
#15149 = CARTESIAN_POINT('',(8.5,5.5));
#15150 = DIRECTION('',(1.,0.));
#15151 = ( GEOMETRIC_REPRESENTATION_CONTEXT(2) 
PARAMETRIC_REPRESENTATION_CONTEXT() REPRESENTATION_CONTEXT('2D SPACE',''
  ) );
#15152 = PCURVE('',#15153,#15158);
#15153 = CYLINDRICAL_SURFACE('',#15154,1.15);
#15154 = AXIS2_PLACEMENT_3D('',#15155,#15156,#15157);
#15155 = CARTESIAN_POINT('',(37.5,-24.5,23.9));
#15156 = DIRECTION('',(0.,0.,1.));
#15157 = DIRECTION('',(-1.,1.224646799147E-16,0.));
#15158 = DEFINITIONAL_REPRESENTATION('',(#15159),#15163);
#15159 = LINE('',#15160,#15161);
#15160 = CARTESIAN_POINT('',(0.,3.2));
#15161 = VECTOR('',#15162,1.);
#15162 = DIRECTION('',(1.,0.));
#15163 = ( GEOMETRIC_REPRESENTATION_CONTEXT(2) 
PARAMETRIC_REPRESENTATION_CONTEXT() REPRESENTATION_CONTEXT('2D SPACE',''
  ) );
#15164 = FACE_BOUND('',#15165,.T.);
#15165 = EDGE_LOOP('',(#15166));
#15166 = ORIENTED_EDGE('',*,*,#15167,.F.);
#15167 = EDGE_CURVE('',#15168,#15168,#15170,.T.);
#15168 = VERTEX_POINT('',#15169);
#15169 = CARTESIAN_POINT('',(-38.65,-24.5,27.1));
#15170 = SURFACE_CURVE('',#15171,(#15176,#15183),.PCURVE_S1.);
#15171 = CIRCLE('',#15172,1.15);
#15172 = AXIS2_PLACEMENT_3D('',#15173,#15174,#15175);
#15173 = CARTESIAN_POINT('',(-37.5,-24.5,27.1));
#15174 = DIRECTION('',(0.,0.,1.));
#15175 = DIRECTION('',(-1.,1.224646799147E-16,0.));
#15176 = PCURVE('',#14840,#15177);
#15177 = DEFINITIONAL_REPRESENTATION('',(#15178),#15182);
#15178 = CIRCLE('',#15179,1.15);
#15179 = AXIS2_PLACEMENT_2D('',#15180,#15181);
#15180 = CARTESIAN_POINT('',(83.5,5.5));
#15181 = DIRECTION('',(1.,0.));
#15182 = ( GEOMETRIC_REPRESENTATION_CONTEXT(2) 
PARAMETRIC_REPRESENTATION_CONTEXT() REPRESENTATION_CONTEXT('2D SPACE',''
  ) );
#15183 = PCURVE('',#15184,#15189);
#15184 = CYLINDRICAL_SURFACE('',#15185,1.15);
#15185 = AXIS2_PLACEMENT_3D('',#15186,#15187,#15188);
#15186 = CARTESIAN_POINT('',(-37.5,-24.5,23.9));
#15187 = DIRECTION('',(0.,0.,1.));
#15188 = DIRECTION('',(-1.,1.224646799147E-16,0.));
#15189 = DEFINITIONAL_REPRESENTATION('',(#15190),#15194);
#15190 = LINE('',#15191,#15192);
#15191 = CARTESIAN_POINT('',(0.,3.2));
#15192 = VECTOR('',#15193,1.);
#15193 = DIRECTION('',(1.,0.));
#15194 = ( GEOMETRIC_REPRESENTATION_CONTEXT(2) 
PARAMETRIC_REPRESENTATION_CONTEXT() REPRESENTATION_CONTEXT('2D SPACE',''
  ) );
#15195 = ADVANCED_FACE('',(#15196),#14868,.T.);
#15196 = FACE_BOUND('',#15197,.T.);
#15197 = EDGE_LOOP('',(#15198,#15222,#15243,#15244));
#15198 = ORIENTED_EDGE('',*,*,#15199,.T.);
#15199 = EDGE_CURVE('',#14853,#15200,#15202,.T.);
#15200 = VERTEX_POINT('',#15201);
#15201 = CARTESIAN_POINT('',(45.4,-19.,24.1));
#15202 = SURFACE_CURVE('',#15203,(#15208,#15215),.PCURVE_S1.);
#15203 = CIRCLE('',#15204,0.6);
#15204 = AXIS2_PLACEMENT_3D('',#15205,#15206,#15207);
#15205 = CARTESIAN_POINT('',(45.4,-19.6,24.1));
#15206 = DIRECTION('',(0.,-0.,1.));
#15207 = DIRECTION('',(1.224646799147E-16,1.,0.));
#15208 = PCURVE('',#14868,#15209);
#15209 = DEFINITIONAL_REPRESENTATION('',(#15210),#15214);
#15210 = LINE('',#15211,#15212);
#15211 = CARTESIAN_POINT('',(-4.712388980385,0.));
#15212 = VECTOR('',#15213,1.);
#15213 = DIRECTION('',(1.,0.));
#15214 = ( GEOMETRIC_REPRESENTATION_CONTEXT(2) 
PARAMETRIC_REPRESENTATION_CONTEXT() REPRESENTATION_CONTEXT('2D SPACE',''
  ) );
#15215 = PCURVE('',#14896,#15216);
#15216 = DEFINITIONAL_REPRESENTATION('',(#15217),#15221);
#15217 = CIRCLE('',#15218,0.6);
#15218 = AXIS2_PLACEMENT_2D('',#15219,#15220);
#15219 = CARTESIAN_POINT('',(0.6,0.6));
#15220 = DIRECTION('',(0.,-1.));
#15221 = ( GEOMETRIC_REPRESENTATION_CONTEXT(2) 
PARAMETRIC_REPRESENTATION_CONTEXT() REPRESENTATION_CONTEXT('2D SPACE',''
  ) );
#15222 = ORIENTED_EDGE('',*,*,#15223,.T.);
#15223 = EDGE_CURVE('',#15200,#14939,#15224,.T.);
#15224 = SURFACE_CURVE('',#15225,(#15229,#15236),.PCURVE_S1.);
#15225 = LINE('',#15226,#15227);
#15226 = CARTESIAN_POINT('',(45.4,-19.,24.1));
#15227 = VECTOR('',#15228,1.);
#15228 = DIRECTION('',(0.,0.,1.));
#15229 = PCURVE('',#14868,#15230);
#15230 = DEFINITIONAL_REPRESENTATION('',(#15231),#15235);
#15231 = LINE('',#15232,#15233);
#15232 = CARTESIAN_POINT('',(1.570796326795,0.));
#15233 = VECTOR('',#15234,1.);
#15234 = DIRECTION('',(0.,1.));
#15235 = ( GEOMETRIC_REPRESENTATION_CONTEXT(2) 
PARAMETRIC_REPRESENTATION_CONTEXT() REPRESENTATION_CONTEXT('2D SPACE',''
  ) );
#15236 = PCURVE('',#14978,#15237);
#15237 = DEFINITIONAL_REPRESENTATION('',(#15238),#15242);
#15238 = LINE('',#15239,#15240);
#15239 = CARTESIAN_POINT('',(0.,0.6));
#15240 = VECTOR('',#15241,1.);
#15241 = DIRECTION('',(1.,0.));
#15242 = ( GEOMETRIC_REPRESENTATION_CONTEXT(2) 
PARAMETRIC_REPRESENTATION_CONTEXT() REPRESENTATION_CONTEXT('2D SPACE',''
  ) );
#15243 = ORIENTED_EDGE('',*,*,#14938,.F.);
#15244 = ORIENTED_EDGE('',*,*,#14852,.F.);
#15245 = ADVANCED_FACE('',(#15246),#14922,.T.);
#15246 = FACE_BOUND('',#15247,.T.);
#15247 = EDGE_LOOP('',(#15248,#15249,#15250,#15273));
#15248 = ORIENTED_EDGE('',*,*,#14908,.T.);
#15249 = ORIENTED_EDGE('',*,*,#15108,.T.);
#15250 = ORIENTED_EDGE('',*,*,#15251,.F.);
#15251 = EDGE_CURVE('',#15252,#15081,#15254,.T.);
#15252 = VERTEX_POINT('',#15253);
#15253 = CARTESIAN_POINT('',(45.4,-28.,24.1));
#15254 = SURFACE_CURVE('',#15255,(#15259,#15266),.PCURVE_S1.);
#15255 = LINE('',#15256,#15257);
#15256 = CARTESIAN_POINT('',(45.4,-28.,24.1));
#15257 = VECTOR('',#15258,1.);
#15258 = DIRECTION('',(0.,0.,1.));
#15259 = PCURVE('',#14922,#15260);
#15260 = DEFINITIONAL_REPRESENTATION('',(#15261),#15265);
#15261 = LINE('',#15262,#15263);
#15262 = CARTESIAN_POINT('',(4.712388980385,0.));
#15263 = VECTOR('',#15264,1.);
#15264 = DIRECTION('',(-0.,1.));
#15265 = ( GEOMETRIC_REPRESENTATION_CONTEXT(2) 
PARAMETRIC_REPRESENTATION_CONTEXT() REPRESENTATION_CONTEXT('2D SPACE',''
  ) );
#15266 = PCURVE('',#15096,#15267);
#15267 = DEFINITIONAL_REPRESENTATION('',(#15268),#15272);
#15268 = LINE('',#15269,#15270);
#15269 = CARTESIAN_POINT('',(0.,0.6));
#15270 = VECTOR('',#15271,1.);
#15271 = DIRECTION('',(1.,0.));
#15272 = ( GEOMETRIC_REPRESENTATION_CONTEXT(2) 
PARAMETRIC_REPRESENTATION_CONTEXT() REPRESENTATION_CONTEXT('2D SPACE',''
  ) );
#15273 = ORIENTED_EDGE('',*,*,#15274,.F.);
#15274 = EDGE_CURVE('',#14881,#15252,#15275,.T.);
#15275 = SURFACE_CURVE('',#15276,(#15281,#15288),.PCURVE_S1.);
#15276 = CIRCLE('',#15277,0.6);
#15277 = AXIS2_PLACEMENT_3D('',#15278,#15279,#15280);
#15278 = CARTESIAN_POINT('',(45.4,-27.4,24.1));
#15279 = DIRECTION('',(0.,0.,-1.));
#15280 = DIRECTION('',(1.224646799147E-16,1.,0.));
#15281 = PCURVE('',#14922,#15282);
#15282 = DEFINITIONAL_REPRESENTATION('',(#15283),#15287);
#15283 = LINE('',#15284,#15285);
#15284 = CARTESIAN_POINT('',(7.853981633975,0.));
#15285 = VECTOR('',#15286,1.);
#15286 = DIRECTION('',(-1.,0.));
#15287 = ( GEOMETRIC_REPRESENTATION_CONTEXT(2) 
PARAMETRIC_REPRESENTATION_CONTEXT() REPRESENTATION_CONTEXT('2D SPACE',''
  ) );
#15288 = PCURVE('',#14896,#15289);
#15289 = DEFINITIONAL_REPRESENTATION('',(#15290),#15298);
#15290 = ( BOUNDED_CURVE() B_SPLINE_CURVE(2,(#15291,#15292,#15293,#15294
    ,#15295,#15296,#15297),.UNSPECIFIED.,.T.,.F.) 
B_SPLINE_CURVE_WITH_KNOTS((1,2,2,2,2,1),(-2.094395102393,0.,
    2.094395102393,4.188790204786,6.28318530718,8.377580409573),
.UNSPECIFIED.) CURVE() GEOMETRIC_REPRESENTATION_ITEM() 
RATIONAL_B_SPLINE_CURVE((1.,0.5,1.,0.5,1.,0.5,1.)) REPRESENTATION_ITEM(
  '') );
#15291 = CARTESIAN_POINT('',(0.6,7.8));
#15292 = CARTESIAN_POINT('',(-0.439230484541,7.8));
#15293 = CARTESIAN_POINT('',(8.038475772934E-02,8.7));
#15294 = CARTESIAN_POINT('',(0.6,9.6));
#15295 = CARTESIAN_POINT('',(1.119615242271,8.7));
#15296 = CARTESIAN_POINT('',(1.639230484541,7.8));
#15297 = CARTESIAN_POINT('',(0.6,7.8));
#15298 = ( GEOMETRIC_REPRESENTATION_CONTEXT(2) 
PARAMETRIC_REPRESENTATION_CONTEXT() REPRESENTATION_CONTEXT('2D SPACE',''
  ) );
#15299 = ADVANCED_FACE('',(#15300,#15424,#15450),#14896,.F.);
#15300 = FACE_BOUND('',#15301,.F.);
#15301 = EDGE_LOOP('',(#15302,#15303,#15304,#15327,#15355,#15378,#15402,
    #15423));
#15302 = ORIENTED_EDGE('',*,*,#14880,.F.);
#15303 = ORIENTED_EDGE('',*,*,#15199,.T.);
#15304 = ORIENTED_EDGE('',*,*,#15305,.T.);
#15305 = EDGE_CURVE('',#15200,#15306,#15308,.T.);
#15306 = VERTEX_POINT('',#15307);
#15307 = CARTESIAN_POINT('',(-45.4,-19.,24.1));
#15308 = SURFACE_CURVE('',#15309,(#15313,#15320),.PCURVE_S1.);
#15309 = LINE('',#15310,#15311);
#15310 = CARTESIAN_POINT('',(46.,-19.,24.1));
#15311 = VECTOR('',#15312,1.);
#15312 = DIRECTION('',(-1.,1.224646799147E-16,0.));
#15313 = PCURVE('',#14896,#15314);
#15314 = DEFINITIONAL_REPRESENTATION('',(#15315),#15319);
#15315 = LINE('',#15316,#15317);
#15316 = CARTESIAN_POINT('',(0.,0.));
#15317 = VECTOR('',#15318,1.);
#15318 = DIRECTION('',(1.,0.));
#15319 = ( GEOMETRIC_REPRESENTATION_CONTEXT(2) 
PARAMETRIC_REPRESENTATION_CONTEXT() REPRESENTATION_CONTEXT('2D SPACE',''
  ) );
#15320 = PCURVE('',#14978,#15321);
#15321 = DEFINITIONAL_REPRESENTATION('',(#15322),#15326);
#15322 = LINE('',#15323,#15324);
#15323 = CARTESIAN_POINT('',(0.,0.));
#15324 = VECTOR('',#15325,1.);
#15325 = DIRECTION('',(0.,1.));
#15326 = ( GEOMETRIC_REPRESENTATION_CONTEXT(2) 
PARAMETRIC_REPRESENTATION_CONTEXT() REPRESENTATION_CONTEXT('2D SPACE',''
  ) );
#15327 = ORIENTED_EDGE('',*,*,#15328,.F.);
#15328 = EDGE_CURVE('',#15329,#15306,#15331,.T.);
#15329 = VERTEX_POINT('',#15330);
#15330 = CARTESIAN_POINT('',(-46.,-19.6,24.1));
#15331 = SURFACE_CURVE('',#15332,(#15337,#15348),.PCURVE_S1.);
#15332 = CIRCLE('',#15333,0.6);
#15333 = AXIS2_PLACEMENT_3D('',#15334,#15335,#15336);
#15334 = CARTESIAN_POINT('',(-45.4,-19.6,24.1));
#15335 = DIRECTION('',(0.,0.,-1.));
#15336 = DIRECTION('',(1.224646799147E-16,1.,0.));
#15337 = PCURVE('',#14896,#15338);
#15338 = DEFINITIONAL_REPRESENTATION('',(#15339),#15347);
#15339 = ( BOUNDED_CURVE() B_SPLINE_CURVE(2,(#15340,#15341,#15342,#15343
    ,#15344,#15345,#15346),.UNSPECIFIED.,.T.,.F.) 
B_SPLINE_CURVE_WITH_KNOTS((1,2,2,2,2,1),(-2.094395102393,0.,
    2.094395102393,4.188790204786,6.28318530718,8.377580409573),
.UNSPECIFIED.) CURVE() GEOMETRIC_REPRESENTATION_ITEM() 
RATIONAL_B_SPLINE_CURVE((1.,0.5,1.,0.5,1.,0.5,1.)) REPRESENTATION_ITEM(
  '') );
#15340 = CARTESIAN_POINT('',(91.4,-2.997602166488E-15));
#15341 = CARTESIAN_POINT('',(90.360769515459,-2.997602166488E-15));
#15342 = CARTESIAN_POINT('',(90.880384757729,0.9));
#15343 = CARTESIAN_POINT('',(91.4,1.8));
#15344 = CARTESIAN_POINT('',(91.919615242271,0.9));
#15345 = CARTESIAN_POINT('',(92.439230484541,-2.109423746788E-15));
#15346 = CARTESIAN_POINT('',(91.4,-2.997602166488E-15));
#15347 = ( GEOMETRIC_REPRESENTATION_CONTEXT(2) 
PARAMETRIC_REPRESENTATION_CONTEXT() REPRESENTATION_CONTEXT('2D SPACE',''
  ) );
#15348 = PCURVE('',#15011,#15349);
#15349 = DEFINITIONAL_REPRESENTATION('',(#15350),#15354);
#15350 = LINE('',#15351,#15352);
#15351 = CARTESIAN_POINT('',(10.995574287565,0.));
#15352 = VECTOR('',#15353,1.);
#15353 = DIRECTION('',(-1.,0.));
#15354 = ( GEOMETRIC_REPRESENTATION_CONTEXT(2) 
PARAMETRIC_REPRESENTATION_CONTEXT() REPRESENTATION_CONTEXT('2D SPACE',''
  ) );
#15355 = ORIENTED_EDGE('',*,*,#15356,.T.);
#15356 = EDGE_CURVE('',#15329,#15357,#15359,.T.);
#15357 = VERTEX_POINT('',#15358);
#15358 = CARTESIAN_POINT('',(-46.,-27.4,24.1));
#15359 = SURFACE_CURVE('',#15360,(#15364,#15371),.PCURVE_S1.);
#15360 = LINE('',#15361,#15362);
#15361 = CARTESIAN_POINT('',(-46.,-19.,24.1));
#15362 = VECTOR('',#15363,1.);
#15363 = DIRECTION('',(-1.224646799147E-16,-1.,0.));
#15364 = PCURVE('',#14896,#15365);
#15365 = DEFINITIONAL_REPRESENTATION('',(#15366),#15370);
#15366 = LINE('',#15367,#15368);
#15367 = CARTESIAN_POINT('',(92.,-2.944104163046E-15));
#15368 = VECTOR('',#15369,1.);
#15369 = DIRECTION('',(0.,1.));
#15370 = ( GEOMETRIC_REPRESENTATION_CONTEXT(2) 
PARAMETRIC_REPRESENTATION_CONTEXT() REPRESENTATION_CONTEXT('2D SPACE',''
  ) );
#15371 = PCURVE('',#15039,#15372);
#15372 = DEFINITIONAL_REPRESENTATION('',(#15373),#15377);
#15373 = LINE('',#15374,#15375);
#15374 = CARTESIAN_POINT('',(0.,0.));
#15375 = VECTOR('',#15376,1.);
#15376 = DIRECTION('',(0.,-1.));
#15377 = ( GEOMETRIC_REPRESENTATION_CONTEXT(2) 
PARAMETRIC_REPRESENTATION_CONTEXT() REPRESENTATION_CONTEXT('2D SPACE',''
  ) );
#15378 = ORIENTED_EDGE('',*,*,#15379,.T.);
#15379 = EDGE_CURVE('',#15357,#15380,#15382,.T.);
#15380 = VERTEX_POINT('',#15381);
#15381 = CARTESIAN_POINT('',(-45.4,-28.,24.1));
#15382 = SURFACE_CURVE('',#15383,(#15388,#15395),.PCURVE_S1.);
#15383 = CIRCLE('',#15384,0.6);
#15384 = AXIS2_PLACEMENT_3D('',#15385,#15386,#15387);
#15385 = CARTESIAN_POINT('',(-45.4,-27.4,24.1));
#15386 = DIRECTION('',(0.,-0.,1.));
#15387 = DIRECTION('',(1.224646799147E-16,1.,0.));
#15388 = PCURVE('',#14896,#15389);
#15389 = DEFINITIONAL_REPRESENTATION('',(#15390),#15394);
#15390 = CIRCLE('',#15391,0.6);
#15391 = AXIS2_PLACEMENT_2D('',#15392,#15393);
#15392 = CARTESIAN_POINT('',(91.4,8.4));
#15393 = DIRECTION('',(0.,-1.));
#15394 = ( GEOMETRIC_REPRESENTATION_CONTEXT(2) 
PARAMETRIC_REPRESENTATION_CONTEXT() REPRESENTATION_CONTEXT('2D SPACE',''
  ) );
#15395 = PCURVE('',#15068,#15396);
#15396 = DEFINITIONAL_REPRESENTATION('',(#15397),#15401);
#15397 = LINE('',#15398,#15399);
#15398 = CARTESIAN_POINT('',(-1.570796326795,0.));
#15399 = VECTOR('',#15400,1.);
#15400 = DIRECTION('',(1.,0.));
#15401 = ( GEOMETRIC_REPRESENTATION_CONTEXT(2) 
PARAMETRIC_REPRESENTATION_CONTEXT() REPRESENTATION_CONTEXT('2D SPACE',''
  ) );
#15402 = ORIENTED_EDGE('',*,*,#15403,.F.);
#15403 = EDGE_CURVE('',#15252,#15380,#15404,.T.);
#15404 = SURFACE_CURVE('',#15405,(#15409,#15416),.PCURVE_S1.);
#15405 = LINE('',#15406,#15407);
#15406 = CARTESIAN_POINT('',(46.,-28.,24.1));
#15407 = VECTOR('',#15408,1.);
#15408 = DIRECTION('',(-1.,1.224646799147E-16,0.));
#15409 = PCURVE('',#14896,#15410);
#15410 = DEFINITIONAL_REPRESENTATION('',(#15411),#15415);
#15411 = LINE('',#15412,#15413);
#15412 = CARTESIAN_POINT('',(-1.102182119233E-15,9.));
#15413 = VECTOR('',#15414,1.);
#15414 = DIRECTION('',(1.,0.));
#15415 = ( GEOMETRIC_REPRESENTATION_CONTEXT(2) 
PARAMETRIC_REPRESENTATION_CONTEXT() REPRESENTATION_CONTEXT('2D SPACE',''
  ) );
#15416 = PCURVE('',#15096,#15417);
#15417 = DEFINITIONAL_REPRESENTATION('',(#15418),#15422);
#15418 = LINE('',#15419,#15420);
#15419 = CARTESIAN_POINT('',(0.,0.));
#15420 = VECTOR('',#15421,1.);
#15421 = DIRECTION('',(0.,1.));
#15422 = ( GEOMETRIC_REPRESENTATION_CONTEXT(2) 
PARAMETRIC_REPRESENTATION_CONTEXT() REPRESENTATION_CONTEXT('2D SPACE',''
  ) );
#15423 = ORIENTED_EDGE('',*,*,#15274,.F.);
#15424 = FACE_BOUND('',#15425,.F.);
#15425 = EDGE_LOOP('',(#15426));
#15426 = ORIENTED_EDGE('',*,*,#15427,.F.);
#15427 = EDGE_CURVE('',#15428,#15428,#15430,.T.);
#15428 = VERTEX_POINT('',#15429);
#15429 = CARTESIAN_POINT('',(36.35,-24.5,24.1));
#15430 = SURFACE_CURVE('',#15431,(#15436,#15443),.PCURVE_S1.);
#15431 = CIRCLE('',#15432,1.15);
#15432 = AXIS2_PLACEMENT_3D('',#15433,#15434,#15435);
#15433 = CARTESIAN_POINT('',(37.5,-24.5,24.1));
#15434 = DIRECTION('',(0.,0.,1.));
#15435 = DIRECTION('',(-1.,1.224646799147E-16,0.));
#15436 = PCURVE('',#14896,#15437);
#15437 = DEFINITIONAL_REPRESENTATION('',(#15438),#15442);
#15438 = CIRCLE('',#15439,1.15);
#15439 = AXIS2_PLACEMENT_2D('',#15440,#15441);
#15440 = CARTESIAN_POINT('',(8.5,5.5));
#15441 = DIRECTION('',(1.,0.));
#15442 = ( GEOMETRIC_REPRESENTATION_CONTEXT(2) 
PARAMETRIC_REPRESENTATION_CONTEXT() REPRESENTATION_CONTEXT('2D SPACE',''
  ) );
#15443 = PCURVE('',#15153,#15444);
#15444 = DEFINITIONAL_REPRESENTATION('',(#15445),#15449);
#15445 = LINE('',#15446,#15447);
#15446 = CARTESIAN_POINT('',(0.,0.2));
#15447 = VECTOR('',#15448,1.);
#15448 = DIRECTION('',(1.,0.));
#15449 = ( GEOMETRIC_REPRESENTATION_CONTEXT(2) 
PARAMETRIC_REPRESENTATION_CONTEXT() REPRESENTATION_CONTEXT('2D SPACE',''
  ) );
#15450 = FACE_BOUND('',#15451,.F.);
#15451 = EDGE_LOOP('',(#15452));
#15452 = ORIENTED_EDGE('',*,*,#15453,.F.);
#15453 = EDGE_CURVE('',#15454,#15454,#15456,.T.);
#15454 = VERTEX_POINT('',#15455);
#15455 = CARTESIAN_POINT('',(-38.65,-24.5,24.1));
#15456 = SURFACE_CURVE('',#15457,(#15462,#15469),.PCURVE_S1.);
#15457 = CIRCLE('',#15458,1.15);
#15458 = AXIS2_PLACEMENT_3D('',#15459,#15460,#15461);
#15459 = CARTESIAN_POINT('',(-37.5,-24.5,24.1));
#15460 = DIRECTION('',(0.,0.,1.));
#15461 = DIRECTION('',(-1.,1.224646799147E-16,0.));
#15462 = PCURVE('',#14896,#15463);
#15463 = DEFINITIONAL_REPRESENTATION('',(#15464),#15468);
#15464 = CIRCLE('',#15465,1.15);
#15465 = AXIS2_PLACEMENT_2D('',#15466,#15467);
#15466 = CARTESIAN_POINT('',(83.5,5.5));
#15467 = DIRECTION('',(1.,0.));
#15468 = ( GEOMETRIC_REPRESENTATION_CONTEXT(2) 
PARAMETRIC_REPRESENTATION_CONTEXT() REPRESENTATION_CONTEXT('2D SPACE',''
  ) );
#15469 = PCURVE('',#15184,#15470);
#15470 = DEFINITIONAL_REPRESENTATION('',(#15471),#15475);
#15471 = LINE('',#15472,#15473);
#15472 = CARTESIAN_POINT('',(0.,0.2));
#15473 = VECTOR('',#15474,1.);
#15474 = DIRECTION('',(1.,0.));
#15475 = ( GEOMETRIC_REPRESENTATION_CONTEXT(2) 
PARAMETRIC_REPRESENTATION_CONTEXT() REPRESENTATION_CONTEXT('2D SPACE',''
  ) );
#15476 = ADVANCED_FACE('',(#15477),#14978,.F.);
#15477 = FACE_BOUND('',#15478,.F.);
#15478 = EDGE_LOOP('',(#15479,#15480,#15481,#15482));
#15479 = ORIENTED_EDGE('',*,*,#15305,.F.);
#15480 = ORIENTED_EDGE('',*,*,#15223,.T.);
#15481 = ORIENTED_EDGE('',*,*,#14962,.T.);
#15482 = ORIENTED_EDGE('',*,*,#15483,.F.);
#15483 = EDGE_CURVE('',#15306,#14963,#15484,.T.);
#15484 = SURFACE_CURVE('',#15485,(#15489,#15496),.PCURVE_S1.);
#15485 = LINE('',#15486,#15487);
#15486 = CARTESIAN_POINT('',(-45.4,-19.,24.1));
#15487 = VECTOR('',#15488,1.);
#15488 = DIRECTION('',(0.,0.,1.));
#15489 = PCURVE('',#14978,#15490);
#15490 = DEFINITIONAL_REPRESENTATION('',(#15491),#15495);
#15491 = LINE('',#15492,#15493);
#15492 = CARTESIAN_POINT('',(0.,91.4));
#15493 = VECTOR('',#15494,1.);
#15494 = DIRECTION('',(1.,0.));
#15495 = ( GEOMETRIC_REPRESENTATION_CONTEXT(2) 
PARAMETRIC_REPRESENTATION_CONTEXT() REPRESENTATION_CONTEXT('2D SPACE',''
  ) );
#15496 = PCURVE('',#15011,#15497);
#15497 = DEFINITIONAL_REPRESENTATION('',(#15498),#15502);
#15498 = LINE('',#15499,#15500);
#15499 = CARTESIAN_POINT('',(4.712388980385,0.));
#15500 = VECTOR('',#15501,1.);
#15501 = DIRECTION('',(-0.,1.));
#15502 = ( GEOMETRIC_REPRESENTATION_CONTEXT(2) 
PARAMETRIC_REPRESENTATION_CONTEXT() REPRESENTATION_CONTEXT('2D SPACE',''
  ) );
#15503 = ADVANCED_FACE('',(#15504),#15096,.T.);
#15504 = FACE_BOUND('',#15505,.T.);
#15505 = EDGE_LOOP('',(#15506,#15507,#15508,#15509));
#15506 = ORIENTED_EDGE('',*,*,#15403,.F.);
#15507 = ORIENTED_EDGE('',*,*,#15251,.T.);
#15508 = ORIENTED_EDGE('',*,*,#15080,.T.);
#15509 = ORIENTED_EDGE('',*,*,#15510,.F.);
#15510 = EDGE_CURVE('',#15380,#15052,#15511,.T.);
#15511 = SURFACE_CURVE('',#15512,(#15516,#15523),.PCURVE_S1.);
#15512 = LINE('',#15513,#15514);
#15513 = CARTESIAN_POINT('',(-45.4,-28.,24.1));
#15514 = VECTOR('',#15515,1.);
#15515 = DIRECTION('',(0.,0.,1.));
#15516 = PCURVE('',#15096,#15517);
#15517 = DEFINITIONAL_REPRESENTATION('',(#15518),#15522);
#15518 = LINE('',#15519,#15520);
#15519 = CARTESIAN_POINT('',(0.,91.4));
#15520 = VECTOR('',#15521,1.);
#15521 = DIRECTION('',(1.,0.));
#15522 = ( GEOMETRIC_REPRESENTATION_CONTEXT(2) 
PARAMETRIC_REPRESENTATION_CONTEXT() REPRESENTATION_CONTEXT('2D SPACE',''
  ) );
#15523 = PCURVE('',#15068,#15524);
#15524 = DEFINITIONAL_REPRESENTATION('',(#15525),#15529);
#15525 = LINE('',#15526,#15527);
#15526 = CARTESIAN_POINT('',(1.570796326795,0.));
#15527 = VECTOR('',#15528,1.);
#15528 = DIRECTION('',(0.,1.));
#15529 = ( GEOMETRIC_REPRESENTATION_CONTEXT(2) 
PARAMETRIC_REPRESENTATION_CONTEXT() REPRESENTATION_CONTEXT('2D SPACE',''
  ) );
#15530 = ADVANCED_FACE('',(#15531),#15011,.T.);
#15531 = FACE_BOUND('',#15532,.T.);
#15532 = EDGE_LOOP('',(#15533,#15554,#15555,#15556));
#15533 = ORIENTED_EDGE('',*,*,#15534,.T.);
#15534 = EDGE_CURVE('',#15329,#14991,#15535,.T.);
#15535 = SURFACE_CURVE('',#15536,(#15540,#15547),.PCURVE_S1.);
#15536 = LINE('',#15537,#15538);
#15537 = CARTESIAN_POINT('',(-46.,-19.6,24.1));
#15538 = VECTOR('',#15539,1.);
#15539 = DIRECTION('',(0.,0.,1.));
#15540 = PCURVE('',#15011,#15541);
#15541 = DEFINITIONAL_REPRESENTATION('',(#15542),#15546);
#15542 = LINE('',#15543,#15544);
#15543 = CARTESIAN_POINT('',(6.28318530718,0.));
#15544 = VECTOR('',#15545,1.);
#15545 = DIRECTION('',(-0.,1.));
#15546 = ( GEOMETRIC_REPRESENTATION_CONTEXT(2) 
PARAMETRIC_REPRESENTATION_CONTEXT() REPRESENTATION_CONTEXT('2D SPACE',''
  ) );
#15547 = PCURVE('',#15039,#15548);
#15548 = DEFINITIONAL_REPRESENTATION('',(#15549),#15553);
#15549 = LINE('',#15550,#15551);
#15550 = CARTESIAN_POINT('',(0.,-0.6));
#15551 = VECTOR('',#15552,1.);
#15552 = DIRECTION('',(1.,0.));
#15553 = ( GEOMETRIC_REPRESENTATION_CONTEXT(2) 
PARAMETRIC_REPRESENTATION_CONTEXT() REPRESENTATION_CONTEXT('2D SPACE',''
  ) );
#15554 = ORIENTED_EDGE('',*,*,#14990,.T.);
#15555 = ORIENTED_EDGE('',*,*,#15483,.F.);
#15556 = ORIENTED_EDGE('',*,*,#15328,.F.);
#15557 = ADVANCED_FACE('',(#15558),#15068,.T.);
#15558 = FACE_BOUND('',#15559,.T.);
#15559 = EDGE_LOOP('',(#15560,#15561,#15562,#15563));
#15560 = ORIENTED_EDGE('',*,*,#15379,.T.);
#15561 = ORIENTED_EDGE('',*,*,#15510,.T.);
#15562 = ORIENTED_EDGE('',*,*,#15051,.F.);
#15563 = ORIENTED_EDGE('',*,*,#15564,.F.);
#15564 = EDGE_CURVE('',#15357,#15024,#15565,.T.);
#15565 = SURFACE_CURVE('',#15566,(#15570,#15577),.PCURVE_S1.);
#15566 = LINE('',#15567,#15568);
#15567 = CARTESIAN_POINT('',(-46.,-27.4,24.1));
#15568 = VECTOR('',#15569,1.);
#15569 = DIRECTION('',(0.,0.,1.));
#15570 = PCURVE('',#15068,#15571);
#15571 = DEFINITIONAL_REPRESENTATION('',(#15572),#15576);
#15572 = LINE('',#15573,#15574);
#15573 = CARTESIAN_POINT('',(0.,0.));
#15574 = VECTOR('',#15575,1.);
#15575 = DIRECTION('',(0.,1.));
#15576 = ( GEOMETRIC_REPRESENTATION_CONTEXT(2) 
PARAMETRIC_REPRESENTATION_CONTEXT() REPRESENTATION_CONTEXT('2D SPACE',''
  ) );
#15577 = PCURVE('',#15039,#15578);
#15578 = DEFINITIONAL_REPRESENTATION('',(#15579),#15583);
#15579 = LINE('',#15580,#15581);
#15580 = CARTESIAN_POINT('',(0.,-8.4));
#15581 = VECTOR('',#15582,1.);
#15582 = DIRECTION('',(1.,0.));
#15583 = ( GEOMETRIC_REPRESENTATION_CONTEXT(2) 
PARAMETRIC_REPRESENTATION_CONTEXT() REPRESENTATION_CONTEXT('2D SPACE',''
  ) );
#15584 = ADVANCED_FACE('',(#15585),#15039,.T.);
#15585 = FACE_BOUND('',#15586,.T.);
#15586 = EDGE_LOOP('',(#15587,#15588,#15589,#15590));
#15587 = ORIENTED_EDGE('',*,*,#15023,.F.);
#15588 = ORIENTED_EDGE('',*,*,#15534,.F.);
#15589 = ORIENTED_EDGE('',*,*,#15356,.T.);
#15590 = ORIENTED_EDGE('',*,*,#15564,.T.);
#15591 = ADVANCED_FACE('',(#15592),#15153,.F.);
#15592 = FACE_BOUND('',#15593,.F.);
#15593 = EDGE_LOOP('',(#15594,#15595,#15616,#15617));
#15594 = ORIENTED_EDGE('',*,*,#15136,.F.);
#15595 = ORIENTED_EDGE('',*,*,#15596,.F.);
#15596 = EDGE_CURVE('',#15428,#15137,#15597,.T.);
#15597 = SEAM_CURVE('',#15598,(#15602,#15609),.PCURVE_S1.);
#15598 = LINE('',#15599,#15600);
#15599 = CARTESIAN_POINT('',(36.35,-24.5,23.9));
#15600 = VECTOR('',#15601,1.);
#15601 = DIRECTION('',(0.,0.,1.));
#15602 = PCURVE('',#15153,#15603);
#15603 = DEFINITIONAL_REPRESENTATION('',(#15604),#15608);
#15604 = LINE('',#15605,#15606);
#15605 = CARTESIAN_POINT('',(0.,-0.));
#15606 = VECTOR('',#15607,1.);
#15607 = DIRECTION('',(0.,1.));
#15608 = ( GEOMETRIC_REPRESENTATION_CONTEXT(2) 
PARAMETRIC_REPRESENTATION_CONTEXT() REPRESENTATION_CONTEXT('2D SPACE',''
  ) );
#15609 = PCURVE('',#15153,#15610);
#15610 = DEFINITIONAL_REPRESENTATION('',(#15611),#15615);
#15611 = LINE('',#15612,#15613);
#15612 = CARTESIAN_POINT('',(6.28318530718,-0.));
#15613 = VECTOR('',#15614,1.);
#15614 = DIRECTION('',(0.,1.));
#15615 = ( GEOMETRIC_REPRESENTATION_CONTEXT(2) 
PARAMETRIC_REPRESENTATION_CONTEXT() REPRESENTATION_CONTEXT('2D SPACE',''
  ) );
#15616 = ORIENTED_EDGE('',*,*,#15427,.T.);
#15617 = ORIENTED_EDGE('',*,*,#15596,.T.);
#15618 = ADVANCED_FACE('',(#15619),#15184,.F.);
#15619 = FACE_BOUND('',#15620,.F.);
#15620 = EDGE_LOOP('',(#15621,#15622,#15643,#15644));
#15621 = ORIENTED_EDGE('',*,*,#15167,.F.);
#15622 = ORIENTED_EDGE('',*,*,#15623,.F.);
#15623 = EDGE_CURVE('',#15454,#15168,#15624,.T.);
#15624 = SEAM_CURVE('',#15625,(#15629,#15636),.PCURVE_S1.);
#15625 = LINE('',#15626,#15627);
#15626 = CARTESIAN_POINT('',(-38.65,-24.5,23.9));
#15627 = VECTOR('',#15628,1.);
#15628 = DIRECTION('',(0.,0.,1.));
#15629 = PCURVE('',#15184,#15630);
#15630 = DEFINITIONAL_REPRESENTATION('',(#15631),#15635);
#15631 = LINE('',#15632,#15633);
#15632 = CARTESIAN_POINT('',(0.,-0.));
#15633 = VECTOR('',#15634,1.);
#15634 = DIRECTION('',(0.,1.));
#15635 = ( GEOMETRIC_REPRESENTATION_CONTEXT(2) 
PARAMETRIC_REPRESENTATION_CONTEXT() REPRESENTATION_CONTEXT('2D SPACE',''
  ) );
#15636 = PCURVE('',#15184,#15637);
#15637 = DEFINITIONAL_REPRESENTATION('',(#15638),#15642);
#15638 = LINE('',#15639,#15640);
#15639 = CARTESIAN_POINT('',(6.28318530718,-0.));
#15640 = VECTOR('',#15641,1.);
#15641 = DIRECTION('',(0.,1.));
#15642 = ( GEOMETRIC_REPRESENTATION_CONTEXT(2) 
PARAMETRIC_REPRESENTATION_CONTEXT() REPRESENTATION_CONTEXT('2D SPACE',''
  ) );
#15643 = ORIENTED_EDGE('',*,*,#15453,.T.);
#15644 = ORIENTED_EDGE('',*,*,#15623,.T.);
#15645 = ( GEOMETRIC_REPRESENTATION_CONTEXT(3) 
GLOBAL_UNCERTAINTY_ASSIGNED_CONTEXT((#15649)) 
GLOBAL_UNIT_ASSIGNED_CONTEXT((#15646,#15647,#15648)) 
REPRESENTATION_CONTEXT('Context #1',
  '3D Context with UNIT and UNCERTAINTY') );
#15646 = ( LENGTH_UNIT() NAMED_UNIT(*) SI_UNIT(.MILLI.,.METRE.) );
#15647 = ( NAMED_UNIT(*) PLANE_ANGLE_UNIT() SI_UNIT($,.RADIAN.) );
#15648 = ( NAMED_UNIT(*) SI_UNIT($,.STERADIAN.) SOLID_ANGLE_UNIT() );
#15649 = UNCERTAINTY_MEASURE_WITH_UNIT(LENGTH_MEASURE(1.E-07),#15646,
  'distance_accuracy_value','confusion accuracy');
#15650 = CONTEXT_DEPENDENT_SHAPE_REPRESENTATION(#15651,#15653);
#15651 = ( REPRESENTATION_RELATIONSHIP('','',#14810,#10) 
REPRESENTATION_RELATIONSHIP_WITH_TRANSFORMATION(#15652) 
SHAPE_REPRESENTATION_RELATIONSHIP() );
#15652 = ITEM_DEFINED_TRANSFORMATION('','',#11,#47);
#15653 = PRODUCT_DEFINITION_SHAPE('Placement','Placement of an item',
  #15654);
#15654 = NEXT_ASSEMBLY_USAGE_OCCURRENCE('15','reference_cap_front','',#5
  ,#14805,$);
#15655 = PRODUCT_RELATED_PRODUCT_CATEGORY('part',$,(#14807));
#15656 = MECHANICAL_DESIGN_GEOMETRIC_PRESENTATION_REPRESENTATION('',(
    #15657),#4747);
#15657 = STYLED_ITEM('color',(#15658),#4441);
#15658 = PRESENTATION_STYLE_ASSIGNMENT((#15659));
#15659 = SURFACE_STYLE_USAGE(.BOTH.,#15660);
#15660 = SURFACE_SIDE_STYLE('',(#15661));
#15661 = SURFACE_STYLE_FILL_AREA(#15662);
#15662 = FILL_AREA_STYLE('',(#15663));
#15663 = FILL_AREA_STYLE_COLOUR('',#15664);
#15664 = COLOUR_RGB('',0.568627446696,0.705882360366,0.827450977613);
#15665 = MECHANICAL_DESIGN_GEOMETRIC_PRESENTATION_REPRESENTATION('',(
    #15666),#3319);
#15666 = STYLED_ITEM('color',(#15667),#454);
#15667 = PRESENTATION_STYLE_ASSIGNMENT((#15668));
#15668 = SURFACE_STYLE_USAGE(.BOTH.,#15669);
#15669 = SURFACE_SIDE_STYLE('',(#15670));
#15670 = SURFACE_STYLE_FILL_AREA(#15671);
#15671 = FILL_AREA_STYLE('',(#15672));
#15672 = FILL_AREA_STYLE_COLOUR('',#15673);
#15673 = COLOUR_RGB('',0.184313727102,0.184313727102,0.168627449799);
#15674 = MECHANICAL_DESIGN_GEOMETRIC_PRESENTATION_REPRESENTATION('',(
    #15675),#14792);
#15675 = STYLED_ITEM('color',(#15676),#13958);
#15676 = PRESENTATION_STYLE_ASSIGNMENT((#15677));
#15677 = SURFACE_STYLE_USAGE(.BOTH.,#15678);
#15678 = SURFACE_SIDE_STYLE('',(#15679));
#15679 = SURFACE_STYLE_FILL_AREA(#15680);
#15680 = FILL_AREA_STYLE('',(#15681));
#15681 = FILL_AREA_STYLE_COLOUR('',#15682);
#15682 = COLOUR_RGB('',0.819999987296,0.819999987296,0.78000000177);
#15683 = MECHANICAL_DESIGN_GEOMETRIC_PRESENTATION_REPRESENTATION('',(
    #15684),#7685);
#15684 = STYLED_ITEM('color',(#15685),#4766);
#15685 = PRESENTATION_STYLE_ASSIGNMENT((#15686));
#15686 = SURFACE_STYLE_USAGE(.BOTH.,#15687);
#15687 = SURFACE_SIDE_STYLE('',(#15688));
#15688 = SURFACE_STYLE_FILL_AREA(#15689);
#15689 = FILL_AREA_STYLE('',(#15690));
#15690 = FILL_AREA_STYLE_COLOUR('',#15673);
#15691 = MECHANICAL_DESIGN_GEOMETRIC_PRESENTATION_REPRESENTATION('',(
    #15692),#4422);
#15692 = STYLED_ITEM('color',(#15693),#3338);
#15693 = PRESENTATION_STYLE_ASSIGNMENT((#15694));
#15694 = SURFACE_STYLE_USAGE(.BOTH.,#15695);
#15695 = SURFACE_SIDE_STYLE('',(#15696));
#15696 = SURFACE_STYLE_FILL_AREA(#15697);
#15697 = FILL_AREA_STYLE('',(#15698));
#15698 = FILL_AREA_STYLE_COLOUR('',#15699);
#15699 = COLOUR_RGB('',0.905882345718,0.509803927404,0.172549017514);
#15700 = MECHANICAL_DESIGN_GEOMETRIC_PRESENTATION_REPRESENTATION('',(
    #15701),#15645);
#15701 = STYLED_ITEM('color',(#15702),#14811);
#15702 = PRESENTATION_STYLE_ASSIGNMENT((#15703));
#15703 = SURFACE_STYLE_USAGE(.BOTH.,#15704);
#15704 = SURFACE_SIDE_STYLE('',(#15705));
#15705 = SURFACE_STYLE_FILL_AREA(#15706);
#15706 = FILL_AREA_STYLE('',(#15707));
#15707 = FILL_AREA_STYLE_COLOUR('',#15682);
#15708 = MECHANICAL_DESIGN_GEOMETRIC_PRESENTATION_REPRESENTATION('',(
    #15709),#13939);
#15709 = STYLED_ITEM('color',(#15710),#8783);
#15710 = PRESENTATION_STYLE_ASSIGNMENT((#15711));
#15711 = SURFACE_STYLE_USAGE(.BOTH.,#15712);
#15712 = SURFACE_SIDE_STYLE('',(#15713));
#15713 = SURFACE_STYLE_FILL_AREA(#15714);
#15714 = FILL_AREA_STYLE('',(#15715));
#15715 = FILL_AREA_STYLE_COLOUR('',#15682);
#15716 = MECHANICAL_DESIGN_GEOMETRIC_PRESENTATION_REPRESENTATION('',(
    #15717),#435);
#15717 = STYLED_ITEM('color',(#15718),#65);
#15718 = PRESENTATION_STYLE_ASSIGNMENT((#15719));
#15719 = SURFACE_STYLE_USAGE(.BOTH.,#15720);
#15720 = SURFACE_SIDE_STYLE('',(#15721));
#15721 = SURFACE_STYLE_FILL_AREA(#15722);
#15722 = FILL_AREA_STYLE('',(#15723));
#15723 = FILL_AREA_STYLE_COLOUR('',#15664);
#15724 = MECHANICAL_DESIGN_GEOMETRIC_PRESENTATION_REPRESENTATION('',(
    #15725),#8764);
#15725 = STYLED_ITEM('color',(#15726),#7704);
#15726 = PRESENTATION_STYLE_ASSIGNMENT((#15727));
#15727 = SURFACE_STYLE_USAGE(.BOTH.,#15728);
#15728 = SURFACE_SIDE_STYLE('',(#15729));
#15729 = SURFACE_STYLE_FILL_AREA(#15730);
#15730 = FILL_AREA_STYLE('',(#15731));
#15731 = FILL_AREA_STYLE_COLOUR('',#15699);
ENDSEC;
END-ISO-10303-21;
