v -0.0045 -0.014 0.0205
v -0.0045 -0.00904212364437 0.0205
v -0.0045 -0.014 0.0225
v -0.0045 -0.00904212364437 0.0225
v 0.0045 -0.00904212364437 0.0205
v 0.00503363766116 -0.00875628299544 0.0205
v 0.00554919182581 -0.00843898513332 0.0205
v 0.00604481034992 -0.00809136996024 0.0205
v 0.00651871270885 -0.0077146862943 0.0205
v 0.00696919639396 -0.00731028738303 0.0205
v 0.0073946430289 -0.00687962604181 0.0205
v 0.00779352418367 -0.00642424943465 0.0205
v 0.00816440686559 -0.00594579351584 0.0205
v 0.00850595866735 -0.00544597715285 0.0205
v 0.00881695255368 -0.00492659595118 0.0205
v 0.00909627126959 -0.00438951580359 0.0205
v 0.0093429113541 -0.00383666618687 0.0205
v 0.00955598674518 -0.0032700332301 0.0205
v 0.00973473196302 -0.00269165257941 0.0205
v 0.00987850485997 -0.0021036020849 0.0205
v 0.00998678892753 -0.00150799433587 0.0205
v 0.0100591951519 -0.000906969071287 0.0205
v 0.0100954634115 -0.000302685492711 0.0205
v 0.0100954634115 0.000302685492711 0.0205
v 0.0100591951519 0.000906969071287 0.0205
v 0.00998678892753 0.00150799433587 0.0205
v 0.00987850485997 0.0021036020849 0.0205
v 0.00973473196302 0.00269165257941 0.0205
v 0.00955598674518 0.0032700332301 0.0205
v 0.0093429113541 0.00383666618687 0.0205
v 0.00909627126959 0.00438951580359 0.0205
v 0.00881695255368 0.00492659595118 0.0205
v 0.00850595866735 0.00544597715285 0.0205
v 0.0081644068656 0.00594579351584 0.0205
v 0.00779352418367 0.00642424943465 0.0205
v 0.0073946430289 0.00687962604181 0.0205
v 0.00696919639396 0.00731028738302 0.0205
v 0.00651871270885 0.0077146862943 0.0205
v 0.00604481034992 0.00809136996024 0.0205
v 0.00554919182581 0.00843898513332 0.0205
v 0.00503363766116 0.00875628299543 0.0205
v 0.0045 0.00904212364437 0.0205
v 0.0045 -0.014 0.0205
v -0.0045 -0.014 0.0205
v -0.00449209679294 -0.0142665828255 0.0205
v -0.00446841493206 -0.0145322292691 0.0205
v -0.00442903760076 -0.0147960062381 0.0205
v -0.00437410311336 -0.015056987206 0.0205
v -0.00430380442924 -0.0153142554679 0.0205
v -0.0042183884751 -0.0155669073595 0.0205
v -0.00411815527759 -0.0158140554318 0.0205
v -0.00400345690948 -0.0160548315683 0.0205
v -0.00387469625295 -0.0162883900339 0.0205
v -0.00373232558453 -0.0165139104461 0.0205
v -0.00357684498636 -0.0167306006562 0.0205
v -0.00340880058973 -0.0169376995319 0.0205
v -0.0032287826567 -0.0171344796308 0.0205
v -0.00303742350683 -0.0173202497557 0.0205
v -0.00283539529612 -0.0174943573822 0.0205
v -0.00262340765602 -0.017656190951 0.0205
v -0.00240220520084 -0.0178051820158 0.0205
v -0.00217256491229 -0.0179408072399 0.0205
v -0.00193529341024 -0.0180625902348 0.0205
v -0.00169122411951 -0.0181701032334 0.0205
v -0.00144121434238 -0.0182629685923 0.0205
v -0.00118614224731 -0.0183408601186 0.0205
v -0.000926903784335 -0.0184035042153 0.0205
v -0.000664409538011 -0.0184506808429 0.0205
v -0.000399581528953 -0.0184822242918 0.0205
v -0.000133349975202 -0.0184980237643 0.0205
v 0.000133349975202 -0.0184980237643 0.0205
v 0.000399581528953 -0.0184822242918 0.0205
v 0.000664409538011 -0.0184506808429 0.0205
v 0.000926903784335 -0.0184035042153 0.0205
v 0.00118614224731 -0.0183408601186 0.0205
v 0.00144121434238 -0.0182629685923 0.0205
v 0.00169122411951 -0.0181701032334 0.0205
v 0.00193529341024 -0.0180625902348 0.0205
v 0.00217256491229 -0.0179408072399 0.0205
v 0.00240220520084 -0.0178051820158 0.0205
v 0.00262340765602 -0.017656190951 0.0205
v 0.00283539529612 -0.0174943573822 0.0205
v 0.00303742350683 -0.0173202497557 0.0205
v 0.0032287826567 -0.0171344796308 0.0205
v 0.00340880058973 -0.0169376995319 0.0205
v 0.00357684498636 -0.0167306006562 0.0205
v 0.00373232558453 -0.0165139104461 0.0205
v 0.00387469625295 -0.0162883900339 0.0205
v 0.00400345690948 -0.0160548315683 0.0205
v 0.00411815527759 -0.0158140554318 0.0205
v 0.0042183884751 -0.0155669073595 0.0205
v 0.00430380442924 -0.0153142554679 0.0205
v 0.00437410311336 -0.015056987206 0.0205
v 0.00442903760076 -0.0147960062381 0.0205
v 0.00446841493206 -0.0145322292691 0.0205
v 0.00449209679294 -0.0142665828255 0.0205
v -0.0045 -0.00904212364437 0.0205
v -0.0045 0.00904212364437 0.0205
v -0.00503363766116 0.00875628299543 0.0205
v -0.00554919182581 0.00843898513332 0.0205
v -0.00604481034992 0.00809136996024 0.0205
v -0.00651871270885 0.0077146862943 0.0205
v -0.00696919639396 0.00731028738302 0.0205
v -0.0073946430289 0.00687962604181 0.0205
v -0.00779352418367 0.00642424943465 0.0205
v -0.0081644068656 0.00594579351584 0.0205
v -0.00850595866735 0.00544597715285 0.0205
v -0.00881695255368 0.00492659595118 0.0205
v -0.00909627126959 0.00438951580359 0.0205
v -0.0093429113541 0.00383666618687 0.0205
v -0.00955598674518 0.0032700332301 0.0205
v -0.00973473196302 0.00269165257941 0.0205
v -0.00987850485997 0.0021036020849 0.0205
v -0.00998678892753 0.00150799433587 0.0205
v -0.0100591951519 0.000906969071287 0.0205
v -0.0100954634115 0.000302685492711 0.0205
v -0.0100954634115 -0.000302685492711 0.0205
v -0.0100591951519 -0.000906969071287 0.0205
v -0.00998678892753 -0.00150799433587 0.0205
v -0.00987850485997 -0.0021036020849 0.0205
v -0.00973473196302 -0.00269165257941 0.0205
v -0.00955598674518 -0.0032700332301 0.0205
v -0.0093429113541 -0.00383666618687 0.0205
v -0.00909627126959 -0.00438951580359 0.0205
v -0.00881695255368 -0.00492659595118 0.0205
v -0.00850595866735 -0.00544597715285 0.0205
v -0.00816440686559 -0.00594579351584 0.0205
v -0.00779352418367 -0.00642424943465 0.0205
v -0.0073946430289 -0.00687962604181 0.0205
v -0.00696919639396 -0.00731028738303 0.0205
v -0.00651871270885 -0.0077146862943 0.0205
v -0.00604481034992 -0.00809136996024 0.0205
v -0.00554919182581 -0.00843898513332 0.0205
v -0.00503363766116 -0.00875628299544 0.0205
v -0.0045 0.014 0.0205
v -0.00449209679294 0.0142665828255 0.0205
v -0.00446841493206 0.0145322292691 0.0205
v -0.00442903760076 0.0147960062381 0.0205
v -0.00437410311336 0.015056987206 0.0205
v -0.00430380442924 0.0153142554679 0.0205
v -0.0042183884751 0.0155669073595 0.0205
v -0.00411815527759 0.0158140554318 0.0205
v -0.00400345690948 0.0160548315683 0.0205
v -0.00387469625295 0.0162883900339 0.0205
v -0.00373232558453 0.0165139104461 0.0205
v -0.00357684498636 0.0167306006562 0.0205
v -0.00340880058973 0.0169376995319 0.0205
v -0.0032287826567 0.0171344796308 0.0205
v -0.00303742350683 0.0173202497557 0.0205
v -0.00283539529612 0.0174943573822 0.0205
v -0.00262340765602 0.017656190951 0.0205
v -0.00240220520084 0.0178051820158 0.0205
v -0.00217256491229 0.0179408072399 0.0205
v -0.00193529341024 0.0180625902348 0.0205
v -0.00169122411951 0.0181701032334 0.0205
v -0.00144121434238 0.0182629685923 0.0205
v -0.00118614224731 0.0183408601186 0.0205
v -0.000926903784335 0.0184035042153 0.0205
v -0.000664409538011 0.0184506808429 0.0205
v -0.000399581528953 0.0184822242918 0.0205
v -0.000133349975202 0.0184980237643 0.0205
v 0.000133349975202 0.0184980237643 0.0205
v 0.000399581528953 0.0184822242918 0.0205
v 0.000664409538011 0.0184506808429 0.0205
v 0.000926903784335 0.0184035042153 0.0205
v 0.00118614224731 0.0183408601186 0.0205
v 0.00144121434238 0.0182629685923 0.0205
v 0.00169122411951 0.0181701032334 0.0205
v 0.00193529341024 0.0180625902348 0.0205
v 0.00217256491229 0.0179408072399 0.0205
v 0.00240220520084 0.0178051820158 0.0205
v 0.00262340765602 0.017656190951 0.0205
v 0.00283539529612 0.0174943573822 0.0205
v 0.00303742350683 0.0173202497557 0.0205
v 0.0032287826567 0.0171344796308 0.0205
v 0.00340880058973 0.0169376995319 0.0205
v 0.00357684498636 0.0167306006562 0.0205
v 0.00373232558453 0.0165139104461 0.0205
v 0.00387469625295 0.0162883900339 0.0205
v 0.00400345690948 0.0160548315683 0.0205
v 0.00411815527759 0.0158140554318 0.0205
v 0.0042183884751 0.0155669073595 0.0205
v 0.00430380442924 0.0153142554679 0.0205
v 0.00437410311336 0.015056987206 0.0205
v 0.00442903760076 0.0147960062381 0.0205
v 0.00446841493206 0.0145322292691 0.0205
v 0.00449209679294 0.0142665828255 0.0205
v 0.0045 0.014 0.0205
v 0.008 0.00115 0.0205
v 0.00793122522296 0.00114794164923 0.0205
v 0.00786269664178 0.00114177396529 0.0205
v 0.00779465957098 0.00113151902689 0.0205
v 0.00772735756563 0.00111721354404 0.0205
v 0.00766103154943 0.00109890872665 0.0205
v 0.00759591895231 0.00107667010124 0.0205
v 0.00753225286046 0.00105057727629 0.0205
v 0.00747026118198 0.00102072365736 0.0205
v 0.00741016583098 0.000987216112642 0.0205
v 0.00735218193323 0.000950174590463 0.0205
v 0.00729651705602 0.000909731689855 0.0205
v 0.00724337046517 0.000866032185904 0.0205
v 0.00719293241168 0.000819232511494 0.0205
v 0.0071453834507 0.000769500197313 0.0205
v 0.00710089379516 0.000717013272138 0.0205
v 0.00705962270649 0.000661959625539 0.0205
v 0.00702171792446 0.000604536335282 0.0205
v 0.00698731513836 0.000544948961844 0.0205
v 0.00695653750125 0.000483410812556 0.0205
v 0.00692949518906 0.000420142178021 0.0205
v 0.00690628500626 0.000355369543531 0.0205
v 0.00688699003928 0.000289324778306 0.0205
v 0.0068716793591 0.000222244305465 0.0205
v 0.00686040777397 0.00015436825569 0.0205
v 0.00685321563324 8.59396076244e-05 0.0205
v 0.00685012868292 1.72033180676e-05 0.0205
v 0.00685115797348 -5.15945549031e-05 0.0205
v 0.00685629982033 -0.000120207732758 0.0205
v 0.00686553581699 -0.000188390598127 0.0205
v 0.00687883290099 -0.00025589907405 0.0205
v 0.00689614347223 -0.000322491497702 0.0205
v 0.00691740556334 -0.00038792948549 0.0205
v 0.00694254306157 -0.000451978786402 0.0205
v 0.00697146598118 -0.000514410120563 0.0205
v 0.00700407078565 -0.000575 0.0205
v 0.00704024075822 -0.00063353152867 0.0205
v 0.00707984641979 -0.000689795178891 0.0205
v 0.00712274599236 -0.000743589541398 0.0205
v 0.0071687859066 -0.000794722046335 0.0205
v 0.00721780135156 -0.000843009652604 0.0205
v 0.00726961686468 -0.000888279503108 0.0205
v 0.00732404695986 -0.000930369543531 0.0205
v 0.0073808967915 -0.000969129102452 0.0205
v 0.00743996285193 -0.00100441943071 0.0205
v 0.00750103370001 -0.00103611419809 0.0205
v 0.00756389071795 -0.00106409994555 0.0205
v 0.00762830889393 -0.00108827649137 0.0205
v 0.0076940576276 -0.0011085572898 0.0205
v 0.00776090155556 -0.00112486974084 0.0205
v 0.0078286013939 -0.00113715545016 0.0205
v 0.00789691479476 -0.00114537043809 0.0205
v 0.00796559721391 -0.00114948529713 0.0205
v 0.00803440278609 -0.00114948529713 0.0205
v 0.00810308520524 -0.00114537043809 0.0205
v 0.0081713986061 -0.00113715545016 0.0205
v 0.00823909844444 -0.00112486974084 0.0205
v 0.0083059423724 -0.0011085572898 0.0205
v 0.00837169110607 -0.00108827649137 0.0205
v 0.00843610928205 -0.00106409994555 0.0205
v 0.00849896629999 -0.00103611419809 0.0205
v 0.00856003714807 -0.00100441943071 0.0205
v 0.0086191032085 -0.000969129102452 0.0205
v 0.00867595304014 -0.000930369543531 0.0205
v 0.00873038313532 -0.000888279503108 0.0205
v 0.00878219864844 -0.000843009652604 0.0205
v 0.0088312140934 -0.000794722046335 0.0205
v 0.00887725400764 -0.000743589541398 0.0205
v 0.00892015358021 -0.000689795178891 0.0205
v 0.00895975924178 -0.00063353152867 0.0205
v 0.00899592921435 -0.000575 0.0205
v 0.00902853401882 -0.000514410120563 0.0205
v 0.00905745693843 -0.000451978786402 0.0205
v 0.00908259443666 -0.00038792948549 0.0205
v 0.00910385652777 -0.000322491497702 0.0205
v 0.00912116709901 -0.00025589907405 0.0205
v 0.00913446418301 -0.000188390598127 0.0205
v 0.00914370017967 -0.000120207732758 0.0205
v 0.00914884202652 -5.15945549031e-05 0.0205
v 0.00914987131708 1.72033180676e-05 0.0205
v 0.00914678436676 8.59396076244e-05 0.0205
v 0.00913959222603 0.00015436825569 0.0205
v 0.0091283206409 0.000222244305465 0.0205
v 0.00911300996072 0.000289324778306 0.0205
v 0.00909371499374 0.000355369543531 0.0205
v 0.00907050481094 0.000420142178021 0.0205
v 0.00904346249875 0.000483410812556 0.0205
v 0.00901268486164 0.000544948961844 0.0205
v 0.00897828207554 0.000604536335282 0.0205
v 0.00894037729351 0.000661959625539 0.0205
v 0.00889910620484 0.000717013272138 0.0205
v 0.0088546165493 0.000769500197313 0.0205
v 0.00880706758832 0.000819232511494 0.0205
v 0.00875662953483 0.000866032185904 0.0205
v 0.00870348294398 0.000909731689855 0.0205
v 0.00864781806677 0.000950174590463 0.0205
v 0.00858983416902 0.000987216112642 0.0205
v 0.00852973881802 0.00102072365736 0.0205
v 0.00846774713954 0.00105057727629 0.0205
v 0.00840408104769 0.00107667010124 0.0205
v 0.00833896845057 0.00109890872665 0.0205
v 0.00827264243437 0.00111721354404 0.0205
v 0.00820534042902 0.00113151902689 0.0205
v 0.00813730335822 0.00114177396529 0.0205
v 0.00806877477704 0.00114794164923 0.0205
v 0.002175 0.0152557368355 0.0205
v 1.833141824e-18 0.016511473671 0.0205
v -0.002175 0.0152557368355 0.0205
v -0.002175 0.0127442631645 0.0205
v 9.67915825719e-19 0.011488526329 0.0205
v 0.002175 0.0127442631645 0.0205
v 1.29752283134e-18 0.00915 0.0205
v -6.87747770368e-05 0.00914794164923 0.0205
v -0.000137303358221 0.00914177396529 0.0205
v -0.000205340429018 0.00913151902689 0.0205
v -0.000272642434373 0.00911721354404 0.0205
v -0.000338968450573 0.00909890872665 0.0205
v -0.000404081047694 0.00907667010124 0.0205
v -0.000467747139537 0.00905057727629 0.0205
v -0.000529738818018 0.00902072365736 0.0205
v -0.000589834169017 0.00898721611264 0.0205
v -0.000647818066773 0.00895017459046 0.0205
v -0.000703482943982 0.00890973168985 0.0205
v -0.000756629534831 0.0088660321859 0.0205
v -0.000807067588317 0.00881923251149 0.0205
v -0.000854616549299 0.00876950019731 0.0205
v -0.000899106204838 0.00871701327214 0.0205
v -0.000940377293514 0.00866195962554 0.0205
v -0.00097828207554 0.00860453633528 0.0205
v -0.00101268486164 0.00854494896184 0.0205
v -0.00104346249875 0.00848341081256 0.0205
v -0.00107050481094 0.00842014217802 0.0205
v -0.00109371499374 0.00835536954353 0.0205
v -0.00111300996072 0.00828932477831 0.0205
v -0.0011283206409 0.00822224430546 0.0205
v -0.00113959222603 0.00815436825569 0.0205
v -0.00114678436676 0.00808593960762 0.0205
v -0.00114987131708 0.00801720331807 0.0205
v -0.00114884202652 0.0079484054451 0.0205
v -0.00114370017967 0.00787979226724 0.0205
v -0.00113446418301 0.00781160940187 0.0205
v -0.00112116709901 0.00774410092595 0.0205
v -0.00110385652777 0.0076775085023 0.0205
v -0.00108259443666 0.00761207051451 0.0205
v -0.00105745693843 0.0075480212136 0.0205
v -0.00102853401882 0.00748558987944 0.0205
v -0.000995929214352 0.007425 0.0205
v -0.000959759241779 0.00736646847133 0.0205
v -0.000920153580213 0.00731020482111 0.0205
v -0.000877254007642 0.0072564104586 0.0205
v -0.000831214093401 0.00720527795367 0.0205
v -0.000782198648437 0.0071569903474 0.0205
v -0.000730383135319 0.00711172049689 0.0205
v -0.000675953040136 0.00706963045647 0.0205
v -0.000619103208504 0.00703087089755 0.0205
v -0.000560037148065 0.00699558056929 0.0205
v -0.000498966299985 0.00696388580191 0.0205
v -0.000436109282051 0.00693590005445 0.0205
v -0.000371691106073 0.00691172350863 0.0205
v -0.000305942372402 0.0068914427102 0.0205
v -0.00023909844444 0.00687513025916 0.0205
v -0.000171398606103 0.00686284454984 0.0205
v -0.000103085205239 0.00685462956191 0.0205
v -3.44027860948e-05 0.00685051470287 0.0205
v 3.44027860948e-05 0.00685051470287 0.0205
v 0.000103085205239 0.00685462956191 0.0205
v 0.000171398606103 0.00686284454984 0.0205
v 0.00023909844444 0.00687513025916 0.0205
v 0.000305942372402 0.0068914427102 0.0205
v 0.000371691106073 0.00691172350863 0.0205
v 0.000436109282051 0.00693590005445 0.0205
v 0.000498966299985 0.00696388580191 0.0205
v 0.000560037148065 0.00699558056929 0.0205
v 0.000619103208504 0.00703087089755 0.0205
v 0.000675953040136 0.00706963045647 0.0205
v 0.000730383135319 0.00711172049689 0.0205
v 0.000782198648437 0.0071569903474 0.0205
v 0.000831214093402 0.00720527795367 0.0205
v 0.000877254007642 0.0072564104586 0.0205
v 0.000920153580213 0.00731020482111 0.0205
v 0.00095975924178 0.00736646847133 0.0205
v 0.000995929214352 0.007425 0.0205
v 0.00102853401882 0.00748558987944 0.0205
v 0.00105745693843 0.0075480212136 0.0205
v 0.00108259443666 0.00761207051451 0.0205
v 0.00110385652777 0.0076775085023 0.0205
v 0.00112116709901 0.00774410092595 0.0205
v 0.00113446418301 0.00781160940187 0.0205
v 0.00114370017967 0.00787979226724 0.0205
v 0.00114884202652 0.0079484054451 0.0205
v 0.00114987131708 0.00801720331807 0.0205
v 0.00114678436676 0.00808593960762 0.0205
v 0.00113959222603 0.00815436825569 0.0205
v 0.0011283206409 0.00822224430546 0.0205
v 0.00111300996072 0.00828932477831 0.0205
v 0.00109371499374 0.00835536954353 0.0205
v 0.00107050481094 0.00842014217802 0.0205
v 0.00104346249875 0.00848341081256 0.0205
v 0.00101268486164 0.00854494896184 0.0205
v 0.00097828207554 0.00860453633528 0.0205
v 0.000940377293514 0.00866195962554 0.0205
v 0.000899106204838 0.00871701327214 0.0205
v 0.000854616549299 0.00876950019731 0.0205
v 0.000807067588317 0.00881923251149 0.0205
v 0.000756629534831 0.0088660321859 0.0205
v 0.000703482943982 0.00890973168985 0.0205
v 0.000647818066773 0.00895017459046 0.0205
v 0.000589834169017 0.00898721611264 0.0205
v 0.000529738818018 0.00902072365736 0.0205
v 0.000467747139537 0.00905057727629 0.0205
v 0.000404081047694 0.00907667010124 0.0205
v 0.000338968450573 0.00909890872665 0.0205
v 0.000272642434373 0.00911721354404 0.0205
v 0.000205340429018 0.00913151902689 0.0205
v 0.000137303358221 0.00914177396529 0.0205
v 6.87747770368e-05 0.00914794164923 0.0205
v 1.53059214786e-18 0.0043 0.0205
v -0.000257157861964 0.004292303558 0.0205
v -0.000513395165523 0.00426924178327 0.0205
v -0.000767794647634 0.00423089723097 0.0205
v -0.00101944562418 0.00417740716466 0.0205
v -0.00126744724997 0.00410896306488 0.0205
v -0.00151091174355 0.00402580994375 0.0205
v -0.00174896756523 0.00392824546786 0.0205
v -0.00198076253694 0.00381661889272 0.0205
v -0.00220546689285 0.00369132981249 0.0205
v -0.00242227624967 0.00355282672956 0.0205
v -0.00263041448619 0.00340160544902 0.0205
v -0.00282913652154 0.00323820730382 0.0205
v -0.0030177309824 0.00306321721689 0.0205
v -0.00319552274955 0.00287726160734 0.0205
v -0.00336187537461 0.00268100614799 0.0205
v -0.00351619335836 0.00247515338245 0.0205
v -0.00365792428246 0.00226044021019 0.0205
v -0.00378656078698 0.00203763524863 0.0205
v -0.00390164238664 0.00180753608173 0.0205
v -0.00400275711917 0.00157096640478 0.0205
v -0.00408954302007 0.00132877307581 0.0205
v -0.00416168941834 0.0010818230841 0.0205
v -0.00421893804859 0.000831000446521 0.0205
v -0.0042610839756 0.000577203043016 0.0205
v -0.00428797632788 0.000321339402422 0.0205
v -0.00429951883778 6.43254501656e-05 0.0205
v -0.00429567018613 -0.000192918770507 0.0205
v -0.00427644415008 -0.000449472392051 0.0205
v -0.00424190955387 -0.000704417019085 0.0205
v -0.00419219002238 -0.000956840016012 0.0205
v -0.00412746353863 -0.00120583777402 0.0205
v -0.00404796180664 -0.00145051894575 0.0205
v -0.00395396942197 -0.00169000763611 0.0205
v -0.00384582285297 -0.00192344653776 0.0205
v -0.00372390923627 -0.00215 0.0205
v -0.003588664991 -0.00236885702024 0.0205
v -0.00344057425645 -0.00257923414716 0.0205
v -0.00328016715901 -0.00278037828523 0.0205
v -0.00310801791446 -0.00297156939064 0.0205
v -0.00292474277241 -0.00315212304887 0.0205
v -0.00273099781032 -0.00332139292467 0.0205
v -0.00252747658486 -0.00347877307581 0.0205
v -0.00231490764919 -0.00362370012221 0.0205
v -0.00209405194494 -0.00375565526265 0.0205
v -0.00186570007821 -0.00387416613198 0.0205
v -0.00163066948941 -0.00397880849204 0.0205
v -0.00138980152705 -0.00406920775034 0.0205
v -0.00114395843594 -0.00414504030099 0.0205
v -0.000894020270516 -0.00420603468316 0.0205
v -0.000640881744558 -0.00425197255277 0.0205
v -0.000385449028285 -0.00428268946418 0.0205
v -0.000128636504528 -0.00429807545882 0.0205
v 0.000128636504528 -0.00429807545882 0.0205
v 0.000385449028285 -0.00428268946418 0.0205
v 0.000640881744558 -0.00425197255277 0.0205
v 0.000894020270516 -0.00420603468316 0.0205
v 0.00114395843594 -0.00414504030099 0.0205
v 0.00138980152705 -0.00406920775034 0.0205
v 0.00163066948941 -0.00397880849204 0.0205
v 0.00186570007821 -0.00387416613198 0.0205
v 0.00209405194494 -0.00375565526265 0.0205
v 0.00231490764919 -0.00362370012221 0.0205
v 0.00252747658486 -0.00347877307581 0.0205
v 0.00273099781032 -0.00332139292467 0.0205
v 0.00292474277241 -0.00315212304887 0.0205
v 0.00310801791446 -0.00297156939064 0.0205
v 0.00328016715901 -0.00278037828523 0.0205
v 0.00344057425645 -0.00257923414716 0.0205
v 0.003588664991 -0.00236885702024 0.0205
v 0.00372390923627 -0.00215 0.0205
v 0.00384582285297 -0.00192344653776 0.0205
v 0.00395396942197 -0.00169000763611 0.0205
v 0.00404796180664 -0.00145051894575 0.0205
v 0.00412746353863 -0.00120583777402 0.0205
v 0.00419219002238 -0.000956840016012 0.0205
v 0.00424190955387 -0.000704417019085 0.0205
v 0.00427644415008 -0.000449472392051 0.0205
v 0.00429567018613 -0.000192918770507 0.0205
v 0.00429951883778 6.43254501656e-05 0.0205
v 0.00428797632788 0.000321339402422 0.0205
v 0.0042610839756 0.000577203043016 0.0205
v 0.00421893804859 0.000831000446521 0.0205
v 0.00416168941834 0.0010818230841 0.0205
v 0.00408954302007 0.00132877307581 0.0205
v 0.00400275711917 0.00157096640478 0.0205
v 0.00390164238664 0.00180753608173 0.0205
v 0.00378656078698 0.00203763524863 0.0205
v 0.00365792428246 0.00226044021019 0.0205
v 0.00351619335836 0.00247515338245 0.0205
v 0.00336187537461 0.00268100614799 0.0205
v 0.00319552274955 0.00287726160734 0.0205
v 0.0030177309824 0.00306321721689 0.0205
v 0.00282913652154 0.00323820730382 0.0205
v 0.00263041448619 0.00340160544902 0.0205
v 0.00242227624967 0.00355282672956 0.0205
v 0.00220546689285 0.00369132981249 0.0205
v 0.00198076253694 0.00381661889272 0.0205
v 0.00174896756523 0.00392824546786 0.0205
v 0.00151091174355 0.00402580994375 0.0205
v 0.00126744724997 0.00410896306488 0.0205
v 0.00101944562418 0.00417740716466 0.0205
v 0.000767794647634 0.00423089723097 0.0205
v 0.000513395165523 0.00426924178327 0.0205
v 0.000257157861964 0.004292303558 0.0205
v -4.78834008064e-19 -0.00685 0.0205
v -6.87747770368e-05 -0.00685205835077 0.0205
v -0.000137303358221 -0.00685822603471 0.0205
v -0.000205340429018 -0.00686848097311 0.0205
v -0.000272642434373 -0.00688278645596 0.0205
v -0.000338968450573 -0.00690109127335 0.0205
v -0.000404081047694 -0.00692332989876 0.0205
v -0.000467747139537 -0.00694942272371 0.0205
v -0.000529738818018 -0.00697927634264 0.0205
v -0.000589834169017 -0.00701278388736 0.0205
v -0.000647818066773 -0.00704982540954 0.0205
v -0.000703482943982 -0.00709026831015 0.0205
v -0.000756629534831 -0.0071339678141 0.0205
v -0.000807067588317 -0.00718076748851 0.0205
v -0.000854616549299 -0.00723049980269 0.0205
v -0.000899106204838 -0.00728298672786 0.0205
v -0.000940377293514 -0.00733804037446 0.0205
v -0.00097828207554 -0.00739546366472 0.0205
v -0.00101268486164 -0.00745505103816 0.0205
v -0.00104346249875 -0.00751658918744 0.0205
v -0.00107050481094 -0.00757985782198 0.0205
v -0.00109371499374 -0.00764463045647 0.0205
v -0.00111300996072 -0.00771067522169 0.0205
v -0.0011283206409 -0.00777775569454 0.0205
v -0.00113959222603 -0.00784563174431 0.0205
v -0.00114678436676 -0.00791406039238 0.0205
v -0.00114987131708 -0.00798279668193 0.0205
v -0.00114884202652 -0.0080515945549 0.0205
v -0.00114370017967 -0.00812020773276 0.0205
v -0.00113446418301 -0.00818839059813 0.0205
v -0.00112116709901 -0.00825589907405 0.0205
v -0.00110385652777 -0.0083224914977 0.0205
v -0.00108259443666 -0.00838792948549 0.0205
v -0.00105745693843 -0.0084519787864 0.0205
v -0.00102853401882 -0.00851441012056 0.0205
v -0.000995929214352 -0.008575 0.0205
v -0.000959759241779 -0.00863353152867 0.0205
v -0.000920153580213 -0.00868979517889 0.0205
v -0.000877254007642 -0.0087435895414 0.0205
v -0.000831214093402 -0.00879472204633 0.0205
v -0.000782198648437 -0.0088430096526 0.0205
v -0.000730383135319 -0.00888827950311 0.0205
v -0.000675953040136 -0.00893036954353 0.0205
v -0.000619103208504 -0.00896912910245 0.0205
v -0.000560037148065 -0.00900441943071 0.0205
v -0.000498966299985 -0.00903611419809 0.0205
v -0.000436109282051 -0.00906409994555 0.0205
v -0.000371691106073 -0.00908827649137 0.0205
v -0.000305942372402 -0.0091085572898 0.0205
v -0.00023909844444 -0.00912486974084 0.0205
v -0.000171398606103 -0.00913715545016 0.0205
v -0.000103085205239 -0.00914537043809 0.0205
v -3.44027860948e-05 -0.00914948529713 0.0205
v 3.44027860948e-05 -0.00914948529713 0.0205
v 0.000103085205239 -0.00914537043809 0.0205
v 0.000171398606103 -0.00913715545016 0.0205
v 0.00023909844444 -0.00912486974084 0.0205
v 0.000305942372402 -0.0091085572898 0.0205
v 0.000371691106073 -0.00908827649137 0.0205
v 0.000436109282051 -0.00906409994555 0.0205
v 0.000498966299985 -0.00903611419809 0.0205
v 0.000560037148065 -0.00900441943071 0.0205
v 0.000619103208504 -0.00896912910245 0.0205
v 0.000675953040136 -0.00893036954353 0.0205
v 0.000730383135319 -0.00888827950311 0.0205
v 0.000782198648437 -0.0088430096526 0.0205
v 0.000831214093402 -0.00879472204633 0.0205
v 0.000877254007642 -0.0087435895414 0.0205
v 0.000920153580213 -0.00868979517889 0.0205
v 0.000959759241779 -0.00863353152867 0.0205
v 0.000995929214352 -0.008575 0.0205
v 0.00102853401882 -0.00851441012056 0.0205
v 0.00105745693843 -0.0084519787864 0.0205
v 0.00108259443666 -0.00838792948549 0.0205
v 0.00110385652777 -0.0083224914977 0.0205
v 0.00112116709901 -0.00825589907405 0.0205
v 0.00113446418301 -0.00818839059813 0.0205
v 0.00114370017967 -0.00812020773276 0.0205
v 0.00114884202652 -0.0080515945549 0.0205
v 0.00114987131708 -0.00798279668193 0.0205
v 0.00114678436676 -0.00791406039238 0.0205
v 0.00113959222603 -0.00784563174431 0.0205
v 0.0011283206409 -0.00777775569454 0.0205
v 0.00111300996072 -0.00771067522169 0.0205
v 0.00109371499374 -0.00764463045647 0.0205
v 0.00107050481094 -0.00757985782198 0.0205
v 0.00104346249875 -0.00751658918744 0.0205
v 0.00101268486164 -0.00745505103816 0.0205
v 0.00097828207554 -0.00739546366472 0.0205
v 0.000940377293514 -0.00733804037446 0.0205
v 0.000899106204838 -0.00728298672786 0.0205
v 0.000854616549299 -0.00723049980269 0.0205
v 0.000807067588317 -0.00718076748851 0.0205
v 0.000756629534831 -0.0071339678141 0.0205
v 0.000703482943982 -0.00709026831015 0.0205
v 0.000647818066773 -0.00704982540954 0.0205
v 0.000589834169017 -0.00701278388736 0.0205
v 0.000529738818018 -0.00697927634264 0.0205
v 0.000467747139537 -0.00694942272371 0.0205
v 0.000404081047694 -0.00692332989876 0.0205
v 0.000338968450573 -0.00690109127335 0.0205
v 0.000272642434373 -0.00688278645596 0.0205
v 0.000205340429018 -0.00686848097311 0.0205
v 0.000137303358221 -0.00685822603471 0.0205
v 6.87747770368e-05 -0.00685205835077 0.0205
v 0.002175 -0.0127442631645 0.0205
v -1.27548264495e-18 -0.011488526329 0.0205
v -0.002175 -0.0127442631645 0.0205
v -0.002175 -0.0152557368355 0.0205
v -2.14070864323e-18 -0.016511473671 0.0205
v 0.002175 -0.0152557368355 0.0205
v -0.008 0.00115 0.0205
v -0.00806877477704 0.00114794164923 0.0205
v -0.00813730335822 0.00114177396529 0.0205
v -0.00820534042902 0.00113151902689 0.0205
v -0.00827264243437 0.00111721354404 0.0205
v -0.00833896845057 0.00109890872665 0.0205
v -0.00840408104769 0.00107667010124 0.0205
v -0.00846774713954 0.00105057727629 0.0205
v -0.00852973881802 0.00102072365736 0.0205
v -0.00858983416902 0.000987216112642 0.0205
v -0.00864781806677 0.000950174590463 0.0205
v -0.00870348294398 0.000909731689855 0.0205
v -0.00875662953483 0.000866032185904 0.0205
v -0.00880706758832 0.000819232511494 0.0205
v -0.0088546165493 0.000769500197313 0.0205
v -0.00889910620484 0.000717013272138 0.0205
v -0.00894037729351 0.000661959625539 0.0205
v -0.00897828207554 0.000604536335282 0.0205
v -0.00901268486164 0.000544948961844 0.0205
v -0.00904346249875 0.000483410812556 0.0205
v -0.00907050481094 0.000420142178021 0.0205
v -0.00909371499374 0.000355369543531 0.0205
v -0.00911300996072 0.000289324778306 0.0205
v -0.0091283206409 0.000222244305465 0.0205
v -0.00913959222603 0.00015436825569 0.0205
v -0.00914678436676 8.59396076244e-05 0.0205
v -0.00914987131708 1.72033180676e-05 0.0205
v -0.00914884202652 -5.15945549031e-05 0.0205
v -0.00914370017967 -0.000120207732758 0.0205
v -0.00913446418301 -0.000188390598127 0.0205
v -0.00912116709901 -0.00025589907405 0.0205
v -0.00910385652777 -0.000322491497702 0.0205
v -0.00908259443666 -0.00038792948549 0.0205
v -0.00905745693843 -0.000451978786402 0.0205
v -0.00902853401882 -0.000514410120563 0.0205
v -0.00899592921435 -0.000575 0.0205
v -0.00895975924178 -0.00063353152867 0.0205
v -0.00892015358021 -0.000689795178891 0.0205
v -0.00887725400764 -0.000743589541398 0.0205
v -0.0088312140934 -0.000794722046335 0.0205
v -0.00878219864844 -0.000843009652604 0.0205
v -0.00873038313532 -0.000888279503108 0.0205
v -0.00867595304014 -0.000930369543531 0.0205
v -0.0086191032085 -0.000969129102452 0.0205
v -0.00856003714807 -0.00100441943071 0.0205
v -0.00849896629999 -0.00103611419809 0.0205
v -0.00843610928205 -0.00106409994555 0.0205
v -0.00837169110607 -0.00108827649137 0.0205
v -0.0083059423724 -0.0011085572898 0.0205
v -0.00823909844444 -0.00112486974084 0.0205
v -0.0081713986061 -0.00113715545016 0.0205
v -0.00810308520524 -0.00114537043809 0.0205
v -0.00803440278609 -0.00114948529713 0.0205
v -0.00796559721391 -0.00114948529713 0.0205
v -0.00789691479476 -0.00114537043809 0.0205
v -0.0078286013939 -0.00113715545016 0.0205
v -0.00776090155556 -0.00112486974084 0.0205
v -0.0076940576276 -0.0011085572898 0.0205
v -0.00762830889393 -0.00108827649137 0.0205
v -0.00756389071795 -0.00106409994555 0.0205
v -0.00750103370001 -0.00103611419809 0.0205
v -0.00743996285193 -0.00100441943071 0.0205
v -0.0073808967915 -0.000969129102452 0.0205
v -0.00732404695986 -0.000930369543531 0.0205
v -0.00726961686468 -0.000888279503108 0.0205
v -0.00721780135156 -0.000843009652604 0.0205
v -0.0071687859066 -0.000794722046335 0.0205
v -0.00712274599236 -0.000743589541398 0.0205
v -0.00707984641979 -0.000689795178891 0.0205
v -0.00704024075822 -0.00063353152867 0.0205
v -0.00700407078565 -0.000575 0.0205
v -0.00697146598118 -0.000514410120563 0.0205
v -0.00694254306157 -0.000451978786402 0.0205
v -0.00691740556334 -0.00038792948549 0.0205
v -0.00689614347223 -0.000322491497702 0.0205
v -0.00687883290099 -0.00025589907405 0.0205
v -0.00686553581699 -0.000188390598127 0.0205
v -0.00685629982033 -0.000120207732758 0.0205
v -0.00685115797348 -5.15945549031e-05 0.0205
v -0.00685012868292 1.72033180676e-05 0.0205
v -0.00685321563324 8.59396076244e-05 0.0205
v -0.00686040777397 0.00015436825569 0.0205
v -0.0068716793591 0.000222244305465 0.0205
v -0.00688699003928 0.000289324778306 0.0205
v -0.00690628500626 0.000355369543531 0.0205
v -0.00692949518906 0.000420142178021 0.0205
v -0.00695653750125 0.000483410812556 0.0205
v -0.00698731513836 0.000544948961844 0.0205
v -0.00702171792446 0.000604536335282 0.0205
v -0.00705962270649 0.000661959625539 0.0205
v -0.00710089379516 0.000717013272138 0.0205
v -0.0071453834507 0.000769500197313 0.0205
v -0.00719293241168 0.000819232511494 0.0205
v -0.00724337046517 0.000866032185904 0.0205
v -0.00729651705602 0.000909731689855 0.0205
v -0.00735218193323 0.000950174590463 0.0205
v -0.00741016583098 0.000987216112642 0.0205
v -0.00747026118198 0.00102072365736 0.0205
v -0.00753225286046 0.00105057727629 0.0205
v -0.00759591895231 0.00107667010124 0.0205
v -0.00766103154943 0.00109890872665 0.0205
v -0.00772735756563 0.00111721354404 0.0205
v -0.00779465957098 0.00113151902689 0.0205
v -0.00786269664178 0.00114177396529 0.0205
v -0.00793122522296 0.00114794164923 0.0205
v -0.0045 -0.00904212364437 0.0225
v -0.00503363766116 -0.00875628299544 0.0225
v -0.00554919182581 -0.00843898513332 0.0225
v -0.00604481034992 -0.00809136996024 0.0225
v -0.00651871270885 -0.0077146862943 0.0225
v -0.00696919639396 -0.00731028738303 0.0225
v -0.0073946430289 -0.00687962604181 0.0225
v -0.00779352418367 -0.00642424943465 0.0225
v -0.00816440686559 -0.00594579351584 0.0225
v -0.00850595866735 -0.00544597715285 0.0225
v -0.00881695255368 -0.00492659595118 0.0225
v -0.00909627126959 -0.00438951580359 0.0225
v -0.0093429113541 -0.00383666618687 0.0225
v -0.00955598674518 -0.0032700332301 0.0225
v -0.00973473196302 -0.00269165257941 0.0225
v -0.00987850485997 -0.0021036020849 0.0225
v -0.00998678892753 -0.00150799433587 0.0225
v -0.0100591951519 -0.000906969071287 0.0225
v -0.0100954634115 -0.000302685492711 0.0225
v -0.0100954634115 0.000302685492711 0.0225
v -0.0100591951519 0.000906969071287 0.0225
v -0.00998678892753 0.00150799433587 0.0225
v -0.00987850485997 0.0021036020849 0.0225
v -0.00973473196302 0.00269165257941 0.0225
v -0.00955598674518 0.0032700332301 0.0225
v -0.0093429113541 0.00383666618687 0.0225
v -0.00909627126959 0.00438951580359 0.0225
v -0.00881695255368 0.00492659595118 0.0225
v -0.00850595866735 0.00544597715285 0.0225
v -0.0081644068656 0.00594579351584 0.0225
v -0.00779352418367 0.00642424943465 0.0225
v -0.0073946430289 0.00687962604181 0.0225
v -0.00696919639396 0.00731028738302 0.0225
v -0.00651871270885 0.0077146862943 0.0225
v -0.00604481034992 0.00809136996024 0.0225
v -0.00554919182581 0.00843898513332 0.0225
v -0.00503363766116 0.00875628299543 0.0225
v -0.0045 0.00904212364437 0.0225
v -0.0045 0.00904212364437 0.0205
v -0.00503363766116 0.00875628299543 0.0205
v -0.00554919182581 0.00843898513332 0.0205
v -0.00604481034992 0.00809136996024 0.0205
v -0.00651871270885 0.0077146862943 0.0205
v -0.00696919639396 0.00731028738302 0.0205
v -0.0073946430289 0.00687962604181 0.0205
v -0.00779352418367 0.00642424943465 0.0205
v -0.0081644068656 0.00594579351584 0.0205
v -0.00850595866735 0.00544597715285 0.0205
v -0.00881695255368 0.00492659595118 0.0205
v -0.00909627126959 0.00438951580359 0.0205
v -0.0093429113541 0.00383666618687 0.0205
v -0.00955598674518 0.0032700332301 0.0205
v -0.00973473196302 0.00269165257941 0.0205
v -0.00987850485997 0.0021036020849 0.0205
v -0.00998678892753 0.00150799433587 0.0205
v -0.0100591951519 0.000906969071287 0.0205
v -0.0100954634115 0.000302685492711 0.0205
v -0.0100954634115 -0.000302685492711 0.0205
v -0.0100591951519 -0.000906969071287 0.0205
v -0.00998678892753 -0.00150799433587 0.0205
v -0.00987850485997 -0.0021036020849 0.0205
v -0.00973473196302 -0.00269165257941 0.0205
v -0.00955598674518 -0.0032700332301 0.0205
v -0.0093429113541 -0.00383666618687 0.0205
v -0.00909627126959 -0.00438951580359 0.0205
v -0.00881695255368 -0.00492659595118 0.0205
v -0.00850595866735 -0.00544597715285 0.0205
v -0.00816440686559 -0.00594579351584 0.0205
v -0.00779352418367 -0.00642424943465 0.0205
v -0.0073946430289 -0.00687962604181 0.0205
v -0.00696919639396 -0.00731028738303 0.0205
v -0.00651871270885 -0.0077146862943 0.0205
v -0.00604481034992 -0.00809136996024 0.0205
v -0.00554919182581 -0.00843898513332 0.0205
v -0.00503363766116 -0.00875628299544 0.0205
v -0.0045 -0.00904212364437 0.0205
v 0.0045 -0.00904212364437 0.0225
v 0.00503363766116 -0.00875628299544 0.0225
v 0.00554919182581 -0.00843898513332 0.0225
v 0.00604481034992 -0.00809136996024 0.0225
v 0.00651871270885 -0.0077146862943 0.0225
v 0.00696919639396 -0.00731028738303 0.0225
v 0.0073946430289 -0.00687962604181 0.0225
v 0.00779352418367 -0.00642424943465 0.0225
v 0.00816440686559 -0.00594579351584 0.0225
v 0.00850595866735 -0.00544597715285 0.0225
v 0.00881695255368 -0.00492659595118 0.0225
v 0.00909627126959 -0.00438951580359 0.0225
v 0.0093429113541 -0.00383666618687 0.0225
v 0.00955598674518 -0.0032700332301 0.0225
v 0.00973473196302 -0.00269165257941 0.0225
v 0.00987850485997 -0.0021036020849 0.0225
v 0.00998678892753 -0.00150799433587 0.0225
v 0.0100591951519 -0.000906969071287 0.0225
v 0.0100954634115 -0.000302685492711 0.0225
v 0.0100954634115 0.000302685492711 0.0225
v 0.0100591951519 0.000906969071287 0.0225
v 0.00998678892753 0.00150799433587 0.0225
v 0.00987850485997 0.0021036020849 0.0225
v 0.00973473196302 0.00269165257941 0.0225
v 0.00955598674518 0.0032700332301 0.0225
v 0.0093429113541 0.00383666618687 0.0225
v 0.00909627126959 0.00438951580359 0.0225
v 0.00881695255368 0.00492659595118 0.0225
v 0.00850595866735 0.00544597715285 0.0225
v 0.0081644068656 0.00594579351584 0.0225
v 0.00779352418367 0.00642424943465 0.0225
v 0.0073946430289 0.00687962604181 0.0225
v 0.00696919639396 0.00731028738302 0.0225
v 0.00651871270885 0.0077146862943 0.0225
v 0.00604481034992 0.00809136996024 0.0225
v 0.00554919182581 0.00843898513332 0.0225
v 0.00503363766116 0.00875628299543 0.0225
v 0.0045 0.00904212364437 0.0225
v 0.0045 -0.014 0.0225
v 0.00449246544735 -0.0137397036221 0.0225
v 0.00446988702028 -0.013480278896 0.0225
v 0.00443234032695 -0.0132225945549 0.0225
v 0.00437995109959 -0.0129675135036 0.0225
v 0.00431289477349 -0.0127158899297 0.0225
v 0.00423139589951 -0.0124685664423 0.0225
v 0.00413572739211 -0.0122263712513 0.0225
v 0.00402620961547 -0.0119901153933 0.0225
v 0.00390320931069 -0.0117605900159 0.0225
v 0.00376713836766 -0.0115385637284 0.0225
v 0.0036184524458 -0.0113247800282 0.0225
v 0.00345764944817 -0.0111199548105 0.0225
v 0.00328526785419 -0.0109247739715 0.0225
v 0.00310188491637 -0.0107398911114 0.0225
v 0.00290811472735 -0.0105659253455 0.0225
v 0.00270460616343 -0.0104034592313 0.0225
v 0.00249204071171 -0.0102530368175 0.0225
v 0.00227113018802 -0.010115161822 0.0225
v 0.00204261435322 -0.00999029594558 0.0225
v 0.00180725843603 -0.00987885732528 0.0225
v 0.00156585057047 -0.00978121913452 0.0225
v 0.00131919915666 -0.00969770833333 0.0225
v -0.00131919915666 -0.00969770833333 0.0225
v -0.00121955648992 -0.00977064450636 0.0225
v -0.00111589084432 -0.00983773981389 0.0225
v -0.00100854418409 -0.00989877292711 0.0225
v -0.000897870616125 -0.00995354251469 0.0225
v -0.000784235221838 -0.0100018679069 0.0225
v -0.000668012852906 -0.0100435896918 0.0225
v -0.000549586894712 -0.0100785702406 0.0225
v -0.000429348001671 -0.0101066941623 0.0225
v -0.000307692808567 -0.0101278686838 0.0225
v -0.000185022622164 -0.0101420239563 0.0225
v -6.17420974106e-05 -0.0101491132854 0.0225
v 6.17420974106e-05 -0.0101491132854 0.0225
v 0.000185022622164 -0.0101420239563 0.0225
v 0.000307692808567 -0.0101278686838 0.0225
v 0.000429348001671 -0.0101066941623 0.0225
v 0.000549586894712 -0.0100785702406 0.0225
v 0.000668012852906 -0.0100435896918 0.0225
v 0.000784235221838 -0.0100018679069 0.0225
v 0.000897870616125 -0.00995354251469 0.0225
v 0.00100854418409 -0.00989877292711 0.0225
v 0.00111589084432 -0.00983773981389 0.0225
v 0.00121955648992 -0.00977064450636 0.0225
v -0.00156585057047 -0.00978121913452 0.0225
v -0.00180725843603 -0.00987885732528 0.0225
v -0.00204261435322 -0.00999029594558 0.0225
v -0.00227113018802 -0.010115161822 0.0225
v -0.00249204071171 -0.0102530368175 0.0225
v -0.00270460616343 -0.0104034592313 0.0225
v -0.00290811472735 -0.0105659253455 0.0225
v -0.00310188491637 -0.0107398911114 0.0225
v -0.00328526785419 -0.0109247739715 0.0225
v -0.00345764944817 -0.0111199548105 0.0225
v -0.0036184524458 -0.0113247800282 0.0225
v -0.00376713836766 -0.0115385637284 0.0225
v -0.00390320931069 -0.0117605900159 0.0225
v -0.00402620961547 -0.0119901153933 0.0225
v -0.00413572739211 -0.0122263712513 0.0225
v -0.00423139589951 -0.0124685664423 0.0225
v -0.00431289477349 -0.0127158899297 0.0225
v -0.00437995109959 -0.0129675135036 0.0225
v -0.00443234032695 -0.0132225945549 0.0225
v -0.00446988702028 -0.013480278896 0.0225
v -0.00449246544735 -0.0137397036221 0.0225
v -0.0045 -0.014 0.0225
v -0.0045 -0.00904212364437 0.0225
v -0.00503363766116 -0.00875628299544 0.0225
v -0.00554919182581 -0.00843898513332 0.0225
v -0.00604481034992 -0.00809136996024 0.0225
v -0.00651871270885 -0.0077146862943 0.0225
v -0.00696919639396 -0.00731028738303 0.0225
v -0.0073946430289 -0.00687962604181 0.0225
v -0.00779352418367 -0.00642424943465 0.0225
v -0.00816440686559 -0.00594579351584 0.0225
v -0.00850595866735 -0.00544597715285 0.0225
v -0.00881695255368 -0.00492659595118 0.0225
v -0.00909627126959 -0.00438951580359 0.0225
v -0.0093429113541 -0.00383666618687 0.0225
v -0.00955598674518 -0.0032700332301 0.0225
v -0.00973473196302 -0.00269165257941 0.0225
v -0.00987850485997 -0.0021036020849 0.0225
v -0.00998678892753 -0.00150799433587 0.0225
v -0.0100591951519 -0.000906969071287 0.0225
v -0.0100954634115 -0.000302685492711 0.0225
v -0.0100954634115 0.000302685492711 0.0225
v -0.0100591951519 0.000906969071287 0.0225
v -0.00998678892753 0.00150799433587 0.0225
v -0.00987850485997 0.0021036020849 0.0225
v -0.00973473196302 0.00269165257941 0.0225
v -0.00955598674518 0.0032700332301 0.0225
v -0.0093429113541 0.00383666618687 0.0225
v -0.00909627126959 0.00438951580359 0.0225
v -0.00881695255368 0.00492659595118 0.0225
v -0.00850595866735 0.00544597715285 0.0225
v -0.0081644068656 0.00594579351584 0.0225
v -0.00779352418367 0.00642424943465 0.0225
v -0.0073946430289 0.00687962604181 0.0225
v -0.00696919639396 0.00731028738302 0.0225
v -0.00651871270885 0.0077146862943 0.0225
v -0.00604481034992 0.00809136996024 0.0225
v -0.00554919182581 0.00843898513332 0.0225
v -0.00503363766116 0.00875628299543 0.0225
v -0.0045 0.00904212364437 0.0225
v -0.0045 0.014 0.0225
v -0.00449246544735 0.0137397036221 0.0225
v -0.00446988702028 0.013480278896 0.0225
v -0.00443234032695 0.0132225945549 0.0225
v -0.00437995109959 0.0129675135036 0.0225
v -0.00431289477349 0.0127158899297 0.0225
v -0.00423139589951 0.0124685664423 0.0225
v -0.00413572739211 0.0122263712513 0.0225
v -0.00402620961547 0.0119901153933 0.0225
v -0.00390320931069 0.0117605900159 0.0225
v -0.00376713836766 0.0115385637284 0.0225
v -0.0036184524458 0.0113247800282 0.0225
v -0.00345764944817 0.0111199548105 0.0225
v -0.00328526785419 0.0109247739715 0.0225
v -0.00310188491637 0.0107398911114 0.0225
v -0.00290811472735 0.0105659253455 0.0225
v -0.00270460616343 0.0104034592313 0.0225
v -0.00249204071171 0.0102530368175 0.0225
v -0.00227113018802 0.010115161822 0.0225
v -0.00204261435322 0.00999029594558 0.0225
v -0.00180725843603 0.00987885732528 0.0225
v -0.00156585057047 0.00978121913452 0.0225
v -0.00131919915666 0.00969770833333 0.0225
v 0.00131919915666 0.00969770833333 0.0225
v 0.00121955648992 0.00977064450636 0.0225
v 0.00111589084432 0.00983773981389 0.0225
v 0.00100854418409 0.00989877292711 0.0225
v 0.000897870616125 0.00995354251469 0.0225
v 0.000784235221838 0.0100018679069 0.0225
v 0.000668012852906 0.0100435896918 0.0225
v 0.000549586894712 0.0100785702406 0.0225
v 0.000429348001671 0.0101066941623 0.0225
v 0.000307692808567 0.0101278686838 0.0225
v 0.000185022622164 0.0101420239563 0.0225
v 6.17420974106e-05 0.0101491132854 0.0225
v -6.17420974106e-05 0.0101491132854 0.0225
v -0.000185022622164 0.0101420239563 0.0225
v -0.000307692808567 0.0101278686838 0.0225
v -0.000429348001671 0.0101066941623 0.0225
v -0.000549586894712 0.0100785702406 0.0225
v -0.000668012852906 0.0100435896918 0.0225
v -0.000784235221838 0.0100018679069 0.0225
v -0.000897870616125 0.00995354251469 0.0225
v -0.00100854418409 0.00989877292711 0.0225
v -0.00111589084432 0.00983773981389 0.0225
v -0.00121955648992 0.00977064450636 0.0225
v 0.00156585057047 0.00978121913452 0.0225
v 0.00180725843603 0.00987885732528 0.0225
v 0.00204261435322 0.00999029594558 0.0225
v 0.00227113018802 0.010115161822 0.0225
v 0.00249204071171 0.0102530368175 0.0225
v 0.00270460616343 0.0104034592313 0.0225
v 0.00290811472735 0.0105659253455 0.0225
v 0.00310188491637 0.0107398911114 0.0225
v 0.00328526785419 0.0109247739715 0.0225
v 0.00345764944817 0.0111199548105 0.0225
v 0.0036184524458 0.0113247800282 0.0225
v 0.00376713836766 0.0115385637284 0.0225
v 0.00390320931069 0.0117605900159 0.0225
v 0.00402620961547 0.0119901153933 0.0225
v 0.00413572739211 0.0122263712513 0.0225
v 0.00423139589951 0.0124685664423 0.0225
v 0.00431289477349 0.0127158899297 0.0225
v 0.00437995109959 0.0129675135036 0.0225
v 0.00443234032695 0.0132225945549 0.0225
v 0.00446988702028 0.013480278896 0.0225
v 0.00449246544735 0.0137397036221 0.0225
v 0.0045 0.014 0.0225
v 1.29752283134e-18 0.00915 0.0225
v -6.87747770368e-05 0.00914794164923 0.0225
v -0.000137303358221 0.00914177396529 0.0225
v -0.000205340429018 0.00913151902689 0.0225
v -0.000272642434373 0.00911721354404 0.0225
v -0.000338968450573 0.00909890872665 0.0225
v -0.000404081047694 0.00907667010124 0.0225
v -0.000467747139537 0.00905057727629 0.0225
v -0.000529738818018 0.00902072365736 0.0225
v -0.000589834169017 0.00898721611264 0.0225
v -0.000647818066773 0.00895017459046 0.0225
v -0.000703482943982 0.00890973168985 0.0225
v -0.000756629534831 0.0088660321859 0.0225
v -0.000807067588317 0.00881923251149 0.0225
v -0.000854616549299 0.00876950019731 0.0225
v -0.000899106204838 0.00871701327214 0.0225
v -0.000940377293514 0.00866195962554 0.0225
v -0.00097828207554 0.00860453633528 0.0225
v -0.00101268486164 0.00854494896184 0.0225
v -0.00104346249875 0.00848341081256 0.0225
v -0.00107050481094 0.00842014217802 0.0225
v -0.00109371499374 0.00835536954353 0.0225
v -0.00111300996072 0.00828932477831 0.0225
v -0.0011283206409 0.00822224430546 0.0225
v -0.00113959222603 0.00815436825569 0.0225
v -0.00114678436676 0.00808593960762 0.0225
v -0.00114987131708 0.00801720331807 0.0225
v -0.00114884202652 0.0079484054451 0.0225
v -0.00114370017967 0.00787979226724 0.0225
v -0.00113446418301 0.00781160940187 0.0225
v -0.00112116709901 0.00774410092595 0.0225
v -0.00110385652777 0.0076775085023 0.0225
v -0.00108259443666 0.00761207051451 0.0225
v -0.00105745693843 0.0075480212136 0.0225
v -0.00102853401882 0.00748558987944 0.0225
v -0.000995929214352 0.007425 0.0225
v -0.000959759241779 0.00736646847133 0.0225
v -0.000920153580213 0.00731020482111 0.0225
v -0.000877254007642 0.0072564104586 0.0225
v -0.000831214093401 0.00720527795367 0.0225
v -0.000782198648437 0.0071569903474 0.0225
v -0.000730383135319 0.00711172049689 0.0225
v -0.000675953040136 0.00706963045647 0.0225
v -0.000619103208504 0.00703087089755 0.0225
v -0.000560037148065 0.00699558056929 0.0225
v -0.000498966299985 0.00696388580191 0.0225
v -0.000436109282051 0.00693590005445 0.0225
v -0.000371691106073 0.00691172350863 0.0225
v -0.000305942372402 0.0068914427102 0.0225
v -0.00023909844444 0.00687513025916 0.0225
v -0.000171398606103 0.00686284454984 0.0225
v -0.000103085205239 0.00685462956191 0.0225
v -3.44027860948e-05 0.00685051470287 0.0225
v 3.44027860948e-05 0.00685051470287 0.0225
v 0.000103085205239 0.00685462956191 0.0225
v 0.000171398606103 0.00686284454984 0.0225
v 0.00023909844444 0.00687513025916 0.0225
v 0.000305942372402 0.0068914427102 0.0225
v 0.000371691106073 0.00691172350863 0.0225
v 0.000436109282051 0.00693590005445 0.0225
v 0.000498966299985 0.00696388580191 0.0225
v 0.000560037148065 0.00699558056929 0.0225
v 0.000619103208504 0.00703087089755 0.0225
v 0.000675953040136 0.00706963045647 0.0225
v 0.000730383135319 0.00711172049689 0.0225
v 0.000782198648437 0.0071569903474 0.0225
v 0.000831214093402 0.00720527795367 0.0225
v 0.000877254007642 0.0072564104586 0.0225
v 0.000920153580213 0.00731020482111 0.0225
v 0.00095975924178 0.00736646847133 0.0225
v 0.000995929214352 0.007425 0.0225
v 0.00102853401882 0.00748558987944 0.0225
v 0.00105745693843 0.0075480212136 0.0225
v 0.00108259443666 0.00761207051451 0.0225
v 0.00110385652777 0.0076775085023 0.0225
v 0.00112116709901 0.00774410092595 0.0225
v 0.00113446418301 0.00781160940187 0.0225
v 0.00114370017967 0.00787979226724 0.0225
v 0.00114884202652 0.0079484054451 0.0225
v 0.00114987131708 0.00801720331807 0.0225
v 0.00114678436676 0.00808593960762 0.0225
v 0.00113959222603 0.00815436825569 0.0225
v 0.0011283206409 0.00822224430546 0.0225
v 0.00111300996072 0.00828932477831 0.0225
v 0.00109371499374 0.00835536954353 0.0225
v 0.00107050481094 0.00842014217802 0.0225
v 0.00104346249875 0.00848341081256 0.0225
v 0.00101268486164 0.00854494896184 0.0225
v 0.00097828207554 0.00860453633528 0.0225
v 0.000940377293514 0.00866195962554 0.0225
v 0.000899106204838 0.00871701327214 0.0225
v 0.000854616549299 0.00876950019731 0.0225
v 0.000807067588317 0.00881923251149 0.0225
v 0.000756629534831 0.0088660321859 0.0225
v 0.000703482943982 0.00890973168985 0.0225
v 0.000647818066773 0.00895017459046 0.0225
v 0.000589834169017 0.00898721611264 0.0225
v 0.000529738818018 0.00902072365736 0.0225
v 0.000467747139537 0.00905057727629 0.0225
v 0.000404081047694 0.00907667010124 0.0225
v 0.000338968450573 0.00909890872665 0.0225
v 0.000272642434373 0.00911721354404 0.0225
v 0.000205340429018 0.00913151902689 0.0225
v 0.000137303358221 0.00914177396529 0.0225
v 6.87747770368e-05 0.00914794164923 0.0225
v 1.53059214786e-18 0.0043 0.0225
v -0.000257157861964 0.004292303558 0.0225
v -0.000513395165523 0.00426924178327 0.0225
v -0.000767794647634 0.00423089723097 0.0225
v -0.00101944562418 0.00417740716466 0.0225
v -0.00126744724997 0.00410896306488 0.0225
v -0.00151091174355 0.00402580994375 0.0225
v -0.00174896756523 0.00392824546786 0.0225
v -0.00198076253694 0.00381661889272 0.0225
v -0.00220546689285 0.00369132981249 0.0225
v -0.00242227624967 0.00355282672956 0.0225
v -0.00263041448619 0.00340160544902 0.0225
v -0.00282913652154 0.00323820730382 0.0225
v -0.0030177309824 0.00306321721689 0.0225
v -0.00319552274955 0.00287726160734 0.0225
v -0.00336187537461 0.00268100614799 0.0225
v -0.00351619335836 0.00247515338245 0.0225
v -0.00365792428246 0.00226044021019 0.0225
v -0.00378656078698 0.00203763524863 0.0225
v -0.00390164238664 0.00180753608173 0.0225
v -0.00400275711917 0.00157096640478 0.0225
v -0.00408954302007 0.00132877307581 0.0225
v -0.00416168941834 0.0010818230841 0.0225
v -0.00421893804859 0.000831000446521 0.0225
v -0.0042610839756 0.000577203043016 0.0225
v -0.00428797632788 0.000321339402422 0.0225
v -0.00429951883778 6.43254501656e-05 0.0225
v -0.00429567018613 -0.000192918770507 0.0225
v -0.00427644415008 -0.000449472392051 0.0225
v -0.00424190955387 -0.000704417019085 0.0225
v -0.00419219002238 -0.000956840016012 0.0225
v -0.00412746353863 -0.00120583777402 0.0225
v -0.00404796180664 -0.00145051894575 0.0225
v -0.00395396942197 -0.00169000763611 0.0225
v -0.00384582285297 -0.00192344653776 0.0225
v -0.00372390923627 -0.00215 0.0225
v -0.003588664991 -0.00236885702024 0.0225
v -0.00344057425645 -0.00257923414716 0.0225
v -0.00328016715901 -0.00278037828523 0.0225
v -0.00310801791446 -0.00297156939064 0.0225
v -0.00292474277241 -0.00315212304887 0.0225
v -0.00273099781032 -0.00332139292467 0.0225
v -0.00252747658486 -0.00347877307581 0.0225
v -0.00231490764919 -0.00362370012221 0.0225
v -0.00209405194494 -0.00375565526265 0.0225
v -0.00186570007821 -0.00387416613198 0.0225
v -0.00163066948941 -0.00397880849204 0.0225
v -0.00138980152705 -0.00406920775034 0.0225
v -0.00114395843594 -0.00414504030099 0.0225
v -0.000894020270516 -0.00420603468316 0.0225
v -0.000640881744558 -0.00425197255277 0.0225
v -0.000385449028285 -0.00428268946418 0.0225
v -0.000128636504528 -0.00429807545882 0.0225
v 0.000128636504528 -0.00429807545882 0.0225
v 0.000385449028285 -0.00428268946418 0.0225
v 0.000640881744558 -0.00425197255277 0.0225
v 0.000894020270516 -0.00420603468316 0.0225
v 0.00114395843594 -0.00414504030099 0.0225
v 0.00138980152705 -0.00406920775034 0.0225
v 0.00163066948941 -0.00397880849204 0.0225
v 0.00186570007821 -0.00387416613198 0.0225
v 0.00209405194494 -0.00375565526265 0.0225
v 0.00231490764919 -0.00362370012221 0.0225
v 0.00252747658486 -0.00347877307581 0.0225
v 0.00273099781032 -0.00332139292467 0.0225
v 0.00292474277241 -0.00315212304887 0.0225
v 0.00310801791446 -0.00297156939064 0.0225
v 0.00328016715901 -0.00278037828523 0.0225
v 0.00344057425645 -0.00257923414716 0.0225
v 0.003588664991 -0.00236885702024 0.0225
v 0.00372390923627 -0.00215 0.0225
v 0.00384582285297 -0.00192344653776 0.0225
v 0.00395396942197 -0.00169000763611 0.0225
v 0.00404796180664 -0.00145051894575 0.0225
v 0.00412746353863 -0.00120583777402 0.0225
v 0.00419219002238 -0.000956840016012 0.0225
v 0.00424190955387 -0.000704417019085 0.0225
v 0.00427644415008 -0.000449472392051 0.0225
v 0.00429567018613 -0.000192918770507 0.0225
v 0.00429951883778 6.43254501656e-05 0.0225
v 0.00428797632788 0.000321339402422 0.0225
v 0.0042610839756 0.000577203043016 0.0225
v 0.00421893804859 0.000831000446521 0.0225
v 0.00416168941834 0.0010818230841 0.0225
v 0.00408954302007 0.00132877307581 0.0225
v 0.00400275711917 0.00157096640478 0.0225
v 0.00390164238664 0.00180753608173 0.0225
v 0.00378656078698 0.00203763524863 0.0225
v 0.00365792428246 0.00226044021019 0.0225
v 0.00351619335836 0.00247515338245 0.0225
v 0.00336187537461 0.00268100614799 0.0225
v 0.00319552274955 0.00287726160734 0.0225
v 0.0030177309824 0.00306321721689 0.0225
v 0.00282913652154 0.00323820730382 0.0225
v 0.00263041448619 0.00340160544902 0.0225
v 0.00242227624967 0.00355282672956 0.0225
v 0.00220546689285 0.00369132981249 0.0225
v 0.00198076253694 0.00381661889272 0.0225
v 0.00174896756523 0.00392824546786 0.0225
v 0.00151091174355 0.00402580994375 0.0225
v 0.00126744724997 0.00410896306488 0.0225
v 0.00101944562418 0.00417740716466 0.0225
v 0.000767794647634 0.00423089723097 0.0225
v 0.000513395165523 0.00426924178327 0.0225
v 0.000257157861964 0.004292303558 0.0225
v -4.78834008064e-19 -0.00685 0.0225
v -6.87747770368e-05 -0.00685205835077 0.0225
v -0.000137303358221 -0.00685822603471 0.0225
v -0.000205340429018 -0.00686848097311 0.0225
v -0.000272642434373 -0.00688278645596 0.0225
v -0.000338968450573 -0.00690109127335 0.0225
v -0.000404081047694 -0.00692332989876 0.0225
v -0.000467747139537 -0.00694942272371 0.0225
v -0.000529738818018 -0.00697927634264 0.0225
v -0.000589834169017 -0.00701278388736 0.0225
v -0.000647818066773 -0.00704982540954 0.0225
v -0.000703482943982 -0.00709026831015 0.0225
v -0.000756629534831 -0.0071339678141 0.0225
v -0.000807067588317 -0.00718076748851 0.0225
v -0.000854616549299 -0.00723049980269 0.0225
v -0.000899106204838 -0.00728298672786 0.0225
v -0.000940377293514 -0.00733804037446 0.0225
v -0.00097828207554 -0.00739546366472 0.0225
v -0.00101268486164 -0.00745505103816 0.0225
v -0.00104346249875 -0.00751658918744 0.0225
v -0.00107050481094 -0.00757985782198 0.0225
v -0.00109371499374 -0.00764463045647 0.0225
v -0.00111300996072 -0.00771067522169 0.0225
v -0.0011283206409 -0.00777775569454 0.0225
v -0.00113959222603 -0.00784563174431 0.0225
v -0.00114678436676 -0.00791406039238 0.0225
v -0.00114987131708 -0.00798279668193 0.0225
v -0.00114884202652 -0.0080515945549 0.0225
v -0.00114370017967 -0.00812020773276 0.0225
v -0.00113446418301 -0.00818839059813 0.0225
v -0.00112116709901 -0.00825589907405 0.0225
v -0.00110385652777 -0.0083224914977 0.0225
v -0.00108259443666 -0.00838792948549 0.0225
v -0.00105745693843 -0.0084519787864 0.0225
v -0.00102853401882 -0.00851441012056 0.0225
v -0.000995929214352 -0.008575 0.0225
v -0.000959759241779 -0.00863353152867 0.0225
v -0.000920153580213 -0.00868979517889 0.0225
v -0.000877254007642 -0.0087435895414 0.0225
v -0.000831214093402 -0.00879472204633 0.0225
v -0.000782198648437 -0.0088430096526 0.0225
v -0.000730383135319 -0.00888827950311 0.0225
v -0.000675953040136 -0.00893036954353 0.0225
v -0.000619103208504 -0.00896912910245 0.0225
v -0.000560037148065 -0.00900441943071 0.0225
v -0.000498966299985 -0.00903611419809 0.0225
v -0.000436109282051 -0.00906409994555 0.0225
v -0.000371691106073 -0.00908827649137 0.0225
v -0.000305942372402 -0.0091085572898 0.0225
v -0.00023909844444 -0.00912486974084 0.0225
v -0.000171398606103 -0.00913715545016 0.0225
v -0.000103085205239 -0.00914537043809 0.0225
v -3.44027860948e-05 -0.00914948529713 0.0225
v 3.44027860948e-05 -0.00914948529713 0.0225
v 0.000103085205239 -0.00914537043809 0.0225
v 0.000171398606103 -0.00913715545016 0.0225
v 0.00023909844444 -0.00912486974084 0.0225
v 0.000305942372402 -0.0091085572898 0.0225
v 0.000371691106073 -0.00908827649137 0.0225
v 0.000436109282051 -0.00906409994555 0.0225
v 0.000498966299985 -0.00903611419809 0.0225
v 0.000560037148065 -0.00900441943071 0.0225
v 0.000619103208504 -0.00896912910245 0.0225
v 0.000675953040136 -0.00893036954353 0.0225
v 0.000730383135319 -0.00888827950311 0.0225
v 0.000782198648437 -0.0088430096526 0.0225
v 0.000831214093402 -0.00879472204633 0.0225
v 0.000877254007642 -0.0087435895414 0.0225
v 0.000920153580213 -0.00868979517889 0.0225
v 0.000959759241779 -0.00863353152867 0.0225
v 0.000995929214352 -0.008575 0.0225
v 0.00102853401882 -0.00851441012056 0.0225
v 0.00105745693843 -0.0084519787864 0.0225
v 0.00108259443666 -0.00838792948549 0.0225
v 0.00110385652777 -0.0083224914977 0.0225
v 0.00112116709901 -0.00825589907405 0.0225
v 0.00113446418301 -0.00818839059813 0.0225
v 0.00114370017967 -0.00812020773276 0.0225
v 0.00114884202652 -0.0080515945549 0.0225
v 0.00114987131708 -0.00798279668193 0.0225
v 0.00114678436676 -0.00791406039238 0.0225
v 0.00113959222603 -0.00784563174431 0.0225
v 0.0011283206409 -0.00777775569454 0.0225
v 0.00111300996072 -0.00771067522169 0.0225
v 0.00109371499374 -0.00764463045647 0.0225
v 0.00107050481094 -0.00757985782198 0.0225
v 0.00104346249875 -0.00751658918744 0.0225
v 0.00101268486164 -0.00745505103816 0.0225
v 0.00097828207554 -0.00739546366472 0.0225
v 0.000940377293514 -0.00733804037446 0.0225
v 0.000899106204838 -0.00728298672786 0.0225
v 0.000854616549299 -0.00723049980269 0.0225
v 0.000807067588317 -0.00718076748851 0.0225
v 0.000756629534831 -0.0071339678141 0.0225
v 0.000703482943982 -0.00709026831015 0.0225
v 0.000647818066773 -0.00704982540954 0.0225
v 0.000589834169017 -0.00701278388736 0.0225
v 0.000529738818018 -0.00697927634264 0.0225
v 0.000467747139537 -0.00694942272371 0.0225
v 0.000404081047694 -0.00692332989876 0.0225
v 0.000338968450573 -0.00690109127335 0.0225
v 0.000272642434373 -0.00688278645596 0.0225
v 0.000205340429018 -0.00686848097311 0.0225
v 0.000137303358221 -0.00685822603471 0.0225
v 6.87747770368e-05 -0.00685205835077 0.0225
v -0.008 0.00115 0.0225
v -0.00806877477704 0.00114794164923 0.0225
v -0.00813730335822 0.00114177396529 0.0225
v -0.00820534042902 0.00113151902689 0.0225
v -0.00827264243437 0.00111721354404 0.0225
v -0.00833896845057 0.00109890872665 0.0225
v -0.00840408104769 0.00107667010124 0.0225
v -0.00846774713954 0.00105057727629 0.0225
v -0.00852973881802 0.00102072365736 0.0225
v -0.00858983416902 0.000987216112642 0.0225
v -0.00864781806677 0.000950174590463 0.0225
v -0.00870348294398 0.000909731689855 0.0225
v -0.00875662953483 0.000866032185904 0.0225
v -0.00880706758832 0.000819232511494 0.0225
v -0.0088546165493 0.000769500197313 0.0225
v -0.00889910620484 0.000717013272138 0.0225
v -0.00894037729351 0.000661959625539 0.0225
v -0.00897828207554 0.000604536335282 0.0225
v -0.00901268486164 0.000544948961844 0.0225
v -0.00904346249875 0.000483410812556 0.0225
v -0.00907050481094 0.000420142178021 0.0225
v -0.00909371499374 0.000355369543531 0.0225
v -0.00911300996072 0.000289324778306 0.0225
v -0.0091283206409 0.000222244305465 0.0225
v -0.00913959222603 0.00015436825569 0.0225
v -0.00914678436676 8.59396076244e-05 0.0225
v -0.00914987131708 1.72033180676e-05 0.0225
v -0.00914884202652 -5.15945549031e-05 0.0225
v -0.00914370017967 -0.000120207732758 0.0225
v -0.00913446418301 -0.000188390598127 0.0225
v -0.00912116709901 -0.00025589907405 0.0225
v -0.00910385652777 -0.000322491497702 0.0225
v -0.00908259443666 -0.00038792948549 0.0225
v -0.00905745693843 -0.000451978786402 0.0225
v -0.00902853401882 -0.000514410120563 0.0225
v -0.00899592921435 -0.000575 0.0225
v -0.00895975924178 -0.00063353152867 0.0225
v -0.00892015358021 -0.000689795178891 0.0225
v -0.00887725400764 -0.000743589541398 0.0225
v -0.0088312140934 -0.000794722046335 0.0225
v -0.00878219864844 -0.000843009652604 0.0225
v -0.00873038313532 -0.000888279503108 0.0225
v -0.00867595304014 -0.000930369543531 0.0225
v -0.0086191032085 -0.000969129102452 0.0225
v -0.00856003714807 -0.00100441943071 0.0225
v -0.00849896629999 -0.00103611419809 0.0225
v -0.00843610928205 -0.00106409994555 0.0225
v -0.00837169110607 -0.00108827649137 0.0225
v -0.0083059423724 -0.0011085572898 0.0225
v -0.00823909844444 -0.00112486974084 0.0225
v -0.0081713986061 -0.00113715545016 0.0225
v -0.00810308520524 -0.00114537043809 0.0225
v -0.00803440278609 -0.00114948529713 0.0225
v -0.00796559721391 -0.00114948529713 0.0225
v -0.00789691479476 -0.00114537043809 0.0225
v -0.0078286013939 -0.00113715545016 0.0225
v -0.00776090155556 -0.00112486974084 0.0225
v -0.0076940576276 -0.0011085572898 0.0225
v -0.00762830889393 -0.00108827649137 0.0225
v -0.00756389071795 -0.00106409994555 0.0225
v -0.00750103370001 -0.00103611419809 0.0225
v -0.00743996285193 -0.00100441943071 0.0225
v -0.0073808967915 -0.000969129102452 0.0225
v -0.00732404695986 -0.000930369543531 0.0225
v -0.00726961686468 -0.000888279503108 0.0225
v -0.00721780135156 -0.000843009652604 0.0225
v -0.0071687859066 -0.000794722046335 0.0225
v -0.00712274599236 -0.000743589541398 0.0225
v -0.00707984641979 -0.000689795178891 0.0225
v -0.00704024075822 -0.00063353152867 0.0225
v -0.00700407078565 -0.000575 0.0225
v -0.00697146598118 -0.000514410120563 0.0225
v -0.00694254306157 -0.000451978786402 0.0225
v -0.00691740556334 -0.00038792948549 0.0225
v -0.00689614347223 -0.000322491497702 0.0225
v -0.00687883290099 -0.00025589907405 0.0225
v -0.00686553581699 -0.000188390598127 0.0225
v -0.00685629982033 -0.000120207732758 0.0225
v -0.00685115797348 -5.15945549031e-05 0.0225
v -0.00685012868292 1.72033180676e-05 0.0225
v -0.00685321563324 8.59396076244e-05 0.0225
v -0.00686040777397 0.00015436825569 0.0225
v -0.0068716793591 0.000222244305465 0.0225
v -0.00688699003928 0.000289324778306 0.0225
v -0.00690628500626 0.000355369543531 0.0225
v -0.00692949518906 0.000420142178021 0.0225
v -0.00695653750125 0.000483410812556 0.0225
v -0.00698731513836 0.000544948961844 0.0225
v -0.00702171792446 0.000604536335282 0.0225
v -0.00705962270649 0.000661959625539 0.0225
v -0.00710089379516 0.000717013272138 0.0225
v -0.0071453834507 0.000769500197313 0.0225
v -0.00719293241168 0.000819232511494 0.0225
v -0.00724337046517 0.000866032185904 0.0225
v -0.00729651705602 0.000909731689855 0.0225
v -0.00735218193323 0.000950174590463 0.0225
v -0.00741016583098 0.000987216112642 0.0225
v -0.00747026118198 0.00102072365736 0.0225
v -0.00753225286046 0.00105057727629 0.0225
v -0.00759591895231 0.00107667010124 0.0225
v -0.00766103154943 0.00109890872665 0.0225
v -0.00772735756563 0.00111721354404 0.0225
v -0.00779465957098 0.00113151902689 0.0225
v -0.00786269664178 0.00114177396529 0.0225
v -0.00793122522296 0.00114794164923 0.0225
v 0.008 0.00115 0.0225
v 0.00793122522296 0.00114794164923 0.0225
v 0.00786269664178 0.00114177396529 0.0225
v 0.00779465957098 0.00113151902689 0.0225
v 0.00772735756563 0.00111721354404 0.0225
v 0.00766103154943 0.00109890872665 0.0225
v 0.00759591895231 0.00107667010124 0.0225
v 0.00753225286046 0.00105057727629 0.0225
v 0.00747026118198 0.00102072365736 0.0225
v 0.00741016583098 0.000987216112642 0.0225
v 0.00735218193323 0.000950174590463 0.0225
v 0.00729651705602 0.000909731689855 0.0225
v 0.00724337046517 0.000866032185904 0.0225
v 0.00719293241168 0.000819232511494 0.0225
v 0.0071453834507 0.000769500197313 0.0225
v 0.00710089379516 0.000717013272138 0.0225
v 0.00705962270649 0.000661959625539 0.0225
v 0.00702171792446 0.000604536335282 0.0225
v 0.00698731513836 0.000544948961844 0.0225
v 0.00695653750125 0.000483410812556 0.0225
v 0.00692949518906 0.000420142178021 0.0225
v 0.00690628500626 0.000355369543531 0.0225
v 0.00688699003928 0.000289324778306 0.0225
v 0.0068716793591 0.000222244305465 0.0225
v 0.00686040777397 0.00015436825569 0.0225
v 0.00685321563324 8.59396076244e-05 0.0225
v 0.00685012868292 1.72033180676e-05 0.0225
v 0.00685115797348 -5.15945549031e-05 0.0225
v 0.00685629982033 -0.000120207732758 0.0225
v 0.00686553581699 -0.000188390598127 0.0225
v 0.00687883290099 -0.00025589907405 0.0225
v 0.00689614347223 -0.000322491497702 0.0225
v 0.00691740556334 -0.00038792948549 0.0225
v 0.00694254306157 -0.000451978786402 0.0225
v 0.00697146598118 -0.000514410120563 0.0225
v 0.00700407078565 -0.000575 0.0225
v 0.00704024075822 -0.00063353152867 0.0225
v 0.00707984641979 -0.000689795178891 0.0225
v 0.00712274599236 -0.000743589541398 0.0225
v 0.0071687859066 -0.000794722046335 0.0225
v 0.00721780135156 -0.000843009652604 0.0225
v 0.00726961686468 -0.000888279503108 0.0225
v 0.00732404695986 -0.000930369543531 0.0225
v 0.0073808967915 -0.000969129102452 0.0225
v 0.00743996285193 -0.00100441943071 0.0225
v 0.00750103370001 -0.00103611419809 0.0225
v 0.00756389071795 -0.00106409994555 0.0225
v 0.00762830889393 -0.00108827649137 0.0225
v 0.0076940576276 -0.0011085572898 0.0225
v 0.00776090155556 -0.00112486974084 0.0225
v 0.0078286013939 -0.00113715545016 0.0225
v 0.00789691479476 -0.00114537043809 0.0225
v 0.00796559721391 -0.00114948529713 0.0225
v 0.00803440278609 -0.00114948529713 0.0225
v 0.00810308520524 -0.00114537043809 0.0225
v 0.0081713986061 -0.00113715545016 0.0225
v 0.00823909844444 -0.00112486974084 0.0225
v 0.0083059423724 -0.0011085572898 0.0225
v 0.00837169110607 -0.00108827649137 0.0225
v 0.00843610928205 -0.00106409994555 0.0225
v 0.00849896629999 -0.00103611419809 0.0225
v 0.00856003714807 -0.00100441943071 0.0225
v 0.0086191032085 -0.000969129102452 0.0225
v 0.00867595304014 -0.000930369543531 0.0225
v 0.00873038313532 -0.000888279503108 0.0225
v 0.00878219864844 -0.000843009652604 0.0225
v 0.0088312140934 -0.000794722046335 0.0225
v 0.00887725400764 -0.000743589541398 0.0225
v 0.00892015358021 -0.000689795178891 0.0225
v 0.00895975924178 -0.00063353152867 0.0225
v 0.00899592921435 -0.000575 0.0225
v 0.00902853401882 -0.000514410120563 0.0225
v 0.00905745693843 -0.000451978786402 0.0225
v 0.00908259443666 -0.00038792948549 0.0225
v 0.00910385652777 -0.000322491497702 0.0225
v 0.00912116709901 -0.00025589907405 0.0225
v 0.00913446418301 -0.000188390598127 0.0225
v 0.00914370017967 -0.000120207732758 0.0225
v 0.00914884202652 -5.15945549031e-05 0.0225
v 0.00914987131708 1.72033180676e-05 0.0225
v 0.00914678436676 8.59396076244e-05 0.0225
v 0.00913959222603 0.00015436825569 0.0225
v 0.0091283206409 0.000222244305465 0.0225
v 0.00911300996072 0.000289324778306 0.0225
v 0.00909371499374 0.000355369543531 0.0225
v 0.00907050481094 0.000420142178021 0.0225
v 0.00904346249875 0.000483410812556 0.0225
v 0.00901268486164 0.000544948961844 0.0225
v 0.00897828207554 0.000604536335282 0.0225
v 0.00894037729351 0.000661959625539 0.0225
v 0.00889910620484 0.000717013272138 0.0225
v 0.0088546165493 0.000769500197313 0.0225
v 0.00880706758832 0.000819232511494 0.0225
v 0.00875662953483 0.000866032185904 0.0225
v 0.00870348294398 0.000909731689855 0.0225
v 0.00864781806677 0.000950174590463 0.0225
v 0.00858983416902 0.000987216112642 0.0225
v 0.00852973881802 0.00102072365736 0.0225
v 0.00846774713954 0.00105057727629 0.0225
v 0.00840408104769 0.00107667010124 0.0225
v 0.00833896845057 0.00109890872665 0.0225
v 0.00827264243437 0.00111721354404 0.0225
v 0.00820534042902 0.00113151902689 0.0225
v 0.00813730335822 0.00114177396529 0.0225
v 0.00806877477704 0.00114794164923 0.0225
v -0.0045 -0.014 0.0205
v -0.00449209679294 -0.0142665828255 0.0205
v -0.00446841493206 -0.0145322292691 0.0205
v -0.00442903760076 -0.0147960062381 0.0205
v -0.00437410311336 -0.015056987206 0.0205
v -0.00430380442924 -0.0153142554679 0.0205
v -0.0042183884751 -0.0155669073595 0.0205
v -0.00411815527759 -0.0158140554318 0.0205
v -0.00400345690948 -0.0160548315683 0.0205
v -0.00387469625295 -0.0162883900339 0.0205
v -0.00373232558453 -0.0165139104461 0.0205
v -0.00357684498636 -0.0167306006562 0.0205
v -0.00340880058973 -0.0169376995319 0.0205
v -0.0032287826567 -0.0171344796308 0.0205
v -0.00303742350683 -0.0173202497557 0.0205
v -0.00283539529612 -0.0174943573822 0.0205
v -0.00262340765602 -0.017656190951 0.0205
v -0.00240220520084 -0.0178051820158 0.0205
v -0.00217256491229 -0.0179408072399 0.0205
v -0.00193529341024 -0.0180625902348 0.0205
v -0.00169122411951 -0.0181701032334 0.0205
v -0.00144121434238 -0.0182629685923 0.0205
v -0.00118614224731 -0.0183408601186 0.0205
v -0.000926903784335 -0.0184035042153 0.0205
v -0.000664409538011 -0.0184506808429 0.0205
v -0.000399581528953 -0.0184822242918 0.0205
v -0.000133349975202 -0.0184980237643 0.0205
v 0.000133349975202 -0.0184980237643 0.0205
v 0.000399581528953 -0.0184822242918 0.0205
v 0.000664409538011 -0.0184506808429 0.0205
v 0.000926903784335 -0.0184035042153 0.0205
v 0.00118614224731 -0.0183408601186 0.0205
v 0.00144121434238 -0.0182629685923 0.0205
v 0.00169122411951 -0.0181701032334 0.0205
v 0.00193529341024 -0.0180625902348 0.0205
v 0.00217256491229 -0.0179408072399 0.0205
v 0.00240220520084 -0.0178051820158 0.0205
v 0.00262340765602 -0.017656190951 0.0205
v 0.00283539529612 -0.0174943573822 0.0205
v 0.00303742350683 -0.0173202497557 0.0205
v 0.0032287826567 -0.0171344796308 0.0205
v 0.00340880058973 -0.0169376995319 0.0205
v 0.00357684498636 -0.0167306006562 0.0205
v 0.00373232558453 -0.0165139104461 0.0205
v 0.00387469625295 -0.0162883900339 0.0205
v 0.00400345690948 -0.0160548315683 0.0205
v 0.00411815527759 -0.0158140554318 0.0205
v 0.0042183884751 -0.0155669073595 0.0205
v 0.00430380442924 -0.0153142554679 0.0205
v 0.00437410311336 -0.015056987206 0.0205
v 0.00442903760076 -0.0147960062381 0.0205
v 0.00446841493206 -0.0145322292691 0.0205
v 0.00449209679294 -0.0142665828255 0.0205
v 0.0045 -0.014 0.0205
v 0.0045 -0.014 0.0225
v 0.00449246544735 -0.0137397036221 0.0225
v 0.00446988702028 -0.013480278896 0.0225
v 0.00443234032695 -0.0132225945549 0.0225
v 0.00437995109959 -0.0129675135036 0.0225
v 0.00431289477349 -0.0127158899297 0.0225
v 0.00423139589951 -0.0124685664423 0.0225
v 0.00413572739211 -0.0122263712513 0.0225
v 0.00402620961547 -0.0119901153933 0.0225
v 0.00390320931069 -0.0117605900159 0.0225
v 0.00376713836766 -0.0115385637284 0.0225
v 0.0036184524458 -0.0113247800282 0.0225
v 0.00345764944817 -0.0111199548105 0.0225
v 0.00328526785419 -0.0109247739715 0.0225
v 0.00310188491637 -0.0107398911114 0.0225
v 0.00290811472735 -0.0105659253455 0.0225
v 0.00270460616343 -0.0104034592313 0.0225
v 0.00249204071171 -0.0102530368175 0.0225
v 0.00227113018802 -0.010115161822 0.0225
v 0.00204261435322 -0.00999029594558 0.0225
v 0.00180725843603 -0.00987885732528 0.0225
v 0.00156585057047 -0.00978121913452 0.0225
v 0.00131919915666 -0.00969770833333 0.0225
v 0.00131919915666 -0.00969770833333 0.0245
v 0.00106100701663 -0.00962687021566 0.0245
v 0.000799059109807 -0.00957151216113 0.0245
v 0.000534282682893 -0.00953183012691 0.0245
v 0.000267614995011 -0.00950796458001 0.0245
v 4.74702458387e-20 -0.0095 0.0245
v 4.74702458387e-20 -0.0095 0.026
v 4.74702458387e-20 -0.0095 0.026
v -0.000269118692753 -0.00950805441605 0.026
v -0.000537274010431 -0.00953218883146 0.026
v -0.000803506026594 -0.00957231685131 0.026
v -0.00106686169972 -0.00962829482768 0.026
v -0.00132639828485 -0.00969992237396 0.026
v -0.00158118670837 -0.00978694308212 0.026
v -0.00183031489384 -0.00988904544061 0.026
v -0.00207289102703 -0.0100058639495 0.026
v -0.00230804674833 -0.0101369804288 0.026
v -0.00253494026129 -0.0102819255156 0.026
v -0.00275275934602 -0.010440180344 0.026
v -0.00296072426673 -0.010611178403 0.026
v -0.00315809056298 -0.0107943075637 0.026
v -0.00334415171465 -0.0109889122714 0.026
v -0.00351824167111 -0.0111942958916 0.026
v -0.00367973723549 -0.0114097232044 0.026
v -0.00382806029559 -0.0116344230359 0.026
v -0.00396267989336 -0.0118675910189 0.026
v -0.00408311412556 -0.0121083924726 0.026
v -0.0041889318689 -0.0123559653904 0.026
v -0.00427975432333 -0.0126094235253 0.026
v -0.00435525636803 -0.0128678595631 0.026
v -0.00441516772527 -0.0131303483699 0.026
v -0.00445927392796 -0.0133959503038 0.026
v -0.00448741708732 -0.0136637145789 0.026
v -0.00449949645815 -0.0139326826684 0.026
v -0.00449546879944 -0.0142018917366 0.026
v -0.00447534852916 -0.0144703780847 0.026
v -0.00443920767266 -0.0147371806014 0.026
v -0.00438717560482 -0.0150013442028 0.026
v -0.00431943858694 -0.0152619232519 0.026
v -0.00423623909997 -0.0155179849432 0.026
v -0.00413787497648 -0.0157686126424 0.026
v -0.0040246983345 -0.0160129091674 0.026
v -0.00389711431703 -0.01625 0.026
v -0.00375557964175 -0.0164790364165 0.026
v -0.00360060096605 -0.0166991985261 0.026
v -0.00343273307338 -0.0169096982055 0.026
v -0.00325257688722 -0.0171097819204 0.026
v -0.00306077731997 -0.0172987334232 0.026
v -0.00285802096429 -0.0174758763165 0.026
v -0.00264503363532 -0.0176405764747 0.026
v -0.00242257777241 -0.0177922443139 0.026
v -0.00219144970982 -0.0179303369028 0.026
v -0.00195247682603 -0.0180543599056 0.026
v -0.00170651458194 -0.0181638693521 0.026
v -0.00145444345855 -0.0182584732271 0.026
v -0.00119716580505 -0.0183378328731 0.026
v -0.00093560260868 -0.0184016642033 0.026
v -0.000670690197793 -0.018449738718 0.026
v -0.000403376890065 -0.018481884323 0.026
v -0.000134619597762 -0.0184979859453 0.026
v 0.000134619597762 -0.0184979859453 0.026
v 0.000403376890065 -0.018481884323 0.026
v 0.000670690197793 -0.018449738718 0.026
v 0.00093560260868 -0.0184016642033 0.026
v 0.00119716580505 -0.0183378328731 0.026
v 0.00145444345855 -0.0182584732271 0.026
v 0.00170651458194 -0.0181638693521 0.026
v 0.00195247682603 -0.0180543599056 0.026
v 0.00219144970982 -0.0179303369028 0.026
v 0.00242257777241 -0.0177922443139 0.026
v 0.00264503363532 -0.0176405764747 0.026
v 0.00285802096429 -0.0174758763165 0.026
v 0.00306077731997 -0.0172987334232 0.026
v 0.00325257688722 -0.0171097819204 0.026
v 0.00343273307338 -0.0169096982055 0.026
v 0.00360060096605 -0.0166991985261 0.026
v 0.00375557964175 -0.0164790364165 0.026
v 0.00389711431703 -0.01625 0.026
v 0.0040246983345 -0.0160129091674 0.026
v 0.00413787497648 -0.0157686126424 0.026
v 0.00423623909997 -0.0155179849432 0.026
v 0.00431943858694 -0.0152619232519 0.026
v 0.00438717560482 -0.0150013442028 0.026
v 0.00443920767266 -0.0147371806014 0.026
v 0.00447534852916 -0.0144703780847 0.026
v 0.00449546879944 -0.0142018917366 0.026
v 0.00449949645815 -0.0139326826684 0.026
v 0.00448741708732 -0.0136637145789 0.026
v 0.00445927392796 -0.0133959503038 0.026
v 0.00441516772527 -0.0131303483699 0.026
v 0.00435525636803 -0.0128678595631 0.026
v 0.00427975432333 -0.0126094235253 0.026
v 0.0041889318689 -0.0123559653904 0.026
v 0.00408311412556 -0.0121083924726 0.026
v 0.00396267989336 -0.0118675910189 0.026
v 0.00382806029559 -0.0116344230359 0.026
v 0.00367973723549 -0.0114097232044 0.026
v 0.00351824167111 -0.0111942958916 0.026
v 0.00334415171465 -0.0109889122714 0.026
v 0.00315809056298 -0.0107943075637 0.026
v 0.00296072426673 -0.010611178403 0.026
v 0.00275275934602 -0.010440180344 0.026
v 0.00253494026129 -0.0102819255156 0.026
v 0.00230804674833 -0.0101369804288 0.026
v 0.00207289102703 -0.0100058639495 0.026
v 0.00183031489384 -0.00988904544061 0.026
v 0.00158118670837 -0.00978694308212 0.026
v 0.00132639828485 -0.00969992237396 0.026
v 0.00106686169972 -0.00962829482768 0.026
v 0.000803506026594 -0.00957231685131 0.026
v 0.000537274010431 -0.00953218883146 0.026
v 0.000269118692753 -0.00950805441605 0.026
v 4.74702458387e-20 -0.0095 0.0245
v -0.000267614995011 -0.00950796458001 0.0245
v -0.000534282682893 -0.00953183012691 0.0245
v -0.000799059109807 -0.00957151216113 0.0245
v -0.00106100701663 -0.00962687021566 0.0245
v -0.00131919915666 -0.00969770833333 0.0245
v -0.00131919915666 -0.00969770833333 0.0225
v -0.00156585057047 -0.00978121913452 0.0225
v -0.00180725843603 -0.00987885732528 0.0225
v -0.00204261435322 -0.00999029594558 0.0225
v -0.00227113018802 -0.010115161822 0.0225
v -0.00249204071171 -0.0102530368175 0.0225
v -0.00270460616343 -0.0104034592313 0.0225
v -0.00290811472735 -0.0105659253455 0.0225
v -0.00310188491637 -0.0107398911114 0.0225
v -0.00328526785419 -0.0109247739715 0.0225
v -0.00345764944817 -0.0111199548105 0.0225
v -0.0036184524458 -0.0113247800282 0.0225
v -0.00376713836766 -0.0115385637284 0.0225
v -0.00390320931069 -0.0117605900159 0.0225
v -0.00402620961547 -0.0119901153933 0.0225
v -0.00413572739211 -0.0122263712513 0.0225
v -0.00423139589951 -0.0124685664423 0.0225
v -0.00431289477349 -0.0127158899297 0.0225
v -0.00437995109959 -0.0129675135036 0.0225
v -0.00443234032695 -0.0132225945549 0.0225
v -0.00446988702028 -0.013480278896 0.0225
v -0.00449246544735 -0.0137397036221 0.0225
v -0.0045 -0.014 0.0225
v 0.0045 0.00904212364437 0.0205
v 0.0045 0.00904212364437 0.0225
v 0.0045 -0.00904212364437 0.0225
v 0.00503363766116 -0.00875628299544 0.0225
v 0.00554919182581 -0.00843898513332 0.0225
v 0.00604481034992 -0.00809136996024 0.0225
v 0.00651871270885 -0.0077146862943 0.0225
v 0.00696919639396 -0.00731028738303 0.0225
v 0.0073946430289 -0.00687962604181 0.0225
v 0.00779352418367 -0.00642424943465 0.0225
v 0.00816440686559 -0.00594579351584 0.0225
v 0.00850595866735 -0.00544597715285 0.0225
v 0.00881695255368 -0.00492659595118 0.0225
v 0.00909627126959 -0.00438951580359 0.0225
v 0.0093429113541 -0.00383666618687 0.0225
v 0.00955598674518 -0.0032700332301 0.0225
v 0.00973473196302 -0.00269165257941 0.0225
v 0.00987850485997 -0.0021036020849 0.0225
v 0.00998678892753 -0.00150799433587 0.0225
v 0.0100591951519 -0.000906969071287 0.0225
v 0.0100954634115 -0.000302685492711 0.0225
v 0.0100954634115 0.000302685492711 0.0225
v 0.0100591951519 0.000906969071287 0.0225
v 0.00998678892753 0.00150799433587 0.0225
v 0.00987850485997 0.0021036020849 0.0225
v 0.00973473196302 0.00269165257941 0.0225
v 0.00955598674518 0.0032700332301 0.0225
v 0.0093429113541 0.00383666618687 0.0225
v 0.00909627126959 0.00438951580359 0.0225
v 0.00881695255368 0.00492659595118 0.0225
v 0.00850595866735 0.00544597715285 0.0225
v 0.0081644068656 0.00594579351584 0.0225
v 0.00779352418367 0.00642424943465 0.0225
v 0.0073946430289 0.00687962604181 0.0225
v 0.00696919639396 0.00731028738302 0.0225
v 0.00651871270885 0.0077146862943 0.0225
v 0.00604481034992 0.00809136996024 0.0225
v 0.00554919182581 0.00843898513332 0.0225
v 0.00503363766116 0.00875628299543 0.0225
v 0.0045 -0.00904212364437 0.0205
v 0.00503363766116 -0.00875628299544 0.0205
v 0.00554919182581 -0.00843898513332 0.0205
v 0.00604481034992 -0.00809136996024 0.0205
v 0.00651871270885 -0.0077146862943 0.0205
v 0.00696919639396 -0.00731028738303 0.0205
v 0.0073946430289 -0.00687962604181 0.0205
v 0.00779352418367 -0.00642424943465 0.0205
v 0.00816440686559 -0.00594579351584 0.0205
v 0.00850595866735 -0.00544597715285 0.0205
v 0.00881695255368 -0.00492659595118 0.0205
v 0.00909627126959 -0.00438951580359 0.0205
v 0.0093429113541 -0.00383666618687 0.0205
v 0.00955598674518 -0.0032700332301 0.0205
v 0.00973473196302 -0.00269165257941 0.0205
v 0.00987850485997 -0.0021036020849 0.0205
v 0.00998678892753 -0.00150799433587 0.0205
v 0.0100591951519 -0.000906969071287 0.0205
v 0.0100954634115 -0.000302685492711 0.0205
v 0.0100954634115 0.000302685492711 0.0205
v 0.0100591951519 0.000906969071287 0.0205
v 0.00998678892753 0.00150799433587 0.0205
v 0.00987850485997 0.0021036020849 0.0205
v 0.00973473196302 0.00269165257941 0.0205
v 0.00955598674518 0.0032700332301 0.0205
v 0.0093429113541 0.00383666618687 0.0205
v 0.00909627126959 0.00438951580359 0.0205
v 0.00881695255368 0.00492659595118 0.0205
v 0.00850595866735 0.00544597715285 0.0205
v 0.0081644068656 0.00594579351584 0.0205
v 0.00779352418367 0.00642424943465 0.0205
v 0.0073946430289 0.00687962604181 0.0205
v 0.00696919639396 0.00731028738302 0.0205
v 0.00651871270885 0.0077146862943 0.0205
v 0.00604481034992 0.00809136996024 0.0205
v 0.00554919182581 0.00843898513332 0.0205
v 0.00503363766116 0.00875628299543 0.0205
v 0.0045 -0.00904212364437 0.0205
v 0.0045 -0.014 0.0205
v 0.0045 -0.00904212364437 0.0225
v 0.0045 -0.014 0.0225
v 0.0045 0.014 0.0205
v 0.0045 0.00904212364437 0.0205
v 0.0045 0.014 0.0225
v 0.0045 0.00904212364437 0.0225
v -0.0045 0.014 0.0225
v -0.00449238671222 0.0142616517301 0.0225
v -0.00446957260984 0.0145224181136 0.0225
v -0.00443163488855 0.0147814167995 0.0225
v -0.00437870191761 0.0150377714183 0.0225
v -0.00431095280542 0.0152906145472 0.0225
v -0.00422861679354 0.015539090645 0.0225
v -0.00413197248096 0.0157823589472 0.0225
v -0.00402134688146 0.0160195963109 0.0225
v -0.00389711431703 0.01625 0.0225
v -0.00375969515136 0.0164727904013 0.0225
v -0.0036095543674 0.0166872136627 0.0225
v -0.00344719999404 0.0168925442436 0.0225
v -0.00327318138708 0.0170880873704 0.0225
v -0.00308808737041 0.0172731813871 0.0225
v -0.00289254424359 0.017447199994 0.0225
v -0.00268721366266 0.0176095543674 0.0225
v -0.00247279040132 0.0177596951514 0.0225
v -0.00225 0.017897114317 0.0225
v -0.0020195963109 0.0180213468815 0.0225
v -0.00178235894718 0.018131972481 0.0225
v -0.00153909064497 0.0182286167935 0.0225
v -0.0012906145472 0.0183109528054 0.0225
v -0.00103777141834 0.0183787019176 0.0225
v -0.000781416799501 0.0184316348886 0.0225
v -0.000522418113564 0.0184695726098 0.0225
v -0.000261651730097 0.0184923867122 0.0225
v -7.69692265217e-17 0.0185 0.0225
v -0.00449246544735 0.0137397036221 0.0225
v -0.00446988702028 0.013480278896 0.0225
v -0.00443234032695 0.0132225945549 0.0225
v -0.00437995109959 0.0129675135036 0.0225
v -0.00431289477349 0.0127158899297 0.0225
v -0.00423139589951 0.0124685664423 0.0225
v -0.00413572739211 0.0122263712513 0.0225
v -0.00402620961547 0.0119901153933 0.0225
v -0.00390320931069 0.0117605900159 0.0225
v -0.00376713836766 0.0115385637284 0.0225
v -0.0036184524458 0.0113247800282 0.0225
v -0.00345764944817 0.0111199548105 0.0225
v -0.00328526785419 0.0109247739715 0.0225
v -0.00310188491637 0.0107398911114 0.0225
v -0.00290811472735 0.0105659253455 0.0225
v -0.00270460616343 0.0104034592313 0.0225
v -0.00249204071171 0.0102530368175 0.0225
v -0.00227113018802 0.010115161822 0.0225
v -0.00204261435322 0.00999029594558 0.0225
v -0.00180725843603 0.00987885732528 0.0225
v -0.00156585057047 0.00978121913452 0.0225
v -0.00131919915666 0.00969770833333 0.0225
v -0.00131919915666 0.00969770833333 0.0245
v -0.00106100701663 0.00962687021566 0.0245
v -0.000799059109807 0.00957151216113 0.0245
v -0.000534282682893 0.00953183012691 0.0245
v -0.000267614995011 0.00950796458001 0.0245
v 4.50042370243e-18 0.0095 0.0245
v 0.000267614995011 0.00950796458001 0.0245
v 0.000534282682893 0.00953183012691 0.0245
v 0.000799059109807 0.00957151216113 0.0245
v 0.00106100701663 0.00962687021566 0.0245
v 0.00131919915666 0.00969770833333 0.0245
v 0.00131919915666 0.00969770833333 0.0225
v 0.00156585057047 0.00978121913452 0.0225
v 0.00180725843603 0.00987885732528 0.0225
v 0.00204261435322 0.00999029594558 0.0225
v 0.00227113018802 0.010115161822 0.0225
v 0.00249204071171 0.0102530368175 0.0225
v 0.00270460616343 0.0104034592313 0.0225
v 0.00290811472735 0.0105659253455 0.0225
v 0.00310188491637 0.0107398911114 0.0225
v 0.00328526785419 0.0109247739715 0.0225
v 0.00345764944817 0.0111199548105 0.0225
v 0.0036184524458 0.0113247800282 0.0225
v 0.00376713836766 0.0115385637284 0.0225
v 0.00390320931069 0.0117605900159 0.0225
v 0.00402620961547 0.0119901153933 0.0225
v 0.00413572739211 0.0122263712513 0.0225
v 0.00423139589951 0.0124685664423 0.0225
v 0.00431289477349 0.0127158899297 0.0225
v 0.00437995109959 0.0129675135036 0.0225
v 0.00443234032695 0.0132225945549 0.0225
v 0.00446988702028 0.013480278896 0.0225
v 0.00449246544735 0.0137397036221 0.0225
v 0.0045 0.014 0.0225
v 0.0045 0.014 0.0205
v -0.0045 0.014 0.0205
v -0.00449209679294 0.0142665828255 0.0205
v -0.00446841493206 0.0145322292691 0.0205
v -0.00442903760076 0.0147960062381 0.0205
v -0.00437410311336 0.015056987206 0.0205
v -0.00430380442924 0.0153142554679 0.0205
v -0.0042183884751 0.0155669073595 0.0205
v -0.00411815527759 0.0158140554318 0.0205
v -0.00400345690948 0.0160548315683 0.0205
v -0.00387469625295 0.0162883900339 0.0205
v -0.00373232558453 0.0165139104461 0.0205
v -0.00357684498636 0.0167306006562 0.0205
v -0.00340880058973 0.0169376995319 0.0205
v -0.0032287826567 0.0171344796308 0.0205
v -0.00303742350683 0.0173202497557 0.0205
v -0.00283539529612 0.0174943573822 0.0205
v -0.00262340765602 0.017656190951 0.0205
v -0.00240220520084 0.0178051820158 0.0205
v -0.00217256491229 0.0179408072399 0.0205
v -0.00193529341024 0.0180625902348 0.0205
v -0.00169122411951 0.0181701032334 0.0205
v -0.00144121434238 0.0182629685923 0.0205
v -0.00118614224731 0.0183408601186 0.0205
v -0.000926903784335 0.0184035042153 0.0205
v -0.000664409538011 0.0184506808429 0.0205
v -0.000399581528953 0.0184822242918 0.0205
v -0.000133349975202 0.0184980237643 0.0205
v 0.000133349975202 0.0184980237643 0.0205
v 0.000399581528953 0.0184822242918 0.0205
v 0.000664409538011 0.0184506808429 0.0205
v 0.000926903784335 0.0184035042153 0.0205
v 0.00118614224731 0.0183408601186 0.0205
v 0.00144121434238 0.0182629685923 0.0205
v 0.00169122411951 0.0181701032334 0.0205
v 0.00193529341024 0.0180625902348 0.0205
v 0.00217256491229 0.0179408072399 0.0205
v 0.00240220520084 0.0178051820158 0.0205
v 0.00262340765602 0.017656190951 0.0205
v 0.00283539529612 0.0174943573822 0.0205
v 0.00303742350683 0.0173202497557 0.0205
v 0.0032287826567 0.0171344796308 0.0205
v 0.00340880058973 0.0169376995319 0.0205
v 0.00357684498636 0.0167306006562 0.0205
v 0.00373232558453 0.0165139104461 0.0205
v 0.00387469625295 0.0162883900339 0.0205
v 0.00400345690948 0.0160548315683 0.0205
v 0.00411815527759 0.0158140554318 0.0205
v 0.0042183884751 0.0155669073595 0.0205
v 0.00430380442924 0.0153142554679 0.0205
v 0.00437410311336 0.015056987206 0.0205
v 0.00442903760076 0.0147960062381 0.0205
v 0.00446841493206 0.0145322292691 0.0205
v 0.00449209679294 0.0142665828255 0.0205
v -0.0045 0.014 0.0225
v -0.00449238671222 0.0142616517301 0.0225
v -0.00446957260984 0.0145224181136 0.0225
v -0.00443163488855 0.0147814167995 0.0225
v -0.00437870191761 0.0150377714183 0.0225
v -0.00431095280542 0.0152906145472 0.0225
v -0.00422861679354 0.015539090645 0.0225
v -0.00413197248096 0.0157823589472 0.0225
v -0.00402134688146 0.0160195963109 0.0225
v -0.00389711431703 0.01625 0.0225
v -0.00375969515136 0.0164727904013 0.0225
v -0.0036095543674 0.0166872136627 0.0225
v -0.00344719999404 0.0168925442436 0.0225
v -0.00327318138708 0.0170880873704 0.0225
v -0.00308808737041 0.0172731813871 0.0225
v -0.00289254424359 0.017447199994 0.0225
v -0.00268721366266 0.0176095543674 0.0225
v -0.00247279040132 0.0177596951514 0.0225
v -0.00225 0.017897114317 0.0225
v -0.0020195963109 0.0180213468815 0.0225
v -0.00178235894718 0.018131972481 0.0225
v -0.00153909064497 0.0182286167935 0.0225
v -0.0012906145472 0.0183109528054 0.0225
v -0.00103777141834 0.0183787019176 0.0225
v -0.000781416799501 0.0184316348886 0.0225
v -0.000522418113564 0.0184695726098 0.0225
v -0.000261651730097 0.0184923867122 0.0225
v -7.69692265217e-17 0.0185 0.0225
v 3.15609471479e-18 0.0185 0.026
v 3.15609471479e-18 0.0185 0.026
v -0.000269118692753 0.018491945584 0.026
v -0.000537274010431 0.0184678111685 0.026
v -0.000803506026594 0.0184276831487 0.026
v -0.00106686169972 0.0183717051723 0.026
v -0.00132639828485 0.018300077626 0.026
v -0.00158118670837 0.0182130569179 0.026
v -0.00183031489384 0.0181109545594 0.026
v -0.00207289102703 0.0179941360505 0.026
v -0.00230804674833 0.0178630195712 0.026
v -0.00253494026129 0.0177180744844 0.026
v -0.00275275934602 0.017559819656 0.026
v -0.00296072426673 0.017388821597 0.026
v -0.00315809056298 0.0172056924363 0.026
v -0.00334415171465 0.0170110877286 0.026
v -0.00351824167111 0.0168057041084 0.026
v -0.00367973723549 0.0165902767956 0.026
v -0.00382806029559 0.0163655769641 0.026
v -0.00396267989336 0.0161324089811 0.026
v -0.00408311412556 0.0158916075274 0.026
v -0.0041889318689 0.0156440346096 0.026
v -0.00427975432333 0.0153905764747 0.026
v -0.00435525636803 0.0151321404369 0.026
v -0.00441516772527 0.0148696516301 0.026
v -0.00445927392796 0.0146040496962 0.026
v -0.00448741708732 0.0143362854211 0.026
v -0.00449949645815 0.0140673173316 0.026
v -0.00449546879944 0.0137981082634 0.026
v -0.00447534852916 0.0135296219153 0.026
v -0.00443920767266 0.0132628193986 0.026
v -0.00438717560482 0.0129986557972 0.026
v -0.00431943858694 0.0127380767481 0.026
v -0.00423623909997 0.0124820150568 0.026
v -0.00413787497648 0.0122313873576 0.026
v -0.0040246983345 0.0119870908326 0.026
v -0.00389711431703 0.01175 0.026
v -0.00375557964175 0.0115209635835 0.026
v -0.00360060096605 0.0113008014739 0.026
v -0.00343273307338 0.0110903017945 0.026
v -0.00325257688722 0.0108902180796 0.026
v -0.00306077731997 0.0107012665768 0.026
v -0.00285802096429 0.0105241236835 0.026
v -0.00264503363532 0.0103594235253 0.026
v -0.00242257777241 0.0102077556861 0.026
v -0.00219144970982 0.0100696630972 0.026
v -0.00195247682603 0.00994564009444 0.026
v -0.00170651458194 0.00983613064787 0.026
v -0.00145444345855 0.0097415267729 0.026
v -0.00119716580505 0.00966216712687 0.026
v -0.00093560260868 0.0095983357967 0.026
v -0.000670690197793 0.00955026128199 0.026
v -0.000403376890065 0.00951811567702 0.026
v -0.000134619597762 0.00950201405472 0.026
v 0.000134619597762 0.00950201405472 0.026
v 0.000403376890065 0.00951811567702 0.026
v 0.000670690197793 0.00955026128199 0.026
v 0.00093560260868 0.0095983357967 0.026
v 0.00119716580505 0.00966216712687 0.026
v 0.00145444345855 0.0097415267729 0.026
v 0.00170651458194 0.00983613064787 0.026
v 0.00195247682603 0.00994564009444 0.026
v 0.00219144970982 0.0100696630972 0.026
v 0.00242257777241 0.0102077556861 0.026
v 0.00264503363532 0.0103594235253 0.026
v 0.00285802096429 0.0105241236835 0.026
v 0.00306077731997 0.0107012665768 0.026
v 0.00325257688722 0.0108902180796 0.026
v 0.00343273307338 0.0110903017945 0.026
v 0.00360060096605 0.0113008014739 0.026
v 0.00375557964175 0.0115209635835 0.026
v 0.00389711431703 0.01175 0.026
v 0.0040246983345 0.0119870908326 0.026
v 0.00413787497648 0.0122313873576 0.026
v 0.00423623909997 0.0124820150568 0.026
v 0.00431943858694 0.0127380767481 0.026
v 0.00438717560482 0.0129986557972 0.026
v 0.00443920767266 0.0132628193986 0.026
v 0.00447534852916 0.0135296219153 0.026
v 0.00449546879944 0.0137981082634 0.026
v 0.00449949645815 0.0140673173316 0.026
v 0.00448741708732 0.0143362854211 0.026
v 0.00445927392796 0.0146040496962 0.026
v 0.00441516772527 0.0148696516301 0.026
v 0.00435525636803 0.0151321404369 0.026
v 0.00427975432333 0.0153905764747 0.026
v 0.0041889318689 0.0156440346096 0.026
v 0.00408311412556 0.0158916075274 0.026
v 0.00396267989336 0.0161324089811 0.026
v 0.00382806029559 0.0163655769641 0.026
v 0.00367973723549 0.0165902767956 0.026
v 0.00351824167111 0.0168057041084 0.026
v 0.00334415171465 0.0170110877286 0.026
v 0.00315809056298 0.0172056924363 0.026
v 0.00296072426673 0.017388821597 0.026
v 0.00275275934602 0.017559819656 0.026
v 0.00253494026129 0.0177180744844 0.026
v 0.00230804674833 0.0178630195712 0.026
v 0.00207289102703 0.0179941360505 0.026
v 0.00183031489384 0.0181109545594 0.026
v 0.00158118670837 0.0182130569179 0.026
v 0.00132639828485 0.018300077626 0.026
v 0.00106686169972 0.0183717051723 0.026
v 0.000803506026594 0.0184276831487 0.026
v 0.000537274010431 0.0184678111685 0.026
v 0.000269118692753 0.018491945584 0.026
v -0.0045 0.00904212364437 0.0205
v -0.0045 0.014 0.0205
v -0.0045 0.00904212364437 0.0225
v -0.0045 0.014 0.0225
v 0.008 0.00115 0.0225
v 0.00793122522296 0.00114794164923 0.0225
v 0.00786269664178 0.00114177396529 0.0225
v 0.00779465957098 0.00113151902689 0.0225
v 0.00772735756563 0.00111721354404 0.0225
v 0.00766103154943 0.00109890872665 0.0225
v 0.00759591895231 0.00107667010124 0.0225
v 0.00753225286046 0.00105057727629 0.0225
v 0.00747026118198 0.00102072365736 0.0225
v 0.00741016583098 0.000987216112642 0.0225
v 0.00735218193323 0.000950174590463 0.0225
v 0.00729651705602 0.000909731689855 0.0225
v 0.00724337046517 0.000866032185904 0.0225
v 0.00719293241168 0.000819232511494 0.0225
v 0.0071453834507 0.000769500197313 0.0225
v 0.00710089379516 0.000717013272138 0.0225
v 0.00705962270649 0.000661959625539 0.0225
v 0.00702171792446 0.000604536335282 0.0225
v 0.00698731513836 0.000544948961844 0.0225
v 0.00695653750125 0.000483410812556 0.0225
v 0.00692949518906 0.000420142178021 0.0225
v 0.00690628500626 0.000355369543531 0.0225
v 0.00688699003928 0.000289324778306 0.0225
v 0.0068716793591 0.000222244305465 0.0225
v 0.00686040777397 0.00015436825569 0.0225
v 0.00685321563324 8.59396076244e-05 0.0225
v 0.00685012868292 1.72033180676e-05 0.0225
v 0.00685115797348 -5.15945549031e-05 0.0225
v 0.00685629982033 -0.000120207732758 0.0225
v 0.00686553581699 -0.000188390598127 0.0225
v 0.00687883290099 -0.00025589907405 0.0225
v 0.00689614347223 -0.000322491497702 0.0225
v 0.00691740556334 -0.00038792948549 0.0225
v 0.00694254306157 -0.000451978786402 0.0225
v 0.00697146598118 -0.000514410120563 0.0225
v 0.00700407078565 -0.000575 0.0225
v 0.00704024075822 -0.00063353152867 0.0225
v 0.00707984641979 -0.000689795178891 0.0225
v 0.00712274599236 -0.000743589541398 0.0225
v 0.0071687859066 -0.000794722046335 0.0225
v 0.00721780135156 -0.000843009652604 0.0225
v 0.00726961686468 -0.000888279503108 0.0225
v 0.00732404695986 -0.000930369543531 0.0225
v 0.0073808967915 -0.000969129102452 0.0225
v 0.00743996285193 -0.00100441943071 0.0225
v 0.00750103370001 -0.00103611419809 0.0225
v 0.00756389071795 -0.00106409994555 0.0225
v 0.00762830889393 -0.00108827649137 0.0225
v 0.0076940576276 -0.0011085572898 0.0225
v 0.00776090155556 -0.00112486974084 0.0225
v 0.0078286013939 -0.00113715545016 0.0225
v 0.00789691479476 -0.00114537043809 0.0225
v 0.00796559721391 -0.00114948529713 0.0225
v 0.00803440278609 -0.00114948529713 0.0225
v 0.00810308520524 -0.00114537043809 0.0225
v 0.0081713986061 -0.00113715545016 0.0225
v 0.00823909844444 -0.00112486974084 0.0225
v 0.0083059423724 -0.0011085572898 0.0225
v 0.00837169110607 -0.00108827649137 0.0225
v 0.00843610928205 -0.00106409994555 0.0225
v 0.00849896629999 -0.00103611419809 0.0225
v 0.00856003714807 -0.00100441943071 0.0225
v 0.0086191032085 -0.000969129102452 0.0225
v 0.00867595304014 -0.000930369543531 0.0225
v 0.00873038313532 -0.000888279503108 0.0225
v 0.00878219864844 -0.000843009652604 0.0225
v 0.0088312140934 -0.000794722046335 0.0225
v 0.00887725400764 -0.000743589541398 0.0225
v 0.00892015358021 -0.000689795178891 0.0225
v 0.00895975924178 -0.00063353152867 0.0225
v 0.00899592921435 -0.000575 0.0225
v 0.00902853401882 -0.000514410120563 0.0225
v 0.00905745693843 -0.000451978786402 0.0225
v 0.00908259443666 -0.00038792948549 0.0225
v 0.00910385652777 -0.000322491497702 0.0225
v 0.00912116709901 -0.00025589907405 0.0225
v 0.00913446418301 -0.000188390598127 0.0225
v 0.00914370017967 -0.000120207732758 0.0225
v 0.00914884202652 -5.15945549031e-05 0.0225
v 0.00914987131708 1.72033180676e-05 0.0225
v 0.00914678436676 8.59396076244e-05 0.0225
v 0.00913959222603 0.00015436825569 0.0225
v 0.0091283206409 0.000222244305465 0.0225
v 0.00911300996072 0.000289324778306 0.0225
v 0.00909371499374 0.000355369543531 0.0225
v 0.00907050481094 0.000420142178021 0.0225
v 0.00904346249875 0.000483410812556 0.0225
v 0.00901268486164 0.000544948961844 0.0225
v 0.00897828207554 0.000604536335282 0.0225
v 0.00894037729351 0.000661959625539 0.0225
v 0.00889910620484 0.000717013272138 0.0225
v 0.0088546165493 0.000769500197313 0.0225
v 0.00880706758832 0.000819232511494 0.0225
v 0.00875662953483 0.000866032185904 0.0225
v 0.00870348294398 0.000909731689855 0.0225
v 0.00864781806677 0.000950174590463 0.0225
v 0.00858983416902 0.000987216112642 0.0225
v 0.00852973881802 0.00102072365736 0.0225
v 0.00846774713954 0.00105057727629 0.0225
v 0.00840408104769 0.00107667010124 0.0225
v 0.00833896845057 0.00109890872665 0.0225
v 0.00827264243437 0.00111721354404 0.0225
v 0.00820534042902 0.00113151902689 0.0225
v 0.00813730335822 0.00114177396529 0.0225
v 0.00806877477704 0.00114794164923 0.0225
v 0.008 0.00115 0.0225
v 0.008 0.00115 0.0205
v 0.00793122522296 0.00114794164923 0.0205
v 0.00786269664178 0.00114177396529 0.0205
v 0.00779465957098 0.00113151902689 0.0205
v 0.00772735756563 0.00111721354404 0.0205
v 0.00766103154943 0.00109890872665 0.0205
v 0.00759591895231 0.00107667010124 0.0205
v 0.00753225286046 0.00105057727629 0.0205
v 0.00747026118198 0.00102072365736 0.0205
v 0.00741016583098 0.000987216112642 0.0205
v 0.00735218193323 0.000950174590463 0.0205
v 0.00729651705602 0.000909731689855 0.0205
v 0.00724337046517 0.000866032185904 0.0205
v 0.00719293241168 0.000819232511494 0.0205
v 0.0071453834507 0.000769500197313 0.0205
v 0.00710089379516 0.000717013272138 0.0205
v 0.00705962270649 0.000661959625539 0.0205
v 0.00702171792446 0.000604536335282 0.0205
v 0.00698731513836 0.000544948961844 0.0205
v 0.00695653750125 0.000483410812556 0.0205
v 0.00692949518906 0.000420142178021 0.0205
v 0.00690628500626 0.000355369543531 0.0205
v 0.00688699003928 0.000289324778306 0.0205
v 0.0068716793591 0.000222244305465 0.0205
v 0.00686040777397 0.00015436825569 0.0205
v 0.00685321563324 8.59396076244e-05 0.0205
v 0.00685012868292 1.72033180676e-05 0.0205
v 0.00685115797348 -5.15945549031e-05 0.0205
v 0.00685629982033 -0.000120207732758 0.0205
v 0.00686553581699 -0.000188390598127 0.0205
v 0.00687883290099 -0.00025589907405 0.0205
v 0.00689614347223 -0.000322491497702 0.0205
v 0.00691740556334 -0.00038792948549 0.0205
v 0.00694254306157 -0.000451978786402 0.0205
v 0.00697146598118 -0.000514410120563 0.0205
v 0.00700407078565 -0.000575 0.0205
v 0.00704024075822 -0.00063353152867 0.0205
v 0.00707984641979 -0.000689795178891 0.0205
v 0.00712274599236 -0.000743589541398 0.0205
v 0.0071687859066 -0.000794722046335 0.0205
v 0.00721780135156 -0.000843009652604 0.0205
v 0.00726961686468 -0.000888279503108 0.0205
v 0.00732404695986 -0.000930369543531 0.0205
v 0.0073808967915 -0.000969129102452 0.0205
v 0.00743996285193 -0.00100441943071 0.0205
v 0.00750103370001 -0.00103611419809 0.0205
v 0.00756389071795 -0.00106409994555 0.0205
v 0.00762830889393 -0.00108827649137 0.0205
v 0.0076940576276 -0.0011085572898 0.0205
v 0.00776090155556 -0.00112486974084 0.0205
v 0.0078286013939 -0.00113715545016 0.0205
v 0.00789691479476 -0.00114537043809 0.0205
v 0.00796559721391 -0.00114948529713 0.0205
v 0.00803440278609 -0.00114948529713 0.0205
v 0.00810308520524 -0.00114537043809 0.0205
v 0.0081713986061 -0.00113715545016 0.0205
v 0.00823909844444 -0.00112486974084 0.0205
v 0.0083059423724 -0.0011085572898 0.0205
v 0.00837169110607 -0.00108827649137 0.0205
v 0.00843610928205 -0.00106409994555 0.0205
v 0.00849896629999 -0.00103611419809 0.0205
v 0.00856003714807 -0.00100441943071 0.0205
v 0.0086191032085 -0.000969129102452 0.0205
v 0.00867595304014 -0.000930369543531 0.0205
v 0.00873038313532 -0.000888279503108 0.0205
v 0.00878219864844 -0.000843009652604 0.0205
v 0.0088312140934 -0.000794722046335 0.0205
v 0.00887725400764 -0.000743589541398 0.0205
v 0.00892015358021 -0.000689795178891 0.0205
v 0.00895975924178 -0.00063353152867 0.0205
v 0.00899592921435 -0.000575 0.0205
v 0.00902853401882 -0.000514410120563 0.0205
v 0.00905745693843 -0.000451978786402 0.0205
v 0.00908259443666 -0.00038792948549 0.0205
v 0.00910385652777 -0.000322491497702 0.0205
v 0.00912116709901 -0.00025589907405 0.0205
v 0.00913446418301 -0.000188390598127 0.0205
v 0.00914370017967 -0.000120207732758 0.0205
v 0.00914884202652 -5.15945549031e-05 0.0205
v 0.00914987131708 1.72033180676e-05 0.0205
v 0.00914678436676 8.59396076244e-05 0.0205
v 0.00913959222603 0.00015436825569 0.0205
v 0.0091283206409 0.000222244305465 0.0205
v 0.00911300996072 0.000289324778306 0.0205
v 0.00909371499374 0.000355369543531 0.0205
v 0.00907050481094 0.000420142178021 0.0205
v 0.00904346249875 0.000483410812556 0.0205
v 0.00901268486164 0.000544948961844 0.0205
v 0.00897828207554 0.000604536335282 0.0205
v 0.00894037729351 0.000661959625539 0.0205
v 0.00889910620484 0.000717013272138 0.0205
v 0.0088546165493 0.000769500197313 0.0205
v 0.00880706758832 0.000819232511494 0.0205
v 0.00875662953483 0.000866032185904 0.0205
v 0.00870348294398 0.000909731689855 0.0205
v 0.00864781806677 0.000950174590463 0.0205
v 0.00858983416902 0.000987216112642 0.0205
v 0.00852973881802 0.00102072365736 0.0205
v 0.00846774713954 0.00105057727629 0.0205
v 0.00840408104769 0.00107667010124 0.0205
v 0.00833896845057 0.00109890872665 0.0205
v 0.00827264243437 0.00111721354404 0.0205
v 0.00820534042902 0.00113151902689 0.0205
v 0.00813730335822 0.00114177396529 0.0205
v 0.00806877477704 0.00114794164923 0.0205
v 0.008 0.00115 0.0205
v 0.002175 0.0152557368355 0.0205
v 1.833141824e-18 0.016511473671 0.0205
v 0.002175 0.0152557368355 0.0223
v 1.833141824e-18 0.016511473671 0.0223
v 0.002175 0.0127442631645 0.0205
v 0.002175 0.0152557368355 0.0205
v 0.002175 0.0127442631645 0.0223
v 0.002175 0.0152557368355 0.0223
v 1.833141824e-18 0.016511473671 0.0205
v -0.002175 0.0152557368355 0.0205
v 1.833141824e-18 0.016511473671 0.0223
v -0.002175 0.0152557368355 0.0223
v 9.67915825719e-19 0.011488526329 0.0205
v 0.002175 0.0127442631645 0.0205
v 9.67915825719e-19 0.011488526329 0.0223
v 0.002175 0.0127442631645 0.0223
v -0.002175 0.0152557368355 0.0205
v -0.002175 0.0127442631645 0.0205
v -0.002175 0.0152557368355 0.0223
v -0.002175 0.0127442631645 0.0223
v -0.002175 0.0127442631645 0.0205
v 9.67915825719e-19 0.011488526329 0.0205
v -0.002175 0.0127442631645 0.0223
v 9.67915825719e-19 0.011488526329 0.0223
v 1.29752283134e-18 0.00915 0.0225
v -6.87747770368e-05 0.00914794164923 0.0225
v -0.000137303358221 0.00914177396529 0.0225
v -0.000205340429018 0.00913151902689 0.0225
v -0.000272642434373 0.00911721354404 0.0225
v -0.000338968450573 0.00909890872665 0.0225
v -0.000404081047694 0.00907667010124 0.0225
v -0.000467747139537 0.00905057727629 0.0225
v -0.000529738818018 0.00902072365736 0.0225
v -0.000589834169017 0.00898721611264 0.0225
v -0.000647818066773 0.00895017459046 0.0225
v -0.000703482943982 0.00890973168985 0.0225
v -0.000756629534831 0.0088660321859 0.0225
v -0.000807067588317 0.00881923251149 0.0225
v -0.000854616549299 0.00876950019731 0.0225
v -0.000899106204838 0.00871701327214 0.0225
v -0.000940377293514 0.00866195962554 0.0225
v -0.00097828207554 0.00860453633528 0.0225
v -0.00101268486164 0.00854494896184 0.0225
v -0.00104346249875 0.00848341081256 0.0225
v -0.00107050481094 0.00842014217802 0.0225
v -0.00109371499374 0.00835536954353 0.0225
v -0.00111300996072 0.00828932477831 0.0225
v -0.0011283206409 0.00822224430546 0.0225
v -0.00113959222603 0.00815436825569 0.0225
v -0.00114678436676 0.00808593960762 0.0225
v -0.00114987131708 0.00801720331807 0.0225
v -0.00114884202652 0.0079484054451 0.0225
v -0.00114370017967 0.00787979226724 0.0225
v -0.00113446418301 0.00781160940187 0.0225
v -0.00112116709901 0.00774410092595 0.0225
v -0.00110385652777 0.0076775085023 0.0225
v -0.00108259443666 0.00761207051451 0.0225
v -0.00105745693843 0.0075480212136 0.0225
v -0.00102853401882 0.00748558987944 0.0225
v -0.000995929214352 0.007425 0.0225
v -0.000959759241779 0.00736646847133 0.0225
v -0.000920153580213 0.00731020482111 0.0225
v -0.000877254007642 0.0072564104586 0.0225
v -0.000831214093401 0.00720527795367 0.0225
v -0.000782198648437 0.0071569903474 0.0225
v -0.000730383135319 0.00711172049689 0.0225
v -0.000675953040136 0.00706963045647 0.0225
v -0.000619103208504 0.00703087089755 0.0225
v -0.000560037148065 0.00699558056929 0.0225
v -0.000498966299985 0.00696388580191 0.0225
v -0.000436109282051 0.00693590005445 0.0225
v -0.000371691106073 0.00691172350863 0.0225
v -0.000305942372402 0.0068914427102 0.0225
v -0.00023909844444 0.00687513025916 0.0225
v -0.000171398606103 0.00686284454984 0.0225
v -0.000103085205239 0.00685462956191 0.0225
v -3.44027860948e-05 0.00685051470287 0.0225
v 3.44027860948e-05 0.00685051470287 0.0225
v 0.000103085205239 0.00685462956191 0.0225
v 0.000171398606103 0.00686284454984 0.0225
v 0.00023909844444 0.00687513025916 0.0225
v 0.000305942372402 0.0068914427102 0.0225
v 0.000371691106073 0.00691172350863 0.0225
v 0.000436109282051 0.00693590005445 0.0225
v 0.000498966299985 0.00696388580191 0.0225
v 0.000560037148065 0.00699558056929 0.0225
v 0.000619103208504 0.00703087089755 0.0225
v 0.000675953040136 0.00706963045647 0.0225
v 0.000730383135319 0.00711172049689 0.0225
v 0.000782198648437 0.0071569903474 0.0225
v 0.000831214093402 0.00720527795367 0.0225
v 0.000877254007642 0.0072564104586 0.0225
v 0.000920153580213 0.00731020482111 0.0225
v 0.00095975924178 0.00736646847133 0.0225
v 0.000995929214352 0.007425 0.0225
v 0.00102853401882 0.00748558987944 0.0225
v 0.00105745693843 0.0075480212136 0.0225
v 0.00108259443666 0.00761207051451 0.0225
v 0.00110385652777 0.0076775085023 0.0225
v 0.00112116709901 0.00774410092595 0.0225
v 0.00113446418301 0.00781160940187 0.0225
v 0.00114370017967 0.00787979226724 0.0225
v 0.00114884202652 0.0079484054451 0.0225
v 0.00114987131708 0.00801720331807 0.0225
v 0.00114678436676 0.00808593960762 0.0225
v 0.00113959222603 0.00815436825569 0.0225
v 0.0011283206409 0.00822224430546 0.0225
v 0.00111300996072 0.00828932477831 0.0225
v 0.00109371499374 0.00835536954353 0.0225
v 0.00107050481094 0.00842014217802 0.0225
v 0.00104346249875 0.00848341081256 0.0225
v 0.00101268486164 0.00854494896184 0.0225
v 0.00097828207554 0.00860453633528 0.0225
v 0.000940377293514 0.00866195962554 0.0225
v 0.000899106204838 0.00871701327214 0.0225
v 0.000854616549299 0.00876950019731 0.0225
v 0.000807067588317 0.00881923251149 0.0225
v 0.000756629534831 0.0088660321859 0.0225
v 0.000703482943982 0.00890973168985 0.0225
v 0.000647818066773 0.00895017459046 0.0225
v 0.000589834169017 0.00898721611264 0.0225
v 0.000529738818018 0.00902072365736 0.0225
v 0.000467747139537 0.00905057727629 0.0225
v 0.000404081047694 0.00907667010124 0.0225
v 0.000338968450573 0.00909890872665 0.0225
v 0.000272642434373 0.00911721354404 0.0225
v 0.000205340429018 0.00913151902689 0.0225
v 0.000137303358221 0.00914177396529 0.0225
v 6.87747770368e-05 0.00914794164923 0.0225
v 1.29752283134e-18 0.00915 0.0225
v 1.29752283134e-18 0.00915 0.0205
v -6.87747770368e-05 0.00914794164923 0.0205
v -0.000137303358221 0.00914177396529 0.0205
v -0.000205340429018 0.00913151902689 0.0205
v -0.000272642434373 0.00911721354404 0.0205
v -0.000338968450573 0.00909890872665 0.0205
v -0.000404081047694 0.00907667010124 0.0205
v -0.000467747139537 0.00905057727629 0.0205
v -0.000529738818018 0.00902072365736 0.0205
v -0.000589834169017 0.00898721611264 0.0205
v -0.000647818066773 0.00895017459046 0.0205
v -0.000703482943982 0.00890973168985 0.0205
v -0.000756629534831 0.0088660321859 0.0205
v -0.000807067588317 0.00881923251149 0.0205
v -0.000854616549299 0.00876950019731 0.0205
v -0.000899106204838 0.00871701327214 0.0205
v -0.000940377293514 0.00866195962554 0.0205
v -0.00097828207554 0.00860453633528 0.0205
v -0.00101268486164 0.00854494896184 0.0205
v -0.00104346249875 0.00848341081256 0.0205
v -0.00107050481094 0.00842014217802 0.0205
v -0.00109371499374 0.00835536954353 0.0205
v -0.00111300996072 0.00828932477831 0.0205
v -0.0011283206409 0.00822224430546 0.0205
v -0.00113959222603 0.00815436825569 0.0205
v -0.00114678436676 0.00808593960762 0.0205
v -0.00114987131708 0.00801720331807 0.0205
v -0.00114884202652 0.0079484054451 0.0205
v -0.00114370017967 0.00787979226724 0.0205
v -0.00113446418301 0.00781160940187 0.0205
v -0.00112116709901 0.00774410092595 0.0205
v -0.00110385652777 0.0076775085023 0.0205
v -0.00108259443666 0.00761207051451 0.0205
v -0.00105745693843 0.0075480212136 0.0205
v -0.00102853401882 0.00748558987944 0.0205
v -0.000995929214352 0.007425 0.0205
v -0.000959759241779 0.00736646847133 0.0205
v -0.000920153580213 0.00731020482111 0.0205
v -0.000877254007642 0.0072564104586 0.0205
v -0.000831214093401 0.00720527795367 0.0205
v -0.000782198648437 0.0071569903474 0.0205
v -0.000730383135319 0.00711172049689 0.0205
v -0.000675953040136 0.00706963045647 0.0205
v -0.000619103208504 0.00703087089755 0.0205
v -0.000560037148065 0.00699558056929 0.0205
v -0.000498966299985 0.00696388580191 0.0205
v -0.000436109282051 0.00693590005445 0.0205
v -0.000371691106073 0.00691172350863 0.0205
v -0.000305942372402 0.0068914427102 0.0205
v -0.00023909844444 0.00687513025916 0.0205
v -0.000171398606103 0.00686284454984 0.0205
v -0.000103085205239 0.00685462956191 0.0205
v -3.44027860948e-05 0.00685051470287 0.0205
v 3.44027860948e-05 0.00685051470287 0.0205
v 0.000103085205239 0.00685462956191 0.0205
v 0.000171398606103 0.00686284454984 0.0205
v 0.00023909844444 0.00687513025916 0.0205
v 0.000305942372402 0.0068914427102 0.0205
v 0.000371691106073 0.00691172350863 0.0205
v 0.000436109282051 0.00693590005445 0.0205
v 0.000498966299985 0.00696388580191 0.0205
v 0.000560037148065 0.00699558056929 0.0205
v 0.000619103208504 0.00703087089755 0.0205
v 0.000675953040136 0.00706963045647 0.0205
v 0.000730383135319 0.00711172049689 0.0205
v 0.000782198648437 0.0071569903474 0.0205
v 0.000831214093402 0.00720527795367 0.0205
v 0.000877254007642 0.0072564104586 0.0205
v 0.000920153580213 0.00731020482111 0.0205
v 0.00095975924178 0.00736646847133 0.0205
v 0.000995929214352 0.007425 0.0205
v 0.00102853401882 0.00748558987944 0.0205
v 0.00105745693843 0.0075480212136 0.0205
v 0.00108259443666 0.00761207051451 0.0205
v 0.00110385652777 0.0076775085023 0.0205
v 0.00112116709901 0.00774410092595 0.0205
v 0.00113446418301 0.00781160940187 0.0205
v 0.00114370017967 0.00787979226724 0.0205
v 0.00114884202652 0.0079484054451 0.0205
v 0.00114987131708 0.00801720331807 0.0205
v 0.00114678436676 0.00808593960762 0.0205
v 0.00113959222603 0.00815436825569 0.0205
v 0.0011283206409 0.00822224430546 0.0205
v 0.00111300996072 0.00828932477831 0.0205
v 0.00109371499374 0.00835536954353 0.0205
v 0.00107050481094 0.00842014217802 0.0205
v 0.00104346249875 0.00848341081256 0.0205
v 0.00101268486164 0.00854494896184 0.0205
v 0.00097828207554 0.00860453633528 0.0205
v 0.000940377293514 0.00866195962554 0.0205
v 0.000899106204838 0.00871701327214 0.0205
v 0.000854616549299 0.00876950019731 0.0205
v 0.000807067588317 0.00881923251149 0.0205
v 0.000756629534831 0.0088660321859 0.0205
v 0.000703482943982 0.00890973168985 0.0205
v 0.000647818066773 0.00895017459046 0.0205
v 0.000589834169017 0.00898721611264 0.0205
v 0.000529738818018 0.00902072365736 0.0205
v 0.000467747139537 0.00905057727629 0.0205
v 0.000404081047694 0.00907667010124 0.0205
v 0.000338968450573 0.00909890872665 0.0205
v 0.000272642434373 0.00911721354404 0.0205
v 0.000205340429018 0.00913151902689 0.0205
v 0.000137303358221 0.00914177396529 0.0205
v 6.87747770368e-05 0.00914794164923 0.0205
v 1.29752283134e-18 0.00915 0.0205
v 1.53059214786e-18 0.0043 0.0225
v -0.000257157861964 0.004292303558 0.0225
v -0.000513395165523 0.00426924178327 0.0225
v -0.000767794647634 0.00423089723097 0.0225
v -0.00101944562418 0.00417740716466 0.0225
v -0.00126744724997 0.00410896306488 0.0225
v -0.00151091174355 0.00402580994375 0.0225
v -0.00174896756523 0.00392824546786 0.0225
v -0.00198076253694 0.00381661889272 0.0225
v -0.00220546689285 0.00369132981249 0.0225
v -0.00242227624967 0.00355282672956 0.0225
v -0.00263041448619 0.00340160544902 0.0225
v -0.00282913652154 0.00323820730382 0.0225
v -0.0030177309824 0.00306321721689 0.0225
v -0.00319552274955 0.00287726160734 0.0225
v -0.00336187537461 0.00268100614799 0.0225
v -0.00351619335836 0.00247515338245 0.0225
v -0.00365792428246 0.00226044021019 0.0225
v -0.00378656078698 0.00203763524863 0.0225
v -0.00390164238664 0.00180753608173 0.0225
v -0.00400275711917 0.00157096640478 0.0225
v -0.00408954302007 0.00132877307581 0.0225
v -0.00416168941834 0.0010818230841 0.0225
v -0.00421893804859 0.000831000446521 0.0225
v -0.0042610839756 0.000577203043016 0.0225
v -0.00428797632788 0.000321339402422 0.0225
v -0.00429951883778 6.43254501656e-05 0.0225
v -0.00429567018613 -0.000192918770507 0.0225
v -0.00427644415008 -0.000449472392051 0.0225
v -0.00424190955387 -0.000704417019085 0.0225
v -0.00419219002238 -0.000956840016012 0.0225
v -0.00412746353863 -0.00120583777402 0.0225
v -0.00404796180664 -0.00145051894575 0.0225
v -0.00395396942197 -0.00169000763611 0.0225
v -0.00384582285297 -0.00192344653776 0.0225
v -0.00372390923627 -0.00215 0.0225
v -0.003588664991 -0.00236885702024 0.0225
v -0.00344057425645 -0.00257923414716 0.0225
v -0.00328016715901 -0.00278037828523 0.0225
v -0.00310801791446 -0.00297156939064 0.0225
v -0.00292474277241 -0.00315212304887 0.0225
v -0.00273099781032 -0.00332139292467 0.0225
v -0.00252747658486 -0.00347877307581 0.0225
v -0.00231490764919 -0.00362370012221 0.0225
v -0.00209405194494 -0.00375565526265 0.0225
v -0.00186570007821 -0.00387416613198 0.0225
v -0.00163066948941 -0.00397880849204 0.0225
v -0.00138980152705 -0.00406920775034 0.0225
v -0.00114395843594 -0.00414504030099 0.0225
v -0.000894020270516 -0.00420603468316 0.0225
v -0.000640881744558 -0.00425197255277 0.0225
v -0.000385449028285 -0.00428268946418 0.0225
v -0.000128636504528 -0.00429807545882 0.0225
v 0.000128636504528 -0.00429807545882 0.0225
v 0.000385449028285 -0.00428268946418 0.0225
v 0.000640881744558 -0.00425197255277 0.0225
v 0.000894020270516 -0.00420603468316 0.0225
v 0.00114395843594 -0.00414504030099 0.0225
v 0.00138980152705 -0.00406920775034 0.0225
v 0.00163066948941 -0.00397880849204 0.0225
v 0.00186570007821 -0.00387416613198 0.0225
v 0.00209405194494 -0.00375565526265 0.0225
v 0.00231490764919 -0.00362370012221 0.0225
v 0.00252747658486 -0.00347877307581 0.0225
v 0.00273099781032 -0.00332139292467 0.0225
v 0.00292474277241 -0.00315212304887 0.0225
v 0.00310801791446 -0.00297156939064 0.0225
v 0.00328016715901 -0.00278037828523 0.0225
v 0.00344057425645 -0.00257923414716 0.0225
v 0.003588664991 -0.00236885702024 0.0225
v 0.00372390923627 -0.00215 0.0225
v 0.00384582285297 -0.00192344653776 0.0225
v 0.00395396942197 -0.00169000763611 0.0225
v 0.00404796180664 -0.00145051894575 0.0225
v 0.00412746353863 -0.00120583777402 0.0225
v 0.00419219002238 -0.000956840016012 0.0225
v 0.00424190955387 -0.000704417019085 0.0225
v 0.00427644415008 -0.000449472392051 0.0225
v 0.00429567018613 -0.000192918770507 0.0225
v 0.00429951883778 6.43254501656e-05 0.0225
v 0.00428797632788 0.000321339402422 0.0225
v 0.0042610839756 0.000577203043016 0.0225
v 0.00421893804859 0.000831000446521 0.0225
v 0.00416168941834 0.0010818230841 0.0225
v 0.00408954302007 0.00132877307581 0.0225
v 0.00400275711917 0.00157096640478 0.0225
v 0.00390164238664 0.00180753608173 0.0225
v 0.00378656078698 0.00203763524863 0.0225
v 0.00365792428246 0.00226044021019 0.0225
v 0.00351619335836 0.00247515338245 0.0225
v 0.00336187537461 0.00268100614799 0.0225
v 0.00319552274955 0.00287726160734 0.0225
v 0.0030177309824 0.00306321721689 0.0225
v 0.00282913652154 0.00323820730382 0.0225
v 0.00263041448619 0.00340160544902 0.0225
v 0.00242227624967 0.00355282672956 0.0225
v 0.00220546689285 0.00369132981249 0.0225
v 0.00198076253694 0.00381661889272 0.0225
v 0.00174896756523 0.00392824546786 0.0225
v 0.00151091174355 0.00402580994375 0.0225
v 0.00126744724997 0.00410896306488 0.0225
v 0.00101944562418 0.00417740716466 0.0225
v 0.000767794647634 0.00423089723097 0.0225
v 0.000513395165523 0.00426924178327 0.0225
v 0.000257157861964 0.004292303558 0.0225
v 1.53059214786e-18 0.0043 0.0225
v 1.53059214786e-18 0.0043 0.0205
v -0.000257157861964 0.004292303558 0.0205
v -0.000513395165523 0.00426924178327 0.0205
v -0.000767794647634 0.00423089723097 0.0205
v -0.00101944562418 0.00417740716466 0.0205
v -0.00126744724997 0.00410896306488 0.0205
v -0.00151091174355 0.00402580994375 0.0205
v -0.00174896756523 0.00392824546786 0.0205
v -0.00198076253694 0.00381661889272 0.0205
v -0.00220546689285 0.00369132981249 0.0205
v -0.00242227624967 0.00355282672956 0.0205
v -0.00263041448619 0.00340160544902 0.0205
v -0.00282913652154 0.00323820730382 0.0205
v -0.0030177309824 0.00306321721689 0.0205
v -0.00319552274955 0.00287726160734 0.0205
v -0.00336187537461 0.00268100614799 0.0205
v -0.00351619335836 0.00247515338245 0.0205
v -0.00365792428246 0.00226044021019 0.0205
v -0.00378656078698 0.00203763524863 0.0205
v -0.00390164238664 0.00180753608173 0.0205
v -0.00400275711917 0.00157096640478 0.0205
v -0.00408954302007 0.00132877307581 0.0205
v -0.00416168941834 0.0010818230841 0.0205
v -0.00421893804859 0.000831000446521 0.0205
v -0.0042610839756 0.000577203043016 0.0205
v -0.00428797632788 0.000321339402422 0.0205
v -0.00429951883778 6.43254501656e-05 0.0205
v -0.00429567018613 -0.000192918770507 0.0205
v -0.00427644415008 -0.000449472392051 0.0205
v -0.00424190955387 -0.000704417019085 0.0205
v -0.00419219002238 -0.000956840016012 0.0205
v -0.00412746353863 -0.00120583777402 0.0205
v -0.00404796180664 -0.00145051894575 0.0205
v -0.00395396942197 -0.00169000763611 0.0205
v -0.00384582285297 -0.00192344653776 0.0205
v -0.00372390923627 -0.00215 0.0205
v -0.003588664991 -0.00236885702024 0.0205
v -0.00344057425645 -0.00257923414716 0.0205
v -0.00328016715901 -0.00278037828523 0.0205
v -0.00310801791446 -0.00297156939064 0.0205
v -0.00292474277241 -0.00315212304887 0.0205
v -0.00273099781032 -0.00332139292467 0.0205
v -0.00252747658486 -0.00347877307581 0.0205
v -0.00231490764919 -0.00362370012221 0.0205
v -0.00209405194494 -0.00375565526265 0.0205
v -0.00186570007821 -0.00387416613198 0.0205
v -0.00163066948941 -0.00397880849204 0.0205
v -0.00138980152705 -0.00406920775034 0.0205
v -0.00114395843594 -0.00414504030099 0.0205
v -0.000894020270516 -0.00420603468316 0.0205
v -0.000640881744558 -0.00425197255277 0.0205
v -0.000385449028285 -0.00428268946418 0.0205
v -0.000128636504528 -0.00429807545882 0.0205
v 0.000128636504528 -0.00429807545882 0.0205
v 0.000385449028285 -0.00428268946418 0.0205
v 0.000640881744558 -0.00425197255277 0.0205
v 0.000894020270516 -0.00420603468316 0.0205
v 0.00114395843594 -0.00414504030099 0.0205
v 0.00138980152705 -0.00406920775034 0.0205
v 0.00163066948941 -0.00397880849204 0.0205
v 0.00186570007821 -0.00387416613198 0.0205
v 0.00209405194494 -0.00375565526265 0.0205
v 0.00231490764919 -0.00362370012221 0.0205
v 0.00252747658486 -0.00347877307581 0.0205
v 0.00273099781032 -0.00332139292467 0.0205
v 0.00292474277241 -0.00315212304887 0.0205
v 0.00310801791446 -0.00297156939064 0.0205
v 0.00328016715901 -0.00278037828523 0.0205
v 0.00344057425645 -0.00257923414716 0.0205
v 0.003588664991 -0.00236885702024 0.0205
v 0.00372390923627 -0.00215 0.0205
v 0.00384582285297 -0.00192344653776 0.0205
v 0.00395396942197 -0.00169000763611 0.0205
v 0.00404796180664 -0.00145051894575 0.0205
v 0.00412746353863 -0.00120583777402 0.0205
v 0.00419219002238 -0.000956840016012 0.0205
v 0.00424190955387 -0.000704417019085 0.0205
v 0.00427644415008 -0.000449472392051 0.0205
v 0.00429567018613 -0.000192918770507 0.0205
v 0.00429951883778 6.43254501656e-05 0.0205
v 0.00428797632788 0.000321339402422 0.0205
v 0.0042610839756 0.000577203043016 0.0205
v 0.00421893804859 0.000831000446521 0.0205
v 0.00416168941834 0.0010818230841 0.0205
v 0.00408954302007 0.00132877307581 0.0205
v 0.00400275711917 0.00157096640478 0.0205
v 0.00390164238664 0.00180753608173 0.0205
v 0.00378656078698 0.00203763524863 0.0205
v 0.00365792428246 0.00226044021019 0.0205
v 0.00351619335836 0.00247515338245 0.0205
v 0.00336187537461 0.00268100614799 0.0205
v 0.00319552274955 0.00287726160734 0.0205
v 0.0030177309824 0.00306321721689 0.0205
v 0.00282913652154 0.00323820730382 0.0205
v 0.00263041448619 0.00340160544902 0.0205
v 0.00242227624967 0.00355282672956 0.0205
v 0.00220546689285 0.00369132981249 0.0205
v 0.00198076253694 0.00381661889272 0.0205
v 0.00174896756523 0.00392824546786 0.0205
v 0.00151091174355 0.00402580994375 0.0205
v 0.00126744724997 0.00410896306488 0.0205
v 0.00101944562418 0.00417740716466 0.0205
v 0.000767794647634 0.00423089723097 0.0205
v 0.000513395165523 0.00426924178327 0.0205
v 0.000257157861964 0.004292303558 0.0205
v 1.53059214786e-18 0.0043 0.0205
v -4.78834008064e-19 -0.00685 0.0225
v -6.87747770368e-05 -0.00685205835077 0.0225
v -0.000137303358221 -0.00685822603471 0.0225
v -0.000205340429018 -0.00686848097311 0.0225
v -0.000272642434373 -0.00688278645596 0.0225
v -0.000338968450573 -0.00690109127335 0.0225
v -0.000404081047694 -0.00692332989876 0.0225
v -0.000467747139537 -0.00694942272371 0.0225
v -0.000529738818018 -0.00697927634264 0.0225
v -0.000589834169017 -0.00701278388736 0.0225
v -0.000647818066773 -0.00704982540954 0.0225
v -0.000703482943982 -0.00709026831015 0.0225
v -0.000756629534831 -0.0071339678141 0.0225
v -0.000807067588317 -0.00718076748851 0.0225
v -0.000854616549299 -0.00723049980269 0.0225
v -0.000899106204838 -0.00728298672786 0.0225
v -0.000940377293514 -0.00733804037446 0.0225
v -0.00097828207554 -0.00739546366472 0.0225
v -0.00101268486164 -0.00745505103816 0.0225
v -0.00104346249875 -0.00751658918744 0.0225
v -0.00107050481094 -0.00757985782198 0.0225
v -0.00109371499374 -0.00764463045647 0.0225
v -0.00111300996072 -0.00771067522169 0.0225
v -0.0011283206409 -0.00777775569454 0.0225
v -0.00113959222603 -0.00784563174431 0.0225
v -0.00114678436676 -0.00791406039238 0.0225
v -0.00114987131708 -0.00798279668193 0.0225
v -0.00114884202652 -0.0080515945549 0.0225
v -0.00114370017967 -0.00812020773276 0.0225
v -0.00113446418301 -0.00818839059813 0.0225
v -0.00112116709901 -0.00825589907405 0.0225
v -0.00110385652777 -0.0083224914977 0.0225
v -0.00108259443666 -0.00838792948549 0.0225
v -0.00105745693843 -0.0084519787864 0.0225
v -0.00102853401882 -0.00851441012056 0.0225
v -0.000995929214352 -0.008575 0.0225
v -0.000959759241779 -0.00863353152867 0.0225
v -0.000920153580213 -0.00868979517889 0.0225
v -0.000877254007642 -0.0087435895414 0.0225
v -0.000831214093402 -0.00879472204633 0.0225
v -0.000782198648437 -0.0088430096526 0.0225
v -0.000730383135319 -0.00888827950311 0.0225
v -0.000675953040136 -0.00893036954353 0.0225
v -0.000619103208504 -0.00896912910245 0.0225
v -0.000560037148065 -0.00900441943071 0.0225
v -0.000498966299985 -0.00903611419809 0.0225
v -0.000436109282051 -0.00906409994555 0.0225
v -0.000371691106073 -0.00908827649137 0.0225
v -0.000305942372402 -0.0091085572898 0.0225
v -0.00023909844444 -0.00912486974084 0.0225
v -0.000171398606103 -0.00913715545016 0.0225
v -0.000103085205239 -0.00914537043809 0.0225
v -3.44027860948e-05 -0.00914948529713 0.0225
v 3.44027860948e-05 -0.00914948529713 0.0225
v 0.000103085205239 -0.00914537043809 0.0225
v 0.000171398606103 -0.00913715545016 0.0225
v 0.00023909844444 -0.00912486974084 0.0225
v 0.000305942372402 -0.0091085572898 0.0225
v 0.000371691106073 -0.00908827649137 0.0225
v 0.000436109282051 -0.00906409994555 0.0225
v 0.000498966299985 -0.00903611419809 0.0225
v 0.000560037148065 -0.00900441943071 0.0225
v 0.000619103208504 -0.00896912910245 0.0225
v 0.000675953040136 -0.00893036954353 0.0225
v 0.000730383135319 -0.00888827950311 0.0225
v 0.000782198648437 -0.0088430096526 0.0225
v 0.000831214093402 -0.00879472204633 0.0225
v 0.000877254007642 -0.0087435895414 0.0225
v 0.000920153580213 -0.00868979517889 0.0225
v 0.000959759241779 -0.00863353152867 0.0225
v 0.000995929214352 -0.008575 0.0225
v 0.00102853401882 -0.00851441012056 0.0225
v 0.00105745693843 -0.0084519787864 0.0225
v 0.00108259443666 -0.00838792948549 0.0225
v 0.00110385652777 -0.0083224914977 0.0225
v 0.00112116709901 -0.00825589907405 0.0225
v 0.00113446418301 -0.00818839059813 0.0225
v 0.00114370017967 -0.00812020773276 0.0225
v 0.00114884202652 -0.0080515945549 0.0225
v 0.00114987131708 -0.00798279668193 0.0225
v 0.00114678436676 -0.00791406039238 0.0225
v 0.00113959222603 -0.00784563174431 0.0225
v 0.0011283206409 -0.00777775569454 0.0225
v 0.00111300996072 -0.00771067522169 0.0225
v 0.00109371499374 -0.00764463045647 0.0225
v 0.00107050481094 -0.00757985782198 0.0225
v 0.00104346249875 -0.00751658918744 0.0225
v 0.00101268486164 -0.00745505103816 0.0225
v 0.00097828207554 -0.00739546366472 0.0225
v 0.000940377293514 -0.00733804037446 0.0225
v 0.000899106204838 -0.00728298672786 0.0225
v 0.000854616549299 -0.00723049980269 0.0225
v 0.000807067588317 -0.00718076748851 0.0225
v 0.000756629534831 -0.0071339678141 0.0225
v 0.000703482943982 -0.00709026831015 0.0225
v 0.000647818066773 -0.00704982540954 0.0225
v 0.000589834169017 -0.00701278388736 0.0225
v 0.000529738818018 -0.00697927634264 0.0225
v 0.000467747139537 -0.00694942272371 0.0225
v 0.000404081047694 -0.00692332989876 0.0225
v 0.000338968450573 -0.00690109127335 0.0225
v 0.000272642434373 -0.00688278645596 0.0225
v 0.000205340429018 -0.00686848097311 0.0225
v 0.000137303358221 -0.00685822603471 0.0225
v 6.87747770368e-05 -0.00685205835077 0.0225
v -4.78834008064e-19 -0.00685 0.0225
v -4.78834008064e-19 -0.00685 0.0205
v -6.87747770368e-05 -0.00685205835077 0.0205
v -0.000137303358221 -0.00685822603471 0.0205
v -0.000205340429018 -0.00686848097311 0.0205
v -0.000272642434373 -0.00688278645596 0.0205
v -0.000338968450573 -0.00690109127335 0.0205
v -0.000404081047694 -0.00692332989876 0.0205
v -0.000467747139537 -0.00694942272371 0.0205
v -0.000529738818018 -0.00697927634264 0.0205
v -0.000589834169017 -0.00701278388736 0.0205
v -0.000647818066773 -0.00704982540954 0.0205
v -0.000703482943982 -0.00709026831015 0.0205
v -0.000756629534831 -0.0071339678141 0.0205
v -0.000807067588317 -0.00718076748851 0.0205
v -0.000854616549299 -0.00723049980269 0.0205
v -0.000899106204838 -0.00728298672786 0.0205
v -0.000940377293514 -0.00733804037446 0.0205
v -0.00097828207554 -0.00739546366472 0.0205
v -0.00101268486164 -0.00745505103816 0.0205
v -0.00104346249875 -0.00751658918744 0.0205
v -0.00107050481094 -0.00757985782198 0.0205
v -0.00109371499374 -0.00764463045647 0.0205
v -0.00111300996072 -0.00771067522169 0.0205
v -0.0011283206409 -0.00777775569454 0.0205
v -0.00113959222603 -0.00784563174431 0.0205
v -0.00114678436676 -0.00791406039238 0.0205
v -0.00114987131708 -0.00798279668193 0.0205
v -0.00114884202652 -0.0080515945549 0.0205
v -0.00114370017967 -0.00812020773276 0.0205
v -0.00113446418301 -0.00818839059813 0.0205
v -0.00112116709901 -0.00825589907405 0.0205
v -0.00110385652777 -0.0083224914977 0.0205
v -0.00108259443666 -0.00838792948549 0.0205
v -0.00105745693843 -0.0084519787864 0.0205
v -0.00102853401882 -0.00851441012056 0.0205
v -0.000995929214352 -0.008575 0.0205
v -0.000959759241779 -0.00863353152867 0.0205
v -0.000920153580213 -0.00868979517889 0.0205
v -0.000877254007642 -0.0087435895414 0.0205
v -0.000831214093402 -0.00879472204633 0.0205
v -0.000782198648437 -0.0088430096526 0.0205
v -0.000730383135319 -0.00888827950311 0.0205
v -0.000675953040136 -0.00893036954353 0.0205
v -0.000619103208504 -0.00896912910245 0.0205
v -0.000560037148065 -0.00900441943071 0.0205
v -0.000498966299985 -0.00903611419809 0.0205
v -0.000436109282051 -0.00906409994555 0.0205
v -0.000371691106073 -0.00908827649137 0.0205
v -0.000305942372402 -0.0091085572898 0.0205
v -0.00023909844444 -0.00912486974084 0.0205
v -0.000171398606103 -0.00913715545016 0.0205
v -0.000103085205239 -0.00914537043809 0.0205
v -3.44027860948e-05 -0.00914948529713 0.0205
v 3.44027860948e-05 -0.00914948529713 0.0205
v 0.000103085205239 -0.00914537043809 0.0205
v 0.000171398606103 -0.00913715545016 0.0205
v 0.00023909844444 -0.00912486974084 0.0205
v 0.000305942372402 -0.0091085572898 0.0205
v 0.000371691106073 -0.00908827649137 0.0205
v 0.000436109282051 -0.00906409994555 0.0205
v 0.000498966299985 -0.00903611419809 0.0205
v 0.000560037148065 -0.00900441943071 0.0205
v 0.000619103208504 -0.00896912910245 0.0205
v 0.000675953040136 -0.00893036954353 0.0205
v 0.000730383135319 -0.00888827950311 0.0205
v 0.000782198648437 -0.0088430096526 0.0205
v 0.000831214093402 -0.00879472204633 0.0205
v 0.000877254007642 -0.0087435895414 0.0205
v 0.000920153580213 -0.00868979517889 0.0205
v 0.000959759241779 -0.00863353152867 0.0205
v 0.000995929214352 -0.008575 0.0205
v 0.00102853401882 -0.00851441012056 0.0205
v 0.00105745693843 -0.0084519787864 0.0205
v 0.00108259443666 -0.00838792948549 0.0205
v 0.00110385652777 -0.0083224914977 0.0205
v 0.00112116709901 -0.00825589907405 0.0205
v 0.00113446418301 -0.00818839059813 0.0205
v 0.00114370017967 -0.00812020773276 0.0205
v 0.00114884202652 -0.0080515945549 0.0205
v 0.00114987131708 -0.00798279668193 0.0205
v 0.00114678436676 -0.00791406039238 0.0205
v 0.00113959222603 -0.00784563174431 0.0205
v 0.0011283206409 -0.00777775569454 0.0205
v 0.00111300996072 -0.00771067522169 0.0205
v 0.00109371499374 -0.00764463045647 0.0205
v 0.00107050481094 -0.00757985782198 0.0205
v 0.00104346249875 -0.00751658918744 0.0205
v 0.00101268486164 -0.00745505103816 0.0205
v 0.00097828207554 -0.00739546366472 0.0205
v 0.000940377293514 -0.00733804037446 0.0205
v 0.000899106204838 -0.00728298672786 0.0205
v 0.000854616549299 -0.00723049980269 0.0205
v 0.000807067588317 -0.00718076748851 0.0205
v 0.000756629534831 -0.0071339678141 0.0205
v 0.000703482943982 -0.00709026831015 0.0205
v 0.000647818066773 -0.00704982540954 0.0205
v 0.000589834169017 -0.00701278388736 0.0205
v 0.000529738818018 -0.00697927634264 0.0205
v 0.000467747139537 -0.00694942272371 0.0205
v 0.000404081047694 -0.00692332989876 0.0205
v 0.000338968450573 -0.00690109127335 0.0205
v 0.000272642434373 -0.00688278645596 0.0205
v 0.000205340429018 -0.00686848097311 0.0205
v 0.000137303358221 -0.00685822603471 0.0205
v 6.87747770368e-05 -0.00685205835077 0.0205
v -4.78834008064e-19 -0.00685 0.0205
v 0.002175 -0.0127442631645 0.0205
v -1.27548264495e-18 -0.011488526329 0.0205
v 0.002175 -0.0127442631645 0.0223
v -1.27548264495e-18 -0.011488526329 0.0223
v 0.002175 -0.0152557368355 0.0205
v 0.002175 -0.0127442631645 0.0205
v 0.002175 -0.0152557368355 0.0223
v 0.002175 -0.0127442631645 0.0223
v -1.27548264495e-18 -0.011488526329 0.0205
v -0.002175 -0.0127442631645 0.0205
v -1.27548264495e-18 -0.011488526329 0.0223
v -0.002175 -0.0127442631645 0.0223
v -2.14070864323e-18 -0.016511473671 0.0205
v 0.002175 -0.0152557368355 0.0205
v -2.14070864323e-18 -0.016511473671 0.0223
v 0.002175 -0.0152557368355 0.0223
v -0.002175 -0.0127442631645 0.0205
v -0.002175 -0.0152557368355 0.0205
v -0.002175 -0.0127442631645 0.0223
v -0.002175 -0.0152557368355 0.0223
v -0.002175 -0.0152557368355 0.0205
v -2.14070864323e-18 -0.016511473671 0.0205
v -0.002175 -0.0152557368355 0.0223
v -2.14070864323e-18 -0.016511473671 0.0223
v -0.008 0.00115 0.0225
v -0.00806877477704 0.00114794164923 0.0225
v -0.00813730335822 0.00114177396529 0.0225
v -0.00820534042902 0.00113151902689 0.0225
v -0.00827264243437 0.00111721354404 0.0225
v -0.00833896845057 0.00109890872665 0.0225
v -0.00840408104769 0.00107667010124 0.0225
v -0.00846774713954 0.00105057727629 0.0225
v -0.00852973881802 0.00102072365736 0.0225
v -0.00858983416902 0.000987216112642 0.0225
v -0.00864781806677 0.000950174590463 0.0225
v -0.00870348294398 0.000909731689855 0.0225
v -0.00875662953483 0.000866032185904 0.0225
v -0.00880706758832 0.000819232511494 0.0225
v -0.0088546165493 0.000769500197313 0.0225
v -0.00889910620484 0.000717013272138 0.0225
v -0.00894037729351 0.000661959625539 0.0225
v -0.00897828207554 0.000604536335282 0.0225
v -0.00901268486164 0.000544948961844 0.0225
v -0.00904346249875 0.000483410812556 0.0225
v -0.00907050481094 0.000420142178021 0.0225
v -0.00909371499374 0.000355369543531 0.0225
v -0.00911300996072 0.000289324778306 0.0225
v -0.0091283206409 0.000222244305465 0.0225
v -0.00913959222603 0.00015436825569 0.0225
v -0.00914678436676 8.59396076244e-05 0.0225
v -0.00914987131708 1.72033180676e-05 0.0225
v -0.00914884202652 -5.15945549031e-05 0.0225
v -0.00914370017967 -0.000120207732758 0.0225
v -0.00913446418301 -0.000188390598127 0.0225
v -0.00912116709901 -0.00025589907405 0.0225
v -0.00910385652777 -0.000322491497702 0.0225
v -0.00908259443666 -0.00038792948549 0.0225
v -0.00905745693843 -0.000451978786402 0.0225
v -0.00902853401882 -0.000514410120563 0.0225
v -0.00899592921435 -0.000575 0.0225
v -0.00895975924178 -0.00063353152867 0.0225
v -0.00892015358021 -0.000689795178891 0.0225
v -0.00887725400764 -0.000743589541398 0.0225
v -0.0088312140934 -0.000794722046335 0.0225
v -0.00878219864844 -0.000843009652604 0.0225
v -0.00873038313532 -0.000888279503108 0.0225
v -0.00867595304014 -0.000930369543531 0.0225
v -0.0086191032085 -0.000969129102452 0.0225
v -0.00856003714807 -0.00100441943071 0.0225
v -0.00849896629999 -0.00103611419809 0.0225
v -0.00843610928205 -0.00106409994555 0.0225
v -0.00837169110607 -0.00108827649137 0.0225
v -0.0083059423724 -0.0011085572898 0.0225
v -0.00823909844444 -0.00112486974084 0.0225
v -0.0081713986061 -0.00113715545016 0.0225
v -0.00810308520524 -0.00114537043809 0.0225
v -0.00803440278609 -0.00114948529713 0.0225
v -0.00796559721391 -0.00114948529713 0.0225
v -0.00789691479476 -0.00114537043809 0.0225
v -0.0078286013939 -0.00113715545016 0.0225
v -0.00776090155556 -0.00112486974084 0.0225
v -0.0076940576276 -0.0011085572898 0.0225
v -0.00762830889393 -0.00108827649137 0.0225
v -0.00756389071795 -0.00106409994555 0.0225
v -0.00750103370001 -0.00103611419809 0.0225
v -0.00743996285193 -0.00100441943071 0.0225
v -0.0073808967915 -0.000969129102452 0.0225
v -0.00732404695986 -0.000930369543531 0.0225
v -0.00726961686468 -0.000888279503108 0.0225
v -0.00721780135156 -0.000843009652604 0.0225
v -0.0071687859066 -0.000794722046335 0.0225
v -0.00712274599236 -0.000743589541398 0.0225
v -0.00707984641979 -0.000689795178891 0.0225
v -0.00704024075822 -0.00063353152867 0.0225
v -0.00700407078565 -0.000575 0.0225
v -0.00697146598118 -0.000514410120563 0.0225
v -0.00694254306157 -0.000451978786402 0.0225
v -0.00691740556334 -0.00038792948549 0.0225
v -0.00689614347223 -0.000322491497702 0.0225
v -0.00687883290099 -0.00025589907405 0.0225
v -0.00686553581699 -0.000188390598127 0.0225
v -0.00685629982033 -0.000120207732758 0.0225
v -0.00685115797348 -5.15945549031e-05 0.0225
v -0.00685012868292 1.72033180676e-05 0.0225
v -0.00685321563324 8.59396076244e-05 0.0225
v -0.00686040777397 0.00015436825569 0.0225
v -0.0068716793591 0.000222244305465 0.0225
v -0.00688699003928 0.000289324778306 0.0225
v -0.00690628500626 0.000355369543531 0.0225
v -0.00692949518906 0.000420142178021 0.0225
v -0.00695653750125 0.000483410812556 0.0225
v -0.00698731513836 0.000544948961844 0.0225
v -0.00702171792446 0.000604536335282 0.0225
v -0.00705962270649 0.000661959625539 0.0225
v -0.00710089379516 0.000717013272138 0.0225
v -0.0071453834507 0.000769500197313 0.0225
v -0.00719293241168 0.000819232511494 0.0225
v -0.00724337046517 0.000866032185904 0.0225
v -0.00729651705602 0.000909731689855 0.0225
v -0.00735218193323 0.000950174590463 0.0225
v -0.00741016583098 0.000987216112642 0.0225
v -0.00747026118198 0.00102072365736 0.0225
v -0.00753225286046 0.00105057727629 0.0225
v -0.00759591895231 0.00107667010124 0.0225
v -0.00766103154943 0.00109890872665 0.0225
v -0.00772735756563 0.00111721354404 0.0225
v -0.00779465957098 0.00113151902689 0.0225
v -0.00786269664178 0.00114177396529 0.0225
v -0.00793122522296 0.00114794164923 0.0225
v -0.008 0.00115 0.0225
v -0.008 0.00115 0.0205
v -0.00806877477704 0.00114794164923 0.0205
v -0.00813730335822 0.00114177396529 0.0205
v -0.00820534042902 0.00113151902689 0.0205
v -0.00827264243437 0.00111721354404 0.0205
v -0.00833896845057 0.00109890872665 0.0205
v -0.00840408104769 0.00107667010124 0.0205
v -0.00846774713954 0.00105057727629 0.0205
v -0.00852973881802 0.00102072365736 0.0205
v -0.00858983416902 0.000987216112642 0.0205
v -0.00864781806677 0.000950174590463 0.0205
v -0.00870348294398 0.000909731689855 0.0205
v -0.00875662953483 0.000866032185904 0.0205
v -0.00880706758832 0.000819232511494 0.0205
v -0.0088546165493 0.000769500197313 0.0205
v -0.00889910620484 0.000717013272138 0.0205
v -0.00894037729351 0.000661959625539 0.0205
v -0.00897828207554 0.000604536335282 0.0205
v -0.00901268486164 0.000544948961844 0.0205
v -0.00904346249875 0.000483410812556 0.0205
v -0.00907050481094 0.000420142178021 0.0205
v -0.00909371499374 0.000355369543531 0.0205
v -0.00911300996072 0.000289324778306 0.0205
v -0.0091283206409 0.000222244305465 0.0205
v -0.00913959222603 0.00015436825569 0.0205
v -0.00914678436676 8.59396076244e-05 0.0205
v -0.00914987131708 1.72033180676e-05 0.0205
v -0.00914884202652 -5.15945549031e-05 0.0205
v -0.00914370017967 -0.000120207732758 0.0205
v -0.00913446418301 -0.000188390598127 0.0205
v -0.00912116709901 -0.00025589907405 0.0205
v -0.00910385652777 -0.000322491497702 0.0205
v -0.00908259443666 -0.00038792948549 0.0205
v -0.00905745693843 -0.000451978786402 0.0205
v -0.00902853401882 -0.000514410120563 0.0205
v -0.00899592921435 -0.000575 0.0205
v -0.00895975924178 -0.00063353152867 0.0205
v -0.00892015358021 -0.000689795178891 0.0205
v -0.00887725400764 -0.000743589541398 0.0205
v -0.0088312140934 -0.000794722046335 0.0205
v -0.00878219864844 -0.000843009652604 0.0205
v -0.00873038313532 -0.000888279503108 0.0205
v -0.00867595304014 -0.000930369543531 0.0205
v -0.0086191032085 -0.000969129102452 0.0205
v -0.00856003714807 -0.00100441943071 0.0205
v -0.00849896629999 -0.00103611419809 0.0205
v -0.00843610928205 -0.00106409994555 0.0205
v -0.00837169110607 -0.00108827649137 0.0205
v -0.0083059423724 -0.0011085572898 0.0205
v -0.00823909844444 -0.00112486974084 0.0205
v -0.0081713986061 -0.00113715545016 0.0205
v -0.00810308520524 -0.00114537043809 0.0205
v -0.00803440278609 -0.00114948529713 0.0205
v -0.00796559721391 -0.00114948529713 0.0205
v -0.00789691479476 -0.00114537043809 0.0205
v -0.0078286013939 -0.00113715545016 0.0205
v -0.00776090155556 -0.00112486974084 0.0205
v -0.0076940576276 -0.0011085572898 0.0205
v -0.00762830889393 -0.00108827649137 0.0205
v -0.00756389071795 -0.00106409994555 0.0205
v -0.00750103370001 -0.00103611419809 0.0205
v -0.00743996285193 -0.00100441943071 0.0205
v -0.0073808967915 -0.000969129102452 0.0205
v -0.00732404695986 -0.000930369543531 0.0205
v -0.00726961686468 -0.000888279503108 0.0205
v -0.00721780135156 -0.000843009652604 0.0205
v -0.0071687859066 -0.000794722046335 0.0205
v -0.00712274599236 -0.000743589541398 0.0205
v -0.00707984641979 -0.000689795178891 0.0205
v -0.00704024075822 -0.00063353152867 0.0205
v -0.00700407078565 -0.000575 0.0205
v -0.00697146598118 -0.000514410120563 0.0205
v -0.00694254306157 -0.000451978786402 0.0205
v -0.00691740556334 -0.00038792948549 0.0205
v -0.00689614347223 -0.000322491497702 0.0205
v -0.00687883290099 -0.00025589907405 0.0205
v -0.00686553581699 -0.000188390598127 0.0205
v -0.00685629982033 -0.000120207732758 0.0205
v -0.00685115797348 -5.15945549031e-05 0.0205
v -0.00685012868292 1.72033180676e-05 0.0205
v -0.00685321563324 8.59396076244e-05 0.0205
v -0.00686040777397 0.00015436825569 0.0205
v -0.0068716793591 0.000222244305465 0.0205
v -0.00688699003928 0.000289324778306 0.0205
v -0.00690628500626 0.000355369543531 0.0205
v -0.00692949518906 0.000420142178021 0.0205
v -0.00695653750125 0.000483410812556 0.0205
v -0.00698731513836 0.000544948961844 0.0205
v -0.00702171792446 0.000604536335282 0.0205
v -0.00705962270649 0.000661959625539 0.0205
v -0.00710089379516 0.000717013272138 0.0205
v -0.0071453834507 0.000769500197313 0.0205
v -0.00719293241168 0.000819232511494 0.0205
v -0.00724337046517 0.000866032185904 0.0205
v -0.00729651705602 0.000909731689855 0.0205
v -0.00735218193323 0.000950174590463 0.0205
v -0.00741016583098 0.000987216112642 0.0205
v -0.00747026118198 0.00102072365736 0.0205
v -0.00753225286046 0.00105057727629 0.0205
v -0.00759591895231 0.00107667010124 0.0205
v -0.00766103154943 0.00109890872665 0.0205
v -0.00772735756563 0.00111721354404 0.0205
v -0.00779465957098 0.00113151902689 0.0205
v -0.00786269664178 0.00114177396529 0.0205
v -0.00793122522296 0.00114794164923 0.0205
v -0.008 0.00115 0.0205
v -0.00131919915666 -0.00969770833333 0.0245
v -0.00121955648992 -0.00977064450636 0.0245
v -0.00111589084432 -0.00983773981389 0.0245
v -0.00100854418409 -0.00989877292711 0.0245
v -0.000897870616125 -0.00995354251469 0.0245
v -0.000784235221838 -0.0100018679069 0.0245
v -0.000668012852906 -0.0100435896918 0.0245
v -0.000549586894712 -0.0100785702406 0.0245
v -0.000429348001671 -0.0101066941623 0.0245
v -0.000307692808567 -0.0101278686838 0.0245
v -0.000185022622164 -0.0101420239563 0.0245
v -6.17420974106e-05 -0.0101491132854 0.0245
v 6.17420974106e-05 -0.0101491132854 0.0245
v 0.000185022622164 -0.0101420239563 0.0245
v 0.000307692808567 -0.0101278686838 0.0245
v 0.000429348001671 -0.0101066941623 0.0245
v 0.000549586894712 -0.0100785702406 0.0245
v 0.000668012852906 -0.0100435896918 0.0245
v 0.000784235221838 -0.0100018679069 0.0245
v 0.000897870616125 -0.00995354251469 0.0245
v 0.00100854418409 -0.00989877292711 0.0245
v 0.00111589084432 -0.00983773981389 0.0245
v 0.00121955648992 -0.00977064450636 0.0245
v 0.00131919915666 -0.00969770833333 0.0245
v -0.00131919915666 -0.00969770833333 0.0225
v -0.00121955648992 -0.00977064450636 0.0225
v -0.00111589084432 -0.00983773981389 0.0225
v -0.00100854418409 -0.00989877292711 0.0225
v -0.000897870616125 -0.00995354251469 0.0225
v -0.000784235221838 -0.0100018679069 0.0225
v -0.000668012852906 -0.0100435896918 0.0225
v -0.000549586894712 -0.0100785702406 0.0225
v -0.000429348001671 -0.0101066941623 0.0225
v -0.000307692808567 -0.0101278686838 0.0225
v -0.000185022622164 -0.0101420239563 0.0225
v -6.17420974106e-05 -0.0101491132854 0.0225
v 6.17420974106e-05 -0.0101491132854 0.0225
v 0.000185022622164 -0.0101420239563 0.0225
v 0.000307692808567 -0.0101278686838 0.0225
v 0.000429348001671 -0.0101066941623 0.0225
v 0.000549586894712 -0.0100785702406 0.0225
v 0.000668012852906 -0.0100435896918 0.0225
v 0.000784235221838 -0.0100018679069 0.0225
v 0.000897870616125 -0.00995354251469 0.0225
v 0.00100854418409 -0.00989877292711 0.0225
v 0.00111589084432 -0.00983773981389 0.0225
v 0.00121955648992 -0.00977064450636 0.0225
v 0.00131919915666 -0.00969770833333 0.0225
v 0.00131919915666 0.00969770833333 0.0225
v 0.00121955648992 0.00977064450636 0.0225
v 0.00111589084432 0.00983773981389 0.0225
v 0.00100854418409 0.00989877292711 0.0225
v 0.000897870616125 0.00995354251469 0.0225
v 0.000784235221838 0.0100018679069 0.0225
v 0.000668012852906 0.0100435896918 0.0225
v 0.000549586894712 0.0100785702406 0.0225
v 0.000429348001671 0.0101066941623 0.0225
v 0.000307692808567 0.0101278686838 0.0225
v 0.000185022622164 0.0101420239563 0.0225
v 6.17420974106e-05 0.0101491132854 0.0225
v -6.17420974106e-05 0.0101491132854 0.0225
v -0.000185022622164 0.0101420239563 0.0225
v -0.000307692808567 0.0101278686838 0.0225
v -0.000429348001671 0.0101066941623 0.0225
v -0.000549586894712 0.0100785702406 0.0225
v -0.000668012852906 0.0100435896918 0.0225
v -0.000784235221838 0.0100018679069 0.0225
v -0.000897870616125 0.00995354251469 0.0225
v -0.00100854418409 0.00989877292711 0.0225
v -0.00111589084432 0.00983773981389 0.0225
v -0.00121955648992 0.00977064450636 0.0225
v -0.00131919915666 0.00969770833333 0.0225
v -0.00131919915666 0.00969770833333 0.0245
v 0.00131919915666 0.00969770833333 0.0245
v 0.00121955648992 0.00977064450636 0.0245
v 0.00111589084432 0.00983773981389 0.0245
v 0.00100854418409 0.00989877292711 0.0245
v 0.000897870616125 0.00995354251469 0.0245
v 0.000784235221838 0.0100018679069 0.0245
v 0.000668012852906 0.0100435896918 0.0245
v 0.000549586894712 0.0100785702406 0.0245
v 0.000429348001671 0.0101066941623 0.0245
v 0.000307692808567 0.0101278686838 0.0245
v 0.000185022622164 0.0101420239563 0.0245
v 6.17420974106e-05 0.0101491132854 0.0245
v -6.17420974106e-05 0.0101491132854 0.0245
v -0.000185022622164 0.0101420239563 0.0245
v -0.000307692808567 0.0101278686838 0.0245
v -0.000429348001671 0.0101066941623 0.0245
v -0.000549586894712 0.0100785702406 0.0245
v -0.000668012852906 0.0100435896918 0.0245
v -0.000784235221838 0.0100018679069 0.0245
v -0.000897870616125 0.00995354251469 0.0245
v -0.00100854418409 0.00989877292711 0.0245
v -0.00111589084432 0.00983773981389 0.0245
v -0.00121955648992 0.00977064450636 0.0245
v 4.74702458387e-20 -0.0095 0.0245
v -0.000267614995011 -0.00950796458001 0.0245
v -0.000534282682893 -0.00953183012691 0.0245
v -0.000799059109807 -0.00957151216113 0.0245
v -0.00106100701663 -0.00962687021566 0.0245
v -0.00131919915666 -0.00969770833333 0.0245
v -0.00121955648992 -0.00977064450636 0.0245
v -0.00111589084432 -0.00983773981389 0.0245
v -0.00100854418409 -0.00989877292711 0.0245
v -0.000897870616125 -0.00995354251469 0.0245
v -0.000784235221838 -0.0100018679069 0.0245
v -0.000668012852906 -0.0100435896918 0.0245
v -0.000549586894712 -0.0100785702406 0.0245
v -0.000429348001671 -0.0101066941623 0.0245
v -0.000307692808567 -0.0101278686838 0.0245
v -0.000185022622164 -0.0101420239563 0.0245
v -6.17420974106e-05 -0.0101491132854 0.0245
v 6.17420974106e-05 -0.0101491132854 0.0245
v 0.000185022622164 -0.0101420239563 0.0245
v 0.000307692808567 -0.0101278686838 0.0245
v 0.000429348001671 -0.0101066941623 0.0245
v 0.000549586894712 -0.0100785702406 0.0245
v 0.000668012852906 -0.0100435896918 0.0245
v 0.000784235221838 -0.0100018679069 0.0245
v 0.000897870616125 -0.00995354251469 0.0245
v 0.00100854418409 -0.00989877292711 0.0245
v 0.00111589084432 -0.00983773981389 0.0245
v 0.00121955648992 -0.00977064450636 0.0245
v 0.00131919915666 -0.00969770833333 0.0245
v 0.00106100701663 -0.00962687021566 0.0245
v 0.000799059109807 -0.00957151216113 0.0245
v 0.000534282682893 -0.00953183012691 0.0245
v 0.000267614995011 -0.00950796458001 0.0245
v 4.74702458387e-20 -0.0095 0.026
v -0.000269118692753 -0.00950805441605 0.026
v -0.000537274010431 -0.00953218883146 0.026
v -0.000803506026594 -0.00957231685131 0.026
v -0.00106686169972 -0.00962829482768 0.026
v -0.00132639828485 -0.00969992237396 0.026
v -0.00158118670837 -0.00978694308212 0.026
v -0.00183031489384 -0.00988904544061 0.026
v -0.00207289102703 -0.0100058639495 0.026
v -0.00230804674833 -0.0101369804288 0.026
v -0.00253494026129 -0.0102819255156 0.026
v -0.00275275934602 -0.010440180344 0.026
v -0.00296072426673 -0.010611178403 0.026
v -0.00315809056298 -0.0107943075637 0.026
v -0.00334415171465 -0.0109889122714 0.026
v -0.00351824167111 -0.0111942958916 0.026
v -0.00367973723549 -0.0114097232044 0.026
v -0.00382806029559 -0.0116344230359 0.026
v -0.00396267989336 -0.0118675910189 0.026
v -0.00408311412556 -0.0121083924726 0.026
v -0.0041889318689 -0.0123559653904 0.026
v -0.00427975432333 -0.0126094235253 0.026
v -0.00435525636803 -0.0128678595631 0.026
v -0.00441516772527 -0.0131303483699 0.026
v -0.00445927392796 -0.0133959503038 0.026
v -0.00448741708732 -0.0136637145789 0.026
v -0.00449949645815 -0.0139326826684 0.026
v -0.00449546879944 -0.0142018917366 0.026
v -0.00447534852916 -0.0144703780847 0.026
v -0.00443920767266 -0.0147371806014 0.026
v -0.00438717560482 -0.0150013442028 0.026
v -0.00431943858694 -0.0152619232519 0.026
v -0.00423623909997 -0.0155179849432 0.026
v -0.00413787497648 -0.0157686126424 0.026
v -0.0040246983345 -0.0160129091674 0.026
v -0.00389711431703 -0.01625 0.026
v -0.00375557964175 -0.0164790364165 0.026
v -0.00360060096605 -0.0166991985261 0.026
v -0.00343273307338 -0.0169096982055 0.026
v -0.00325257688722 -0.0171097819204 0.026
v -0.00306077731997 -0.0172987334232 0.026
v -0.00285802096429 -0.0174758763165 0.026
v -0.00264503363532 -0.0176405764747 0.026
v -0.00242257777241 -0.0177922443139 0.026
v -0.00219144970982 -0.0179303369028 0.026
v -0.00195247682603 -0.0180543599056 0.026
v -0.00170651458194 -0.0181638693521 0.026
v -0.00145444345855 -0.0182584732271 0.026
v -0.00119716580505 -0.0183378328731 0.026
v -0.00093560260868 -0.0184016642033 0.026
v -0.000670690197793 -0.018449738718 0.026
v -0.000403376890065 -0.018481884323 0.026
v -0.000134619597762 -0.0184979859453 0.026
v 0.000134619597762 -0.0184979859453 0.026
v 0.000403376890065 -0.018481884323 0.026
v 0.000670690197793 -0.018449738718 0.026
v 0.00093560260868 -0.0184016642033 0.026
v 0.00119716580505 -0.0183378328731 0.026
v 0.00145444345855 -0.0182584732271 0.026
v 0.00170651458194 -0.0181638693521 0.026
v 0.00195247682603 -0.0180543599056 0.026
v 0.00219144970982 -0.0179303369028 0.026
v 0.00242257777241 -0.0177922443139 0.026
v 0.00264503363532 -0.0176405764747 0.026
v 0.00285802096429 -0.0174758763165 0.026
v 0.00306077731997 -0.0172987334232 0.026
v 0.00325257688722 -0.0171097819204 0.026
v 0.00343273307338 -0.0169096982055 0.026
v 0.00360060096605 -0.0166991985261 0.026
v 0.00375557964175 -0.0164790364165 0.026
v 0.00389711431703 -0.01625 0.026
v 0.0040246983345 -0.0160129091674 0.026
v 0.00413787497648 -0.0157686126424 0.026
v 0.00423623909997 -0.0155179849432 0.026
v 0.00431943858694 -0.0152619232519 0.026
v 0.00438717560482 -0.0150013442028 0.026
v 0.00443920767266 -0.0147371806014 0.026
v 0.00447534852916 -0.0144703780847 0.026
v 0.00449546879944 -0.0142018917366 0.026
v 0.00449949645815 -0.0139326826684 0.026
v 0.00448741708732 -0.0136637145789 0.026
v 0.00445927392796 -0.0133959503038 0.026
v 0.00441516772527 -0.0131303483699 0.026
v 0.00435525636803 -0.0128678595631 0.026
v 0.00427975432333 -0.0126094235253 0.026
v 0.0041889318689 -0.0123559653904 0.026
v 0.00408311412556 -0.0121083924726 0.026
v 0.00396267989336 -0.0118675910189 0.026
v 0.00382806029559 -0.0116344230359 0.026
v 0.00367973723549 -0.0114097232044 0.026
v 0.00351824167111 -0.0111942958916 0.026
v 0.00334415171465 -0.0109889122714 0.026
v 0.00315809056298 -0.0107943075637 0.026
v 0.00296072426673 -0.010611178403 0.026
v 0.00275275934602 -0.010440180344 0.026
v 0.00253494026129 -0.0102819255156 0.026
v 0.00230804674833 -0.0101369804288 0.026
v 0.00207289102703 -0.0100058639495 0.026
v 0.00183031489384 -0.00988904544061 0.026
v 0.00158118670837 -0.00978694308212 0.026
v 0.00132639828485 -0.00969992237396 0.026
v 0.00106686169972 -0.00962829482768 0.026
v 0.000803506026594 -0.00957231685131 0.026
v 0.000537274010431 -0.00953218883146 0.026
v 0.000269118692753 -0.00950805441605 0.026
v -6.64433078745e-19 -0.0115 0.026
v -0.000149510384863 -0.0115044746756 0.026
v -0.000298485561351 -0.0115178826841 0.026
v -0.000446392236997 -0.0115401760285 0.026
v -0.000592700944289 -0.0115712749043 0.026
v -0.000736887936027 -0.0116110679855 0.026
v -0.000878437060203 -0.0116594128234 0.026
v -0.00101684160769 -0.0117161363559 0.026
v -0.00115160612613 -0.0117810355275 0.026
v -0.00128224819351 -0.011853878016 0.026
v -0.00140830014516 -0.0119344030642 0.026
v -0.00152931074779 -0.0120223224134 0.026
v -0.00164484681485 -0.012117321335 0.026
v -0.00175449475721 -0.0122190597576 0.026
v -0.00185786206369 -0.0123271734841 0.026
v -0.00195457870617 -0.0124412754954 0.026
v -0.00204429846416 -0.0125609573358 0.026
v -0.00212670016422 -0.0126857905755 0.026
v -0.00220148882964 -0.0128153283438 0.026
v -0.00226839673642 -0.0129491069292 0.026
v -0.00232718437161 -0.0130866474391 0.026
v -0.00237764129074 -0.0132274575141 0.026
v -0.00241958687113 -0.0133710330906 0.026
v -0.00245287095849 -0.0135168602055 0.026
v -0.00247737440442 -0.0136644168355 0.026
v -0.00249300949295 -0.013813174766 0.026
v -0.00249972025453 -0.0139626014825 0.026
v -0.00249748266635 -0.0141121620759 0.026
v -0.00248630473842 -0.0142613211582 0.026
v -0.00246622648481 -0.0144095447785 0.026
v -0.00243731978045 -0.0145563023349 0.026
v -0.00239968810386 -0.0147010684733 0.026
v -0.00235346616665 -0.0148433249685 0.026
v -0.00229881943138 -0.0149825625791 0.026
v -0.00223594351917 -0.0151182828708 0.026
v -0.00216506350946 -0.01525 0.026
v -0.0020864331343 -0.0153772424536 0.026
v -0.00200033387003 -0.0154995547367 0.026
v -0.00190707392966 -0.015616499003 0.026
v -0.00180698715957 -0.0157276566225 0.026
v -0.00170043184443 -0.0158326296796 0.026
v -0.00158778942461 -0.0159310423981 0.026
v -0.00146946313073 -0.0160225424859 0.026
v -0.00134587654023 -0.0161068023966 0.026
v -0.00121747206101 -0.0161835205015 0.026
v -0.00108470934779 -0.0162524221698 0.026
v -0.000948063656632 -0.0163132607512 0.026
v -0.000808024143636 -0.0163658184595 0.026
v -0.000665092113917 -0.0164099071517 0.026
v -0.000519779227044 -0.0164453690018 0.026
v -0.00037260566544 -0.0164720770656 0.026
v -0.000224098272259 -0.016489935735 0.026
v -7.47886654235e-05 -0.0164988810807 0.026
v 7.47886654235e-05 -0.0164988810807 0.026
v 0.000224098272259 -0.016489935735 0.026
v 0.00037260566544 -0.0164720770656 0.026
v 0.000519779227044 -0.0164453690018 0.026
v 0.000665092113917 -0.0164099071517 0.026
v 0.000808024143636 -0.0163658184595 0.026
v 0.000948063656632 -0.0163132607512 0.026
v 0.00108470934779 -0.0162524221698 0.026
v 0.00121747206101 -0.0161835205015 0.026
v 0.00134587654023 -0.0161068023966 0.026
v 0.00146946313073 -0.0160225424859 0.026
v 0.00158778942461 -0.0159310423981 0.026
v 0.00170043184443 -0.0158326296796 0.026
v 0.00180698715957 -0.0157276566225 0.026
v 0.00190707392966 -0.015616499003 0.026
v 0.00200033387003 -0.0154995547367 0.026
v 0.0020864331343 -0.0153772424536 0.026
v 0.00216506350946 -0.01525 0.026
v 0.00223594351917 -0.0151182828708 0.026
v 0.00229881943138 -0.0149825625791 0.026
v 0.00235346616665 -0.0148433249685 0.026
v 0.00239968810386 -0.0147010684733 0.026
v 0.00243731978045 -0.0145563023349 0.026
v 0.00246622648481 -0.0144095447785 0.026
v 0.00248630473842 -0.0142613211582 0.026
v 0.00249748266635 -0.0141121620759 0.026
v 0.00249972025453 -0.0139626014825 0.026
v 0.00249300949295 -0.013813174766 0.026
v 0.00247737440442 -0.0136644168355 0.026
v 0.00245287095849 -0.0135168602055 0.026
v 0.00241958687113 -0.0133710330906 0.026
v 0.00237764129074 -0.0132274575141 0.026
v 0.00232718437161 -0.0130866474391 0.026
v 0.00226839673642 -0.0129491069292 0.026
v 0.00220148882964 -0.0128153283438 0.026
v 0.00212670016422 -0.0126857905755 0.026
v 0.00204429846416 -0.0125609573358 0.026
v 0.00195457870617 -0.0124412754954 0.026
v 0.00185786206369 -0.0123271734841 0.026
v 0.00175449475721 -0.0122190597576 0.026
v 0.00164484681485 -0.012117321335 0.026
v 0.00152931074779 -0.0120223224134 0.026
v 0.00140830014516 -0.0119344030642 0.026
v 0.00128224819351 -0.011853878016 0.026
v 0.00115160612613 -0.0117810355275 0.026
v 0.00101684160769 -0.0117161363559 0.026
v 0.000878437060203 -0.0116594128234 0.026
v 0.000736887936027 -0.0116110679855 0.026
v 0.000592700944289 -0.0115712749043 0.026
v 0.000446392236997 -0.0115401760285 0.026
v 0.000298485561351 -0.0115178826841 0.026
v 0.000149510384863 -0.0115044746756 0.026
v 3.15609471479e-18 0.0185 0.026
v -0.000269118692753 0.018491945584 0.026
v -0.000537274010431 0.0184678111685 0.026
v -0.000803506026594 0.0184276831487 0.026
v -0.00106686169972 0.0183717051723 0.026
v -0.00132639828485 0.018300077626 0.026
v -0.00158118670837 0.0182130569179 0.026
v -0.00183031489384 0.0181109545594 0.026
v -0.00207289102703 0.0179941360505 0.026
v -0.00230804674833 0.0178630195712 0.026
v -0.00253494026129 0.0177180744844 0.026
v -0.00275275934602 0.017559819656 0.026
v -0.00296072426673 0.017388821597 0.026
v -0.00315809056298 0.0172056924363 0.026
v -0.00334415171465 0.0170110877286 0.026
v -0.00351824167111 0.0168057041084 0.026
v -0.00367973723549 0.0165902767956 0.026
v -0.00382806029559 0.0163655769641 0.026
v -0.00396267989336 0.0161324089811 0.026
v -0.00408311412556 0.0158916075274 0.026
v -0.0041889318689 0.0156440346096 0.026
v -0.00427975432333 0.0153905764747 0.026
v -0.00435525636803 0.0151321404369 0.026
v -0.00441516772527 0.0148696516301 0.026
v -0.00445927392796 0.0146040496962 0.026
v -0.00448741708732 0.0143362854211 0.026
v -0.00449949645815 0.0140673173316 0.026
v -0.00449546879944 0.0137981082634 0.026
v -0.00447534852916 0.0135296219153 0.026
v -0.00443920767266 0.0132628193986 0.026
v -0.00438717560482 0.0129986557972 0.026
v -0.00431943858694 0.0127380767481 0.026
v -0.00423623909997 0.0124820150568 0.026
v -0.00413787497648 0.0122313873576 0.026
v -0.0040246983345 0.0119870908326 0.026
v -0.00389711431703 0.01175 0.026
v -0.00375557964175 0.0115209635835 0.026
v -0.00360060096605 0.0113008014739 0.026
v -0.00343273307338 0.0110903017945 0.026
v -0.00325257688722 0.0108902180796 0.026
v -0.00306077731997 0.0107012665768 0.026
v -0.00285802096429 0.0105241236835 0.026
v -0.00264503363532 0.0103594235253 0.026
v -0.00242257777241 0.0102077556861 0.026
v -0.00219144970982 0.0100696630972 0.026
v -0.00195247682603 0.00994564009444 0.026
v -0.00170651458194 0.00983613064787 0.026
v -0.00145444345855 0.0097415267729 0.026
v -0.00119716580505 0.00966216712687 0.026
v -0.00093560260868 0.0095983357967 0.026
v -0.000670690197793 0.00955026128199 0.026
v -0.000403376890065 0.00951811567702 0.026
v -0.000134619597762 0.00950201405472 0.026
v 0.000134619597762 0.00950201405472 0.026
v 0.000403376890065 0.00951811567702 0.026
v 0.000670690197793 0.00955026128199 0.026
v 0.00093560260868 0.0095983357967 0.026
v 0.00119716580505 0.00966216712687 0.026
v 0.00145444345855 0.0097415267729 0.026
v 0.00170651458194 0.00983613064787 0.026
v 0.00195247682603 0.00994564009444 0.026
v 0.00219144970982 0.0100696630972 0.026
v 0.00242257777241 0.0102077556861 0.026
v 0.00264503363532 0.0103594235253 0.026
v 0.00285802096429 0.0105241236835 0.026
v 0.00306077731997 0.0107012665768 0.026
v 0.00325257688722 0.0108902180796 0.026
v 0.00343273307338 0.0110903017945 0.026
v 0.00360060096605 0.0113008014739 0.026
v 0.00375557964175 0.0115209635835 0.026
v 0.00389711431703 0.01175 0.026
v 0.0040246983345 0.0119870908326 0.026
v 0.00413787497648 0.0122313873576 0.026
v 0.00423623909997 0.0124820150568 0.026
v 0.00431943858694 0.0127380767481 0.026
v 0.00438717560482 0.0129986557972 0.026
v 0.00443920767266 0.0132628193986 0.026
v 0.00447534852916 0.0135296219153 0.026
v 0.00449546879944 0.0137981082634 0.026
v 0.00449949645815 0.0140673173316 0.026
v 0.00448741708732 0.0143362854211 0.026
v 0.00445927392796 0.0146040496962 0.026
v 0.00441516772527 0.0148696516301 0.026
v 0.00435525636803 0.0151321404369 0.026
v 0.00427975432333 0.0153905764747 0.026
v 0.0041889318689 0.0156440346096 0.026
v 0.00408311412556 0.0158916075274 0.026
v 0.00396267989336 0.0161324089811 0.026
v 0.00382806029559 0.0163655769641 0.026
v 0.00367973723549 0.0165902767956 0.026
v 0.00351824167111 0.0168057041084 0.026
v 0.00334415171465 0.0170110877286 0.026
v 0.00315809056298 0.0172056924363 0.026
v 0.00296072426673 0.017388821597 0.026
v 0.00275275934602 0.017559819656 0.026
v 0.00253494026129 0.0177180744844 0.026
v 0.00230804674833 0.0178630195712 0.026
v 0.00207289102703 0.0179941360505 0.026
v 0.00183031489384 0.0181109545594 0.026
v 0.00158118670837 0.0182130569179 0.026
v 0.00132639828485 0.018300077626 0.026
v 0.00106686169972 0.0183717051723 0.026
v 0.000803506026594 0.0184276831487 0.026
v 0.000537274010431 0.0184678111685 0.026
v 0.000269118692753 0.018491945584 0.026
v 2.44419139021e-18 0.0165 0.026
v -0.000149510384863 0.0164955253244 0.026
v -0.000298485561351 0.0164821173159 0.026
v -0.000446392236997 0.0164598239715 0.026
v -0.000592700944289 0.0164287250957 0.026
v -0.000736887936027 0.0163889320145 0.026
v -0.000878437060203 0.0163405871766 0.026
v -0.00101684160769 0.0162838636441 0.026
v -0.00115160612613 0.0162189644725 0.026
v -0.00128224819351 0.016146121984 0.026
v -0.00140830014516 0.0160655969358 0.026
v -0.00152931074779 0.0159776775866 0.026
v -0.00164484681485 0.015882678665 0.026
v -0.00175449475721 0.0157809402424 0.026
v -0.00185786206369 0.0156728265159 0.026
v -0.00195457870617 0.0155587245046 0.026
v -0.00204429846416 0.0154390426642 0.026
v -0.00212670016422 0.0153142094245 0.026
v -0.00220148882964 0.0151846716562 0.026
v -0.00226839673642 0.0150508930708 0.026
v -0.00232718437161 0.0149133525609 0.026
v -0.00237764129074 0.0147725424859 0.026
v -0.00241958687113 0.0146289669094 0.026
v -0.00245287095849 0.0144831397945 0.026
v -0.00247737440442 0.0143355831645 0.026
v -0.00249300949295 0.014186825234 0.026
v -0.00249972025453 0.0140373985175 0.026
v -0.00249748266635 0.0138878379241 0.026
v -0.00248630473842 0.0137386788418 0.026
v -0.00246622648481 0.0135904552215 0.026
v -0.00243731978045 0.0134436976651 0.026
v -0.00239968810386 0.0132989315267 0.026
v -0.00235346616665 0.0131566750315 0.026
v -0.00229881943138 0.0130174374209 0.026
v -0.00223594351917 0.0128817171292 0.026
v -0.00216506350946 0.01275 0.026
v -0.0020864331343 0.0126227575464 0.026
v -0.00200033387003 0.0125004452633 0.026
v -0.00190707392966 0.012383500997 0.026
v -0.00180698715957 0.0122723433775 0.026
v -0.00170043184443 0.0121673703204 0.026
v -0.00158778942461 0.0120689576019 0.026
v -0.00146946313073 0.0119774575141 0.026
v -0.00134587654023 0.0118931976034 0.026
v -0.00121747206101 0.0118164794985 0.026
v -0.00108470934779 0.0117475778302 0.026
v -0.000948063656632 0.0116867392488 0.026
v -0.000808024143636 0.0116341815405 0.026
v -0.000665092113917 0.0115900928483 0.026
v -0.000519779227044 0.0115546309982 0.026
v -0.00037260566544 0.0115279229344 0.026
v -0.000224098272259 0.011510064265 0.026
v -7.47886654235e-05 0.0115011189193 0.026
v 7.47886654235e-05 0.0115011189193 0.026
v 0.000224098272259 0.011510064265 0.026
v 0.00037260566544 0.0115279229344 0.026
v 0.000519779227044 0.0115546309982 0.026
v 0.000665092113917 0.0115900928483 0.026
v 0.000808024143636 0.0116341815405 0.026
v 0.000948063656632 0.0116867392488 0.026
v 0.00108470934779 0.0117475778302 0.026
v 0.00121747206101 0.0118164794985 0.026
v 0.00134587654023 0.0118931976034 0.026
v 0.00146946313073 0.0119774575141 0.026
v 0.00158778942461 0.0120689576019 0.026
v 0.00170043184443 0.0121673703204 0.026
v 0.00180698715957 0.0122723433775 0.026
v 0.00190707392966 0.012383500997 0.026
v 0.00200033387003 0.0125004452633 0.026
v 0.0020864331343 0.0126227575464 0.026
v 0.00216506350946 0.01275 0.026
v 0.00223594351917 0.0128817171292 0.026
v 0.00229881943138 0.0130174374209 0.026
v 0.00235346616665 0.0131566750315 0.026
v 0.00239968810386 0.0132989315267 0.026
v 0.00243731978045 0.0134436976651 0.026
v 0.00246622648481 0.0135904552215 0.026
v 0.00248630473842 0.0137386788418 0.026
v 0.00249748266635 0.0138878379241 0.026
v 0.00249972025453 0.0140373985175 0.026
v 0.00249300949295 0.014186825234 0.026
v 0.00247737440442 0.0143355831645 0.026
v 0.00245287095849 0.0144831397945 0.026
v 0.00241958687113 0.0146289669094 0.026
v 0.00237764129074 0.0147725424859 0.026
v 0.00232718437161 0.0149133525609 0.026
v 0.00226839673642 0.0150508930708 0.026
v 0.00220148882964 0.0151846716562 0.026
v 0.00212670016422 0.0153142094245 0.026
v 0.00204429846416 0.0154390426642 0.026
v 0.00195457870617 0.0155587245046 0.026
v 0.00185786206369 0.0156728265159 0.026
v 0.00175449475721 0.0157809402424 0.026
v 0.00164484681485 0.015882678665 0.026
v 0.00152931074779 0.0159776775866 0.026
v 0.00140830014516 0.0160655969358 0.026
v 0.00128224819351 0.016146121984 0.026
v 0.00115160612613 0.0162189644725 0.026
v 0.00101684160769 0.0162838636441 0.026
v 0.000878437060203 0.0163405871766 0.026
v 0.000736887936027 0.0163889320145 0.026
v 0.000592700944289 0.0164287250957 0.026
v 0.000446392236997 0.0164598239715 0.026
v 0.000298485561351 0.0164821173159 0.026
v 0.000149510384863 0.0164955253244 0.026
v 0.00131919915666 0.00969770833333 0.0245
v 0.00121955648992 0.00977064450636 0.0245
v 0.00111589084432 0.00983773981389 0.0245
v 0.00100854418409 0.00989877292711 0.0245
v 0.000897870616125 0.00995354251469 0.0245
v 0.000784235221838 0.0100018679069 0.0245
v 0.000668012852906 0.0100435896918 0.0245
v 0.000549586894712 0.0100785702406 0.0245
v 0.000429348001671 0.0101066941623 0.0245
v 0.000307692808567 0.0101278686838 0.0245
v 0.000185022622164 0.0101420239563 0.0245
v 6.17420974106e-05 0.0101491132854 0.0245
v -6.17420974106e-05 0.0101491132854 0.0245
v -0.000185022622164 0.0101420239563 0.0245
v -0.000307692808567 0.0101278686838 0.0245
v -0.000429348001671 0.0101066941623 0.0245
v -0.000549586894712 0.0100785702406 0.0245
v -0.000668012852906 0.0100435896918 0.0245
v -0.000784235221838 0.0100018679069 0.0245
v -0.000897870616125 0.00995354251469 0.0245
v -0.00100854418409 0.00989877292711 0.0245
v -0.00111589084432 0.00983773981389 0.0245
v -0.00121955648992 0.00977064450636 0.0245
v -0.00131919915666 0.00969770833333 0.0245
v -0.00106100701663 0.00962687021566 0.0245
v -0.000799059109807 0.00957151216113 0.0245
v -0.000534282682893 0.00953183012691 0.0245
v -0.000267614995011 0.00950796458001 0.0245
v 4.50042370243e-18 0.0095 0.0245
v 0.000267614995011 0.00950796458001 0.0245
v 0.000534282682893 0.00953183012691 0.0245
v 0.000799059109807 0.00957151216113 0.0245
v 0.00106100701663 0.00962687021566 0.0245
v 1.833141824e-18 0.016511473671 0.0223
v -0.002175 0.0152557368355 0.0223
v -0.002175 0.0127442631645 0.0223
v 9.67915825719e-19 0.011488526329 0.0223
v 0.002175 0.0127442631645 0.0223
v 0.002175 0.0152557368355 0.0223
v 1.96365664611e-18 0.01515 0.0223
v -6.87747770368e-05 0.0151479416492 0.0223
v -0.000137303358221 0.0151417739653 0.0223
v -0.000205340429018 0.0151315190269 0.0223
v -0.000272642434373 0.015117213544 0.0223
v -0.000338968450573 0.0150989087267 0.0223
v -0.000404081047694 0.0150766701012 0.0223
v -0.000467747139537 0.0150505772763 0.0223
v -0.000529738818018 0.0150207236574 0.0223
v -0.000589834169017 0.0149872161126 0.0223
v -0.000647818066773 0.0149501745905 0.0223
v -0.000703482943982 0.0149097316899 0.0223
v -0.000756629534831 0.0148660321859 0.0223
v -0.000807067588317 0.0148192325115 0.0223
v -0.000854616549299 0.0147695001973 0.0223
v -0.000899106204838 0.0147170132721 0.0223
v -0.000940377293514 0.0146619596255 0.0223
v -0.00097828207554 0.0146045363353 0.0223
v -0.00101268486164 0.0145449489618 0.0223
v -0.00104346249875 0.0144834108126 0.0223
v -0.00107050481094 0.014420142178 0.0223
v -0.00109371499374 0.0143553695435 0.0223
v -0.00111300996072 0.0142893247783 0.0223
v -0.0011283206409 0.0142222443055 0.0223
v -0.00113959222603 0.0141543682557 0.0223
v -0.00114678436676 0.0140859396076 0.0223
v -0.00114987131708 0.0140172033181 0.0223
v -0.00114884202652 0.0139484054451 0.0223
v -0.00114370017967 0.0138797922672 0.0223
v -0.00113446418301 0.0138116094019 0.0223
v -0.00112116709901 0.013744100926 0.0223
v -0.00110385652777 0.0136775085023 0.0223
v -0.00108259443666 0.0136120705145 0.0223
v -0.00105745693843 0.0135480212136 0.0223
v -0.00102853401882 0.0134855898794 0.0223
v -0.000995929214352 0.013425 0.0223
v -0.000959759241779 0.0133664684713 0.0223
v -0.000920153580213 0.0133102048211 0.0223
v -0.000877254007642 0.0132564104586 0.0223
v -0.000831214093401 0.0132052779537 0.0223
v -0.000782198648437 0.0131569903474 0.0223
v -0.000730383135319 0.0131117204969 0.0223
v -0.000675953040136 0.0130696304565 0.0223
v -0.000619103208504 0.0130308708975 0.0223
v -0.000560037148065 0.0129955805693 0.0223
v -0.000498966299985 0.0129638858019 0.0223
v -0.000436109282051 0.0129359000545 0.0223
v -0.000371691106073 0.0129117235086 0.0223
v -0.000305942372402 0.0128914427102 0.0223
v -0.00023909844444 0.0128751302592 0.0223
v -0.000171398606103 0.0128628445498 0.0223
v -0.000103085205239 0.0128546295619 0.0223
v -3.44027860948e-05 0.0128505147029 0.0223
v 3.44027860948e-05 0.0128505147029 0.0223
v 0.000103085205239 0.0128546295619 0.0223
v 0.000171398606103 0.0128628445498 0.0223
v 0.00023909844444 0.0128751302592 0.0223
v 0.000305942372402 0.0128914427102 0.0223
v 0.000371691106073 0.0129117235086 0.0223
v 0.000436109282051 0.0129359000545 0.0223
v 0.000498966299985 0.0129638858019 0.0223
v 0.000560037148065 0.0129955805693 0.0223
v 0.000619103208504 0.0130308708975 0.0223
v 0.000675953040136 0.0130696304565 0.0223
v 0.000730383135319 0.0131117204969 0.0223
v 0.000782198648437 0.0131569903474 0.0223
v 0.000831214093402 0.0132052779537 0.0223
v 0.000877254007642 0.0132564104586 0.0223
v 0.000920153580213 0.0133102048211 0.0223
v 0.00095975924178 0.0133664684713 0.0223
v 0.000995929214352 0.013425 0.0223
v 0.00102853401882 0.0134855898794 0.0223
v 0.00105745693843 0.0135480212136 0.0223
v 0.00108259443666 0.0136120705145 0.0223
v 0.00110385652777 0.0136775085023 0.0223
v 0.00112116709901 0.013744100926 0.0223
v 0.00113446418301 0.0138116094019 0.0223
v 0.00114370017967 0.0138797922672 0.0223
v 0.00114884202652 0.0139484054451 0.0223
v 0.00114987131708 0.0140172033181 0.0223
v 0.00114678436676 0.0140859396076 0.0223
v 0.00113959222603 0.0141543682557 0.0223
v 0.0011283206409 0.0142222443055 0.0223
v 0.00111300996072 0.0142893247783 0.0223
v 0.00109371499374 0.0143553695435 0.0223
v 0.00107050481094 0.014420142178 0.0223
v 0.00104346249875 0.0144834108126 0.0223
v 0.00101268486164 0.0145449489618 0.0223
v 0.00097828207554 0.0146045363353 0.0223
v 0.000940377293514 0.0146619596255 0.0223
v 0.000899106204838 0.0147170132721 0.0223
v 0.000854616549299 0.0147695001973 0.0223
v 0.000807067588317 0.0148192325115 0.0223
v 0.000756629534831 0.0148660321859 0.0223
v 0.000703482943982 0.0149097316899 0.0223
v 0.000647818066773 0.0149501745905 0.0223
v 0.000589834169017 0.0149872161126 0.0223
v 0.000529738818018 0.0150207236574 0.0223
v 0.000467747139537 0.0150505772763 0.0223
v 0.000404081047694 0.0150766701012 0.0223
v 0.000338968450573 0.0150989087267 0.0223
v 0.000272642434373 0.015117213544 0.0223
v 0.000205340429018 0.0151315190269 0.0223
v 0.000137303358221 0.0151417739653 0.0223
v 6.87747770368e-05 0.0151479416492 0.0223
v -1.27548264495e-18 -0.011488526329 0.0223
v -0.002175 -0.0127442631645 0.0223
v -0.002175 -0.0152557368355 0.0223
v -2.14070864323e-18 -0.016511473671 0.0223
v 0.002175 -0.0152557368355 0.0223
v 0.002175 -0.0127442631645 0.0223
v -1.14496782284e-18 -0.01285 0.0223
v -6.87747770368e-05 -0.0128520583508 0.0223
v -0.000137303358221 -0.0128582260347 0.0223
v -0.000205340429018 -0.0128684809731 0.0223
v -0.000272642434373 -0.012882786456 0.0223
v -0.000338968450573 -0.0129010912733 0.0223
v -0.000404081047694 -0.0129233298988 0.0223
v -0.000467747139537 -0.0129494227237 0.0223
v -0.000529738818018 -0.0129792763426 0.0223
v -0.000589834169017 -0.0130127838874 0.0223
v -0.000647818066773 -0.0130498254095 0.0223
v -0.000703482943982 -0.0130902683101 0.0223
v -0.000756629534831 -0.0131339678141 0.0223
v -0.000807067588317 -0.0131807674885 0.0223
v -0.000854616549299 -0.0132304998027 0.0223
v -0.000899106204838 -0.0132829867279 0.0223
v -0.000940377293514 -0.0133380403745 0.0223
v -0.00097828207554 -0.0133954636647 0.0223
v -0.00101268486164 -0.0134550510382 0.0223
v -0.00104346249875 -0.0135165891874 0.0223
v -0.00107050481094 -0.013579857822 0.0223
v -0.00109371499374 -0.0136446304565 0.0223
v -0.00111300996072 -0.0137106752217 0.0223
v -0.0011283206409 -0.0137777556945 0.0223
v -0.00113959222603 -0.0138456317443 0.0223
v -0.00114678436676 -0.0139140603924 0.0223
v -0.00114987131708 -0.0139827966819 0.0223
v -0.00114884202652 -0.0140515945549 0.0223
v -0.00114370017967 -0.0141202077328 0.0223
v -0.00113446418301 -0.0141883905981 0.0223
v -0.00112116709901 -0.014255899074 0.0223
v -0.00110385652777 -0.0143224914977 0.0223
v -0.00108259443666 -0.0143879294855 0.0223
v -0.00105745693843 -0.0144519787864 0.0223
v -0.00102853401882 -0.0145144101206 0.0223
v -0.000995929214352 -0.014575 0.0223
v -0.000959759241779 -0.0146335315287 0.0223
v -0.000920153580213 -0.0146897951789 0.0223
v -0.000877254007642 -0.0147435895414 0.0223
v -0.000831214093402 -0.0147947220463 0.0223
v -0.000782198648437 -0.0148430096526 0.0223
v -0.000730383135319 -0.0148882795031 0.0223
v -0.000675953040136 -0.0149303695435 0.0223
v -0.000619103208504 -0.0149691291025 0.0223
v -0.000560037148065 -0.0150044194307 0.0223
v -0.000498966299985 -0.0150361141981 0.0223
v -0.000436109282051 -0.0150640999455 0.0223
v -0.000371691106073 -0.0150882764914 0.0223
v -0.000305942372402 -0.0151085572898 0.0223
v -0.00023909844444 -0.0151248697408 0.0223
v -0.000171398606103 -0.0151371554502 0.0223
v -0.000103085205239 -0.0151453704381 0.0223
v -3.44027860948e-05 -0.0151494852971 0.0223
v 3.44027860948e-05 -0.0151494852971 0.0223
v 0.000103085205239 -0.0151453704381 0.0223
v 0.000171398606103 -0.0151371554502 0.0223
v 0.00023909844444 -0.0151248697408 0.0223
v 0.000305942372402 -0.0151085572898 0.0223
v 0.000371691106073 -0.0150882764914 0.0223
v 0.000436109282051 -0.0150640999455 0.0223
v 0.000498966299985 -0.0150361141981 0.0223
v 0.000560037148065 -0.0150044194307 0.0223
v 0.000619103208504 -0.0149691291025 0.0223
v 0.000675953040136 -0.0149303695435 0.0223
v 0.000730383135319 -0.0148882795031 0.0223
v 0.000782198648437 -0.0148430096526 0.0223
v 0.000831214093402 -0.0147947220463 0.0223
v 0.000877254007642 -0.0147435895414 0.0223
v 0.000920153580213 -0.0146897951789 0.0223
v 0.000959759241779 -0.0146335315287 0.0223
v 0.000995929214352 -0.014575 0.0223
v 0.00102853401882 -0.0145144101206 0.0223
v 0.00105745693843 -0.0144519787864 0.0223
v 0.00108259443666 -0.0143879294855 0.0223
v 0.00110385652777 -0.0143224914977 0.0223
v 0.00112116709901 -0.014255899074 0.0223
v 0.00113446418301 -0.0141883905981 0.0223
v 0.00114370017967 -0.0141202077328 0.0223
v 0.00114884202652 -0.0140515945549 0.0223
v 0.00114987131708 -0.0139827966819 0.0223
v 0.00114678436676 -0.0139140603924 0.0223
v 0.00113959222603 -0.0138456317443 0.0223
v 0.0011283206409 -0.0137777556945 0.0223
v 0.00111300996072 -0.0137106752217 0.0223
v 0.00109371499374 -0.0136446304565 0.0223
v 0.00107050481094 -0.013579857822 0.0223
v 0.00104346249875 -0.0135165891874 0.0223
v 0.00101268486164 -0.0134550510382 0.0223
v 0.00097828207554 -0.0133954636647 0.0223
v 0.000940377293514 -0.0133380403745 0.0223
v 0.000899106204838 -0.0132829867279 0.0223
v 0.000854616549299 -0.0132304998027 0.0223
v 0.000807067588317 -0.0131807674885 0.0223
v 0.000756629534831 -0.0131339678141 0.0223
v 0.000703482943982 -0.0130902683101 0.0223
v 0.000647818066773 -0.0130498254095 0.0223
v 0.000589834169017 -0.0130127838874 0.0223
v 0.000529738818018 -0.0129792763426 0.0223
v 0.000467747139537 -0.0129494227237 0.0223
v 0.000404081047694 -0.0129233298988 0.0223
v 0.000338968450573 -0.0129010912733 0.0223
v 0.000272642434373 -0.012882786456 0.0223
v 0.000205340429018 -0.0128684809731 0.0223
v 0.000137303358221 -0.0128582260347 0.0223
v 6.87747770368e-05 -0.0128520583508 0.0223
v -6.64433078745e-19 -0.0115 0.0298
v -0.000149510384863 -0.0115044746756 0.0298
v -0.000298485561351 -0.0115178826841 0.0298
v -0.000446392236997 -0.0115401760285 0.0298
v -0.000592700944289 -0.0115712749043 0.0298
v -0.000736887936027 -0.0116110679855 0.0298
v -0.000878437060203 -0.0116594128234 0.0298
v -0.00101684160769 -0.0117161363559 0.0298
v -0.00115160612613 -0.0117810355275 0.0298
v -0.00128224819351 -0.011853878016 0.0298
v -0.00140830014516 -0.0119344030642 0.0298
v -0.00152931074779 -0.0120223224134 0.0298
v -0.00164484681485 -0.012117321335 0.0298
v -0.00175449475721 -0.0122190597576 0.0298
v -0.00185786206369 -0.0123271734841 0.0298
v -0.00195457870617 -0.0124412754954 0.0298
v -0.00204429846416 -0.0125609573358 0.0298
v -0.00212670016422 -0.0126857905755 0.0298
v -0.00220148882964 -0.0128153283438 0.0298
v -0.00226839673642 -0.0129491069292 0.0298
v -0.00232718437161 -0.0130866474391 0.0298
v -0.00237764129074 -0.0132274575141 0.0298
v -0.00241958687113 -0.0133710330906 0.0298
v -0.00245287095849 -0.0135168602055 0.0298
v -0.00247737440442 -0.0136644168355 0.0298
v -0.00249300949295 -0.013813174766 0.0298
v -0.00249972025453 -0.0139626014825 0.0298
v -0.00249748266635 -0.0141121620759 0.0298
v -0.00248630473842 -0.0142613211582 0.0298
v -0.00246622648481 -0.0144095447785 0.0298
v -0.00243731978045 -0.0145563023349 0.0298
v -0.00239968810386 -0.0147010684733 0.0298
v -0.00235346616665 -0.0148433249685 0.0298
v -0.00229881943138 -0.0149825625791 0.0298
v -0.00223594351917 -0.0151182828708 0.0298
v -0.00216506350946 -0.01525 0.0298
v -0.0020864331343 -0.0153772424536 0.0298
v -0.00200033387003 -0.0154995547367 0.0298
v -0.00190707392966 -0.015616499003 0.0298
v -0.00180698715957 -0.0157276566225 0.0298
v -0.00170043184443 -0.0158326296796 0.0298
v -0.00158778942461 -0.0159310423981 0.0298
v -0.00146946313073 -0.0160225424859 0.0298
v -0.00134587654023 -0.0161068023966 0.0298
v -0.00121747206101 -0.0161835205015 0.0298
v -0.00108470934779 -0.0162524221698 0.0298
v -0.000948063656632 -0.0163132607512 0.0298
v -0.000808024143636 -0.0163658184595 0.0298
v -0.000665092113917 -0.0164099071517 0.0298
v -0.000519779227044 -0.0164453690018 0.0298
v -0.00037260566544 -0.0164720770656 0.0298
v -0.000224098272259 -0.016489935735 0.0298
v -7.47886654235e-05 -0.0164988810807 0.0298
v 7.47886654235e-05 -0.0164988810807 0.0298
v 0.000224098272259 -0.016489935735 0.0298
v 0.00037260566544 -0.0164720770656 0.0298
v 0.000519779227044 -0.0164453690018 0.0298
v 0.000665092113917 -0.0164099071517 0.0298
v 0.000808024143636 -0.0163658184595 0.0298
v 0.000948063656632 -0.0163132607512 0.0298
v 0.00108470934779 -0.0162524221698 0.0298
v 0.00121747206101 -0.0161835205015 0.0298
v 0.00134587654023 -0.0161068023966 0.0298
v 0.00146946313073 -0.0160225424859 0.0298
v 0.00158778942461 -0.0159310423981 0.0298
v 0.00170043184443 -0.0158326296796 0.0298
v 0.00180698715957 -0.0157276566225 0.0298
v 0.00190707392966 -0.015616499003 0.0298
v 0.00200033387003 -0.0154995547367 0.0298
v 0.0020864331343 -0.0153772424536 0.0298
v 0.00216506350946 -0.01525 0.0298
v 0.00223594351917 -0.0151182828708 0.0298
v 0.00229881943138 -0.0149825625791 0.0298
v 0.00235346616665 -0.0148433249685 0.0298
v 0.00239968810386 -0.0147010684733 0.0298
v 0.00243731978045 -0.0145563023349 0.0298
v 0.00246622648481 -0.0144095447785 0.0298
v 0.00248630473842 -0.0142613211582 0.0298
v 0.00249748266635 -0.0141121620759 0.0298
v 0.00249972025453 -0.0139626014825 0.0298
v 0.00249300949295 -0.013813174766 0.0298
v 0.00247737440442 -0.0136644168355 0.0298
v 0.00245287095849 -0.0135168602055 0.0298
v 0.00241958687113 -0.0133710330906 0.0298
v 0.00237764129074 -0.0132274575141 0.0298
v 0.00232718437161 -0.0130866474391 0.0298
v 0.00226839673642 -0.0129491069292 0.0298
v 0.00220148882964 -0.0128153283438 0.0298
v 0.00212670016422 -0.0126857905755 0.0298
v 0.00204429846416 -0.0125609573358 0.0298
v 0.00195457870617 -0.0124412754954 0.0298
v 0.00185786206369 -0.0123271734841 0.0298
v 0.00175449475721 -0.0122190597576 0.0298
v 0.00164484681485 -0.012117321335 0.0298
v 0.00152931074779 -0.0120223224134 0.0298
v 0.00140830014516 -0.0119344030642 0.0298
v 0.00128224819351 -0.011853878016 0.0298
v 0.00115160612613 -0.0117810355275 0.0298
v 0.00101684160769 -0.0117161363559 0.0298
v 0.000878437060203 -0.0116594128234 0.0298
v 0.000736887936027 -0.0116110679855 0.0298
v 0.000592700944289 -0.0115712749043 0.0298
v 0.000446392236997 -0.0115401760285 0.0298
v 0.000298485561351 -0.0115178826841 0.0298
v 0.000149510384863 -0.0115044746756 0.0298
v -6.64433078745e-19 -0.0115 0.0298
v -6.64433078745e-19 -0.0115 0.026
v -0.000149510384863 -0.0115044746756 0.026
v -0.000298485561351 -0.0115178826841 0.026
v -0.000446392236997 -0.0115401760285 0.026
v -0.000592700944289 -0.0115712749043 0.026
v -0.000736887936027 -0.0116110679855 0.026
v -0.000878437060203 -0.0116594128234 0.026
v -0.00101684160769 -0.0117161363559 0.026
v -0.00115160612613 -0.0117810355275 0.026
v -0.00128224819351 -0.011853878016 0.026
v -0.00140830014516 -0.0119344030642 0.026
v -0.00152931074779 -0.0120223224134 0.026
v -0.00164484681485 -0.012117321335 0.026
v -0.00175449475721 -0.0122190597576 0.026
v -0.00185786206369 -0.0123271734841 0.026
v -0.00195457870617 -0.0124412754954 0.026
v -0.00204429846416 -0.0125609573358 0.026
v -0.00212670016422 -0.0126857905755 0.026
v -0.00220148882964 -0.0128153283438 0.026
v -0.00226839673642 -0.0129491069292 0.026
v -0.00232718437161 -0.0130866474391 0.026
v -0.00237764129074 -0.0132274575141 0.026
v -0.00241958687113 -0.0133710330906 0.026
v -0.00245287095849 -0.0135168602055 0.026
v -0.00247737440442 -0.0136644168355 0.026
v -0.00249300949295 -0.013813174766 0.026
v -0.00249972025453 -0.0139626014825 0.026
v -0.00249748266635 -0.0141121620759 0.026
v -0.00248630473842 -0.0142613211582 0.026
v -0.00246622648481 -0.0144095447785 0.026
v -0.00243731978045 -0.0145563023349 0.026
v -0.00239968810386 -0.0147010684733 0.026
v -0.00235346616665 -0.0148433249685 0.026
v -0.00229881943138 -0.0149825625791 0.026
v -0.00223594351917 -0.0151182828708 0.026
v -0.00216506350946 -0.01525 0.026
v -0.0020864331343 -0.0153772424536 0.026
v -0.00200033387003 -0.0154995547367 0.026
v -0.00190707392966 -0.015616499003 0.026
v -0.00180698715957 -0.0157276566225 0.026
v -0.00170043184443 -0.0158326296796 0.026
v -0.00158778942461 -0.0159310423981 0.026
v -0.00146946313073 -0.0160225424859 0.026
v -0.00134587654023 -0.0161068023966 0.026
v -0.00121747206101 -0.0161835205015 0.026
v -0.00108470934779 -0.0162524221698 0.026
v -0.000948063656632 -0.0163132607512 0.026
v -0.000808024143636 -0.0163658184595 0.026
v -0.000665092113917 -0.0164099071517 0.026
v -0.000519779227044 -0.0164453690018 0.026
v -0.00037260566544 -0.0164720770656 0.026
v -0.000224098272259 -0.016489935735 0.026
v -7.47886654235e-05 -0.0164988810807 0.026
v 7.47886654235e-05 -0.0164988810807 0.026
v 0.000224098272259 -0.016489935735 0.026
v 0.00037260566544 -0.0164720770656 0.026
v 0.000519779227044 -0.0164453690018 0.026
v 0.000665092113917 -0.0164099071517 0.026
v 0.000808024143636 -0.0163658184595 0.026
v 0.000948063656632 -0.0163132607512 0.026
v 0.00108470934779 -0.0162524221698 0.026
v 0.00121747206101 -0.0161835205015 0.026
v 0.00134587654023 -0.0161068023966 0.026
v 0.00146946313073 -0.0160225424859 0.026
v 0.00158778942461 -0.0159310423981 0.026
v 0.00170043184443 -0.0158326296796 0.026
v 0.00180698715957 -0.0157276566225 0.026
v 0.00190707392966 -0.015616499003 0.026
v 0.00200033387003 -0.0154995547367 0.026
v 0.0020864331343 -0.0153772424536 0.026
v 0.00216506350946 -0.01525 0.026
v 0.00223594351917 -0.0151182828708 0.026
v 0.00229881943138 -0.0149825625791 0.026
v 0.00235346616665 -0.0148433249685 0.026
v 0.00239968810386 -0.0147010684733 0.026
v 0.00243731978045 -0.0145563023349 0.026
v 0.00246622648481 -0.0144095447785 0.026
v 0.00248630473842 -0.0142613211582 0.026
v 0.00249748266635 -0.0141121620759 0.026
v 0.00249972025453 -0.0139626014825 0.026
v 0.00249300949295 -0.013813174766 0.026
v 0.00247737440442 -0.0136644168355 0.026
v 0.00245287095849 -0.0135168602055 0.026
v 0.00241958687113 -0.0133710330906 0.026
v 0.00237764129074 -0.0132274575141 0.026
v 0.00232718437161 -0.0130866474391 0.026
v 0.00226839673642 -0.0129491069292 0.026
v 0.00220148882964 -0.0128153283438 0.026
v 0.00212670016422 -0.0126857905755 0.026
v 0.00204429846416 -0.0125609573358 0.026
v 0.00195457870617 -0.0124412754954 0.026
v 0.00185786206369 -0.0123271734841 0.026
v 0.00175449475721 -0.0122190597576 0.026
v 0.00164484681485 -0.012117321335 0.026
v 0.00152931074779 -0.0120223224134 0.026
v 0.00140830014516 -0.0119344030642 0.026
v 0.00128224819351 -0.011853878016 0.026
v 0.00115160612613 -0.0117810355275 0.026
v 0.00101684160769 -0.0117161363559 0.026
v 0.000878437060203 -0.0116594128234 0.026
v 0.000736887936027 -0.0116110679855 0.026
v 0.000592700944289 -0.0115712749043 0.026
v 0.000446392236997 -0.0115401760285 0.026
v 0.000298485561351 -0.0115178826841 0.026
v 0.000149510384863 -0.0115044746756 0.026
v -6.64433078745e-19 -0.0115 0.026
v 2.44419139021e-18 0.0165 0.0298
v -0.000149510384863 0.0164955253244 0.0298
v -0.000298485561351 0.0164821173159 0.0298
v -0.000446392236997 0.0164598239715 0.0298
v -0.000592700944289 0.0164287250957 0.0298
v -0.000736887936027 0.0163889320145 0.0298
v -0.000878437060203 0.0163405871766 0.0298
v -0.00101684160769 0.0162838636441 0.0298
v -0.00115160612613 0.0162189644725 0.0298
v -0.00128224819351 0.016146121984 0.0298
v -0.00140830014516 0.0160655969358 0.0298
v -0.00152931074779 0.0159776775866 0.0298
v -0.00164484681485 0.015882678665 0.0298
v -0.00175449475721 0.0157809402424 0.0298
v -0.00185786206369 0.0156728265159 0.0298
v -0.00195457870617 0.0155587245046 0.0298
v -0.00204429846416 0.0154390426642 0.0298
v -0.00212670016422 0.0153142094245 0.0298
v -0.00220148882964 0.0151846716562 0.0298
v -0.00226839673642 0.0150508930708 0.0298
v -0.00232718437161 0.0149133525609 0.0298
v -0.00237764129074 0.0147725424859 0.0298
v -0.00241958687113 0.0146289669094 0.0298
v -0.00245287095849 0.0144831397945 0.0298
v -0.00247737440442 0.0143355831645 0.0298
v -0.00249300949295 0.014186825234 0.0298
v -0.00249972025453 0.0140373985175 0.0298
v -0.00249748266635 0.0138878379241 0.0298
v -0.00248630473842 0.0137386788418 0.0298
v -0.00246622648481 0.0135904552215 0.0298
v -0.00243731978045 0.0134436976651 0.0298
v -0.00239968810386 0.0132989315267 0.0298
v -0.00235346616665 0.0131566750315 0.0298
v -0.00229881943138 0.0130174374209 0.0298
v -0.00223594351917 0.0128817171292 0.0298
v -0.00216506350946 0.01275 0.0298
v -0.0020864331343 0.0126227575464 0.0298
v -0.00200033387003 0.0125004452633 0.0298
v -0.00190707392966 0.012383500997 0.0298
v -0.00180698715957 0.0122723433775 0.0298
v -0.00170043184443 0.0121673703204 0.0298
v -0.00158778942461 0.0120689576019 0.0298
v -0.00146946313073 0.0119774575141 0.0298
v -0.00134587654023 0.0118931976034 0.0298
v -0.00121747206101 0.0118164794985 0.0298
v -0.00108470934779 0.0117475778302 0.0298
v -0.000948063656632 0.0116867392488 0.0298
v -0.000808024143636 0.0116341815405 0.0298
v -0.000665092113917 0.0115900928483 0.0298
v -0.000519779227044 0.0115546309982 0.0298
v -0.00037260566544 0.0115279229344 0.0298
v -0.000224098272259 0.011510064265 0.0298
v -7.47886654235e-05 0.0115011189193 0.0298
v 7.47886654235e-05 0.0115011189193 0.0298
v 0.000224098272259 0.011510064265 0.0298
v 0.00037260566544 0.0115279229344 0.0298
v 0.000519779227044 0.0115546309982 0.0298
v 0.000665092113917 0.0115900928483 0.0298
v 0.000808024143636 0.0116341815405 0.0298
v 0.000948063656632 0.0116867392488 0.0298
v 0.00108470934779 0.0117475778302 0.0298
v 0.00121747206101 0.0118164794985 0.0298
v 0.00134587654023 0.0118931976034 0.0298
v 0.00146946313073 0.0119774575141 0.0298
v 0.00158778942461 0.0120689576019 0.0298
v 0.00170043184443 0.0121673703204 0.0298
v 0.00180698715957 0.0122723433775 0.0298
v 0.00190707392966 0.012383500997 0.0298
v 0.00200033387003 0.0125004452633 0.0298
v 0.0020864331343 0.0126227575464 0.0298
v 0.00216506350946 0.01275 0.0298
v 0.00223594351917 0.0128817171292 0.0298
v 0.00229881943138 0.0130174374209 0.0298
v 0.00235346616665 0.0131566750315 0.0298
v 0.00239968810386 0.0132989315267 0.0298
v 0.00243731978045 0.0134436976651 0.0298
v 0.00246622648481 0.0135904552215 0.0298
v 0.00248630473842 0.0137386788418 0.0298
v 0.00249748266635 0.0138878379241 0.0298
v 0.00249972025453 0.0140373985175 0.0298
v 0.00249300949295 0.014186825234 0.0298
v 0.00247737440442 0.0143355831645 0.0298
v 0.00245287095849 0.0144831397945 0.0298
v 0.00241958687113 0.0146289669094 0.0298
v 0.00237764129074 0.0147725424859 0.0298
v 0.00232718437161 0.0149133525609 0.0298
v 0.00226839673642 0.0150508930708 0.0298
v 0.00220148882964 0.0151846716562 0.0298
v 0.00212670016422 0.0153142094245 0.0298
v 0.00204429846416 0.0154390426642 0.0298
v 0.00195457870617 0.0155587245046 0.0298
v 0.00185786206369 0.0156728265159 0.0298
v 0.00175449475721 0.0157809402424 0.0298
v 0.00164484681485 0.015882678665 0.0298
v 0.00152931074779 0.0159776775866 0.0298
v 0.00140830014516 0.0160655969358 0.0298
v 0.00128224819351 0.016146121984 0.0298
v 0.00115160612613 0.0162189644725 0.0298
v 0.00101684160769 0.0162838636441 0.0298
v 0.000878437060203 0.0163405871766 0.0298
v 0.000736887936027 0.0163889320145 0.0298
v 0.000592700944289 0.0164287250957 0.0298
v 0.000446392236997 0.0164598239715 0.0298
v 0.000298485561351 0.0164821173159 0.0298
v 0.000149510384863 0.0164955253244 0.0298
v 2.44419139021e-18 0.0165 0.0298
v 2.44419139021e-18 0.0165 0.026
v -0.000149510384863 0.0164955253244 0.026
v -0.000298485561351 0.0164821173159 0.026
v -0.000446392236997 0.0164598239715 0.026
v -0.000592700944289 0.0164287250957 0.026
v -0.000736887936027 0.0163889320145 0.026
v -0.000878437060203 0.0163405871766 0.026
v -0.00101684160769 0.0162838636441 0.026
v -0.00115160612613 0.0162189644725 0.026
v -0.00128224819351 0.016146121984 0.026
v -0.00140830014516 0.0160655969358 0.026
v -0.00152931074779 0.0159776775866 0.026
v -0.00164484681485 0.015882678665 0.026
v -0.00175449475721 0.0157809402424 0.026
v -0.00185786206369 0.0156728265159 0.026
v -0.00195457870617 0.0155587245046 0.026
v -0.00204429846416 0.0154390426642 0.026
v -0.00212670016422 0.0153142094245 0.026
v -0.00220148882964 0.0151846716562 0.026
v -0.00226839673642 0.0150508930708 0.026
v -0.00232718437161 0.0149133525609 0.026
v -0.00237764129074 0.0147725424859 0.026
v -0.00241958687113 0.0146289669094 0.026
v -0.00245287095849 0.0144831397945 0.026
v -0.00247737440442 0.0143355831645 0.026
v -0.00249300949295 0.014186825234 0.026
v -0.00249972025453 0.0140373985175 0.026
v -0.00249748266635 0.0138878379241 0.026
v -0.00248630473842 0.0137386788418 0.026
v -0.00246622648481 0.0135904552215 0.026
v -0.00243731978045 0.0134436976651 0.026
v -0.00239968810386 0.0132989315267 0.026
v -0.00235346616665 0.0131566750315 0.026
v -0.00229881943138 0.0130174374209 0.026
v -0.00223594351917 0.0128817171292 0.026
v -0.00216506350946 0.01275 0.026
v -0.0020864331343 0.0126227575464 0.026
v -0.00200033387003 0.0125004452633 0.026
v -0.00190707392966 0.012383500997 0.026
v -0.00180698715957 0.0122723433775 0.026
v -0.00170043184443 0.0121673703204 0.026
v -0.00158778942461 0.0120689576019 0.026
v -0.00146946313073 0.0119774575141 0.026
v -0.00134587654023 0.0118931976034 0.026
v -0.00121747206101 0.0118164794985 0.026
v -0.00108470934779 0.0117475778302 0.026
v -0.000948063656632 0.0116867392488 0.026
v -0.000808024143636 0.0116341815405 0.026
v -0.000665092113917 0.0115900928483 0.026
v -0.000519779227044 0.0115546309982 0.026
v -0.00037260566544 0.0115279229344 0.026
v -0.000224098272259 0.011510064265 0.026
v -7.47886654235e-05 0.0115011189193 0.026
v 7.47886654235e-05 0.0115011189193 0.026
v 0.000224098272259 0.011510064265 0.026
v 0.00037260566544 0.0115279229344 0.026
v 0.000519779227044 0.0115546309982 0.026
v 0.000665092113917 0.0115900928483 0.026
v 0.000808024143636 0.0116341815405 0.026
v 0.000948063656632 0.0116867392488 0.026
v 0.00108470934779 0.0117475778302 0.026
v 0.00121747206101 0.0118164794985 0.026
v 0.00134587654023 0.0118931976034 0.026
v 0.00146946313073 0.0119774575141 0.026
v 0.00158778942461 0.0120689576019 0.026
v 0.00170043184443 0.0121673703204 0.026
v 0.00180698715957 0.0122723433775 0.026
v 0.00190707392966 0.012383500997 0.026
v 0.00200033387003 0.0125004452633 0.026
v 0.0020864331343 0.0126227575464 0.026
v 0.00216506350946 0.01275 0.026
v 0.00223594351917 0.0128817171292 0.026
v 0.00229881943138 0.0130174374209 0.026
v 0.00235346616665 0.0131566750315 0.026
v 0.00239968810386 0.0132989315267 0.026
v 0.00243731978045 0.0134436976651 0.026
v 0.00246622648481 0.0135904552215 0.026
v 0.00248630473842 0.0137386788418 0.026
v 0.00249748266635 0.0138878379241 0.026
v 0.00249972025453 0.0140373985175 0.026
v 0.00249300949295 0.014186825234 0.026
v 0.00247737440442 0.0143355831645 0.026
v 0.00245287095849 0.0144831397945 0.026
v 0.00241958687113 0.0146289669094 0.026
v 0.00237764129074 0.0147725424859 0.026
v 0.00232718437161 0.0149133525609 0.026
v 0.00226839673642 0.0150508930708 0.026
v 0.00220148882964 0.0151846716562 0.026
v 0.00212670016422 0.0153142094245 0.026
v 0.00204429846416 0.0154390426642 0.026
v 0.00195457870617 0.0155587245046 0.026
v 0.00185786206369 0.0156728265159 0.026
v 0.00175449475721 0.0157809402424 0.026
v 0.00164484681485 0.015882678665 0.026
v 0.00152931074779 0.0159776775866 0.026
v 0.00140830014516 0.0160655969358 0.026
v 0.00128224819351 0.016146121984 0.026
v 0.00115160612613 0.0162189644725 0.026
v 0.00101684160769 0.0162838636441 0.026
v 0.000878437060203 0.0163405871766 0.026
v 0.000736887936027 0.0163889320145 0.026
v 0.000592700944289 0.0164287250957 0.026
v 0.000446392236997 0.0164598239715 0.026
v 0.000298485561351 0.0164821173159 0.026
v 0.000149510384863 0.0164955253244 0.026
v 2.44419139021e-18 0.0165 0.026
v 1.96365664611e-18 0.01515 0.0223
v 1.96365664611e-18 0.01515 0.0298
v 1.96365664611e-18 0.01515 0.0298
v -6.87747770368e-05 0.0151479416492 0.0298
v -0.000137303358221 0.0151417739653 0.0298
v -0.000205340429018 0.0151315190269 0.0298
v -0.000272642434373 0.015117213544 0.0298
v -0.000338968450573 0.0150989087267 0.0298
v -0.000404081047694 0.0150766701012 0.0298
v -0.000467747139537 0.0150505772763 0.0298
v -0.000529738818018 0.0150207236574 0.0298
v -0.000589834169017 0.0149872161126 0.0298
v -0.000647818066773 0.0149501745905 0.0298
v -0.000703482943982 0.0149097316899 0.0298
v -0.000756629534831 0.0148660321859 0.0298
v -0.000807067588317 0.0148192325115 0.0298
v -0.000854616549299 0.0147695001973 0.0298
v -0.000899106204838 0.0147170132721 0.0298
v -0.000940377293514 0.0146619596255 0.0298
v -0.00097828207554 0.0146045363353 0.0298
v -0.00101268486164 0.0145449489618 0.0298
v -0.00104346249875 0.0144834108126 0.0298
v -0.00107050481094 0.014420142178 0.0298
v -0.00109371499374 0.0143553695435 0.0298
v -0.00111300996072 0.0142893247783 0.0298
v -0.0011283206409 0.0142222443055 0.0298
v -0.00113959222603 0.0141543682557 0.0298
v -0.00114678436676 0.0140859396076 0.0298
v -0.00114987131708 0.0140172033181 0.0298
v -0.00114884202652 0.0139484054451 0.0298
v -0.00114370017967 0.0138797922672 0.0298
v -0.00113446418301 0.0138116094019 0.0298
v -0.00112116709901 0.013744100926 0.0298
v -0.00110385652777 0.0136775085023 0.0298
v -0.00108259443666 0.0136120705145 0.0298
v -0.00105745693843 0.0135480212136 0.0298
v -0.00102853401882 0.0134855898794 0.0298
v -0.000995929214352 0.013425 0.0298
v -0.000959759241779 0.0133664684713 0.0298
v -0.000920153580213 0.0133102048211 0.0298
v -0.000877254007642 0.0132564104586 0.0298
v -0.000831214093401 0.0132052779537 0.0298
v -0.000782198648437 0.0131569903474 0.0298
v -0.000730383135319 0.0131117204969 0.0298
v -0.000675953040136 0.0130696304565 0.0298
v -0.000619103208504 0.0130308708975 0.0298
v -0.000560037148065 0.0129955805693 0.0298
v -0.000498966299985 0.0129638858019 0.0298
v -0.000436109282051 0.0129359000545 0.0298
v -0.000371691106073 0.0129117235086 0.0298
v -0.000305942372402 0.0128914427102 0.0298
v -0.00023909844444 0.0128751302592 0.0298
v -0.000171398606103 0.0128628445498 0.0298
v -0.000103085205239 0.0128546295619 0.0298
v -3.44027860948e-05 0.0128505147029 0.0298
v 3.44027860948e-05 0.0128505147029 0.0298
v 0.000103085205239 0.0128546295619 0.0298
v 0.000171398606103 0.0128628445498 0.0298
v 0.00023909844444 0.0128751302592 0.0298
v 0.000305942372402 0.0128914427102 0.0298
v 0.000371691106073 0.0129117235086 0.0298
v 0.000436109282051 0.0129359000545 0.0298
v 0.000498966299985 0.0129638858019 0.0298
v 0.000560037148065 0.0129955805693 0.0298
v 0.000619103208504 0.0130308708975 0.0298
v 0.000675953040136 0.0130696304565 0.0298
v 0.000730383135319 0.0131117204969 0.0298
v 0.000782198648437 0.0131569903474 0.0298
v 0.000831214093402 0.0132052779537 0.0298
v 0.000877254007642 0.0132564104586 0.0298
v 0.000920153580213 0.0133102048211 0.0298
v 0.00095975924178 0.0133664684713 0.0298
v 0.000995929214352 0.013425 0.0298
v 0.00102853401882 0.0134855898794 0.0298
v 0.00105745693843 0.0135480212136 0.0298
v 0.00108259443666 0.0136120705145 0.0298
v 0.00110385652777 0.0136775085023 0.0298
v 0.00112116709901 0.013744100926 0.0298
v 0.00113446418301 0.0138116094019 0.0298
v 0.00114370017967 0.0138797922672 0.0298
v 0.00114884202652 0.0139484054451 0.0298
v 0.00114987131708 0.0140172033181 0.0298
v 0.00114678436676 0.0140859396076 0.0298
v 0.00113959222603 0.0141543682557 0.0298
v 0.0011283206409 0.0142222443055 0.0298
v 0.00111300996072 0.0142893247783 0.0298
v 0.00109371499374 0.0143553695435 0.0298
v 0.00107050481094 0.014420142178 0.0298
v 0.00104346249875 0.0144834108126 0.0298
v 0.00101268486164 0.0145449489618 0.0298
v 0.00097828207554 0.0146045363353 0.0298
v 0.000940377293514 0.0146619596255 0.0298
v 0.000899106204838 0.0147170132721 0.0298
v 0.000854616549299 0.0147695001973 0.0298
v 0.000807067588317 0.0148192325115 0.0298
v 0.000756629534831 0.0148660321859 0.0298
v 0.000703482943982 0.0149097316899 0.0298
v 0.000647818066773 0.0149501745905 0.0298
v 0.000589834169017 0.0149872161126 0.0298
v 0.000529738818018 0.0150207236574 0.0298
v 0.000467747139537 0.0150505772763 0.0298
v 0.000404081047694 0.0150766701012 0.0298
v 0.000338968450573 0.0150989087267 0.0298
v 0.000272642434373 0.015117213544 0.0298
v 0.000205340429018 0.0151315190269 0.0298
v 0.000137303358221 0.0151417739653 0.0298
v 6.87747770368e-05 0.0151479416492 0.0298
v 1.96365664611e-18 0.01515 0.0223
v -6.87747770368e-05 0.0151479416492 0.0223
v -0.000137303358221 0.0151417739653 0.0223
v -0.000205340429018 0.0151315190269 0.0223
v -0.000272642434373 0.015117213544 0.0223
v -0.000338968450573 0.0150989087267 0.0223
v -0.000404081047694 0.0150766701012 0.0223
v -0.000467747139537 0.0150505772763 0.0223
v -0.000529738818018 0.0150207236574 0.0223
v -0.000589834169017 0.0149872161126 0.0223
v -0.000647818066773 0.0149501745905 0.0223
v -0.000703482943982 0.0149097316899 0.0223
v -0.000756629534831 0.0148660321859 0.0223
v -0.000807067588317 0.0148192325115 0.0223
v -0.000854616549299 0.0147695001973 0.0223
v -0.000899106204838 0.0147170132721 0.0223
v -0.000940377293514 0.0146619596255 0.0223
v -0.00097828207554 0.0146045363353 0.0223
v -0.00101268486164 0.0145449489618 0.0223
v -0.00104346249875 0.0144834108126 0.0223
v -0.00107050481094 0.014420142178 0.0223
v -0.00109371499374 0.0143553695435 0.0223
v -0.00111300996072 0.0142893247783 0.0223
v -0.0011283206409 0.0142222443055 0.0223
v -0.00113959222603 0.0141543682557 0.0223
v -0.00114678436676 0.0140859396076 0.0223
v -0.00114987131708 0.0140172033181 0.0223
v -0.00114884202652 0.0139484054451 0.0223
v -0.00114370017967 0.0138797922672 0.0223
v -0.00113446418301 0.0138116094019 0.0223
v -0.00112116709901 0.013744100926 0.0223
v -0.00110385652777 0.0136775085023 0.0223
v -0.00108259443666 0.0136120705145 0.0223
v -0.00105745693843 0.0135480212136 0.0223
v -0.00102853401882 0.0134855898794 0.0223
v -0.000995929214352 0.013425 0.0223
v -0.000959759241779 0.0133664684713 0.0223
v -0.000920153580213 0.0133102048211 0.0223
v -0.000877254007642 0.0132564104586 0.0223
v -0.000831214093401 0.0132052779537 0.0223
v -0.000782198648437 0.0131569903474 0.0223
v -0.000730383135319 0.0131117204969 0.0223
v -0.000675953040136 0.0130696304565 0.0223
v -0.000619103208504 0.0130308708975 0.0223
v -0.000560037148065 0.0129955805693 0.0223
v -0.000498966299985 0.0129638858019 0.0223
v -0.000436109282051 0.0129359000545 0.0223
v -0.000371691106073 0.0129117235086 0.0223
v -0.000305942372402 0.0128914427102 0.0223
v -0.00023909844444 0.0128751302592 0.0223
v -0.000171398606103 0.0128628445498 0.0223
v -0.000103085205239 0.0128546295619 0.0223
v -3.44027860948e-05 0.0128505147029 0.0223
v 3.44027860948e-05 0.0128505147029 0.0223
v 0.000103085205239 0.0128546295619 0.0223
v 0.000171398606103 0.0128628445498 0.0223
v 0.00023909844444 0.0128751302592 0.0223
v 0.000305942372402 0.0128914427102 0.0223
v 0.000371691106073 0.0129117235086 0.0223
v 0.000436109282051 0.0129359000545 0.0223
v 0.000498966299985 0.0129638858019 0.0223
v 0.000560037148065 0.0129955805693 0.0223
v 0.000619103208504 0.0130308708975 0.0223
v 0.000675953040136 0.0130696304565 0.0223
v 0.000730383135319 0.0131117204969 0.0223
v 0.000782198648437 0.0131569903474 0.0223
v 0.000831214093402 0.0132052779537 0.0223
v 0.000877254007642 0.0132564104586 0.0223
v 0.000920153580213 0.0133102048211 0.0223
v 0.00095975924178 0.0133664684713 0.0223
v 0.000995929214352 0.013425 0.0223
v 0.00102853401882 0.0134855898794 0.0223
v 0.00105745693843 0.0135480212136 0.0223
v 0.00108259443666 0.0136120705145 0.0223
v 0.00110385652777 0.0136775085023 0.0223
v 0.00112116709901 0.013744100926 0.0223
v 0.00113446418301 0.0138116094019 0.0223
v 0.00114370017967 0.0138797922672 0.0223
v 0.00114884202652 0.0139484054451 0.0223
v 0.00114987131708 0.0140172033181 0.0223
v 0.00114678436676 0.0140859396076 0.0223
v 0.00113959222603 0.0141543682557 0.0223
v 0.0011283206409 0.0142222443055 0.0223
v 0.00111300996072 0.0142893247783 0.0223
v 0.00109371499374 0.0143553695435 0.0223
v 0.00107050481094 0.014420142178 0.0223
v 0.00104346249875 0.0144834108126 0.0223
v 0.00101268486164 0.0145449489618 0.0223
v 0.00097828207554 0.0146045363353 0.0223
v 0.000940377293514 0.0146619596255 0.0223
v 0.000899106204838 0.0147170132721 0.0223
v 0.000854616549299 0.0147695001973 0.0223
v 0.000807067588317 0.0148192325115 0.0223
v 0.000756629534831 0.0148660321859 0.0223
v 0.000703482943982 0.0149097316899 0.0223
v 0.000647818066773 0.0149501745905 0.0223
v 0.000589834169017 0.0149872161126 0.0223
v 0.000529738818018 0.0150207236574 0.0223
v 0.000467747139537 0.0150505772763 0.0223
v 0.000404081047694 0.0150766701012 0.0223
v 0.000338968450573 0.0150989087267 0.0223
v 0.000272642434373 0.015117213544 0.0223
v 0.000205340429018 0.0151315190269 0.0223
v 0.000137303358221 0.0151417739653 0.0223
v 6.87747770368e-05 0.0151479416492 0.0223
v -1.14496782284e-18 -0.01285 0.0223
v -1.14496782284e-18 -0.01285 0.0298
v -1.14496782284e-18 -0.01285 0.0298
v -6.87747770368e-05 -0.0128520583508 0.0298
v -0.000137303358221 -0.0128582260347 0.0298
v -0.000205340429018 -0.0128684809731 0.0298
v -0.000272642434373 -0.012882786456 0.0298
v -0.000338968450573 -0.0129010912733 0.0298
v -0.000404081047694 -0.0129233298988 0.0298
v -0.000467747139537 -0.0129494227237 0.0298
v -0.000529738818018 -0.0129792763426 0.0298
v -0.000589834169017 -0.0130127838874 0.0298
v -0.000647818066773 -0.0130498254095 0.0298
v -0.000703482943982 -0.0130902683101 0.0298
v -0.000756629534831 -0.0131339678141 0.0298
v -0.000807067588317 -0.0131807674885 0.0298
v -0.000854616549299 -0.0132304998027 0.0298
v -0.000899106204838 -0.0132829867279 0.0298
v -0.000940377293514 -0.0133380403745 0.0298
v -0.00097828207554 -0.0133954636647 0.0298
v -0.00101268486164 -0.0134550510382 0.0298
v -0.00104346249875 -0.0135165891874 0.0298
v -0.00107050481094 -0.013579857822 0.0298
v -0.00109371499374 -0.0136446304565 0.0298
v -0.00111300996072 -0.0137106752217 0.0298
v -0.0011283206409 -0.0137777556945 0.0298
v -0.00113959222603 -0.0138456317443 0.0298
v -0.00114678436676 -0.0139140603924 0.0298
v -0.00114987131708 -0.0139827966819 0.0298
v -0.00114884202652 -0.0140515945549 0.0298
v -0.00114370017967 -0.0141202077328 0.0298
v -0.00113446418301 -0.0141883905981 0.0298
v -0.00112116709901 -0.014255899074 0.0298
v -0.00110385652777 -0.0143224914977 0.0298
v -0.00108259443666 -0.0143879294855 0.0298
v -0.00105745693843 -0.0144519787864 0.0298
v -0.00102853401882 -0.0145144101206 0.0298
v -0.000995929214352 -0.014575 0.0298
v -0.000959759241779 -0.0146335315287 0.0298
v -0.000920153580213 -0.0146897951789 0.0298
v -0.000877254007642 -0.0147435895414 0.0298
v -0.000831214093402 -0.0147947220463 0.0298
v -0.000782198648437 -0.0148430096526 0.0298
v -0.000730383135319 -0.0148882795031 0.0298
v -0.000675953040136 -0.0149303695435 0.0298
v -0.000619103208504 -0.0149691291025 0.0298
v -0.000560037148065 -0.0150044194307 0.0298
v -0.000498966299985 -0.0150361141981 0.0298
v -0.000436109282051 -0.0150640999455 0.0298
v -0.000371691106073 -0.0150882764914 0.0298
v -0.000305942372402 -0.0151085572898 0.0298
v -0.00023909844444 -0.0151248697408 0.0298
v -0.000171398606103 -0.0151371554502 0.0298
v -0.000103085205239 -0.0151453704381 0.0298
v -3.44027860948e-05 -0.0151494852971 0.0298
v 3.44027860948e-05 -0.0151494852971 0.0298
v 0.000103085205239 -0.0151453704381 0.0298
v 0.000171398606103 -0.0151371554502 0.0298
v 0.00023909844444 -0.0151248697408 0.0298
v 0.000305942372402 -0.0151085572898 0.0298
v 0.000371691106073 -0.0150882764914 0.0298
v 0.000436109282051 -0.0150640999455 0.0298
v 0.000498966299985 -0.0150361141981 0.0298
v 0.000560037148065 -0.0150044194307 0.0298
v 0.000619103208504 -0.0149691291025 0.0298
v 0.000675953040136 -0.0149303695435 0.0298
v 0.000730383135319 -0.0148882795031 0.0298
v 0.000782198648437 -0.0148430096526 0.0298
v 0.000831214093402 -0.0147947220463 0.0298
v 0.000877254007642 -0.0147435895414 0.0298
v 0.000920153580213 -0.0146897951789 0.0298
v 0.000959759241779 -0.0146335315287 0.0298
v 0.000995929214352 -0.014575 0.0298
v 0.00102853401882 -0.0145144101206 0.0298
v 0.00105745693843 -0.0144519787864 0.0298
v 0.00108259443666 -0.0143879294855 0.0298
v 0.00110385652777 -0.0143224914977 0.0298
v 0.00112116709901 -0.014255899074 0.0298
v 0.00113446418301 -0.0141883905981 0.0298
v 0.00114370017967 -0.0141202077328 0.0298
v 0.00114884202652 -0.0140515945549 0.0298
v 0.00114987131708 -0.0139827966819 0.0298
v 0.00114678436676 -0.0139140603924 0.0298
v 0.00113959222603 -0.0138456317443 0.0298
v 0.0011283206409 -0.0137777556945 0.0298
v 0.00111300996072 -0.0137106752217 0.0298
v 0.00109371499374 -0.0136446304565 0.0298
v 0.00107050481094 -0.013579857822 0.0298
v 0.00104346249875 -0.0135165891874 0.0298
v 0.00101268486164 -0.0134550510382 0.0298
v 0.00097828207554 -0.0133954636647 0.0298
v 0.000940377293514 -0.0133380403745 0.0298
v 0.000899106204838 -0.0132829867279 0.0298
v 0.000854616549299 -0.0132304998027 0.0298
v 0.000807067588317 -0.0131807674885 0.0298
v 0.000756629534831 -0.0131339678141 0.0298
v 0.000703482943982 -0.0130902683101 0.0298
v 0.000647818066773 -0.0130498254095 0.0298
v 0.000589834169017 -0.0130127838874 0.0298
v 0.000529738818018 -0.0129792763426 0.0298
v 0.000467747139537 -0.0129494227237 0.0298
v 0.000404081047694 -0.0129233298988 0.0298
v 0.000338968450573 -0.0129010912733 0.0298
v 0.000272642434373 -0.012882786456 0.0298
v 0.000205340429018 -0.0128684809731 0.0298
v 0.000137303358221 -0.0128582260347 0.0298
v 6.87747770368e-05 -0.0128520583508 0.0298
v -1.14496782284e-18 -0.01285 0.0223
v -6.87747770368e-05 -0.0128520583508 0.0223
v -0.000137303358221 -0.0128582260347 0.0223
v -0.000205340429018 -0.0128684809731 0.0223
v -0.000272642434373 -0.012882786456 0.0223
v -0.000338968450573 -0.0129010912733 0.0223
v -0.000404081047694 -0.0129233298988 0.0223
v -0.000467747139537 -0.0129494227237 0.0223
v -0.000529738818018 -0.0129792763426 0.0223
v -0.000589834169017 -0.0130127838874 0.0223
v -0.000647818066773 -0.0130498254095 0.0223
v -0.000703482943982 -0.0130902683101 0.0223
v -0.000756629534831 -0.0131339678141 0.0223
v -0.000807067588317 -0.0131807674885 0.0223
v -0.000854616549299 -0.0132304998027 0.0223
v -0.000899106204838 -0.0132829867279 0.0223
v -0.000940377293514 -0.0133380403745 0.0223
v -0.00097828207554 -0.0133954636647 0.0223
v -0.00101268486164 -0.0134550510382 0.0223
v -0.00104346249875 -0.0135165891874 0.0223
v -0.00107050481094 -0.013579857822 0.0223
v -0.00109371499374 -0.0136446304565 0.0223
v -0.00111300996072 -0.0137106752217 0.0223
v -0.0011283206409 -0.0137777556945 0.0223
v -0.00113959222603 -0.0138456317443 0.0223
v -0.00114678436676 -0.0139140603924 0.0223
v -0.00114987131708 -0.0139827966819 0.0223
v -0.00114884202652 -0.0140515945549 0.0223
v -0.00114370017967 -0.0141202077328 0.0223
v -0.00113446418301 -0.0141883905981 0.0223
v -0.00112116709901 -0.014255899074 0.0223
v -0.00110385652777 -0.0143224914977 0.0223
v -0.00108259443666 -0.0143879294855 0.0223
v -0.00105745693843 -0.0144519787864 0.0223
v -0.00102853401882 -0.0145144101206 0.0223
v -0.000995929214352 -0.014575 0.0223
v -0.000959759241779 -0.0146335315287 0.0223
v -0.000920153580213 -0.0146897951789 0.0223
v -0.000877254007642 -0.0147435895414 0.0223
v -0.000831214093402 -0.0147947220463 0.0223
v -0.000782198648437 -0.0148430096526 0.0223
v -0.000730383135319 -0.0148882795031 0.0223
v -0.000675953040136 -0.0149303695435 0.0223
v -0.000619103208504 -0.0149691291025 0.0223
v -0.000560037148065 -0.0150044194307 0.0223
v -0.000498966299985 -0.0150361141981 0.0223
v -0.000436109282051 -0.0150640999455 0.0223
v -0.000371691106073 -0.0150882764914 0.0223
v -0.000305942372402 -0.0151085572898 0.0223
v -0.00023909844444 -0.0151248697408 0.0223
v -0.000171398606103 -0.0151371554502 0.0223
v -0.000103085205239 -0.0151453704381 0.0223
v -3.44027860948e-05 -0.0151494852971 0.0223
v 3.44027860948e-05 -0.0151494852971 0.0223
v 0.000103085205239 -0.0151453704381 0.0223
v 0.000171398606103 -0.0151371554502 0.0223
v 0.00023909844444 -0.0151248697408 0.0223
v 0.000305942372402 -0.0151085572898 0.0223
v 0.000371691106073 -0.0150882764914 0.0223
v 0.000436109282051 -0.0150640999455 0.0223
v 0.000498966299985 -0.0150361141981 0.0223
v 0.000560037148065 -0.0150044194307 0.0223
v 0.000619103208504 -0.0149691291025 0.0223
v 0.000675953040136 -0.0149303695435 0.0223
v 0.000730383135319 -0.0148882795031 0.0223
v 0.000782198648437 -0.0148430096526 0.0223
v 0.000831214093402 -0.0147947220463 0.0223
v 0.000877254007642 -0.0147435895414 0.0223
v 0.000920153580213 -0.0146897951789 0.0223
v 0.000959759241779 -0.0146335315287 0.0223
v 0.000995929214352 -0.014575 0.0223
v 0.00102853401882 -0.0145144101206 0.0223
v 0.00105745693843 -0.0144519787864 0.0223
v 0.00108259443666 -0.0143879294855 0.0223
v 0.00110385652777 -0.0143224914977 0.0223
v 0.00112116709901 -0.014255899074 0.0223
v 0.00113446418301 -0.0141883905981 0.0223
v 0.00114370017967 -0.0141202077328 0.0223
v 0.00114884202652 -0.0140515945549 0.0223
v 0.00114987131708 -0.0139827966819 0.0223
v 0.00114678436676 -0.0139140603924 0.0223
v 0.00113959222603 -0.0138456317443 0.0223
v 0.0011283206409 -0.0137777556945 0.0223
v 0.00111300996072 -0.0137106752217 0.0223
v 0.00109371499374 -0.0136446304565 0.0223
v 0.00107050481094 -0.013579857822 0.0223
v 0.00104346249875 -0.0135165891874 0.0223
v 0.00101268486164 -0.0134550510382 0.0223
v 0.00097828207554 -0.0133954636647 0.0223
v 0.000940377293514 -0.0133380403745 0.0223
v 0.000899106204838 -0.0132829867279 0.0223
v 0.000854616549299 -0.0132304998027 0.0223
v 0.000807067588317 -0.0131807674885 0.0223
v 0.000756629534831 -0.0131339678141 0.0223
v 0.000703482943982 -0.0130902683101 0.0223
v 0.000647818066773 -0.0130498254095 0.0223
v 0.000589834169017 -0.0130127838874 0.0223
v 0.000529738818018 -0.0129792763426 0.0223
v 0.000467747139537 -0.0129494227237 0.0223
v 0.000404081047694 -0.0129233298988 0.0223
v 0.000338968450573 -0.0129010912733 0.0223
v 0.000272642434373 -0.012882786456 0.0223
v 0.000205340429018 -0.0128684809731 0.0223
v 0.000137303358221 -0.0128582260347 0.0223
v 6.87747770368e-05 -0.0128520583508 0.0223
v -6.64433078745e-19 -0.0115 0.0298
v -0.000149510384863 -0.0115044746756 0.0298
v -0.000298485561351 -0.0115178826841 0.0298
v -0.000446392236997 -0.0115401760285 0.0298
v -0.000592700944289 -0.0115712749043 0.0298
v -0.000736887936027 -0.0116110679855 0.0298
v -0.000878437060203 -0.0116594128234 0.0298
v -0.00101684160769 -0.0117161363559 0.0298
v -0.00115160612613 -0.0117810355275 0.0298
v -0.00128224819351 -0.011853878016 0.0298
v -0.00140830014516 -0.0119344030642 0.0298
v -0.00152931074779 -0.0120223224134 0.0298
v -0.00164484681485 -0.012117321335 0.0298
v -0.00175449475721 -0.0122190597576 0.0298
v -0.00185786206369 -0.0123271734841 0.0298
v -0.00195457870617 -0.0124412754954 0.0298
v -0.00204429846416 -0.0125609573358 0.0298
v -0.00212670016422 -0.0126857905755 0.0298
v -0.00220148882964 -0.0128153283438 0.0298
v -0.00226839673642 -0.0129491069292 0.0298
v -0.00232718437161 -0.0130866474391 0.0298
v -0.00237764129074 -0.0132274575141 0.0298
v -0.00241958687113 -0.0133710330906 0.0298
v -0.00245287095849 -0.0135168602055 0.0298
v -0.00247737440442 -0.0136644168355 0.0298
v -0.00249300949295 -0.013813174766 0.0298
v -0.00249972025453 -0.0139626014825 0.0298
v -0.00249748266635 -0.0141121620759 0.0298
v -0.00248630473842 -0.0142613211582 0.0298
v -0.00246622648481 -0.0144095447785 0.0298
v -0.00243731978045 -0.0145563023349 0.0298
v -0.00239968810386 -0.0147010684733 0.0298
v -0.00235346616665 -0.0148433249685 0.0298
v -0.00229881943138 -0.0149825625791 0.0298
v -0.00223594351917 -0.0151182828708 0.0298
v -0.00216506350946 -0.01525 0.0298
v -0.0020864331343 -0.0153772424536 0.0298
v -0.00200033387003 -0.0154995547367 0.0298
v -0.00190707392966 -0.015616499003 0.0298
v -0.00180698715957 -0.0157276566225 0.0298
v -0.00170043184443 -0.0158326296796 0.0298
v -0.00158778942461 -0.0159310423981 0.0298
v -0.00146946313073 -0.0160225424859 0.0298
v -0.00134587654023 -0.0161068023966 0.0298
v -0.00121747206101 -0.0161835205015 0.0298
v -0.00108470934779 -0.0162524221698 0.0298
v -0.000948063656632 -0.0163132607512 0.0298
v -0.000808024143636 -0.0163658184595 0.0298
v -0.000665092113917 -0.0164099071517 0.0298
v -0.000519779227044 -0.0164453690018 0.0298
v -0.00037260566544 -0.0164720770656 0.0298
v -0.000224098272259 -0.016489935735 0.0298
v -7.47886654235e-05 -0.0164988810807 0.0298
v 7.47886654235e-05 -0.0164988810807 0.0298
v 0.000224098272259 -0.016489935735 0.0298
v 0.00037260566544 -0.0164720770656 0.0298
v 0.000519779227044 -0.0164453690018 0.0298
v 0.000665092113917 -0.0164099071517 0.0298
v 0.000808024143636 -0.0163658184595 0.0298
v 0.000948063656632 -0.0163132607512 0.0298
v 0.00108470934779 -0.0162524221698 0.0298
v 0.00121747206101 -0.0161835205015 0.0298
v 0.00134587654023 -0.0161068023966 0.0298
v 0.00146946313073 -0.0160225424859 0.0298
v 0.00158778942461 -0.0159310423981 0.0298
v 0.00170043184443 -0.0158326296796 0.0298
v 0.00180698715957 -0.0157276566225 0.0298
v 0.00190707392966 -0.015616499003 0.0298
v 0.00200033387003 -0.0154995547367 0.0298
v 0.0020864331343 -0.0153772424536 0.0298
v 0.00216506350946 -0.01525 0.0298
v 0.00223594351917 -0.0151182828708 0.0298
v 0.00229881943138 -0.0149825625791 0.0298
v 0.00235346616665 -0.0148433249685 0.0298
v 0.00239968810386 -0.0147010684733 0.0298
v 0.00243731978045 -0.0145563023349 0.0298
v 0.00246622648481 -0.0144095447785 0.0298
v 0.00248630473842 -0.0142613211582 0.0298
v 0.00249748266635 -0.0141121620759 0.0298
v 0.00249972025453 -0.0139626014825 0.0298
v 0.00249300949295 -0.013813174766 0.0298
v 0.00247737440442 -0.0136644168355 0.0298
v 0.00245287095849 -0.0135168602055 0.0298
v 0.00241958687113 -0.0133710330906 0.0298
v 0.00237764129074 -0.0132274575141 0.0298
v 0.00232718437161 -0.0130866474391 0.0298
v 0.00226839673642 -0.0129491069292 0.0298
v 0.00220148882964 -0.0128153283438 0.0298
v 0.00212670016422 -0.0126857905755 0.0298
v 0.00204429846416 -0.0125609573358 0.0298
v 0.00195457870617 -0.0124412754954 0.0298
v 0.00185786206369 -0.0123271734841 0.0298
v 0.00175449475721 -0.0122190597576 0.0298
v 0.00164484681485 -0.012117321335 0.0298
v 0.00152931074779 -0.0120223224134 0.0298
v 0.00140830014516 -0.0119344030642 0.0298
v 0.00128224819351 -0.011853878016 0.0298
v 0.00115160612613 -0.0117810355275 0.0298
v 0.00101684160769 -0.0117161363559 0.0298
v 0.000878437060203 -0.0116594128234 0.0298
v 0.000736887936027 -0.0116110679855 0.0298
v 0.000592700944289 -0.0115712749043 0.0298
v 0.000446392236997 -0.0115401760285 0.0298
v 0.000298485561351 -0.0115178826841 0.0298
v 0.000149510384863 -0.0115044746756 0.0298
v -1.14496782284e-18 -0.01285 0.0298
v -6.87747770368e-05 -0.0128520583508 0.0298
v -0.000137303358221 -0.0128582260347 0.0298
v -0.000205340429018 -0.0128684809731 0.0298
v -0.000272642434373 -0.012882786456 0.0298
v -0.000338968450573 -0.0129010912733 0.0298
v -0.000404081047694 -0.0129233298988 0.0298
v -0.000467747139537 -0.0129494227237 0.0298
v -0.000529738818018 -0.0129792763426 0.0298
v -0.000589834169017 -0.0130127838874 0.0298
v -0.000647818066773 -0.0130498254095 0.0298
v -0.000703482943982 -0.0130902683101 0.0298
v -0.000756629534831 -0.0131339678141 0.0298
v -0.000807067588317 -0.0131807674885 0.0298
v -0.000854616549299 -0.0132304998027 0.0298
v -0.000899106204838 -0.0132829867279 0.0298
v -0.000940377293514 -0.0133380403745 0.0298
v -0.00097828207554 -0.0133954636647 0.0298
v -0.00101268486164 -0.0134550510382 0.0298
v -0.00104346249875 -0.0135165891874 0.0298
v -0.00107050481094 -0.013579857822 0.0298
v -0.00109371499374 -0.0136446304565 0.0298
v -0.00111300996072 -0.0137106752217 0.0298
v -0.0011283206409 -0.0137777556945 0.0298
v -0.00113959222603 -0.0138456317443 0.0298
v -0.00114678436676 -0.0139140603924 0.0298
v -0.00114987131708 -0.0139827966819 0.0298
v -0.00114884202652 -0.0140515945549 0.0298
v -0.00114370017967 -0.0141202077328 0.0298
v -0.00113446418301 -0.0141883905981 0.0298
v -0.00112116709901 -0.014255899074 0.0298
v -0.00110385652777 -0.0143224914977 0.0298
v -0.00108259443666 -0.0143879294855 0.0298
v -0.00105745693843 -0.0144519787864 0.0298
v -0.00102853401882 -0.0145144101206 0.0298
v -0.000995929214352 -0.014575 0.0298
v -0.000959759241779 -0.0146335315287 0.0298
v -0.000920153580213 -0.0146897951789 0.0298
v -0.000877254007642 -0.0147435895414 0.0298
v -0.000831214093402 -0.0147947220463 0.0298
v -0.000782198648437 -0.0148430096526 0.0298
v -0.000730383135319 -0.0148882795031 0.0298
v -0.000675953040136 -0.0149303695435 0.0298
v -0.000619103208504 -0.0149691291025 0.0298
v -0.000560037148065 -0.0150044194307 0.0298
v -0.000498966299985 -0.0150361141981 0.0298
v -0.000436109282051 -0.0150640999455 0.0298
v -0.000371691106073 -0.0150882764914 0.0298
v -0.000305942372402 -0.0151085572898 0.0298
v -0.00023909844444 -0.0151248697408 0.0298
v -0.000171398606103 -0.0151371554502 0.0298
v -0.000103085205239 -0.0151453704381 0.0298
v -3.44027860948e-05 -0.0151494852971 0.0298
v 3.44027860948e-05 -0.0151494852971 0.0298
v 0.000103085205239 -0.0151453704381 0.0298
v 0.000171398606103 -0.0151371554502 0.0298
v 0.00023909844444 -0.0151248697408 0.0298
v 0.000305942372402 -0.0151085572898 0.0298
v 0.000371691106073 -0.0150882764914 0.0298
v 0.000436109282051 -0.0150640999455 0.0298
v 0.000498966299985 -0.0150361141981 0.0298
v 0.000560037148065 -0.0150044194307 0.0298
v 0.000619103208504 -0.0149691291025 0.0298
v 0.000675953040136 -0.0149303695435 0.0298
v 0.000730383135319 -0.0148882795031 0.0298
v 0.000782198648437 -0.0148430096526 0.0298
v 0.000831214093402 -0.0147947220463 0.0298
v 0.000877254007642 -0.0147435895414 0.0298
v 0.000920153580213 -0.0146897951789 0.0298
v 0.000959759241779 -0.0146335315287 0.0298
v 0.000995929214352 -0.014575 0.0298
v 0.00102853401882 -0.0145144101206 0.0298
v 0.00105745693843 -0.0144519787864 0.0298
v 0.00108259443666 -0.0143879294855 0.0298
v 0.00110385652777 -0.0143224914977 0.0298
v 0.00112116709901 -0.014255899074 0.0298
v 0.00113446418301 -0.0141883905981 0.0298
v 0.00114370017967 -0.0141202077328 0.0298
v 0.00114884202652 -0.0140515945549 0.0298
v 0.00114987131708 -0.0139827966819 0.0298
v 0.00114678436676 -0.0139140603924 0.0298
v 0.00113959222603 -0.0138456317443 0.0298
v 0.0011283206409 -0.0137777556945 0.0298
v 0.00111300996072 -0.0137106752217 0.0298
v 0.00109371499374 -0.0136446304565 0.0298
v 0.00107050481094 -0.013579857822 0.0298
v 0.00104346249875 -0.0135165891874 0.0298
v 0.00101268486164 -0.0134550510382 0.0298
v 0.00097828207554 -0.0133954636647 0.0298
v 0.000940377293514 -0.0133380403745 0.0298
v 0.000899106204838 -0.0132829867279 0.0298
v 0.000854616549299 -0.0132304998027 0.0298
v 0.000807067588317 -0.0131807674885 0.0298
v 0.000756629534831 -0.0131339678141 0.0298
v 0.000703482943982 -0.0130902683101 0.0298
v 0.000647818066773 -0.0130498254095 0.0298
v 0.000589834169017 -0.0130127838874 0.0298
v 0.000529738818018 -0.0129792763426 0.0298
v 0.000467747139537 -0.0129494227237 0.0298
v 0.000404081047694 -0.0129233298988 0.0298
v 0.000338968450573 -0.0129010912733 0.0298
v 0.000272642434373 -0.012882786456 0.0298
v 0.000205340429018 -0.0128684809731 0.0298
v 0.000137303358221 -0.0128582260347 0.0298
v 6.87747770368e-05 -0.0128520583508 0.0298
v 2.44419139021e-18 0.0165 0.0298
v -0.000149510384863 0.0164955253244 0.0298
v -0.000298485561351 0.0164821173159 0.0298
v -0.000446392236997 0.0164598239715 0.0298
v -0.000592700944289 0.0164287250957 0.0298
v -0.000736887936027 0.0163889320145 0.0298
v -0.000878437060203 0.0163405871766 0.0298
v -0.00101684160769 0.0162838636441 0.0298
v -0.00115160612613 0.0162189644725 0.0298
v -0.00128224819351 0.016146121984 0.0298
v -0.00140830014516 0.0160655969358 0.0298
v -0.00152931074779 0.0159776775866 0.0298
v -0.00164484681485 0.015882678665 0.0298
v -0.00175449475721 0.0157809402424 0.0298
v -0.00185786206369 0.0156728265159 0.0298
v -0.00195457870617 0.0155587245046 0.0298
v -0.00204429846416 0.0154390426642 0.0298
v -0.00212670016422 0.0153142094245 0.0298
v -0.00220148882964 0.0151846716562 0.0298
v -0.00226839673642 0.0150508930708 0.0298
v -0.00232718437161 0.0149133525609 0.0298
v -0.00237764129074 0.0147725424859 0.0298
v -0.00241958687113 0.0146289669094 0.0298
v -0.00245287095849 0.0144831397945 0.0298
v -0.00247737440442 0.0143355831645 0.0298
v -0.00249300949295 0.014186825234 0.0298
v -0.00249972025453 0.0140373985175 0.0298
v -0.00249748266635 0.0138878379241 0.0298
v -0.00248630473842 0.0137386788418 0.0298
v -0.00246622648481 0.0135904552215 0.0298
v -0.00243731978045 0.0134436976651 0.0298
v -0.00239968810386 0.0132989315267 0.0298
v -0.00235346616665 0.0131566750315 0.0298
v -0.00229881943138 0.0130174374209 0.0298
v -0.00223594351917 0.0128817171292 0.0298
v -0.00216506350946 0.01275 0.0298
v -0.0020864331343 0.0126227575464 0.0298
v -0.00200033387003 0.0125004452633 0.0298
v -0.00190707392966 0.012383500997 0.0298
v -0.00180698715957 0.0122723433775 0.0298
v -0.00170043184443 0.0121673703204 0.0298
v -0.00158778942461 0.0120689576019 0.0298
v -0.00146946313073 0.0119774575141 0.0298
v -0.00134587654023 0.0118931976034 0.0298
v -0.00121747206101 0.0118164794985 0.0298
v -0.00108470934779 0.0117475778302 0.0298
v -0.000948063656632 0.0116867392488 0.0298
v -0.000808024143636 0.0116341815405 0.0298
v -0.000665092113917 0.0115900928483 0.0298
v -0.000519779227044 0.0115546309982 0.0298
v -0.00037260566544 0.0115279229344 0.0298
v -0.000224098272259 0.011510064265 0.0298
v -7.47886654235e-05 0.0115011189193 0.0298
v 7.47886654235e-05 0.0115011189193 0.0298
v 0.000224098272259 0.011510064265 0.0298
v 0.00037260566544 0.0115279229344 0.0298
v 0.000519779227044 0.0115546309982 0.0298
v 0.000665092113917 0.0115900928483 0.0298
v 0.000808024143636 0.0116341815405 0.0298
v 0.000948063656632 0.0116867392488 0.0298
v 0.00108470934779 0.0117475778302 0.0298
v 0.00121747206101 0.0118164794985 0.0298
v 0.00134587654023 0.0118931976034 0.0298
v 0.00146946313073 0.0119774575141 0.0298
v 0.00158778942461 0.0120689576019 0.0298
v 0.00170043184443 0.0121673703204 0.0298
v 0.00180698715957 0.0122723433775 0.0298
v 0.00190707392966 0.012383500997 0.0298
v 0.00200033387003 0.0125004452633 0.0298
v 0.0020864331343 0.0126227575464 0.0298
v 0.00216506350946 0.01275 0.0298
v 0.00223594351917 0.0128817171292 0.0298
v 0.00229881943138 0.0130174374209 0.0298
v 0.00235346616665 0.0131566750315 0.0298
v 0.00239968810386 0.0132989315267 0.0298
v 0.00243731978045 0.0134436976651 0.0298
v 0.00246622648481 0.0135904552215 0.0298
v 0.00248630473842 0.0137386788418 0.0298
v 0.00249748266635 0.0138878379241 0.0298
v 0.00249972025453 0.0140373985175 0.0298
v 0.00249300949295 0.014186825234 0.0298
v 0.00247737440442 0.0143355831645 0.0298
v 0.00245287095849 0.0144831397945 0.0298
v 0.00241958687113 0.0146289669094 0.0298
v 0.00237764129074 0.0147725424859 0.0298
v 0.00232718437161 0.0149133525609 0.0298
v 0.00226839673642 0.0150508930708 0.0298
v 0.00220148882964 0.0151846716562 0.0298
v 0.00212670016422 0.0153142094245 0.0298
v 0.00204429846416 0.0154390426642 0.0298
v 0.00195457870617 0.0155587245046 0.0298
v 0.00185786206369 0.0156728265159 0.0298
v 0.00175449475721 0.0157809402424 0.0298
v 0.00164484681485 0.015882678665 0.0298
v 0.00152931074779 0.0159776775866 0.0298
v 0.00140830014516 0.0160655969358 0.0298
v 0.00128224819351 0.016146121984 0.0298
v 0.00115160612613 0.0162189644725 0.0298
v 0.00101684160769 0.0162838636441 0.0298
v 0.000878437060203 0.0163405871766 0.0298
v 0.000736887936027 0.0163889320145 0.0298
v 0.000592700944289 0.0164287250957 0.0298
v 0.000446392236997 0.0164598239715 0.0298
v 0.000298485561351 0.0164821173159 0.0298
v 0.000149510384863 0.0164955253244 0.0298
v 1.96365664611e-18 0.01515 0.0298
v -6.87747770368e-05 0.0151479416492 0.0298
v -0.000137303358221 0.0151417739653 0.0298
v -0.000205340429018 0.0151315190269 0.0298
v -0.000272642434373 0.015117213544 0.0298
v -0.000338968450573 0.0150989087267 0.0298
v -0.000404081047694 0.0150766701012 0.0298
v -0.000467747139537 0.0150505772763 0.0298
v -0.000529738818018 0.0150207236574 0.0298
v -0.000589834169017 0.0149872161126 0.0298
v -0.000647818066773 0.0149501745905 0.0298
v -0.000703482943982 0.0149097316899 0.0298
v -0.000756629534831 0.0148660321859 0.0298
v -0.000807067588317 0.0148192325115 0.0298
v -0.000854616549299 0.0147695001973 0.0298
v -0.000899106204838 0.0147170132721 0.0298
v -0.000940377293514 0.0146619596255 0.0298
v -0.00097828207554 0.0146045363353 0.0298
v -0.00101268486164 0.0145449489618 0.0298
v -0.00104346249875 0.0144834108126 0.0298
v -0.00107050481094 0.014420142178 0.0298
v -0.00109371499374 0.0143553695435 0.0298
v -0.00111300996072 0.0142893247783 0.0298
v -0.0011283206409 0.0142222443055 0.0298
v -0.00113959222603 0.0141543682557 0.0298
v -0.00114678436676 0.0140859396076 0.0298
v -0.00114987131708 0.0140172033181 0.0298
v -0.00114884202652 0.0139484054451 0.0298
v -0.00114370017967 0.0138797922672 0.0298
v -0.00113446418301 0.0138116094019 0.0298
v -0.00112116709901 0.013744100926 0.0298
v -0.00110385652777 0.0136775085023 0.0298
v -0.00108259443666 0.0136120705145 0.0298
v -0.00105745693843 0.0135480212136 0.0298
v -0.00102853401882 0.0134855898794 0.0298
v -0.000995929214352 0.013425 0.0298
v -0.000959759241779 0.0133664684713 0.0298
v -0.000920153580213 0.0133102048211 0.0298
v -0.000877254007642 0.0132564104586 0.0298
v -0.000831214093401 0.0132052779537 0.0298
v -0.000782198648437 0.0131569903474 0.0298
v -0.000730383135319 0.0131117204969 0.0298
v -0.000675953040136 0.0130696304565 0.0298
v -0.000619103208504 0.0130308708975 0.0298
v -0.000560037148065 0.0129955805693 0.0298
v -0.000498966299985 0.0129638858019 0.0298
v -0.000436109282051 0.0129359000545 0.0298
v -0.000371691106073 0.0129117235086 0.0298
v -0.000305942372402 0.0128914427102 0.0298
v -0.00023909844444 0.0128751302592 0.0298
v -0.000171398606103 0.0128628445498 0.0298
v -0.000103085205239 0.0128546295619 0.0298
v -3.44027860948e-05 0.0128505147029 0.0298
v 3.44027860948e-05 0.0128505147029 0.0298
v 0.000103085205239 0.0128546295619 0.0298
v 0.000171398606103 0.0128628445498 0.0298
v 0.00023909844444 0.0128751302592 0.0298
v 0.000305942372402 0.0128914427102 0.0298
v 0.000371691106073 0.0129117235086 0.0298
v 0.000436109282051 0.0129359000545 0.0298
v 0.000498966299985 0.0129638858019 0.0298
v 0.000560037148065 0.0129955805693 0.0298
v 0.000619103208504 0.0130308708975 0.0298
v 0.000675953040136 0.0130696304565 0.0298
v 0.000730383135319 0.0131117204969 0.0298
v 0.000782198648437 0.0131569903474 0.0298
v 0.000831214093402 0.0132052779537 0.0298
v 0.000877254007642 0.0132564104586 0.0298
v 0.000920153580213 0.0133102048211 0.0298
v 0.00095975924178 0.0133664684713 0.0298
v 0.000995929214352 0.013425 0.0298
v 0.00102853401882 0.0134855898794 0.0298
v 0.00105745693843 0.0135480212136 0.0298
v 0.00108259443666 0.0136120705145 0.0298
v 0.00110385652777 0.0136775085023 0.0298
v 0.00112116709901 0.013744100926 0.0298
v 0.00113446418301 0.0138116094019 0.0298
v 0.00114370017967 0.0138797922672 0.0298
v 0.00114884202652 0.0139484054451 0.0298
v 0.00114987131708 0.0140172033181 0.0298
v 0.00114678436676 0.0140859396076 0.0298
v 0.00113959222603 0.0141543682557 0.0298
v 0.0011283206409 0.0142222443055 0.0298
v 0.00111300996072 0.0142893247783 0.0298
v 0.00109371499374 0.0143553695435 0.0298
v 0.00107050481094 0.014420142178 0.0298
v 0.00104346249875 0.0144834108126 0.0298
v 0.00101268486164 0.0145449489618 0.0298
v 0.00097828207554 0.0146045363353 0.0298
v 0.000940377293514 0.0146619596255 0.0298
v 0.000899106204838 0.0147170132721 0.0298
v 0.000854616549299 0.0147695001973 0.0298
v 0.000807067588317 0.0148192325115 0.0298
v 0.000756629534831 0.0148660321859 0.0298
v 0.000703482943982 0.0149097316899 0.0298
v 0.000647818066773 0.0149501745905 0.0298
v 0.000589834169017 0.0149872161126 0.0298
v 0.000529738818018 0.0150207236574 0.0298
v 0.000467747139537 0.0150505772763 0.0298
v 0.000404081047694 0.0150766701012 0.0298
v 0.000338968450573 0.0150989087267 0.0298
v 0.000272642434373 0.015117213544 0.0298
v 0.000205340429018 0.0151315190269 0.0298
v 0.000137303358221 0.0151417739653 0.0298
v 6.87747770368e-05 0.0151479416492 0.0298
v 3.55951662292e-18 0.01 0.0205
v -0.00059804153945 0.00998210129768 0.0205
v -0.0011939422454 0.00992846926342 0.0205
v -0.00178556894799 0.00983929588599 0.0205
v -0.00237080377715 0.00971490038293 0.0205
v -0.00294755174411 0.00955572805786 0.0205
v -0.00351374824081 0.0093623487064 0.0205
v -0.00406736643076 0.00913545457643 0.0205
v -0.00460642450451 0.00887585789005 0.0205
v -0.00512899277406 0.00858448793602 0.0205
v -0.00563320058064 0.00826238774316 0.0205
v -0.00611724299115 0.00791071034656 0.0205
v -0.0065793872594 0.00753071466004 0.0205
v -0.00701797902884 0.00712376096951 0.0205
v -0.00743144825477 0.00669130606359 0.0205
v -0.00781831482468 0.00623489801859 0.0205
v -0.00817719385664 0.00575617065686 0.0205
v -0.00850680065687 0.00525683769811 0.0205
v -0.00880595531857 0.00473868662473 0.0205
v -0.00907358694568 0.0042035722831 0.0205
v -0.00930873748644 0.00365341024366 0.0205
v -0.00951056516295 0.00309016994375 0.0205
v -0.00967834748451 0.00251586763745 0.0205
v -0.00981148383394 0.00193255917796 0.0205
v -0.00990949761768 0.00134233265818 0.0205
v -0.00997203797181 0.000747300935864 0.0205
v -0.0099988810181 0.000149594070153 0.0205
v -0.00998993066541 -0.000448648303505 0.0205
v -0.00994521895368 -0.00104528463268 0.0205
v -0.00986490593924 -0.00163817911415 0.0205
v -0.00974927912182 -0.00222520933956 0.0205
v -0.00959875241543 -0.00280427389306 0.0205
v -0.00941386466661 -0.00337329987383 0.0205
v -0.00919527772551 -0.00393025031654 0.0205
v -0.00894377407666 -0.00447313148316 0.0205
v -0.00866025403784 -0.005 0.0205
v -0.00834573253721 -0.00550896981452 0.0205
v -0.00800133548011 -0.00599821894688 0.0205
v -0.00762829571862 -0.00646599601216 0.0205
v -0.00722794863827 -0.00691062648987 0.0205
v -0.00680172737771 -0.0073305187183 0.0205
v -0.00635115769842 -0.00772416959225 0.0205
v -0.00587785252292 -0.00809016994375 0.0205
v -0.00538350616091 -0.00842720958654 0.0205
v -0.00486988824404 -0.00873408200617 0.0205
v -0.00433883739118 -0.00900968867902 0.0205
v -0.00379225462653 -0.00925304300474 0.0205
v -0.00323209657454 -0.00946327383799 0.0205
v -0.00266036845567 -0.00963962860696 0.0205
v -0.00207911690818 -0.00978147600734 0.0205
v -0.00149042266176 -0.00988830826225 0.0205
v -0.000896393089034 -0.00995974293995 0.0205
v -0.000299154661694 -0.00999552432284 0.0205
v 0.000299154661694 -0.00999552432284 0.0205
v 0.000896393089034 -0.00995974293995 0.0205
v 0.00149042266176 -0.00988830826225 0.0205
v 0.00207911690818 -0.00978147600734 0.0205
v 0.00266036845567 -0.00963962860696 0.0205
v 0.00323209657454 -0.00946327383799 0.0205
v 0.00379225462653 -0.00925304300474 0.0205
v 0.00433883739118 -0.00900968867902 0.0205
v 0.00486988824404 -0.00873408200617 0.0205
v 0.00538350616091 -0.00842720958654 0.0205
v 0.00587785252292 -0.00809016994375 0.0205
v 0.00635115769842 -0.00772416959225 0.0205
v 0.00680172737771 -0.0073305187183 0.0205
v 0.00722794863827 -0.00691062648987 0.0205
v 0.00762829571862 -0.00646599601216 0.0205
v 0.00800133548011 -0.00599821894688 0.0205
v 0.00834573253721 -0.00550896981452 0.0205
v 0.00866025403784 -0.005 0.0205
v 0.00894377407666 -0.00447313148316 0.0205
v 0.00919527772551 -0.00393025031654 0.0205
v 0.00941386466661 -0.00337329987383 0.0205
v 0.00959875241543 -0.00280427389306 0.0205
v 0.00974927912182 -0.00222520933956 0.0205
v 0.00986490593924 -0.00163817911415 0.0205
v 0.00994521895368 -0.00104528463268 0.0205
v 0.00998993066541 -0.000448648303505 0.0205
v 0.0099988810181 0.000149594070153 0.0205
v 0.00997203797181 0.000747300935864 0.0205
v 0.00990949761768 0.00134233265818 0.0205
v 0.00981148383394 0.00193255917796 0.0205
v 0.00967834748451 0.00251586763745 0.0205
v 0.00951056516295 0.00309016994375 0.0205
v 0.00930873748644 0.00365341024366 0.0205
v 0.00907358694568 0.0042035722831 0.0205
v 0.00880595531857 0.00473868662473 0.0205
v 0.00850680065687 0.00525683769811 0.0205
v 0.00817719385664 0.00575617065686 0.0205
v 0.00781831482468 0.00623489801859 0.0205
v 0.00743144825477 0.00669130606359 0.0205
v 0.00701797902884 0.00712376096951 0.0205
v 0.0065793872594 0.00753071466004 0.0205
v 0.00611724299115 0.00791071034656 0.0205
v 0.00563320058064 0.00826238774316 0.0205
v 0.00512899277406 0.00858448793602 0.0205
v 0.00460642450451 0.00887585789005 0.0205
v 0.00406736643076 0.00913545457643 0.0205
v 0.00351374824081 0.0093623487064 0.0205
v 0.00294755174411 0.00955572805786 0.0205
v 0.00237080377716 0.00971490038293 0.0205
v 0.00178556894799 0.00983929588599 0.0205
v 0.0011939422454 0.00992846926342 0.0205
v 0.00059804153945 0.00998210129768 0.0205
v 3.55951662292e-18 0.01 0.0205
v 3.55951662292e-18 0.01 0.019
v -0.00059804153945 0.00998210129768 0.019
v -0.0011939422454 0.00992846926342 0.019
v -0.00178556894799 0.00983929588599 0.019
v -0.00237080377715 0.00971490038293 0.019
v -0.00294755174411 0.00955572805786 0.019
v -0.00351374824081 0.0093623487064 0.019
v -0.00406736643076 0.00913545457643 0.019
v -0.00460642450451 0.00887585789005 0.019
v -0.00512899277406 0.00858448793602 0.019
v -0.00563320058064 0.00826238774316 0.019
v -0.00611724299115 0.00791071034656 0.019
v -0.0065793872594 0.00753071466004 0.019
v -0.00701797902884 0.00712376096951 0.019
v -0.00743144825477 0.00669130606359 0.019
v -0.00781831482468 0.00623489801859 0.019
v -0.00817719385664 0.00575617065686 0.019
v -0.00850680065687 0.00525683769811 0.019
v -0.00880595531857 0.00473868662473 0.019
v -0.00907358694568 0.0042035722831 0.019
v -0.00930873748644 0.00365341024366 0.019
v -0.00951056516295 0.00309016994375 0.019
v -0.00967834748451 0.00251586763745 0.019
v -0.00981148383394 0.00193255917796 0.019
v -0.00990949761768 0.00134233265818 0.019
v -0.00997203797181 0.000747300935864 0.019
v -0.0099988810181 0.000149594070153 0.019
v -0.00998993066541 -0.000448648303505 0.019
v -0.00994521895368 -0.00104528463268 0.019
v -0.00986490593924 -0.00163817911415 0.019
v -0.00974927912182 -0.00222520933956 0.019
v -0.00959875241543 -0.00280427389306 0.019
v -0.00941386466661 -0.00337329987383 0.019
v -0.00919527772551 -0.00393025031654 0.019
v -0.00894377407666 -0.00447313148316 0.019
v -0.00866025403784 -0.005 0.019
v -0.00834573253721 -0.00550896981452 0.019
v -0.00800133548011 -0.00599821894688 0.019
v -0.00762829571862 -0.00646599601216 0.019
v -0.00722794863827 -0.00691062648987 0.019
v -0.00680172737771 -0.0073305187183 0.019
v -0.00635115769842 -0.00772416959225 0.019
v -0.00587785252292 -0.00809016994375 0.019
v -0.00538350616091 -0.00842720958654 0.019
v -0.00486988824404 -0.00873408200617 0.019
v -0.00433883739118 -0.00900968867902 0.019
v -0.00379225462653 -0.00925304300474 0.019
v -0.00323209657454 -0.00946327383799 0.019
v -0.00266036845567 -0.00963962860696 0.019
v -0.00207911690818 -0.00978147600734 0.019
v -0.00149042266176 -0.00988830826225 0.019
v -0.000896393089034 -0.00995974293995 0.019
v -0.000299154661694 -0.00999552432284 0.019
v 0.000299154661694 -0.00999552432284 0.019
v 0.000896393089034 -0.00995974293995 0.019
v 0.00149042266176 -0.00988830826225 0.019
v 0.00207911690818 -0.00978147600734 0.019
v 0.00266036845567 -0.00963962860696 0.019
v 0.00323209657454 -0.00946327383799 0.019
v 0.00379225462653 -0.00925304300474 0.019
v 0.00433883739118 -0.00900968867902 0.019
v 0.00486988824404 -0.00873408200617 0.019
v 0.00538350616091 -0.00842720958654 0.019
v 0.00587785252292 -0.00809016994375 0.019
v 0.00635115769842 -0.00772416959225 0.019
v 0.00680172737771 -0.0073305187183 0.019
v 0.00722794863827 -0.00691062648987 0.019
v 0.00762829571862 -0.00646599601216 0.019
v 0.00800133548011 -0.00599821894688 0.019
v 0.00834573253721 -0.00550896981452 0.019
v 0.00866025403784 -0.005 0.019
v 0.00894377407666 -0.00447313148316 0.019
v 0.00919527772551 -0.00393025031654 0.019
v 0.00941386466661 -0.00337329987383 0.019
v 0.00959875241543 -0.00280427389306 0.019
v 0.00974927912182 -0.00222520933956 0.019
v 0.00986490593924 -0.00163817911415 0.019
v 0.00994521895368 -0.00104528463268 0.019
v 0.00998993066541 -0.000448648303505 0.019
v 0.0099988810181 0.000149594070153 0.019
v 0.00997203797181 0.000747300935864 0.019
v 0.00990949761768 0.00134233265818 0.019
v 0.00981148383394 0.00193255917796 0.019
v 0.00967834748451 0.00251586763745 0.019
v 0.00951056516295 0.00309016994375 0.019
v 0.00930873748644 0.00365341024366 0.019
v 0.00907358694568 0.0042035722831 0.019
v 0.00880595531857 0.00473868662473 0.019
v 0.00850680065687 0.00525683769811 0.019
v 0.00817719385664 0.00575617065686 0.019
v 0.00781831482468 0.00623489801859 0.019
v 0.00743144825477 0.00669130606359 0.019
v 0.00701797902884 0.00712376096951 0.019
v 0.0065793872594 0.00753071466004 0.019
v 0.00611724299115 0.00791071034656 0.019
v 0.00563320058064 0.00826238774316 0.019
v 0.00512899277406 0.00858448793602 0.019
v 0.00460642450451 0.00887585789005 0.019
v 0.00406736643076 0.00913545457643 0.019
v 0.00351374824081 0.0093623487064 0.019
v 0.00294755174411 0.00955572805786 0.019
v 0.00237080377716 0.00971490038293 0.019
v 0.00178556894799 0.00983929588599 0.019
v 0.0011939422454 0.00992846926342 0.019
v 0.00059804153945 0.00998210129768 0.019
v 3.55951662292e-18 0.01 0.019
v 3.55951662292e-18 0.01 0.0205
v -0.00059804153945 0.00998210129768 0.0205
v -0.0011939422454 0.00992846926342 0.0205
v -0.00178556894799 0.00983929588599 0.0205
v -0.00237080377715 0.00971490038293 0.0205
v -0.00294755174411 0.00955572805786 0.0205
v -0.00351374824081 0.0093623487064 0.0205
v -0.00406736643076 0.00913545457643 0.0205
v -0.00460642450451 0.00887585789005 0.0205
v -0.00512899277406 0.00858448793602 0.0205
v -0.00563320058064 0.00826238774316 0.0205
v -0.00611724299115 0.00791071034656 0.0205
v -0.0065793872594 0.00753071466004 0.0205
v -0.00701797902884 0.00712376096951 0.0205
v -0.00743144825477 0.00669130606359 0.0205
v -0.00781831482468 0.00623489801859 0.0205
v -0.00817719385664 0.00575617065686 0.0205
v -0.00850680065687 0.00525683769811 0.0205
v -0.00880595531857 0.00473868662473 0.0205
v -0.00907358694568 0.0042035722831 0.0205
v -0.00930873748644 0.00365341024366 0.0205
v -0.00951056516295 0.00309016994375 0.0205
v -0.00967834748451 0.00251586763745 0.0205
v -0.00981148383394 0.00193255917796 0.0205
v -0.00990949761768 0.00134233265818 0.0205
v -0.00997203797181 0.000747300935864 0.0205
v -0.0099988810181 0.000149594070153 0.0205
v -0.00998993066541 -0.000448648303505 0.0205
v -0.00994521895368 -0.00104528463268 0.0205
v -0.00986490593924 -0.00163817911415 0.0205
v -0.00974927912182 -0.00222520933956 0.0205
v -0.00959875241543 -0.00280427389306 0.0205
v -0.00941386466661 -0.00337329987383 0.0205
v -0.00919527772551 -0.00393025031654 0.0205
v -0.00894377407666 -0.00447313148316 0.0205
v -0.00866025403784 -0.005 0.0205
v -0.00834573253721 -0.00550896981452 0.0205
v -0.00800133548011 -0.00599821894688 0.0205
v -0.00762829571862 -0.00646599601216 0.0205
v -0.00722794863827 -0.00691062648987 0.0205
v -0.00680172737771 -0.0073305187183 0.0205
v -0.00635115769842 -0.00772416959225 0.0205
v -0.00587785252292 -0.00809016994375 0.0205
v -0.00538350616091 -0.00842720958654 0.0205
v -0.00486988824404 -0.00873408200617 0.0205
v -0.00433883739118 -0.00900968867902 0.0205
v -0.00379225462653 -0.00925304300474 0.0205
v -0.00323209657454 -0.00946327383799 0.0205
v -0.00266036845567 -0.00963962860696 0.0205
v -0.00207911690818 -0.00978147600734 0.0205
v -0.00149042266176 -0.00988830826225 0.0205
v -0.000896393089034 -0.00995974293995 0.0205
v -0.000299154661694 -0.00999552432284 0.0205
v 0.000299154661694 -0.00999552432284 0.0205
v 0.000896393089034 -0.00995974293995 0.0205
v 0.00149042266176 -0.00988830826225 0.0205
v 0.00207911690818 -0.00978147600734 0.0205
v 0.00266036845567 -0.00963962860696 0.0205
v 0.00323209657454 -0.00946327383799 0.0205
v 0.00379225462653 -0.00925304300474 0.0205
v 0.00433883739118 -0.00900968867902 0.0205
v 0.00486988824404 -0.00873408200617 0.0205
v 0.00538350616091 -0.00842720958654 0.0205
v 0.00587785252292 -0.00809016994375 0.0205
v 0.00635115769842 -0.00772416959225 0.0205
v 0.00680172737771 -0.0073305187183 0.0205
v 0.00722794863827 -0.00691062648987 0.0205
v 0.00762829571862 -0.00646599601216 0.0205
v 0.00800133548011 -0.00599821894688 0.0205
v 0.00834573253721 -0.00550896981452 0.0205
v 0.00866025403784 -0.005 0.0205
v 0.00894377407666 -0.00447313148316 0.0205
v 0.00919527772551 -0.00393025031654 0.0205
v 0.00941386466661 -0.00337329987383 0.0205
v 0.00959875241543 -0.00280427389306 0.0205
v 0.00974927912182 -0.00222520933956 0.0205
v 0.00986490593924 -0.00163817911415 0.0205
v 0.00994521895368 -0.00104528463268 0.0205
v 0.00998993066541 -0.000448648303505 0.0205
v 0.0099988810181 0.000149594070153 0.0205
v 0.00997203797181 0.000747300935864 0.0205
v 0.00990949761768 0.00134233265818 0.0205
v 0.00981148383394 0.00193255917796 0.0205
v 0.00967834748451 0.00251586763745 0.0205
v 0.00951056516295 0.00309016994375 0.0205
v 0.00930873748644 0.00365341024366 0.0205
v 0.00907358694568 0.0042035722831 0.0205
v 0.00880595531857 0.00473868662473 0.0205
v 0.00850680065687 0.00525683769811 0.0205
v 0.00817719385664 0.00575617065686 0.0205
v 0.00781831482468 0.00623489801859 0.0205
v 0.00743144825477 0.00669130606359 0.0205
v 0.00701797902884 0.00712376096951 0.0205
v 0.0065793872594 0.00753071466004 0.0205
v 0.00611724299115 0.00791071034656 0.0205
v 0.00563320058064 0.00826238774316 0.0205
v 0.00512899277406 0.00858448793602 0.0205
v 0.00460642450451 0.00887585789005 0.0205
v 0.00406736643076 0.00913545457643 0.0205
v 0.00351374824081 0.0093623487064 0.0205
v 0.00294755174411 0.00955572805786 0.0205
v 0.00237080377716 0.00971490038293 0.0205
v 0.00178556894799 0.00983929588599 0.0205
v 0.0011939422454 0.00992846926342 0.0205
v 0.00059804153945 0.00998210129768 0.0205
v 0.008 0.00115 0.0205
v 0.00793122522296 0.00114794164923 0.0205
v 0.00786269664178 0.00114177396529 0.0205
v 0.00779465957098 0.00113151902689 0.0205
v 0.00772735756563 0.00111721354404 0.0205
v 0.00766103154943 0.00109890872665 0.0205
v 0.00759591895231 0.00107667010124 0.0205
v 0.00753225286046 0.00105057727629 0.0205
v 0.00747026118198 0.00102072365736 0.0205
v 0.00741016583098 0.000987216112642 0.0205
v 0.00735218193323 0.000950174590463 0.0205
v 0.00729651705602 0.000909731689855 0.0205
v 0.00724337046517 0.000866032185904 0.0205
v 0.00719293241168 0.000819232511494 0.0205
v 0.0071453834507 0.000769500197313 0.0205
v 0.00710089379516 0.000717013272138 0.0205
v 0.00705962270649 0.000661959625539 0.0205
v 0.00702171792446 0.000604536335282 0.0205
v 0.00698731513836 0.000544948961844 0.0205
v 0.00695653750125 0.000483410812556 0.0205
v 0.00692949518906 0.000420142178021 0.0205
v 0.00690628500626 0.000355369543531 0.0205
v 0.00688699003928 0.000289324778306 0.0205
v 0.0068716793591 0.000222244305465 0.0205
v 0.00686040777397 0.00015436825569 0.0205
v 0.00685321563324 8.59396076244e-05 0.0205
v 0.00685012868292 1.72033180676e-05 0.0205
v 0.00685115797348 -5.15945549031e-05 0.0205
v 0.00685629982033 -0.000120207732758 0.0205
v 0.00686553581699 -0.000188390598127 0.0205
v 0.00687883290099 -0.00025589907405 0.0205
v 0.00689614347223 -0.000322491497702 0.0205
v 0.00691740556334 -0.00038792948549 0.0205
v 0.00694254306157 -0.000451978786402 0.0205
v 0.00697146598118 -0.000514410120563 0.0205
v 0.00700407078565 -0.000575 0.0205
v 0.00704024075822 -0.00063353152867 0.0205
v 0.00707984641979 -0.000689795178891 0.0205
v 0.00712274599236 -0.000743589541398 0.0205
v 0.0071687859066 -0.000794722046335 0.0205
v 0.00721780135156 -0.000843009652604 0.0205
v 0.00726961686468 -0.000888279503108 0.0205
v 0.00732404695986 -0.000930369543531 0.0205
v 0.0073808967915 -0.000969129102452 0.0205
v 0.00743996285193 -0.00100441943071 0.0205
v 0.00750103370001 -0.00103611419809 0.0205
v 0.00756389071795 -0.00106409994555 0.0205
v 0.00762830889393 -0.00108827649137 0.0205
v 0.0076940576276 -0.0011085572898 0.0205
v 0.00776090155556 -0.00112486974084 0.0205
v 0.0078286013939 -0.00113715545016 0.0205
v 0.00789691479476 -0.00114537043809 0.0205
v 0.00796559721391 -0.00114948529713 0.0205
v 0.00803440278609 -0.00114948529713 0.0205
v 0.00810308520524 -0.00114537043809 0.0205
v 0.0081713986061 -0.00113715545016 0.0205
v 0.00823909844444 -0.00112486974084 0.0205
v 0.0083059423724 -0.0011085572898 0.0205
v 0.00837169110607 -0.00108827649137 0.0205
v 0.00843610928205 -0.00106409994555 0.0205
v 0.00849896629999 -0.00103611419809 0.0205
v 0.00856003714807 -0.00100441943071 0.0205
v 0.0086191032085 -0.000969129102452 0.0205
v 0.00867595304014 -0.000930369543531 0.0205
v 0.00873038313532 -0.000888279503108 0.0205
v 0.00878219864844 -0.000843009652604 0.0205
v 0.0088312140934 -0.000794722046335 0.0205
v 0.00887725400764 -0.000743589541398 0.0205
v 0.00892015358021 -0.000689795178891 0.0205
v 0.00895975924178 -0.00063353152867 0.0205
v 0.00899592921435 -0.000575 0.0205
v 0.00902853401882 -0.000514410120563 0.0205
v 0.00905745693843 -0.000451978786402 0.0205
v 0.00908259443666 -0.00038792948549 0.0205
v 0.00910385652777 -0.000322491497702 0.0205
v 0.00912116709901 -0.00025589907405 0.0205
v 0.00913446418301 -0.000188390598127 0.0205
v 0.00914370017967 -0.000120207732758 0.0205
v 0.00914884202652 -5.15945549031e-05 0.0205
v 0.00914987131708 1.72033180676e-05 0.0205
v 0.00914678436676 8.59396076244e-05 0.0205
v 0.00913959222603 0.00015436825569 0.0205
v 0.0091283206409 0.000222244305465 0.0205
v 0.00911300996072 0.000289324778306 0.0205
v 0.00909371499374 0.000355369543531 0.0205
v 0.00907050481094 0.000420142178021 0.0205
v 0.00904346249875 0.000483410812556 0.0205
v 0.00901268486164 0.000544948961844 0.0205
v 0.00897828207554 0.000604536335282 0.0205
v 0.00894037729351 0.000661959625539 0.0205
v 0.00889910620484 0.000717013272138 0.0205
v 0.0088546165493 0.000769500197313 0.0205
v 0.00880706758832 0.000819232511494 0.0205
v 0.00875662953483 0.000866032185904 0.0205
v 0.00870348294398 0.000909731689855 0.0205
v 0.00864781806677 0.000950174590463 0.0205
v 0.00858983416902 0.000987216112642 0.0205
v 0.00852973881802 0.00102072365736 0.0205
v 0.00846774713954 0.00105057727629 0.0205
v 0.00840408104769 0.00107667010124 0.0205
v 0.00833896845057 0.00109890872665 0.0205
v 0.00827264243437 0.00111721354404 0.0205
v 0.00820534042902 0.00113151902689 0.0205
v 0.00813730335822 0.00114177396529 0.0205
v 0.00806877477704 0.00114794164923 0.0205
v -4.78834008064e-19 -0.00685 0.0205
v -6.87747770368e-05 -0.00685205835077 0.0205
v -0.000137303358221 -0.00685822603471 0.0205
v -0.000205340429018 -0.00686848097311 0.0205
v -0.000272642434373 -0.00688278645596 0.0205
v -0.000338968450573 -0.00690109127335 0.0205
v -0.000404081047694 -0.00692332989876 0.0205
v -0.000467747139537 -0.00694942272371 0.0205
v -0.000529738818018 -0.00697927634264 0.0205
v -0.000589834169017 -0.00701278388736 0.0205
v -0.000647818066773 -0.00704982540954 0.0205
v -0.000703482943982 -0.00709026831015 0.0205
v -0.000756629534831 -0.0071339678141 0.0205
v -0.000807067588317 -0.00718076748851 0.0205
v -0.000854616549299 -0.00723049980269 0.0205
v -0.000899106204838 -0.00728298672786 0.0205
v -0.000940377293514 -0.00733804037446 0.0205
v -0.00097828207554 -0.00739546366472 0.0205
v -0.00101268486164 -0.00745505103816 0.0205
v -0.00104346249875 -0.00751658918744 0.0205
v -0.00107050481094 -0.00757985782198 0.0205
v -0.00109371499374 -0.00764463045647 0.0205
v -0.00111300996072 -0.00771067522169 0.0205
v -0.0011283206409 -0.00777775569454 0.0205
v -0.00113959222603 -0.00784563174431 0.0205
v -0.00114678436676 -0.00791406039238 0.0205
v -0.00114987131708 -0.00798279668193 0.0205
v -0.00114884202652 -0.0080515945549 0.0205
v -0.00114370017967 -0.00812020773276 0.0205
v -0.00113446418301 -0.00818839059813 0.0205
v -0.00112116709901 -0.00825589907405 0.0205
v -0.00110385652777 -0.0083224914977 0.0205
v -0.00108259443666 -0.00838792948549 0.0205
v -0.00105745693843 -0.0084519787864 0.0205
v -0.00102853401882 -0.00851441012056 0.0205
v -0.000995929214352 -0.008575 0.0205
v -0.000959759241779 -0.00863353152867 0.0205
v -0.000920153580213 -0.00868979517889 0.0205
v -0.000877254007642 -0.0087435895414 0.0205
v -0.000831214093402 -0.00879472204633 0.0205
v -0.000782198648437 -0.0088430096526 0.0205
v -0.000730383135319 -0.00888827950311 0.0205
v -0.000675953040136 -0.00893036954353 0.0205
v -0.000619103208504 -0.00896912910245 0.0205
v -0.000560037148065 -0.00900441943071 0.0205
v -0.000498966299985 -0.00903611419809 0.0205
v -0.000436109282051 -0.00906409994555 0.0205
v -0.000371691106073 -0.00908827649137 0.0205
v -0.000305942372402 -0.0091085572898 0.0205
v -0.00023909844444 -0.00912486974084 0.0205
v -0.000171398606103 -0.00913715545016 0.0205
v -0.000103085205239 -0.00914537043809 0.0205
v -3.44027860948e-05 -0.00914948529713 0.0205
v 3.44027860948e-05 -0.00914948529713 0.0205
v 0.000103085205239 -0.00914537043809 0.0205
v 0.000171398606103 -0.00913715545016 0.0205
v 0.00023909844444 -0.00912486974084 0.0205
v 0.000305942372402 -0.0091085572898 0.0205
v 0.000371691106073 -0.00908827649137 0.0205
v 0.000436109282051 -0.00906409994555 0.0205
v 0.000498966299985 -0.00903611419809 0.0205
v 0.000560037148065 -0.00900441943071 0.0205
v 0.000619103208504 -0.00896912910245 0.0205
v 0.000675953040136 -0.00893036954353 0.0205
v 0.000730383135319 -0.00888827950311 0.0205
v 0.000782198648437 -0.0088430096526 0.0205
v 0.000831214093402 -0.00879472204633 0.0205
v 0.000877254007642 -0.0087435895414 0.0205
v 0.000920153580213 -0.00868979517889 0.0205
v 0.000959759241779 -0.00863353152867 0.0205
v 0.000995929214352 -0.008575 0.0205
v 0.00102853401882 -0.00851441012056 0.0205
v 0.00105745693843 -0.0084519787864 0.0205
v 0.00108259443666 -0.00838792948549 0.0205
v 0.00110385652777 -0.0083224914977 0.0205
v 0.00112116709901 -0.00825589907405 0.0205
v 0.00113446418301 -0.00818839059813 0.0205
v 0.00114370017967 -0.00812020773276 0.0205
v 0.00114884202652 -0.0080515945549 0.0205
v 0.00114987131708 -0.00798279668193 0.0205
v 0.00114678436676 -0.00791406039238 0.0205
v 0.00113959222603 -0.00784563174431 0.0205
v 0.0011283206409 -0.00777775569454 0.0205
v 0.00111300996072 -0.00771067522169 0.0205
v 0.00109371499374 -0.00764463045647 0.0205
v 0.00107050481094 -0.00757985782198 0.0205
v 0.00104346249875 -0.00751658918744 0.0205
v 0.00101268486164 -0.00745505103816 0.0205
v 0.00097828207554 -0.00739546366472 0.0205
v 0.000940377293514 -0.00733804037446 0.0205
v 0.000899106204838 -0.00728298672786 0.0205
v 0.000854616549299 -0.00723049980269 0.0205
v 0.000807067588317 -0.00718076748851 0.0205
v 0.000756629534831 -0.0071339678141 0.0205
v 0.000703482943982 -0.00709026831015 0.0205
v 0.000647818066773 -0.00704982540954 0.0205
v 0.000589834169017 -0.00701278388736 0.0205
v 0.000529738818018 -0.00697927634264 0.0205
v 0.000467747139537 -0.00694942272371 0.0205
v 0.000404081047694 -0.00692332989876 0.0205
v 0.000338968450573 -0.00690109127335 0.0205
v 0.000272642434373 -0.00688278645596 0.0205
v 0.000205340429018 -0.00686848097311 0.0205
v 0.000137303358221 -0.00685822603471 0.0205
v 6.87747770368e-05 -0.00685205835077 0.0205
v 1.53059214786e-18 0.0043 0.0205
v -0.000257157861964 0.004292303558 0.0205
v -0.000513395165523 0.00426924178327 0.0205
v -0.000767794647634 0.00423089723097 0.0205
v -0.00101944562418 0.00417740716466 0.0205
v -0.00126744724997 0.00410896306488 0.0205
v -0.00151091174355 0.00402580994375 0.0205
v -0.00174896756523 0.00392824546786 0.0205
v -0.00198076253694 0.00381661889272 0.0205
v -0.00220546689285 0.00369132981249 0.0205
v -0.00242227624967 0.00355282672956 0.0205
v -0.00263041448619 0.00340160544902 0.0205
v -0.00282913652154 0.00323820730382 0.0205
v -0.0030177309824 0.00306321721689 0.0205
v -0.00319552274955 0.00287726160734 0.0205
v -0.00336187537461 0.00268100614799 0.0205
v -0.00351619335836 0.00247515338245 0.0205
v -0.00365792428246 0.00226044021019 0.0205
v -0.00378656078698 0.00203763524863 0.0205
v -0.00390164238664 0.00180753608173 0.0205
v -0.00400275711917 0.00157096640478 0.0205
v -0.00408954302007 0.00132877307581 0.0205
v -0.00416168941834 0.0010818230841 0.0205
v -0.00421893804859 0.000831000446521 0.0205
v -0.0042610839756 0.000577203043016 0.0205
v -0.00428797632788 0.000321339402422 0.0205
v -0.00429951883778 6.43254501656e-05 0.0205
v -0.00429567018613 -0.000192918770507 0.0205
v -0.00427644415008 -0.000449472392051 0.0205
v -0.00424190955387 -0.000704417019085 0.0205
v -0.00419219002238 -0.000956840016012 0.0205
v -0.00412746353863 -0.00120583777402 0.0205
v -0.00404796180664 -0.00145051894575 0.0205
v -0.00395396942197 -0.00169000763611 0.0205
v -0.00384582285297 -0.00192344653776 0.0205
v -0.00372390923627 -0.00215 0.0205
v -0.003588664991 -0.00236885702024 0.0205
v -0.00344057425645 -0.00257923414716 0.0205
v -0.00328016715901 -0.00278037828523 0.0205
v -0.00310801791446 -0.00297156939064 0.0205
v -0.00292474277241 -0.00315212304887 0.0205
v -0.00273099781032 -0.00332139292467 0.0205
v -0.00252747658486 -0.00347877307581 0.0205
v -0.00231490764919 -0.00362370012221 0.0205
v -0.00209405194494 -0.00375565526265 0.0205
v -0.00186570007821 -0.00387416613198 0.0205
v -0.00163066948941 -0.00397880849204 0.0205
v -0.00138980152705 -0.00406920775034 0.0205
v -0.00114395843594 -0.00414504030099 0.0205
v -0.000894020270516 -0.00420603468316 0.0205
v -0.000640881744558 -0.00425197255277 0.0205
v -0.000385449028285 -0.00428268946418 0.0205
v -0.000128636504528 -0.00429807545882 0.0205
v 0.000128636504528 -0.00429807545882 0.0205
v 0.000385449028285 -0.00428268946418 0.0205
v 0.000640881744558 -0.00425197255277 0.0205
v 0.000894020270516 -0.00420603468316 0.0205
v 0.00114395843594 -0.00414504030099 0.0205
v 0.00138980152705 -0.00406920775034 0.0205
v 0.00163066948941 -0.00397880849204 0.0205
v 0.00186570007821 -0.00387416613198 0.0205
v 0.00209405194494 -0.00375565526265 0.0205
v 0.00231490764919 -0.00362370012221 0.0205
v 0.00252747658486 -0.00347877307581 0.0205
v 0.00273099781032 -0.00332139292467 0.0205
v 0.00292474277241 -0.00315212304887 0.0205
v 0.00310801791446 -0.00297156939064 0.0205
v 0.00328016715901 -0.00278037828523 0.0205
v 0.00344057425645 -0.00257923414716 0.0205
v 0.003588664991 -0.00236885702024 0.0205
v 0.00372390923627 -0.00215 0.0205
v 0.00384582285297 -0.00192344653776 0.0205
v 0.00395396942197 -0.00169000763611 0.0205
v 0.00404796180664 -0.00145051894575 0.0205
v 0.00412746353863 -0.00120583777402 0.0205
v 0.00419219002238 -0.000956840016012 0.0205
v 0.00424190955387 -0.000704417019085 0.0205
v 0.00427644415008 -0.000449472392051 0.0205
v 0.00429567018613 -0.000192918770507 0.0205
v 0.00429951883778 6.43254501656e-05 0.0205
v 0.00428797632788 0.000321339402422 0.0205
v 0.0042610839756 0.000577203043016 0.0205
v 0.00421893804859 0.000831000446521 0.0205
v 0.00416168941834 0.0010818230841 0.0205
v 0.00408954302007 0.00132877307581 0.0205
v 0.00400275711917 0.00157096640478 0.0205
v 0.00390164238664 0.00180753608173 0.0205
v 0.00378656078698 0.00203763524863 0.0205
v 0.00365792428246 0.00226044021019 0.0205
v 0.00351619335836 0.00247515338245 0.0205
v 0.00336187537461 0.00268100614799 0.0205
v 0.00319552274955 0.00287726160734 0.0205
v 0.0030177309824 0.00306321721689 0.0205
v 0.00282913652154 0.00323820730382 0.0205
v 0.00263041448619 0.00340160544902 0.0205
v 0.00242227624967 0.00355282672956 0.0205
v 0.00220546689285 0.00369132981249 0.0205
v 0.00198076253694 0.00381661889272 0.0205
v 0.00174896756523 0.00392824546786 0.0205
v 0.00151091174355 0.00402580994375 0.0205
v 0.00126744724997 0.00410896306488 0.0205
v 0.00101944562418 0.00417740716466 0.0205
v 0.000767794647634 0.00423089723097 0.0205
v 0.000513395165523 0.00426924178327 0.0205
v 0.000257157861964 0.004292303558 0.0205
v 1.29752283134e-18 0.00915 0.0205
v -6.87747770368e-05 0.00914794164923 0.0205
v -0.000137303358221 0.00914177396529 0.0205
v -0.000205340429018 0.00913151902689 0.0205
v -0.000272642434373 0.00911721354404 0.0205
v -0.000338968450573 0.00909890872665 0.0205
v -0.000404081047694 0.00907667010124 0.0205
v -0.000467747139537 0.00905057727629 0.0205
v -0.000529738818018 0.00902072365736 0.0205
v -0.000589834169017 0.00898721611264 0.0205
v -0.000647818066773 0.00895017459046 0.0205
v -0.000703482943982 0.00890973168985 0.0205
v -0.000756629534831 0.0088660321859 0.0205
v -0.000807067588317 0.00881923251149 0.0205
v -0.000854616549299 0.00876950019731 0.0205
v -0.000899106204838 0.00871701327214 0.0205
v -0.000940377293514 0.00866195962554 0.0205
v -0.00097828207554 0.00860453633528 0.0205
v -0.00101268486164 0.00854494896184 0.0205
v -0.00104346249875 0.00848341081256 0.0205
v -0.00107050481094 0.00842014217802 0.0205
v -0.00109371499374 0.00835536954353 0.0205
v -0.00111300996072 0.00828932477831 0.0205
v -0.0011283206409 0.00822224430546 0.0205
v -0.00113959222603 0.00815436825569 0.0205
v -0.00114678436676 0.00808593960762 0.0205
v -0.00114987131708 0.00801720331807 0.0205
v -0.00114884202652 0.0079484054451 0.0205
v -0.00114370017967 0.00787979226724 0.0205
v -0.00113446418301 0.00781160940187 0.0205
v -0.00112116709901 0.00774410092595 0.0205
v -0.00110385652777 0.0076775085023 0.0205
v -0.00108259443666 0.00761207051451 0.0205
v -0.00105745693843 0.0075480212136 0.0205
v -0.00102853401882 0.00748558987944 0.0205
v -0.000995929214352 0.007425 0.0205
v -0.000959759241779 0.00736646847133 0.0205
v -0.000920153580213 0.00731020482111 0.0205
v -0.000877254007642 0.0072564104586 0.0205
v -0.000831214093401 0.00720527795367 0.0205
v -0.000782198648437 0.0071569903474 0.0205
v -0.000730383135319 0.00711172049689 0.0205
v -0.000675953040136 0.00706963045647 0.0205
v -0.000619103208504 0.00703087089755 0.0205
v -0.000560037148065 0.00699558056929 0.0205
v -0.000498966299985 0.00696388580191 0.0205
v -0.000436109282051 0.00693590005445 0.0205
v -0.000371691106073 0.00691172350863 0.0205
v -0.000305942372402 0.0068914427102 0.0205
v -0.00023909844444 0.00687513025916 0.0205
v -0.000171398606103 0.00686284454984 0.0205
v -0.000103085205239 0.00685462956191 0.0205
v -3.44027860948e-05 0.00685051470287 0.0205
v 3.44027860948e-05 0.00685051470287 0.0205
v 0.000103085205239 0.00685462956191 0.0205
v 0.000171398606103 0.00686284454984 0.0205
v 0.00023909844444 0.00687513025916 0.0205
v 0.000305942372402 0.0068914427102 0.0205
v 0.000371691106073 0.00691172350863 0.0205
v 0.000436109282051 0.00693590005445 0.0205
v 0.000498966299985 0.00696388580191 0.0205
v 0.000560037148065 0.00699558056929 0.0205
v 0.000619103208504 0.00703087089755 0.0205
v 0.000675953040136 0.00706963045647 0.0205
v 0.000730383135319 0.00711172049689 0.0205
v 0.000782198648437 0.0071569903474 0.0205
v 0.000831214093402 0.00720527795367 0.0205
v 0.000877254007642 0.0072564104586 0.0205
v 0.000920153580213 0.00731020482111 0.0205
v 0.00095975924178 0.00736646847133 0.0205
v 0.000995929214352 0.007425 0.0205
v 0.00102853401882 0.00748558987944 0.0205
v 0.00105745693843 0.0075480212136 0.0205
v 0.00108259443666 0.00761207051451 0.0205
v 0.00110385652777 0.0076775085023 0.0205
v 0.00112116709901 0.00774410092595 0.0205
v 0.00113446418301 0.00781160940187 0.0205
v 0.00114370017967 0.00787979226724 0.0205
v 0.00114884202652 0.0079484054451 0.0205
v 0.00114987131708 0.00801720331807 0.0205
v 0.00114678436676 0.00808593960762 0.0205
v 0.00113959222603 0.00815436825569 0.0205
v 0.0011283206409 0.00822224430546 0.0205
v 0.00111300996072 0.00828932477831 0.0205
v 0.00109371499374 0.00835536954353 0.0205
v 0.00107050481094 0.00842014217802 0.0205
v 0.00104346249875 0.00848341081256 0.0205
v 0.00101268486164 0.00854494896184 0.0205
v 0.00097828207554 0.00860453633528 0.0205
v 0.000940377293514 0.00866195962554 0.0205
v 0.000899106204838 0.00871701327214 0.0205
v 0.000854616549299 0.00876950019731 0.0205
v 0.000807067588317 0.00881923251149 0.0205
v 0.000756629534831 0.0088660321859 0.0205
v 0.000703482943982 0.00890973168985 0.0205
v 0.000647818066773 0.00895017459046 0.0205
v 0.000589834169017 0.00898721611264 0.0205
v 0.000529738818018 0.00902072365736 0.0205
v 0.000467747139537 0.00905057727629 0.0205
v 0.000404081047694 0.00907667010124 0.0205
v 0.000338968450573 0.00909890872665 0.0205
v 0.000272642434373 0.00911721354404 0.0205
v 0.000205340429018 0.00913151902689 0.0205
v 0.000137303358221 0.00914177396529 0.0205
v 6.87747770368e-05 0.00914794164923 0.0205
v -0.008 0.00115 0.0205
v -0.00806877477704 0.00114794164923 0.0205
v -0.00813730335822 0.00114177396529 0.0205
v -0.00820534042902 0.00113151902689 0.0205
v -0.00827264243437 0.00111721354404 0.0205
v -0.00833896845057 0.00109890872665 0.0205
v -0.00840408104769 0.00107667010124 0.0205
v -0.00846774713954 0.00105057727629 0.0205
v -0.00852973881802 0.00102072365736 0.0205
v -0.00858983416902 0.000987216112642 0.0205
v -0.00864781806677 0.000950174590463 0.0205
v -0.00870348294398 0.000909731689855 0.0205
v -0.00875662953483 0.000866032185904 0.0205
v -0.00880706758832 0.000819232511494 0.0205
v -0.0088546165493 0.000769500197313 0.0205
v -0.00889910620484 0.000717013272138 0.0205
v -0.00894037729351 0.000661959625539 0.0205
v -0.00897828207554 0.000604536335282 0.0205
v -0.00901268486164 0.000544948961844 0.0205
v -0.00904346249875 0.000483410812556 0.0205
v -0.00907050481094 0.000420142178021 0.0205
v -0.00909371499374 0.000355369543531 0.0205
v -0.00911300996072 0.000289324778306 0.0205
v -0.0091283206409 0.000222244305465 0.0205
v -0.00913959222603 0.00015436825569 0.0205
v -0.00914678436676 8.59396076244e-05 0.0205
v -0.00914987131708 1.72033180676e-05 0.0205
v -0.00914884202652 -5.15945549031e-05 0.0205
v -0.00914370017967 -0.000120207732758 0.0205
v -0.00913446418301 -0.000188390598127 0.0205
v -0.00912116709901 -0.00025589907405 0.0205
v -0.00910385652777 -0.000322491497702 0.0205
v -0.00908259443666 -0.00038792948549 0.0205
v -0.00905745693843 -0.000451978786402 0.0205
v -0.00902853401882 -0.000514410120563 0.0205
v -0.00899592921435 -0.000575 0.0205
v -0.00895975924178 -0.00063353152867 0.0205
v -0.00892015358021 -0.000689795178891 0.0205
v -0.00887725400764 -0.000743589541398 0.0205
v -0.0088312140934 -0.000794722046335 0.0205
v -0.00878219864844 -0.000843009652604 0.0205
v -0.00873038313532 -0.000888279503108 0.0205
v -0.00867595304014 -0.000930369543531 0.0205
v -0.0086191032085 -0.000969129102452 0.0205
v -0.00856003714807 -0.00100441943071 0.0205
v -0.00849896629999 -0.00103611419809 0.0205
v -0.00843610928205 -0.00106409994555 0.0205
v -0.00837169110607 -0.00108827649137 0.0205
v -0.0083059423724 -0.0011085572898 0.0205
v -0.00823909844444 -0.00112486974084 0.0205
v -0.0081713986061 -0.00113715545016 0.0205
v -0.00810308520524 -0.00114537043809 0.0205
v -0.00803440278609 -0.00114948529713 0.0205
v -0.00796559721391 -0.00114948529713 0.0205
v -0.00789691479476 -0.00114537043809 0.0205
v -0.0078286013939 -0.00113715545016 0.0205
v -0.00776090155556 -0.00112486974084 0.0205
v -0.0076940576276 -0.0011085572898 0.0205
v -0.00762830889393 -0.00108827649137 0.0205
v -0.00756389071795 -0.00106409994555 0.0205
v -0.00750103370001 -0.00103611419809 0.0205
v -0.00743996285193 -0.00100441943071 0.0205
v -0.0073808967915 -0.000969129102452 0.0205
v -0.00732404695986 -0.000930369543531 0.0205
v -0.00726961686468 -0.000888279503108 0.0205
v -0.00721780135156 -0.000843009652604 0.0205
v -0.0071687859066 -0.000794722046335 0.0205
v -0.00712274599236 -0.000743589541398 0.0205
v -0.00707984641979 -0.000689795178891 0.0205
v -0.00704024075822 -0.00063353152867 0.0205
v -0.00700407078565 -0.000575 0.0205
v -0.00697146598118 -0.000514410120563 0.0205
v -0.00694254306157 -0.000451978786402 0.0205
v -0.00691740556334 -0.00038792948549 0.0205
v -0.00689614347223 -0.000322491497702 0.0205
v -0.00687883290099 -0.00025589907405 0.0205
v -0.00686553581699 -0.000188390598127 0.0205
v -0.00685629982033 -0.000120207732758 0.0205
v -0.00685115797348 -5.15945549031e-05 0.0205
v -0.00685012868292 1.72033180676e-05 0.0205
v -0.00685321563324 8.59396076244e-05 0.0205
v -0.00686040777397 0.00015436825569 0.0205
v -0.0068716793591 0.000222244305465 0.0205
v -0.00688699003928 0.000289324778306 0.0205
v -0.00690628500626 0.000355369543531 0.0205
v -0.00692949518906 0.000420142178021 0.0205
v -0.00695653750125 0.000483410812556 0.0205
v -0.00698731513836 0.000544948961844 0.0205
v -0.00702171792446 0.000604536335282 0.0205
v -0.00705962270649 0.000661959625539 0.0205
v -0.00710089379516 0.000717013272138 0.0205
v -0.0071453834507 0.000769500197313 0.0205
v -0.00719293241168 0.000819232511494 0.0205
v -0.00724337046517 0.000866032185904 0.0205
v -0.00729651705602 0.000909731689855 0.0205
v -0.00735218193323 0.000950174590463 0.0205
v -0.00741016583098 0.000987216112642 0.0205
v -0.00747026118198 0.00102072365736 0.0205
v -0.00753225286046 0.00105057727629 0.0205
v -0.00759591895231 0.00107667010124 0.0205
v -0.00766103154943 0.00109890872665 0.0205
v -0.00772735756563 0.00111721354404 0.0205
v -0.00779465957098 0.00113151902689 0.0205
v -0.00786269664178 0.00114177396529 0.0205
v -0.00793122522296 0.00114794164923 0.0205
v 3.55951662292e-18 0.01 0.019
v -0.00059804153945 0.00998210129768 0.019
v -0.0011939422454 0.00992846926342 0.019
v -0.00178556894799 0.00983929588599 0.019
v -0.00237080377715 0.00971490038293 0.019
v -0.00294755174411 0.00955572805786 0.019
v -0.00351374824081 0.0093623487064 0.019
v -0.00406736643076 0.00913545457643 0.019
v -0.00460642450451 0.00887585789005 0.019
v -0.00512899277406 0.00858448793602 0.019
v -0.00563320058064 0.00826238774316 0.019
v -0.00611724299115 0.00791071034656 0.019
v -0.0065793872594 0.00753071466004 0.019
v -0.00701797902884 0.00712376096951 0.019
v -0.00743144825477 0.00669130606359 0.019
v -0.00781831482468 0.00623489801859 0.019
v -0.00817719385664 0.00575617065686 0.019
v -0.00850680065687 0.00525683769811 0.019
v -0.00880595531857 0.00473868662473 0.019
v -0.00907358694568 0.0042035722831 0.019
v -0.00930873748644 0.00365341024366 0.019
v -0.00951056516295 0.00309016994375 0.019
v -0.00967834748451 0.00251586763745 0.019
v -0.00981148383394 0.00193255917796 0.019
v -0.00990949761768 0.00134233265818 0.019
v -0.00997203797181 0.000747300935864 0.019
v -0.0099988810181 0.000149594070153 0.019
v -0.00998993066541 -0.000448648303505 0.019
v -0.00994521895368 -0.00104528463268 0.019
v -0.00986490593924 -0.00163817911415 0.019
v -0.00974927912182 -0.00222520933956 0.019
v -0.00959875241543 -0.00280427389306 0.019
v -0.00941386466661 -0.00337329987383 0.019
v -0.00919527772551 -0.00393025031654 0.019
v -0.00894377407666 -0.00447313148316 0.019
v -0.00866025403784 -0.005 0.019
v -0.00834573253721 -0.00550896981452 0.019
v -0.00800133548011 -0.00599821894688 0.019
v -0.00762829571862 -0.00646599601216 0.019
v -0.00722794863827 -0.00691062648987 0.019
v -0.00680172737771 -0.0073305187183 0.019
v -0.00635115769842 -0.00772416959225 0.019
v -0.00587785252292 -0.00809016994375 0.019
v -0.00538350616091 -0.00842720958654 0.019
v -0.00486988824404 -0.00873408200617 0.019
v -0.00433883739118 -0.00900968867902 0.019
v -0.00379225462653 -0.00925304300474 0.019
v -0.00323209657454 -0.00946327383799 0.019
v -0.00266036845567 -0.00963962860696 0.019
v -0.00207911690818 -0.00978147600734 0.019
v -0.00149042266176 -0.00988830826225 0.019
v -0.000896393089034 -0.00995974293995 0.019
v -0.000299154661694 -0.00999552432284 0.019
v 0.000299154661694 -0.00999552432284 0.019
v 0.000896393089034 -0.00995974293995 0.019
v 0.00149042266176 -0.00988830826225 0.019
v 0.00207911690818 -0.00978147600734 0.019
v 0.00266036845567 -0.00963962860696 0.019
v 0.00323209657454 -0.00946327383799 0.019
v 0.00379225462653 -0.00925304300474 0.019
v 0.00433883739118 -0.00900968867902 0.019
v 0.00486988824404 -0.00873408200617 0.019
v 0.00538350616091 -0.00842720958654 0.019
v 0.00587785252292 -0.00809016994375 0.019
v 0.00635115769842 -0.00772416959225 0.019
v 0.00680172737771 -0.0073305187183 0.019
v 0.00722794863827 -0.00691062648987 0.019
v 0.00762829571862 -0.00646599601216 0.019
v 0.00800133548011 -0.00599821894688 0.019
v 0.00834573253721 -0.00550896981452 0.019
v 0.00866025403784 -0.005 0.019
v 0.00894377407666 -0.00447313148316 0.019
v 0.00919527772551 -0.00393025031654 0.019
v 0.00941386466661 -0.00337329987383 0.019
v 0.00959875241543 -0.00280427389306 0.019
v 0.00974927912182 -0.00222520933956 0.019
v 0.00986490593924 -0.00163817911415 0.019
v 0.00994521895368 -0.00104528463268 0.019
v 0.00998993066541 -0.000448648303505 0.019
v 0.0099988810181 0.000149594070153 0.019
v 0.00997203797181 0.000747300935864 0.019
v 0.00990949761768 0.00134233265818 0.019
v 0.00981148383394 0.00193255917796 0.019
v 0.00967834748451 0.00251586763745 0.019
v 0.00951056516295 0.00309016994375 0.019
v 0.00930873748644 0.00365341024366 0.019
v 0.00907358694568 0.0042035722831 0.019
v 0.00880595531857 0.00473868662473 0.019
v 0.00850680065687 0.00525683769811 0.019
v 0.00817719385664 0.00575617065686 0.019
v 0.00781831482468 0.00623489801859 0.019
v 0.00743144825477 0.00669130606359 0.019
v 0.00701797902884 0.00712376096951 0.019
v 0.0065793872594 0.00753071466004 0.019
v 0.00611724299115 0.00791071034656 0.019
v 0.00563320058064 0.00826238774316 0.019
v 0.00512899277406 0.00858448793602 0.019
v 0.00460642450451 0.00887585789005 0.019
v 0.00406736643076 0.00913545457643 0.019
v 0.00351374824081 0.0093623487064 0.019
v 0.00294755174411 0.00955572805786 0.019
v 0.00237080377716 0.00971490038293 0.019
v 0.00178556894799 0.00983929588599 0.019
v 0.0011939422454 0.00992846926342 0.019
v 0.00059804153945 0.00998210129768 0.019
v 0.008 0.00115 0.019
v 0.00793122522296 0.00114794164923 0.019
v 0.00786269664178 0.00114177396529 0.019
v 0.00779465957098 0.00113151902689 0.019
v 0.00772735756563 0.00111721354404 0.019
v 0.00766103154943 0.00109890872665 0.019
v 0.00759591895231 0.00107667010124 0.019
v 0.00753225286046 0.00105057727629 0.019
v 0.00747026118198 0.00102072365736 0.019
v 0.00741016583098 0.000987216112642 0.019
v 0.00735218193323 0.000950174590463 0.019
v 0.00729651705602 0.000909731689855 0.019
v 0.00724337046517 0.000866032185904 0.019
v 0.00719293241168 0.000819232511494 0.019
v 0.0071453834507 0.000769500197313 0.019
v 0.00710089379516 0.000717013272138 0.019
v 0.00705962270649 0.000661959625539 0.019
v 0.00702171792446 0.000604536335282 0.019
v 0.00698731513836 0.000544948961844 0.019
v 0.00695653750125 0.000483410812556 0.019
v 0.00692949518906 0.000420142178021 0.019
v 0.00690628500626 0.000355369543531 0.019
v 0.00688699003928 0.000289324778306 0.019
v 0.0068716793591 0.000222244305465 0.019
v 0.00686040777397 0.00015436825569 0.019
v 0.00685321563324 8.59396076244e-05 0.019
v 0.00685012868292 1.72033180676e-05 0.019
v 0.00685115797348 -5.15945549031e-05 0.019
v 0.00685629982033 -0.000120207732758 0.019
v 0.00686553581699 -0.000188390598127 0.019
v 0.00687883290099 -0.00025589907405 0.019
v 0.00689614347223 -0.000322491497702 0.019
v 0.00691740556334 -0.00038792948549 0.019
v 0.00694254306157 -0.000451978786402 0.019
v 0.00697146598118 -0.000514410120563 0.019
v 0.00700407078565 -0.000575 0.019
v 0.00704024075822 -0.00063353152867 0.019
v 0.00707984641979 -0.000689795178891 0.019
v 0.00712274599236 -0.000743589541398 0.019
v 0.0071687859066 -0.000794722046335 0.019
v 0.00721780135156 -0.000843009652604 0.019
v 0.00726961686468 -0.000888279503108 0.019
v 0.00732404695986 -0.000930369543531 0.019
v 0.0073808967915 -0.000969129102452 0.019
v 0.00743996285193 -0.00100441943071 0.019
v 0.00750103370001 -0.00103611419809 0.019
v 0.00756389071795 -0.00106409994555 0.019
v 0.00762830889393 -0.00108827649137 0.019
v 0.0076940576276 -0.0011085572898 0.019
v 0.00776090155556 -0.00112486974084 0.019
v 0.0078286013939 -0.00113715545016 0.019
v 0.00789691479476 -0.00114537043809 0.019
v 0.00796559721391 -0.00114948529713 0.019
v 0.00803440278609 -0.00114948529713 0.019
v 0.00810308520524 -0.00114537043809 0.019
v 0.0081713986061 -0.00113715545016 0.019
v 0.00823909844444 -0.00112486974084 0.019
v 0.0083059423724 -0.0011085572898 0.019
v 0.00837169110607 -0.00108827649137 0.019
v 0.00843610928205 -0.00106409994555 0.019
v 0.00849896629999 -0.00103611419809 0.019
v 0.00856003714807 -0.00100441943071 0.019
v 0.0086191032085 -0.000969129102452 0.019
v 0.00867595304014 -0.000930369543531 0.019
v 0.00873038313532 -0.000888279503108 0.019
v 0.00878219864844 -0.000843009652604 0.019
v 0.0088312140934 -0.000794722046335 0.019
v 0.00887725400764 -0.000743589541398 0.019
v 0.00892015358021 -0.000689795178891 0.019
v 0.00895975924178 -0.00063353152867 0.019
v 0.00899592921435 -0.000575 0.019
v 0.00902853401882 -0.000514410120563 0.019
v 0.00905745693843 -0.000451978786402 0.019
v 0.00908259443666 -0.00038792948549 0.019
v 0.00910385652777 -0.000322491497702 0.019
v 0.00912116709901 -0.00025589907405 0.019
v 0.00913446418301 -0.000188390598127 0.019
v 0.00914370017967 -0.000120207732758 0.019
v 0.00914884202652 -5.15945549031e-05 0.019
v 0.00914987131708 1.72033180676e-05 0.019
v 0.00914678436676 8.59396076244e-05 0.019
v 0.00913959222603 0.00015436825569 0.019
v 0.0091283206409 0.000222244305465 0.019
v 0.00911300996072 0.000289324778306 0.019
v 0.00909371499374 0.000355369543531 0.019
v 0.00907050481094 0.000420142178021 0.019
v 0.00904346249875 0.000483410812556 0.019
v 0.00901268486164 0.000544948961844 0.019
v 0.00897828207554 0.000604536335282 0.019
v 0.00894037729351 0.000661959625539 0.019
v 0.00889910620484 0.000717013272138 0.019
v 0.0088546165493 0.000769500197313 0.019
v 0.00880706758832 0.000819232511494 0.019
v 0.00875662953483 0.000866032185904 0.019
v 0.00870348294398 0.000909731689855 0.019
v 0.00864781806677 0.000950174590463 0.019
v 0.00858983416902 0.000987216112642 0.019
v 0.00852973881802 0.00102072365736 0.019
v 0.00846774713954 0.00105057727629 0.019
v 0.00840408104769 0.00107667010124 0.019
v 0.00833896845057 0.00109890872665 0.019
v 0.00827264243437 0.00111721354404 0.019
v 0.00820534042902 0.00113151902689 0.019
v 0.00813730335822 0.00114177396529 0.019
v 0.00806877477704 0.00114794164923 0.019
v -4.78834008064e-19 -0.00685 0.019
v -6.87747770368e-05 -0.00685205835077 0.019
v -0.000137303358221 -0.00685822603471 0.019
v -0.000205340429018 -0.00686848097311 0.019
v -0.000272642434373 -0.00688278645596 0.019
v -0.000338968450573 -0.00690109127335 0.019
v -0.000404081047694 -0.00692332989876 0.019
v -0.000467747139537 -0.00694942272371 0.019
v -0.000529738818018 -0.00697927634264 0.019
v -0.000589834169017 -0.00701278388736 0.019
v -0.000647818066773 -0.00704982540954 0.019
v -0.000703482943982 -0.00709026831015 0.019
v -0.000756629534831 -0.0071339678141 0.019
v -0.000807067588317 -0.00718076748851 0.019
v -0.000854616549299 -0.00723049980269 0.019
v -0.000899106204838 -0.00728298672786 0.019
v -0.000940377293514 -0.00733804037446 0.019
v -0.00097828207554 -0.00739546366472 0.019
v -0.00101268486164 -0.00745505103816 0.019
v -0.00104346249875 -0.00751658918744 0.019
v -0.00107050481094 -0.00757985782198 0.019
v -0.00109371499374 -0.00764463045647 0.019
v -0.00111300996072 -0.00771067522169 0.019
v -0.0011283206409 -0.00777775569454 0.019
v -0.00113959222603 -0.00784563174431 0.019
v -0.00114678436676 -0.00791406039238 0.019
v -0.00114987131708 -0.00798279668193 0.019
v -0.00114884202652 -0.0080515945549 0.019
v -0.00114370017967 -0.00812020773276 0.019
v -0.00113446418301 -0.00818839059813 0.019
v -0.00112116709901 -0.00825589907405 0.019
v -0.00110385652777 -0.0083224914977 0.019
v -0.00108259443666 -0.00838792948549 0.019
v -0.00105745693843 -0.0084519787864 0.019
v -0.00102853401882 -0.00851441012056 0.019
v -0.000995929214352 -0.008575 0.019
v -0.000959759241779 -0.00863353152867 0.019
v -0.000920153580213 -0.00868979517889 0.019
v -0.000877254007642 -0.0087435895414 0.019
v -0.000831214093402 -0.00879472204633 0.019
v -0.000782198648437 -0.0088430096526 0.019
v -0.000730383135319 -0.00888827950311 0.019
v -0.000675953040136 -0.00893036954353 0.019
v -0.000619103208504 -0.00896912910245 0.019
v -0.000560037148065 -0.00900441943071 0.019
v -0.000498966299985 -0.00903611419809 0.019
v -0.000436109282051 -0.00906409994555 0.019
v -0.000371691106073 -0.00908827649137 0.019
v -0.000305942372402 -0.0091085572898 0.019
v -0.00023909844444 -0.00912486974084 0.019
v -0.000171398606103 -0.00913715545016 0.019
v -0.000103085205239 -0.00914537043809 0.019
v -3.44027860948e-05 -0.00914948529713 0.019
v 3.44027860948e-05 -0.00914948529713 0.019
v 0.000103085205239 -0.00914537043809 0.019
v 0.000171398606103 -0.00913715545016 0.019
v 0.00023909844444 -0.00912486974084 0.019
v 0.000305942372402 -0.0091085572898 0.019
v 0.000371691106073 -0.00908827649137 0.019
v 0.000436109282051 -0.00906409994555 0.019
v 0.000498966299985 -0.00903611419809 0.019
v 0.000560037148065 -0.00900441943071 0.019
v 0.000619103208504 -0.00896912910245 0.019
v 0.000675953040136 -0.00893036954353 0.019
v 0.000730383135319 -0.00888827950311 0.019
v 0.000782198648437 -0.0088430096526 0.019
v 0.000831214093402 -0.00879472204633 0.019
v 0.000877254007642 -0.0087435895414 0.019
v 0.000920153580213 -0.00868979517889 0.019
v 0.000959759241779 -0.00863353152867 0.019
v 0.000995929214352 -0.008575 0.019
v 0.00102853401882 -0.00851441012056 0.019
v 0.00105745693843 -0.0084519787864 0.019
v 0.00108259443666 -0.00838792948549 0.019
v 0.00110385652777 -0.0083224914977 0.019
v 0.00112116709901 -0.00825589907405 0.019
v 0.00113446418301 -0.00818839059813 0.019
v 0.00114370017967 -0.00812020773276 0.019
v 0.00114884202652 -0.0080515945549 0.019
v 0.00114987131708 -0.00798279668193 0.019
v 0.00114678436676 -0.00791406039238 0.019
v 0.00113959222603 -0.00784563174431 0.019
v 0.0011283206409 -0.00777775569454 0.019
v 0.00111300996072 -0.00771067522169 0.019
v 0.00109371499374 -0.00764463045647 0.019
v 0.00107050481094 -0.00757985782198 0.019
v 0.00104346249875 -0.00751658918744 0.019
v 0.00101268486164 -0.00745505103816 0.019
v 0.00097828207554 -0.00739546366472 0.019
v 0.000940377293514 -0.00733804037446 0.019
v 0.000899106204838 -0.00728298672786 0.019
v 0.000854616549299 -0.00723049980269 0.019
v 0.000807067588317 -0.00718076748851 0.019
v 0.000756629534831 -0.0071339678141 0.019
v 0.000703482943982 -0.00709026831015 0.019
v 0.000647818066773 -0.00704982540954 0.019
v 0.000589834169017 -0.00701278388736 0.019
v 0.000529738818018 -0.00697927634264 0.019
v 0.000467747139537 -0.00694942272371 0.019
v 0.000404081047694 -0.00692332989876 0.019
v 0.000338968450573 -0.00690109127335 0.019
v 0.000272642434373 -0.00688278645596 0.019
v 0.000205340429018 -0.00686848097311 0.019
v 0.000137303358221 -0.00685822603471 0.019
v 6.87747770368e-05 -0.00685205835077 0.019
v 1.53059214786e-18 0.0043 0.019
v -0.000257157861964 0.004292303558 0.019
v -0.000513395165523 0.00426924178327 0.019
v -0.000767794647634 0.00423089723097 0.019
v -0.00101944562418 0.00417740716466 0.019
v -0.00126744724997 0.00410896306488 0.019
v -0.00151091174355 0.00402580994375 0.019
v -0.00174896756523 0.00392824546786 0.019
v -0.00198076253694 0.00381661889272 0.019
v -0.00220546689285 0.00369132981249 0.019
v -0.00242227624967 0.00355282672956 0.019
v -0.00263041448619 0.00340160544902 0.019
v -0.00282913652154 0.00323820730382 0.019
v -0.0030177309824 0.00306321721689 0.019
v -0.00319552274955 0.00287726160734 0.019
v -0.00336187537461 0.00268100614799 0.019
v -0.00351619335836 0.00247515338245 0.019
v -0.00365792428246 0.00226044021019 0.019
v -0.00378656078698 0.00203763524863 0.019
v -0.00390164238664 0.00180753608173 0.019
v -0.00400275711917 0.00157096640478 0.019
v -0.00408954302007 0.00132877307581 0.019
v -0.00416168941834 0.0010818230841 0.019
v -0.00421893804859 0.000831000446521 0.019
v -0.0042610839756 0.000577203043016 0.019
v -0.00428797632788 0.000321339402422 0.019
v -0.00429951883778 6.43254501656e-05 0.019
v -0.00429567018613 -0.000192918770507 0.019
v -0.00427644415008 -0.000449472392051 0.019
v -0.00424190955387 -0.000704417019085 0.019
v -0.00419219002238 -0.000956840016012 0.019
v -0.00412746353863 -0.00120583777402 0.019
v -0.00404796180664 -0.00145051894575 0.019
v -0.00395396942197 -0.00169000763611 0.019
v -0.00384582285297 -0.00192344653776 0.019
v -0.00372390923627 -0.00215 0.019
v -0.003588664991 -0.00236885702024 0.019
v -0.00344057425645 -0.00257923414716 0.019
v -0.00328016715901 -0.00278037828523 0.019
v -0.00310801791446 -0.00297156939064 0.019
v -0.00292474277241 -0.00315212304887 0.019
v -0.00273099781032 -0.00332139292467 0.019
v -0.00252747658486 -0.00347877307581 0.019
v -0.00231490764919 -0.00362370012221 0.019
v -0.00209405194494 -0.00375565526265 0.019
v -0.00186570007821 -0.00387416613198 0.019
v -0.00163066948941 -0.00397880849204 0.019
v -0.00138980152705 -0.00406920775034 0.019
v -0.00114395843594 -0.00414504030099 0.019
v -0.000894020270516 -0.00420603468316 0.019
v -0.000640881744558 -0.00425197255277 0.019
v -0.000385449028285 -0.00428268946418 0.019
v -0.000128636504528 -0.00429807545882 0.019
v 0.000128636504528 -0.00429807545882 0.019
v 0.000385449028285 -0.00428268946418 0.019
v 0.000640881744558 -0.00425197255277 0.019
v 0.000894020270516 -0.00420603468316 0.019
v 0.00114395843594 -0.00414504030099 0.019
v 0.00138980152705 -0.00406920775034 0.019
v 0.00163066948941 -0.00397880849204 0.019
v 0.00186570007821 -0.00387416613198 0.019
v 0.00209405194494 -0.00375565526265 0.019
v 0.00231490764919 -0.00362370012221 0.019
v 0.00252747658486 -0.00347877307581 0.019
v 0.00273099781032 -0.00332139292467 0.019
v 0.00292474277241 -0.00315212304887 0.019
v 0.00310801791446 -0.00297156939064 0.019
v 0.00328016715901 -0.00278037828523 0.019
v 0.00344057425645 -0.00257923414716 0.019
v 0.003588664991 -0.00236885702024 0.019
v 0.00372390923627 -0.00215 0.019
v 0.00384582285297 -0.00192344653776 0.019
v 0.00395396942197 -0.00169000763611 0.019
v 0.00404796180664 -0.00145051894575 0.019
v 0.00412746353863 -0.00120583777402 0.019
v 0.00419219002238 -0.000956840016012 0.019
v 0.00424190955387 -0.000704417019085 0.019
v 0.00427644415008 -0.000449472392051 0.019
v 0.00429567018613 -0.000192918770507 0.019
v 0.00429951883778 6.43254501656e-05 0.019
v 0.00428797632788 0.000321339402422 0.019
v 0.0042610839756 0.000577203043016 0.019
v 0.00421893804859 0.000831000446521 0.019
v 0.00416168941834 0.0010818230841 0.019
v 0.00408954302007 0.00132877307581 0.019
v 0.00400275711917 0.00157096640478 0.019
v 0.00390164238664 0.00180753608173 0.019
v 0.00378656078698 0.00203763524863 0.019
v 0.00365792428246 0.00226044021019 0.019
v 0.00351619335836 0.00247515338245 0.019
v 0.00336187537461 0.00268100614799 0.019
v 0.00319552274955 0.00287726160734 0.019
v 0.0030177309824 0.00306321721689 0.019
v 0.00282913652154 0.00323820730382 0.019
v 0.00263041448619 0.00340160544902 0.019
v 0.00242227624967 0.00355282672956 0.019
v 0.00220546689285 0.00369132981249 0.019
v 0.00198076253694 0.00381661889272 0.019
v 0.00174896756523 0.00392824546786 0.019
v 0.00151091174355 0.00402580994375 0.019
v 0.00126744724997 0.00410896306488 0.019
v 0.00101944562418 0.00417740716466 0.019
v 0.000767794647634 0.00423089723097 0.019
v 0.000513395165523 0.00426924178327 0.019
v 0.000257157861964 0.004292303558 0.019
v 1.29752283134e-18 0.00915 0.019
v -6.87747770368e-05 0.00914794164923 0.019
v -0.000137303358221 0.00914177396529 0.019
v -0.000205340429018 0.00913151902689 0.019
v -0.000272642434373 0.00911721354404 0.019
v -0.000338968450573 0.00909890872665 0.019
v -0.000404081047694 0.00907667010124 0.019
v -0.000467747139537 0.00905057727629 0.019
v -0.000529738818018 0.00902072365736 0.019
v -0.000589834169017 0.00898721611264 0.019
v -0.000647818066773 0.00895017459046 0.019
v -0.000703482943982 0.00890973168985 0.019
v -0.000756629534831 0.0088660321859 0.019
v -0.000807067588317 0.00881923251149 0.019
v -0.000854616549299 0.00876950019731 0.019
v -0.000899106204838 0.00871701327214 0.019
v -0.000940377293514 0.00866195962554 0.019
v -0.00097828207554 0.00860453633528 0.019
v -0.00101268486164 0.00854494896184 0.019
v -0.00104346249875 0.00848341081256 0.019
v -0.00107050481094 0.00842014217802 0.019
v -0.00109371499374 0.00835536954353 0.019
v -0.00111300996072 0.00828932477831 0.019
v -0.0011283206409 0.00822224430546 0.019
v -0.00113959222603 0.00815436825569 0.019
v -0.00114678436676 0.00808593960762 0.019
v -0.00114987131708 0.00801720331807 0.019
v -0.00114884202652 0.0079484054451 0.019
v -0.00114370017967 0.00787979226724 0.019
v -0.00113446418301 0.00781160940187 0.019
v -0.00112116709901 0.00774410092595 0.019
v -0.00110385652777 0.0076775085023 0.019
v -0.00108259443666 0.00761207051451 0.019
v -0.00105745693843 0.0075480212136 0.019
v -0.00102853401882 0.00748558987944 0.019
v -0.000995929214352 0.007425 0.019
v -0.000959759241779 0.00736646847133 0.019
v -0.000920153580213 0.00731020482111 0.019
v -0.000877254007642 0.0072564104586 0.019
v -0.000831214093401 0.00720527795367 0.019
v -0.000782198648437 0.0071569903474 0.019
v -0.000730383135319 0.00711172049689 0.019
v -0.000675953040136 0.00706963045647 0.019
v -0.000619103208504 0.00703087089755 0.019
v -0.000560037148065 0.00699558056929 0.019
v -0.000498966299985 0.00696388580191 0.019
v -0.000436109282051 0.00693590005445 0.019
v -0.000371691106073 0.00691172350863 0.019
v -0.000305942372402 0.0068914427102 0.019
v -0.00023909844444 0.00687513025916 0.019
v -0.000171398606103 0.00686284454984 0.019
v -0.000103085205239 0.00685462956191 0.019
v -3.44027860948e-05 0.00685051470287 0.019
v 3.44027860948e-05 0.00685051470287 0.019
v 0.000103085205239 0.00685462956191 0.019
v 0.000171398606103 0.00686284454984 0.019
v 0.00023909844444 0.00687513025916 0.019
v 0.000305942372402 0.0068914427102 0.019
v 0.000371691106073 0.00691172350863 0.019
v 0.000436109282051 0.00693590005445 0.019
v 0.000498966299985 0.00696388580191 0.019
v 0.000560037148065 0.00699558056929 0.019
v 0.000619103208504 0.00703087089755 0.019
v 0.000675953040136 0.00706963045647 0.019
v 0.000730383135319 0.00711172049689 0.019
v 0.000782198648437 0.0071569903474 0.019
v 0.000831214093402 0.00720527795367 0.019
v 0.000877254007642 0.0072564104586 0.019
v 0.000920153580213 0.00731020482111 0.019
v 0.00095975924178 0.00736646847133 0.019
v 0.000995929214352 0.007425 0.019
v 0.00102853401882 0.00748558987944 0.019
v 0.00105745693843 0.0075480212136 0.019
v 0.00108259443666 0.00761207051451 0.019
v 0.00110385652777 0.0076775085023 0.019
v 0.00112116709901 0.00774410092595 0.019
v 0.00113446418301 0.00781160940187 0.019
v 0.00114370017967 0.00787979226724 0.019
v 0.00114884202652 0.0079484054451 0.019
v 0.00114987131708 0.00801720331807 0.019
v 0.00114678436676 0.00808593960762 0.019
v 0.00113959222603 0.00815436825569 0.019
v 0.0011283206409 0.00822224430546 0.019
v 0.00111300996072 0.00828932477831 0.019
v 0.00109371499374 0.00835536954353 0.019
v 0.00107050481094 0.00842014217802 0.019
v 0.00104346249875 0.00848341081256 0.019
v 0.00101268486164 0.00854494896184 0.019
v 0.00097828207554 0.00860453633528 0.019
v 0.000940377293514 0.00866195962554 0.019
v 0.000899106204838 0.00871701327214 0.019
v 0.000854616549299 0.00876950019731 0.019
v 0.000807067588317 0.00881923251149 0.019
v 0.000756629534831 0.0088660321859 0.019
v 0.000703482943982 0.00890973168985 0.019
v 0.000647818066773 0.00895017459046 0.019
v 0.000589834169017 0.00898721611264 0.019
v 0.000529738818018 0.00902072365736 0.019
v 0.000467747139537 0.00905057727629 0.019
v 0.000404081047694 0.00907667010124 0.019
v 0.000338968450573 0.00909890872665 0.019
v 0.000272642434373 0.00911721354404 0.019
v 0.000205340429018 0.00913151902689 0.019
v 0.000137303358221 0.00914177396529 0.019
v 6.87747770368e-05 0.00914794164923 0.019
v -0.008 0.00115 0.019
v -0.00806877477704 0.00114794164923 0.019
v -0.00813730335822 0.00114177396529 0.019
v -0.00820534042902 0.00113151902689 0.019
v -0.00827264243437 0.00111721354404 0.019
v -0.00833896845057 0.00109890872665 0.019
v -0.00840408104769 0.00107667010124 0.019
v -0.00846774713954 0.00105057727629 0.019
v -0.00852973881802 0.00102072365736 0.019
v -0.00858983416902 0.000987216112642 0.019
v -0.00864781806677 0.000950174590463 0.019
v -0.00870348294398 0.000909731689855 0.019
v -0.00875662953483 0.000866032185904 0.019
v -0.00880706758832 0.000819232511494 0.019
v -0.0088546165493 0.000769500197313 0.019
v -0.00889910620484 0.000717013272138 0.019
v -0.00894037729351 0.000661959625539 0.019
v -0.00897828207554 0.000604536335282 0.019
v -0.00901268486164 0.000544948961844 0.019
v -0.00904346249875 0.000483410812556 0.019
v -0.00907050481094 0.000420142178021 0.019
v -0.00909371499374 0.000355369543531 0.019
v -0.00911300996072 0.000289324778306 0.019
v -0.0091283206409 0.000222244305465 0.019
v -0.00913959222603 0.00015436825569 0.019
v -0.00914678436676 8.59396076244e-05 0.019
v -0.00914987131708 1.72033180676e-05 0.019
v -0.00914884202652 -5.15945549031e-05 0.019
v -0.00914370017967 -0.000120207732758 0.019
v -0.00913446418301 -0.000188390598127 0.019
v -0.00912116709901 -0.00025589907405 0.019
v -0.00910385652777 -0.000322491497702 0.019
v -0.00908259443666 -0.00038792948549 0.019
v -0.00905745693843 -0.000451978786402 0.019
v -0.00902853401882 -0.000514410120563 0.019
v -0.00899592921435 -0.000575 0.019
v -0.00895975924178 -0.00063353152867 0.019
v -0.00892015358021 -0.000689795178891 0.019
v -0.00887725400764 -0.000743589541398 0.019
v -0.0088312140934 -0.000794722046335 0.019
v -0.00878219864844 -0.000843009652604 0.019
v -0.00873038313532 -0.000888279503108 0.019
v -0.00867595304014 -0.000930369543531 0.019
v -0.0086191032085 -0.000969129102452 0.019
v -0.00856003714807 -0.00100441943071 0.019
v -0.00849896629999 -0.00103611419809 0.019
v -0.00843610928205 -0.00106409994555 0.019
v -0.00837169110607 -0.00108827649137 0.019
v -0.0083059423724 -0.0011085572898 0.019
v -0.00823909844444 -0.00112486974084 0.019
v -0.0081713986061 -0.00113715545016 0.019
v -0.00810308520524 -0.00114537043809 0.019
v -0.00803440278609 -0.00114948529713 0.019
v -0.00796559721391 -0.00114948529713 0.019
v -0.00789691479476 -0.00114537043809 0.019
v -0.0078286013939 -0.00113715545016 0.019
v -0.00776090155556 -0.00112486974084 0.019
v -0.0076940576276 -0.0011085572898 0.019
v -0.00762830889393 -0.00108827649137 0.019
v -0.00756389071795 -0.00106409994555 0.019
v -0.00750103370001 -0.00103611419809 0.019
v -0.00743996285193 -0.00100441943071 0.019
v -0.0073808967915 -0.000969129102452 0.019
v -0.00732404695986 -0.000930369543531 0.019
v -0.00726961686468 -0.000888279503108 0.019
v -0.00721780135156 -0.000843009652604 0.019
v -0.0071687859066 -0.000794722046335 0.019
v -0.00712274599236 -0.000743589541398 0.019
v -0.00707984641979 -0.000689795178891 0.019
v -0.00704024075822 -0.00063353152867 0.019
v -0.00700407078565 -0.000575 0.019
v -0.00697146598118 -0.000514410120563 0.019
v -0.00694254306157 -0.000451978786402 0.019
v -0.00691740556334 -0.00038792948549 0.019
v -0.00689614347223 -0.000322491497702 0.019
v -0.00687883290099 -0.00025589907405 0.019
v -0.00686553581699 -0.000188390598127 0.019
v -0.00685629982033 -0.000120207732758 0.019
v -0.00685115797348 -5.15945549031e-05 0.019
v -0.00685012868292 1.72033180676e-05 0.019
v -0.00685321563324 8.59396076244e-05 0.019
v -0.00686040777397 0.00015436825569 0.019
v -0.0068716793591 0.000222244305465 0.019
v -0.00688699003928 0.000289324778306 0.019
v -0.00690628500626 0.000355369543531 0.019
v -0.00692949518906 0.000420142178021 0.019
v -0.00695653750125 0.000483410812556 0.019
v -0.00698731513836 0.000544948961844 0.019
v -0.00702171792446 0.000604536335282 0.019
v -0.00705962270649 0.000661959625539 0.019
v -0.00710089379516 0.000717013272138 0.019
v -0.0071453834507 0.000769500197313 0.019
v -0.00719293241168 0.000819232511494 0.019
v -0.00724337046517 0.000866032185904 0.019
v -0.00729651705602 0.000909731689855 0.019
v -0.00735218193323 0.000950174590463 0.019
v -0.00741016583098 0.000987216112642 0.019
v -0.00747026118198 0.00102072365736 0.019
v -0.00753225286046 0.00105057727629 0.019
v -0.00759591895231 0.00107667010124 0.019
v -0.00766103154943 0.00109890872665 0.019
v -0.00772735756563 0.00111721354404 0.019
v -0.00779465957098 0.00113151902689 0.019
v -0.00786269664178 0.00114177396529 0.019
v -0.00793122522296 0.00114794164923 0.019
v 0.008 0.00115 0.0205
v 0.00793122522296 0.00114794164923 0.0205
v 0.00786269664178 0.00114177396529 0.0205
v 0.00779465957098 0.00113151902689 0.0205
v 0.00772735756563 0.00111721354404 0.0205
v 0.00766103154943 0.00109890872665 0.0205
v 0.00759591895231 0.00107667010124 0.0205
v 0.00753225286046 0.00105057727629 0.0205
v 0.00747026118198 0.00102072365736 0.0205
v 0.00741016583098 0.000987216112642 0.0205
v 0.00735218193323 0.000950174590463 0.0205
v 0.00729651705602 0.000909731689855 0.0205
v 0.00724337046517 0.000866032185904 0.0205
v 0.00719293241168 0.000819232511494 0.0205
v 0.0071453834507 0.000769500197313 0.0205
v 0.00710089379516 0.000717013272138 0.0205
v 0.00705962270649 0.000661959625539 0.0205
v 0.00702171792446 0.000604536335282 0.0205
v 0.00698731513836 0.000544948961844 0.0205
v 0.00695653750125 0.000483410812556 0.0205
v 0.00692949518906 0.000420142178021 0.0205
v 0.00690628500626 0.000355369543531 0.0205
v 0.00688699003928 0.000289324778306 0.0205
v 0.0068716793591 0.000222244305465 0.0205
v 0.00686040777397 0.00015436825569 0.0205
v 0.00685321563324 8.59396076244e-05 0.0205
v 0.00685012868292 1.72033180676e-05 0.0205
v 0.00685115797348 -5.15945549031e-05 0.0205
v 0.00685629982033 -0.000120207732758 0.0205
v 0.00686553581699 -0.000188390598127 0.0205
v 0.00687883290099 -0.00025589907405 0.0205
v 0.00689614347223 -0.000322491497702 0.0205
v 0.00691740556334 -0.00038792948549 0.0205
v 0.00694254306157 -0.000451978786402 0.0205
v 0.00697146598118 -0.000514410120563 0.0205
v 0.00700407078565 -0.000575 0.0205
v 0.00704024075822 -0.00063353152867 0.0205
v 0.00707984641979 -0.000689795178891 0.0205
v 0.00712274599236 -0.000743589541398 0.0205
v 0.0071687859066 -0.000794722046335 0.0205
v 0.00721780135156 -0.000843009652604 0.0205
v 0.00726961686468 -0.000888279503108 0.0205
v 0.00732404695986 -0.000930369543531 0.0205
v 0.0073808967915 -0.000969129102452 0.0205
v 0.00743996285193 -0.00100441943071 0.0205
v 0.00750103370001 -0.00103611419809 0.0205
v 0.00756389071795 -0.00106409994555 0.0205
v 0.00762830889393 -0.00108827649137 0.0205
v 0.0076940576276 -0.0011085572898 0.0205
v 0.00776090155556 -0.00112486974084 0.0205
v 0.0078286013939 -0.00113715545016 0.0205
v 0.00789691479476 -0.00114537043809 0.0205
v 0.00796559721391 -0.00114948529713 0.0205
v 0.00803440278609 -0.00114948529713 0.0205
v 0.00810308520524 -0.00114537043809 0.0205
v 0.0081713986061 -0.00113715545016 0.0205
v 0.00823909844444 -0.00112486974084 0.0205
v 0.0083059423724 -0.0011085572898 0.0205
v 0.00837169110607 -0.00108827649137 0.0205
v 0.00843610928205 -0.00106409994555 0.0205
v 0.00849896629999 -0.00103611419809 0.0205
v 0.00856003714807 -0.00100441943071 0.0205
v 0.0086191032085 -0.000969129102452 0.0205
v 0.00867595304014 -0.000930369543531 0.0205
v 0.00873038313532 -0.000888279503108 0.0205
v 0.00878219864844 -0.000843009652604 0.0205
v 0.0088312140934 -0.000794722046335 0.0205
v 0.00887725400764 -0.000743589541398 0.0205
v 0.00892015358021 -0.000689795178891 0.0205
v 0.00895975924178 -0.00063353152867 0.0205
v 0.00899592921435 -0.000575 0.0205
v 0.00902853401882 -0.000514410120563 0.0205
v 0.00905745693843 -0.000451978786402 0.0205
v 0.00908259443666 -0.00038792948549 0.0205
v 0.00910385652777 -0.000322491497702 0.0205
v 0.00912116709901 -0.00025589907405 0.0205
v 0.00913446418301 -0.000188390598127 0.0205
v 0.00914370017967 -0.000120207732758 0.0205
v 0.00914884202652 -5.15945549031e-05 0.0205
v 0.00914987131708 1.72033180676e-05 0.0205
v 0.00914678436676 8.59396076244e-05 0.0205
v 0.00913959222603 0.00015436825569 0.0205
v 0.0091283206409 0.000222244305465 0.0205
v 0.00911300996072 0.000289324778306 0.0205
v 0.00909371499374 0.000355369543531 0.0205
v 0.00907050481094 0.000420142178021 0.0205
v 0.00904346249875 0.000483410812556 0.0205
v 0.00901268486164 0.000544948961844 0.0205
v 0.00897828207554 0.000604536335282 0.0205
v 0.00894037729351 0.000661959625539 0.0205
v 0.00889910620484 0.000717013272138 0.0205
v 0.0088546165493 0.000769500197313 0.0205
v 0.00880706758832 0.000819232511494 0.0205
v 0.00875662953483 0.000866032185904 0.0205
v 0.00870348294398 0.000909731689855 0.0205
v 0.00864781806677 0.000950174590463 0.0205
v 0.00858983416902 0.000987216112642 0.0205
v 0.00852973881802 0.00102072365736 0.0205
v 0.00846774713954 0.00105057727629 0.0205
v 0.00840408104769 0.00107667010124 0.0205
v 0.00833896845057 0.00109890872665 0.0205
v 0.00827264243437 0.00111721354404 0.0205
v 0.00820534042902 0.00113151902689 0.0205
v 0.00813730335822 0.00114177396529 0.0205
v 0.00806877477704 0.00114794164923 0.0205
v 0.008 0.00115 0.0205
v 0.008 0.00115 0.019
v 0.00793122522296 0.00114794164923 0.019
v 0.00786269664178 0.00114177396529 0.019
v 0.00779465957098 0.00113151902689 0.019
v 0.00772735756563 0.00111721354404 0.019
v 0.00766103154943 0.00109890872665 0.019
v 0.00759591895231 0.00107667010124 0.019
v 0.00753225286046 0.00105057727629 0.019
v 0.00747026118198 0.00102072365736 0.019
v 0.00741016583098 0.000987216112642 0.019
v 0.00735218193323 0.000950174590463 0.019
v 0.00729651705602 0.000909731689855 0.019
v 0.00724337046517 0.000866032185904 0.019
v 0.00719293241168 0.000819232511494 0.019
v 0.0071453834507 0.000769500197313 0.019
v 0.00710089379516 0.000717013272138 0.019
v 0.00705962270649 0.000661959625539 0.019
v 0.00702171792446 0.000604536335282 0.019
v 0.00698731513836 0.000544948961844 0.019
v 0.00695653750125 0.000483410812556 0.019
v 0.00692949518906 0.000420142178021 0.019
v 0.00690628500626 0.000355369543531 0.019
v 0.00688699003928 0.000289324778306 0.019
v 0.0068716793591 0.000222244305465 0.019
v 0.00686040777397 0.00015436825569 0.019
v 0.00685321563324 8.59396076244e-05 0.019
v 0.00685012868292 1.72033180676e-05 0.019
v 0.00685115797348 -5.15945549031e-05 0.019
v 0.00685629982033 -0.000120207732758 0.019
v 0.00686553581699 -0.000188390598127 0.019
v 0.00687883290099 -0.00025589907405 0.019
v 0.00689614347223 -0.000322491497702 0.019
v 0.00691740556334 -0.00038792948549 0.019
v 0.00694254306157 -0.000451978786402 0.019
v 0.00697146598118 -0.000514410120563 0.019
v 0.00700407078565 -0.000575 0.019
v 0.00704024075822 -0.00063353152867 0.019
v 0.00707984641979 -0.000689795178891 0.019
v 0.00712274599236 -0.000743589541398 0.019
v 0.0071687859066 -0.000794722046335 0.019
v 0.00721780135156 -0.000843009652604 0.019
v 0.00726961686468 -0.000888279503108 0.019
v 0.00732404695986 -0.000930369543531 0.019
v 0.0073808967915 -0.000969129102452 0.019
v 0.00743996285193 -0.00100441943071 0.019
v 0.00750103370001 -0.00103611419809 0.019
v 0.00756389071795 -0.00106409994555 0.019
v 0.00762830889393 -0.00108827649137 0.019
v 0.0076940576276 -0.0011085572898 0.019
v 0.00776090155556 -0.00112486974084 0.019
v 0.0078286013939 -0.00113715545016 0.019
v 0.00789691479476 -0.00114537043809 0.019
v 0.00796559721391 -0.00114948529713 0.019
v 0.00803440278609 -0.00114948529713 0.019
v 0.00810308520524 -0.00114537043809 0.019
v 0.0081713986061 -0.00113715545016 0.019
v 0.00823909844444 -0.00112486974084 0.019
v 0.0083059423724 -0.0011085572898 0.019
v 0.00837169110607 -0.00108827649137 0.019
v 0.00843610928205 -0.00106409994555 0.019
v 0.00849896629999 -0.00103611419809 0.019
v 0.00856003714807 -0.00100441943071 0.019
v 0.0086191032085 -0.000969129102452 0.019
v 0.00867595304014 -0.000930369543531 0.019
v 0.00873038313532 -0.000888279503108 0.019
v 0.00878219864844 -0.000843009652604 0.019
v 0.0088312140934 -0.000794722046335 0.019
v 0.00887725400764 -0.000743589541398 0.019
v 0.00892015358021 -0.000689795178891 0.019
v 0.00895975924178 -0.00063353152867 0.019
v 0.00899592921435 -0.000575 0.019
v 0.00902853401882 -0.000514410120563 0.019
v 0.00905745693843 -0.000451978786402 0.019
v 0.00908259443666 -0.00038792948549 0.019
v 0.00910385652777 -0.000322491497702 0.019
v 0.00912116709901 -0.00025589907405 0.019
v 0.00913446418301 -0.000188390598127 0.019
v 0.00914370017967 -0.000120207732758 0.019
v 0.00914884202652 -5.15945549031e-05 0.019
v 0.00914987131708 1.72033180676e-05 0.019
v 0.00914678436676 8.59396076244e-05 0.019
v 0.00913959222603 0.00015436825569 0.019
v 0.0091283206409 0.000222244305465 0.019
v 0.00911300996072 0.000289324778306 0.019
v 0.00909371499374 0.000355369543531 0.019
v 0.00907050481094 0.000420142178021 0.019
v 0.00904346249875 0.000483410812556 0.019
v 0.00901268486164 0.000544948961844 0.019
v 0.00897828207554 0.000604536335282 0.019
v 0.00894037729351 0.000661959625539 0.019
v 0.00889910620484 0.000717013272138 0.019
v 0.0088546165493 0.000769500197313 0.019
v 0.00880706758832 0.000819232511494 0.019
v 0.00875662953483 0.000866032185904 0.019
v 0.00870348294398 0.000909731689855 0.019
v 0.00864781806677 0.000950174590463 0.019
v 0.00858983416902 0.000987216112642 0.019
v 0.00852973881802 0.00102072365736 0.019
v 0.00846774713954 0.00105057727629 0.019
v 0.00840408104769 0.00107667010124 0.019
v 0.00833896845057 0.00109890872665 0.019
v 0.00827264243437 0.00111721354404 0.019
v 0.00820534042902 0.00113151902689 0.019
v 0.00813730335822 0.00114177396529 0.019
v 0.00806877477704 0.00114794164923 0.019
v 0.008 0.00115 0.019
v -4.78834008064e-19 -0.00685 0.0205
v -6.87747770368e-05 -0.00685205835077 0.0205
v -0.000137303358221 -0.00685822603471 0.0205
v -0.000205340429018 -0.00686848097311 0.0205
v -0.000272642434373 -0.00688278645596 0.0205
v -0.000338968450573 -0.00690109127335 0.0205
v -0.000404081047694 -0.00692332989876 0.0205
v -0.000467747139537 -0.00694942272371 0.0205
v -0.000529738818018 -0.00697927634264 0.0205
v -0.000589834169017 -0.00701278388736 0.0205
v -0.000647818066773 -0.00704982540954 0.0205
v -0.000703482943982 -0.00709026831015 0.0205
v -0.000756629534831 -0.0071339678141 0.0205
v -0.000807067588317 -0.00718076748851 0.0205
v -0.000854616549299 -0.00723049980269 0.0205
v -0.000899106204838 -0.00728298672786 0.0205
v -0.000940377293514 -0.00733804037446 0.0205
v -0.00097828207554 -0.00739546366472 0.0205
v -0.00101268486164 -0.00745505103816 0.0205
v -0.00104346249875 -0.00751658918744 0.0205
v -0.00107050481094 -0.00757985782198 0.0205
v -0.00109371499374 -0.00764463045647 0.0205
v -0.00111300996072 -0.00771067522169 0.0205
v -0.0011283206409 -0.00777775569454 0.0205
v -0.00113959222603 -0.00784563174431 0.0205
v -0.00114678436676 -0.00791406039238 0.0205
v -0.00114987131708 -0.00798279668193 0.0205
v -0.00114884202652 -0.0080515945549 0.0205
v -0.00114370017967 -0.00812020773276 0.0205
v -0.00113446418301 -0.00818839059813 0.0205
v -0.00112116709901 -0.00825589907405 0.0205
v -0.00110385652777 -0.0083224914977 0.0205
v -0.00108259443666 -0.00838792948549 0.0205
v -0.00105745693843 -0.0084519787864 0.0205
v -0.00102853401882 -0.00851441012056 0.0205
v -0.000995929214352 -0.008575 0.0205
v -0.000959759241779 -0.00863353152867 0.0205
v -0.000920153580213 -0.00868979517889 0.0205
v -0.000877254007642 -0.0087435895414 0.0205
v -0.000831214093402 -0.00879472204633 0.0205
v -0.000782198648437 -0.0088430096526 0.0205
v -0.000730383135319 -0.00888827950311 0.0205
v -0.000675953040136 -0.00893036954353 0.0205
v -0.000619103208504 -0.00896912910245 0.0205
v -0.000560037148065 -0.00900441943071 0.0205
v -0.000498966299985 -0.00903611419809 0.0205
v -0.000436109282051 -0.00906409994555 0.0205
v -0.000371691106073 -0.00908827649137 0.0205
v -0.000305942372402 -0.0091085572898 0.0205
v -0.00023909844444 -0.00912486974084 0.0205
v -0.000171398606103 -0.00913715545016 0.0205
v -0.000103085205239 -0.00914537043809 0.0205
v -3.44027860948e-05 -0.00914948529713 0.0205
v 3.44027860948e-05 -0.00914948529713 0.0205
v 0.000103085205239 -0.00914537043809 0.0205
v 0.000171398606103 -0.00913715545016 0.0205
v 0.00023909844444 -0.00912486974084 0.0205
v 0.000305942372402 -0.0091085572898 0.0205
v 0.000371691106073 -0.00908827649137 0.0205
v 0.000436109282051 -0.00906409994555 0.0205
v 0.000498966299985 -0.00903611419809 0.0205
v 0.000560037148065 -0.00900441943071 0.0205
v 0.000619103208504 -0.00896912910245 0.0205
v 0.000675953040136 -0.00893036954353 0.0205
v 0.000730383135319 -0.00888827950311 0.0205
v 0.000782198648437 -0.0088430096526 0.0205
v 0.000831214093402 -0.00879472204633 0.0205
v 0.000877254007642 -0.0087435895414 0.0205
v 0.000920153580213 -0.00868979517889 0.0205
v 0.000959759241779 -0.00863353152867 0.0205
v 0.000995929214352 -0.008575 0.0205
v 0.00102853401882 -0.00851441012056 0.0205
v 0.00105745693843 -0.0084519787864 0.0205
v 0.00108259443666 -0.00838792948549 0.0205
v 0.00110385652777 -0.0083224914977 0.0205
v 0.00112116709901 -0.00825589907405 0.0205
v 0.00113446418301 -0.00818839059813 0.0205
v 0.00114370017967 -0.00812020773276 0.0205
v 0.00114884202652 -0.0080515945549 0.0205
v 0.00114987131708 -0.00798279668193 0.0205
v 0.00114678436676 -0.00791406039238 0.0205
v 0.00113959222603 -0.00784563174431 0.0205
v 0.0011283206409 -0.00777775569454 0.0205
v 0.00111300996072 -0.00771067522169 0.0205
v 0.00109371499374 -0.00764463045647 0.0205
v 0.00107050481094 -0.00757985782198 0.0205
v 0.00104346249875 -0.00751658918744 0.0205
v 0.00101268486164 -0.00745505103816 0.0205
v 0.00097828207554 -0.00739546366472 0.0205
v 0.000940377293514 -0.00733804037446 0.0205
v 0.000899106204838 -0.00728298672786 0.0205
v 0.000854616549299 -0.00723049980269 0.0205
v 0.000807067588317 -0.00718076748851 0.0205
v 0.000756629534831 -0.0071339678141 0.0205
v 0.000703482943982 -0.00709026831015 0.0205
v 0.000647818066773 -0.00704982540954 0.0205
v 0.000589834169017 -0.00701278388736 0.0205
v 0.000529738818018 -0.00697927634264 0.0205
v 0.000467747139537 -0.00694942272371 0.0205
v 0.000404081047694 -0.00692332989876 0.0205
v 0.000338968450573 -0.00690109127335 0.0205
v 0.000272642434373 -0.00688278645596 0.0205
v 0.000205340429018 -0.00686848097311 0.0205
v 0.000137303358221 -0.00685822603471 0.0205
v 6.87747770368e-05 -0.00685205835077 0.0205
v -4.78834008064e-19 -0.00685 0.0205
v -4.78834008064e-19 -0.00685 0.019
v -6.87747770368e-05 -0.00685205835077 0.019
v -0.000137303358221 -0.00685822603471 0.019
v -0.000205340429018 -0.00686848097311 0.019
v -0.000272642434373 -0.00688278645596 0.019
v -0.000338968450573 -0.00690109127335 0.019
v -0.000404081047694 -0.00692332989876 0.019
v -0.000467747139537 -0.00694942272371 0.019
v -0.000529738818018 -0.00697927634264 0.019
v -0.000589834169017 -0.00701278388736 0.019
v -0.000647818066773 -0.00704982540954 0.019
v -0.000703482943982 -0.00709026831015 0.019
v -0.000756629534831 -0.0071339678141 0.019
v -0.000807067588317 -0.00718076748851 0.019
v -0.000854616549299 -0.00723049980269 0.019
v -0.000899106204838 -0.00728298672786 0.019
v -0.000940377293514 -0.00733804037446 0.019
v -0.00097828207554 -0.00739546366472 0.019
v -0.00101268486164 -0.00745505103816 0.019
v -0.00104346249875 -0.00751658918744 0.019
v -0.00107050481094 -0.00757985782198 0.019
v -0.00109371499374 -0.00764463045647 0.019
v -0.00111300996072 -0.00771067522169 0.019
v -0.0011283206409 -0.00777775569454 0.019
v -0.00113959222603 -0.00784563174431 0.019
v -0.00114678436676 -0.00791406039238 0.019
v -0.00114987131708 -0.00798279668193 0.019
v -0.00114884202652 -0.0080515945549 0.019
v -0.00114370017967 -0.00812020773276 0.019
v -0.00113446418301 -0.00818839059813 0.019
v -0.00112116709901 -0.00825589907405 0.019
v -0.00110385652777 -0.0083224914977 0.019
v -0.00108259443666 -0.00838792948549 0.019
v -0.00105745693843 -0.0084519787864 0.019
v -0.00102853401882 -0.00851441012056 0.019
v -0.000995929214352 -0.008575 0.019
v -0.000959759241779 -0.00863353152867 0.019
v -0.000920153580213 -0.00868979517889 0.019
v -0.000877254007642 -0.0087435895414 0.019
v -0.000831214093402 -0.00879472204633 0.019
v -0.000782198648437 -0.0088430096526 0.019
v -0.000730383135319 -0.00888827950311 0.019
v -0.000675953040136 -0.00893036954353 0.019
v -0.000619103208504 -0.00896912910245 0.019
v -0.000560037148065 -0.00900441943071 0.019
v -0.000498966299985 -0.00903611419809 0.019
v -0.000436109282051 -0.00906409994555 0.019
v -0.000371691106073 -0.00908827649137 0.019
v -0.000305942372402 -0.0091085572898 0.019
v -0.00023909844444 -0.00912486974084 0.019
v -0.000171398606103 -0.00913715545016 0.019
v -0.000103085205239 -0.00914537043809 0.019
v -3.44027860948e-05 -0.00914948529713 0.019
v 3.44027860948e-05 -0.00914948529713 0.019
v 0.000103085205239 -0.00914537043809 0.019
v 0.000171398606103 -0.00913715545016 0.019
v 0.00023909844444 -0.00912486974084 0.019
v 0.000305942372402 -0.0091085572898 0.019
v 0.000371691106073 -0.00908827649137 0.019
v 0.000436109282051 -0.00906409994555 0.019
v 0.000498966299985 -0.00903611419809 0.019
v 0.000560037148065 -0.00900441943071 0.019
v 0.000619103208504 -0.00896912910245 0.019
v 0.000675953040136 -0.00893036954353 0.019
v 0.000730383135319 -0.00888827950311 0.019
v 0.000782198648437 -0.0088430096526 0.019
v 0.000831214093402 -0.00879472204633 0.019
v 0.000877254007642 -0.0087435895414 0.019
v 0.000920153580213 -0.00868979517889 0.019
v 0.000959759241779 -0.00863353152867 0.019
v 0.000995929214352 -0.008575 0.019
v 0.00102853401882 -0.00851441012056 0.019
v 0.00105745693843 -0.0084519787864 0.019
v 0.00108259443666 -0.00838792948549 0.019
v 0.00110385652777 -0.0083224914977 0.019
v 0.00112116709901 -0.00825589907405 0.019
v 0.00113446418301 -0.00818839059813 0.019
v 0.00114370017967 -0.00812020773276 0.019
v 0.00114884202652 -0.0080515945549 0.019
v 0.00114987131708 -0.00798279668193 0.019
v 0.00114678436676 -0.00791406039238 0.019
v 0.00113959222603 -0.00784563174431 0.019
v 0.0011283206409 -0.00777775569454 0.019
v 0.00111300996072 -0.00771067522169 0.019
v 0.00109371499374 -0.00764463045647 0.019
v 0.00107050481094 -0.00757985782198 0.019
v 0.00104346249875 -0.00751658918744 0.019
v 0.00101268486164 -0.00745505103816 0.019
v 0.00097828207554 -0.00739546366472 0.019
v 0.000940377293514 -0.00733804037446 0.019
v 0.000899106204838 -0.00728298672786 0.019
v 0.000854616549299 -0.00723049980269 0.019
v 0.000807067588317 -0.00718076748851 0.019
v 0.000756629534831 -0.0071339678141 0.019
v 0.000703482943982 -0.00709026831015 0.019
v 0.000647818066773 -0.00704982540954 0.019
v 0.000589834169017 -0.00701278388736 0.019
v 0.000529738818018 -0.00697927634264 0.019
v 0.000467747139537 -0.00694942272371 0.019
v 0.000404081047694 -0.00692332989876 0.019
v 0.000338968450573 -0.00690109127335 0.019
v 0.000272642434373 -0.00688278645596 0.019
v 0.000205340429018 -0.00686848097311 0.019
v 0.000137303358221 -0.00685822603471 0.019
v 6.87747770368e-05 -0.00685205835077 0.019
v -4.78834008064e-19 -0.00685 0.019
v 1.53059214786e-18 0.0043 0.0205
v -0.000257157861964 0.004292303558 0.0205
v -0.000513395165523 0.00426924178327 0.0205
v -0.000767794647634 0.00423089723097 0.0205
v -0.00101944562418 0.00417740716466 0.0205
v -0.00126744724997 0.00410896306488 0.0205
v -0.00151091174355 0.00402580994375 0.0205
v -0.00174896756523 0.00392824546786 0.0205
v -0.00198076253694 0.00381661889272 0.0205
v -0.00220546689285 0.00369132981249 0.0205
v -0.00242227624967 0.00355282672956 0.0205
v -0.00263041448619 0.00340160544902 0.0205
v -0.00282913652154 0.00323820730382 0.0205
v -0.0030177309824 0.00306321721689 0.0205
v -0.00319552274955 0.00287726160734 0.0205
v -0.00336187537461 0.00268100614799 0.0205
v -0.00351619335836 0.00247515338245 0.0205
v -0.00365792428246 0.00226044021019 0.0205
v -0.00378656078698 0.00203763524863 0.0205
v -0.00390164238664 0.00180753608173 0.0205
v -0.00400275711917 0.00157096640478 0.0205
v -0.00408954302007 0.00132877307581 0.0205
v -0.00416168941834 0.0010818230841 0.0205
v -0.00421893804859 0.000831000446521 0.0205
v -0.0042610839756 0.000577203043016 0.0205
v -0.00428797632788 0.000321339402422 0.0205
v -0.00429951883778 6.43254501656e-05 0.0205
v -0.00429567018613 -0.000192918770507 0.0205
v -0.00427644415008 -0.000449472392051 0.0205
v -0.00424190955387 -0.000704417019085 0.0205
v -0.00419219002238 -0.000956840016012 0.0205
v -0.00412746353863 -0.00120583777402 0.0205
v -0.00404796180664 -0.00145051894575 0.0205
v -0.00395396942197 -0.00169000763611 0.0205
v -0.00384582285297 -0.00192344653776 0.0205
v -0.00372390923627 -0.00215 0.0205
v -0.003588664991 -0.00236885702024 0.0205
v -0.00344057425645 -0.00257923414716 0.0205
v -0.00328016715901 -0.00278037828523 0.0205
v -0.00310801791446 -0.00297156939064 0.0205
v -0.00292474277241 -0.00315212304887 0.0205
v -0.00273099781032 -0.00332139292467 0.0205
v -0.00252747658486 -0.00347877307581 0.0205
v -0.00231490764919 -0.00362370012221 0.0205
v -0.00209405194494 -0.00375565526265 0.0205
v -0.00186570007821 -0.00387416613198 0.0205
v -0.00163066948941 -0.00397880849204 0.0205
v -0.00138980152705 -0.00406920775034 0.0205
v -0.00114395843594 -0.00414504030099 0.0205
v -0.000894020270516 -0.00420603468316 0.0205
v -0.000640881744558 -0.00425197255277 0.0205
v -0.000385449028285 -0.00428268946418 0.0205
v -0.000128636504528 -0.00429807545882 0.0205
v 0.000128636504528 -0.00429807545882 0.0205
v 0.000385449028285 -0.00428268946418 0.0205
v 0.000640881744558 -0.00425197255277 0.0205
v 0.000894020270516 -0.00420603468316 0.0205
v 0.00114395843594 -0.00414504030099 0.0205
v 0.00138980152705 -0.00406920775034 0.0205
v 0.00163066948941 -0.00397880849204 0.0205
v 0.00186570007821 -0.00387416613198 0.0205
v 0.00209405194494 -0.00375565526265 0.0205
v 0.00231490764919 -0.00362370012221 0.0205
v 0.00252747658486 -0.00347877307581 0.0205
v 0.00273099781032 -0.00332139292467 0.0205
v 0.00292474277241 -0.00315212304887 0.0205
v 0.00310801791446 -0.00297156939064 0.0205
v 0.00328016715901 -0.00278037828523 0.0205
v 0.00344057425645 -0.00257923414716 0.0205
v 0.003588664991 -0.00236885702024 0.0205
v 0.00372390923627 -0.00215 0.0205
v 0.00384582285297 -0.00192344653776 0.0205
v 0.00395396942197 -0.00169000763611 0.0205
v 0.00404796180664 -0.00145051894575 0.0205
v 0.00412746353863 -0.00120583777402 0.0205
v 0.00419219002238 -0.000956840016012 0.0205
v 0.00424190955387 -0.000704417019085 0.0205
v 0.00427644415008 -0.000449472392051 0.0205
v 0.00429567018613 -0.000192918770507 0.0205
v 0.00429951883778 6.43254501656e-05 0.0205
v 0.00428797632788 0.000321339402422 0.0205
v 0.0042610839756 0.000577203043016 0.0205
v 0.00421893804859 0.000831000446521 0.0205
v 0.00416168941834 0.0010818230841 0.0205
v 0.00408954302007 0.00132877307581 0.0205
v 0.00400275711917 0.00157096640478 0.0205
v 0.00390164238664 0.00180753608173 0.0205
v 0.00378656078698 0.00203763524863 0.0205
v 0.00365792428246 0.00226044021019 0.0205
v 0.00351619335836 0.00247515338245 0.0205
v 0.00336187537461 0.00268100614799 0.0205
v 0.00319552274955 0.00287726160734 0.0205
v 0.0030177309824 0.00306321721689 0.0205
v 0.00282913652154 0.00323820730382 0.0205
v 0.00263041448619 0.00340160544902 0.0205
v 0.00242227624967 0.00355282672956 0.0205
v 0.00220546689285 0.00369132981249 0.0205
v 0.00198076253694 0.00381661889272 0.0205
v 0.00174896756523 0.00392824546786 0.0205
v 0.00151091174355 0.00402580994375 0.0205
v 0.00126744724997 0.00410896306488 0.0205
v 0.00101944562418 0.00417740716466 0.0205
v 0.000767794647634 0.00423089723097 0.0205
v 0.000513395165523 0.00426924178327 0.0205
v 0.000257157861964 0.004292303558 0.0205
v 1.53059214786e-18 0.0043 0.0205
v 1.53059214786e-18 0.0043 0.019
v -0.000257157861964 0.004292303558 0.019
v -0.000513395165523 0.00426924178327 0.019
v -0.000767794647634 0.00423089723097 0.019
v -0.00101944562418 0.00417740716466 0.019
v -0.00126744724997 0.00410896306488 0.019
v -0.00151091174355 0.00402580994375 0.019
v -0.00174896756523 0.00392824546786 0.019
v -0.00198076253694 0.00381661889272 0.019
v -0.00220546689285 0.00369132981249 0.019
v -0.00242227624967 0.00355282672956 0.019
v -0.00263041448619 0.00340160544902 0.019
v -0.00282913652154 0.00323820730382 0.019
v -0.0030177309824 0.00306321721689 0.019
v -0.00319552274955 0.00287726160734 0.019
v -0.00336187537461 0.00268100614799 0.019
v -0.00351619335836 0.00247515338245 0.019
v -0.00365792428246 0.00226044021019 0.019
v -0.00378656078698 0.00203763524863 0.019
v -0.00390164238664 0.00180753608173 0.019
v -0.00400275711917 0.00157096640478 0.019
v -0.00408954302007 0.00132877307581 0.019
v -0.00416168941834 0.0010818230841 0.019
v -0.00421893804859 0.000831000446521 0.019
v -0.0042610839756 0.000577203043016 0.019
v -0.00428797632788 0.000321339402422 0.019
v -0.00429951883778 6.43254501656e-05 0.019
v -0.00429567018613 -0.000192918770507 0.019
v -0.00427644415008 -0.000449472392051 0.019
v -0.00424190955387 -0.000704417019085 0.019
v -0.00419219002238 -0.000956840016012 0.019
v -0.00412746353863 -0.00120583777402 0.019
v -0.00404796180664 -0.00145051894575 0.019
v -0.00395396942197 -0.00169000763611 0.019
v -0.00384582285297 -0.00192344653776 0.019
v -0.00372390923627 -0.00215 0.019
v -0.003588664991 -0.00236885702024 0.019
v -0.00344057425645 -0.00257923414716 0.019
v -0.00328016715901 -0.00278037828523 0.019
v -0.00310801791446 -0.00297156939064 0.019
v -0.00292474277241 -0.00315212304887 0.019
v -0.00273099781032 -0.00332139292467 0.019
v -0.00252747658486 -0.00347877307581 0.019
v -0.00231490764919 -0.00362370012221 0.019
v -0.00209405194494 -0.00375565526265 0.019
v -0.00186570007821 -0.00387416613198 0.019
v -0.00163066948941 -0.00397880849204 0.019
v -0.00138980152705 -0.00406920775034 0.019
v -0.00114395843594 -0.00414504030099 0.019
v -0.000894020270516 -0.00420603468316 0.019
v -0.000640881744558 -0.00425197255277 0.019
v -0.000385449028285 -0.00428268946418 0.019
v -0.000128636504528 -0.00429807545882 0.019
v 0.000128636504528 -0.00429807545882 0.019
v 0.000385449028285 -0.00428268946418 0.019
v 0.000640881744558 -0.00425197255277 0.019
v 0.000894020270516 -0.00420603468316 0.019
v 0.00114395843594 -0.00414504030099 0.019
v 0.00138980152705 -0.00406920775034 0.019
v 0.00163066948941 -0.00397880849204 0.019
v 0.00186570007821 -0.00387416613198 0.019
v 0.00209405194494 -0.00375565526265 0.019
v 0.00231490764919 -0.00362370012221 0.019
v 0.00252747658486 -0.00347877307581 0.019
v 0.00273099781032 -0.00332139292467 0.019
v 0.00292474277241 -0.00315212304887 0.019
v 0.00310801791446 -0.00297156939064 0.019
v 0.00328016715901 -0.00278037828523 0.019
v 0.00344057425645 -0.00257923414716 0.019
v 0.003588664991 -0.00236885702024 0.019
v 0.00372390923627 -0.00215 0.019
v 0.00384582285297 -0.00192344653776 0.019
v 0.00395396942197 -0.00169000763611 0.019
v 0.00404796180664 -0.00145051894575 0.019
v 0.00412746353863 -0.00120583777402 0.019
v 0.00419219002238 -0.000956840016012 0.019
v 0.00424190955387 -0.000704417019085 0.019
v 0.00427644415008 -0.000449472392051 0.019
v 0.00429567018613 -0.000192918770507 0.019
v 0.00429951883778 6.43254501656e-05 0.019
v 0.00428797632788 0.000321339402422 0.019
v 0.0042610839756 0.000577203043016 0.019
v 0.00421893804859 0.000831000446521 0.019
v 0.00416168941834 0.0010818230841 0.019
v 0.00408954302007 0.00132877307581 0.019
v 0.00400275711917 0.00157096640478 0.019
v 0.00390164238664 0.00180753608173 0.019
v 0.00378656078698 0.00203763524863 0.019
v 0.00365792428246 0.00226044021019 0.019
v 0.00351619335836 0.00247515338245 0.019
v 0.00336187537461 0.00268100614799 0.019
v 0.00319552274955 0.00287726160734 0.019
v 0.0030177309824 0.00306321721689 0.019
v 0.00282913652154 0.00323820730382 0.019
v 0.00263041448619 0.00340160544902 0.019
v 0.00242227624967 0.00355282672956 0.019
v 0.00220546689285 0.00369132981249 0.019
v 0.00198076253694 0.00381661889272 0.019
v 0.00174896756523 0.00392824546786 0.019
v 0.00151091174355 0.00402580994375 0.019
v 0.00126744724997 0.00410896306488 0.019
v 0.00101944562418 0.00417740716466 0.019
v 0.000767794647634 0.00423089723097 0.019
v 0.000513395165523 0.00426924178327 0.019
v 0.000257157861964 0.004292303558 0.019
v 1.53059214786e-18 0.0043 0.019
v 1.29752283134e-18 0.00915 0.0205
v -6.87747770368e-05 0.00914794164923 0.0205
v -0.000137303358221 0.00914177396529 0.0205
v -0.000205340429018 0.00913151902689 0.0205
v -0.000272642434373 0.00911721354404 0.0205
v -0.000338968450573 0.00909890872665 0.0205
v -0.000404081047694 0.00907667010124 0.0205
v -0.000467747139537 0.00905057727629 0.0205
v -0.000529738818018 0.00902072365736 0.0205
v -0.000589834169017 0.00898721611264 0.0205
v -0.000647818066773 0.00895017459046 0.0205
v -0.000703482943982 0.00890973168985 0.0205
v -0.000756629534831 0.0088660321859 0.0205
v -0.000807067588317 0.00881923251149 0.0205
v -0.000854616549299 0.00876950019731 0.0205
v -0.000899106204838 0.00871701327214 0.0205
v -0.000940377293514 0.00866195962554 0.0205
v -0.00097828207554 0.00860453633528 0.0205
v -0.00101268486164 0.00854494896184 0.0205
v -0.00104346249875 0.00848341081256 0.0205
v -0.00107050481094 0.00842014217802 0.0205
v -0.00109371499374 0.00835536954353 0.0205
v -0.00111300996072 0.00828932477831 0.0205
v -0.0011283206409 0.00822224430546 0.0205
v -0.00113959222603 0.00815436825569 0.0205
v -0.00114678436676 0.00808593960762 0.0205
v -0.00114987131708 0.00801720331807 0.0205
v -0.00114884202652 0.0079484054451 0.0205
v -0.00114370017967 0.00787979226724 0.0205
v -0.00113446418301 0.00781160940187 0.0205
v -0.00112116709901 0.00774410092595 0.0205
v -0.00110385652777 0.0076775085023 0.0205
v -0.00108259443666 0.00761207051451 0.0205
v -0.00105745693843 0.0075480212136 0.0205
v -0.00102853401882 0.00748558987944 0.0205
v -0.000995929214352 0.007425 0.0205
v -0.000959759241779 0.00736646847133 0.0205
v -0.000920153580213 0.00731020482111 0.0205
v -0.000877254007642 0.0072564104586 0.0205
v -0.000831214093401 0.00720527795367 0.0205
v -0.000782198648437 0.0071569903474 0.0205
v -0.000730383135319 0.00711172049689 0.0205
v -0.000675953040136 0.00706963045647 0.0205
v -0.000619103208504 0.00703087089755 0.0205
v -0.000560037148065 0.00699558056929 0.0205
v -0.000498966299985 0.00696388580191 0.0205
v -0.000436109282051 0.00693590005445 0.0205
v -0.000371691106073 0.00691172350863 0.0205
v -0.000305942372402 0.0068914427102 0.0205
v -0.00023909844444 0.00687513025916 0.0205
v -0.000171398606103 0.00686284454984 0.0205
v -0.000103085205239 0.00685462956191 0.0205
v -3.44027860948e-05 0.00685051470287 0.0205
v 3.44027860948e-05 0.00685051470287 0.0205
v 0.000103085205239 0.00685462956191 0.0205
v 0.000171398606103 0.00686284454984 0.0205
v 0.00023909844444 0.00687513025916 0.0205
v 0.000305942372402 0.0068914427102 0.0205
v 0.000371691106073 0.00691172350863 0.0205
v 0.000436109282051 0.00693590005445 0.0205
v 0.000498966299985 0.00696388580191 0.0205
v 0.000560037148065 0.00699558056929 0.0205
v 0.000619103208504 0.00703087089755 0.0205
v 0.000675953040136 0.00706963045647 0.0205
v 0.000730383135319 0.00711172049689 0.0205
v 0.000782198648437 0.0071569903474 0.0205
v 0.000831214093402 0.00720527795367 0.0205
v 0.000877254007642 0.0072564104586 0.0205
v 0.000920153580213 0.00731020482111 0.0205
v 0.00095975924178 0.00736646847133 0.0205
v 0.000995929214352 0.007425 0.0205
v 0.00102853401882 0.00748558987944 0.0205
v 0.00105745693843 0.0075480212136 0.0205
v 0.00108259443666 0.00761207051451 0.0205
v 0.00110385652777 0.0076775085023 0.0205
v 0.00112116709901 0.00774410092595 0.0205
v 0.00113446418301 0.00781160940187 0.0205
v 0.00114370017967 0.00787979226724 0.0205
v 0.00114884202652 0.0079484054451 0.0205
v 0.00114987131708 0.00801720331807 0.0205
v 0.00114678436676 0.00808593960762 0.0205
v 0.00113959222603 0.00815436825569 0.0205
v 0.0011283206409 0.00822224430546 0.0205
v 0.00111300996072 0.00828932477831 0.0205
v 0.00109371499374 0.00835536954353 0.0205
v 0.00107050481094 0.00842014217802 0.0205
v 0.00104346249875 0.00848341081256 0.0205
v 0.00101268486164 0.00854494896184 0.0205
v 0.00097828207554 0.00860453633528 0.0205
v 0.000940377293514 0.00866195962554 0.0205
v 0.000899106204838 0.00871701327214 0.0205
v 0.000854616549299 0.00876950019731 0.0205
v 0.000807067588317 0.00881923251149 0.0205
v 0.000756629534831 0.0088660321859 0.0205
v 0.000703482943982 0.00890973168985 0.0205
v 0.000647818066773 0.00895017459046 0.0205
v 0.000589834169017 0.00898721611264 0.0205
v 0.000529738818018 0.00902072365736 0.0205
v 0.000467747139537 0.00905057727629 0.0205
v 0.000404081047694 0.00907667010124 0.0205
v 0.000338968450573 0.00909890872665 0.0205
v 0.000272642434373 0.00911721354404 0.0205
v 0.000205340429018 0.00913151902689 0.0205
v 0.000137303358221 0.00914177396529 0.0205
v 6.87747770368e-05 0.00914794164923 0.0205
v 1.29752283134e-18 0.00915 0.0205
v 1.29752283134e-18 0.00915 0.019
v -6.87747770368e-05 0.00914794164923 0.019
v -0.000137303358221 0.00914177396529 0.019
v -0.000205340429018 0.00913151902689 0.019
v -0.000272642434373 0.00911721354404 0.019
v -0.000338968450573 0.00909890872665 0.019
v -0.000404081047694 0.00907667010124 0.019
v -0.000467747139537 0.00905057727629 0.019
v -0.000529738818018 0.00902072365736 0.019
v -0.000589834169017 0.00898721611264 0.019
v -0.000647818066773 0.00895017459046 0.019
v -0.000703482943982 0.00890973168985 0.019
v -0.000756629534831 0.0088660321859 0.019
v -0.000807067588317 0.00881923251149 0.019
v -0.000854616549299 0.00876950019731 0.019
v -0.000899106204838 0.00871701327214 0.019
v -0.000940377293514 0.00866195962554 0.019
v -0.00097828207554 0.00860453633528 0.019
v -0.00101268486164 0.00854494896184 0.019
v -0.00104346249875 0.00848341081256 0.019
v -0.00107050481094 0.00842014217802 0.019
v -0.00109371499374 0.00835536954353 0.019
v -0.00111300996072 0.00828932477831 0.019
v -0.0011283206409 0.00822224430546 0.019
v -0.00113959222603 0.00815436825569 0.019
v -0.00114678436676 0.00808593960762 0.019
v -0.00114987131708 0.00801720331807 0.019
v -0.00114884202652 0.0079484054451 0.019
v -0.00114370017967 0.00787979226724 0.019
v -0.00113446418301 0.00781160940187 0.019
v -0.00112116709901 0.00774410092595 0.019
v -0.00110385652777 0.0076775085023 0.019
v -0.00108259443666 0.00761207051451 0.019
v -0.00105745693843 0.0075480212136 0.019
v -0.00102853401882 0.00748558987944 0.019
v -0.000995929214352 0.007425 0.019
v -0.000959759241779 0.00736646847133 0.019
v -0.000920153580213 0.00731020482111 0.019
v -0.000877254007642 0.0072564104586 0.019
v -0.000831214093401 0.00720527795367 0.019
v -0.000782198648437 0.0071569903474 0.019
v -0.000730383135319 0.00711172049689 0.019
v -0.000675953040136 0.00706963045647 0.019
v -0.000619103208504 0.00703087089755 0.019
v -0.000560037148065 0.00699558056929 0.019
v -0.000498966299985 0.00696388580191 0.019
v -0.000436109282051 0.00693590005445 0.019
v -0.000371691106073 0.00691172350863 0.019
v -0.000305942372402 0.0068914427102 0.019
v -0.00023909844444 0.00687513025916 0.019
v -0.000171398606103 0.00686284454984 0.019
v -0.000103085205239 0.00685462956191 0.019
v -3.44027860948e-05 0.00685051470287 0.019
v 3.44027860948e-05 0.00685051470287 0.019
v 0.000103085205239 0.00685462956191 0.019
v 0.000171398606103 0.00686284454984 0.019
v 0.00023909844444 0.00687513025916 0.019
v 0.000305942372402 0.0068914427102 0.019
v 0.000371691106073 0.00691172350863 0.019
v 0.000436109282051 0.00693590005445 0.019
v 0.000498966299985 0.00696388580191 0.019
v 0.000560037148065 0.00699558056929 0.019
v 0.000619103208504 0.00703087089755 0.019
v 0.000675953040136 0.00706963045647 0.019
v 0.000730383135319 0.00711172049689 0.019
v 0.000782198648437 0.0071569903474 0.019
v 0.000831214093402 0.00720527795367 0.019
v 0.000877254007642 0.0072564104586 0.019
v 0.000920153580213 0.00731020482111 0.019
v 0.00095975924178 0.00736646847133 0.019
v 0.000995929214352 0.007425 0.019
v 0.00102853401882 0.00748558987944 0.019
v 0.00105745693843 0.0075480212136 0.019
v 0.00108259443666 0.00761207051451 0.019
v 0.00110385652777 0.0076775085023 0.019
v 0.00112116709901 0.00774410092595 0.019
v 0.00113446418301 0.00781160940187 0.019
v 0.00114370017967 0.00787979226724 0.019
v 0.00114884202652 0.0079484054451 0.019
v 0.00114987131708 0.00801720331807 0.019
v 0.00114678436676 0.00808593960762 0.019
v 0.00113959222603 0.00815436825569 0.019
v 0.0011283206409 0.00822224430546 0.019
v 0.00111300996072 0.00828932477831 0.019
v 0.00109371499374 0.00835536954353 0.019
v 0.00107050481094 0.00842014217802 0.019
v 0.00104346249875 0.00848341081256 0.019
v 0.00101268486164 0.00854494896184 0.019
v 0.00097828207554 0.00860453633528 0.019
v 0.000940377293514 0.00866195962554 0.019
v 0.000899106204838 0.00871701327214 0.019
v 0.000854616549299 0.00876950019731 0.019
v 0.000807067588317 0.00881923251149 0.019
v 0.000756629534831 0.0088660321859 0.019
v 0.000703482943982 0.00890973168985 0.019
v 0.000647818066773 0.00895017459046 0.019
v 0.000589834169017 0.00898721611264 0.019
v 0.000529738818018 0.00902072365736 0.019
v 0.000467747139537 0.00905057727629 0.019
v 0.000404081047694 0.00907667010124 0.019
v 0.000338968450573 0.00909890872665 0.019
v 0.000272642434373 0.00911721354404 0.019
v 0.000205340429018 0.00913151902689 0.019
v 0.000137303358221 0.00914177396529 0.019
v 6.87747770368e-05 0.00914794164923 0.019
v 1.29752283134e-18 0.00915 0.019
v -0.008 0.00115 0.0205
v -0.00806877477704 0.00114794164923 0.0205
v -0.00813730335822 0.00114177396529 0.0205
v -0.00820534042902 0.00113151902689 0.0205
v -0.00827264243437 0.00111721354404 0.0205
v -0.00833896845057 0.00109890872665 0.0205
v -0.00840408104769 0.00107667010124 0.0205
v -0.00846774713954 0.00105057727629 0.0205
v -0.00852973881802 0.00102072365736 0.0205
v -0.00858983416902 0.000987216112642 0.0205
v -0.00864781806677 0.000950174590463 0.0205
v -0.00870348294398 0.000909731689855 0.0205
v -0.00875662953483 0.000866032185904 0.0205
v -0.00880706758832 0.000819232511494 0.0205
v -0.0088546165493 0.000769500197313 0.0205
v -0.00889910620484 0.000717013272138 0.0205
v -0.00894037729351 0.000661959625539 0.0205
v -0.00897828207554 0.000604536335282 0.0205
v -0.00901268486164 0.000544948961844 0.0205
v -0.00904346249875 0.000483410812556 0.0205
v -0.00907050481094 0.000420142178021 0.0205
v -0.00909371499374 0.000355369543531 0.0205
v -0.00911300996072 0.000289324778306 0.0205
v -0.0091283206409 0.000222244305465 0.0205
v -0.00913959222603 0.00015436825569 0.0205
v -0.00914678436676 8.59396076244e-05 0.0205
v -0.00914987131708 1.72033180676e-05 0.0205
v -0.00914884202652 -5.15945549031e-05 0.0205
v -0.00914370017967 -0.000120207732758 0.0205
v -0.00913446418301 -0.000188390598127 0.0205
v -0.00912116709901 -0.00025589907405 0.0205
v -0.00910385652777 -0.000322491497702 0.0205
v -0.00908259443666 -0.00038792948549 0.0205
v -0.00905745693843 -0.000451978786402 0.0205
v -0.00902853401882 -0.000514410120563 0.0205
v -0.00899592921435 -0.000575 0.0205
v -0.00895975924178 -0.00063353152867 0.0205
v -0.00892015358021 -0.000689795178891 0.0205
v -0.00887725400764 -0.000743589541398 0.0205
v -0.0088312140934 -0.000794722046335 0.0205
v -0.00878219864844 -0.000843009652604 0.0205
v -0.00873038313532 -0.000888279503108 0.0205
v -0.00867595304014 -0.000930369543531 0.0205
v -0.0086191032085 -0.000969129102452 0.0205
v -0.00856003714807 -0.00100441943071 0.0205
v -0.00849896629999 -0.00103611419809 0.0205
v -0.00843610928205 -0.00106409994555 0.0205
v -0.00837169110607 -0.00108827649137 0.0205
v -0.0083059423724 -0.0011085572898 0.0205
v -0.00823909844444 -0.00112486974084 0.0205
v -0.0081713986061 -0.00113715545016 0.0205
v -0.00810308520524 -0.00114537043809 0.0205
v -0.00803440278609 -0.00114948529713 0.0205
v -0.00796559721391 -0.00114948529713 0.0205
v -0.00789691479476 -0.00114537043809 0.0205
v -0.0078286013939 -0.00113715545016 0.0205
v -0.00776090155556 -0.00112486974084 0.0205
v -0.0076940576276 -0.0011085572898 0.0205
v -0.00762830889393 -0.00108827649137 0.0205
v -0.00756389071795 -0.00106409994555 0.0205
v -0.00750103370001 -0.00103611419809 0.0205
v -0.00743996285193 -0.00100441943071 0.0205
v -0.0073808967915 -0.000969129102452 0.0205
v -0.00732404695986 -0.000930369543531 0.0205
v -0.00726961686468 -0.000888279503108 0.0205
v -0.00721780135156 -0.000843009652604 0.0205
v -0.0071687859066 -0.000794722046335 0.0205
v -0.00712274599236 -0.000743589541398 0.0205
v -0.00707984641979 -0.000689795178891 0.0205
v -0.00704024075822 -0.00063353152867 0.0205
v -0.00700407078565 -0.000575 0.0205
v -0.00697146598118 -0.000514410120563 0.0205
v -0.00694254306157 -0.000451978786402 0.0205
v -0.00691740556334 -0.00038792948549 0.0205
v -0.00689614347223 -0.000322491497702 0.0205
v -0.00687883290099 -0.00025589907405 0.0205
v -0.00686553581699 -0.000188390598127 0.0205
v -0.00685629982033 -0.000120207732758 0.0205
v -0.00685115797348 -5.15945549031e-05 0.0205
v -0.00685012868292 1.72033180676e-05 0.0205
v -0.00685321563324 8.59396076244e-05 0.0205
v -0.00686040777397 0.00015436825569 0.0205
v -0.0068716793591 0.000222244305465 0.0205
v -0.00688699003928 0.000289324778306 0.0205
v -0.00690628500626 0.000355369543531 0.0205
v -0.00692949518906 0.000420142178021 0.0205
v -0.00695653750125 0.000483410812556 0.0205
v -0.00698731513836 0.000544948961844 0.0205
v -0.00702171792446 0.000604536335282 0.0205
v -0.00705962270649 0.000661959625539 0.0205
v -0.00710089379516 0.000717013272138 0.0205
v -0.0071453834507 0.000769500197313 0.0205
v -0.00719293241168 0.000819232511494 0.0205
v -0.00724337046517 0.000866032185904 0.0205
v -0.00729651705602 0.000909731689855 0.0205
v -0.00735218193323 0.000950174590463 0.0205
v -0.00741016583098 0.000987216112642 0.0205
v -0.00747026118198 0.00102072365736 0.0205
v -0.00753225286046 0.00105057727629 0.0205
v -0.00759591895231 0.00107667010124 0.0205
v -0.00766103154943 0.00109890872665 0.0205
v -0.00772735756563 0.00111721354404 0.0205
v -0.00779465957098 0.00113151902689 0.0205
v -0.00786269664178 0.00114177396529 0.0205
v -0.00793122522296 0.00114794164923 0.0205
v -0.008 0.00115 0.0205
v -0.008 0.00115 0.019
v -0.00806877477704 0.00114794164923 0.019
v -0.00813730335822 0.00114177396529 0.019
v -0.00820534042902 0.00113151902689 0.019
v -0.00827264243437 0.00111721354404 0.019
v -0.00833896845057 0.00109890872665 0.019
v -0.00840408104769 0.00107667010124 0.019
v -0.00846774713954 0.00105057727629 0.019
v -0.00852973881802 0.00102072365736 0.019
v -0.00858983416902 0.000987216112642 0.019
v -0.00864781806677 0.000950174590463 0.019
v -0.00870348294398 0.000909731689855 0.019
v -0.00875662953483 0.000866032185904 0.019
v -0.00880706758832 0.000819232511494 0.019
v -0.0088546165493 0.000769500197313 0.019
v -0.00889910620484 0.000717013272138 0.019
v -0.00894037729351 0.000661959625539 0.019
v -0.00897828207554 0.000604536335282 0.019
v -0.00901268486164 0.000544948961844 0.019
v -0.00904346249875 0.000483410812556 0.019
v -0.00907050481094 0.000420142178021 0.019
v -0.00909371499374 0.000355369543531 0.019
v -0.00911300996072 0.000289324778306 0.019
v -0.0091283206409 0.000222244305465 0.019
v -0.00913959222603 0.00015436825569 0.019
v -0.00914678436676 8.59396076244e-05 0.019
v -0.00914987131708 1.72033180676e-05 0.019
v -0.00914884202652 -5.15945549031e-05 0.019
v -0.00914370017967 -0.000120207732758 0.019
v -0.00913446418301 -0.000188390598127 0.019
v -0.00912116709901 -0.00025589907405 0.019
v -0.00910385652777 -0.000322491497702 0.019
v -0.00908259443666 -0.00038792948549 0.019
v -0.00905745693843 -0.000451978786402 0.019
v -0.00902853401882 -0.000514410120563 0.019
v -0.00899592921435 -0.000575 0.019
v -0.00895975924178 -0.00063353152867 0.019
v -0.00892015358021 -0.000689795178891 0.019
v -0.00887725400764 -0.000743589541398 0.019
v -0.0088312140934 -0.000794722046335 0.019
v -0.00878219864844 -0.000843009652604 0.019
v -0.00873038313532 -0.000888279503108 0.019
v -0.00867595304014 -0.000930369543531 0.019
v -0.0086191032085 -0.000969129102452 0.019
v -0.00856003714807 -0.00100441943071 0.019
v -0.00849896629999 -0.00103611419809 0.019
v -0.00843610928205 -0.00106409994555 0.019
v -0.00837169110607 -0.00108827649137 0.019
v -0.0083059423724 -0.0011085572898 0.019
v -0.00823909844444 -0.00112486974084 0.019
v -0.0081713986061 -0.00113715545016 0.019
v -0.00810308520524 -0.00114537043809 0.019
v -0.00803440278609 -0.00114948529713 0.019
v -0.00796559721391 -0.00114948529713 0.019
v -0.00789691479476 -0.00114537043809 0.019
v -0.0078286013939 -0.00113715545016 0.019
v -0.00776090155556 -0.00112486974084 0.019
v -0.0076940576276 -0.0011085572898 0.019
v -0.00762830889393 -0.00108827649137 0.019
v -0.00756389071795 -0.00106409994555 0.019
v -0.00750103370001 -0.00103611419809 0.019
v -0.00743996285193 -0.00100441943071 0.019
v -0.0073808967915 -0.000969129102452 0.019
v -0.00732404695986 -0.000930369543531 0.019
v -0.00726961686468 -0.000888279503108 0.019
v -0.00721780135156 -0.000843009652604 0.019
v -0.0071687859066 -0.000794722046335 0.019
v -0.00712274599236 -0.000743589541398 0.019
v -0.00707984641979 -0.000689795178891 0.019
v -0.00704024075822 -0.00063353152867 0.019
v -0.00700407078565 -0.000575 0.019
v -0.00697146598118 -0.000514410120563 0.019
v -0.00694254306157 -0.000451978786402 0.019
v -0.00691740556334 -0.00038792948549 0.019
v -0.00689614347223 -0.000322491497702 0.019
v -0.00687883290099 -0.00025589907405 0.019
v -0.00686553581699 -0.000188390598127 0.019
v -0.00685629982033 -0.000120207732758 0.019
v -0.00685115797348 -5.15945549031e-05 0.019
v -0.00685012868292 1.72033180676e-05 0.019
v -0.00685321563324 8.59396076244e-05 0.019
v -0.00686040777397 0.00015436825569 0.019
v -0.0068716793591 0.000222244305465 0.019
v -0.00688699003928 0.000289324778306 0.019
v -0.00690628500626 0.000355369543531 0.019
v -0.00692949518906 0.000420142178021 0.019
v -0.00695653750125 0.000483410812556 0.019
v -0.00698731513836 0.000544948961844 0.019
v -0.00702171792446 0.000604536335282 0.019
v -0.00705962270649 0.000661959625539 0.019
v -0.00710089379516 0.000717013272138 0.019
v -0.0071453834507 0.000769500197313 0.019
v -0.00719293241168 0.000819232511494 0.019
v -0.00724337046517 0.000866032185904 0.019
v -0.00729651705602 0.000909731689855 0.019
v -0.00735218193323 0.000950174590463 0.019
v -0.00741016583098 0.000987216112642 0.019
v -0.00747026118198 0.00102072365736 0.019
v -0.00753225286046 0.00105057727629 0.019
v -0.00759591895231 0.00107667010124 0.019
v -0.00766103154943 0.00109890872665 0.019
v -0.00772735756563 0.00111721354404 0.019
v -0.00779465957098 0.00113151902689 0.019
v -0.00786269664178 0.00114177396529 0.019
v -0.00793122522296 0.00114794164923 0.019
v -0.008 0.00115 0.019
f 2 1 3
f 2 3 4
f 294 170 171
f 294 171 172
f 294 172 173
f 294 173 174
f 294 174 175
f 294 175 176
f 294 176 177
f 294 177 178
f 294 178 179
f 294 179 180
f 294 180 181
f 294 181 182
f 294 182 183
f 294 183 184
f 294 184 185
f 294 185 186
f 294 186 187
f 294 187 188
f 295 170 294
f 295 156 157
f 295 157 158
f 295 158 159
f 295 159 160
f 295 160 161
f 295 161 162
f 295 162 163
f 295 163 164
f 295 164 165
f 295 165 166
f 295 166 167
f 295 167 168
f 295 168 169
f 295 169 170
f 155 156 295
f 154 155 295
f 153 154 295
f 299 294 188
f 42 299 188
f 296 146 147
f 296 147 148
f 296 148 149
f 296 149 150
f 296 150 151
f 296 151 152
f 296 152 153
f 296 153 295
f 145 146 296
f 144 145 296
f 143 144 296
f 142 143 296
f 141 142 296
f 140 141 296
f 139 140 296
f 138 139 296
f 137 138 296
f 136 137 296
f 280 281 26
f 391 299 42
f 391 392 299
f 393 299 392
f 282 26 281
f 390 391 42
f 279 26 25
f 279 280 26
f 283 26 282
f 394 299 393
f 394 298 299
f 278 279 25
f 389 390 42
f 395 298 394
f 284 27 26
f 284 26 283
f 388 389 42
f 277 278 25
f 396 298 395
f 285 27 284
f 387 388 42
f 276 277 25
f 397 298 396
f 286 27 285
f 275 276 25
f 386 387 42
f 287 27 286
f 398 298 397
f 135 136 296
f 135 296 297
f 385 386 42
f 274 25 24
f 274 275 25
f 399 298 398
f 288 27 287
f 288 28 27
f 273 274 24
f 384 385 42
f 289 28 288
f 400 298 399
f 383 384 42
f 272 273 24
f 290 28 289
f 401 298 400
f 271 272 24
f 382 383 42
f 291 28 290
f 402 298 401
f 270 271 24
f 381 382 42
f 292 29 28
f 292 28 291
f 403 298 402
f 269 270 24
f 380 381 42
f 293 29 292
f 404 298 403
f 268 24 23
f 268 269 24
f 379 380 42
f 300 298 404
f 189 29 293
f 378 379 42
f 267 268 23
f 301 298 300
f 190 30 29
f 190 29 189
f 377 378 42
f 266 267 23
f 302 298 301
f 191 30 190
f 265 266 23
f 376 377 42
f 303 298 302
f 192 30 191
f 375 376 42
f 264 265 23
f 304 298 303
f 193 31 30
f 193 30 192
f 374 375 42
f 263 264 23
f 305 298 304
f 194 31 193
f 262 263 23
f 262 23 22
f 373 374 42
f 306 298 305
f 195 31 194
f 195 32 31
f 261 262 22
f 372 373 42
f 372 42 41
f 307 298 306
f 196 32 195
f 260 261 22
f 371 372 41
f 308 298 307
f 197 32 196
f 259 260 22
f 309 298 308
f 258 259 22
f 310 298 309
f 257 22 21
f 257 258 22
f 311 298 310
f 311 297 298
f 256 257 21
f 312 297 311
f 255 256 21
f 313 297 312
f 254 255 21
f 314 297 313
f 253 254 21
f 252 21 20
f 252 253 21
f 251 252 20
f 250 251 20
f 249 250 20
f 248 249 20
f 247 248 20
f 19 245 246
f 19 246 247
f 19 247 20
f 244 245 19
f 243 244 19
f 18 243 19
f 18 240 241
f 18 241 242
f 18 242 243
f 497 37 36
f 496 36 35
f 496 497 36
f 498 38 37
f 498 37 497
f 495 35 34
f 495 496 35
f 499 39 38
f 499 38 498
f 494 34 33
f 494 495 34
f 500 39 499
f 500 40 39
f 493 494 33
f 493 33 32
f 493 32 197
f 501 41 40
f 501 371 41
f 501 40 500
f 501 370 371
f 492 493 197
f 492 197 198
f 492 198 199
f 502 370 501
f 502 369 370
f 491 492 199
f 491 199 200
f 491 200 201
f 503 369 502
f 503 367 368
f 503 368 369
f 490 491 201
f 490 201 202
f 490 202 203
f 504 367 503
f 504 365 366
f 504 366 367
f 17 238 239
f 17 239 240
f 17 240 18
f 489 490 203
f 489 203 204
f 489 204 205
f 505 365 504
f 505 363 364
f 505 364 365
f 488 206 207
f 488 489 205
f 488 205 206
f 506 363 505
f 506 360 361
f 506 361 362
f 506 362 363
f 487 207 208
f 487 208 209
f 487 488 207
f 507 358 359
f 507 359 360
f 507 360 506
f 486 209 210
f 486 210 211
f 486 487 209
f 508 356 357
f 508 357 358
f 508 358 507
f 16 235 236
f 16 236 237
f 16 237 238
f 16 238 17
f 485 211 212
f 485 212 213
f 485 213 214
f 485 486 211
f 509 356 508
f 509 354 355
f 509 355 356
f 98 314 315
f 98 315 316
f 98 316 317
f 98 317 318
f 98 318 319
f 98 319 320
f 98 320 321
f 98 321 322
f 98 322 323
f 98 323 324
f 98 324 325
f 98 325 326
f 98 326 327
f 98 327 328
f 98 328 329
f 98 329 330
f 98 330 331
f 98 331 332
f 98 332 333
f 98 135 297
f 98 297 314
f 484 214 215
f 484 215 216
f 484 485 214
f 405 351 352
f 405 352 353
f 405 353 354
f 405 354 509
f 483 484 216
f 483 216 217
f 483 217 218
f 406 349 350
f 406 350 351
f 406 351 405
f 15 235 16
f 15 234 235
f 482 483 218
f 482 218 219
f 482 219 220
f 407 347 348
f 407 348 349
f 407 349 406
f 99 333 334
f 99 98 333
f 481 220 221
f 481 482 220
f 481 221 222
f 481 222 223
f 408 347 407
f 408 345 346
f 408 346 347
f 480 223 224
f 480 224 225
f 480 481 223
f 409 342 343
f 409 343 344
f 409 344 345
f 409 345 408
f 479 225 226
f 479 226 227
f 479 480 225
f 410 340 341
f 410 341 342
f 410 342 409
f 478 227 228
f 478 228 229
f 478 479 227
f 411 338 339
f 411 339 340
f 411 340 410
f 477 229 230
f 477 230 231
f 477 478 229
f 412 336 337
f 412 337 338
f 412 338 411
f 476 231 232
f 476 232 233
f 476 477 231
f 413 335 336
f 413 336 412
f 475 15 14
f 475 233 234
f 475 476 233
f 475 234 15
f 414 99 334
f 414 334 335
f 414 100 99
f 414 335 413
f 474 475 14
f 474 14 13
f 415 100 414
f 415 101 100
f 473 13 12
f 473 474 13
f 416 101 415
f 416 102 101
f 472 12 11
f 472 473 12
f 417 102 416
f 103 102 417
f 471 472 11
f 418 103 417
f 10 470 471
f 10 471 11
f 104 418 419
f 104 103 418
f 9 470 10
f 9 469 470
f 105 419 420
f 105 104 419
f 8 469 9
f 8 468 469
f 106 420 421
f 106 105 420
f 7 467 468
f 7 468 8
f 107 421 422
f 107 106 421
f 6 466 467
f 6 467 7
f 108 107 422
f 602 463 464
f 601 602 464
f 712 713 425
f 712 425 426
f 603 463 602
f 714 425 713
f 714 424 425
f 600 464 465
f 600 601 464
f 711 712 426
f 604 463 603
f 604 462 463
f 715 424 714
f 599 600 465
f 710 426 427
f 710 711 426
f 605 462 604
f 716 423 424
f 716 424 715
f 598 465 466
f 598 599 465
f 709 710 427
f 606 461 462
f 606 462 605
f 717 423 716
f 597 598 466
f 708 427 428
f 708 709 427
f 607 461 606
f 718 423 717
f 718 422 423
f 718 108 422
f 596 597 466
f 596 466 6
f 707 708 428
f 608 461 607
f 608 460 461
f 719 108 718
f 595 6 5
f 595 596 6
f 706 428 429
f 706 707 428
f 609 460 608
f 720 109 108
f 720 108 719
f 594 595 5
f 705 706 429
f 610 459 460
f 610 460 609
f 721 109 720
f 593 594 5
f 704 705 429
f 704 429 430
f 611 459 610
f 722 110 109
f 722 109 721
f 592 593 5
f 703 704 430
f 612 459 611
f 723 110 722
f 591 592 5
f 702 703 430
f 613 459 612
f 613 458 459
f 724 110 723
f 590 591 5
f 701 430 431
f 701 702 430
f 614 458 613
f 725 111 110
f 725 110 724
f 589 590 5
f 700 701 431
f 621 111 725
f 510 457 458
f 510 458 614
f 699 431 432
f 699 700 431
f 588 589 5
f 511 457 510
f 622 111 621
f 587 588 5
f 698 699 432
f 623 111 622
f 512 457 511
f 512 456 457
f 112 111 623
f 586 587 5
f 697 432 433
f 697 698 432
f 624 112 623
f 513 456 512
f 585 586 5
f 696 697 433
f 514 456 513
f 625 112 624
f 584 585 5
f 695 433 434
f 695 696 433
f 515 456 514
f 515 455 456
f 626 112 625
f 583 584 5
f 694 695 434
f 516 455 515
f 627 112 626
f 582 583 5
f 693 694 434
f 517 454 455
f 517 455 516
f 581 582 5
f 692 434 435
f 692 693 434
f 518 454 517
f 691 692 435
f 580 581 5
f 519 453 454
f 519 454 518
f 579 580 5
f 690 435 436
f 690 691 435
f 520 453 519
f 578 579 5
f 689 690 436
f 113 627 628
f 113 628 629
f 113 629 630
f 113 630 631
f 113 112 627
f 521 452 453
f 521 453 520
f 577 578 5
f 688 436 437
f 688 689 436
f 522 452 521
f 576 577 5
f 687 688 437
f 523 452 522
f 523 451 452
f 686 687 437
f 686 437 438
f 524 451 523
f 685 686 438
f 525 450 451
f 525 451 524
f 684 438 439
f 684 685 438
f 526 450 525
f 683 684 439
f 527 449 450
f 527 450 526
f 682 439 440
f 682 683 439
f 528 449 527
f 114 631 632
f 114 632 633
f 114 633 634
f 114 634 635
f 114 635 636
f 114 113 631
f 681 682 440
f 529 449 528
f 115 636 637
f 115 637 638
f 115 638 639
f 115 639 640
f 115 640 641
f 115 114 636
f 116 641 642
f 116 642 643
f 116 643 644
f 116 644 645
f 116 645 646
f 116 646 647
f 116 115 641
f 117 647 648
f 117 648 649
f 117 649 650
f 117 650 651
f 117 651 652
f 117 652 653
f 117 116 647
f 615 5 43
f 615 573 574
f 615 574 575
f 615 575 576
f 615 576 5
f 118 117 653
f 118 653 654
f 118 654 655
f 118 655 656
f 118 656 657
f 118 657 658
f 616 552 553
f 616 553 554
f 616 554 555
f 616 555 556
f 616 556 557
f 616 557 558
f 616 558 559
f 616 559 560
f 616 560 561
f 616 561 562
f 616 562 563
f 616 563 564
f 616 564 565
f 616 565 566
f 616 566 567
f 616 567 568
f 616 568 569
f 616 569 570
f 616 570 571
f 616 571 572
f 616 572 573
f 616 573 615
f 119 118 658
f 119 658 659
f 119 659 660
f 119 660 661
f 119 661 662
f 119 662 663
f 120 663 664
f 120 664 665
f 120 665 666
f 120 666 667
f 120 667 668
f 120 119 663
f 121 668 669
f 121 669 670
f 121 670 671
f 121 671 672
f 121 120 668
f 122 672 673
f 122 673 674
f 122 674 675
f 122 121 672
f 620 615 43
f 620 88 87
f 620 89 88
f 620 90 89
f 620 91 90
f 620 92 91
f 620 93 92
f 620 94 93
f 620 95 94
f 620 96 95
f 620 43 96
f 86 620 87
f 123 122 675
f 123 675 676
f 123 676 677
f 124 123 677
f 124 677 678
f 124 678 679
f 124 679 680
f 85 620 86
f 97 530 531
f 97 531 532
f 97 532 533
f 97 533 534
f 97 534 535
f 97 535 536
f 97 536 537
f 97 537 538
f 97 538 539
f 97 539 540
f 97 540 541
f 97 541 542
f 97 542 543
f 97 543 544
f 97 544 545
f 97 545 546
f 97 546 547
f 97 547 548
f 97 548 549
f 125 124 680
f 125 680 681
f 125 681 440
f 134 529 530
f 134 530 97
f 134 449 529
f 134 448 449
f 84 620 85
f 126 440 441
f 126 125 440
f 133 447 448
f 133 448 134
f 127 126 441
f 127 441 442
f 132 446 447
f 132 447 133
f 128 442 443
f 128 127 442
f 131 446 132
f 131 445 446
f 129 443 444
f 129 128 443
f 130 445 131
f 130 444 445
f 130 129 444
f 83 620 84
f 82 620 83
f 617 97 549
f 617 549 550
f 617 550 551
f 617 551 552
f 617 552 616
f 81 620 82
f 80 620 81
f 79 620 80
f 619 78 77
f 619 79 78
f 619 620 79
f 76 619 77
f 75 619 76
f 74 619 75
f 73 619 74
f 72 619 73
f 71 619 72
f 44 617 618
f 44 97 617
f 70 619 71
f 45 44 618
f 69 619 70
f 46 45 618
f 68 619 69
f 47 46 618
f 67 619 68
f 48 47 618
f 66 619 67
f 49 48 618
f 65 619 66
f 50 49 618
f 64 619 65
f 51 50 618
f 63 619 64
f 52 51 618
f 62 618 619
f 62 619 63
f 53 52 618
f 61 618 62
f 54 53 618
f 60 618 61
f 55 54 618
f 59 618 60
f 56 55 618
f 58 618 59
f 57 56 618
f 57 618 58
f 762 763 764
f 762 764 765
f 761 765 766
f 761 762 765
f 760 766 767
f 760 761 766
f 759 767 768
f 759 760 767
f 758 759 768
f 758 768 769
f 757 758 769
f 757 769 770
f 756 757 770
f 756 770 771
f 755 756 771
f 755 771 772
f 754 755 772
f 754 772 773
f 753 754 773
f 753 773 774
f 752 753 774
f 752 774 775
f 751 752 775
f 751 775 776
f 750 751 776
f 750 776 777
f 750 777 778
f 749 750 778
f 748 749 778
f 748 778 779
f 747 748 779
f 747 779 780
f 746 747 780
f 746 780 781
f 745 746 781
f 745 781 782
f 744 782 783
f 744 745 782
f 743 783 784
f 743 744 783
f 743 784 785
f 742 743 785
f 741 785 786
f 741 742 785
f 740 786 787
f 740 741 786
f 739 787 788
f 739 740 787
f 738 788 789
f 738 739 788
f 737 789 790
f 737 738 789
f 736 790 791
f 736 737 790
f 735 791 792
f 735 736 791
f 734 792 793
f 734 735 792
f 733 793 794
f 733 794 795
f 733 734 793
f 732 733 795
f 731 732 795
f 731 795 796
f 730 731 796
f 730 796 797
f 729 730 797
f 729 797 798
f 728 729 798
f 728 798 799
f 727 728 799
f 727 799 800
f 727 800 801
f 726 727 801
f 839 1004 1003
f 839 1000 999
f 839 1001 1000
f 839 1002 1001
f 839 1003 1002
f 998 839 999
f 997 839 998
f 996 839 997
f 995 839 996
f 994 839 995
f 1525 823 1526
f 1105 969 1106
f 1527 1526 823
f 1107 1106 969
f 1104 969 1105
f 1524 822 823
f 1524 823 1525
f 1528 1527 823
f 1108 1107 969
f 1108 969 970
f 1103 969 1104
f 1523 822 1524
f 1109 970 971
f 1109 1108 970
f 1529 823 824
f 1529 1528 823
f 1102 969 1103
f 1522 822 1523
f 1110 971 972
f 1110 1109 971
f 1530 1529 824
f 1101 969 1102
f 1101 992 969
f 1521 822 1522
f 1111 972 973
f 1111 1110 972
f 1531 1530 824
f 1100 992 1101
f 1520 822 1521
f 1112 1111 973
f 1112 973 974
f 1532 1531 824
f 1099 993 992
f 1099 992 1100
f 1519 821 822
f 1519 822 1520
f 1113 974 975
f 1113 1112 974
f 1533 824 825
f 1533 1532 824
f 1518 821 1519
f 1098 993 1099
f 1114 1113 975
f 1114 975 976
f 1534 1533 825
f 1097 993 1098
f 1097 994 993
f 1517 821 1518
f 1115 1114 976
f 1115 976 977
f 1535 1534 825
f 1516 821 1517
f 1096 994 1097
f 1116 1115 977
f 1116 977 978
f 1536 1535 825
f 1095 994 1096
f 1095 839 994
f 1515 821 1516
f 1117 1116 978
f 1117 978 979
f 1537 825 826
f 1537 1536 825
f 1514 821 1515
f 1094 839 1095
f 1538 1537 826
f 1118 1117 979
f 1118 979 980
f 1093 839 1094
f 1513 820 821
f 1513 821 1514
f 1014 1118 980
f 1014 980 981
f 1434 1538 826
f 1092 839 1093
f 1512 820 1513
f 1015 981 982
f 1015 1014 981
f 1435 826 827
f 1435 1434 826
f 1511 820 1512
f 1091 839 1092
f 1016 1015 982
f 1016 982 983
f 1436 1435 827
f 1510 820 1511
f 1090 839 1091
f 1437 1436 827
f 1017 1016 983
f 1017 983 984
f 1509 820 1510
f 1089 839 1090
f 1018 1017 984
f 1018 984 985
f 1438 827 828
f 1438 1437 827
f 1088 839 1089
f 1508 820 1509
f 1019 985 986
f 1019 1018 985
f 1439 1438 828
f 1507 820 1508
f 1507 819 820
f 1087 839 1088
f 1020 1019 986
f 1020 986 987
f 1440 828 829
f 1440 1439 828
f 1086 839 1087
f 1086 838 839
f 1506 819 1507
f 1441 1440 829
f 1021 1020 987
f 1021 987 988
f 1085 838 1086
f 1505 819 1506
f 1442 1441 829
f 1022 1021 988
f 1022 988 989
f 1504 819 1505
f 1023 1022 989
f 1023 989 990
f 1503 819 1504
f 1024 1023 990
f 1024 990 991
f 1502 818 819
f 1502 819 1503
f 1025 1024 991
f 1025 991 968
f 1501 818 1502
f 1026 1025 968
f 1500 818 1501
f 1027 1026 968
f 1499 818 1500
f 1028 1027 968
f 1498 818 1499
f 1029 1028 968
f 1497 817 818
f 1497 818 1498
f 1030 1029 968
f 1496 817 1497
f 1031 1030 968
f 1495 817 1496
f 1032 1031 968
f 1032 968 967
f 1494 817 1495
f 1033 1032 967
f 1493 817 1494
f 1034 967 966
f 1034 1033 967
f 1492 817 1493
f 1035 1034 966
f 1036 1035 966
f 1036 966 965
f 1037 1036 965
f 816 817 1492
f 816 1491 1490
f 816 1492 1491
f 1489 816 1490
f 1038 1037 965
f 1488 816 1489
f 815 816 1488
f 815 1486 1485
f 815 1487 1486
f 815 1488 1487
f 1211 833 834
f 1210 832 833
f 1210 833 1211
f 1212 834 835
f 1212 1211 834
f 1209 831 832
f 1209 832 1210
f 1213 835 836
f 1213 1212 835
f 1208 830 831
f 1208 831 1209
f 1214 836 837
f 1214 1213 836
f 1207 829 830
f 1207 830 1208
f 1207 1442 829
f 1215 838 1085
f 1215 1214 837
f 1215 837 838
f 1215 1085 1084
f 1206 1442 1207
f 1206 1443 1442
f 1206 1444 1443
f 1216 1215 1084
f 1216 1084 1083
f 1205 1445 1444
f 1205 1446 1445
f 1205 1444 1206
f 1217 1216 1083
f 1217 1082 1081
f 1217 1083 1082
f 1204 1447 1446
f 1204 1448 1447
f 1204 1446 1205
f 1218 1217 1081
f 1218 1080 1079
f 1218 1081 1080
f 814 815 1485
f 814 1484 1483
f 814 1485 1484
f 1203 1448 1204
f 1203 1449 1448
f 1203 1450 1449
f 1219 1218 1079
f 1219 1078 1077
f 1219 1079 1078
f 1202 1450 1203
f 1202 1451 1450
f 1202 1452 1451
f 1220 1219 1077
f 1220 1075 1074
f 1220 1076 1075
f 1220 1077 1076
f 1201 1453 1452
f 1201 1454 1453
f 1201 1452 1202
f 1221 1220 1074
f 1221 1073 1072
f 1221 1074 1073
f 1200 1454 1201
f 1200 1455 1454
f 1200 1456 1455
f 1222 1071 1070
f 1222 1072 1071
f 1222 1221 1072
f 813 814 1483
f 813 1481 1480
f 813 1482 1481
f 813 1483 1482
f 1199 1456 1200
f 1199 1457 1456
f 1199 1458 1457
f 1199 1459 1458
f 1223 1222 1070
f 1223 1069 1068
f 1223 1070 1069
f 945 1039 1038
f 945 1040 1039
f 945 1041 1040
f 945 1042 1041
f 945 1043 1042
f 945 1044 1043
f 945 1045 1044
f 945 1046 1045
f 945 1047 1046
f 945 956 955
f 945 957 956
f 945 958 957
f 945 959 958
f 945 960 959
f 945 961 960
f 945 962 961
f 945 963 962
f 945 964 963
f 945 965 964
f 945 1038 965
f 1198 1460 1459
f 1198 1461 1460
f 1198 1459 1199
f 1119 1223 1068
f 1119 1066 1065
f 1119 1067 1066
f 1119 1068 1067
f 1197 1462 1461
f 1197 1463 1462
f 1197 1461 1198
f 1120 1119 1065
f 1120 1064 1063
f 1120 1065 1064
f 812 813 1480
f 812 1480 1479
f 1196 1463 1197
f 1196 1464 1463
f 1196 1465 1464
f 1121 1120 1063
f 1121 1062 1061
f 1121 1063 1062
f 944 1048 1047
f 944 1047 945
f 1195 1466 1465
f 1195 1467 1466
f 1195 1468 1467
f 1195 1465 1196
f 1122 1121 1061
f 1122 1060 1059
f 1122 1061 1060
f 1194 1468 1195
f 1194 1469 1468
f 1194 1470 1469
f 1123 1057 1056
f 1123 1058 1057
f 1123 1059 1058
f 1123 1122 1059
f 1193 1470 1194
f 1193 1471 1470
f 1193 1472 1471
f 1124 1123 1056
f 1124 1055 1054
f 1124 1056 1055
f 1192 1472 1193
f 1192 1473 1472
f 1192 1474 1473
f 1125 1053 1052
f 1125 1124 1054
f 1125 1054 1053
f 1191 1475 1474
f 1191 1476 1475
f 1191 1474 1192
f 1126 1125 1052
f 1126 1051 1050
f 1126 1052 1051
f 1190 1477 1476
f 1190 1476 1191
f 1190 1478 1477
f 1127 1126 1050
f 1127 1050 1049
f 1189 812 1479
f 1189 811 812
f 1189 1478 1190
f 1189 1479 1478
f 1128 1127 1049
f 1128 944 943
f 1128 1049 1048
f 1128 1048 944
f 1188 810 811
f 1188 811 1189
f 1129 1128 943
f 1129 943 942
f 1187 809 810
f 1187 810 1188
f 1130 942 941
f 1130 1129 942
f 1186 808 809
f 1186 809 1187
f 1131 1130 941
f 940 1131 941
f 1185 808 1186
f 1132 1131 940
f 807 808 1185
f 807 1185 1184
f 939 1133 1132
f 939 1132 940
f 806 807 1184
f 806 1184 1183
f 938 1134 1133
f 938 1133 939
f 805 1183 1182
f 805 806 1183
f 937 1135 1134
f 937 1134 938
f 804 1182 1181
f 804 805 1182
f 936 1136 1135
f 936 1135 937
f 803 804 1181
f 803 1181 1180
f 935 1136 936
f 1316 1178 1177
f 1315 1178 1316
f 1420 1139 1421
f 1420 1140 1139
f 1317 1316 1177
f 1422 1421 1139
f 1422 1139 1138
f 1314 1178 1315
f 1314 1179 1178
f 1419 1140 1420
f 1318 1317 1177
f 1318 1177 1176
f 1423 1422 1138
f 1313 1179 1314
f 1418 1140 1419
f 1418 1141 1140
f 1319 1318 1176
f 1424 1423 1138
f 1424 1138 1137
f 1417 1141 1418
f 1312 1180 1179
f 1312 1179 1313
f 1320 1176 1175
f 1320 1319 1176
f 1425 1424 1137
f 1416 1141 1417
f 1416 1142 1141
f 1311 1180 1312
f 1321 1320 1175
f 1426 1136 935
f 1426 1137 1136
f 1426 1425 1137
f 1310 803 1180
f 1310 1180 1311
f 1415 1142 1416
f 1322 1321 1175
f 1322 1175 1174
f 1427 1426 935
f 1414 1143 1142
f 1414 1142 1415
f 1309 802 803
f 1309 803 1310
f 1428 935 934
f 1428 1427 935
f 1323 1322 1174
f 1413 1143 1414
f 1308 802 1309
f 1324 1174 1173
f 1324 1323 1174
f 1429 1428 934
f 1307 802 1308
f 1412 1143 1413
f 1412 1144 1143
f 1325 1324 1173
f 1430 934 933
f 1430 1429 934
f 1306 802 1307
f 1411 1144 1412
f 1326 1325 1173
f 1431 1430 933
f 1305 802 1306
f 1410 1144 1411
f 1327 1173 1172
f 1327 1326 1173
f 1432 1431 933
f 1304 802 1305
f 1409 1145 1144
f 1409 1144 1410
f 1328 1327 1172
f 1433 933 932
f 1433 1432 933
f 1408 1145 1409
f 1303 802 1304
f 1224 1328 1172
f 1224 1172 1171
f 1329 1433 932
f 1302 802 1303
f 1407 1146 1145
f 1407 1145 1408
f 1225 1224 1171
f 1330 1329 932
f 1406 1146 1407
f 1301 802 1302
f 1331 1330 932
f 1226 1225 1171
f 1226 1171 1170
f 931 1331 932
f 1405 1147 1146
f 1405 1146 1406
f 1300 802 1301
f 1332 1331 931
f 1227 1226 1170
f 1404 1147 1405
f 1333 1332 931
f 1228 1227 1170
f 1403 1148 1147
f 1403 1147 1404
f 1334 1333 931
f 1229 1228 1170
f 1229 1170 1169
f 1402 1148 1403
f 1335 1334 931
f 1230 1229 1169
f 1401 1148 1402
f 1231 1230 1169
f 1231 1169 1168
f 1400 1149 1148
f 1400 1148 1401
f 1232 1231 1168
f 1399 1149 1400
f 1233 1168 1167
f 1233 1232 1168
f 853 802 854
f 855 854 802
f 852 802 853
f 1398 1150 1149
f 1398 1149 1399
f 1234 1233 1167
f 856 855 802
f 851 802 852
f 857 856 802
f 1397 1150 1398
f 850 802 851
f 930 1336 1335
f 930 1337 1336
f 930 1338 1337
f 930 1339 1338
f 930 1335 931
f 1235 1167 1166
f 1235 1234 1167
f 858 857 802
f 849 802 850
f 1396 1150 1397
f 1396 1151 1150
f 1236 1235 1166
f 859 802 1300
f 859 858 802
f 859 1300 1299
f 1395 1151 1396
f 1237 1166 1165
f 1237 1236 1166
f 1394 1151 1395
f 1394 1152 1151
f 860 859 1299
f 860 1298 1297
f 860 1299 1298
f 1238 1237 1165
f 1393 1152 1394
f 1239 1238 1165
f 1239 1165 1164
f 861 860 1297
f 861 1295 1294
f 861 1296 1295
f 861 1297 1296
f 1392 1153 1152
f 1392 1152 1393
f 1240 1239 1164
f 1391 1153 1392
f 1241 1240 1164
f 1241 1164 1163
f 862 861 1294
f 862 1288 1287
f 862 1289 1288
f 862 1290 1289
f 862 1291 1290
f 862 1292 1291
f 862 1293 1292
f 862 1294 1293
f 1390 1154 1153
f 1390 1153 1391
f 1242 1241 1163
f 929 1339 930
f 929 1340 1339
f 929 1341 1340
f 929 1342 1341
f 929 1343 1342
f 929 1344 1343
f 1389 1154 1390
f 885 862 1287
f 885 1287 1286
f 1243 1242 1163
f 884 1286 1285
f 884 885 1286
f 883 884 1285
f 883 1285 1284
f 882 883 1284
f 882 1284 1283
f 928 1344 929
f 928 1345 1344
f 928 1346 1345
f 928 1347 1346
f 928 1348 1347
f 928 1349 1348
f 881 882 1283
f 881 1283 1282
f 880 1282 1281
f 880 881 1282
f 879 880 1281
f 879 1281 1280
f 878 879 1280
f 878 1280 1279
f 927 1349 928
f 927 1350 1349
f 927 1351 1350
f 927 1352 1351
f 927 1353 1352
f 927 1354 1353
f 927 1355 1354
f 877 1279 1278
f 877 878 1279
f 876 1278 1277
f 876 877 1278
f 875 876 1277
f 874 1277 1276
f 874 875 1277
f 873 1276 1275
f 873 874 1276
f 926 1355 927
f 926 1356 1355
f 926 1357 1356
f 926 1358 1357
f 926 1359 1358
f 926 1360 1359
f 926 1361 1360
f 872 1275 1274
f 872 873 1275
f 871 872 1274
f 871 1274 1273
f 870 871 1273
f 870 1273 1272
f 869 1272 1271
f 869 870 1272
f 868 1271 1270
f 868 869 1271
f 867 1270 1269
f 867 868 1270
f 866 867 1269
f 866 1269 1268
f 865 1268 1267
f 865 866 1268
f 925 1361 926
f 925 1362 1361
f 925 1363 1362
f 925 1364 1363
f 925 1365 1364
f 925 1366 1365
f 864 865 1267
f 864 1267 1266
f 863 1260 1259
f 863 1261 1260
f 863 1262 1261
f 863 1263 1262
f 863 1264 1263
f 863 1265 1264
f 863 1266 1265
f 863 864 1266
f 886 863 1259
f 886 1257 1256
f 886 1258 1257
f 886 1259 1258
f 924 1366 925
f 924 1367 1366
f 924 1368 1367
f 924 1369 1368
f 924 1370 1369
f 924 1371 1370
f 887 886 1256
f 887 1255 1254
f 887 1256 1255
f 923 1372 1371
f 923 1373 1372
f 923 1374 1373
f 923 1375 1374
f 923 1376 1375
f 923 1371 924
f 888 887 1254
f 888 1254 1253
f 922 1376 923
f 922 1377 1376
f 922 1378 1377
f 922 1379 1378
f 922 1380 1379
f 921 1380 922
f 921 1381 1380
f 921 1382 1381
f 921 1383 1382
f 920 1383 921
f 920 1384 1383
f 920 1385 1384
f 919 1385 920
f 919 1386 1385
f 919 1387 1386
f 919 1388 1387
f 908 1245 1244
f 908 1246 1245
f 908 1247 1246
f 908 1248 1247
f 908 1249 1248
f 908 1250 1249
f 908 1251 1250
f 908 1252 1251
f 908 1253 1252
f 908 889 888
f 908 890 889
f 908 891 890
f 908 888 1253
f 908 892 891
f 918 1388 919
f 918 1154 1389
f 918 1389 1388
f 909 1244 1243
f 909 908 1244
f 909 1163 1162
f 909 1243 1163
f 893 892 908
f 917 1154 918
f 917 1155 1154
f 910 909 1162
f 910 1162 1161
f 916 1155 917
f 916 1156 1155
f 911 1161 1160
f 911 910 1161
f 894 893 908
f 915 1156 916
f 915 1157 1156
f 912 911 1160
f 912 1160 1159
f 914 1158 1157
f 914 1157 915
f 913 1159 1158
f 913 912 1159
f 913 1158 914
f 895 894 908
f 896 895 908
f 897 896 908
f 898 897 908
f 802 841 840
f 802 842 841
f 802 843 842
f 802 844 843
f 802 845 844
f 802 846 845
f 802 847 846
f 802 848 847
f 802 849 848
f 907 906 908
f 906 905 908
f 905 904 908
f 904 903 908
f 903 902 908
f 902 901 908
f 901 900 908
f 900 899 908
f 899 898 908
f 945 947 946
f 945 948 947
f 945 949 948
f 945 950 949
f 945 951 950
f 945 952 951
f 945 953 952
f 945 954 953
f 945 955 954
f 1013 1012 839
f 1012 1011 839
f 1011 1010 839
f 1010 1009 839
f 1009 1008 839
f 1008 1007 839
f 1007 1006 839
f 1006 1005 839
f 1005 1004 839
f 1729 1623 1728
f 1624 1623 1729
f 1730 1624 1729
f 1625 1624 1730
f 1731 1625 1730
f 1626 1625 1731
f 1732 1626 1731
f 1627 1626 1732
f 1733 1627 1732
f 1735 1733 1734
f 1628 1627 1733
f 1629 1733 1735
f 1629 1628 1733
f 1629 1735 1736
f 1630 1629 1736
f 1630 1736 1737
f 1631 1630 1737
f 1631 1737 1738
f 1632 1631 1738
f 1632 1738 1739
f 1633 1632 1739
f 1633 1739 1740
f 1634 1740 1741
f 1634 1633 1740
f 1635 1741 1742
f 1635 1634 1741
f 1636 1742 1743
f 1636 1635 1742
f 1637 1743 1744
f 1637 1636 1743
f 1638 1744 1745
f 1638 1637 1744
f 1639 1745 1746
f 1639 1638 1745
f 1640 1746 1747
f 1640 1639 1746
f 1641 1747 1748
f 1641 1640 1747
f 1642 1748 1749
f 1642 1641 1748
f 1643 1642 1749
f 1643 1749 1750
f 1644 1643 1750
f 1644 1750 1751
f 1645 1644 1751
f 1645 1751 1752
f 1646 1752 1753
f 1646 1645 1752
f 1647 1753 1754
f 1647 1646 1753
f 1648 1754 1755
f 1648 1647 1754
f 1540 1756 1539
f 1649 1755 1756
f 1649 1648 1755
f 1650 1649 1756
f 1650 1756 1540
f 1651 1540 1541
f 1651 1650 1540
f 1652 1541 1542
f 1652 1651 1541
f 1653 1542 1543
f 1653 1652 1542
f 1654 1543 1544
f 1654 1653 1543
f 1655 1544 1545
f 1655 1654 1544
f 1656 1545 1546
f 1656 1655 1545
f 1657 1546 1547
f 1657 1656 1546
f 1658 1547 1548
f 1658 1657 1547
f 1659 1548 1549
f 1659 1658 1548
f 1660 1549 1550
f 1660 1659 1549
f 1661 1550 1551
f 1661 1660 1550
f 1662 1551 1552
f 1662 1661 1551
f 1663 1552 1553
f 1663 1662 1552
f 1664 1553 1554
f 1664 1663 1553
f 1665 1554 1555
f 1665 1664 1554
f 1666 1555 1556
f 1666 1665 1555
f 1667 1556 1557
f 1667 1666 1556
f 1668 1667 1557
f 1668 1557 1558
f 1669 1668 1558
f 1669 1558 1559
f 1670 1669 1559
f 1670 1559 1560
f 1671 1670 1560
f 1671 1560 1561
f 1672 1671 1561
f 1672 1561 1562
f 1673 1562 1563
f 1673 1672 1562
f 1674 1673 1563
f 1674 1563 1564
f 1675 1564 1565
f 1675 1674 1564
f 1676 1565 1566
f 1676 1566 1567
f 1676 1675 1565
f 1677 1567 1568
f 1677 1676 1567
f 1678 1568 1569
f 1678 1677 1568
f 1679 1569 1570
f 1679 1678 1569
f 1680 1570 1571
f 1680 1679 1570
f 1681 1571 1572
f 1681 1680 1571
f 1682 1572 1573
f 1682 1681 1572
f 1683 1573 1574
f 1683 1682 1573
f 1684 1574 1575
f 1684 1683 1574
f 1685 1575 1576
f 1685 1684 1575
f 1686 1576 1577
f 1686 1685 1576
f 1687 1577 1578
f 1687 1686 1577
f 1688 1578 1579
f 1688 1687 1578
f 1689 1579 1580
f 1689 1688 1579
f 1690 1580 1581
f 1690 1689 1580
f 1691 1581 1582
f 1691 1690 1581
f 1692 1691 1582
f 1692 1582 1583
f 1693 1692 1583
f 1693 1583 1584
f 1694 1693 1584
f 1694 1584 1585
f 1695 1694 1585
f 1695 1585 1586
f 1696 1695 1586
f 1696 1586 1587
f 1697 1696 1587
f 1697 1587 1588
f 1698 1697 1588
f 1698 1588 1589
f 1699 1698 1589
f 1699 1589 1590
f 1700 1699 1590
f 1700 1590 1591
f 1593 1591 1592
f 1701 1700 1591
f 1701 1591 1593
f 1702 1701 1593
f 1702 1593 1594
f 1703 1702 1594
f 1703 1594 1595
f 1704 1703 1595
f 1704 1595 1596
f 1705 1704 1596
f 1705 1596 1597
f 1706 1705 1597
f 1706 1597 1598
f 1707 1598 1599
f 1707 1706 1598
f 1708 1599 1600
f 1708 1707 1599
f 1709 1600 1601
f 1709 1708 1600
f 1710 1601 1602
f 1710 1709 1601
f 1711 1602 1603
f 1711 1710 1602
f 1712 1603 1604
f 1712 1711 1603
f 1713 1604 1605
f 1713 1712 1604
f 1714 1605 1606
f 1714 1713 1605
f 1715 1606 1607
f 1715 1714 1606
f 1716 1607 1608
f 1716 1715 1607
f 1717 1716 1608
f 1717 1608 1609
f 1718 1717 1609
f 1718 1609 1610
f 1719 1718 1610
f 1719 1610 1611
f 1720 1719 1611
f 1720 1611 1612
f 1721 1720 1612
f 1721 1612 1613
f 1722 1721 1613
f 1722 1613 1614
f 1616 1722 1614
f 1616 1614 1615
f 1723 1722 1616
f 1724 1723 1616
f 1724 1616 1617
f 1725 1724 1617
f 1725 1617 1618
f 1726 1725 1618
f 1726 1618 1619
f 1727 1726 1619
f 1727 1619 1620
f 1622 1727 1620
f 1622 1620 1621
f 1759 1796 1797
f 1760 1759 1797
f 1761 1797 1798
f 1761 1760 1797
f 1762 1798 1799
f 1762 1761 1798
f 1763 1799 1800
f 1763 1762 1799
f 1764 1763 1800
f 1764 1800 1801
f 1765 1764 1801
f 1765 1801 1802
f 1766 1765 1802
f 1766 1802 1803
f 1767 1766 1803
f 1767 1803 1804
f 1768 1767 1804
f 1768 1804 1805
f 1769 1768 1805
f 1769 1805 1806
f 1770 1769 1806
f 1770 1806 1807
f 1771 1770 1807
f 1771 1807 1808
f 1772 1771 1808
f 1772 1808 1809
f 1773 1772 1809
f 1773 1809 1810
f 1774 1773 1810
f 1774 1810 1811
f 1775 1774 1811
f 1775 1811 1812
f 1776 1775 1812
f 1776 1812 1813
f 1776 1813 1814
f 1777 1776 1814
f 1778 1777 1814
f 1778 1814 1815
f 1779 1815 1816
f 1779 1778 1815
f 1780 1816 1817
f 1780 1779 1816
f 1781 1817 1818
f 1781 1818 1819
f 1781 1780 1817
f 1782 1781 1819
f 1783 1819 1820
f 1783 1820 1821
f 1783 1782 1819
f 1784 1783 1821
f 1785 1821 1822
f 1785 1784 1821
f 1786 1822 1823
f 1786 1785 1822
f 1787 1823 1824
f 1787 1786 1823
f 1788 1824 1825
f 1788 1825 1826
f 1788 1787 1824
f 1789 1826 1827
f 1789 1788 1826
f 1790 1789 1827
f 1791 1827 1828
f 1791 1790 1827
f 1792 1791 1828
f 1792 1828 1829
f 1793 1792 1829
f 1793 1829 1830
f 1794 1793 1830
f 1794 1830 1831
f 1795 1794 1831
f 1795 1831 1832
f 1758 1795 1832
f 1758 1832 1757
f 1834 1833 1835
f 1834 1835 1836
f 1838 1837 1839
f 1838 1839 1840
f 2008 1868 1867
f 2009 1867 1866
f 2009 2008 1867
f 2010 1866 1865
f 2010 2009 1866
f 2011 1865 1864
f 2011 2010 1865
f 2012 1864 1863
f 2012 2011 1864
f 2013 1863 1862
f 2013 2012 1863
f 2014 1862 1861
f 2014 2013 1862
f 2015 2014 1861
f 2015 1861 1860
f 2016 2015 1860
f 2016 1860 1859
f 2017 2016 1859
f 2017 1859 1858
f 2018 2017 1858
f 2018 1858 1857
f 2019 1857 1856
f 2019 2018 1857
f 2020 1856 1855
f 2020 2019 1856
f 2021 1855 1854
f 2021 2020 1855
f 2022 1854 1853
f 2022 2021 1854
f 2023 1853 1852
f 2023 2022 1853
f 2024 1852 1851
f 2024 2023 1852
f 2025 1851 1850
f 2025 2024 1851
f 2026 1850 1849
f 2026 2025 1850
f 2027 1849 1848
f 2027 2026 1849
f 2028 1848 1847
f 2028 2027 1848
f 2029 1847 1846
f 2029 2028 1847
f 2030 1846 1845
f 2030 2029 1846
f 2031 1845 1844
f 2031 2030 1845
f 2032 1844 1843
f 2032 2031 1844
f 2033 1843 1842
f 2033 2032 1843
f 2034 1842 1841
f 2034 2033 1842
f 2035 1841 1869
f 2035 2034 1841
f 2036 1869 1870
f 2036 2035 1869
f 2037 1870 1871
f 2037 2036 1870
f 2038 1871 1872
f 2038 2037 1871
f 2039 1872 1873
f 2039 2038 1872
f 2040 2039 1873
f 2040 1873 1874
f 2041 2040 1874
f 2041 1874 1875
f 2042 2041 1875
f 2042 1875 1876
f 2042 1876 1877
f 2043 2042 1877
f 2043 1877 1878
f 2044 2043 1878
f 2044 1878 1879
f 2045 2044 1879
f 2045 1879 1880
f 2046 2045 1880
f 2046 1880 1881
f 2047 2046 1881
f 2047 1881 1882
f 2048 2047 1882
f 2048 1882 1883
f 2049 2048 1883
f 2049 1883 1884
f 2050 1884 1885
f 2050 2049 1884
f 2051 1885 1886
f 2051 2050 1885
f 2052 1886 1887
f 2052 2051 1886
f 2053 1887 1888
f 2053 2052 1887
f 2054 1888 1889
f 2054 2053 1888
f 1891 1889 1890
f 2055 2054 1889
f 2055 1889 1891
f 2056 1891 1892
f 2056 2055 1891
f 2057 1892 1893
f 2057 2056 1892
f 2058 1893 1894
f 2058 2057 1893
f 2059 1894 1895
f 2059 2058 1894
f 2060 1895 1896
f 2060 2059 1895
f 2061 1896 1897
f 2061 2060 1896
f 2062 1897 1898
f 2062 2061 1897
f 2063 1898 1899
f 2063 2062 1898
f 2064 2063 1899
f 2064 1899 1900
f 2065 2064 1900
f 2065 1900 1901
f 1903 1901 1902
f 2066 1901 1903
f 2066 2065 1901
f 2067 2066 1903
f 2067 1903 1904
f 2068 2067 1904
f 2068 1904 1905
f 2069 2068 1905
f 2069 1905 1906
f 2070 2069 1906
f 2070 1906 1907
f 2071 2070 1907
f 2071 1907 1908
f 2072 2071 1908
f 2072 1908 1909
f 2073 2072 1909
f 2073 1909 1910
f 2074 2073 1910
f 2074 1910 1911
f 2075 2074 1911
f 2075 1911 1912
f 2076 2075 1912
f 2076 1912 1913
f 2077 2076 1913
f 2077 1913 1914
f 2078 2077 1914
f 2078 1914 1915
f 2079 2078 1915
f 2079 1915 1916
f 2079 1916 1917
f 2080 2079 1917
f 2080 1917 1918
f 2081 2080 1918
f 2081 1918 1919
f 2082 2081 1919
f 2082 1919 1920
f 2083 1920 1921
f 2083 2082 1920
f 2084 1921 1922
f 2084 2083 1921
f 2085 1922 1923
f 2085 2084 1922
f 1978 1924 1925
f 2086 1923 1924
f 2086 2085 1923
f 2087 2086 1924
f 2088 2087 1924
f 2088 1978 1977
f 2088 1924 1978
f 2089 2088 1977
f 2089 1977 1976
f 2090 2089 1976
f 2090 1976 1975
f 2091 2090 1975
f 2091 1975 1974
f 2092 2091 1974
f 2092 1974 1973
f 2093 2092 1973
f 2093 1973 1972
f 2094 2093 1972
f 2094 1972 1971
f 2095 2094 1971
f 2095 1971 1970
f 2096 1970 1969
f 2096 2095 1970
f 2097 1969 1968
f 2097 2096 1969
f 2098 1968 1967
f 2098 2097 1968
f 2099 1967 1966
f 2099 2098 1967
f 2100 1966 1965
f 2100 2099 1966
f 2101 1965 1964
f 2101 2100 1965
f 2102 1964 1963
f 2102 2101 1964
f 2103 1963 1962
f 2103 2102 1963
f 2104 1962 1961
f 2104 2103 1962
f 2105 1961 1960
f 2105 2104 1961
f 2106 1960 1959
f 2106 2105 1960
f 2107 1959 1958
f 2107 2106 1959
f 2108 1958 1957
f 2108 2107 1958
f 2109 1957 1956
f 2109 2108 1957
f 2110 1956 1955
f 2110 2109 1956
f 2111 1955 1954
f 2111 2110 1955
f 2006 1953 1952
f 2006 1954 1953
f 2112 1954 2006
f 2112 2111 1954
f 2005 2006 1952
f 2005 1952 1951
f 2007 2112 2006
f 2004 1951 1950
f 2004 2005 1951
f 2003 1950 1949
f 2003 2004 1950
f 2002 1949 1948
f 2002 2003 1949
f 2001 1948 1947
f 2001 2002 1948
f 2000 1947 1946
f 2000 2001 1947
f 1999 1946 1945
f 1999 2000 1946
f 1998 1945 1944
f 1998 1999 1945
f 1997 1944 1943
f 1997 1998 1944
f 1996 1943 1942
f 1996 1997 1943
f 1995 1996 1942
f 1995 1942 1941
f 1994 1995 1941
f 1994 1941 1940
f 1993 1994 1940
f 1939 1993 1940
f 1992 1993 1939
f 1938 1992 1939
f 1991 1992 1938
f 1937 1991 1938
f 1990 1991 1937
f 1936 1990 1937
f 1989 1990 1936
f 1935 1989 1936
f 1988 1989 1935
f 1934 1988 1935
f 1987 1988 1934
f 1933 1987 1934
f 1986 1987 1933
f 1932 1986 1933
f 1985 1986 1932
f 1931 1985 1932
f 1984 1985 1931
f 1930 1984 1931
f 1983 1984 1930
f 1929 1983 1930
f 1982 1983 1929
f 1928 1982 1929
f 1981 1982 1928
f 1927 1981 1928
f 1980 1981 1927
f 1926 1980 1927
f 1979 1980 1926
f 2116 2113 2115
f 2114 2113 2116
f 2118 2223 2117
f 2118 2224 2223
f 2119 2225 2224
f 2119 2224 2118
f 2120 2226 2225
f 2120 2225 2119
f 2121 2227 2226
f 2121 2226 2120
f 2122 2228 2227
f 2122 2227 2121
f 2123 2229 2228
f 2123 2228 2122
f 2124 2230 2229
f 2124 2229 2123
f 2125 2231 2230
f 2125 2232 2231
f 2125 2230 2124
f 2126 2232 2125
f 2127 2233 2232
f 2127 2232 2126
f 2128 2234 2233
f 2128 2233 2127
f 2129 2235 2234
f 2129 2234 2128
f 2130 2236 2235
f 2130 2235 2129
f 2131 2237 2236
f 2131 2236 2130
f 2132 2238 2237
f 2132 2237 2131
f 2133 2239 2238
f 2133 2238 2132
f 2134 2240 2239
f 2134 2239 2133
f 2135 2241 2240
f 2135 2240 2134
f 2136 2242 2241
f 2136 2241 2135
f 2137 2243 2242
f 2137 2242 2136
f 2138 2244 2243
f 2138 2243 2137
f 2139 2244 2138
f 2139 2245 2244
f 2140 2245 2139
f 2140 2246 2245
f 2141 2246 2140
f 2141 2247 2246
f 2142 2247 2141
f 2142 2248 2247
f 2142 2249 2248
f 2143 2249 2142
f 2144 2249 2143
f 2144 2250 2249
f 2145 2250 2144
f 2145 2251 2250
f 2146 2251 2145
f 2146 2252 2251
f 2147 2252 2146
f 2147 2253 2252
f 2148 2254 2253
f 2148 2253 2147
f 2149 2255 2254
f 2149 2256 2255
f 2149 2254 2148
f 2150 2256 2149
f 2151 2257 2256
f 2151 2256 2150
f 2152 2258 2257
f 2152 2257 2151
f 2153 2259 2258
f 2153 2258 2152
f 2154 2260 2259
f 2154 2259 2153
f 2155 2261 2260
f 2155 2262 2261
f 2155 2260 2154
f 2156 2262 2155
f 2157 2263 2262
f 2157 2262 2156
f 2158 2264 2263
f 2158 2263 2157
f 2159 2265 2264
f 2159 2264 2158
f 2160 2266 2265
f 2160 2265 2159
f 2161 2267 2266
f 2161 2266 2160
f 2162 2268 2267
f 2162 2267 2161
f 2163 2269 2268
f 2163 2268 2162
f 2164 2270 2269
f 2164 2269 2163
f 2165 2270 2164
f 2165 2271 2270
f 2166 2271 2165
f 2166 2272 2271
f 2167 2272 2166
f 2167 2273 2272
f 2168 2273 2167
f 2168 2274 2273
f 2169 2274 2168
f 2169 2275 2274
f 2170 2275 2169
f 2170 2276 2275
f 2171 2276 2170
f 2171 2277 2276
f 2172 2277 2171
f 2172 2278 2277
f 2173 2278 2172
f 2173 2279 2278
f 2174 2279 2173
f 2174 2280 2279
f 2175 2280 2174
f 2175 2281 2280
f 2176 2281 2175
f 2176 2282 2281
f 2177 2282 2176
f 2177 2283 2282
f 2178 2283 2177
f 2178 2284 2283
f 2179 2284 2178
f 2179 2285 2284
f 2180 2285 2179
f 2180 2286 2285
f 2181 2286 2180
f 2181 2287 2286
f 2182 2288 2287
f 2182 2287 2181
f 2183 2289 2288
f 2183 2288 2182
f 2184 2290 2289
f 2184 2289 2183
f 2185 2291 2290
f 2185 2290 2184
f 2186 2292 2291
f 2186 2291 2185
f 2187 2293 2292
f 2187 2292 2186
f 2188 2294 2293
f 2188 2293 2187
f 2189 2294 2188
f 2189 2295 2294
f 2190 2295 2189
f 2190 2296 2295
f 2191 2296 2190
f 2191 2297 2296
f 2192 2297 2191
f 2192 2298 2297
f 2193 2298 2192
f 2193 2299 2298
f 2194 2299 2193
f 2194 2300 2299
f 2195 2300 2194
f 2195 2301 2300
f 2196 2301 2195
f 2196 2302 2301
f 2196 2303 2302
f 2197 2303 2196
f 2198 2303 2197
f 2198 2304 2303
f 2199 2304 2198
f 2199 2305 2304
f 2200 2305 2199
f 2200 2306 2305
f 2201 2306 2200
f 2201 2307 2306
f 2202 2307 2201
f 2202 2308 2307
f 2203 2308 2202
f 2203 2309 2308
f 2204 2309 2203
f 2204 2310 2309
f 2205 2310 2204
f 2205 2311 2310
f 2206 2311 2205
f 2206 2312 2311
f 2207 2312 2206
f 2207 2313 2312
f 2208 2313 2207
f 2208 2314 2313
f 2209 2314 2208
f 2209 2315 2314
f 2210 2315 2209
f 2210 2316 2315
f 2211 2316 2210
f 2211 2317 2316
f 2212 2317 2211
f 2212 2318 2317
f 2213 2319 2318
f 2213 2318 2212
f 2214 2320 2319
f 2214 2319 2213
f 2215 2320 2214
f 2215 2321 2320
f 2216 2322 2321
f 2216 2321 2215
f 2217 2323 2322
f 2217 2322 2216
f 2218 2324 2323
f 2218 2323 2217
f 2219 2325 2324
f 2219 2324 2218
f 2220 2326 2325
f 2220 2325 2219
f 2221 2327 2326
f 2221 2326 2220
f 2222 2327 2221
f 2222 2328 2327
f 2330 2329 2331
f 2330 2331 2332
f 2334 2333 2335
f 2334 2335 2336
f 2338 2337 2339
f 2338 2339 2340
f 2342 2341 2343
f 2342 2343 2344
f 2346 2345 2347
f 2346 2347 2348
f 2350 2349 2351
f 2350 2351 2352
f 2354 2459 2353
f 2354 2460 2459
f 2355 2461 2460
f 2355 2460 2354
f 2356 2462 2461
f 2356 2461 2355
f 2357 2463 2462
f 2357 2462 2356
f 2358 2464 2463
f 2358 2463 2357
f 2359 2465 2464
f 2359 2464 2358
f 2360 2466 2465
f 2360 2465 2359
f 2361 2467 2466
f 2361 2468 2467
f 2361 2466 2360
f 2362 2468 2361
f 2363 2469 2468
f 2363 2468 2362
f 2364 2470 2469
f 2364 2469 2363
f 2365 2471 2470
f 2365 2470 2364
f 2366 2472 2471
f 2366 2471 2365
f 2367 2473 2472
f 2367 2472 2366
f 2368 2474 2473
f 2368 2473 2367
f 2369 2475 2474
f 2369 2474 2368
f 2370 2476 2475
f 2370 2475 2369
f 2371 2477 2476
f 2371 2476 2370
f 2372 2478 2477
f 2372 2477 2371
f 2373 2479 2478
f 2373 2478 2372
f 2374 2480 2479
f 2374 2479 2373
f 2375 2480 2374
f 2375 2481 2480
f 2376 2481 2375
f 2376 2482 2481
f 2377 2482 2376
f 2377 2483 2482
f 2378 2483 2377
f 2378 2484 2483
f 2378 2485 2484
f 2379 2485 2378
f 2380 2485 2379
f 2380 2486 2485
f 2381 2486 2380
f 2381 2487 2486
f 2382 2487 2381
f 2382 2488 2487
f 2383 2488 2382
f 2383 2489 2488
f 2384 2490 2489
f 2384 2489 2383
f 2385 2491 2490
f 2385 2492 2491
f 2385 2490 2384
f 2386 2492 2385
f 2387 2493 2492
f 2387 2492 2386
f 2388 2494 2493
f 2388 2493 2387
f 2389 2495 2494
f 2389 2494 2388
f 2390 2496 2495
f 2390 2495 2389
f 2391 2497 2496
f 2391 2498 2497
f 2391 2496 2390
f 2392 2498 2391
f 2393 2499 2498
f 2393 2498 2392
f 2394 2500 2499
f 2394 2499 2393
f 2395 2501 2500
f 2395 2500 2394
f 2396 2502 2501
f 2396 2501 2395
f 2397 2503 2502
f 2397 2502 2396
f 2398 2504 2503
f 2398 2503 2397
f 2399 2505 2504
f 2399 2504 2398
f 2400 2506 2505
f 2400 2505 2399
f 2401 2506 2400
f 2401 2507 2506
f 2402 2507 2401
f 2402 2508 2507
f 2403 2508 2402
f 2403 2509 2508
f 2404 2509 2403
f 2404 2510 2509
f 2405 2510 2404
f 2405 2511 2510
f 2406 2511 2405
f 2406 2512 2511
f 2407 2512 2406
f 2407 2513 2512
f 2408 2513 2407
f 2408 2514 2513
f 2409 2514 2408
f 2409 2515 2514
f 2410 2515 2409
f 2410 2516 2515
f 2411 2516 2410
f 2411 2517 2516
f 2412 2517 2411
f 2412 2518 2517
f 2413 2518 2412
f 2413 2519 2518
f 2414 2519 2413
f 2414 2520 2519
f 2415 2520 2414
f 2415 2521 2520
f 2416 2521 2415
f 2416 2522 2521
f 2417 2522 2416
f 2417 2523 2522
f 2418 2524 2523
f 2418 2523 2417
f 2419 2525 2524
f 2419 2524 2418
f 2420 2526 2525
f 2420 2525 2419
f 2421 2527 2526
f 2421 2526 2420
f 2422 2528 2527
f 2422 2527 2421
f 2423 2529 2528
f 2423 2528 2422
f 2424 2530 2529
f 2424 2529 2423
f 2425 2530 2424
f 2425 2531 2530
f 2426 2531 2425
f 2426 2532 2531
f 2427 2532 2426
f 2427 2533 2532
f 2428 2533 2427
f 2428 2534 2533
f 2429 2534 2428
f 2429 2535 2534
f 2430 2535 2429
f 2430 2536 2535
f 2431 2536 2430
f 2431 2537 2536
f 2432 2537 2431
f 2432 2538 2537
f 2432 2539 2538
f 2433 2539 2432
f 2434 2539 2433
f 2434 2540 2539
f 2435 2540 2434
f 2435 2541 2540
f 2436 2541 2435
f 2436 2542 2541
f 2437 2542 2436
f 2437 2543 2542
f 2438 2543 2437
f 2438 2544 2543
f 2439 2544 2438
f 2439 2545 2544
f 2440 2545 2439
f 2440 2546 2545
f 2441 2546 2440
f 2441 2547 2546
f 2442 2547 2441
f 2442 2548 2547
f 2443 2548 2442
f 2443 2549 2548
f 2444 2549 2443
f 2444 2550 2549
f 2445 2550 2444
f 2445 2551 2550
f 2446 2551 2445
f 2446 2552 2551
f 2447 2552 2446
f 2447 2553 2552
f 2448 2553 2447
f 2448 2554 2553
f 2449 2555 2554
f 2449 2554 2448
f 2450 2556 2555
f 2450 2555 2449
f 2451 2556 2450
f 2451 2557 2556
f 2452 2558 2557
f 2452 2557 2451
f 2453 2559 2558
f 2453 2558 2452
f 2454 2560 2559
f 2454 2559 2453
f 2455 2561 2560
f 2455 2560 2454
f 2456 2562 2561
f 2456 2561 2455
f 2457 2563 2562
f 2457 2562 2456
f 2458 2563 2457
f 2458 2564 2563
f 2566 2671 2565
f 2566 2672 2671
f 2567 2673 2672
f 2567 2672 2566
f 2568 2674 2673
f 2568 2673 2567
f 2569 2675 2674
f 2569 2674 2568
f 2570 2676 2675
f 2570 2675 2569
f 2571 2677 2676
f 2571 2676 2570
f 2572 2678 2677
f 2572 2677 2571
f 2573 2679 2678
f 2573 2680 2679
f 2573 2678 2572
f 2574 2680 2573
f 2575 2681 2680
f 2575 2680 2574
f 2576 2682 2681
f 2576 2681 2575
f 2577 2683 2682
f 2577 2682 2576
f 2578 2684 2683
f 2578 2683 2577
f 2579 2685 2684
f 2579 2684 2578
f 2580 2686 2685
f 2580 2685 2579
f 2581 2687 2686
f 2581 2686 2580
f 2582 2688 2687
f 2582 2687 2581
f 2583 2689 2688
f 2583 2688 2582
f 2584 2690 2689
f 2584 2689 2583
f 2585 2691 2690
f 2585 2690 2584
f 2586 2692 2691
f 2586 2691 2585
f 2587 2692 2586
f 2587 2693 2692
f 2588 2693 2587
f 2588 2694 2693
f 2589 2694 2588
f 2589 2695 2694
f 2590 2695 2589
f 2590 2696 2695
f 2590 2697 2696
f 2591 2697 2590
f 2592 2697 2591
f 2592 2698 2697
f 2593 2698 2592
f 2593 2699 2698
f 2594 2699 2593
f 2594 2700 2699
f 2595 2700 2594
f 2595 2701 2700
f 2596 2702 2701
f 2596 2701 2595
f 2597 2703 2702
f 2597 2704 2703
f 2597 2702 2596
f 2598 2704 2597
f 2599 2705 2704
f 2599 2704 2598
f 2600 2706 2705
f 2600 2705 2599
f 2601 2707 2706
f 2601 2706 2600
f 2602 2708 2707
f 2602 2707 2601
f 2603 2709 2708
f 2603 2710 2709
f 2603 2708 2602
f 2604 2710 2603
f 2605 2711 2710
f 2605 2710 2604
f 2606 2712 2711
f 2606 2711 2605
f 2607 2713 2712
f 2607 2712 2606
f 2608 2714 2713
f 2608 2713 2607
f 2609 2715 2714
f 2609 2714 2608
f 2610 2716 2715
f 2610 2715 2609
f 2611 2717 2716
f 2611 2716 2610
f 2612 2718 2717
f 2612 2717 2611
f 2613 2718 2612
f 2613 2719 2718
f 2614 2719 2613
f 2614 2720 2719
f 2615 2720 2614
f 2615 2721 2720
f 2616 2721 2615
f 2616 2722 2721
f 2617 2722 2616
f 2617 2723 2722
f 2618 2723 2617
f 2618 2724 2723
f 2619 2724 2618
f 2619 2725 2724
f 2620 2725 2619
f 2620 2726 2725
f 2621 2726 2620
f 2621 2727 2726
f 2622 2727 2621
f 2622 2728 2727
f 2623 2728 2622
f 2623 2729 2728
f 2624 2729 2623
f 2624 2730 2729
f 2625 2730 2624
f 2625 2731 2730
f 2626 2731 2625
f 2626 2732 2731
f 2627 2732 2626
f 2627 2733 2732
f 2628 2733 2627
f 2628 2734 2733
f 2629 2734 2628
f 2629 2735 2734
f 2630 2736 2735
f 2630 2735 2629
f 2631 2737 2736
f 2631 2736 2630
f 2632 2738 2737
f 2632 2737 2631
f 2633 2739 2738
f 2633 2738 2632
f 2634 2740 2739
f 2634 2739 2633
f 2635 2741 2740
f 2635 2740 2634
f 2636 2742 2741
f 2636 2741 2635
f 2637 2742 2636
f 2637 2743 2742
f 2638 2743 2637
f 2638 2744 2743
f 2639 2744 2638
f 2639 2745 2744
f 2640 2745 2639
f 2640 2746 2745
f 2641 2746 2640
f 2641 2747 2746
f 2642 2747 2641
f 2642 2748 2747
f 2643 2748 2642
f 2643 2749 2748
f 2644 2749 2643
f 2644 2750 2749
f 2644 2751 2750
f 2645 2751 2644
f 2646 2751 2645
f 2646 2752 2751
f 2647 2752 2646
f 2647 2753 2752
f 2648 2753 2647
f 2648 2754 2753
f 2649 2754 2648
f 2649 2755 2754
f 2650 2755 2649
f 2650 2756 2755
f 2651 2756 2650
f 2651 2757 2756
f 2652 2757 2651
f 2652 2758 2757
f 2653 2758 2652
f 2653 2759 2758
f 2654 2759 2653
f 2654 2760 2759
f 2655 2760 2654
f 2655 2761 2760
f 2656 2761 2655
f 2656 2762 2761
f 2657 2762 2656
f 2657 2763 2762
f 2658 2763 2657
f 2658 2764 2763
f 2659 2764 2658
f 2659 2765 2764
f 2660 2765 2659
f 2660 2766 2765
f 2661 2767 2766
f 2661 2766 2660
f 2662 2768 2767
f 2662 2767 2661
f 2663 2768 2662
f 2663 2769 2768
f 2664 2770 2769
f 2664 2769 2663
f 2665 2771 2770
f 2665 2770 2664
f 2666 2772 2771
f 2666 2771 2665
f 2667 2773 2772
f 2667 2772 2666
f 2668 2774 2773
f 2668 2773 2667
f 2669 2775 2774
f 2669 2774 2668
f 2670 2775 2669
f 2670 2776 2775
f 2778 2883 2777
f 2778 2884 2883
f 2779 2885 2884
f 2779 2884 2778
f 2780 2886 2885
f 2780 2885 2779
f 2781 2887 2886
f 2781 2886 2780
f 2782 2888 2887
f 2782 2887 2781
f 2783 2889 2888
f 2783 2888 2782
f 2784 2890 2889
f 2784 2889 2783
f 2785 2891 2890
f 2785 2892 2891
f 2785 2890 2784
f 2786 2892 2785
f 2787 2893 2892
f 2787 2892 2786
f 2788 2894 2893
f 2788 2893 2787
f 2789 2895 2894
f 2789 2894 2788
f 2790 2896 2895
f 2790 2895 2789
f 2791 2897 2896
f 2791 2896 2790
f 2792 2898 2897
f 2792 2897 2791
f 2793 2899 2898
f 2793 2898 2792
f 2794 2900 2899
f 2794 2899 2793
f 2795 2901 2900
f 2795 2900 2794
f 2796 2902 2901
f 2796 2901 2795
f 2797 2903 2902
f 2797 2902 2796
f 2798 2904 2903
f 2798 2903 2797
f 2799 2904 2798
f 2799 2905 2904
f 2800 2905 2799
f 2800 2906 2905
f 2801 2906 2800
f 2801 2907 2906
f 2802 2907 2801
f 2802 2908 2907
f 2802 2909 2908
f 2803 2909 2802
f 2804 2909 2803
f 2804 2910 2909
f 2805 2910 2804
f 2805 2911 2910
f 2806 2911 2805
f 2806 2912 2911
f 2807 2912 2806
f 2807 2913 2912
f 2808 2914 2913
f 2808 2913 2807
f 2809 2915 2914
f 2809 2916 2915
f 2809 2914 2808
f 2810 2916 2809
f 2811 2917 2916
f 2811 2916 2810
f 2812 2918 2917
f 2812 2917 2811
f 2813 2919 2918
f 2813 2918 2812
f 2814 2920 2919
f 2814 2919 2813
f 2815 2921 2920
f 2815 2922 2921
f 2815 2920 2814
f 2816 2922 2815
f 2817 2923 2922
f 2817 2922 2816
f 2818 2924 2923
f 2818 2923 2817
f 2819 2925 2924
f 2819 2924 2818
f 2820 2926 2925
f 2820 2925 2819
f 2821 2927 2926
f 2821 2926 2820
f 2822 2928 2927
f 2822 2927 2821
f 2823 2929 2928
f 2823 2928 2822
f 2824 2930 2929
f 2824 2929 2823
f 2825 2930 2824
f 2825 2931 2930
f 2826 2931 2825
f 2826 2932 2931
f 2827 2932 2826
f 2827 2933 2932
f 2828 2933 2827
f 2828 2934 2933
f 2829 2934 2828
f 2829 2935 2934
f 2830 2935 2829
f 2830 2936 2935
f 2831 2936 2830
f 2831 2937 2936
f 2832 2937 2831
f 2832 2938 2937
f 2833 2938 2832
f 2833 2939 2938
f 2834 2939 2833
f 2834 2940 2939
f 2835 2940 2834
f 2835 2941 2940
f 2836 2941 2835
f 2836 2942 2941
f 2837 2942 2836
f 2837 2943 2942
f 2838 2943 2837
f 2838 2944 2943
f 2839 2944 2838
f 2839 2945 2944
f 2840 2945 2839
f 2840 2946 2945
f 2841 2946 2840
f 2841 2947 2946
f 2842 2948 2947
f 2842 2947 2841
f 2843 2949 2948
f 2843 2948 2842
f 2844 2950 2949
f 2844 2949 2843
f 2845 2951 2950
f 2845 2950 2844
f 2846 2952 2951
f 2846 2951 2845
f 2847 2953 2952
f 2847 2952 2846
f 2848 2954 2953
f 2848 2953 2847
f 2849 2954 2848
f 2849 2955 2954
f 2850 2955 2849
f 2850 2956 2955
f 2851 2956 2850
f 2851 2957 2956
f 2852 2957 2851
f 2852 2958 2957
f 2853 2958 2852
f 2853 2959 2958
f 2854 2959 2853
f 2854 2960 2959
f 2855 2960 2854
f 2855 2961 2960
f 2856 2961 2855
f 2856 2962 2961
f 2856 2963 2962
f 2857 2963 2856
f 2858 2963 2857
f 2858 2964 2963
f 2859 2964 2858
f 2859 2965 2964
f 2860 2965 2859
f 2860 2966 2965
f 2861 2966 2860
f 2861 2967 2966
f 2862 2967 2861
f 2862 2968 2967
f 2863 2968 2862
f 2863 2969 2968
f 2864 2969 2863
f 2864 2970 2969
f 2865 2970 2864
f 2865 2971 2970
f 2866 2971 2865
f 2866 2972 2971
f 2867 2972 2866
f 2867 2973 2972
f 2868 2973 2867
f 2868 2974 2973
f 2869 2974 2868
f 2869 2975 2974
f 2870 2975 2869
f 2870 2976 2975
f 2871 2976 2870
f 2871 2977 2976
f 2872 2977 2871
f 2872 2978 2977
f 2873 2979 2978
f 2873 2978 2872
f 2874 2980 2979
f 2874 2979 2873
f 2875 2980 2874
f 2875 2981 2980
f 2876 2982 2981
f 2876 2981 2875
f 2877 2983 2982
f 2877 2982 2876
f 2878 2984 2983
f 2878 2983 2877
f 2879 2985 2984
f 2879 2984 2878
f 2880 2986 2985
f 2880 2985 2879
f 2881 2987 2986
f 2881 2986 2880
f 2882 2987 2881
f 2882 2988 2987
f 2990 2989 2991
f 2990 2991 2992
f 2994 2993 2995
f 2994 2995 2996
f 2998 2997 2999
f 2998 2999 3000
f 3002 3001 3003
f 3002 3003 3004
f 3006 3005 3007
f 3006 3007 3008
f 3010 3009 3011
f 3010 3011 3012
f 3014 3119 3013
f 3014 3120 3119
f 3015 3121 3120
f 3015 3120 3014
f 3016 3122 3121
f 3016 3121 3015
f 3017 3123 3122
f 3017 3122 3016
f 3018 3124 3123
f 3018 3123 3017
f 3019 3125 3124
f 3019 3124 3018
f 3020 3126 3125
f 3020 3125 3019
f 3021 3127 3126
f 3021 3128 3127
f 3021 3126 3020
f 3022 3128 3021
f 3023 3129 3128
f 3023 3128 3022
f 3024 3130 3129
f 3024 3129 3023
f 3025 3131 3130
f 3025 3130 3024
f 3026 3132 3131
f 3026 3131 3025
f 3027 3133 3132
f 3027 3132 3026
f 3028 3134 3133
f 3028 3133 3027
f 3029 3135 3134
f 3029 3134 3028
f 3030 3136 3135
f 3030 3135 3029
f 3031 3137 3136
f 3031 3136 3030
f 3032 3138 3137
f 3032 3137 3031
f 3033 3139 3138
f 3033 3138 3032
f 3034 3140 3139
f 3034 3139 3033
f 3035 3140 3034
f 3035 3141 3140
f 3036 3141 3035
f 3036 3142 3141
f 3037 3142 3036
f 3037 3143 3142
f 3038 3143 3037
f 3038 3144 3143
f 3038 3145 3144
f 3039 3145 3038
f 3040 3145 3039
f 3040 3146 3145
f 3041 3146 3040
f 3041 3147 3146
f 3042 3147 3041
f 3042 3148 3147
f 3043 3148 3042
f 3043 3149 3148
f 3044 3150 3149
f 3044 3149 3043
f 3045 3151 3150
f 3045 3152 3151
f 3045 3150 3044
f 3046 3152 3045
f 3047 3153 3152
f 3047 3152 3046
f 3048 3154 3153
f 3048 3153 3047
f 3049 3155 3154
f 3049 3154 3048
f 3050 3156 3155
f 3050 3155 3049
f 3051 3157 3156
f 3051 3158 3157
f 3051 3156 3050
f 3052 3158 3051
f 3053 3159 3158
f 3053 3158 3052
f 3054 3160 3159
f 3054 3159 3053
f 3055 3161 3160
f 3055 3160 3054
f 3056 3162 3161
f 3056 3161 3055
f 3057 3163 3162
f 3057 3162 3056
f 3058 3164 3163
f 3058 3163 3057
f 3059 3165 3164
f 3059 3164 3058
f 3060 3166 3165
f 3060 3165 3059
f 3061 3166 3060
f 3061 3167 3166
f 3062 3167 3061
f 3062 3168 3167
f 3063 3168 3062
f 3063 3169 3168
f 3064 3169 3063
f 3064 3170 3169
f 3065 3170 3064
f 3065 3171 3170
f 3066 3171 3065
f 3066 3172 3171
f 3067 3172 3066
f 3067 3173 3172
f 3068 3173 3067
f 3068 3174 3173
f 3069 3174 3068
f 3069 3175 3174
f 3070 3175 3069
f 3070 3176 3175
f 3071 3176 3070
f 3071 3177 3176
f 3072 3177 3071
f 3072 3178 3177
f 3073 3178 3072
f 3073 3179 3178
f 3074 3179 3073
f 3074 3180 3179
f 3075 3180 3074
f 3075 3181 3180
f 3076 3181 3075
f 3076 3182 3181
f 3077 3182 3076
f 3077 3183 3182
f 3078 3184 3183
f 3078 3183 3077
f 3079 3185 3184
f 3079 3184 3078
f 3080 3186 3185
f 3080 3185 3079
f 3081 3187 3186
f 3081 3186 3080
f 3082 3188 3187
f 3082 3187 3081
f 3083 3189 3188
f 3083 3188 3082
f 3084 3190 3189
f 3084 3189 3083
f 3085 3190 3084
f 3085 3191 3190
f 3086 3191 3085
f 3086 3192 3191
f 3087 3192 3086
f 3087 3193 3192
f 3088 3193 3087
f 3088 3194 3193
f 3089 3194 3088
f 3089 3195 3194
f 3090 3195 3089
f 3090 3196 3195
f 3091 3196 3090
f 3091 3197 3196
f 3092 3197 3091
f 3092 3198 3197
f 3092 3199 3198
f 3093 3199 3092
f 3094 3199 3093
f 3094 3200 3199
f 3095 3200 3094
f 3095 3201 3200
f 3096 3201 3095
f 3096 3202 3201
f 3097 3202 3096
f 3097 3203 3202
f 3098 3203 3097
f 3098 3204 3203
f 3099 3204 3098
f 3099 3205 3204
f 3100 3205 3099
f 3100 3206 3205
f 3101 3206 3100
f 3101 3207 3206
f 3102 3207 3101
f 3102 3208 3207
f 3103 3208 3102
f 3103 3209 3208
f 3104 3209 3103
f 3104 3210 3209
f 3105 3210 3104
f 3105 3211 3210
f 3106 3211 3105
f 3106 3212 3211
f 3107 3212 3106
f 3107 3213 3212
f 3108 3213 3107
f 3108 3214 3213
f 3109 3215 3214
f 3109 3214 3108
f 3110 3216 3215
f 3110 3215 3109
f 3111 3216 3110
f 3111 3217 3216
f 3112 3218 3217
f 3112 3217 3111
f 3113 3219 3218
f 3113 3218 3112
f 3114 3220 3219
f 3114 3219 3113
f 3115 3221 3220
f 3115 3220 3114
f 3116 3222 3221
f 3116 3221 3115
f 3117 3223 3222
f 3117 3222 3116
f 3118 3223 3117
f 3118 3224 3223
f 3226 3249 3225
f 3226 3250 3249
f 3227 3251 3250
f 3227 3250 3226
f 3228 3252 3251
f 3228 3251 3227
f 3229 3253 3252
f 3229 3252 3228
f 3230 3254 3253
f 3230 3253 3229
f 3231 3255 3254
f 3231 3254 3230
f 3232 3256 3255
f 3232 3255 3231
f 3233 3257 3256
f 3233 3256 3232
f 3234 3258 3257
f 3234 3257 3233
f 3235 3259 3258
f 3235 3258 3234
f 3236 3260 3259
f 3236 3259 3235
f 3237 3260 3236
f 3237 3261 3260
f 3237 3262 3261
f 3238 3262 3237
f 3238 3263 3262
f 3239 3263 3238
f 3239 3264 3263
f 3240 3264 3239
f 3240 3265 3264
f 3241 3265 3240
f 3241 3266 3265
f 3242 3266 3241
f 3242 3267 3266
f 3243 3267 3242
f 3243 3268 3267
f 3244 3268 3243
f 3244 3269 3268
f 3245 3269 3244
f 3245 3270 3269
f 3246 3270 3245
f 3246 3271 3270
f 3247 3271 3246
f 3247 3272 3271
f 3248 3272 3247
f 3298 3274 3273
f 3299 3275 3274
f 3299 3274 3298
f 3300 3276 3275
f 3300 3275 3299
f 3301 3277 3276
f 3301 3276 3300
f 3302 3278 3277
f 3302 3277 3301
f 3303 3279 3278
f 3303 3278 3302
f 3304 3280 3279
f 3304 3279 3303
f 3305 3281 3280
f 3305 3280 3304
f 3306 3282 3281
f 3306 3281 3305
f 3307 3283 3282
f 3307 3282 3306
f 3308 3284 3283
f 3308 3283 3307
f 3309 3284 3308
f 3310 3284 3309
f 3310 3285 3284
f 3311 3285 3310
f 3311 3286 3285
f 3312 3286 3311
f 3312 3287 3286
f 3313 3287 3312
f 3313 3288 3287
f 3314 3288 3313
f 3314 3289 3288
f 3315 3290 3289
f 3315 3289 3314
f 3316 3291 3290
f 3316 3290 3315
f 3317 3292 3291
f 3317 3291 3316
f 3318 3293 3292
f 3318 3292 3317
f 3319 3294 3293
f 3319 3293 3318
f 3320 3295 3294
f 3320 3294 3319
f 3297 3296 3295
f 3297 3295 3320
f 3350 3347 3346
f 3350 3348 3347
f 3350 3349 3348
f 3351 3344 3343
f 3351 3345 3344
f 3351 3346 3345
f 3351 3350 3346
f 3352 3342 3341
f 3352 3343 3342
f 3352 3351 3343
f 3353 3340 3339
f 3353 3341 3340
f 3353 3352 3341
f 3321 3337 3336
f 3321 3338 3337
f 3321 3339 3338
f 3321 3353 3339
f 3322 3335 3334
f 3322 3336 3335
f 3322 3321 3336
f 3323 3333 3332
f 3323 3334 3333
f 3323 3322 3334
f 3324 3330 3329
f 3324 3331 3330
f 3324 3332 3331
f 3324 3323 3332
f 3325 3329 3328
f 3325 3324 3329
f 3327 3325 3328
f 3326 3325 3327
f 3524 3420 3525
f 3524 3419 3420
f 3526 3525 3420
f 3526 3420 3421
f 3523 3418 3419
f 3523 3419 3524
f 3527 3421 3422
f 3527 3526 3421
f 3522 3417 3418
f 3522 3418 3523
f 3528 3422 3423
f 3528 3527 3422
f 3521 3417 3522
f 3521 3415 3416
f 3521 3416 3417
f 3529 3423 3424
f 3529 3528 3423
f 3520 3415 3521
f 3530 3424 3425
f 3530 3529 3424
f 3519 3414 3415
f 3519 3415 3520
f 3531 3425 3426
f 3531 3530 3425
f 3518 3414 3519
f 3518 3413 3414
f 3532 3531 3426
f 3532 3426 3427
f 3532 3427 3428
f 3517 3413 3518
f 3517 3412 3413
f 3533 3532 3428
f 3516 3412 3517
f 3516 3411 3412
f 3534 3533 3428
f 3534 3428 3429
f 3534 3429 3430
f 3515 3410 3411
f 3515 3411 3516
f 3535 3534 3430
f 3514 3409 3410
f 3514 3410 3515
f 3536 3535 3430
f 3536 3430 3431
f 3513 3409 3514
f 3513 3408 3409
f 3537 3431 3432
f 3537 3536 3431
f 3537 3432 3433
f 3512 3408 3513
f 3512 3407 3408
f 3538 3537 3433
f 3511 3407 3512
f 3511 3406 3407
f 3539 3538 3433
f 3539 3433 3434
f 3510 3406 3511
f 3510 3405 3406
f 3540 3539 3434
f 3540 3434 3435
f 3509 3404 3405
f 3509 3405 3510
f 3541 3540 3435
f 3541 3435 3436
f 3508 3404 3509
f 3508 3403 3404
f 3542 3541 3436
f 3542 3436 3437
f 3507 3403 3508
f 3507 3402 3403
f 3543 3542 3437
f 3543 3437 3438
f 3506 3401 3402
f 3506 3402 3507
f 3544 3543 3438
f 3544 3438 3439
f 3505 3400 3401
f 3505 3401 3506
f 3545 3544 3439
f 3545 3439 3440
f 3504 3399 3400
f 3504 3400 3505
f 3546 3545 3440
f 3546 3440 3441
f 3503 3398 3399
f 3503 3399 3504
f 3547 3546 3441
f 3547 3441 3442
f 3502 3396 3397
f 3502 3398 3503
f 3502 3397 3398
f 3548 3547 3442
f 3548 3442 3443
f 3501 3396 3502
f 3549 3548 3443
f 3549 3443 3444
f 3500 3396 3501
f 3500 3395 3396
f 3550 3549 3444
f 3550 3444 3445
f 3499 3395 3500
f 3499 3394 3395
f 3446 3550 3445
f 3446 3551 3550
f 3498 3394 3499
f 3393 3394 3498
f 3552 3551 3446
f 3447 3552 3446
f 3392 3393 3498
f 3392 3498 3497
f 3448 3552 3447
f 3448 3553 3552
f 3391 3392 3497
f 3391 3496 3495
f 3391 3497 3496
f 3449 3553 3448
f 3449 3554 3553
f 3449 3555 3554
f 3390 3391 3495
f 3450 3555 3449
f 3389 3390 3495
f 3389 3495 3494
f 3451 3556 3555
f 3451 3555 3450
f 3388 3494 3493
f 3388 3389 3494
f 3452 3557 3556
f 3452 3556 3451
f 3387 3492 3491
f 3387 3493 3492
f 3387 3388 3493
f 3453 3558 3557
f 3453 3557 3452
f 3386 3387 3491
f 3454 3559 3558
f 3454 3558 3453
f 3385 3386 3491
f 3385 3491 3490
f 3455 3560 3559
f 3455 3559 3454
f 3384 3385 3490
f 3384 3490 3489
f 3456 3561 3560
f 3456 3560 3455
f 3383 3489 3488
f 3383 3384 3489
f 3457 3562 3561
f 3457 3563 3562
f 3457 3561 3456
f 3382 3487 3486
f 3382 3488 3487
f 3382 3383 3488
f 3458 3563 3457
f 3381 3382 3486
f 3354 3459 3563
f 3354 3563 3458
f 3380 3486 3485
f 3380 3381 3486
f 3355 3460 3459
f 3355 3459 3354
f 3379 3484 3483
f 3379 3485 3484
f 3379 3380 3485
f 3356 3461 3460
f 3356 3462 3461
f 3356 3460 3355
f 3378 3379 3483
f 3357 3462 3356
f 3377 3378 3483
f 3377 3483 3482
f 3358 3463 3462
f 3358 3464 3463
f 3358 3462 3357
f 3376 3482 3481
f 3376 3377 3482
f 3359 3464 3358
f 3375 3481 3480
f 3375 3376 3481
f 3360 3465 3464
f 3360 3464 3359
f 3374 3480 3479
f 3374 3375 3480
f 3361 3466 3465
f 3361 3465 3360
f 3373 3374 3479
f 3373 3479 3478
f 3362 3467 3466
f 3362 3468 3467
f 3362 3466 3361
f 3372 3373 3478
f 3372 3478 3477
f 3363 3468 3362
f 3371 3372 3477
f 3371 3477 3476
f 3364 3468 3363
f 3364 3469 3468
f 3364 3470 3469
f 3370 3371 3476
f 3370 3476 3475
f 3365 3470 3364
f 3369 3370 3475
f 3369 3475 3474
f 3366 3470 3365
f 3366 3471 3470
f 3368 3473 3472
f 3368 3474 3473
f 3368 3369 3474
f 3367 3471 3366
f 3367 3472 3471
f 3367 3368 3472
f 3734 3630 3735
f 3734 3629 3630
f 3736 3735 3630
f 3736 3630 3631
f 3733 3628 3629
f 3733 3629 3734
f 3737 3736 3631
f 3737 3631 3632
f 3732 3627 3628
f 3732 3628 3733
f 3738 3737 3632
f 3738 3632 3633
f 3731 3627 3732
f 3731 3625 3626
f 3731 3626 3627
f 3739 3738 3633
f 3739 3633 3634
f 3730 3625 3731
f 3740 3739 3634
f 3740 3634 3635
f 3729 3625 3730
f 3729 3624 3625
f 3741 3635 3636
f 3741 3740 3635
f 3728 3622 3623
f 3728 3623 3624
f 3728 3624 3729
f 3742 3741 3636
f 3742 3636 3637
f 3727 3622 3728
f 3743 3637 3638
f 3743 3742 3637
f 3726 3622 3727
f 3726 3621 3622
f 3744 3743 3638
f 3744 3638 3639
f 3744 3639 3640
f 3725 3621 3726
f 3725 3620 3621
f 3745 3744 3640
f 3724 3620 3725
f 3724 3619 3620
f 3746 3745 3640
f 3746 3640 3641
f 3723 3618 3619
f 3723 3619 3724
f 3747 3746 3641
f 3747 3641 3642
f 3747 3642 3643
f 3722 3618 3723
f 3722 3617 3618
f 3748 3747 3643
f 3721 3616 3617
f 3721 3617 3722
f 3749 3748 3643
f 3749 3643 3644
f 3720 3615 3616
f 3720 3616 3721
f 3750 3644 3645
f 3750 3749 3644
f 3719 3614 3615
f 3719 3615 3720
f 3751 3750 3645
f 3751 3645 3646
f 3718 3614 3719
f 3718 3613 3614
f 3752 3751 3646
f 3752 3646 3647
f 3717 3613 3718
f 3717 3612 3613
f 3753 3752 3647
f 3753 3647 3648
f 3716 3610 3611
f 3716 3611 3612
f 3716 3612 3717
f 3754 3753 3648
f 3754 3648 3649
f 3715 3610 3716
f 3755 3754 3649
f 3755 3649 3650
f 3714 3610 3715
f 3714 3609 3610
f 3756 3755 3650
f 3756 3650 3651
f 3713 3608 3609
f 3713 3609 3714
f 3757 3756 3651
f 3757 3651 3652
f 3757 3652 3653
f 3712 3607 3608
f 3712 3608 3713
f 3758 3757 3653
f 3711 3606 3607
f 3711 3607 3712
f 3759 3758 3653
f 3759 3653 3654
f 3710 3606 3711
f 3710 3605 3606
f 3760 3654 3655
f 3760 3759 3654
f 3709 3604 3605
f 3709 3605 3710
f 3761 3760 3655
f 3656 3761 3655
f 3603 3709 3708
f 3603 3604 3709
f 3762 3761 3656
f 3707 3603 3708
f 3657 3762 3656
f 3602 3603 3707
f 3658 3762 3657
f 3658 3763 3762
f 3601 3602 3707
f 3601 3707 3706
f 3659 3763 3658
f 3659 3764 3763
f 3600 3706 3705
f 3600 3601 3706
f 3660 3764 3659
f 3660 3765 3764
f 3599 3705 3704
f 3599 3600 3705
f 3661 3766 3765
f 3661 3765 3660
f 3598 3704 3703
f 3598 3599 3704
f 3662 3767 3766
f 3662 3768 3767
f 3662 3766 3661
f 3597 3703 3702
f 3597 3598 3703
f 3663 3769 3768
f 3663 3768 3662
f 3596 3702 3701
f 3596 3597 3702
f 3664 3770 3769
f 3664 3769 3663
f 3595 3596 3701
f 3595 3700 3699
f 3595 3701 3700
f 3665 3770 3664
f 3594 3595 3699
f 3666 3771 3770
f 3666 3772 3771
f 3666 3770 3665
f 3593 3594 3699
f 3593 3699 3698
f 3667 3772 3666
f 3592 3698 3697
f 3592 3593 3698
f 3668 3773 3772
f 3668 3669 3773
f 3668 3772 3667
f 3591 3697 3696
f 3591 3592 3697
f 3564 3669 3668
f 3590 3696 3695
f 3590 3591 3696
f 3565 3670 3669
f 3565 3671 3670
f 3565 3669 3564
f 3589 3694 3693
f 3589 3695 3694
f 3589 3590 3695
f 3566 3671 3565
f 3588 3589 3693
f 3567 3672 3671
f 3567 3673 3672
f 3567 3671 3566
f 3587 3693 3692
f 3587 3588 3693
f 3568 3674 3673
f 3568 3673 3567
f 3586 3692 3691
f 3586 3587 3692
f 3569 3674 3568
f 3585 3586 3691
f 3585 3691 3690
f 3570 3675 3674
f 3570 3674 3569
f 3584 3585 3690
f 3584 3690 3689
f 3571 3676 3675
f 3571 3675 3570
f 3583 3689 3688
f 3583 3584 3689
f 3572 3677 3676
f 3572 3678 3677
f 3572 3676 3571
f 3582 3583 3688
f 3582 3688 3687
f 3573 3678 3572
f 3581 3582 3687
f 3581 3687 3686
f 3574 3678 3573
f 3574 3679 3678
f 3574 3680 3679
f 3580 3581 3686
f 3580 3686 3685
f 3575 3680 3574
f 3575 3681 3680
f 3579 3580 3685
f 3579 3685 3684
f 3576 3681 3575
f 3578 3684 3683
f 3578 3579 3684
f 3577 3681 3576
f 3577 3578 3683
f 3577 3682 3681
f 3577 3683 3682
f 3806 3775 3774
f 3776 3775 3806
f 3777 3806 3805
f 3777 3776 3806
f 3778 3777 3805
f 3779 3778 3805
f 3780 3805 3804
f 3780 3779 3805
f 3781 3780 3804
f 3782 3804 3803
f 3782 3781 3804
f 3783 3782 3803
f 3784 3803 3802
f 3784 3783 3803
f 3785 3784 3802
f 3786 3785 3802
f 3787 3802 3801
f 3787 3786 3802
f 3788 3787 3801
f 3789 3801 3800
f 3789 3788 3801
f 3790 3789 3800
f 3791 3800 3799
f 3791 3790 3800
f 3792 3791 3799
f 3793 3792 3799
f 3794 3799 3798
f 3794 3793 3799
f 3795 3794 3798
f 3796 3795 3798
f 3797 3796 3798
f 3878 3879 3811
f 3880 3811 3879
f 3877 3878 3811
f 3881 3811 3880
f 3876 3877 3811
f 3882 3811 3881
f 3875 3876 3811
f 3883 3811 3882
f 3874 3811 3810
f 3874 3875 3811
f 3884 3811 3883
f 3873 3874 3810
f 3885 3811 3884
f 3872 3873 3810
f 3886 3811 3885
f 3871 3872 3810
f 3887 3811 3886
f 3870 3871 3810
f 3888 3811 3887
f 3869 3870 3810
f 3889 3811 3888
f 3868 3869 3810
f 3890 3811 3889
f 3867 3868 3810
f 3891 3811 3890
f 3866 3867 3810
f 3892 3811 3891
f 3865 3866 3810
f 3864 3865 3810
f 3863 3864 3810
f 3812 3811 3892
f 3812 3892 3893
f 3812 3893 3894
f 3895 3812 3894
f 3862 3863 3810
f 3896 3812 3895
f 3861 3862 3810
f 3897 3812 3896
f 3860 3861 3810
f 3898 3812 3897
f 3859 3860 3810
f 3899 3812 3898
f 3858 3859 3810
f 3900 3812 3899
f 3857 3858 3810
f 3901 3812 3900
f 3902 3812 3901
f 3903 3812 3902
f 3904 3812 3903
f 3905 3812 3904
f 3906 3812 3905
f 3907 3812 3906
f 3908 3812 3907
f 3909 3812 3908
f 3809 3843 3844
f 3809 3844 3845
f 3809 3845 3846
f 3809 3846 3847
f 3809 3847 3848
f 3809 3848 3849
f 3809 3849 3850
f 3809 3850 3851
f 3809 3851 3852
f 3809 3852 3853
f 3809 3853 3854
f 3809 3854 3855
f 3809 3855 3856
f 3809 3856 3857
f 3809 3857 3810
f 3842 3843 3809
f 3841 3842 3809
f 3840 3841 3809
f 3839 3840 3809
f 3807 3909 3910
f 3807 3910 3911
f 3807 3911 3912
f 3807 3912 3913
f 3807 3913 3914
f 3807 3914 3915
f 3807 3813 3814
f 3807 3915 3916
f 3807 3814 3815
f 3807 3916 3917
f 3807 3815 3816
f 3807 3917 3813
f 3807 3816 3817
f 3807 3817 3818
f 3807 3818 3819
f 3807 3819 3820
f 3807 3820 3821
f 3807 3821 3822
f 3807 3812 3909
f 3808 3822 3823
f 3808 3823 3824
f 3808 3824 3825
f 3808 3825 3826
f 3808 3826 3827
f 3808 3827 3828
f 3808 3828 3829
f 3808 3829 3830
f 3808 3830 3831
f 3808 3831 3832
f 3808 3832 3833
f 3808 3833 3834
f 3808 3834 3835
f 3808 3835 3836
f 3808 3836 3837
f 3808 3837 3838
f 3808 3838 3839
f 3808 3807 3822
f 3808 3839 3809
f 3989 3990 3922
f 3991 3922 3990
f 3988 3989 3922
f 3992 3922 3991
f 3987 3988 3922
f 3993 3922 3992
f 3986 3987 3922
f 3994 3922 3993
f 3985 3922 3921
f 3985 3986 3922
f 3995 3922 3994
f 3984 3985 3921
f 3996 3922 3995
f 3983 3984 3921
f 3997 3922 3996
f 3982 3983 3921
f 3998 3922 3997
f 3981 3982 3921
f 3999 3922 3998
f 3980 3981 3921
f 4000 3922 3999
f 3979 3980 3921
f 4001 3922 4000
f 3978 3979 3921
f 4002 3922 4001
f 3977 3978 3921
f 4003 3922 4002
f 3976 3977 3921
f 3975 3976 3921
f 3974 3975 3921
f 3923 3922 4003
f 3923 4003 4004
f 3923 4004 4005
f 4006 3923 4005
f 3973 3974 3921
f 4007 3923 4006
f 3972 3973 3921
f 4008 3923 4007
f 3971 3972 3921
f 4009 3923 4008
f 3970 3971 3921
f 4010 3923 4009
f 3969 3970 3921
f 4011 3923 4010
f 3968 3969 3921
f 4012 3923 4011
f 4013 3923 4012
f 4014 3923 4013
f 4015 3923 4014
f 4016 3923 4015
f 4017 3923 4016
f 4018 3923 4017
f 4019 3923 4018
f 4020 3923 4019
f 3920 3954 3955
f 3920 3955 3956
f 3920 3956 3957
f 3920 3957 3958
f 3920 3958 3959
f 3920 3959 3960
f 3920 3960 3961
f 3920 3961 3962
f 3920 3962 3963
f 3920 3963 3964
f 3920 3964 3965
f 3920 3965 3966
f 3920 3966 3967
f 3920 3967 3968
f 3920 3968 3921
f 3953 3954 3920
f 3952 3953 3920
f 3951 3952 3920
f 3950 3951 3920
f 3918 4020 4021
f 3918 4021 4022
f 3918 4022 4023
f 3918 4023 4024
f 3918 4024 4025
f 3918 4025 4026
f 3918 3924 3925
f 3918 4026 4027
f 3918 3925 3926
f 3918 4027 4028
f 3918 3926 3927
f 3918 4028 3924
f 3918 3927 3928
f 3918 3928 3929
f 3918 3929 3930
f 3918 3930 3931
f 3918 3931 3932
f 3918 3932 3933
f 3918 3923 4020
f 3919 3933 3934
f 3919 3934 3935
f 3919 3935 3936
f 3919 3936 3937
f 3919 3937 3938
f 3919 3938 3939
f 3919 3939 3940
f 3919 3940 3941
f 3919 3941 3942
f 3919 3942 3943
f 3919 3943 3944
f 3919 3944 3945
f 3919 3945 3946
f 3919 3946 3947
f 3919 3947 3948
f 3919 3948 3949
f 3919 3949 3950
f 3919 3918 3933
f 3919 3950 3920
f 4030 4029 4135
f 4030 4135 4136
f 4031 4136 4137
f 4031 4030 4136
f 4032 4137 4138
f 4032 4031 4137
f 4033 4138 4139
f 4033 4032 4138
f 4034 4139 4140
f 4034 4033 4139
f 4035 4140 4141
f 4035 4034 4140
f 4036 4141 4142
f 4036 4035 4141
f 4037 4142 4143
f 4037 4036 4142
f 4038 4143 4144
f 4038 4144 4145
f 4038 4037 4143
f 4039 4038 4145
f 4039 4145 4146
f 4040 4039 4146
f 4041 4146 4147
f 4041 4040 4146
f 4042 4147 4148
f 4042 4041 4147
f 4043 4148 4149
f 4043 4042 4148
f 4044 4149 4150
f 4044 4043 4149
f 4045 4150 4151
f 4045 4044 4150
f 4046 4151 4152
f 4046 4045 4151
f 4047 4152 4153
f 4047 4046 4152
f 4048 4153 4154
f 4048 4047 4153
f 4049 4154 4155
f 4049 4048 4154
f 4050 4155 4156
f 4050 4049 4155
f 4051 4050 4156
f 4051 4156 4157
f 4052 4051 4157
f 4052 4157 4158
f 4053 4052 4158
f 4053 4158 4159
f 4054 4053 4159
f 4054 4159 4160
f 4055 4054 4160
f 4055 4160 4161
f 4056 4055 4161
f 4056 4161 4162
f 4057 4056 4162
f 4057 4162 4163
f 4058 4057 4163
f 4058 4163 4164
f 4059 4058 4164
f 4059 4164 4165
f 4060 4165 4166
f 4060 4059 4165
f 4061 4166 4167
f 4061 4060 4166
f 4062 4167 4168
f 4062 4061 4167
f 4063 4168 4169
f 4063 4169 4170
f 4063 4062 4168
f 4064 4063 4170
f 4065 4170 4171
f 4065 4171 4172
f 4065 4064 4170
f 4066 4065 4172
f 4067 4172 4173
f 4067 4173 4174
f 4067 4066 4172
f 4068 4067 4174
f 4069 4174 4175
f 4069 4175 4176
f 4069 4068 4174
f 4070 4069 4176
f 4071 4176 4177
f 4071 4177 4178
f 4071 4070 4176
f 4072 4071 4178
f 4073 4178 4179
f 4073 4179 4180
f 4073 4072 4178
f 4074 4073 4180
f 4075 4180 4181
f 4075 4181 4182
f 4075 4074 4180
f 4076 4075 4182
f 4077 4076 4182
f 4077 4182 4183
f 4078 4077 4183
f 4078 4183 4184
f 4079 4078 4184
f 4079 4184 4185
f 4080 4079 4185
f 4080 4185 4186
f 4081 4080 4186
f 4081 4186 4187
f 4082 4081 4187
f 4082 4187 4188
f 4083 4082 4188
f 4083 4188 4189
f 4084 4083 4189
f 4084 4189 4190
f 4085 4084 4190
f 4085 4190 4191
f 4086 4085 4191
f 4086 4191 4192
f 4087 4086 4192
f 4087 4192 4193
f 4088 4087 4193
f 4088 4193 4194
f 4089 4088 4194
f 4089 4194 4195
f 4090 4089 4195
f 4090 4195 4196
f 4091 4090 4196
f 4091 4196 4197
f 4092 4091 4197
f 4092 4197 4198
f 4093 4092 4198
f 4093 4198 4199
f 4094 4199 4200
f 4094 4093 4199
f 4095 4200 4201
f 4095 4094 4200
f 4096 4201 4202
f 4096 4095 4201
f 4097 4202 4203
f 4097 4203 4204
f 4097 4096 4202
f 4098 4097 4204
f 4099 4204 4205
f 4099 4205 4206
f 4099 4098 4204
f 4100 4206 4207
f 4100 4099 4206
f 4101 4100 4207
f 4102 4101 4207
f 4102 4207 4208
f 4103 4102 4208
f 4103 4208 4209
f 4104 4103 4209
f 4104 4209 4210
f 4105 4104 4210
f 4105 4210 4211
f 4106 4105 4211
f 4106 4211 4212
f 4106 4212 4213
f 4107 4106 4213
f 4108 4107 4213
f 4108 4213 4214
f 4109 4108 4214
f 4109 4214 4215
f 4109 4215 4216
f 4110 4109 4216
f 4111 4110 4216
f 4111 4216 4217
f 4112 4111 4217
f 4112 4217 4218
f 4113 4112 4218
f 4113 4218 4219
f 4114 4113 4219
f 4114 4219 4220
f 4114 4220 4221
f 4115 4114 4221
f 4116 4115 4221
f 4116 4221 4222
f 4117 4116 4222
f 4117 4222 4223
f 4117 4223 4224
f 4118 4117 4224
f 4119 4118 4224
f 4119 4224 4225
f 4120 4119 4225
f 4120 4225 4226
f 4121 4120 4226
f 4121 4226 4227
f 4122 4121 4227
f 4122 4227 4228
f 4123 4122 4228
f 4123 4228 4229
f 4124 4123 4229
f 4124 4229 4230
f 4125 4230 4231
f 4125 4124 4230
f 4126 4231 4232
f 4126 4125 4231
f 4127 4126 4232
f 4127 4232 4233
f 4128 4233 4234
f 4128 4127 4233
f 4129 4234 4235
f 4129 4128 4234
f 4130 4235 4236
f 4130 4129 4235
f 4131 4236 4237
f 4131 4130 4236
f 4132 4237 4238
f 4132 4131 4237
f 4133 4238 4239
f 4133 4132 4238
f 4134 4133 4239
f 4134 4239 4240
f 4242 4241 4347
f 4242 4347 4348
f 4243 4348 4349
f 4243 4242 4348
f 4244 4349 4350
f 4244 4243 4349
f 4245 4350 4351
f 4245 4244 4350
f 4246 4351 4352
f 4246 4245 4351
f 4247 4352 4353
f 4247 4246 4352
f 4248 4353 4354
f 4248 4247 4353
f 4249 4354 4355
f 4249 4248 4354
f 4250 4355 4356
f 4250 4356 4357
f 4250 4249 4355
f 4251 4250 4357
f 4251 4357 4358
f 4252 4251 4358
f 4253 4358 4359
f 4253 4252 4358
f 4254 4359 4360
f 4254 4253 4359
f 4255 4360 4361
f 4255 4254 4360
f 4256 4361 4362
f 4256 4255 4361
f 4257 4362 4363
f 4257 4256 4362
f 4258 4363 4364
f 4258 4257 4363
f 4259 4364 4365
f 4259 4258 4364
f 4260 4365 4366
f 4260 4259 4365
f 4261 4366 4367
f 4261 4260 4366
f 4262 4367 4368
f 4262 4261 4367
f 4263 4262 4368
f 4263 4368 4369
f 4264 4263 4369
f 4264 4369 4370
f 4265 4264 4370
f 4265 4370 4371
f 4266 4265 4371
f 4266 4371 4372
f 4267 4266 4372
f 4267 4372 4373
f 4268 4267 4373
f 4268 4373 4374
f 4269 4268 4374
f 4269 4374 4375
f 4270 4269 4375
f 4270 4375 4376
f 4271 4270 4376
f 4271 4376 4377
f 4272 4377 4378
f 4272 4271 4377
f 4273 4378 4379
f 4273 4272 4378
f 4274 4379 4380
f 4274 4273 4379
f 4275 4380 4381
f 4275 4381 4382
f 4275 4274 4380
f 4276 4275 4382
f 4277 4382 4383
f 4277 4383 4384
f 4277 4276 4382
f 4278 4277 4384
f 4279 4384 4385
f 4279 4385 4386
f 4279 4278 4384
f 4280 4279 4386
f 4281 4386 4387
f 4281 4387 4388
f 4281 4280 4386
f 4282 4281 4388
f 4283 4388 4389
f 4283 4389 4390
f 4283 4282 4388
f 4284 4283 4390
f 4285 4390 4391
f 4285 4391 4392
f 4285 4284 4390
f 4286 4285 4392
f 4287 4392 4393
f 4287 4393 4394
f 4287 4286 4392
f 4288 4287 4394
f 4289 4288 4394
f 4289 4394 4395
f 4290 4289 4395
f 4290 4395 4396
f 4291 4290 4396
f 4291 4396 4397
f 4292 4291 4397
f 4292 4397 4398
f 4293 4292 4398
f 4293 4398 4399
f 4294 4293 4399
f 4294 4399 4400
f 4295 4294 4400
f 4295 4400 4401
f 4296 4295 4401
f 4296 4401 4402
f 4297 4296 4402
f 4297 4402 4403
f 4298 4297 4403
f 4298 4403 4404
f 4299 4298 4404
f 4299 4404 4405
f 4300 4299 4405
f 4300 4405 4406
f 4301 4300 4406
f 4301 4406 4407
f 4302 4301 4407
f 4302 4407 4408
f 4303 4302 4408
f 4303 4408 4409
f 4304 4303 4409
f 4304 4409 4410
f 4305 4304 4410
f 4305 4410 4411
f 4306 4411 4412
f 4306 4305 4411
f 4307 4412 4413
f 4307 4306 4412
f 4308 4413 4414
f 4308 4307 4413
f 4309 4414 4415
f 4309 4415 4416
f 4309 4308 4414
f 4310 4309 4416
f 4311 4416 4417
f 4311 4417 4418
f 4311 4310 4416
f 4312 4418 4419
f 4312 4311 4418
f 4313 4312 4419
f 4314 4313 4419
f 4314 4419 4420
f 4315 4314 4420
f 4315 4420 4421
f 4316 4315 4421
f 4316 4421 4422
f 4317 4316 4422
f 4317 4422 4423
f 4318 4317 4423
f 4318 4423 4424
f 4318 4424 4425
f 4319 4318 4425
f 4320 4319 4425
f 4320 4425 4426
f 4321 4320 4426
f 4321 4426 4427
f 4321 4427 4428
f 4322 4321 4428
f 4323 4322 4428
f 4323 4428 4429
f 4324 4323 4429
f 4324 4429 4430
f 4325 4324 4430
f 4325 4430 4431
f 4326 4325 4431
f 4326 4431 4432
f 4326 4432 4433
f 4327 4326 4433
f 4328 4327 4433
f 4328 4433 4434
f 4329 4328 4434
f 4329 4434 4435
f 4329 4435 4436
f 4330 4329 4436
f 4331 4330 4436
f 4331 4436 4437
f 4332 4331 4437
f 4332 4437 4438
f 4333 4332 4438
f 4333 4438 4439
f 4334 4333 4439
f 4334 4439 4440
f 4335 4334 4440
f 4335 4440 4441
f 4336 4335 4441
f 4336 4441 4442
f 4337 4442 4443
f 4337 4336 4442
f 4338 4443 4444
f 4338 4337 4443
f 4339 4338 4444
f 4339 4444 4445
f 4340 4445 4446
f 4340 4339 4445
f 4341 4446 4447
f 4341 4340 4446
f 4342 4447 4448
f 4342 4341 4447
f 4343 4448 4449
f 4343 4342 4448
f 4344 4449 4450
f 4344 4343 4449
f 4345 4450 4451
f 4345 4344 4450
f 4346 4345 4451
f 4346 4451 4452
f 4455 4561 4560
f 4456 4561 4455
f 4457 4562 4561
f 4457 4563 4562
f 4457 4561 4456
f 4458 4563 4457
f 4459 4564 4563
f 4459 4563 4458
f 4460 4565 4564
f 4460 4564 4459
f 4461 4566 4565
f 4461 4565 4460
f 4462 4567 4566
f 4462 4568 4567
f 4462 4566 4461
f 4463 4568 4462
f 4464 4569 4568
f 4464 4570 4569
f 4464 4568 4463
f 4465 4570 4464
f 4466 4571 4570
f 4466 4570 4465
f 4467 4572 4571
f 4467 4573 4572
f 4467 4571 4466
f 4468 4574 4573
f 4468 4573 4467
f 4469 4575 4574
f 4469 4574 4468
f 4470 4575 4469
f 4471 4576 4575
f 4471 4575 4470
f 4472 4577 4576
f 4472 4576 4471
f 4473 4578 4577
f 4473 4579 4578
f 4473 4577 4472
f 4474 4579 4473
f 4475 4580 4579
f 4475 4581 4580
f 4475 4579 4474
f 4476 4581 4475
f 4477 4581 4476
f 4477 4582 4581
f 4478 4582 4477
f 4478 4583 4582
f 4478 4584 4583
f 4479 4584 4478
f 4480 4584 4479
f 4480 4585 4584
f 4481 4585 4480
f 4481 4586 4585
f 4481 4587 4586
f 4482 4587 4481
f 4483 4587 4482
f 4483 4588 4587
f 4484 4588 4483
f 4484 4589 4588
f 4485 4590 4589
f 4485 4589 4484
f 4486 4591 4590
f 4486 4590 4485
f 4487 4592 4591
f 4487 4593 4592
f 4487 4591 4486
f 4488 4593 4487
f 4489 4594 4593
f 4489 4595 4594
f 4489 4593 4488
f 4490 4595 4489
f 4491 4596 4595
f 4491 4597 4596
f 4491 4595 4490
f 4492 4597 4491
f 4493 4598 4597
f 4493 4597 4492
f 4494 4599 4598
f 4494 4600 4599
f 4494 4598 4493
f 4495 4600 4494
f 4496 4601 4600
f 4496 4602 4601
f 4496 4600 4495
f 4497 4602 4496
f 4498 4603 4602
f 4498 4604 4603
f 4498 4602 4497
f 4499 4604 4498
f 4500 4605 4604
f 4500 4606 4605
f 4500 4604 4499
f 4501 4606 4500
f 4502 4607 4606
f 4502 4606 4501
f 4503 4607 4502
f 4503 4608 4607
f 4503 4609 4608
f 4504 4609 4503
f 4505 4609 4504
f 4505 4610 4609
f 4505 4611 4610
f 4506 4611 4505
f 4507 4611 4506
f 4507 4612 4611
f 4507 4613 4612
f 4508 4613 4507
f 4509 4613 4508
f 4509 4614 4613
f 4510 4614 4509
f 4510 4615 4614
f 4510 4616 4615
f 4511 4616 4510
f 4512 4616 4511
f 4512 4617 4616
f 4512 4618 4617
f 4513 4618 4512
f 4514 4618 4513
f 4514 4619 4618
f 4514 4620 4619
f 4515 4620 4514
f 4516 4620 4515
f 4516 4621 4620
f 4517 4621 4516
f 4517 4622 4621
f 4517 4623 4622
f 4518 4623 4517
f 4519 4623 4518
f 4519 4624 4623
f 4519 4625 4624
f 4520 4625 4519
f 4521 4626 4625
f 4521 4627 4626
f 4521 4625 4520
f 4522 4627 4521
f 4523 4628 4627
f 4523 4627 4522
f 4524 4629 4628
f 4524 4628 4523
f 4525 4630 4629
f 4525 4629 4524
f 4526 4631 4630
f 4526 4630 4525
f 4527 4631 4526
f 4527 4632 4631
f 4528 4632 4527
f 4528 4633 4632
f 4529 4633 4528
f 4529 4634 4633
f 4530 4634 4529
f 4530 4635 4634
f 4531 4635 4530
f 4531 4636 4635
f 4532 4636 4531
f 4532 4637 4636
f 4533 4637 4532
f 4533 4638 4637
f 4534 4638 4533
f 4534 4639 4638
f 4535 4639 4534
f 4535 4640 4639
f 4536 4640 4535
f 4536 4641 4640
f 4537 4641 4536
f 4537 4642 4641
f 4538 4642 4537
f 4538 4643 4642
f 4539 4643 4538
f 4539 4644 4643
f 4540 4644 4539
f 4540 4645 4644
f 4541 4645 4540
f 4541 4646 4645
f 4542 4646 4541
f 4542 4647 4646
f 4543 4647 4542
f 4543 4648 4647
f 4544 4648 4543
f 4544 4649 4648
f 4545 4649 4544
f 4545 4650 4649
f 4546 4650 4545
f 4546 4651 4650
f 4547 4651 4546
f 4547 4652 4651
f 4548 4652 4547
f 4548 4653 4652
f 4549 4653 4548
f 4549 4654 4653
f 4550 4655 4654
f 4550 4654 4549
f 4551 4656 4655
f 4551 4655 4550
f 4552 4657 4656
f 4552 4656 4551
f 4553 4657 4552
f 4553 4658 4657
f 4554 4659 4658
f 4554 4658 4553
f 4555 4660 4659
f 4555 4659 4554
f 4556 4661 4660
f 4556 4660 4555
f 4557 4662 4661
f 4557 4661 4556
f 4558 4663 4662
f 4558 4664 4663
f 4558 4662 4557
f 4559 4664 4558
f 4454 4453 4664
f 4454 4664 4559
f 4667 4773 4772
f 4668 4773 4667
f 4669 4774 4773
f 4669 4775 4774
f 4669 4773 4668
f 4670 4775 4669
f 4671 4776 4775
f 4671 4775 4670
f 4672 4777 4776
f 4672 4776 4671
f 4673 4778 4777
f 4673 4777 4672
f 4674 4779 4778
f 4674 4780 4779
f 4674 4778 4673
f 4675 4780 4674
f 4676 4781 4780
f 4676 4782 4781
f 4676 4780 4675
f 4677 4782 4676
f 4678 4783 4782
f 4678 4782 4677
f 4679 4784 4783
f 4679 4785 4784
f 4679 4783 4678
f 4680 4786 4785
f 4680 4785 4679
f 4681 4787 4786
f 4681 4786 4680
f 4682 4787 4681
f 4683 4788 4787
f 4683 4787 4682
f 4684 4789 4788
f 4684 4788 4683
f 4685 4790 4789
f 4685 4791 4790
f 4685 4789 4684
f 4686 4791 4685
f 4687 4792 4791
f 4687 4793 4792
f 4687 4791 4686
f 4688 4793 4687
f 4689 4793 4688
f 4689 4794 4793
f 4690 4794 4689
f 4690 4795 4794
f 4690 4796 4795
f 4691 4796 4690
f 4692 4796 4691
f 4692 4797 4796
f 4693 4797 4692
f 4693 4798 4797
f 4693 4799 4798
f 4694 4799 4693
f 4695 4799 4694
f 4695 4800 4799
f 4696 4800 4695
f 4696 4801 4800
f 4697 4802 4801
f 4697 4801 4696
f 4698 4803 4802
f 4698 4802 4697
f 4699 4804 4803
f 4699 4805 4804
f 4699 4803 4698
f 4700 4805 4699
f 4701 4806 4805
f 4701 4807 4806
f 4701 4805 4700
f 4702 4807 4701
f 4703 4808 4807
f 4703 4809 4808
f 4703 4807 4702
f 4704 4809 4703
f 4705 4810 4809
f 4705 4809 4704
f 4706 4811 4810
f 4706 4812 4811
f 4706 4810 4705
f 4707 4812 4706
f 4708 4813 4812
f 4708 4814 4813
f 4708 4812 4707
f 4709 4814 4708
f 4710 4815 4814
f 4710 4816 4815
f 4710 4814 4709
f 4711 4816 4710
f 4712 4817 4816
f 4712 4818 4817
f 4712 4816 4711
f 4713 4818 4712
f 4714 4819 4818
f 4714 4818 4713
f 4715 4819 4714
f 4715 4820 4819
f 4715 4821 4820
f 4716 4821 4715
f 4717 4821 4716
f 4717 4822 4821
f 4717 4823 4822
f 4718 4823 4717
f 4719 4823 4718
f 4719 4824 4823
f 4719 4825 4824
f 4720 4825 4719
f 4721 4825 4720
f 4721 4826 4825
f 4722 4826 4721
f 4722 4827 4826
f 4722 4828 4827
f 4723 4828 4722
f 4724 4828 4723
f 4724 4829 4828
f 4724 4830 4829
f 4725 4830 4724
f 4726 4830 4725
f 4726 4831 4830
f 4726 4832 4831
f 4727 4832 4726
f 4728 4832 4727
f 4728 4833 4832
f 4729 4833 4728
f 4729 4834 4833
f 4729 4835 4834
f 4730 4835 4729
f 4731 4835 4730
f 4731 4836 4835
f 4731 4837 4836
f 4732 4837 4731
f 4733 4838 4837
f 4733 4839 4838
f 4733 4837 4732
f 4734 4839 4733
f 4735 4840 4839
f 4735 4839 4734
f 4736 4841 4840
f 4736 4840 4735
f 4737 4842 4841
f 4737 4841 4736
f 4738 4843 4842
f 4738 4842 4737
f 4739 4843 4738
f 4739 4844 4843
f 4740 4844 4739
f 4740 4845 4844
f 4741 4845 4740
f 4741 4846 4845
f 4742 4846 4741
f 4742 4847 4846
f 4743 4847 4742
f 4743 4848 4847
f 4744 4848 4743
f 4744 4849 4848
f 4745 4849 4744
f 4745 4850 4849
f 4746 4850 4745
f 4746 4851 4850
f 4747 4851 4746
f 4747 4852 4851
f 4748 4852 4747
f 4748 4853 4852
f 4749 4853 4748
f 4749 4854 4853
f 4750 4854 4749
f 4750 4855 4854
f 4751 4855 4750
f 4751 4856 4855
f 4752 4856 4751
f 4752 4857 4856
f 4753 4857 4752
f 4753 4858 4857
f 4754 4858 4753
f 4754 4859 4858
f 4755 4859 4754
f 4755 4860 4859
f 4756 4860 4755
f 4756 4861 4860
f 4757 4861 4756
f 4757 4862 4861
f 4758 4862 4757
f 4758 4863 4862
f 4759 4863 4758
f 4759 4864 4863
f 4760 4864 4759
f 4760 4865 4864
f 4761 4865 4760
f 4761 4866 4865
f 4762 4867 4866
f 4762 4866 4761
f 4763 4868 4867
f 4763 4867 4762
f 4764 4869 4868
f 4764 4868 4763
f 4765 4869 4764
f 4765 4870 4869
f 4766 4871 4870
f 4766 4870 4765
f 4767 4872 4871
f 4767 4871 4766
f 4768 4873 4872
f 4768 4872 4767
f 4769 4874 4873
f 4769 4873 4768
f 4770 4875 4874
f 4770 4876 4875
f 4770 4874 4769
f 4771 4876 4770
f 4666 4665 4876
f 4666 4876 4771
f 5047 4943 5048
f 5047 4942 4943
f 5049 5048 4943
f 5049 4943 4944
f 5046 4941 4942
f 5046 4942 5047
f 5050 4944 4945
f 5050 5049 4944
f 5045 4940 4941
f 5045 4941 5046
f 5051 5050 4945
f 5051 4945 4946
f 5044 4940 5045
f 5044 4939 4940
f 5052 4946 4947
f 5052 5051 4946
f 5043 4938 4939
f 5043 4939 5044
f 5053 5052 4947
f 5053 4947 4948
f 5042 4937 4938
f 5042 4938 5043
f 5054 5053 4948
f 5054 4948 4949
f 5041 4936 4937
f 5041 4937 5042
f 5055 5054 4949
f 5055 4949 4950
f 5040 4935 4936
f 5040 4936 5041
f 5056 5055 4950
f 5056 4950 4951
f 5039 4934 4935
f 5039 4935 5040
f 5057 5056 4951
f 5057 4951 4952
f 5038 4933 4934
f 5038 4934 5039
f 5058 5057 4952
f 5058 4952 4953
f 5037 4933 5038
f 5037 4932 4933
f 5059 5058 4953
f 5059 4953 4954
f 5036 4932 5037
f 5036 4931 4932
f 5060 5059 4954
f 5060 4954 4955
f 5035 4931 5036
f 5035 4930 4931
f 5061 5060 4955
f 5061 4955 4956
f 5034 4930 5035
f 5034 4929 4930
f 5062 4956 4957
f 5062 5061 4956
f 5033 4929 5034
f 5033 4928 4929
f 5063 5062 4957
f 5063 4957 4958
f 5032 4927 4928
f 5032 4928 5033
f 5064 5063 4958
f 5064 4958 4959
f 5031 4926 4927
f 5031 4927 5032
f 5065 5064 4959
f 5065 4959 4960
f 5030 4926 5031
f 5030 4925 4926
f 5066 5065 4960
f 5066 4960 4961
f 5029 4925 5030
f 5029 4924 4925
f 5067 5066 4961
f 5067 4961 4962
f 5028 4923 4924
f 5028 4924 5029
f 5068 5067 4962
f 5068 4962 4963
f 5027 4922 4923
f 5027 4923 5028
f 5069 5068 4963
f 5069 4963 4964
f 5069 4964 4965
f 5026 4922 5027
f 5026 4921 4922
f 5070 5069 4965
f 5025 4920 4921
f 5025 4921 5026
f 5071 5070 4965
f 5071 4965 4966
f 5024 4919 4920
f 5024 4920 5025
f 5072 4966 4967
f 5072 5071 4966
f 5023 4919 5024
f 5023 4918 4919
f 5073 5072 4967
f 5073 4967 4968
f 5022 4918 5023
f 5022 4917 4918
f 5074 5073 4968
f 4969 5074 4968
f 4916 5022 5021
f 4916 4917 5022
f 4970 5074 4969
f 4970 5075 5074
f 4915 4916 5021
f 4915 5021 5020
f 4971 5075 4970
f 4971 5076 5075
f 4914 4915 5020
f 4914 5020 5019
f 4972 5076 4971
f 4972 5077 5076
f 4913 5018 5017
f 4913 5019 5018
f 4913 4914 5019
f 4973 5079 5078
f 4973 5077 4972
f 4973 5078 5077
f 4912 4913 5017
f 4974 5079 4973
f 4911 5017 5016
f 4911 4912 5017
f 4975 5080 5079
f 4975 5079 4974
f 4910 5016 5015
f 4910 4911 5016
f 4976 5081 5080
f 4976 5080 4975
f 4909 4910 5015
f 4909 5015 5014
f 4977 5082 5081
f 4977 5081 4976
f 4908 4909 5014
f 4908 5014 5013
f 4978 5083 5082
f 4978 5082 4977
f 4907 5012 5011
f 4907 5013 5012
f 4907 4908 5013
f 4979 5084 5083
f 4979 5083 4978
f 4906 4907 5011
f 4980 5085 5084
f 4980 5084 4979
f 4905 5011 5010
f 4905 4906 5011
f 4981 5086 5085
f 4981 4982 5086
f 4981 5085 4980
f 4904 5010 5009
f 4904 4905 5010
f 4877 4982 4981
f 4903 5008 5007
f 4903 5009 5008
f 4903 4904 5009
f 4878 4983 4982
f 4878 4982 4877
f 4902 4903 5007
f 4879 4984 4983
f 4879 4985 4984
f 4879 4983 4878
f 4901 5007 5006
f 4901 4902 5007
f 4880 4985 4879
f 4900 5006 5005
f 4900 4901 5006
f 4881 4986 4985
f 4881 4985 4880
f 4899 5005 5004
f 4899 4900 5005
f 4882 4987 4986
f 4882 4986 4881
f 4898 5003 5002
f 4898 5004 5003
f 4898 4899 5004
f 4883 4987 4882
f 4883 4988 4987
f 4897 5002 5001
f 4897 4898 5002
f 4884 4989 4988
f 4884 4990 4989
f 4884 4988 4883
f 4896 4897 5001
f 4885 4990 4884
f 4895 4896 5001
f 4895 5000 4999
f 4895 5001 5000
f 4886 4991 4990
f 4886 4992 4991
f 4886 4990 4885
f 4894 4895 4999
f 4894 4999 4998
f 4887 4992 4886
f 4893 4894 4998
f 4888 4992 4887
f 4888 4993 4992
f 4892 4998 4997
f 4892 4893 4998
f 4889 4993 4888
f 4889 4994 4993
f 4891 4996 4995
f 4891 4997 4996
f 4891 4892 4997
f 4890 4995 4994
f 4890 4891 4995
f 4890 4994 4889
f 5257 5153 5258
f 5257 5152 5153
f 5259 5258 5153
f 5259 5153 5154
f 5256 5151 5152
f 5256 5152 5257
f 5260 5154 5155
f 5260 5259 5154
f 5255 5150 5151
f 5255 5151 5256
f 5261 5155 5156
f 5261 5260 5155
f 5254 5150 5255
f 5254 5149 5150
f 5262 5156 5157
f 5262 5261 5156
f 5253 5149 5254
f 5253 5148 5149
f 5263 5262 5157
f 5263 5157 5158
f 5252 5147 5148
f 5252 5148 5253
f 5264 5158 5159
f 5264 5263 5158
f 5251 5146 5147
f 5251 5147 5252
f 5265 5264 5159
f 5265 5159 5160
f 5250 5146 5251
f 5250 5145 5146
f 5266 5265 5160
f 5266 5160 5161
f 5266 5161 5162
f 5249 5145 5250
f 5249 5144 5145
f 5267 5266 5162
f 5248 5144 5249
f 5248 5143 5144
f 5268 5267 5162
f 5268 5162 5163
f 5247 5143 5248
f 5247 5142 5143
f 5269 5268 5163
f 5269 5163 5164
f 5246 5142 5247
f 5246 5141 5142
f 5270 5269 5164
f 5270 5164 5165
f 5245 5141 5246
f 5245 5140 5141
f 5271 5270 5165
f 5271 5165 5166
f 5271 5166 5167
f 5244 5140 5245
f 5244 5139 5140
f 5272 5271 5167
f 5243 5139 5244
f 5243 5138 5139
f 5273 5272 5167
f 5273 5167 5168
f 5242 5137 5138
f 5242 5138 5243
f 5274 5273 5168
f 5274 5168 5169
f 5241 5136 5137
f 5241 5137 5242
f 5275 5274 5169
f 5275 5169 5170
f 5240 5136 5241
f 5240 5135 5136
f 5276 5275 5170
f 5276 5170 5171
f 5239 5135 5240
f 5239 5134 5135
f 5277 5276 5171
f 5277 5171 5172
f 5238 5134 5239
f 5238 5133 5134
f 5278 5277 5172
f 5278 5172 5173
f 5237 5132 5133
f 5237 5133 5238
f 5279 5278 5173
f 5279 5173 5174
f 5236 5131 5132
f 5236 5132 5237
f 5280 5279 5174
f 5280 5174 5175
f 5235 5130 5131
f 5235 5131 5236
f 5281 5280 5175
f 5281 5175 5176
f 5234 5129 5130
f 5234 5130 5235
f 5282 5281 5176
f 5282 5176 5177
f 5233 5128 5129
f 5233 5129 5234
f 5283 5282 5177
f 5283 5177 5178
f 5232 5128 5233
f 5232 5127 5128
f 5284 5283 5178
f 5179 5284 5178
f 5126 5127 5232
f 5126 5232 5231
f 5180 5284 5179
f 5180 5285 5284
f 5125 5126 5231
f 5125 5231 5230
f 5181 5285 5180
f 5181 5286 5285
f 5124 5125 5230
f 5124 5230 5229
f 5182 5286 5181
f 5182 5287 5286
f 5123 5229 5228
f 5123 5124 5229
f 5183 5289 5288
f 5183 5287 5182
f 5183 5288 5287
f 5122 5228 5227
f 5122 5123 5228
f 5184 5289 5183
f 5121 5122 5227
f 5121 5227 5226
f 5185 5290 5289
f 5185 5291 5290
f 5185 5289 5184
f 5120 5225 5224
f 5120 5226 5225
f 5120 5121 5226
f 5186 5291 5185
f 5119 5120 5224
f 5187 5292 5291
f 5187 5293 5292
f 5187 5291 5186
f 5118 5119 5224
f 5118 5224 5223
f 5188 5294 5293
f 5188 5293 5187
f 5117 5223 5222
f 5117 5118 5223
f 5189 5294 5188
f 5116 5221 5220
f 5116 5222 5221
f 5116 5117 5222
f 5190 5295 5294
f 5190 5294 5189
f 5115 5116 5220
f 5191 5296 5295
f 5191 5295 5190
f 5114 5219 5218
f 5114 5220 5219
f 5114 5115 5220
f 5087 5192 5296
f 5087 5296 5191
f 5113 5114 5218
f 5088 5193 5192
f 5088 5194 5193
f 5088 5192 5087
f 5112 5218 5217
f 5112 5113 5218
f 5089 5194 5088
f 5111 5217 5216
f 5111 5112 5217
f 5090 5195 5194
f 5090 5194 5089
f 5110 5216 5215
f 5110 5111 5216
f 5091 5196 5195
f 5091 5195 5090
f 5109 5110 5215
f 5109 5215 5214
f 5092 5197 5196
f 5092 5196 5091
f 5108 5213 5212
f 5108 5214 5213
f 5108 5109 5214
f 5093 5198 5197
f 5093 5199 5198
f 5093 5197 5092
f 5107 5108 5212
f 5094 5199 5093
f 5106 5212 5211
f 5106 5107 5212
f 5095 5200 5199
f 5095 5201 5200
f 5095 5199 5094
f 5105 5106 5211
f 5105 5210 5209
f 5105 5211 5210
f 5096 5201 5095
f 5104 5105 5209
f 5097 5201 5096
f 5097 5202 5201
f 5097 5203 5202
f 5103 5104 5209
f 5103 5209 5208
f 5098 5203 5097
f 5102 5103 5208
f 5102 5207 5206
f 5102 5208 5207
f 5099 5203 5098
f 5099 5204 5203
f 5099 5205 5204
f 5101 5102 5206
f 5101 5206 5205
f 5100 5205 5099
f 5100 5101 5205
f 5298 5297 5403
f 5298 5403 5404
f 5299 5404 5405
f 5299 5298 5404
f 5300 5405 5406
f 5300 5299 5405
f 5301 5406 5407
f 5301 5300 5406
f 5302 5407 5408
f 5302 5408 5409
f 5302 5301 5407
f 5303 5302 5409
f 5304 5409 5410
f 5304 5303 5409
f 5305 5410 5411
f 5305 5304 5410
f 5306 5411 5412
f 5306 5305 5411
f 5307 5412 5413
f 5307 5306 5412
f 5308 5413 5414
f 5308 5307 5413
f 5309 5414 5415
f 5309 5308 5414
f 5310 5415 5416
f 5310 5309 5415
f 5311 5416 5417
f 5311 5310 5416
f 5312 5417 5418
f 5312 5311 5417
f 5313 5418 5419
f 5313 5312 5418
f 5314 5419 5420
f 5314 5420 5421
f 5314 5313 5419
f 5315 5314 5421
f 5316 5421 5422
f 5316 5315 5421
f 5317 5422 5423
f 5317 5316 5422
f 5318 5423 5424
f 5318 5424 5425
f 5318 5317 5423
f 5319 5318 5425
f 5319 5425 5426
f 5320 5319 5426
f 5321 5320 5426
f 5321 5426 5427
f 5322 5321 5427
f 5322 5427 5428
f 5323 5322 5428
f 5323 5428 5429
f 5324 5323 5429
f 5324 5429 5430
f 5324 5430 5431
f 5325 5324 5431
f 5325 5431 5432
f 5326 5325 5432
f 5327 5326 5432
f 5327 5432 5433
f 5327 5433 5434
f 5328 5434 5435
f 5328 5327 5434
f 5329 5328 5435
f 5330 5435 5436
f 5330 5329 5435
f 5331 5436 5437
f 5331 5437 5438
f 5331 5330 5436
f 5332 5331 5438
f 5333 5438 5439
f 5333 5332 5438
f 5334 5439 5440
f 5334 5333 5439
f 5335 5440 5441
f 5335 5334 5440
f 5336 5441 5442
f 5336 5335 5441
f 5337 5442 5443
f 5337 5336 5442
f 5338 5443 5444
f 5338 5337 5443
f 5339 5444 5445
f 5339 5338 5444
f 5340 5445 5446
f 5340 5339 5445
f 5341 5446 5447
f 5341 5340 5446
f 5342 5447 5448
f 5342 5341 5447
f 5343 5448 5449
f 5343 5342 5448
f 5344 5449 5450
f 5344 5343 5449
f 5345 5344 5450
f 5345 5450 5451
f 5345 5451 5452
f 5346 5345 5452
f 5347 5346 5452
f 5347 5452 5453
f 5348 5347 5453
f 5348 5453 5454
f 5349 5348 5454
f 5349 5454 5455
f 5350 5349 5455
f 5350 5455 5456
f 5351 5350 5456
f 5351 5456 5457
f 5352 5351 5457
f 5352 5457 5458
f 5353 5352 5458
f 5353 5458 5459
f 5353 5459 5460
f 5354 5353 5460
f 5355 5354 5460
f 5355 5460 5461
f 5356 5355 5461
f 5356 5461 5462
f 5357 5356 5462
f 5357 5462 5463
f 5358 5357 5463
f 5358 5463 5464
f 5359 5358 5464
f 5359 5464 5465
f 5360 5359 5465
f 5360 5465 5466
f 5361 5360 5466
f 5361 5466 5467
f 5362 5467 5468
f 5362 5361 5467
f 5363 5468 5469
f 5363 5469 5470
f 5363 5362 5468
f 5364 5363 5470
f 5365 5470 5471
f 5365 5364 5470
f 5366 5471 5472
f 5366 5472 5473
f 5366 5365 5471
f 5367 5366 5473
f 5368 5473 5474
f 5368 5367 5473
f 5369 5368 5474
f 5369 5474 5475
f 5370 5369 5475
f 5370 5475 5476
f 5371 5370 5476
f 5371 5476 5477
f 5372 5371 5477
f 5372 5477 5478
f 5373 5372 5478
f 5373 5478 5479
f 5374 5373 5479
f 5374 5479 5480
f 5375 5374 5480
f 5375 5480 5481
f 5376 5375 5481
f 5376 5481 5482
f 5377 5376 5482
f 5377 5482 5483
f 5378 5377 5483
f 5378 5483 5484
f 5379 5378 5484
f 5379 5484 5485
f 5380 5379 5485
f 5380 5485 5486
f 5381 5380 5486
f 5381 5486 5487
f 5382 5381 5487
f 5382 5487 5488
f 5383 5382 5488
f 5383 5488 5489
f 5384 5383 5489
f 5384 5489 5490
f 5385 5384 5490
f 5385 5490 5491
f 5386 5385 5491
f 5386 5491 5492
f 5387 5386 5492
f 5387 5492 5493
f 5388 5387 5493
f 5388 5493 5494
f 5389 5388 5494
f 5389 5494 5495
f 5390 5389 5495
f 5390 5495 5496
f 5391 5390 5496
f 5391 5496 5497
f 5392 5391 5497
f 5392 5497 5498
f 5393 5498 5499
f 5393 5392 5498
f 5394 5499 5500
f 5394 5393 5499
f 5395 5394 5500
f 5395 5500 5501
f 5396 5501 5502
f 5396 5395 5501
f 5397 5502 5503
f 5397 5396 5502
f 5398 5503 5504
f 5398 5397 5503
f 5399 5504 5505
f 5399 5398 5504
f 5400 5505 5506
f 5400 5506 5507
f 5400 5399 5505
f 5401 5400 5507
f 5402 5507 5508
f 5402 5401 5507
f 5680 5585 5586
f 5784 5564 5785
f 5679 5585 5680
f 5786 5785 5564
f 5681 5680 5586
f 5783 5563 5564
f 5783 5564 5784
f 5678 5585 5679
f 5787 5786 5564
f 5682 5681 5586
f 5782 5563 5783
f 5677 5585 5678
f 5788 5564 5565
f 5788 5787 5564
f 5683 5682 5586
f 5781 5563 5782
f 5676 5585 5677
f 5789 5788 5565
f 5684 5683 5586
f 5780 5563 5781
f 5675 5584 5585
f 5675 5585 5676
f 5790 5789 5565
f 5685 5684 5586
f 5685 5586 5587
f 5779 5563 5780
f 5674 5584 5675
f 5791 5790 5565
f 5686 5685 5587
f 5778 5563 5779
f 5673 5584 5674
f 5792 5791 5565
f 5792 5565 5566
f 5687 5686 5587
f 5777 5563 5778
f 5777 5562 5563
f 5672 5584 5673
f 5793 5792 5566
f 5688 5687 5587
f 5776 5562 5777
f 5671 5584 5672
f 5671 5583 5584
f 5794 5793 5566
f 5689 5688 5587
f 5775 5562 5776
f 5670 5583 5671
f 5795 5794 5566
f 5690 5689 5587
f 5774 5562 5775
f 5669 5583 5670
f 5796 5795 5566
f 5796 5566 5567
f 5691 5690 5587
f 5691 5587 5588
f 5773 5562 5774
f 5668 5583 5669
f 5797 5796 5567
f 5692 5691 5588
f 5772 5562 5773
f 5667 5583 5668
f 5667 5582 5583
f 5798 5797 5567
f 5693 5692 5588
f 5771 5561 5562
f 5771 5562 5772
f 5666 5582 5667
f 5799 5567 5568
f 5799 5798 5567
f 5694 5693 5588
f 5770 5561 5771
f 5665 5582 5666
f 5800 5799 5568
f 5695 5694 5588
f 5769 5561 5770
f 5664 5582 5665
f 5664 5581 5582
f 5801 5800 5568
f 5696 5695 5588
f 5768 5561 5769
f 5663 5581 5664
f 5802 5568 5569
f 5802 5801 5568
f 5697 5696 5588
f 5697 5588 5589
f 5767 5561 5768
f 5662 5581 5663
f 5662 5580 5581
f 5803 5802 5569
f 5698 5697 5589
f 5766 5560 5561
f 5766 5561 5767
f 5661 5580 5662
f 5804 5803 5569
f 5804 5569 5570
f 5699 5698 5589
f 5765 5560 5766
f 5660 5580 5661
f 5660 5579 5580
f 5805 5804 5570
f 5700 5699 5589
f 5764 5560 5765
f 5659 5579 5660
f 5806 5805 5570
f 5701 5700 5589
f 5763 5560 5764
f 5702 5701 5589
f 5762 5560 5763
f 5703 5702 5589
f 5703 5589 5590
f 5761 5560 5762
f 5704 5703 5590
f 5760 5559 5560
f 5760 5560 5761
f 5705 5704 5590
f 5759 5559 5760
f 5706 5705 5590
f 5758 5559 5759
f 5707 5706 5590
f 5757 5559 5758
f 5708 5707 5590
f 5708 5590 5591
f 5756 5559 5757
f 5709 5708 5591
f 5755 5558 5559
f 5755 5559 5756
f 5710 5709 5591
f 5754 5558 5755
f 5711 5710 5591
f 5753 5558 5754
f 5712 5711 5591
f 5752 5558 5753
f 5713 5712 5591
f 5751 5558 5752
f 5592 5714 5713
f 5592 5713 5591
f 5715 5714 5592
f 5716 5715 5592
f 5717 5716 5592
f 5557 5749 5748
f 5557 5750 5749
f 5557 5751 5750
f 5557 5558 5751
f 5747 5557 5748
f 5593 5615 5614
f 5593 5718 5717
f 5593 5614 5718
f 5593 5717 5592
f 5556 5745 5744
f 5556 5746 5745
f 5556 5747 5746
f 5556 5557 5747
f 5889 5575 5890
f 5889 5574 5575
f 5891 5890 5575
f 5891 5575 5576
f 5891 5576 5577
f 5888 5573 5574
f 5888 5574 5889
f 5892 5891 5577
f 5887 5572 5573
f 5887 5573 5888
f 5893 5577 5578
f 5893 5578 5579
f 5893 5892 5577
f 5886 5572 5887
f 5886 5571 5572
f 5894 5893 5579
f 5894 5579 5659
f 5894 5659 5658
f 5885 5806 5570
f 5885 5571 5886
f 5885 5570 5571
f 5885 5807 5806
f 5895 5657 5656
f 5895 5658 5657
f 5895 5894 5658
f 5884 5807 5885
f 5884 5808 5807
f 5884 5809 5808
f 5594 5616 5615
f 5594 5617 5616
f 5594 5618 5617
f 5594 5615 5593
f 5896 5895 5656
f 5896 5655 5654
f 5896 5656 5655
f 5883 5809 5884
f 5883 5810 5809
f 5883 5811 5810
f 5897 5653 5652
f 5897 5654 5653
f 5897 5896 5654
f 5555 5556 5744
f 5555 5742 5741
f 5555 5743 5742
f 5555 5744 5743
f 5882 5812 5811
f 5882 5813 5812
f 5882 5811 5883
f 5898 5651 5650
f 5898 5652 5651
f 5898 5897 5652
f 5881 5814 5813
f 5881 5815 5814
f 5881 5813 5882
f 5899 5649 5648
f 5899 5650 5649
f 5899 5898 5650
f 5880 5816 5815
f 5880 5817 5816
f 5880 5815 5881
f 5900 5646 5645
f 5900 5647 5646
f 5900 5648 5647
f 5900 5899 5648
f 5879 5818 5817
f 5879 5819 5818
f 5879 5817 5880
f 5595 5618 5594
f 5595 5619 5618
f 5595 5620 5619
f 5901 5644 5643
f 5901 5645 5644
f 5901 5900 5645
f 5554 5555 5741
f 5554 5740 5739
f 5554 5741 5740
f 5878 5820 5819
f 5878 5821 5820
f 5878 5822 5821
f 5878 5819 5879
f 5902 5642 5641
f 5902 5643 5642
f 5902 5901 5643
f 5877 5823 5822
f 5877 5719 5823
f 5877 5822 5878
f 5903 5640 5639
f 5903 5641 5640
f 5903 5902 5641
f 5876 5720 5719
f 5876 5721 5720
f 5876 5719 5877
f 5596 5621 5620
f 5596 5622 5621
f 5596 5620 5595
f 5904 5903 5639
f 5904 5637 5636
f 5904 5638 5637
f 5904 5639 5638
f 5875 5722 5721
f 5875 5723 5722
f 5875 5724 5723
f 5875 5721 5876
f 5553 5738 5737
f 5553 5739 5738
f 5553 5554 5739
f 5905 5635 5634
f 5905 5636 5635
f 5905 5904 5636
f 5874 5725 5724
f 5874 5726 5725
f 5874 5724 5875
f 5906 5633 5632
f 5906 5634 5633
f 5906 5905 5634
f 5873 5727 5726
f 5873 5728 5727
f 5873 5726 5874
f 5597 5622 5596
f 5907 5631 5630
f 5907 5632 5631
f 5907 5906 5632
f 5872 5729 5728
f 5872 5730 5729
f 5872 5728 5873
f 5908 5629 5628
f 5908 5630 5629
f 5908 5907 5630
f 5871 5731 5730
f 5871 5732 5731
f 5871 5730 5872
f 5909 5627 5626
f 5909 5628 5627
f 5909 5908 5628
f 5870 5733 5732
f 5870 5734 5733
f 5870 5732 5871
f 5910 5625 5624
f 5910 5626 5625
f 5910 5909 5626
f 5869 5735 5734
f 5869 5736 5735
f 5869 5734 5870
f 5911 5910 5624
f 5911 5623 5622
f 5911 5624 5623
f 5868 5553 5737
f 5868 5736 5869
f 5868 5737 5736
f 5912 5911 5622
f 5912 5622 5597
f 5867 5553 5868
f 5867 5552 5553
f 5913 5912 5597
f 5913 5597 5598
f 5866 5552 5867
f 5866 5551 5552
f 5914 5913 5598
f 5914 5598 5599
f 5865 5551 5866
f 5865 5550 5551
f 5915 5914 5599
f 5915 5599 5600
f 5864 5550 5865
f 5864 5549 5550
f 5601 5916 5915
f 5601 5915 5600
f 5548 5549 5864
f 5548 5864 5863
f 5602 5917 5916
f 5602 5918 5917
f 5602 5916 5601
f 5547 5862 5861
f 5547 5863 5862
f 5547 5548 5863
f 5603 5918 5602
f 5546 5861 5860
f 5546 5547 5861
f 5604 5919 5918
f 5604 5918 5603
f 5545 5546 5860
f 5605 5920 5919
f 5605 5919 5604
f 5544 5860 5859
f 5544 5545 5860
f 6099 5856 6100
f 6099 5857 5856
f 5994 5924 5923
f 5994 5923 5995
f 6101 6100 5856
f 6101 5856 5855
f 5996 5923 5922
f 5996 5995 5923
f 6098 5857 6099
f 5993 5924 5994
f 6102 6101 5855
f 5997 5996 5922
f 6097 5858 5857
f 6097 5857 6098
f 5992 5925 5924
f 5992 5924 5993
f 6103 5855 5854
f 6103 6102 5855
f 5998 5922 5921
f 5998 5997 5922
f 6096 5858 6097
f 5991 5925 5992
f 6104 6103 5854
f 5999 5921 5920
f 5999 5998 5921
f 6095 5858 6096
f 6095 5859 5858
f 5990 5925 5991
f 6105 6104 5854
f 6105 5854 5853
f 6000 5999 5920
f 6000 5920 5605
f 6000 5605 5606
f 6094 5859 6095
f 6094 5544 5859
f 5989 5926 5925
f 5989 5925 5990
f 6106 6105 5853
f 6001 6000 5606
f 6093 5544 6094
f 6093 5543 5544
f 5988 5926 5989
f 6107 6106 5853
f 6002 6001 5606
f 6002 5606 5607
f 6092 5543 6093
f 5987 5927 5926
f 5987 5926 5988
f 6108 6107 5853
f 6108 5853 5852
f 6003 6002 5607
f 6091 5542 5543
f 6091 5543 6092
f 5986 5927 5987
f 6109 6108 5852
f 6004 6003 5607
f 6090 5542 6091
f 5985 5928 5927
f 5985 5927 5986
f 6110 6109 5852
f 6110 5852 5851
f 6005 6004 5607
f 6005 5607 5608
f 6089 5541 5542
f 6089 5542 6090
f 5984 5928 5985
f 6111 6110 5851
f 6006 6005 5608
f 6088 5541 6089
f 5983 5824 5928
f 5983 5928 5984
f 6112 5851 5850
f 6112 6111 5851
f 6007 6006 5608
f 6087 5541 6088
f 5982 5824 5983
f 6113 6112 5850
f 6008 6007 5608
f 6008 5608 5609
f 6086 5540 5541
f 6086 5541 6087
f 5981 5824 5982
f 6114 6113 5850
f 6114 5850 5849
f 6009 6008 5609
f 6085 5540 6086
f 5980 5825 5824
f 5980 5824 5981
f 6115 6114 5849
f 6010 6009 5609
f 6084 5540 6085
f 5979 5825 5980
f 6116 6115 5849
f 6011 6010 5609
f 6083 5540 6084
f 5978 5826 5825
f 5978 5825 5979
f 6117 5849 5848
f 6117 6116 5849
f 6082 5540 6083
f 5977 5826 5978
f 6118 6117 5848
f 5976 5826 5977
f 5976 5827 5826
f 5610 6011 5609
f 5610 6012 6011
f 5610 6013 6012
f 6119 5848 5847
f 6119 6118 5848
f 6014 6013 5610
f 5975 5827 5976
f 6120 6119 5847
f 6015 6014 5610
f 5974 5828 5827
f 5974 5827 5975
f 5539 5540 6082
f 5539 6080 6079
f 5539 6081 6080
f 5539 6082 6081
f 6121 5847 5846
f 6121 6120 5847
f 6078 5539 6079
f 5973 5828 5974
f 6122 6121 5846
f 5972 5828 5973
f 6123 5846 5845
f 6123 6122 5846
f 5971 5829 5828
f 5971 5828 5972
f 6124 6123 5845
f 5970 5829 5971
f 6125 5845 5844
f 6125 6124 5845
f 5969 5830 5829
f 5969 5829 5970
f 6126 6125 5844
f 5968 5830 5969
f 5611 6016 6015
f 5611 6017 6016
f 5611 6018 6017
f 5611 6019 6018
f 5611 6020 6019
f 5611 6015 5610
f 6127 5844 5843
f 6127 6126 5844
f 5967 5830 5968
f 5967 5831 5830
f 6128 6127 5843
f 5538 6074 6073
f 5538 6075 6074
f 5538 6076 6075
f 5538 6077 6076
f 5538 6078 6077
f 5538 5539 6078
f 5966 5831 5967
f 6129 6128 5843
f 6129 5843 5842
f 5965 5832 5831
f 5965 5831 5966
f 6130 6129 5842
f 5964 5833 5832
f 5964 5832 5965
f 6131 5842 5841
f 6131 6130 5842
f 5963 5833 5964
f 5612 6021 6020
f 5612 6022 6021
f 5612 6023 6022
f 5612 6024 6023
f 5612 6025 6024
f 5612 6020 5611
f 5537 5538 6073
f 5537 6069 6068
f 5537 6070 6069
f 5537 6071 6070
f 5537 6072 6071
f 5537 6073 6072
f 5613 6026 6025
f 5613 6027 6026
f 5613 6028 6027
f 5613 6029 6028
f 5613 6030 6029
f 5613 6031 6030
f 5613 6025 5612
f 5536 5537 6068
f 5536 6063 6062
f 5536 6064 6063
f 5536 6065 6064
f 5536 6066 6065
f 5536 6067 6066
f 5536 6068 6067
f 5509 5930 5929
f 5509 6032 6031
f 5509 5931 5930
f 5509 6033 6032
f 5509 5932 5931
f 5509 5929 6033
f 5509 6031 5613
f 5535 6057 6056
f 5535 6058 6057
f 5535 6059 6058
f 5535 6060 6059
f 5535 6061 6060
f 5535 6062 6061
f 5535 5536 6062
f 5510 5933 5932
f 5510 5934 5933
f 5510 5935 5934
f 5510 5936 5935
f 5510 5937 5936
f 5510 5938 5937
f 5510 5932 5509
f 5534 5535 6056
f 5534 6051 6050
f 5534 6052 6051
f 5534 6053 6052
f 5534 6054 6053
f 5534 6055 6054
f 5534 6056 6055
f 5511 5939 5938
f 5511 5940 5939
f 5511 5941 5940
f 5511 5942 5941
f 5511 5943 5942
f 5511 5938 5510
f 5533 6046 6045
f 5533 6047 6046
f 5533 6048 6047
f 5533 6049 6048
f 5533 6050 6049
f 5533 5534 6050
f 5512 5944 5943
f 5512 5945 5944
f 5512 5946 5945
f 5512 5947 5946
f 5512 5948 5947
f 5512 5943 5511
f 5532 6041 6040
f 5532 6042 6041
f 5532 6043 6042
f 5532 6044 6043
f 5532 6045 6044
f 5532 5533 6045
f 5513 5948 5512
f 5513 5949 5948
f 5513 5950 5949
f 5513 5951 5950
f 5513 5952 5951
f 5531 6037 6036
f 5531 6038 6037
f 5531 6039 6038
f 5531 6040 6039
f 5531 5532 6040
f 5514 5952 5513
f 5514 5953 5952
f 5514 5954 5953
f 5514 5955 5954
f 5530 6035 6034
f 5530 6036 6035
f 5530 6034 6138
f 5530 5531 6036
f 5515 5956 5955
f 5515 5957 5956
f 5515 5958 5957
f 5515 5955 5514
f 5529 6136 6135
f 5529 6137 6136
f 5529 6138 6137
f 5529 5530 6138
f 5516 5958 5515
f 5516 5959 5958
f 5516 5960 5959
f 5516 5961 5960
f 5528 6134 6133
f 5528 6135 6134
f 5528 5529 6135
f 5517 5961 5516
f 5517 5962 5961
f 5517 5963 5962
f 5527 6132 6131
f 5527 6133 6132
f 5527 5528 6133
f 5518 5833 5963
f 5518 5963 5517
f 5526 6131 5841
f 5526 5841 5840
f 5526 5527 6131
f 5519 5834 5833
f 5519 5833 5518
f 5525 5526 5840
f 5520 5835 5834
f 5520 5836 5835
f 5520 5834 5519
f 5524 5839 5838
f 5524 5840 5839
f 5524 5525 5840
f 5521 5836 5520
f 5523 5524 5838
f 5522 5836 5521
f 5522 5837 5836
f 5522 5838 5837
f 5522 5523 5838
f 6310 6216 6215
f 6414 6415 6194
f 6309 6310 6215
f 6416 6194 6415
f 6311 6216 6310
f 6413 6194 6193
f 6413 6414 6194
f 6308 6309 6215
f 6417 6194 6416
f 6312 6216 6311
f 6412 6413 6193
f 6307 6308 6215
f 6418 6195 6194
f 6418 6194 6417
f 6313 6216 6312
f 6411 6412 6193
f 6306 6307 6215
f 6419 6195 6418
f 6314 6216 6313
f 6410 6411 6193
f 6305 6215 6214
f 6305 6306 6215
f 6420 6195 6419
f 6315 6216 6314
f 6315 6217 6216
f 6409 6410 6193
f 6304 6305 6214
f 6421 6195 6420
f 6316 6217 6315
f 6408 6409 6193
f 6303 6304 6214
f 6422 6195 6421
f 6422 6196 6195
f 6317 6217 6316
f 6407 6408 6193
f 6407 6193 6192
f 6302 6303 6214
f 6423 6196 6422
f 6318 6217 6317
f 6406 6407 6192
f 6301 6302 6214
f 6301 6214 6213
f 6424 6196 6423
f 6319 6217 6318
f 6405 6406 6192
f 6300 6301 6213
f 6425 6196 6424
f 6320 6217 6319
f 6404 6405 6192
f 6299 6300 6213
f 6426 6196 6425
f 6426 6197 6196
f 6321 6217 6320
f 6321 6218 6217
f 6403 6404 6192
f 6298 6299 6213
f 6427 6197 6426
f 6322 6218 6321
f 6402 6403 6192
f 6297 6298 6213
f 6297 6213 6212
f 6428 6197 6427
f 6323 6218 6322
f 6401 6192 6191
f 6401 6402 6192
f 6296 6297 6212
f 6429 6198 6197
f 6429 6197 6428
f 6324 6218 6323
f 6400 6401 6191
f 6295 6296 6212
f 6430 6198 6429
f 6325 6218 6324
f 6399 6400 6191
f 6294 6295 6212
f 6294 6212 6211
f 6431 6198 6430
f 6326 6218 6325
f 6398 6399 6191
f 6293 6294 6211
f 6432 6199 6198
f 6432 6198 6431
f 6327 6218 6326
f 6327 6219 6218
f 6397 6398 6191
f 6292 6293 6211
f 6292 6211 6210
f 6433 6199 6432
f 6328 6219 6327
f 6396 6191 6190
f 6396 6397 6191
f 6291 6292 6210
f 6434 6199 6433
f 6434 6200 6199
f 6329 6219 6328
f 6395 6396 6190
f 6290 6291 6210
f 6290 6210 6209
f 6435 6200 6434
f 6330 6219 6329
f 6394 6395 6190
f 6289 6290 6209
f 6436 6200 6435
f 6331 6219 6330
f 6393 6394 6190
f 6332 6219 6331
f 6392 6393 6190
f 6333 6219 6332
f 6333 6220 6219
f 6391 6392 6190
f 6334 6220 6333
f 6390 6190 6189
f 6390 6391 6190
f 6335 6220 6334
f 6389 6390 6189
f 6336 6220 6335
f 6388 6389 6189
f 6337 6220 6336
f 6387 6388 6189
f 6338 6220 6337
f 6338 6221 6220
f 6386 6387 6189
f 6339 6221 6338
f 6385 6189 6188
f 6385 6386 6189
f 6340 6221 6339
f 6384 6385 6188
f 6341 6221 6340
f 6383 6384 6188
f 6342 6221 6341
f 6382 6383 6188
f 6343 6221 6342
f 6381 6382 6188
f 6222 6343 6344
f 6222 6221 6343
f 6345 6222 6344
f 6346 6222 6345
f 6347 6222 6346
f 6187 6378 6379
f 6187 6379 6380
f 6187 6380 6381
f 6187 6381 6188
f 6377 6378 6187
f 6223 6244 6245
f 6223 6347 6348
f 6223 6348 6244
f 6223 6222 6347
f 6186 6374 6375
f 6186 6375 6376
f 6186 6376 6377
f 6186 6377 6187
f 6519 6520 6205
f 6519 6205 6204
f 6521 6205 6520
f 6521 6206 6205
f 6521 6207 6206
f 6518 6204 6203
f 6518 6519 6204
f 6522 6207 6521
f 6517 6203 6202
f 6517 6518 6203
f 6523 6208 6207
f 6523 6209 6208
f 6523 6207 6522
f 6516 6517 6202
f 6516 6202 6201
f 6524 6209 6523
f 6524 6289 6209
f 6524 6288 6289
f 6515 6200 6436
f 6515 6516 6201
f 6515 6201 6200
f 6515 6436 6437
f 6525 6286 6287
f 6525 6287 6288
f 6525 6288 6524
f 6514 6515 6437
f 6514 6437 6438
f 6514 6438 6439
f 6224 6245 6246
f 6224 6246 6247
f 6224 6247 6248
f 6224 6223 6245
f 6526 6286 6525
f 6526 6284 6285
f 6526 6285 6286
f 6513 6514 6439
f 6513 6439 6440
f 6513 6440 6441
f 6527 6282 6283
f 6527 6283 6284
f 6527 6284 6526
f 6185 6374 6186
f 6185 6371 6372
f 6185 6372 6373
f 6185 6373 6374
f 6512 6441 6442
f 6512 6442 6443
f 6512 6513 6441
f 6528 6280 6281
f 6528 6281 6282
f 6528 6282 6527
f 6511 6443 6444
f 6511 6444 6445
f 6511 6512 6443
f 6529 6278 6279
f 6529 6279 6280
f 6529 6280 6528
f 6510 6445 6446
f 6510 6446 6447
f 6510 6511 6445
f 6530 6275 6276
f 6530 6276 6277
f 6530 6277 6278
f 6530 6278 6529
f 6509 6447 6448
f 6509 6448 6449
f 6509 6510 6447
f 6225 6224 6248
f 6225 6248 6249
f 6225 6249 6250
f 6531 6273 6274
f 6531 6274 6275
f 6531 6275 6530
f 6184 6371 6185
f 6184 6369 6370
f 6184 6370 6371
f 6508 6449 6450
f 6508 6450 6451
f 6508 6451 6452
f 6508 6509 6449
f 6532 6271 6272
f 6532 6272 6273
f 6532 6273 6531
f 6507 6452 6453
f 6507 6453 6349
f 6507 6508 6452
f 6533 6269 6270
f 6533 6270 6271
f 6533 6271 6532
f 6506 6349 6350
f 6506 6350 6351
f 6506 6507 6349
f 6226 6250 6251
f 6226 6251 6252
f 6226 6225 6250
f 6534 6269 6533
f 6534 6266 6267
f 6534 6267 6268
f 6534 6268 6269
f 6505 6351 6352
f 6505 6352 6353
f 6505 6353 6354
f 6505 6506 6351
f 6183 6367 6368
f 6183 6368 6369
f 6183 6369 6184
f 6535 6264 6265
f 6535 6265 6266
f 6535 6266 6534
f 6504 6354 6355
f 6504 6355 6356
f 6504 6505 6354
f 6536 6262 6263
f 6536 6263 6264
f 6536 6264 6535
f 6503 6356 6357
f 6503 6357 6358
f 6503 6504 6356
f 6227 6226 6252
f 6537 6260 6261
f 6537 6261 6262
f 6537 6262 6536
f 6502 6358 6359
f 6502 6359 6360
f 6502 6503 6358
f 6538 6258 6259
f 6538 6259 6260
f 6538 6260 6537
f 6501 6360 6361
f 6501 6361 6362
f 6501 6502 6360
f 6539 6256 6257
f 6539 6257 6258
f 6539 6258 6538
f 6500 6362 6363
f 6500 6363 6364
f 6500 6501 6362
f 6540 6254 6255
f 6540 6255 6256
f 6540 6256 6539
f 6499 6364 6365
f 6499 6365 6366
f 6499 6500 6364
f 6541 6254 6540
f 6541 6252 6253
f 6541 6253 6254
f 6498 6367 6183
f 6498 6499 6366
f 6498 6366 6367
f 6542 6252 6541
f 6542 6227 6252
f 6497 6498 6183
f 6497 6183 6182
f 6543 6227 6542
f 6543 6228 6227
f 6496 6497 6182
f 6496 6182 6181
f 6544 6228 6543
f 6544 6229 6228
f 6495 6496 6181
f 6495 6181 6180
f 6545 6229 6544
f 6545 6230 6229
f 6494 6495 6180
f 6494 6180 6179
f 6231 6545 6546
f 6231 6230 6545
f 6178 6494 6179
f 6178 6493 6494
f 6232 6546 6547
f 6232 6547 6548
f 6232 6231 6546
f 6177 6491 6492
f 6177 6492 6493
f 6177 6493 6178
f 6233 6232 6548
f 6176 6490 6491
f 6176 6491 6177
f 6234 6548 6549
f 6234 6233 6548
f 6175 6490 6176
f 6235 6549 6550
f 6235 6234 6549
f 6174 6489 6490
f 6174 6490 6175
f 6729 6730 6486
f 6729 6486 6487
f 6624 6553 6554
f 6624 6625 6553
f 6731 6486 6730
f 6731 6485 6486
f 6626 6552 6553
f 6626 6553 6625
f 6728 6729 6487
f 6623 6624 6554
f 6732 6485 6731
f 6627 6552 6626
f 6727 6487 6488
f 6727 6728 6487
f 6622 6554 6555
f 6622 6623 6554
f 6733 6484 6485
f 6733 6485 6732
f 6628 6551 6552
f 6628 6552 6627
f 6726 6727 6488
f 6621 6622 6555
f 6734 6484 6733
f 6629 6550 6551
f 6629 6551 6628
f 6725 6726 6488
f 6725 6488 6489
f 6620 6621 6555
f 6735 6484 6734
f 6735 6483 6484
f 6630 6550 6629
f 6630 6235 6550
f 6630 6236 6235
f 6724 6725 6489
f 6724 6489 6174
f 6619 6555 6556
f 6619 6620 6555
f 6736 6483 6735
f 6631 6236 6630
f 6723 6724 6174
f 6723 6174 6173
f 6618 6619 6556
f 6737 6483 6736
f 6632 6236 6631
f 6632 6237 6236
f 6722 6723 6173
f 6617 6556 6557
f 6617 6618 6556
f 6738 6483 6737
f 6738 6482 6483
f 6633 6237 6632
f 6721 6173 6172
f 6721 6722 6173
f 6616 6617 6557
f 6739 6482 6738
f 6634 6237 6633
f 6720 6721 6172
f 6615 6557 6558
f 6615 6616 6557
f 6740 6482 6739
f 6740 6481 6482
f 6635 6237 6634
f 6635 6238 6237
f 6719 6172 6171
f 6719 6720 6172
f 6614 6615 6558
f 6741 6481 6740
f 6636 6238 6635
f 6718 6719 6171
f 6613 6558 6454
f 6613 6614 6558
f 6742 6480 6481
f 6742 6481 6741
f 6637 6238 6636
f 6717 6718 6171
f 6612 6613 6454
f 6743 6480 6742
f 6638 6238 6637
f 6638 6239 6238
f 6716 6171 6170
f 6716 6717 6171
f 6611 6612 6454
f 6744 6480 6743
f 6744 6479 6480
f 6639 6239 6638
f 6715 6716 6170
f 6610 6454 6455
f 6610 6611 6454
f 6745 6479 6744
f 6640 6239 6639
f 6714 6715 6170
f 6609 6610 6455
f 6746 6479 6745
f 6641 6239 6640
f 6713 6714 6170
f 6608 6455 6456
f 6608 6609 6455
f 6747 6478 6479
f 6747 6479 6746
f 6712 6713 6170
f 6607 6608 6456
f 6748 6478 6747
f 6606 6607 6456
f 6606 6456 6457
f 6240 6239 6641
f 6240 6641 6642
f 6240 6642 6643
f 6749 6477 6478
f 6749 6478 6748
f 6644 6240 6643
f 6605 6606 6457
f 6750 6477 6749
f 6645 6240 6644
f 6604 6457 6458
f 6604 6605 6457
f 6169 6712 6170
f 6169 6709 6710
f 6169 6710 6711
f 6169 6711 6712
f 6751 6476 6477
f 6751 6477 6750
f 6708 6709 6169
f 6603 6604 6458
f 6752 6476 6751
f 6602 6603 6458
f 6753 6475 6476
f 6753 6476 6752
f 6601 6458 6459
f 6601 6602 6458
f 6754 6475 6753
f 6600 6601 6459
f 6755 6474 6475
f 6755 6475 6754
f 6599 6459 6460
f 6599 6600 6459
f 6756 6474 6755
f 6598 6599 6460
f 6241 6645 6646
f 6241 6646 6647
f 6241 6647 6648
f 6241 6648 6649
f 6241 6649 6650
f 6241 6240 6645
f 6757 6473 6474
f 6757 6474 6756
f 6597 6598 6460
f 6597 6460 6461
f 6758 6473 6757
f 6168 6703 6704
f 6168 6704 6705
f 6168 6705 6706
f 6168 6706 6707
f 6168 6707 6708
f 6168 6708 6169
f 6596 6597 6461
f 6759 6473 6758
f 6759 6472 6473
f 6595 6461 6462
f 6595 6596 6461
f 6760 6472 6759
f 6594 6462 6463
f 6594 6595 6462
f 6761 6471 6472
f 6761 6472 6760
f 6593 6594 6463
f 6242 6650 6651
f 6242 6651 6652
f 6242 6652 6653
f 6242 6653 6654
f 6242 6654 6655
f 6242 6241 6650
f 6167 6703 6168
f 6167 6698 6699
f 6167 6699 6700
f 6167 6700 6701
f 6167 6701 6702
f 6167 6702 6703
f 6243 6655 6656
f 6243 6656 6657
f 6243 6657 6658
f 6243 6658 6659
f 6243 6659 6660
f 6243 6660 6661
f 6243 6242 6655
f 6166 6698 6167
f 6166 6692 6693
f 6166 6693 6694
f 6166 6694 6695
f 6166 6695 6696
f 6166 6696 6697
f 6166 6697 6698
f 6139 6559 6560
f 6139 6661 6662
f 6139 6560 6561
f 6139 6662 6663
f 6139 6561 6562
f 6139 6663 6559
f 6139 6243 6661
f 6165 6686 6687
f 6165 6687 6688
f 6165 6688 6689
f 6165 6689 6690
f 6165 6690 6691
f 6165 6691 6692
f 6165 6692 6166
f 6140 6562 6563
f 6140 6563 6564
f 6140 6564 6565
f 6140 6565 6566
f 6140 6566 6567
f 6140 6567 6568
f 6140 6139 6562
f 6164 6686 6165
f 6164 6680 6681
f 6164 6681 6682
f 6164 6682 6683
f 6164 6683 6684
f 6164 6684 6685
f 6164 6685 6686
f 6141 6568 6569
f 6141 6569 6570
f 6141 6570 6571
f 6141 6571 6572
f 6141 6572 6573
f 6141 6140 6568
f 6163 6675 6676
f 6163 6676 6677
f 6163 6677 6678
f 6163 6678 6679
f 6163 6679 6680
f 6163 6680 6164
f 6142 6573 6574
f 6142 6574 6575
f 6142 6575 6576
f 6142 6576 6577
f 6142 6577 6578
f 6142 6141 6573
f 6162 6670 6671
f 6162 6671 6672
f 6162 6672 6673
f 6162 6673 6674
f 6162 6674 6675
f 6162 6675 6163
f 6143 6142 6578
f 6143 6578 6579
f 6143 6579 6580
f 6143 6580 6581
f 6143 6581 6582
f 6161 6666 6667
f 6161 6667 6668
f 6161 6668 6669
f 6161 6669 6670
f 6161 6670 6162
f 6144 6143 6582
f 6144 6582 6583
f 6144 6583 6584
f 6144 6584 6585
f 6160 6664 6665
f 6160 6665 6666
f 6160 6768 6664
f 6160 6666 6161
f 6145 6585 6586
f 6145 6586 6587
f 6145 6587 6588
f 6145 6144 6585
f 6159 6765 6766
f 6159 6766 6767
f 6159 6767 6768
f 6159 6768 6160
f 6146 6145 6588
f 6146 6588 6589
f 6146 6589 6590
f 6146 6590 6591
f 6158 6763 6764
f 6158 6764 6765
f 6158 6765 6159
f 6147 6146 6591
f 6147 6591 6592
f 6147 6592 6593
f 6157 6761 6762
f 6157 6762 6763
f 6157 6763 6158
f 6148 6593 6463
f 6148 6147 6593
f 6156 6471 6761
f 6156 6470 6471
f 6156 6761 6157
f 6149 6463 6464
f 6149 6148 6463
f 6155 6470 6156
f 6150 6464 6465
f 6150 6465 6466
f 6150 6149 6464
f 6154 6468 6469
f 6154 6469 6470
f 6154 6470 6155
f 6151 6150 6466
f 6153 6468 6154
f 6152 6151 6466
f 6152 6466 6467
f 6152 6467 6468
f 6152 6468 6153
f 6770 6875 6769
f 6770 6876 6875
f 6771 6877 6876
f 6771 6876 6770
f 6772 6878 6877
f 6772 6877 6771
f 6773 6879 6878
f 6773 6878 6772
f 6774 6880 6879
f 6774 6881 6880
f 6774 6879 6773
f 6775 6881 6774
f 6776 6882 6881
f 6776 6881 6775
f 6777 6883 6882
f 6777 6882 6776
f 6778 6884 6883
f 6778 6883 6777
f 6779 6885 6884
f 6779 6884 6778
f 6780 6886 6885
f 6780 6885 6779
f 6781 6887 6886
f 6781 6886 6780
f 6782 6888 6887
f 6782 6887 6781
f 6783 6889 6888
f 6783 6888 6782
f 6784 6890 6889
f 6784 6889 6783
f 6785 6891 6890
f 6785 6890 6784
f 6786 6892 6891
f 6786 6893 6892
f 6786 6891 6785
f 6787 6893 6786
f 6788 6894 6893
f 6788 6893 6787
f 6789 6895 6894
f 6789 6894 6788
f 6790 6896 6895
f 6790 6897 6896
f 6790 6895 6789
f 6791 6897 6790
f 6791 6898 6897
f 6792 6898 6791
f 6793 6898 6792
f 6793 6899 6898
f 6794 6899 6793
f 6794 6900 6899
f 6795 6900 6794
f 6795 6901 6900
f 6796 6901 6795
f 6796 6902 6901
f 6796 6903 6902
f 6797 6903 6796
f 6797 6904 6903
f 6798 6904 6797
f 6799 6904 6798
f 6799 6905 6904
f 6799 6906 6905
f 6800 6907 6906
f 6800 6906 6799
f 6801 6907 6800
f 6802 6908 6907
f 6802 6907 6801
f 6803 6909 6908
f 6803 6910 6909
f 6803 6908 6802
f 6804 6910 6803
f 6805 6911 6910
f 6805 6910 6804
f 6806 6912 6911
f 6806 6911 6805
f 6807 6913 6912
f 6807 6912 6806
f 6808 6914 6913
f 6808 6913 6807
f 6809 6915 6914
f 6809 6914 6808
f 6810 6916 6915
f 6810 6915 6809
f 6811 6917 6916
f 6811 6916 6810
f 6812 6918 6917
f 6812 6917 6811
f 6813 6919 6918
f 6813 6918 6812
f 6814 6920 6919
f 6814 6919 6813
f 6815 6921 6920
f 6815 6920 6814
f 6816 6922 6921
f 6816 6921 6815
f 6817 6922 6816
f 6817 6923 6922
f 6817 6924 6923
f 6818 6924 6817
f 6819 6924 6818
f 6819 6925 6924
f 6820 6925 6819
f 6820 6926 6925
f 6821 6926 6820
f 6821 6927 6926
f 6822 6927 6821
f 6822 6928 6927
f 6823 6928 6822
f 6823 6929 6928
f 6824 6929 6823
f 6824 6930 6929
f 6825 6930 6824
f 6825 6931 6930
f 6825 6932 6931
f 6826 6932 6825
f 6827 6932 6826
f 6827 6933 6932
f 6828 6933 6827
f 6828 6934 6933
f 6829 6934 6828
f 6829 6935 6934
f 6830 6935 6829
f 6830 6936 6935
f 6831 6936 6830
f 6831 6937 6936
f 6832 6937 6831
f 6832 6938 6937
f 6833 6938 6832
f 6833 6939 6938
f 6834 6940 6939
f 6834 6939 6833
f 6835 6941 6940
f 6835 6942 6941
f 6835 6940 6834
f 6836 6942 6835
f 6837 6943 6942
f 6837 6942 6836
f 6838 6944 6943
f 6838 6945 6944
f 6838 6943 6837
f 6839 6945 6838
f 6840 6946 6945
f 6840 6945 6839
f 6841 6946 6840
f 6841 6947 6946
f 6842 6947 6841
f 6842 6948 6947
f 6843 6948 6842
f 6843 6949 6948
f 6844 6949 6843
f 6844 6950 6949
f 6845 6950 6844
f 6845 6951 6950
f 6846 6951 6845
f 6846 6952 6951
f 6847 6952 6846
f 6847 6953 6952
f 6848 6953 6847
f 6848 6954 6953
f 6849 6954 6848
f 6849 6955 6954
f 6850 6955 6849
f 6850 6956 6955
f 6851 6956 6850
f 6851 6957 6956
f 6852 6957 6851
f 6852 6958 6957
f 6853 6958 6852
f 6853 6959 6958
f 6854 6959 6853
f 6854 6960 6959
f 6855 6960 6854
f 6855 6961 6960
f 6856 6961 6855
f 6856 6962 6961
f 6857 6962 6856
f 6857 6963 6962
f 6858 6963 6857
f 6858 6964 6963
f 6859 6964 6858
f 6859 6965 6964
f 6860 6965 6859
f 6860 6966 6965
f 6861 6966 6860
f 6861 6967 6966
f 6862 6967 6861
f 6862 6968 6967
f 6863 6968 6862
f 6863 6969 6968
f 6864 6969 6863
f 6864 6970 6969
f 6865 6971 6970
f 6865 6970 6864
f 6866 6972 6971
f 6866 6971 6865
f 6867 6972 6866
f 6867 6973 6972
f 6868 6974 6973
f 6868 6973 6867
f 6869 6975 6974
f 6869 6974 6868
f 6870 6976 6975
f 6870 6975 6869
f 6871 6977 6976
f 6871 6976 6870
f 6872 6978 6977
f 6872 6979 6978
f 6872 6977 6871
f 6873 6979 6872
f 6874 6980 6979
f 6874 6979 6873
f 6982 7087 6981
f 6982 7088 7087
f 6983 7089 7088
f 6983 7088 6982
f 6984 7090 7089
f 6984 7089 6983
f 6985 7091 7090
f 6985 7090 6984
f 6986 7092 7091
f 6986 7093 7092
f 6986 7091 6985
f 6987 7093 6986
f 6988 7094 7093
f 6988 7093 6987
f 6989 7095 7094
f 6989 7094 6988
f 6990 7096 7095
f 6990 7095 6989
f 6991 7097 7096
f 6991 7096 6990
f 6992 7098 7097
f 6992 7097 6991
f 6993 7099 7098
f 6993 7098 6992
f 6994 7100 7099
f 6994 7099 6993
f 6995 7101 7100
f 6995 7100 6994
f 6996 7102 7101
f 6996 7101 6995
f 6997 7103 7102
f 6997 7102 6996
f 6998 7104 7103
f 6998 7105 7104
f 6998 7103 6997
f 6999 7105 6998
f 7000 7106 7105
f 7000 7105 6999
f 7001 7107 7106
f 7001 7106 7000
f 7002 7108 7107
f 7002 7109 7108
f 7002 7107 7001
f 7003 7109 7002
f 7003 7110 7109
f 7004 7110 7003
f 7005 7110 7004
f 7005 7111 7110
f 7006 7111 7005
f 7006 7112 7111
f 7007 7112 7006
f 7007 7113 7112
f 7008 7113 7007
f 7008 7114 7113
f 7008 7115 7114
f 7009 7115 7008
f 7009 7116 7115
f 7010 7116 7009
f 7011 7116 7010
f 7011 7117 7116
f 7011 7118 7117
f 7012 7119 7118
f 7012 7118 7011
f 7013 7119 7012
f 7014 7120 7119
f 7014 7119 7013
f 7015 7121 7120
f 7015 7122 7121
f 7015 7120 7014
f 7016 7122 7015
f 7017 7123 7122
f 7017 7122 7016
f 7018 7124 7123
f 7018 7123 7017
f 7019 7125 7124
f 7019 7124 7018
f 7020 7126 7125
f 7020 7125 7019
f 7021 7127 7126
f 7021 7126 7020
f 7022 7128 7127
f 7022 7127 7021
f 7023 7129 7128
f 7023 7128 7022
f 7024 7130 7129
f 7024 7129 7023
f 7025 7131 7130
f 7025 7130 7024
f 7026 7132 7131
f 7026 7131 7025
f 7027 7133 7132
f 7027 7132 7026
f 7028 7134 7133
f 7028 7133 7027
f 7029 7134 7028
f 7029 7135 7134
f 7029 7136 7135
f 7030 7136 7029
f 7031 7136 7030
f 7031 7137 7136
f 7032 7137 7031
f 7032 7138 7137
f 7033 7138 7032
f 7033 7139 7138
f 7034 7139 7033
f 7034 7140 7139
f 7035 7140 7034
f 7035 7141 7140
f 7036 7141 7035
f 7036 7142 7141
f 7037 7142 7036
f 7037 7143 7142
f 7037 7144 7143
f 7038 7144 7037
f 7039 7144 7038
f 7039 7145 7144
f 7040 7145 7039
f 7040 7146 7145
f 7041 7146 7040
f 7041 7147 7146
f 7042 7147 7041
f 7042 7148 7147
f 7043 7148 7042
f 7043 7149 7148
f 7044 7149 7043
f 7044 7150 7149
f 7045 7150 7044
f 7045 7151 7150
f 7046 7152 7151
f 7046 7151 7045
f 7047 7153 7152
f 7047 7154 7153
f 7047 7152 7046
f 7048 7154 7047
f 7049 7155 7154
f 7049 7154 7048
f 7050 7156 7155
f 7050 7157 7156
f 7050 7155 7049
f 7051 7157 7050
f 7052 7158 7157
f 7052 7157 7051
f 7053 7158 7052
f 7053 7159 7158
f 7054 7159 7053
f 7054 7160 7159
f 7055 7160 7054
f 7055 7161 7160
f 7056 7161 7055
f 7056 7162 7161
f 7057 7162 7056
f 7057 7163 7162
f 7058 7163 7057
f 7058 7164 7163
f 7059 7164 7058
f 7059 7165 7164
f 7060 7165 7059
f 7060 7166 7165
f 7061 7166 7060
f 7061 7167 7166
f 7062 7167 7061
f 7062 7168 7167
f 7063 7168 7062
f 7063 7169 7168
f 7064 7169 7063
f 7064 7170 7169
f 7065 7170 7064
f 7065 7171 7170
f 7066 7171 7065
f 7066 7172 7171
f 7067 7172 7066
f 7067 7173 7172
f 7068 7173 7067
f 7068 7174 7173
f 7069 7174 7068
f 7069 7175 7174
f 7070 7175 7069
f 7070 7176 7175
f 7071 7176 7070
f 7071 7177 7176
f 7072 7177 7071
f 7072 7178 7177
f 7073 7178 7072
f 7073 7179 7178
f 7074 7179 7073
f 7074 7180 7179
f 7075 7180 7074
f 7075 7181 7180
f 7076 7181 7075
f 7076 7182 7181
f 7077 7183 7182
f 7077 7182 7076
f 7078 7184 7183
f 7078 7183 7077
f 7079 7184 7078
f 7079 7185 7184
f 7080 7186 7185
f 7080 7185 7079
f 7081 7187 7186
f 7081 7186 7080
f 7082 7188 7187
f 7082 7187 7081
f 7083 7189 7188
f 7083 7188 7082
f 7084 7190 7189
f 7084 7191 7190
f 7084 7189 7083
f 7085 7191 7084
f 7086 7192 7191
f 7086 7191 7085
f 7194 7299 7193
f 7194 7300 7299
f 7195 7301 7300
f 7195 7300 7194
f 7196 7302 7301
f 7196 7301 7195
f 7197 7303 7302
f 7197 7302 7196
f 7198 7304 7303
f 7198 7305 7304
f 7198 7303 7197
f 7199 7305 7198
f 7200 7306 7305
f 7200 7305 7199
f 7201 7307 7306
f 7201 7306 7200
f 7202 7308 7307
f 7202 7307 7201
f 7203 7309 7308
f 7203 7308 7202
f 7204 7310 7309
f 7204 7309 7203
f 7205 7311 7310
f 7205 7310 7204
f 7206 7312 7311
f 7206 7311 7205
f 7207 7313 7312
f 7207 7312 7206
f 7208 7314 7313
f 7208 7313 7207
f 7209 7315 7314
f 7209 7314 7208
f 7210 7316 7315
f 7210 7317 7316
f 7210 7315 7209
f 7211 7317 7210
f 7212 7318 7317
f 7212 7317 7211
f 7213 7319 7318
f 7213 7318 7212
f 7214 7320 7319
f 7214 7321 7320
f 7214 7319 7213
f 7215 7321 7214
f 7215 7322 7321
f 7216 7322 7215
f 7217 7322 7216
f 7217 7323 7322
f 7218 7323 7217
f 7218 7324 7323
f 7219 7324 7218
f 7219 7325 7324
f 7220 7325 7219
f 7220 7326 7325
f 7220 7327 7326
f 7221 7327 7220
f 7221 7328 7327
f 7222 7328 7221
f 7223 7328 7222
f 7223 7329 7328
f 7223 7330 7329
f 7224 7331 7330
f 7224 7330 7223
f 7225 7331 7224
f 7226 7332 7331
f 7226 7331 7225
f 7227 7333 7332
f 7227 7334 7333
f 7227 7332 7226
f 7228 7334 7227
f 7229 7335 7334
f 7229 7334 7228
f 7230 7336 7335
f 7230 7335 7229
f 7231 7337 7336
f 7231 7336 7230
f 7232 7338 7337
f 7232 7337 7231
f 7233 7339 7338
f 7233 7338 7232
f 7234 7340 7339
f 7234 7339 7233
f 7235 7341 7340
f 7235 7340 7234
f 7236 7342 7341
f 7236 7341 7235
f 7237 7343 7342
f 7237 7342 7236
f 7238 7344 7343
f 7238 7343 7237
f 7239 7345 7344
f 7239 7344 7238
f 7240 7346 7345
f 7240 7345 7239
f 7241 7346 7240
f 7241 7347 7346
f 7241 7348 7347
f 7242 7348 7241
f 7243 7348 7242
f 7243 7349 7348
f 7244 7349 7243
f 7244 7350 7349
f 7245 7350 7244
f 7245 7351 7350
f 7246 7351 7245
f 7246 7352 7351
f 7247 7352 7246
f 7247 7353 7352
f 7248 7353 7247
f 7248 7354 7353
f 7249 7354 7248
f 7249 7355 7354
f 7249 7356 7355
f 7250 7356 7249
f 7251 7356 7250
f 7251 7357 7356
f 7252 7357 7251
f 7252 7358 7357
f 7253 7358 7252
f 7253 7359 7358
f 7254 7359 7253
f 7254 7360 7359
f 7255 7360 7254
f 7255 7361 7360
f 7256 7361 7255
f 7256 7362 7361
f 7257 7362 7256
f 7257 7363 7362
f 7258 7364 7363
f 7258 7363 7257
f 7259 7365 7364
f 7259 7366 7365
f 7259 7364 7258
f 7260 7366 7259
f 7261 7367 7366
f 7261 7366 7260
f 7262 7368 7367
f 7262 7369 7368
f 7262 7367 7261
f 7263 7369 7262
f 7264 7370 7369
f 7264 7369 7263
f 7265 7370 7264
f 7265 7371 7370
f 7266 7371 7265
f 7266 7372 7371
f 7267 7372 7266
f 7267 7373 7372
f 7268 7373 7267
f 7268 7374 7373
f 7269 7374 7268
f 7269 7375 7374
f 7270 7375 7269
f 7270 7376 7375
f 7271 7376 7270
f 7271 7377 7376
f 7272 7377 7271
f 7272 7378 7377
f 7273 7378 7272
f 7273 7379 7378
f 7274 7379 7273
f 7274 7380 7379
f 7275 7380 7274
f 7275 7381 7380
f 7276 7381 7275
f 7276 7382 7381
f 7277 7382 7276
f 7277 7383 7382
f 7278 7383 7277
f 7278 7384 7383
f 7279 7384 7278
f 7279 7385 7384
f 7280 7385 7279
f 7280 7386 7385
f 7281 7386 7280
f 7281 7387 7386
f 7282 7387 7281
f 7282 7388 7387
f 7283 7388 7282
f 7283 7389 7388
f 7284 7389 7283
f 7284 7390 7389
f 7285 7390 7284
f 7285 7391 7390
f 7286 7391 7285
f 7286 7392 7391
f 7287 7392 7286
f 7287 7393 7392
f 7288 7393 7287
f 7288 7394 7393
f 7289 7395 7394
f 7289 7394 7288
f 7290 7396 7395
f 7290 7395 7289
f 7291 7396 7290
f 7291 7397 7396
f 7292 7398 7397
f 7292 7397 7291
f 7293 7399 7398
f 7293 7398 7292
f 7294 7400 7399
f 7294 7399 7293
f 7295 7401 7400
f 7295 7400 7294
f 7296 7402 7401
f 7296 7403 7402
f 7296 7401 7295
f 7297 7403 7296
f 7298 7404 7403
f 7298 7403 7297
f 7406 7511 7405
f 7406 7512 7511
f 7407 7513 7512
f 7407 7512 7406
f 7408 7514 7513
f 7408 7513 7407
f 7409 7515 7514
f 7409 7514 7408
f 7410 7516 7515
f 7410 7517 7516
f 7410 7515 7409
f 7411 7517 7410
f 7412 7518 7517
f 7412 7517 7411
f 7413 7519 7518
f 7413 7518 7412
f 7414 7520 7519
f 7414 7519 7413
f 7415 7521 7520
f 7415 7520 7414
f 7416 7522 7521
f 7416 7521 7415
f 7417 7523 7522
f 7417 7522 7416
f 7418 7524 7523
f 7418 7523 7417
f 7419 7525 7524
f 7419 7524 7418
f 7420 7526 7525
f 7420 7525 7419
f 7421 7527 7526
f 7421 7526 7420
f 7422 7528 7527
f 7422 7529 7528
f 7422 7527 7421
f 7423 7529 7422
f 7424 7530 7529
f 7424 7529 7423
f 7425 7531 7530
f 7425 7530 7424
f 7426 7532 7531
f 7426 7533 7532
f 7426 7531 7425
f 7427 7533 7426
f 7427 7534 7533
f 7428 7534 7427
f 7429 7534 7428
f 7429 7535 7534
f 7430 7535 7429
f 7430 7536 7535
f 7431 7536 7430
f 7431 7537 7536
f 7432 7537 7431
f 7432 7538 7537
f 7432 7539 7538
f 7433 7539 7432
f 7433 7540 7539
f 7434 7540 7433
f 7435 7540 7434
f 7435 7541 7540
f 7435 7542 7541
f 7436 7543 7542
f 7436 7542 7435
f 7437 7543 7436
f 7438 7544 7543
f 7438 7543 7437
f 7439 7545 7544
f 7439 7546 7545
f 7439 7544 7438
f 7440 7546 7439
f 7441 7547 7546
f 7441 7546 7440
f 7442 7548 7547
f 7442 7547 7441
f 7443 7549 7548
f 7443 7548 7442
f 7444 7550 7549
f 7444 7549 7443
f 7445 7551 7550
f 7445 7550 7444
f 7446 7552 7551
f 7446 7551 7445
f 7447 7553 7552
f 7447 7552 7446
f 7448 7554 7553
f 7448 7553 7447
f 7449 7555 7554
f 7449 7554 7448
f 7450 7556 7555
f 7450 7555 7449
f 7451 7557 7556
f 7451 7556 7450
f 7452 7558 7557
f 7452 7557 7451
f 7453 7558 7452
f 7453 7559 7558
f 7453 7560 7559
f 7454 7560 7453
f 7455 7560 7454
f 7455 7561 7560
f 7456 7561 7455
f 7456 7562 7561
f 7457 7562 7456
f 7457 7563 7562
f 7458 7563 7457
f 7458 7564 7563
f 7459 7564 7458
f 7459 7565 7564
f 7460 7565 7459
f 7460 7566 7565
f 7461 7566 7460
f 7461 7567 7566
f 7461 7568 7567
f 7462 7568 7461
f 7463 7568 7462
f 7463 7569 7568
f 7464 7569 7463
f 7464 7570 7569
f 7465 7570 7464
f 7465 7571 7570
f 7466 7571 7465
f 7466 7572 7571
f 7467 7572 7466
f 7467 7573 7572
f 7468 7573 7467
f 7468 7574 7573
f 7469 7574 7468
f 7469 7575 7574
f 7470 7576 7575
f 7470 7575 7469
f 7471 7577 7576
f 7471 7578 7577
f 7471 7576 7470
f 7472 7578 7471
f 7473 7579 7578
f 7473 7578 7472
f 7474 7580 7579
f 7474 7581 7580
f 7474 7579 7473
f 7475 7581 7474
f 7476 7582 7581
f 7476 7581 7475
f 7477 7582 7476
f 7477 7583 7582
f 7478 7583 7477
f 7478 7584 7583
f 7479 7584 7478
f 7479 7585 7584
f 7480 7585 7479
f 7480 7586 7585
f 7481 7586 7480
f 7481 7587 7586
f 7482 7587 7481
f 7482 7588 7587
f 7483 7588 7482
f 7483 7589 7588
f 7484 7589 7483
f 7484 7590 7589
f 7485 7590 7484
f 7485 7591 7590
f 7486 7591 7485
f 7486 7592 7591
f 7487 7592 7486
f 7487 7593 7592
f 7488 7593 7487
f 7488 7594 7593
f 7489 7594 7488
f 7489 7595 7594
f 7490 7595 7489
f 7490 7596 7595
f 7491 7596 7490
f 7491 7597 7596
f 7492 7597 7491
f 7492 7598 7597
f 7493 7598 7492
f 7493 7599 7598
f 7494 7599 7493
f 7494 7600 7599
f 7495 7600 7494
f 7495 7601 7600
f 7496 7601 7495
f 7496 7602 7601
f 7497 7602 7496
f 7497 7603 7602
f 7498 7603 7497
f 7498 7604 7603
f 7499 7604 7498
f 7499 7605 7604
f 7500 7605 7499
f 7500 7606 7605
f 7501 7607 7606
f 7501 7606 7500
f 7502 7608 7607
f 7502 7607 7501
f 7503 7608 7502
f 7503 7609 7608
f 7504 7610 7609
f 7504 7609 7503
f 7505 7611 7610
f 7505 7610 7504
f 7506 7612 7611
f 7506 7611 7505
f 7507 7613 7612
f 7507 7612 7506
f 7508 7614 7613
f 7508 7615 7614
f 7508 7613 7507
f 7509 7615 7508
f 7510 7616 7615
f 7510 7615 7509
f 7618 7723 7617
f 7618 7724 7723
f 7619 7725 7724
f 7619 7724 7618
f 7620 7726 7725
f 7620 7725 7619
f 7621 7727 7726
f 7621 7726 7620
f 7622 7728 7727
f 7622 7729 7728
f 7622 7727 7621
f 7623 7729 7622
f 7624 7730 7729
f 7624 7729 7623
f 7625 7731 7730
f 7625 7730 7624
f 7626 7732 7731
f 7626 7731 7625
f 7627 7733 7732
f 7627 7732 7626
f 7628 7734 7733
f 7628 7733 7627
f 7629 7735 7734
f 7629 7734 7628
f 7630 7736 7735
f 7630 7735 7629
f 7631 7737 7736
f 7631 7736 7630
f 7632 7738 7737
f 7632 7737 7631
f 7633 7739 7738
f 7633 7738 7632
f 7634 7740 7739
f 7634 7741 7740
f 7634 7739 7633
f 7635 7741 7634
f 7636 7742 7741
f 7636 7741 7635
f 7637 7743 7742
f 7637 7742 7636
f 7638 7744 7743
f 7638 7745 7744
f 7638 7743 7637
f 7639 7745 7638
f 7639 7746 7745
f 7640 7746 7639
f 7641 7746 7640
f 7641 7747 7746
f 7642 7747 7641
f 7642 7748 7747
f 7643 7748 7642
f 7643 7749 7748
f 7644 7749 7643
f 7644 7750 7749
f 7644 7751 7750
f 7645 7751 7644
f 7645 7752 7751
f 7646 7752 7645
f 7647 7752 7646
f 7647 7753 7752
f 7647 7754 7753
f 7648 7755 7754
f 7648 7754 7647
f 7649 7755 7648
f 7650 7756 7755
f 7650 7755 7649
f 7651 7757 7756
f 7651 7758 7757
f 7651 7756 7650
f 7652 7758 7651
f 7653 7759 7758
f 7653 7758 7652
f 7654 7760 7759
f 7654 7759 7653
f 7655 7761 7760
f 7655 7760 7654
f 7656 7762 7761
f 7656 7761 7655
f 7657 7763 7762
f 7657 7762 7656
f 7658 7764 7763
f 7658 7763 7657
f 7659 7765 7764
f 7659 7764 7658
f 7660 7766 7765
f 7660 7765 7659
f 7661 7767 7766
f 7661 7766 7660
f 7662 7768 7767
f 7662 7767 7661
f 7663 7769 7768
f 7663 7768 7662
f 7664 7770 7769
f 7664 7769 7663
f 7665 7770 7664
f 7665 7771 7770
f 7665 7772 7771
f 7666 7772 7665
f 7667 7772 7666
f 7667 7773 7772
f 7668 7773 7667
f 7668 7774 7773
f 7669 7774 7668
f 7669 7775 7774
f 7670 7775 7669
f 7670 7776 7775
f 7671 7776 7670
f 7671 7777 7776
f 7672 7777 7671
f 7672 7778 7777
f 7673 7778 7672
f 7673 7779 7778
f 7673 7780 7779
f 7674 7780 7673
f 7675 7780 7674
f 7675 7781 7780
f 7676 7781 7675
f 7676 7782 7781
f 7677 7782 7676
f 7677 7783 7782
f 7678 7783 7677
f 7678 7784 7783
f 7679 7784 7678
f 7679 7785 7784
f 7680 7785 7679
f 7680 7786 7785
f 7681 7786 7680
f 7681 7787 7786
f 7682 7788 7787
f 7682 7787 7681
f 7683 7789 7788
f 7683 7790 7789
f 7683 7788 7682
f 7684 7790 7683
f 7685 7791 7790
f 7685 7790 7684
f 7686 7792 7791
f 7686 7793 7792
f 7686 7791 7685
f 7687 7793 7686
f 7688 7794 7793
f 7688 7793 7687
f 7689 7794 7688
f 7689 7795 7794
f 7690 7795 7689
f 7690 7796 7795
f 7691 7796 7690
f 7691 7797 7796
f 7692 7797 7691
f 7692 7798 7797
f 7693 7798 7692
f 7693 7799 7798
f 7694 7799 7693
f 7694 7800 7799
f 7695 7800 7694
f 7695 7801 7800
f 7696 7801 7695
f 7696 7802 7801
f 7697 7802 7696
f 7697 7803 7802
f 7698 7803 7697
f 7698 7804 7803
f 7699 7804 7698
f 7699 7805 7804
f 7700 7805 7699
f 7700 7806 7805
f 7701 7806 7700
f 7701 7807 7806
f 7702 7807 7701
f 7702 7808 7807
f 7703 7808 7702
f 7703 7809 7808
f 7704 7809 7703
f 7704 7810 7809
f 7705 7810 7704
f 7705 7811 7810
f 7706 7811 7705
f 7706 7812 7811
f 7707 7812 7706
f 7707 7813 7812
f 7708 7813 7707
f 7708 7814 7813
f 7709 7814 7708
f 7709 7815 7814
f 7710 7815 7709
f 7710 7816 7815
f 7711 7816 7710
f 7711 7817 7816
f 7712 7817 7711
f 7712 7818 7817
f 7713 7819 7818
f 7713 7818 7712
f 7714 7820 7819
f 7714 7819 7713
f 7715 7820 7714
f 7715 7821 7820
f 7716 7822 7821
f 7716 7821 7715
f 7717 7823 7822
f 7717 7822 7716
f 7718 7824 7823
f 7718 7823 7717
f 7719 7825 7824
f 7719 7824 7718
f 7720 7826 7825
f 7720 7827 7826
f 7720 7825 7719
f 7721 7827 7720
f 7722 7828 7827
f 7722 7827 7721
