v 0.06435 -0.0645 0.00700000000005
v 0.06435 -0.0645 0.00300000000005
v 0.0643475836752 -0.0644192643922 0.00300000000005
v 0.0643403433506 -0.0643388177969 0.00300000000005
v 0.0643283049446 -0.064258948192 0.00300000000005
v 0.0643115115517 -0.0641799414901 0.00300000000005
v 0.0642900232878 -0.0641020805145 0.00300000000005
v 0.0642639170754 -0.0640256439875 0.00300000000005
v 0.0642332863678 -0.0639509055318 0.00300000000005
v 0.0641982408152 -0.0638781326919 0.00300000000005
v 0.0641589058714 -0.0638075859755 0.00300000000005
v 0.0641154223453 -0.0637395179216 0.00300000000005
v 0.0640679458968 -0.0636741721962 0.00300000000005
v 0.0640166464791 -0.06361178272 0.00300000000005
v 0.0639617077309 -0.0635525728311 0.00300000000005
v 0.0639033263186 -0.0634967544856 0.00300000000005
v 0.0638417112325 -0.0634445274987 0.00300000000005
v 0.0637770830387 -0.0633960788294 0.00300000000005
v 0.0637096730892 -0.0633515819113 0.00300000000005
v 0.0636397226943 -0.063311196032 0.00300000000005
v 0.0635674822582 -0.0632750657623 0.00300000000005
v 0.0634932103829 -0.0632433204393 0.00300000000005
v 0.0634171729424 -0.063216073703 0.00300000000005
v 0.0633396421311 -0.0631934230896 0.00300000000005
v 0.063260895489 -0.0631754496824 0.00300000000005
v 0.0631812149089 -0.0631622178216 0.00300000000005
v 0.0631008856263 -0.0631537748738 0.00300000000005
v 0.0630201951995 -0.0631501510626 0.00300000000005
v 0.062939432479 -0.0631513593602 0.00300000000005
v 0.0628588865746 -0.0631573954413 0.00300000000005
v 0.0627788458196 -0.0631682376982 0.00300000000005
v 0.0626995967392 -0.0631838473186 0.00300000000005
v 0.0626214230244 -0.0632041684239 0.00300000000005
v 0.062544604517 -0.06322912827 0.00300000000005
v 0.0624694162073 -0.0632586375071 0.00300000000005
v 0.0623961272498 -0.0632925904997 0.00300000000005
v 0.062325 -0.0633308657049 0.00300000000005
v 0.062256289075 -0.0633733261075 0.00300000000005
v 0.0621902404422 -0.0634198197102 0.00300000000005
v 0.0621270905384 -0.063470180078 0.00300000000005
v 0.0620670654239 -0.0635242269338 0.00300000000005
v 0.062010379973 -0.063581766804 0.00300000000005
v 0.061957237105 -0.0636425937107 0.00300000000005
v 0.0619078270576 -0.0637064899094 0.00300000000005
v 0.0618623267058 -0.0637732266683 0.00300000000005
v 0.0618208989292 -0.0638425650871 0.00300000000005
v 0.0617836920283 -0.0639142569522 0.00300000000005
v 0.0617508391944 -0.0639880456254 0.00300000000005
v 0.0617224580319 -0.0640636669624 0.00300000000005
v 0.0616986501381 -0.0641408502585 0.00300000000005
v 0.061679500739 -0.0642193192174 0.00300000000005
v 0.0616650783846 -0.0642987929407 0.00300000000005
v 0.0616554347031 -0.064378986933 0.00300000000005
v 0.0616506042164 -0.0644596141207 0.00300000000005
v 0.0616506042164 -0.0645403858793 0.00300000000005
v 0.0616554347031 -0.064621013067 0.00300000000005
v 0.0616650783846 -0.0647012070593 0.00300000000005
v 0.061679500739 -0.0647806807826 0.00300000000005
v 0.0616986501381 -0.0648591497415 0.00300000000005
v 0.0617224580319 -0.0649363330376 0.00300000000005
v 0.0617508391944 -0.0650119543746 0.00300000000005
v 0.0617836920283 -0.0650857430478 0.00300000000005
v 0.0618208989292 -0.0651574349129 0.00300000000005
v 0.0618623267058 -0.0652267733317 0.00300000000005
v 0.0619078270576 -0.0652935100906 0.00300000000005
v 0.061957237105 -0.0653574062893 0.00300000000005
v 0.062010379973 -0.065418233196 0.00300000000005
v 0.0620670654239 -0.0654757730662 0.00300000000005
v 0.0621270905384 -0.065529819922 0.00300000000005
v 0.0621902404422 -0.0655801802898 0.00300000000005
v 0.062256289075 -0.0656266738925 0.00300000000005
v 0.062325 -0.0656691342951 0.00300000000005
v 0.0623961272498 -0.0657074095003 0.00300000000005
v 0.0624694162073 -0.0657413624929 0.00300000000005
v 0.062544604517 -0.06577087173 0.00300000000005
v 0.0626214230244 -0.0657958315761 0.00300000000005
v 0.0626995967392 -0.0658161526814 0.00300000000005
v 0.0627788458196 -0.0658317623018 0.00300000000005
v 0.0628588865746 -0.0658426045587 0.00300000000005
v 0.062939432479 -0.0658486406398 0.00300000000005
v 0.0630201951995 -0.0658498489374 0.00300000000005
v 0.0631008856263 -0.0658462251262 0.00300000000005
v 0.0631812149089 -0.0658377821784 0.00300000000005
v 0.063260895489 -0.0658245503176 0.00300000000005
v 0.0633396421311 -0.0658065769104 0.00300000000005
v 0.0634171729424 -0.065783926297 0.00300000000005
v 0.0634932103829 -0.0657566795607 0.00300000000005
v 0.0635674822582 -0.0657249342377 0.00300000000005
v 0.0636397226943 -0.065688803968 0.00300000000005
v 0.0637096730892 -0.0656484180887 0.00300000000005
v 0.0637770830387 -0.0656039211706 0.00300000000005
v 0.0638417112325 -0.0655554725013 0.00300000000005
v 0.0639033263186 -0.0655032455144 0.00300000000005
v 0.0639617077309 -0.0654474271689 0.00300000000005
v 0.0640166464791 -0.06538821728 0.00300000000005
v 0.0640679458968 -0.0653258278038 0.00300000000005
v 0.0641154223453 -0.0652604820784 0.00300000000005
v 0.0641589058714 -0.0651924140245 0.00300000000005
v 0.0641982408152 -0.0651218673081 0.00300000000005
v 0.0642332863678 -0.0650490944682 0.00300000000005
v 0.0642639170754 -0.0649743560125 0.00300000000005
v 0.0642900232878 -0.0648979194855 0.00300000000005
v 0.0643115115517 -0.0648200585099 0.00300000000005
v 0.0643283049446 -0.064741051808 0.00300000000005
v 0.0643403433506 -0.0646611822031 0.00300000000005
v 0.0643475836752 -0.0645807356078 0.00300000000005
v 0.06435 -0.0645 0.00300000000005
v 0.06435 -0.0645 0.00700000000005
v 0.0643475836752 -0.0645807356078 0.00700000000005
v 0.0643403433506 -0.0646611822031 0.00700000000005
v 0.0643283049446 -0.064741051808 0.00700000000005
v 0.0643115115517 -0.0648200585099 0.00700000000005
v 0.0642900232878 -0.0648979194855 0.00700000000005
v 0.0642639170754 -0.0649743560125 0.00700000000005
v 0.0642332863678 -0.0650490944682 0.00700000000005
v 0.0641982408152 -0.0651218673081 0.00700000000005
v 0.0641589058714 -0.0651924140245 0.00700000000005
v 0.0641154223453 -0.0652604820784 0.00700000000005
v 0.0640679458968 -0.0653258278038 0.00700000000005
v 0.0640166464791 -0.06538821728 0.00700000000005
v 0.0639617077309 -0.0654474271689 0.00700000000005
v 0.0639033263186 -0.0655032455144 0.00700000000005
v 0.0638417112325 -0.0655554725013 0.00700000000005
v 0.0637770830387 -0.0656039211706 0.00700000000005
v 0.0637096730892 -0.0656484180887 0.00700000000005
v 0.0636397226943 -0.065688803968 0.00700000000005
v 0.0635674822582 -0.0657249342377 0.00700000000005
v 0.0634932103829 -0.0657566795607 0.00700000000005
v 0.0634171729424 -0.065783926297 0.00700000000005
v 0.0633396421311 -0.0658065769104 0.00700000000005
v 0.063260895489 -0.0658245503176 0.00700000000005
v 0.0631812149089 -0.0658377821784 0.00700000000005
v 0.0631008856263 -0.0658462251262 0.00700000000005
v 0.0630201951995 -0.0658498489374 0.00700000000005
v 0.062939432479 -0.0658486406398 0.00700000000005
v 0.0628588865746 -0.0658426045587 0.00700000000005
v 0.0627788458196 -0.0658317623018 0.00700000000005
v 0.0626995967392 -0.0658161526814 0.00700000000005
v 0.0626214230244 -0.0657958315761 0.00700000000005
v 0.062544604517 -0.06577087173 0.00700000000005
v 0.0624694162073 -0.0657413624929 0.00700000000005
v 0.0623961272498 -0.0657074095003 0.00700000000005
v 0.062325 -0.0656691342951 0.00700000000005
v 0.062256289075 -0.0656266738925 0.00700000000005
v 0.0621902404422 -0.0655801802898 0.00700000000005
v 0.0621270905384 -0.065529819922 0.00700000000005
v 0.0620670654239 -0.0654757730662 0.00700000000005
v 0.062010379973 -0.065418233196 0.00700000000005
v 0.061957237105 -0.0653574062893 0.00700000000005
v 0.0619078270576 -0.0652935100906 0.00700000000005
v 0.0618623267058 -0.0652267733317 0.00700000000005
v 0.0618208989292 -0.0651574349129 0.00700000000005
v 0.0617836920283 -0.0650857430478 0.00700000000005
v 0.0617508391944 -0.0650119543746 0.00700000000005
v 0.0617224580319 -0.0649363330376 0.00700000000005
v 0.0616986501381 -0.0648591497415 0.00700000000005
v 0.061679500739 -0.0647806807826 0.00700000000005
v 0.0616650783846 -0.0647012070593 0.00700000000005
v 0.0616554347031 -0.064621013067 0.00700000000005
v 0.0616506042164 -0.0645403858793 0.00700000000005
v 0.0616506042164 -0.0644596141207 0.00700000000005
v 0.0616554347031 -0.064378986933 0.00700000000005
v 0.0616650783846 -0.0642987929407 0.00700000000005
v 0.061679500739 -0.0642193192174 0.00700000000005
v 0.0616986501381 -0.0641408502585 0.00700000000005
v 0.0617224580319 -0.0640636669624 0.00700000000005
v 0.0617508391944 -0.0639880456254 0.00700000000005
v 0.0617836920283 -0.0639142569522 0.00700000000005
v 0.0618208989292 -0.0638425650871 0.00700000000005
v 0.0618623267058 -0.0637732266683 0.00700000000005
v 0.0619078270576 -0.0637064899094 0.00700000000005
v 0.061957237105 -0.0636425937107 0.00700000000005
v 0.062010379973 -0.063581766804 0.00700000000005
v 0.0620670654239 -0.0635242269338 0.00700000000005
v 0.0621270905384 -0.063470180078 0.00700000000005
v 0.0621902404422 -0.0634198197102 0.00700000000005
v 0.062256289075 -0.0633733261075 0.00700000000005
v 0.062325 -0.0633308657049 0.00700000000005
v 0.0623961272498 -0.0632925904997 0.00700000000005
v 0.0624694162073 -0.0632586375071 0.00700000000005
v 0.062544604517 -0.06322912827 0.00700000000005
v 0.0626214230244 -0.0632041684239 0.00700000000005
v 0.0626995967392 -0.0631838473186 0.00700000000005
v 0.0627788458196 -0.0631682376982 0.00700000000005
v 0.0628588865746 -0.0631573954413 0.00700000000005
v 0.062939432479 -0.0631513593602 0.00700000000005
v 0.0630201951995 -0.0631501510626 0.00700000000005
v 0.0631008856263 -0.0631537748738 0.00700000000005
v 0.0631812149089 -0.0631622178216 0.00700000000005
v 0.063260895489 -0.0631754496824 0.00700000000005
v 0.0633396421311 -0.0631934230896 0.00700000000005
v 0.0634171729424 -0.063216073703 0.00700000000005
v 0.0634932103829 -0.0632433204393 0.00700000000005
v 0.0635674822582 -0.0632750657623 0.00700000000005
v 0.0636397226943 -0.063311196032 0.00700000000005
v 0.0637096730892 -0.0633515819113 0.00700000000005
v 0.0637770830387 -0.0633960788294 0.00700000000005
v 0.0638417112325 -0.0634445274987 0.00700000000005
v 0.0639033263186 -0.0634967544856 0.00700000000005
v 0.0639617077309 -0.0635525728311 0.00700000000005
v 0.0640166464791 -0.06361178272 0.00700000000005
v 0.0640679458968 -0.0636741721962 0.00700000000005
v 0.0641154223453 -0.0637395179216 0.00700000000005
v 0.0641589058714 -0.0638075859755 0.00700000000005
v 0.0641982408152 -0.0638781326919 0.00700000000005
v 0.0642332863678 -0.0639509055318 0.00700000000005
v 0.0642639170754 -0.0640256439875 0.00700000000005
v 0.0642900232878 -0.0641020805145 0.00700000000005
v 0.0643115115517 -0.0641799414901 0.00700000000005
v 0.0643283049446 -0.064258948192 0.00700000000005
v 0.0643403433506 -0.0643388177969 0.00700000000005
v 0.0643475836752 -0.0644192643922 0.00700000000005
v 0.06435 -0.0645 0.00300000000005
v 0.0643475836752 -0.0644192643922 0.00300000000005
v 0.0643403433506 -0.0643388177969 0.00300000000005
v 0.0643283049446 -0.064258948192 0.00300000000005
v 0.0643115115517 -0.0641799414901 0.00300000000005
v 0.0642900232878 -0.0641020805145 0.00300000000005
v 0.0642639170754 -0.0640256439875 0.00300000000005
v 0.0642332863678 -0.0639509055318 0.00300000000005
v 0.0641982408152 -0.0638781326919 0.00300000000005
v 0.0641589058714 -0.0638075859755 0.00300000000005
v 0.0641154223453 -0.0637395179216 0.00300000000005
v 0.0640679458968 -0.0636741721962 0.00300000000005
v 0.0640166464791 -0.06361178272 0.00300000000005
v 0.0639617077309 -0.0635525728311 0.00300000000005
v 0.0639033263186 -0.0634967544856 0.00300000000005
v 0.0638417112325 -0.0634445274987 0.00300000000005
v 0.0637770830387 -0.0633960788294 0.00300000000005
v 0.0637096730892 -0.0633515819113 0.00300000000005
v 0.0636397226943 -0.063311196032 0.00300000000005
v 0.0635674822582 -0.0632750657623 0.00300000000005
v 0.0634932103829 -0.0632433204393 0.00300000000005
v 0.0634171729424 -0.063216073703 0.00300000000005
v 0.0633396421311 -0.0631934230896 0.00300000000005
v 0.063260895489 -0.0631754496824 0.00300000000005
v 0.0631812149089 -0.0631622178216 0.00300000000005
v 0.0631008856263 -0.0631537748738 0.00300000000005
v 0.0630201951995 -0.0631501510626 0.00300000000005
v 0.062939432479 -0.0631513593602 0.00300000000005
v 0.0628588865746 -0.0631573954413 0.00300000000005
v 0.0627788458196 -0.0631682376982 0.00300000000005
v 0.0626995967392 -0.0631838473186 0.00300000000005
v 0.0626214230244 -0.0632041684239 0.00300000000005
v 0.062544604517 -0.06322912827 0.00300000000005
v 0.0624694162073 -0.0632586375071 0.00300000000005
v 0.0623961272498 -0.0632925904997 0.00300000000005
v 0.062325 -0.0633308657049 0.00300000000005
v 0.062256289075 -0.0633733261075 0.00300000000005
v 0.0621902404422 -0.0634198197102 0.00300000000005
v 0.0621270905384 -0.063470180078 0.00300000000005
v 0.0620670654239 -0.0635242269338 0.00300000000005
v 0.062010379973 -0.063581766804 0.00300000000005
v 0.061957237105 -0.0636425937107 0.00300000000005
v 0.0619078270576 -0.0637064899094 0.00300000000005
v 0.0618623267058 -0.0637732266683 0.00300000000005
v 0.0618208989292 -0.0638425650871 0.00300000000005
v 0.0617836920283 -0.0639142569522 0.00300000000005
v 0.0617508391944 -0.0639880456254 0.00300000000005
v 0.0617224580319 -0.0640636669624 0.00300000000005
v 0.0616986501381 -0.0641408502585 0.00300000000005
v 0.061679500739 -0.0642193192174 0.00300000000005
v 0.0616650783846 -0.0642987929407 0.00300000000005
v 0.0616554347031 -0.064378986933 0.00300000000005
v 0.0616506042164 -0.0644596141207 0.00300000000005
v 0.0616506042164 -0.0645403858793 0.00300000000005
v 0.0616554347031 -0.064621013067 0.00300000000005
v 0.0616650783846 -0.0647012070593 0.00300000000005
v 0.061679500739 -0.0647806807826 0.00300000000005
v 0.0616986501381 -0.0648591497415 0.00300000000005
v 0.0617224580319 -0.0649363330376 0.00300000000005
v 0.0617508391944 -0.0650119543746 0.00300000000005
v 0.0617836920283 -0.0650857430478 0.00300000000005
v 0.0618208989292 -0.0651574349129 0.00300000000005
v 0.0618623267058 -0.0652267733317 0.00300000000005
v 0.0619078270576 -0.0652935100906 0.00300000000005
v 0.061957237105 -0.0653574062893 0.00300000000005
v 0.062010379973 -0.065418233196 0.00300000000005
v 0.0620670654239 -0.0654757730662 0.00300000000005
v 0.0621270905384 -0.065529819922 0.00300000000005
v 0.0621902404422 -0.0655801802898 0.00300000000005
v 0.062256289075 -0.0656266738925 0.00300000000005
v 0.062325 -0.0656691342951 0.00300000000005
v 0.0623961272498 -0.0657074095003 0.00300000000005
v 0.0624694162073 -0.0657413624929 0.00300000000005
v 0.062544604517 -0.06577087173 0.00300000000005
v 0.0626214230244 -0.0657958315761 0.00300000000005
v 0.0626995967392 -0.0658161526814 0.00300000000005
v 0.0627788458196 -0.0658317623018 0.00300000000005
v 0.0628588865746 -0.0658426045587 0.00300000000005
v 0.062939432479 -0.0658486406398 0.00300000000005
v 0.0630201951995 -0.0658498489374 0.00300000000005
v 0.0631008856263 -0.0658462251262 0.00300000000005
v 0.0631812149089 -0.0658377821784 0.00300000000005
v 0.063260895489 -0.0658245503176 0.00300000000005
v 0.0633396421311 -0.0658065769104 0.00300000000005
v 0.0634171729424 -0.065783926297 0.00300000000005
v 0.0634932103829 -0.0657566795607 0.00300000000005
v 0.0635674822582 -0.0657249342377 0.00300000000005
v 0.0636397226943 -0.065688803968 0.00300000000005
v 0.0637096730892 -0.0656484180887 0.00300000000005
v 0.0637770830387 -0.0656039211706 0.00300000000005
v 0.0638417112325 -0.0655554725013 0.00300000000005
v 0.0639033263186 -0.0655032455144 0.00300000000005
v 0.0639617077309 -0.0654474271689 0.00300000000005
v 0.0640166464791 -0.06538821728 0.00300000000005
v 0.0640679458968 -0.0653258278038 0.00300000000005
v 0.0641154223453 -0.0652604820784 0.00300000000005
v 0.0641589058714 -0.0651924140245 0.00300000000005
v 0.0641982408152 -0.0651218673081 0.00300000000005
v 0.0642332863678 -0.0650490944682 0.00300000000005
v 0.0642639170754 -0.0649743560125 0.00300000000005
v 0.0642900232878 -0.0648979194855 0.00300000000005
v 0.0643115115517 -0.0648200585099 0.00300000000005
v 0.0643283049446 -0.064741051808 0.00300000000005
v 0.0643403433506 -0.0646611822031 0.00300000000005
v 0.0643475836752 -0.0645807356078 0.00300000000005
v 0.0665 -0.0645 0.00700000000005
v 0.0664937354542 -0.0642906854612 0.00700000000005
v 0.0664749642422 -0.0640821202141 0.00700000000005
v 0.0664437535601 -0.0638750508682 0.00700000000005
v 0.066400215134 -0.063670218678 0.00700000000005
v 0.0663445048203 -0.0634683568896 0.00700000000005
v 0.0662768220472 -0.0632701881157 0.00700000000005
v 0.0661974091017 -0.0630764217492 0.00700000000005
v 0.0661065502615 -0.0628877514234 0.00700000000005
v 0.0660045707776 -0.0627048525291 0.00700000000005
v 0.0658918357101 -0.0625283797968 0.00700000000005
v 0.0657687486213 -0.0623589649531 0.00700000000005
v 0.065635750131 -0.0621972144592 0.00700000000005
v 0.0654933163393 -0.0620437073399 0.00700000000005
v 0.0653419571223 -0.0618989931108 0.00700000000005
v 0.0651822143065 -0.0617635898114 0.00700000000005
v 0.0650146597299 -0.0616379821502 0.00700000000005
v 0.0648398931943 -0.0615226197701 0.00700000000005
v 0.0646585403187 -0.0614179156385 0.00700000000005
v 0.0644712502991 -0.061324244569 0.00700000000005
v 0.0642786935853 -0.0612419418797 0.00700000000005
v 0.0640815594803 -0.061171302193 0.00700000000005
v 0.0638805536731 -0.0611125783804 0.00700000000005
v 0.0636763957123 -0.0610659806581 0.00700000000005
v 0.0634698164304 -0.0610316758338 0.00700000000005
v 0.0632615553276 -0.0610097867099 0.00700000000005
v 0.0630523579246 -0.0610003916437 0.00700000000005
v 0.0628429730938 -0.0610035242671 0.00700000000005
v 0.0626341503786 -0.0610191733662 0.00700000000005
v 0.06242663731 -0.0610472829213 0.00700000000005
v 0.0622211767312 -0.0610877523074 0.00700000000005
v 0.0620185041374 -0.0611404366546 0.00700000000005
v 0.0618193450442 -0.0612051473667 0.00700000000005
v 0.0616244123892 -0.0612816527961 0.00700000000005
v 0.0614344039809 -0.0613696790732 0.00700000000005
v 0.06125 -0.0614689110868 0.00700000000005
v 0.0610718605649 -0.061578993612 0.00700000000005
v 0.0609006233686 -0.061699532582 0.00700000000005
v 0.0607369013957 -0.0618300964985 0.00700000000005
v 0.0605812807285 -0.0619702179766 0.00700000000005
v 0.0604343184486 -0.0621193954178 0.00700000000005
v 0.0602965406427 -0.0622770948056 0.00700000000005
v 0.0601684405197 -0.062442751617 0.00700000000005
v 0.0600504766447 -0.0626157728437 0.00700000000005
v 0.0599430712978 -0.0627955391146 0.00700000000005
v 0.0598466089623 -0.0629814069131 0.00700000000005
v 0.0597614349483 -0.0631727108807 0.00700000000005
v 0.0596878541567 -0.0633687661989 0.00700000000005
v 0.0596261299876 -0.0635688710405 0.00700000000005
v 0.0595764833974 -0.0637723090821 0.00700000000005
v 0.0595390921082 -0.0639783520684 0.00700000000005
v 0.059514089971 -0.0641862624188 0.00700000000005
v 0.059501566487 -0.0643952958684 0.00700000000005
v 0.059501566487 -0.0646047041316 0.00700000000005
v 0.059514089971 -0.0648137375812 0.00700000000005
v 0.0595390921082 -0.0650216479316 0.00700000000005
v 0.0595764833974 -0.0652276909179 0.00700000000005
v 0.0596261299876 -0.0654311289595 0.00700000000005
v 0.0596878541567 -0.0656312338011 0.00700000000005
v 0.0597614349483 -0.0658272891193 0.00700000000005
v 0.0598466089623 -0.0660185930869 0.00700000000005
v 0.0599430712978 -0.0662044608854 0.00700000000005
v 0.0600504766447 -0.0663842271563 0.00700000000005
v 0.0601684405197 -0.066557248383 0.00700000000005
v 0.0602965406427 -0.0667229051944 0.00700000000005
v 0.0604343184486 -0.0668806045822 0.00700000000005
v 0.0605812807285 -0.0670297820234 0.00700000000005
v 0.0607369013957 -0.0671699035015 0.00700000000005
v 0.0609006233686 -0.067300467418 0.00700000000005
v 0.0610718605649 -0.067421006388 0.00700000000005
v 0.06125 -0.0675310889132 0.00700000000005
v 0.0614344039809 -0.0676303209268 0.00700000000005
v 0.0616244123892 -0.0677183472039 0.00700000000005
v 0.0618193450442 -0.0677948526333 0.00700000000005
v 0.0620185041374 -0.0678595633454 0.00700000000005
v 0.0622211767312 -0.0679122476926 0.00700000000005
v 0.06242663731 -0.0679527170787 0.00700000000005
v 0.0626341503786 -0.0679808266338 0.00700000000005
v 0.0628429730938 -0.0679964757329 0.00700000000005
v 0.0630523579246 -0.0679996083563 0.00700000000005
v 0.0632615553276 -0.0679902132901 0.00700000000005
v 0.0634698164304 -0.0679683241662 0.00700000000005
v 0.0636763957123 -0.0679340193419 0.00700000000005
v 0.0638805536731 -0.0678874216196 0.00700000000005
v 0.0640815594803 -0.067828697807 0.00700000000005
v 0.0642786935853 -0.0677580581203 0.00700000000005
v 0.0644712502991 -0.067675755431 0.00700000000005
v 0.0646585403187 -0.0675820843615 0.00700000000005
v 0.0648398931943 -0.0674773802299 0.00700000000005
v 0.0650146597299 -0.0673620178498 0.00700000000005
v 0.0651822143065 -0.0672364101886 0.00700000000005
v 0.0653419571223 -0.0671010068892 0.00700000000005
v 0.0654933163393 -0.0669562926601 0.00700000000005
v 0.065635750131 -0.0668027855408 0.00700000000005
v 0.0657687486213 -0.0666410350469 0.00700000000005
v 0.0658918357101 -0.0664716202032 0.00700000000005
v 0.0660045707776 -0.0662951474709 0.00700000000005
v 0.0661065502615 -0.0661122485766 0.00700000000005
v 0.0661974091017 -0.0659235782508 0.00700000000005
v 0.0662768220472 -0.0657298118843 0.00700000000005
v 0.0663445048203 -0.0655316431104 0.00700000000005
v 0.066400215134 -0.065329781322 0.00700000000005
v 0.0664437535601 -0.0651249491318 0.00700000000005
v 0.0664749642422 -0.0649178797859 0.00700000000005
v 0.0664937354542 -0.0647093145388 0.00700000000005
v 0.06435 -0.0645 0.00700000000005
v 0.0643475836752 -0.0645807356078 0.00700000000005
v 0.0643403433506 -0.0646611822031 0.00700000000005
v 0.0643283049446 -0.064741051808 0.00700000000005
v 0.0643115115517 -0.0648200585099 0.00700000000005
v 0.0642900232878 -0.0648979194855 0.00700000000005
v 0.0642639170754 -0.0649743560125 0.00700000000005
v 0.0642332863678 -0.0650490944682 0.00700000000005
v 0.0641982408152 -0.0651218673081 0.00700000000005
v 0.0641589058714 -0.0651924140245 0.00700000000005
v 0.0641154223453 -0.0652604820784 0.00700000000005
v 0.0640679458968 -0.0653258278038 0.00700000000005
v 0.0640166464791 -0.06538821728 0.00700000000005
v 0.0639617077309 -0.0654474271689 0.00700000000005
v 0.0639033263186 -0.0655032455144 0.00700000000005
v 0.0638417112325 -0.0655554725013 0.00700000000005
v 0.0637770830387 -0.0656039211706 0.00700000000005
v 0.0637096730892 -0.0656484180887 0.00700000000005
v 0.0636397226943 -0.065688803968 0.00700000000005
v 0.0635674822582 -0.0657249342377 0.00700000000005
v 0.0634932103829 -0.0657566795607 0.00700000000005
v 0.0634171729424 -0.065783926297 0.00700000000005
v 0.0633396421311 -0.0658065769104 0.00700000000005
v 0.063260895489 -0.0658245503176 0.00700000000005
v 0.0631812149089 -0.0658377821784 0.00700000000005
v 0.0631008856263 -0.0658462251262 0.00700000000005
v 0.0630201951995 -0.0658498489374 0.00700000000005
v 0.062939432479 -0.0658486406398 0.00700000000005
v 0.0628588865746 -0.0658426045587 0.00700000000005
v 0.0627788458196 -0.0658317623018 0.00700000000005
v 0.0626995967392 -0.0658161526814 0.00700000000005
v 0.0626214230244 -0.0657958315761 0.00700000000005
v 0.062544604517 -0.06577087173 0.00700000000005
v 0.0624694162073 -0.0657413624929 0.00700000000005
v 0.0623961272498 -0.0657074095003 0.00700000000005
v 0.062325 -0.0656691342951 0.00700000000005
v 0.062256289075 -0.0656266738925 0.00700000000005
v 0.0621902404422 -0.0655801802898 0.00700000000005
v 0.0621270905384 -0.065529819922 0.00700000000005
v 0.0620670654239 -0.0654757730662 0.00700000000005
v 0.062010379973 -0.065418233196 0.00700000000005
v 0.061957237105 -0.0653574062893 0.00700000000005
v 0.0619078270576 -0.0652935100906 0.00700000000005
v 0.0618623267058 -0.0652267733317 0.00700000000005
v 0.0618208989292 -0.0651574349129 0.00700000000005
v 0.0617836920283 -0.0650857430478 0.00700000000005
v 0.0617508391944 -0.0650119543746 0.00700000000005
v 0.0617224580319 -0.0649363330376 0.00700000000005
v 0.0616986501381 -0.0648591497415 0.00700000000005
v 0.061679500739 -0.0647806807826 0.00700000000005
v 0.0616650783846 -0.0647012070593 0.00700000000005
v 0.0616554347031 -0.064621013067 0.00700000000005
v 0.0616506042164 -0.0645403858793 0.00700000000005
v 0.0616506042164 -0.0644596141207 0.00700000000005
v 0.0616554347031 -0.064378986933 0.00700000000005
v 0.0616650783846 -0.0642987929407 0.00700000000005
v 0.061679500739 -0.0642193192174 0.00700000000005
v 0.0616986501381 -0.0641408502585 0.00700000000005
v 0.0617224580319 -0.0640636669624 0.00700000000005
v 0.0617508391944 -0.0639880456254 0.00700000000005
v 0.0617836920283 -0.0639142569522 0.00700000000005
v 0.0618208989292 -0.0638425650871 0.00700000000005
v 0.0618623267058 -0.0637732266683 0.00700000000005
v 0.0619078270576 -0.0637064899094 0.00700000000005
v 0.061957237105 -0.0636425937107 0.00700000000005
v 0.062010379973 -0.063581766804 0.00700000000005
v 0.0620670654239 -0.0635242269338 0.00700000000005
v 0.0621270905384 -0.063470180078 0.00700000000005
v 0.0621902404422 -0.0634198197102 0.00700000000005
v 0.062256289075 -0.0633733261075 0.00700000000005
v 0.062325 -0.0633308657049 0.00700000000005
v 0.0623961272498 -0.0632925904997 0.00700000000005
v 0.0624694162073 -0.0632586375071 0.00700000000005
v 0.062544604517 -0.06322912827 0.00700000000005
v 0.0626214230244 -0.0632041684239 0.00700000000005
v 0.0626995967392 -0.0631838473186 0.00700000000005
v 0.0627788458196 -0.0631682376982 0.00700000000005
v 0.0628588865746 -0.0631573954413 0.00700000000005
v 0.062939432479 -0.0631513593602 0.00700000000005
v 0.0630201951995 -0.0631501510626 0.00700000000005
v 0.0631008856263 -0.0631537748738 0.00700000000005
v 0.0631812149089 -0.0631622178216 0.00700000000005
v 0.063260895489 -0.0631754496824 0.00700000000005
v 0.0633396421311 -0.0631934230896 0.00700000000005
v 0.0634171729424 -0.063216073703 0.00700000000005
v 0.0634932103829 -0.0632433204393 0.00700000000005
v 0.0635674822582 -0.0632750657623 0.00700000000005
v 0.0636397226943 -0.063311196032 0.00700000000005
v 0.0637096730892 -0.0633515819113 0.00700000000005
v 0.0637770830387 -0.0633960788294 0.00700000000005
v 0.0638417112325 -0.0634445274987 0.00700000000005
v 0.0639033263186 -0.0634967544856 0.00700000000005
v 0.0639617077309 -0.0635525728311 0.00700000000005
v 0.0640166464791 -0.06361178272 0.00700000000005
v 0.0640679458968 -0.0636741721962 0.00700000000005
v 0.0641154223453 -0.0637395179216 0.00700000000005
v 0.0641589058714 -0.0638075859755 0.00700000000005
v 0.0641982408152 -0.0638781326919 0.00700000000005
v 0.0642332863678 -0.0639509055318 0.00700000000005
v 0.0642639170754 -0.0640256439875 0.00700000000005
v 0.0642900232878 -0.0641020805145 0.00700000000005
v 0.0643115115517 -0.0641799414901 0.00700000000005
v 0.0643283049446 -0.064258948192 0.00700000000005
v 0.0643403433506 -0.0643388177969 0.00700000000005
v 0.0643475836752 -0.0644192643922 0.00700000000005
v 0.0665 -0.0645 0.00700000000005
v 0.0664937354542 -0.0642906854612 0.00700000000005
v 0.0664749642422 -0.0640821202141 0.00700000000005
v 0.0664437535601 -0.0638750508682 0.00700000000005
v 0.066400215134 -0.063670218678 0.00700000000005
v 0.0663445048203 -0.0634683568896 0.00700000000005
v 0.0662768220472 -0.0632701881157 0.00700000000005
v 0.0661974091017 -0.0630764217492 0.00700000000005
v 0.0661065502615 -0.0628877514234 0.00700000000005
v 0.0660045707776 -0.0627048525291 0.00700000000005
v 0.0658918357101 -0.0625283797968 0.00700000000005
v 0.0657687486213 -0.0623589649531 0.00700000000005
v 0.065635750131 -0.0621972144592 0.00700000000005
v 0.0654933163393 -0.0620437073399 0.00700000000005
v 0.0653419571223 -0.0618989931108 0.00700000000005
v 0.0651822143065 -0.0617635898114 0.00700000000005
v 0.0650146597299 -0.0616379821502 0.00700000000005
v 0.0648398931943 -0.0615226197701 0.00700000000005
v 0.0646585403187 -0.0614179156385 0.00700000000005
v 0.0644712502991 -0.061324244569 0.00700000000005
v 0.0642786935853 -0.0612419418797 0.00700000000005
v 0.0640815594803 -0.061171302193 0.00700000000005
v 0.0638805536731 -0.0611125783804 0.00700000000005
v 0.0636763957123 -0.0610659806581 0.00700000000005
v 0.0634698164304 -0.0610316758338 0.00700000000005
v 0.0632615553276 -0.0610097867099 0.00700000000005
v 0.0630523579246 -0.0610003916437 0.00700000000005
v 0.0628429730938 -0.0610035242671 0.00700000000005
v 0.0626341503786 -0.0610191733662 0.00700000000005
v 0.06242663731 -0.0610472829213 0.00700000000005
v 0.0622211767312 -0.0610877523074 0.00700000000005
v 0.0620185041374 -0.0611404366546 0.00700000000005
v 0.0618193450442 -0.0612051473667 0.00700000000005
v 0.0616244123892 -0.0612816527961 0.00700000000005
v 0.0614344039809 -0.0613696790732 0.00700000000005
v 0.06125 -0.0614689110868 0.00700000000005
v 0.0610718605649 -0.061578993612 0.00700000000005
v 0.0609006233686 -0.061699532582 0.00700000000005
v 0.0607369013957 -0.0618300964985 0.00700000000005
v 0.0605812807285 -0.0619702179766 0.00700000000005
v 0.0604343184486 -0.0621193954178 0.00700000000005
v 0.0602965406427 -0.0622770948056 0.00700000000005
v 0.0601684405197 -0.062442751617 0.00700000000005
v 0.0600504766447 -0.0626157728437 0.00700000000005
v 0.0599430712978 -0.0627955391146 0.00700000000005
v 0.0598466089623 -0.0629814069131 0.00700000000005
v 0.0597614349483 -0.0631727108807 0.00700000000005
v 0.0596878541567 -0.0633687661989 0.00700000000005
v 0.0596261299876 -0.0635688710405 0.00700000000005
v 0.0595764833974 -0.0637723090821 0.00700000000005
v 0.0595390921082 -0.0639783520684 0.00700000000005
v 0.059514089971 -0.0641862624188 0.00700000000005
v 0.059501566487 -0.0643952958684 0.00700000000005
v 0.059501566487 -0.0646047041316 0.00700000000005
v 0.059514089971 -0.0648137375812 0.00700000000005
v 0.0595390921082 -0.0650216479316 0.00700000000005
v 0.0595764833974 -0.0652276909179 0.00700000000005
v 0.0596261299876 -0.0654311289595 0.00700000000005
v 0.0596878541567 -0.0656312338011 0.00700000000005
v 0.0597614349483 -0.0658272891193 0.00700000000005
v 0.0598466089623 -0.0660185930869 0.00700000000005
v 0.0599430712978 -0.0662044608854 0.00700000000005
v 0.0600504766447 -0.0663842271563 0.00700000000005
v 0.0601684405197 -0.066557248383 0.00700000000005
v 0.0602965406427 -0.0667229051944 0.00700000000005
v 0.0604343184486 -0.0668806045822 0.00700000000005
v 0.0605812807285 -0.0670297820234 0.00700000000005
v 0.0607369013957 -0.0671699035015 0.00700000000005
v 0.0609006233686 -0.067300467418 0.00700000000005
v 0.0610718605649 -0.067421006388 0.00700000000005
v 0.06125 -0.0675310889132 0.00700000000005
v 0.0614344039809 -0.0676303209268 0.00700000000005
v 0.0616244123892 -0.0677183472039 0.00700000000005
v 0.0618193450442 -0.0677948526333 0.00700000000005
v 0.0620185041374 -0.0678595633454 0.00700000000005
v 0.0622211767312 -0.0679122476926 0.00700000000005
v 0.06242663731 -0.0679527170787 0.00700000000005
v 0.0626341503786 -0.0679808266338 0.00700000000005
v 0.0628429730938 -0.0679964757329 0.00700000000005
v 0.0630523579246 -0.0679996083563 0.00700000000005
v 0.0632615553276 -0.0679902132901 0.00700000000005
v 0.0634698164304 -0.0679683241662 0.00700000000005
v 0.0636763957123 -0.0679340193419 0.00700000000005
v 0.0638805536731 -0.0678874216196 0.00700000000005
v 0.0640815594803 -0.067828697807 0.00700000000005
v 0.0642786935853 -0.0677580581203 0.00700000000005
v 0.0644712502991 -0.067675755431 0.00700000000005
v 0.0646585403187 -0.0675820843615 0.00700000000005
v 0.0648398931943 -0.0674773802299 0.00700000000005
v 0.0650146597299 -0.0673620178498 0.00700000000005
v 0.0651822143065 -0.0672364101886 0.00700000000005
v 0.0653419571223 -0.0671010068892 0.00700000000005
v 0.0654933163393 -0.0669562926601 0.00700000000005
v 0.065635750131 -0.0668027855408 0.00700000000005
v 0.0657687486213 -0.0666410350469 0.00700000000005
v 0.0658918357101 -0.0664716202032 0.00700000000005
v 0.0660045707776 -0.0662951474709 0.00700000000005
v 0.0661065502615 -0.0661122485766 0.00700000000005
v 0.0661974091017 -0.0659235782508 0.00700000000005
v 0.0662768220472 -0.0657298118843 0.00700000000005
v 0.0663445048203 -0.0655316431104 0.00700000000005
v 0.066400215134 -0.065329781322 0.00700000000005
v 0.0664437535601 -0.0651249491318 0.00700000000005
v 0.0664749642422 -0.0649178797859 0.00700000000005
v 0.0664937354542 -0.0647093145388 0.00700000000005
v 0.0665 -0.0645 0.00700000000005
v 0.0665 -0.0645 0.00300000000005
v 0.063 -0.068 0.00300000000005
v 0.0627913470619 -0.0679937750287 0.00300000000005
v 0.0625834363287 -0.067975122258 0.00300000000005
v 0.0623770073651 -0.0679441080379 0.00300000000005
v 0.0621727944651 -0.0679008426901 0.00300000000005
v 0.0619715240398 -0.0678454801149 0.00300000000005
v 0.0617739120335 -0.0677782172439 0.00300000000005
v 0.0615806613772 -0.0676992933397 0.00300000000005
v 0.0613924594877 -0.0676089891446 0.00300000000005
v 0.0612099758231 -0.067507625882 0.00300000000005
v 0.0610338595009 -0.0673955641139 0.00300000000005
v 0.060864736989 -0.0672732024581 0.00300000000005
v 0.0607032098776 -0.0671409761706 0.00300000000005
v 0.060549852739 -0.0669993555968 0.00300000000005
v 0.0604052110841 -0.0668488444993 0.00300000000005
v 0.0602697994214 -0.0666899782648 0.00300000000005
v 0.0601440994273 -0.0665233220008 0.00300000000005
v 0.0600285582327 -0.0663494685246 0.00300000000005
v 0.0599235868321 -0.066169036255 0.00300000000005
v 0.0598295586222 -0.0659826670124 0.00300000000005
v 0.0597468080731 -0.0657910237358 0.00300000000005
v 0.059675629539 -0.0655947881246 0.00300000000005
v 0.0596162762109 -0.0653946582135 0.00300000000005
v 0.0595689592162 -0.0651913458901 0.00300000000005
v 0.0595338468673 -0.064985574362 0.00300000000005
v 0.0595110640634 -0.0647780755844 0.00300000000005
v 0.0595006918458 -0.0645695876568 0.00300000000005
v 0.0595027671097 -0.0643608521972 0.00300000000005
v 0.0595172824732 -0.0641526117038 0.00300000000005
v 0.0595441863032 -0.0639456069146 0.00300000000005
v 0.0595833828995 -0.0637405741716 0.00300000000005
v 0.0596347328349 -0.0635382428024 0.00300000000005
v 0.059698053451 -0.0633393325251 0.00300000000005
v 0.0597731195085 -0.0631445508887 0.00300000000005
v 0.0598596639878 -0.0629545907562 0.00300000000005
v 0.0599573790395 -0.0627701278398 0.00300000000005
v 0.0600659170785 -0.0625918182974 0.00300000000005
v 0.0601848920216 -0.0624202963986 0.00300000000005
v 0.0603138806596 -0.0622561722684 0.00300000000005
v 0.0604524241637 -0.0621000297172 0.00300000000005
v 0.0606000297172 -0.0619524241637 0.00300000000005
v 0.0607561722684 -0.0618138806596 0.00300000000005
v 0.0609202963986 -0.0616848920216 0.00300000000005
v 0.0610918182974 -0.0615659170785 0.00300000000005
v 0.0612701278398 -0.0614573790395 0.00300000000005
v 0.0614545907562 -0.0613596639878 0.00300000000005
v 0.0616445508887 -0.0612731195085 0.00300000000005
v 0.0618393325251 -0.061198053451 0.00300000000005
v 0.0620382428024 -0.0611347328349 0.00300000000005
v 0.0622405741716 -0.0610833828995 0.00300000000005
v 0.0624456069146 -0.0610441863032 0.00300000000005
v 0.0626526117038 -0.0610172824732 0.00300000000005
v 0.0628608521972 -0.0610027671097 0.00300000000005
v 0.0630695876568 -0.0610006918458 0.00300000000005
v 0.0632780755844 -0.0610110640634 0.00300000000005
v 0.063485574362 -0.0610338468673 0.00300000000005
v 0.0636913458901 -0.0610689592162 0.00300000000005
v 0.0638946582135 -0.0611162762109 0.00300000000005
v 0.0640947881246 -0.061175629539 0.00300000000005
v 0.0642910237358 -0.0612468080731 0.00300000000005
v 0.0644826670124 -0.0613295586222 0.00300000000005
v 0.064669036255 -0.0614235868321 0.00300000000005
v 0.0648494685246 -0.0615285582327 0.00300000000005
v 0.0650233220008 -0.0616440994273 0.00300000000005
v 0.0651899782648 -0.0617697994214 0.00300000000005
v 0.0653488444993 -0.0619052110841 0.00300000000005
v 0.0654993555968 -0.062049852739 0.00300000000005
v 0.0656409761706 -0.0622032098776 0.00300000000005
v 0.0657732024581 -0.062364736989 0.00300000000005
v 0.0658955641139 -0.0625338595009 0.00300000000005
v 0.066007625882 -0.0627099758231 0.00300000000005
v 0.0661089891446 -0.0628924594877 0.00300000000005
v 0.0661992933397 -0.0630806613772 0.00300000000005
v 0.0662782172439 -0.0632739120335 0.00300000000005
v 0.0663454801149 -0.0634715240398 0.00300000000005
v 0.0664008426901 -0.0636727944651 0.00300000000005
v 0.0664441080379 -0.0638770073651 0.00300000000005
v 0.066475122258 -0.0640834363287 0.00300000000005
v 0.0664937750287 -0.0642913470619 0.00300000000005
v 0.0665 -0.0645 0.00300000000005
v 0.0664940785539 -0.0647035069012 0.00300000000005
v 0.0664763342521 -0.0649063251994 0.00300000000005
v 0.0664468271355 -0.0651077686218 0.00300000000005
v 0.066405657047 -0.0653071555476 0.00300000000005
v 0.0663529632931 -0.0655038113145 0.00300000000005
v 0.0662889241728 -0.0656970705016 0.00300000000005
v 0.0662137563741 -0.0658862791811 0.00300000000005
v 0.0661277142411 -0.0660707971307 0.00300000000005
v 0.0660310889132 -0.06625 0.00300000000005
v 0.0659242073399 -0.0664232814232 0.00300000000005
v 0.0658074311746 -0.066590055071 0.00300000000005
v 0.0656811555509 -0.0667497566339 0.00300000000005
v 0.0655458077455 -0.0669018457325 0.00300000000005
v 0.0654018457325 -0.0670458077455 0.00300000000005
v 0.0652497566339 -0.0671811555509 0.00300000000005
v 0.065090055071 -0.0673074311746 0.00300000000005
v 0.0649232814232 -0.0674242073399 0.00300000000005
v 0.06475 -0.0675310889132 0.00300000000005
v 0.0645707971307 -0.0676277142411 0.00300000000005
v 0.0643862791811 -0.0677137563741 0.00300000000005
v 0.0641970705016 -0.0677889241728 0.00300000000005
v 0.0640038113145 -0.0678529632931 0.00300000000005
v 0.0638071555476 -0.067905657047 0.00300000000005
v 0.0636077686218 -0.0679468271355 0.00300000000005
v 0.0634063251994 -0.0679763342521 0.00300000000005
v 0.0632035069012 -0.0679940785539 0.00300000000005
v 0.063 -0.068 0.00300000000005
v 0.0627913470619 -0.0679937750287 0.00300000000005
v 0.0625834363287 -0.067975122258 0.00300000000005
v 0.0623770073651 -0.0679441080379 0.00300000000005
v 0.0621727944651 -0.0679008426901 0.00300000000005
v 0.0619715240398 -0.0678454801149 0.00300000000005
v 0.0617739120335 -0.0677782172439 0.00300000000005
v 0.0615806613772 -0.0676992933397 0.00300000000005
v 0.0613924594877 -0.0676089891446 0.00300000000005
v 0.0612099758231 -0.067507625882 0.00300000000005
v 0.0610338595009 -0.0673955641139 0.00300000000005
v 0.060864736989 -0.0672732024581 0.00300000000005
v 0.0607032098776 -0.0671409761706 0.00300000000005
v 0.060549852739 -0.0669993555968 0.00300000000005
v 0.0604052110841 -0.0668488444993 0.00300000000005
v 0.0602697994214 -0.0666899782648 0.00300000000005
v 0.0601440994273 -0.0665233220008 0.00300000000005
v 0.0600285582327 -0.0663494685246 0.00300000000005
v 0.0599235868321 -0.066169036255 0.00300000000005
v 0.0598295586222 -0.0659826670124 0.00300000000005
v 0.0597468080731 -0.0657910237358 0.00300000000005
v 0.059675629539 -0.0655947881246 0.00300000000005
v 0.0596162762109 -0.0653946582135 0.00300000000005
v 0.0595689592162 -0.0651913458901 0.00300000000005
v 0.0595338468673 -0.064985574362 0.00300000000005
v 0.0595110640634 -0.0647780755844 0.00300000000005
v 0.0595006918458 -0.0645695876568 0.00300000000005
v 0.0595027671097 -0.0643608521972 0.00300000000005
v 0.0595172824732 -0.0641526117038 0.00300000000005
v 0.0595441863032 -0.0639456069146 0.00300000000005
v 0.0595833828995 -0.0637405741716 0.00300000000005
v 0.0596347328349 -0.0635382428024 0.00300000000005
v 0.059698053451 -0.0633393325251 0.00300000000005
v 0.0597731195085 -0.0631445508887 0.00300000000005
v 0.0598596639878 -0.0629545907562 0.00300000000005
v 0.0599573790395 -0.0627701278398 0.00300000000005
v 0.0600659170785 -0.0625918182974 0.00300000000005
v 0.0601848920216 -0.0624202963986 0.00300000000005
v 0.0603138806596 -0.0622561722684 0.00300000000005
v 0.0604524241637 -0.0621000297172 0.00300000000005
v 0.0606000297172 -0.0619524241637 0.00300000000005
v 0.0607561722684 -0.0618138806596 0.00300000000005
v 0.0609202963986 -0.0616848920216 0.00300000000005
v 0.0610918182974 -0.0615659170785 0.00300000000005
v 0.0612701278398 -0.0614573790395 0.00300000000005
v 0.0614545907562 -0.0613596639878 0.00300000000005
v 0.0616445508887 -0.0612731195085 0.00300000000005
v 0.0618393325251 -0.061198053451 0.00300000000005
v 0.0620382428024 -0.0611347328349 0.00300000000005
v 0.0622405741716 -0.0610833828995 0.00300000000005
v 0.0624456069146 -0.0610441863032 0.00300000000005
v 0.0626526117038 -0.0610172824732 0.00300000000005
v 0.0628608521972 -0.0610027671097 0.00300000000005
v 0.0630695876568 -0.0610006918458 0.00300000000005
v 0.0632780755844 -0.0610110640634 0.00300000000005
v 0.063485574362 -0.0610338468673 0.00300000000005
v 0.0636913458901 -0.0610689592162 0.00300000000005
v 0.0638946582135 -0.0611162762109 0.00300000000005
v 0.0640947881246 -0.061175629539 0.00300000000005
v 0.0642910237358 -0.0612468080731 0.00300000000005
v 0.0644826670124 -0.0613295586222 0.00300000000005
v 0.064669036255 -0.0614235868321 0.00300000000005
v 0.0648494685246 -0.0615285582327 0.00300000000005
v 0.0650233220008 -0.0616440994273 0.00300000000005
v 0.0651899782648 -0.0617697994214 0.00300000000005
v 0.0653488444993 -0.0619052110841 0.00300000000005
v 0.0654993555968 -0.062049852739 0.00300000000005
v 0.0656409761706 -0.0622032098776 0.00300000000005
v 0.0657732024581 -0.062364736989 0.00300000000005
v 0.0658955641139 -0.0625338595009 0.00300000000005
v 0.066007625882 -0.0627099758231 0.00300000000005
v 0.0661089891446 -0.0628924594877 0.00300000000005
v 0.0661992933397 -0.0630806613772 0.00300000000005
v 0.0662782172439 -0.0632739120335 0.00300000000005
v 0.0663454801149 -0.0634715240398 0.00300000000005
v 0.0664008426901 -0.0636727944651 0.00300000000005
v 0.0664441080379 -0.0638770073651 0.00300000000005
v 0.066475122258 -0.0640834363287 0.00300000000005
v 0.0664937750287 -0.0642913470619 0.00300000000005
v 0.0665 -0.0645 0.00300000000005
v 0.0665 -0.033 0.00300000000005
v 0.0185 -0.033 0.00300000000005
v 0.0185 -0.068 0.00300000000005
v 0.0350949344471 -0.0514722658296 0.00300000000005
v 0.0350886699012 -0.0516815803684 0.00300000000005
v 0.0350698986893 -0.0518901456155 0.00300000000005
v 0.0350386880072 -0.0520972149614 0.00300000000005
v 0.0349951495811 -0.0523020471516 0.00300000000005
v 0.0349394392673 -0.05250390894 0.00300000000005
v 0.0348717564943 -0.0527020777138 0.00300000000005
v 0.0347923435488 -0.0528958440803 0.00300000000005
v 0.0347014847086 -0.0530845144061 0.00300000000005
v 0.0345995052247 -0.0532674133005 0.00300000000005
v 0.0344867701572 -0.0534438860328 0.00300000000005
v 0.0343636830684 -0.0536133008765 0.00300000000005
v 0.0342306845781 -0.0537750513703 0.00300000000005
v 0.0340882507864 -0.0539285584897 0.00300000000005
v 0.0339368915693 -0.0540732727187 0.00300000000005
v 0.0337771487536 -0.0542086760182 0.00300000000005
v 0.033609594177 -0.0543342836794 0.00300000000005
v 0.0334348276414 -0.0544496460595 0.00300000000005
v 0.0332534747657 -0.0545543501911 0.00300000000005
v 0.0330661847461 -0.0546480212605 0.00300000000005
v 0.0328736280323 -0.0547303239498 0.00300000000005
v 0.0326764939274 -0.0548009636366 0.00300000000005
v 0.0324754881202 -0.0548596874491 0.00300000000005
v 0.0322713301593 -0.0549062851714 0.00300000000005
v 0.0320647508774 -0.0549405899957 0.00300000000005
v 0.0318564897746 -0.0549624791197 0.00300000000005
v 0.0316472923716 -0.0549718741859 0.00300000000005
v 0.0314379075408 -0.0549687415625 0.00300000000005
v 0.0312290848256 -0.0549530924633 0.00300000000005
v 0.0310215717571 -0.0549249829083 0.00300000000005
v 0.0308161111782 -0.0548845135222 0.00300000000005
v 0.0306134385845 -0.054831829175 0.00300000000005
v 0.0304142794912 -0.0547671184629 0.00300000000005
v 0.0302193468363 -0.0546906130335 0.00300000000005
v 0.030029338428 -0.0546025867564 0.00300000000005
v 0.0298449344471 -0.0545033547428 0.00300000000005
v 0.029666795012 -0.0543932722176 0.00300000000005
v 0.0294955578157 -0.0542727332476 0.00300000000005
v 0.0293318358428 -0.0541421693311 0.00300000000005
v 0.0291762151756 -0.054002047853 0.00300000000005
v 0.0290292528957 -0.0538528704118 0.00300000000005
v 0.0288914750898 -0.053695171024 0.00300000000005
v 0.0287633749667 -0.0535295142126 0.00300000000005
v 0.0286454110918 -0.0533564929859 0.00300000000005
v 0.0285380057449 -0.053176726715 0.00300000000005
v 0.0284415434094 -0.0529908589165 0.00300000000005
v 0.0283563693954 -0.0527995549488 0.00300000000005
v 0.0282827886038 -0.0526034996307 0.00300000000005
v 0.0282210644346 -0.052403394789 0.00300000000005
v 0.0281714178445 -0.0521999567474 0.00300000000005
v 0.0281340265553 -0.0519939137612 0.00300000000005
v 0.0281090244181 -0.0517860034107 0.00300000000005
v 0.0280965009341 -0.0515769699612 0.00300000000005
v 0.0280965009341 -0.051367561698 0.00300000000005
v 0.0281090244181 -0.0511585282484 0.00300000000005
v 0.0281340265553 -0.0509506178979 0.00300000000005
v 0.0281714178445 -0.0507445749117 0.00300000000005
v 0.0282210644346 -0.0505411368701 0.00300000000005
v 0.0282827886038 -0.0503410320285 0.00300000000005
v 0.0283563693954 -0.0501449767103 0.00300000000005
v 0.0284415434094 -0.0499536727426 0.00300000000005
v 0.0285380057449 -0.0497678049441 0.00300000000005
v 0.0286454110918 -0.0495880386732 0.00300000000005
v 0.0287633749667 -0.0494150174465 0.00300000000005
v 0.0288914750898 -0.0492493606351 0.00300000000005
v 0.0290292528957 -0.0490916612474 0.00300000000005
v 0.0291762151756 -0.0489424838062 0.00300000000005
v 0.0293318358428 -0.048802362328 0.00300000000005
v 0.0294955578157 -0.0486717984115 0.00300000000005
v 0.029666795012 -0.0485512594415 0.00300000000005
v 0.0298449344471 -0.0484411769163 0.00300000000005
v 0.030029338428 -0.0483419449027 0.00300000000005
v 0.0302193468363 -0.0482539186256 0.00300000000005
v 0.0304142794912 -0.0481774131962 0.00300000000005
v 0.0306134385845 -0.0481127024842 0.00300000000005
v 0.0308161111782 -0.0480600181369 0.00300000000005
v 0.0310215717571 -0.0480195487508 0.00300000000005
v 0.0312290848256 -0.0479914391958 0.00300000000005
v 0.0314379075408 -0.0479757900967 0.00300000000005
v 0.0316472923716 -0.0479726574732 0.00300000000005
v 0.0318564897746 -0.0479820525394 0.00300000000005
v 0.0320647508774 -0.0480039416634 0.00300000000005
v 0.0322713301593 -0.0480382464877 0.00300000000005
v 0.0324754881202 -0.04808484421 0.00300000000005
v 0.0326764939274 -0.0481435680225 0.00300000000005
v 0.0328736280323 -0.0482142077093 0.00300000000005
v 0.0330661847461 -0.0482965103986 0.00300000000005
v 0.0332534747657 -0.0483901814681 0.00300000000005
v 0.0334348276414 -0.0484948855997 0.00300000000005
v 0.033609594177 -0.0486102479797 0.00300000000005
v 0.0337771487536 -0.0487358556409 0.00300000000005
v 0.0339368915693 -0.0488712589404 0.00300000000005
v 0.0340882507864 -0.0490159731695 0.00300000000005
v 0.0342306845781 -0.0491694802888 0.00300000000005
v 0.0343636830684 -0.0493312307827 0.00300000000005
v 0.0344867701572 -0.0495006456263 0.00300000000005
v 0.0345995052247 -0.0496771183586 0.00300000000005
v 0.0347014847086 -0.049860017253 0.00300000000005
v 0.0347923435488 -0.0500486875788 0.00300000000005
v 0.0348717564943 -0.0502424539453 0.00300000000005
v 0.0349394392673 -0.0504406227191 0.00300000000005
v 0.0349951495811 -0.0506424845076 0.00300000000005
v 0.0350386880072 -0.0508473166978 0.00300000000005
v 0.0350698986893 -0.0510543860437 0.00300000000005
v 0.0350886699012 -0.0512629512908 0.00300000000005
v 0.0665 -0.0645 0.00300000000005
v 0.0664940785539 -0.0647035069012 0.00300000000005
v 0.0664763342521 -0.0649063251994 0.00300000000005
v 0.0664468271355 -0.0651077686218 0.00300000000005
v 0.066405657047 -0.0653071555476 0.00300000000005
v 0.0663529632931 -0.0655038113145 0.00300000000005
v 0.0662889241728 -0.0656970705016 0.00300000000005
v 0.0662137563741 -0.0658862791811 0.00300000000005
v 0.0661277142411 -0.0660707971307 0.00300000000005
v 0.0660310889132 -0.06625 0.00300000000005
v 0.0659242073399 -0.0664232814232 0.00300000000005
v 0.0658074311746 -0.066590055071 0.00300000000005
v 0.0656811555509 -0.0667497566339 0.00300000000005
v 0.0655458077455 -0.0669018457325 0.00300000000005
v 0.0654018457325 -0.0670458077455 0.00300000000005
v 0.0652497566339 -0.0671811555509 0.00300000000005
v 0.065090055071 -0.0673074311746 0.00300000000005
v 0.0649232814232 -0.0674242073399 0.00300000000005
v 0.06475 -0.0675310889132 0.00300000000005
v 0.0645707971307 -0.0676277142411 0.00300000000005
v 0.0643862791811 -0.0677137563741 0.00300000000005
v 0.0641970705016 -0.0677889241728 0.00300000000005
v 0.0640038113145 -0.0678529632931 0.00300000000005
v 0.0638071555476 -0.067905657047 0.00300000000005
v 0.0636077686218 -0.0679468271355 0.00300000000005
v 0.0634063251994 -0.0679763342521 0.00300000000005
v 0.0632035069012 -0.0679940785539 0.00300000000005
v 0.063 -0.068 0.00300000000005
v 0.0665 -0.068 0.00300000000005
v 0.0665 -0.033 4.83249710337e-14
v 0.0665 -0.068 4.840217116e-14
v 0.0665 -0.033 0.00300000000005
v 0.0665 -0.0645 0.00300000000005
v 0.0665 -0.068 0.00300000000005
v 0.0185 -0.033 4.83249710337e-14
v 0.0665 -0.033 4.83249710337e-14
v 0.0185 -0.033 0.00300000000005
v 0.0665 -0.033 0.00300000000005
v 0.0185 -0.02 4.82962967011e-14
v 0.0185 -0.014 0.00600000000005
v 0.0185 -0.008 4.82698280864e-14
v 0.0185 0.012 4.82257137285e-14
v 0.0185 0.012 0.00900000000005
v 0.0185 -0.068 0.00900000000005
v 0.0185 -0.068 0.00300000000005
v 0.0185 -0.033 0.00300000000005
v 0.0185 -0.033 4.83249710337e-14
v -0.0665 -0.068 4.840217116e-14
v 0.0665 -0.068 4.840217116e-14
v 0.0665 -0.068 0.00300000000005
v 0.063 -0.068 0.00300000000005
v 0.0185 -0.068 0.00300000000005
v 0.0185 -0.068 0.00900000000005
v 0.0145 -0.068 0.00900000000005
v 0.0145 -0.068 0.00300000000005
v -0.0145 -0.068 0.00300000000005
v -0.0145 -0.068 0.00900000000005
v -0.0185 -0.068 0.00900000000005
v -0.0185 -0.068 0.00300000000005
v -0.026 -0.068 0.00300000000005
v -0.063 -0.068 0.00300000000005
v -0.0665 -0.068 0.00300000000005
v 0.0350949344471 -0.0514722658296 0.00700000000005
v 0.0350886699012 -0.0512629512908 0.00700000000005
v 0.0350698986893 -0.0510543860437 0.00700000000005
v 0.0350386880072 -0.0508473166978 0.00700000000005
v 0.0349951495811 -0.0506424845076 0.00700000000005
v 0.0349394392673 -0.0504406227191 0.00700000000005
v 0.0348717564943 -0.0502424539453 0.00700000000005
v 0.0347923435488 -0.0500486875788 0.00700000000005
v 0.0347014847086 -0.049860017253 0.00700000000005
v 0.0345995052247 -0.0496771183586 0.00700000000005
v 0.0344867701572 -0.0495006456263 0.00700000000005
v 0.0343636830684 -0.0493312307827 0.00700000000005
v 0.0342306845781 -0.0491694802888 0.00700000000005
v 0.0340882507864 -0.0490159731695 0.00700000000005
v 0.0339368915693 -0.0488712589404 0.00700000000005
v 0.0337771487536 -0.0487358556409 0.00700000000005
v 0.033609594177 -0.0486102479797 0.00700000000005
v 0.0334348276414 -0.0484948855997 0.00700000000005
v 0.0332534747657 -0.0483901814681 0.00700000000005
v 0.0330661847461 -0.0482965103986 0.00700000000005
v 0.0328736280323 -0.0482142077093 0.00700000000005
v 0.0326764939274 -0.0481435680225 0.00700000000005
v 0.0324754881202 -0.04808484421 0.00700000000005
v 0.0322713301593 -0.0480382464877 0.00700000000005
v 0.0320647508774 -0.0480039416634 0.00700000000005
v 0.0318564897746 -0.0479820525394 0.00700000000005
v 0.0316472923716 -0.0479726574732 0.00700000000005
v 0.0314379075408 -0.0479757900967 0.00700000000005
v 0.0312290848256 -0.0479914391958 0.00700000000005
v 0.0310215717571 -0.0480195487508 0.00700000000005
v 0.0308161111782 -0.0480600181369 0.00700000000005
v 0.0306134385845 -0.0481127024842 0.00700000000005
v 0.0304142794912 -0.0481774131962 0.00700000000005
v 0.0302193468363 -0.0482539186256 0.00700000000005
v 0.030029338428 -0.0483419449027 0.00700000000005
v 0.0298449344471 -0.0484411769163 0.00700000000005
v 0.029666795012 -0.0485512594415 0.00700000000005
v 0.0294955578157 -0.0486717984115 0.00700000000005
v 0.0293318358428 -0.048802362328 0.00700000000005
v 0.0291762151756 -0.0489424838062 0.00700000000005
v 0.0290292528957 -0.0490916612474 0.00700000000005
v 0.0288914750898 -0.0492493606351 0.00700000000005
v 0.0287633749667 -0.0494150174465 0.00700000000005
v 0.0286454110918 -0.0495880386732 0.00700000000005
v 0.0285380057449 -0.0497678049441 0.00700000000005
v 0.0284415434094 -0.0499536727426 0.00700000000005
v 0.0283563693954 -0.0501449767103 0.00700000000005
v 0.0282827886038 -0.0503410320285 0.00700000000005
v 0.0282210644346 -0.0505411368701 0.00700000000005
v 0.0281714178445 -0.0507445749117 0.00700000000005
v 0.0281340265553 -0.0509506178979 0.00700000000005
v 0.0281090244181 -0.0511585282484 0.00700000000005
v 0.0280965009341 -0.051367561698 0.00700000000005
v 0.0280965009341 -0.0515769699612 0.00700000000005
v 0.0281090244181 -0.0517860034107 0.00700000000005
v 0.0281340265553 -0.0519939137612 0.00700000000005
v 0.0281714178445 -0.0521999567474 0.00700000000005
v 0.0282210644346 -0.052403394789 0.00700000000005
v 0.0282827886038 -0.0526034996307 0.00700000000005
v 0.0283563693954 -0.0527995549488 0.00700000000005
v 0.0284415434094 -0.0529908589165 0.00700000000005
v 0.0285380057449 -0.053176726715 0.00700000000005
v 0.0286454110918 -0.0533564929859 0.00700000000005
v 0.0287633749667 -0.0535295142126 0.00700000000005
v 0.0288914750898 -0.053695171024 0.00700000000005
v 0.0290292528957 -0.0538528704118 0.00700000000005
v 0.0291762151756 -0.054002047853 0.00700000000005
v 0.0293318358428 -0.0541421693311 0.00700000000005
v 0.0294955578157 -0.0542727332476 0.00700000000005
v 0.029666795012 -0.0543932722176 0.00700000000005
v 0.0298449344471 -0.0545033547428 0.00700000000005
v 0.030029338428 -0.0546025867564 0.00700000000005
v 0.0302193468363 -0.0546906130335 0.00700000000005
v 0.0304142794912 -0.0547671184629 0.00700000000005
v 0.0306134385845 -0.054831829175 0.00700000000005
v 0.0308161111782 -0.0548845135222 0.00700000000005
v 0.0310215717571 -0.0549249829083 0.00700000000005
v 0.0312290848256 -0.0549530924633 0.00700000000005
v 0.0314379075408 -0.0549687415625 0.00700000000005
v 0.0316472923716 -0.0549718741859 0.00700000000005
v 0.0318564897746 -0.0549624791197 0.00700000000005
v 0.0320647508774 -0.0549405899957 0.00700000000005
v 0.0322713301593 -0.0549062851714 0.00700000000005
v 0.0324754881202 -0.0548596874491 0.00700000000005
v 0.0326764939274 -0.0548009636366 0.00700000000005
v 0.0328736280323 -0.0547303239498 0.00700000000005
v 0.0330661847461 -0.0546480212605 0.00700000000005
v 0.0332534747657 -0.0545543501911 0.00700000000005
v 0.0334348276414 -0.0544496460595 0.00700000000005
v 0.033609594177 -0.0543342836794 0.00700000000005
v 0.0337771487536 -0.0542086760182 0.00700000000005
v 0.0339368915693 -0.0540732727187 0.00700000000005
v 0.0340882507864 -0.0539285584897 0.00700000000005
v 0.0342306845781 -0.0537750513703 0.00700000000005
v 0.0343636830684 -0.0536133008765 0.00700000000005
v 0.0344867701572 -0.0534438860328 0.00700000000005
v 0.0345995052247 -0.0532674133005 0.00700000000005
v 0.0347014847086 -0.0530845144061 0.00700000000005
v 0.0347923435488 -0.0528958440803 0.00700000000005
v 0.0348717564943 -0.0527020777138 0.00700000000005
v 0.0349394392673 -0.05250390894 0.00700000000005
v 0.0349951495811 -0.0523020471516 0.00700000000005
v 0.0350386880072 -0.0520972149614 0.00700000000005
v 0.0350698986893 -0.0518901456155 0.00700000000005
v 0.0350886699012 -0.0516815803684 0.00700000000005
v 0.0350949344471 -0.0514722658296 0.00700000000005
v 0.0350949344471 -0.0514722658296 0.00300000000005
v 0.0350949344471 -0.0514722658296 0.00300000000005
v 0.0350886699012 -0.0516815803684 0.00300000000005
v 0.0350698986893 -0.0518901456155 0.00300000000005
v 0.0350386880072 -0.0520972149614 0.00300000000005
v 0.0349951495811 -0.0523020471516 0.00300000000005
v 0.0349394392673 -0.05250390894 0.00300000000005
v 0.0348717564943 -0.0527020777138 0.00300000000005
v 0.0347923435488 -0.0528958440803 0.00300000000005
v 0.0347014847086 -0.0530845144061 0.00300000000005
v 0.0345995052247 -0.0532674133005 0.00300000000005
v 0.0344867701572 -0.0534438860328 0.00300000000005
v 0.0343636830684 -0.0536133008765 0.00300000000005
v 0.0342306845781 -0.0537750513703 0.00300000000005
v 0.0340882507864 -0.0539285584897 0.00300000000005
v 0.0339368915693 -0.0540732727187 0.00300000000005
v 0.0337771487536 -0.0542086760182 0.00300000000005
v 0.033609594177 -0.0543342836794 0.00300000000005
v 0.0334348276414 -0.0544496460595 0.00300000000005
v 0.0332534747657 -0.0545543501911 0.00300000000005
v 0.0330661847461 -0.0546480212605 0.00300000000005
v 0.0328736280323 -0.0547303239498 0.00300000000005
v 0.0326764939274 -0.0548009636366 0.00300000000005
v 0.0324754881202 -0.0548596874491 0.00300000000005
v 0.0322713301593 -0.0549062851714 0.00300000000005
v 0.0320647508774 -0.0549405899957 0.00300000000005
v 0.0318564897746 -0.0549624791197 0.00300000000005
v 0.0316472923716 -0.0549718741859 0.00300000000005
v 0.0314379075408 -0.0549687415625 0.00300000000005
v 0.0312290848256 -0.0549530924633 0.00300000000005
v 0.0310215717571 -0.0549249829083 0.00300000000005
v 0.0308161111782 -0.0548845135222 0.00300000000005
v 0.0306134385845 -0.054831829175 0.00300000000005
v 0.0304142794912 -0.0547671184629 0.00300000000005
v 0.0302193468363 -0.0546906130335 0.00300000000005
v 0.030029338428 -0.0546025867564 0.00300000000005
v 0.0298449344471 -0.0545033547428 0.00300000000005
v 0.029666795012 -0.0543932722176 0.00300000000005
v 0.0294955578157 -0.0542727332476 0.00300000000005
v 0.0293318358428 -0.0541421693311 0.00300000000005
v 0.0291762151756 -0.054002047853 0.00300000000005
v 0.0290292528957 -0.0538528704118 0.00300000000005
v 0.0288914750898 -0.053695171024 0.00300000000005
v 0.0287633749667 -0.0535295142126 0.00300000000005
v 0.0286454110918 -0.0533564929859 0.00300000000005
v 0.0285380057449 -0.053176726715 0.00300000000005
v 0.0284415434094 -0.0529908589165 0.00300000000005
v 0.0283563693954 -0.0527995549488 0.00300000000005
v 0.0282827886038 -0.0526034996307 0.00300000000005
v 0.0282210644346 -0.052403394789 0.00300000000005
v 0.0281714178445 -0.0521999567474 0.00300000000005
v 0.0281340265553 -0.0519939137612 0.00300000000005
v 0.0281090244181 -0.0517860034107 0.00300000000005
v 0.0280965009341 -0.0515769699612 0.00300000000005
v 0.0280965009341 -0.051367561698 0.00300000000005
v 0.0281090244181 -0.0511585282484 0.00300000000005
v 0.0281340265553 -0.0509506178979 0.00300000000005
v 0.0281714178445 -0.0507445749117 0.00300000000005
v 0.0282210644346 -0.0505411368701 0.00300000000005
v 0.0282827886038 -0.0503410320285 0.00300000000005
v 0.0283563693954 -0.0501449767103 0.00300000000005
v 0.0284415434094 -0.0499536727426 0.00300000000005
v 0.0285380057449 -0.0497678049441 0.00300000000005
v 0.0286454110918 -0.0495880386732 0.00300000000005
v 0.0287633749667 -0.0494150174465 0.00300000000005
v 0.0288914750898 -0.0492493606351 0.00300000000005
v 0.0290292528957 -0.0490916612474 0.00300000000005
v 0.0291762151756 -0.0489424838062 0.00300000000005
v 0.0293318358428 -0.048802362328 0.00300000000005
v 0.0294955578157 -0.0486717984115 0.00300000000005
v 0.029666795012 -0.0485512594415 0.00300000000005
v 0.0298449344471 -0.0484411769163 0.00300000000005
v 0.030029338428 -0.0483419449027 0.00300000000005
v 0.0302193468363 -0.0482539186256 0.00300000000005
v 0.0304142794912 -0.0481774131962 0.00300000000005
v 0.0306134385845 -0.0481127024842 0.00300000000005
v 0.0308161111782 -0.0480600181369 0.00300000000005
v 0.0310215717571 -0.0480195487508 0.00300000000005
v 0.0312290848256 -0.0479914391958 0.00300000000005
v 0.0314379075408 -0.0479757900967 0.00300000000005
v 0.0316472923716 -0.0479726574732 0.00300000000005
v 0.0318564897746 -0.0479820525394 0.00300000000005
v 0.0320647508774 -0.0480039416634 0.00300000000005
v 0.0322713301593 -0.0480382464877 0.00300000000005
v 0.0324754881202 -0.04808484421 0.00300000000005
v 0.0326764939274 -0.0481435680225 0.00300000000005
v 0.0328736280323 -0.0482142077093 0.00300000000005
v 0.0330661847461 -0.0482965103986 0.00300000000005
v 0.0332534747657 -0.0483901814681 0.00300000000005
v 0.0334348276414 -0.0484948855997 0.00300000000005
v 0.033609594177 -0.0486102479797 0.00300000000005
v 0.0337771487536 -0.0487358556409 0.00300000000005
v 0.0339368915693 -0.0488712589404 0.00300000000005
v 0.0340882507864 -0.0490159731695 0.00300000000005
v 0.0342306845781 -0.0491694802888 0.00300000000005
v 0.0343636830684 -0.0493312307827 0.00300000000005
v 0.0344867701572 -0.0495006456263 0.00300000000005
v 0.0345995052247 -0.0496771183586 0.00300000000005
v 0.0347014847086 -0.049860017253 0.00300000000005
v 0.0347923435488 -0.0500486875788 0.00300000000005
v 0.0348717564943 -0.0502424539453 0.00300000000005
v 0.0349394392673 -0.0504406227191 0.00300000000005
v 0.0349951495811 -0.0506424845076 0.00300000000005
v 0.0350386880072 -0.0508473166978 0.00300000000005
v 0.0350698986893 -0.0510543860437 0.00300000000005
v 0.0350886699012 -0.0512629512908 0.00300000000005
v 0.0185 -0.008 4.82698280864e-14
v 0.0145 -0.008 4.82698280864e-14
v 0.0185 0.012 4.82257137285e-14
v -0.0185 0.012 4.82257137285e-14
v -0.0185 -0.008 4.82698280864e-14
v -0.0145 -0.008 4.82698280864e-14
v -0.008 -0.008 4.82698280864e-14
v -0.008 -0.02 4.82962967011e-14
v -0.0145 -0.02 4.82962967011e-14
v -0.0185 -0.02 4.82962967011e-14
v -0.0185 -0.033 4.83249710337e-14
v -0.0665 -0.033 4.83249710337e-14
v -0.0665 -0.068 4.840217116e-14
v 0.0665 -0.068 4.840217116e-14
v 0.0665 -0.033 4.83249710337e-14
v 0.0185 -0.033 4.83249710337e-14
v 0.0185 -0.02 4.82962967011e-14
v 0.0145 -0.02 4.82962967011e-14
v 0.008 -0.02 4.82962967011e-14
v 0.008 -0.008 4.82698280864e-14
v -0.0075 -0.032 4.83227653158e-14
v -0.00750626454581 -0.0317906854612 4.8322303627e-14
v -0.0075250357578 -0.0315821202141 4.83218435909e-14
v -0.0075562464399 -0.0313750508682 4.83213868543e-14
v -0.00759978486597 -0.031170218678 4.83209350523e-14
v -0.00765549517975 -0.0309683568896 4.83204898021e-14
v -0.00772317795276 -0.0307701881157 4.83200526977e-14
v -0.00780259089825 -0.0305764217492 4.83196253038e-14
v -0.00789344973848 -0.0303877514234 4.83192091503e-14
v -0.00799542922239 -0.0302048525291 4.83188057269e-14
v -0.00810816428989 -0.0300283797968 4.83184164778e-14
v -0.0082312513787 -0.0298589649531 4.83180427965e-14
v -0.00836424986899 -0.0296972144592 4.83176860205e-14
v -0.00850668366067 -0.0295437073399 4.83173474271e-14
v -0.00865804287774 -0.0293989931108 4.83170282284e-14
v -0.00881778569349 -0.0292635898114 4.83167295669e-14
v -0.0089853402701 -0.0291379821502 4.83164525118e-14
v -0.00916010680566 -0.0290226197701 4.8316198055e-14
v -0.00934145968134 -0.0289179156385 4.83159671072e-14
v -0.00952874970092 -0.028824244569 4.83157604952e-14
v -0.00972130641472 -0.0287419418797 4.83155789587e-14
v -0.00991844051969 -0.028671302193 4.83154231475e-14
v -0.0101194463269 -0.0286125783804 4.83152936193e-14
v -0.0103236042877 -0.0285659806581 4.83151908379e-14
v -0.0105301835696 -0.0285316758338 4.83151151711e-14
v -0.0107384446724 -0.0285097867099 4.83150668899e-14
v -0.0109476420754 -0.0285003916437 4.8315046167e-14
v -0.0111570269062 -0.0285035242671 4.83150530767e-14
v -0.0113658496214 -0.0285191733662 4.83150875942e-14
v -0.01157336269 -0.0285472829213 4.8315149596e-14
v -0.0117788232688 -0.0285877523074 4.831523886e-14
v -0.0119814958626 -0.0286404366546 4.83153550668e-14
v -0.0121806549558 -0.0287051473667 4.83154978004e-14
v -0.0123755876108 -0.0287816527961 4.83156665498e-14
v -0.0125655960191 -0.0288696790732 4.83158607109e-14
v -0.01275 -0.0289689110868 4.83160795888e-14
v -0.0129281394351 -0.029078993612 4.83163223998e-14
v -0.0130993766314 -0.029199532582 4.83165882747e-14
v -0.0132630986043 -0.0293300964985 4.83168762619e-14
v -0.0134187192715 -0.0294702179766 4.83171853303e-14
v -0.0135656815514 -0.0296193954178 4.83175143737e-14
v -0.0137034593573 -0.0297770948056 4.8317862214e-14
v -0.0138315594803 -0.029942751617 4.83182276062e-14
v -0.0139495233553 -0.0301157728437 4.83186092423e-14
v -0.0140569287022 -0.0302955391146 4.83190057559e-14
v -0.0141533910377 -0.0304814069131 4.83194157279e-14
v -0.0142385650517 -0.0306727108807 4.83198376904e-14
v -0.0143121458433 -0.0308687661989 4.83202701332e-14
v -0.0143738700124 -0.0310688710405 4.8320711508e-14
v -0.0144235166026 -0.0312723090821 4.83211602349e-14
v -0.0144609078918 -0.0314783520684 4.83216147076e-14
v -0.014485910029 -0.0316862624188 4.83220732992e-14
v -0.014498433513 -0.0318952958684 4.8322534368e-14
v -0.014498433513 -0.0321047041316 4.83229962636e-14
v -0.014485910029 -0.0323137375812 4.83234573324e-14
v -0.0144609078918 -0.0325216479316 4.8323915924e-14
v -0.0144235166026 -0.0327276909179 4.83243703967e-14
v -0.0143738700124 -0.0329311289595 4.83248191236e-14
v -0.0143121458433 -0.0331312338011 4.83252604984e-14
v -0.0142385650517 -0.0333272891193 4.83256929412e-14
v -0.0141533910377 -0.0335185930869 4.83261149038e-14
v -0.0140569287022 -0.0337044608854 4.83265248757e-14
v -0.0139495233553 -0.0338842271563 4.83269213894e-14
v -0.0138315594803 -0.034057248383 4.83273030254e-14
v -0.0137034593573 -0.0342229051944 4.83276684176e-14
v -0.0135656815514 -0.0343806045822 4.83280162579e-14
v -0.0134187192715 -0.0345297820234 4.83283453013e-14
v -0.0132630986043 -0.0346699035015 4.83286543697e-14
v -0.0130993766314 -0.034800467418 4.83289423569e-14
v -0.0129281394351 -0.034921006388 4.83292082319e-14
v -0.01275 -0.0350310889132 4.83294510429e-14
v -0.0125655960191 -0.0351303209268 4.83296699207e-14
v -0.0123755876108 -0.0352183472039 4.83298640818e-14
v -0.0121806549558 -0.0352948526333 4.83300328312e-14
v -0.0119814958626 -0.0353595633454 4.83301755648e-14
v -0.0117788232688 -0.0354122476926 4.83302917716e-14
v -0.01157336269 -0.0354527170787 4.83303810357e-14
v -0.0113658496214 -0.0354808266338 4.83304430374e-14
v -0.0111570269062 -0.0354964757329 4.83304775549e-14
v -0.0109476420754 -0.0354996083563 4.83304844646e-14
v -0.0107384446724 -0.0354902132901 4.83304637417e-14
v -0.0105301835696 -0.0354683241662 4.83304154605e-14
v -0.0103236042877 -0.0354340193419 4.83303397937e-14
v -0.0101194463269 -0.0353874216196 4.83302370123e-14
v -0.00991844051969 -0.035328697807 4.83301074841e-14
v -0.00972130641472 -0.0352580581203 4.83299516729e-14
v -0.00952874970092 -0.035175755431 4.83297701364e-14
v -0.00934145968134 -0.0350820843615 4.83295635244e-14
v -0.00916010680566 -0.0349773802299 4.83293325767e-14
v -0.0089853402701 -0.0348620178498 4.83290781198e-14
v -0.00881778569349 -0.0347364101886 4.83288010647e-14
v -0.00865804287774 -0.0346010068892 4.83285024032e-14
v -0.00850668366067 -0.0344562926601 4.83281832045e-14
v -0.00836424986899 -0.0343027855408 4.83278446111e-14
v -0.0082312513787 -0.0341410350469 4.83274878351e-14
v -0.00810816428989 -0.0339716202032 4.83271141538e-14
v -0.00799542922239 -0.0337951474709 4.83267249047e-14
v -0.00789344973848 -0.0336122485766 4.83263214813e-14
v -0.00780259089825 -0.0334235782508 4.83259053278e-14
v -0.00772317795276 -0.0332298118843 4.83254779339e-14
v -0.00765549517975 -0.0330316431104 4.83250408295e-14
v -0.00759978486597 -0.032829781322 4.83245955793e-14
v -0.0075562464399 -0.0326249491318 4.83241437773e-14
v -0.0075250357578 -0.0324178797859 4.83236870407e-14
v -0.00750626454581 -0.0322093145388 4.83232270046e-14
v 0.0075 -0.032 4.83227653158e-14
v 0.00750626454581 -0.0317906854612 4.8322303627e-14
v 0.0075250357578 -0.0315821202141 4.83218435909e-14
v 0.0075562464399 -0.0313750508682 4.83213868543e-14
v 0.00759978486597 -0.031170218678 4.83209350523e-14
v 0.00765549517975 -0.0309683568896 4.83204898021e-14
v 0.00772317795276 -0.0307701881157 4.83200526977e-14
v 0.00780259089825 -0.0305764217492 4.83196253038e-14
v 0.00789344973848 -0.0303877514234 4.83192091503e-14
v 0.00799542922239 -0.0302048525291 4.83188057269e-14
v 0.00810816428989 -0.0300283797968 4.83184164778e-14
v 0.0082312513787 -0.0298589649531 4.83180427965e-14
v 0.00836424986899 -0.0296972144592 4.83176860205e-14
v 0.00850668366067 -0.0295437073399 4.83173474271e-14
v 0.00865804287774 -0.0293989931108 4.83170282284e-14
v 0.00881778569349 -0.0292635898114 4.83167295669e-14
v 0.0089853402701 -0.0291379821502 4.83164525118e-14
v 0.00916010680566 -0.0290226197701 4.8316198055e-14
v 0.00934145968134 -0.0289179156385 4.83159671072e-14
v 0.00952874970092 -0.028824244569 4.83157604952e-14
v 0.00972130641472 -0.0287419418797 4.83155789587e-14
v 0.00991844051969 -0.028671302193 4.83154231475e-14
v 0.0101194463269 -0.0286125783804 4.83152936193e-14
v 0.0103236042877 -0.0285659806581 4.83151908379e-14
v 0.0105301835696 -0.0285316758338 4.83151151711e-14
v 0.0107384446724 -0.0285097867099 4.83150668899e-14
v 0.0109476420754 -0.0285003916437 4.8315046167e-14
v 0.0111570269062 -0.0285035242671 4.83150530767e-14
v 0.0113658496214 -0.0285191733662 4.83150875942e-14
v 0.01157336269 -0.0285472829213 4.8315149596e-14
v 0.0117788232688 -0.0285877523074 4.831523886e-14
v 0.0119814958626 -0.0286404366546 4.83153550668e-14
v 0.0121806549558 -0.0287051473667 4.83154978004e-14
v 0.0123755876108 -0.0287816527961 4.83156665498e-14
v 0.0125655960191 -0.0288696790732 4.83158607109e-14
v 0.01275 -0.0289689110868 4.83160795888e-14
v 0.0129281394351 -0.029078993612 4.83163223998e-14
v 0.0130993766314 -0.029199532582 4.83165882747e-14
v 0.0132630986043 -0.0293300964985 4.83168762619e-14
v 0.0134187192715 -0.0294702179766 4.83171853303e-14
v 0.0135656815514 -0.0296193954178 4.83175143737e-14
v 0.0137034593573 -0.0297770948056 4.8317862214e-14
v 0.0138315594803 -0.029942751617 4.83182276062e-14
v 0.0139495233553 -0.0301157728437 4.83186092423e-14
v 0.0140569287022 -0.0302955391146 4.83190057559e-14
v 0.0141533910377 -0.0304814069131 4.83194157279e-14
v 0.0142385650517 -0.0306727108807 4.83198376904e-14
v 0.0143121458433 -0.0308687661989 4.83202701332e-14
v 0.0143738700124 -0.0310688710405 4.8320711508e-14
v 0.0144235166026 -0.0312723090821 4.83211602349e-14
v 0.0144609078918 -0.0314783520684 4.83216147076e-14
v 0.014485910029 -0.0316862624188 4.83220732992e-14
v 0.014498433513 -0.0318952958684 4.8322534368e-14
v 0.014498433513 -0.0321047041316 4.83229962636e-14
v 0.014485910029 -0.0323137375812 4.83234573324e-14
v 0.0144609078918 -0.0325216479316 4.8323915924e-14
v 0.0144235166026 -0.0327276909179 4.83243703967e-14
v 0.0143738700124 -0.0329311289595 4.83248191236e-14
v 0.0143121458433 -0.0331312338011 4.83252604984e-14
v 0.0142385650517 -0.0333272891193 4.83256929412e-14
v 0.0141533910377 -0.0335185930869 4.83261149038e-14
v 0.0140569287022 -0.0337044608854 4.83265248757e-14
v 0.0139495233553 -0.0338842271563 4.83269213894e-14
v 0.0138315594803 -0.034057248383 4.83273030254e-14
v 0.0137034593573 -0.0342229051944 4.83276684176e-14
v 0.0135656815514 -0.0343806045822 4.83280162579e-14
v 0.0134187192715 -0.0345297820234 4.83283453013e-14
v 0.0132630986043 -0.0346699035015 4.83286543697e-14
v 0.0130993766314 -0.034800467418 4.83289423569e-14
v 0.0129281394351 -0.034921006388 4.83292082319e-14
v 0.01275 -0.0350310889132 4.83294510429e-14
v 0.0125655960191 -0.0351303209268 4.83296699207e-14
v 0.0123755876108 -0.0352183472039 4.83298640818e-14
v 0.0121806549558 -0.0352948526333 4.83300328312e-14
v 0.0119814958626 -0.0353595633454 4.83301755648e-14
v 0.0117788232688 -0.0354122476926 4.83302917716e-14
v 0.01157336269 -0.0354527170787 4.83303810357e-14
v 0.0113658496214 -0.0354808266338 4.83304430374e-14
v 0.0111570269062 -0.0354964757329 4.83304775549e-14
v 0.0109476420754 -0.0354996083563 4.83304844646e-14
v 0.0107384446724 -0.0354902132901 4.83304637417e-14
v 0.0105301835696 -0.0354683241662 4.83304154605e-14
v 0.0103236042877 -0.0354340193419 4.83303397937e-14
v 0.0101194463269 -0.0353874216196 4.83302370123e-14
v 0.00991844051969 -0.035328697807 4.83301074841e-14
v 0.00972130641472 -0.0352580581203 4.83299516729e-14
v 0.00952874970092 -0.035175755431 4.83297701364e-14
v 0.00934145968134 -0.0350820843615 4.83295635244e-14
v 0.00916010680566 -0.0349773802299 4.83293325767e-14
v 0.0089853402701 -0.0348620178498 4.83290781198e-14
v 0.00881778569349 -0.0347364101886 4.83288010647e-14
v 0.00865804287774 -0.0346010068892 4.83285024032e-14
v 0.00850668366067 -0.0344562926601 4.83281832045e-14
v 0.00836424986899 -0.0343027855408 4.83278446111e-14
v 0.0082312513787 -0.0341410350469 4.83274878351e-14
v 0.00810816428989 -0.0339716202032 4.83271141538e-14
v 0.00799542922239 -0.0337951474709 4.83267249047e-14
v 0.00789344973848 -0.0336122485766 4.83263214813e-14
v 0.00780259089825 -0.0334235782508 4.83259053278e-14
v 0.00772317795276 -0.0332298118843 4.83254779339e-14
v 0.00765549517975 -0.0330316431104 4.83250408295e-14
v 0.00759978486597 -0.032829781322 4.83245955793e-14
v 0.0075562464399 -0.0326249491318 4.83241437773e-14
v 0.0075250357578 -0.0324178797859 4.83236870407e-14
v 0.00750626454581 -0.0322093145388 4.83232270046e-14
v -0.0075 0.008 4.82345366001e-14
v -0.00750619373856 0.00820812930489 4.82340775255e-14
v -0.00752475303289 0.00841552198207 4.82336200758e-14
v -0.00755561219645 0.00862144401095 4.82331658699e-14
v -0.00759866201005 0.00882516657598 4.82327165154e-14
v -0.00765375010838 0.00902596864612 4.82322736027e-14
v -0.00772068151928 0.0092231395268 4.82318386993e-14
v -0.00779921935381 0.00941598137522 4.82314133446e-14
v -0.00788908564464 0.00960381167024 4.8230999044e-14
v -0.00798996232987 0.009785965628 4.82305972637e-14
v -0.00810149237876 0.0099617985548 4.82302094259e-14
v -0.00822328105533 0.0101306881288 4.82298369031e-14
v -0.00835489731545 0.0102920366027 4.82294810139e-14
v -0.00849587533242 0.0104452729192 4.82291430178e-14
v -0.0086457161457 0.0105898547321 4.82288241112e-14
v -0.0088038894268 0.0107252703261 4.82285254226e-14
v -0.00896983535634 0.0108510404276 4.82282480092e-14
v -0.00914296660533 0.010966719901 4.82279928529e-14
v -0.00932267041395 0.0110718993245 4.82277608568e-14
v -0.00950831076025 0.0111662064386 4.82275528419e-14
v -0.00969923061121 0.0112493074642 4.82273695445e-14
v -0.0098947542482 0.0113209082836 4.82272116133e-14
v -0.0100941896585 0.0113807554814 4.82270796072e-14
v -0.0102968309844 0.0114286372417 4.82269739936e-14
v -0.0105019610218 0.0114643840977 4.82268951461e-14
v -0.0107088537582 0.0114878695311 4.82268433438e-14
v -0.0109167769424 0.0114990104205 4.82268187702e-14
v -0.0111249946763 0.0114977673352 4.82268215121e-14
v -0.0113327700191 0.0114841446747 4.82268515598e-14
v -0.0115393675959 0.0114581906536 4.82269088071e-14
v -0.0117440562002 0.0114199971303 4.82269930512e-14
v -0.0119461113819 0.0113696992823 4.82271039941e-14
v -0.0121448180112 0.0113074751278 4.8227241243e-14
v -0.01233947281 0.0112335448955 4.82274043122e-14
v -0.0125293868406 0.011148170245 4.82275926246e-14
v -0.0127138879442 0.0110516533412 4.82278055137e-14
v -0.0128923231199 0.0109443357842 4.8228042226e-14
v -0.0130640608357 0.0108265974009 4.82283019236e-14
v -0.013228493264 0.0106988549002 4.82285836875e-14
v -0.0133850384325 0.0105615603986 4.82288865205e-14
v -0.0135331422841 0.0104151998196 4.82292093506e-14
v -0.013672280638 0.0102602911741 4.82295510354e-14
v -0.0138019610446 0.0100973827272 4.82299103655e-14
v -0.0139217245289 0.00992705105723 4.82302860691e-14
v -0.0140311472144 0.00974989901559 4.82306768165e-14
v -0.0141298418236 0.0095665535928 4.82310812248e-14
v -0.0142174590489 0.00937766369949 4.82314978626e-14
v -0.0142936887883 0.00918389786973 4.82319252554e-14
v -0.0143582612435 0.00898594189489 4.82323618904e-14
v -0.0144109478747 0.00878449639643 4.82328062223e-14
v -0.0144515622091 0.00858027434621 4.82332566786e-14
v -0.0144799605012 0.00837399854308 4.82337116648e-14
v -0.0144960422415 0.00816639905469 4.82341695707e-14
v -0.0144997505124 0.00795821063359 4.82346287756e-14
v -0.0144910721891 0.00775017011672 4.82350876543e-14
v -0.0144700379867 0.00754301381756 4.82355445827e-14
v -0.0144367223511 0.00733747492008 4.82359979435e-14
v -0.0143912431956 0.00713428088382 4.82364461322e-14
v -0.0143337614837 0.0069341508692 4.82368875626e-14
v -0.0142644806592 0.00673779319222 4.82373206722e-14
v -0.0141836459263 0.00654590281752 4.82377439283e-14
v -0.0140915433816 0.0063591588987 4.82381558327e-14
v -0.0139884990018 0.00617822237463 4.82385549276e-14
v -0.0138748774897 0.00600373363018 4.82389398005e-14
v -0.0137510809835 0.00583631022972 4.82393090893e-14
v -0.0136175476337 0.00567654473143 4.82396614869e-14
v -0.0134747500521 0.00552500258999 4.82399957462e-14
v -0.0133231936391 0.00538222015535 4.82403106839e-14
v -0.0131634147953 0.00524870277442 4.82406051856e-14
v -0.0129959790225 0.00512492300247 4.82408782089e-14
v -0.0128214789227 0.00501131893068 4.82411287874e-14
v -0.0126405321005 0.00490829263558 4.82413560343e-14
v -0.0124537789772 0.00481620875598 4.82415591454e-14
v -0.0122618805242 0.00473539320244 4.82417374017e-14
v -0.0120655159237 0.00466613200377 4.82418901724e-14
v -0.011865380165 0.00460867029469 4.82420169167e-14
v -0.0116621815842 0.00456321144823 4.82421171861e-14
v -0.0114566393579 0.00452991635593 4.82421906257e-14
v -0.0112494809575 0.00450890285843 4.82422369755e-14
v -0.0110414395742 0.00450024532836 4.82422560716e-14
v -0.0108332515248 0.00450397440713 4.82422478463e-14
v -0.0106256536448 0.00452007689649 4.82422123287e-14
v -0.010419380681 0.00454849580524 4.82421496446e-14
v -0.0102151626911 0.00458913055092 4.82420600159e-14
v -0.0100137224596 0.00464183731584 4.82419437596e-14
v -0.00981577293962 0.00470642955602 4.82418012873e-14
v -0.00962201472981 0.0047826786615 4.82416331033e-14
v -0.00943313359459 0.00487031476541 4.82414398028e-14
v -0.00924979803701 0.00496902769911 4.82412220699e-14
v -0.00757722899002 0.00726881013872 4.82361493986e-14
v -0.00754351155702 0.00744982944138 4.82357501211e-14
v -0.00751936079614 0.00763237147481 4.82353474849e-14
v -0.00750484355046 0.00781593100956 4.82349426043e-14
v 0.00757722899002 0.00726881013872 4.82361493986e-14
v 0.00712991437785 0.00770806856252 4.82351805185e-14
v 0.00665718181007 0.00811984792639 4.82342722494e-14
v 0.00616071656576 0.00850268024781 4.82334278293e-14
v 0.00564228853032 0.00885520073971 4.82326502685e-14
v 0.00510374588596 0.00917615267591 4.82319423391e-14
v 0.00454700852292 0.00946439187125 4.82313065647e-14
v 0.00397406119512 0.00971889076065 4.8230745212e-14
v 0.00338694644459 0.00993874206233 4.8230260282e-14
v 0.00278775731984 0.0101231620122 4.82298535036e-14
v 0.0021786299142 0.0102714931581 4.8229526327e-14
v 0.00156173575071 0.0103832067034 4.82292799184e-14
v 0.000939274040707 0.0104579043922 4.82291151564e-14
v 0.000313463843664 0.0104953199293 4.82290326283e-14
v -0.000313463843664 0.0104953199293 4.82290326283e-14
v -0.000939274040706 0.0104579043922 4.82291151564e-14
v -0.00156173575071 0.0103832067034 4.82292799184e-14
v -0.0021786299142 0.0102714931581 4.8229526327e-14
v -0.00278775731984 0.0101231620122 4.82298535036e-14
v -0.00338694644459 0.00993874206233 4.8230260282e-14
v -0.00397406119512 0.00971889076065 4.8230745212e-14
v -0.00454700852292 0.00946439187125 4.82313065647e-14
v -0.00510374588596 0.0091761526759 4.82319423391e-14
v -0.00564228853032 0.00885520073971 4.82326502685e-14
v -0.00616071656575 0.0085026802478 4.82334278293e-14
v -0.00665718181007 0.00811984792638 4.82342722494e-14
v -0.00712991437785 0.00770806856252 4.82351805185e-14
v 0.00754351155702 0.00744982944138 4.82357501211e-14
v 0.00751936079614 0.00763237147481 4.82353474849e-14
v 0.00750484355046 0.00781593100956 4.82349426043e-14
v 0.0075 0.008 4.82345366001e-14
v 0.00750619373856 0.00820812930489 4.82340775255e-14
v 0.00752475303289 0.00841552198207 4.82336200758e-14
v 0.00755561219645 0.00862144401095 4.82331658699e-14
v 0.00759866201005 0.00882516657598 4.82327165154e-14
v 0.00765375010838 0.00902596864612 4.82322736027e-14
v 0.00772068151928 0.0092231395268 4.82318386993e-14
v 0.00779921935381 0.00941598137522 4.82314133446e-14
v 0.00788908564464 0.00960381167024 4.8230999044e-14
v 0.00798996232987 0.009785965628 4.82305972637e-14
v 0.00810149237876 0.0099617985548 4.82302094259e-14
v 0.00822328105533 0.0101306881288 4.82298369031e-14
v 0.00835489731545 0.0102920366027 4.82294810139e-14
v 0.00849587533242 0.0104452729192 4.82291430178e-14
v 0.0086457161457 0.0105898547321 4.82288241112e-14
v 0.0088038894268 0.0107252703261 4.82285254226e-14
v 0.00896983535634 0.0108510404276 4.82282480092e-14
v 0.00914296660533 0.010966719901 4.82279928529e-14
v 0.00932267041395 0.0110718993245 4.82277608568e-14
v 0.00950831076025 0.0111662064386 4.82275528419e-14
v 0.00969923061121 0.0112493074642 4.82273695445e-14
v 0.0098947542482 0.0113209082836 4.82272116133e-14
v 0.0100941896585 0.0113807554814 4.82270796072e-14
v 0.0102968309844 0.0114286372417 4.82269739936e-14
v 0.0105019610218 0.0114643840977 4.82268951461e-14
v 0.0107088537582 0.0114878695311 4.82268433438e-14
v 0.0109167769424 0.0114990104205 4.82268187702e-14
v 0.0111249946763 0.0114977673352 4.82268215121e-14
v 0.0113327700191 0.0114841446747 4.82268515598e-14
v 0.0115393675959 0.0114581906536 4.82269088071e-14
v 0.0117440562002 0.0114199971303 4.82269930512e-14
v 0.0119461113819 0.0113696992823 4.82271039941e-14
v 0.0121448180112 0.0113074751278 4.8227241243e-14
v 0.01233947281 0.0112335448955 4.82274043122e-14
v 0.0125293868406 0.011148170245 4.82275926246e-14
v 0.0127138879442 0.0110516533412 4.82278055137e-14
v 0.0128923231199 0.0109443357842 4.8228042226e-14
v 0.0130640608357 0.0108265974009 4.82283019236e-14
v 0.013228493264 0.0106988549002 4.82285836875e-14
v 0.0133850384325 0.0105615603986 4.82288865205e-14
v 0.0135331422841 0.0104151998196 4.82292093506e-14
v 0.013672280638 0.0102602911741 4.82295510354e-14
v 0.0138019610446 0.0100973827272 4.82299103655e-14
v 0.0139217245289 0.00992705105723 4.82302860691e-14
v 0.0140311472144 0.00974989901559 4.82306768165e-14
v 0.0141298418236 0.0095665535928 4.82310812248e-14
v 0.0142174590489 0.00937766369949 4.82314978626e-14
v 0.0142936887883 0.00918389786973 4.82319252554e-14
v 0.0143582612435 0.00898594189489 4.82323618904e-14
v 0.0144109478747 0.00878449639643 4.82328062223e-14
v 0.0144515622091 0.00858027434621 4.82332566786e-14
v 0.0144799605012 0.00837399854308 4.82337116648e-14
v 0.0144960422415 0.00816639905469 4.82341695707e-14
v 0.0144997505124 0.00795821063359 4.82346287756e-14
v 0.0144910721891 0.00775017011672 4.82350876543e-14
v 0.0144700379867 0.00754301381756 4.82355445827e-14
v 0.0144367223511 0.00733747492008 4.82359979435e-14
v 0.0143912431956 0.00713428088382 4.82364461322e-14
v 0.0143337614837 0.0069341508692 4.82368875626e-14
v 0.0142644806592 0.00673779319222 4.82373206722e-14
v 0.0141836459263 0.00654590281752 4.82377439283e-14
v 0.0140915433816 0.0063591588987 4.82381558327e-14
v 0.0139884990018 0.00617822237463 4.82385549276e-14
v 0.0138748774897 0.00600373363018 4.82389398005e-14
v 0.0137510809835 0.00583631022972 4.82393090893e-14
v 0.0136175476337 0.00567654473143 4.82396614869e-14
v 0.0134747500521 0.00552500258999 4.82399957462e-14
v 0.0133231936391 0.00538222015535 4.82403106839e-14
v 0.0131634147953 0.00524870277442 4.82406051856e-14
v 0.0129959790225 0.00512492300247 4.82408782089e-14
v 0.0128214789227 0.00501131893068 4.82411287874e-14
v 0.0126405321005 0.00490829263558 4.82413560343e-14
v 0.0124537789772 0.00481620875598 4.82415591454e-14
v 0.0122618805242 0.00473539320244 4.82417374017e-14
v 0.0120655159237 0.00466613200377 4.82418901724e-14
v 0.011865380165 0.00460867029469 4.82420169167e-14
v 0.0116621815842 0.00456321144823 4.82421171861e-14
v 0.0114566393579 0.00452991635593 4.82421906257e-14
v 0.0112494809575 0.00450890285843 4.82422369755e-14
v 0.0110414395742 0.00450024532836 4.82422560716e-14
v 0.0108332515248 0.00450397440713 4.82422478463e-14
v 0.0106256536448 0.00452007689649 4.82422123287e-14
v 0.010419380681 0.00454849580524 4.82421496446e-14
v 0.0102151626911 0.00458913055092 4.82420600159e-14
v 0.0100137224596 0.00464183731584 4.82419437596e-14
v 0.00981577293962 0.00470642955602 4.82418012873e-14
v 0.00962201472981 0.0047826786615 4.82416331033e-14
v 0.00943313359459 0.00487031476541 4.82414398028e-14
v 0.00924979803701 0.00496902769911 4.82412220699e-14
v 0.0105 -9.94759830064e-16 4.82521823432e-14
v 0.0104842529403 0.000574839355186 4.82509144098e-14
v 0.0104370589935 0.00114795451425 4.82496502794e-14
v 0.010358559715 0.00171762645268 4.82483937438e-14
v 0.0102489905587 0.00228214647372 4.82471485719e-14
v 0.0101086801707 0.00283982133346 4.82459184985e-14
v 0.00993804940363 0.00338897831965 4.82447072131e-14
v 0.00973761005415 0.00392797026889 4.82435183489e-14
v 0.00950796332809 0.00445518050719 4.82423554719e-14
v -0.00952927798978 0.00440940596832 4.82424564376e-14
v -0.00977493781969 0.00383413492476 4.82437253232e-14
v -0.00998590566154 0.00324525624855 4.82450242234e-14
v -0.0101614327746 0.00264485991433 4.82463485284e-14
v -0.0103008962001 0.00203507677374 4.8247693538e-14
v -0.0104038009717 0.00141807099292 4.82490544787e-14
v -0.0104697818728 0.00079603237171 4.82504265204e-14
v -0.0104986047321 0.000171168571858 4.82518047936e-14
v -0.0104901672551 -0.000454302718104 4.82531844069e-14
v -0.0104444993872 -0.00107816165362 4.82545604637e-14
v -0.0103617632069 -0.0016981941125 4.82559280804e-14
v -0.0102422523513 -0.002312199553 4.82572824031e-14
v -0.0100863909732 -0.00291799882373 4.82586186254e-14
v -0.00989473223651 -0.0035134418976 4.82599320049e-14
v -0.00966795635237 -0.00409641550246 4.82612178802e-14
v -0.00940686816543 -0.00466485062121 4.82624716877e-14
v -0.00911239429728 -0.00521672983495 4.82636889776e-14
v -0.00878557985778 -0.00575009448293 4.82648654295e-14
v -0.0084275847359 -0.00626305161398 4.82659968682e-14
v -0.00803967948319 -0.00675378070473 4.82670792782e-14
v -0.00762324080453 -0.00722054012081 4.82681088178e-14
v -0.00717974667204 -0.00766167329801 4.82690818331e-14
v -0.00671077107968 -0.00807561462157 4.82699948709e-14
v -0.00621797845703 -0.00846089498268 4.82708446907e-14
v -0.00570311776211 -0.00881614699239 4.82716282764e-14
v -0.00516801627417 -0.00914010983468 4.8272342847e-14
v -0.00461457310854 -0.00943163374108 4.82729858665e-14
v -0.00404475247657 -0.00968968407139 4.82735550528e-14
v -0.00346057671446 -0.00991334498559 4.82740483856e-14
v -0.00286411910583 -0.0101018226943 4.82744641143e-14
v -0.0022574965235 -0.0102544482761 4.82748007633e-14
v -0.00164286191657 -0.0103706800511 4.82750571378e-14
v -0.00102239666937 -0.0104501055043 4.82752323279e-14
v -0.000398302859651 -0.0104924427486 4.82753257119e-14
v 0.000227204556814 -0.010497541526 4.82753369584e-14
v 0.000851905607253 -0.0104653837405 4.82752660274e-14
v 0.00147358318075 -0.0103960835226 4.82751131707e-14
v 0.00209003089692 -0.010289886824 4.82748789307e-14
v 0.00269906093656 -0.0101471705446 4.82745641389e-14
v 0.00329851180634 -0.00996844119527 4.82741699123e-14
v 0.00388625601012 -0.0097543330999 4.82736976503e-14
v 0.00446020759962 -0.00950560614418 4.82731490288e-14
v 0.00501832957755 -0.00922314307875 4.82725259949e-14
v 0.00555864112713 -0.00890794638622 4.827183076e-14
v 0.0060792246421 -0.00856113472333 4.82710657913e-14
v 0.0065782325325 -0.00818393895068 4.82702338038e-14
v 0.00705389378186 -0.00777769776439 4.82693377503e-14
v 0.00750452023272 -0.00734385294493 4.82683808111e-14
v 0.00792851257796 -0.00688394424012 4.82673663822e-14
v 0.00832436603694 -0.00639960390048 4.82662980641e-14
v 0.00869067569601 -0.00589255088623 4.82651796481e-14
v 0.00902614149469 -0.00536458476658 4.82640151038e-14
v 0.00932957283969 -0.00481757933292 4.82628085642e-14
v 0.00959989283038 -0.00425347594859 4.82615643112e-14
v 0.00983614208083 -0.00367427665884 4.8260286761e-14
v 0.0100374821247 -0.00308203708543 4.82589804476e-14
v 0.0102031983911 -0.00247885913106 4.82576500072e-14
v 0.0103327027405 -0.00186688351957 4.82563001616e-14
v 0.0104255355524 -0.00124828219833 4.82549357016e-14
v 0.0104813673559 -0.000625250629876 4.82535614697e-14
v 0.0185 -0.014 0.00600000000005
v 0.0145 -0.014 0.00600000000005
v 0.0145 -0.02 4.82962967011e-14
v 0.0185 -0.02 4.82962967011e-14
v 0.0185 -0.008 4.82698280864e-14
v 0.0145 -0.008 4.82698280864e-14
v 0.0145 -0.014 0.00600000000005
v 0.0185 -0.014 0.00600000000005
v -0.0185 0.012 4.82257137285e-14
v 0.0185 0.012 4.82257137285e-14
v -0.0185 0.012 0.00900000000005
v -0.0145 0.012 0.00900000000005
v -0.0145 0.012 0.00300000000005
v 0.0145 0.012 0.00300000000005
v 0.0145 0.012 0.00900000000005
v 0.0185 0.012 0.00900000000005
v 0.0145 0.012 0.00900000000005
v 0.0145 -0.068 0.00900000000005
v 0.0185 -0.068 0.00900000000005
v 0.0185 0.012 0.00900000000005
v 0.0145 -0.008 4.82698280864e-14
v 0.0145 -0.014 0.00600000000005
v 0.0145 -0.02 4.82962967011e-14
v 0.0145 -0.02 0.00300000000005
v 0.0145 -0.068 0.00300000000005
v 0.0145 -0.068 0.00900000000005
v 0.0145 0.012 0.00900000000005
v 0.0145 0.012 0.00300000000005
v 0.0145 -0.008 0.00300000000005
v 0.0145 -0.068 0.00300000000005
v 0.0145 -0.02 0.00300000000005
v 0.008 -0.02 0.00300000000005
v 0.008 -0.008 0.00300000000005
v 0.0145 -0.008 0.00300000000005
v 0.0145 0.012 0.00300000000005
v -0.0145 0.012 0.00300000000005
v -0.0145 -0.008 0.00300000000005
v -0.008 -0.008 0.00300000000005
v -0.008 -0.02 0.00300000000005
v -0.0145 -0.02 0.00300000000005
v -0.0145 -0.068 0.00300000000005
v -0.0095 -0.032 0.00300000000005
v -0.00950268480535 -0.0319102937691 0.00300000000005
v -0.00951072961049 -0.0318209086632 0.00300000000005
v -0.0095241056171 -0.0317321646578 0.00300000000005
v -0.00954276494256 -0.0316443794334 0.00300000000005
v -0.00956664079132 -0.0315578672384 0.00300000000005
v -0.00959564769404 -0.0314729377639 0.00300000000005
v -0.00962968181354 -0.0313898950354 0.00300000000005
v -0.00966862131649 -0.0313090363243 0.00300000000005
v -0.0097123268096 -0.0312306510839 0.00300000000005
v -0.00976064183853 -0.0311550199129 0.00300000000005
v -0.00981339344802 -0.0310824135513 0.00300000000005
v -0.00987039280099 -0.0310130919111 0.00300000000005
v -0.00993143585457 -0.0309473031457 0.00300000000005
v -0.00999630409046 -0.0308852827618 0.00300000000005
v -0.0100647652972 -0.0308272527763 0.00300000000005
v -0.0101365744015 -0.0307734209215 0.00300000000005
v -0.0102114743453 -0.0307239799015 0.00300000000005
v -0.0102891970063 -0.0306791067022 0.00300000000005
v -0.0103694641575 -0.0306389619581 0.00300000000005
v -0.0104519884635 -0.030603689377 0.00300000000005
v -0.0105364745084 -0.0305734152256 0.00300000000005
v -0.0106226198544 -0.0305482478773 0.00300000000005
v -0.0107101161233 -0.0305282774249 0.00300000000005
v -0.0107986501013 -0.0305135753573 0.00300000000005
v -0.0108879048596 -0.0305041943042 0.00300000000005
v -0.0109775608895 -0.0305001678473 0.00300000000005
v -0.0110672972455 -0.0305015104002 0.00300000000005
v -0.0111567926949 -0.0305082171569 0.00300000000005
v -0.0112457268671 -0.0305202641091 0.00300000000005
v -0.0113337814009 -0.0305376081317 0.00300000000005
v -0.011420641084 -0.0305601871377 0.00300000000005
v -0.0115059949811 -0.0305879203 0.00300000000005
v -0.0115895375475 -0.0306207083412 0.00300000000005
v -0.0116709697225 -0.0306584338885 0.00300000000005
v -0.01175 -0.0307009618943 0.00300000000005
v -0.0118263454722 -0.0307481401194 0.00300000000005
v -0.011899732842 -0.030799799678 0.00300000000005
v -0.0119698994018 -0.0308557556422 0.00300000000005
v -0.0120365939735 -0.0309158077043 0.00300000000005
v -0.0120995778077 -0.0309797408933 0.00300000000005
v -0.0121586254388 -0.0310473263452 0.00300000000005
v -0.0122135254916 -0.0311183221216 0.00300000000005
v -0.012264081438 -0.0311924740759 0.00300000000005
v -0.0123101123009 -0.0312695167634 0.00300000000005
v -0.0123514533019 -0.0313491743913 0.00300000000005
v -0.0123879564507 -0.031431161806 0.00300000000005
v -0.0124194910757 -0.0315151855138 0.00300000000005
v -0.012445944291 -0.0316009447316 0.00300000000005
v -0.0124672214011 -0.0316881324638 0.00300000000005
v -0.0124832462393 -0.0317764366007 0.00300000000005
v -0.012493961441 -0.0318655410366 0.00300000000005
v -0.0124993286484 -0.0319551268007 0.00300000000005
v -0.0124993286484 -0.0320448731993 0.00300000000005
v -0.012493961441 -0.0321344589634 0.00300000000005
v -0.0124832462393 -0.0322235633993 0.00300000000005
v -0.0124672214011 -0.0323118675362 0.00300000000005
v -0.012445944291 -0.0323990552683 0.00300000000005
v -0.0124194910757 -0.0324848144862 0.00300000000005
v -0.0123879564507 -0.032568838194 0.00300000000005
v -0.0123514533019 -0.0326508256087 0.00300000000005
v -0.0123101123009 -0.0327304832366 0.00300000000005
v -0.012264081438 -0.0328075259241 0.00300000000005
v -0.0122135254916 -0.0328816778784 0.00300000000005
v -0.0121586254388 -0.0329526736548 0.00300000000005
v -0.0120995778077 -0.0330202591067 0.00300000000005
v -0.0120365939735 -0.0330841922957 0.00300000000005
v -0.0119698994018 -0.0331442443578 0.00300000000005
v -0.011899732842 -0.033200200322 0.00300000000005
v -0.0118263454722 -0.0332518598806 0.00300000000005
v -0.01175 -0.0332990381057 0.00300000000005
v -0.0116709697225 -0.0333415661115 0.00300000000005
v -0.0115895375475 -0.0333792916588 0.00300000000005
v -0.0115059949811 -0.0334120797 0.00300000000005
v -0.011420641084 -0.0334398128623 0.00300000000005
v -0.0113337814009 -0.0334623918683 0.00300000000005
v -0.0112457268671 -0.0334797358909 0.00300000000005
v -0.0111567926949 -0.0334917828431 0.00300000000005
v -0.0110672972455 -0.0334984895998 0.00300000000005
v -0.0109775608895 -0.0334998321527 0.00300000000005
v -0.0108879048596 -0.0334958056958 0.00300000000005
v -0.0107986501013 -0.0334864246427 0.00300000000005
v -0.0107101161233 -0.0334717225751 0.00300000000005
v -0.0106226198544 -0.0334517521227 0.00300000000005
v -0.0105364745084 -0.0334265847744 0.00300000000005
v -0.0104519884635 -0.033396310623 0.00300000000005
v -0.0103694641575 -0.0333610380419 0.00300000000005
v -0.0102891970063 -0.0333208932978 0.00300000000005
v -0.0102114743453 -0.0332760200985 0.00300000000005
v -0.0101365744015 -0.0332265790785 0.00300000000005
v -0.0100647652972 -0.0331727472237 0.00300000000005
v -0.00999630409046 -0.0331147172382 0.00300000000005
v -0.00993143585457 -0.0330526968543 0.00300000000005
v -0.00987039280099 -0.0329869080889 0.00300000000005
v -0.00981339344802 -0.0329175864487 0.00300000000005
v -0.00976064183853 -0.0328449800871 0.00300000000005
v -0.0097123268096 -0.0327693489161 0.00300000000005
v -0.00966862131649 -0.0326909636757 0.00300000000005
v -0.00962968181354 -0.0326101049646 0.00300000000005
v -0.00959564769404 -0.0325270622361 0.00300000000005
v -0.00956664079132 -0.0324421327616 0.00300000000005
v -0.00954276494256 -0.0323556205666 0.00300000000005
v -0.0095241056171 -0.0322678353422 0.00300000000005
v -0.00951072961049 -0.0321790913368 0.00300000000005
v -0.00950268480535 -0.0320897062309 0.00300000000005
v 0.0095 -0.032 0.00300000000005
v 0.00950268480535 -0.0319102937691 0.00300000000005
v 0.00951072961049 -0.0318209086632 0.00300000000005
v 0.0095241056171 -0.0317321646578 0.00300000000005
v 0.00954276494256 -0.0316443794334 0.00300000000005
v 0.00956664079132 -0.0315578672384 0.00300000000005
v 0.00959564769404 -0.0314729377639 0.00300000000005
v 0.00962968181354 -0.0313898950354 0.00300000000005
v 0.00966862131649 -0.0313090363243 0.00300000000005
v 0.0097123268096 -0.0312306510839 0.00300000000005
v 0.00976064183853 -0.0311550199129 0.00300000000005
v 0.00981339344802 -0.0310824135513 0.00300000000005
v 0.00987039280099 -0.0310130919111 0.00300000000005
v 0.00993143585457 -0.0309473031457 0.00300000000005
v 0.00999630409046 -0.0308852827618 0.00300000000005
v 0.0100647652972 -0.0308272527763 0.00300000000005
v 0.0101365744015 -0.0307734209215 0.00300000000005
v 0.0102114743453 -0.0307239799015 0.00300000000005
v 0.0102891970063 -0.0306791067022 0.00300000000005
v 0.0103694641575 -0.0306389619581 0.00300000000005
v 0.0104519884635 -0.030603689377 0.00300000000005
v 0.0105364745084 -0.0305734152256 0.00300000000005
v 0.0106226198544 -0.0305482478773 0.00300000000005
v 0.0107101161233 -0.0305282774249 0.00300000000005
v 0.0107986501013 -0.0305135753573 0.00300000000005
v 0.0108879048596 -0.0305041943042 0.00300000000005
v 0.0109775608895 -0.0305001678473 0.00300000000005
v 0.0110672972455 -0.0305015104002 0.00300000000005
v 0.0111567926949 -0.0305082171569 0.00300000000005
v 0.0112457268671 -0.0305202641091 0.00300000000005
v 0.0113337814009 -0.0305376081317 0.00300000000005
v 0.011420641084 -0.0305601871377 0.00300000000005
v 0.0115059949811 -0.0305879203 0.00300000000005
v 0.0115895375475 -0.0306207083412 0.00300000000005
v 0.0116709697225 -0.0306584338885 0.00300000000005
v 0.01175 -0.0307009618943 0.00300000000005
v 0.0118263454722 -0.0307481401194 0.00300000000005
v 0.011899732842 -0.030799799678 0.00300000000005
v 0.0119698994018 -0.0308557556422 0.00300000000005
v 0.0120365939735 -0.0309158077043 0.00300000000005
v 0.0120995778077 -0.0309797408933 0.00300000000005
v 0.0121586254388 -0.0310473263452 0.00300000000005
v 0.0122135254916 -0.0311183221216 0.00300000000005
v 0.012264081438 -0.0311924740759 0.00300000000005
v 0.0123101123009 -0.0312695167634 0.00300000000005
v 0.0123514533019 -0.0313491743913 0.00300000000005
v 0.0123879564507 -0.031431161806 0.00300000000005
v 0.0124194910757 -0.0315151855138 0.00300000000005
v 0.012445944291 -0.0316009447316 0.00300000000005
v 0.0124672214011 -0.0316881324638 0.00300000000005
v 0.0124832462393 -0.0317764366007 0.00300000000005
v 0.012493961441 -0.0318655410366 0.00300000000005
v 0.0124993286484 -0.0319551268007 0.00300000000005
v 0.0124993286484 -0.0320448731993 0.00300000000005
v 0.012493961441 -0.0321344589634 0.00300000000005
v 0.0124832462393 -0.0322235633993 0.00300000000005
v 0.0124672214011 -0.0323118675362 0.00300000000005
v 0.012445944291 -0.0323990552683 0.00300000000005
v 0.0124194910757 -0.0324848144862 0.00300000000005
v 0.0123879564507 -0.032568838194 0.00300000000005
v 0.0123514533019 -0.0326508256087 0.00300000000005
v 0.0123101123009 -0.0327304832366 0.00300000000005
v 0.012264081438 -0.0328075259241 0.00300000000005
v 0.0122135254916 -0.0328816778784 0.00300000000005
v 0.0121586254388 -0.0329526736548 0.00300000000005
v 0.0120995778077 -0.0330202591067 0.00300000000005
v 0.0120365939735 -0.0330841922957 0.00300000000005
v 0.0119698994018 -0.0331442443578 0.00300000000005
v 0.011899732842 -0.033200200322 0.00300000000005
v 0.0118263454722 -0.0332518598806 0.00300000000005
v 0.01175 -0.0332990381057 0.00300000000005
v 0.0116709697225 -0.0333415661115 0.00300000000005
v 0.0115895375475 -0.0333792916588 0.00300000000005
v 0.0115059949811 -0.0334120797 0.00300000000005
v 0.011420641084 -0.0334398128623 0.00300000000005
v 0.0113337814009 -0.0334623918683 0.00300000000005
v 0.0112457268671 -0.0334797358909 0.00300000000005
v 0.0111567926949 -0.0334917828431 0.00300000000005
v 0.0110672972455 -0.0334984895998 0.00300000000005
v 0.0109775608895 -0.0334998321527 0.00300000000005
v 0.0108879048596 -0.0334958056958 0.00300000000005
v 0.0107986501013 -0.0334864246427 0.00300000000005
v 0.0107101161233 -0.0334717225751 0.00300000000005
v 0.0106226198544 -0.0334517521227 0.00300000000005
v 0.0105364745084 -0.0334265847744 0.00300000000005
v 0.0104519884635 -0.033396310623 0.00300000000005
v 0.0103694641575 -0.0333610380419 0.00300000000005
v 0.0102891970063 -0.0333208932978 0.00300000000005
v 0.0102114743453 -0.0332760200985 0.00300000000005
v 0.0101365744015 -0.0332265790785 0.00300000000005
v 0.0100647652972 -0.0331727472237 0.00300000000005
v 0.00999630409046 -0.0331147172382 0.00300000000005
v 0.00993143585457 -0.0330526968543 0.00300000000005
v 0.00987039280099 -0.0329869080889 0.00300000000005
v 0.00981339344802 -0.0329175864487 0.00300000000005
v 0.00976064183853 -0.0328449800871 0.00300000000005
v 0.0097123268096 -0.0327693489161 0.00300000000005
v 0.00966862131649 -0.0326909636757 0.00300000000005
v 0.00962968181354 -0.0326101049646 0.00300000000005
v 0.00959564769404 -0.0325270622361 0.00300000000005
v 0.00956664079132 -0.0324421327616 0.00300000000005
v 0.00954276494256 -0.0323556205666 0.00300000000005
v 0.0095241056171 -0.0322678353422 0.00300000000005
v 0.00951072961049 -0.0321790913368 0.00300000000005
v 0.00950268480535 -0.0320897062309 0.00300000000005
v -0.0095 0.008 0.00300000000005
v -0.00950268480535 0.00808970623092 0.00300000000005
v -0.00951072961049 0.00817909133681 0.00300000000005
v -0.0095241056171 0.0082678353422 0.00300000000005
v -0.00954276494256 0.00835562056657 0.00300000000005
v -0.00956664079132 0.00844213276162 0.00300000000005
v -0.00959564769404 0.00852706223612 0.00300000000005
v -0.00962968181354 0.00861010496461 0.00300000000005
v -0.00966862131649 0.00869096367567 0.00300000000005
v -0.0097123268096 0.00876934891611 0.00300000000005
v -0.00976064183853 0.00884498008709 0.00300000000005
v -0.00981339344802 0.00891758644867 0.00300000000005
v -0.00987039280099 0.00898690808891 0.00300000000005
v -0.00993143585457 0.00905269685432 0.00300000000005
v -0.00999630409046 0.00911471723822 0.00300000000005
v -0.0100647652972 0.0091727472237 0.00300000000005
v -0.0101365744015 0.0092265790785 0.00300000000005
v -0.0102114743453 0.00927602009853 0.00300000000005
v -0.0102891970063 0.00932089329778 0.00300000000005
v -0.0103694641575 0.00936103804185 0.00300000000005
v -0.0104519884635 0.00939631062297 0.00300000000005
v -0.0105364745084 0.00942658477444 0.00300000000005
v -0.0106226198544 0.00945175212267 0.00300000000005
v -0.0107101161233 0.00947172257509 0.00300000000005
v -0.0107986501013 0.00948642464265 0.00300000000005
v -0.0108879048596 0.00949580569577 0.00300000000005
v -0.0109775608895 0.00949983215271 0.00300000000005
v -0.0110672972455 0.00949848959981 0.00300000000005
v -0.0111567926949 0.00949178284305 0.00300000000005
v -0.0112457268671 0.00947973589088 0.00300000000005
v -0.0113337814009 0.00946239186827 0.00300000000005
v -0.011420641084 0.00943981286231 0.00300000000005
v -0.0115059949811 0.00941207969999 0.00300000000005
v -0.0115895375475 0.00937929165883 0.00300000000005
v -0.0116709697225 0.0093415661115 0.00300000000005
v -0.01175 0.00929903810568 0.00300000000005
v -0.0118263454722 0.00925185988058 0.00300000000005
v -0.011899732842 0.00920020032202 0.00300000000005
v -0.0119698994018 0.00914424435779 0.00300000000005
v -0.0120365939735 0.00908419229574 0.00300000000005
v -0.0120995778077 0.00902025910666 0.00300000000005
v -0.0121586254388 0.00895267365476 0.00300000000005
v -0.0122135254916 0.00888167787844 0.00300000000005
v -0.012264081438 0.00880752592414 0.00300000000005
v -0.0123101123009 0.00873048323661 0.00300000000005
v -0.0123514533019 0.00865082560868 0.00300000000005
v -0.0123879564507 0.00856883819398 0.00300000000005
v -0.0124194910757 0.00848481448618 0.00300000000005
v -0.012445944291 0.00839905526835 0.00300000000005
v -0.0124672214011 0.00831186753623 0.00300000000005
v -0.0124832462393 0.00822356339926 0.00300000000005
v -0.012493961441 0.00813445896335 0.00300000000005
v -0.0124993286484 0.00804487319925 0.00300000000005
v -0.0124993286484 0.00795512680074 0.00300000000005
v -0.012493961441 0.00786554103664 0.00300000000005
v -0.0124832462393 0.00777643660073 0.00300000000005
v -0.0124672214011 0.00768813246377 0.00300000000005
v -0.012445944291 0.00760094473165 0.00300000000005
v -0.0124194910757 0.00751518551382 0.00300000000005
v -0.0123879564507 0.00743116180602 0.00300000000005
v -0.0123514533019 0.00734917439132 0.00300000000005
v -0.0123101123009 0.00726951676339 0.00300000000005
v -0.012264081438 0.00719247407586 0.00300000000005
v -0.0122135254916 0.00711832212156 0.00300000000005
v -0.0121586254388 0.00704732634524 0.00300000000005
v -0.0120995778077 0.00697974089334 0.00300000000005
v -0.0120365939735 0.00691580770426 0.00300000000005
v -0.0119698994018 0.00685575564221 0.00300000000005
v -0.011899732842 0.00679979967798 0.00300000000005
v -0.0118263454722 0.00674814011942 0.00300000000005
v -0.01175 0.00670096189432 0.00300000000005
v -0.0116709697225 0.0066584338885 0.00300000000005
v -0.0115895375475 0.00662070834117 0.00300000000005
v -0.0115059949811 0.00658792030001 0.00300000000005
v -0.011420641084 0.00656018713768 0.00300000000005
v -0.0113337814009 0.00653760813173 0.00300000000005
v -0.0112457268671 0.00652026410911 0.00300000000005
v -0.0111567926949 0.00650821715695 0.00300000000005
v -0.0110672972455 0.00650151040019 0.00300000000005
v -0.0109775608895 0.00650016784728 0.00300000000005
v -0.0108879048596 0.00650419430423 0.00300000000005
v -0.0107986501013 0.00651357535735 0.00300000000005
v -0.0107101161233 0.00652827742491 0.00300000000005
v -0.0106226198544 0.00654824787732 0.00300000000005
v -0.0105364745084 0.00657341522556 0.00300000000005
v -0.0104519884635 0.00660368937703 0.00300000000005
v -0.0103694641575 0.00663896195815 0.00300000000005
v -0.0102891970063 0.00667910670221 0.00300000000005
v -0.0102114743453 0.00672397990147 0.00300000000005
v -0.0101365744015 0.0067734209215 0.00300000000005
v -0.0100647652972 0.0068272527763 0.00300000000005
v -0.00999630409046 0.00688528276178 0.00300000000005
v -0.00993143585457 0.00694730314567 0.00300000000005
v -0.00987039280099 0.00701309191109 0.00300000000005
v -0.00981339344802 0.00708241355133 0.00300000000005
v -0.00976064183853 0.0071550199129 0.00300000000005
v -0.0097123268096 0.00723065108389 0.00300000000005
v -0.00966862131649 0.00730903632432 0.00300000000005
v -0.00962968181354 0.00738989503539 0.00300000000005
v -0.00959564769404 0.00747293776388 0.00300000000005
v -0.00956664079132 0.00755786723838 0.00300000000005
v -0.00954276494256 0.00764437943343 0.00300000000005
v -0.0095241056171 0.0077321646578 0.00300000000005
v -0.00951072961049 0.00782090866319 0.00300000000005
v -0.00950268480535 0.00791029376908 0.00300000000005
v 0.0105 -9.94759830064e-16 0.00300000000005
v 0.0104812063626 0.000627943616422 0.00300000000005
v 0.0104248927266 0.00125363935767 0.00300000000005
v 0.0103312606803 0.00187484739538 0.00300000000005
v 0.0102006454021 0.00248934396601 0.00300000000005
v 0.0100335144608 0.00309492933131 0.00300000000005
v 0.00983046614172 0.00368943565285 0.00300000000005
v 0.00959222730525 0.00427073475229 0.00300000000005
v 0.00931965078455 0.00483674572973 0.00300000000005
v 0.00901371233282 0.00538544241276 0.00300000000005
v 0.00867550713032 0.00591486060967 0.00300000000005
v 0.00830624586389 0.00642310514071 0.00300000000005
v 0.00790725039304 0.00690835662237 0.00300000000005
v 0.00747994901799 0.00736887798028 0.00300000000005
v 0.00702587136677 0.00780302066751 0.00300000000005
v 0.00654664291952 0.00820923056591 0.00300000000005
v 0.0060439791897 0.00858605354948 0.00300000000005
v 0.00551967958301 0.00893214068972 0.00300000000005
v 0.00497562095597 0.00924625308449 0.00300000000005
v 0.00441375089725 0.00952726629296 0.00300000000005
v 0.00383608075585 0.00977417436076 0.00300000000005
v 0.00324467844094 0.0099860934211 0.00300000000005
v 0.00264166101932 0.0101622648587 0.00300000000005
v 0.00202918713685 0.0103020580256 0.00300000000005
v 0.00140944929109 0.0104049724986 0.00300000000005
v 0.000784665982658 0.0104706398704 0.00300000000005
v 0.00015707377366 0.010498825069 0.00300000000005
v -0.00047108071868 0.0104894271987 0.00300000000005
v -0.00109754886431 0.0104424799014 0.00300000000005
v -0.00172008806986 0.0103581512362 0.00300000000005
v -0.00233646980654 0.0102367430779 0.00300000000005
v -0.00294448758771 0.0100786900362 0.00300000000005
v -0.00354196486752 0.00988455789994 0.00300000000005
v -0.00412676283237 0.00965504161179 0.00300000000005
v -0.00469678805731 0.0093909627805 0.00300000000005
v -0.00525 0.00909326673974 0.00300000000005
v -0.00578441830525 0.00876301916407 0.00300000000005
v -0.00629812989422 0.00840140225412 0.00300000000005
v -0.00678929581277 0.00800971050455 0.00300000000005
v -0.00725615781436 0.00758934607019 0.00300000000005
v -0.00769704465421 0.00714181374659 0.00300000000005
v -0.00811037807186 0.00666871558334 0.00300000000005
v -0.00849467844094 0.00617174514907 0.00300000000005
v -0.00884857006587 0.00565268146895 0.00300000000005
v -0.00917078610648 0.00511338265624 0.00300000000005
v -0.00946017311298 0.00455577926073 0.00300000000005
v -0.00971569515498 0.00398186735785 0.00300000000005
v -0.00993643752989 0.00339370140327 0.00300000000005
v -0.0101216100373 0.00279338687845 0.00300000000005
v -0.0102705498077 0.00218307275359 0.00300000000005
v -0.0103827236754 0.00156494379485 0.00300000000005
v -0.0104577300869 0.000941212743485 0.00300000000005
v -0.010495300539 0.000314112394778 0.00300000000005
v -0.010495300539 -0.00031411239478 0.00300000000005
v -0.0104577300869 -0.000941212743487 0.00300000000005
v -0.0103827236754 -0.00156494379485 0.00300000000005
v -0.0102705498077 -0.00218307275359 0.00300000000005
v -0.0101216100373 -0.00279338687845 0.00300000000005
v -0.00993643752989 -0.00339370140327 0.00300000000005
v -0.00971569515498 -0.00398186735786 0.00300000000005
v -0.00946017311298 -0.00455577926074 0.00300000000005
v -0.00917078610648 -0.00511338265625 0.00300000000005
v -0.00884857006587 -0.00565268146895 0.00300000000005
v -0.00849467844094 -0.00617174514907 0.00300000000005
v -0.00811037807186 -0.00666871558334 0.00300000000005
v -0.00769704465421 -0.0071418137466 0.00300000000005
v -0.00725615781436 -0.00758934607019 0.00300000000005
v -0.00678929581277 -0.00800971050455 0.00300000000005
v -0.00629812989422 -0.00840140225412 0.00300000000005
v -0.00578441830525 -0.00876301916407 0.00300000000005
v -0.00525 -0.00909326673974 0.00300000000005
v -0.00469678805731 -0.0093909627805 0.00300000000005
v -0.00412676283237 -0.00965504161179 0.00300000000005
v -0.00354196486752 -0.00988455789994 0.00300000000005
v -0.00294448758771 -0.0100786900362 0.00300000000005
v -0.00233646980654 -0.0102367430779 0.00300000000005
v -0.00172008806986 -0.0103581512362 0.00300000000005
v -0.00109754886431 -0.0104424799014 0.00300000000005
v -0.00047108071868 -0.0104894271987 0.00300000000005
v 0.00015707377366 -0.010498825069 0.00300000000005
v 0.000784665982658 -0.0104706398704 0.00300000000005
v 0.00140944929109 -0.0104049724986 0.00300000000005
v 0.00202918713685 -0.0103020580256 0.00300000000005
v 0.00264166101932 -0.0101622648587 0.00300000000005
v 0.00324467844094 -0.0099860934211 0.00300000000005
v 0.00383608075585 -0.00977417436077 0.00300000000005
v 0.00441375089725 -0.00952726629296 0.00300000000005
v 0.00497562095597 -0.0092462530845 0.00300000000005
v 0.00551967958301 -0.00893214068972 0.00300000000005
v 0.0060439791897 -0.00858605354948 0.00300000000005
v 0.00654664291952 -0.00820923056592 0.00300000000005
v 0.00702587136677 -0.00780302066751 0.00300000000005
v 0.00747994901799 -0.00736887798028 0.00300000000005
v 0.00790725039304 -0.00690835662237 0.00300000000005
v 0.00830624586389 -0.00642310514071 0.00300000000005
v 0.00867550713032 -0.00591486060967 0.00300000000005
v 0.00901371233282 -0.00538544241276 0.00300000000005
v 0.00931965078455 -0.00483674572973 0.00300000000005
v 0.00959222730525 -0.0042707347523 0.00300000000005
v 0.00983046614172 -0.00368943565286 0.00300000000005
v 0.0100335144608 -0.00309492933132 0.00300000000005
v 0.0102006454021 -0.00248934396601 0.00300000000005
v 0.0103312606803 -0.00187484739539 0.00300000000005
v 0.0104248927266 -0.00125363935767 0.00300000000005
v 0.0104812063626 -0.000627943616424 0.00300000000005
v 0.0095 0.008 0.00300000000005
v 0.00950268480535 0.00808970623092 0.00300000000005
v 0.00951072961049 0.00817909133681 0.00300000000005
v 0.0095241056171 0.0082678353422 0.00300000000005
v 0.00954276494256 0.00835562056657 0.00300000000005
v 0.00956664079132 0.00844213276162 0.00300000000005
v 0.00959564769404 0.00852706223612 0.00300000000005
v 0.00962968181354 0.00861010496461 0.00300000000005
v 0.00966862131649 0.00869096367567 0.00300000000005
v 0.0097123268096 0.00876934891611 0.00300000000005
v 0.00976064183853 0.00884498008709 0.00300000000005
v 0.00981339344802 0.00891758644867 0.00300000000005
v 0.00987039280099 0.00898690808891 0.00300000000005
v 0.00993143585457 0.00905269685432 0.00300000000005
v 0.00999630409046 0.00911471723822 0.00300000000005
v 0.0100647652972 0.0091727472237 0.00300000000005
v 0.0101365744015 0.0092265790785 0.00300000000005
v 0.0102114743453 0.00927602009853 0.00300000000005
v 0.0102891970063 0.00932089329778 0.00300000000005
v 0.0103694641575 0.00936103804185 0.00300000000005
v 0.0104519884635 0.00939631062297 0.00300000000005
v 0.0105364745084 0.00942658477444 0.00300000000005
v 0.0106226198544 0.00945175212267 0.00300000000005
v 0.0107101161233 0.00947172257509 0.00300000000005
v 0.0107986501013 0.00948642464265 0.00300000000005
v 0.0108879048596 0.00949580569577 0.00300000000005
v 0.0109775608895 0.00949983215271 0.00300000000005
v 0.0110672972455 0.00949848959981 0.00300000000005
v 0.0111567926949 0.00949178284305 0.00300000000005
v 0.0112457268671 0.00947973589088 0.00300000000005
v 0.0113337814009 0.00946239186827 0.00300000000005
v 0.011420641084 0.00943981286231 0.00300000000005
v 0.0115059949811 0.00941207969999 0.00300000000005
v 0.0115895375475 0.00937929165883 0.00300000000005
v 0.0116709697225 0.0093415661115 0.00300000000005
v 0.01175 0.00929903810568 0.00300000000005
v 0.0118263454722 0.00925185988058 0.00300000000005
v 0.011899732842 0.00920020032202 0.00300000000005
v 0.0119698994018 0.00914424435779 0.00300000000005
v 0.0120365939735 0.00908419229574 0.00300000000005
v 0.0120995778077 0.00902025910666 0.00300000000005
v 0.0121586254388 0.00895267365476 0.00300000000005
v 0.0122135254916 0.00888167787844 0.00300000000005
v 0.012264081438 0.00880752592414 0.00300000000005
v 0.0123101123009 0.00873048323661 0.00300000000005
v 0.0123514533019 0.00865082560868 0.00300000000005
v 0.0123879564507 0.00856883819398 0.00300000000005
v 0.0124194910757 0.00848481448618 0.00300000000005
v 0.012445944291 0.00839905526835 0.00300000000005
v 0.0124672214011 0.00831186753623 0.00300000000005
v 0.0124832462393 0.00822356339926 0.00300000000005
v 0.012493961441 0.00813445896335 0.00300000000005
v 0.0124993286484 0.00804487319925 0.00300000000005
v 0.0124993286484 0.00795512680074 0.00300000000005
v 0.012493961441 0.00786554103664 0.00300000000005
v 0.0124832462393 0.00777643660073 0.00300000000005
v 0.0124672214011 0.00768813246377 0.00300000000005
v 0.012445944291 0.00760094473165 0.00300000000005
v 0.0124194910757 0.00751518551382 0.00300000000005
v 0.0123879564507 0.00743116180602 0.00300000000005
v 0.0123514533019 0.00734917439132 0.00300000000005
v 0.0123101123009 0.00726951676339 0.00300000000005
v 0.012264081438 0.00719247407586 0.00300000000005
v 0.0122135254916 0.00711832212156 0.00300000000005
v 0.0121586254388 0.00704732634524 0.00300000000005
v 0.0120995778077 0.00697974089334 0.00300000000005
v 0.0120365939735 0.00691580770426 0.00300000000005
v 0.0119698994018 0.00685575564221 0.00300000000005
v 0.011899732842 0.00679979967798 0.00300000000005
v 0.0118263454722 0.00674814011942 0.00300000000005
v 0.01175 0.00670096189432 0.00300000000005
v 0.0116709697225 0.0066584338885 0.00300000000005
v 0.0115895375475 0.00662070834117 0.00300000000005
v 0.0115059949811 0.00658792030001 0.00300000000005
v 0.011420641084 0.00656018713768 0.00300000000005
v 0.0113337814009 0.00653760813173 0.00300000000005
v 0.0112457268671 0.00652026410911 0.00300000000005
v 0.0111567926949 0.00650821715695 0.00300000000005
v 0.0110672972455 0.00650151040019 0.00300000000005
v 0.0109775608895 0.00650016784728 0.00300000000005
v 0.0108879048596 0.00650419430423 0.00300000000005
v 0.0107986501013 0.00651357535735 0.00300000000005
v 0.0107101161233 0.00652827742491 0.00300000000005
v 0.0106226198544 0.00654824787732 0.00300000000005
v 0.0105364745084 0.00657341522556 0.00300000000005
v 0.0104519884635 0.00660368937703 0.00300000000005
v 0.0103694641575 0.00663896195815 0.00300000000005
v 0.0102891970063 0.00667910670221 0.00300000000005
v 0.0102114743453 0.00672397990147 0.00300000000005
v 0.0101365744015 0.0067734209215 0.00300000000005
v 0.0100647652972 0.0068272527763 0.00300000000005
v 0.00999630409046 0.00688528276178 0.00300000000005
v 0.00993143585457 0.00694730314567 0.00300000000005
v 0.00987039280099 0.00701309191109 0.00300000000005
v 0.00981339344802 0.00708241355133 0.00300000000005
v 0.00976064183853 0.0071550199129 0.00300000000005
v 0.0097123268096 0.00723065108389 0.00300000000005
v 0.00966862131649 0.00730903632432 0.00300000000005
v 0.00962968181354 0.00738989503539 0.00300000000005
v 0.00959564769404 0.00747293776388 0.00300000000005
v 0.00956664079132 0.00755786723838 0.00300000000005
v 0.00954276494256 0.00764437943343 0.00300000000005
v 0.0095241056171 0.0077321646578 0.00300000000005
v 0.00951072961049 0.00782090866319 0.00300000000005
v 0.00950268480535 0.00791029376908 0.00300000000005
v -0.0145 -0.014 0.00600000000005
v -0.0145 -0.02 4.82962967011e-14
v -0.0145 -0.02 0.00300000000005
v -0.0145 -0.068 0.00300000000005
v -0.0145 -0.068 0.00900000000005
v -0.0145 0.012 0.00900000000005
v -0.0145 0.012 0.00300000000005
v -0.0145 -0.008 0.00300000000005
v -0.0145 -0.008 4.82698280864e-14
v -0.0145 -0.068 0.00900000000005
v -0.0185 -0.068 0.00900000000005
v -0.0185 0.012 0.00900000000005
v -0.0145 0.012 0.00900000000005
v -0.0185 -0.014 0.00600000000005
v -0.0185 -0.008 4.82698280864e-14
v -0.0185 0.012 4.82257137285e-14
v -0.0185 0.012 0.00900000000005
v -0.0185 -0.068 0.00900000000005
v -0.0185 -0.068 0.00300000000005
v -0.0185 -0.033 0.00300000000005
v -0.0185 -0.033 4.83249710337e-14
v -0.0185 -0.02 4.82962967011e-14
v -0.063 -0.033 0.00300000000005
v -0.026 -0.033 0.00300000000005
v -0.0185 -0.033 0.00300000000005
v -0.0185 -0.068 0.00300000000005
v -0.026 -0.068 0.00300000000005
v -0.063 -0.068 0.00300000000005
v -0.0595 -0.0645 0.00300000000005
v -0.0595059214461 -0.0647035069012 0.00300000000005
v -0.0595236657479 -0.0649063251994 0.00300000000005
v -0.0595531728645 -0.0651077686218 0.00300000000005
v -0.059594342953 -0.0653071555476 0.00300000000005
v -0.0596470367069 -0.0655038113145 0.00300000000005
v -0.0597110758272 -0.0656970705016 0.00300000000005
v -0.0597862436259 -0.0658862791811 0.00300000000005
v -0.0598722857589 -0.0660707971307 0.00300000000005
v -0.0599689110868 -0.06625 0.00300000000005
v -0.0600757926601 -0.0664232814232 0.00300000000005
v -0.0601925688254 -0.066590055071 0.00300000000005
v -0.0603188444491 -0.0667497566339 0.00300000000005
v -0.0604541922545 -0.0669018457325 0.00300000000005
v -0.0605981542675 -0.0670458077455 0.00300000000005
v -0.0607502433661 -0.0671811555509 0.00300000000005
v -0.060909944929 -0.0673074311746 0.00300000000005
v -0.0610767185768 -0.0674242073399 0.00300000000005
v -0.06125 -0.0675310889132 0.00300000000005
v -0.0614292028693 -0.0676277142411 0.00300000000005
v -0.0616137208189 -0.0677137563741 0.00300000000005
v -0.0618029294984 -0.0677889241728 0.00300000000005
v -0.0619961886855 -0.0678529632931 0.00300000000005
v -0.0621928444524 -0.067905657047 0.00300000000005
v -0.0623922313782 -0.0679468271355 0.00300000000005
v -0.0625936748006 -0.0679763342521 0.00300000000005
v -0.0627964930988 -0.0679940785539 0.00300000000005
v -0.0665 -0.0645 0.00300000000005
v -0.0664938530612 -0.0642926578024 0.00300000000005
v -0.066475433836 -0.0640860439018 0.00300000000005
v -0.0664448070228 -0.0638808840371 0.00300000000005
v -0.0664020801993 -0.0636778988398 0.00300000000005
v -0.066347403445 -0.0634778013028 0.00300000000005
v -0.066280968814 -0.063281294276 0.00300000000005
v -0.0662030096604 -0.0630890679975 0.00300000000005
v -0.0661137998185 -0.0629017976691 0.00300000000005
v -0.0660136526412 -0.0627201410847 0.00300000000005
v -0.0659029198991 -0.0625447363197 0.00300000000005
v -0.0657819905449 -0.0623761994896 0.00300000000005
v -0.0656512893476 -0.0622151225863 0.00300000000005
v -0.0655112753997 -0.0620620713983 0.00300000000005
v -0.0653624405053 -0.0619175835234 0.00300000000005
v -0.0652053074525 -0.0617821664805 0.00300000000005
v -0.0650404281769 -0.061656295927 0.00300000000005
v -0.0648683818229 -0.0615404139877 0.00300000000005
v -0.0646897727096 -0.0614349277023 0.00300000000005
v -0.064505228208 -0.0613402075951 0.00300000000005
v -0.0643153965374 -0.061256586374 0.00300000000005
v -0.0641209444885 -0.0611843577615 0.00300000000005
v -0.0639225550812 -0.0611237754633 0.00300000000005
v -0.0637209251656 -0.061075052277 0.00300000000005
v -0.063516762974 -0.0610383593444 0.00300000000005
v -0.0633107856336 -0.0610138255508 0.00300000000005
v -0.0631037166474 -0.0610015370722 0.00300000000005
v -0.0628962833526 -0.0610015370722 0.00300000000005
v -0.0626892143664 -0.0610138255508 0.00300000000005
v -0.062483237026 -0.0610383593444 0.00300000000005
v -0.0622790748344 -0.061075052277 0.00300000000005
v -0.0620774449188 -0.0611237754633 0.00300000000005
v -0.0618790555115 -0.0611843577615 0.00300000000005
v -0.0616846034626 -0.061256586374 0.00300000000005
v -0.061494771792 -0.0613402075951 0.00300000000005
v -0.0613102272904 -0.0614349277023 0.00300000000005
v -0.0611316181771 -0.0615404139877 0.00300000000005
v -0.0609595718231 -0.061656295927 0.00300000000005
v -0.0607946925475 -0.0617821664805 0.00300000000005
v -0.0606375594947 -0.0619175835234 0.00300000000005
v -0.0604887246003 -0.0620620713983 0.00300000000005
v -0.0603487106524 -0.0622151225863 0.00300000000005
v -0.0602180094551 -0.0623761994896 0.00300000000005
v -0.0600970801009 -0.0625447363197 0.00300000000005
v -0.0599863473588 -0.0627201410847 0.00300000000005
v -0.0598862001815 -0.0629017976691 0.00300000000005
v -0.0597969903396 -0.0630890679975 0.00300000000005
v -0.059719031186 -0.063281294276 0.00300000000005
v -0.059652596555 -0.0634778013028 0.00300000000005
v -0.0595979198007 -0.0636778988398 0.00300000000005
v -0.0595551929772 -0.0638808840371 0.00300000000005
v -0.059524566164 -0.0640860439018 0.00300000000005
v -0.0595061469388 -0.0642926578024 0.00300000000005
v -0.0665 -0.0365 0.00300000000005
v -0.0595 -0.0365 0.00300000000005
v -0.0595061469388 -0.0367073421976 0.00300000000005
v -0.059524566164 -0.0369139560982 0.00300000000005
v -0.0595551929772 -0.0371191159629 0.00300000000005
v -0.0595979198007 -0.0373221011602 0.00300000000005
v -0.059652596555 -0.0375221986972 0.00300000000005
v -0.059719031186 -0.037718705724 0.00300000000005
v -0.0597969903396 -0.0379109320025 0.00300000000005
v -0.0598862001815 -0.0380982023309 0.00300000000005
v -0.0599863473588 -0.0382798589153 0.00300000000005
v -0.0600970801009 -0.0384552636803 0.00300000000005
v -0.0602180094551 -0.0386238005104 0.00300000000005
v -0.0603487106524 -0.0387848774137 0.00300000000005
v -0.0604887246003 -0.0389379286017 0.00300000000005
v -0.0606375594947 -0.0390824164766 0.00300000000005
v -0.0607946925475 -0.0392178335195 0.00300000000005
v -0.0609595718231 -0.039343704073 0.00300000000005
v -0.0611316181771 -0.0394595860123 0.00300000000005
v -0.0613102272904 -0.0395650722977 0.00300000000005
v -0.061494771792 -0.0396597924049 0.00300000000005
v -0.0616846034626 -0.039743413626 0.00300000000005
v -0.0618790555115 -0.0398156422385 0.00300000000005
v -0.0620774449188 -0.0398762245367 0.00300000000005
v -0.0622790748344 -0.039924947723 0.00300000000005
v -0.062483237026 -0.0399616406556 0.00300000000005
v -0.0626892143664 -0.0399861744492 0.00300000000005
v -0.0628962833526 -0.0399984629278 0.00300000000005
v -0.0631037166474 -0.0399984629278 0.00300000000005
v -0.0633107856336 -0.0399861744492 0.00300000000005
v -0.063516762974 -0.0399616406556 0.00300000000005
v -0.0637209251656 -0.039924947723 0.00300000000005
v -0.0639225550812 -0.0398762245367 0.00300000000005
v -0.0641209444885 -0.0398156422385 0.00300000000005
v -0.0643153965374 -0.039743413626 0.00300000000005
v -0.064505228208 -0.0396597924049 0.00300000000005
v -0.0646897727096 -0.0395650722977 0.00300000000005
v -0.0648683818229 -0.0394595860123 0.00300000000005
v -0.0650404281769 -0.039343704073 0.00300000000005
v -0.0652053074525 -0.0392178335195 0.00300000000005
v -0.0653624405053 -0.0390824164766 0.00300000000005
v -0.0655112753997 -0.0389379286017 0.00300000000005
v -0.0656512893476 -0.0387848774137 0.00300000000005
v -0.0657819905449 -0.0386238005104 0.00300000000005
v -0.0659029198991 -0.0384552636803 0.00300000000005
v -0.0660136526412 -0.0382798589153 0.00300000000005
v -0.0661137998185 -0.0380982023309 0.00300000000005
v -0.0662030096604 -0.0379109320025 0.00300000000005
v -0.066280968814 -0.037718705724 0.00300000000005
v -0.066347403445 -0.0375221986972 0.00300000000005
v -0.0664020801993 -0.0373221011602 0.00300000000005
v -0.0664448070228 -0.0371191159629 0.00300000000005
v -0.066475433836 -0.0369139560982 0.00300000000005
v -0.0664938530612 -0.0367073421976 0.00300000000005
v -0.0627964930988 -0.0330059214461 0.00300000000005
v -0.0625936748006 -0.0330236657479 0.00300000000005
v -0.0623922313782 -0.0330531728645 0.00300000000005
v -0.0621928444524 -0.033094342953 0.00300000000005
v -0.0619961886855 -0.0331470367069 0.00300000000005
v -0.0618029294984 -0.0332110758272 0.00300000000005
v -0.0616137208189 -0.0332862436259 0.00300000000005
v -0.0614292028693 -0.0333722857589 0.00300000000005
v -0.06125 -0.0334689110868 0.00300000000005
v -0.0610767185768 -0.0335757926601 0.00300000000005
v -0.060909944929 -0.0336925688254 0.00300000000005
v -0.0607502433661 -0.0338188444491 0.00300000000005
v -0.0605981542675 -0.0339541922545 0.00300000000005
v -0.0604541922545 -0.0340981542675 0.00300000000005
v -0.0603188444491 -0.0342502433661 0.00300000000005
v -0.0601925688254 -0.034409944929 0.00300000000005
v -0.0600757926601 -0.0345767185768 0.00300000000005
v -0.0599689110868 -0.03475 0.00300000000005
v -0.0598722857589 -0.0349292028693 0.00300000000005
v -0.0597862436259 -0.0351137208189 0.00300000000005
v -0.0597110758272 -0.0353029294984 0.00300000000005
v -0.0596470367069 -0.0354961886855 0.00300000000005
v -0.059594342953 -0.0356928444524 0.00300000000005
v -0.0595531728645 -0.0358922313782 0.00300000000005
v -0.0595236657479 -0.0360936748006 0.00300000000005
v -0.0595059214461 -0.0362964930988 0.00300000000005
v -0.0225 -0.0365 0.00300000000005
v -0.0225062249713 -0.0367086529381 0.00300000000005
v -0.022524877742 -0.0369165636713 0.00300000000005
v -0.0225558919621 -0.0371229926349 0.00300000000005
v -0.0225991573099 -0.0373272055349 0.00300000000005
v -0.0226545198851 -0.0375284759602 0.00300000000005
v -0.0227217827561 -0.0377260879665 0.00300000000005
v -0.0228007066603 -0.0379193386228 0.00300000000005
v -0.0228910108554 -0.0381075405123 0.00300000000005
v -0.022992374118 -0.0382900241769 0.00300000000005
v -0.0231044358861 -0.0384661404991 0.00300000000005
v -0.0232267975419 -0.038635263011 0.00300000000005
v -0.0233590238294 -0.0387967901224 0.00300000000005
v -0.0235006444032 -0.038950147261 0.00300000000005
v -0.0236511555007 -0.0390947889159 0.00300000000005
v -0.0238100217352 -0.0392302005786 0.00300000000005
v -0.0239766779992 -0.0393559005727 0.00300000000005
v -0.0241505314754 -0.0394714417673 0.00300000000005
v -0.024330963745 -0.0395764131679 0.00300000000005
v -0.0245173329876 -0.0396704413778 0.00300000000005
v -0.0247089762642 -0.0397531919269 0.00300000000005
v -0.0249052118754 -0.039824370461 0.00300000000005
v -0.0251053417865 -0.0398837237891 0.00300000000005
v -0.0253086541099 -0.0399310407838 0.00300000000005
v -0.025514425638 -0.0399661531327 0.00300000000005
v -0.0257219244156 -0.0399889359366 0.00300000000005
v -0.0259304123432 -0.0399993081542 0.00300000000005
v -0.0261391478028 -0.0399972328903 0.00300000000005
v -0.0263473882962 -0.0399827175268 0.00300000000005
v -0.0265543930854 -0.0399558136968 0.00300000000005
v -0.0267594258284 -0.0399166171005 0.00300000000005
v -0.0269617571976 -0.0398652671651 0.00300000000005
v -0.0271606674749 -0.039801946549 0.00300000000005
v -0.0273554491113 -0.0397268804915 0.00300000000005
v -0.0275454092438 -0.0396403360122 0.00300000000005
v -0.0277298721602 -0.0395426209605 0.00300000000005
v -0.0279081817026 -0.0394340829215 0.00300000000005
v -0.0280797036014 -0.0393151079784 0.00300000000005
v -0.0282438277316 -0.0391861193404 0.00300000000005
v -0.0283999702828 -0.0390475758363 0.00300000000005
v -0.0285475758363 -0.0388999702828 0.00300000000005
v -0.0286861193404 -0.0387438277316 0.00300000000005
v -0.0288151079784 -0.0385797036014 0.00300000000005
v -0.0289340829215 -0.0384081817026 0.00300000000005
v -0.0290426209605 -0.0382298721602 0.00300000000005
v -0.0291403360122 -0.0380454092438 0.00300000000005
v -0.0292268804915 -0.0378554491113 0.00300000000005
v -0.029301946549 -0.0376606674749 0.00300000000005
v -0.0293652671651 -0.0374617571976 0.00300000000005
v -0.0294166171005 -0.0372594258284 0.00300000000005
v -0.0294558136968 -0.0370543930854 0.00300000000005
v -0.0294827175268 -0.0368473882962 0.00300000000005
v -0.0294972328903 -0.0366391478028 0.00300000000005
v -0.0294993081542 -0.0364304123432 0.00300000000005
v -0.0294889359366 -0.0362219244156 0.00300000000005
v -0.0294661531327 -0.036014425638 0.00300000000005
v -0.0294310407838 -0.0358086541099 0.00300000000005
v -0.0293837237891 -0.0356053417865 0.00300000000005
v -0.029324370461 -0.0354052118754 0.00300000000005
v -0.0292531919269 -0.0352089762642 0.00300000000005
v -0.0291704413778 -0.0350173329876 0.00300000000005
v -0.0290764131679 -0.034830963745 0.00300000000005
v -0.0289714417673 -0.0346505314754 0.00300000000005
v -0.0288559005727 -0.0344766779992 0.00300000000005
v -0.0287302005786 -0.0343100217352 0.00300000000005
v -0.0285947889159 -0.0341511555007 0.00300000000005
v -0.028450147261 -0.0340006444032 0.00300000000005
v -0.0282967901224 -0.0338590238294 0.00300000000005
v -0.028135263011 -0.0337267975419 0.00300000000005
v -0.0279661404991 -0.0336044358861 0.00300000000005
v -0.0277900241769 -0.033492374118 0.00300000000005
v -0.0276075405123 -0.0333910108554 0.00300000000005
v -0.0274193386228 -0.0333007066603 0.00300000000005
v -0.0272260879665 -0.0332217827561 0.00300000000005
v -0.0270284759602 -0.0331545198851 0.00300000000005
v -0.0268272055349 -0.0330991573099 0.00300000000005
v -0.0266229926349 -0.0330558919621 0.00300000000005
v -0.0264165636713 -0.033024877742 0.00300000000005
v -0.0262086529381 -0.0330062249713 0.00300000000005
v -0.0257964930988 -0.0330059214461 0.00300000000005
v -0.0255936748006 -0.0330236657479 0.00300000000005
v -0.0253922313782 -0.0330531728645 0.00300000000005
v -0.0251928444524 -0.033094342953 0.00300000000005
v -0.0249961886855 -0.0331470367069 0.00300000000005
v -0.0248029294984 -0.0332110758272 0.00300000000005
v -0.0246137208189 -0.0332862436259 0.00300000000005
v -0.0244292028693 -0.0333722857589 0.00300000000005
v -0.02425 -0.0334689110868 0.00300000000005
v -0.0240767185768 -0.0335757926601 0.00300000000005
v -0.023909944929 -0.0336925688254 0.00300000000005
v -0.0237502433661 -0.0338188444491 0.00300000000005
v -0.0235981542675 -0.0339541922545 0.00300000000005
v -0.0234541922545 -0.0340981542675 0.00300000000005
v -0.0233188444491 -0.0342502433661 0.00300000000005
v -0.0231925688254 -0.034409944929 0.00300000000005
v -0.0230757926601 -0.0345767185768 0.00300000000005
v -0.0229689110868 -0.03475 0.00300000000005
v -0.0228722857589 -0.0349292028693 0.00300000000005
v -0.0227862436259 -0.0351137208189 0.00300000000005
v -0.0227110758272 -0.0353029294984 0.00300000000005
v -0.0226470367069 -0.0354961886855 0.00300000000005
v -0.022594342953 -0.0356928444524 0.00300000000005
v -0.0225531728645 -0.0358922313782 0.00300000000005
v -0.0225236657479 -0.0360936748006 0.00300000000005
v -0.0225059214461 -0.0362964930988 0.00300000000005
v -0.0225 -0.0645 0.00300000000005
v -0.0225059214461 -0.0647035069012 0.00300000000005
v -0.0225236657479 -0.0649063251994 0.00300000000005
v -0.0225531728645 -0.0651077686218 0.00300000000005
v -0.022594342953 -0.0653071555476 0.00300000000005
v -0.0226470367069 -0.0655038113145 0.00300000000005
v -0.0227110758272 -0.0656970705016 0.00300000000005
v -0.0227862436259 -0.0658862791811 0.00300000000005
v -0.0228722857589 -0.0660707971307 0.00300000000005
v -0.0229689110868 -0.06625 0.00300000000005
v -0.0230757926601 -0.0664232814232 0.00300000000005
v -0.0231925688254 -0.066590055071 0.00300000000005
v -0.0233188444491 -0.0667497566339 0.00300000000005
v -0.0234541922545 -0.0669018457325 0.00300000000005
v -0.0235981542675 -0.0670458077455 0.00300000000005
v -0.0237502433661 -0.0671811555509 0.00300000000005
v -0.023909944929 -0.0673074311746 0.00300000000005
v -0.0240767185768 -0.0674242073399 0.00300000000005
v -0.02425 -0.0675310889132 0.00300000000005
v -0.0244292028693 -0.0676277142411 0.00300000000005
v -0.0246137208189 -0.0677137563741 0.00300000000005
v -0.0248029294984 -0.0677889241728 0.00300000000005
v -0.0249961886855 -0.0678529632931 0.00300000000005
v -0.0251928444524 -0.067905657047 0.00300000000005
v -0.0253922313782 -0.0679468271355 0.00300000000005
v -0.0255936748006 -0.0679763342521 0.00300000000005
v -0.0257964930988 -0.0679940785539 0.00300000000005
v -0.0262086529381 -0.0679937750287 0.00300000000005
v -0.0264165636713 -0.067975122258 0.00300000000005
v -0.0266229926349 -0.0679441080379 0.00300000000005
v -0.0268272055349 -0.0679008426901 0.00300000000005
v -0.0270284759602 -0.0678454801149 0.00300000000005
v -0.0272260879665 -0.0677782172439 0.00300000000005
v -0.0274193386228 -0.0676992933397 0.00300000000005
v -0.0276075405123 -0.0676089891446 0.00300000000005
v -0.0277900241769 -0.067507625882 0.00300000000005
v -0.0279661404991 -0.0673955641139 0.00300000000005
v -0.028135263011 -0.0672732024581 0.00300000000005
v -0.0282967901224 -0.0671409761706 0.00300000000005
v -0.028450147261 -0.0669993555968 0.00300000000005
v -0.0285947889159 -0.0668488444993 0.00300000000005
v -0.0287302005786 -0.0666899782648 0.00300000000005
v -0.0288559005727 -0.0665233220008 0.00300000000005
v -0.0289714417673 -0.0663494685246 0.00300000000005
v -0.0290764131679 -0.066169036255 0.00300000000005
v -0.0291704413778 -0.0659826670124 0.00300000000005
v -0.0292531919269 -0.0657910237358 0.00300000000005
v -0.029324370461 -0.0655947881246 0.00300000000005
v -0.0293837237891 -0.0653946582135 0.00300000000005
v -0.0294310407838 -0.0651913458901 0.00300000000005
v -0.0294661531327 -0.064985574362 0.00300000000005
v -0.0294889359366 -0.0647780755844 0.00300000000005
v -0.0294993081542 -0.0645695876568 0.00300000000005
v -0.0294972328903 -0.0643608521972 0.00300000000005
v -0.0294827175268 -0.0641526117038 0.00300000000005
v -0.0294558136968 -0.0639456069146 0.00300000000005
v -0.0294166171005 -0.0637405741716 0.00300000000005
v -0.0293652671651 -0.0635382428024 0.00300000000005
v -0.029301946549 -0.0633393325251 0.00300000000005
v -0.0292268804915 -0.0631445508887 0.00300000000005
v -0.0291403360122 -0.0629545907562 0.00300000000005
v -0.0290426209605 -0.0627701278398 0.00300000000005
v -0.0289340829215 -0.0625918182974 0.00300000000005
v -0.0288151079784 -0.0624202963986 0.00300000000005
v -0.0286861193404 -0.0622561722684 0.00300000000005
v -0.0285475758363 -0.0621000297172 0.00300000000005
v -0.0283999702828 -0.0619524241637 0.00300000000005
v -0.0282438277316 -0.0618138806596 0.00300000000005
v -0.0280797036014 -0.0616848920216 0.00300000000005
v -0.0279081817026 -0.0615659170785 0.00300000000005
v -0.0277298721602 -0.0614573790395 0.00300000000005
v -0.0275454092438 -0.0613596639878 0.00300000000005
v -0.0273554491113 -0.0612731195085 0.00300000000005
v -0.0271606674749 -0.061198053451 0.00300000000005
v -0.0269617571976 -0.0611347328349 0.00300000000005
v -0.0267594258284 -0.0610833828995 0.00300000000005
v -0.0265543930854 -0.0610441863032 0.00300000000005
v -0.0263473882962 -0.0610172824732 0.00300000000005
v -0.0261391478028 -0.0610027671097 0.00300000000005
v -0.0259304123432 -0.0610006918458 0.00300000000005
v -0.0257219244156 -0.0610110640634 0.00300000000005
v -0.025514425638 -0.0610338468673 0.00300000000005
v -0.0253086541099 -0.0610689592162 0.00300000000005
v -0.0251053417865 -0.0611162762109 0.00300000000005
v -0.0249052118754 -0.061175629539 0.00300000000005
v -0.0247089762642 -0.0612468080731 0.00300000000005
v -0.0245173329876 -0.0613295586222 0.00300000000005
v -0.024330963745 -0.0614235868321 0.00300000000005
v -0.0241505314754 -0.0615285582327 0.00300000000005
v -0.0239766779992 -0.0616440994273 0.00300000000005
v -0.0238100217352 -0.0617697994214 0.00300000000005
v -0.0236511555007 -0.0619052110841 0.00300000000005
v -0.0235006444032 -0.062049852739 0.00300000000005
v -0.0233590238294 -0.0622032098776 0.00300000000005
v -0.0232267975419 -0.062364736989 0.00300000000005
v -0.0231044358861 -0.0625338595009 0.00300000000005
v -0.022992374118 -0.0627099758231 0.00300000000005
v -0.0228910108554 -0.0628924594877 0.00300000000005
v -0.0228007066603 -0.0630806613772 0.00300000000005
v -0.0227217827561 -0.0632739120335 0.00300000000005
v -0.0226545198851 -0.0634715240398 0.00300000000005
v -0.0225991573099 -0.0636727944651 0.00300000000005
v -0.0225558919621 -0.0638770073651 0.00300000000005
v -0.022524877742 -0.0640834363287 0.00300000000005
v -0.0225062249713 -0.0642913470619 0.00300000000005
v -0.063 -0.068 0.00300000000005
v -0.0665 -0.068 0.00300000000005
v -0.0665 -0.0645 0.00300000000005
v -0.0632035069012 -0.0679940785539 0.00300000000005
v -0.0634063251994 -0.0679763342521 0.00300000000005
v -0.0636077686218 -0.0679468271355 0.00300000000005
v -0.0638071555476 -0.067905657047 0.00300000000005
v -0.0640038113145 -0.0678529632931 0.00300000000005
v -0.0641970705016 -0.0677889241728 0.00300000000005
v -0.0643862791811 -0.0677137563741 0.00300000000005
v -0.0645707971307 -0.0676277142411 0.00300000000005
v -0.06475 -0.0675310889132 0.00300000000005
v -0.0649232814232 -0.0674242073399 0.00300000000005
v -0.065090055071 -0.0673074311746 0.00300000000005
v -0.0652497566339 -0.0671811555509 0.00300000000005
v -0.0654018457325 -0.0670458077455 0.00300000000005
v -0.0655458077455 -0.0669018457325 0.00300000000005
v -0.0656811555509 -0.0667497566339 0.00300000000005
v -0.0658074311746 -0.066590055071 0.00300000000005
v -0.0659242073399 -0.0664232814232 0.00300000000005
v -0.0660310889132 -0.06625 0.00300000000005
v -0.0661277142411 -0.0660707971307 0.00300000000005
v -0.0662137563741 -0.0658862791811 0.00300000000005
v -0.0662889241728 -0.0656970705016 0.00300000000005
v -0.0663529632931 -0.0655038113145 0.00300000000005
v -0.066405657047 -0.0653071555476 0.00300000000005
v -0.0664468271355 -0.0651077686218 0.00300000000005
v -0.0664763342521 -0.0649063251994 0.00300000000005
v -0.0664940785539 -0.0647035069012 0.00300000000005
v -0.0665 -0.033 4.83249710337e-14
v -0.0665 -0.033 0.00300000000005
v -0.0665 -0.0365 0.00300000000005
v -0.0665 -0.0645 0.00300000000005
v -0.0665 -0.068 0.00300000000005
v -0.0665 -0.068 4.840217116e-14
v 0.0350949344471 -0.0514722658296 0.00700000000005
v 0.0350886699012 -0.0512629512908 0.00700000000005
v 0.0350698986893 -0.0510543860437 0.00700000000005
v 0.0350386880072 -0.0508473166978 0.00700000000005
v 0.0349951495811 -0.0506424845076 0.00700000000005
v 0.0349394392673 -0.0504406227191 0.00700000000005
v 0.0348717564943 -0.0502424539453 0.00700000000005
v 0.0347923435488 -0.0500486875788 0.00700000000005
v 0.0347014847086 -0.049860017253 0.00700000000005
v 0.0345995052247 -0.0496771183586 0.00700000000005
v 0.0344867701572 -0.0495006456263 0.00700000000005
v 0.0343636830684 -0.0493312307827 0.00700000000005
v 0.0342306845781 -0.0491694802888 0.00700000000005
v 0.0340882507864 -0.0490159731695 0.00700000000005
v 0.0339368915693 -0.0488712589404 0.00700000000005
v 0.0337771487536 -0.0487358556409 0.00700000000005
v 0.033609594177 -0.0486102479797 0.00700000000005
v 0.0334348276414 -0.0484948855997 0.00700000000005
v 0.0332534747657 -0.0483901814681 0.00700000000005
v 0.0330661847461 -0.0482965103986 0.00700000000005
v 0.0328736280323 -0.0482142077093 0.00700000000005
v 0.0326764939274 -0.0481435680225 0.00700000000005
v 0.0324754881202 -0.04808484421 0.00700000000005
v 0.0322713301593 -0.0480382464877 0.00700000000005
v 0.0320647508774 -0.0480039416634 0.00700000000005
v 0.0318564897746 -0.0479820525394 0.00700000000005
v 0.0316472923716 -0.0479726574732 0.00700000000005
v 0.0314379075408 -0.0479757900967 0.00700000000005
v 0.0312290848256 -0.0479914391958 0.00700000000005
v 0.0310215717571 -0.0480195487508 0.00700000000005
v 0.0308161111782 -0.0480600181369 0.00700000000005
v 0.0306134385845 -0.0481127024842 0.00700000000005
v 0.0304142794912 -0.0481774131962 0.00700000000005
v 0.0302193468363 -0.0482539186256 0.00700000000005
v 0.030029338428 -0.0483419449027 0.00700000000005
v 0.0298449344471 -0.0484411769163 0.00700000000005
v 0.029666795012 -0.0485512594415 0.00700000000005
v 0.0294955578157 -0.0486717984115 0.00700000000005
v 0.0293318358428 -0.048802362328 0.00700000000005
v 0.0291762151756 -0.0489424838062 0.00700000000005
v 0.0290292528957 -0.0490916612474 0.00700000000005
v 0.0288914750898 -0.0492493606351 0.00700000000005
v 0.0287633749667 -0.0494150174465 0.00700000000005
v 0.0286454110918 -0.0495880386732 0.00700000000005
v 0.0285380057449 -0.0497678049441 0.00700000000005
v 0.0284415434094 -0.0499536727426 0.00700000000005
v 0.0283563693954 -0.0501449767103 0.00700000000005
v 0.0282827886038 -0.0503410320285 0.00700000000005
v 0.0282210644346 -0.0505411368701 0.00700000000005
v 0.0281714178445 -0.0507445749117 0.00700000000005
v 0.0281340265553 -0.0509506178979 0.00700000000005
v 0.0281090244181 -0.0511585282484 0.00700000000005
v 0.0280965009341 -0.051367561698 0.00700000000005
v 0.0280965009341 -0.0515769699612 0.00700000000005
v 0.0281090244181 -0.0517860034107 0.00700000000005
v 0.0281340265553 -0.0519939137612 0.00700000000005
v 0.0281714178445 -0.0521999567474 0.00700000000005
v 0.0282210644346 -0.052403394789 0.00700000000005
v 0.0282827886038 -0.0526034996307 0.00700000000005
v 0.0283563693954 -0.0527995549488 0.00700000000005
v 0.0284415434094 -0.0529908589165 0.00700000000005
v 0.0285380057449 -0.053176726715 0.00700000000005
v 0.0286454110918 -0.0533564929859 0.00700000000005
v 0.0287633749667 -0.0535295142126 0.00700000000005
v 0.0288914750898 -0.053695171024 0.00700000000005
v 0.0290292528957 -0.0538528704118 0.00700000000005
v 0.0291762151756 -0.054002047853 0.00700000000005
v 0.0293318358428 -0.0541421693311 0.00700000000005
v 0.0294955578157 -0.0542727332476 0.00700000000005
v 0.029666795012 -0.0543932722176 0.00700000000005
v 0.0298449344471 -0.0545033547428 0.00700000000005
v 0.030029338428 -0.0546025867564 0.00700000000005
v 0.0302193468363 -0.0546906130335 0.00700000000005
v 0.0304142794912 -0.0547671184629 0.00700000000005
v 0.0306134385845 -0.054831829175 0.00700000000005
v 0.0308161111782 -0.0548845135222 0.00700000000005
v 0.0310215717571 -0.0549249829083 0.00700000000005
v 0.0312290848256 -0.0549530924633 0.00700000000005
v 0.0314379075408 -0.0549687415625 0.00700000000005
v 0.0316472923716 -0.0549718741859 0.00700000000005
v 0.0318564897746 -0.0549624791197 0.00700000000005
v 0.0320647508774 -0.0549405899957 0.00700000000005
v 0.0322713301593 -0.0549062851714 0.00700000000005
v 0.0324754881202 -0.0548596874491 0.00700000000005
v 0.0326764939274 -0.0548009636366 0.00700000000005
v 0.0328736280323 -0.0547303239498 0.00700000000005
v 0.0330661847461 -0.0546480212605 0.00700000000005
v 0.0332534747657 -0.0545543501911 0.00700000000005
v 0.0334348276414 -0.0544496460595 0.00700000000005
v 0.033609594177 -0.0543342836794 0.00700000000005
v 0.0337771487536 -0.0542086760182 0.00700000000005
v 0.0339368915693 -0.0540732727187 0.00700000000005
v 0.0340882507864 -0.0539285584897 0.00700000000005
v 0.0342306845781 -0.0537750513703 0.00700000000005
v 0.0343636830684 -0.0536133008765 0.00700000000005
v 0.0344867701572 -0.0534438860328 0.00700000000005
v 0.0345995052247 -0.0532674133005 0.00700000000005
v 0.0347014847086 -0.0530845144061 0.00700000000005
v 0.0347923435488 -0.0528958440803 0.00700000000005
v 0.0348717564943 -0.0527020777138 0.00700000000005
v 0.0349394392673 -0.05250390894 0.00700000000005
v 0.0349951495811 -0.0523020471516 0.00700000000005
v 0.0350386880072 -0.0520972149614 0.00700000000005
v 0.0350698986893 -0.0518901456155 0.00700000000005
v 0.0350886699012 -0.0516815803684 0.00700000000005
v 0.0329449344471 -0.0514722658296 0.00700000000005
v 0.0329425181222 -0.0515530014374 0.00700000000005
v 0.0329352777976 -0.0516334480327 0.00700000000005
v 0.0329232393917 -0.0517133176375 0.00700000000005
v 0.0329064459988 -0.0517923243395 0.00700000000005
v 0.0328849577349 -0.051870185315 0.00700000000005
v 0.0328588515224 -0.0519466218421 0.00700000000005
v 0.0328282208149 -0.0520213602977 0.00700000000005
v 0.0327931752622 -0.0520941331377 0.00700000000005
v 0.0327538403184 -0.0521646798541 0.00700000000005
v 0.0327103567924 -0.0522327479079 0.00700000000005
v 0.0326628803438 -0.0522980936334 0.00700000000005
v 0.0326115809262 -0.0523604831096 0.00700000000005
v 0.0325566421779 -0.0524196929985 0.00700000000005
v 0.0324982607656 -0.052475511344 0.00700000000005
v 0.0324366456796 -0.0525277383309 0.00700000000005
v 0.0323720174857 -0.0525761870002 0.00700000000005
v 0.0323046075363 -0.0526206839182 0.00700000000005
v 0.0322346571414 -0.0526610697976 0.00700000000005
v 0.0321624167053 -0.0526972000672 0.00700000000005
v 0.03208814483 -0.0527289453902 0.00700000000005
v 0.0320121073895 -0.0527561921266 0.00700000000005
v 0.0319345765781 -0.05277884274 0.00700000000005
v 0.0318558299361 -0.0527968161471 0.00700000000005
v 0.0317761493559 -0.0528100480079 0.00700000000005
v 0.0316958200734 -0.0528184909558 0.00700000000005
v 0.0316151296465 -0.052822114767 0.00700000000005
v 0.0315343669261 -0.0528209064694 0.00700000000005
v 0.0314538210217 -0.0528148703883 0.00700000000005
v 0.0313737802667 -0.0528040281314 0.00700000000005
v 0.0312945311862 -0.052788418511 0.00700000000005
v 0.0312163574715 -0.0527680974056 0.00700000000005
v 0.0311395389641 -0.0527431375596 0.00700000000005
v 0.0310643506543 -0.0527136283225 0.00700000000005
v 0.0309910616968 -0.0526796753299 0.00700000000005
v 0.0309199344471 -0.0526414001247 0.00700000000005
v 0.0308512235221 -0.0525989397221 0.00700000000005
v 0.0307851748892 -0.0525524461194 0.00700000000005
v 0.0307220249854 -0.0525020857516 0.00700000000005
v 0.0306619998709 -0.0524480388957 0.00700000000005
v 0.0306053144201 -0.0523904990256 0.00700000000005
v 0.0305521715521 -0.0523296721188 0.00700000000005
v 0.0305027615047 -0.0522657759202 0.00700000000005
v 0.0304572611529 -0.0521990391613 0.00700000000005
v 0.0304158333762 -0.0521297007425 0.00700000000005
v 0.0303786264754 -0.0520580088774 0.00700000000005
v 0.0303457736414 -0.0519842202041 0.00700000000005
v 0.0303173924789 -0.0519085988671 0.00700000000005
v 0.0302935845851 -0.0518314155711 0.00700000000005
v 0.0302744351861 -0.0517529466122 0.00700000000005
v 0.0302600128317 -0.0516734728889 0.00700000000005
v 0.0302503691502 -0.0515932788966 0.00700000000005
v 0.0302455386635 -0.0515126517089 0.00700000000005
v 0.0302455386635 -0.0514318799502 0.00700000000005
v 0.0302503691502 -0.0513512527625 0.00700000000005
v 0.0302600128317 -0.0512710587702 0.00700000000005
v 0.0302744351861 -0.051191585047 0.00700000000005
v 0.0302935845851 -0.051113116088 0.00700000000005
v 0.0303173924789 -0.051035932792 0.00700000000005
v 0.0303457736414 -0.050960311455 0.00700000000005
v 0.0303786264754 -0.0508865227818 0.00700000000005
v 0.0304158333762 -0.0508148309166 0.00700000000005
v 0.0304572611529 -0.0507454924978 0.00700000000005
v 0.0305027615047 -0.050678755739 0.00700000000005
v 0.0305521715521 -0.0506148595403 0.00700000000005
v 0.0306053144201 -0.0505540326336 0.00700000000005
v 0.0306619998709 -0.0504964927634 0.00700000000005
v 0.0307220249854 -0.0504424459075 0.00700000000005
v 0.0307851748892 -0.0503920855397 0.00700000000005
v 0.0308512235221 -0.050345591937 0.00700000000005
v 0.0309199344471 -0.0503031315345 0.00700000000005
v 0.0309910616968 -0.0502648563292 0.00700000000005
v 0.0310643506543 -0.0502309033366 0.00700000000005
v 0.0311395389641 -0.0502013940996 0.00700000000005
v 0.0312163574715 -0.0501764342535 0.00700000000005
v 0.0312945311862 -0.0501561131481 0.00700000000005
v 0.0313737802667 -0.0501405035278 0.00700000000005
v 0.0314538210217 -0.0501296612708 0.00700000000005
v 0.0315343669261 -0.0501236251897 0.00700000000005
v 0.0316151296465 -0.0501224168921 0.00700000000005
v 0.0316958200734 -0.0501260407034 0.00700000000005
v 0.0317761493559 -0.0501344836512 0.00700000000005
v 0.0318558299361 -0.050147715512 0.00700000000005
v 0.0319345765781 -0.0501656889192 0.00700000000005
v 0.0320121073895 -0.0501883395326 0.00700000000005
v 0.03208814483 -0.0502155862689 0.00700000000005
v 0.0321624167053 -0.0502473315919 0.00700000000005
v 0.0322346571414 -0.0502834618616 0.00700000000005
v 0.0323046075363 -0.0503238477409 0.00700000000005
v 0.0323720174857 -0.0503683446589 0.00700000000005
v 0.0324366456796 -0.0504167933282 0.00700000000005
v 0.0324982607656 -0.0504690203152 0.00700000000005
v 0.0325566421779 -0.0505248386607 0.00700000000005
v 0.0326115809262 -0.0505840485495 0.00700000000005
v 0.0326628803438 -0.0506464380258 0.00700000000005
v 0.0327103567924 -0.0507117837512 0.00700000000005
v 0.0327538403184 -0.0507798518051 0.00700000000005
v 0.0327931752622 -0.0508503985215 0.00700000000005
v 0.0328282208149 -0.0509231713614 0.00700000000005
v 0.0328588515224 -0.0509979098171 0.00700000000005
v 0.0328849577349 -0.0510743463441 0.00700000000005
v 0.0329064459988 -0.0511522073196 0.00700000000005
v 0.0329232393917 -0.0512312140216 0.00700000000005
v 0.0329352777976 -0.0513110836264 0.00700000000005
v 0.0329425181222 -0.0513915302217 0.00700000000005
v 0.008 -0.008 4.82698280864e-14
v 0.0145 -0.008 4.82698280864e-14
v 0.0145 -0.008 0.00300000000005
v 0.008 -0.008 0.00300000000005
v 0.008 -0.02 4.82962967011e-14
v 0.008 -0.008 4.82698280864e-14
v 0.008 -0.008 0.00300000000005
v 0.008 -0.02 0.00300000000005
v 0.0145 -0.02 4.82962967011e-14
v 0.008 -0.02 4.82962967011e-14
v 0.008 -0.02 0.00300000000005
v 0.0145 -0.02 0.00300000000005
v -0.0185 -0.014 0.00600000000005
v -0.0185 -0.008 4.82698280864e-14
v -0.0145 -0.008 4.82698280864e-14
v -0.0145 -0.014 0.00600000000005
v -0.0145 -0.008 4.82698280864e-14
v -0.0145 -0.008 0.00300000000005
v -0.008 -0.008 0.00300000000005
v -0.008 -0.008 4.82698280864e-14
v -0.008 -0.008 4.82698280864e-14
v -0.008 -0.008 0.00300000000005
v -0.008 -0.02 0.00300000000005
v -0.008 -0.02 4.82962967011e-14
v -0.008 -0.02 4.82962967011e-14
v -0.008 -0.02 0.00300000000005
v -0.0145 -0.02 0.00300000000005
v -0.0145 -0.02 4.82962967011e-14
v -0.0185 -0.02 4.82962967011e-14
v -0.0185 -0.014 0.00600000000005
v -0.0145 -0.014 0.00600000000005
v -0.0145 -0.02 4.82962967011e-14
v -0.0185 -0.033 4.83249710337e-14
v -0.0185 -0.033 0.00300000000005
v -0.026 -0.033 0.00300000000005
v -0.063 -0.033 0.00300000000005
v -0.0665 -0.033 0.00300000000005
v -0.0665 -0.033 4.83249710337e-14
v -0.0095 -0.032 0.00200000000005
v -0.009 -0.032 0.00150000000005
v -0.0085 -0.032 0.00100000000005
v -0.008 -0.032 0.000500000000048
v -0.0075 -0.032 4.83227653158e-14
v -0.00750626454581 -0.0317906854612 4.8322303627e-14
v -0.0075250357578 -0.0315821202141 4.83218435909e-14
v -0.0075562464399 -0.0313750508682 4.83213868543e-14
v -0.00759978486597 -0.031170218678 4.83209350523e-14
v -0.00765549517975 -0.0309683568896 4.83204898021e-14
v -0.00772317795276 -0.0307701881157 4.83200526977e-14
v -0.00780259089825 -0.0305764217492 4.83196253038e-14
v -0.00789344973848 -0.0303877514234 4.83192091503e-14
v -0.00799542922239 -0.0302048525291 4.83188057269e-14
v -0.00810816428989 -0.0300283797968 4.83184164778e-14
v -0.0082312513787 -0.0298589649531 4.83180427965e-14
v -0.00836424986899 -0.0296972144592 4.83176860205e-14
v -0.00850668366067 -0.0295437073399 4.83173474271e-14
v -0.00865804287774 -0.0293989931108 4.83170282284e-14
v -0.00881778569349 -0.0292635898114 4.83167295669e-14
v -0.0089853402701 -0.0291379821502 4.83164525118e-14
v -0.00916010680566 -0.0290226197701 4.8316198055e-14
v -0.00934145968134 -0.0289179156385 4.83159671072e-14
v -0.00952874970092 -0.028824244569 4.83157604952e-14
v -0.00972130641472 -0.0287419418797 4.83155789587e-14
v -0.00991844051969 -0.028671302193 4.83154231475e-14
v -0.0101194463269 -0.0286125783804 4.83152936193e-14
v -0.0103236042877 -0.0285659806581 4.83151908379e-14
v -0.0105301835696 -0.0285316758338 4.83151151711e-14
v -0.0107384446724 -0.0285097867099 4.83150668899e-14
v -0.0109476420754 -0.0285003916437 4.8315046167e-14
v -0.0111570269062 -0.0285035242671 4.83150530767e-14
v -0.0113658496214 -0.0285191733662 4.83150875942e-14
v -0.01157336269 -0.0285472829213 4.8315149596e-14
v -0.0117788232688 -0.0285877523074 4.831523886e-14
v -0.0119814958626 -0.0286404366546 4.83153550668e-14
v -0.0121806549558 -0.0287051473667 4.83154978004e-14
v -0.0123755876108 -0.0287816527961 4.83156665498e-14
v -0.0125655960191 -0.0288696790732 4.83158607109e-14
v -0.01275 -0.0289689110868 4.83160795888e-14
v -0.0129281394351 -0.029078993612 4.83163223998e-14
v -0.0130993766314 -0.029199532582 4.83165882747e-14
v -0.0132630986043 -0.0293300964985 4.83168762619e-14
v -0.0134187192715 -0.0294702179766 4.83171853303e-14
v -0.0135656815514 -0.0296193954178 4.83175143737e-14
v -0.0137034593573 -0.0297770948056 4.8317862214e-14
v -0.0138315594803 -0.029942751617 4.83182276062e-14
v -0.0139495233553 -0.0301157728437 4.83186092423e-14
v -0.0140569287022 -0.0302955391146 4.83190057559e-14
v -0.0141533910377 -0.0304814069131 4.83194157279e-14
v -0.0142385650517 -0.0306727108807 4.83198376904e-14
v -0.0143121458433 -0.0308687661989 4.83202701332e-14
v -0.0143738700124 -0.0310688710405 4.8320711508e-14
v -0.0144235166026 -0.0312723090821 4.83211602349e-14
v -0.0144609078918 -0.0314783520684 4.83216147076e-14
v -0.014485910029 -0.0316862624188 4.83220732992e-14
v -0.014498433513 -0.0318952958684 4.8322534368e-14
v -0.014498433513 -0.0321047041316 4.83229962636e-14
v -0.014485910029 -0.0323137375812 4.83234573324e-14
v -0.0144609078918 -0.0325216479316 4.8323915924e-14
v -0.0144235166026 -0.0327276909179 4.83243703967e-14
v -0.0143738700124 -0.0329311289595 4.83248191236e-14
v -0.0143121458433 -0.0331312338011 4.83252604984e-14
v -0.0142385650517 -0.0333272891193 4.83256929412e-14
v -0.0141533910377 -0.0335185930869 4.83261149038e-14
v -0.0140569287022 -0.0337044608854 4.83265248757e-14
v -0.0139495233553 -0.0338842271563 4.83269213894e-14
v -0.0138315594803 -0.034057248383 4.83273030254e-14
v -0.0137034593573 -0.0342229051944 4.83276684176e-14
v -0.0135656815514 -0.0343806045822 4.83280162579e-14
v -0.0134187192715 -0.0345297820234 4.83283453013e-14
v -0.0132630986043 -0.0346699035015 4.83286543697e-14
v -0.0130993766314 -0.034800467418 4.83289423569e-14
v -0.0129281394351 -0.034921006388 4.83292082319e-14
v -0.01275 -0.0350310889132 4.83294510429e-14
v -0.0125655960191 -0.0351303209268 4.83296699207e-14
v -0.0123755876108 -0.0352183472039 4.83298640818e-14
v -0.0121806549558 -0.0352948526333 4.83300328312e-14
v -0.0119814958626 -0.0353595633454 4.83301755648e-14
v -0.0117788232688 -0.0354122476926 4.83302917716e-14
v -0.01157336269 -0.0354527170787 4.83303810357e-14
v -0.0113658496214 -0.0354808266338 4.83304430374e-14
v -0.0111570269062 -0.0354964757329 4.83304775549e-14
v -0.0109476420754 -0.0354996083563 4.83304844646e-14
v -0.0107384446724 -0.0354902132901 4.83304637417e-14
v -0.0105301835696 -0.0354683241662 4.83304154605e-14
v -0.0103236042877 -0.0354340193419 4.83303397937e-14
v -0.0101194463269 -0.0353874216196 4.83302370123e-14
v -0.00991844051969 -0.035328697807 4.83301074841e-14
v -0.00972130641472 -0.0352580581203 4.83299516729e-14
v -0.00952874970092 -0.035175755431 4.83297701364e-14
v -0.00934145968134 -0.0350820843615 4.83295635244e-14
v -0.00916010680566 -0.0349773802299 4.83293325767e-14
v -0.0089853402701 -0.0348620178498 4.83290781198e-14
v -0.00881778569349 -0.0347364101886 4.83288010647e-14
v -0.00865804287774 -0.0346010068892 4.83285024032e-14
v -0.00850668366067 -0.0344562926601 4.83281832045e-14
v -0.00836424986899 -0.0343027855408 4.83278446111e-14
v -0.0082312513787 -0.0341410350469 4.83274878351e-14
v -0.00810816428989 -0.0339716202032 4.83271141538e-14
v -0.00799542922239 -0.0337951474709 4.83267249047e-14
v -0.00789344973848 -0.0336122485766 4.83263214813e-14
v -0.00780259089825 -0.0334235782508 4.83259053278e-14
v -0.00772317795276 -0.0332298118843 4.83254779339e-14
v -0.00765549517975 -0.0330316431104 4.83250408295e-14
v -0.00759978486597 -0.032829781322 4.83245955793e-14
v -0.0075562464399 -0.0326249491318 4.83241437773e-14
v -0.0075250357578 -0.0324178797859 4.83236870407e-14
v -0.00750626454581 -0.0322093145388 4.83232270046e-14
v -0.0075 -0.032 4.83227653158e-14
v -0.0095 -0.032 0.00200000000005
v -0.009 -0.032 0.00150000000005
v -0.0085 -0.032 0.00100000000005
v -0.008 -0.032 0.000500000000048
v -0.00950268480535 -0.0320897062309 0.00200000000005
v -0.00951072961049 -0.0321790913368 0.00200000000005
v -0.0095241056171 -0.0322678353422 0.00200000000005
v -0.00954276494256 -0.0323556205666 0.00200000000005
v -0.00956664079132 -0.0324421327616 0.00200000000005
v -0.00959564769404 -0.0325270622361 0.00200000000005
v -0.00962968181354 -0.0326101049646 0.00200000000005
v -0.00966862131649 -0.0326909636757 0.00200000000005
v -0.0097123268096 -0.0327693489161 0.00200000000005
v -0.00976064183853 -0.0328449800871 0.00200000000005
v -0.00981339344802 -0.0329175864487 0.00200000000005
v -0.00987039280099 -0.0329869080889 0.00200000000005
v -0.00993143585457 -0.0330526968543 0.00200000000005
v -0.00999630409046 -0.0331147172382 0.00200000000005
v -0.0100647652972 -0.0331727472237 0.00200000000005
v -0.0101365744015 -0.0332265790785 0.00200000000005
v -0.0102114743453 -0.0332760200985 0.00200000000005
v -0.0102891970063 -0.0333208932978 0.00200000000005
v -0.0103694641575 -0.0333610380419 0.00200000000005
v -0.0104519884635 -0.033396310623 0.00200000000005
v -0.0105364745084 -0.0334265847744 0.00200000000005
v -0.0106226198544 -0.0334517521227 0.00200000000005
v -0.0107101161233 -0.0334717225751 0.00200000000005
v -0.0107986501013 -0.0334864246427 0.00200000000005
v -0.0108879048596 -0.0334958056958 0.00200000000005
v -0.0109775608895 -0.0334998321527 0.00200000000005
v -0.0110672972455 -0.0334984895998 0.00200000000005
v -0.0111567926949 -0.0334917828431 0.00200000000005
v -0.0112457268671 -0.0334797358909 0.00200000000005
v -0.0113337814009 -0.0334623918683 0.00200000000005
v -0.011420641084 -0.0334398128623 0.00200000000005
v -0.0115059949811 -0.0334120797 0.00200000000005
v -0.0115895375475 -0.0333792916588 0.00200000000005
v -0.0116709697225 -0.0333415661115 0.00200000000005
v -0.01175 -0.0332990381057 0.00200000000005
v -0.0118263454722 -0.0332518598806 0.00200000000005
v -0.011899732842 -0.033200200322 0.00200000000005
v -0.0119698994018 -0.0331442443578 0.00200000000005
v -0.0120365939735 -0.0330841922957 0.00200000000005
v -0.0120995778077 -0.0330202591067 0.00200000000005
v -0.0121586254388 -0.0329526736548 0.00200000000005
v -0.0122135254916 -0.0328816778784 0.00200000000005
v -0.012264081438 -0.0328075259241 0.00200000000005
v -0.0123101123009 -0.0327304832366 0.00200000000005
v -0.0123514533019 -0.0326508256087 0.00200000000005
v -0.0123879564507 -0.032568838194 0.00200000000005
v -0.0124194910757 -0.0324848144862 0.00200000000005
v -0.012445944291 -0.0323990552684 0.00200000000005
v -0.0124672214011 -0.0323118675362 0.00200000000005
v -0.0124832462393 -0.0322235633993 0.00200000000005
v -0.012493961441 -0.0321344589634 0.00200000000005
v -0.0124993286484 -0.0320448731993 0.00200000000005
v -0.0124993286484 -0.0319551268007 0.00200000000005
v -0.012493961441 -0.0318655410366 0.00200000000005
v -0.0124832462393 -0.0317764366007 0.00200000000005
v -0.0124672214011 -0.0316881324638 0.00200000000005
v -0.012445944291 -0.0316009447317 0.00200000000005
v -0.0124194910757 -0.0315151855138 0.00200000000005
v -0.0123879564507 -0.031431161806 0.00200000000005
v -0.0123514533019 -0.0313491743913 0.00200000000005
v -0.0123101123009 -0.0312695167634 0.00200000000005
v -0.012264081438 -0.0311924740759 0.00200000000005
v -0.0122135254916 -0.0311183221216 0.00200000000005
v -0.0121586254388 -0.0310473263452 0.00200000000005
v -0.0120995778077 -0.0309797408933 0.00200000000005
v -0.0120365939735 -0.0309158077043 0.00200000000005
v -0.0119698994018 -0.0308557556422 0.00200000000005
v -0.011899732842 -0.030799799678 0.00200000000005
v -0.0118263454722 -0.0307481401194 0.00200000000005
v -0.01175 -0.0307009618943 0.00200000000005
v -0.0116709697225 -0.0306584338885 0.00200000000005
v -0.0115895375475 -0.0306207083412 0.00200000000005
v -0.0115059949811 -0.0305879203 0.00200000000005
v -0.011420641084 -0.0305601871377 0.00200000000005
v -0.0113337814009 -0.0305376081317 0.00200000000005
v -0.0112457268671 -0.0305202641091 0.00200000000005
v -0.0111567926949 -0.0305082171569 0.00200000000005
v -0.0110672972455 -0.0305015104002 0.00200000000005
v -0.0109775608895 -0.0305001678473 0.00200000000005
v -0.0108879048596 -0.0305041943042 0.00200000000005
v -0.0107986501013 -0.0305135753573 0.00200000000005
v -0.0107101161233 -0.0305282774249 0.00200000000005
v -0.0106226198544 -0.0305482478773 0.00200000000005
v -0.0105364745084 -0.0305734152256 0.00200000000005
v -0.0104519884635 -0.030603689377 0.00200000000005
v -0.0103694641575 -0.0306389619581 0.00200000000005
v -0.0102891970063 -0.0306791067022 0.00200000000005
v -0.0102114743453 -0.0307239799015 0.00200000000005
v -0.0101365744015 -0.0307734209215 0.00200000000005
v -0.0100647652972 -0.0308272527763 0.00200000000005
v -0.00999630409046 -0.0308852827618 0.00200000000005
v -0.00993143585457 -0.0309473031457 0.00200000000005
v -0.00987039280099 -0.0310130919111 0.00200000000005
v -0.00981339344802 -0.0310824135513 0.00200000000005
v -0.00976064183853 -0.0311550199129 0.00200000000005
v -0.0097123268096 -0.0312306510839 0.00200000000005
v -0.00966862131649 -0.0313090363243 0.00200000000005
v -0.00962968181354 -0.0313898950354 0.00200000000005
v -0.00959564769404 -0.0314729377639 0.00200000000005
v -0.00956664079132 -0.0315578672384 0.00200000000005
v -0.00954276494256 -0.0316443794334 0.00200000000005
v -0.0095241056171 -0.0317321646578 0.00200000000005
v -0.00951072961049 -0.0318209086632 0.00200000000005
v -0.00950268480535 -0.0319102937691 0.00200000000005
v -0.0109111000165 -0.0349986825095 0.000500000000048
v -0.01063088359 -0.0344726004683 0.00100000000005
v -0.0109259166804 -0.0344989020913 0.00100000000005
v -0.0120676467559 -0.033691192007 0.00150000000005
v -0.0118601304046 -0.0338055956599 0.00150000000005
v -0.0118006746347 -0.0343683158846 0.00100000000005
v -0.0114119572375 -0.0339571129846 0.00150000000005
v -0.0116405397077 -0.0338946527077 0.00150000000005
v -0.0115149465469 -0.0344463912307 0.00100000000005
v -0.011266387686 -0.0349881495278 0.000500000000048
v -0.0112219897383 -0.0344901246065 0.00100000000005
v -0.0122601756872 -0.0335530477254 0.00150000000005
v -0.0120751630057 -0.0342569945749 0.00100000000005
v -0.0116179358562 -0.0349356694769 0.000500000000048
v -0.0124350145141 -0.0333931020581 0.00150000000005
v -0.0123345584449 -0.0341139900088 0.00100000000005
v -0.0119608095616 -0.0348419790616 0.000500000000048
v -0.0125897088828 -0.0332136002916 0.00150000000005
v -0.012575219609 -0.0339413096568 0.00100000000005
v -0.0122901956068 -0.0347083934899 0.000500000000048
v -0.0127220872235 -0.0330170622373 0.00150000000005
v -0.0127937681426 -0.0337413775727 0.00100000000005
v -0.0126014701339 -0.0345367880105 0.000500000000048
v -0.0128302912345 -0.0328062468586 0.00150000000005
v -0.0129871361035 -0.0335170003645 0.00100000000005
v -0.0128902635307 -0.0343295715882 0.000500000000048
v -0.0129128019686 -0.0325841135413 0.00150000000005
v -0.0131526090294 -0.0332713277966 0.00100000000005
v -0.0131525217711 -0.0340896530872 0.000500000000048
v -0.0129684611559 -0.0323537805502 0.00150000000005
v -0.0132878640431 -0.0330078085732 0.00100000000005
v -0.0133845633242 -0.0338204004375 0.000500000000048
v -0.0129964874635 -0.0321184812558 0.00150000000005
v -0.0133910024607 -0.0327301419266 0.00100000000005
v -0.0135831308353 -0.0335255933559 0.000500000000048
v -0.0129964874635 -0.0318815187442 0.00150000000005
v -0.0134605764449 -0.0324422256878 0.00100000000005
v -0.0137454368517 -0.0332093702879 0.000500000000048
v -0.0129684611559 -0.0316462194498 0.00150000000005
v -0.0134956093294 -0.0321481015697 0.00100000000005
v -0.0138692029528 -0.0328761703119 0.000500000000048
v -0.0129128019686 -0.0314158864587 0.00150000000005
v -0.0134956093294 -0.0318518984303 0.00100000000005
v -0.0139526917338 -0.0325306708254 0.000500000000048
v -0.0128302912345 -0.0311937531414 0.00150000000005
v -0.0134605764449 -0.0315577743122 0.00100000000005
v -0.0139947311953 -0.0321777218837 0.000500000000048
v -0.0127220872235 -0.0309829377627 0.00150000000005
v -0.0133910024607 -0.0312698580734 0.00100000000005
v -0.0139947311953 -0.0318222781163 0.000500000000048
v -0.0125897088828 -0.0307863997084 0.00150000000005
v -0.0132878640431 -0.0309921914268 0.00100000000005
v -0.0139526917338 -0.0314693291746 0.000500000000048
v -0.0124350145141 -0.0306068979419 0.00150000000005
v -0.0131526090294 -0.0307286722034 0.00100000000005
v -0.0138692029528 -0.0311238296881 0.000500000000048
v -0.0122601756872 -0.0304469522746 0.00150000000005
v -0.0129871361035 -0.0304829996355 0.00100000000005
v -0.0137454368517 -0.0307906297121 0.000500000000048
v -0.0120676467559 -0.030308807993 0.00150000000005
v -0.0127937681426 -0.0302586224273 0.00100000000005
v -0.0135831308353 -0.0304744066441 0.000500000000048
v -0.0118601304046 -0.0301944043401 0.00150000000005
v -0.012575219609 -0.0300586903432 0.00100000000005
v -0.0133845633242 -0.0301795995625 0.000500000000048
v -0.0116405397077 -0.0301053472923 0.00150000000005
v -0.0123345584449 -0.0298860099912 0.00100000000005
v -0.0131525217711 -0.0299103469128 0.000500000000048
v -0.0114119572375 -0.0300428870154 0.00150000000005
v -0.0120751630057 -0.0297430054251 0.00100000000005
v -0.0128902635307 -0.0296704284118 0.000500000000048
v -0.0111775917906 -0.0300079003148 0.00150000000005
v -0.0118006746347 -0.0296316841154 0.00100000000005
v -0.0126014701339 -0.0294632119895 0.000500000000048
v -0.0109407333444 -0.030000878327 0.00150000000005
v -0.0115149465469 -0.0295536087693 0.00100000000005
v -0.0122901956068 -0.0292916065101 0.000500000000048
v -0.010704706872 -0.0300219196254 0.00150000000005
v -0.0112219897383 -0.0295098753935 0.00100000000005
v -0.0119608095616 -0.0291580209384 0.000500000000048
v -0.0104728256679 -0.0300707288362 0.00150000000005
v -0.0109259166804 -0.0295010979087 0.00100000000005
v -0.0116179358562 -0.0290643305231 0.000500000000048
v -0.0102483448358 -0.0301466207851 0.00150000000005
v -0.01063088359 -0.0295273995317 0.00100000000005
v -0.011266387686 -0.0290118504722 0.000500000000048
v -0.0100344155945 -0.0302485301156 0.00150000000005
v -0.0103410320848 -0.0295884110452 0.00100000000005
v -0.0109111000165 -0.0290013174905 0.000500000000048
v -0.00983404104177 -0.030375026244 0.00150000000005
v -0.0100604310447 -0.0296832759814 0.00100000000005
v -0.010557060308 -0.029032879438 0.000500000000048
v -0.00965003399696 -0.0305243334419 0.00150000000005
v -0.00979301949317 -0.0298106626445 0.00100000000005
v -0.0102092385018 -0.0291060932543 0.000500000000048
v -0.00948497751568 -0.0306943557636 0.00150000000005
v -0.00954255130221 -0.029968782805 0.00100000000005
v -0.00987251725366 -0.0292199311777 0.000500000000048
v -0.0093411886291 -0.0308827064684 0.00150000000005
v -0.0093125424962 -0.0301554168024 0.00100000000005
v -0.00955162339181 -0.0293727951734 0.000500000000048
v -0.00922068581801 -0.0310867415252 0.00150000000005
v -0.0091062218946 -0.0303679447045 0.00100000000005
v -0.00925106156266 -0.029562539366 0.000500000000048
v -0.00912516067773 -0.0313035967291 0.00150000000005
v -0.00892648578637 -0.0306033830855 0.00100000000005
v -0.00897505099545 -0.0297865001629 0.000500000000048
v -0.00905595417184 -0.0315302279084 0.00150000000005
v -0.00877585727251 -0.0308584269065 0.00100000000005
v -0.00872746627352 -0.0300415336454 0.000500000000048
v -0.00901403780797 -0.0317634536582 0.00150000000005
v -0.00865645084716 -0.0311294959114 0.00100000000005
v -0.00851178294365 -0.0303240597026 0.000500000000048
v -0.0085699427148 -0.0314127848855 0.00100000000005
v -0.00833102872702 -0.0306301122878 0.000500000000048
v -0.00851754725997 -0.0317043170727 0.00100000000005
v -0.0081877410166 -0.0309553950937 0.000500000000048
v -0.00808393125776 -0.0312953418627 0.000500000000048
v -0.00802105671196 -0.0316451804872 0.000500000000048
v -0.00901403780797 -0.0322365463418 0.00150000000005
v -0.00905595417184 -0.0324697720916 0.00150000000005
v -0.00912516067773 -0.0326964032709 0.00150000000005
v -0.00851754725997 -0.0322956829273 0.00100000000005
v -0.00922068581801 -0.0329132584748 0.00150000000005
v -0.0085699427148 -0.0325872151145 0.00100000000005
v -0.0093411886291 -0.0331172935316 0.00150000000005
v -0.00865645084716 -0.0328705040886 0.00100000000005
v -0.00802105671196 -0.0323548195128 0.000500000000048
v -0.00948497751568 -0.0333056442364 0.00150000000005
v -0.00877585727251 -0.0331415730935 0.00100000000005
v -0.00808393125776 -0.0327046581373 0.000500000000048
v -0.00965003399696 -0.0334756665581 0.00150000000005
v -0.00892648578637 -0.0333966169145 0.00100000000005
v -0.0081877410166 -0.0330446049063 0.000500000000048
v -0.00983404104177 -0.033624973756 0.00150000000005
v -0.0091062218946 -0.0336320552955 0.00100000000005
v -0.00833102872702 -0.0333698877122 0.000500000000048
v -0.0100344155945 -0.0337514698844 0.00150000000005
v -0.0093125424962 -0.0338445831976 0.00100000000005
v -0.00851178294365 -0.0336759402974 0.000500000000048
v -0.0102483448358 -0.0338533792149 0.00150000000005
v -0.00954255130221 -0.034031217195 0.00100000000005
v -0.00872746627352 -0.0339584663546 0.000500000000048
v -0.0104728256679 -0.0339292711638 0.00150000000005
v -0.00979301949317 -0.0341893373555 0.00100000000005
v -0.00897505099545 -0.0342134998371 0.000500000000048
v -0.010704706872 -0.0339780803746 0.00150000000005
v -0.0100604310447 -0.0343167240186 0.00100000000005
v -0.00925106156266 -0.034437460634 0.000500000000048
v -0.0109407333444 -0.033999121673 0.00150000000005
v -0.0103410320848 -0.0344115889548 0.00100000000005
v -0.00955162339181 -0.0346272048266 0.000500000000048
v -0.0111775917906 -0.0339920996852 0.00150000000005
v -0.00987251725366 -0.0347800688223 0.000500000000048
v -0.0102092385018 -0.0348939067457 0.000500000000048
v -0.010557060308 -0.034967120562 0.000500000000048
v 0.0095 -0.032 0.00200000000005
v 0.009 -0.032 0.00150000000005
v 0.0085 -0.032 0.00100000000005
v 0.008 -0.032 0.000500000000048
v 0.0075 -0.032 4.83227653158e-14
v 0.0075 -0.032 4.83227653158e-14
v 0.00750626454581 -0.0317906854612 4.8322303627e-14
v 0.0075250357578 -0.0315821202141 4.83218435909e-14
v 0.0075562464399 -0.0313750508682 4.83213868543e-14
v 0.00759978486597 -0.031170218678 4.83209350523e-14
v 0.00765549517975 -0.0309683568896 4.83204898021e-14
v 0.00772317795276 -0.0307701881157 4.83200526977e-14
v 0.00780259089825 -0.0305764217492 4.83196253038e-14
v 0.00789344973848 -0.0303877514234 4.83192091503e-14
v 0.00799542922239 -0.0302048525291 4.83188057269e-14
v 0.00810816428989 -0.0300283797968 4.83184164778e-14
v 0.0082312513787 -0.0298589649531 4.83180427965e-14
v 0.00836424986899 -0.0296972144592 4.83176860205e-14
v 0.00850668366067 -0.0295437073399 4.83173474271e-14
v 0.00865804287774 -0.0293989931108 4.83170282284e-14
v 0.00881778569349 -0.0292635898114 4.83167295669e-14
v 0.0089853402701 -0.0291379821502 4.83164525118e-14
v 0.00916010680566 -0.0290226197701 4.8316198055e-14
v 0.00934145968134 -0.0289179156385 4.83159671072e-14
v 0.00952874970092 -0.028824244569 4.83157604952e-14
v 0.00972130641472 -0.0287419418797 4.83155789587e-14
v 0.00991844051969 -0.028671302193 4.83154231475e-14
v 0.0101194463269 -0.0286125783804 4.83152936193e-14
v 0.0103236042877 -0.0285659806581 4.83151908379e-14
v 0.0105301835696 -0.0285316758338 4.83151151711e-14
v 0.0107384446724 -0.0285097867099 4.83150668899e-14
v 0.0109476420754 -0.0285003916437 4.8315046167e-14
v 0.0111570269062 -0.0285035242671 4.83150530767e-14
v 0.0113658496214 -0.0285191733662 4.83150875942e-14
v 0.01157336269 -0.0285472829213 4.8315149596e-14
v 0.0117788232688 -0.0285877523074 4.831523886e-14
v 0.0119814958626 -0.0286404366546 4.83153550668e-14
v 0.0121806549558 -0.0287051473667 4.83154978004e-14
v 0.0123755876108 -0.0287816527961 4.83156665498e-14
v 0.0125655960191 -0.0288696790732 4.83158607109e-14
v 0.01275 -0.0289689110868 4.83160795888e-14
v 0.0129281394351 -0.029078993612 4.83163223998e-14
v 0.0130993766314 -0.029199532582 4.83165882747e-14
v 0.0132630986043 -0.0293300964985 4.83168762619e-14
v 0.0134187192715 -0.0294702179766 4.83171853303e-14
v 0.0135656815514 -0.0296193954178 4.83175143737e-14
v 0.0137034593573 -0.0297770948056 4.8317862214e-14
v 0.0138315594803 -0.029942751617 4.83182276062e-14
v 0.0139495233553 -0.0301157728437 4.83186092423e-14
v 0.0140569287022 -0.0302955391146 4.83190057559e-14
v 0.0141533910377 -0.0304814069131 4.83194157279e-14
v 0.0142385650517 -0.0306727108807 4.83198376904e-14
v 0.0143121458433 -0.0308687661989 4.83202701332e-14
v 0.0143738700124 -0.0310688710405 4.8320711508e-14
v 0.0144235166026 -0.0312723090821 4.83211602349e-14
v 0.0144609078918 -0.0314783520684 4.83216147076e-14
v 0.014485910029 -0.0316862624188 4.83220732992e-14
v 0.014498433513 -0.0318952958684 4.8322534368e-14
v 0.014498433513 -0.0321047041316 4.83229962636e-14
v 0.014485910029 -0.0323137375812 4.83234573324e-14
v 0.0144609078918 -0.0325216479316 4.8323915924e-14
v 0.0144235166026 -0.0327276909179 4.83243703967e-14
v 0.0143738700124 -0.0329311289595 4.83248191236e-14
v 0.0143121458433 -0.0331312338011 4.83252604984e-14
v 0.0142385650517 -0.0333272891193 4.83256929412e-14
v 0.0141533910377 -0.0335185930869 4.83261149038e-14
v 0.0140569287022 -0.0337044608854 4.83265248757e-14
v 0.0139495233553 -0.0338842271563 4.83269213894e-14
v 0.0138315594803 -0.034057248383 4.83273030254e-14
v 0.0137034593573 -0.0342229051944 4.83276684176e-14
v 0.0135656815514 -0.0343806045822 4.83280162579e-14
v 0.0134187192715 -0.0345297820234 4.83283453013e-14
v 0.0132630986043 -0.0346699035015 4.83286543697e-14
v 0.0130993766314 -0.034800467418 4.83289423569e-14
v 0.0129281394351 -0.034921006388 4.83292082319e-14
v 0.01275 -0.0350310889132 4.83294510429e-14
v 0.0125655960191 -0.0351303209268 4.83296699207e-14
v 0.0123755876108 -0.0352183472039 4.83298640818e-14
v 0.0121806549558 -0.0352948526333 4.83300328312e-14
v 0.0119814958626 -0.0353595633454 4.83301755648e-14
v 0.0117788232688 -0.0354122476926 4.83302917716e-14
v 0.01157336269 -0.0354527170787 4.83303810357e-14
v 0.0113658496214 -0.0354808266338 4.83304430374e-14
v 0.0111570269062 -0.0354964757329 4.83304775549e-14
v 0.0109476420754 -0.0354996083563 4.83304844646e-14
v 0.0107384446724 -0.0354902132901 4.83304637417e-14
v 0.0105301835696 -0.0354683241662 4.83304154605e-14
v 0.0103236042877 -0.0354340193419 4.83303397937e-14
v 0.0101194463269 -0.0353874216196 4.83302370123e-14
v 0.00991844051969 -0.035328697807 4.83301074841e-14
v 0.00972130641472 -0.0352580581203 4.83299516729e-14
v 0.00952874970092 -0.035175755431 4.83297701364e-14
v 0.00934145968134 -0.0350820843615 4.83295635244e-14
v 0.00916010680566 -0.0349773802299 4.83293325767e-14
v 0.0089853402701 -0.0348620178498 4.83290781198e-14
v 0.00881778569349 -0.0347364101886 4.83288010647e-14
v 0.00865804287774 -0.0346010068892 4.83285024032e-14
v 0.00850668366067 -0.0344562926601 4.83281832045e-14
v 0.00836424986899 -0.0343027855408 4.83278446111e-14
v 0.0082312513787 -0.0341410350469 4.83274878351e-14
v 0.00810816428989 -0.0339716202032 4.83271141538e-14
v 0.00799542922239 -0.0337951474709 4.83267249047e-14
v 0.00789344973848 -0.0336122485766 4.83263214813e-14
v 0.00780259089825 -0.0334235782508 4.83259053278e-14
v 0.00772317795276 -0.0332298118843 4.83254779339e-14
v 0.00765549517975 -0.0330316431104 4.83250408295e-14
v 0.00759978486597 -0.032829781322 4.83245955793e-14
v 0.0075562464399 -0.0326249491318 4.83241437773e-14
v 0.0075250357578 -0.0324178797859 4.83236870407e-14
v 0.00750626454581 -0.0322093145388 4.83232270046e-14
v 0.0095 -0.032 0.00200000000005
v 0.009 -0.032 0.00150000000005
v 0.0085 -0.032 0.00100000000005
v 0.008 -0.032 0.000500000000048
v 0.00950268480535 -0.0320897062309 0.00200000000005
v 0.00951072961049 -0.0321790913368 0.00200000000005
v 0.0095241056171 -0.0322678353422 0.00200000000005
v 0.00954276494256 -0.0323556205666 0.00200000000005
v 0.00956664079132 -0.0324421327616 0.00200000000005
v 0.00959564769404 -0.0325270622361 0.00200000000005
v 0.00962968181354 -0.0326101049646 0.00200000000005
v 0.00966862131649 -0.0326909636757 0.00200000000005
v 0.0097123268096 -0.0327693489161 0.00200000000005
v 0.00976064183853 -0.0328449800871 0.00200000000005
v 0.00981339344802 -0.0329175864487 0.00200000000005
v 0.00987039280099 -0.0329869080889 0.00200000000005
v 0.00993143585457 -0.0330526968543 0.00200000000005
v 0.00999630409046 -0.0331147172382 0.00200000000005
v 0.0100647652972 -0.0331727472237 0.00200000000005
v 0.0101365744015 -0.0332265790785 0.00200000000005
v 0.0102114743453 -0.0332760200985 0.00200000000005
v 0.0102891970063 -0.0333208932978 0.00200000000005
v 0.0103694641575 -0.0333610380419 0.00200000000005
v 0.0104519884635 -0.033396310623 0.00200000000005
v 0.0105364745084 -0.0334265847744 0.00200000000005
v 0.0106226198544 -0.0334517521227 0.00200000000005
v 0.0107101161233 -0.0334717225751 0.00200000000005
v 0.0107986501013 -0.0334864246427 0.00200000000005
v 0.0108879048596 -0.0334958056958 0.00200000000005
v 0.0109775608895 -0.0334998321527 0.00200000000005
v 0.0110672972455 -0.0334984895998 0.00200000000005
v 0.0111567926949 -0.0334917828431 0.00200000000005
v 0.0112457268671 -0.0334797358909 0.00200000000005
v 0.0113337814009 -0.0334623918683 0.00200000000005
v 0.011420641084 -0.0334398128623 0.00200000000005
v 0.0115059949811 -0.0334120797 0.00200000000005
v 0.0115895375475 -0.0333792916588 0.00200000000005
v 0.0116709697225 -0.0333415661115 0.00200000000005
v 0.01175 -0.0332990381057 0.00200000000005
v 0.0118263454722 -0.0332518598806 0.00200000000005
v 0.011899732842 -0.033200200322 0.00200000000005
v 0.0119698994018 -0.0331442443578 0.00200000000005
v 0.0120365939735 -0.0330841922957 0.00200000000005
v 0.0120995778077 -0.0330202591067 0.00200000000005
v 0.0121586254388 -0.0329526736548 0.00200000000005
v 0.0122135254916 -0.0328816778784 0.00200000000005
v 0.012264081438 -0.0328075259241 0.00200000000005
v 0.0123101123009 -0.0327304832366 0.00200000000005
v 0.0123514533019 -0.0326508256087 0.00200000000005
v 0.0123879564507 -0.032568838194 0.00200000000005
v 0.0124194910757 -0.0324848144862 0.00200000000005
v 0.012445944291 -0.0323990552684 0.00200000000005
v 0.0124672214011 -0.0323118675362 0.00200000000005
v 0.0124832462393 -0.0322235633993 0.00200000000005
v 0.012493961441 -0.0321344589634 0.00200000000005
v 0.0124993286484 -0.0320448731993 0.00200000000005
v 0.0124993286484 -0.0319551268007 0.00200000000005
v 0.012493961441 -0.0318655410366 0.00200000000005
v 0.0124832462393 -0.0317764366007 0.00200000000005
v 0.0124672214011 -0.0316881324638 0.00200000000005
v 0.012445944291 -0.0316009447317 0.00200000000005
v 0.0124194910757 -0.0315151855138 0.00200000000005
v 0.0123879564507 -0.031431161806 0.00200000000005
v 0.0123514533019 -0.0313491743913 0.00200000000005
v 0.0123101123009 -0.0312695167634 0.00200000000005
v 0.012264081438 -0.0311924740759 0.00200000000005
v 0.0122135254916 -0.0311183221216 0.00200000000005
v 0.0121586254388 -0.0310473263452 0.00200000000005
v 0.0120995778077 -0.0309797408933 0.00200000000005
v 0.0120365939735 -0.0309158077043 0.00200000000005
v 0.0119698994018 -0.0308557556422 0.00200000000005
v 0.011899732842 -0.030799799678 0.00200000000005
v 0.0118263454722 -0.0307481401194 0.00200000000005
v 0.01175 -0.0307009618943 0.00200000000005
v 0.0116709697225 -0.0306584338885 0.00200000000005
v 0.0115895375475 -0.0306207083412 0.00200000000005
v 0.0115059949811 -0.0305879203 0.00200000000005
v 0.011420641084 -0.0305601871377 0.00200000000005
v 0.0113337814009 -0.0305376081317 0.00200000000005
v 0.0112457268671 -0.0305202641091 0.00200000000005
v 0.0111567926949 -0.0305082171569 0.00200000000005
v 0.0110672972455 -0.0305015104002 0.00200000000005
v 0.0109775608895 -0.0305001678473 0.00200000000005
v 0.0108879048596 -0.0305041943042 0.00200000000005
v 0.0107986501013 -0.0305135753573 0.00200000000005
v 0.0107101161233 -0.0305282774249 0.00200000000005
v 0.0106226198544 -0.0305482478773 0.00200000000005
v 0.0105364745084 -0.0305734152256 0.00200000000005
v 0.0104519884635 -0.030603689377 0.00200000000005
v 0.0103694641575 -0.0306389619581 0.00200000000005
v 0.0102891970063 -0.0306791067022 0.00200000000005
v 0.0102114743453 -0.0307239799015 0.00200000000005
v 0.0101365744015 -0.0307734209215 0.00200000000005
v 0.0100647652972 -0.0308272527763 0.00200000000005
v 0.00999630409046 -0.0308852827618 0.00200000000005
v 0.00993143585457 -0.0309473031457 0.00200000000005
v 0.00987039280099 -0.0310130919111 0.00200000000005
v 0.00981339344802 -0.0310824135513 0.00200000000005
v 0.00976064183853 -0.0311550199129 0.00200000000005
v 0.0097123268096 -0.0312306510839 0.00200000000005
v 0.00966862131649 -0.0313090363243 0.00200000000005
v 0.00962968181354 -0.0313898950354 0.00200000000005
v 0.00959564769404 -0.0314729377639 0.00200000000005
v 0.00956664079132 -0.0315578672384 0.00200000000005
v 0.00954276494256 -0.0316443794334 0.00200000000005
v 0.0095241056171 -0.0317321646578 0.00200000000005
v 0.00951072961049 -0.0318209086632 0.00200000000005
v 0.00950268480535 -0.0319102937691 0.00200000000005
v 0.0109111000165 -0.0290013174905 0.000500000000048
v 0.01063088359 -0.0295273995317 0.00100000000005
v 0.0109259166804 -0.0295010979087 0.00100000000005
v 0.010557060308 -0.029032879438 0.000500000000048
v 0.0120676467559 -0.030308807993 0.00150000000005
v 0.0118601304046 -0.0301944043401 0.00150000000005
v 0.0118006746347 -0.0296316841154 0.00100000000005
v 0.0115149465469 -0.0295536087693 0.00100000000005
v 0.0114119572375 -0.0300428870154 0.00150000000005
v 0.0116405397077 -0.0301053472923 0.00150000000005
v 0.011266387686 -0.0290118504722 0.000500000000048
v 0.0112219897383 -0.0295098753935 0.00100000000005
v 0.0122601756872 -0.0304469522746 0.00150000000005
v 0.0120751630057 -0.0297430054251 0.00100000000005
v 0.0116179358562 -0.0290643305231 0.000500000000048
v 0.0124350145141 -0.0306068979419 0.00150000000005
v 0.0123345584449 -0.0298860099912 0.00100000000005
v 0.0119608095616 -0.0291580209384 0.000500000000048
v 0.0125897088828 -0.0307863997084 0.00150000000005
v 0.012575219609 -0.0300586903432 0.00100000000005
v 0.0122901956068 -0.0292916065101 0.000500000000048
v 0.0127220872235 -0.0309829377627 0.00150000000005
v 0.0127937681426 -0.0302586224273 0.00100000000005
v 0.0126014701339 -0.0294632119895 0.000500000000048
v 0.0128302912345 -0.0311937531414 0.00150000000005
v 0.0129871361035 -0.0304829996355 0.00100000000005
v 0.0128902635307 -0.0296704284118 0.000500000000048
v 0.0129128019686 -0.0314158864587 0.00150000000005
v 0.0131526090294 -0.0307286722034 0.00100000000005
v 0.0131525217711 -0.0299103469128 0.000500000000048
v 0.0129684611559 -0.0316462194498 0.00150000000005
v 0.0132878640431 -0.0309921914268 0.00100000000005
v 0.0133845633242 -0.0301795995625 0.000500000000048
v 0.0129964874635 -0.0318815187442 0.00150000000005
v 0.0133910024607 -0.0312698580734 0.00100000000005
v 0.0135831308353 -0.0304744066441 0.000500000000048
v 0.0129964874635 -0.0321184812558 0.00150000000005
v 0.0134605764449 -0.0315577743122 0.00100000000005
v 0.0137454368517 -0.0307906297121 0.000500000000048
v 0.0129684611559 -0.0323537805502 0.00150000000005
v 0.0134956093294 -0.0318518984303 0.00100000000005
v 0.0138692029528 -0.0311238296881 0.000500000000048
v 0.0129128019686 -0.0325841135413 0.00150000000005
v 0.0134956093294 -0.0321481015697 0.00100000000005
v 0.0139526917338 -0.0314693291746 0.000500000000048
v 0.0128302912345 -0.0328062468586 0.00150000000005
v 0.0134605764449 -0.0324422256878 0.00100000000005
v 0.0139947311953 -0.0318222781163 0.000500000000048
v 0.0127220872235 -0.0330170622373 0.00150000000005
v 0.0133910024607 -0.0327301419266 0.00100000000005
v 0.0139947311953 -0.0321777218837 0.000500000000048
v 0.0125897088828 -0.0332136002916 0.00150000000005
v 0.0132878640431 -0.0330078085732 0.00100000000005
v 0.0139526917338 -0.0325306708254 0.000500000000048
v 0.0124350145141 -0.0333931020581 0.00150000000005
v 0.0131526090294 -0.0332713277966 0.00100000000005
v 0.0138692029528 -0.0328761703119 0.000500000000048
v 0.0122601756872 -0.0335530477254 0.00150000000005
v 0.0129871361035 -0.0335170003645 0.00100000000005
v 0.0137454368517 -0.0332093702879 0.000500000000048
v 0.0120676467559 -0.033691192007 0.00150000000005
v 0.0127937681426 -0.0337413775727 0.00100000000005
v 0.0135831308353 -0.0335255933559 0.000500000000048
v 0.0118601304046 -0.0338055956599 0.00150000000005
v 0.012575219609 -0.0339413096568 0.00100000000005
v 0.0133845633242 -0.0338204004375 0.000500000000048
v 0.0116405397077 -0.0338946527077 0.00150000000005
v 0.0123345584449 -0.0341139900088 0.00100000000005
v 0.0131525217711 -0.0340896530872 0.000500000000048
v 0.0114119572375 -0.0339571129846 0.00150000000005
v 0.0120751630057 -0.0342569945749 0.00100000000005
v 0.0128902635307 -0.0343295715882 0.000500000000048
v 0.0111775917906 -0.0339920996852 0.00150000000005
v 0.0118006746347 -0.0343683158846 0.00100000000005
v 0.0126014701339 -0.0345367880105 0.000500000000048
v 0.0109407333444 -0.033999121673 0.00150000000005
v 0.0115149465469 -0.0344463912307 0.00100000000005
v 0.0122901956068 -0.0347083934899 0.000500000000048
v 0.010704706872 -0.0339780803746 0.00150000000005
v 0.0112219897383 -0.0344901246065 0.00100000000005
v 0.0119608095616 -0.0348419790616 0.000500000000048
v 0.0104728256679 -0.0339292711638 0.00150000000005
v 0.0109259166804 -0.0344989020913 0.00100000000005
v 0.0116179358562 -0.0349356694769 0.000500000000048
v 0.0102483448358 -0.0338533792149 0.00150000000005
v 0.01063088359 -0.0344726004683 0.00100000000005
v 0.011266387686 -0.0349881495278 0.000500000000048
v 0.0100344155945 -0.0337514698844 0.00150000000005
v 0.0103410320848 -0.0344115889548 0.00100000000005
v 0.0109111000165 -0.0349986825095 0.000500000000048
v 0.00983404104177 -0.033624973756 0.00150000000005
v 0.0100604310447 -0.0343167240186 0.00100000000005
v 0.010557060308 -0.034967120562 0.000500000000048
v 0.00965003399696 -0.0334756665581 0.00150000000005
v 0.00979301949317 -0.0341893373555 0.00100000000005
v 0.0102092385018 -0.0348939067457 0.000500000000048
v 0.00948497751568 -0.0333056442364 0.00150000000005
v 0.00954255130221 -0.034031217195 0.00100000000005
v 0.00987251725366 -0.0347800688223 0.000500000000048
v 0.0093411886291 -0.0331172935316 0.00150000000005
v 0.00931254249621 -0.0338445831976 0.00100000000005
v 0.00955162339181 -0.0346272048266 0.000500000000048
v 0.00922068581801 -0.0329132584748 0.00150000000005
v 0.0091062218946 -0.0336320552955 0.00100000000005
v 0.00925106156266 -0.034437460634 0.000500000000048
v 0.00912516067773 -0.0326964032709 0.00150000000005
v 0.00892648578637 -0.0333966169145 0.00100000000005
v 0.00897505099545 -0.0342134998371 0.000500000000048
v 0.00905595417184 -0.0324697720916 0.00150000000005
v 0.00877585727251 -0.0331415730935 0.00100000000005
v 0.00872746627352 -0.0339584663546 0.000500000000048
v 0.00901403780797 -0.0322365463418 0.00150000000005
v 0.00865645084716 -0.0328705040886 0.00100000000005
v 0.00851178294365 -0.0336759402974 0.000500000000048
v 0.0085699427148 -0.0325872151145 0.00100000000005
v 0.00833102872702 -0.0333698877122 0.000500000000048
v 0.00851754725997 -0.0322956829273 0.00100000000005
v 0.0081877410166 -0.0330446049063 0.000500000000048
v 0.00808393125776 -0.0327046581373 0.000500000000048
v 0.00802105671196 -0.0323548195128 0.000500000000048
v 0.00901403780797 -0.0317634536582 0.00150000000005
v 0.00905595417184 -0.0315302279084 0.00150000000005
v 0.00912516067773 -0.0313035967291 0.00150000000005
v 0.00851754725997 -0.0317043170727 0.00100000000005
v 0.00922068581801 -0.0310867415252 0.00150000000005
v 0.0085699427148 -0.0314127848855 0.00100000000005
v 0.0093411886291 -0.0308827064684 0.00150000000005
v 0.00865645084716 -0.0311294959114 0.00100000000005
v 0.00802105671196 -0.0316451804872 0.000500000000048
v 0.00948497751568 -0.0306943557636 0.00150000000005
v 0.00877585727251 -0.0308584269065 0.00100000000005
v 0.00808393125776 -0.0312953418627 0.000500000000048
v 0.00965003399696 -0.0305243334419 0.00150000000005
v 0.00892648578637 -0.0306033830855 0.00100000000005
v 0.0081877410166 -0.0309553950937 0.000500000000048
v 0.00983404104177 -0.030375026244 0.00150000000005
v 0.0091062218946 -0.0303679447045 0.00100000000005
v 0.00833102872702 -0.0306301122878 0.000500000000048
v 0.0100344155945 -0.0302485301156 0.00150000000005
v 0.0093125424962 -0.0301554168024 0.00100000000005
v 0.00851178294365 -0.0303240597026 0.000500000000048
v 0.0102483448358 -0.0301466207851 0.00150000000005
v 0.00954255130221 -0.029968782805 0.00100000000005
v 0.00872746627351 -0.0300415336454 0.000500000000048
v 0.0104728256679 -0.0300707288362 0.00150000000005
v 0.00979301949317 -0.0298106626445 0.00100000000005
v 0.00897505099544 -0.0297865001629 0.000500000000048
v 0.010704706872 -0.0300219196254 0.00150000000005
v 0.0100604310447 -0.0296832759814 0.00100000000005
v 0.00925106156266 -0.029562539366 0.000500000000048
v 0.0109407333444 -0.030000878327 0.00150000000005
v 0.0103410320848 -0.0295884110452 0.00100000000005
v 0.00955162339181 -0.0293727951734 0.000500000000048
v 0.0111775917906 -0.0300079003148 0.00150000000005
v 0.00987251725366 -0.0292199311777 0.000500000000048
v 0.0102092385018 -0.0291060932543 0.000500000000048
v -0.0095 0.008 0.00200000000005
v -0.00950268480535 0.00791029376908 0.00200000000005
v -0.00951072961049 0.00782090866319 0.00200000000005
v -0.0095241056171 0.0077321646578 0.00200000000005
v -0.00954276494256 0.00764437943343 0.00200000000005
v -0.00956664079132 0.00755786723838 0.00200000000005
v -0.00959564769404 0.00747293776388 0.00200000000005
v -0.00962968181354 0.00738989503539 0.00200000000005
v -0.00966862131649 0.00730903632432 0.00200000000005
v -0.0097123268096 0.00723065108389 0.00200000000005
v -0.00976064183853 0.0071550199129 0.00200000000005
v -0.00981339344802 0.00708241355133 0.00200000000005
v -0.00987039280099 0.00701309191109 0.00200000000005
v -0.00993143585457 0.00694730314567 0.00200000000005
v -0.00999630409046 0.00688528276178 0.00200000000005
v -0.0100647652972 0.0068272527763 0.00200000000005
v -0.0101365744015 0.0067734209215 0.00200000000005
v -0.0102114743453 0.00672397990147 0.00200000000005
v -0.0102891970063 0.00667910670221 0.00200000000005
v -0.0103694641575 0.00663896195815 0.00200000000005
v -0.0104519884635 0.00660368937703 0.00200000000005
v -0.0105364745084 0.00657341522556 0.00200000000005
v -0.0106226198544 0.00654824787732 0.00200000000005
v -0.0107101161233 0.00652827742491 0.00200000000005
v -0.0107986501013 0.00651357535735 0.00200000000005
v -0.0108879048596 0.00650419430423 0.00200000000005
v -0.0109775608895 0.00650016784728 0.00200000000005
v -0.0110672972455 0.00650151040019 0.00200000000005
v -0.0111567926949 0.00650821715695 0.00200000000005
v -0.0112457268671 0.00652026410911 0.00200000000005
v -0.0113337814009 0.00653760813173 0.00200000000005
v -0.011420641084 0.00656018713768 0.00200000000005
v -0.0115059949811 0.00658792030001 0.00200000000005
v -0.0115895375475 0.00662070834117 0.00200000000005
v -0.0116709697225 0.0066584338885 0.00200000000005
v -0.01175 0.00670096189432 0.00200000000005
v -0.0118263454722 0.00674814011942 0.00200000000005
v -0.011899732842 0.00679979967798 0.00200000000005
v -0.0119698994018 0.00685575564221 0.00200000000005
v -0.0120365939735 0.00691580770426 0.00200000000005
v -0.0120995778077 0.00697974089334 0.00200000000005
v -0.0121586254388 0.00704732634524 0.00200000000005
v -0.0122135254916 0.00711832212156 0.00200000000005
v -0.012264081438 0.00719247407586 0.00200000000005
v -0.0123101123009 0.00726951676339 0.00200000000005
v -0.0123514533019 0.00734917439132 0.00200000000005
v -0.0123879564507 0.00743116180602 0.00200000000005
v -0.0124194910757 0.00751518551382 0.00200000000005
v -0.012445944291 0.00760094473165 0.00200000000005
v -0.0124672214011 0.00768813246377 0.00200000000005
v -0.0124832462393 0.00777643660073 0.00200000000005
v -0.012493961441 0.00786554103664 0.00200000000005
v -0.0124993286484 0.00795512680074 0.00200000000005
v -0.0124993286484 0.00804487319925 0.00200000000005
v -0.012493961441 0.00813445896335 0.00200000000005
v -0.0124832462393 0.00822356339926 0.00200000000005
v -0.0124672214011 0.00831186753623 0.00200000000005
v -0.012445944291 0.00839905526835 0.00200000000005
v -0.0124194910757 0.00848481448618 0.00200000000005
v -0.0123879564507 0.00856883819398 0.00200000000005
v -0.0123514533019 0.00865082560868 0.00200000000005
v -0.0123101123009 0.00873048323661 0.00200000000005
v -0.012264081438 0.00880752592414 0.00200000000005
v -0.0122135254916 0.00888167787844 0.00200000000005
v -0.0121586254388 0.00895267365476 0.00200000000005
v -0.0120995778077 0.00902025910666 0.00200000000005
v -0.0120365939735 0.00908419229574 0.00200000000005
v -0.0119698994018 0.00914424435779 0.00200000000005
v -0.011899732842 0.00920020032202 0.00200000000005
v -0.0118263454722 0.00925185988058 0.00200000000005
v -0.01175 0.00929903810568 0.00200000000005
v -0.0116709697225 0.0093415661115 0.00200000000005
v -0.0115895375475 0.00937929165883 0.00200000000005
v -0.0115059949811 0.00941207969999 0.00200000000005
v -0.011420641084 0.00943981286231 0.00200000000005
v -0.0113337814009 0.00946239186827 0.00200000000005
v -0.0112457268671 0.00947973589088 0.00200000000005
v -0.0111567926949 0.00949178284305 0.00200000000005
v -0.0110672972455 0.00949848959981 0.00200000000005
v -0.0109775608895 0.00949983215271 0.00200000000005
v -0.0108879048596 0.00949580569577 0.00200000000005
v -0.0107986501013 0.00948642464265 0.00200000000005
v -0.0107101161233 0.00947172257509 0.00200000000005
v -0.0106226198544 0.00945175212268 0.00200000000005
v -0.0105364745084 0.00942658477444 0.00200000000005
v -0.0104519884635 0.00939631062297 0.00200000000005
v -0.0103694641575 0.00936103804185 0.00200000000005
v -0.0102891970063 0.00932089329778 0.00200000000005
v -0.0102114743453 0.00927602009853 0.00200000000005
v -0.0101365744015 0.0092265790785 0.00200000000005
v -0.0100647652972 0.0091727472237 0.00200000000005
v -0.00999630409046 0.00911471723822 0.00200000000005
v -0.00993143585457 0.00905269685432 0.00200000000005
v -0.00987039280099 0.00898690808891 0.00200000000005
v -0.00981339344802 0.00891758644867 0.00200000000005
v -0.00976064183853 0.00884498008709 0.00200000000005
v -0.0097123268096 0.00876934891611 0.00200000000005
v -0.00966862131649 0.00869096367567 0.00200000000005
v -0.00962968181354 0.00861010496461 0.00200000000005
v -0.00959564769404 0.00852706223612 0.00200000000005
v -0.00956664079132 0.00844213276162 0.00200000000005
v -0.00954276494256 0.00835562056657 0.00200000000005
v -0.0095241056171 0.0082678353422 0.00200000000005
v -0.00951072961049 0.00817909133681 0.00200000000005
v -0.00950268480535 0.00808970623092 0.00200000000005
v -0.0095 0.008 0.00200000000005
v -0.009 0.008 0.00150000000005
v -0.0085 0.008 0.00100000000005
v -0.008 0.008 0.000500000000048
v -0.0075 0.008 4.82345366001e-14
v -0.00750619373856 0.00820812930489 4.82340775255e-14
v -0.00752475303289 0.00841552198207 4.82336200758e-14
v -0.00755561219645 0.00862144401095 4.82331658699e-14
v -0.00759866201005 0.00882516657598 4.82327165154e-14
v -0.00765375010838 0.00902596864612 4.82322736027e-14
v -0.00772068151928 0.0092231395268 4.82318386993e-14
v -0.00779921935381 0.00941598137522 4.82314133446e-14
v -0.00788908564464 0.00960381167024 4.8230999044e-14
v -0.00798996232987 0.009785965628 4.82305972637e-14
v -0.00810149237876 0.0099617985548 4.82302094259e-14
v -0.00822328105533 0.0101306881288 4.82298369031e-14
v -0.00835489731545 0.0102920366027 4.82294810139e-14
v -0.00849587533242 0.0104452729192 4.82291430178e-14
v -0.0086457161457 0.0105898547321 4.82288241112e-14
v -0.0088038894268 0.0107252703261 4.82285254226e-14
v -0.00896983535634 0.0108510404276 4.82282480092e-14
v -0.00914296660533 0.010966719901 4.82279928529e-14
v -0.00932267041395 0.0110718993245 4.82277608568e-14
v -0.00950831076025 0.0111662064386 4.82275528419e-14
v -0.00969923061121 0.0112493074642 4.82273695445e-14
v -0.0098947542482 0.0113209082836 4.82272116133e-14
v -0.0100941896585 0.0113807554814 4.82270796072e-14
v -0.0102968309844 0.0114286372417 4.82269739936e-14
v -0.0105019610218 0.0114643840977 4.82268951461e-14
v -0.0107088537582 0.0114878695311 4.82268433438e-14
v -0.0109167769424 0.0114990104205 4.82268187702e-14
v -0.0111249946763 0.0114977673352 4.82268215121e-14
v -0.0113327700191 0.0114841446747 4.82268515598e-14
v -0.0115393675959 0.0114581906536 4.82269088071e-14
v -0.0117440562002 0.0114199971303 4.82269930512e-14
v -0.0119461113819 0.0113696992823 4.82271039941e-14
v -0.0121448180112 0.0113074751278 4.8227241243e-14
v -0.01233947281 0.0112335448955 4.82274043122e-14
v -0.0125293868406 0.011148170245 4.82275926246e-14
v -0.0127138879442 0.0110516533412 4.82278055137e-14
v -0.0128923231199 0.0109443357842 4.8228042226e-14
v -0.0130640608357 0.0108265974009 4.82283019236e-14
v -0.013228493264 0.0106988549002 4.82285836875e-14
v -0.0133850384325 0.0105615603986 4.82288865205e-14
v -0.0135331422841 0.0104151998196 4.82292093506e-14
v -0.013672280638 0.0102602911741 4.82295510354e-14
v -0.0138019610446 0.0100973827272 4.82299103655e-14
v -0.0139217245289 0.00992705105723 4.82302860691e-14
v -0.0140311472144 0.00974989901559 4.82306768165e-14
v -0.0141298418236 0.0095665535928 4.82310812248e-14
v -0.0142174590489 0.00937766369949 4.82314978626e-14
v -0.0142936887883 0.00918389786973 4.82319252554e-14
v -0.0143582612435 0.00898594189489 4.82323618904e-14
v -0.0144109478747 0.00878449639643 4.82328062223e-14
v -0.0144515622091 0.00858027434621 4.82332566786e-14
v -0.0144799605012 0.00837399854308 4.82337116648e-14
v -0.0144960422415 0.00816639905469 4.82341695707e-14
v -0.0144997505124 0.00795821063359 4.82346287756e-14
v -0.0144910721891 0.00775017011672 4.82350876543e-14
v -0.0144700379867 0.00754301381756 4.82355445827e-14
v -0.0144367223511 0.00733747492008 4.82359979435e-14
v -0.0143912431956 0.00713428088382 4.82364461322e-14
v -0.0143337614837 0.0069341508692 4.82368875626e-14
v -0.0142644806592 0.00673779319222 4.82373206722e-14
v -0.0141836459263 0.00654590281752 4.82377439283e-14
v -0.0140915433816 0.0063591588987 4.82381558327e-14
v -0.0139884990018 0.00617822237463 4.82385549276e-14
v -0.0138748774897 0.00600373363018 4.82389398005e-14
v -0.0137510809835 0.00583631022972 4.82393090893e-14
v -0.0136175476337 0.00567654473143 4.82396614869e-14
v -0.0134747500521 0.00552500258999 4.82399957462e-14
v -0.0133231936391 0.00538222015535 4.82403106839e-14
v -0.0131634147953 0.00524870277442 4.82406051856e-14
v -0.0129959790225 0.00512492300247 4.82408782089e-14
v -0.0128214789227 0.00501131893068 4.82411287874e-14
v -0.0126405321005 0.00490829263558 4.82413560343e-14
v -0.0124537789772 0.00481620875598 4.82415591454e-14
v -0.0122618805242 0.00473539320244 4.82417374017e-14
v -0.0120655159237 0.00466613200377 4.82418901724e-14
v -0.011865380165 0.00460867029469 4.82420169167e-14
v -0.0116621815842 0.00456321144823 4.82421171861e-14
v -0.0114566393579 0.00452991635593 4.82421906257e-14
v -0.0112494809575 0.00450890285843 4.82422369755e-14
v -0.0110414395742 0.00450024532836 4.82422560716e-14
v -0.0108332515248 0.00450397440713 4.82422478463e-14
v -0.0106256536448 0.00452007689649 4.82422123287e-14
v -0.010419380681 0.00454849580524 4.82421496446e-14
v -0.0102151626911 0.00458913055092 4.82420600159e-14
v -0.0100137224596 0.00464183731584 4.82419437596e-14
v -0.00981577293962 0.00470642955602 4.82418012873e-14
v -0.00962201472981 0.0047826786615 4.82416331033e-14
v -0.00943313359459 0.00487031476541 4.82414398028e-14
v -0.00924979803701 0.00496902769911 4.82412220699e-14
v -0.00757722899002 0.00726881013872 4.82361493986e-14
v -0.0077156295864 0.00712173153761 0.000100228751291
v -0.00784485586868 0.00697912862662 0.000183810500922
v -0.0079654915079 0.00684112162265 0.000251732622288
v -0.00806644281581 0.00672179293798 0.000300067025014
v -0.00816246562056 0.00660485843814 0.000338035209579
v -0.0082506516265 0.0064943627658 0.000365377221591
v -0.00833098665494 0.00639098281528 0.000383500597074
v -0.00841159839128 0.00628450574901 0.000394723294186
v -0.00847332302242 0.00620103192643 0.000398325827611
v -0.00853279719092 0.00611893552 0.000397502080363
v -0.00859123127938 0.00603661702949 0.000392422257005
v -0.00864830235321 0.00595456686101 0.000383226268377
v -0.00870375932584 0.0058732080985 0.000370149342028
v -0.00875741329493 0.0057929018961 0.00035349762868
v -0.00880910164394 0.00571399406726 0.000333636351901
v -0.00885882079061 0.00563660307397 0.00031091025129
v -0.00892215563097 0.00553580517201 0.000276695272408
v -0.00898956264551 0.00542565787933 0.000233641825117
v -0.00905315909619 0.00531886363786 0.000186590625945
v -0.00911323716084 0.00521525727513 0.000136271999937
v -0.00918369415865 0.00509016321978 6.98226003148e-05
v -0.00754351155702 0.00744982944138 4.82357501211e-14
v -0.00751936079614 0.00763237147481 4.82353474849e-14
v -0.00750484355046 0.00781593100956 4.82349426043e-14
v -0.0075 0.008 4.82345366001e-14
v -0.009 0.008 0.00150000000005
v -0.0085 0.008 0.00100000000005
v -0.008 0.008 0.000500000000048
v -0.0111775917906 0.00600790031477 0.00150000000005
v -0.0109407333444 0.00600087832698 0.00150000000005
v -0.01063088359 0.00552739953169 0.00100000000005
v -0.0103410320848 0.00558841104523 0.00100000000005
v -0.0104728256679 0.00607072883618 0.00150000000005
v -0.010704706872 0.00602191962535 0.00150000000005
v -0.00987251725366 0.0052199311777 0.000500000000048
v -0.00979301949317 0.00581066264451 0.00100000000005
v -0.0100604310447 0.00568327598142 0.00100000000005
v -0.00955162339181 0.00537279517341 0.000500000000048
v -0.0114119572375 0.0060428870154 0.00150000000005
v -0.0109259166804 0.00550109790873 0.00100000000005
v -0.0102092385018 0.00510609325427 0.000500000000048
v -0.0116405397077 0.00610534729229 0.00150000000005
v -0.0112219897383 0.00550987539346 0.00100000000005
v -0.010557060308 0.00503287943803 0.000500000000048
v -0.0118601304046 0.00619440434007 0.00150000000005
v -0.0115149465469 0.00555360876925 0.00100000000005
v -0.0109111000165 0.00500131749047 0.000500000000048
v -0.0120676467559 0.006308807993 0.00150000000005
v -0.0118006746347 0.00563168411536 0.00100000000005
v -0.011266387686 0.00501185047215 0.000500000000048
v -0.0122601756872 0.00644695227456 0.00150000000005
v -0.0120751630057 0.00574300542509 0.00100000000005
v -0.0116179358562 0.0050643305231 0.000500000000048
v -0.0124350145141 0.00660689794187 0.00150000000005
v -0.0123345584449 0.00588600999124 0.00100000000005
v -0.0119608095616 0.00515802093844 0.000500000000048
v -0.0125897088828 0.00678639970836 0.00150000000005
v -0.012575219609 0.0060586903432 0.00100000000005
v -0.0122901956068 0.0052916065101 0.000500000000048
v -0.0127220872235 0.0069829377627 0.00150000000005
v -0.0127937681426 0.00625862242734 0.00100000000005
v -0.0126014701339 0.00546321198949 0.000500000000048
v -0.0128302912345 0.00719375314142 0.00150000000005
v -0.0129871361035 0.00648299963545 0.00100000000005
v -0.0128902635307 0.00567042841185 0.000500000000048
v -0.0129128019686 0.00741588645873 0.00150000000005
v -0.0131526090294 0.00672867220338 0.00100000000005
v -0.0131525217711 0.00591034691281 0.000500000000048
v -0.0129684611559 0.00764621944975 0.00150000000005
v -0.0132878640431 0.00699219142678 0.00100000000005
v -0.0133845633242 0.00617959956254 0.000500000000048
v -0.0129964874635 0.00788151874421 0.00150000000005
v -0.0133910024607 0.00726985807341 0.00100000000005
v -0.0135831308353 0.00647440664405 0.000500000000048
v -0.0129964874635 0.00811848125579 0.00150000000005
v -0.0134605764449 0.00755777431219 0.00100000000005
v -0.0137454368517 0.00679062971214 0.000500000000048
v -0.0129684611559 0.00835378055024 0.00150000000005
v -0.0134956093294 0.00785189843027 0.00100000000005
v -0.0138692029528 0.00712382968809 0.000500000000048
v -0.0129128019686 0.00858411354127 0.00150000000005
v -0.0134956093294 0.00814810156973 0.00100000000005
v -0.0139526917338 0.00746932917463 0.000500000000048
v -0.0128302912345 0.00880624685858 0.00150000000005
v -0.0134605764449 0.00844222568781 0.00100000000005
v -0.0139947311953 0.00782227811632 0.000500000000048
v -0.0127220872235 0.0090170622373 0.00150000000005
v -0.0133910024607 0.00873014192659 0.00100000000005
v -0.0139947311953 0.00817772188368 0.000500000000048
v -0.0125897088828 0.00921360029164 0.00150000000005
v -0.0132878640431 0.00900780857322 0.00100000000005
v -0.0139526917338 0.00853067082537 0.000500000000048
v -0.0124350145141 0.00939310205813 0.00150000000005
v -0.0131526090294 0.00927132779662 0.00100000000005
v -0.0138692029528 0.00887617031191 0.000500000000048
v -0.0122601756872 0.00955304772544 0.00150000000005
v -0.0129871361035 0.00951700036455 0.00100000000005
v -0.0137454368517 0.00920937028786 0.000500000000048
v -0.0120676467559 0.009691192007 0.00150000000005
v -0.0127937681426 0.00974137757266 0.00100000000005
v -0.0135831308353 0.00952559335595 0.000500000000048
v -0.0118601304046 0.00980559565993 0.00150000000005
v -0.012575219609 0.00994130965679 0.00100000000005
v -0.0133845633242 0.00982040043745 0.000500000000048
v -0.0116405397077 0.00989465270771 0.00150000000005
v -0.0123345584449 0.0101139900088 0.00100000000005
v -0.0131525217711 0.0100896530872 0.000500000000048
v -0.0114119572375 0.0099571129846 0.00150000000005
v -0.0120751630057 0.0102569945749 0.00100000000005
v -0.0128902635307 0.0103295715882 0.000500000000048
v -0.0111775917906 0.00999209968523 0.00150000000005
v -0.0118006746347 0.0103683158846 0.00100000000005
v -0.0126014701339 0.0105367880105 0.000500000000048
v -0.0109407333444 0.00999912167302 0.00150000000005
v -0.0115149465469 0.0104463912307 0.00100000000005
v -0.0122901956068 0.0107083934899 0.000500000000048
v -0.010704706872 0.00997808037464 0.00150000000005
v -0.0112219897383 0.0104901246065 0.00100000000005
v -0.0119608095616 0.0108419790616 0.000500000000048
v -0.0104728256679 0.00992927116382 0.00150000000005
v -0.0109259166804 0.0104989020913 0.00100000000005
v -0.0116179358562 0.0109356694769 0.000500000000048
v -0.0102483448358 0.00985337921486 0.00150000000005
v -0.01063088359 0.0104726004683 0.00100000000005
v -0.011266387686 0.0109881495278 0.000500000000048
v -0.0100344155945 0.00975146988439 0.00150000000005
v -0.0103410320848 0.0104115889548 0.00100000000005
v -0.0109111000165 0.0109986825095 0.000500000000048
v -0.00983404104177 0.00962497375601 0.00150000000005
v -0.0100604310447 0.0103167240186 0.00100000000005
v -0.010557060308 0.010967120562 0.000500000000048
v -0.00965003399696 0.00947566655808 0.00150000000005
v -0.00979301949317 0.0101893373555 0.00100000000005
v -0.0102092385018 0.0108939067457 0.000500000000048
v -0.00948497751568 0.00930564423638 0.00150000000005
v -0.00954255130221 0.010031217195 0.00100000000005
v -0.00987251725366 0.0107800688223 0.000500000000048
v -0.0093411886291 0.00911729353161 0.00150000000005
v -0.0093125424962 0.0098445831976 0.00100000000005
v -0.00955162339181 0.0106272048266 0.000500000000048
v -0.00922068581801 0.00891325847479 0.00150000000005
v -0.0091062218946 0.00963205529548 0.00100000000005
v -0.00925106156266 0.010437460634 0.000500000000048
v -0.00912516067773 0.00869640327087 0.00150000000005
v -0.00892648578637 0.00939661691451 0.00100000000005
v -0.00897505099545 0.0102134998371 0.000500000000048
v -0.00905595417184 0.00846977209156 0.00150000000005
v -0.00877585727251 0.00914157309348 0.00100000000005
v -0.00872746627352 0.00995846635457 0.000500000000048
v -0.00901403780797 0.00823654634184 0.00150000000005
v -0.00865645084716 0.00887050408859 0.00100000000005
v -0.00851178294365 0.00967594029741 0.000500000000048
v -0.0085699427148 0.00858721511445 0.00100000000005
v -0.00833102872702 0.00936988771218 0.000500000000048
v -0.00851754725997 0.0082956829273 0.00100000000005
v -0.0081877410166 0.0090446049063 0.000500000000048
v -0.00808393125776 0.00870465813734 0.000500000000048
v -0.00802105671196 0.00835481951276 0.000500000000048
v -0.00901403780797 0.00776345365816 0.00150000000005
v -0.00905595417184 0.00753022790844 0.00150000000005
v -0.00912516067773 0.00730359672913 0.00150000000005
v -0.00851754725997 0.00770431707269 0.00100000000005
v -0.00922068581801 0.00708674152521 0.00150000000005
v -0.0085699427148 0.00741278488555 0.00100000000005
v -0.0093411886291 0.00688270646839 0.00150000000005
v -0.00865645084717 0.00712949591141 0.00100000000005
v -0.00802105671196 0.00764518048723 0.000500000000048
v -0.00948497751568 0.00669435576362 0.00150000000005
v -0.00877585727251 0.00685842690651 0.00100000000005
v -0.00808393125776 0.00729534186265 0.000500000000048
v -0.00965003399696 0.00652433344191 0.00150000000005
v -0.00892648578638 0.00660338308549 0.00100000000005
v -0.0081877410166 0.00695539509369 0.000500000000048
v -0.00983404104177 0.00637502624399 0.00150000000005
v -0.0091062218946 0.00636794470452 0.00100000000005
v -0.00833102872702 0.00663011228782 0.000500000000048
v -0.0100344155945 0.00624853011561 0.00150000000005
v -0.00931254249621 0.00615541680239 0.00100000000005
v -0.00851178294365 0.00632405970259 0.000500000000048
v -0.0102483448358 0.00614662078513 0.00150000000005
v -0.00954255130221 0.00596878280498 0.00100000000005
v -0.00872746627352 0.00604153364543 0.000500000000048
v -0.00897505099545 0.00578650016287 0.000500000000048
v -0.00925106156266 0.00556253936598 0.000500000000048
v 0.0105 -9.94759830064e-16 0.00300000000005
v 0.0104812063626 0.000627943616422 0.00300000000005
v 0.0104248927266 0.00125363935767 0.00300000000005
v 0.0103312606803 0.00187484739538 0.00300000000005
v 0.0102006454021 0.00248934396601 0.00300000000005
v 0.0100335144608 0.00309492933131 0.00300000000005
v 0.00983046614172 0.00368943565285 0.00300000000005
v 0.00959222730525 0.00427073475229 0.00300000000005
v 0.00931965078455 0.00483674572973 0.00300000000005
v 0.00901371233282 0.00538544241276 0.00300000000005
v 0.00867550713032 0.00591486060967 0.00300000000005
v 0.00830624586389 0.00642310514071 0.00300000000005
v 0.00790725039304 0.00690835662237 0.00300000000005
v 0.00747994901799 0.00736887798028 0.00300000000005
v 0.00702587136677 0.00780302066751 0.00300000000005
v 0.00654664291952 0.00820923056591 0.00300000000005
v 0.0060439791897 0.00858605354948 0.00300000000005
v 0.00551967958301 0.00893214068972 0.00300000000005
v 0.00497562095597 0.00924625308449 0.00300000000005
v 0.00441375089725 0.00952726629296 0.00300000000005
v 0.00383608075585 0.00977417436076 0.00300000000005
v 0.00324467844094 0.0099860934211 0.00300000000005
v 0.00264166101932 0.0101622648587 0.00300000000005
v 0.00202918713685 0.0103020580256 0.00300000000005
v 0.00140944929109 0.0104049724986 0.00300000000005
v 0.000784665982658 0.0104706398704 0.00300000000005
v 0.00015707377366 0.010498825069 0.00300000000005
v -0.00047108071868 0.0104894271987 0.00300000000005
v -0.00109754886431 0.0104424799014 0.00300000000005
v -0.00172008806986 0.0103581512362 0.00300000000005
v -0.00233646980654 0.0102367430779 0.00300000000005
v -0.00294448758771 0.0100786900362 0.00300000000005
v -0.00354196486752 0.00988455789994 0.00300000000005
v -0.00412676283237 0.00965504161179 0.00300000000005
v -0.00469678805731 0.0093909627805 0.00300000000005
v -0.00525 0.00909326673974 0.00300000000005
v -0.00578441830525 0.00876301916407 0.00300000000005
v -0.00629812989422 0.00840140225412 0.00300000000005
v -0.00678929581277 0.00800971050455 0.00300000000005
v -0.00725615781436 0.00758934607019 0.00300000000005
v -0.00769704465421 0.00714181374659 0.00300000000005
v -0.00811037807186 0.00666871558334 0.00300000000005
v -0.00849467844094 0.00617174514907 0.00300000000005
v -0.00884857006587 0.00565268146895 0.00300000000005
v -0.00917078610648 0.00511338265624 0.00300000000005
v -0.00946017311298 0.00455577926073 0.00300000000005
v -0.00971569515498 0.00398186735785 0.00300000000005
v -0.00993643752989 0.00339370140327 0.00300000000005
v -0.0101216100373 0.00279338687845 0.00300000000005
v -0.0102705498077 0.00218307275359 0.00300000000005
v -0.0103827236754 0.00156494379485 0.00300000000005
v -0.0104577300869 0.000941212743485 0.00300000000005
v -0.010495300539 0.000314112394778 0.00300000000005
v -0.010495300539 -0.00031411239478 0.00300000000005
v -0.0104577300869 -0.000941212743487 0.00300000000005
v -0.0103827236754 -0.00156494379485 0.00300000000005
v -0.0102705498077 -0.00218307275359 0.00300000000005
v -0.0101216100373 -0.00279338687845 0.00300000000005
v -0.00993643752989 -0.00339370140327 0.00300000000005
v -0.00971569515498 -0.00398186735786 0.00300000000005
v -0.00946017311298 -0.00455577926074 0.00300000000005
v -0.00917078610648 -0.00511338265625 0.00300000000005
v -0.00884857006587 -0.00565268146895 0.00300000000005
v -0.00849467844094 -0.00617174514907 0.00300000000005
v -0.00811037807186 -0.00666871558334 0.00300000000005
v -0.00769704465421 -0.0071418137466 0.00300000000005
v -0.00725615781436 -0.00758934607019 0.00300000000005
v -0.00678929581277 -0.00800971050455 0.00300000000005
v -0.00629812989422 -0.00840140225412 0.00300000000005
v -0.00578441830525 -0.00876301916407 0.00300000000005
v -0.00525 -0.00909326673974 0.00300000000005
v -0.00469678805731 -0.0093909627805 0.00300000000005
v -0.00412676283237 -0.00965504161179 0.00300000000005
v -0.00354196486752 -0.00988455789994 0.00300000000005
v -0.00294448758771 -0.0100786900362 0.00300000000005
v -0.00233646980654 -0.0102367430779 0.00300000000005
v -0.00172008806986 -0.0103581512362 0.00300000000005
v -0.00109754886431 -0.0104424799014 0.00300000000005
v -0.00047108071868 -0.0104894271987 0.00300000000005
v 0.00015707377366 -0.010498825069 0.00300000000005
v 0.000784665982658 -0.0104706398704 0.00300000000005
v 0.00140944929109 -0.0104049724986 0.00300000000005
v 0.00202918713685 -0.0103020580256 0.00300000000005
v 0.00264166101932 -0.0101622648587 0.00300000000005
v 0.00324467844094 -0.0099860934211 0.00300000000005
v 0.00383608075585 -0.00977417436077 0.00300000000005
v 0.00441375089725 -0.00952726629296 0.00300000000005
v 0.00497562095597 -0.0092462530845 0.00300000000005
v 0.00551967958301 -0.00893214068972 0.00300000000005
v 0.0060439791897 -0.00858605354948 0.00300000000005
v 0.00654664291952 -0.00820923056592 0.00300000000005
v 0.00702587136677 -0.00780302066751 0.00300000000005
v 0.00747994901799 -0.00736887798028 0.00300000000005
v 0.00790725039304 -0.00690835662237 0.00300000000005
v 0.00830624586389 -0.00642310514071 0.00300000000005
v 0.00867550713032 -0.00591486060967 0.00300000000005
v 0.00901371233282 -0.00538544241276 0.00300000000005
v 0.00931965078455 -0.00483674572973 0.00300000000005
v 0.00959222730525 -0.0042707347523 0.00300000000005
v 0.00983046614172 -0.00368943565286 0.00300000000005
v 0.0100335144608 -0.00309492933132 0.00300000000005
v 0.0102006454021 -0.00248934396601 0.00300000000005
v 0.0103312606803 -0.00187484739539 0.00300000000005
v 0.0104248927266 -0.00125363935767 0.00300000000005
v 0.0104812063626 -0.000627943616424 0.00300000000005
v 0.0105 -9.94759830064e-16 0.00300000000005
v 0.0105 -9.94759830064e-16 4.82521823432e-14
v 0.0104842529403 0.000574839355186 4.82509144098e-14
v 0.0104370589935 0.00114795451425 4.82496502794e-14
v 0.010358559715 0.00171762645268 4.82483937438e-14
v 0.0102489905587 0.00228214647372 4.82471485719e-14
v 0.0101086801707 0.00283982133346 4.82459184985e-14
v 0.00993804940363 0.00338897831965 4.82447072131e-14
v 0.00973761005415 0.00392797026889 4.82435183489e-14
v 0.00950796332809 0.00445518050719 4.82423554719e-14
v 0.00924979803701 0.00496902769911 4.82412220699e-14
v 0.00915212910097 0.00514670116908 0.000100596946257
v 0.0090558609239 0.0053142622178 0.000184451159134
v 0.00896129009569 0.00547222805007 0.000252544197448
v 0.0088784554831 0.00560562469633 0.00030094010175
v 0.00879629561146 0.0057336884776 0.000338911420138
v 0.00871783170468 0.00585229957318 0.000366167018556
v 0.00864377758926 0.00596113320579 0.000384111366571
v 0.00856686791203 0.00607114273191 0.000395064895925
v 0.00848772428867 0.00618130539603 0.000398519819323
v 0.00840754865857 0.00628992250161 0.000394332762753
v 0.00832742036012 0.00639562899013 0.000382839706455
v 0.00824782721229 0.00649794941773 0.00036461948339
v 0.00816913782923 0.00659660420697 0.000340363888552
v 0.00809162605476 0.00669145630148 0.000310811128893
v 0.00801548769406 0.00678247425393 0.000276696930412
v 0.00794085135755 0.00686970742341 0.00023871932019
v 0.00786778484155 0.00695326986483 0.000197513705467
v 0.00777281405759 0.007059274835 0.000138498395356
v 0.00767368176629 0.00716691067411 7.0943174217e-05
v 0.00757722899002 0.00726881013872 4.82361493986e-14
v 0.00712991437785 0.00770806856252 4.82351805185e-14
v 0.00665718181007 0.00811984792639 4.82342722494e-14
v 0.00616071656576 0.00850268024781 4.82334278293e-14
v 0.00564228853032 0.00885520073971 4.82326502685e-14
v 0.00510374588596 0.00917615267591 4.82319423391e-14
v 0.00454700852292 0.00946439187125 4.82313065647e-14
v 0.00397406119512 0.00971889076065 4.8230745212e-14
v 0.00338694644459 0.00993874206233 4.8230260282e-14
v 0.00278775731984 0.0101231620122 4.82298535036e-14
v 0.0021786299142 0.0102714931581 4.8229526327e-14
v 0.00156173575071 0.0103832067034 4.82292799184e-14
v 0.000939274040707 0.0104579043922 4.82291151564e-14
v 0.000313463843664 0.0104953199293 4.82290326283e-14
v -0.000313463843664 0.0104953199293 4.82290326283e-14
v -0.000939274040706 0.0104579043922 4.82291151564e-14
v -0.00156173575071 0.0103832067034 4.82292799184e-14
v -0.0021786299142 0.0102714931581 4.8229526327e-14
v -0.00278775731984 0.0101231620122 4.82298535036e-14
v -0.00338694644459 0.00993874206233 4.8230260282e-14
v -0.00397406119512 0.00971889076065 4.8230745212e-14
v -0.00454700852292 0.00946439187125 4.82313065647e-14
v -0.00510374588596 0.0091761526759 4.82319423391e-14
v -0.00564228853032 0.00885520073971 4.82326502685e-14
v -0.00616071656575 0.0085026802478 4.82334278293e-14
v -0.00665718181007 0.00811984792638 4.82342722494e-14
v -0.00712991437785 0.00770806856252 4.82351805185e-14
v -0.00757722899002 0.00726881013872 4.82361493986e-14
v -0.0077156295864 0.00712173153761 0.000100228751291
v -0.00784485586868 0.00697912862662 0.000183810500922
v -0.0079654915079 0.00684112162265 0.000251732622288
v -0.00806644281581 0.00672179293798 0.000300067025014
v -0.00816246562056 0.00660485843814 0.000338035209579
v -0.0082506516265 0.0064943627658 0.000365377221591
v -0.00833098665494 0.00639098281528 0.000383500597074
v -0.00841159839128 0.00628450574901 0.000394723294186
v -0.00847332302242 0.00620103192643 0.000398325827611
v -0.00853279719092 0.00611893552 0.000397502080363
v -0.00859123127938 0.00603661702949 0.000392422257005
v -0.00864830235321 0.00595456686101 0.000383226268377
v -0.00870375932584 0.0058732080985 0.000370149342028
v -0.00875741329493 0.0057929018961 0.00035349762868
v -0.00880910164394 0.00571399406726 0.000333636351901
v -0.00885882079061 0.00563660307397 0.00031091025129
v -0.00892215563097 0.00553580517201 0.000276695272408
v -0.00898956264551 0.00542565787933 0.000233641825117
v -0.00905315909619 0.00531886363786 0.000186590625945
v -0.00911323716084 0.00521525727513 0.000136271999937
v -0.00918369415865 0.00509016321978 6.98226003148e-05
v -0.00924979803701 0.00496902769911 4.82412220699e-14
v -0.00952927798978 0.00440940596832 4.82424564376e-14
v -0.00977493781969 0.00383413492476 4.82437253232e-14
v -0.00998590566154 0.00324525624855 4.82450242234e-14
v -0.0101614327746 0.00264485991433 4.82463485284e-14
v -0.0103008962001 0.00203507677374 4.8247693538e-14
v -0.0104038009717 0.00141807099292 4.82490544787e-14
v -0.0104697818728 0.00079603237171 4.82504265204e-14
v -0.0104986047321 0.000171168571858 4.82518047936e-14
v -0.0104901672551 -0.000454302718104 4.82531844069e-14
v -0.0104444993872 -0.00107816165362 4.82545604637e-14
v -0.0103617632069 -0.0016981941125 4.82559280804e-14
v -0.0102422523513 -0.002312199553 4.82572824031e-14
v -0.0100863909732 -0.00291799882373 4.82586186254e-14
v -0.00989473223651 -0.0035134418976 4.82599320049e-14
v -0.00966795635237 -0.00409641550246 4.82612178802e-14
v -0.00940686816543 -0.00466485062121 4.82624716877e-14
v -0.00911239429728 -0.00521672983495 4.82636889776e-14
v -0.00878557985778 -0.00575009448293 4.82648654295e-14
v -0.0084275847359 -0.00626305161398 4.82659968682e-14
v -0.00803967948319 -0.00675378070473 4.82670792782e-14
v -0.00762324080453 -0.00722054012081 4.82681088178e-14
v -0.00717974667204 -0.00766167329801 4.82690818331e-14
v -0.00671077107968 -0.00807561462157 4.82699948709e-14
v -0.00621797845703 -0.00846089498268 4.82708446907e-14
v -0.00570311776211 -0.00881614699239 4.82716282764e-14
v -0.00516801627417 -0.00914010983468 4.8272342847e-14
v -0.00461457310854 -0.00943163374108 4.82729858665e-14
v -0.00404475247657 -0.00968968407139 4.82735550528e-14
v -0.00346057671446 -0.00991334498559 4.82740483856e-14
v -0.00286411910583 -0.0101018226943 4.82744641143e-14
v -0.0022574965235 -0.0102544482761 4.82748007633e-14
v -0.00164286191657 -0.0103706800511 4.82750571378e-14
v -0.00102239666937 -0.0104501055043 4.82752323279e-14
v -0.000398302859651 -0.0104924427486 4.82753257119e-14
v 0.000227204556814 -0.010497541526 4.82753369584e-14
v 0.000851905607253 -0.0104653837405 4.82752660274e-14
v 0.00147358318075 -0.0103960835226 4.82751131707e-14
v 0.00209003089692 -0.010289886824 4.82748789307e-14
v 0.00269906093656 -0.0101471705446 4.82745641389e-14
v 0.00329851180634 -0.00996844119527 4.82741699123e-14
v 0.00388625601012 -0.0097543330999 4.82736976503e-14
v 0.00446020759962 -0.00950560614418 4.82731490288e-14
v 0.00501832957755 -0.00922314307875 4.82725259949e-14
v 0.00555864112713 -0.00890794638622 4.827183076e-14
v 0.0060792246421 -0.00856113472333 4.82710657913e-14
v 0.0065782325325 -0.00818393895068 4.82702338038e-14
v 0.00705389378186 -0.00777769776439 4.82693377503e-14
v 0.00750452023272 -0.00734385294493 4.82683808111e-14
v 0.00792851257796 -0.00688394424012 4.82673663822e-14
v 0.00832436603694 -0.00639960390048 4.82662980641e-14
v 0.00869067569601 -0.00589255088623 4.82651796481e-14
v 0.00902614149469 -0.00536458476658 4.82640151038e-14
v 0.00932957283969 -0.00481757933292 4.82628085642e-14
v 0.00959989283038 -0.00425347594859 4.82615643112e-14
v 0.00983614208083 -0.00367427665884 4.8260286761e-14
v 0.0100374821247 -0.00308203708543 4.82589804476e-14
v 0.0102031983911 -0.00247885913106 4.82576500072e-14
v 0.0103327027405 -0.00186688351957 4.82563001616e-14
v 0.0104255355524 -0.00124828219833 4.82549357016e-14
v 0.0104813673559 -0.000625250629876 4.82535614697e-14
v 0.0105 -9.94759830064e-16 4.82521823432e-14
v 0.0095 0.008 0.00200000000005
v 0.00950268480535 0.00791029376908 0.00200000000005
v 0.00951072961049 0.00782090866319 0.00200000000005
v 0.0095241056171 0.0077321646578 0.00200000000005
v 0.00954276494256 0.00764437943343 0.00200000000005
v 0.00956664079132 0.00755786723838 0.00200000000005
v 0.00959564769404 0.00747293776388 0.00200000000005
v 0.00962968181354 0.00738989503539 0.00200000000005
v 0.00966862131649 0.00730903632432 0.00200000000005
v 0.0097123268096 0.00723065108389 0.00200000000005
v 0.00976064183853 0.0071550199129 0.00200000000005
v 0.00981339344802 0.00708241355133 0.00200000000005
v 0.00987039280099 0.00701309191109 0.00200000000005
v 0.00993143585457 0.00694730314567 0.00200000000005
v 0.00999630409046 0.00688528276178 0.00200000000005
v 0.0100647652972 0.0068272527763 0.00200000000005
v 0.0101365744015 0.0067734209215 0.00200000000005
v 0.0102114743453 0.00672397990147 0.00200000000005
v 0.0102891970063 0.00667910670221 0.00200000000005
v 0.0103694641575 0.00663896195815 0.00200000000005
v 0.0104519884635 0.00660368937703 0.00200000000005
v 0.0105364745084 0.00657341522556 0.00200000000005
v 0.0106226198544 0.00654824787732 0.00200000000005
v 0.0107101161233 0.00652827742491 0.00200000000005
v 0.0107986501013 0.00651357535735 0.00200000000005
v 0.0108879048596 0.00650419430423 0.00200000000005
v 0.0109775608895 0.00650016784728 0.00200000000005
v 0.0110672972455 0.00650151040019 0.00200000000005
v 0.0111567926949 0.00650821715695 0.00200000000005
v 0.0112457268671 0.00652026410911 0.00200000000005
v 0.0113337814009 0.00653760813173 0.00200000000005
v 0.011420641084 0.00656018713768 0.00200000000005
v 0.0115059949811 0.00658792030001 0.00200000000005
v 0.0115895375475 0.00662070834117 0.00200000000005
v 0.0116709697225 0.0066584338885 0.00200000000005
v 0.01175 0.00670096189432 0.00200000000005
v 0.0118263454722 0.00674814011942 0.00200000000005
v 0.011899732842 0.00679979967798 0.00200000000005
v 0.0119698994018 0.00685575564221 0.00200000000005
v 0.0120365939735 0.00691580770426 0.00200000000005
v 0.0120995778077 0.00697974089334 0.00200000000005
v 0.0121586254388 0.00704732634524 0.00200000000005
v 0.0122135254916 0.00711832212156 0.00200000000005
v 0.012264081438 0.00719247407586 0.00200000000005
v 0.0123101123009 0.00726951676339 0.00200000000005
v 0.0123514533019 0.00734917439132 0.00200000000005
v 0.0123879564507 0.00743116180602 0.00200000000005
v 0.0124194910757 0.00751518551382 0.00200000000005
v 0.012445944291 0.00760094473165 0.00200000000005
v 0.0124672214011 0.00768813246377 0.00200000000005
v 0.0124832462393 0.00777643660073 0.00200000000005
v 0.012493961441 0.00786554103664 0.00200000000005
v 0.0124993286484 0.00795512680074 0.00200000000005
v 0.0124993286484 0.00804487319925 0.00200000000005
v 0.012493961441 0.00813445896335 0.00200000000005
v 0.0124832462393 0.00822356339926 0.00200000000005
v 0.0124672214011 0.00831186753623 0.00200000000005
v 0.012445944291 0.00839905526835 0.00200000000005
v 0.0124194910757 0.00848481448618 0.00200000000005
v 0.0123879564507 0.00856883819398 0.00200000000005
v 0.0123514533019 0.00865082560868 0.00200000000005
v 0.0123101123009 0.00873048323661 0.00200000000005
v 0.012264081438 0.00880752592414 0.00200000000005
v 0.0122135254916 0.00888167787844 0.00200000000005
v 0.0121586254388 0.00895267365476 0.00200000000005
v 0.0120995778077 0.00902025910666 0.00200000000005
v 0.0120365939735 0.00908419229574 0.00200000000005
v 0.0119698994018 0.00914424435779 0.00200000000005
v 0.011899732842 0.00920020032202 0.00200000000005
v 0.0118263454722 0.00925185988058 0.00200000000005
v 0.01175 0.00929903810568 0.00200000000005
v 0.0116709697225 0.0093415661115 0.00200000000005
v 0.0115895375475 0.00937929165883 0.00200000000005
v 0.0115059949811 0.00941207969999 0.00200000000005
v 0.011420641084 0.00943981286231 0.00200000000005
v 0.0113337814009 0.00946239186827 0.00200000000005
v 0.0112457268671 0.00947973589088 0.00200000000005
v 0.0111567926949 0.00949178284305 0.00200000000005
v 0.0110672972455 0.00949848959981 0.00200000000005
v 0.0109775608895 0.00949983215271 0.00200000000005
v 0.0108879048596 0.00949580569577 0.00200000000005
v 0.0107986501013 0.00948642464265 0.00200000000005
v 0.0107101161233 0.00947172257509 0.00200000000005
v 0.0106226198544 0.00945175212268 0.00200000000005
v 0.0105364745084 0.00942658477444 0.00200000000005
v 0.0104519884635 0.00939631062297 0.00200000000005
v 0.0103694641575 0.00936103804185 0.00200000000005
v 0.0102891970063 0.00932089329778 0.00200000000005
v 0.0102114743453 0.00927602009853 0.00200000000005
v 0.0101365744015 0.0092265790785 0.00200000000005
v 0.0100647652972 0.0091727472237 0.00200000000005
v 0.00999630409046 0.00911471723822 0.00200000000005
v 0.00993143585457 0.00905269685432 0.00200000000005
v 0.00987039280099 0.00898690808891 0.00200000000005
v 0.00981339344802 0.00891758644867 0.00200000000005
v 0.00976064183853 0.00884498008709 0.00200000000005
v 0.0097123268096 0.00876934891611 0.00200000000005
v 0.00966862131649 0.00869096367567 0.00200000000005
v 0.00962968181354 0.00861010496461 0.00200000000005
v 0.00959564769404 0.00852706223612 0.00200000000005
v 0.00956664079132 0.00844213276162 0.00200000000005
v 0.00954276494256 0.00835562056657 0.00200000000005
v 0.0095241056171 0.0082678353422 0.00200000000005
v 0.00951072961049 0.00817909133681 0.00200000000005
v 0.00950268480535 0.00808970623092 0.00200000000005
v 0.0095 0.008 0.00200000000005
v 0.009 0.008 0.00150000000005
v 0.0085 0.008 0.00100000000005
v 0.008 0.008 0.000500000000048
v 0.0075 0.008 4.82345366001e-14
v 0.00757722899002 0.00726881013872 4.82361493986e-14
v 0.00754351155702 0.00744982944138 4.82357501211e-14
v 0.00751936079614 0.00763237147481 4.82353474849e-14
v 0.00750484355046 0.00781593100956 4.82349426043e-14
v 0.00924979803701 0.00496902769911 4.82412220699e-14
v 0.00915212910097 0.00514670116908 0.000100596946257
v 0.0090558609239 0.0053142622178 0.000184451159134
v 0.00896129009569 0.00547222805007 0.000252544197448
v 0.0088784554831 0.00560562469633 0.00030094010175
v 0.00879629561146 0.0057336884776 0.000338911420138
v 0.00871783170468 0.00585229957318 0.000366167018556
v 0.00864377758926 0.00596113320579 0.000384111366571
v 0.00856686791203 0.00607114273191 0.000395064895925
v 0.00848772428867 0.00618130539603 0.000398519819323
v 0.00840754865857 0.00628992250161 0.000394332762753
v 0.00832742036012 0.00639562899013 0.000382839706455
v 0.00824782721229 0.00649794941773 0.00036461948339
v 0.00816913782923 0.00659660420697 0.000340363888552
v 0.00809162605476 0.00669145630148 0.000310811128893
v 0.00801548769406 0.00678247425393 0.000276696930412
v 0.00794085135755 0.00686970742341 0.00023871932019
v 0.00786778484155 0.00695326986483 0.000197513705467
v 0.00777281405759 0.007059274835 0.000138498395356
v 0.00767368176629 0.00716691067411 7.0943174217e-05
v 0.0075 0.008 4.82345366001e-14
v 0.00750619373856 0.00820812930489 4.82340775255e-14
v 0.00752475303289 0.00841552198207 4.82336200758e-14
v 0.00755561219645 0.00862144401095 4.82331658699e-14
v 0.00759866201005 0.00882516657598 4.82327165154e-14
v 0.00765375010838 0.00902596864612 4.82322736027e-14
v 0.00772068151928 0.0092231395268 4.82318386993e-14
v 0.00779921935381 0.00941598137522 4.82314133446e-14
v 0.00788908564464 0.00960381167024 4.8230999044e-14
v 0.00798996232987 0.009785965628 4.82305972637e-14
v 0.00810149237876 0.0099617985548 4.82302094259e-14
v 0.00822328105533 0.0101306881288 4.82298369031e-14
v 0.00835489731545 0.0102920366027 4.82294810139e-14
v 0.00849587533242 0.0104452729192 4.82291430178e-14
v 0.0086457161457 0.0105898547321 4.82288241112e-14
v 0.0088038894268 0.0107252703261 4.82285254226e-14
v 0.00896983535634 0.0108510404276 4.82282480092e-14
v 0.00914296660533 0.010966719901 4.82279928529e-14
v 0.00932267041395 0.0110718993245 4.82277608568e-14
v 0.00950831076025 0.0111662064386 4.82275528419e-14
v 0.00969923061121 0.0112493074642 4.82273695445e-14
v 0.0098947542482 0.0113209082836 4.82272116133e-14
v 0.0100941896585 0.0113807554814 4.82270796072e-14
v 0.0102968309844 0.0114286372417 4.82269739936e-14
v 0.0105019610218 0.0114643840977 4.82268951461e-14
v 0.0107088537582 0.0114878695311 4.82268433438e-14
v 0.0109167769424 0.0114990104205 4.82268187702e-14
v 0.0111249946763 0.0114977673352 4.82268215121e-14
v 0.0113327700191 0.0114841446747 4.82268515598e-14
v 0.0115393675959 0.0114581906536 4.82269088071e-14
v 0.0117440562002 0.0114199971303 4.82269930512e-14
v 0.0119461113819 0.0113696992823 4.82271039941e-14
v 0.0121448180112 0.0113074751278 4.8227241243e-14
v 0.01233947281 0.0112335448955 4.82274043122e-14
v 0.0125293868406 0.011148170245 4.82275926246e-14
v 0.0127138879442 0.0110516533412 4.82278055137e-14
v 0.0128923231199 0.0109443357842 4.8228042226e-14
v 0.0130640608357 0.0108265974009 4.82283019236e-14
v 0.013228493264 0.0106988549002 4.82285836875e-14
v 0.0133850384325 0.0105615603986 4.82288865205e-14
v 0.0135331422841 0.0104151998196 4.82292093506e-14
v 0.013672280638 0.0102602911741 4.82295510354e-14
v 0.0138019610446 0.0100973827272 4.82299103655e-14
v 0.0139217245289 0.00992705105723 4.82302860691e-14
v 0.0140311472144 0.00974989901559 4.82306768165e-14
v 0.0141298418236 0.0095665535928 4.82310812248e-14
v 0.0142174590489 0.00937766369949 4.82314978626e-14
v 0.0142936887883 0.00918389786973 4.82319252554e-14
v 0.0143582612435 0.00898594189489 4.82323618904e-14
v 0.0144109478747 0.00878449639643 4.82328062223e-14
v 0.0144515622091 0.00858027434621 4.82332566786e-14
v 0.0144799605012 0.00837399854308 4.82337116648e-14
v 0.0144960422415 0.00816639905469 4.82341695707e-14
v 0.0144997505124 0.00795821063359 4.82346287756e-14
v 0.0144910721891 0.00775017011672 4.82350876543e-14
v 0.0144700379867 0.00754301381756 4.82355445827e-14
v 0.0144367223511 0.00733747492008 4.82359979435e-14
v 0.0143912431956 0.00713428088382 4.82364461322e-14
v 0.0143337614837 0.0069341508692 4.82368875626e-14
v 0.0142644806592 0.00673779319222 4.82373206722e-14
v 0.0141836459263 0.00654590281752 4.82377439283e-14
v 0.0140915433816 0.0063591588987 4.82381558327e-14
v 0.0139884990018 0.00617822237463 4.82385549276e-14
v 0.0138748774897 0.00600373363018 4.82389398005e-14
v 0.0137510809835 0.00583631022972 4.82393090893e-14
v 0.0136175476337 0.00567654473143 4.82396614869e-14
v 0.0134747500521 0.00552500258999 4.82399957462e-14
v 0.0133231936391 0.00538222015535 4.82403106839e-14
v 0.0131634147953 0.00524870277442 4.82406051856e-14
v 0.0129959790225 0.00512492300247 4.82408782089e-14
v 0.0128214789227 0.00501131893068 4.82411287874e-14
v 0.0126405321005 0.00490829263558 4.82413560343e-14
v 0.0124537789772 0.00481620875598 4.82415591454e-14
v 0.0122618805242 0.00473539320244 4.82417374017e-14
v 0.0120655159237 0.00466613200377 4.82418901724e-14
v 0.011865380165 0.00460867029469 4.82420169167e-14
v 0.0116621815842 0.00456321144823 4.82421171861e-14
v 0.0114566393579 0.00452991635593 4.82421906257e-14
v 0.0112494809575 0.00450890285843 4.82422369755e-14
v 0.0110414395742 0.00450024532836 4.82422560716e-14
v 0.0108332515248 0.00450397440713 4.82422478463e-14
v 0.0106256536448 0.00452007689649 4.82422123287e-14
v 0.010419380681 0.00454849580524 4.82421496446e-14
v 0.0102151626911 0.00458913055092 4.82420600159e-14
v 0.0100137224596 0.00464183731584 4.82419437596e-14
v 0.00981577293962 0.00470642955602 4.82418012873e-14
v 0.00962201472981 0.0047826786615 4.82416331033e-14
v 0.00943313359459 0.00487031476541 4.82414398028e-14
v 0.009 0.008 0.00150000000005
v 0.0085 0.008 0.00100000000005
v 0.008 0.008 0.000500000000048
v 0.0109407333444 0.00999912167302 0.00150000000005
v 0.0103410320848 0.0104115889548 0.00100000000005
v 0.0102483448358 0.00985337921486 0.00150000000005
v 0.0104728256679 0.00992927116382 0.00150000000005
v 0.0100604310447 0.0103167240186 0.00100000000005
v 0.00955162339181 0.0106272048266 0.000500000000048
v 0.00979301949317 0.0101893373555 0.00100000000005
v 0.00954255130221 0.010031217195 0.00100000000005
v 0.00925106156266 0.010437460634 0.000500000000048
v 0.0111775917906 0.00999209968523 0.00150000000005
v 0.01063088359 0.0104726004683 0.00100000000005
v 0.010704706872 0.00997808037464 0.00150000000005
v 0.00987251725366 0.0107800688223 0.000500000000048
v 0.0114119572375 0.0099571129846 0.00150000000005
v 0.0109259166804 0.0104989020913 0.00100000000005
v 0.0102092385018 0.0108939067457 0.000500000000048
v 0.0116405397077 0.00989465270771 0.00150000000005
v 0.0112219897383 0.0104901246065 0.00100000000005
v 0.010557060308 0.010967120562 0.000500000000048
v 0.0118601304046 0.00980559565993 0.00150000000005
v 0.0115149465469 0.0104463912307 0.00100000000005
v 0.0109111000165 0.0109986825095 0.000500000000048
v 0.0120676467559 0.009691192007 0.00150000000005
v 0.0118006746347 0.0103683158846 0.00100000000005
v 0.011266387686 0.0109881495278 0.000500000000048
v 0.0122601756872 0.00955304772544 0.00150000000005
v 0.0120751630057 0.0102569945749 0.00100000000005
v 0.0116179358562 0.0109356694769 0.000500000000048
v 0.0124350145141 0.00939310205813 0.00150000000005
v 0.0123345584449 0.0101139900088 0.00100000000005
v 0.0119608095616 0.0108419790616 0.000500000000048
v 0.0125897088828 0.00921360029164 0.00150000000005
v 0.012575219609 0.00994130965679 0.00100000000005
v 0.0122901956068 0.0107083934899 0.000500000000048
v 0.0127220872235 0.0090170622373 0.00150000000005
v 0.0127937681426 0.00974137757266 0.00100000000005
v 0.0126014701339 0.0105367880105 0.000500000000048
v 0.0128302912345 0.00880624685858 0.00150000000005
v 0.0129871361035 0.00951700036455 0.00100000000005
v 0.0128902635307 0.0103295715882 0.000500000000048
v 0.0129128019686 0.00858411354127 0.00150000000005
v 0.0131526090294 0.00927132779662 0.00100000000005
v 0.0131525217711 0.0100896530872 0.000500000000048
v 0.0129684611559 0.00835378055024 0.00150000000005
v 0.0132878640431 0.00900780857322 0.00100000000005
v 0.0133845633242 0.00982040043746 0.000500000000048
v 0.0129964874635 0.00811848125579 0.00150000000005
v 0.0133910024607 0.00873014192659 0.00100000000005
v 0.0135831308353 0.00952559335595 0.000500000000048
v 0.0129964874635 0.00788151874421 0.00150000000005
v 0.0134605764449 0.00844222568781 0.00100000000005
v 0.0137454368517 0.00920937028786 0.000500000000048
v 0.0129684611559 0.00764621944975 0.00150000000005
v 0.0134956093294 0.00814810156973 0.00100000000005
v 0.0138692029528 0.00887617031191 0.000500000000048
v 0.0129128019686 0.00741588645873 0.00150000000005
v 0.0134956093294 0.00785189843027 0.00100000000005
v 0.0139526917338 0.00853067082537 0.000500000000048
v 0.0128302912345 0.00719375314142 0.00150000000005
v 0.0134605764449 0.00755777431219 0.00100000000005
v 0.0139947311953 0.00817772188368 0.000500000000048
v 0.0127220872235 0.0069829377627 0.00150000000005
v 0.0133910024607 0.00726985807341 0.00100000000005
v 0.0139947311953 0.00782227811632 0.000500000000048
v 0.0125897088828 0.00678639970836 0.00150000000005
v 0.0132878640431 0.00699219142678 0.00100000000005
v 0.0139526917338 0.00746932917463 0.000500000000048
v 0.0124350145141 0.00660689794187 0.00150000000005
v 0.0131526090294 0.00672867220338 0.00100000000005
v 0.0138692029528 0.00712382968809 0.000500000000048
v 0.0122601756872 0.00644695227456 0.00150000000005
v 0.0129871361035 0.00648299963545 0.00100000000005
v 0.0137454368517 0.00679062971214 0.000500000000048
v 0.0120676467559 0.006308807993 0.00150000000005
v 0.0127937681426 0.00625862242734 0.00100000000005
v 0.0135831308353 0.00647440664405 0.000500000000048
v 0.0118601304046 0.00619440434007 0.00150000000005
v 0.012575219609 0.0060586903432 0.00100000000005
v 0.0133845633242 0.00617959956254 0.000500000000048
v 0.0116405397077 0.00610534729229 0.00150000000005
v 0.0123345584449 0.00588600999124 0.00100000000005
v 0.0131525217711 0.00591034691281 0.000500000000048
v 0.0114119572375 0.0060428870154 0.00150000000005
v 0.0120751630057 0.00574300542509 0.00100000000005
v 0.0128902635307 0.00567042841185 0.000500000000048
v 0.0111775917906 0.00600790031477 0.00150000000005
v 0.0118006746347 0.00563168411536 0.00100000000005
v 0.0126014701339 0.00546321198949 0.000500000000048
v 0.0109407333444 0.00600087832698 0.00150000000005
v 0.0115149465469 0.00555360876925 0.00100000000005
v 0.0122901956068 0.0052916065101 0.000500000000048
v 0.010704706872 0.00602191962535 0.00150000000005
v 0.0112219897383 0.00550987539346 0.00100000000005
v 0.0119608095616 0.00515802093844 0.000500000000048
v 0.0104728256679 0.00607072883618 0.00150000000005
v 0.0109259166804 0.00550109790873 0.00100000000005
v 0.0116179358562 0.0050643305231 0.000500000000048
v 0.0102483448358 0.00614662078513 0.00150000000005
v 0.01063088359 0.00552739953169 0.00100000000005
v 0.011266387686 0.00501185047215 0.000500000000048
v 0.0100344155945 0.00624853011561 0.00150000000005
v 0.0103410320848 0.00558841104523 0.00100000000005
v 0.0109111000165 0.00500131749047 0.000500000000048
v 0.00983404104177 0.00637502624399 0.00150000000005
v 0.0100604310447 0.00568327598142 0.00100000000005
v 0.010557060308 0.00503287943803 0.000500000000048
v 0.00965003399696 0.00652433344191 0.00150000000005
v 0.00979301949317 0.00581066264451 0.00100000000005
v 0.0102092385018 0.00510609325427 0.000500000000048
v 0.00948497751568 0.00669435576362 0.00150000000005
v 0.00954255130221 0.00596878280498 0.00100000000005
v 0.00987251725366 0.0052199311777 0.000500000000048
v 0.0093411886291 0.00688270646839 0.00150000000005
v 0.00931254249621 0.00615541680239 0.00100000000005
v 0.00955162339181 0.00537279517341 0.000500000000048
v 0.00922068581801 0.00708674152521 0.00150000000005
v 0.0091062218946 0.00636794470452 0.00100000000005
v 0.00925106156266 0.00556253936598 0.000500000000048
v 0.00912516067773 0.00730359672913 0.00150000000005
v 0.00892648578638 0.00660338308549 0.00100000000005
v 0.00897505099545 0.00578650016287 0.000500000000048
v 0.00905595417184 0.00753022790844 0.00150000000005
v 0.00877585727251 0.00685842690651 0.00100000000005
v 0.00872746627352 0.00604153364543 0.000500000000048
v 0.00901403780797 0.00776345365816 0.00150000000005
v 0.00865645084717 0.00712949591141 0.00100000000005
v 0.00851178294365 0.00632405970259 0.000500000000048
v 0.0085699427148 0.00741278488555 0.00100000000005
v 0.00833102872702 0.00663011228782 0.000500000000048
v 0.00851754725997 0.00770431707269 0.00100000000005
v 0.0081877410166 0.00695539509369 0.000500000000048
v 0.00808393125776 0.00729534186266 0.000500000000048
v 0.00802105671196 0.00764518048723 0.000500000000048
v 0.00901403780797 0.00823654634184 0.00150000000005
v 0.00905595417184 0.00846977209156 0.00150000000005
v 0.00912516067773 0.00869640327087 0.00150000000005
v 0.00851754725997 0.0082956829273 0.00100000000005
v 0.00922068581801 0.00891325847479 0.00150000000005
v 0.0085699427148 0.00858721511445 0.00100000000005
v 0.0093411886291 0.00911729353161 0.00150000000005
v 0.00865645084716 0.00887050408858 0.00100000000005
v 0.00802105671196 0.00835481951276 0.000500000000048
v 0.00948497751568 0.00930564423638 0.00150000000005
v 0.00877585727251 0.00914157309348 0.00100000000005
v 0.00808393125776 0.00870465813734 0.000500000000048
v 0.00965003399696 0.00947566655808 0.00150000000005
v 0.00892648578637 0.00939661691451 0.00100000000005
v 0.0081877410166 0.0090446049063 0.000500000000048
v 0.00983404104177 0.00962497375601 0.00150000000005
v 0.0091062218946 0.00963205529547 0.00100000000005
v 0.00833102872702 0.00936988771218 0.000500000000048
v 0.0100344155945 0.00975146988439 0.00150000000005
v 0.0093125424962 0.0098445831976 0.00100000000005
v 0.00851178294365 0.00967594029741 0.000500000000048
v 0.00872746627351 0.00995846635457 0.000500000000048
v 0.00897505099544 0.0102134998371 0.000500000000048
v -0.0095 -0.032 0.00300000000005
v -0.0095 -0.032 0.00200000000005
v -0.0095 -0.032 0.00200000000005
v -0.00950268480535 -0.0320897062309 0.00200000000005
v -0.00951072961049 -0.0321790913368 0.00200000000005
v -0.0095241056171 -0.0322678353422 0.00200000000005
v -0.00954276494256 -0.0323556205666 0.00200000000005
v -0.00956664079132 -0.0324421327616 0.00200000000005
v -0.00959564769404 -0.0325270622361 0.00200000000005
v -0.00962968181354 -0.0326101049646 0.00200000000005
v -0.00966862131649 -0.0326909636757 0.00200000000005
v -0.0097123268096 -0.0327693489161 0.00200000000005
v -0.00976064183853 -0.0328449800871 0.00200000000005
v -0.00981339344802 -0.0329175864487 0.00200000000005
v -0.00987039280099 -0.0329869080889 0.00200000000005
v -0.00993143585457 -0.0330526968543 0.00200000000005
v -0.00999630409046 -0.0331147172382 0.00200000000005
v -0.0100647652972 -0.0331727472237 0.00200000000005
v -0.0101365744015 -0.0332265790785 0.00200000000005
v -0.0102114743453 -0.0332760200985 0.00200000000005
v -0.0102891970063 -0.0333208932978 0.00200000000005
v -0.0103694641575 -0.0333610380419 0.00200000000005
v -0.0104519884635 -0.033396310623 0.00200000000005
v -0.0105364745084 -0.0334265847744 0.00200000000005
v -0.0106226198544 -0.0334517521227 0.00200000000005
v -0.0107101161233 -0.0334717225751 0.00200000000005
v -0.0107986501013 -0.0334864246427 0.00200000000005
v -0.0108879048596 -0.0334958056958 0.00200000000005
v -0.0109775608895 -0.0334998321527 0.00200000000005
v -0.0110672972455 -0.0334984895998 0.00200000000005
v -0.0111567926949 -0.0334917828431 0.00200000000005
v -0.0112457268671 -0.0334797358909 0.00200000000005
v -0.0113337814009 -0.0334623918683 0.00200000000005
v -0.011420641084 -0.0334398128623 0.00200000000005
v -0.0115059949811 -0.0334120797 0.00200000000005
v -0.0115895375475 -0.0333792916588 0.00200000000005
v -0.0116709697225 -0.0333415661115 0.00200000000005
v -0.01175 -0.0332990381057 0.00200000000005
v -0.0118263454722 -0.0332518598806 0.00200000000005
v -0.011899732842 -0.033200200322 0.00200000000005
v -0.0119698994018 -0.0331442443578 0.00200000000005
v -0.0120365939735 -0.0330841922957 0.00200000000005
v -0.0120995778077 -0.0330202591067 0.00200000000005
v -0.0121586254388 -0.0329526736548 0.00200000000005
v -0.0122135254916 -0.0328816778784 0.00200000000005
v -0.012264081438 -0.0328075259241 0.00200000000005
v -0.0123101123009 -0.0327304832366 0.00200000000005
v -0.0123514533019 -0.0326508256087 0.00200000000005
v -0.0123879564507 -0.032568838194 0.00200000000005
v -0.0124194910757 -0.0324848144862 0.00200000000005
v -0.012445944291 -0.0323990552684 0.00200000000005
v -0.0124672214011 -0.0323118675362 0.00200000000005
v -0.0124832462393 -0.0322235633993 0.00200000000005
v -0.012493961441 -0.0321344589634 0.00200000000005
v -0.0124993286484 -0.0320448731993 0.00200000000005
v -0.0124993286484 -0.0319551268007 0.00200000000005
v -0.012493961441 -0.0318655410366 0.00200000000005
v -0.0124832462393 -0.0317764366007 0.00200000000005
v -0.0124672214011 -0.0316881324638 0.00200000000005
v -0.012445944291 -0.0316009447317 0.00200000000005
v -0.0124194910757 -0.0315151855138 0.00200000000005
v -0.0123879564507 -0.031431161806 0.00200000000005
v -0.0123514533019 -0.0313491743913 0.00200000000005
v -0.0123101123009 -0.0312695167634 0.00200000000005
v -0.012264081438 -0.0311924740759 0.00200000000005
v -0.0122135254916 -0.0311183221216 0.00200000000005
v -0.0121586254388 -0.0310473263452 0.00200000000005
v -0.0120995778077 -0.0309797408933 0.00200000000005
v -0.0120365939735 -0.0309158077043 0.00200000000005
v -0.0119698994018 -0.0308557556422 0.00200000000005
v -0.011899732842 -0.030799799678 0.00200000000005
v -0.0118263454722 -0.0307481401194 0.00200000000005
v -0.01175 -0.0307009618943 0.00200000000005
v -0.0116709697225 -0.0306584338885 0.00200000000005
v -0.0115895375475 -0.0306207083412 0.00200000000005
v -0.0115059949811 -0.0305879203 0.00200000000005
v -0.011420641084 -0.0305601871377 0.00200000000005
v -0.0113337814009 -0.0305376081317 0.00200000000005
v -0.0112457268671 -0.0305202641091 0.00200000000005
v -0.0111567926949 -0.0305082171569 0.00200000000005
v -0.0110672972455 -0.0305015104002 0.00200000000005
v -0.0109775608895 -0.0305001678473 0.00200000000005
v -0.0108879048596 -0.0305041943042 0.00200000000005
v -0.0107986501013 -0.0305135753573 0.00200000000005
v -0.0107101161233 -0.0305282774249 0.00200000000005
v -0.0106226198544 -0.0305482478773 0.00200000000005
v -0.0105364745084 -0.0305734152256 0.00200000000005
v -0.0104519884635 -0.030603689377 0.00200000000005
v -0.0103694641575 -0.0306389619581 0.00200000000005
v -0.0102891970063 -0.0306791067022 0.00200000000005
v -0.0102114743453 -0.0307239799015 0.00200000000005
v -0.0101365744015 -0.0307734209215 0.00200000000005
v -0.0100647652972 -0.0308272527763 0.00200000000005
v -0.00999630409046 -0.0308852827618 0.00200000000005
v -0.00993143585457 -0.0309473031457 0.00200000000005
v -0.00987039280099 -0.0310130919111 0.00200000000005
v -0.00981339344802 -0.0310824135513 0.00200000000005
v -0.00976064183853 -0.0311550199129 0.00200000000005
v -0.0097123268096 -0.0312306510839 0.00200000000005
v -0.00966862131649 -0.0313090363243 0.00200000000005
v -0.00962968181354 -0.0313898950354 0.00200000000005
v -0.00959564769404 -0.0314729377639 0.00200000000005
v -0.00956664079132 -0.0315578672384 0.00200000000005
v -0.00954276494256 -0.0316443794334 0.00200000000005
v -0.0095241056171 -0.0317321646578 0.00200000000005
v -0.00951072961049 -0.0318209086632 0.00200000000005
v -0.00950268480535 -0.0319102937691 0.00200000000005
v -0.0095 -0.032 0.00300000000005
v -0.00950268480535 -0.0319102937691 0.00300000000005
v -0.00951072961049 -0.0318209086632 0.00300000000005
v -0.0095241056171 -0.0317321646578 0.00300000000005
v -0.00954276494256 -0.0316443794334 0.00300000000005
v -0.00956664079132 -0.0315578672384 0.00300000000005
v -0.00959564769404 -0.0314729377639 0.00300000000005
v -0.00962968181354 -0.0313898950354 0.00300000000005
v -0.00966862131649 -0.0313090363243 0.00300000000005
v -0.0097123268096 -0.0312306510839 0.00300000000005
v -0.00976064183853 -0.0311550199129 0.00300000000005
v -0.00981339344802 -0.0310824135513 0.00300000000005
v -0.00987039280099 -0.0310130919111 0.00300000000005
v -0.00993143585457 -0.0309473031457 0.00300000000005
v -0.00999630409046 -0.0308852827618 0.00300000000005
v -0.0100647652972 -0.0308272527763 0.00300000000005
v -0.0101365744015 -0.0307734209215 0.00300000000005
v -0.0102114743453 -0.0307239799015 0.00300000000005
v -0.0102891970063 -0.0306791067022 0.00300000000005
v -0.0103694641575 -0.0306389619581 0.00300000000005
v -0.0104519884635 -0.030603689377 0.00300000000005
v -0.0105364745084 -0.0305734152256 0.00300000000005
v -0.0106226198544 -0.0305482478773 0.00300000000005
v -0.0107101161233 -0.0305282774249 0.00300000000005
v -0.0107986501013 -0.0305135753573 0.00300000000005
v -0.0108879048596 -0.0305041943042 0.00300000000005
v -0.0109775608895 -0.0305001678473 0.00300000000005
v -0.0110672972455 -0.0305015104002 0.00300000000005
v -0.0111567926949 -0.0305082171569 0.00300000000005
v -0.0112457268671 -0.0305202641091 0.00300000000005
v -0.0113337814009 -0.0305376081317 0.00300000000005
v -0.011420641084 -0.0305601871377 0.00300000000005
v -0.0115059949811 -0.0305879203 0.00300000000005
v -0.0115895375475 -0.0306207083412 0.00300000000005
v -0.0116709697225 -0.0306584338885 0.00300000000005
v -0.01175 -0.0307009618943 0.00300000000005
v -0.0118263454722 -0.0307481401194 0.00300000000005
v -0.011899732842 -0.030799799678 0.00300000000005
v -0.0119698994018 -0.0308557556422 0.00300000000005
v -0.0120365939735 -0.0309158077043 0.00300000000005
v -0.0120995778077 -0.0309797408933 0.00300000000005
v -0.0121586254388 -0.0310473263452 0.00300000000005
v -0.0122135254916 -0.0311183221216 0.00300000000005
v -0.012264081438 -0.0311924740759 0.00300000000005
v -0.0123101123009 -0.0312695167634 0.00300000000005
v -0.0123514533019 -0.0313491743913 0.00300000000005
v -0.0123879564507 -0.031431161806 0.00300000000005
v -0.0124194910757 -0.0315151855138 0.00300000000005
v -0.012445944291 -0.0316009447316 0.00300000000005
v -0.0124672214011 -0.0316881324638 0.00300000000005
v -0.0124832462393 -0.0317764366007 0.00300000000005
v -0.012493961441 -0.0318655410366 0.00300000000005
v -0.0124993286484 -0.0319551268007 0.00300000000005
v -0.0124993286484 -0.0320448731993 0.00300000000005
v -0.012493961441 -0.0321344589634 0.00300000000005
v -0.0124832462393 -0.0322235633993 0.00300000000005
v -0.0124672214011 -0.0323118675362 0.00300000000005
v -0.012445944291 -0.0323990552683 0.00300000000005
v -0.0124194910757 -0.0324848144862 0.00300000000005
v -0.0123879564507 -0.032568838194 0.00300000000005
v -0.0123514533019 -0.0326508256087 0.00300000000005
v -0.0123101123009 -0.0327304832366 0.00300000000005
v -0.012264081438 -0.0328075259241 0.00300000000005
v -0.0122135254916 -0.0328816778784 0.00300000000005
v -0.0121586254388 -0.0329526736548 0.00300000000005
v -0.0120995778077 -0.0330202591067 0.00300000000005
v -0.0120365939735 -0.0330841922957 0.00300000000005
v -0.0119698994018 -0.0331442443578 0.00300000000005
v -0.011899732842 -0.033200200322 0.00300000000005
v -0.0118263454722 -0.0332518598806 0.00300000000005
v -0.01175 -0.0332990381057 0.00300000000005
v -0.0116709697225 -0.0333415661115 0.00300000000005
v -0.0115895375475 -0.0333792916588 0.00300000000005
v -0.0115059949811 -0.0334120797 0.00300000000005
v -0.011420641084 -0.0334398128623 0.00300000000005
v -0.0113337814009 -0.0334623918683 0.00300000000005
v -0.0112457268671 -0.0334797358909 0.00300000000005
v -0.0111567926949 -0.0334917828431 0.00300000000005
v -0.0110672972455 -0.0334984895998 0.00300000000005
v -0.0109775608895 -0.0334998321527 0.00300000000005
v -0.0108879048596 -0.0334958056958 0.00300000000005
v -0.0107986501013 -0.0334864246427 0.00300000000005
v -0.0107101161233 -0.0334717225751 0.00300000000005
v -0.0106226198544 -0.0334517521227 0.00300000000005
v -0.0105364745084 -0.0334265847744 0.00300000000005
v -0.0104519884635 -0.033396310623 0.00300000000005
v -0.0103694641575 -0.0333610380419 0.00300000000005
v -0.0102891970063 -0.0333208932978 0.00300000000005
v -0.0102114743453 -0.0332760200985 0.00300000000005
v -0.0101365744015 -0.0332265790785 0.00300000000005
v -0.0100647652972 -0.0331727472237 0.00300000000005
v -0.00999630409046 -0.0331147172382 0.00300000000005
v -0.00993143585457 -0.0330526968543 0.00300000000005
v -0.00987039280099 -0.0329869080889 0.00300000000005
v -0.00981339344802 -0.0329175864487 0.00300000000005
v -0.00976064183853 -0.0328449800871 0.00300000000005
v -0.0097123268096 -0.0327693489161 0.00300000000005
v -0.00966862131649 -0.0326909636757 0.00300000000005
v -0.00962968181354 -0.0326101049646 0.00300000000005
v -0.00959564769404 -0.0325270622361 0.00300000000005
v -0.00956664079132 -0.0324421327616 0.00300000000005
v -0.00954276494256 -0.0323556205666 0.00300000000005
v -0.0095241056171 -0.0322678353422 0.00300000000005
v -0.00951072961049 -0.0321790913368 0.00300000000005
v -0.00950268480535 -0.0320897062309 0.00300000000005
v 0.0095 -0.032 0.00300000000005
v 0.0095 -0.032 0.00200000000005
v 0.00950268480535 -0.0320897062309 0.00200000000005
v 0.00951072961049 -0.0321790913368 0.00200000000005
v 0.0095241056171 -0.0322678353422 0.00200000000005
v 0.00954276494256 -0.0323556205666 0.00200000000005
v 0.00956664079132 -0.0324421327616 0.00200000000005
v 0.00959564769404 -0.0325270622361 0.00200000000005
v 0.00962968181354 -0.0326101049646 0.00200000000005
v 0.00966862131649 -0.0326909636757 0.00200000000005
v 0.0097123268096 -0.0327693489161 0.00200000000005
v 0.00976064183853 -0.0328449800871 0.00200000000005
v 0.00981339344802 -0.0329175864487 0.00200000000005
v 0.00987039280099 -0.0329869080889 0.00200000000005
v 0.00993143585457 -0.0330526968543 0.00200000000005
v 0.00999630409046 -0.0331147172382 0.00200000000005
v 0.0100647652972 -0.0331727472237 0.00200000000005
v 0.0101365744015 -0.0332265790785 0.00200000000005
v 0.0102114743453 -0.0332760200985 0.00200000000005
v 0.0102891970063 -0.0333208932978 0.00200000000005
v 0.0103694641575 -0.0333610380419 0.00200000000005
v 0.0104519884635 -0.033396310623 0.00200000000005
v 0.0105364745084 -0.0334265847744 0.00200000000005
v 0.0106226198544 -0.0334517521227 0.00200000000005
v 0.0107101161233 -0.0334717225751 0.00200000000005
v 0.0107986501013 -0.0334864246427 0.00200000000005
v 0.0108879048596 -0.0334958056958 0.00200000000005
v 0.0109775608895 -0.0334998321527 0.00200000000005
v 0.0110672972455 -0.0334984895998 0.00200000000005
v 0.0111567926949 -0.0334917828431 0.00200000000005
v 0.0112457268671 -0.0334797358909 0.00200000000005
v 0.0113337814009 -0.0334623918683 0.00200000000005
v 0.011420641084 -0.0334398128623 0.00200000000005
v 0.0115059949811 -0.0334120797 0.00200000000005
v 0.0115895375475 -0.0333792916588 0.00200000000005
v 0.0116709697225 -0.0333415661115 0.00200000000005
v 0.01175 -0.0332990381057 0.00200000000005
v 0.0118263454722 -0.0332518598806 0.00200000000005
v 0.011899732842 -0.033200200322 0.00200000000005
v 0.0119698994018 -0.0331442443578 0.00200000000005
v 0.0120365939735 -0.0330841922957 0.00200000000005
v 0.0120995778077 -0.0330202591067 0.00200000000005
v 0.0121586254388 -0.0329526736548 0.00200000000005
v 0.0122135254916 -0.0328816778784 0.00200000000005
v 0.012264081438 -0.0328075259241 0.00200000000005
v 0.0123101123009 -0.0327304832366 0.00200000000005
v 0.0123514533019 -0.0326508256087 0.00200000000005
v 0.0123879564507 -0.032568838194 0.00200000000005
v 0.0124194910757 -0.0324848144862 0.00200000000005
v 0.012445944291 -0.0323990552684 0.00200000000005
v 0.0124672214011 -0.0323118675362 0.00200000000005
v 0.0124832462393 -0.0322235633993 0.00200000000005
v 0.012493961441 -0.0321344589634 0.00200000000005
v 0.0124993286484 -0.0320448731993 0.00200000000005
v 0.0124993286484 -0.0319551268007 0.00200000000005
v 0.012493961441 -0.0318655410366 0.00200000000005
v 0.0124832462393 -0.0317764366007 0.00200000000005
v 0.0124672214011 -0.0316881324638 0.00200000000005
v 0.012445944291 -0.0316009447317 0.00200000000005
v 0.0124194910757 -0.0315151855138 0.00200000000005
v 0.0123879564507 -0.031431161806 0.00200000000005
v 0.0123514533019 -0.0313491743913 0.00200000000005
v 0.0123101123009 -0.0312695167634 0.00200000000005
v 0.012264081438 -0.0311924740759 0.00200000000005
v 0.0122135254916 -0.0311183221216 0.00200000000005
v 0.0121586254388 -0.0310473263452 0.00200000000005
v 0.0120995778077 -0.0309797408933 0.00200000000005
v 0.0120365939735 -0.0309158077043 0.00200000000005
v 0.0119698994018 -0.0308557556422 0.00200000000005
v 0.011899732842 -0.030799799678 0.00200000000005
v 0.0118263454722 -0.0307481401194 0.00200000000005
v 0.01175 -0.0307009618943 0.00200000000005
v 0.0116709697225 -0.0306584338885 0.00200000000005
v 0.0115895375475 -0.0306207083412 0.00200000000005
v 0.0115059949811 -0.0305879203 0.00200000000005
v 0.011420641084 -0.0305601871377 0.00200000000005
v 0.0113337814009 -0.0305376081317 0.00200000000005
v 0.0112457268671 -0.0305202641091 0.00200000000005
v 0.0111567926949 -0.0305082171569 0.00200000000005
v 0.0110672972455 -0.0305015104002 0.00200000000005
v 0.0109775608895 -0.0305001678473 0.00200000000005
v 0.0108879048596 -0.0305041943042 0.00200000000005
v 0.0107986501013 -0.0305135753573 0.00200000000005
v 0.0107101161233 -0.0305282774249 0.00200000000005
v 0.0106226198544 -0.0305482478773 0.00200000000005
v 0.0105364745084 -0.0305734152256 0.00200000000005
v 0.0104519884635 -0.030603689377 0.00200000000005
v 0.0103694641575 -0.0306389619581 0.00200000000005
v 0.0102891970063 -0.0306791067022 0.00200000000005
v 0.0102114743453 -0.0307239799015 0.00200000000005
v 0.0101365744015 -0.0307734209215 0.00200000000005
v 0.0100647652972 -0.0308272527763 0.00200000000005
v 0.00999630409046 -0.0308852827618 0.00200000000005
v 0.00993143585457 -0.0309473031457 0.00200000000005
v 0.00987039280099 -0.0310130919111 0.00200000000005
v 0.00981339344802 -0.0310824135513 0.00200000000005
v 0.00976064183853 -0.0311550199129 0.00200000000005
v 0.0097123268096 -0.0312306510839 0.00200000000005
v 0.00966862131649 -0.0313090363243 0.00200000000005
v 0.00962968181354 -0.0313898950354 0.00200000000005
v 0.00959564769404 -0.0314729377639 0.00200000000005
v 0.00956664079132 -0.0315578672384 0.00200000000005
v 0.00954276494256 -0.0316443794334 0.00200000000005
v 0.0095241056171 -0.0317321646578 0.00200000000005
v 0.00951072961049 -0.0318209086632 0.00200000000005
v 0.00950268480535 -0.0319102937691 0.00200000000005
v 0.0095 -0.032 0.00200000000005
v 0.0095 -0.032 0.00300000000005
v 0.00950268480535 -0.0319102937691 0.00300000000005
v 0.00951072961049 -0.0318209086632 0.00300000000005
v 0.0095241056171 -0.0317321646578 0.00300000000005
v 0.00954276494256 -0.0316443794334 0.00300000000005
v 0.00956664079132 -0.0315578672384 0.00300000000005
v 0.00959564769404 -0.0314729377639 0.00300000000005
v 0.00962968181354 -0.0313898950354 0.00300000000005
v 0.00966862131649 -0.0313090363243 0.00300000000005
v 0.0097123268096 -0.0312306510839 0.00300000000005
v 0.00976064183853 -0.0311550199129 0.00300000000005
v 0.00981339344802 -0.0310824135513 0.00300000000005
v 0.00987039280099 -0.0310130919111 0.00300000000005
v 0.00993143585457 -0.0309473031457 0.00300000000005
v 0.00999630409046 -0.0308852827618 0.00300000000005
v 0.0100647652972 -0.0308272527763 0.00300000000005
v 0.0101365744015 -0.0307734209215 0.00300000000005
v 0.0102114743453 -0.0307239799015 0.00300000000005
v 0.0102891970063 -0.0306791067022 0.00300000000005
v 0.0103694641575 -0.0306389619581 0.00300000000005
v 0.0104519884635 -0.030603689377 0.00300000000005
v 0.0105364745084 -0.0305734152256 0.00300000000005
v 0.0106226198544 -0.0305482478773 0.00300000000005
v 0.0107101161233 -0.0305282774249 0.00300000000005
v 0.0107986501013 -0.0305135753573 0.00300000000005
v 0.0108879048596 -0.0305041943042 0.00300000000005
v 0.0109775608895 -0.0305001678473 0.00300000000005
v 0.0110672972455 -0.0305015104002 0.00300000000005
v 0.0111567926949 -0.0305082171569 0.00300000000005
v 0.0112457268671 -0.0305202641091 0.00300000000005
v 0.0113337814009 -0.0305376081317 0.00300000000005
v 0.011420641084 -0.0305601871377 0.00300000000005
v 0.0115059949811 -0.0305879203 0.00300000000005
v 0.0115895375475 -0.0306207083412 0.00300000000005
v 0.0116709697225 -0.0306584338885 0.00300000000005
v 0.01175 -0.0307009618943 0.00300000000005
v 0.0118263454722 -0.0307481401194 0.00300000000005
v 0.011899732842 -0.030799799678 0.00300000000005
v 0.0119698994018 -0.0308557556422 0.00300000000005
v 0.0120365939735 -0.0309158077043 0.00300000000005
v 0.0120995778077 -0.0309797408933 0.00300000000005
v 0.0121586254388 -0.0310473263452 0.00300000000005
v 0.0122135254916 -0.0311183221216 0.00300000000005
v 0.012264081438 -0.0311924740759 0.00300000000005
v 0.0123101123009 -0.0312695167634 0.00300000000005
v 0.0123514533019 -0.0313491743913 0.00300000000005
v 0.0123879564507 -0.031431161806 0.00300000000005
v 0.0124194910757 -0.0315151855138 0.00300000000005
v 0.012445944291 -0.0316009447316 0.00300000000005
v 0.0124672214011 -0.0316881324638 0.00300000000005
v 0.0124832462393 -0.0317764366007 0.00300000000005
v 0.012493961441 -0.0318655410366 0.00300000000005
v 0.0124993286484 -0.0319551268007 0.00300000000005
v 0.0124993286484 -0.0320448731993 0.00300000000005
v 0.012493961441 -0.0321344589634 0.00300000000005
v 0.0124832462393 -0.0322235633993 0.00300000000005
v 0.0124672214011 -0.0323118675362 0.00300000000005
v 0.012445944291 -0.0323990552683 0.00300000000005
v 0.0124194910757 -0.0324848144862 0.00300000000005
v 0.0123879564507 -0.032568838194 0.00300000000005
v 0.0123514533019 -0.0326508256087 0.00300000000005
v 0.0123101123009 -0.0327304832366 0.00300000000005
v 0.012264081438 -0.0328075259241 0.00300000000005
v 0.0122135254916 -0.0328816778784 0.00300000000005
v 0.0121586254388 -0.0329526736548 0.00300000000005
v 0.0120995778077 -0.0330202591067 0.00300000000005
v 0.0120365939735 -0.0330841922957 0.00300000000005
v 0.0119698994018 -0.0331442443578 0.00300000000005
v 0.011899732842 -0.033200200322 0.00300000000005
v 0.0118263454722 -0.0332518598806 0.00300000000005
v 0.01175 -0.0332990381057 0.00300000000005
v 0.0116709697225 -0.0333415661115 0.00300000000005
v 0.0115895375475 -0.0333792916588 0.00300000000005
v 0.0115059949811 -0.0334120797 0.00300000000005
v 0.011420641084 -0.0334398128623 0.00300000000005
v 0.0113337814009 -0.0334623918683 0.00300000000005
v 0.0112457268671 -0.0334797358909 0.00300000000005
v 0.0111567926949 -0.0334917828431 0.00300000000005
v 0.0110672972455 -0.0334984895998 0.00300000000005
v 0.0109775608895 -0.0334998321527 0.00300000000005
v 0.0108879048596 -0.0334958056958 0.00300000000005
v 0.0107986501013 -0.0334864246427 0.00300000000005
v 0.0107101161233 -0.0334717225751 0.00300000000005
v 0.0106226198544 -0.0334517521227 0.00300000000005
v 0.0105364745084 -0.0334265847744 0.00300000000005
v 0.0104519884635 -0.033396310623 0.00300000000005
v 0.0103694641575 -0.0333610380419 0.00300000000005
v 0.0102891970063 -0.0333208932978 0.00300000000005
v 0.0102114743453 -0.0332760200985 0.00300000000005
v 0.0101365744015 -0.0332265790785 0.00300000000005
v 0.0100647652972 -0.0331727472237 0.00300000000005
v 0.00999630409046 -0.0331147172382 0.00300000000005
v 0.00993143585457 -0.0330526968543 0.00300000000005
v 0.00987039280099 -0.0329869080889 0.00300000000005
v 0.00981339344802 -0.0329175864487 0.00300000000005
v 0.00976064183853 -0.0328449800871 0.00300000000005
v 0.0097123268096 -0.0327693489161 0.00300000000005
v 0.00966862131649 -0.0326909636757 0.00300000000005
v 0.00962968181354 -0.0326101049646 0.00300000000005
v 0.00959564769404 -0.0325270622361 0.00300000000005
v 0.00956664079132 -0.0324421327616 0.00300000000005
v 0.00954276494256 -0.0323556205666 0.00300000000005
v 0.0095241056171 -0.0322678353422 0.00300000000005
v 0.00951072961049 -0.0321790913368 0.00300000000005
v 0.00950268480535 -0.0320897062309 0.00300000000005
v -0.0095 0.008 0.00300000000005
v -0.0095 0.008 0.00200000000005
v -0.0095 0.008 0.00200000000005
v -0.00950268480535 0.00791029376908 0.00200000000005
v -0.00951072961049 0.00782090866319 0.00200000000005
v -0.0095241056171 0.0077321646578 0.00200000000005
v -0.00954276494256 0.00764437943343 0.00200000000005
v -0.00956664079132 0.00755786723838 0.00200000000005
v -0.00959564769404 0.00747293776388 0.00200000000005
v -0.00962968181354 0.00738989503539 0.00200000000005
v -0.00966862131649 0.00730903632432 0.00200000000005
v -0.0097123268096 0.00723065108389 0.00200000000005
v -0.00976064183853 0.0071550199129 0.00200000000005
v -0.00981339344802 0.00708241355133 0.00200000000005
v -0.00987039280099 0.00701309191109 0.00200000000005
v -0.00993143585457 0.00694730314567 0.00200000000005
v -0.00999630409046 0.00688528276178 0.00200000000005
v -0.0100647652972 0.0068272527763 0.00200000000005
v -0.0101365744015 0.0067734209215 0.00200000000005
v -0.0102114743453 0.00672397990147 0.00200000000005
v -0.0102891970063 0.00667910670221 0.00200000000005
v -0.0103694641575 0.00663896195815 0.00200000000005
v -0.0104519884635 0.00660368937703 0.00200000000005
v -0.0105364745084 0.00657341522556 0.00200000000005
v -0.0106226198544 0.00654824787732 0.00200000000005
v -0.0107101161233 0.00652827742491 0.00200000000005
v -0.0107986501013 0.00651357535735 0.00200000000005
v -0.0108879048596 0.00650419430423 0.00200000000005
v -0.0109775608895 0.00650016784728 0.00200000000005
v -0.0110672972455 0.00650151040019 0.00200000000005
v -0.0111567926949 0.00650821715695 0.00200000000005
v -0.0112457268671 0.00652026410911 0.00200000000005
v -0.0113337814009 0.00653760813173 0.00200000000005
v -0.011420641084 0.00656018713768 0.00200000000005
v -0.0115059949811 0.00658792030001 0.00200000000005
v -0.0115895375475 0.00662070834117 0.00200000000005
v -0.0116709697225 0.0066584338885 0.00200000000005
v -0.01175 0.00670096189432 0.00200000000005
v -0.0118263454722 0.00674814011942 0.00200000000005
v -0.011899732842 0.00679979967798 0.00200000000005
v -0.0119698994018 0.00685575564221 0.00200000000005
v -0.0120365939735 0.00691580770426 0.00200000000005
v -0.0120995778077 0.00697974089334 0.00200000000005
v -0.0121586254388 0.00704732634524 0.00200000000005
v -0.0122135254916 0.00711832212156 0.00200000000005
v -0.012264081438 0.00719247407586 0.00200000000005
v -0.0123101123009 0.00726951676339 0.00200000000005
v -0.0123514533019 0.00734917439132 0.00200000000005
v -0.0123879564507 0.00743116180602 0.00200000000005
v -0.0124194910757 0.00751518551382 0.00200000000005
v -0.012445944291 0.00760094473165 0.00200000000005
v -0.0124672214011 0.00768813246377 0.00200000000005
v -0.0124832462393 0.00777643660073 0.00200000000005
v -0.012493961441 0.00786554103664 0.00200000000005
v -0.0124993286484 0.00795512680074 0.00200000000005
v -0.0124993286484 0.00804487319925 0.00200000000005
v -0.012493961441 0.00813445896335 0.00200000000005
v -0.0124832462393 0.00822356339926 0.00200000000005
v -0.0124672214011 0.00831186753623 0.00200000000005
v -0.012445944291 0.00839905526835 0.00200000000005
v -0.0124194910757 0.00848481448618 0.00200000000005
v -0.0123879564507 0.00856883819398 0.00200000000005
v -0.0123514533019 0.00865082560868 0.00200000000005
v -0.0123101123009 0.00873048323661 0.00200000000005
v -0.012264081438 0.00880752592414 0.00200000000005
v -0.0122135254916 0.00888167787844 0.00200000000005
v -0.0121586254388 0.00895267365476 0.00200000000005
v -0.0120995778077 0.00902025910666 0.00200000000005
v -0.0120365939735 0.00908419229574 0.00200000000005
v -0.0119698994018 0.00914424435779 0.00200000000005
v -0.011899732842 0.00920020032202 0.00200000000005
v -0.0118263454722 0.00925185988058 0.00200000000005
v -0.01175 0.00929903810568 0.00200000000005
v -0.0116709697225 0.0093415661115 0.00200000000005
v -0.0115895375475 0.00937929165883 0.00200000000005
v -0.0115059949811 0.00941207969999 0.00200000000005
v -0.011420641084 0.00943981286231 0.00200000000005
v -0.0113337814009 0.00946239186827 0.00200000000005
v -0.0112457268671 0.00947973589088 0.00200000000005
v -0.0111567926949 0.00949178284305 0.00200000000005
v -0.0110672972455 0.00949848959981 0.00200000000005
v -0.0109775608895 0.00949983215271 0.00200000000005
v -0.0108879048596 0.00949580569577 0.00200000000005
v -0.0107986501013 0.00948642464265 0.00200000000005
v -0.0107101161233 0.00947172257509 0.00200000000005
v -0.0106226198544 0.00945175212268 0.00200000000005
v -0.0105364745084 0.00942658477444 0.00200000000005
v -0.0104519884635 0.00939631062297 0.00200000000005
v -0.0103694641575 0.00936103804185 0.00200000000005
v -0.0102891970063 0.00932089329778 0.00200000000005
v -0.0102114743453 0.00927602009853 0.00200000000005
v -0.0101365744015 0.0092265790785 0.00200000000005
v -0.0100647652972 0.0091727472237 0.00200000000005
v -0.00999630409046 0.00911471723822 0.00200000000005
v -0.00993143585457 0.00905269685432 0.00200000000005
v -0.00987039280099 0.00898690808891 0.00200000000005
v -0.00981339344802 0.00891758644867 0.00200000000005
v -0.00976064183853 0.00884498008709 0.00200000000005
v -0.0097123268096 0.00876934891611 0.00200000000005
v -0.00966862131649 0.00869096367567 0.00200000000005
v -0.00962968181354 0.00861010496461 0.00200000000005
v -0.00959564769404 0.00852706223612 0.00200000000005
v -0.00956664079132 0.00844213276162 0.00200000000005
v -0.00954276494256 0.00835562056657 0.00200000000005
v -0.0095241056171 0.0082678353422 0.00200000000005
v -0.00951072961049 0.00817909133681 0.00200000000005
v -0.00950268480535 0.00808970623092 0.00200000000005
v -0.0095 0.008 0.00300000000005
v -0.00950268480535 0.00808970623092 0.00300000000005
v -0.00951072961049 0.00817909133681 0.00300000000005
v -0.0095241056171 0.0082678353422 0.00300000000005
v -0.00954276494256 0.00835562056657 0.00300000000005
v -0.00956664079132 0.00844213276162 0.00300000000005
v -0.00959564769404 0.00852706223612 0.00300000000005
v -0.00962968181354 0.00861010496461 0.00300000000005
v -0.00966862131649 0.00869096367567 0.00300000000005
v -0.0097123268096 0.00876934891611 0.00300000000005
v -0.00976064183853 0.00884498008709 0.00300000000005
v -0.00981339344802 0.00891758644867 0.00300000000005
v -0.00987039280099 0.00898690808891 0.00300000000005
v -0.00993143585457 0.00905269685432 0.00300000000005
v -0.00999630409046 0.00911471723822 0.00300000000005
v -0.0100647652972 0.0091727472237 0.00300000000005
v -0.0101365744015 0.0092265790785 0.00300000000005
v -0.0102114743453 0.00927602009853 0.00300000000005
v -0.0102891970063 0.00932089329778 0.00300000000005
v -0.0103694641575 0.00936103804185 0.00300000000005
v -0.0104519884635 0.00939631062297 0.00300000000005
v -0.0105364745084 0.00942658477444 0.00300000000005
v -0.0106226198544 0.00945175212267 0.00300000000005
v -0.0107101161233 0.00947172257509 0.00300000000005
v -0.0107986501013 0.00948642464265 0.00300000000005
v -0.0108879048596 0.00949580569577 0.00300000000005
v -0.0109775608895 0.00949983215271 0.00300000000005
v -0.0110672972455 0.00949848959981 0.00300000000005
v -0.0111567926949 0.00949178284305 0.00300000000005
v -0.0112457268671 0.00947973589088 0.00300000000005
v -0.0113337814009 0.00946239186827 0.00300000000005
v -0.011420641084 0.00943981286231 0.00300000000005
v -0.0115059949811 0.00941207969999 0.00300000000005
v -0.0115895375475 0.00937929165883 0.00300000000005
v -0.0116709697225 0.0093415661115 0.00300000000005
v -0.01175 0.00929903810568 0.00300000000005
v -0.0118263454722 0.00925185988058 0.00300000000005
v -0.011899732842 0.00920020032202 0.00300000000005
v -0.0119698994018 0.00914424435779 0.00300000000005
v -0.0120365939735 0.00908419229574 0.00300000000005
v -0.0120995778077 0.00902025910666 0.00300000000005
v -0.0121586254388 0.00895267365476 0.00300000000005
v -0.0122135254916 0.00888167787844 0.00300000000005
v -0.012264081438 0.00880752592414 0.00300000000005
v -0.0123101123009 0.00873048323661 0.00300000000005
v -0.0123514533019 0.00865082560868 0.00300000000005
v -0.0123879564507 0.00856883819398 0.00300000000005
v -0.0124194910757 0.00848481448618 0.00300000000005
v -0.012445944291 0.00839905526835 0.00300000000005
v -0.0124672214011 0.00831186753623 0.00300000000005
v -0.0124832462393 0.00822356339926 0.00300000000005
v -0.012493961441 0.00813445896335 0.00300000000005
v -0.0124993286484 0.00804487319925 0.00300000000005
v -0.0124993286484 0.00795512680074 0.00300000000005
v -0.012493961441 0.00786554103664 0.00300000000005
v -0.0124832462393 0.00777643660073 0.00300000000005
v -0.0124672214011 0.00768813246377 0.00300000000005
v -0.012445944291 0.00760094473165 0.00300000000005
v -0.0124194910757 0.00751518551382 0.00300000000005
v -0.0123879564507 0.00743116180602 0.00300000000005
v -0.0123514533019 0.00734917439132 0.00300000000005
v -0.0123101123009 0.00726951676339 0.00300000000005
v -0.012264081438 0.00719247407586 0.00300000000005
v -0.0122135254916 0.00711832212156 0.00300000000005
v -0.0121586254388 0.00704732634524 0.00300000000005
v -0.0120995778077 0.00697974089334 0.00300000000005
v -0.0120365939735 0.00691580770426 0.00300000000005
v -0.0119698994018 0.00685575564221 0.00300000000005
v -0.011899732842 0.00679979967798 0.00300000000005
v -0.0118263454722 0.00674814011942 0.00300000000005
v -0.01175 0.00670096189432 0.00300000000005
v -0.0116709697225 0.0066584338885 0.00300000000005
v -0.0115895375475 0.00662070834117 0.00300000000005
v -0.0115059949811 0.00658792030001 0.00300000000005
v -0.011420641084 0.00656018713768 0.00300000000005
v -0.0113337814009 0.00653760813173 0.00300000000005
v -0.0112457268671 0.00652026410911 0.00300000000005
v -0.0111567926949 0.00650821715695 0.00300000000005
v -0.0110672972455 0.00650151040019 0.00300000000005
v -0.0109775608895 0.00650016784728 0.00300000000005
v -0.0108879048596 0.00650419430423 0.00300000000005
v -0.0107986501013 0.00651357535735 0.00300000000005
v -0.0107101161233 0.00652827742491 0.00300000000005
v -0.0106226198544 0.00654824787732 0.00300000000005
v -0.0105364745084 0.00657341522556 0.00300000000005
v -0.0104519884635 0.00660368937703 0.00300000000005
v -0.0103694641575 0.00663896195815 0.00300000000005
v -0.0102891970063 0.00667910670221 0.00300000000005
v -0.0102114743453 0.00672397990147 0.00300000000005
v -0.0101365744015 0.0067734209215 0.00300000000005
v -0.0100647652972 0.0068272527763 0.00300000000005
v -0.00999630409046 0.00688528276178 0.00300000000005
v -0.00993143585457 0.00694730314567 0.00300000000005
v -0.00987039280099 0.00701309191109 0.00300000000005
v -0.00981339344802 0.00708241355133 0.00300000000005
v -0.00976064183853 0.0071550199129 0.00300000000005
v -0.0097123268096 0.00723065108389 0.00300000000005
v -0.00966862131649 0.00730903632432 0.00300000000005
v -0.00962968181354 0.00738989503539 0.00300000000005
v -0.00959564769404 0.00747293776388 0.00300000000005
v -0.00956664079132 0.00755786723838 0.00300000000005
v -0.00954276494256 0.00764437943343 0.00300000000005
v -0.0095241056171 0.0077321646578 0.00300000000005
v -0.00951072961049 0.00782090866319 0.00300000000005
v -0.00950268480535 0.00791029376908 0.00300000000005
v 0.0095 0.008 0.00300000000005
v 0.0095 0.008 0.00200000000005
v 0.00950268480535 0.00791029376908 0.00200000000005
v 0.00951072961049 0.00782090866319 0.00200000000005
v 0.0095241056171 0.0077321646578 0.00200000000005
v 0.00954276494256 0.00764437943343 0.00200000000005
v 0.00956664079132 0.00755786723838 0.00200000000005
v 0.00959564769404 0.00747293776388 0.00200000000005
v 0.00962968181354 0.00738989503539 0.00200000000005
v 0.00966862131649 0.00730903632432 0.00200000000005
v 0.0097123268096 0.00723065108389 0.00200000000005
v 0.00976064183853 0.0071550199129 0.00200000000005
v 0.00981339344802 0.00708241355133 0.00200000000005
v 0.00987039280099 0.00701309191109 0.00200000000005
v 0.00993143585457 0.00694730314567 0.00200000000005
v 0.00999630409046 0.00688528276178 0.00200000000005
v 0.0100647652972 0.0068272527763 0.00200000000005
v 0.0101365744015 0.0067734209215 0.00200000000005
v 0.0102114743453 0.00672397990147 0.00200000000005
v 0.0102891970063 0.00667910670221 0.00200000000005
v 0.0103694641575 0.00663896195815 0.00200000000005
v 0.0104519884635 0.00660368937703 0.00200000000005
v 0.0105364745084 0.00657341522556 0.00200000000005
v 0.0106226198544 0.00654824787732 0.00200000000005
v 0.0107101161233 0.00652827742491 0.00200000000005
v 0.0107986501013 0.00651357535735 0.00200000000005
v 0.0108879048596 0.00650419430423 0.00200000000005
v 0.0109775608895 0.00650016784728 0.00200000000005
v 0.0110672972455 0.00650151040019 0.00200000000005
v 0.0111567926949 0.00650821715695 0.00200000000005
v 0.0112457268671 0.00652026410911 0.00200000000005
v 0.0113337814009 0.00653760813173 0.00200000000005
v 0.011420641084 0.00656018713768 0.00200000000005
v 0.0115059949811 0.00658792030001 0.00200000000005
v 0.0115895375475 0.00662070834117 0.00200000000005
v 0.0116709697225 0.0066584338885 0.00200000000005
v 0.01175 0.00670096189432 0.00200000000005
v 0.0118263454722 0.00674814011942 0.00200000000005
v 0.011899732842 0.00679979967798 0.00200000000005
v 0.0119698994018 0.00685575564221 0.00200000000005
v 0.0120365939735 0.00691580770426 0.00200000000005
v 0.0120995778077 0.00697974089334 0.00200000000005
v 0.0121586254388 0.00704732634524 0.00200000000005
v 0.0122135254916 0.00711832212156 0.00200000000005
v 0.012264081438 0.00719247407586 0.00200000000005
v 0.0123101123009 0.00726951676339 0.00200000000005
v 0.0123514533019 0.00734917439132 0.00200000000005
v 0.0123879564507 0.00743116180602 0.00200000000005
v 0.0124194910757 0.00751518551382 0.00200000000005
v 0.012445944291 0.00760094473165 0.00200000000005
v 0.0124672214011 0.00768813246377 0.00200000000005
v 0.0124832462393 0.00777643660073 0.00200000000005
v 0.012493961441 0.00786554103664 0.00200000000005
v 0.0124993286484 0.00795512680074 0.00200000000005
v 0.0124993286484 0.00804487319925 0.00200000000005
v 0.012493961441 0.00813445896335 0.00200000000005
v 0.0124832462393 0.00822356339926 0.00200000000005
v 0.0124672214011 0.00831186753623 0.00200000000005
v 0.012445944291 0.00839905526835 0.00200000000005
v 0.0124194910757 0.00848481448618 0.00200000000005
v 0.0123879564507 0.00856883819398 0.00200000000005
v 0.0123514533019 0.00865082560868 0.00200000000005
v 0.0123101123009 0.00873048323661 0.00200000000005
v 0.012264081438 0.00880752592414 0.00200000000005
v 0.0122135254916 0.00888167787844 0.00200000000005
v 0.0121586254388 0.00895267365476 0.00200000000005
v 0.0120995778077 0.00902025910666 0.00200000000005
v 0.0120365939735 0.00908419229574 0.00200000000005
v 0.0119698994018 0.00914424435779 0.00200000000005
v 0.011899732842 0.00920020032202 0.00200000000005
v 0.0118263454722 0.00925185988058 0.00200000000005
v 0.01175 0.00929903810568 0.00200000000005
v 0.0116709697225 0.0093415661115 0.00200000000005
v 0.0115895375475 0.00937929165883 0.00200000000005
v 0.0115059949811 0.00941207969999 0.00200000000005
v 0.011420641084 0.00943981286231 0.00200000000005
v 0.0113337814009 0.00946239186827 0.00200000000005
v 0.0112457268671 0.00947973589088 0.00200000000005
v 0.0111567926949 0.00949178284305 0.00200000000005
v 0.0110672972455 0.00949848959981 0.00200000000005
v 0.0109775608895 0.00949983215271 0.00200000000005
v 0.0108879048596 0.00949580569577 0.00200000000005
v 0.0107986501013 0.00948642464265 0.00200000000005
v 0.0107101161233 0.00947172257509 0.00200000000005
v 0.0106226198544 0.00945175212268 0.00200000000005
v 0.0105364745084 0.00942658477444 0.00200000000005
v 0.0104519884635 0.00939631062297 0.00200000000005
v 0.0103694641575 0.00936103804185 0.00200000000005
v 0.0102891970063 0.00932089329778 0.00200000000005
v 0.0102114743453 0.00927602009853 0.00200000000005
v 0.0101365744015 0.0092265790785 0.00200000000005
v 0.0100647652972 0.0091727472237 0.00200000000005
v 0.00999630409046 0.00911471723822 0.00200000000005
v 0.00993143585457 0.00905269685432 0.00200000000005
v 0.00987039280099 0.00898690808891 0.00200000000005
v 0.00981339344802 0.00891758644867 0.00200000000005
v 0.00976064183853 0.00884498008709 0.00200000000005
v 0.0097123268096 0.00876934891611 0.00200000000005
v 0.00966862131649 0.00869096367567 0.00200000000005
v 0.00962968181354 0.00861010496461 0.00200000000005
v 0.00959564769404 0.00852706223612 0.00200000000005
v 0.00956664079132 0.00844213276162 0.00200000000005
v 0.00954276494256 0.00835562056657 0.00200000000005
v 0.0095241056171 0.0082678353422 0.00200000000005
v 0.00951072961049 0.00817909133681 0.00200000000005
v 0.00950268480535 0.00808970623092 0.00200000000005
v 0.0095 0.008 0.00200000000005
v 0.0095 0.008 0.00300000000005
v 0.00950268480535 0.00808970623092 0.00300000000005
v 0.00951072961049 0.00817909133681 0.00300000000005
v 0.0095241056171 0.0082678353422 0.00300000000005
v 0.00954276494256 0.00835562056657 0.00300000000005
v 0.00956664079132 0.00844213276162 0.00300000000005
v 0.00959564769404 0.00852706223612 0.00300000000005
v 0.00962968181354 0.00861010496461 0.00300000000005
v 0.00966862131649 0.00869096367567 0.00300000000005
v 0.0097123268096 0.00876934891611 0.00300000000005
v 0.00976064183853 0.00884498008709 0.00300000000005
v 0.00981339344802 0.00891758644867 0.00300000000005
v 0.00987039280099 0.00898690808891 0.00300000000005
v 0.00993143585457 0.00905269685432 0.00300000000005
v 0.00999630409046 0.00911471723822 0.00300000000005
v 0.0100647652972 0.0091727472237 0.00300000000005
v 0.0101365744015 0.0092265790785 0.00300000000005
v 0.0102114743453 0.00927602009853 0.00300000000005
v 0.0102891970063 0.00932089329778 0.00300000000005
v 0.0103694641575 0.00936103804185 0.00300000000005
v 0.0104519884635 0.00939631062297 0.00300000000005
v 0.0105364745084 0.00942658477444 0.00300000000005
v 0.0106226198544 0.00945175212267 0.00300000000005
v 0.0107101161233 0.00947172257509 0.00300000000005
v 0.0107986501013 0.00948642464265 0.00300000000005
v 0.0108879048596 0.00949580569577 0.00300000000005
v 0.0109775608895 0.00949983215271 0.00300000000005
v 0.0110672972455 0.00949848959981 0.00300000000005
v 0.0111567926949 0.00949178284305 0.00300000000005
v 0.0112457268671 0.00947973589088 0.00300000000005
v 0.0113337814009 0.00946239186827 0.00300000000005
v 0.011420641084 0.00943981286231 0.00300000000005
v 0.0115059949811 0.00941207969999 0.00300000000005
v 0.0115895375475 0.00937929165883 0.00300000000005
v 0.0116709697225 0.0093415661115 0.00300000000005
v 0.01175 0.00929903810568 0.00300000000005
v 0.0118263454722 0.00925185988058 0.00300000000005
v 0.011899732842 0.00920020032202 0.00300000000005
v 0.0119698994018 0.00914424435779 0.00300000000005
v 0.0120365939735 0.00908419229574 0.00300000000005
v 0.0120995778077 0.00902025910666 0.00300000000005
v 0.0121586254388 0.00895267365476 0.00300000000005
v 0.0122135254916 0.00888167787844 0.00300000000005
v 0.012264081438 0.00880752592414 0.00300000000005
v 0.0123101123009 0.00873048323661 0.00300000000005
v 0.0123514533019 0.00865082560868 0.00300000000005
v 0.0123879564507 0.00856883819398 0.00300000000005
v 0.0124194910757 0.00848481448618 0.00300000000005
v 0.012445944291 0.00839905526835 0.00300000000005
v 0.0124672214011 0.00831186753623 0.00300000000005
v 0.0124832462393 0.00822356339926 0.00300000000005
v 0.012493961441 0.00813445896335 0.00300000000005
v 0.0124993286484 0.00804487319925 0.00300000000005
v 0.0124993286484 0.00795512680074 0.00300000000005
v 0.012493961441 0.00786554103664 0.00300000000005
v 0.0124832462393 0.00777643660073 0.00300000000005
v 0.0124672214011 0.00768813246377 0.00300000000005
v 0.012445944291 0.00760094473165 0.00300000000005
v 0.0124194910757 0.00751518551382 0.00300000000005
v 0.0123879564507 0.00743116180602 0.00300000000005
v 0.0123514533019 0.00734917439132 0.00300000000005
v 0.0123101123009 0.00726951676339 0.00300000000005
v 0.012264081438 0.00719247407586 0.00300000000005
v 0.0122135254916 0.00711832212156 0.00300000000005
v 0.0121586254388 0.00704732634524 0.00300000000005
v 0.0120995778077 0.00697974089334 0.00300000000005
v 0.0120365939735 0.00691580770426 0.00300000000005
v 0.0119698994018 0.00685575564221 0.00300000000005
v 0.011899732842 0.00679979967798 0.00300000000005
v 0.0118263454722 0.00674814011942 0.00300000000005
v 0.01175 0.00670096189432 0.00300000000005
v 0.0116709697225 0.0066584338885 0.00300000000005
v 0.0115895375475 0.00662070834117 0.00300000000005
v 0.0115059949811 0.00658792030001 0.00300000000005
v 0.011420641084 0.00656018713768 0.00300000000005
v 0.0113337814009 0.00653760813173 0.00300000000005
v 0.0112457268671 0.00652026410911 0.00300000000005
v 0.0111567926949 0.00650821715695 0.00300000000005
v 0.0110672972455 0.00650151040019 0.00300000000005
v 0.0109775608895 0.00650016784728 0.00300000000005
v 0.0108879048596 0.00650419430423 0.00300000000005
v 0.0107986501013 0.00651357535735 0.00300000000005
v 0.0107101161233 0.00652827742491 0.00300000000005
v 0.0106226198544 0.00654824787732 0.00300000000005
v 0.0105364745084 0.00657341522556 0.00300000000005
v 0.0104519884635 0.00660368937703 0.00300000000005
v 0.0103694641575 0.00663896195815 0.00300000000005
v 0.0102891970063 0.00667910670221 0.00300000000005
v 0.0102114743453 0.00672397990147 0.00300000000005
v 0.0101365744015 0.0067734209215 0.00300000000005
v 0.0100647652972 0.0068272527763 0.00300000000005
v 0.00999630409046 0.00688528276178 0.00300000000005
v 0.00993143585457 0.00694730314567 0.00300000000005
v 0.00987039280099 0.00701309191109 0.00300000000005
v 0.00981339344802 0.00708241355133 0.00300000000005
v 0.00976064183853 0.0071550199129 0.00300000000005
v 0.0097123268096 0.00723065108389 0.00300000000005
v 0.00966862131649 0.00730903632432 0.00300000000005
v 0.00962968181354 0.00738989503539 0.00300000000005
v 0.00959564769404 0.00747293776388 0.00300000000005
v 0.00956664079132 0.00755786723838 0.00300000000005
v 0.00954276494256 0.00764437943343 0.00300000000005
v 0.0095241056171 0.0077321646578 0.00300000000005
v 0.00951072961049 0.00782090866319 0.00300000000005
v 0.00950268480535 0.00791029376908 0.00300000000005
v -0.0225 -0.0365 0.00700000000005
v -0.0225062645458 -0.0362906854612 0.00700000000005
v -0.0225250357578 -0.0360821202141 0.00700000000005
v -0.0225562464399 -0.0358750508682 0.00700000000005
v -0.022599784866 -0.035670218678 0.00700000000005
v -0.0226554951797 -0.0354683568896 0.00700000000005
v -0.0227231779528 -0.0352701881157 0.00700000000005
v -0.0228025908983 -0.0350764217492 0.00700000000005
v -0.0228934497385 -0.0348877514234 0.00700000000005
v -0.0229954292224 -0.0347048525291 0.00700000000005
v -0.0231081642899 -0.0345283797968 0.00700000000005
v -0.0232312513787 -0.0343589649531 0.00700000000005
v -0.023364249869 -0.0341972144592 0.00700000000005
v -0.0235066836607 -0.0340437073399 0.00700000000005
v -0.0236580428777 -0.0338989931108 0.00700000000005
v -0.0238177856935 -0.0337635898114 0.00700000000005
v -0.0239853402701 -0.0336379821502 0.00700000000005
v -0.0241601068057 -0.0335226197701 0.00700000000005
v -0.0243414596813 -0.0334179156385 0.00700000000005
v -0.0245287497009 -0.033324244569 0.00700000000005
v -0.0247213064147 -0.0332419418797 0.00700000000005
v -0.0249184405197 -0.033171302193 0.00700000000005
v -0.0251194463269 -0.0331125783804 0.00700000000005
v -0.0253236042877 -0.0330659806581 0.00700000000005
v -0.0255301835696 -0.0330316758338 0.00700000000005
v -0.0257384446724 -0.0330097867099 0.00700000000005
v -0.0259476420754 -0.0330003916437 0.00700000000005
v -0.0261570269062 -0.0330035242671 0.00700000000005
v -0.0263658496214 -0.0330191733662 0.00700000000005
v -0.02657336269 -0.0330472829213 0.00700000000005
v -0.0267788232688 -0.0330877523074 0.00700000000005
v -0.0269814958626 -0.0331404366546 0.00700000000005
v -0.0271806549558 -0.0332051473667 0.00700000000005
v -0.0273755876108 -0.0332816527961 0.00700000000005
v -0.0275655960191 -0.0333696790732 0.00700000000005
v -0.02775 -0.0334689110868 0.00700000000005
v -0.0279281394351 -0.033578993612 0.00700000000005
v -0.0280993766314 -0.033699532582 0.00700000000005
v -0.0282630986043 -0.0338300964985 0.00700000000005
v -0.0284187192715 -0.0339702179766 0.00700000000005
v -0.0285656815514 -0.0341193954178 0.00700000000005
v -0.0287034593573 -0.0342770948056 0.00700000000005
v -0.0288315594803 -0.034442751617 0.00700000000005
v -0.0289495233553 -0.0346157728437 0.00700000000005
v -0.0290569287022 -0.0347955391146 0.00700000000005
v -0.0291533910377 -0.0349814069131 0.00700000000005
v -0.0292385650517 -0.0351727108807 0.00700000000005
v -0.0293121458433 -0.0353687661989 0.00700000000005
v -0.0293738700124 -0.0355688710405 0.00700000000005
v -0.0294235166026 -0.0357723090821 0.00700000000005
v -0.0294609078918 -0.0359783520684 0.00700000000005
v -0.029485910029 -0.0361862624188 0.00700000000005
v -0.029498433513 -0.0363952958684 0.00700000000005
v -0.029498433513 -0.0366047041316 0.00700000000005
v -0.029485910029 -0.0368137375812 0.00700000000005
v -0.0294609078918 -0.0370216479316 0.00700000000005
v -0.0294235166026 -0.0372276909179 0.00700000000005
v -0.0293738700124 -0.0374311289595 0.00700000000005
v -0.0293121458433 -0.0376312338011 0.00700000000005
v -0.0292385650517 -0.0378272891193 0.00700000000005
v -0.0291533910377 -0.0380185930869 0.00700000000005
v -0.0290569287022 -0.0382044608854 0.00700000000005
v -0.0289495233553 -0.0383842271563 0.00700000000005
v -0.0288315594803 -0.038557248383 0.00700000000005
v -0.0287034593573 -0.0387229051944 0.00700000000005
v -0.0285656815514 -0.0388806045822 0.00700000000005
v -0.0284187192715 -0.0390297820234 0.00700000000005
v -0.0282630986043 -0.0391699035015 0.00700000000005
v -0.0280993766314 -0.039300467418 0.00700000000005
v -0.0279281394351 -0.039421006388 0.00700000000005
v -0.02775 -0.0395310889132 0.00700000000005
v -0.0275655960191 -0.0396303209268 0.00700000000005
v -0.0273755876108 -0.0397183472039 0.00700000000005
v -0.0271806549558 -0.0397948526333 0.00700000000005
v -0.0269814958626 -0.0398595633454 0.00700000000005
v -0.0267788232688 -0.0399122476926 0.00700000000005
v -0.02657336269 -0.0399527170787 0.00700000000005
v -0.0263658496214 -0.0399808266338 0.00700000000005
v -0.0261570269062 -0.0399964757329 0.00700000000005
v -0.0259476420754 -0.0399996083563 0.00700000000005
v -0.0257384446724 -0.0399902132901 0.00700000000005
v -0.0255301835696 -0.0399683241662 0.00700000000005
v -0.0253236042877 -0.0399340193419 0.00700000000005
v -0.0251194463269 -0.0398874216196 0.00700000000005
v -0.0249184405197 -0.039828697807 0.00700000000005
v -0.0247213064147 -0.0397580581203 0.00700000000005
v -0.0245287497009 -0.039675755431 0.00700000000005
v -0.0243414596813 -0.0395820843615 0.00700000000005
v -0.0241601068057 -0.0394773802299 0.00700000000005
v -0.0239853402701 -0.0393620178498 0.00700000000005
v -0.0238177856935 -0.0392364101886 0.00700000000005
v -0.0236580428777 -0.0391010068892 0.00700000000005
v -0.0235066836607 -0.0389562926601 0.00700000000005
v -0.023364249869 -0.0388027855408 0.00700000000005
v -0.0232312513787 -0.0386410350469 0.00700000000005
v -0.0231081642899 -0.0384716202032 0.00700000000005
v -0.0229954292224 -0.0382951474709 0.00700000000005
v -0.0228934497385 -0.0381122485766 0.00700000000005
v -0.0228025908983 -0.0379235782508 0.00700000000005
v -0.0227231779528 -0.0377298118843 0.00700000000005
v -0.0226554951797 -0.0375316431104 0.00700000000005
v -0.022599784866 -0.037329781322 0.00700000000005
v -0.0225562464399 -0.0371249491318 0.00700000000005
v -0.0225250357578 -0.0369178797859 0.00700000000005
v -0.0225062645458 -0.0367093145388 0.00700000000005
v -0.0225 -0.0365 0.00700000000005
v -0.0225 -0.0365 0.00300000000005
v -0.026 -0.033 0.00300000000005
v -0.0257964930988 -0.0330059214461 0.00300000000005
v -0.0255936748006 -0.0330236657479 0.00300000000005
v -0.0253922313782 -0.0330531728645 0.00300000000005
v -0.0251928444524 -0.033094342953 0.00300000000005
v -0.0249961886855 -0.0331470367069 0.00300000000005
v -0.0248029294984 -0.0332110758272 0.00300000000005
v -0.0246137208189 -0.0332862436259 0.00300000000005
v -0.0244292028693 -0.0333722857589 0.00300000000005
v -0.02425 -0.0334689110868 0.00300000000005
v -0.0240767185768 -0.0335757926601 0.00300000000005
v -0.023909944929 -0.0336925688254 0.00300000000005
v -0.0237502433661 -0.0338188444491 0.00300000000005
v -0.0235981542675 -0.0339541922545 0.00300000000005
v -0.0234541922545 -0.0340981542675 0.00300000000005
v -0.0233188444491 -0.0342502433661 0.00300000000005
v -0.0231925688254 -0.034409944929 0.00300000000005
v -0.0230757926601 -0.0345767185768 0.00300000000005
v -0.0229689110868 -0.03475 0.00300000000005
v -0.0228722857589 -0.0349292028693 0.00300000000005
v -0.0227862436259 -0.0351137208189 0.00300000000005
v -0.0227110758272 -0.0353029294984 0.00300000000005
v -0.0226470367069 -0.0354961886855 0.00300000000005
v -0.022594342953 -0.0356928444524 0.00300000000005
v -0.0225531728645 -0.0358922313782 0.00300000000005
v -0.0225236657479 -0.0360936748006 0.00300000000005
v -0.0225059214461 -0.0362964930988 0.00300000000005
v -0.0225 -0.0365 0.00300000000005
v -0.0225062249713 -0.0367086529381 0.00300000000005
v -0.022524877742 -0.0369165636713 0.00300000000005
v -0.0225558919621 -0.0371229926349 0.00300000000005
v -0.0225991573099 -0.0373272055349 0.00300000000005
v -0.0226545198851 -0.0375284759602 0.00300000000005
v -0.0227217827561 -0.0377260879665 0.00300000000005
v -0.0228007066603 -0.0379193386228 0.00300000000005
v -0.0228910108554 -0.0381075405123 0.00300000000005
v -0.022992374118 -0.0382900241769 0.00300000000005
v -0.0231044358861 -0.0384661404991 0.00300000000005
v -0.0232267975419 -0.038635263011 0.00300000000005
v -0.0233590238294 -0.0387967901224 0.00300000000005
v -0.0235006444032 -0.038950147261 0.00300000000005
v -0.0236511555007 -0.0390947889159 0.00300000000005
v -0.0238100217352 -0.0392302005786 0.00300000000005
v -0.0239766779992 -0.0393559005727 0.00300000000005
v -0.0241505314754 -0.0394714417673 0.00300000000005
v -0.024330963745 -0.0395764131679 0.00300000000005
v -0.0245173329876 -0.0396704413778 0.00300000000005
v -0.0247089762642 -0.0397531919269 0.00300000000005
v -0.0249052118754 -0.039824370461 0.00300000000005
v -0.0251053417865 -0.0398837237891 0.00300000000005
v -0.0253086541099 -0.0399310407838 0.00300000000005
v -0.025514425638 -0.0399661531327 0.00300000000005
v -0.0257219244156 -0.0399889359366 0.00300000000005
v -0.0259304123432 -0.0399993081542 0.00300000000005
v -0.0261391478028 -0.0399972328903 0.00300000000005
v -0.0263473882962 -0.0399827175268 0.00300000000005
v -0.0265543930854 -0.0399558136968 0.00300000000005
v -0.0267594258284 -0.0399166171005 0.00300000000005
v -0.0269617571976 -0.0398652671651 0.00300000000005
v -0.0271606674749 -0.039801946549 0.00300000000005
v -0.0273554491113 -0.0397268804915 0.00300000000005
v -0.0275454092438 -0.0396403360122 0.00300000000005
v -0.0277298721602 -0.0395426209605 0.00300000000005
v -0.0279081817026 -0.0394340829215 0.00300000000005
v -0.0280797036014 -0.0393151079784 0.00300000000005
v -0.0282438277316 -0.0391861193404 0.00300000000005
v -0.0283999702828 -0.0390475758363 0.00300000000005
v -0.0285475758363 -0.0388999702828 0.00300000000005
v -0.0286861193404 -0.0387438277316 0.00300000000005
v -0.0288151079784 -0.0385797036014 0.00300000000005
v -0.0289340829215 -0.0384081817026 0.00300000000005
v -0.0290426209605 -0.0382298721602 0.00300000000005
v -0.0291403360122 -0.0380454092438 0.00300000000005
v -0.0292268804915 -0.0378554491113 0.00300000000005
v -0.029301946549 -0.0376606674749 0.00300000000005
v -0.0293652671651 -0.0374617571976 0.00300000000005
v -0.0294166171005 -0.0372594258284 0.00300000000005
v -0.0294558136968 -0.0370543930854 0.00300000000005
v -0.0294827175268 -0.0368473882962 0.00300000000005
v -0.0294972328903 -0.0366391478028 0.00300000000005
v -0.0294993081542 -0.0364304123432 0.00300000000005
v -0.0294889359366 -0.0362219244156 0.00300000000005
v -0.0294661531327 -0.036014425638 0.00300000000005
v -0.0294310407838 -0.0358086541099 0.00300000000005
v -0.0293837237891 -0.0356053417865 0.00300000000005
v -0.029324370461 -0.0354052118754 0.00300000000005
v -0.0292531919269 -0.0352089762642 0.00300000000005
v -0.0291704413778 -0.0350173329876 0.00300000000005
v -0.0290764131679 -0.034830963745 0.00300000000005
v -0.0289714417673 -0.0346505314754 0.00300000000005
v -0.0288559005727 -0.0344766779992 0.00300000000005
v -0.0287302005786 -0.0343100217352 0.00300000000005
v -0.0285947889159 -0.0341511555007 0.00300000000005
v -0.028450147261 -0.0340006444032 0.00300000000005
v -0.0282967901224 -0.0338590238294 0.00300000000005
v -0.028135263011 -0.0337267975419 0.00300000000005
v -0.0279661404991 -0.0336044358861 0.00300000000005
v -0.0277900241769 -0.033492374118 0.00300000000005
v -0.0276075405123 -0.0333910108554 0.00300000000005
v -0.0274193386228 -0.0333007066603 0.00300000000005
v -0.0272260879665 -0.0332217827561 0.00300000000005
v -0.0270284759602 -0.0331545198851 0.00300000000005
v -0.0268272055349 -0.0330991573099 0.00300000000005
v -0.0266229926349 -0.0330558919621 0.00300000000005
v -0.0264165636713 -0.033024877742 0.00300000000005
v -0.0262086529381 -0.0330062249713 0.00300000000005
v -0.0225 -0.0645 0.00700000000005
v -0.0225062645458 -0.0642906854612 0.00700000000005
v -0.0225250357578 -0.0640821202141 0.00700000000005
v -0.0225562464399 -0.0638750508682 0.00700000000005
v -0.022599784866 -0.063670218678 0.00700000000005
v -0.0226554951797 -0.0634683568896 0.00700000000005
v -0.0227231779528 -0.0632701881157 0.00700000000005
v -0.0228025908983 -0.0630764217492 0.00700000000005
v -0.0228934497385 -0.0628877514234 0.00700000000005
v -0.0229954292224 -0.0627048525291 0.00700000000005
v -0.0231081642899 -0.0625283797968 0.00700000000005
v -0.0232312513787 -0.0623589649531 0.00700000000005
v -0.023364249869 -0.0621972144592 0.00700000000005
v -0.0235066836607 -0.0620437073399 0.00700000000005
v -0.0236580428777 -0.0618989931108 0.00700000000005
v -0.0238177856935 -0.0617635898114 0.00700000000005
v -0.0239853402701 -0.0616379821502 0.00700000000005
v -0.0241601068057 -0.0615226197701 0.00700000000005
v -0.0243414596813 -0.0614179156385 0.00700000000005
v -0.0245287497009 -0.061324244569 0.00700000000005
v -0.0247213064147 -0.0612419418797 0.00700000000005
v -0.0249184405197 -0.061171302193 0.00700000000005
v -0.0251194463269 -0.0611125783804 0.00700000000005
v -0.0253236042877 -0.0610659806581 0.00700000000005
v -0.0255301835696 -0.0610316758338 0.00700000000005
v -0.0257384446724 -0.0610097867099 0.00700000000005
v -0.0259476420754 -0.0610003916437 0.00700000000005
v -0.0261570269062 -0.0610035242671 0.00700000000005
v -0.0263658496214 -0.0610191733662 0.00700000000005
v -0.02657336269 -0.0610472829213 0.00700000000005
v -0.0267788232688 -0.0610877523074 0.00700000000005
v -0.0269814958626 -0.0611404366546 0.00700000000005
v -0.0271806549558 -0.0612051473667 0.00700000000005
v -0.0273755876108 -0.0612816527961 0.00700000000005
v -0.0275655960191 -0.0613696790732 0.00700000000005
v -0.02775 -0.0614689110868 0.00700000000005
v -0.0279281394351 -0.061578993612 0.00700000000005
v -0.0280993766314 -0.061699532582 0.00700000000005
v -0.0282630986043 -0.0618300964985 0.00700000000005
v -0.0284187192715 -0.0619702179766 0.00700000000005
v -0.0285656815514 -0.0621193954178 0.00700000000005
v -0.0287034593573 -0.0622770948056 0.00700000000005
v -0.0288315594803 -0.062442751617 0.00700000000005
v -0.0289495233553 -0.0626157728437 0.00700000000005
v -0.0290569287022 -0.0627955391146 0.00700000000005
v -0.0291533910377 -0.0629814069131 0.00700000000005
v -0.0292385650517 -0.0631727108807 0.00700000000005
v -0.0293121458433 -0.0633687661989 0.00700000000005
v -0.0293738700124 -0.0635688710405 0.00700000000005
v -0.0294235166026 -0.0637723090821 0.00700000000005
v -0.0294609078918 -0.0639783520684 0.00700000000005
v -0.029485910029 -0.0641862624188 0.00700000000005
v -0.029498433513 -0.0643952958684 0.00700000000005
v -0.029498433513 -0.0646047041316 0.00700000000005
v -0.029485910029 -0.0648137375812 0.00700000000005
v -0.0294609078918 -0.0650216479316 0.00700000000005
v -0.0294235166026 -0.0652276909179 0.00700000000005
v -0.0293738700124 -0.0654311289595 0.00700000000005
v -0.0293121458433 -0.0656312338011 0.00700000000005
v -0.0292385650517 -0.0658272891193 0.00700000000005
v -0.0291533910377 -0.0660185930869 0.00700000000005
v -0.0290569287022 -0.0662044608854 0.00700000000005
v -0.0289495233553 -0.0663842271563 0.00700000000005
v -0.0288315594803 -0.066557248383 0.00700000000005
v -0.0287034593573 -0.0667229051944 0.00700000000005
v -0.0285656815514 -0.0668806045822 0.00700000000005
v -0.0284187192715 -0.0670297820234 0.00700000000005
v -0.0282630986043 -0.0671699035015 0.00700000000005
v -0.0280993766314 -0.067300467418 0.00700000000005
v -0.0279281394351 -0.067421006388 0.00700000000005
v -0.02775 -0.0675310889132 0.00700000000005
v -0.0275655960191 -0.0676303209268 0.00700000000005
v -0.0273755876108 -0.0677183472039 0.00700000000005
v -0.0271806549558 -0.0677948526333 0.00700000000005
v -0.0269814958626 -0.0678595633454 0.00700000000005
v -0.0267788232688 -0.0679122476926 0.00700000000005
v -0.02657336269 -0.0679527170787 0.00700000000005
v -0.0263658496214 -0.0679808266338 0.00700000000005
v -0.0261570269062 -0.0679964757329 0.00700000000005
v -0.0259476420754 -0.0679996083563 0.00700000000005
v -0.0257384446724 -0.0679902132901 0.00700000000005
v -0.0255301835696 -0.0679683241662 0.00700000000005
v -0.0253236042877 -0.0679340193419 0.00700000000005
v -0.0251194463269 -0.0678874216196 0.00700000000005
v -0.0249184405197 -0.067828697807 0.00700000000005
v -0.0247213064147 -0.0677580581203 0.00700000000005
v -0.0245287497009 -0.067675755431 0.00700000000005
v -0.0243414596813 -0.0675820843615 0.00700000000005
v -0.0241601068057 -0.0674773802299 0.00700000000005
v -0.0239853402701 -0.0673620178498 0.00700000000005
v -0.0238177856935 -0.0672364101886 0.00700000000005
v -0.0236580428777 -0.0671010068892 0.00700000000005
v -0.0235066836607 -0.0669562926601 0.00700000000005
v -0.023364249869 -0.0668027855408 0.00700000000005
v -0.0232312513787 -0.0666410350469 0.00700000000005
v -0.0231081642899 -0.0664716202032 0.00700000000005
v -0.0229954292224 -0.0662951474709 0.00700000000005
v -0.0228934497385 -0.0661122485766 0.00700000000005
v -0.0228025908983 -0.0659235782508 0.00700000000005
v -0.0227231779528 -0.0657298118843 0.00700000000005
v -0.0226554951797 -0.0655316431104 0.00700000000005
v -0.022599784866 -0.065329781322 0.00700000000005
v -0.0225562464399 -0.0651249491318 0.00700000000005
v -0.0225250357578 -0.0649178797859 0.00700000000005
v -0.0225062645458 -0.0647093145388 0.00700000000005
v -0.0225 -0.0645 0.00700000000005
v -0.0225 -0.0645 0.00300000000005
v -0.026 -0.068 0.00300000000005
v -0.0262086529381 -0.0679937750287 0.00300000000005
v -0.0264165636713 -0.067975122258 0.00300000000005
v -0.0266229926349 -0.0679441080379 0.00300000000005
v -0.0268272055349 -0.0679008426901 0.00300000000005
v -0.0270284759602 -0.0678454801149 0.00300000000005
v -0.0272260879665 -0.0677782172439 0.00300000000005
v -0.0274193386228 -0.0676992933397 0.00300000000005
v -0.0276075405123 -0.0676089891446 0.00300000000005
v -0.0277900241769 -0.067507625882 0.00300000000005
v -0.0279661404991 -0.0673955641139 0.00300000000005
v -0.028135263011 -0.0672732024581 0.00300000000005
v -0.0282967901224 -0.0671409761706 0.00300000000005
v -0.028450147261 -0.0669993555968 0.00300000000005
v -0.0285947889159 -0.0668488444993 0.00300000000005
v -0.0287302005786 -0.0666899782648 0.00300000000005
v -0.0288559005727 -0.0665233220008 0.00300000000005
v -0.0289714417673 -0.0663494685246 0.00300000000005
v -0.0290764131679 -0.066169036255 0.00300000000005
v -0.0291704413778 -0.0659826670124 0.00300000000005
v -0.0292531919269 -0.0657910237358 0.00300000000005
v -0.029324370461 -0.0655947881246 0.00300000000005
v -0.0293837237891 -0.0653946582135 0.00300000000005
v -0.0294310407838 -0.0651913458901 0.00300000000005
v -0.0294661531327 -0.064985574362 0.00300000000005
v -0.0294889359366 -0.0647780755844 0.00300000000005
v -0.0294993081542 -0.0645695876568 0.00300000000005
v -0.0294972328903 -0.0643608521972 0.00300000000005
v -0.0294827175268 -0.0641526117038 0.00300000000005
v -0.0294558136968 -0.0639456069146 0.00300000000005
v -0.0294166171005 -0.0637405741716 0.00300000000005
v -0.0293652671651 -0.0635382428024 0.00300000000005
v -0.029301946549 -0.0633393325251 0.00300000000005
v -0.0292268804915 -0.0631445508887 0.00300000000005
v -0.0291403360122 -0.0629545907562 0.00300000000005
v -0.0290426209605 -0.0627701278398 0.00300000000005
v -0.0289340829215 -0.0625918182974 0.00300000000005
v -0.0288151079784 -0.0624202963986 0.00300000000005
v -0.0286861193404 -0.0622561722684 0.00300000000005
v -0.0285475758363 -0.0621000297172 0.00300000000005
v -0.0283999702828 -0.0619524241637 0.00300000000005
v -0.0282438277316 -0.0618138806596 0.00300000000005
v -0.0280797036014 -0.0616848920216 0.00300000000005
v -0.0279081817026 -0.0615659170785 0.00300000000005
v -0.0277298721602 -0.0614573790395 0.00300000000005
v -0.0275454092438 -0.0613596639878 0.00300000000005
v -0.0273554491113 -0.0612731195085 0.00300000000005
v -0.0271606674749 -0.061198053451 0.00300000000005
v -0.0269617571976 -0.0611347328349 0.00300000000005
v -0.0267594258284 -0.0610833828995 0.00300000000005
v -0.0265543930854 -0.0610441863032 0.00300000000005
v -0.0263473882962 -0.0610172824732 0.00300000000005
v -0.0261391478028 -0.0610027671097 0.00300000000005
v -0.0259304123432 -0.0610006918458 0.00300000000005
v -0.0257219244156 -0.0610110640634 0.00300000000005
v -0.025514425638 -0.0610338468673 0.00300000000005
v -0.0253086541099 -0.0610689592162 0.00300000000005
v -0.0251053417865 -0.0611162762109 0.00300000000005
v -0.0249052118754 -0.061175629539 0.00300000000005
v -0.0247089762642 -0.0612468080731 0.00300000000005
v -0.0245173329876 -0.0613295586222 0.00300000000005
v -0.024330963745 -0.0614235868321 0.00300000000005
v -0.0241505314754 -0.0615285582327 0.00300000000005
v -0.0239766779992 -0.0616440994273 0.00300000000005
v -0.0238100217352 -0.0617697994214 0.00300000000005
v -0.0236511555007 -0.0619052110841 0.00300000000005
v -0.0235006444032 -0.062049852739 0.00300000000005
v -0.0233590238294 -0.0622032098776 0.00300000000005
v -0.0232267975419 -0.062364736989 0.00300000000005
v -0.0231044358861 -0.0625338595009 0.00300000000005
v -0.022992374118 -0.0627099758231 0.00300000000005
v -0.0228910108554 -0.0628924594877 0.00300000000005
v -0.0228007066603 -0.0630806613772 0.00300000000005
v -0.0227217827561 -0.0632739120335 0.00300000000005
v -0.0226545198851 -0.0634715240398 0.00300000000005
v -0.0225991573099 -0.0636727944651 0.00300000000005
v -0.0225558919621 -0.0638770073651 0.00300000000005
v -0.022524877742 -0.0640834363287 0.00300000000005
v -0.0225062249713 -0.0642913470619 0.00300000000005
v -0.0225 -0.0645 0.00300000000005
v -0.0225059214461 -0.0647035069012 0.00300000000005
v -0.0225236657479 -0.0649063251994 0.00300000000005
v -0.0225531728645 -0.0651077686218 0.00300000000005
v -0.022594342953 -0.0653071555476 0.00300000000005
v -0.0226470367069 -0.0655038113145 0.00300000000005
v -0.0227110758272 -0.0656970705016 0.00300000000005
v -0.0227862436259 -0.0658862791811 0.00300000000005
v -0.0228722857589 -0.0660707971307 0.00300000000005
v -0.0229689110868 -0.06625 0.00300000000005
v -0.0230757926601 -0.0664232814232 0.00300000000005
v -0.0231925688254 -0.066590055071 0.00300000000005
v -0.0233188444491 -0.0667497566339 0.00300000000005
v -0.0234541922545 -0.0669018457325 0.00300000000005
v -0.0235981542675 -0.0670458077455 0.00300000000005
v -0.0237502433661 -0.0671811555509 0.00300000000005
v -0.023909944929 -0.0673074311746 0.00300000000005
v -0.0240767185768 -0.0674242073399 0.00300000000005
v -0.02425 -0.0675310889132 0.00300000000005
v -0.0244292028693 -0.0676277142411 0.00300000000005
v -0.0246137208189 -0.0677137563741 0.00300000000005
v -0.0248029294984 -0.0677889241728 0.00300000000005
v -0.0249961886855 -0.0678529632931 0.00300000000005
v -0.0251928444524 -0.067905657047 0.00300000000005
v -0.0253922313782 -0.0679468271355 0.00300000000005
v -0.0255936748006 -0.0679763342521 0.00300000000005
v -0.0257964930988 -0.0679940785539 0.00300000000005
v -0.0595 -0.0645 0.00700000000005
v -0.0595062645458 -0.0642906854612 0.00700000000005
v -0.0595250357578 -0.0640821202141 0.00700000000005
v -0.0595562464399 -0.0638750508682 0.00700000000005
v -0.059599784866 -0.063670218678 0.00700000000005
v -0.0596554951797 -0.0634683568896 0.00700000000005
v -0.0597231779528 -0.0632701881157 0.00700000000005
v -0.0598025908983 -0.0630764217492 0.00700000000005
v -0.0598934497385 -0.0628877514234 0.00700000000005
v -0.0599954292224 -0.0627048525291 0.00700000000005
v -0.0601081642899 -0.0625283797968 0.00700000000005
v -0.0602312513787 -0.0623589649531 0.00700000000005
v -0.060364249869 -0.0621972144592 0.00700000000005
v -0.0605066836607 -0.0620437073399 0.00700000000005
v -0.0606580428777 -0.0618989931108 0.00700000000005
v -0.0608177856935 -0.0617635898114 0.00700000000005
v -0.0609853402701 -0.0616379821502 0.00700000000005
v -0.0611601068057 -0.0615226197701 0.00700000000005
v -0.0613414596813 -0.0614179156385 0.00700000000005
v -0.0615287497009 -0.061324244569 0.00700000000005
v -0.0617213064147 -0.0612419418797 0.00700000000005
v -0.0619184405197 -0.061171302193 0.00700000000005
v -0.0621194463269 -0.0611125783804 0.00700000000005
v -0.0623236042877 -0.0610659806581 0.00700000000005
v -0.0625301835696 -0.0610316758338 0.00700000000005
v -0.0627384446724 -0.0610097867099 0.00700000000005
v -0.0629476420754 -0.0610003916437 0.00700000000005
v -0.0631570269062 -0.0610035242671 0.00700000000005
v -0.0633658496214 -0.0610191733662 0.00700000000005
v -0.06357336269 -0.0610472829213 0.00700000000005
v -0.0637788232688 -0.0610877523074 0.00700000000005
v -0.0639814958626 -0.0611404366546 0.00700000000005
v -0.0641806549558 -0.0612051473667 0.00700000000005
v -0.0643755876108 -0.0612816527961 0.00700000000005
v -0.0645655960191 -0.0613696790732 0.00700000000005
v -0.06475 -0.0614689110868 0.00700000000005
v -0.0649281394351 -0.061578993612 0.00700000000005
v -0.0650993766314 -0.061699532582 0.00700000000005
v -0.0652630986043 -0.0618300964985 0.00700000000005
v -0.0654187192715 -0.0619702179766 0.00700000000005
v -0.0655656815514 -0.0621193954178 0.00700000000005
v -0.0657034593573 -0.0622770948056 0.00700000000005
v -0.0658315594803 -0.062442751617 0.00700000000005
v -0.0659495233553 -0.0626157728437 0.00700000000005
v -0.0660569287022 -0.0627955391146 0.00700000000005
v -0.0661533910377 -0.0629814069131 0.00700000000005
v -0.0662385650517 -0.0631727108807 0.00700000000005
v -0.0663121458433 -0.0633687661989 0.00700000000005
v -0.0663738700124 -0.0635688710405 0.00700000000005
v -0.0664235166026 -0.0637723090821 0.00700000000005
v -0.0664609078918 -0.0639783520684 0.00700000000005
v -0.066485910029 -0.0641862624188 0.00700000000005
v -0.066498433513 -0.0643952958684 0.00700000000005
v -0.066498433513 -0.0646047041316 0.00700000000005
v -0.066485910029 -0.0648137375812 0.00700000000005
v -0.0664609078918 -0.0650216479316 0.00700000000005
v -0.0664235166026 -0.0652276909179 0.00700000000005
v -0.0663738700124 -0.0654311289595 0.00700000000005
v -0.0663121458433 -0.0656312338011 0.00700000000005
v -0.0662385650517 -0.0658272891193 0.00700000000005
v -0.0661533910377 -0.0660185930869 0.00700000000005
v -0.0660569287022 -0.0662044608854 0.00700000000005
v -0.0659495233553 -0.0663842271563 0.00700000000005
v -0.0658315594803 -0.066557248383 0.00700000000005
v -0.0657034593573 -0.0667229051944 0.00700000000005
v -0.0655656815514 -0.0668806045822 0.00700000000005
v -0.0654187192715 -0.0670297820234 0.00700000000005
v -0.0652630986043 -0.0671699035015 0.00700000000005
v -0.0650993766314 -0.067300467418 0.00700000000005
v -0.0649281394351 -0.067421006388 0.00700000000005
v -0.06475 -0.0675310889132 0.00700000000005
v -0.0645655960191 -0.0676303209268 0.00700000000005
v -0.0643755876108 -0.0677183472039 0.00700000000005
v -0.0641806549558 -0.0677948526333 0.00700000000005
v -0.0639814958626 -0.0678595633454 0.00700000000005
v -0.0637788232688 -0.0679122476926 0.00700000000005
v -0.06357336269 -0.0679527170787 0.00700000000005
v -0.0633658496214 -0.0679808266338 0.00700000000005
v -0.0631570269062 -0.0679964757329 0.00700000000005
v -0.0629476420754 -0.0679996083563 0.00700000000005
v -0.0627384446724 -0.0679902132901 0.00700000000005
v -0.0625301835696 -0.0679683241662 0.00700000000005
v -0.0623236042877 -0.0679340193419 0.00700000000005
v -0.0621194463269 -0.0678874216196 0.00700000000005
v -0.0619184405197 -0.067828697807 0.00700000000005
v -0.0617213064147 -0.0677580581203 0.00700000000005
v -0.0615287497009 -0.067675755431 0.00700000000005
v -0.0613414596813 -0.0675820843615 0.00700000000005
v -0.0611601068057 -0.0674773802299 0.00700000000005
v -0.0609853402701 -0.0673620178498 0.00700000000005
v -0.0608177856935 -0.0672364101886 0.00700000000005
v -0.0606580428777 -0.0671010068892 0.00700000000005
v -0.0605066836607 -0.0669562926601 0.00700000000005
v -0.060364249869 -0.0668027855408 0.00700000000005
v -0.0602312513787 -0.0666410350469 0.00700000000005
v -0.0601081642899 -0.0664716202032 0.00700000000005
v -0.0599954292224 -0.0662951474709 0.00700000000005
v -0.0598934497385 -0.0661122485766 0.00700000000005
v -0.0598025908983 -0.0659235782508 0.00700000000005
v -0.0597231779528 -0.0657298118843 0.00700000000005
v -0.0596554951797 -0.0655316431104 0.00700000000005
v -0.059599784866 -0.065329781322 0.00700000000005
v -0.0595562464399 -0.0651249491318 0.00700000000005
v -0.0595250357578 -0.0649178797859 0.00700000000005
v -0.0595062645458 -0.0647093145388 0.00700000000005
v -0.0595 -0.0645 0.00700000000005
v -0.0595 -0.0645 0.00300000000005
v -0.0665 -0.0645 0.00300000000005
v -0.0664938530612 -0.0642926578024 0.00300000000005
v -0.066475433836 -0.0640860439018 0.00300000000005
v -0.0664448070228 -0.0638808840371 0.00300000000005
v -0.0664020801993 -0.0636778988398 0.00300000000005
v -0.066347403445 -0.0634778013028 0.00300000000005
v -0.066280968814 -0.063281294276 0.00300000000005
v -0.0662030096604 -0.0630890679975 0.00300000000005
v -0.0661137998185 -0.0629017976691 0.00300000000005
v -0.0660136526412 -0.0627201410847 0.00300000000005
v -0.0659029198991 -0.0625447363197 0.00300000000005
v -0.0657819905449 -0.0623761994896 0.00300000000005
v -0.0656512893476 -0.0622151225863 0.00300000000005
v -0.0655112753997 -0.0620620713983 0.00300000000005
v -0.0653624405053 -0.0619175835234 0.00300000000005
v -0.0652053074525 -0.0617821664805 0.00300000000005
v -0.0650404281769 -0.061656295927 0.00300000000005
v -0.0648683818229 -0.0615404139877 0.00300000000005
v -0.0646897727096 -0.0614349277023 0.00300000000005
v -0.064505228208 -0.0613402075951 0.00300000000005
v -0.0643153965374 -0.061256586374 0.00300000000005
v -0.0641209444885 -0.0611843577615 0.00300000000005
v -0.0639225550812 -0.0611237754633 0.00300000000005
v -0.0637209251656 -0.061075052277 0.00300000000005
v -0.063516762974 -0.0610383593444 0.00300000000005
v -0.0633107856336 -0.0610138255508 0.00300000000005
v -0.0631037166474 -0.0610015370722 0.00300000000005
v -0.0628962833526 -0.0610015370722 0.00300000000005
v -0.0626892143664 -0.0610138255508 0.00300000000005
v -0.062483237026 -0.0610383593444 0.00300000000005
v -0.0622790748344 -0.061075052277 0.00300000000005
v -0.0620774449188 -0.0611237754633 0.00300000000005
v -0.0618790555115 -0.0611843577615 0.00300000000005
v -0.0616846034626 -0.061256586374 0.00300000000005
v -0.061494771792 -0.0613402075951 0.00300000000005
v -0.0613102272904 -0.0614349277023 0.00300000000005
v -0.0611316181771 -0.0615404139877 0.00300000000005
v -0.0609595718231 -0.061656295927 0.00300000000005
v -0.0607946925475 -0.0617821664805 0.00300000000005
v -0.0606375594947 -0.0619175835234 0.00300000000005
v -0.0604887246003 -0.0620620713983 0.00300000000005
v -0.0603487106524 -0.0622151225863 0.00300000000005
v -0.0602180094551 -0.0623761994896 0.00300000000005
v -0.0600970801009 -0.0625447363197 0.00300000000005
v -0.0599863473588 -0.0627201410847 0.00300000000005
v -0.0598862001815 -0.0629017976691 0.00300000000005
v -0.0597969903396 -0.0630890679975 0.00300000000005
v -0.059719031186 -0.063281294276 0.00300000000005
v -0.059652596555 -0.0634778013028 0.00300000000005
v -0.0595979198007 -0.0636778988398 0.00300000000005
v -0.0595551929772 -0.0638808840371 0.00300000000005
v -0.059524566164 -0.0640860439018 0.00300000000005
v -0.0595061469388 -0.0642926578024 0.00300000000005
v -0.063 -0.068 0.00300000000005
v -0.0632035069012 -0.0679940785539 0.00300000000005
v -0.0634063251994 -0.0679763342521 0.00300000000005
v -0.0636077686218 -0.0679468271355 0.00300000000005
v -0.0638071555476 -0.067905657047 0.00300000000005
v -0.0640038113145 -0.0678529632931 0.00300000000005
v -0.0641970705016 -0.0677889241728 0.00300000000005
v -0.0643862791811 -0.0677137563741 0.00300000000005
v -0.0645707971307 -0.0676277142411 0.00300000000005
v -0.06475 -0.0675310889132 0.00300000000005
v -0.0649232814232 -0.0674242073399 0.00300000000005
v -0.065090055071 -0.0673074311746 0.00300000000005
v -0.0652497566339 -0.0671811555509 0.00300000000005
v -0.0654018457325 -0.0670458077455 0.00300000000005
v -0.0655458077455 -0.0669018457325 0.00300000000005
v -0.0656811555509 -0.0667497566339 0.00300000000005
v -0.0658074311746 -0.066590055071 0.00300000000005
v -0.0659242073399 -0.0664232814232 0.00300000000005
v -0.0660310889132 -0.06625 0.00300000000005
v -0.0661277142411 -0.0660707971307 0.00300000000005
v -0.0662137563741 -0.0658862791811 0.00300000000005
v -0.0662889241728 -0.0656970705016 0.00300000000005
v -0.0663529632931 -0.0655038113145 0.00300000000005
v -0.066405657047 -0.0653071555476 0.00300000000005
v -0.0664468271355 -0.0651077686218 0.00300000000005
v -0.0664763342521 -0.0649063251994 0.00300000000005
v -0.0664940785539 -0.0647035069012 0.00300000000005
v -0.0595 -0.0645 0.00300000000005
v -0.0595059214461 -0.0647035069012 0.00300000000005
v -0.0595236657479 -0.0649063251994 0.00300000000005
v -0.0595531728645 -0.0651077686218 0.00300000000005
v -0.059594342953 -0.0653071555476 0.00300000000005
v -0.0596470367069 -0.0655038113145 0.00300000000005
v -0.0597110758272 -0.0656970705016 0.00300000000005
v -0.0597862436259 -0.0658862791811 0.00300000000005
v -0.0598722857589 -0.0660707971307 0.00300000000005
v -0.0599689110868 -0.06625 0.00300000000005
v -0.0600757926601 -0.0664232814232 0.00300000000005
v -0.0601925688254 -0.066590055071 0.00300000000005
v -0.0603188444491 -0.0667497566339 0.00300000000005
v -0.0604541922545 -0.0669018457325 0.00300000000005
v -0.0605981542675 -0.0670458077455 0.00300000000005
v -0.0607502433661 -0.0671811555509 0.00300000000005
v -0.060909944929 -0.0673074311746 0.00300000000005
v -0.0610767185768 -0.0674242073399 0.00300000000005
v -0.06125 -0.0675310889132 0.00300000000005
v -0.0614292028693 -0.0676277142411 0.00300000000005
v -0.0616137208189 -0.0677137563741 0.00300000000005
v -0.0618029294984 -0.0677889241728 0.00300000000005
v -0.0619961886855 -0.0678529632931 0.00300000000005
v -0.0621928444524 -0.067905657047 0.00300000000005
v -0.0623922313782 -0.0679468271355 0.00300000000005
v -0.0625936748006 -0.0679763342521 0.00300000000005
v -0.0627964930988 -0.0679940785539 0.00300000000005
v -0.0595 -0.0365 0.00700000000005
v -0.0595062645458 -0.0362906854612 0.00700000000005
v -0.0595250357578 -0.0360821202141 0.00700000000005
v -0.0595562464399 -0.0358750508682 0.00700000000005
v -0.059599784866 -0.035670218678 0.00700000000005
v -0.0596554951797 -0.0354683568896 0.00700000000005
v -0.0597231779528 -0.0352701881157 0.00700000000005
v -0.0598025908983 -0.0350764217492 0.00700000000005
v -0.0598934497385 -0.0348877514234 0.00700000000005
v -0.0599954292224 -0.0347048525291 0.00700000000005
v -0.0601081642899 -0.0345283797968 0.00700000000005
v -0.0602312513787 -0.0343589649531 0.00700000000005
v -0.060364249869 -0.0341972144592 0.00700000000005
v -0.0605066836607 -0.0340437073399 0.00700000000005
v -0.0606580428777 -0.0338989931108 0.00700000000005
v -0.0608177856935 -0.0337635898114 0.00700000000005
v -0.0609853402701 -0.0336379821502 0.00700000000005
v -0.0611601068057 -0.0335226197701 0.00700000000005
v -0.0613414596813 -0.0334179156385 0.00700000000005
v -0.0615287497009 -0.033324244569 0.00700000000005
v -0.0617213064147 -0.0332419418797 0.00700000000005
v -0.0619184405197 -0.033171302193 0.00700000000005
v -0.0621194463269 -0.0331125783804 0.00700000000005
v -0.0623236042877 -0.0330659806581 0.00700000000005
v -0.0625301835696 -0.0330316758338 0.00700000000005
v -0.0627384446724 -0.0330097867099 0.00700000000005
v -0.0629476420754 -0.0330003916437 0.00700000000005
v -0.0631570269062 -0.0330035242671 0.00700000000005
v -0.0633658496214 -0.0330191733662 0.00700000000005
v -0.06357336269 -0.0330472829213 0.00700000000005
v -0.0637788232688 -0.0330877523074 0.00700000000005
v -0.0639814958626 -0.0331404366546 0.00700000000005
v -0.0641806549558 -0.0332051473667 0.00700000000005
v -0.0643755876108 -0.0332816527961 0.00700000000005
v -0.0645655960191 -0.0333696790732 0.00700000000005
v -0.06475 -0.0334689110868 0.00700000000005
v -0.0649281394351 -0.033578993612 0.00700000000005
v -0.0650993766314 -0.033699532582 0.00700000000005
v -0.0652630986043 -0.0338300964985 0.00700000000005
v -0.0654187192715 -0.0339702179766 0.00700000000005
v -0.0655656815514 -0.0341193954178 0.00700000000005
v -0.0657034593573 -0.0342770948056 0.00700000000005
v -0.0658315594803 -0.034442751617 0.00700000000005
v -0.0659495233553 -0.0346157728437 0.00700000000005
v -0.0660569287022 -0.0347955391146 0.00700000000005
v -0.0661533910377 -0.0349814069131 0.00700000000005
v -0.0662385650517 -0.0351727108807 0.00700000000005
v -0.0663121458433 -0.0353687661989 0.00700000000005
v -0.0663738700124 -0.0355688710405 0.00700000000005
v -0.0664235166026 -0.0357723090821 0.00700000000005
v -0.0664609078918 -0.0359783520684 0.00700000000005
v -0.066485910029 -0.0361862624188 0.00700000000005
v -0.066498433513 -0.0363952958684 0.00700000000005
v -0.066498433513 -0.0366047041316 0.00700000000005
v -0.066485910029 -0.0368137375812 0.00700000000005
v -0.0664609078918 -0.0370216479316 0.00700000000005
v -0.0664235166026 -0.0372276909179 0.00700000000005
v -0.0663738700124 -0.0374311289595 0.00700000000005
v -0.0663121458433 -0.0376312338011 0.00700000000005
v -0.0662385650517 -0.0378272891193 0.00700000000005
v -0.0661533910377 -0.0380185930869 0.00700000000005
v -0.0660569287022 -0.0382044608854 0.00700000000005
v -0.0659495233553 -0.0383842271563 0.00700000000005
v -0.0658315594803 -0.038557248383 0.00700000000005
v -0.0657034593573 -0.0387229051944 0.00700000000005
v -0.0655656815514 -0.0388806045822 0.00700000000005
v -0.0654187192715 -0.0390297820234 0.00700000000005
v -0.0652630986043 -0.0391699035015 0.00700000000005
v -0.0650993766314 -0.039300467418 0.00700000000005
v -0.0649281394351 -0.039421006388 0.00700000000005
v -0.06475 -0.0395310889132 0.00700000000005
v -0.0645655960191 -0.0396303209268 0.00700000000005
v -0.0643755876108 -0.0397183472039 0.00700000000005
v -0.0641806549558 -0.0397948526333 0.00700000000005
v -0.0639814958626 -0.0398595633454 0.00700000000005
v -0.0637788232688 -0.0399122476926 0.00700000000005
v -0.06357336269 -0.0399527170787 0.00700000000005
v -0.0633658496214 -0.0399808266338 0.00700000000005
v -0.0631570269062 -0.0399964757329 0.00700000000005
v -0.0629476420754 -0.0399996083563 0.00700000000005
v -0.0627384446724 -0.0399902132901 0.00700000000005
v -0.0625301835696 -0.0399683241662 0.00700000000005
v -0.0623236042877 -0.0399340193419 0.00700000000005
v -0.0621194463269 -0.0398874216196 0.00700000000005
v -0.0619184405197 -0.039828697807 0.00700000000005
v -0.0617213064147 -0.0397580581203 0.00700000000005
v -0.0615287497009 -0.039675755431 0.00700000000005
v -0.0613414596813 -0.0395820843615 0.00700000000005
v -0.0611601068057 -0.0394773802299 0.00700000000005
v -0.0609853402701 -0.0393620178498 0.00700000000005
v -0.0608177856935 -0.0392364101886 0.00700000000005
v -0.0606580428777 -0.0391010068892 0.00700000000005
v -0.0605066836607 -0.0389562926601 0.00700000000005
v -0.060364249869 -0.0388027855408 0.00700000000005
v -0.0602312513787 -0.0386410350469 0.00700000000005
v -0.0601081642899 -0.0384716202032 0.00700000000005
v -0.0599954292224 -0.0382951474709 0.00700000000005
v -0.0598934497385 -0.0381122485766 0.00700000000005
v -0.0598025908983 -0.0379235782508 0.00700000000005
v -0.0597231779528 -0.0377298118843 0.00700000000005
v -0.0596554951797 -0.0375316431104 0.00700000000005
v -0.059599784866 -0.037329781322 0.00700000000005
v -0.0595562464399 -0.0371249491318 0.00700000000005
v -0.0595250357578 -0.0369178797859 0.00700000000005
v -0.0595062645458 -0.0367093145388 0.00700000000005
v -0.0595 -0.0365 0.00700000000005
v -0.0595 -0.0365 0.00300000000005
v -0.063 -0.033 0.00300000000005
v -0.0627964930988 -0.0330059214461 0.00300000000005
v -0.0625936748006 -0.0330236657479 0.00300000000005
v -0.0623922313782 -0.0330531728645 0.00300000000005
v -0.0621928444524 -0.033094342953 0.00300000000005
v -0.0619961886855 -0.0331470367069 0.00300000000005
v -0.0618029294984 -0.0332110758272 0.00300000000005
v -0.0616137208189 -0.0332862436259 0.00300000000005
v -0.0614292028693 -0.0333722857589 0.00300000000005
v -0.06125 -0.0334689110868 0.00300000000005
v -0.0610767185768 -0.0335757926601 0.00300000000005
v -0.060909944929 -0.0336925688254 0.00300000000005
v -0.0607502433661 -0.0338188444491 0.00300000000005
v -0.0605981542675 -0.0339541922545 0.00300000000005
v -0.0604541922545 -0.0340981542675 0.00300000000005
v -0.0603188444491 -0.0342502433661 0.00300000000005
v -0.0601925688254 -0.034409944929 0.00300000000005
v -0.0600757926601 -0.0345767185768 0.00300000000005
v -0.0599689110868 -0.03475 0.00300000000005
v -0.0598722857589 -0.0349292028693 0.00300000000005
v -0.0597862436259 -0.0351137208189 0.00300000000005
v -0.0597110758272 -0.0353029294984 0.00300000000005
v -0.0596470367069 -0.0354961886855 0.00300000000005
v -0.059594342953 -0.0356928444524 0.00300000000005
v -0.0595531728645 -0.0358922313782 0.00300000000005
v -0.0595236657479 -0.0360936748006 0.00300000000005
v -0.0595059214461 -0.0362964930988 0.00300000000005
v -0.0665 -0.0365 0.00300000000005
v -0.0664940785539 -0.0362964930988 0.00300000000005
v -0.0664763342521 -0.0360936748006 0.00300000000005
v -0.0664468271355 -0.0358922313782 0.00300000000005
v -0.066405657047 -0.0356928444524 0.00300000000005
v -0.0663529632931 -0.0354961886855 0.00300000000005
v -0.0662889241728 -0.0353029294984 0.00300000000005
v -0.0662137563741 -0.0351137208189 0.00300000000005
v -0.0661277142411 -0.0349292028693 0.00300000000005
v -0.0660310889132 -0.03475 0.00300000000005
v -0.0659242073399 -0.0345767185768 0.00300000000005
v -0.0658074311746 -0.034409944929 0.00300000000005
v -0.0656811555509 -0.0342502433661 0.00300000000005
v -0.0655458077455 -0.0340981542675 0.00300000000005
v -0.0654018457325 -0.0339541922545 0.00300000000005
v -0.0652497566339 -0.0338188444491 0.00300000000005
v -0.065090055071 -0.0336925688254 0.00300000000005
v -0.0649232814232 -0.0335757926601 0.00300000000005
v -0.06475 -0.0334689110868 0.00300000000005
v -0.0645707971307 -0.0333722857589 0.00300000000005
v -0.0643862791811 -0.0332862436259 0.00300000000005
v -0.0641970705016 -0.0332110758272 0.00300000000005
v -0.0640038113145 -0.0331470367069 0.00300000000005
v -0.0638071555476 -0.033094342953 0.00300000000005
v -0.0636077686218 -0.0330531728645 0.00300000000005
v -0.0634063251994 -0.0330236657479 0.00300000000005
v -0.0632035069012 -0.0330059214461 0.00300000000005
v -0.0595 -0.0365 0.00300000000005
v -0.0595061469388 -0.0367073421976 0.00300000000005
v -0.059524566164 -0.0369139560982 0.00300000000005
v -0.0595551929772 -0.0371191159629 0.00300000000005
v -0.0595979198007 -0.0373221011602 0.00300000000005
v -0.059652596555 -0.0375221986972 0.00300000000005
v -0.059719031186 -0.037718705724 0.00300000000005
v -0.0597969903396 -0.0379109320025 0.00300000000005
v -0.0598862001815 -0.0380982023309 0.00300000000005
v -0.0599863473588 -0.0382798589153 0.00300000000005
v -0.0600970801009 -0.0384552636803 0.00300000000005
v -0.0602180094551 -0.0386238005104 0.00300000000005
v -0.0603487106524 -0.0387848774137 0.00300000000005
v -0.0604887246003 -0.0389379286017 0.00300000000005
v -0.0606375594947 -0.0390824164766 0.00300000000005
v -0.0607946925475 -0.0392178335195 0.00300000000005
v -0.0609595718231 -0.039343704073 0.00300000000005
v -0.0611316181771 -0.0394595860123 0.00300000000005
v -0.0613102272904 -0.0395650722977 0.00300000000005
v -0.061494771792 -0.0396597924049 0.00300000000005
v -0.0616846034626 -0.039743413626 0.00300000000005
v -0.0618790555115 -0.0398156422385 0.00300000000005
v -0.0620774449188 -0.0398762245367 0.00300000000005
v -0.0622790748344 -0.039924947723 0.00300000000005
v -0.062483237026 -0.0399616406556 0.00300000000005
v -0.0626892143664 -0.0399861744492 0.00300000000005
v -0.0628962833526 -0.0399984629278 0.00300000000005
v -0.0631037166474 -0.0399984629278 0.00300000000005
v -0.0633107856336 -0.0399861744492 0.00300000000005
v -0.063516762974 -0.0399616406556 0.00300000000005
v -0.0637209251656 -0.039924947723 0.00300000000005
v -0.0639225550812 -0.0398762245367 0.00300000000005
v -0.0641209444885 -0.0398156422385 0.00300000000005
v -0.0643153965374 -0.039743413626 0.00300000000005
v -0.064505228208 -0.0396597924049 0.00300000000005
v -0.0646897727096 -0.0395650722977 0.00300000000005
v -0.0648683818229 -0.0394595860123 0.00300000000005
v -0.0650404281769 -0.039343704073 0.00300000000005
v -0.0652053074525 -0.0392178335195 0.00300000000005
v -0.0653624405053 -0.0390824164766 0.00300000000005
v -0.0655112753997 -0.0389379286017 0.00300000000005
v -0.0656512893476 -0.0387848774137 0.00300000000005
v -0.0657819905449 -0.0386238005104 0.00300000000005
v -0.0659029198991 -0.0384552636803 0.00300000000005
v -0.0660136526412 -0.0382798589153 0.00300000000005
v -0.0661137998185 -0.0380982023309 0.00300000000005
v -0.0662030096604 -0.0379109320025 0.00300000000005
v -0.066280968814 -0.037718705724 0.00300000000005
v -0.066347403445 -0.0375221986972 0.00300000000005
v -0.0664020801993 -0.0373221011602 0.00300000000005
v -0.0664448070228 -0.0371191159629 0.00300000000005
v -0.066475433836 -0.0369139560982 0.00300000000005
v -0.0664938530612 -0.0367073421976 0.00300000000005
v -0.0665 -0.0365 0.00300000000005
v -0.0665 -0.033 0.00300000000005
v -0.063 -0.033 0.00300000000005
v -0.0664940785539 -0.0362964930988 0.00300000000005
v -0.0664763342521 -0.0360936748006 0.00300000000005
v -0.0664468271355 -0.0358922313782 0.00300000000005
v -0.066405657047 -0.0356928444524 0.00300000000005
v -0.0663529632931 -0.0354961886855 0.00300000000005
v -0.0662889241728 -0.0353029294984 0.00300000000005
v -0.0662137563741 -0.0351137208189 0.00300000000005
v -0.0661277142411 -0.0349292028693 0.00300000000005
v -0.0660310889132 -0.03475 0.00300000000005
v -0.0659242073399 -0.0345767185768 0.00300000000005
v -0.0658074311746 -0.034409944929 0.00300000000005
v -0.0656811555509 -0.0342502433661 0.00300000000005
v -0.0655458077455 -0.0340981542675 0.00300000000005
v -0.0654018457325 -0.0339541922545 0.00300000000005
v -0.0652497566339 -0.0338188444491 0.00300000000005
v -0.065090055071 -0.0336925688254 0.00300000000005
v -0.0649232814232 -0.0335757926601 0.00300000000005
v -0.06475 -0.0334689110868 0.00300000000005
v -0.0645707971307 -0.0333722857589 0.00300000000005
v -0.0643862791811 -0.0332862436259 0.00300000000005
v -0.0641970705016 -0.0332110758272 0.00300000000005
v -0.0640038113145 -0.0331470367069 0.00300000000005
v -0.0638071555476 -0.033094342953 0.00300000000005
v -0.0636077686218 -0.0330531728645 0.00300000000005
v -0.0634063251994 -0.0330236657479 0.00300000000005
v -0.0632035069012 -0.0330059214461 0.00300000000005
v 0.0329449344471 -0.0514722658296 0.00700000000005
v 0.0329449344471 -0.0514722658296 0.00300000000005
v 0.0329425181222 -0.0513915302217 0.00300000000005
v 0.0329352777976 -0.0513110836264 0.00300000000005
v 0.0329232393917 -0.0512312140216 0.00300000000005
v 0.0329064459988 -0.0511522073196 0.00300000000005
v 0.0328849577349 -0.0510743463441 0.00300000000005
v 0.0328588515224 -0.0509979098171 0.00300000000005
v 0.0328282208149 -0.0509231713614 0.00300000000005
v 0.0327931752622 -0.0508503985215 0.00300000000005
v 0.0327538403184 -0.0507798518051 0.00300000000005
v 0.0327103567924 -0.0507117837512 0.00300000000005
v 0.0326628803438 -0.0506464380258 0.00300000000005
v 0.0326115809262 -0.0505840485495 0.00300000000005
v 0.0325566421779 -0.0505248386607 0.00300000000005
v 0.0324982607656 -0.0504690203152 0.00300000000005
v 0.0324366456796 -0.0504167933282 0.00300000000005
v 0.0323720174857 -0.0503683446589 0.00300000000005
v 0.0323046075363 -0.0503238477409 0.00300000000005
v 0.0322346571414 -0.0502834618616 0.00300000000005
v 0.0321624167053 -0.0502473315919 0.00300000000005
v 0.03208814483 -0.0502155862689 0.00300000000005
v 0.0320121073895 -0.0501883395326 0.00300000000005
v 0.0319345765781 -0.0501656889192 0.00300000000005
v 0.0318558299361 -0.050147715512 0.00300000000005
v 0.0317761493559 -0.0501344836512 0.00300000000005
v 0.0316958200734 -0.0501260407034 0.00300000000005
v 0.0316151296465 -0.0501224168921 0.00300000000005
v 0.0315343669261 -0.0501236251897 0.00300000000005
v 0.0314538210217 -0.0501296612708 0.00300000000005
v 0.0313737802667 -0.0501405035278 0.00300000000005
v 0.0312945311862 -0.0501561131481 0.00300000000005
v 0.0312163574715 -0.0501764342535 0.00300000000005
v 0.0311395389641 -0.0502013940996 0.00300000000005
v 0.0310643506543 -0.0502309033366 0.00300000000005
v 0.0309910616968 -0.0502648563292 0.00300000000005
v 0.0309199344471 -0.0503031315345 0.00300000000005
v 0.0308512235221 -0.050345591937 0.00300000000005
v 0.0307851748892 -0.0503920855397 0.00300000000005
v 0.0307220249854 -0.0504424459075 0.00300000000005
v 0.0306619998709 -0.0504964927634 0.00300000000005
v 0.0306053144201 -0.0505540326336 0.00300000000005
v 0.0305521715521 -0.0506148595403 0.00300000000005
v 0.0305027615047 -0.050678755739 0.00300000000005
v 0.0304572611529 -0.0507454924978 0.00300000000005
v 0.0304158333762 -0.0508148309166 0.00300000000005
v 0.0303786264754 -0.0508865227818 0.00300000000005
v 0.0303457736414 -0.050960311455 0.00300000000005
v 0.0303173924789 -0.051035932792 0.00300000000005
v 0.0302935845851 -0.051113116088 0.00300000000005
v 0.0302744351861 -0.051191585047 0.00300000000005
v 0.0302600128317 -0.0512710587702 0.00300000000005
v 0.0302503691502 -0.0513512527625 0.00300000000005
v 0.0302455386635 -0.0514318799502 0.00300000000005
v 0.0302455386635 -0.0515126517089 0.00300000000005
v 0.0302503691502 -0.0515932788966 0.00300000000005
v 0.0302600128317 -0.0516734728889 0.00300000000005
v 0.0302744351861 -0.0517529466122 0.00300000000005
v 0.0302935845851 -0.0518314155711 0.00300000000005
v 0.0303173924789 -0.0519085988671 0.00300000000005
v 0.0303457736414 -0.0519842202041 0.00300000000005
v 0.0303786264754 -0.0520580088774 0.00300000000005
v 0.0304158333762 -0.0521297007425 0.00300000000005
v 0.0304572611529 -0.0521990391613 0.00300000000005
v 0.0305027615047 -0.0522657759202 0.00300000000005
v 0.0305521715521 -0.0523296721188 0.00300000000005
v 0.0306053144201 -0.0523904990256 0.00300000000005
v 0.0306619998709 -0.0524480388957 0.00300000000005
v 0.0307220249854 -0.0525020857516 0.00300000000005
v 0.0307851748892 -0.0525524461194 0.00300000000005
v 0.0308512235221 -0.0525989397221 0.00300000000005
v 0.0309199344471 -0.0526414001247 0.00300000000005
v 0.0309910616968 -0.0526796753299 0.00300000000005
v 0.0310643506543 -0.0527136283225 0.00300000000005
v 0.0311395389641 -0.0527431375596 0.00300000000005
v 0.0312163574715 -0.0527680974056 0.00300000000005
v 0.0312945311862 -0.052788418511 0.00300000000005
v 0.0313737802667 -0.0528040281314 0.00300000000005
v 0.0314538210217 -0.0528148703883 0.00300000000005
v 0.0315343669261 -0.0528209064694 0.00300000000005
v 0.0316151296465 -0.052822114767 0.00300000000005
v 0.0316958200734 -0.0528184909558 0.00300000000005
v 0.0317761493559 -0.0528100480079 0.00300000000005
v 0.0318558299361 -0.0527968161471 0.00300000000005
v 0.0319345765781 -0.05277884274 0.00300000000005
v 0.0320121073895 -0.0527561921266 0.00300000000005
v 0.03208814483 -0.0527289453902 0.00300000000005
v 0.0321624167053 -0.0526972000672 0.00300000000005
v 0.0322346571414 -0.0526610697976 0.00300000000005
v 0.0323046075363 -0.0526206839182 0.00300000000005
v 0.0323720174857 -0.0525761870002 0.00300000000005
v 0.0324366456796 -0.0525277383309 0.00300000000005
v 0.0324982607656 -0.052475511344 0.00300000000005
v 0.0325566421779 -0.0524196929985 0.00300000000005
v 0.0326115809262 -0.0523604831096 0.00300000000005
v 0.0326628803438 -0.0522980936334 0.00300000000005
v 0.0327103567924 -0.0522327479079 0.00300000000005
v 0.0327538403184 -0.0521646798541 0.00300000000005
v 0.0327931752622 -0.0520941331377 0.00300000000005
v 0.0328282208149 -0.0520213602977 0.00300000000005
v 0.0328588515224 -0.0519466218421 0.00300000000005
v 0.0328849577349 -0.051870185315 0.00300000000005
v 0.0329064459988 -0.0517923243395 0.00300000000005
v 0.0329232393917 -0.0517133176375 0.00300000000005
v 0.0329352777976 -0.0516334480327 0.00300000000005
v 0.0329425181222 -0.0515530014374 0.00300000000005
v 0.0329449344471 -0.0514722658296 0.00300000000005
v 0.0329449344471 -0.0514722658296 0.00700000000005
v 0.0329425181222 -0.0515530014374 0.00700000000005
v 0.0329352777976 -0.0516334480327 0.00700000000005
v 0.0329232393917 -0.0517133176375 0.00700000000005
v 0.0329064459988 -0.0517923243395 0.00700000000005
v 0.0328849577349 -0.051870185315 0.00700000000005
v 0.0328588515224 -0.0519466218421 0.00700000000005
v 0.0328282208149 -0.0520213602977 0.00700000000005
v 0.0327931752622 -0.0520941331377 0.00700000000005
v 0.0327538403184 -0.0521646798541 0.00700000000005
v 0.0327103567924 -0.0522327479079 0.00700000000005
v 0.0326628803438 -0.0522980936334 0.00700000000005
v 0.0326115809262 -0.0523604831096 0.00700000000005
v 0.0325566421779 -0.0524196929985 0.00700000000005
v 0.0324982607656 -0.052475511344 0.00700000000005
v 0.0324366456796 -0.0525277383309 0.00700000000005
v 0.0323720174857 -0.0525761870002 0.00700000000005
v 0.0323046075363 -0.0526206839182 0.00700000000005
v 0.0322346571414 -0.0526610697976 0.00700000000005
v 0.0321624167053 -0.0526972000672 0.00700000000005
v 0.03208814483 -0.0527289453902 0.00700000000005
v 0.0320121073895 -0.0527561921266 0.00700000000005
v 0.0319345765781 -0.05277884274 0.00700000000005
v 0.0318558299361 -0.0527968161471 0.00700000000005
v 0.0317761493559 -0.0528100480079 0.00700000000005
v 0.0316958200734 -0.0528184909558 0.00700000000005
v 0.0316151296465 -0.052822114767 0.00700000000005
v 0.0315343669261 -0.0528209064694 0.00700000000005
v 0.0314538210217 -0.0528148703883 0.00700000000005
v 0.0313737802667 -0.0528040281314 0.00700000000005
v 0.0312945311862 -0.052788418511 0.00700000000005
v 0.0312163574715 -0.0527680974056 0.00700000000005
v 0.0311395389641 -0.0527431375596 0.00700000000005
v 0.0310643506543 -0.0527136283225 0.00700000000005
v 0.0309910616968 -0.0526796753299 0.00700000000005
v 0.0309199344471 -0.0526414001247 0.00700000000005
v 0.0308512235221 -0.0525989397221 0.00700000000005
v 0.0307851748892 -0.0525524461194 0.00700000000005
v 0.0307220249854 -0.0525020857516 0.00700000000005
v 0.0306619998709 -0.0524480388957 0.00700000000005
v 0.0306053144201 -0.0523904990256 0.00700000000005
v 0.0305521715521 -0.0523296721188 0.00700000000005
v 0.0305027615047 -0.0522657759202 0.00700000000005
v 0.0304572611529 -0.0521990391613 0.00700000000005
v 0.0304158333762 -0.0521297007425 0.00700000000005
v 0.0303786264754 -0.0520580088774 0.00700000000005
v 0.0303457736414 -0.0519842202041 0.00700000000005
v 0.0303173924789 -0.0519085988671 0.00700000000005
v 0.0302935845851 -0.0518314155711 0.00700000000005
v 0.0302744351861 -0.0517529466122 0.00700000000005
v 0.0302600128317 -0.0516734728889 0.00700000000005
v 0.0302503691502 -0.0515932788966 0.00700000000005
v 0.0302455386635 -0.0515126517089 0.00700000000005
v 0.0302455386635 -0.0514318799502 0.00700000000005
v 0.0302503691502 -0.0513512527625 0.00700000000005
v 0.0302600128317 -0.0512710587702 0.00700000000005
v 0.0302744351861 -0.051191585047 0.00700000000005
v 0.0302935845851 -0.051113116088 0.00700000000005
v 0.0303173924789 -0.051035932792 0.00700000000005
v 0.0303457736414 -0.050960311455 0.00700000000005
v 0.0303786264754 -0.0508865227818 0.00700000000005
v 0.0304158333762 -0.0508148309166 0.00700000000005
v 0.0304572611529 -0.0507454924978 0.00700000000005
v 0.0305027615047 -0.050678755739 0.00700000000005
v 0.0305521715521 -0.0506148595403 0.00700000000005
v 0.0306053144201 -0.0505540326336 0.00700000000005
v 0.0306619998709 -0.0504964927634 0.00700000000005
v 0.0307220249854 -0.0504424459075 0.00700000000005
v 0.0307851748892 -0.0503920855397 0.00700000000005
v 0.0308512235221 -0.050345591937 0.00700000000005
v 0.0309199344471 -0.0503031315345 0.00700000000005
v 0.0309910616968 -0.0502648563292 0.00700000000005
v 0.0310643506543 -0.0502309033366 0.00700000000005
v 0.0311395389641 -0.0502013940996 0.00700000000005
v 0.0312163574715 -0.0501764342535 0.00700000000005
v 0.0312945311862 -0.0501561131481 0.00700000000005
v 0.0313737802667 -0.0501405035278 0.00700000000005
v 0.0314538210217 -0.0501296612708 0.00700000000005
v 0.0315343669261 -0.0501236251897 0.00700000000005
v 0.0316151296465 -0.0501224168921 0.00700000000005
v 0.0316958200734 -0.0501260407034 0.00700000000005
v 0.0317761493559 -0.0501344836512 0.00700000000005
v 0.0318558299361 -0.050147715512 0.00700000000005
v 0.0319345765781 -0.0501656889192 0.00700000000005
v 0.0320121073895 -0.0501883395326 0.00700000000005
v 0.03208814483 -0.0502155862689 0.00700000000005
v 0.0321624167053 -0.0502473315919 0.00700000000005
v 0.0322346571414 -0.0502834618616 0.00700000000005
v 0.0323046075363 -0.0503238477409 0.00700000000005
v 0.0323720174857 -0.0503683446589 0.00700000000005
v 0.0324366456796 -0.0504167933282 0.00700000000005
v 0.0324982607656 -0.0504690203152 0.00700000000005
v 0.0325566421779 -0.0505248386607 0.00700000000005
v 0.0326115809262 -0.0505840485495 0.00700000000005
v 0.0326628803438 -0.0506464380258 0.00700000000005
v 0.0327103567924 -0.0507117837512 0.00700000000005
v 0.0327538403184 -0.0507798518051 0.00700000000005
v 0.0327931752622 -0.0508503985215 0.00700000000005
v 0.0328282208149 -0.0509231713614 0.00700000000005
v 0.0328588515224 -0.0509979098171 0.00700000000005
v 0.0328849577349 -0.0510743463441 0.00700000000005
v 0.0329064459988 -0.0511522073196 0.00700000000005
v 0.0329232393917 -0.0512312140216 0.00700000000005
v 0.0329352777976 -0.0513110836264 0.00700000000005
v 0.0329425181222 -0.0513915302217 0.00700000000005
v -0.0225 -0.0365 0.00700000000005
v -0.0225062645458 -0.0362906854612 0.00700000000005
v -0.0225250357578 -0.0360821202141 0.00700000000005
v -0.0225562464399 -0.0358750508682 0.00700000000005
v -0.022599784866 -0.035670218678 0.00700000000005
v -0.0226554951797 -0.0354683568896 0.00700000000005
v -0.0227231779528 -0.0352701881157 0.00700000000005
v -0.0228025908983 -0.0350764217492 0.00700000000005
v -0.0228934497385 -0.0348877514234 0.00700000000005
v -0.0229954292224 -0.0347048525291 0.00700000000005
v -0.0231081642899 -0.0345283797968 0.00700000000005
v -0.0232312513787 -0.0343589649531 0.00700000000005
v -0.023364249869 -0.0341972144592 0.00700000000005
v -0.0235066836607 -0.0340437073399 0.00700000000005
v -0.0236580428777 -0.0338989931108 0.00700000000005
v -0.0238177856935 -0.0337635898114 0.00700000000005
v -0.0239853402701 -0.0336379821502 0.00700000000005
v -0.0241601068057 -0.0335226197701 0.00700000000005
v -0.0243414596813 -0.0334179156385 0.00700000000005
v -0.0245287497009 -0.033324244569 0.00700000000005
v -0.0247213064147 -0.0332419418797 0.00700000000005
v -0.0249184405197 -0.033171302193 0.00700000000005
v -0.0251194463269 -0.0331125783804 0.00700000000005
v -0.0253236042877 -0.0330659806581 0.00700000000005
v -0.0255301835696 -0.0330316758338 0.00700000000005
v -0.0257384446724 -0.0330097867099 0.00700000000005
v -0.0259476420754 -0.0330003916437 0.00700000000005
v -0.0261570269062 -0.0330035242671 0.00700000000005
v -0.0263658496214 -0.0330191733662 0.00700000000005
v -0.02657336269 -0.0330472829213 0.00700000000005
v -0.0267788232688 -0.0330877523074 0.00700000000005
v -0.0269814958626 -0.0331404366546 0.00700000000005
v -0.0271806549558 -0.0332051473667 0.00700000000005
v -0.0273755876108 -0.0332816527961 0.00700000000005
v -0.0275655960191 -0.0333696790732 0.00700000000005
v -0.02775 -0.0334689110868 0.00700000000005
v -0.0279281394351 -0.033578993612 0.00700000000005
v -0.0280993766314 -0.033699532582 0.00700000000005
v -0.0282630986043 -0.0338300964985 0.00700000000005
v -0.0284187192715 -0.0339702179766 0.00700000000005
v -0.0285656815514 -0.0341193954178 0.00700000000005
v -0.0287034593573 -0.0342770948056 0.00700000000005
v -0.0288315594803 -0.034442751617 0.00700000000005
v -0.0289495233553 -0.0346157728437 0.00700000000005
v -0.0290569287022 -0.0347955391146 0.00700000000005
v -0.0291533910377 -0.0349814069131 0.00700000000005
v -0.0292385650517 -0.0351727108807 0.00700000000005
v -0.0293121458433 -0.0353687661989 0.00700000000005
v -0.0293738700124 -0.0355688710405 0.00700000000005
v -0.0294235166026 -0.0357723090821 0.00700000000005
v -0.0294609078918 -0.0359783520684 0.00700000000005
v -0.029485910029 -0.0361862624188 0.00700000000005
v -0.029498433513 -0.0363952958684 0.00700000000005
v -0.029498433513 -0.0366047041316 0.00700000000005
v -0.029485910029 -0.0368137375812 0.00700000000005
v -0.0294609078918 -0.0370216479316 0.00700000000005
v -0.0294235166026 -0.0372276909179 0.00700000000005
v -0.0293738700124 -0.0374311289595 0.00700000000005
v -0.0293121458433 -0.0376312338011 0.00700000000005
v -0.0292385650517 -0.0378272891193 0.00700000000005
v -0.0291533910377 -0.0380185930869 0.00700000000005
v -0.0290569287022 -0.0382044608854 0.00700000000005
v -0.0289495233553 -0.0383842271563 0.00700000000005
v -0.0288315594803 -0.038557248383 0.00700000000005
v -0.0287034593573 -0.0387229051944 0.00700000000005
v -0.0285656815514 -0.0388806045822 0.00700000000005
v -0.0284187192715 -0.0390297820234 0.00700000000005
v -0.0282630986043 -0.0391699035015 0.00700000000005
v -0.0280993766314 -0.039300467418 0.00700000000005
v -0.0279281394351 -0.039421006388 0.00700000000005
v -0.02775 -0.0395310889132 0.00700000000005
v -0.0275655960191 -0.0396303209268 0.00700000000005
v -0.0273755876108 -0.0397183472039 0.00700000000005
v -0.0271806549558 -0.0397948526333 0.00700000000005
v -0.0269814958626 -0.0398595633454 0.00700000000005
v -0.0267788232688 -0.0399122476926 0.00700000000005
v -0.02657336269 -0.0399527170787 0.00700000000005
v -0.0263658496214 -0.0399808266338 0.00700000000005
v -0.0261570269062 -0.0399964757329 0.00700000000005
v -0.0259476420754 -0.0399996083563 0.00700000000005
v -0.0257384446724 -0.0399902132901 0.00700000000005
v -0.0255301835696 -0.0399683241662 0.00700000000005
v -0.0253236042877 -0.0399340193419 0.00700000000005
v -0.0251194463269 -0.0398874216196 0.00700000000005
v -0.0249184405197 -0.039828697807 0.00700000000005
v -0.0247213064147 -0.0397580581203 0.00700000000005
v -0.0245287497009 -0.039675755431 0.00700000000005
v -0.0243414596813 -0.0395820843615 0.00700000000005
v -0.0241601068057 -0.0394773802299 0.00700000000005
v -0.0239853402701 -0.0393620178498 0.00700000000005
v -0.0238177856935 -0.0392364101886 0.00700000000005
v -0.0236580428777 -0.0391010068892 0.00700000000005
v -0.0235066836607 -0.0389562926601 0.00700000000005
v -0.023364249869 -0.0388027855408 0.00700000000005
v -0.0232312513787 -0.0386410350469 0.00700000000005
v -0.0231081642899 -0.0384716202032 0.00700000000005
v -0.0229954292224 -0.0382951474709 0.00700000000005
v -0.0228934497385 -0.0381122485766 0.00700000000005
v -0.0228025908983 -0.0379235782508 0.00700000000005
v -0.0227231779528 -0.0377298118843 0.00700000000005
v -0.0226554951797 -0.0375316431104 0.00700000000005
v -0.022599784866 -0.037329781322 0.00700000000005
v -0.0225562464399 -0.0371249491318 0.00700000000005
v -0.0225250357578 -0.0369178797859 0.00700000000005
v -0.0225062645458 -0.0367093145388 0.00700000000005
v -0.02465 -0.0365 0.00700000000005
v -0.0246524163248 -0.0365807356078 0.00700000000005
v -0.0246596566494 -0.0366611822031 0.00700000000005
v -0.0246716950554 -0.036741051808 0.00700000000005
v -0.0246884884483 -0.0368200585099 0.00700000000005
v -0.0247099767122 -0.0368979194855 0.00700000000005
v -0.0247360829246 -0.0369743560125 0.00700000000005
v -0.0247667136322 -0.0370490944682 0.00700000000005
v -0.0248017591848 -0.0371218673081 0.00700000000005
v -0.0248410941286 -0.0371924140245 0.00700000000005
v -0.0248845776547 -0.0372604820784 0.00700000000005
v -0.0249320541032 -0.0373258278038 0.00700000000005
v -0.0249833535209 -0.03738821728 0.00700000000005
v -0.0250382922691 -0.0374474271689 0.00700000000005
v -0.0250966736814 -0.0375032455144 0.00700000000005
v -0.0251582887675 -0.0375554725013 0.00700000000005
v -0.0252229169613 -0.0376039211706 0.00700000000005
v -0.0252903269108 -0.0376484180887 0.00700000000005
v -0.0253602773057 -0.037688803968 0.00700000000005
v -0.0254325177418 -0.0377249342377 0.00700000000005
v -0.0255067896171 -0.0377566795607 0.00700000000005
v -0.0255828270576 -0.037783926297 0.00700000000005
v -0.0256603578689 -0.0378065769104 0.00700000000005
v -0.025739104511 -0.0378245503176 0.00700000000005
v -0.0258187850911 -0.0378377821784 0.00700000000005
v -0.0258991143737 -0.0378462251262 0.00700000000005
v -0.0259798048005 -0.0378498489374 0.00700000000005
v -0.026060567521 -0.0378486406398 0.00700000000005
v -0.0261411134254 -0.0378426045587 0.00700000000005
v -0.0262211541804 -0.0378317623018 0.00700000000005
v -0.0263004032608 -0.0378161526814 0.00700000000005
v -0.0263785769756 -0.0377958315761 0.00700000000005
v -0.026455395483 -0.03777087173 0.00700000000005
v -0.0265305837927 -0.0377413624929 0.00700000000005
v -0.0266038727502 -0.0377074095003 0.00700000000005
v -0.026675 -0.0376691342951 0.00700000000005
v -0.026743710925 -0.0376266738925 0.00700000000005
v -0.0268097595578 -0.0375801802898 0.00700000000005
v -0.0268729094616 -0.037529819922 0.00700000000005
v -0.0269329345761 -0.0374757730662 0.00700000000005
v -0.026989620027 -0.037418233196 0.00700000000005
v -0.027042762895 -0.0373574062893 0.00700000000005
v -0.0270921729424 -0.0372935100906 0.00700000000005
v -0.0271376732942 -0.0372267733317 0.00700000000005
v -0.0271791010708 -0.0371574349129 0.00700000000005
v -0.0272163079717 -0.0370857430478 0.00700000000005
v -0.0272491608056 -0.0370119543746 0.00700000000005
v -0.0272775419681 -0.0369363330376 0.00700000000005
v -0.0273013498619 -0.0368591497415 0.00700000000005
v -0.027320499261 -0.0367806807826 0.00700000000005
v -0.0273349216154 -0.0367012070593 0.00700000000005
v -0.0273445652969 -0.036621013067 0.00700000000005
v -0.0273493957836 -0.0365403858793 0.00700000000005
v -0.0273493957836 -0.0364596141207 0.00700000000005
v -0.0273445652969 -0.036378986933 0.00700000000005
v -0.0273349216154 -0.0362987929407 0.00700000000005
v -0.027320499261 -0.0362193192174 0.00700000000005
v -0.0273013498619 -0.0361408502585 0.00700000000005
v -0.0272775419681 -0.0360636669624 0.00700000000005
v -0.0272491608056 -0.0359880456254 0.00700000000005
v -0.0272163079717 -0.0359142569522 0.00700000000005
v -0.0271791010708 -0.0358425650871 0.00700000000005
v -0.0271376732942 -0.0357732266683 0.00700000000005
v -0.0270921729424 -0.0357064899094 0.00700000000005
v -0.027042762895 -0.0356425937107 0.00700000000005
v -0.026989620027 -0.035581766804 0.00700000000005
v -0.0269329345761 -0.0355242269338 0.00700000000005
v -0.0268729094616 -0.035470180078 0.00700000000005
v -0.0268097595578 -0.0354198197102 0.00700000000005
v -0.026743710925 -0.0353733261075 0.00700000000005
v -0.026675 -0.0353308657049 0.00700000000005
v -0.0266038727502 -0.0352925904997 0.00700000000005
v -0.0265305837927 -0.0352586375071 0.00700000000005
v -0.026455395483 -0.03522912827 0.00700000000005
v -0.0263785769756 -0.0352041684239 0.00700000000005
v -0.0263004032608 -0.0351838473186 0.00700000000005
v -0.0262211541804 -0.0351682376982 0.00700000000005
v -0.0261411134254 -0.0351573954413 0.00700000000005
v -0.026060567521 -0.0351513593602 0.00700000000005
v -0.0259798048005 -0.0351501510626 0.00700000000005
v -0.0258991143737 -0.0351537748738 0.00700000000005
v -0.0258187850911 -0.0351622178216 0.00700000000005
v -0.025739104511 -0.0351754496824 0.00700000000005
v -0.0256603578689 -0.0351934230896 0.00700000000005
v -0.0255828270576 -0.035216073703 0.00700000000005
v -0.0255067896171 -0.0352433204393 0.00700000000005
v -0.0254325177418 -0.0352750657623 0.00700000000005
v -0.0253602773057 -0.035311196032 0.00700000000005
v -0.0252903269108 -0.0353515819113 0.00700000000005
v -0.0252229169613 -0.0353960788294 0.00700000000005
v -0.0251582887675 -0.0354445274987 0.00700000000005
v -0.0250966736814 -0.0354967544856 0.00700000000005
v -0.0250382922691 -0.0355525728311 0.00700000000005
v -0.0249833535209 -0.03561178272 0.00700000000005
v -0.0249320541032 -0.0356741721962 0.00700000000005
v -0.0248845776547 -0.0357395179216 0.00700000000005
v -0.0248410941286 -0.0358075859755 0.00700000000005
v -0.0248017591848 -0.0358781326919 0.00700000000005
v -0.0247667136322 -0.0359509055318 0.00700000000005
v -0.0247360829246 -0.0360256439875 0.00700000000005
v -0.0247099767122 -0.0361020805145 0.00700000000005
v -0.0246884884483 -0.0361799414901 0.00700000000005
v -0.0246716950554 -0.036258948192 0.00700000000005
v -0.0246596566494 -0.0363388177969 0.00700000000005
v -0.0246524163248 -0.0364192643922 0.00700000000005
v -0.0225 -0.0645 0.00700000000005
v -0.0225062645458 -0.0642906854612 0.00700000000005
v -0.0225250357578 -0.0640821202141 0.00700000000005
v -0.0225562464399 -0.0638750508682 0.00700000000005
v -0.022599784866 -0.063670218678 0.00700000000005
v -0.0226554951797 -0.0634683568896 0.00700000000005
v -0.0227231779528 -0.0632701881157 0.00700000000005
v -0.0228025908983 -0.0630764217492 0.00700000000005
v -0.0228934497385 -0.0628877514234 0.00700000000005
v -0.0229954292224 -0.0627048525291 0.00700000000005
v -0.0231081642899 -0.0625283797968 0.00700000000005
v -0.0232312513787 -0.0623589649531 0.00700000000005
v -0.023364249869 -0.0621972144592 0.00700000000005
v -0.0235066836607 -0.0620437073399 0.00700000000005
v -0.0236580428777 -0.0618989931108 0.00700000000005
v -0.0238177856935 -0.0617635898114 0.00700000000005
v -0.0239853402701 -0.0616379821502 0.00700000000005
v -0.0241601068057 -0.0615226197701 0.00700000000005
v -0.0243414596813 -0.0614179156385 0.00700000000005
v -0.0245287497009 -0.061324244569 0.00700000000005
v -0.0247213064147 -0.0612419418797 0.00700000000005
v -0.0249184405197 -0.061171302193 0.00700000000005
v -0.0251194463269 -0.0611125783804 0.00700000000005
v -0.0253236042877 -0.0610659806581 0.00700000000005
v -0.0255301835696 -0.0610316758338 0.00700000000005
v -0.0257384446724 -0.0610097867099 0.00700000000005
v -0.0259476420754 -0.0610003916437 0.00700000000005
v -0.0261570269062 -0.0610035242671 0.00700000000005
v -0.0263658496214 -0.0610191733662 0.00700000000005
v -0.02657336269 -0.0610472829213 0.00700000000005
v -0.0267788232688 -0.0610877523074 0.00700000000005
v -0.0269814958626 -0.0611404366546 0.00700000000005
v -0.0271806549558 -0.0612051473667 0.00700000000005
v -0.0273755876108 -0.0612816527961 0.00700000000005
v -0.0275655960191 -0.0613696790732 0.00700000000005
v -0.02775 -0.0614689110868 0.00700000000005
v -0.0279281394351 -0.061578993612 0.00700000000005
v -0.0280993766314 -0.061699532582 0.00700000000005
v -0.0282630986043 -0.0618300964985 0.00700000000005
v -0.0284187192715 -0.0619702179766 0.00700000000005
v -0.0285656815514 -0.0621193954178 0.00700000000005
v -0.0287034593573 -0.0622770948056 0.00700000000005
v -0.0288315594803 -0.062442751617 0.00700000000005
v -0.0289495233553 -0.0626157728437 0.00700000000005
v -0.0290569287022 -0.0627955391146 0.00700000000005
v -0.0291533910377 -0.0629814069131 0.00700000000005
v -0.0292385650517 -0.0631727108807 0.00700000000005
v -0.0293121458433 -0.0633687661989 0.00700000000005
v -0.0293738700124 -0.0635688710405 0.00700000000005
v -0.0294235166026 -0.0637723090821 0.00700000000005
v -0.0294609078918 -0.0639783520684 0.00700000000005
v -0.029485910029 -0.0641862624188 0.00700000000005
v -0.029498433513 -0.0643952958684 0.00700000000005
v -0.029498433513 -0.0646047041316 0.00700000000005
v -0.029485910029 -0.0648137375812 0.00700000000005
v -0.0294609078918 -0.0650216479316 0.00700000000005
v -0.0294235166026 -0.0652276909179 0.00700000000005
v -0.0293738700124 -0.0654311289595 0.00700000000005
v -0.0293121458433 -0.0656312338011 0.00700000000005
v -0.0292385650517 -0.0658272891193 0.00700000000005
v -0.0291533910377 -0.0660185930869 0.00700000000005
v -0.0290569287022 -0.0662044608854 0.00700000000005
v -0.0289495233553 -0.0663842271563 0.00700000000005
v -0.0288315594803 -0.066557248383 0.00700000000005
v -0.0287034593573 -0.0667229051944 0.00700000000005
v -0.0285656815514 -0.0668806045822 0.00700000000005
v -0.0284187192715 -0.0670297820234 0.00700000000005
v -0.0282630986043 -0.0671699035015 0.00700000000005
v -0.0280993766314 -0.067300467418 0.00700000000005
v -0.0279281394351 -0.067421006388 0.00700000000005
v -0.02775 -0.0675310889132 0.00700000000005
v -0.0275655960191 -0.0676303209268 0.00700000000005
v -0.0273755876108 -0.0677183472039 0.00700000000005
v -0.0271806549558 -0.0677948526333 0.00700000000005
v -0.0269814958626 -0.0678595633454 0.00700000000005
v -0.0267788232688 -0.0679122476926 0.00700000000005
v -0.02657336269 -0.0679527170787 0.00700000000005
v -0.0263658496214 -0.0679808266338 0.00700000000005
v -0.0261570269062 -0.0679964757329 0.00700000000005
v -0.0259476420754 -0.0679996083563 0.00700000000005
v -0.0257384446724 -0.0679902132901 0.00700000000005
v -0.0255301835696 -0.0679683241662 0.00700000000005
v -0.0253236042877 -0.0679340193419 0.00700000000005
v -0.0251194463269 -0.0678874216196 0.00700000000005
v -0.0249184405197 -0.067828697807 0.00700000000005
v -0.0247213064147 -0.0677580581203 0.00700000000005
v -0.0245287497009 -0.067675755431 0.00700000000005
v -0.0243414596813 -0.0675820843615 0.00700000000005
v -0.0241601068057 -0.0674773802299 0.00700000000005
v -0.0239853402701 -0.0673620178498 0.00700000000005
v -0.0238177856935 -0.0672364101886 0.00700000000005
v -0.0236580428777 -0.0671010068892 0.00700000000005
v -0.0235066836607 -0.0669562926601 0.00700000000005
v -0.023364249869 -0.0668027855408 0.00700000000005
v -0.0232312513787 -0.0666410350469 0.00700000000005
v -0.0231081642899 -0.0664716202032 0.00700000000005
v -0.0229954292224 -0.0662951474709 0.00700000000005
v -0.0228934497385 -0.0661122485766 0.00700000000005
v -0.0228025908983 -0.0659235782508 0.00700000000005
v -0.0227231779528 -0.0657298118843 0.00700000000005
v -0.0226554951797 -0.0655316431104 0.00700000000005
v -0.022599784866 -0.065329781322 0.00700000000005
v -0.0225562464399 -0.0651249491318 0.00700000000005
v -0.0225250357578 -0.0649178797859 0.00700000000005
v -0.0225062645458 -0.0647093145388 0.00700000000005
v -0.02465 -0.0645 0.00700000000005
v -0.0246524163248 -0.0645807356078 0.00700000000005
v -0.0246596566494 -0.0646611822031 0.00700000000005
v -0.0246716950554 -0.064741051808 0.00700000000005
v -0.0246884884483 -0.0648200585099 0.00700000000005
v -0.0247099767122 -0.0648979194855 0.00700000000005
v -0.0247360829246 -0.0649743560125 0.00700000000005
v -0.0247667136322 -0.0650490944682 0.00700000000005
v -0.0248017591848 -0.0651218673081 0.00700000000005
v -0.0248410941286 -0.0651924140245 0.00700000000005
v -0.0248845776547 -0.0652604820784 0.00700000000005
v -0.0249320541032 -0.0653258278038 0.00700000000005
v -0.0249833535209 -0.06538821728 0.00700000000005
v -0.0250382922691 -0.0654474271689 0.00700000000005
v -0.0250966736814 -0.0655032455144 0.00700000000005
v -0.0251582887675 -0.0655554725013 0.00700000000005
v -0.0252229169613 -0.0656039211706 0.00700000000005
v -0.0252903269108 -0.0656484180887 0.00700000000005
v -0.0253602773057 -0.065688803968 0.00700000000005
v -0.0254325177418 -0.0657249342377 0.00700000000005
v -0.0255067896171 -0.0657566795607 0.00700000000005
v -0.0255828270576 -0.065783926297 0.00700000000005
v -0.0256603578689 -0.0658065769104 0.00700000000005
v -0.025739104511 -0.0658245503176 0.00700000000005
v -0.0258187850911 -0.0658377821784 0.00700000000005
v -0.0258991143737 -0.0658462251262 0.00700000000005
v -0.0259798048005 -0.0658498489374 0.00700000000005
v -0.026060567521 -0.0658486406398 0.00700000000005
v -0.0261411134254 -0.0658426045587 0.00700000000005
v -0.0262211541804 -0.0658317623018 0.00700000000005
v -0.0263004032608 -0.0658161526814 0.00700000000005
v -0.0263785769756 -0.0657958315761 0.00700000000005
v -0.026455395483 -0.06577087173 0.00700000000005
v -0.0265305837927 -0.0657413624929 0.00700000000005
v -0.0266038727502 -0.0657074095003 0.00700000000005
v -0.026675 -0.0656691342951 0.00700000000005
v -0.026743710925 -0.0656266738925 0.00700000000005
v -0.0268097595578 -0.0655801802898 0.00700000000005
v -0.0268729094616 -0.065529819922 0.00700000000005
v -0.0269329345761 -0.0654757730662 0.00700000000005
v -0.026989620027 -0.065418233196 0.00700000000005
v -0.027042762895 -0.0653574062893 0.00700000000005
v -0.0270921729424 -0.0652935100906 0.00700000000005
v -0.0271376732942 -0.0652267733317 0.00700000000005
v -0.0271791010708 -0.0651574349129 0.00700000000005
v -0.0272163079717 -0.0650857430478 0.00700000000005
v -0.0272491608056 -0.0650119543746 0.00700000000005
v -0.0272775419681 -0.0649363330376 0.00700000000005
v -0.0273013498619 -0.0648591497415 0.00700000000005
v -0.027320499261 -0.0647806807826 0.00700000000005
v -0.0273349216154 -0.0647012070593 0.00700000000005
v -0.0273445652969 -0.064621013067 0.00700000000005
v -0.0273493957836 -0.0645403858793 0.00700000000005
v -0.0273493957836 -0.0644596141207 0.00700000000005
v -0.0273445652969 -0.064378986933 0.00700000000005
v -0.0273349216154 -0.0642987929407 0.00700000000005
v -0.027320499261 -0.0642193192174 0.00700000000005
v -0.0273013498619 -0.0641408502585 0.00700000000005
v -0.0272775419681 -0.0640636669624 0.00700000000005
v -0.0272491608056 -0.0639880456254 0.00700000000005
v -0.0272163079717 -0.0639142569522 0.00700000000005
v -0.0271791010708 -0.0638425650871 0.00700000000005
v -0.0271376732942 -0.0637732266683 0.00700000000005
v -0.0270921729424 -0.0637064899094 0.00700000000005
v -0.027042762895 -0.0636425937107 0.00700000000005
v -0.026989620027 -0.063581766804 0.00700000000005
v -0.0269329345761 -0.0635242269338 0.00700000000005
v -0.0268729094616 -0.063470180078 0.00700000000005
v -0.0268097595578 -0.0634198197102 0.00700000000005
v -0.026743710925 -0.0633733261075 0.00700000000005
v -0.026675 -0.0633308657049 0.00700000000005
v -0.0266038727502 -0.0632925904997 0.00700000000005
v -0.0265305837927 -0.0632586375071 0.00700000000005
v -0.026455395483 -0.06322912827 0.00700000000005
v -0.0263785769756 -0.0632041684239 0.00700000000005
v -0.0263004032608 -0.0631838473186 0.00700000000005
v -0.0262211541804 -0.0631682376982 0.00700000000005
v -0.0261411134254 -0.0631573954413 0.00700000000005
v -0.026060567521 -0.0631513593602 0.00700000000005
v -0.0259798048005 -0.0631501510626 0.00700000000005
v -0.0258991143737 -0.0631537748738 0.00700000000005
v -0.0258187850911 -0.0631622178216 0.00700000000005
v -0.025739104511 -0.0631754496824 0.00700000000005
v -0.0256603578689 -0.0631934230896 0.00700000000005
v -0.0255828270576 -0.063216073703 0.00700000000005
v -0.0255067896171 -0.0632433204393 0.00700000000005
v -0.0254325177418 -0.0632750657623 0.00700000000005
v -0.0253602773057 -0.063311196032 0.00700000000005
v -0.0252903269108 -0.0633515819113 0.00700000000005
v -0.0252229169613 -0.0633960788294 0.00700000000005
v -0.0251582887675 -0.0634445274987 0.00700000000005
v -0.0250966736814 -0.0634967544856 0.00700000000005
v -0.0250382922691 -0.0635525728311 0.00700000000005
v -0.0249833535209 -0.06361178272 0.00700000000005
v -0.0249320541032 -0.0636741721962 0.00700000000005
v -0.0248845776547 -0.0637395179216 0.00700000000005
v -0.0248410941286 -0.0638075859755 0.00700000000005
v -0.0248017591848 -0.0638781326919 0.00700000000005
v -0.0247667136322 -0.0639509055318 0.00700000000005
v -0.0247360829246 -0.0640256439875 0.00700000000005
v -0.0247099767122 -0.0641020805145 0.00700000000005
v -0.0246884884483 -0.0641799414901 0.00700000000005
v -0.0246716950554 -0.064258948192 0.00700000000005
v -0.0246596566494 -0.0643388177969 0.00700000000005
v -0.0246524163248 -0.0644192643922 0.00700000000005
v -0.0595 -0.0645 0.00700000000005
v -0.0595062645458 -0.0642906854612 0.00700000000005
v -0.0595250357578 -0.0640821202141 0.00700000000005
v -0.0595562464399 -0.0638750508682 0.00700000000005
v -0.059599784866 -0.063670218678 0.00700000000005
v -0.0596554951797 -0.0634683568896 0.00700000000005
v -0.0597231779528 -0.0632701881157 0.00700000000005
v -0.0598025908983 -0.0630764217492 0.00700000000005
v -0.0598934497385 -0.0628877514234 0.00700000000005
v -0.0599954292224 -0.0627048525291 0.00700000000005
v -0.0601081642899 -0.0625283797968 0.00700000000005
v -0.0602312513787 -0.0623589649531 0.00700000000005
v -0.060364249869 -0.0621972144592 0.00700000000005
v -0.0605066836607 -0.0620437073399 0.00700000000005
v -0.0606580428777 -0.0618989931108 0.00700000000005
v -0.0608177856935 -0.0617635898114 0.00700000000005
v -0.0609853402701 -0.0616379821502 0.00700000000005
v -0.0611601068057 -0.0615226197701 0.00700000000005
v -0.0613414596813 -0.0614179156385 0.00700000000005
v -0.0615287497009 -0.061324244569 0.00700000000005
v -0.0617213064147 -0.0612419418797 0.00700000000005
v -0.0619184405197 -0.061171302193 0.00700000000005
v -0.0621194463269 -0.0611125783804 0.00700000000005
v -0.0623236042877 -0.0610659806581 0.00700000000005
v -0.0625301835696 -0.0610316758338 0.00700000000005
v -0.0627384446724 -0.0610097867099 0.00700000000005
v -0.0629476420754 -0.0610003916437 0.00700000000005
v -0.0631570269062 -0.0610035242671 0.00700000000005
v -0.0633658496214 -0.0610191733662 0.00700000000005
v -0.06357336269 -0.0610472829213 0.00700000000005
v -0.0637788232688 -0.0610877523074 0.00700000000005
v -0.0639814958626 -0.0611404366546 0.00700000000005
v -0.0641806549558 -0.0612051473667 0.00700000000005
v -0.0643755876108 -0.0612816527961 0.00700000000005
v -0.0645655960191 -0.0613696790732 0.00700000000005
v -0.06475 -0.0614689110868 0.00700000000005
v -0.0649281394351 -0.061578993612 0.00700000000005
v -0.0650993766314 -0.061699532582 0.00700000000005
v -0.0652630986043 -0.0618300964985 0.00700000000005
v -0.0654187192715 -0.0619702179766 0.00700000000005
v -0.0655656815514 -0.0621193954178 0.00700000000005
v -0.0657034593573 -0.0622770948056 0.00700000000005
v -0.0658315594803 -0.062442751617 0.00700000000005
v -0.0659495233553 -0.0626157728437 0.00700000000005
v -0.0660569287022 -0.0627955391146 0.00700000000005
v -0.0661533910377 -0.0629814069131 0.00700000000005
v -0.0662385650517 -0.0631727108807 0.00700000000005
v -0.0663121458433 -0.0633687661989 0.00700000000005
v -0.0663738700124 -0.0635688710405 0.00700000000005
v -0.0664235166026 -0.0637723090821 0.00700000000005
v -0.0664609078918 -0.0639783520684 0.00700000000005
v -0.066485910029 -0.0641862624188 0.00700000000005
v -0.066498433513 -0.0643952958684 0.00700000000005
v -0.066498433513 -0.0646047041316 0.00700000000005
v -0.066485910029 -0.0648137375812 0.00700000000005
v -0.0664609078918 -0.0650216479316 0.00700000000005
v -0.0664235166026 -0.0652276909179 0.00700000000005
v -0.0663738700124 -0.0654311289595 0.00700000000005
v -0.0663121458433 -0.0656312338011 0.00700000000005
v -0.0662385650517 -0.0658272891193 0.00700000000005
v -0.0661533910377 -0.0660185930869 0.00700000000005
v -0.0660569287022 -0.0662044608854 0.00700000000005
v -0.0659495233553 -0.0663842271563 0.00700000000005
v -0.0658315594803 -0.066557248383 0.00700000000005
v -0.0657034593573 -0.0667229051944 0.00700000000005
v -0.0655656815514 -0.0668806045822 0.00700000000005
v -0.0654187192715 -0.0670297820234 0.00700000000005
v -0.0652630986043 -0.0671699035015 0.00700000000005
v -0.0650993766314 -0.067300467418 0.00700000000005
v -0.0649281394351 -0.067421006388 0.00700000000005
v -0.06475 -0.0675310889132 0.00700000000005
v -0.0645655960191 -0.0676303209268 0.00700000000005
v -0.0643755876108 -0.0677183472039 0.00700000000005
v -0.0641806549558 -0.0677948526333 0.00700000000005
v -0.0639814958626 -0.0678595633454 0.00700000000005
v -0.0637788232688 -0.0679122476926 0.00700000000005
v -0.06357336269 -0.0679527170787 0.00700000000005
v -0.0633658496214 -0.0679808266338 0.00700000000005
v -0.0631570269062 -0.0679964757329 0.00700000000005
v -0.0629476420754 -0.0679996083563 0.00700000000005
v -0.0627384446724 -0.0679902132901 0.00700000000005
v -0.0625301835696 -0.0679683241662 0.00700000000005
v -0.0623236042877 -0.0679340193419 0.00700000000005
v -0.0621194463269 -0.0678874216196 0.00700000000005
v -0.0619184405197 -0.067828697807 0.00700000000005
v -0.0617213064147 -0.0677580581203 0.00700000000005
v -0.0615287497009 -0.067675755431 0.00700000000005
v -0.0613414596813 -0.0675820843615 0.00700000000005
v -0.0611601068057 -0.0674773802299 0.00700000000005
v -0.0609853402701 -0.0673620178498 0.00700000000005
v -0.0608177856935 -0.0672364101886 0.00700000000005
v -0.0606580428777 -0.0671010068892 0.00700000000005
v -0.0605066836607 -0.0669562926601 0.00700000000005
v -0.060364249869 -0.0668027855408 0.00700000000005
v -0.0602312513787 -0.0666410350469 0.00700000000005
v -0.0601081642899 -0.0664716202032 0.00700000000005
v -0.0599954292224 -0.0662951474709 0.00700000000005
v -0.0598934497385 -0.0661122485766 0.00700000000005
v -0.0598025908983 -0.0659235782508 0.00700000000005
v -0.0597231779528 -0.0657298118843 0.00700000000005
v -0.0596554951797 -0.0655316431104 0.00700000000005
v -0.059599784866 -0.065329781322 0.00700000000005
v -0.0595562464399 -0.0651249491318 0.00700000000005
v -0.0595250357578 -0.0649178797859 0.00700000000005
v -0.0595062645458 -0.0647093145388 0.00700000000005
v -0.06165 -0.0645 0.00700000000005
v -0.0616524163248 -0.0645807356078 0.00700000000005
v -0.0616596566494 -0.0646611822031 0.00700000000005
v -0.0616716950554 -0.064741051808 0.00700000000005
v -0.0616884884483 -0.0648200585099 0.00700000000005
v -0.0617099767122 -0.0648979194855 0.00700000000005
v -0.0617360829246 -0.0649743560125 0.00700000000005
v -0.0617667136322 -0.0650490944682 0.00700000000005
v -0.0618017591848 -0.0651218673081 0.00700000000005
v -0.0618410941286 -0.0651924140245 0.00700000000005
v -0.0618845776547 -0.0652604820784 0.00700000000005
v -0.0619320541032 -0.0653258278038 0.00700000000005
v -0.0619833535209 -0.06538821728 0.00700000000005
v -0.0620382922691 -0.0654474271689 0.00700000000005
v -0.0620966736814 -0.0655032455144 0.00700000000005
v -0.0621582887675 -0.0655554725013 0.00700000000005
v -0.0622229169613 -0.0656039211706 0.00700000000005
v -0.0622903269108 -0.0656484180887 0.00700000000005
v -0.0623602773057 -0.065688803968 0.00700000000005
v -0.0624325177418 -0.0657249342377 0.00700000000005
v -0.0625067896171 -0.0657566795607 0.00700000000005
v -0.0625828270576 -0.065783926297 0.00700000000005
v -0.0626603578689 -0.0658065769104 0.00700000000005
v -0.062739104511 -0.0658245503176 0.00700000000005
v -0.0628187850911 -0.0658377821784 0.00700000000005
v -0.0628991143737 -0.0658462251262 0.00700000000005
v -0.0629798048005 -0.0658498489374 0.00700000000005
v -0.063060567521 -0.0658486406398 0.00700000000005
v -0.0631411134254 -0.0658426045587 0.00700000000005
v -0.0632211541804 -0.0658317623018 0.00700000000005
v -0.0633004032608 -0.0658161526814 0.00700000000005
v -0.0633785769756 -0.0657958315761 0.00700000000005
v -0.063455395483 -0.06577087173 0.00700000000005
v -0.0635305837927 -0.0657413624929 0.00700000000005
v -0.0636038727502 -0.0657074095003 0.00700000000005
v -0.063675 -0.0656691342951 0.00700000000005
v -0.063743710925 -0.0656266738925 0.00700000000005
v -0.0638097595578 -0.0655801802898 0.00700000000005
v -0.0638729094616 -0.065529819922 0.00700000000005
v -0.0639329345761 -0.0654757730662 0.00700000000005
v -0.063989620027 -0.065418233196 0.00700000000005
v -0.064042762895 -0.0653574062893 0.00700000000005
v -0.0640921729424 -0.0652935100906 0.00700000000005
v -0.0641376732942 -0.0652267733317 0.00700000000005
v -0.0641791010708 -0.0651574349129 0.00700000000005
v -0.0642163079717 -0.0650857430478 0.00700000000005
v -0.0642491608056 -0.0650119543746 0.00700000000005
v -0.0642775419681 -0.0649363330376 0.00700000000005
v -0.0643013498619 -0.0648591497415 0.00700000000005
v -0.064320499261 -0.0647806807826 0.00700000000005
v -0.0643349216154 -0.0647012070593 0.00700000000005
v -0.0643445652969 -0.064621013067 0.00700000000005
v -0.0643493957836 -0.0645403858793 0.00700000000005
v -0.0643493957836 -0.0644596141207 0.00700000000005
v -0.0643445652969 -0.064378986933 0.00700000000005
v -0.0643349216154 -0.0642987929407 0.00700000000005
v -0.064320499261 -0.0642193192174 0.00700000000005
v -0.0643013498619 -0.0641408502585 0.00700000000005
v -0.0642775419681 -0.0640636669624 0.00700000000005
v -0.0642491608056 -0.0639880456254 0.00700000000005
v -0.0642163079717 -0.0639142569522 0.00700000000005
v -0.0641791010708 -0.0638425650871 0.00700000000005
v -0.0641376732942 -0.0637732266683 0.00700000000005
v -0.0640921729424 -0.0637064899094 0.00700000000005
v -0.064042762895 -0.0636425937107 0.00700000000005
v -0.063989620027 -0.063581766804 0.00700000000005
v -0.0639329345761 -0.0635242269338 0.00700000000005
v -0.0638729094616 -0.063470180078 0.00700000000005
v -0.0638097595578 -0.0634198197102 0.00700000000005
v -0.063743710925 -0.0633733261075 0.00700000000005
v -0.063675 -0.0633308657049 0.00700000000005
v -0.0636038727502 -0.0632925904997 0.00700000000005
v -0.0635305837927 -0.0632586375071 0.00700000000005
v -0.063455395483 -0.06322912827 0.00700000000005
v -0.0633785769756 -0.0632041684239 0.00700000000005
v -0.0633004032608 -0.0631838473186 0.00700000000005
v -0.0632211541804 -0.0631682376982 0.00700000000005
v -0.0631411134254 -0.0631573954413 0.00700000000005
v -0.063060567521 -0.0631513593602 0.00700000000005
v -0.0629798048005 -0.0631501510626 0.00700000000005
v -0.0628991143737 -0.0631537748738 0.00700000000005
v -0.0628187850911 -0.0631622178216 0.00700000000005
v -0.062739104511 -0.0631754496824 0.00700000000005
v -0.0626603578689 -0.0631934230896 0.00700000000005
v -0.0625828270576 -0.063216073703 0.00700000000005
v -0.0625067896171 -0.0632433204393 0.00700000000005
v -0.0624325177418 -0.0632750657623 0.00700000000005
v -0.0623602773057 -0.063311196032 0.00700000000005
v -0.0622903269108 -0.0633515819113 0.00700000000005
v -0.0622229169613 -0.0633960788294 0.00700000000005
v -0.0621582887675 -0.0634445274987 0.00700000000005
v -0.0620966736814 -0.0634967544856 0.00700000000005
v -0.0620382922691 -0.0635525728311 0.00700000000005
v -0.0619833535209 -0.06361178272 0.00700000000005
v -0.0619320541032 -0.0636741721962 0.00700000000005
v -0.0618845776547 -0.0637395179216 0.00700000000005
v -0.0618410941286 -0.0638075859755 0.00700000000005
v -0.0618017591848 -0.0638781326919 0.00700000000005
v -0.0617667136322 -0.0639509055318 0.00700000000005
v -0.0617360829246 -0.0640256439875 0.00700000000005
v -0.0617099767122 -0.0641020805145 0.00700000000005
v -0.0616884884483 -0.0641799414901 0.00700000000005
v -0.0616716950554 -0.064258948192 0.00700000000005
v -0.0616596566494 -0.0643388177969 0.00700000000005
v -0.0616524163248 -0.0644192643922 0.00700000000005
v -0.0595 -0.0365 0.00700000000005
v -0.0595062645458 -0.0362906854612 0.00700000000005
v -0.0595250357578 -0.0360821202141 0.00700000000005
v -0.0595562464399 -0.0358750508682 0.00700000000005
v -0.059599784866 -0.035670218678 0.00700000000005
v -0.0596554951797 -0.0354683568896 0.00700000000005
v -0.0597231779528 -0.0352701881157 0.00700000000005
v -0.0598025908983 -0.0350764217492 0.00700000000005
v -0.0598934497385 -0.0348877514234 0.00700000000005
v -0.0599954292224 -0.0347048525291 0.00700000000005
v -0.0601081642899 -0.0345283797968 0.00700000000005
v -0.0602312513787 -0.0343589649531 0.00700000000005
v -0.060364249869 -0.0341972144592 0.00700000000005
v -0.0605066836607 -0.0340437073399 0.00700000000005
v -0.0606580428777 -0.0338989931108 0.00700000000005
v -0.0608177856935 -0.0337635898114 0.00700000000005
v -0.0609853402701 -0.0336379821502 0.00700000000005
v -0.0611601068057 -0.0335226197701 0.00700000000005
v -0.0613414596813 -0.0334179156385 0.00700000000005
v -0.0615287497009 -0.033324244569 0.00700000000005
v -0.0617213064147 -0.0332419418797 0.00700000000005
v -0.0619184405197 -0.033171302193 0.00700000000005
v -0.0621194463269 -0.0331125783804 0.00700000000005
v -0.0623236042877 -0.0330659806581 0.00700000000005
v -0.0625301835696 -0.0330316758338 0.00700000000005
v -0.0627384446724 -0.0330097867099 0.00700000000005
v -0.0629476420754 -0.0330003916437 0.00700000000005
v -0.0631570269062 -0.0330035242671 0.00700000000005
v -0.0633658496214 -0.0330191733662 0.00700000000005
v -0.06357336269 -0.0330472829213 0.00700000000005
v -0.0637788232688 -0.0330877523074 0.00700000000005
v -0.0639814958626 -0.0331404366546 0.00700000000005
v -0.0641806549558 -0.0332051473667 0.00700000000005
v -0.0643755876108 -0.0332816527961 0.00700000000005
v -0.0645655960191 -0.0333696790732 0.00700000000005
v -0.06475 -0.0334689110868 0.00700000000005
v -0.0649281394351 -0.033578993612 0.00700000000005
v -0.0650993766314 -0.033699532582 0.00700000000005
v -0.0652630986043 -0.0338300964985 0.00700000000005
v -0.0654187192715 -0.0339702179766 0.00700000000005
v -0.0655656815514 -0.0341193954178 0.00700000000005
v -0.0657034593573 -0.0342770948056 0.00700000000005
v -0.0658315594803 -0.034442751617 0.00700000000005
v -0.0659495233553 -0.0346157728437 0.00700000000005
v -0.0660569287022 -0.0347955391146 0.00700000000005
v -0.0661533910377 -0.0349814069131 0.00700000000005
v -0.0662385650517 -0.0351727108807 0.00700000000005
v -0.0663121458433 -0.0353687661989 0.00700000000005
v -0.0663738700124 -0.0355688710405 0.00700000000005
v -0.0664235166026 -0.0357723090821 0.00700000000005
v -0.0664609078918 -0.0359783520684 0.00700000000005
v -0.066485910029 -0.0361862624188 0.00700000000005
v -0.066498433513 -0.0363952958684 0.00700000000005
v -0.066498433513 -0.0366047041316 0.00700000000005
v -0.066485910029 -0.0368137375812 0.00700000000005
v -0.0664609078918 -0.0370216479316 0.00700000000005
v -0.0664235166026 -0.0372276909179 0.00700000000005
v -0.0663738700124 -0.0374311289595 0.00700000000005
v -0.0663121458433 -0.0376312338011 0.00700000000005
v -0.0662385650517 -0.0378272891193 0.00700000000005
v -0.0661533910377 -0.0380185930869 0.00700000000005
v -0.0660569287022 -0.0382044608854 0.00700000000005
v -0.0659495233553 -0.0383842271563 0.00700000000005
v -0.0658315594803 -0.038557248383 0.00700000000005
v -0.0657034593573 -0.0387229051944 0.00700000000005
v -0.0655656815514 -0.0388806045822 0.00700000000005
v -0.0654187192715 -0.0390297820234 0.00700000000005
v -0.0652630986043 -0.0391699035015 0.00700000000005
v -0.0650993766314 -0.039300467418 0.00700000000005
v -0.0649281394351 -0.039421006388 0.00700000000005
v -0.06475 -0.0395310889132 0.00700000000005
v -0.0645655960191 -0.0396303209268 0.00700000000005
v -0.0643755876108 -0.0397183472039 0.00700000000005
v -0.0641806549558 -0.0397948526333 0.00700000000005
v -0.0639814958626 -0.0398595633454 0.00700000000005
v -0.0637788232688 -0.0399122476926 0.00700000000005
v -0.06357336269 -0.0399527170787 0.00700000000005
v -0.0633658496214 -0.0399808266338 0.00700000000005
v -0.0631570269062 -0.0399964757329 0.00700000000005
v -0.0629476420754 -0.0399996083563 0.00700000000005
v -0.0627384446724 -0.0399902132901 0.00700000000005
v -0.0625301835696 -0.0399683241662 0.00700000000005
v -0.0623236042877 -0.0399340193419 0.00700000000005
v -0.0621194463269 -0.0398874216196 0.00700000000005
v -0.0619184405197 -0.039828697807 0.00700000000005
v -0.0617213064147 -0.0397580581203 0.00700000000005
v -0.0615287497009 -0.039675755431 0.00700000000005
v -0.0613414596813 -0.0395820843615 0.00700000000005
v -0.0611601068057 -0.0394773802299 0.00700000000005
v -0.0609853402701 -0.0393620178498 0.00700000000005
v -0.0608177856935 -0.0392364101886 0.00700000000005
v -0.0606580428777 -0.0391010068892 0.00700000000005
v -0.0605066836607 -0.0389562926601 0.00700000000005
v -0.060364249869 -0.0388027855408 0.00700000000005
v -0.0602312513787 -0.0386410350469 0.00700000000005
v -0.0601081642899 -0.0384716202032 0.00700000000005
v -0.0599954292224 -0.0382951474709 0.00700000000005
v -0.0598934497385 -0.0381122485766 0.00700000000005
v -0.0598025908983 -0.0379235782508 0.00700000000005
v -0.0597231779528 -0.0377298118843 0.00700000000005
v -0.0596554951797 -0.0375316431104 0.00700000000005
v -0.059599784866 -0.037329781322 0.00700000000005
v -0.0595562464399 -0.0371249491318 0.00700000000005
v -0.0595250357578 -0.0369178797859 0.00700000000005
v -0.0595062645458 -0.0367093145388 0.00700000000005
v -0.06165 -0.0365 0.00700000000005
v -0.0616524163248 -0.0365807356078 0.00700000000005
v -0.0616596566494 -0.0366611822031 0.00700000000005
v -0.0616716950554 -0.036741051808 0.00700000000005
v -0.0616884884483 -0.0368200585099 0.00700000000005
v -0.0617099767122 -0.0368979194855 0.00700000000005
v -0.0617360829246 -0.0369743560125 0.00700000000005
v -0.0617667136322 -0.0370490944682 0.00700000000005
v -0.0618017591848 -0.0371218673081 0.00700000000005
v -0.0618410941286 -0.0371924140245 0.00700000000005
v -0.0618845776547 -0.0372604820784 0.00700000000005
v -0.0619320541032 -0.0373258278038 0.00700000000005
v -0.0619833535209 -0.03738821728 0.00700000000005
v -0.0620382922691 -0.0374474271689 0.00700000000005
v -0.0620966736814 -0.0375032455144 0.00700000000005
v -0.0621582887675 -0.0375554725013 0.00700000000005
v -0.0622229169613 -0.0376039211706 0.00700000000005
v -0.0622903269108 -0.0376484180887 0.00700000000005
v -0.0623602773057 -0.037688803968 0.00700000000005
v -0.0624325177418 -0.0377249342377 0.00700000000005
v -0.0625067896171 -0.0377566795607 0.00700000000005
v -0.0625828270576 -0.037783926297 0.00700000000005
v -0.0626603578689 -0.0378065769104 0.00700000000005
v -0.062739104511 -0.0378245503176 0.00700000000005
v -0.0628187850911 -0.0378377821784 0.00700000000005
v -0.0628991143737 -0.0378462251262 0.00700000000005
v -0.0629798048005 -0.0378498489374 0.00700000000005
v -0.063060567521 -0.0378486406398 0.00700000000005
v -0.0631411134254 -0.0378426045587 0.00700000000005
v -0.0632211541804 -0.0378317623018 0.00700000000005
v -0.0633004032608 -0.0378161526814 0.00700000000005
v -0.0633785769756 -0.0377958315761 0.00700000000005
v -0.063455395483 -0.03777087173 0.00700000000005
v -0.0635305837927 -0.0377413624929 0.00700000000005
v -0.0636038727502 -0.0377074095003 0.00700000000005
v -0.063675 -0.0376691342951 0.00700000000005
v -0.063743710925 -0.0376266738925 0.00700000000005
v -0.0638097595578 -0.0375801802898 0.00700000000005
v -0.0638729094616 -0.037529819922 0.00700000000005
v -0.0639329345761 -0.0374757730662 0.00700000000005
v -0.063989620027 -0.037418233196 0.00700000000005
v -0.064042762895 -0.0373574062893 0.00700000000005
v -0.0640921729424 -0.0372935100906 0.00700000000005
v -0.0641376732942 -0.0372267733317 0.00700000000005
v -0.0641791010708 -0.0371574349129 0.00700000000005
v -0.0642163079717 -0.0370857430478 0.00700000000005
v -0.0642491608056 -0.0370119543746 0.00700000000005
v -0.0642775419681 -0.0369363330376 0.00700000000005
v -0.0643013498619 -0.0368591497415 0.00700000000005
v -0.064320499261 -0.0367806807826 0.00700000000005
v -0.0643349216154 -0.0367012070593 0.00700000000005
v -0.0643445652969 -0.036621013067 0.00700000000005
v -0.0643493957836 -0.0365403858793 0.00700000000005
v -0.0643493957836 -0.0364596141207 0.00700000000005
v -0.0643445652969 -0.036378986933 0.00700000000005
v -0.0643349216154 -0.0362987929407 0.00700000000005
v -0.064320499261 -0.0362193192174 0.00700000000005
v -0.0643013498619 -0.0361408502585 0.00700000000005
v -0.0642775419681 -0.0360636669624 0.00700000000005
v -0.0642491608056 -0.0359880456254 0.00700000000005
v -0.0642163079717 -0.0359142569522 0.00700000000005
v -0.0641791010708 -0.0358425650871 0.00700000000005
v -0.0641376732942 -0.0357732266683 0.00700000000005
v -0.0640921729424 -0.0357064899094 0.00700000000005
v -0.064042762895 -0.0356425937107 0.00700000000005
v -0.063989620027 -0.035581766804 0.00700000000005
v -0.0639329345761 -0.0355242269338 0.00700000000005
v -0.0638729094616 -0.035470180078 0.00700000000005
v -0.0638097595578 -0.0354198197102 0.00700000000005
v -0.063743710925 -0.0353733261075 0.00700000000005
v -0.063675 -0.0353308657049 0.00700000000005
v -0.0636038727502 -0.0352925904997 0.00700000000005
v -0.0635305837927 -0.0352586375071 0.00700000000005
v -0.063455395483 -0.03522912827 0.00700000000005
v -0.0633785769756 -0.0352041684239 0.00700000000005
v -0.0633004032608 -0.0351838473186 0.00700000000005
v -0.0632211541804 -0.0351682376982 0.00700000000005
v -0.0631411134254 -0.0351573954413 0.00700000000005
v -0.063060567521 -0.0351513593602 0.00700000000005
v -0.0629798048005 -0.0351501510626 0.00700000000005
v -0.0628991143737 -0.0351537748738 0.00700000000005
v -0.0628187850911 -0.0351622178216 0.00700000000005
v -0.062739104511 -0.0351754496824 0.00700000000005
v -0.0626603578689 -0.0351934230896 0.00700000000005
v -0.0625828270576 -0.035216073703 0.00700000000005
v -0.0625067896171 -0.0352433204393 0.00700000000005
v -0.0624325177418 -0.0352750657623 0.00700000000005
v -0.0623602773057 -0.035311196032 0.00700000000005
v -0.0622903269108 -0.0353515819113 0.00700000000005
v -0.0622229169613 -0.0353960788294 0.00700000000005
v -0.0621582887675 -0.0354445274987 0.00700000000005
v -0.0620966736814 -0.0354967544856 0.00700000000005
v -0.0620382922691 -0.0355525728311 0.00700000000005
v -0.0619833535209 -0.03561178272 0.00700000000005
v -0.0619320541032 -0.0356741721962 0.00700000000005
v -0.0618845776547 -0.0357395179216 0.00700000000005
v -0.0618410941286 -0.0358075859755 0.00700000000005
v -0.0618017591848 -0.0358781326919 0.00700000000005
v -0.0617667136322 -0.0359509055318 0.00700000000005
v -0.0617360829246 -0.0360256439875 0.00700000000005
v -0.0617099767122 -0.0361020805145 0.00700000000005
v -0.0616884884483 -0.0361799414901 0.00700000000005
v -0.0616716950554 -0.036258948192 0.00700000000005
v -0.0616596566494 -0.0363388177969 0.00700000000005
v -0.0616524163248 -0.0364192643922 0.00700000000005
v 0.0329449344471 -0.0514722658296 0.00300000000005
v 0.0329425181222 -0.0513915302217 0.00300000000005
v 0.0329352777976 -0.0513110836264 0.00300000000005
v 0.0329232393917 -0.0512312140216 0.00300000000005
v 0.0329064459988 -0.0511522073196 0.00300000000005
v 0.0328849577349 -0.0510743463441 0.00300000000005
v 0.0328588515224 -0.0509979098171 0.00300000000005
v 0.0328282208149 -0.0509231713614 0.00300000000005
v 0.0327931752622 -0.0508503985215 0.00300000000005
v 0.0327538403184 -0.0507798518051 0.00300000000005
v 0.0327103567924 -0.0507117837512 0.00300000000005
v 0.0326628803438 -0.0506464380258 0.00300000000005
v 0.0326115809262 -0.0505840485495 0.00300000000005
v 0.0325566421779 -0.0505248386607 0.00300000000005
v 0.0324982607656 -0.0504690203152 0.00300000000005
v 0.0324366456796 -0.0504167933282 0.00300000000005
v 0.0323720174857 -0.0503683446589 0.00300000000005
v 0.0323046075363 -0.0503238477409 0.00300000000005
v 0.0322346571414 -0.0502834618616 0.00300000000005
v 0.0321624167053 -0.0502473315919 0.00300000000005
v 0.03208814483 -0.0502155862689 0.00300000000005
v 0.0320121073895 -0.0501883395326 0.00300000000005
v 0.0319345765781 -0.0501656889192 0.00300000000005
v 0.0318558299361 -0.050147715512 0.00300000000005
v 0.0317761493559 -0.0501344836512 0.00300000000005
v 0.0316958200734 -0.0501260407034 0.00300000000005
v 0.0316151296465 -0.0501224168921 0.00300000000005
v 0.0315343669261 -0.0501236251897 0.00300000000005
v 0.0314538210217 -0.0501296612708 0.00300000000005
v 0.0313737802667 -0.0501405035278 0.00300000000005
v 0.0312945311862 -0.0501561131481 0.00300000000005
v 0.0312163574715 -0.0501764342535 0.00300000000005
v 0.0311395389641 -0.0502013940996 0.00300000000005
v 0.0310643506543 -0.0502309033366 0.00300000000005
v 0.0309910616968 -0.0502648563292 0.00300000000005
v 0.0309199344471 -0.0503031315345 0.00300000000005
v 0.0308512235221 -0.050345591937 0.00300000000005
v 0.0307851748892 -0.0503920855397 0.00300000000005
v 0.0307220249854 -0.0504424459075 0.00300000000005
v 0.0306619998709 -0.0504964927634 0.00300000000005
v 0.0306053144201 -0.0505540326336 0.00300000000005
v 0.0305521715521 -0.0506148595403 0.00300000000005
v 0.0305027615047 -0.050678755739 0.00300000000005
v 0.0304572611529 -0.0507454924978 0.00300000000005
v 0.0304158333762 -0.0508148309166 0.00300000000005
v 0.0303786264754 -0.0508865227818 0.00300000000005
v 0.0303457736414 -0.050960311455 0.00300000000005
v 0.0303173924789 -0.051035932792 0.00300000000005
v 0.0302935845851 -0.051113116088 0.00300000000005
v 0.0302744351861 -0.051191585047 0.00300000000005
v 0.0302600128317 -0.0512710587702 0.00300000000005
v 0.0302503691502 -0.0513512527625 0.00300000000005
v 0.0302455386635 -0.0514318799502 0.00300000000005
v 0.0302455386635 -0.0515126517089 0.00300000000005
v 0.0302503691502 -0.0515932788966 0.00300000000005
v 0.0302600128317 -0.0516734728889 0.00300000000005
v 0.0302744351861 -0.0517529466122 0.00300000000005
v 0.0302935845851 -0.0518314155711 0.00300000000005
v 0.0303173924789 -0.0519085988671 0.00300000000005
v 0.0303457736414 -0.0519842202041 0.00300000000005
v 0.0303786264754 -0.0520580088774 0.00300000000005
v 0.0304158333762 -0.0521297007425 0.00300000000005
v 0.0304572611529 -0.0521990391613 0.00300000000005
v 0.0305027615047 -0.0522657759202 0.00300000000005
v 0.0305521715521 -0.0523296721188 0.00300000000005
v 0.0306053144201 -0.0523904990256 0.00300000000005
v 0.0306619998709 -0.0524480388957 0.00300000000005
v 0.0307220249854 -0.0525020857516 0.00300000000005
v 0.0307851748892 -0.0525524461194 0.00300000000005
v 0.0308512235221 -0.0525989397221 0.00300000000005
v 0.0309199344471 -0.0526414001247 0.00300000000005
v 0.0309910616968 -0.0526796753299 0.00300000000005
v 0.0310643506543 -0.0527136283225 0.00300000000005
v 0.0311395389641 -0.0527431375596 0.00300000000005
v 0.0312163574715 -0.0527680974056 0.00300000000005
v 0.0312945311862 -0.052788418511 0.00300000000005
v 0.0313737802667 -0.0528040281314 0.00300000000005
v 0.0314538210217 -0.0528148703883 0.00300000000005
v 0.0315343669261 -0.0528209064694 0.00300000000005
v 0.0316151296465 -0.052822114767 0.00300000000005
v 0.0316958200734 -0.0528184909558 0.00300000000005
v 0.0317761493559 -0.0528100480079 0.00300000000005
v 0.0318558299361 -0.0527968161471 0.00300000000005
v 0.0319345765781 -0.05277884274 0.00300000000005
v 0.0320121073895 -0.0527561921266 0.00300000000005
v 0.03208814483 -0.0527289453902 0.00300000000005
v 0.0321624167053 -0.0526972000672 0.00300000000005
v 0.0322346571414 -0.0526610697976 0.00300000000005
v 0.0323046075363 -0.0526206839182 0.00300000000005
v 0.0323720174857 -0.0525761870002 0.00300000000005
v 0.0324366456796 -0.0525277383309 0.00300000000005
v 0.0324982607656 -0.052475511344 0.00300000000005
v 0.0325566421779 -0.0524196929985 0.00300000000005
v 0.0326115809262 -0.0523604831096 0.00300000000005
v 0.0326628803438 -0.0522980936334 0.00300000000005
v 0.0327103567924 -0.0522327479079 0.00300000000005
v 0.0327538403184 -0.0521646798541 0.00300000000005
v 0.0327931752622 -0.0520941331377 0.00300000000005
v 0.0328282208149 -0.0520213602977 0.00300000000005
v 0.0328588515224 -0.0519466218421 0.00300000000005
v 0.0328849577349 -0.051870185315 0.00300000000005
v 0.0329064459988 -0.0517923243395 0.00300000000005
v 0.0329232393917 -0.0517133176375 0.00300000000005
v 0.0329352777976 -0.0516334480327 0.00300000000005
v 0.0329425181222 -0.0515530014374 0.00300000000005
v -0.02465 -0.0365 0.00700000000005
v -0.02465 -0.0365 0.00300000000005
v -0.0246524163248 -0.0364192643922 0.00300000000005
v -0.0246596566494 -0.0363388177969 0.00300000000005
v -0.0246716950554 -0.036258948192 0.00300000000005
v -0.0246884884483 -0.0361799414901 0.00300000000005
v -0.0247099767122 -0.0361020805145 0.00300000000005
v -0.0247360829246 -0.0360256439875 0.00300000000005
v -0.0247667136322 -0.0359509055318 0.00300000000005
v -0.0248017591848 -0.0358781326919 0.00300000000005
v -0.0248410941286 -0.0358075859755 0.00300000000005
v -0.0248845776547 -0.0357395179216 0.00300000000005
v -0.0249320541032 -0.0356741721962 0.00300000000005
v -0.0249833535209 -0.03561178272 0.00300000000005
v -0.0250382922691 -0.0355525728311 0.00300000000005
v -0.0250966736814 -0.0354967544856 0.00300000000005
v -0.0251582887675 -0.0354445274987 0.00300000000005
v -0.0252229169613 -0.0353960788294 0.00300000000005
v -0.0252903269108 -0.0353515819113 0.00300000000005
v -0.0253602773057 -0.035311196032 0.00300000000005
v -0.0254325177418 -0.0352750657623 0.00300000000005
v -0.0255067896171 -0.0352433204393 0.00300000000005
v -0.0255828270576 -0.035216073703 0.00300000000005
v -0.0256603578689 -0.0351934230896 0.00300000000005
v -0.025739104511 -0.0351754496824 0.00300000000005
v -0.0258187850911 -0.0351622178216 0.00300000000005
v -0.0258991143737 -0.0351537748738 0.00300000000005
v -0.0259798048005 -0.0351501510626 0.00300000000005
v -0.026060567521 -0.0351513593602 0.00300000000005
v -0.0261411134254 -0.0351573954413 0.00300000000005
v -0.0262211541804 -0.0351682376982 0.00300000000005
v -0.0263004032608 -0.0351838473186 0.00300000000005
v -0.0263785769756 -0.0352041684239 0.00300000000005
v -0.026455395483 -0.03522912827 0.00300000000005
v -0.0265305837927 -0.0352586375071 0.00300000000005
v -0.0266038727502 -0.0352925904997 0.00300000000005
v -0.026675 -0.0353308657049 0.00300000000005
v -0.026743710925 -0.0353733261075 0.00300000000005
v -0.0268097595578 -0.0354198197102 0.00300000000005
v -0.0268729094616 -0.035470180078 0.00300000000005
v -0.0269329345761 -0.0355242269338 0.00300000000005
v -0.026989620027 -0.035581766804 0.00300000000005
v -0.027042762895 -0.0356425937107 0.00300000000005
v -0.0270921729424 -0.0357064899094 0.00300000000005
v -0.0271376732942 -0.0357732266683 0.00300000000005
v -0.0271791010708 -0.0358425650871 0.00300000000005
v -0.0272163079717 -0.0359142569522 0.00300000000005
v -0.0272491608056 -0.0359880456254 0.00300000000005
v -0.0272775419681 -0.0360636669624 0.00300000000005
v -0.0273013498619 -0.0361408502585 0.00300000000005
v -0.027320499261 -0.0362193192174 0.00300000000005
v -0.0273349216154 -0.0362987929407 0.00300000000005
v -0.0273445652969 -0.036378986933 0.00300000000005
v -0.0273493957836 -0.0364596141207 0.00300000000005
v -0.0273493957836 -0.0365403858793 0.00300000000005
v -0.0273445652969 -0.036621013067 0.00300000000005
v -0.0273349216154 -0.0367012070593 0.00300000000005
v -0.027320499261 -0.0367806807826 0.00300000000005
v -0.0273013498619 -0.0368591497415 0.00300000000005
v -0.0272775419681 -0.0369363330376 0.00300000000005
v -0.0272491608056 -0.0370119543746 0.00300000000005
v -0.0272163079717 -0.0370857430478 0.00300000000005
v -0.0271791010708 -0.0371574349129 0.00300000000005
v -0.0271376732942 -0.0372267733317 0.00300000000005
v -0.0270921729424 -0.0372935100906 0.00300000000005
v -0.027042762895 -0.0373574062893 0.00300000000005
v -0.026989620027 -0.037418233196 0.00300000000005
v -0.0269329345761 -0.0374757730662 0.00300000000005
v -0.0268729094616 -0.037529819922 0.00300000000005
v -0.0268097595578 -0.0375801802898 0.00300000000005
v -0.026743710925 -0.0376266738925 0.00300000000005
v -0.026675 -0.0376691342951 0.00300000000005
v -0.0266038727502 -0.0377074095003 0.00300000000005
v -0.0265305837927 -0.0377413624929 0.00300000000005
v -0.026455395483 -0.03777087173 0.00300000000005
v -0.0263785769756 -0.0377958315761 0.00300000000005
v -0.0263004032608 -0.0378161526814 0.00300000000005
v -0.0262211541804 -0.0378317623018 0.00300000000005
v -0.0261411134254 -0.0378426045587 0.00300000000005
v -0.026060567521 -0.0378486406398 0.00300000000005
v -0.0259798048005 -0.0378498489374 0.00300000000005
v -0.0258991143737 -0.0378462251262 0.00300000000005
v -0.0258187850911 -0.0378377821784 0.00300000000005
v -0.025739104511 -0.0378245503176 0.00300000000005
v -0.0256603578689 -0.0378065769104 0.00300000000005
v -0.0255828270576 -0.037783926297 0.00300000000005
v -0.0255067896171 -0.0377566795607 0.00300000000005
v -0.0254325177418 -0.0377249342377 0.00300000000005
v -0.0253602773057 -0.037688803968 0.00300000000005
v -0.0252903269108 -0.0376484180887 0.00300000000005
v -0.0252229169613 -0.0376039211706 0.00300000000005
v -0.0251582887675 -0.0375554725013 0.00300000000005
v -0.0250966736814 -0.0375032455144 0.00300000000005
v -0.0250382922691 -0.0374474271689 0.00300000000005
v -0.0249833535209 -0.03738821728 0.00300000000005
v -0.0249320541032 -0.0373258278038 0.00300000000005
v -0.0248845776547 -0.0372604820784 0.00300000000005
v -0.0248410941286 -0.0371924140245 0.00300000000005
v -0.0248017591848 -0.0371218673081 0.00300000000005
v -0.0247667136322 -0.0370490944682 0.00300000000005
v -0.0247360829246 -0.0369743560125 0.00300000000005
v -0.0247099767122 -0.0368979194855 0.00300000000005
v -0.0246884884483 -0.0368200585099 0.00300000000005
v -0.0246716950554 -0.036741051808 0.00300000000005
v -0.0246596566494 -0.0366611822031 0.00300000000005
v -0.0246524163248 -0.0365807356078 0.00300000000005
v -0.02465 -0.0365 0.00300000000005
v -0.02465 -0.0365 0.00700000000005
v -0.0246524163248 -0.0365807356078 0.00700000000005
v -0.0246596566494 -0.0366611822031 0.00700000000005
v -0.0246716950554 -0.036741051808 0.00700000000005
v -0.0246884884483 -0.0368200585099 0.00700000000005
v -0.0247099767122 -0.0368979194855 0.00700000000005
v -0.0247360829246 -0.0369743560125 0.00700000000005
v -0.0247667136322 -0.0370490944682 0.00700000000005
v -0.0248017591848 -0.0371218673081 0.00700000000005
v -0.0248410941286 -0.0371924140245 0.00700000000005
v -0.0248845776547 -0.0372604820784 0.00700000000005
v -0.0249320541032 -0.0373258278038 0.00700000000005
v -0.0249833535209 -0.03738821728 0.00700000000005
v -0.0250382922691 -0.0374474271689 0.00700000000005
v -0.0250966736814 -0.0375032455144 0.00700000000005
v -0.0251582887675 -0.0375554725013 0.00700000000005
v -0.0252229169613 -0.0376039211706 0.00700000000005
v -0.0252903269108 -0.0376484180887 0.00700000000005
v -0.0253602773057 -0.037688803968 0.00700000000005
v -0.0254325177418 -0.0377249342377 0.00700000000005
v -0.0255067896171 -0.0377566795607 0.00700000000005
v -0.0255828270576 -0.037783926297 0.00700000000005
v -0.0256603578689 -0.0378065769104 0.00700000000005
v -0.025739104511 -0.0378245503176 0.00700000000005
v -0.0258187850911 -0.0378377821784 0.00700000000005
v -0.0258991143737 -0.0378462251262 0.00700000000005
v -0.0259798048005 -0.0378498489374 0.00700000000005
v -0.026060567521 -0.0378486406398 0.00700000000005
v -0.0261411134254 -0.0378426045587 0.00700000000005
v -0.0262211541804 -0.0378317623018 0.00700000000005
v -0.0263004032608 -0.0378161526814 0.00700000000005
v -0.0263785769756 -0.0377958315761 0.00700000000005
v -0.026455395483 -0.03777087173 0.00700000000005
v -0.0265305837927 -0.0377413624929 0.00700000000005
v -0.0266038727502 -0.0377074095003 0.00700000000005
v -0.026675 -0.0376691342951 0.00700000000005
v -0.026743710925 -0.0376266738925 0.00700000000005
v -0.0268097595578 -0.0375801802898 0.00700000000005
v -0.0268729094616 -0.037529819922 0.00700000000005
v -0.0269329345761 -0.0374757730662 0.00700000000005
v -0.026989620027 -0.037418233196 0.00700000000005
v -0.027042762895 -0.0373574062893 0.00700000000005
v -0.0270921729424 -0.0372935100906 0.00700000000005
v -0.0271376732942 -0.0372267733317 0.00700000000005
v -0.0271791010708 -0.0371574349129 0.00700000000005
v -0.0272163079717 -0.0370857430478 0.00700000000005
v -0.0272491608056 -0.0370119543746 0.00700000000005
v -0.0272775419681 -0.0369363330376 0.00700000000005
v -0.0273013498619 -0.0368591497415 0.00700000000005
v -0.027320499261 -0.0367806807826 0.00700000000005
v -0.0273349216154 -0.0367012070593 0.00700000000005
v -0.0273445652969 -0.036621013067 0.00700000000005
v -0.0273493957836 -0.0365403858793 0.00700000000005
v -0.0273493957836 -0.0364596141207 0.00700000000005
v -0.0273445652969 -0.036378986933 0.00700000000005
v -0.0273349216154 -0.0362987929407 0.00700000000005
v -0.027320499261 -0.0362193192174 0.00700000000005
v -0.0273013498619 -0.0361408502585 0.00700000000005
v -0.0272775419681 -0.0360636669624 0.00700000000005
v -0.0272491608056 -0.0359880456254 0.00700000000005
v -0.0272163079717 -0.0359142569522 0.00700000000005
v -0.0271791010708 -0.0358425650871 0.00700000000005
v -0.0271376732942 -0.0357732266683 0.00700000000005
v -0.0270921729424 -0.0357064899094 0.00700000000005
v -0.027042762895 -0.0356425937107 0.00700000000005
v -0.026989620027 -0.035581766804 0.00700000000005
v -0.0269329345761 -0.0355242269338 0.00700000000005
v -0.0268729094616 -0.035470180078 0.00700000000005
v -0.0268097595578 -0.0354198197102 0.00700000000005
v -0.026743710925 -0.0353733261075 0.00700000000005
v -0.026675 -0.0353308657049 0.00700000000005
v -0.0266038727502 -0.0352925904997 0.00700000000005
v -0.0265305837927 -0.0352586375071 0.00700000000005
v -0.026455395483 -0.03522912827 0.00700000000005
v -0.0263785769756 -0.0352041684239 0.00700000000005
v -0.0263004032608 -0.0351838473186 0.00700000000005
v -0.0262211541804 -0.0351682376982 0.00700000000005
v -0.0261411134254 -0.0351573954413 0.00700000000005
v -0.026060567521 -0.0351513593602 0.00700000000005
v -0.0259798048005 -0.0351501510626 0.00700000000005
v -0.0258991143737 -0.0351537748738 0.00700000000005
v -0.0258187850911 -0.0351622178216 0.00700000000005
v -0.025739104511 -0.0351754496824 0.00700000000005
v -0.0256603578689 -0.0351934230896 0.00700000000005
v -0.0255828270576 -0.035216073703 0.00700000000005
v -0.0255067896171 -0.0352433204393 0.00700000000005
v -0.0254325177418 -0.0352750657623 0.00700000000005
v -0.0253602773057 -0.035311196032 0.00700000000005
v -0.0252903269108 -0.0353515819113 0.00700000000005
v -0.0252229169613 -0.0353960788294 0.00700000000005
v -0.0251582887675 -0.0354445274987 0.00700000000005
v -0.0250966736814 -0.0354967544856 0.00700000000005
v -0.0250382922691 -0.0355525728311 0.00700000000005
v -0.0249833535209 -0.03561178272 0.00700000000005
v -0.0249320541032 -0.0356741721962 0.00700000000005
v -0.0248845776547 -0.0357395179216 0.00700000000005
v -0.0248410941286 -0.0358075859755 0.00700000000005
v -0.0248017591848 -0.0358781326919 0.00700000000005
v -0.0247667136322 -0.0359509055318 0.00700000000005
v -0.0247360829246 -0.0360256439875 0.00700000000005
v -0.0247099767122 -0.0361020805145 0.00700000000005
v -0.0246884884483 -0.0361799414901 0.00700000000005
v -0.0246716950554 -0.036258948192 0.00700000000005
v -0.0246596566494 -0.0363388177969 0.00700000000005
v -0.0246524163248 -0.0364192643922 0.00700000000005
v -0.02465 -0.0645 0.00700000000005
v -0.02465 -0.0645 0.00300000000005
v -0.0246524163248 -0.0644192643922 0.00300000000005
v -0.0246596566494 -0.0643388177969 0.00300000000005
v -0.0246716950554 -0.064258948192 0.00300000000005
v -0.0246884884483 -0.0641799414901 0.00300000000005
v -0.0247099767122 -0.0641020805145 0.00300000000005
v -0.0247360829246 -0.0640256439875 0.00300000000005
v -0.0247667136322 -0.0639509055318 0.00300000000005
v -0.0248017591848 -0.0638781326919 0.00300000000005
v -0.0248410941286 -0.0638075859755 0.00300000000005
v -0.0248845776547 -0.0637395179216 0.00300000000005
v -0.0249320541032 -0.0636741721962 0.00300000000005
v -0.0249833535209 -0.06361178272 0.00300000000005
v -0.0250382922691 -0.0635525728311 0.00300000000005
v -0.0250966736814 -0.0634967544856 0.00300000000005
v -0.0251582887675 -0.0634445274987 0.00300000000005
v -0.0252229169613 -0.0633960788294 0.00300000000005
v -0.0252903269108 -0.0633515819113 0.00300000000005
v -0.0253602773057 -0.063311196032 0.00300000000005
v -0.0254325177418 -0.0632750657623 0.00300000000005
v -0.0255067896171 -0.0632433204393 0.00300000000005
v -0.0255828270576 -0.063216073703 0.00300000000005
v -0.0256603578689 -0.0631934230896 0.00300000000005
v -0.025739104511 -0.0631754496824 0.00300000000005
v -0.0258187850911 -0.0631622178216 0.00300000000005
v -0.0258991143737 -0.0631537748738 0.00300000000005
v -0.0259798048005 -0.0631501510626 0.00300000000005
v -0.026060567521 -0.0631513593602 0.00300000000005
v -0.0261411134254 -0.0631573954413 0.00300000000005
v -0.0262211541804 -0.0631682376982 0.00300000000005
v -0.0263004032608 -0.0631838473186 0.00300000000005
v -0.0263785769756 -0.0632041684239 0.00300000000005
v -0.026455395483 -0.06322912827 0.00300000000005
v -0.0265305837927 -0.0632586375071 0.00300000000005
v -0.0266038727502 -0.0632925904997 0.00300000000005
v -0.026675 -0.0633308657049 0.00300000000005
v -0.026743710925 -0.0633733261075 0.00300000000005
v -0.0268097595578 -0.0634198197102 0.00300000000005
v -0.0268729094616 -0.063470180078 0.00300000000005
v -0.0269329345761 -0.0635242269338 0.00300000000005
v -0.026989620027 -0.063581766804 0.00300000000005
v -0.027042762895 -0.0636425937107 0.00300000000005
v -0.0270921729424 -0.0637064899094 0.00300000000005
v -0.0271376732942 -0.0637732266683 0.00300000000005
v -0.0271791010708 -0.0638425650871 0.00300000000005
v -0.0272163079717 -0.0639142569522 0.00300000000005
v -0.0272491608056 -0.0639880456254 0.00300000000005
v -0.0272775419681 -0.0640636669624 0.00300000000005
v -0.0273013498619 -0.0641408502585 0.00300000000005
v -0.027320499261 -0.0642193192174 0.00300000000005
v -0.0273349216154 -0.0642987929407 0.00300000000005
v -0.0273445652969 -0.064378986933 0.00300000000005
v -0.0273493957836 -0.0644596141207 0.00300000000005
v -0.0273493957836 -0.0645403858793 0.00300000000005
v -0.0273445652969 -0.064621013067 0.00300000000005
v -0.0273349216154 -0.0647012070593 0.00300000000005
v -0.027320499261 -0.0647806807826 0.00300000000005
v -0.0273013498619 -0.0648591497415 0.00300000000005
v -0.0272775419681 -0.0649363330376 0.00300000000005
v -0.0272491608056 -0.0650119543746 0.00300000000005
v -0.0272163079717 -0.0650857430478 0.00300000000005
v -0.0271791010708 -0.0651574349129 0.00300000000005
v -0.0271376732942 -0.0652267733317 0.00300000000005
v -0.0270921729424 -0.0652935100906 0.00300000000005
v -0.027042762895 -0.0653574062893 0.00300000000005
v -0.026989620027 -0.065418233196 0.00300000000005
v -0.0269329345761 -0.0654757730662 0.00300000000005
v -0.0268729094616 -0.065529819922 0.00300000000005
v -0.0268097595578 -0.0655801802898 0.00300000000005
v -0.026743710925 -0.0656266738925 0.00300000000005
v -0.026675 -0.0656691342951 0.00300000000005
v -0.0266038727502 -0.0657074095003 0.00300000000005
v -0.0265305837927 -0.0657413624929 0.00300000000005
v -0.026455395483 -0.06577087173 0.00300000000005
v -0.0263785769756 -0.0657958315761 0.00300000000005
v -0.0263004032608 -0.0658161526814 0.00300000000005
v -0.0262211541804 -0.0658317623018 0.00300000000005
v -0.0261411134254 -0.0658426045587 0.00300000000005
v -0.026060567521 -0.0658486406398 0.00300000000005
v -0.0259798048005 -0.0658498489374 0.00300000000005
v -0.0258991143737 -0.0658462251262 0.00300000000005
v -0.0258187850911 -0.0658377821784 0.00300000000005
v -0.025739104511 -0.0658245503176 0.00300000000005
v -0.0256603578689 -0.0658065769104 0.00300000000005
v -0.0255828270576 -0.065783926297 0.00300000000005
v -0.0255067896171 -0.0657566795607 0.00300000000005
v -0.0254325177418 -0.0657249342377 0.00300000000005
v -0.0253602773057 -0.065688803968 0.00300000000005
v -0.0252903269108 -0.0656484180887 0.00300000000005
v -0.0252229169613 -0.0656039211706 0.00300000000005
v -0.0251582887675 -0.0655554725013 0.00300000000005
v -0.0250966736814 -0.0655032455144 0.00300000000005
v -0.0250382922691 -0.0654474271689 0.00300000000005
v -0.0249833535209 -0.06538821728 0.00300000000005
v -0.0249320541032 -0.0653258278038 0.00300000000005
v -0.0248845776547 -0.0652604820784 0.00300000000005
v -0.0248410941286 -0.0651924140245 0.00300000000005
v -0.0248017591848 -0.0651218673081 0.00300000000005
v -0.0247667136322 -0.0650490944682 0.00300000000005
v -0.0247360829246 -0.0649743560125 0.00300000000005
v -0.0247099767122 -0.0648979194855 0.00300000000005
v -0.0246884884483 -0.0648200585099 0.00300000000005
v -0.0246716950554 -0.064741051808 0.00300000000005
v -0.0246596566494 -0.0646611822031 0.00300000000005
v -0.0246524163248 -0.0645807356078 0.00300000000005
v -0.02465 -0.0645 0.00300000000005
v -0.02465 -0.0645 0.00700000000005
v -0.0246524163248 -0.0645807356078 0.00700000000005
v -0.0246596566494 -0.0646611822031 0.00700000000005
v -0.0246716950554 -0.064741051808 0.00700000000005
v -0.0246884884483 -0.0648200585099 0.00700000000005
v -0.0247099767122 -0.0648979194855 0.00700000000005
v -0.0247360829246 -0.0649743560125 0.00700000000005
v -0.0247667136322 -0.0650490944682 0.00700000000005
v -0.0248017591848 -0.0651218673081 0.00700000000005
v -0.0248410941286 -0.0651924140245 0.00700000000005
v -0.0248845776547 -0.0652604820784 0.00700000000005
v -0.0249320541032 -0.0653258278038 0.00700000000005
v -0.0249833535209 -0.06538821728 0.00700000000005
v -0.0250382922691 -0.0654474271689 0.00700000000005
v -0.0250966736814 -0.0655032455144 0.00700000000005
v -0.0251582887675 -0.0655554725013 0.00700000000005
v -0.0252229169613 -0.0656039211706 0.00700000000005
v -0.0252903269108 -0.0656484180887 0.00700000000005
v -0.0253602773057 -0.065688803968 0.00700000000005
v -0.0254325177418 -0.0657249342377 0.00700000000005
v -0.0255067896171 -0.0657566795607 0.00700000000005
v -0.0255828270576 -0.065783926297 0.00700000000005
v -0.0256603578689 -0.0658065769104 0.00700000000005
v -0.025739104511 -0.0658245503176 0.00700000000005
v -0.0258187850911 -0.0658377821784 0.00700000000005
v -0.0258991143737 -0.0658462251262 0.00700000000005
v -0.0259798048005 -0.0658498489374 0.00700000000005
v -0.026060567521 -0.0658486406398 0.00700000000005
v -0.0261411134254 -0.0658426045587 0.00700000000005
v -0.0262211541804 -0.0658317623018 0.00700000000005
v -0.0263004032608 -0.0658161526814 0.00700000000005
v -0.0263785769756 -0.0657958315761 0.00700000000005
v -0.026455395483 -0.06577087173 0.00700000000005
v -0.0265305837927 -0.0657413624929 0.00700000000005
v -0.0266038727502 -0.0657074095003 0.00700000000005
v -0.026675 -0.0656691342951 0.00700000000005
v -0.026743710925 -0.0656266738925 0.00700000000005
v -0.0268097595578 -0.0655801802898 0.00700000000005
v -0.0268729094616 -0.065529819922 0.00700000000005
v -0.0269329345761 -0.0654757730662 0.00700000000005
v -0.026989620027 -0.065418233196 0.00700000000005
v -0.027042762895 -0.0653574062893 0.00700000000005
v -0.0270921729424 -0.0652935100906 0.00700000000005
v -0.0271376732942 -0.0652267733317 0.00700000000005
v -0.0271791010708 -0.0651574349129 0.00700000000005
v -0.0272163079717 -0.0650857430478 0.00700000000005
v -0.0272491608056 -0.0650119543746 0.00700000000005
v -0.0272775419681 -0.0649363330376 0.00700000000005
v -0.0273013498619 -0.0648591497415 0.00700000000005
v -0.027320499261 -0.0647806807826 0.00700000000005
v -0.0273349216154 -0.0647012070593 0.00700000000005
v -0.0273445652969 -0.064621013067 0.00700000000005
v -0.0273493957836 -0.0645403858793 0.00700000000005
v -0.0273493957836 -0.0644596141207 0.00700000000005
v -0.0273445652969 -0.064378986933 0.00700000000005
v -0.0273349216154 -0.0642987929407 0.00700000000005
v -0.027320499261 -0.0642193192174 0.00700000000005
v -0.0273013498619 -0.0641408502585 0.00700000000005
v -0.0272775419681 -0.0640636669624 0.00700000000005
v -0.0272491608056 -0.0639880456254 0.00700000000005
v -0.0272163079717 -0.0639142569522 0.00700000000005
v -0.0271791010708 -0.0638425650871 0.00700000000005
v -0.0271376732942 -0.0637732266683 0.00700000000005
v -0.0270921729424 -0.0637064899094 0.00700000000005
v -0.027042762895 -0.0636425937107 0.00700000000005
v -0.026989620027 -0.063581766804 0.00700000000005
v -0.0269329345761 -0.0635242269338 0.00700000000005
v -0.0268729094616 -0.063470180078 0.00700000000005
v -0.0268097595578 -0.0634198197102 0.00700000000005
v -0.026743710925 -0.0633733261075 0.00700000000005
v -0.026675 -0.0633308657049 0.00700000000005
v -0.0266038727502 -0.0632925904997 0.00700000000005
v -0.0265305837927 -0.0632586375071 0.00700000000005
v -0.026455395483 -0.06322912827 0.00700000000005
v -0.0263785769756 -0.0632041684239 0.00700000000005
v -0.0263004032608 -0.0631838473186 0.00700000000005
v -0.0262211541804 -0.0631682376982 0.00700000000005
v -0.0261411134254 -0.0631573954413 0.00700000000005
v -0.026060567521 -0.0631513593602 0.00700000000005
v -0.0259798048005 -0.0631501510626 0.00700000000005
v -0.0258991143737 -0.0631537748738 0.00700000000005
v -0.0258187850911 -0.0631622178216 0.00700000000005
v -0.025739104511 -0.0631754496824 0.00700000000005
v -0.0256603578689 -0.0631934230896 0.00700000000005
v -0.0255828270576 -0.063216073703 0.00700000000005
v -0.0255067896171 -0.0632433204393 0.00700000000005
v -0.0254325177418 -0.0632750657623 0.00700000000005
v -0.0253602773057 -0.063311196032 0.00700000000005
v -0.0252903269108 -0.0633515819113 0.00700000000005
v -0.0252229169613 -0.0633960788294 0.00700000000005
v -0.0251582887675 -0.0634445274987 0.00700000000005
v -0.0250966736814 -0.0634967544856 0.00700000000005
v -0.0250382922691 -0.0635525728311 0.00700000000005
v -0.0249833535209 -0.06361178272 0.00700000000005
v -0.0249320541032 -0.0636741721962 0.00700000000005
v -0.0248845776547 -0.0637395179216 0.00700000000005
v -0.0248410941286 -0.0638075859755 0.00700000000005
v -0.0248017591848 -0.0638781326919 0.00700000000005
v -0.0247667136322 -0.0639509055318 0.00700000000005
v -0.0247360829246 -0.0640256439875 0.00700000000005
v -0.0247099767122 -0.0641020805145 0.00700000000005
v -0.0246884884483 -0.0641799414901 0.00700000000005
v -0.0246716950554 -0.064258948192 0.00700000000005
v -0.0246596566494 -0.0643388177969 0.00700000000005
v -0.0246524163248 -0.0644192643922 0.00700000000005
v -0.06165 -0.0645 0.00700000000005
v -0.06165 -0.0645 0.00300000000005
v -0.0616524163248 -0.0644192643922 0.00300000000005
v -0.0616596566494 -0.0643388177969 0.00300000000005
v -0.0616716950554 -0.064258948192 0.00300000000005
v -0.0616884884483 -0.0641799414901 0.00300000000005
v -0.0617099767122 -0.0641020805145 0.00300000000005
v -0.0617360829246 -0.0640256439875 0.00300000000005
v -0.0617667136322 -0.0639509055318 0.00300000000005
v -0.0618017591848 -0.0638781326919 0.00300000000005
v -0.0618410941286 -0.0638075859755 0.00300000000005
v -0.0618845776547 -0.0637395179216 0.00300000000005
v -0.0619320541032 -0.0636741721962 0.00300000000005
v -0.0619833535209 -0.06361178272 0.00300000000005
v -0.0620382922691 -0.0635525728311 0.00300000000005
v -0.0620966736814 -0.0634967544856 0.00300000000005
v -0.0621582887675 -0.0634445274987 0.00300000000005
v -0.0622229169613 -0.0633960788294 0.00300000000005
v -0.0622903269108 -0.0633515819113 0.00300000000005
v -0.0623602773057 -0.063311196032 0.00300000000005
v -0.0624325177418 -0.0632750657623 0.00300000000005
v -0.0625067896171 -0.0632433204393 0.00300000000005
v -0.0625828270576 -0.063216073703 0.00300000000005
v -0.0626603578689 -0.0631934230896 0.00300000000005
v -0.062739104511 -0.0631754496824 0.00300000000005
v -0.0628187850911 -0.0631622178216 0.00300000000005
v -0.0628991143737 -0.0631537748738 0.00300000000005
v -0.0629798048005 -0.0631501510626 0.00300000000005
v -0.063060567521 -0.0631513593602 0.00300000000005
v -0.0631411134254 -0.0631573954413 0.00300000000005
v -0.0632211541804 -0.0631682376982 0.00300000000005
v -0.0633004032608 -0.0631838473186 0.00300000000005
v -0.0633785769756 -0.0632041684239 0.00300000000005
v -0.063455395483 -0.06322912827 0.00300000000005
v -0.0635305837927 -0.0632586375071 0.00300000000005
v -0.0636038727502 -0.0632925904997 0.00300000000005
v -0.063675 -0.0633308657049 0.00300000000005
v -0.063743710925 -0.0633733261075 0.00300000000005
v -0.0638097595578 -0.0634198197102 0.00300000000005
v -0.0638729094616 -0.063470180078 0.00300000000005
v -0.0639329345761 -0.0635242269338 0.00300000000005
v -0.063989620027 -0.063581766804 0.00300000000005
v -0.064042762895 -0.0636425937107 0.00300000000005
v -0.0640921729424 -0.0637064899094 0.00300000000005
v -0.0641376732942 -0.0637732266683 0.00300000000005
v -0.0641791010708 -0.0638425650871 0.00300000000005
v -0.0642163079717 -0.0639142569522 0.00300000000005
v -0.0642491608056 -0.0639880456254 0.00300000000005
v -0.0642775419681 -0.0640636669624 0.00300000000005
v -0.0643013498619 -0.0641408502585 0.00300000000005
v -0.064320499261 -0.0642193192174 0.00300000000005
v -0.0643349216154 -0.0642987929407 0.00300000000005
v -0.0643445652969 -0.064378986933 0.00300000000005
v -0.0643493957836 -0.0644596141207 0.00300000000005
v -0.0643493957836 -0.0645403858793 0.00300000000005
v -0.0643445652969 -0.064621013067 0.00300000000005
v -0.0643349216154 -0.0647012070593 0.00300000000005
v -0.064320499261 -0.0647806807826 0.00300000000005
v -0.0643013498619 -0.0648591497415 0.00300000000005
v -0.0642775419681 -0.0649363330376 0.00300000000005
v -0.0642491608056 -0.0650119543746 0.00300000000005
v -0.0642163079717 -0.0650857430478 0.00300000000005
v -0.0641791010708 -0.0651574349129 0.00300000000005
v -0.0641376732942 -0.0652267733317 0.00300000000005
v -0.0640921729424 -0.0652935100906 0.00300000000005
v -0.064042762895 -0.0653574062893 0.00300000000005
v -0.063989620027 -0.065418233196 0.00300000000005
v -0.0639329345761 -0.0654757730662 0.00300000000005
v -0.0638729094616 -0.065529819922 0.00300000000005
v -0.0638097595578 -0.0655801802898 0.00300000000005
v -0.063743710925 -0.0656266738925 0.00300000000005
v -0.063675 -0.0656691342951 0.00300000000005
v -0.0636038727502 -0.0657074095003 0.00300000000005
v -0.0635305837927 -0.0657413624929 0.00300000000005
v -0.063455395483 -0.06577087173 0.00300000000005
v -0.0633785769756 -0.0657958315761 0.00300000000005
v -0.0633004032608 -0.0658161526814 0.00300000000005
v -0.0632211541804 -0.0658317623018 0.00300000000005
v -0.0631411134254 -0.0658426045587 0.00300000000005
v -0.063060567521 -0.0658486406398 0.00300000000005
v -0.0629798048005 -0.0658498489374 0.00300000000005
v -0.0628991143737 -0.0658462251262 0.00300000000005
v -0.0628187850911 -0.0658377821784 0.00300000000005
v -0.062739104511 -0.0658245503176 0.00300000000005
v -0.0626603578689 -0.0658065769104 0.00300000000005
v -0.0625828270576 -0.065783926297 0.00300000000005
v -0.0625067896171 -0.0657566795607 0.00300000000005
v -0.0624325177418 -0.0657249342377 0.00300000000005
v -0.0623602773057 -0.065688803968 0.00300000000005
v -0.0622903269108 -0.0656484180887 0.00300000000005
v -0.0622229169613 -0.0656039211706 0.00300000000005
v -0.0621582887675 -0.0655554725013 0.00300000000005
v -0.0620966736814 -0.0655032455144 0.00300000000005
v -0.0620382922691 -0.0654474271689 0.00300000000005
v -0.0619833535209 -0.06538821728 0.00300000000005
v -0.0619320541032 -0.0653258278038 0.00300000000005
v -0.0618845776547 -0.0652604820784 0.00300000000005
v -0.0618410941286 -0.0651924140245 0.00300000000005
v -0.0618017591848 -0.0651218673081 0.00300000000005
v -0.0617667136322 -0.0650490944682 0.00300000000005
v -0.0617360829246 -0.0649743560125 0.00300000000005
v -0.0617099767122 -0.0648979194855 0.00300000000005
v -0.0616884884483 -0.0648200585099 0.00300000000005
v -0.0616716950554 -0.064741051808 0.00300000000005
v -0.0616596566494 -0.0646611822031 0.00300000000005
v -0.0616524163248 -0.0645807356078 0.00300000000005
v -0.06165 -0.0645 0.00300000000005
v -0.06165 -0.0645 0.00700000000005
v -0.0616524163248 -0.0645807356078 0.00700000000005
v -0.0616596566494 -0.0646611822031 0.00700000000005
v -0.0616716950554 -0.064741051808 0.00700000000005
v -0.0616884884483 -0.0648200585099 0.00700000000005
v -0.0617099767122 -0.0648979194855 0.00700000000005
v -0.0617360829246 -0.0649743560125 0.00700000000005
v -0.0617667136322 -0.0650490944682 0.00700000000005
v -0.0618017591848 -0.0651218673081 0.00700000000005
v -0.0618410941286 -0.0651924140245 0.00700000000005
v -0.0618845776547 -0.0652604820784 0.00700000000005
v -0.0619320541032 -0.0653258278038 0.00700000000005
v -0.0619833535209 -0.06538821728 0.00700000000005
v -0.0620382922691 -0.0654474271689 0.00700000000005
v -0.0620966736814 -0.0655032455144 0.00700000000005
v -0.0621582887675 -0.0655554725013 0.00700000000005
v -0.0622229169613 -0.0656039211706 0.00700000000005
v -0.0622903269108 -0.0656484180887 0.00700000000005
v -0.0623602773057 -0.065688803968 0.00700000000005
v -0.0624325177418 -0.0657249342377 0.00700000000005
v -0.0625067896171 -0.0657566795607 0.00700000000005
v -0.0625828270576 -0.065783926297 0.00700000000005
v -0.0626603578689 -0.0658065769104 0.00700000000005
v -0.062739104511 -0.0658245503176 0.00700000000005
v -0.0628187850911 -0.0658377821784 0.00700000000005
v -0.0628991143737 -0.0658462251262 0.00700000000005
v -0.0629798048005 -0.0658498489374 0.00700000000005
v -0.063060567521 -0.0658486406398 0.00700000000005
v -0.0631411134254 -0.0658426045587 0.00700000000005
v -0.0632211541804 -0.0658317623018 0.00700000000005
v -0.0633004032608 -0.0658161526814 0.00700000000005
v -0.0633785769756 -0.0657958315761 0.00700000000005
v -0.063455395483 -0.06577087173 0.00700000000005
v -0.0635305837927 -0.0657413624929 0.00700000000005
v -0.0636038727502 -0.0657074095003 0.00700000000005
v -0.063675 -0.0656691342951 0.00700000000005
v -0.063743710925 -0.0656266738925 0.00700000000005
v -0.0638097595578 -0.0655801802898 0.00700000000005
v -0.0638729094616 -0.065529819922 0.00700000000005
v -0.0639329345761 -0.0654757730662 0.00700000000005
v -0.063989620027 -0.065418233196 0.00700000000005
v -0.064042762895 -0.0653574062893 0.00700000000005
v -0.0640921729424 -0.0652935100906 0.00700000000005
v -0.0641376732942 -0.0652267733317 0.00700000000005
v -0.0641791010708 -0.0651574349129 0.00700000000005
v -0.0642163079717 -0.0650857430478 0.00700000000005
v -0.0642491608056 -0.0650119543746 0.00700000000005
v -0.0642775419681 -0.0649363330376 0.00700000000005
v -0.0643013498619 -0.0648591497415 0.00700000000005
v -0.064320499261 -0.0647806807826 0.00700000000005
v -0.0643349216154 -0.0647012070593 0.00700000000005
v -0.0643445652969 -0.064621013067 0.00700000000005
v -0.0643493957836 -0.0645403858793 0.00700000000005
v -0.0643493957836 -0.0644596141207 0.00700000000005
v -0.0643445652969 -0.064378986933 0.00700000000005
v -0.0643349216154 -0.0642987929407 0.00700000000005
v -0.064320499261 -0.0642193192174 0.00700000000005
v -0.0643013498619 -0.0641408502585 0.00700000000005
v -0.0642775419681 -0.0640636669624 0.00700000000005
v -0.0642491608056 -0.0639880456254 0.00700000000005
v -0.0642163079717 -0.0639142569522 0.00700000000005
v -0.0641791010708 -0.0638425650871 0.00700000000005
v -0.0641376732942 -0.0637732266683 0.00700000000005
v -0.0640921729424 -0.0637064899094 0.00700000000005
v -0.064042762895 -0.0636425937107 0.00700000000005
v -0.063989620027 -0.063581766804 0.00700000000005
v -0.0639329345761 -0.0635242269338 0.00700000000005
v -0.0638729094616 -0.063470180078 0.00700000000005
v -0.0638097595578 -0.0634198197102 0.00700000000005
v -0.063743710925 -0.0633733261075 0.00700000000005
v -0.063675 -0.0633308657049 0.00700000000005
v -0.0636038727502 -0.0632925904997 0.00700000000005
v -0.0635305837927 -0.0632586375071 0.00700000000005
v -0.063455395483 -0.06322912827 0.00700000000005
v -0.0633785769756 -0.0632041684239 0.00700000000005
v -0.0633004032608 -0.0631838473186 0.00700000000005
v -0.0632211541804 -0.0631682376982 0.00700000000005
v -0.0631411134254 -0.0631573954413 0.00700000000005
v -0.063060567521 -0.0631513593602 0.00700000000005
v -0.0629798048005 -0.0631501510626 0.00700000000005
v -0.0628991143737 -0.0631537748738 0.00700000000005
v -0.0628187850911 -0.0631622178216 0.00700000000005
v -0.062739104511 -0.0631754496824 0.00700000000005
v -0.0626603578689 -0.0631934230896 0.00700000000005
v -0.0625828270576 -0.063216073703 0.00700000000005
v -0.0625067896171 -0.0632433204393 0.00700000000005
v -0.0624325177418 -0.0632750657623 0.00700000000005
v -0.0623602773057 -0.063311196032 0.00700000000005
v -0.0622903269108 -0.0633515819113 0.00700000000005
v -0.0622229169613 -0.0633960788294 0.00700000000005
v -0.0621582887675 -0.0634445274987 0.00700000000005
v -0.0620966736814 -0.0634967544856 0.00700000000005
v -0.0620382922691 -0.0635525728311 0.00700000000005
v -0.0619833535209 -0.06361178272 0.00700000000005
v -0.0619320541032 -0.0636741721962 0.00700000000005
v -0.0618845776547 -0.0637395179216 0.00700000000005
v -0.0618410941286 -0.0638075859755 0.00700000000005
v -0.0618017591848 -0.0638781326919 0.00700000000005
v -0.0617667136322 -0.0639509055318 0.00700000000005
v -0.0617360829246 -0.0640256439875 0.00700000000005
v -0.0617099767122 -0.0641020805145 0.00700000000005
v -0.0616884884483 -0.0641799414901 0.00700000000005
v -0.0616716950554 -0.064258948192 0.00700000000005
v -0.0616596566494 -0.0643388177969 0.00700000000005
v -0.0616524163248 -0.0644192643922 0.00700000000005
v -0.06165 -0.0365 0.00700000000005
v -0.06165 -0.0365 0.00300000000005
v -0.0616524163248 -0.0364192643922 0.00300000000005
v -0.0616596566494 -0.0363388177969 0.00300000000005
v -0.0616716950554 -0.036258948192 0.00300000000005
v -0.0616884884483 -0.0361799414901 0.00300000000005
v -0.0617099767122 -0.0361020805145 0.00300000000005
v -0.0617360829246 -0.0360256439875 0.00300000000005
v -0.0617667136322 -0.0359509055318 0.00300000000005
v -0.0618017591848 -0.0358781326919 0.00300000000005
v -0.0618410941286 -0.0358075859755 0.00300000000005
v -0.0618845776547 -0.0357395179216 0.00300000000005
v -0.0619320541032 -0.0356741721962 0.00300000000005
v -0.0619833535209 -0.03561178272 0.00300000000005
v -0.0620382922691 -0.0355525728311 0.00300000000005
v -0.0620966736814 -0.0354967544856 0.00300000000005
v -0.0621582887675 -0.0354445274987 0.00300000000005
v -0.0622229169613 -0.0353960788294 0.00300000000005
v -0.0622903269108 -0.0353515819113 0.00300000000005
v -0.0623602773057 -0.035311196032 0.00300000000005
v -0.0624325177418 -0.0352750657623 0.00300000000005
v -0.0625067896171 -0.0352433204393 0.00300000000005
v -0.0625828270576 -0.035216073703 0.00300000000005
v -0.0626603578689 -0.0351934230896 0.00300000000005
v -0.062739104511 -0.0351754496824 0.00300000000005
v -0.0628187850911 -0.0351622178216 0.00300000000005
v -0.0628991143737 -0.0351537748738 0.00300000000005
v -0.0629798048005 -0.0351501510626 0.00300000000005
v -0.063060567521 -0.0351513593602 0.00300000000005
v -0.0631411134254 -0.0351573954413 0.00300000000005
v -0.0632211541804 -0.0351682376982 0.00300000000005
v -0.0633004032608 -0.0351838473186 0.00300000000005
v -0.0633785769756 -0.0352041684239 0.00300000000005
v -0.063455395483 -0.03522912827 0.00300000000005
v -0.0635305837927 -0.0352586375071 0.00300000000005
v -0.0636038727502 -0.0352925904997 0.00300000000005
v -0.063675 -0.0353308657049 0.00300000000005
v -0.063743710925 -0.0353733261075 0.00300000000005
v -0.0638097595578 -0.0354198197102 0.00300000000005
v -0.0638729094616 -0.035470180078 0.00300000000005
v -0.0639329345761 -0.0355242269338 0.00300000000005
v -0.063989620027 -0.035581766804 0.00300000000005
v -0.064042762895 -0.0356425937107 0.00300000000005
v -0.0640921729424 -0.0357064899094 0.00300000000005
v -0.0641376732942 -0.0357732266683 0.00300000000005
v -0.0641791010708 -0.0358425650871 0.00300000000005
v -0.0642163079717 -0.0359142569522 0.00300000000005
v -0.0642491608056 -0.0359880456254 0.00300000000005
v -0.0642775419681 -0.0360636669624 0.00300000000005
v -0.0643013498619 -0.0361408502585 0.00300000000005
v -0.064320499261 -0.0362193192174 0.00300000000005
v -0.0643349216154 -0.0362987929407 0.00300000000005
v -0.0643445652969 -0.036378986933 0.00300000000005
v -0.0643493957836 -0.0364596141207 0.00300000000005
v -0.0643493957836 -0.0365403858793 0.00300000000005
v -0.0643445652969 -0.036621013067 0.00300000000005
v -0.0643349216154 -0.0367012070593 0.00300000000005
v -0.064320499261 -0.0367806807826 0.00300000000005
v -0.0643013498619 -0.0368591497415 0.00300000000005
v -0.0642775419681 -0.0369363330376 0.00300000000005
v -0.0642491608056 -0.0370119543746 0.00300000000005
v -0.0642163079717 -0.0370857430478 0.00300000000005
v -0.0641791010708 -0.0371574349129 0.00300000000005
v -0.0641376732942 -0.0372267733317 0.00300000000005
v -0.0640921729424 -0.0372935100906 0.00300000000005
v -0.064042762895 -0.0373574062893 0.00300000000005
v -0.063989620027 -0.037418233196 0.00300000000005
v -0.0639329345761 -0.0374757730662 0.00300000000005
v -0.0638729094616 -0.037529819922 0.00300000000005
v -0.0638097595578 -0.0375801802898 0.00300000000005
v -0.063743710925 -0.0376266738925 0.00300000000005
v -0.063675 -0.0376691342951 0.00300000000005
v -0.0636038727502 -0.0377074095003 0.00300000000005
v -0.0635305837927 -0.0377413624929 0.00300000000005
v -0.063455395483 -0.03777087173 0.00300000000005
v -0.0633785769756 -0.0377958315761 0.00300000000005
v -0.0633004032608 -0.0378161526814 0.00300000000005
v -0.0632211541804 -0.0378317623018 0.00300000000005
v -0.0631411134254 -0.0378426045587 0.00300000000005
v -0.063060567521 -0.0378486406398 0.00300000000005
v -0.0629798048005 -0.0378498489374 0.00300000000005
v -0.0628991143737 -0.0378462251262 0.00300000000005
v -0.0628187850911 -0.0378377821784 0.00300000000005
v -0.062739104511 -0.0378245503176 0.00300000000005
v -0.0626603578689 -0.0378065769104 0.00300000000005
v -0.0625828270576 -0.037783926297 0.00300000000005
v -0.0625067896171 -0.0377566795607 0.00300000000005
v -0.0624325177418 -0.0377249342377 0.00300000000005
v -0.0623602773057 -0.037688803968 0.00300000000005
v -0.0622903269108 -0.0376484180887 0.00300000000005
v -0.0622229169613 -0.0376039211706 0.00300000000005
v -0.0621582887675 -0.0375554725013 0.00300000000005
v -0.0620966736814 -0.0375032455144 0.00300000000005
v -0.0620382922691 -0.0374474271689 0.00300000000005
v -0.0619833535209 -0.03738821728 0.00300000000005
v -0.0619320541032 -0.0373258278038 0.00300000000005
v -0.0618845776547 -0.0372604820784 0.00300000000005
v -0.0618410941286 -0.0371924140245 0.00300000000005
v -0.0618017591848 -0.0371218673081 0.00300000000005
v -0.0617667136322 -0.0370490944682 0.00300000000005
v -0.0617360829246 -0.0369743560125 0.00300000000005
v -0.0617099767122 -0.0368979194855 0.00300000000005
v -0.0616884884483 -0.0368200585099 0.00300000000005
v -0.0616716950554 -0.036741051808 0.00300000000005
v -0.0616596566494 -0.0366611822031 0.00300000000005
v -0.0616524163248 -0.0365807356078 0.00300000000005
v -0.06165 -0.0365 0.00300000000005
v -0.06165 -0.0365 0.00700000000005
v -0.0616524163248 -0.0365807356078 0.00700000000005
v -0.0616596566494 -0.0366611822031 0.00700000000005
v -0.0616716950554 -0.036741051808 0.00700000000005
v -0.0616884884483 -0.0368200585099 0.00700000000005
v -0.0617099767122 -0.0368979194855 0.00700000000005
v -0.0617360829246 -0.0369743560125 0.00700000000005
v -0.0617667136322 -0.0370490944682 0.00700000000005
v -0.0618017591848 -0.0371218673081 0.00700000000005
v -0.0618410941286 -0.0371924140245 0.00700000000005
v -0.0618845776547 -0.0372604820784 0.00700000000005
v -0.0619320541032 -0.0373258278038 0.00700000000005
v -0.0619833535209 -0.03738821728 0.00700000000005
v -0.0620382922691 -0.0374474271689 0.00700000000005
v -0.0620966736814 -0.0375032455144 0.00700000000005
v -0.0621582887675 -0.0375554725013 0.00700000000005
v -0.0622229169613 -0.0376039211706 0.00700000000005
v -0.0622903269108 -0.0376484180887 0.00700000000005
v -0.0623602773057 -0.037688803968 0.00700000000005
v -0.0624325177418 -0.0377249342377 0.00700000000005
v -0.0625067896171 -0.0377566795607 0.00700000000005
v -0.0625828270576 -0.037783926297 0.00700000000005
v -0.0626603578689 -0.0378065769104 0.00700000000005
v -0.062739104511 -0.0378245503176 0.00700000000005
v -0.0628187850911 -0.0378377821784 0.00700000000005
v -0.0628991143737 -0.0378462251262 0.00700000000005
v -0.0629798048005 -0.0378498489374 0.00700000000005
v -0.063060567521 -0.0378486406398 0.00700000000005
v -0.0631411134254 -0.0378426045587 0.00700000000005
v -0.0632211541804 -0.0378317623018 0.00700000000005
v -0.0633004032608 -0.0378161526814 0.00700000000005
v -0.0633785769756 -0.0377958315761 0.00700000000005
v -0.063455395483 -0.03777087173 0.00700000000005
v -0.0635305837927 -0.0377413624929 0.00700000000005
v -0.0636038727502 -0.0377074095003 0.00700000000005
v -0.063675 -0.0376691342951 0.00700000000005
v -0.063743710925 -0.0376266738925 0.00700000000005
v -0.0638097595578 -0.0375801802898 0.00700000000005
v -0.0638729094616 -0.037529819922 0.00700000000005
v -0.0639329345761 -0.0374757730662 0.00700000000005
v -0.063989620027 -0.037418233196 0.00700000000005
v -0.064042762895 -0.0373574062893 0.00700000000005
v -0.0640921729424 -0.0372935100906 0.00700000000005
v -0.0641376732942 -0.0372267733317 0.00700000000005
v -0.0641791010708 -0.0371574349129 0.00700000000005
v -0.0642163079717 -0.0370857430478 0.00700000000005
v -0.0642491608056 -0.0370119543746 0.00700000000005
v -0.0642775419681 -0.0369363330376 0.00700000000005
v -0.0643013498619 -0.0368591497415 0.00700000000005
v -0.064320499261 -0.0367806807826 0.00700000000005
v -0.0643349216154 -0.0367012070593 0.00700000000005
v -0.0643445652969 -0.036621013067 0.00700000000005
v -0.0643493957836 -0.0365403858793 0.00700000000005
v -0.0643493957836 -0.0364596141207 0.00700000000005
v -0.0643445652969 -0.036378986933 0.00700000000005
v -0.0643349216154 -0.0362987929407 0.00700000000005
v -0.064320499261 -0.0362193192174 0.00700000000005
v -0.0643013498619 -0.0361408502585 0.00700000000005
v -0.0642775419681 -0.0360636669624 0.00700000000005
v -0.0642491608056 -0.0359880456254 0.00700000000005
v -0.0642163079717 -0.0359142569522 0.00700000000005
v -0.0641791010708 -0.0358425650871 0.00700000000005
v -0.0641376732942 -0.0357732266683 0.00700000000005
v -0.0640921729424 -0.0357064899094 0.00700000000005
v -0.064042762895 -0.0356425937107 0.00700000000005
v -0.063989620027 -0.035581766804 0.00700000000005
v -0.0639329345761 -0.0355242269338 0.00700000000005
v -0.0638729094616 -0.035470180078 0.00700000000005
v -0.0638097595578 -0.0354198197102 0.00700000000005
v -0.063743710925 -0.0353733261075 0.00700000000005
v -0.063675 -0.0353308657049 0.00700000000005
v -0.0636038727502 -0.0352925904997 0.00700000000005
v -0.0635305837927 -0.0352586375071 0.00700000000005
v -0.063455395483 -0.03522912827 0.00700000000005
v -0.0633785769756 -0.0352041684239 0.00700000000005
v -0.0633004032608 -0.0351838473186 0.00700000000005
v -0.0632211541804 -0.0351682376982 0.00700000000005
v -0.0631411134254 -0.0351573954413 0.00700000000005
v -0.063060567521 -0.0351513593602 0.00700000000005
v -0.0629798048005 -0.0351501510626 0.00700000000005
v -0.0628991143737 -0.0351537748738 0.00700000000005
v -0.0628187850911 -0.0351622178216 0.00700000000005
v -0.062739104511 -0.0351754496824 0.00700000000005
v -0.0626603578689 -0.0351934230896 0.00700000000005
v -0.0625828270576 -0.035216073703 0.00700000000005
v -0.0625067896171 -0.0352433204393 0.00700000000005
v -0.0624325177418 -0.0352750657623 0.00700000000005
v -0.0623602773057 -0.035311196032 0.00700000000005
v -0.0622903269108 -0.0353515819113 0.00700000000005
v -0.0622229169613 -0.0353960788294 0.00700000000005
v -0.0621582887675 -0.0354445274987 0.00700000000005
v -0.0620966736814 -0.0354967544856 0.00700000000005
v -0.0620382922691 -0.0355525728311 0.00700000000005
v -0.0619833535209 -0.03561178272 0.00700000000005
v -0.0619320541032 -0.0356741721962 0.00700000000005
v -0.0618845776547 -0.0357395179216 0.00700000000005
v -0.0618410941286 -0.0358075859755 0.00700000000005
v -0.0618017591848 -0.0358781326919 0.00700000000005
v -0.0617667136322 -0.0359509055318 0.00700000000005
v -0.0617360829246 -0.0360256439875 0.00700000000005
v -0.0617099767122 -0.0361020805145 0.00700000000005
v -0.0616884884483 -0.0361799414901 0.00700000000005
v -0.0616716950554 -0.036258948192 0.00700000000005
v -0.0616596566494 -0.0363388177969 0.00700000000005
v -0.0616524163248 -0.0364192643922 0.00700000000005
v -0.02465 -0.0365 0.00300000000005
v -0.0246524163248 -0.0364192643922 0.00300000000005
v -0.0246596566494 -0.0363388177969 0.00300000000005
v -0.0246716950554 -0.036258948192 0.00300000000005
v -0.0246884884483 -0.0361799414901 0.00300000000005
v -0.0247099767122 -0.0361020805145 0.00300000000005
v -0.0247360829246 -0.0360256439875 0.00300000000005
v -0.0247667136322 -0.0359509055318 0.00300000000005
v -0.0248017591848 -0.0358781326919 0.00300000000005
v -0.0248410941286 -0.0358075859755 0.00300000000005
v -0.0248845776547 -0.0357395179216 0.00300000000005
v -0.0249320541032 -0.0356741721962 0.00300000000005
v -0.0249833535209 -0.03561178272 0.00300000000005
v -0.0250382922691 -0.0355525728311 0.00300000000005
v -0.0250966736814 -0.0354967544856 0.00300000000005
v -0.0251582887675 -0.0354445274987 0.00300000000005
v -0.0252229169613 -0.0353960788294 0.00300000000005
v -0.0252903269108 -0.0353515819113 0.00300000000005
v -0.0253602773057 -0.035311196032 0.00300000000005
v -0.0254325177418 -0.0352750657623 0.00300000000005
v -0.0255067896171 -0.0352433204393 0.00300000000005
v -0.0255828270576 -0.035216073703 0.00300000000005
v -0.0256603578689 -0.0351934230896 0.00300000000005
v -0.025739104511 -0.0351754496824 0.00300000000005
v -0.0258187850911 -0.0351622178216 0.00300000000005
v -0.0258991143737 -0.0351537748738 0.00300000000005
v -0.0259798048005 -0.0351501510626 0.00300000000005
v -0.026060567521 -0.0351513593602 0.00300000000005
v -0.0261411134254 -0.0351573954413 0.00300000000005
v -0.0262211541804 -0.0351682376982 0.00300000000005
v -0.0263004032608 -0.0351838473186 0.00300000000005
v -0.0263785769756 -0.0352041684239 0.00300000000005
v -0.026455395483 -0.03522912827 0.00300000000005
v -0.0265305837927 -0.0352586375071 0.00300000000005
v -0.0266038727502 -0.0352925904997 0.00300000000005
v -0.026675 -0.0353308657049 0.00300000000005
v -0.026743710925 -0.0353733261075 0.00300000000005
v -0.0268097595578 -0.0354198197102 0.00300000000005
v -0.0268729094616 -0.035470180078 0.00300000000005
v -0.0269329345761 -0.0355242269338 0.00300000000005
v -0.026989620027 -0.035581766804 0.00300000000005
v -0.027042762895 -0.0356425937107 0.00300000000005
v -0.0270921729424 -0.0357064899094 0.00300000000005
v -0.0271376732942 -0.0357732266683 0.00300000000005
v -0.0271791010708 -0.0358425650871 0.00300000000005
v -0.0272163079717 -0.0359142569522 0.00300000000005
v -0.0272491608056 -0.0359880456254 0.00300000000005
v -0.0272775419681 -0.0360636669624 0.00300000000005
v -0.0273013498619 -0.0361408502585 0.00300000000005
v -0.027320499261 -0.0362193192174 0.00300000000005
v -0.0273349216154 -0.0362987929407 0.00300000000005
v -0.0273445652969 -0.036378986933 0.00300000000005
v -0.0273493957836 -0.0364596141207 0.00300000000005
v -0.0273493957836 -0.0365403858793 0.00300000000005
v -0.0273445652969 -0.036621013067 0.00300000000005
v -0.0273349216154 -0.0367012070593 0.00300000000005
v -0.027320499261 -0.0367806807826 0.00300000000005
v -0.0273013498619 -0.0368591497415 0.00300000000005
v -0.0272775419681 -0.0369363330376 0.00300000000005
v -0.0272491608056 -0.0370119543746 0.00300000000005
v -0.0272163079717 -0.0370857430478 0.00300000000005
v -0.0271791010708 -0.0371574349129 0.00300000000005
v -0.0271376732942 -0.0372267733317 0.00300000000005
v -0.0270921729424 -0.0372935100906 0.00300000000005
v -0.027042762895 -0.0373574062893 0.00300000000005
v -0.026989620027 -0.037418233196 0.00300000000005
v -0.0269329345761 -0.0374757730662 0.00300000000005
v -0.0268729094616 -0.037529819922 0.00300000000005
v -0.0268097595578 -0.0375801802898 0.00300000000005
v -0.026743710925 -0.0376266738925 0.00300000000005
v -0.026675 -0.0376691342951 0.00300000000005
v -0.0266038727502 -0.0377074095003 0.00300000000005
v -0.0265305837927 -0.0377413624929 0.00300000000005
v -0.026455395483 -0.03777087173 0.00300000000005
v -0.0263785769756 -0.0377958315761 0.00300000000005
v -0.0263004032608 -0.0378161526814 0.00300000000005
v -0.0262211541804 -0.0378317623018 0.00300000000005
v -0.0261411134254 -0.0378426045587 0.00300000000005
v -0.026060567521 -0.0378486406398 0.00300000000005
v -0.0259798048005 -0.0378498489374 0.00300000000005
v -0.0258991143737 -0.0378462251262 0.00300000000005
v -0.0258187850911 -0.0378377821784 0.00300000000005
v -0.025739104511 -0.0378245503176 0.00300000000005
v -0.0256603578689 -0.0378065769104 0.00300000000005
v -0.0255828270576 -0.037783926297 0.00300000000005
v -0.0255067896171 -0.0377566795607 0.00300000000005
v -0.0254325177418 -0.0377249342377 0.00300000000005
v -0.0253602773057 -0.037688803968 0.00300000000005
v -0.0252903269108 -0.0376484180887 0.00300000000005
v -0.0252229169613 -0.0376039211706 0.00300000000005
v -0.0251582887675 -0.0375554725013 0.00300000000005
v -0.0250966736814 -0.0375032455144 0.00300000000005
v -0.0250382922691 -0.0374474271689 0.00300000000005
v -0.0249833535209 -0.03738821728 0.00300000000005
v -0.0249320541032 -0.0373258278038 0.00300000000005
v -0.0248845776547 -0.0372604820784 0.00300000000005
v -0.0248410941286 -0.0371924140245 0.00300000000005
v -0.0248017591848 -0.0371218673081 0.00300000000005
v -0.0247667136322 -0.0370490944682 0.00300000000005
v -0.0247360829246 -0.0369743560125 0.00300000000005
v -0.0247099767122 -0.0368979194855 0.00300000000005
v -0.0246884884483 -0.0368200585099 0.00300000000005
v -0.0246716950554 -0.036741051808 0.00300000000005
v -0.0246596566494 -0.0366611822031 0.00300000000005
v -0.0246524163248 -0.0365807356078 0.00300000000005
v -0.02465 -0.0645 0.00300000000005
v -0.0246524163248 -0.0644192643922 0.00300000000005
v -0.0246596566494 -0.0643388177969 0.00300000000005
v -0.0246716950554 -0.064258948192 0.00300000000005
v -0.0246884884483 -0.0641799414901 0.00300000000005
v -0.0247099767122 -0.0641020805145 0.00300000000005
v -0.0247360829246 -0.0640256439875 0.00300000000005
v -0.0247667136322 -0.0639509055318 0.00300000000005
v -0.0248017591848 -0.0638781326919 0.00300000000005
v -0.0248410941286 -0.0638075859755 0.00300000000005
v -0.0248845776547 -0.0637395179216 0.00300000000005
v -0.0249320541032 -0.0636741721962 0.00300000000005
v -0.0249833535209 -0.06361178272 0.00300000000005
v -0.0250382922691 -0.0635525728311 0.00300000000005
v -0.0250966736814 -0.0634967544856 0.00300000000005
v -0.0251582887675 -0.0634445274987 0.00300000000005
v -0.0252229169613 -0.0633960788294 0.00300000000005
v -0.0252903269108 -0.0633515819113 0.00300000000005
v -0.0253602773057 -0.063311196032 0.00300000000005
v -0.0254325177418 -0.0632750657623 0.00300000000005
v -0.0255067896171 -0.0632433204393 0.00300000000005
v -0.0255828270576 -0.063216073703 0.00300000000005
v -0.0256603578689 -0.0631934230896 0.00300000000005
v -0.025739104511 -0.0631754496824 0.00300000000005
v -0.0258187850911 -0.0631622178216 0.00300000000005
v -0.0258991143737 -0.0631537748738 0.00300000000005
v -0.0259798048005 -0.0631501510626 0.00300000000005
v -0.026060567521 -0.0631513593602 0.00300000000005
v -0.0261411134254 -0.0631573954413 0.00300000000005
v -0.0262211541804 -0.0631682376982 0.00300000000005
v -0.0263004032608 -0.0631838473186 0.00300000000005
v -0.0263785769756 -0.0632041684239 0.00300000000005
v -0.026455395483 -0.06322912827 0.00300000000005
v -0.0265305837927 -0.0632586375071 0.00300000000005
v -0.0266038727502 -0.0632925904997 0.00300000000005
v -0.026675 -0.0633308657049 0.00300000000005
v -0.026743710925 -0.0633733261075 0.00300000000005
v -0.0268097595578 -0.0634198197102 0.00300000000005
v -0.0268729094616 -0.063470180078 0.00300000000005
v -0.0269329345761 -0.0635242269338 0.00300000000005
v -0.026989620027 -0.063581766804 0.00300000000005
v -0.027042762895 -0.0636425937107 0.00300000000005
v -0.0270921729424 -0.0637064899094 0.00300000000005
v -0.0271376732942 -0.0637732266683 0.00300000000005
v -0.0271791010708 -0.0638425650871 0.00300000000005
v -0.0272163079717 -0.0639142569522 0.00300000000005
v -0.0272491608056 -0.0639880456254 0.00300000000005
v -0.0272775419681 -0.0640636669624 0.00300000000005
v -0.0273013498619 -0.0641408502585 0.00300000000005
v -0.027320499261 -0.0642193192174 0.00300000000005
v -0.0273349216154 -0.0642987929407 0.00300000000005
v -0.0273445652969 -0.064378986933 0.00300000000005
v -0.0273493957836 -0.0644596141207 0.00300000000005
v -0.0273493957836 -0.0645403858793 0.00300000000005
v -0.0273445652969 -0.064621013067 0.00300000000005
v -0.0273349216154 -0.0647012070593 0.00300000000005
v -0.027320499261 -0.0647806807826 0.00300000000005
v -0.0273013498619 -0.0648591497415 0.00300000000005
v -0.0272775419681 -0.0649363330376 0.00300000000005
v -0.0272491608056 -0.0650119543746 0.00300000000005
v -0.0272163079717 -0.0650857430478 0.00300000000005
v -0.0271791010708 -0.0651574349129 0.00300000000005
v -0.0271376732942 -0.0652267733317 0.00300000000005
v -0.0270921729424 -0.0652935100906 0.00300000000005
v -0.027042762895 -0.0653574062893 0.00300000000005
v -0.026989620027 -0.065418233196 0.00300000000005
v -0.0269329345761 -0.0654757730662 0.00300000000005
v -0.0268729094616 -0.065529819922 0.00300000000005
v -0.0268097595578 -0.0655801802898 0.00300000000005
v -0.026743710925 -0.0656266738925 0.00300000000005
v -0.026675 -0.0656691342951 0.00300000000005
v -0.0266038727502 -0.0657074095003 0.00300000000005
v -0.0265305837927 -0.0657413624929 0.00300000000005
v -0.026455395483 -0.06577087173 0.00300000000005
v -0.0263785769756 -0.0657958315761 0.00300000000005
v -0.0263004032608 -0.0658161526814 0.00300000000005
v -0.0262211541804 -0.0658317623018 0.00300000000005
v -0.0261411134254 -0.0658426045587 0.00300000000005
v -0.026060567521 -0.0658486406398 0.00300000000005
v -0.0259798048005 -0.0658498489374 0.00300000000005
v -0.0258991143737 -0.0658462251262 0.00300000000005
v -0.0258187850911 -0.0658377821784 0.00300000000005
v -0.025739104511 -0.0658245503176 0.00300000000005
v -0.0256603578689 -0.0658065769104 0.00300000000005
v -0.0255828270576 -0.065783926297 0.00300000000005
v -0.0255067896171 -0.0657566795607 0.00300000000005
v -0.0254325177418 -0.0657249342377 0.00300000000005
v -0.0253602773057 -0.065688803968 0.00300000000005
v -0.0252903269108 -0.0656484180887 0.00300000000005
v -0.0252229169613 -0.0656039211706 0.00300000000005
v -0.0251582887675 -0.0655554725013 0.00300000000005
v -0.0250966736814 -0.0655032455144 0.00300000000005
v -0.0250382922691 -0.0654474271689 0.00300000000005
v -0.0249833535209 -0.06538821728 0.00300000000005
v -0.0249320541032 -0.0653258278038 0.00300000000005
v -0.0248845776547 -0.0652604820784 0.00300000000005
v -0.0248410941286 -0.0651924140245 0.00300000000005
v -0.0248017591848 -0.0651218673081 0.00300000000005
v -0.0247667136322 -0.0650490944682 0.00300000000005
v -0.0247360829246 -0.0649743560125 0.00300000000005
v -0.0247099767122 -0.0648979194855 0.00300000000005
v -0.0246884884483 -0.0648200585099 0.00300000000005
v -0.0246716950554 -0.064741051808 0.00300000000005
v -0.0246596566494 -0.0646611822031 0.00300000000005
v -0.0246524163248 -0.0645807356078 0.00300000000005
v -0.06165 -0.0645 0.00300000000005
v -0.0616524163248 -0.0644192643922 0.00300000000005
v -0.0616596566494 -0.0643388177969 0.00300000000005
v -0.0616716950554 -0.064258948192 0.00300000000005
v -0.0616884884483 -0.0641799414901 0.00300000000005
v -0.0617099767122 -0.0641020805145 0.00300000000005
v -0.0617360829246 -0.0640256439875 0.00300000000005
v -0.0617667136322 -0.0639509055318 0.00300000000005
v -0.0618017591848 -0.0638781326919 0.00300000000005
v -0.0618410941286 -0.0638075859755 0.00300000000005
v -0.0618845776547 -0.0637395179216 0.00300000000005
v -0.0619320541032 -0.0636741721962 0.00300000000005
v -0.0619833535209 -0.06361178272 0.00300000000005
v -0.0620382922691 -0.0635525728311 0.00300000000005
v -0.0620966736814 -0.0634967544856 0.00300000000005
v -0.0621582887675 -0.0634445274987 0.00300000000005
v -0.0622229169613 -0.0633960788294 0.00300000000005
v -0.0622903269108 -0.0633515819113 0.00300000000005
v -0.0623602773057 -0.063311196032 0.00300000000005
v -0.0624325177418 -0.0632750657623 0.00300000000005
v -0.0625067896171 -0.0632433204393 0.00300000000005
v -0.0625828270576 -0.063216073703 0.00300000000005
v -0.0626603578689 -0.0631934230896 0.00300000000005
v -0.062739104511 -0.0631754496824 0.00300000000005
v -0.0628187850911 -0.0631622178216 0.00300000000005
v -0.0628991143737 -0.0631537748738 0.00300000000005
v -0.0629798048005 -0.0631501510626 0.00300000000005
v -0.063060567521 -0.0631513593602 0.00300000000005
v -0.0631411134254 -0.0631573954413 0.00300000000005
v -0.0632211541804 -0.0631682376982 0.00300000000005
v -0.0633004032608 -0.0631838473186 0.00300000000005
v -0.0633785769756 -0.0632041684239 0.00300000000005
v -0.063455395483 -0.06322912827 0.00300000000005
v -0.0635305837927 -0.0632586375071 0.00300000000005
v -0.0636038727502 -0.0632925904997 0.00300000000005
v -0.063675 -0.0633308657049 0.00300000000005
v -0.063743710925 -0.0633733261075 0.00300000000005
v -0.0638097595578 -0.0634198197102 0.00300000000005
v -0.0638729094616 -0.063470180078 0.00300000000005
v -0.0639329345761 -0.0635242269338 0.00300000000005
v -0.063989620027 -0.063581766804 0.00300000000005
v -0.064042762895 -0.0636425937107 0.00300000000005
v -0.0640921729424 -0.0637064899094 0.00300000000005
v -0.0641376732942 -0.0637732266683 0.00300000000005
v -0.0641791010708 -0.0638425650871 0.00300000000005
v -0.0642163079717 -0.0639142569522 0.00300000000005
v -0.0642491608056 -0.0639880456254 0.00300000000005
v -0.0642775419681 -0.0640636669624 0.00300000000005
v -0.0643013498619 -0.0641408502585 0.00300000000005
v -0.064320499261 -0.0642193192174 0.00300000000005
v -0.0643349216154 -0.0642987929407 0.00300000000005
v -0.0643445652969 -0.064378986933 0.00300000000005
v -0.0643493957836 -0.0644596141207 0.00300000000005
v -0.0643493957836 -0.0645403858793 0.00300000000005
v -0.0643445652969 -0.064621013067 0.00300000000005
v -0.0643349216154 -0.0647012070593 0.00300000000005
v -0.064320499261 -0.0647806807826 0.00300000000005
v -0.0643013498619 -0.0648591497415 0.00300000000005
v -0.0642775419681 -0.0649363330376 0.00300000000005
v -0.0642491608056 -0.0650119543746 0.00300000000005
v -0.0642163079717 -0.0650857430478 0.00300000000005
v -0.0641791010708 -0.0651574349129 0.00300000000005
v -0.0641376732942 -0.0652267733317 0.00300000000005
v -0.0640921729424 -0.0652935100906 0.00300000000005
v -0.064042762895 -0.0653574062893 0.00300000000005
v -0.063989620027 -0.065418233196 0.00300000000005
v -0.0639329345761 -0.0654757730662 0.00300000000005
v -0.0638729094616 -0.065529819922 0.00300000000005
v -0.0638097595578 -0.0655801802898 0.00300000000005
v -0.063743710925 -0.0656266738925 0.00300000000005
v -0.063675 -0.0656691342951 0.00300000000005
v -0.0636038727502 -0.0657074095003 0.00300000000005
v -0.0635305837927 -0.0657413624929 0.00300000000005
v -0.063455395483 -0.06577087173 0.00300000000005
v -0.0633785769756 -0.0657958315761 0.00300000000005
v -0.0633004032608 -0.0658161526814 0.00300000000005
v -0.0632211541804 -0.0658317623018 0.00300000000005
v -0.0631411134254 -0.0658426045587 0.00300000000005
v -0.063060567521 -0.0658486406398 0.00300000000005
v -0.0629798048005 -0.0658498489374 0.00300000000005
v -0.0628991143737 -0.0658462251262 0.00300000000005
v -0.0628187850911 -0.0658377821784 0.00300000000005
v -0.062739104511 -0.0658245503176 0.00300000000005
v -0.0626603578689 -0.0658065769104 0.00300000000005
v -0.0625828270576 -0.065783926297 0.00300000000005
v -0.0625067896171 -0.0657566795607 0.00300000000005
v -0.0624325177418 -0.0657249342377 0.00300000000005
v -0.0623602773057 -0.065688803968 0.00300000000005
v -0.0622903269108 -0.0656484180887 0.00300000000005
v -0.0622229169613 -0.0656039211706 0.00300000000005
v -0.0621582887675 -0.0655554725013 0.00300000000005
v -0.0620966736814 -0.0655032455144 0.00300000000005
v -0.0620382922691 -0.0654474271689 0.00300000000005
v -0.0619833535209 -0.06538821728 0.00300000000005
v -0.0619320541032 -0.0653258278038 0.00300000000005
v -0.0618845776547 -0.0652604820784 0.00300000000005
v -0.0618410941286 -0.0651924140245 0.00300000000005
v -0.0618017591848 -0.0651218673081 0.00300000000005
v -0.0617667136322 -0.0650490944682 0.00300000000005
v -0.0617360829246 -0.0649743560125 0.00300000000005
v -0.0617099767122 -0.0648979194855 0.00300000000005
v -0.0616884884483 -0.0648200585099 0.00300000000005
v -0.0616716950554 -0.064741051808 0.00300000000005
v -0.0616596566494 -0.0646611822031 0.00300000000005
v -0.0616524163248 -0.0645807356078 0.00300000000005
v -0.06165 -0.0365 0.00300000000005
v -0.0616524163248 -0.0364192643922 0.00300000000005
v -0.0616596566494 -0.0363388177969 0.00300000000005
v -0.0616716950554 -0.036258948192 0.00300000000005
v -0.0616884884483 -0.0361799414901 0.00300000000005
v -0.0617099767122 -0.0361020805145 0.00300000000005
v -0.0617360829246 -0.0360256439875 0.00300000000005
v -0.0617667136322 -0.0359509055318 0.00300000000005
v -0.0618017591848 -0.0358781326919 0.00300000000005
v -0.0618410941286 -0.0358075859755 0.00300000000005
v -0.0618845776547 -0.0357395179216 0.00300000000005
v -0.0619320541032 -0.0356741721962 0.00300000000005
v -0.0619833535209 -0.03561178272 0.00300000000005
v -0.0620382922691 -0.0355525728311 0.00300000000005
v -0.0620966736814 -0.0354967544856 0.00300000000005
v -0.0621582887675 -0.0354445274987 0.00300000000005
v -0.0622229169613 -0.0353960788294 0.00300000000005
v -0.0622903269108 -0.0353515819113 0.00300000000005
v -0.0623602773057 -0.035311196032 0.00300000000005
v -0.0624325177418 -0.0352750657623 0.00300000000005
v -0.0625067896171 -0.0352433204393 0.00300000000005
v -0.0625828270576 -0.035216073703 0.00300000000005
v -0.0626603578689 -0.0351934230896 0.00300000000005
v -0.062739104511 -0.0351754496824 0.00300000000005
v -0.0628187850911 -0.0351622178216 0.00300000000005
v -0.0628991143737 -0.0351537748738 0.00300000000005
v -0.0629798048005 -0.0351501510626 0.00300000000005
v -0.063060567521 -0.0351513593602 0.00300000000005
v -0.0631411134254 -0.0351573954413 0.00300000000005
v -0.0632211541804 -0.0351682376982 0.00300000000005
v -0.0633004032608 -0.0351838473186 0.00300000000005
v -0.0633785769756 -0.0352041684239 0.00300000000005
v -0.063455395483 -0.03522912827 0.00300000000005
v -0.0635305837927 -0.0352586375071 0.00300000000005
v -0.0636038727502 -0.0352925904997 0.00300000000005
v -0.063675 -0.0353308657049 0.00300000000005
v -0.063743710925 -0.0353733261075 0.00300000000005
v -0.0638097595578 -0.0354198197102 0.00300000000005
v -0.0638729094616 -0.035470180078 0.00300000000005
v -0.0639329345761 -0.0355242269338 0.00300000000005
v -0.063989620027 -0.035581766804 0.00300000000005
v -0.064042762895 -0.0356425937107 0.00300000000005
v -0.0640921729424 -0.0357064899094 0.00300000000005
v -0.0641376732942 -0.0357732266683 0.00300000000005
v -0.0641791010708 -0.0358425650871 0.00300000000005
v -0.0642163079717 -0.0359142569522 0.00300000000005
v -0.0642491608056 -0.0359880456254 0.00300000000005
v -0.0642775419681 -0.0360636669624 0.00300000000005
v -0.0643013498619 -0.0361408502585 0.00300000000005
v -0.064320499261 -0.0362193192174 0.00300000000005
v -0.0643349216154 -0.0362987929407 0.00300000000005
v -0.0643445652969 -0.036378986933 0.00300000000005
v -0.0643493957836 -0.0364596141207 0.00300000000005
v -0.0643493957836 -0.0365403858793 0.00300000000005
v -0.0643445652969 -0.036621013067 0.00300000000005
v -0.0643349216154 -0.0367012070593 0.00300000000005
v -0.064320499261 -0.0367806807826 0.00300000000005
v -0.0643013498619 -0.0368591497415 0.00300000000005
v -0.0642775419681 -0.0369363330376 0.00300000000005
v -0.0642491608056 -0.0370119543746 0.00300000000005
v -0.0642163079717 -0.0370857430478 0.00300000000005
v -0.0641791010708 -0.0371574349129 0.00300000000005
v -0.0641376732942 -0.0372267733317 0.00300000000005
v -0.0640921729424 -0.0372935100906 0.00300000000005
v -0.064042762895 -0.0373574062893 0.00300000000005
v -0.063989620027 -0.037418233196 0.00300000000005
v -0.0639329345761 -0.0374757730662 0.00300000000005
v -0.0638729094616 -0.037529819922 0.00300000000005
v -0.0638097595578 -0.0375801802898 0.00300000000005
v -0.063743710925 -0.0376266738925 0.00300000000005
v -0.063675 -0.0376691342951 0.00300000000005
v -0.0636038727502 -0.0377074095003 0.00300000000005
v -0.0635305837927 -0.0377413624929 0.00300000000005
v -0.063455395483 -0.03777087173 0.00300000000005
v -0.0633785769756 -0.0377958315761 0.00300000000005
v -0.0633004032608 -0.0378161526814 0.00300000000005
v -0.0632211541804 -0.0378317623018 0.00300000000005
v -0.0631411134254 -0.0378426045587 0.00300000000005
v -0.063060567521 -0.0378486406398 0.00300000000005
v -0.0629798048005 -0.0378498489374 0.00300000000005
v -0.0628991143737 -0.0378462251262 0.00300000000005
v -0.0628187850911 -0.0378377821784 0.00300000000005
v -0.062739104511 -0.0378245503176 0.00300000000005
v -0.0626603578689 -0.0378065769104 0.00300000000005
v -0.0625828270576 -0.037783926297 0.00300000000005
v -0.0625067896171 -0.0377566795607 0.00300000000005
v -0.0624325177418 -0.0377249342377 0.00300000000005
v -0.0623602773057 -0.037688803968 0.00300000000005
v -0.0622903269108 -0.0376484180887 0.00300000000005
v -0.0622229169613 -0.0376039211706 0.00300000000005
v -0.0621582887675 -0.0375554725013 0.00300000000005
v -0.0620966736814 -0.0375032455144 0.00300000000005
v -0.0620382922691 -0.0374474271689 0.00300000000005
v -0.0619833535209 -0.03738821728 0.00300000000005
v -0.0619320541032 -0.0373258278038 0.00300000000005
v -0.0618845776547 -0.0372604820784 0.00300000000005
v -0.0618410941286 -0.0371924140245 0.00300000000005
v -0.0618017591848 -0.0371218673081 0.00300000000005
v -0.0617667136322 -0.0370490944682 0.00300000000005
v -0.0617360829246 -0.0369743560125 0.00300000000005
v -0.0617099767122 -0.0368979194855 0.00300000000005
v -0.0616884884483 -0.0368200585099 0.00300000000005
v -0.0616716950554 -0.036741051808 0.00300000000005
v -0.0616596566494 -0.0366611822031 0.00300000000005
v -0.0616524163248 -0.0365807356078 0.00300000000005
f 1 3 2
f 212 4 3
f 212 3 1
f 211 5 4
f 211 4 212
f 210 6 5
f 210 5 211
f 209 7 6
f 209 6 210
f 208 8 7
f 208 7 209
f 207 9 8
f 207 8 208
f 206 10 9
f 206 9 207
f 205 11 10
f 205 10 206
f 204 12 11
f 204 11 205
f 203 13 12
f 203 12 204
f 202 14 13
f 202 13 203
f 201 15 14
f 201 14 202
f 200 16 15
f 200 15 201
f 199 17 16
f 199 16 200
f 198 18 17
f 198 17 199
f 197 19 18
f 197 18 198
f 196 20 19
f 196 19 197
f 195 21 20
f 195 20 196
f 194 22 21
f 194 21 195
f 193 23 22
f 193 22 194
f 192 24 23
f 192 23 193
f 191 24 192
f 191 25 24
f 190 25 191
f 190 26 25
f 189 26 190
f 189 27 26
f 188 27 189
f 188 28 27
f 187 28 188
f 187 29 28
f 186 29 187
f 186 30 29
f 185 30 186
f 185 31 30
f 184 32 31
f 184 31 185
f 183 33 32
f 183 32 184
f 182 34 33
f 182 33 183
f 181 35 34
f 181 34 182
f 180 36 35
f 180 35 181
f 179 37 36
f 179 36 180
f 178 38 37
f 178 37 179
f 177 39 38
f 177 38 178
f 176 40 39
f 176 39 177
f 175 41 40
f 175 40 176
f 174 42 41
f 174 41 175
f 173 43 42
f 173 42 174
f 172 44 43
f 172 43 173
f 171 45 44
f 171 44 172
f 170 46 45
f 170 45 171
f 169 47 46
f 169 46 170
f 168 48 47
f 168 47 169
f 167 49 48
f 167 48 168
f 166 49 167
f 166 50 49
f 165 50 166
f 165 51 50
f 164 51 165
f 164 52 51
f 163 52 164
f 163 53 52
f 162 53 163
f 162 54 53
f 161 54 162
f 161 55 54
f 160 55 161
f 160 56 55
f 159 56 160
f 159 57 56
f 158 57 159
f 158 58 57
f 157 58 158
f 157 59 58
f 156 59 157
f 156 60 59
f 155 60 156
f 155 61 60
f 154 61 155
f 154 62 61
f 153 62 154
f 153 63 62
f 152 63 153
f 152 64 63
f 151 65 64
f 151 64 152
f 150 66 65
f 150 65 151
f 149 67 66
f 149 66 150
f 148 68 67
f 148 67 149
f 147 69 68
f 147 68 148
f 146 70 69
f 146 69 147
f 145 71 70
f 145 70 146
f 144 72 71
f 144 71 145
f 143 73 72
f 143 72 144
f 142 74 73
f 142 73 143
f 141 74 142
f 141 75 74
f 140 75 141
f 140 76 75
f 139 76 140
f 139 77 76
f 138 77 139
f 138 78 77
f 137 78 138
f 137 79 78
f 136 79 137
f 136 80 79
f 135 80 136
f 135 81 80
f 134 81 135
f 134 82 81
f 133 82 134
f 133 83 82
f 132 83 133
f 132 84 83
f 131 84 132
f 131 85 84
f 130 85 131
f 130 86 85
f 129 86 130
f 129 87 86
f 128 87 129
f 128 88 87
f 127 88 128
f 127 89 88
f 126 89 127
f 126 90 89
f 125 90 126
f 125 91 90
f 124 91 125
f 124 92 91
f 123 92 124
f 123 93 92
f 122 93 123
f 122 94 93
f 121 94 122
f 121 95 94
f 120 95 121
f 120 96 95
f 119 96 120
f 119 97 96
f 118 97 119
f 118 98 97
f 117 99 98
f 117 98 118
f 116 99 117
f 116 100 99
f 115 100 116
f 115 101 100
f 114 102 101
f 114 101 115
f 113 103 102
f 113 102 114
f 112 104 103
f 112 103 113
f 111 105 104
f 111 104 112
f 110 106 105
f 110 105 111
f 109 107 106
f 109 106 110
f 108 107 109
f 277 278 279
f 281 279 280
f 282 277 279
f 282 279 281
f 275 276 277
f 274 275 277
f 285 283 284
f 272 273 274
f 286 283 285
f 270 272 274
f 270 271 272
f 269 277 282
f 269 274 277
f 269 270 274
f 289 283 286
f 289 282 283
f 289 286 287
f 289 287 288
f 267 268 269
f 291 289 290
f 265 267 269
f 265 266 267
f 293 289 291
f 293 291 292
f 263 264 265
f 295 289 293
f 295 293 294
f 262 263 265
f 297 295 296
f 260 261 262
f 260 262 265
f 298 282 289
f 298 289 295
f 298 295 297
f 257 258 259
f 257 259 260
f 257 265 269
f 257 260 265
f 301 298 299
f 301 299 300
f 302 298 301
f 255 256 257
f 303 298 302
f 252 253 254
f 252 254 255
f 251 252 255
f 307 303 304
f 307 304 305
f 307 305 306
f 250 255 257
f 250 251 255
f 308 303 307
f 310 308 309
f 247 269 282
f 247 248 249
f 247 249 250
f 247 282 298
f 247 250 257
f 247 257 269
f 313 310 311
f 313 311 312
f 315 313 314
f 315 308 310
f 315 310 313
f 242 243 244
f 241 244 245
f 241 245 246
f 241 246 247
f 241 242 244
f 317 315 316
f 214 317 213
f 214 308 315
f 214 315 317
f 237 238 239
f 237 239 240
f 237 240 241
f 237 241 247
f 217 215 216
f 235 236 237
f 218 214 215
f 218 215 217
f 233 234 235
f 233 235 237
f 220 218 219
f 221 214 218
f 221 218 220
f 231 232 233
f 230 303 308
f 230 247 298
f 230 237 247
f 230 308 214
f 230 233 237
f 230 231 233
f 230 298 303
f 223 230 214
f 223 221 222
f 223 214 221
f 225 223 224
f 226 223 225
f 226 227 228
f 226 228 229
f 226 229 230
f 226 230 223
f 515 331 332
f 514 332 333
f 514 515 332
f 516 330 331
f 516 331 515
f 513 514 333
f 517 329 330
f 517 330 516
f 512 333 334
f 512 334 335
f 512 513 333
f 518 328 329
f 518 329 517
f 511 335 336
f 511 512 335
f 519 327 328
f 519 328 518
f 510 336 337
f 510 511 336
f 520 326 327
f 520 327 519
f 509 510 337
f 509 337 338
f 521 325 326
f 521 326 520
f 508 509 338
f 522 324 325
f 522 325 521
f 507 338 339
f 507 339 340
f 507 508 338
f 523 324 522
f 523 323 324
f 506 340 341
f 506 507 340
f 524 322 323
f 524 323 523
f 505 506 341
f 505 341 342
f 525 321 322
f 525 322 524
f 504 342 343
f 504 505 342
f 526 320 321
f 526 321 525
f 503 504 343
f 503 343 344
f 527 319 320
f 527 320 526
f 502 503 344
f 502 344 345
f 423 318 319
f 423 319 527
f 501 502 345
f 424 422 318
f 424 318 423
f 500 501 345
f 500 345 346
f 500 346 347
f 425 421 422
f 425 422 424
f 499 500 347
f 426 420 421
f 426 421 425
f 498 347 348
f 498 348 349
f 498 499 347
f 427 419 420
f 427 420 426
f 497 498 349
f 497 349 350
f 428 418 419
f 428 419 427
f 496 497 350
f 429 418 428
f 429 417 418
f 495 350 351
f 495 496 350
f 430 417 429
f 430 416 417
f 494 351 352
f 494 495 351
f 431 416 430
f 431 415 416
f 493 494 352
f 493 352 353
f 432 415 431
f 432 414 415
f 492 353 354
f 492 354 355
f 492 493 353
f 433 413 414
f 433 414 432
f 491 492 355
f 434 413 433
f 434 412 413
f 490 491 355
f 490 355 356
f 435 412 434
f 435 411 412
f 357 490 356
f 489 490 357
f 436 411 435
f 436 410 411
f 358 489 357
f 358 488 489
f 409 436 437
f 409 437 438
f 409 410 436
f 359 488 358
f 359 487 488
f 408 409 438
f 360 487 359
f 360 486 487
f 407 438 439
f 407 439 440
f 407 408 438
f 361 486 360
f 361 485 486
f 406 407 440
f 362 484 485
f 362 485 361
f 405 440 441
f 405 441 442
f 405 406 440
f 363 483 484
f 363 484 362
f 404 405 442
f 364 483 363
f 364 482 483
f 403 442 443
f 403 404 442
f 365 482 364
f 365 481 482
f 402 443 444
f 402 403 443
f 366 481 365
f 366 480 481
f 401 444 445
f 401 445 446
f 401 402 444
f 367 480 366
f 367 479 480
f 400 401 446
f 368 478 479
f 368 479 367
f 399 446 447
f 399 400 446
f 369 477 478
f 369 478 368
f 398 447 448
f 398 448 449
f 398 399 447
f 370 477 369
f 370 476 477
f 397 449 450
f 397 398 449
f 371 475 476
f 371 476 370
f 396 397 450
f 396 450 451
f 372 475 371
f 372 474 475
f 395 396 451
f 395 451 452
f 373 473 474
f 373 474 372
f 394 395 452
f 374 472 473
f 374 473 373
f 393 452 453
f 393 394 452
f 375 471 472
f 375 472 374
f 392 393 453
f 392 453 454
f 392 454 455
f 376 471 375
f 376 470 471
f 391 455 456
f 391 392 455
f 377 469 470
f 377 470 376
f 390 391 456
f 378 469 377
f 378 468 469
f 389 390 456
f 389 456 457
f 389 457 458
f 379 468 378
f 379 467 468
f 388 389 458
f 380 467 379
f 380 466 467
f 387 458 459
f 387 388 458
f 381 466 380
f 381 465 466
f 386 459 460
f 386 387 459
f 382 465 381
f 382 464 465
f 385 386 460
f 385 460 461
f 385 461 462
f 383 464 382
f 383 463 464
f 384 385 462
f 384 463 383
f 384 462 463
f 528 634 713
f 529 528 713
f 529 713 712
f 530 529 712
f 530 712 711
f 531 530 711
f 531 711 710
f 532 531 710
f 532 710 709
f 533 532 709
f 533 709 708
f 534 533 708
f 534 708 707
f 535 534 707
f 535 707 706
f 536 535 706
f 536 706 705
f 537 536 705
f 537 705 704
f 538 537 704
f 538 704 703
f 539 538 703
f 539 703 702
f 540 539 702
f 540 702 701
f 541 701 700
f 541 540 701
f 542 700 699
f 542 541 700
f 543 699 698
f 543 542 699
f 544 698 697
f 544 543 698
f 545 697 696
f 545 544 697
f 546 696 695
f 546 545 696
f 547 695 694
f 547 546 695
f 548 694 693
f 548 547 694
f 549 548 693
f 549 693 692
f 550 549 692
f 550 692 691
f 551 550 691
f 551 691 690
f 552 551 690
f 552 690 689
f 553 552 689
f 553 689 688
f 554 553 688
f 554 688 687
f 555 554 687
f 555 687 686
f 556 555 686
f 556 686 685
f 557 556 685
f 557 685 684
f 558 557 684
f 558 684 683
f 559 558 683
f 559 683 682
f 560 559 682
f 560 682 681
f 561 560 681
f 561 681 680
f 562 680 679
f 562 561 680
f 563 679 678
f 563 562 679
f 564 678 677
f 564 563 678
f 565 677 676
f 565 564 677
f 566 676 675
f 566 565 676
f 567 675 674
f 567 566 675
f 568 674 673
f 568 567 674
f 569 673 672
f 569 568 673
f 570 672 671
f 570 569 672
f 571 671 670
f 571 570 671
f 572 670 669
f 572 571 670
f 573 669 668
f 573 572 669
f 574 668 667
f 574 573 668
f 575 667 666
f 575 574 667
f 576 575 666
f 576 666 665
f 577 576 665
f 577 665 664
f 578 577 664
f 578 664 663
f 579 578 663
f 579 663 662
f 580 579 662
f 580 662 661
f 581 580 661
f 581 661 660
f 582 660 659
f 582 581 660
f 583 659 658
f 583 582 659
f 584 658 657
f 584 583 658
f 585 657 656
f 585 584 657
f 586 656 655
f 586 585 656
f 587 655 654
f 587 586 655
f 588 654 653
f 588 587 654
f 589 653 652
f 589 588 653
f 590 652 651
f 590 589 652
f 591 651 650
f 591 590 651
f 592 650 649
f 592 591 650
f 593 649 648
f 593 592 649
f 594 648 647
f 594 593 648
f 595 647 646
f 595 594 647
f 596 646 645
f 596 595 646
f 597 645 644
f 597 596 645
f 598 644 643
f 598 597 644
f 599 643 642
f 599 598 643
f 600 599 642
f 600 642 641
f 601 600 641
f 601 641 640
f 602 640 639
f 602 601 640
f 603 639 638
f 603 602 639
f 604 638 637
f 604 603 638
f 605 637 636
f 605 604 637
f 606 636 635
f 606 605 636
f 607 635 740
f 607 606 635
f 608 740 739
f 608 607 740
f 609 739 738
f 609 608 739
f 610 738 737
f 610 609 738
f 611 737 736
f 611 610 737
f 612 736 735
f 612 611 736
f 613 735 734
f 613 612 735
f 614 734 733
f 614 613 734
f 615 733 732
f 615 614 733
f 616 732 731
f 616 615 732
f 617 731 730
f 617 616 731
f 618 617 730
f 618 730 729
f 619 618 729
f 619 729 728
f 620 619 728
f 620 728 727
f 621 620 727
f 621 727 726
f 622 621 726
f 622 726 725
f 623 725 724
f 623 622 725
f 624 724 723
f 624 623 724
f 625 624 723
f 625 723 722
f 626 625 722
f 626 722 721
f 627 626 721
f 627 721 720
f 628 627 720
f 628 720 719
f 629 628 719
f 629 719 718
f 630 629 718
f 630 718 717
f 631 630 717
f 631 717 716
f 632 631 716
f 632 716 715
f 633 632 715
f 633 715 714
f 864 823 863
f 862 863 823
f 865 823 864
f 861 862 823
f 866 823 865
f 860 861 823
f 867 823 866
f 859 860 823
f 868 823 867
f 858 859 823
f 869 823 868
f 857 858 823
f 870 823 869
f 856 857 823
f 871 823 870
f 855 856 823
f 872 823 871
f 854 855 823
f 873 823 872
f 853 854 823
f 874 823 873
f 852 853 823
f 875 823 874
f 851 852 823
f 876 823 875
f 850 851 823
f 877 823 876
f 849 850 823
f 848 849 823
f 847 848 823
f 846 847 823
f 845 846 823
f 822 877 878
f 822 878 879
f 822 879 880
f 822 880 881
f 822 881 882
f 822 823 877
f 822 882 883
f 822 883 884
f 822 884 885
f 822 885 886
f 822 886 887
f 822 887 888
f 822 888 889
f 822 889 890
f 822 890 891
f 822 891 892
f 822 892 893
f 822 893 894
f 822 894 895
f 822 895 896
f 822 896 897
f 822 897 898
f 822 898 899
f 822 899 900
f 822 900 901
f 822 901 902
f 822 902 903
f 822 903 904
f 822 904 905
f 822 905 906
f 822 906 907
f 822 907 908
f 822 908 909
f 755 823 754
f 753 754 823
f 756 823 755
f 752 753 823
f 757 823 756
f 751 752 823
f 758 823 757
f 750 751 823
f 759 823 758
f 759 845 823
f 749 750 823
f 760 844 845
f 760 845 759
f 748 749 823
f 761 843 844
f 761 844 760
f 747 748 823
f 762 842 843
f 762 843 761
f 746 747 823
f 763 841 842
f 763 842 762
f 745 746 823
f 764 841 763
f 764 840 841
f 744 745 823
f 765 840 764
f 765 839 840
f 743 744 823
f 766 839 765
f 766 838 839
f 767 838 766
f 767 837 838
f 768 837 767
f 768 836 837
f 769 836 768
f 769 835 836
f 770 835 769
f 770 834 835
f 771 834 770
f 771 833 834
f 772 833 771
f 772 832 833
f 773 832 772
f 773 831 832
f 774 831 773
f 774 830 831
f 775 830 774
f 775 829 830
f 776 829 775
f 776 828 829
f 777 828 776
f 777 827 828
f 778 827 777
f 778 826 827
f 779 826 778
f 779 825 826
f 780 825 779
f 780 824 825
f 781 824 780
f 781 928 824
f 782 928 781
f 782 927 928
f 783 926 927
f 783 927 782
f 784 925 926
f 784 926 783
f 785 924 925
f 785 925 784
f 821 785 786
f 821 786 787
f 821 787 788
f 821 788 789
f 821 789 790
f 821 790 791
f 821 791 792
f 821 792 793
f 821 793 794
f 821 794 795
f 821 795 796
f 821 796 797
f 821 822 909
f 821 797 798
f 821 798 799
f 821 799 800
f 821 800 801
f 821 801 802
f 821 802 803
f 821 803 804
f 821 804 805
f 821 805 806
f 821 806 807
f 821 807 808
f 821 909 910
f 821 808 809
f 821 910 911
f 821 809 810
f 821 911 912
f 821 810 811
f 821 912 913
f 821 811 812
f 821 913 914
f 821 812 813
f 821 914 915
f 821 813 814
f 821 915 916
f 821 814 815
f 821 916 917
f 821 815 816
f 821 917 918
f 821 918 919
f 821 919 920
f 821 920 921
f 821 921 922
f 821 922 923
f 821 923 924
f 821 924 785
f 820 821 819
f 819 821 818
f 818 821 817
f 817 821 816
f 823 741 742
f 823 742 743
f 957 943 944
f 957 944 945
f 957 945 946
f 957 946 947
f 957 947 948
f 957 948 949
f 957 949 950
f 957 950 951
f 957 951 952
f 957 952 953
f 957 953 954
f 942 943 957
f 941 942 957
f 940 941 957
f 939 940 957
f 938 939 957
f 937 938 957
f 936 937 957
f 935 936 957
f 934 935 957
f 933 934 957
f 956 957 955
f 955 957 954
f 957 929 930
f 957 930 931
f 957 931 932
f 957 932 933
f 961 962 959
f 958 961 959
f 960 961 958
f 965 964 963
f 965 966 964
f 974 972 973
f 967 974 975
f 968 974 967
f 971 968 969
f 971 969 970
f 971 972 968
f 968 972 974
f 989 990 976
f 988 989 976
f 987 988 976
f 984 987 976
f 985 986 987
f 985 987 984
f 981 982 983
f 981 983 980
f 977 979 980
f 977 983 984
f 977 984 976
f 977 980 983
f 978 979 977
f 992 991 1097
f 992 1097 1202
f 993 1202 1201
f 993 992 1202
f 994 1201 1200
f 994 993 1201
f 995 1200 1199
f 995 994 1200
f 996 1199 1198
f 996 995 1199
f 997 1198 1197
f 997 996 1198
f 998 1197 1196
f 998 997 1197
f 999 1196 1195
f 999 998 1196
f 1000 1195 1194
f 1000 999 1195
f 1001 1194 1193
f 1001 1000 1194
f 1002 1001 1193
f 1002 1193 1192
f 1003 1002 1192
f 1003 1192 1191
f 1004 1003 1191
f 1004 1191 1190
f 1005 1004 1190
f 1005 1190 1189
f 1006 1005 1189
f 1006 1189 1188
f 1007 1006 1188
f 1007 1188 1187
f 1008 1007 1187
f 1008 1187 1186
f 1009 1008 1186
f 1009 1186 1185
f 1010 1185 1184
f 1010 1009 1185
f 1011 1010 1184
f 1011 1184 1183
f 1012 1011 1183
f 1012 1183 1182
f 1013 1012 1182
f 1013 1182 1181
f 1014 1013 1181
f 1014 1181 1180
f 1015 1014 1180
f 1015 1180 1179
f 1016 1015 1179
f 1016 1179 1178
f 1017 1016 1178
f 1017 1178 1177
f 1018 1017 1177
f 1018 1177 1176
f 1019 1018 1176
f 1019 1176 1175
f 1020 1019 1175
f 1020 1175 1174
f 1021 1020 1174
f 1021 1174 1173
f 1022 1021 1173
f 1022 1173 1172
f 1023 1022 1172
f 1023 1172 1171
f 1024 1023 1171
f 1024 1171 1170
f 1025 1024 1170
f 1025 1170 1169
f 1026 1025 1169
f 1026 1169 1168
f 1027 1026 1168
f 1027 1168 1167
f 1028 1027 1167
f 1028 1167 1166
f 1029 1028 1166
f 1029 1166 1165
f 1030 1165 1164
f 1030 1029 1165
f 1031 1164 1163
f 1031 1030 1164
f 1032 1163 1162
f 1032 1031 1163
f 1033 1162 1161
f 1033 1032 1162
f 1034 1161 1160
f 1034 1033 1161
f 1035 1160 1159
f 1035 1034 1160
f 1036 1159 1158
f 1036 1035 1159
f 1037 1158 1157
f 1037 1036 1158
f 1038 1037 1157
f 1038 1157 1156
f 1039 1038 1156
f 1039 1156 1155
f 1040 1039 1155
f 1040 1155 1154
f 1041 1040 1154
f 1041 1154 1153
f 1042 1041 1153
f 1042 1153 1152
f 1043 1042 1152
f 1043 1152 1151
f 1044 1043 1151
f 1044 1151 1150
f 1045 1044 1150
f 1045 1150 1149
f 1046 1045 1149
f 1046 1149 1148
f 1047 1046 1148
f 1047 1148 1147
f 1048 1047 1147
f 1048 1147 1146
f 1049 1048 1146
f 1049 1146 1145
f 1050 1145 1144
f 1050 1049 1145
f 1051 1144 1143
f 1051 1050 1144
f 1052 1143 1142
f 1052 1051 1143
f 1053 1142 1141
f 1053 1052 1142
f 1054 1141 1140
f 1054 1053 1141
f 1055 1140 1139
f 1055 1054 1140
f 1056 1139 1138
f 1056 1055 1139
f 1057 1138 1137
f 1057 1056 1138
f 1058 1137 1136
f 1058 1057 1137
f 1059 1136 1135
f 1059 1058 1136
f 1060 1135 1134
f 1060 1059 1135
f 1061 1134 1133
f 1061 1060 1134
f 1062 1133 1132
f 1062 1061 1133
f 1063 1062 1132
f 1063 1132 1131
f 1064 1063 1131
f 1064 1131 1130
f 1065 1064 1130
f 1065 1130 1129
f 1066 1065 1129
f 1066 1129 1128
f 1067 1066 1128
f 1067 1128 1127
f 1068 1067 1127
f 1068 1127 1126
f 1069 1068 1126
f 1069 1126 1125
f 1070 1069 1125
f 1070 1125 1124
f 1071 1124 1123
f 1071 1070 1124
f 1072 1123 1122
f 1072 1071 1123
f 1073 1122 1121
f 1073 1072 1122
f 1074 1121 1120
f 1074 1073 1121
f 1075 1120 1119
f 1075 1074 1120
f 1076 1119 1118
f 1076 1075 1119
f 1077 1118 1117
f 1077 1076 1118
f 1078 1117 1116
f 1078 1077 1117
f 1079 1116 1115
f 1079 1078 1116
f 1080 1115 1114
f 1080 1079 1115
f 1081 1114 1113
f 1081 1080 1114
f 1082 1113 1112
f 1082 1081 1113
f 1083 1112 1111
f 1083 1082 1112
f 1084 1111 1110
f 1084 1083 1111
f 1085 1110 1109
f 1085 1084 1110
f 1086 1109 1108
f 1086 1085 1109
f 1087 1108 1107
f 1087 1086 1108
f 1088 1087 1107
f 1088 1107 1106
f 1089 1088 1106
f 1089 1106 1105
f 1090 1089 1105
f 1090 1105 1104
f 1091 1104 1103
f 1091 1090 1104
f 1092 1091 1103
f 1092 1103 1102
f 1093 1102 1101
f 1093 1092 1102
f 1094 1101 1100
f 1094 1093 1101
f 1095 1100 1099
f 1095 1094 1100
f 1096 1099 1098
f 1096 1095 1099
f 1213 1215 1214
f 1288 1289 1213
f 1290 1213 1289
f 1287 1288 1213
f 1291 1213 1290
f 1286 1287 1213
f 1292 1213 1291
f 1285 1286 1213
f 1293 1213 1292
f 1284 1285 1213
f 1294 1213 1293
f 1283 1284 1213
f 1295 1215 1213
f 1295 1213 1294
f 1282 1283 1213
f 1296 1215 1295
f 1281 1282 1213
f 1297 1215 1296
f 1280 1281 1213
f 1298 1215 1297
f 1279 1280 1213
f 1299 1215 1298
f 1278 1279 1213
f 1300 1215 1299
f 1277 1278 1213
f 1301 1215 1300
f 1276 1277 1213
f 1302 1215 1301
f 1275 1276 1213
f 1303 1215 1302
f 1274 1275 1213
f 1304 1215 1303
f 1273 1274 1213
f 1272 1273 1213
f 1271 1272 1213
f 1270 1271 1213
f 1269 1270 1213
f 1268 1269 1213
f 1267 1268 1213
f 1266 1267 1213
f 1212 1266 1213
f 1212 1260 1261
f 1212 1261 1262
f 1212 1262 1263
f 1212 1263 1264
f 1212 1264 1265
f 1212 1265 1266
f 1211 1260 1212
f 1211 1250 1251
f 1211 1251 1252
f 1211 1252 1253
f 1211 1253 1254
f 1211 1254 1255
f 1211 1255 1256
f 1211 1256 1257
f 1211 1257 1258
f 1211 1258 1259
f 1211 1259 1260
f 1210 1232 1233
f 1210 1233 1234
f 1210 1234 1235
f 1210 1235 1236
f 1210 1236 1237
f 1210 1237 1238
f 1210 1238 1239
f 1210 1239 1240
f 1210 1240 1241
f 1210 1241 1242
f 1210 1242 1243
f 1210 1243 1244
f 1210 1244 1245
f 1210 1245 1246
f 1210 1246 1247
f 1210 1247 1248
f 1210 1248 1249
f 1210 1249 1250
f 1210 1250 1211
f 1419 1313 1314
f 1419 1314 1315
f 1419 1315 1420
f 1421 1315 1316
f 1421 1316 1317
f 1421 1420 1315
f 1418 1312 1313
f 1418 1313 1419
f 1422 1421 1317
f 1417 1312 1418
f 1417 1311 1312
f 1423 1317 1318
f 1423 1422 1317
f 1416 1311 1417
f 1424 1318 1319
f 1424 1423 1318
f 1415 1310 1311
f 1415 1311 1416
f 1425 1319 1320
f 1425 1424 1319
f 1414 1309 1310
f 1414 1310 1415
f 1426 1320 1321
f 1426 1425 1320
f 1413 1308 1309
f 1413 1309 1414
f 1427 1321 1322
f 1427 1426 1321
f 1412 1307 1308
f 1412 1308 1413
f 1428 1322 1323
f 1428 1323 1324
f 1428 1427 1322
f 1411 1306 1307
f 1411 1307 1412
f 1429 1428 1324
f 1410 1305 1306
f 1410 1306 1411
f 1430 1324 1325
f 1430 1429 1324
f 1409 1304 1305
f 1409 1305 1410
f 1431 1325 1326
f 1431 1430 1325
f 1432 1326 1327
f 1432 1327 1223
f 1432 1431 1326
f 1328 1432 1223
f 1329 1223 1224
f 1329 1328 1223
f 1330 1224 1225
f 1330 1225 1226
f 1330 1329 1224
f 1331 1330 1226
f 1332 1226 1227
f 1332 1331 1226
f 1333 1227 1228
f 1333 1332 1227
f 1334 1228 1229
f 1334 1229 1230
f 1334 1333 1228
f 1335 1334 1230
f 1336 1335 1230
f 1336 1230 1231
f 1336 1231 1232
f 1337 1336 1232
f 1675 1209 1674
f 1673 1674 1209
f 1676 1209 1675
f 1672 1209 1208
f 1672 1673 1209
f 1677 1209 1676
f 1671 1672 1208
f 1678 1210 1209
f 1678 1209 1677
f 1218 1372 1371
f 1218 1373 1372
f 1218 1374 1373
f 1218 1375 1374
f 1218 1376 1375
f 1218 1377 1376
f 1218 1378 1377
f 1218 1379 1378
f 1218 1380 1379
f 1218 1381 1380
f 1218 1382 1381
f 1218 1383 1382
f 1218 1384 1383
f 1218 1385 1384
f 1218 1386 1385
f 1218 1387 1386
f 1218 1388 1387
f 1218 1389 1388
f 1218 1390 1389
f 1218 1391 1390
f 1218 1392 1391
f 1218 1393 1392
f 1218 1394 1393
f 1218 1395 1394
f 1218 1396 1395
f 1218 1397 1396
f 1218 1398 1397
f 1218 1399 1398
f 1218 1400 1399
f 1670 1671 1208
f 1679 1210 1678
f 1669 1670 1208
f 1680 1210 1679
f 1668 1669 1208
f 1681 1210 1680
f 1667 1668 1208
f 1682 1210 1681
f 1666 1667 1208
f 1683 1210 1682
f 1665 1666 1208
f 1684 1210 1683
f 1664 1665 1208
f 1685 1210 1684
f 1221 1337 1232
f 1221 1338 1337
f 1221 1339 1338
f 1221 1340 1339
f 1221 1341 1340
f 1221 1342 1341
f 1221 1343 1342
f 1221 1344 1343
f 1221 1345 1344
f 1221 1346 1345
f 1221 1347 1346
f 1221 1348 1347
f 1221 1349 1348
f 1221 1350 1349
f 1221 1351 1350
f 1221 1352 1351
f 1221 1353 1352
f 1221 1354 1353
f 1221 1355 1354
f 1221 1232 1210
f 1663 1208 1207
f 1663 1664 1208
f 1686 1210 1685
f 1662 1663 1207
f 1687 1210 1686
f 1688 1210 1687
f 1688 1221 1210
f 1689 1221 1688
f 1690 1221 1689
f 1691 1221 1690
f 1498 1499 1207
f 1500 1207 1499
f 1497 1498 1207
f 1501 1207 1500
f 1501 1661 1662
f 1501 1662 1207
f 1496 1497 1207
f 1502 1661 1501
f 1495 1496 1207
f 1503 1661 1502
f 1503 1660 1661
f 1494 1495 1207
f 1504 1660 1503
f 1493 1494 1207
f 1505 1660 1504
f 1505 1659 1660
f 1492 1493 1207
f 1506 1659 1505
f 1692 1221 1691
f 1507 1659 1506
f 1507 1658 1659
f 1508 1658 1507
f 1509 1658 1508
f 1509 1657 1658
f 1510 1657 1509
f 1511 1656 1657
f 1511 1657 1510
f 1693 1221 1692
f 1512 1656 1511
f 1206 1492 1207
f 1206 1486 1487
f 1206 1487 1488
f 1206 1488 1489
f 1206 1489 1490
f 1206 1490 1491
f 1206 1491 1492
f 1485 1486 1206
f 1513 1656 1512
f 1484 1485 1206
f 1514 1656 1513
f 1655 1656 1514
f 1483 1484 1206
f 1515 1655 1514
f 1694 1221 1693
f 1482 1483 1206
f 1516 1655 1515
f 1220 1355 1221
f 1220 1356 1355
f 1220 1357 1356
f 1220 1358 1357
f 1220 1359 1358
f 1220 1360 1359
f 1220 1361 1360
f 1220 1362 1361
f 1220 1363 1362
f 1220 1364 1363
f 1220 1365 1364
f 1481 1482 1206
f 1517 1655 1516
f 1654 1655 1517
f 1480 1481 1206
f 1518 1654 1517
f 1695 1221 1694
f 1479 1480 1206
f 1519 1654 1518
f 1478 1479 1206
f 1520 1654 1519
f 1477 1478 1206
f 1521 1654 1520
f 1696 1221 1695
f 1476 1477 1206
f 1475 1476 1206
f 1474 1475 1206
f 1697 1221 1696
f 1473 1474 1206
f 1472 1473 1206
f 1471 1472 1206
f 1470 1471 1206
f 1469 1470 1206
f 1468 1469 1206
f 1219 1365 1220
f 1219 1218 1371
f 1219 1366 1365
f 1219 1367 1366
f 1219 1368 1367
f 1219 1369 1368
f 1219 1370 1369
f 1219 1371 1370
f 1216 1405 1404
f 1216 1406 1405
f 1216 1407 1406
f 1216 1408 1407
f 1216 1409 1408
f 1216 1400 1218
f 1216 1304 1409
f 1216 1215 1304
f 1216 1401 1400
f 1216 1402 1401
f 1216 1403 1402
f 1216 1404 1403
f 1467 1468 1206
f 1466 1467 1206
f 1465 1466 1206
f 1464 1465 1206
f 1463 1464 1206
f 1462 1463 1206
f 1222 1221 1697
f 1222 1697 1698
f 1222 1698 1699
f 1222 1699 1700
f 1461 1462 1206
f 1701 1222 1700
f 1460 1461 1206
f 1552 1522 1523
f 1552 1523 1524
f 1552 1524 1525
f 1552 1525 1433
f 1459 1460 1206
f 1434 1552 1433
f 1702 1222 1701
f 1551 1434 1435
f 1551 1435 1436
f 1551 1552 1434
f 1703 1222 1702
f 1550 1551 1436
f 1550 1436 1437
f 1550 1437 1438
f 1550 1438 1439
f 1704 1222 1703
f 1549 1550 1439
f 1549 1439 1440
f 1549 1440 1441
f 1548 1549 1441
f 1548 1441 1442
f 1548 1442 1443
f 1548 1443 1444
f 1547 1444 1445
f 1547 1445 1446
f 1547 1548 1444
f 1546 1547 1446
f 1546 1446 1447
f 1546 1447 1448
f 1204 1707 1708
f 1204 1222 1704
f 1204 1704 1705
f 1204 1705 1706
f 1204 1706 1707
f 1545 1546 1448
f 1545 1448 1449
f 1709 1204 1708
f 1544 1545 1449
f 1544 1449 1450
f 1544 1450 1451
f 1710 1204 1709
f 1543 1544 1451
f 1543 1451 1452
f 1543 1452 1453
f 1711 1204 1710
f 1542 1543 1453
f 1542 1453 1454
f 1712 1204 1711
f 1541 1454 1455
f 1541 1542 1454
f 1540 1541 1455
f 1540 1455 1456
f 1203 1712 1713
f 1203 1204 1712
f 1645 1203 1713
f 1539 1540 1456
f 1643 1653 1644
f 1642 1653 1643
f 1641 1653 1642
f 1640 1653 1641
f 1640 1652 1653
f 1639 1652 1640
f 1638 1652 1639
f 1638 1651 1652
f 1553 1526 1527
f 1637 1651 1638
f 1554 1553 1527
f 1555 1554 1527
f 1636 1651 1637
f 1556 1555 1527
f 1635 1650 1651
f 1635 1651 1636
f 1557 1527 1528
f 1557 1556 1527
f 1634 1650 1635
f 1558 1557 1528
f 1633 1649 1650
f 1633 1650 1634
f 1559 1558 1528
f 1559 1528 1529
f 1632 1649 1633
f 1560 1559 1529
f 1631 1648 1649
f 1631 1649 1632
f 1561 1560 1529
f 1630 1648 1631
f 1562 1529 1530
f 1562 1561 1529
f 1629 1647 1648
f 1629 1648 1630
f 1563 1562 1530
f 1628 1647 1629
f 1564 1530 1531
f 1564 1563 1530
f 1627 1646 1647
f 1627 1647 1628
f 1565 1564 1531
f 1626 1646 1627
f 1566 1565 1531
f 1625 1645 1646
f 1625 1646 1626
f 1567 1531 1532
f 1567 1566 1531
f 1624 1203 1645
f 1624 1645 1625
f 1568 1567 1532
f 1623 1203 1624
f 1569 1532 1533
f 1569 1568 1532
f 1622 1203 1623
f 1570 1569 1533
f 1621 1203 1622
f 1571 1570 1533
f 1571 1533 1534
f 1620 1203 1621
f 1572 1571 1534
f 1572 1534 1535
f 1619 1203 1620
f 1573 1572 1535
f 1618 1203 1619
f 1574 1573 1535
f 1574 1535 1536
f 1617 1203 1618
f 1575 1574 1536
f 1616 1203 1617
f 1576 1536 1537
f 1576 1575 1536
f 1615 1203 1616
f 1577 1537 1538
f 1577 1576 1537
f 1578 1538 1539
f 1578 1577 1538
f 1579 1578 1539
f 1579 1539 1456
f 1580 1456 1457
f 1580 1579 1456
f 1205 1607 1606
f 1205 1608 1607
f 1205 1609 1608
f 1205 1610 1609
f 1205 1611 1610
f 1205 1612 1611
f 1205 1613 1612
f 1205 1614 1613
f 1205 1615 1614
f 1205 1203 1615
f 1205 1583 1582
f 1205 1584 1583
f 1205 1585 1584
f 1205 1586 1585
f 1205 1587 1586
f 1205 1588 1587
f 1205 1589 1588
f 1205 1590 1589
f 1205 1591 1590
f 1205 1592 1591
f 1205 1593 1592
f 1205 1594 1593
f 1205 1595 1594
f 1205 1596 1595
f 1205 1597 1596
f 1205 1598 1597
f 1205 1599 1598
f 1205 1600 1599
f 1205 1601 1600
f 1205 1602 1601
f 1205 1603 1602
f 1205 1604 1603
f 1205 1605 1604
f 1205 1606 1605
f 1217 1216 1218
f 1205 1459 1206
f 1205 1458 1459
f 1205 1457 1458
f 1205 1582 1457
f 1582 1581 1457
f 1581 1580 1457
f 1714 1717 1716
f 1715 1714 1716
f 1719 1721 1720
f 1719 1718 1721
f 1729 1723 1727
f 1728 1729 1727
f 1722 1726 1727
f 1722 1727 1723
f 1724 1725 1726
f 1724 1726 1722
f 1733 1730 1731
f 1733 1731 1732
f 1742 1740 1741
f 1735 1742 1734
f 1735 1740 1742
f 1737 1735 1736
f 1739 1737 1738
f 1739 1740 1735
f 1739 1735 1737
f 1820 1754 1821
f 1822 1821 1754
f 1819 1754 1820
f 1823 1822 1754
f 1818 1754 1819
f 1824 1823 1754
f 1817 1754 1818
f 1825 1824 1754
f 1816 1754 1817
f 1826 1825 1754
f 1815 1754 1816
f 1827 1826 1754
f 1814 1754 1815
f 1828 1827 1754
f 1813 1754 1814
f 1829 1828 1754
f 1812 1754 1813
f 1830 1829 1754
f 1811 1754 1812
f 1831 1830 1754
f 1832 1831 1754
f 1833 1832 1754
f 1834 1833 1754
f 1835 1834 1754
f 1836 1835 1754
f 1837 1836 1754
f 1838 1837 1754
f 1839 1838 1754
f 1840 1839 1754
f 1841 1840 1754
f 1842 1841 1754
f 1753 1783 1782
f 1753 1784 1783
f 1753 1785 1784
f 1753 1786 1785
f 1753 1787 1786
f 1753 1788 1787
f 1753 1789 1788
f 1753 1790 1789
f 1753 1791 1790
f 1753 1792 1791
f 1753 1793 1792
f 1753 1794 1793
f 1753 1795 1794
f 1753 1796 1795
f 1753 1797 1796
f 1753 1798 1797
f 1753 1799 1798
f 1753 1800 1799
f 1753 1801 1800
f 1753 1802 1801
f 1753 1803 1802
f 1753 1804 1803
f 1753 1805 1804
f 1753 1806 1805
f 1753 1807 1806
f 1753 1808 1807
f 1753 1809 1808
f 1752 1753 1782
f 1752 1763 1762
f 1752 1764 1763
f 1752 1765 1764
f 1752 1766 1765
f 1752 1767 1766
f 1752 1768 1767
f 1752 1769 1768
f 1752 1770 1769
f 1752 1771 1770
f 1752 1772 1771
f 1752 1773 1772
f 1752 1774 1773
f 1752 1775 1774
f 1752 1776 1775
f 1752 1777 1776
f 1752 1778 1777
f 1752 1779 1778
f 1752 1780 1779
f 1752 1781 1780
f 1752 1782 1781
f 1952 1847 1846
f 1952 1848 1847
f 1951 1952 1846
f 1953 1849 1848
f 1953 1848 1952
f 1950 1846 1845
f 1950 1951 1846
f 1954 1849 1953
f 1949 1844 1843
f 1949 1845 1844
f 1949 1950 1845
f 1955 1850 1849
f 1955 1849 1954
f 1948 1949 1843
f 1956 1851 1850
f 1956 1850 1955
f 1947 1754 1743
f 1947 1842 1754
f 1947 1948 1843
f 1947 1843 1842
f 1957 1852 1851
f 1957 1851 1956
f 1946 1947 1743
f 1958 1853 1852
f 1958 1852 1957
f 1945 1946 1743
f 1959 1854 1853
f 1959 1853 1958
f 1944 1945 1743
f 1960 1855 1854
f 1960 1854 1959
f 1943 1944 1743
f 1961 1856 1855
f 1961 1855 1960
f 1942 1943 1743
f 1962 1857 1856
f 1962 1856 1961
f 1941 1942 1743
f 1963 1858 1857
f 1963 1857 1962
f 1940 1941 1743
f 1964 1859 1858
f 1964 1858 1963
f 1939 1940 1743
f 1860 1756 1755
f 1860 1755 1859
f 1860 1859 1964
f 1938 1939 1743
f 1861 1756 1860
f 1937 1938 1743
f 1862 1757 1756
f 1862 1756 1861
f 1936 1937 1743
f 1863 1758 1757
f 1863 1759 1758
f 1863 1757 1862
f 1935 1936 1743
f 1864 1759 1863
f 1934 1935 1743
f 1865 1760 1759
f 1865 1759 1864
f 1933 1934 1743
f 1866 1761 1760
f 1866 1760 1865
f 1932 1933 1743
f 1867 1762 1761
f 1867 1761 1866
f 1931 1932 1743
f 1930 1931 1743
f 1929 1930 1743
f 1928 1929 1743
f 1927 1928 1743
f 1926 1927 1743
f 1925 1926 1743
f 1924 1925 1743
f 1923 1924 1743
f 1922 1923 1743
f 1921 1922 1743
f 1920 1921 1743
f 1919 1920 1743
f 1918 1919 1743
f 1917 1918 1743
f 1916 1917 1743
f 2135 1751 2136
f 2137 2136 1751
f 2134 1751 2135
f 2138 2137 1751
f 2133 1750 1751
f 2133 1751 2134
f 2139 1751 1752
f 2139 2138 1751
f 2132 1750 2133
f 2140 2139 1752
f 2131 1750 2132
f 2141 2140 1752
f 2130 1750 2131
f 2142 2141 1752
f 2129 1750 2130
f 2143 2142 1752
f 2128 1750 2129
f 2144 2143 1752
f 2127 1750 2128
f 2145 2144 1752
f 2126 1750 2127
f 2146 2145 1752
f 1745 1762 1867
f 1745 1867 1868
f 1745 1868 1869
f 1745 1869 1870
f 1745 1870 1871
f 1745 1871 1872
f 1745 1872 1873
f 1745 1873 1874
f 1745 1874 1875
f 1745 1875 1876
f 1745 1876 1877
f 1745 1877 1878
f 1745 1878 1879
f 1745 1879 1880
f 1745 1880 1881
f 1745 1881 1882
f 1745 1882 1883
f 1745 1883 1884
f 1745 1884 1885
f 1745 1885 1886
f 1745 1886 1887
f 1745 1752 1762
f 2125 1750 2126
f 2147 2146 1752
f 2124 1750 2125
f 2148 2147 1752
f 2123 1750 2124
f 2149 2148 1752
f 2149 1752 1745
f 2122 1750 2123
f 2150 2149 1745
f 2151 2150 1745
f 2152 2151 1745
f 2153 2152 1745
f 2154 2153 1745
f 2155 2154 1745
f 1744 1887 1888
f 1744 1888 1889
f 1744 1889 1890
f 1744 1890 1891
f 1744 1891 1892
f 1744 1892 1893
f 1744 1893 1894
f 1744 1894 1895
f 1744 1895 1896
f 1744 1896 1897
f 1744 1897 1898
f 1744 1898 1899
f 1744 1899 1900
f 1744 1900 1901
f 1744 1901 1902
f 1744 1745 1887
f 1744 1902 1903
f 1744 1903 1904
f 1744 1904 1905
f 1744 1905 1906
f 1744 1906 1907
f 1744 1907 1908
f 1744 1908 1909
f 1744 1909 1910
f 1744 1910 1911
f 1744 1911 1912
f 1744 1912 1913
f 1744 1913 1914
f 2031 2120 2119
f 2030 2120 2031
f 2032 2031 2119
f 2156 2155 1745
f 2029 2120 2030
f 2029 2121 2120
f 2033 2032 2119
f 2028 2121 2029
f 2034 2033 2119
f 2034 2119 2118
f 2027 1750 2122
f 2027 2121 2028
f 2027 2122 2121
f 2035 2034 2118
f 2026 1750 2027
f 2036 2035 2118
f 2025 1750 2026
f 2037 2036 2118
f 2037 2118 2117
f 2024 1750 2025
f 2038 2037 2117
f 2023 1750 2024
f 2039 2038 2117
f 2040 2117 2116
f 2040 2039 2117
f 2041 2040 2116
f 2042 2041 2116
f 2043 2042 2116
f 2044 2116 2115
f 2044 2043 2116
f 2045 2044 2115
f 2046 2045 2115
f 2157 2156 1745
f 2047 2046 2115
f 2048 2047 2115
f 2114 2048 2115
f 2049 2048 2114
f 2050 2049 2114
f 2051 2050 2114
f 2052 2051 2114
f 2158 2157 1745
f 2113 2053 2052
f 2113 2054 2053
f 2113 2055 2054
f 2113 2052 2114
f 2056 2055 2113
f 2057 2056 2113
f 1749 2002 2001
f 1749 2003 2002
f 1749 2004 2003
f 1749 2005 2004
f 1749 2006 2005
f 1749 2007 2006
f 1749 2008 2007
f 1749 2009 2008
f 1749 2010 2009
f 1749 2011 2010
f 1749 2012 2011
f 1749 2013 2012
f 1749 2014 2013
f 1749 2015 2014
f 1749 2016 2015
f 1749 2017 2016
f 1749 2018 2017
f 1749 2019 2018
f 1749 2020 2019
f 1749 2021 2020
f 1749 2022 2021
f 1749 2023 2022
f 1749 1750 2023
f 2000 1749 2001
f 1999 1749 2000
f 2112 2058 2057
f 2112 2059 2058
f 2112 2060 2059
f 2112 2061 2060
f 2112 2062 2061
f 2112 2057 2113
f 1998 1749 1999
f 1997 1749 1998
f 1996 1749 1997
f 1995 1749 1996
f 1994 1749 1995
f 1993 1749 1994
f 1992 1749 1993
f 1991 1749 1992
f 2111 2063 2062
f 2111 2064 2063
f 2111 2065 2064
f 2111 2066 2065
f 2111 2067 2066
f 2111 2062 2112
f 1990 1749 1991
f 1989 1749 1990
f 1988 1749 1989
f 1987 1749 1988
f 1986 1749 1987
f 2110 2067 2111
f 2110 1966 1965
f 2110 2068 2067
f 2110 2069 2068
f 2110 1965 2069
f 1746 2159 2158
f 1746 2160 2159
f 1746 2161 2160
f 1746 2158 1745
f 2162 2161 1746
f 2109 1967 1966
f 2109 1968 1967
f 2109 1969 1968
f 2109 1970 1969
f 2109 1966 2110
f 2163 2162 1746
f 2108 1970 2109
f 2108 1971 1970
f 2108 1972 1971
f 2108 1973 1972
f 2108 1974 1973
f 2164 2163 1746
f 2107 1975 1974
f 2107 1976 1975
f 2107 1977 1976
f 2107 1974 2108
f 2165 2164 1746
f 2106 1978 1977
f 2106 1979 1978
f 2106 1980 1979
f 2106 1977 2107
f 2105 1981 1980
f 2105 1982 1981
f 2105 1983 1982
f 2105 1980 2106
f 2104 1984 1983
f 2104 1985 1984
f 2104 1983 2105
f 2103 1985 2104
f 2103 1749 1986
f 2103 1986 1985
f 2102 1749 2103
f 1747 2166 2165
f 1747 2167 2166
f 1747 2168 2167
f 1747 2169 2168
f 1747 2165 1746
f 2170 2169 1747
f 2101 1749 2102
f 2171 2170 1747
f 2100 1749 2101
f 2172 2171 1747
f 2099 1749 2100
f 2173 2172 1747
f 2098 1749 2099
f 2174 2173 1747
f 2097 1749 2098
f 2070 2174 1747
f 2071 2070 1747
f 2266 2267 2080
f 2268 2080 2267
f 2265 2080 2079
f 2265 2266 2080
f 2269 2081 2080
f 2269 2080 2268
f 2264 2265 2079
f 2270 2081 2269
f 2263 2264 2079
f 2271 2081 2270
f 2262 2263 2079
f 2272 2081 2271
f 2261 2262 2079
f 2273 2081 2272
f 2260 2079 2078
f 2260 2261 2079
f 2274 2081 2273
f 2274 2082 2081
f 2259 2260 2078
f 2275 2082 2274
f 2258 2259 2078
f 2276 2082 2275
f 2257 2258 2078
f 2277 2082 2276
f 2256 2257 2078
f 2256 2078 2077
f 2278 2082 2277
f 2255 2256 2077
f 2279 2082 2278
f 2279 2083 2082
f 2254 2255 2077
f 2175 2083 2279
f 2253 2254 2077
f 2176 2083 2175
f 2252 2077 2076
f 2252 2253 2077
f 2177 2083 2176
f 2251 2252 2076
f 2178 2084 2083
f 2178 2083 2177
f 2250 2251 2076
f 2179 2084 2178
f 2249 2250 2076
f 2180 2084 2179
f 2248 2076 2075
f 2248 2249 2076
f 2181 2084 2180
f 2247 2248 2075
f 2182 2085 2084
f 2182 2084 2181
f 2246 2247 2075
f 2183 2085 2182
f 2245 2075 2074
f 2245 2246 2075
f 2184 2085 2183
f 2244 2245 2074
f 2185 2085 2184
f 2243 2074 2073
f 2243 2244 2074
f 2186 2086 2085
f 2186 2085 2185
f 2242 2243 2073
f 2187 2086 2186
f 2241 2242 2073
f 2188 2086 2187
f 2240 2073 2072
f 2240 2241 2073
f 2189 2087 2086
f 2189 2086 2188
f 2239 2240 2072
f 2190 2087 2189
f 2238 2072 2071
f 2238 2239 2072
f 2191 2088 2087
f 2191 2087 2190
f 2237 2238 2071
f 2237 2071 1747
f 2192 2088 2191
f 2236 2237 1747
f 2193 2088 2192
f 2235 2236 1747
f 2194 2088 2193
f 2194 2089 2088
f 2234 2235 1747
f 2195 2089 2194
f 2233 2234 1747
f 2196 2089 2195
f 2196 2090 2089
f 1748 2233 1747
f 1748 2091 2090
f 1748 2092 2091
f 1748 2093 2092
f 1748 2094 2093
f 1748 2095 2094
f 1748 2196 2197
f 1748 2197 2198
f 1748 2198 2199
f 1748 2199 2200
f 1748 2200 2201
f 1748 2201 2202
f 1748 2202 2203
f 1748 2203 2204
f 1748 2204 2205
f 1748 2205 2206
f 1748 2206 2207
f 1748 2207 2208
f 1748 2208 2209
f 1748 2209 2210
f 1748 2210 2211
f 1748 2211 2212
f 1748 2212 2213
f 1748 2213 2214
f 1748 2214 2215
f 1748 2215 2216
f 1748 2216 2217
f 1748 2217 2218
f 1748 2218 2219
f 1748 2219 2220
f 1748 2220 2221
f 1748 2221 2222
f 1748 2222 2223
f 1748 2223 2224
f 1748 2224 2225
f 1748 2225 2226
f 1748 2226 2227
f 1748 2090 2196
f 1748 2227 2228
f 1748 2228 2229
f 1748 2229 2230
f 1748 2230 2231
f 1748 2231 2232
f 1748 2232 2233
f 1743 1744 1914
f 1743 1914 1915
f 1743 1915 1916
f 1748 1749 2096
f 2096 1749 2097
f 1748 2096 2095
f 1753 1754 1809
f 1809 1754 1810
f 1810 1754 1811
f 2287 2286 2285
f 2280 2288 2287
f 2280 2287 2285
f 2282 2281 2280
f 2284 2283 2282
f 2284 2280 2285
f 2284 2282 2280
f 2292 2290 2289
f 2291 2290 2292
f 2299 2298 2297
f 2301 2300 2299
f 2293 2301 2299
f 2296 2294 2293
f 2296 2295 2294
f 2296 2293 2297
f 2293 2299 2297
f 2586 2587 2305
f 2585 2586 2305
f 2588 2305 2587
f 2589 2305 2588
f 2584 2585 2305
f 2590 2305 2589
f 2583 2584 2305
f 2591 2305 2590
f 2582 2583 2305
f 2592 2305 2591
f 2581 2582 2305
f 2593 2305 2592
f 2580 2581 2305
f 2594 2305 2593
f 2579 2580 2305
f 2595 2305 2594
f 2578 2579 2305
f 2577 2578 2305
f 2596 2305 2595
f 2597 2305 2596
f 2576 2577 2305
f 2598 2305 2597
f 2575 2576 2305
f 2599 2305 2598
f 2574 2575 2305
f 2573 2574 2305
f 2677 2573 2305
f 2676 2677 2305
f 2675 2676 2305
f 2674 2675 2305
f 2673 2674 2305
f 2672 2673 2305
f 2671 2672 2305
f 2670 2671 2305
f 2669 2670 2305
f 2481 2664 2665
f 2482 2663 2664
f 2482 2664 2481
f 2480 2665 2666
f 2480 2481 2665
f 2483 2663 2482
f 2479 2666 2667
f 2479 2480 2666
f 2484 2662 2663
f 2484 2663 2483
f 2478 2667 2668
f 2478 2479 2667
f 2485 2660 2661
f 2485 2661 2662
f 2485 2662 2484
f 2477 2669 2305
f 2477 2668 2669
f 2477 2478 2668
f 2486 2659 2660
f 2486 2660 2485
f 2487 2659 2486
f 2487 2658 2659
f 2488 2658 2487
f 2489 2656 2657
f 2489 2657 2658
f 2489 2658 2488
f 2490 2656 2489
f 2490 2655 2656
f 2491 2655 2490
f 2491 2654 2655
f 2304 2477 2305
f 2304 2471 2472
f 2304 2472 2473
f 2304 2473 2474
f 2304 2474 2475
f 2304 2475 2476
f 2304 2476 2477
f 2492 2654 2491
f 2470 2471 2304
f 2493 2654 2492
f 2493 2653 2654
f 2469 2470 2304
f 2494 2653 2493
f 2494 2652 2653
f 2468 2469 2304
f 2495 2652 2494
f 2495 2650 2651
f 2495 2651 2652
f 2572 2468 2304
f 2496 2650 2495
f 2496 2649 2650
f 2571 2572 2304
f 2497 2648 2649
f 2497 2649 2496
f 2570 2571 2304
f 2498 2648 2497
f 2498 2647 2648
f 2569 2570 2304
f 2499 2647 2498
f 2568 2569 2304
f 2500 2646 2647
f 2500 2647 2499
f 2567 2568 2304
f 2501 2646 2500
f 2501 2645 2646
f 2566 2567 2304
f 2502 2644 2645
f 2502 2645 2501
f 2565 2566 2304
f 2503 2643 2644
f 2503 2644 2502
f 2564 2565 2304
f 2504 2641 2642
f 2504 2642 2643
f 2504 2643 2503
f 2563 2564 2304
f 2505 2641 2504
f 2562 2563 2304
f 2506 2640 2641
f 2506 2641 2505
f 2561 2562 2304
f 2507 2639 2640
f 2507 2640 2506
f 2560 2561 2304
f 2559 2560 2304
f 2508 2639 2507
f 2508 2637 2638
f 2508 2638 2639
f 2558 2559 2304
f 2509 2636 2637
f 2509 2637 2508
f 2557 2558 2304
f 2510 2636 2509
f 2556 2557 2304
f 2555 2556 2304
f 2554 2555 2304
f 2553 2554 2304
f 2552 2553 2304
f 2551 2552 2304
f 2550 2551 2304
f 2549 2550 2304
f 2548 2549 2304
f 2322 2611 2612
f 2321 2612 2613
f 2321 2322 2612
f 2320 2613 2614
f 2320 2321 2613
f 2323 2610 2611
f 2323 2611 2322
f 2324 2609 2610
f 2324 2610 2323
f 2319 2614 2615
f 2319 2320 2614
f 2318 2615 2616
f 2318 2319 2615
f 2325 2608 2609
f 2325 2609 2324
f 2326 2607 2608
f 2326 2608 2325
f 2317 2616 2617
f 2317 2318 2616
f 2327 2606 2607
f 2327 2607 2326
f 2316 2617 2618
f 2316 2317 2617
f 2328 2605 2606
f 2328 2606 2327
f 2315 2316 2618
f 2315 2618 2619
f 2314 2619 2620
f 2314 2315 2619
f 2329 2604 2605
f 2329 2605 2328
f 2330 2603 2604
f 2330 2604 2329
f 2313 2314 2620
f 2313 2620 2621
f 2312 2621 2622
f 2312 2313 2621
f 2331 2602 2603
f 2331 2603 2330
f 2311 2312 2622
f 2311 2622 2623
f 2332 2602 2331
f 2332 2601 2602
f 2310 2623 2624
f 2310 2311 2623
f 2333 2601 2332
f 2309 2624 2625
f 2309 2310 2624
f 2308 2625 2626
f 2308 2309 2625
f 2387 2308 2626
f 2387 2626 2627
f 2386 2387 2627
f 2386 2627 2628
f 2385 2628 2629
f 2385 2386 2628
f 2384 2629 2630
f 2384 2385 2629
f 2383 2630 2631
f 2383 2384 2630
f 2382 2631 2632
f 2382 2383 2631
f 2381 2632 2633
f 2381 2382 2632
f 2380 2633 2634
f 2380 2381 2633
f 2379 2634 2635
f 2379 2380 2634
f 2378 2635 2636
f 2378 2379 2635
f 2377 2636 2510
f 2377 2378 2636
f 2403 2375 2402
f 2403 2374 2375
f 2401 2402 2375
f 2401 2375 2376
f 2404 2374 2403
f 2404 2372 2373
f 2404 2373 2374
f 2400 2377 2510
f 2400 2401 2376
f 2400 2376 2377
f 2405 2372 2404
f 2399 2510 2511
f 2399 2400 2510
f 2406 2372 2405
f 2406 2370 2371
f 2406 2371 2372
f 2398 2511 2512
f 2398 2399 2511
f 2407 2370 2406
f 2397 2512 2513
f 2397 2398 2512
f 2408 2369 2370
f 2408 2370 2407
f 2396 2513 2514
f 2396 2397 2513
f 2409 2368 2369
f 2409 2369 2408
f 2395 2514 2515
f 2395 2396 2514
f 2410 2367 2368
f 2410 2368 2409
f 2394 2515 2516
f 2394 2395 2515
f 2411 2366 2367
f 2411 2367 2410
f 2393 2516 2517
f 2393 2394 2516
f 2412 2365 2366
f 2412 2366 2411
f 2392 2393 2517
f 2392 2517 2518
f 2413 2365 2412
f 2413 2364 2365
f 2391 2518 2519
f 2391 2392 2518
f 2414 2364 2413
f 2414 2362 2363
f 2414 2363 2364
f 2390 2391 2519
f 2390 2519 2520
f 2415 2362 2414
f 2389 2520 2521
f 2389 2390 2520
f 2416 2362 2415
f 2416 2361 2362
f 2467 2389 2521
f 2467 2521 2522
f 2417 2361 2416
f 2417 2360 2361
f 2466 2467 2522
f 2466 2522 2523
f 2418 2360 2417
f 2418 2359 2360
f 2465 2523 2524
f 2465 2466 2523
f 2419 2359 2418
f 2419 2358 2359
f 2464 2524 2525
f 2464 2465 2524
f 2420 2358 2419
f 2420 2357 2358
f 2463 2525 2526
f 2463 2464 2525
f 2421 2357 2420
f 2421 2355 2356
f 2421 2356 2357
f 2462 2526 2527
f 2462 2463 2526
f 2422 2355 2421
f 2422 2354 2355
f 2461 2527 2528
f 2461 2462 2527
f 2423 2354 2422
f 2460 2528 2529
f 2460 2461 2528
f 2424 2354 2423
f 2424 2352 2353
f 2424 2353 2354
f 2459 2529 2530
f 2459 2460 2529
f 2425 2351 2352
f 2425 2352 2424
f 2458 2530 2531
f 2458 2459 2530
f 2426 2351 2425
f 2457 2531 2532
f 2457 2458 2531
f 2427 2351 2426
f 2427 2350 2351
f 2456 2457 2532
f 2456 2532 2533
f 2428 2348 2349
f 2428 2349 2350
f 2428 2350 2427
f 2455 2533 2534
f 2455 2456 2533
f 2429 2348 2428
f 2454 2455 2534
f 2454 2534 2535
f 2430 2346 2347
f 2430 2347 2348
f 2430 2348 2429
f 2453 2535 2536
f 2453 2454 2535
f 2431 2346 2430
f 2452 2453 2536
f 2432 2345 2346
f 2432 2346 2431
f 2433 2345 2432
f 2433 2344 2345
f 2434 2343 2344
f 2434 2344 2433
f 2435 2342 2343
f 2435 2343 2434
f 2436 2342 2435
f 2436 2341 2342
f 2437 2339 2340
f 2437 2340 2341
f 2437 2341 2436
f 2438 2339 2437
f 2302 2442 2303
f 2442 2546 2303
f 2442 2443 2546
f 2443 2545 2546
f 2443 2444 2545
f 2444 2544 2545
f 2444 2445 2544
f 2445 2543 2544
f 2445 2446 2543
f 2446 2542 2543
f 2446 2447 2542
f 2447 2541 2542
f 2447 2448 2541
f 2448 2540 2541
f 2448 2449 2540
f 2449 2539 2540
f 2449 2450 2539
f 2450 2538 2539
f 2450 2451 2538
f 2451 2537 2538
f 2451 2452 2537
f 2452 2536 2537
f 2303 2547 2304
f 2547 2548 2304
f 2305 2599 2306
f 2306 2334 2307
f 2306 2600 2334
f 2600 2333 2334
f 2600 2601 2333
f 2335 2441 2388
f 2335 2336 2441
f 2336 2440 2441
f 2336 2337 2440
f 2337 2338 2440
f 2338 2439 2440
f 2338 2339 2439
f 2339 2438 2439
f 2679 2682 2683
f 2679 2683 2684
f 2679 2684 2685
f 2679 2685 2686
f 2679 2686 2687
f 2679 2687 2688
f 2679 2688 2689
f 2679 2689 2690
f 2679 2690 2691
f 2679 2691 2692
f 2679 2692 2693
f 2694 2679 2693
f 2695 2679 2694
f 2696 2679 2695
f 2697 2679 2696
f 2698 2679 2697
f 2699 2679 2698
f 2700 2679 2699
f 2701 2679 2700
f 2702 2679 2701
f 2703 2679 2702
f 2678 2681 2679
f 2681 2682 2679
f 2679 2706 2680
f 2679 2705 2706
f 2679 2704 2705
f 2679 2703 2704
f 2710 2712 2711
f 2709 2712 2710
f 2707 2712 2709
f 2708 2707 2709
f 2910 2726 2727
f 2909 2727 2728
f 2909 2910 2727
f 2911 2725 2726
f 2911 2726 2910
f 2908 2728 2729
f 2908 2909 2728
f 2912 2724 2725
f 2912 2725 2911
f 2907 2729 2730
f 2907 2908 2729
f 2913 2723 2724
f 2913 2724 2912
f 2906 2730 2731
f 2906 2907 2730
f 2914 2722 2723
f 2914 2723 2913
f 2905 2906 2731
f 2905 2731 2732
f 2915 2721 2722
f 2915 2722 2914
f 2904 2905 2732
f 2916 2721 2915
f 2916 2720 2721
f 2903 2904 2732
f 2903 2732 2733
f 2917 2720 2916
f 2917 2719 2720
f 2902 2733 2734
f 2902 2903 2733
f 2918 2718 2719
f 2918 2719 2917
f 2901 2734 2735
f 2901 2902 2734
f 2919 2717 2718
f 2919 2718 2918
f 2900 2735 2736
f 2900 2736 2737
f 2900 2901 2735
f 2920 2716 2717
f 2920 2717 2919
f 2899 2737 2738
f 2899 2900 2737
f 2921 2715 2716
f 2921 2716 2920
f 2898 2738 2739
f 2898 2899 2738
f 2922 2714 2715
f 2922 2715 2921
f 2897 2898 2739
f 2818 2713 2714
f 2818 2714 2922
f 2896 2739 2740
f 2896 2897 2739
f 2819 2817 2713
f 2819 2713 2818
f 2895 2740 2741
f 2895 2741 2742
f 2895 2896 2740
f 2820 2816 2817
f 2820 2817 2819
f 2894 2895 2742
f 2894 2742 2743
f 2821 2815 2816
f 2821 2816 2820
f 2893 2743 2744
f 2893 2894 2743
f 2822 2814 2815
f 2822 2815 2821
f 2892 2744 2745
f 2892 2893 2744
f 2823 2813 2814
f 2823 2814 2822
f 2891 2892 2745
f 2824 2813 2823
f 2824 2812 2813
f 2890 2745 2746
f 2890 2746 2747
f 2890 2891 2745
f 2825 2812 2824
f 2825 2811 2812
f 2889 2890 2747
f 2889 2747 2748
f 2826 2811 2825
f 2826 2810 2811
f 2888 2748 2749
f 2888 2889 2748
f 2827 2810 2826
f 2827 2809 2810
f 2887 2888 2749
f 2828 2808 2809
f 2828 2809 2827
f 2886 2749 2750
f 2886 2750 2751
f 2886 2887 2749
f 2829 2808 2828
f 2829 2807 2808
f 2885 2886 2751
f 2830 2807 2829
f 2830 2806 2807
f 2752 2885 2751
f 2884 2885 2752
f 2831 2806 2830
f 2831 2805 2806
f 2832 2805 2831
f 2753 2884 2752
f 2753 2883 2884
f 2804 2805 2832
f 2754 2883 2753
f 2754 2882 2883
f 2803 2832 2833
f 2803 2804 2832
f 2755 2882 2754
f 2755 2881 2882
f 2802 2833 2834
f 2802 2834 2835
f 2802 2803 2833
f 2756 2881 2755
f 2756 2880 2881
f 2801 2835 2836
f 2801 2802 2835
f 2757 2879 2880
f 2757 2880 2756
f 2800 2801 2836
f 2758 2877 2878
f 2758 2878 2879
f 2758 2879 2757
f 2799 2836 2837
f 2799 2837 2838
f 2799 2800 2836
f 2759 2877 2758
f 2798 2838 2839
f 2798 2799 2838
f 2760 2877 2759
f 2760 2876 2877
f 2797 2839 2840
f 2797 2798 2839
f 2761 2876 2760
f 2761 2875 2876
f 2796 2840 2841
f 2796 2797 2840
f 2762 2875 2761
f 2762 2874 2875
f 2795 2841 2842
f 2795 2796 2841
f 2763 2873 2874
f 2763 2874 2762
f 2794 2795 2842
f 2764 2872 2873
f 2764 2873 2763
f 2793 2794 2842
f 2793 2842 2843
f 2793 2843 2844
f 2765 2872 2764
f 2765 2871 2872
f 2792 2793 2844
f 2766 2870 2871
f 2766 2871 2765
f 2791 2844 2845
f 2791 2792 2844
f 2767 2870 2766
f 2767 2869 2870
f 2790 2845 2846
f 2790 2846 2847
f 2790 2791 2845
f 2768 2868 2869
f 2768 2869 2767
f 2789 2790 2847
f 2769 2867 2868
f 2769 2868 2768
f 2788 2847 2848
f 2788 2848 2849
f 2788 2789 2847
f 2770 2867 2769
f 2770 2866 2867
f 2787 2849 2850
f 2787 2788 2849
f 2771 2865 2866
f 2771 2866 2770
f 2786 2787 2850
f 2772 2864 2865
f 2772 2865 2771
f 2785 2850 2851
f 2785 2786 2850
f 2773 2864 2772
f 2773 2863 2864
f 2784 2785 2851
f 2784 2851 2852
f 2774 2863 2773
f 2774 2862 2863
f 2783 2784 2852
f 2783 2852 2853
f 2775 2862 2774
f 2775 2861 2862
f 2782 2783 2853
f 2782 2853 2854
f 2782 2854 2855
f 2776 2861 2775
f 2776 2859 2860
f 2776 2860 2861
f 2781 2782 2855
f 2777 2859 2776
f 2780 2781 2855
f 2780 2855 2856
f 2780 2856 2857
f 2778 2859 2777
f 2778 2858 2859
f 2779 2780 2857
f 2779 2858 2778
f 2779 2857 2858
f 2925 2923 2924
f 2925 2926 2923
f 2929 2927 2928
f 2929 2930 2927
f 2933 2931 2932
f 2933 2934 2931
f 2937 2935 2936
f 2937 2938 2935
f 2940 2942 2941
f 2940 2939 2942
f 2944 2946 2945
f 2944 2943 2946
f 2948 2950 2949
f 2948 2947 2950
f 2953 2951 2952
f 2953 2954 2951
f 2958 2960 2959
f 2957 2960 2958
f 2955 2960 2957
f 2956 2955 2957
f 3179 3044 3043
f 3179 3045 3044
f 3179 3181 3180
f 3182 3109 3183
f 3182 3110 3109
f 3182 3111 3110
f 3184 3186 3185
f 3184 3185 3187
f 3072 3075 3071
f 3188 3189 3179
f 3188 3179 3043
f 3188 3042 3041
f 3188 3043 3042
f 3190 3112 3111
f 3190 3113 3112
f 3190 3111 3182
f 3191 3186 3184
f 3191 3183 3186
f 3192 3184 3187
f 3192 3189 3188
f 3192 3187 3189
f 3192 3040 3039
f 3192 3041 3040
f 3192 3188 3041
f 3193 3114 3113
f 3193 3115 3114
f 3193 3113 3190
f 3194 3183 3191
f 3069 3074 3070
f 3194 3182 3183
f 3195 3192 3039
f 3195 3191 3184
f 3195 3038 3037
f 3195 3039 3038
f 3195 3184 3192
f 3196 3116 3115
f 3196 3117 3116
f 3196 3115 3193
f 3197 3182 3194
f 3197 3190 3182
f 3198 3191 3195
f 3198 3036 3035
f 3198 3037 3036
f 3198 3195 3037
f 3199 3117 3196
f 3199 3118 3117
f 3199 3119 3118
f 3200 3193 3190
f 3200 3190 3197
f 3201 3194 3191
f 3201 3191 3198
f 3201 3198 3035
f 3201 3034 3033
f 3201 3035 3034
f 3202 3119 3199
f 3202 3120 3119
f 3202 3121 3120
f 3203 3199 3196
f 3203 3193 3200
f 3203 3196 3193
f 3204 3194 3201
f 3204 3197 3194
f 3204 3201 3033
f 3204 3032 3031
f 3204 3033 3032
f 3205 3121 3202
f 3205 3122 3121
f 3205 3123 3122
f 3206 3199 3203
f 3207 3200 3197
f 3207 3204 3031
f 3207 3030 3029
f 3207 3031 3030
f 3207 3197 3204
f 3208 3124 3123
f 3208 3125 3124
f 3208 3123 3205
f 3209 3199 3206
f 3209 3202 3199
f 3210 3206 3203
f 3210 3028 3027
f 3210 3029 3028
f 3210 3203 3200
f 3210 3200 3207
f 3210 3207 3029
f 3211 3125 3208
f 3211 3126 3125
f 3211 3127 3126
f 3212 3202 3209
f 3212 3205 3202
f 3213 3206 3210
f 3213 3026 3025
f 3213 3027 3026
f 3213 3210 3027
f 3214 3127 3211
f 3214 3128 3127
f 3215 3208 3205
f 3215 3205 3212
f 3216 3213 3025
f 3216 3209 3206
f 3216 3206 3213
f 3216 3024 3023
f 3216 3025 3024
f 3217 3128 3214
f 3217 3129 3128
f 3217 3130 3129
f 3218 3211 3208
f 3218 3208 3215
f 3219 3215 3212
f 3219 3216 3023
f 3219 3209 3216
f 3219 3022 3021
f 3219 3023 3022
f 3219 3212 3209
f 3220 3130 3217
f 3220 3131 3130
f 3220 3132 3131
f 3221 3211 3218
f 3221 3217 3214
f 3221 3214 3211
f 3222 3020 3019
f 3222 3219 3021
f 3222 3021 3020
f 3222 3215 3219
f 3223 3132 3220
f 3223 3133 3132
f 3223 3134 3133
f 3224 3217 3221
f 3225 3221 3218
f 3225 3222 3019
f 3225 3018 3017
f 3225 3019 3018
f 3225 3215 3222
f 3225 3218 3215
f 3226 3134 3223
f 3226 3135 3134
f 3226 3136 3135
f 3227 3220 3217
f 3227 3217 3224
f 3228 3221 3225
f 3228 3017 3016
f 3228 3225 3017
f 3229 3136 3226
f 3229 3137 3136
f 3229 3138 3137
f 3230 3226 3223
f 3230 3223 3220
f 3230 3220 3227
f 3231 3224 3221
f 3231 3015 3014
f 3231 3016 3015
f 3231 3228 3016
f 3231 3221 3228
f 3232 3138 3229
f 3232 3139 3138
f 3232 3140 3139
f 3233 3226 3230
f 3234 3013 3012
f 3234 3014 3013
f 3234 3231 3014
f 3234 3227 3224
f 3234 3224 3231
f 3235 3140 3232
f 3235 3141 3140
f 3235 3142 3141
f 3236 3226 3233
f 3236 3229 3226
f 3237 3227 3234
f 3237 3011 3010
f 3237 3012 3011
f 3237 3234 3012
f 3237 3230 3227
f 3238 3142 3235
f 3238 3143 3142
f 3238 3144 3143
f 3239 3229 3236
f 3239 3232 3229
f 3240 3233 3230
f 3240 3230 3237
f 3240 3009 3008
f 3240 3010 3009
f 3240 3237 3010
f 3241 3144 3238
f 3241 3145 3144
f 3241 3146 3145
f 3242 3238 3235
f 3242 3232 3239
f 3242 3235 3232
f 3243 3233 3240
f 3243 3007 3006
f 3243 3008 3007
f 3243 3240 3008
f 3243 3236 3233
f 3244 3146 3241
f 3244 3147 3146
f 3244 3148 3147
f 3245 3238 3242
f 3246 3236 3243
f 3246 3005 3004
f 3246 3006 3005
f 3246 3239 3236
f 3246 3243 3006
f 3247 3148 3244
f 3247 3149 3148
f 3247 3150 3149
f 3248 3238 3245
f 3248 3241 3238
f 3248 3244 3241
f 3249 3246 3004
f 3249 3239 3246
f 3249 3003 3002
f 3249 3004 3003
f 3249 3242 3239
f 3250 3150 3247
f 3250 3151 3150
f 3250 3152 3151
f 3251 3244 3248
f 3252 3242 3249
f 3252 3245 3242
f 3252 3001 3000
f 3252 3002 3001
f 3252 3249 3002
f 3253 3152 3250
f 3253 3153 3152
f 3253 3154 3153
f 3254 3250 3247
f 3254 3244 3251
f 3254 3247 3244
f 3255 3245 3252
f 3255 3248 3245
f 3255 2999 2998
f 3255 3000 2999
f 3255 3252 3000
f 3255 3251 3248
f 3256 3154 3253
f 3256 3155 3154
f 3256 3156 3155
f 3257 3250 3254
f 3258 3255 2998
f 3258 2997 2996
f 3258 2998 2997
f 3258 3251 3255
f 3259 3156 3256
f 3259 3157 3156
f 3259 3158 3157
f 3260 3250 3257
f 3260 3253 3250
f 3261 3258 2996
f 3261 2995 2994
f 3261 2996 2995
f 3261 3254 3251
f 3261 3251 3258
f 3262 3158 3259
f 3262 3159 3158
f 3262 3160 3159
f 3263 3256 3253
f 3263 3253 3260
f 3264 2993 2992
f 3264 2994 2993
f 3264 3261 2994
f 3264 3257 3254
f 3264 3254 3261
f 3265 3160 3262
f 3265 3161 3160
f 3265 3162 3161
f 3266 3259 3256
f 3266 3256 3263
f 3267 2991 2990
f 3267 2992 2991
f 3267 3260 3257
f 3267 3264 2992
f 3267 3263 3260
f 3267 3257 3264
f 3268 3163 3162
f 3268 3164 3163
f 3268 3162 3265
f 3269 3262 3259
f 3269 3259 3266
f 3270 3266 3263
f 3270 2989 2988
f 3270 2990 2989
f 3270 3267 2990
f 3270 3263 3267
f 3271 3165 3164
f 3271 3166 3165
f 3271 3164 3268
f 3272 3262 3269
f 3272 3265 3262
f 3273 3266 3270
f 3273 2987 2986
f 3273 2988 2987
f 3273 3270 2988
f 3273 3269 3266
f 3274 3167 3166
f 3274 3168 3167
f 3274 3166 3271
f 3275 3265 3272
f 3275 3271 3268
f 3275 3268 3265
f 3276 3269 3273
f 3276 2985 2984
f 3276 2986 2985
f 3276 3272 3269
f 3276 3273 2986
f 3277 3169 3168
f 3277 3170 3169
f 3277 3168 3274
f 3278 3271 3275
f 3279 2983 2982
f 3279 2984 2983
f 3279 3276 2984
f 3279 3272 3276
f 3280 3171 3170
f 3280 3172 3171
f 3280 3170 3277
f 3281 3271 3278
f 3281 3274 3271
f 3281 3277 3274
f 3282 3275 3272
f 3282 3279 2982
f 3282 2981 2980
f 3282 2982 2981
f 3282 3272 3279
f 3283 3173 3172
f 3283 3174 3173
f 3283 3172 3280
f 3284 3277 3281
f 3285 3282 2980
f 3285 2979 2978
f 3285 2980 2979
f 3285 3278 3275
f 3285 3281 3278
f 3285 3275 3282
f 3286 3174 3283
f 3286 3175 3174
f 3286 3176 3175
f 3287 3280 3277
f 3287 3277 3284
f 3288 3284 3281
f 3288 2977 2976
f 3288 2978 2977
f 3288 3281 3285
f 3288 3285 2978
f 3289 2963 2962
f 3289 3177 3176
f 3289 3178 3177
f 3289 2962 3178
f 3289 3176 3286
f 3290 3283 3280
f 3290 3280 3287
f 3290 3286 3283
f 3291 2975 2974
f 3291 2976 2975
f 3291 3288 2976
f 3291 3284 3288
f 3292 3289 3286
f 3292 3286 3290
f 3293 2973 2972
f 3293 2974 2973
f 3293 3291 2974
f 3293 3287 3284
f 3293 3284 3291
f 3294 2963 3289
f 3294 3289 3292
f 3295 2971 2970
f 3295 2972 2971
f 3295 3287 3293
f 3295 3290 3287
f 3295 3293 2972
f 3295 3292 3290
f 3296 2969 2968
f 3296 2970 2969
f 3296 3295 2970
f 3296 3294 3292
f 3296 3292 3295
f 3297 2964 2963
f 3297 2967 2966
f 3297 2968 2967
f 3297 2966 2964
f 3297 2963 3294
f 3297 3296 2968
f 3297 3294 3296
f 2962 2961 3178
f 2965 2964 2966
f 3298 3072 3073
f 3298 3076 3075
f 3298 3077 3076
f 3298 3075 3072
f 3299 3078 3077
f 3299 3079 3078
f 3299 3077 3298
f 3300 3079 3299
f 3300 3080 3079
f 3300 3081 3080
f 3301 3298 3073
f 3302 3082 3081
f 3302 3083 3082
f 3302 3081 3300
f 3303 3298 3301
f 3303 3299 3298
f 3304 3084 3083
f 3304 3085 3084
f 3304 3083 3302
f 3305 3299 3303
f 3305 3300 3299
f 3306 3068 3067
f 3306 3069 3068
f 3306 3073 3074
f 3306 3301 3073
f 3306 3074 3069
f 3307 3086 3085
f 3307 3087 3086
f 3307 3085 3304
f 3308 3302 3300
f 3308 3300 3305
f 3309 3301 3306
f 3309 3066 3065
f 3309 3067 3066
f 3309 3303 3301
f 3309 3306 3067
f 3310 3087 3307
f 3310 3088 3087
f 3310 3089 3088
f 3311 3302 3308
f 3311 3304 3302
f 3312 3064 3063
f 3312 3065 3064
f 3312 3305 3303
f 3312 3309 3065
f 3312 3303 3309
f 3313 3089 3310
f 3313 3090 3089
f 3313 3091 3090
f 3314 3307 3304
f 3314 3304 3311
f 3315 3062 3061
f 3315 3063 3062
f 3315 3308 3305
f 3315 3305 3312
f 3315 3312 3063
f 3316 3091 3313
f 3316 3092 3091
f 3316 3093 3092
f 3317 3310 3307
f 3317 3307 3314
f 3318 3314 3311
f 3318 3308 3315
f 3318 3311 3308
f 3318 3315 3061
f 3318 3060 3059
f 3318 3061 3060
f 3319 3093 3316
f 3319 3094 3093
f 3319 3095 3094
f 3320 3313 3310
f 3320 3310 3317
f 3321 3318 3059
f 3321 3314 3318
f 3321 3058 3057
f 3321 3059 3058
f 3322 3096 3095
f 3322 3097 3096
f 3322 3095 3319
f 3323 3316 3313
f 3323 3313 3320
f 3324 3314 3321
f 3324 3320 3317
f 3324 3317 3314
f 3324 3321 3057
f 3324 3056 3055
f 3324 3057 3056
f 3325 3098 3097
f 3325 3099 3098
f 3325 3097 3322
f 3326 3316 3323
f 3326 3319 3316
f 3327 3320 3324
f 3327 3324 3055
f 3327 3054 3053
f 3327 3055 3054
f 3328 3100 3099
f 3328 3101 3100
f 3328 3099 3325
f 3329 3319 3326
f 3329 3325 3322
f 3329 3322 3319
f 3330 3320 3327
f 3330 3327 3053
f 3330 3323 3320
f 3330 3052 3051
f 3330 3053 3052
f 3331 3102 3101
f 3331 3103 3102
f 3331 3101 3328
f 3180 3325 3329
f 3332 3330 3051
f 3332 3323 3330
f 3332 3326 3323
f 3332 3050 3049
f 3332 3051 3050
f 3185 3103 3331
f 3185 3104 3103
f 3185 3105 3104
f 3181 3325 3180
f 3181 3328 3325
f 3333 3326 3332
f 3333 3332 3049
f 3333 3180 3329
f 3333 3048 3047
f 3333 3049 3048
f 3333 3329 3326
f 3186 3106 3105
f 3186 3107 3106
f 3186 3105 3185
f 3189 3331 3328
f 3189 3328 3181
f 3334 3180 3333
f 3334 3333 3047
f 3334 3046 3045
f 3334 3047 3046
f 3183 3107 3186
f 3183 3108 3107
f 3183 3109 3108
f 3187 3185 3331
f 3187 3331 3189
f 3179 3180 3334
f 3179 3334 3045
f 3179 3189 3181
f 3553 3555 3554
f 3553 3554 3556
f 3557 3518 3558
f 3557 3516 3517
f 3557 3517 3518
f 3559 3561 3560
f 3559 3558 3562
f 3446 3552 3445
f 3559 3562 3561
f 3563 3553 3367
f 3563 3560 3564
f 3563 3367 3368
f 3563 3368 3369
f 3563 3555 3553
f 3563 3564 3555
f 3565 3516 3557
f 3565 3514 3515
f 3565 3515 3516
f 3566 3558 3559
f 3567 3369 3370
f 3567 3370 3371
f 3567 3563 3369
f 3567 3560 3563
f 3568 3514 3565
f 3568 3512 3513
f 3568 3513 3514
f 3569 3558 3566
f 3569 3557 3558
f 3341 3448 3340
f 3570 3567 3371
f 3570 3559 3560
f 3570 3371 3372
f 3570 3372 3373
f 3570 3560 3567
f 3571 3510 3511
f 3571 3511 3512
f 3571 3512 3568
f 3572 3565 3557
f 3572 3557 3569
f 3573 3570 3373
f 3573 3373 3374
f 3573 3374 3375
f 3573 3566 3559
f 3573 3559 3570
f 3574 3508 3509
f 3574 3509 3510
f 3574 3510 3571
f 3575 3568 3565
f 3575 3565 3572
f 3576 3573 3375
f 3576 3375 3376
f 3576 3376 3377
f 3576 3569 3566
f 3576 3566 3573
f 3577 3508 3574
f 3577 3506 3507
f 3577 3507 3508
f 3578 3571 3568
f 3578 3568 3575
f 3579 3575 3572
f 3579 3377 3378
f 3579 3378 3379
f 3579 3569 3576
f 3579 3576 3377
f 3579 3572 3569
f 3580 3506 3577
f 3580 3504 3505
f 3580 3505 3506
f 3581 3574 3571
f 3581 3571 3578
f 3582 3575 3579
f 3582 3379 3380
f 3582 3380 3381
f 3582 3579 3379
f 3583 3502 3503
f 3583 3503 3504
f 3583 3504 3580
f 3584 3574 3581
f 3584 3577 3574
f 3584 3580 3577
f 3585 3578 3575
f 3585 3582 3381
f 3585 3381 3382
f 3585 3382 3383
f 3585 3575 3582
f 3586 3502 3583
f 3586 3501 3502
f 3587 3580 3584
f 3588 3581 3578
f 3588 3578 3585
f 3588 3383 3384
f 3588 3384 3385
f 3588 3585 3383
f 3589 3501 3586
f 3589 3499 3500
f 3589 3500 3501
f 3590 3583 3580
f 3590 3586 3583
f 3590 3580 3587
f 3591 3385 3386
f 3591 3386 3387
f 3591 3584 3581
f 3591 3588 3385
f 3591 3581 3588
f 3591 3587 3584
f 3592 3497 3498
f 3592 3498 3499
f 3592 3499 3589
f 3593 3586 3590
f 3594 3590 3587
f 3594 3387 3388
f 3594 3388 3389
f 3594 3591 3387
f 3594 3587 3591
f 3595 3497 3592
f 3595 3495 3496
f 3595 3496 3497
f 3596 3589 3586
f 3596 3592 3589
f 3596 3586 3593
f 3597 3389 3390
f 3597 3390 3391
f 3597 3590 3594
f 3597 3594 3389
f 3598 3495 3595
f 3598 3493 3494
f 3598 3494 3495
f 3599 3592 3596
f 3600 3597 3391
f 3600 3593 3590
f 3600 3391 3392
f 3600 3392 3393
f 3600 3590 3597
f 3601 3491 3492
f 3601 3492 3493
f 3601 3493 3598
f 3602 3595 3592
f 3602 3592 3599
f 3603 3393 3394
f 3603 3600 3393
f 3603 3593 3600
f 3603 3596 3593
f 3604 3491 3601
f 3604 3489 3490
f 3604 3490 3491
f 3605 3598 3595
f 3605 3595 3602
f 3606 3603 3394
f 3606 3394 3395
f 3606 3395 3396
f 3606 3599 3596
f 3606 3596 3603
f 3607 3489 3604
f 3607 3487 3488
f 3607 3488 3489
f 3608 3601 3598
f 3608 3598 3605
f 3609 3606 3396
f 3609 3396 3397
f 3609 3397 3398
f 3609 3602 3599
f 3609 3599 3606
f 3610 3487 3607
f 3610 3485 3486
f 3610 3486 3487
f 3611 3607 3604
f 3611 3601 3608
f 3611 3604 3601
f 3612 3602 3609
f 3612 3398 3399
f 3612 3399 3400
f 3612 3605 3602
f 3612 3609 3398
f 3613 3483 3484
f 3613 3484 3485
f 3613 3485 3610
f 3614 3607 3611
f 3615 3605 3612
f 3615 3400 3401
f 3615 3401 3402
f 3615 3612 3400
f 3615 3608 3605
f 3616 3481 3482
f 3616 3482 3483
f 3616 3483 3613
f 3617 3607 3614
f 3617 3610 3607
f 3618 3615 3402
f 3618 3608 3615
f 3618 3614 3611
f 3618 3611 3608
f 3618 3402 3403
f 3618 3403 3404
f 3619 3481 3616
f 3619 3479 3480
f 3619 3480 3481
f 3620 3613 3610
f 3620 3610 3617
f 3620 3616 3613
f 3621 3618 3404
f 3621 3614 3618
f 3621 3404 3405
f 3621 3405 3406
f 3622 3477 3478
f 3622 3478 3479
f 3622 3479 3619
f 3623 3616 3620
f 3624 3617 3614
f 3624 3614 3621
f 3624 3621 3406
f 3624 3406 3407
f 3624 3407 3408
f 3625 3477 3622
f 3625 3475 3476
f 3625 3476 3477
f 3626 3619 3616
f 3626 3622 3619
f 3626 3616 3623
f 3627 3617 3624
f 3627 3624 3408
f 3627 3408 3409
f 3627 3409 3410
f 3627 3620 3617
f 3627 3623 3620
f 3628 3475 3625
f 3628 3473 3474
f 3628 3474 3475
f 3629 3622 3626
f 3630 3627 3410
f 3630 3623 3627
f 3630 3410 3411
f 3630 3411 3412
f 3631 3473 3628
f 3631 3471 3472
f 3631 3472 3473
f 3632 3625 3622
f 3632 3622 3629
f 3633 3630 3412
f 3633 3623 3630
f 3633 3412 3413
f 3633 3413 3414
f 3633 3626 3623
f 3634 3469 3470
f 3634 3470 3471
f 3634 3471 3631
f 3635 3628 3625
f 3635 3625 3632
f 3636 3629 3626
f 3636 3626 3633
f 3636 3633 3414
f 3636 3632 3629
f 3636 3414 3415
f 3636 3415 3416
f 3637 3467 3468
f 3637 3468 3469
f 3637 3469 3634
f 3638 3631 3628
f 3638 3628 3635
f 3638 3634 3631
f 3639 3636 3416
f 3639 3632 3636
f 3639 3416 3417
f 3639 3417 3418
f 3640 3467 3637
f 3640 3465 3466
f 3640 3466 3467
f 3641 3634 3638
f 3642 3639 3418
f 3642 3635 3632
f 3642 3418 3419
f 3642 3419 3420
f 3642 3632 3639
f 3643 3463 3464
f 3643 3464 3465
f 3643 3465 3640
f 3644 3640 3637
f 3644 3637 3634
f 3644 3634 3641
f 3645 3638 3635
f 3645 3641 3638
f 3645 3635 3642
f 3645 3642 3420
f 3645 3420 3421
f 3645 3421 3422
f 3646 3463 3643
f 3646 3461 3462
f 3646 3462 3463
f 3647 3640 3644
f 3648 3641 3645
f 3648 3645 3422
f 3648 3422 3423
f 3648 3423 3424
f 3649 3461 3646
f 3649 3459 3460
f 3649 3460 3461
f 3650 3640 3647
f 3650 3643 3640
f 3651 3644 3641
f 3651 3648 3424
f 3651 3647 3644
f 3651 3641 3648
f 3651 3424 3425
f 3651 3425 3426
f 3652 3459 3649
f 3652 3457 3458
f 3652 3458 3459
f 3653 3646 3643
f 3653 3643 3650
f 3654 3651 3426
f 3654 3647 3651
f 3654 3650 3647
f 3654 3426 3427
f 3654 3427 3428
f 3655 3455 3456
f 3655 3456 3457
f 3655 3457 3652
f 3656 3649 3646
f 3656 3646 3653
f 3657 3654 3428
f 3657 3650 3654
f 3657 3428 3429
f 3657 3429 3430
f 3658 3453 3454
f 3658 3454 3455
f 3658 3455 3655
f 3659 3652 3649
f 3659 3649 3656
f 3660 3657 3430
f 3660 3653 3650
f 3660 3650 3657
f 3660 3430 3431
f 3660 3431 3432
f 3661 3451 3452
f 3661 3452 3453
f 3661 3453 3658
f 3662 3652 3659
f 3662 3655 3652
f 3662 3658 3655
f 3663 3660 3432
f 3663 3656 3653
f 3663 3653 3660
f 3663 3659 3656
f 3663 3432 3433
f 3663 3433 3434
f 3664 3337 3336
f 3664 3449 3450
f 3664 3450 3451
f 3664 3451 3661
f 3664 3336 3449
f 3665 3661 3658
f 3665 3658 3662
f 3666 3659 3663
f 3666 3663 3434
f 3666 3434 3435
f 3666 3435 3436
f 3667 3661 3665
f 3668 3436 3437
f 3668 3437 3438
f 3668 3659 3666
f 3668 3662 3659
f 3668 3665 3662
f 3668 3666 3436
f 3669 3338 3337
f 3669 3337 3664
f 3669 3664 3661
f 3669 3661 3667
f 3670 3438 3439
f 3670 3439 3440
f 3670 3668 3438
f 3670 3667 3665
f 3670 3665 3668
f 3671 3440 3441
f 3671 3441 3442
f 3671 3670 3440
f 3671 3669 3667
f 3671 3667 3670
f 3672 3442 3443
f 3672 3443 3444
f 3672 3671 3442
f 3672 3444 3338
f 3672 3338 3669
f 3672 3669 3671
f 3336 3335 3449
f 3339 3338 3444
f 3673 3446 3447
f 3673 3550 3551
f 3673 3551 3552
f 3673 3552 3446
f 3674 3548 3549
f 3674 3549 3550
f 3674 3550 3673
f 3675 3546 3547
f 3675 3547 3548
f 3675 3548 3674
f 3676 3673 3447
f 3677 3544 3545
f 3677 3545 3546
f 3677 3546 3675
f 3678 3674 3673
f 3678 3673 3676
f 3679 3542 3543
f 3679 3543 3544
f 3679 3544 3677
f 3680 3674 3678
f 3680 3675 3674
f 3681 3341 3342
f 3681 3342 3343
f 3681 3447 3448
f 3681 3448 3341
f 3681 3676 3447
f 3682 3540 3541
f 3682 3541 3542
f 3682 3542 3679
f 3683 3675 3680
f 3683 3677 3675
f 3684 3343 3344
f 3684 3344 3345
f 3684 3678 3676
f 3684 3681 3343
f 3684 3680 3678
f 3684 3676 3681
f 3685 3538 3539
f 3685 3539 3540
f 3685 3540 3682
f 3686 3682 3679
f 3686 3679 3677
f 3686 3677 3683
f 3687 3680 3684
f 3687 3345 3346
f 3687 3346 3347
f 3687 3684 3345
f 3688 3536 3537
f 3688 3537 3538
f 3688 3538 3685
f 3689 3682 3686
f 3690 3347 3348
f 3690 3348 3349
f 3690 3687 3347
f 3690 3683 3680
f 3690 3680 3687
f 3691 3536 3688
f 3691 3534 3535
f 3691 3535 3536
f 3692 3685 3682
f 3692 3682 3689
f 3693 3349 3350
f 3693 3350 3351
f 3693 3686 3683
f 3693 3690 3349
f 3693 3689 3686
f 3693 3683 3690
f 3694 3532 3533
f 3694 3533 3534
f 3694 3534 3691
f 3695 3688 3685
f 3695 3685 3692
f 3696 3689 3693
f 3696 3351 3352
f 3696 3352 3353
f 3696 3693 3351
f 3697 3530 3531
f 3697 3531 3532
f 3697 3532 3694
f 3698 3691 3688
f 3698 3688 3695
f 3699 3353 3354
f 3699 3354 3355
f 3699 3689 3696
f 3699 3696 3353
f 3699 3692 3689
f 3700 3530 3697
f 3700 3528 3529
f 3700 3529 3530
f 3701 3694 3691
f 3701 3691 3698
f 3701 3697 3694
f 3702 3355 3356
f 3702 3356 3357
f 3702 3699 3355
f 3702 3692 3699
f 3702 3695 3692
f 3703 3528 3700
f 3703 3526 3527
f 3703 3527 3528
f 3704 3697 3701
f 3705 3698 3695
f 3705 3357 3358
f 3705 3358 3359
f 3705 3702 3357
f 3705 3695 3702
f 3706 3526 3703
f 3706 3524 3525
f 3706 3525 3526
f 3554 3697 3704
f 3554 3700 3697
f 3707 3698 3705
f 3707 3359 3360
f 3707 3360 3361
f 3707 3701 3698
f 3707 3705 3359
f 3561 3524 3706
f 3561 3522 3523
f 3561 3523 3524
f 3555 3703 3700
f 3555 3700 3554
f 3708 3361 3362
f 3708 3362 3363
f 3708 3554 3704
f 3708 3701 3707
f 3708 3704 3701
f 3708 3707 3361
f 3562 3522 3561
f 3562 3520 3521
f 3562 3521 3522
f 3564 3706 3703
f 3564 3703 3555
f 3556 3708 3363
f 3556 3363 3364
f 3556 3364 3365
f 3556 3554 3708
f 3558 3520 3562
f 3558 3518 3519
f 3558 3519 3520
f 3560 3561 3706
f 3560 3706 3564
f 3553 3556 3365
f 3553 3365 3366
f 3553 3366 3367
f 3936 3738 3737
f 3936 3736 3937
f 3938 3940 3939
f 3933 3710 3709
f 3938 3941 3940
f 3942 3944 3943
f 3942 3939 3944
f 3942 3943 3945
f 3942 3904 3903
f 3942 3905 3904
f 3942 3945 3905
f 3946 3739 3738
f 3946 3740 3739
f 3946 3738 3936
f 3947 3941 3938
f 3947 3937 3941
f 3948 3939 3942
f 3948 3942 3903
f 3948 3902 3901
f 3948 3903 3902
f 3949 3741 3740
f 3949 3742 3741
f 3949 3740 3946
f 3950 3937 3947
f 3950 3936 3937
f 3931 3935 3932
f 3951 3939 3948
f 3951 3938 3939
f 3951 3948 3901
f 3951 3900 3899
f 3951 3901 3900
f 3952 3743 3742
f 3952 3744 3743
f 3952 3742 3949
f 3953 3946 3936
f 3953 3936 3950
f 3954 3947 3938
f 3954 3938 3951
f 3954 3951 3899
f 3954 3950 3947
f 3954 3898 3897
f 3954 3899 3898
f 3955 3745 3744
f 3955 3746 3745
f 3955 3744 3952
f 3956 3949 3946
f 3956 3946 3953
f 3907 3908 3929
f 3957 3950 3954
f 3957 3954 3897
f 3957 3896 3895
f 3957 3897 3896
f 3958 3747 3746
f 3958 3748 3747
f 3958 3746 3955
f 3959 3955 3952
f 3959 3949 3956
f 3959 3952 3949
f 3960 3950 3957
f 3960 3894 3893
f 3960 3895 3894
f 3960 3957 3895
f 3960 3953 3950
f 3961 3749 3748
f 3961 3750 3749
f 3961 3748 3958
f 3962 3955 3959
f 3963 3960 3893
f 3963 3953 3960
f 3963 3892 3891
f 3963 3893 3892
f 3963 3956 3953
f 3964 3751 3750
f 3964 3752 3751
f 3964 3750 3961
f 3965 3958 3955
f 3965 3955 3962
f 3966 3963 3891
f 3966 3956 3963
f 3966 3959 3956
f 3966 3962 3959
f 3966 3890 3889
f 3966 3891 3890
f 3967 3752 3964
f 3967 3753 3752
f 3967 3754 3753
f 3968 3958 3965
f 3968 3961 3958
f 3968 3964 3961
f 3969 3966 3889
f 3969 3962 3966
f 3969 3888 3887
f 3969 3889 3888
f 3970 3755 3754
f 3970 3756 3755
f 3970 3754 3967
f 3971 3967 3964
f 3971 3964 3968
f 3972 3969 3887
f 3972 3965 3962
f 3972 3886 3885
f 3972 3887 3886
f 3972 3962 3969
f 3973 3757 3756
f 3973 3758 3757
f 3973 3756 3970
f 3974 3967 3971
f 3975 3968 3965
f 3975 3965 3972
f 3975 3972 3885
f 3975 3884 3883
f 3975 3885 3884
f 3976 3758 3973
f 3976 3759 3758
f 3976 3760 3759
f 3977 3967 3974
f 3977 3970 3967
f 3978 3971 3968
f 3978 3974 3971
f 3978 3975 3883
f 3978 3882 3881
f 3978 3883 3882
f 3978 3968 3975
f 3979 3760 3976
f 3979 3761 3760
f 3979 3762 3761
f 3980 3976 3973
f 3980 3973 3970
f 3980 3970 3977
f 3981 3974 3978
f 3981 3978 3881
f 3981 3880 3879
f 3981 3881 3880
f 3982 3762 3979
f 3982 3763 3762
f 3983 3979 3976
f 3983 3976 3980
f 3984 3977 3974
f 3984 3974 3981
f 3984 3981 3879
f 3984 3878 3877
f 3984 3879 3878
f 3985 3764 3763
f 3985 3765 3764
f 3985 3763 3982
f 3986 3979 3983
f 3987 3984 3877
f 3987 3980 3977
f 3987 3977 3984
f 3987 3876 3875
f 3987 3877 3876
f 3988 3765 3985
f 3988 3766 3765
f 3988 3767 3766
f 3989 3985 3982
f 3989 3979 3986
f 3989 3982 3979
f 3905 3928 3906
f 3990 3987 3875
f 3990 3986 3983
f 3990 3874 3873
f 3990 3875 3874
f 3990 3983 3980
f 3990 3980 3987
f 3991 3767 3988
f 3991 3768 3767
f 3991 3769 3768
f 3992 3985 3989
f 3993 3872 3871
f 3993 3873 3872
f 3993 3990 3873
f 3993 3986 3990
f 3994 3769 3991
f 3994 3770 3769
f 3994 3771 3770
f 3995 3988 3985
f 3995 3985 3992
f 3996 3993 3871
f 3996 3989 3986
f 3996 3870 3869
f 3996 3871 3870
f 3996 3986 3993
f 3996 3992 3989
f 3997 3771 3994
f 3997 3772 3771
f 3997 3773 3772
f 3998 3991 3988
f 3998 3988 3995
f 3999 3996 3869
f 3999 3868 3867
f 3999 3869 3868
f 3999 3992 3996
f 4000 3773 3997
f 4000 3774 3773
f 4000 3775 3774
f 4001 3997 3994
f 4001 3994 3991
f 4001 3991 3998
f 4002 3992 3999
f 4002 3999 3867
f 4002 3995 3992
f 4002 3866 3865
f 4002 3867 3866
f 4003 3776 3775
f 4003 3777 3776
f 4003 3775 4000
f 4004 3997 4001
f 4005 4002 3865
f 4005 3995 4002
f 4005 3864 3863
f 4005 3865 3864
f 4005 3998 3995
f 4006 3777 4003
f 4006 3778 3777
f 4006 3779 3778
f 4007 4000 3997
f 4007 3997 4004
f 4008 4001 3998
f 4008 3998 4005
f 4008 4005 3863
f 4008 3862 3861
f 4008 3863 3862
f 4009 3780 3779
f 4009 3781 3780
f 4009 3779 4006
f 4010 4000 4007
f 4010 4006 4003
f 4010 4003 4000
f 4011 4004 4001
f 4011 4007 4004
f 4011 4008 3861
f 4011 3860 3859
f 4011 3861 3860
f 4011 4001 4008
f 4012 3781 4009
f 4012 3782 3781
f 4012 3783 3782
f 4013 4006 4010
f 4014 4007 4011
f 4014 3858 3857
f 4014 4011 3859
f 4014 3859 3858
f 4015 3783 4012
f 4015 3784 3783
f 4015 3785 3784
f 4016 4006 4013
f 4016 4009 4006
f 4017 4013 4010
f 4017 3856 3855
f 4017 3857 3856
f 4017 4007 4014
f 4017 4014 3857
f 4017 4010 4007
f 4018 3786 3785
f 4018 3787 3786
f 4018 3785 4015
f 4019 4012 4009
f 4019 4009 4016
f 4020 4017 3855
f 4020 3854 3853
f 4020 3855 3854
f 4020 4013 4017
f 4021 3787 4018
f 4021 3788 3787
f 4021 3789 3788
f 4022 4012 4019
f 4022 4015 4012
f 4023 4020 3853
f 4023 3852 3851
f 4023 3853 3852
f 4023 4016 4013
f 4023 4013 4020
f 4024 3789 4021
f 4024 3790 3789
f 4024 3791 3790
f 4025 4018 4015
f 4025 4015 4022
f 4026 3850 3849
f 4026 3851 3850
f 4026 4023 3851
f 4026 4019 4016
f 4026 4016 4023
f 4027 3791 4024
f 4027 3792 3791
f 4027 3793 3792
f 4028 4021 4018
f 4028 4018 4025
f 4029 3848 3847
f 4029 3849 3848
f 4029 4022 4019
f 4029 4026 3849
f 4029 4019 4026
f 4030 3793 4027
f 4030 3794 3793
f 4030 3795 3794
f 4031 4021 4028
f 4031 4024 4021
f 4032 4028 4025
f 4032 4025 4022
f 4032 3846 3845
f 4032 3847 3846
f 4032 4022 4029
f 4032 4029 3847
f 4033 3795 4030
f 4033 3796 3795
f 4033 3797 3796
f 4034 4024 4031
f 4034 4027 4024
f 4035 4028 4032
f 4035 3844 3843
f 4035 3845 3844
f 4035 4031 4028
f 4035 4032 3845
f 4036 3797 4033
f 4036 3798 3797
f 4036 3799 3798
f 4037 4027 4034
f 4037 4030 4027
f 4038 4035 3843
f 4038 4031 4035
f 4038 3842 3841
f 4038 3843 3842
f 4039 3799 4036
f 4039 3800 3799
f 4039 3801 3800
f 4040 4030 4037
f 4040 4033 4030
f 4041 4031 4038
f 4041 4038 3841
f 4041 3840 3839
f 4041 3841 3840
f 4041 4034 4031
f 4041 4037 4034
f 4042 3801 4039
f 4042 3802 3801
f 4042 3803 3802
f 4043 4036 4033
f 4043 4033 4040
f 4044 3838 3837
f 4044 3839 3838
f 4044 4037 4041
f 4044 4040 4037
f 4044 4041 3839
f 4045 3803 4042
f 4045 3804 3803
f 4045 3805 3804
f 4046 4039 4036
f 4046 4036 4043
f 4047 4044 3837
f 4047 3836 3835
f 4047 3837 3836
f 4047 4040 4044
f 4048 3805 4045
f 4048 3806 3805
f 4048 3807 3806
f 4049 4042 4039
f 4049 4039 4046
f 4050 3834 3833
f 4050 3835 3834
f 4050 4047 3835
f 4050 4043 4040
f 4050 4046 4043
f 4050 4040 4047
f 4051 3807 4048
f 4051 3808 3807
f 4051 3809 3808
f 4052 4045 4042
f 4052 4042 4049
f 4053 3832 3831
f 4053 3833 3832
f 4053 4050 3833
f 4053 4049 4046
f 4053 4046 4050
f 4054 3810 3809
f 4054 3811 3810
f 4054 3809 4051
f 4055 4045 4052
f 4055 4048 4045
f 4056 3830 3829
f 4056 3831 3830
f 4056 4049 4053
f 4056 4053 3831
f 4057 3812 3811
f 4057 3813 3812
f 4057 3815 3813
f 4057 3811 4054
f 4058 4051 4048
f 4058 4054 4051
f 4058 4048 4055
f 4059 3828 3827
f 4059 3829 3828
f 4059 4056 3829
f 4059 4055 4052
f 4059 4052 4049
f 4059 4049 4056
f 4060 4054 4058
f 4061 3826 3825
f 4061 3827 3826
f 4061 4055 4059
f 4061 4059 3827
f 4062 3816 3815
f 4062 3815 4057
f 4062 4057 4054
f 4062 4054 4060
f 4063 3824 3823
f 4063 3825 3824
f 4063 4058 4055
f 4063 4061 3825
f 4063 4055 4061
f 4063 4060 4058
f 4064 4060 4063
f 4064 3822 3821
f 4064 3823 3822
f 4064 4063 3823
f 4064 4062 4060
f 4065 3817 3816
f 4065 4062 4064
f 4065 3820 3819
f 4065 3821 3820
f 4065 3819 3817
f 4065 4064 3821
f 4065 3816 4062
f 3815 3814 3813
f 3818 3817 3819
f 4066 3711 3710
f 4066 3712 3711
f 4066 3710 3933
f 4067 3713 3712
f 4067 3714 3713
f 4067 3712 4066
f 4068 3715 3714
f 4068 3716 3715
f 4068 3714 4067
f 4069 3933 3934
f 4069 4066 3933
f 4070 3717 3716
f 4070 3718 3717
f 4070 3716 4068
f 4071 4067 4066
f 4071 4066 4069
f 4072 3719 3718
f 4072 3720 3719
f 4072 3718 4070
f 4073 4068 4067
f 4073 4067 4071
f 4074 3930 3929
f 4074 3931 3930
f 4074 3934 3935
f 4074 4069 3934
f 4074 3929 3908
f 4074 3935 3931
f 4075 3721 3720
f 4075 3722 3721
f 4075 3720 4072
f 4076 4070 4068
f 4076 4068 4073
f 4077 4069 4074
f 4077 4071 4069
f 4077 4074 3908
f 4077 3908 3909
f 4077 3909 3910
f 4078 3723 3722
f 4078 3724 3723
f 4078 3722 4075
f 4079 4070 4076
f 4079 4072 4070
f 4080 3911 3912
f 4080 4077 3910
f 4080 4073 4071
f 4080 4071 4077
f 4080 3910 3911
f 4081 3725 3724
f 4081 3726 3725
f 4081 3724 4078
f 4082 4075 4072
f 4082 4078 4075
f 4082 4072 4079
f 4083 3912 3913
f 4083 3913 3914
f 4083 4073 4080
f 4083 4076 4073
f 4083 4080 3912
f 4084 3727 3726
f 4084 3728 3727
f 4084 3726 4081
f 4085 4078 4082
f 4086 3914 3915
f 4086 3915 3916
f 4086 3916 3917
f 4086 4083 3914
f 4086 4079 4076
f 4086 4076 4083
f 4087 3729 3728
f 4087 3730 3729
f 4087 3728 4084
f 4088 4081 4078
f 4088 4078 4085
f 4089 3917 3918
f 4089 3918 3919
f 4089 3919 3920
f 4089 4079 4086
f 4089 4082 4079
f 4089 4086 3917
f 4089 4085 4082
f 3940 3731 3730
f 3940 3732 3731
f 3940 3730 4087
f 3943 4084 4081
f 3943 4081 4088
f 4090 4089 3920
f 4090 3920 3921
f 4090 3921 3922
f 4090 3922 3923
f 4090 3923 3924
f 4090 4085 4089
f 3941 3733 3732
f 3941 3734 3733
f 3941 3732 3940
f 3944 3940 4087
f 3944 4084 3943
f 3944 4087 4084
f 4091 3924 3925
f 4091 3925 3926
f 4091 4085 4090
f 4091 4088 4085
f 4091 3943 4088
f 4091 4090 3924
f 3937 3734 3941
f 3937 3735 3734
f 3937 3736 3735
f 3939 3940 3944
f 3945 3926 3927
f 3945 3927 3928
f 3945 4091 3926
f 3945 3928 3905
f 3945 3943 4091
f 3936 3737 3736
f 4092 4199 4198
f 4093 4200 4199
f 4093 4199 4092
f 4094 4201 4200
f 4094 4200 4093
f 4095 4202 4201
f 4095 4201 4094
f 4096 4203 4202
f 4096 4202 4095
f 4097 4204 4203
f 4097 4203 4096
f 4098 4205 4204
f 4098 4204 4097
f 4099 4206 4205
f 4099 4205 4098
f 4100 4207 4206
f 4100 4208 4207
f 4100 4206 4099
f 4101 4209 4208
f 4101 4210 4209
f 4101 4211 4210
f 4101 4212 4211
f 4101 4208 4100
f 4102 4213 4212
f 4102 4214 4213
f 4102 4215 4214
f 4102 4216 4215
f 4102 4212 4101
f 4103 4216 4102
f 4103 4217 4216
f 4103 4218 4217
f 4103 4219 4218
f 4103 4220 4219
f 4104 4220 4103
f 4104 4221 4220
f 4104 4222 4221
f 4104 4223 4222
f 4104 4224 4223
f 4104 4225 4224
f 4105 4226 4225
f 4105 4227 4226
f 4105 4228 4227
f 4105 4225 4104
f 4106 4229 4228
f 4106 4228 4105
f 4107 4229 4106
f 4107 4230 4229
f 4108 4231 4230
f 4108 4230 4107
f 4109 4232 4231
f 4109 4231 4108
f 4110 4233 4232
f 4110 4232 4109
f 4111 4234 4233
f 4111 4233 4110
f 4112 4235 4234
f 4112 4234 4111
f 4113 4236 4235
f 4113 4235 4112
f 4114 4237 4236
f 4114 4236 4113
f 4115 4238 4237
f 4115 4237 4114
f 4116 4239 4238
f 4116 4238 4115
f 4117 4240 4239
f 4117 4239 4116
f 4118 4241 4240
f 4118 4240 4117
f 4119 4242 4241
f 4119 4241 4118
f 4120 4243 4242
f 4120 4242 4119
f 4121 4244 4243
f 4121 4243 4120
f 4122 4245 4244
f 4122 4244 4121
f 4123 4245 4122
f 4123 4246 4245
f 4124 4246 4123
f 4124 4247 4246
f 4125 4247 4124
f 4125 4248 4247
f 4126 4248 4125
f 4126 4249 4248
f 4127 4249 4126
f 4127 4250 4249
f 4128 4250 4127
f 4128 4251 4250
f 4129 4251 4128
f 4129 4252 4251
f 4130 4252 4129
f 4130 4253 4252
f 4131 4253 4130
f 4131 4254 4253
f 4132 4254 4131
f 4132 4255 4254
f 4132 4256 4255
f 4132 4257 4256
f 4133 4257 4132
f 4133 4258 4257
f 4133 4259 4258
f 4133 4260 4259
f 4133 4261 4260
f 4134 4261 4133
f 4134 4262 4261
f 4134 4263 4262
f 4134 4264 4263
f 4134 4265 4264
f 4134 4266 4265
f 4135 4266 4134
f 4135 4267 4266
f 4135 4268 4267
f 4135 4269 4268
f 4135 4270 4269
f 4135 4271 4270
f 4135 4272 4271
f 4136 4272 4135
f 4136 4273 4272
f 4136 4274 4273
f 4136 4275 4274
f 4136 4276 4275
f 4137 4276 4136
f 4137 4277 4276
f 4138 4278 4277
f 4138 4277 4137
f 4139 4278 4138
f 4139 4279 4278
f 4140 4279 4139
f 4140 4280 4279
f 4141 4280 4140
f 4141 4281 4280
f 4142 4281 4141
f 4142 4282 4281
f 4143 4282 4142
f 4143 4283 4282
f 4144 4283 4143
f 4144 4284 4283
f 4145 4284 4144
f 4145 4285 4284
f 4146 4285 4145
f 4146 4286 4285
f 4147 4286 4146
f 4147 4287 4286
f 4148 4287 4147
f 4148 4288 4287
f 4149 4288 4148
f 4149 4289 4288
f 4150 4289 4149
f 4150 4290 4289
f 4151 4290 4150
f 4151 4291 4290
f 4152 4291 4151
f 4152 4292 4291
f 4153 4292 4152
f 4153 4293 4292
f 4154 4294 4293
f 4154 4293 4153
f 4155 4295 4294
f 4155 4294 4154
f 4156 4296 4295
f 4156 4295 4155
f 4157 4297 4296
f 4157 4296 4156
f 4158 4298 4297
f 4158 4297 4157
f 4159 4299 4298
f 4159 4298 4158
f 4160 4300 4299
f 4160 4299 4159
f 4161 4301 4300
f 4161 4300 4160
f 4162 4302 4301
f 4162 4301 4161
f 4163 4303 4302
f 4163 4302 4162
f 4164 4304 4303
f 4164 4303 4163
f 4165 4304 4164
f 4165 4305 4304
f 4166 4305 4165
f 4166 4306 4305
f 4167 4306 4166
f 4167 4307 4306
f 4168 4307 4167
f 4168 4308 4307
f 4169 4309 4308
f 4169 4308 4168
f 4170 4310 4309
f 4170 4309 4169
f 4171 4311 4310
f 4171 4310 4170
f 4172 4312 4311
f 4172 4311 4171
f 4173 4313 4312
f 4173 4312 4172
f 4174 4314 4313
f 4174 4313 4173
f 4175 4315 4314
f 4175 4314 4174
f 4176 4316 4315
f 4176 4315 4175
f 4177 4317 4316
f 4177 4316 4176
f 4178 4318 4317
f 4178 4317 4177
f 4179 4319 4318
f 4179 4318 4178
f 4180 4320 4319
f 4180 4319 4179
f 4181 4321 4320
f 4181 4320 4180
f 4182 4322 4321
f 4182 4321 4181
f 4183 4323 4322
f 4183 4322 4182
f 4184 4324 4323
f 4184 4323 4183
f 4185 4325 4324
f 4185 4324 4184
f 4186 4326 4325
f 4186 4325 4185
f 4187 4327 4326
f 4187 4326 4186
f 4188 4328 4327
f 4188 4327 4187
f 4189 4329 4328
f 4189 4328 4188
f 4190 4329 4189
f 4190 4330 4329
f 4191 4330 4190
f 4191 4331 4330
f 4192 4331 4191
f 4192 4332 4331
f 4193 4332 4192
f 4193 4333 4332
f 4194 4333 4193
f 4194 4334 4333
f 4195 4334 4194
f 4195 4335 4334
f 4196 4335 4195
f 4196 4336 4335
f 4197 4336 4196
f 4197 4337 4336
f 4563 4417 4418
f 4564 4566 4565
f 4564 4565 4567
f 4568 4567 4569
f 4568 4489 4490
f 4568 4490 4491
f 4568 4569 4570
f 4568 4571 4489
f 4568 4570 4571
f 4572 4416 4563
f 4560 4442 4443
f 4572 4414 4415
f 4572 4415 4416
f 4573 4566 4564
f 4573 4563 4574
f 4573 4574 4566
f 4575 4568 4491
f 4575 4567 4568
f 4575 4491 4492
f 4575 4492 4493
f 4576 4414 4572
f 4576 4412 4413
f 4576 4413 4414
f 4577 4563 4573
f 4578 4575 4493
f 4578 4493 4494
f 4578 4494 4495
f 4578 4564 4567
f 4578 4567 4575
f 4473 4562 4472
f 4579 4410 4411
f 4579 4411 4412
f 4579 4412 4576
f 4580 4563 4577
f 4580 4572 4563
f 4580 4576 4572
f 4581 4578 4495
f 4581 4573 4564
f 4581 4564 4578
f 4581 4495 4496
f 4581 4496 4497
f 4581 4577 4573
f 4582 4410 4579
f 4582 4408 4409
f 4582 4409 4410
f 4583 4576 4580
f 4584 4577 4581
f 4584 4581 4497
f 4584 4497 4498
f 4584 4498 4499
f 4585 4408 4582
f 4585 4406 4407
f 4585 4407 4408
f 4586 4582 4579
f 4586 4576 4583
f 4586 4579 4576
f 4587 4499 4500
f 4587 4500 4501
f 4587 4577 4584
f 4587 4584 4499
f 4587 4580 4577
f 4588 4404 4405
f 4588 4405 4406
f 4588 4406 4585
f 4589 4582 4586
f 4590 4587 4501
f 4590 4580 4587
f 4590 4501 4502
f 4590 4502 4503
f 4590 4583 4580
f 4591 4404 4588
f 4591 4402 4403
f 4591 4403 4404
f 4592 4582 4589
f 4592 4585 4582
f 4592 4588 4585
f 4593 4590 4503
f 4593 4589 4586
f 4593 4503 4504
f 4593 4504 4505
f 4593 4583 4590
f 4593 4586 4583
f 4594 4402 4591
f 4594 4400 4401
f 4594 4401 4402
f 4595 4588 4592
f 4596 4593 4505
f 4596 4589 4593
f 4596 4505 4506
f 4596 4506 4507
f 4597 4400 4594
f 4597 4398 4399
f 4597 4399 4400
f 4598 4591 4588
f 4598 4588 4595
f 4599 4592 4589
f 4599 4507 4508
f 4599 4508 4509
f 4599 4589 4596
f 4599 4596 4507
f 4600 4398 4597
f 4600 4396 4397
f 4600 4397 4398
f 4601 4591 4598
f 4601 4594 4591
f 4602 4592 4599
f 4602 4599 4509
f 4602 4595 4592
f 4602 4509 4510
f 4602 4510 4511
f 4603 4396 4600
f 4603 4394 4395
f 4603 4395 4396
f 4604 4597 4594
f 4604 4594 4601
f 4605 4602 4511
f 4605 4598 4595
f 4605 4511 4512
f 4605 4512 4513
f 4605 4595 4602
f 4606 4394 4603
f 4606 4392 4393
f 4606 4393 4394
f 4607 4600 4597
f 4607 4603 4600
f 4607 4597 4604
f 4608 4601 4598
f 4608 4605 4513
f 4608 4513 4514
f 4608 4514 4515
f 4608 4598 4605
f 4609 4391 4392
f 4609 4392 4606
f 4610 4603 4607
f 4611 4608 4515
f 4611 4601 4608
f 4611 4604 4601
f 4611 4515 4516
f 4611 4516 4517
f 4612 4391 4609
f 4612 4389 4390
f 4612 4390 4391
f 4613 4606 4603
f 4613 4603 4610
f 4614 4604 4611
f 4614 4610 4607
f 4614 4611 4517
f 4614 4607 4604
f 4614 4517 4518
f 4614 4518 4519
f 4615 4387 4388
f 4615 4388 4389
f 4615 4389 4612
f 4616 4609 4606
f 4616 4606 4613
f 4617 4614 4519
f 4617 4519 4520
f 4617 4520 4521
f 4617 4610 4614
f 4618 4385 4386
f 4618 4386 4387
f 4618 4387 4615
f 4619 4609 4616
f 4619 4612 4609
f 4619 4615 4612
f 4620 4616 4613
f 4620 4617 4521
f 4620 4610 4617
f 4620 4613 4610
f 4620 4521 4522
f 4620 4522 4523
f 4621 4383 4384
f 4621 4384 4385
f 4621 4385 4618
f 4622 4615 4619
f 4623 4620 4523
f 4623 4616 4620
f 4623 4523 4524
f 4623 4524 4525
f 4624 4381 4382
f 4624 4382 4383
f 4624 4383 4621
f 4625 4618 4615
f 4625 4615 4622
f 4626 4623 4525
f 4626 4619 4616
f 4626 4616 4623
f 4626 4525 4526
f 4626 4526 4527
f 4627 4379 4380
f 4627 4380 4381
f 4627 4381 4624
f 4628 4621 4618
f 4628 4618 4625
f 4629 4622 4619
f 4629 4619 4626
f 4629 4626 4527
f 4629 4527 4528
f 4629 4528 4529
f 4630 4377 4378
f 4630 4378 4379
f 4630 4379 4627
f 4631 4624 4621
f 4631 4621 4628
f 4632 4628 4625
f 4632 4629 4529
f 4632 4622 4629
f 4632 4625 4622
f 4632 4529 4530
f 4632 4530 4531
f 4633 4377 4630
f 4633 4375 4376
f 4633 4376 4377
f 4634 4624 4631
f 4634 4627 4624
f 4635 4628 4632
f 4635 4632 4531
f 4635 4531 4532
f 4635 4532 4533
f 4636 4375 4633
f 4636 4373 4374
f 4636 4374 4375
f 4637 4630 4627
f 4637 4627 4634
f 4637 4633 4630
f 4638 4628 4635
f 4638 4631 4628
f 4638 4635 4533
f 4638 4533 4534
f 4638 4534 4535
f 4639 4373 4636
f 4639 4371 4372
f 4639 4372 4373
f 4640 4633 4637
f 4641 4638 4535
f 4641 4631 4638
f 4641 4634 4631
f 4641 4637 4634
f 4641 4535 4536
f 4641 4536 4537
f 4642 4369 4370
f 4642 4370 4371
f 4642 4371 4639
f 4643 4633 4640
f 4643 4636 4633
f 4644 4640 4637
f 4644 4641 4537
f 4644 4637 4641
f 4644 4537 4538
f 4644 4538 4539
f 4645 4367 4368
f 4645 4368 4369
f 4645 4369 4642
f 4646 4642 4639
f 4646 4636 4643
f 4646 4639 4636
f 4647 4540 4541
f 4647 4640 4644
f 4647 4644 4539
f 4647 4539 4540
f 4648 4367 4645
f 4648 4365 4366
f 4648 4366 4367
f 4649 4645 4642
f 4649 4642 4646
f 4650 4541 4542
f 4650 4542 4543
f 4650 4643 4640
f 4650 4640 4647
f 4650 4647 4541
f 4651 4363 4364
f 4651 4364 4365
f 4651 4365 4648
f 4652 4645 4649
f 4653 4543 4544
f 4653 4544 4545
f 4653 4646 4643
f 4653 4643 4650
f 4653 4650 4543
f 4653 4649 4646
f 4654 4361 4362
f 4654 4362 4363
f 4654 4363 4651
f 4655 4645 4652
f 4655 4648 4645
f 4656 4545 4546
f 4656 4546 4547
f 4656 4653 4545
f 4656 4652 4649
f 4656 4649 4653
f 4657 4361 4654
f 4657 4359 4360
f 4657 4360 4361
f 4658 4651 4648
f 4658 4648 4655
f 4659 4547 4548
f 4659 4548 4549
f 4659 4655 4652
f 4659 4656 4547
f 4659 4652 4656
f 4660 4357 4358
f 4660 4358 4359
f 4660 4359 4657
f 4661 4654 4651
f 4661 4651 4658
f 4662 4549 4550
f 4662 4550 4551
f 4662 4658 4655
f 4662 4659 4549
f 4662 4655 4659
f 4663 4355 4356
f 4663 4356 4357
f 4663 4357 4660
f 4664 4654 4661
f 4664 4657 4654
f 4665 4551 4552
f 4665 4552 4553
f 4665 4658 4662
f 4665 4662 4551
f 4666 4353 4354
f 4666 4354 4355
f 4666 4355 4663
f 4667 4660 4657
f 4667 4657 4664
f 4668 4661 4658
f 4668 4553 4554
f 4668 4554 4555
f 4668 4664 4661
f 4668 4665 4553
f 4668 4658 4665
f 4669 4351 4352
f 4669 4352 4353
f 4669 4353 4666
f 4670 4663 4660
f 4670 4666 4663
f 4670 4660 4667
f 4671 4555 4556
f 4671 4556 4557
f 4671 4664 4668
f 4671 4668 4555
f 4672 4351 4669
f 4672 4349 4350
f 4672 4350 4351
f 4673 4669 4666
f 4673 4666 4670
f 4674 4557 4558
f 4674 4558 4559
f 4674 4667 4664
f 4674 4670 4667
f 4674 4664 4671
f 4674 4671 4557
f 4675 4347 4348
f 4675 4348 4349
f 4675 4349 4672
f 4676 4669 4673
f 4677 4559 4453
f 4677 4453 4454
f 4677 4674 4559
f 4677 4670 4674
f 4678 4345 4346
f 4678 4346 4347
f 4678 4347 4675
f 4679 4672 4669
f 4679 4669 4676
f 4680 4454 4455
f 4680 4455 4456
f 4680 4677 4454
f 4680 4676 4673
f 4680 4673 4670
f 4680 4670 4677
f 4681 4343 4344
f 4681 4344 4345
f 4681 4345 4678
f 4682 4675 4672
f 4682 4672 4679
f 4683 4680 4456
f 4683 4456 4457
f 4683 4457 4458
f 4683 4676 4680
f 4684 4341 4342
f 4684 4342 4343
f 4684 4343 4681
f 4685 4675 4682
f 4685 4678 4675
f 4686 4458 4459
f 4686 4459 4460
f 4686 4683 4458
f 4686 4679 4676
f 4686 4676 4683
f 4687 4339 4340
f 4687 4340 4341
f 4687 4444 4339
f 4687 4341 4684
f 4688 4681 4678
f 4688 4678 4685
f 4689 4460 4461
f 4689 4461 4462
f 4689 4462 4463
f 4689 4686 4460
f 4689 4685 4682
f 4689 4682 4679
f 4689 4679 4686
f 4690 4684 4681
f 4690 4681 4688
f 4691 4463 4464
f 4691 4464 4465
f 4691 4689 4463
f 4691 4688 4685
f 4691 4685 4689
f 4692 4445 4444
f 4692 4444 4687
f 4692 4687 4684
f 4692 4684 4690
f 4693 4465 4466
f 4693 4466 4467
f 4693 4467 4468
f 4693 4691 4465
f 4693 4690 4688
f 4693 4688 4691
f 4694 4468 4469
f 4694 4469 4470
f 4694 4693 4468
f 4694 4690 4693
f 4695 4690 4694
f 4695 4446 4445
f 4695 4449 4450
f 4695 4450 4451
f 4695 4470 4471
f 4695 4694 4470
f 4695 4471 4449
f 4695 4451 4446
f 4695 4445 4692
f 4695 4692 4690
f 4452 4453 4559
f 4444 4338 4339
f 4449 4471 4448
f 4447 4446 4451
f 4696 4440 4441
f 4696 4441 4442
f 4696 4442 4560
f 4697 4438 4439
f 4697 4439 4440
f 4697 4440 4696
f 4698 4438 4697
f 4698 4436 4437
f 4698 4437 4438
f 4699 4560 4561
f 4699 4696 4560
f 4700 4436 4698
f 4700 4434 4435
f 4700 4435 4436
f 4701 4697 4696
f 4701 4696 4699
f 4702 4434 4700
f 4702 4432 4433
f 4702 4433 4434
f 4703 4697 4701
f 4703 4698 4697
f 4704 4561 4562
f 4704 4473 4474
f 4704 4474 4475
f 4704 4562 4473
f 4704 4699 4561
f 4705 4432 4702
f 4705 4430 4431
f 4705 4431 4432
f 4706 4698 4703
f 4706 4700 4698
f 4707 4699 4704
f 4707 4475 4476
f 4707 4476 4477
f 4707 4701 4699
f 4707 4704 4475
f 4708 4430 4705
f 4708 4428 4429
f 4708 4429 4430
f 4709 4700 4706
f 4709 4702 4700
f 4710 4477 4478
f 4710 4478 4479
f 4710 4701 4707
f 4710 4703 4701
f 4710 4707 4477
f 4711 4428 4708
f 4711 4426 4427
f 4711 4427 4428
f 4712 4702 4709
f 4712 4705 4702
f 4713 4703 4710
f 4713 4706 4703
f 4713 4479 4480
f 4713 4480 4481
f 4713 4710 4479
f 4714 4426 4711
f 4714 4424 4425
f 4714 4425 4426
f 4715 4705 4712
f 4715 4711 4708
f 4715 4708 4705
f 4716 4706 4713
f 4716 4481 4482
f 4716 4482 4483
f 4716 4713 4481
f 4716 4709 4706
f 4565 4424 4714
f 4565 4422 4423
f 4565 4423 4424
f 4570 4711 4715
f 4717 4716 4483
f 4717 4483 4484
f 4717 4484 4485
f 4717 4709 4716
f 4717 4712 4709
f 4566 4422 4565
f 4566 4420 4421
f 4566 4421 4422
f 4569 4711 4570
f 4569 4714 4711
f 4718 4717 4485
f 4718 4485 4486
f 4718 4486 4487
f 4718 4712 4717
f 4718 4715 4712
f 4574 4418 4419
f 4574 4419 4420
f 4574 4420 4566
f 4567 4565 4714
f 4567 4714 4569
f 4571 4715 4718
f 4571 4570 4715
f 4571 4487 4488
f 4571 4488 4489
f 4571 4718 4487
f 4563 4418 4574
f 4563 4416 4417
f 4722 4826 4721
f 4722 4930 4826
f 4723 4929 4930
f 4723 4930 4722
f 4724 4928 4929
f 4724 4929 4723
f 4725 4927 4928
f 4725 4928 4724
f 4726 4926 4927
f 4726 4927 4725
f 4727 4925 4926
f 4727 4926 4726
f 4728 4924 4925
f 4728 4925 4727
f 4729 4923 4924
f 4729 4924 4728
f 4730 4922 4923
f 4730 4923 4729
f 4731 4921 4922
f 4731 4922 4730
f 4732 4920 4921
f 4732 4921 4731
f 4733 4920 4732
f 4733 4919 4920
f 4734 4919 4733
f 4734 4918 4919
f 4735 4918 4734
f 4735 4917 4918
f 4736 4917 4735
f 4736 4916 4917
f 4737 4916 4736
f 4737 4915 4916
f 4738 4915 4737
f 4738 4914 4915
f 4739 4914 4738
f 4739 4913 4914
f 4740 4912 4913
f 4740 4913 4739
f 4741 4911 4912
f 4741 4912 4740
f 4742 4910 4911
f 4742 4911 4741
f 4743 4910 4742
f 4743 4909 4910
f 4744 4909 4743
f 4744 4908 4909
f 4745 4908 4744
f 4745 4907 4908
f 4746 4907 4745
f 4746 4906 4907
f 4747 4906 4746
f 4747 4905 4906
f 4748 4905 4747
f 4748 4904 4905
f 4749 4904 4748
f 4749 4903 4904
f 4750 4903 4749
f 4750 4902 4903
f 4751 4902 4750
f 4751 4901 4902
f 4752 4901 4751
f 4752 4900 4901
f 4753 4900 4752
f 4753 4899 4900
f 4754 4899 4753
f 4754 4898 4899
f 4755 4898 4754
f 4755 4897 4898
f 4756 4897 4755
f 4756 4896 4897
f 4757 4896 4756
f 4757 4895 4896
f 4758 4895 4757
f 4758 4894 4895
f 4759 4894 4758
f 4759 4893 4894
f 4760 4892 4893
f 4760 4893 4759
f 4761 4891 4892
f 4761 4892 4760
f 4762 4890 4891
f 4762 4891 4761
f 4763 4889 4890
f 4763 4890 4762
f 4764 4888 4889
f 4764 4889 4763
f 4765 4887 4888
f 4765 4888 4764
f 4766 4886 4887
f 4766 4887 4765
f 4767 4885 4886
f 4767 4886 4766
f 4768 4885 4767
f 4768 4884 4885
f 4769 4884 4768
f 4769 4883 4884
f 4770 4883 4769
f 4770 4882 4883
f 4771 4882 4770
f 4771 4881 4882
f 4772 4881 4771
f 4772 4880 4881
f 4773 4880 4772
f 4773 4879 4880
f 4774 4879 4773
f 4774 4878 4879
f 4775 4878 4774
f 4775 4877 4878
f 4776 4877 4775
f 4776 4876 4877
f 4777 4876 4776
f 4777 4875 4876
f 4778 4875 4777
f 4778 4874 4875
f 4779 4874 4778
f 4779 4873 4874
f 4780 4873 4779
f 4780 4872 4873
f 4781 4871 4872
f 4781 4872 4780
f 4782 4871 4781
f 4782 4870 4871
f 4783 4869 4870
f 4783 4870 4782
f 4784 4868 4869
f 4784 4869 4783
f 4785 4867 4868
f 4785 4868 4784
f 4786 4866 4867
f 4786 4867 4785
f 4787 4865 4866
f 4787 4866 4786
f 4788 4864 4865
f 4788 4865 4787
f 4789 4863 4864
f 4789 4864 4788
f 4790 4862 4863
f 4790 4863 4789
f 4791 4861 4862
f 4791 4862 4790
f 4792 4860 4861
f 4792 4861 4791
f 4793 4860 4792
f 4793 4859 4860
f 4794 4859 4793
f 4794 4858 4859
f 4795 4858 4794
f 4795 4857 4858
f 4796 4857 4795
f 4796 4856 4857
f 4797 4856 4796
f 4797 4855 4856
f 4798 4855 4797
f 4798 4854 4855
f 4799 4854 4798
f 4799 4853 4854
f 4800 4853 4799
f 4800 4852 4853
f 4801 4851 4852
f 4801 4852 4800
f 4802 4850 4851
f 4802 4851 4801
f 4803 4849 4850
f 4803 4850 4802
f 4804 4848 4849
f 4804 4849 4803
f 4805 4847 4848
f 4805 4848 4804
f 4806 4846 4847
f 4806 4847 4805
f 4807 4845 4846
f 4807 4846 4806
f 4808 4844 4845
f 4808 4845 4807
f 4809 4843 4844
f 4809 4844 4808
f 4810 4842 4843
f 4810 4843 4809
f 4811 4841 4842
f 4811 4842 4810
f 4812 4840 4841
f 4812 4841 4811
f 4813 4839 4840
f 4813 4840 4812
f 4814 4838 4839
f 4814 4839 4813
f 4815 4837 4838
f 4815 4838 4814
f 4816 4836 4837
f 4816 4837 4815
f 4817 4835 4836
f 4817 4836 4816
f 4818 4835 4817
f 4818 4834 4835
f 4819 4834 4818
f 4819 4833 4834
f 4820 4833 4819
f 4820 4832 4833
f 4821 4831 4832
f 4821 4832 4820
f 4822 4831 4821
f 4822 4830 4831
f 4823 4829 4830
f 4823 4830 4822
f 4824 4828 4829
f 4824 4829 4823
f 4825 4827 4828
f 4825 4828 4824
f 4720 4719 4827
f 4720 4827 4825
f 4931 4933 4932
f 5142 4934 4933
f 5142 4933 4931
f 5141 4935 4934
f 5141 4934 5142
f 5140 4936 4935
f 5140 4935 5141
f 5139 4937 4936
f 5139 4936 5140
f 5138 4938 4937
f 5138 4937 5139
f 5137 4939 4938
f 5137 4938 5138
f 5136 4940 4939
f 5136 4939 5137
f 5135 4941 4940
f 5135 4940 5136
f 5134 4942 4941
f 5134 4941 5135
f 5133 4943 4942
f 5133 4942 5134
f 5132 4944 4943
f 5132 4943 5133
f 5131 4945 4944
f 5131 4944 5132
f 5130 4946 4945
f 5130 4945 5131
f 5129 4947 4946
f 5129 4946 5130
f 5128 4948 4947
f 5128 4947 5129
f 5127 4949 4948
f 5127 4948 5128
f 5126 4950 4949
f 5126 4949 5127
f 5125 4951 4950
f 5125 4950 5126
f 5124 4952 4951
f 5124 4951 5125
f 5123 4953 4952
f 5123 4952 5124
f 5122 4954 4953
f 5122 4953 5123
f 5121 4954 5122
f 5121 4955 4954
f 5120 4955 5121
f 5120 4956 4955
f 5119 4956 5120
f 5119 4957 4956
f 5118 4957 5119
f 5118 4958 4957
f 5117 4958 5118
f 5117 4959 4958
f 5116 4959 5117
f 5116 4960 4959
f 5115 4960 5116
f 5115 4961 4960
f 5114 4962 4961
f 5114 4961 5115
f 5113 4963 4962
f 5113 4962 5114
f 5112 4964 4963
f 5112 4963 5113
f 5111 4965 4964
f 5111 4964 5112
f 5110 4966 4965
f 5110 4965 5111
f 5109 4967 4966
f 5109 4966 5110
f 5108 4968 4967
f 5108 4967 5109
f 5107 4969 4968
f 5107 4968 5108
f 5106 4970 4969
f 5106 4969 5107
f 5105 4971 4970
f 5105 4970 5106
f 5104 4972 4971
f 5104 4971 5105
f 5103 4973 4972
f 5103 4972 5104
f 5102 4974 4973
f 5102 4973 5103
f 5101 4975 4974
f 5101 4974 5102
f 5100 4976 4975
f 5100 4975 5101
f 5099 4977 4976
f 5099 4976 5100
f 5098 4978 4977
f 5098 4977 5099
f 5097 4979 4978
f 5097 4978 5098
f 5096 4979 5097
f 5096 4980 4979
f 5095 4980 5096
f 5095 4981 4980
f 5094 4981 5095
f 5094 4982 4981
f 5093 4982 5094
f 5093 4983 4982
f 5092 4983 5093
f 5092 4984 4983
f 5091 4984 5092
f 5091 4985 4984
f 5090 4985 5091
f 5090 4986 4985
f 5089 4986 5090
f 5089 4987 4986
f 5088 4987 5089
f 5088 4988 4987
f 5087 4988 5088
f 5087 4989 4988
f 5086 4989 5087
f 5086 4990 4989
f 5085 4990 5086
f 5085 4991 4990
f 5084 4991 5085
f 5084 4992 4991
f 5083 4992 5084
f 5083 4993 4992
f 5082 4993 5083
f 5082 4994 4993
f 5081 4995 4994
f 5081 4994 5082
f 5080 4996 4995
f 5080 4995 5081
f 5079 4997 4996
f 5079 4996 5080
f 5078 4998 4997
f 5078 4997 5079
f 5077 4999 4998
f 5077 4998 5078
f 5076 5000 4999
f 5076 4999 5077
f 5075 5001 5000
f 5075 5000 5076
f 5074 5002 5001
f 5074 5001 5075
f 5073 5003 5002
f 5073 5002 5074
f 5072 5004 5003
f 5072 5003 5073
f 5071 5004 5072
f 5071 5005 5004
f 5070 5005 5071
f 5070 5006 5005
f 5069 5006 5070
f 5069 5007 5006
f 5068 5007 5069
f 5068 5008 5007
f 5067 5008 5068
f 5067 5009 5008
f 5066 5009 5067
f 5066 5010 5009
f 5065 5010 5066
f 5065 5011 5010
f 5064 5011 5065
f 5064 5012 5011
f 5063 5012 5064
f 5063 5013 5012
f 5062 5013 5063
f 5062 5014 5013
f 5061 5014 5062
f 5061 5015 5014
f 5060 5015 5061
f 5060 5016 5015
f 5059 5016 5060
f 5059 5017 5016
f 5058 5017 5059
f 5058 5018 5017
f 5057 5018 5058
f 5057 5019 5018
f 5056 5019 5057
f 5056 5020 5019
f 5055 5020 5056
f 5055 5021 5020
f 5054 5021 5055
f 5054 5022 5021
f 5053 5022 5054
f 5053 5023 5022
f 5052 5023 5053
f 5052 5024 5023
f 5051 5024 5052
f 5051 5025 5024
f 5050 5025 5051
f 5050 5026 5025
f 5049 5026 5050
f 5049 5027 5026
f 5048 5027 5049
f 5048 5028 5027
f 5047 5029 5028
f 5047 5028 5048
f 5046 5029 5047
f 5046 5030 5029
f 5045 5030 5046
f 5045 5031 5030
f 5044 5032 5031
f 5044 5031 5045
f 5043 5033 5032
f 5043 5032 5044
f 5042 5034 5033
f 5042 5033 5043
f 5041 5035 5034
f 5041 5034 5042
f 5040 5036 5035
f 5040 5035 5041
f 5039 5037 5036
f 5039 5036 5040
f 5038 5037 5039
f 5146 5250 5145
f 5146 5354 5250
f 5147 5353 5354
f 5147 5354 5146
f 5148 5352 5353
f 5148 5353 5147
f 5149 5351 5352
f 5149 5352 5148
f 5150 5350 5351
f 5150 5351 5149
f 5151 5349 5350
f 5151 5350 5150
f 5152 5348 5349
f 5152 5349 5151
f 5153 5347 5348
f 5153 5348 5152
f 5154 5346 5347
f 5154 5347 5153
f 5155 5345 5346
f 5155 5346 5154
f 5156 5344 5345
f 5156 5345 5155
f 5157 5344 5156
f 5157 5343 5344
f 5158 5343 5157
f 5158 5342 5343
f 5159 5342 5158
f 5159 5341 5342
f 5160 5341 5159
f 5160 5340 5341
f 5161 5340 5160
f 5161 5339 5340
f 5162 5339 5161
f 5162 5338 5339
f 5163 5338 5162
f 5163 5337 5338
f 5164 5336 5337
f 5164 5337 5163
f 5165 5335 5336
f 5165 5336 5164
f 5166 5334 5335
f 5166 5335 5165
f 5167 5334 5166
f 5167 5333 5334
f 5168 5333 5167
f 5168 5332 5333
f 5169 5332 5168
f 5169 5331 5332
f 5170 5331 5169
f 5170 5330 5331
f 5171 5330 5170
f 5171 5329 5330
f 5172 5329 5171
f 5172 5328 5329
f 5173 5328 5172
f 5173 5327 5328
f 5174 5327 5173
f 5174 5326 5327
f 5175 5326 5174
f 5175 5325 5326
f 5176 5325 5175
f 5176 5324 5325
f 5177 5324 5176
f 5177 5323 5324
f 5178 5323 5177
f 5178 5322 5323
f 5179 5322 5178
f 5179 5321 5322
f 5180 5321 5179
f 5180 5320 5321
f 5181 5320 5180
f 5181 5319 5320
f 5182 5319 5181
f 5182 5318 5319
f 5183 5318 5182
f 5183 5317 5318
f 5184 5316 5317
f 5184 5317 5183
f 5185 5315 5316
f 5185 5316 5184
f 5186 5314 5315
f 5186 5315 5185
f 5187 5313 5314
f 5187 5314 5186
f 5188 5312 5313
f 5188 5313 5187
f 5189 5311 5312
f 5189 5312 5188
f 5190 5310 5311
f 5190 5311 5189
f 5191 5309 5310
f 5191 5310 5190
f 5192 5309 5191
f 5192 5308 5309
f 5193 5308 5192
f 5193 5307 5308
f 5194 5307 5193
f 5194 5306 5307
f 5195 5306 5194
f 5195 5305 5306
f 5196 5305 5195
f 5196 5304 5305
f 5197 5304 5196
f 5197 5303 5304
f 5198 5303 5197
f 5198 5302 5303
f 5199 5302 5198
f 5199 5301 5302
f 5200 5301 5199
f 5200 5300 5301
f 5201 5300 5200
f 5201 5299 5300
f 5202 5299 5201
f 5202 5298 5299
f 5203 5298 5202
f 5203 5297 5298
f 5204 5297 5203
f 5204 5296 5297
f 5205 5295 5296
f 5205 5296 5204
f 5206 5295 5205
f 5206 5294 5295
f 5207 5293 5294
f 5207 5294 5206
f 5208 5292 5293
f 5208 5293 5207
f 5209 5291 5292
f 5209 5292 5208
f 5210 5290 5291
f 5210 5291 5209
f 5211 5289 5290
f 5211 5290 5210
f 5212 5288 5289
f 5212 5289 5211
f 5213 5287 5288
f 5213 5288 5212
f 5214 5286 5287
f 5214 5287 5213
f 5215 5285 5286
f 5215 5286 5214
f 5216 5284 5285
f 5216 5285 5215
f 5217 5284 5216
f 5217 5283 5284
f 5218 5283 5217
f 5218 5282 5283
f 5219 5282 5218
f 5219 5281 5282
f 5220 5281 5219
f 5220 5280 5281
f 5221 5280 5220
f 5221 5279 5280
f 5222 5279 5221
f 5222 5278 5279
f 5223 5278 5222
f 5223 5277 5278
f 5224 5277 5223
f 5224 5276 5277
f 5225 5275 5276
f 5225 5276 5224
f 5226 5274 5275
f 5226 5275 5225
f 5227 5273 5274
f 5227 5274 5226
f 5228 5272 5273
f 5228 5273 5227
f 5229 5271 5272
f 5229 5272 5228
f 5230 5270 5271
f 5230 5271 5229
f 5231 5269 5270
f 5231 5270 5230
f 5232 5268 5269
f 5232 5269 5231
f 5233 5267 5268
f 5233 5268 5232
f 5234 5266 5267
f 5234 5267 5233
f 5235 5265 5266
f 5235 5266 5234
f 5236 5264 5265
f 5236 5265 5235
f 5237 5263 5264
f 5237 5264 5236
f 5238 5262 5263
f 5238 5263 5237
f 5239 5261 5262
f 5239 5262 5238
f 5240 5260 5261
f 5240 5261 5239
f 5241 5259 5260
f 5241 5260 5240
f 5242 5259 5241
f 5242 5258 5259
f 5243 5258 5242
f 5243 5257 5258
f 5244 5257 5243
f 5244 5256 5257
f 5245 5255 5256
f 5245 5256 5244
f 5246 5255 5245
f 5246 5254 5255
f 5247 5253 5254
f 5247 5254 5246
f 5248 5252 5253
f 5248 5253 5247
f 5249 5251 5252
f 5249 5252 5248
f 5144 5143 5251
f 5144 5251 5249
f 5355 5357 5356
f 5566 5358 5357
f 5566 5357 5355
f 5565 5359 5358
f 5565 5358 5566
f 5564 5360 5359
f 5564 5359 5565
f 5563 5361 5360
f 5563 5360 5564
f 5562 5362 5361
f 5562 5361 5563
f 5561 5363 5362
f 5561 5362 5562
f 5560 5364 5363
f 5560 5363 5561
f 5559 5365 5364
f 5559 5364 5560
f 5558 5366 5365
f 5558 5365 5559
f 5557 5367 5366
f 5557 5366 5558
f 5556 5368 5367
f 5556 5367 5557
f 5555 5369 5368
f 5555 5368 5556
f 5554 5370 5369
f 5554 5369 5555
f 5553 5371 5370
f 5553 5370 5554
f 5552 5372 5371
f 5552 5371 5553
f 5551 5373 5372
f 5551 5372 5552
f 5550 5374 5373
f 5550 5373 5551
f 5549 5375 5374
f 5549 5374 5550
f 5548 5376 5375
f 5548 5375 5549
f 5547 5377 5376
f 5547 5376 5548
f 5546 5378 5377
f 5546 5377 5547
f 5545 5378 5546
f 5545 5379 5378
f 5544 5379 5545
f 5544 5380 5379
f 5543 5380 5544
f 5543 5381 5380
f 5542 5381 5543
f 5542 5382 5381
f 5541 5382 5542
f 5541 5383 5382
f 5540 5383 5541
f 5540 5384 5383
f 5539 5384 5540
f 5539 5385 5384
f 5538 5386 5385
f 5538 5385 5539
f 5537 5387 5386
f 5537 5386 5538
f 5536 5388 5387
f 5536 5387 5537
f 5535 5389 5388
f 5535 5388 5536
f 5534 5390 5389
f 5534 5389 5535
f 5533 5391 5390
f 5533 5390 5534
f 5532 5392 5391
f 5532 5391 5533
f 5531 5393 5392
f 5531 5392 5532
f 5530 5394 5393
f 5530 5393 5531
f 5529 5395 5394
f 5529 5394 5530
f 5528 5396 5395
f 5528 5395 5529
f 5527 5397 5396
f 5527 5396 5528
f 5526 5398 5397
f 5526 5397 5527
f 5525 5399 5398
f 5525 5398 5526
f 5524 5400 5399
f 5524 5399 5525
f 5523 5401 5400
f 5523 5400 5524
f 5522 5402 5401
f 5522 5401 5523
f 5521 5403 5402
f 5521 5402 5522
f 5520 5403 5521
f 5520 5404 5403
f 5519 5404 5520
f 5519 5405 5404
f 5518 5405 5519
f 5518 5406 5405
f 5517 5406 5518
f 5517 5407 5406
f 5516 5407 5517
f 5516 5408 5407
f 5515 5408 5516
f 5515 5409 5408
f 5514 5409 5515
f 5514 5410 5409
f 5513 5410 5514
f 5513 5411 5410
f 5512 5411 5513
f 5512 5412 5411
f 5511 5412 5512
f 5511 5413 5412
f 5510 5413 5511
f 5510 5414 5413
f 5509 5414 5510
f 5509 5415 5414
f 5508 5415 5509
f 5508 5416 5415
f 5507 5416 5508
f 5507 5417 5416
f 5506 5417 5507
f 5506 5418 5417
f 5505 5419 5418
f 5505 5418 5506
f 5504 5420 5419
f 5504 5419 5505
f 5503 5421 5420
f 5503 5420 5504
f 5502 5422 5421
f 5502 5421 5503
f 5501 5423 5422
f 5501 5422 5502
f 5500 5424 5423
f 5500 5423 5501
f 5499 5425 5424
f 5499 5424 5500
f 5498 5426 5425
f 5498 5425 5499
f 5497 5427 5426
f 5497 5426 5498
f 5496 5428 5427
f 5496 5427 5497
f 5495 5428 5496
f 5495 5429 5428
f 5494 5429 5495
f 5494 5430 5429
f 5493 5430 5494
f 5493 5431 5430
f 5492 5431 5493
f 5492 5432 5431
f 5491 5432 5492
f 5491 5433 5432
f 5490 5433 5491
f 5490 5434 5433
f 5489 5434 5490
f 5489 5435 5434
f 5488 5435 5489
f 5488 5436 5435
f 5487 5436 5488
f 5487 5437 5436
f 5486 5437 5487
f 5486 5438 5437
f 5485 5438 5486
f 5485 5439 5438
f 5484 5439 5485
f 5484 5440 5439
f 5483 5440 5484
f 5483 5441 5440
f 5482 5441 5483
f 5482 5442 5441
f 5481 5442 5482
f 5481 5443 5442
f 5480 5443 5481
f 5480 5444 5443
f 5479 5444 5480
f 5479 5445 5444
f 5478 5445 5479
f 5478 5446 5445
f 5477 5446 5478
f 5477 5447 5446
f 5476 5447 5477
f 5476 5448 5447
f 5475 5448 5476
f 5475 5449 5448
f 5474 5449 5475
f 5474 5450 5449
f 5473 5450 5474
f 5473 5451 5450
f 5472 5451 5473
f 5472 5452 5451
f 5471 5453 5452
f 5471 5452 5472
f 5470 5453 5471
f 5470 5454 5453
f 5469 5454 5470
f 5469 5455 5454
f 5468 5456 5455
f 5468 5455 5469
f 5467 5457 5456
f 5467 5456 5468
f 5466 5458 5457
f 5466 5457 5467
f 5465 5459 5458
f 5465 5458 5466
f 5464 5460 5459
f 5464 5459 5465
f 5463 5461 5460
f 5463 5460 5464
f 5462 5461 5463
f 5567 5673 5700
f 5568 5567 5700
f 5568 5700 5699
f 5569 5568 5699
f 5569 5699 5698
f 5570 5698 5697
f 5570 5569 5698
f 5571 5697 5696
f 5571 5570 5697
f 5572 5696 5695
f 5572 5571 5696
f 5573 5695 5694
f 5573 5572 5695
f 5574 5694 5693
f 5574 5573 5694
f 5575 5693 5692
f 5575 5574 5693
f 5576 5692 5691
f 5576 5575 5692
f 5577 5691 5690
f 5577 5576 5691
f 5578 5690 5689
f 5578 5577 5690
f 5579 5689 5688
f 5579 5578 5689
f 5580 5688 5687
f 5580 5579 5688
f 5581 5687 5686
f 5581 5580 5687
f 5582 5686 5685
f 5582 5581 5686
f 5583 5685 5684
f 5583 5582 5685
f 5584 5684 5683
f 5584 5583 5684
f 5585 5683 5682
f 5585 5584 5683
f 5586 5682 5681
f 5586 5585 5682
f 5587 5681 5680
f 5587 5586 5681
f 5588 5587 5680
f 5588 5680 5679
f 5589 5588 5679
f 5589 5679 5678
f 5590 5678 5677
f 5590 5589 5678
f 5591 5677 5676
f 5591 5590 5677
f 5592 5676 5675
f 5592 5591 5676
f 5593 5675 5674
f 5593 5592 5675
f 5594 5674 5779
f 5594 5593 5674
f 5595 5779 5778
f 5595 5594 5779
f 5596 5778 5777
f 5596 5595 5778
f 5597 5777 5776
f 5597 5596 5777
f 5598 5776 5775
f 5598 5597 5776
f 5599 5775 5774
f 5599 5598 5775
f 5600 5774 5773
f 5600 5599 5774
f 5601 5773 5772
f 5601 5600 5773
f 5602 5772 5771
f 5602 5601 5772
f 5603 5771 5770
f 5603 5602 5771
f 5604 5770 5769
f 5604 5603 5770
f 5605 5604 5769
f 5605 5769 5768
f 5606 5605 5768
f 5606 5768 5767
f 5607 5606 5767
f 5607 5767 5766
f 5608 5607 5766
f 5608 5766 5765
f 5609 5608 5765
f 5609 5765 5764
f 5610 5609 5764
f 5610 5764 5763
f 5611 5763 5762
f 5611 5610 5763
f 5612 5762 5761
f 5612 5611 5762
f 5613 5761 5760
f 5613 5612 5761
f 5614 5760 5759
f 5614 5613 5760
f 5615 5614 5759
f 5615 5759 5758
f 5616 5615 5758
f 5616 5758 5757
f 5617 5616 5757
f 5617 5757 5756
f 5618 5617 5756
f 5618 5756 5755
f 5619 5618 5755
f 5619 5755 5754
f 5620 5619 5754
f 5620 5754 5753
f 5621 5620 5753
f 5621 5753 5752
f 5622 5621 5752
f 5622 5752 5751
f 5623 5622 5751
f 5623 5751 5750
f 5624 5623 5750
f 5624 5750 5749
f 5625 5624 5749
f 5625 5749 5748
f 5626 5625 5748
f 5626 5748 5747
f 5627 5626 5747
f 5627 5747 5746
f 5628 5627 5746
f 5628 5746 5745
f 5629 5628 5745
f 5629 5745 5744
f 5630 5629 5744
f 5630 5744 5743
f 5631 5630 5743
f 5631 5743 5742
f 5632 5742 5741
f 5632 5631 5742
f 5633 5632 5741
f 5633 5741 5740
f 5634 5740 5739
f 5634 5633 5740
f 5635 5739 5738
f 5635 5634 5739
f 5636 5738 5737
f 5636 5635 5738
f 5637 5737 5736
f 5637 5636 5737
f 5638 5736 5735
f 5638 5637 5736
f 5639 5735 5734
f 5639 5638 5735
f 5640 5639 5734
f 5640 5734 5733
f 5641 5640 5733
f 5641 5733 5732
f 5642 5641 5732
f 5642 5732 5731
f 5643 5642 5731
f 5643 5731 5730
f 5644 5643 5730
f 5644 5730 5729
f 5645 5644 5729
f 5645 5729 5728
f 5646 5645 5728
f 5646 5728 5727
f 5647 5646 5727
f 5647 5727 5726
f 5648 5647 5726
f 5648 5726 5725
f 5649 5648 5725
f 5649 5725 5724
f 5650 5649 5724
f 5650 5724 5723
f 5651 5650 5723
f 5651 5723 5722
f 5652 5722 5721
f 5652 5651 5722
f 5653 5721 5720
f 5653 5652 5721
f 5654 5720 5719
f 5654 5653 5720
f 5655 5719 5718
f 5655 5654 5719
f 5656 5718 5717
f 5656 5655 5718
f 5657 5717 5716
f 5657 5656 5717
f 5658 5716 5715
f 5658 5657 5716
f 5659 5715 5714
f 5659 5658 5715
f 5660 5714 5713
f 5660 5659 5714
f 5661 5713 5712
f 5661 5660 5713
f 5662 5712 5711
f 5662 5661 5712
f 5663 5711 5710
f 5663 5662 5711
f 5664 5663 5710
f 5664 5710 5709
f 5665 5664 5709
f 5665 5709 5708
f 5666 5665 5708
f 5666 5708 5707
f 5667 5666 5707
f 5667 5707 5706
f 5668 5667 5706
f 5668 5706 5705
f 5669 5668 5705
f 5669 5705 5704
f 5670 5669 5704
f 5670 5704 5703
f 5671 5670 5703
f 5671 5703 5702
f 5672 5702 5701
f 5672 5671 5702
f 5780 5886 5965
f 5781 5780 5965
f 5781 5965 5964
f 5782 5781 5964
f 5782 5964 5963
f 5783 5782 5963
f 5783 5963 5962
f 5784 5783 5962
f 5784 5962 5961
f 5785 5784 5961
f 5785 5961 5960
f 5786 5785 5960
f 5786 5960 5959
f 5787 5786 5959
f 5787 5959 5958
f 5788 5787 5958
f 5788 5958 5957
f 5789 5788 5957
f 5789 5957 5956
f 5790 5789 5956
f 5790 5956 5955
f 5791 5790 5955
f 5791 5955 5954
f 5792 5791 5954
f 5792 5954 5953
f 5793 5953 5952
f 5793 5792 5953
f 5794 5952 5951
f 5794 5793 5952
f 5795 5951 5950
f 5795 5794 5951
f 5796 5950 5949
f 5796 5795 5950
f 5797 5949 5948
f 5797 5796 5949
f 5798 5948 5947
f 5798 5797 5948
f 5799 5947 5946
f 5799 5798 5947
f 5800 5946 5945
f 5800 5799 5946
f 5801 5800 5945
f 5801 5945 5944
f 5802 5801 5944
f 5802 5944 5943
f 5803 5802 5943
f 5803 5943 5942
f 5804 5803 5942
f 5804 5942 5941
f 5805 5804 5941
f 5805 5941 5940
f 5806 5805 5940
f 5806 5940 5939
f 5807 5806 5939
f 5807 5939 5938
f 5808 5807 5938
f 5808 5938 5937
f 5809 5808 5937
f 5809 5937 5936
f 5810 5809 5936
f 5810 5936 5935
f 5811 5810 5935
f 5811 5935 5934
f 5812 5811 5934
f 5812 5934 5933
f 5813 5812 5933
f 5813 5933 5932
f 5814 5932 5931
f 5814 5813 5932
f 5815 5931 5930
f 5815 5814 5931
f 5816 5930 5929
f 5816 5815 5930
f 5817 5929 5928
f 5817 5816 5929
f 5818 5928 5927
f 5818 5817 5928
f 5819 5927 5926
f 5819 5818 5927
f 5820 5926 5925
f 5820 5819 5926
f 5821 5925 5924
f 5821 5820 5925
f 5822 5924 5923
f 5822 5821 5924
f 5823 5923 5922
f 5823 5822 5923
f 5824 5922 5921
f 5824 5823 5922
f 5825 5921 5920
f 5825 5824 5921
f 5826 5920 5919
f 5826 5825 5920
f 5827 5919 5918
f 5827 5826 5919
f 5828 5827 5918
f 5828 5918 5917
f 5829 5828 5917
f 5829 5917 5916
f 5830 5829 5916
f 5830 5916 5915
f 5831 5830 5915
f 5831 5915 5914
f 5832 5831 5914
f 5832 5914 5913
f 5833 5832 5913
f 5833 5913 5912
f 5834 5912 5911
f 5834 5833 5912
f 5835 5911 5910
f 5835 5834 5911
f 5836 5910 5909
f 5836 5835 5910
f 5837 5909 5908
f 5837 5836 5909
f 5838 5908 5907
f 5838 5837 5908
f 5839 5907 5906
f 5839 5838 5907
f 5840 5906 5905
f 5840 5839 5906
f 5841 5905 5904
f 5841 5840 5905
f 5842 5904 5903
f 5842 5841 5904
f 5843 5903 5902
f 5843 5842 5903
f 5844 5902 5901
f 5844 5843 5902
f 5845 5901 5900
f 5845 5844 5901
f 5846 5900 5899
f 5846 5845 5900
f 5847 5899 5898
f 5847 5846 5899
f 5848 5898 5897
f 5848 5847 5898
f 5849 5897 5896
f 5849 5848 5897
f 5850 5896 5895
f 5850 5849 5896
f 5851 5895 5894
f 5851 5850 5895
f 5852 5851 5894
f 5852 5894 5893
f 5853 5852 5893
f 5853 5893 5892
f 5854 5892 5891
f 5854 5853 5892
f 5855 5891 5890
f 5855 5854 5891
f 5856 5890 5889
f 5856 5855 5890
f 5857 5889 5888
f 5857 5856 5889
f 5858 5888 5887
f 5858 5857 5888
f 5859 5887 5992
f 5859 5858 5887
f 5860 5992 5991
f 5860 5859 5992
f 5861 5991 5990
f 5861 5860 5991
f 5862 5990 5989
f 5862 5861 5990
f 5863 5989 5988
f 5863 5862 5989
f 5864 5988 5987
f 5864 5863 5988
f 5865 5987 5986
f 5865 5864 5987
f 5866 5986 5985
f 5866 5865 5986
f 5867 5985 5984
f 5867 5866 5985
f 5868 5984 5983
f 5868 5867 5984
f 5869 5983 5982
f 5869 5868 5983
f 5870 5869 5982
f 5870 5982 5981
f 5871 5870 5981
f 5871 5981 5980
f 5872 5871 5980
f 5872 5980 5979
f 5873 5872 5979
f 5873 5979 5978
f 5874 5873 5978
f 5874 5978 5977
f 5875 5977 5976
f 5875 5874 5977
f 5876 5976 5975
f 5876 5875 5976
f 5877 5876 5975
f 5877 5975 5974
f 5878 5877 5974
f 5878 5974 5973
f 5879 5878 5973
f 5879 5973 5972
f 5880 5879 5972
f 5880 5972 5971
f 5881 5880 5971
f 5881 5971 5970
f 5882 5881 5970
f 5882 5970 5969
f 5883 5882 5969
f 5883 5969 5968
f 5884 5883 5968
f 5884 5968 5967
f 5885 5884 5967
f 5885 5967 5966
f 5993 6099 6152
f 5994 5993 6152
f 5994 6152 6151
f 5995 5994 6151
f 5995 6151 6150
f 5996 5995 6150
f 5996 6150 6149
f 5997 5996 6149
f 5997 6149 6148
f 5998 5997 6148
f 5998 6148 6147
f 5999 5998 6147
f 5999 6147 6146
f 6000 5999 6146
f 6000 6146 6145
f 6001 6145 6144
f 6001 6000 6145
f 6002 6144 6143
f 6002 6001 6144
f 6003 6143 6142
f 6003 6002 6143
f 6004 6142 6141
f 6004 6003 6142
f 6005 6141 6140
f 6005 6004 6141
f 6006 6140 6139
f 6006 6005 6140
f 6007 6139 6138
f 6007 6006 6139
f 6008 6138 6137
f 6008 6007 6138
f 6009 6137 6136
f 6009 6008 6137
f 6010 6136 6135
f 6010 6009 6136
f 6011 6135 6134
f 6011 6010 6135
f 6012 6134 6133
f 6012 6011 6134
f 6013 6133 6132
f 6013 6012 6133
f 6014 6013 6132
f 6014 6132 6131
f 6015 6014 6131
f 6015 6131 6130
f 6016 6015 6130
f 6016 6130 6129
f 6017 6016 6129
f 6017 6129 6128
f 6018 6017 6128
f 6018 6128 6127
f 6019 6018 6127
f 6019 6127 6126
f 6020 6019 6126
f 6020 6126 6125
f 6021 6125 6124
f 6021 6020 6125
f 6022 6021 6124
f 6022 6124 6123
f 6023 6123 6122
f 6023 6022 6123
f 6024 6122 6121
f 6024 6023 6122
f 6025 6121 6120
f 6025 6024 6121
f 6026 6120 6119
f 6026 6025 6120
f 6027 6119 6118
f 6027 6026 6119
f 6028 6118 6117
f 6028 6027 6118
f 6029 6117 6116
f 6029 6028 6117
f 6030 6116 6115
f 6030 6029 6116
f 6031 6115 6114
f 6031 6030 6115
f 6032 6114 6113
f 6032 6031 6114
f 6033 6113 6112
f 6033 6032 6113
f 6034 6112 6111
f 6034 6033 6112
f 6035 6111 6110
f 6035 6034 6111
f 6036 6110 6109
f 6036 6035 6110
f 6037 6109 6108
f 6037 6036 6109
f 6038 6108 6107
f 6038 6037 6108
f 6039 6038 6107
f 6039 6107 6106
f 6040 6039 6106
f 6040 6106 6105
f 6041 6105 6104
f 6041 6040 6105
f 6042 6104 6103
f 6042 6041 6104
f 6043 6103 6102
f 6043 6042 6103
f 6044 6102 6101
f 6044 6043 6102
f 6045 6101 6100
f 6045 6044 6101
f 6046 6045 6100
f 6046 6100 6179
f 6047 6046 6179
f 6047 6179 6178
f 6048 6047 6178
f 6048 6178 6177
f 6049 6048 6177
f 6049 6177 6176
f 6050 6049 6176
f 6050 6176 6175
f 6051 6050 6175
f 6051 6175 6174
f 6052 6051 6174
f 6052 6174 6173
f 6053 6052 6173
f 6053 6173 6172
f 6054 6053 6172
f 6054 6172 6171
f 6055 6054 6171
f 6055 6171 6170
f 6056 6055 6170
f 6056 6170 6169
f 6057 6169 6168
f 6057 6056 6169
f 6058 6168 6167
f 6058 6057 6168
f 6059 6058 6167
f 6059 6167 6166
f 6060 6166 6165
f 6060 6059 6166
f 6061 6165 6164
f 6061 6060 6165
f 6062 6164 6163
f 6062 6061 6164
f 6063 6162 6161
f 6063 6163 6162
f 6063 6062 6163
f 6064 6161 6160
f 6064 6063 6161
f 6065 6064 6160
f 6065 6160 6159
f 6066 6065 6159
f 6066 6159 6158
f 6067 6066 6158
f 6067 6158 6157
f 6068 6067 6157
f 6068 6157 6156
f 6069 6068 6156
f 6069 6156 6155
f 6070 6069 6155
f 6070 6155 6154
f 6071 6070 6154
f 6071 6154 6153
f 6072 6153 6206
f 6072 6071 6153
f 6073 6206 6205
f 6073 6072 6206
f 6074 6205 6204
f 6074 6073 6205
f 6075 6204 6203
f 6075 6074 6204
f 6076 6203 6202
f 6076 6075 6203
f 6077 6202 6201
f 6077 6076 6202
f 6078 6201 6200
f 6078 6077 6201
f 6079 6200 6199
f 6079 6078 6200
f 6080 6199 6198
f 6080 6079 6199
f 6081 6198 6197
f 6081 6080 6198
f 6082 6197 6196
f 6082 6081 6197
f 6083 6196 6195
f 6083 6082 6196
f 6084 6083 6195
f 6084 6195 6194
f 6085 6084 6194
f 6085 6194 6193
f 6086 6085 6193
f 6086 6193 6192
f 6087 6086 6192
f 6087 6192 6191
f 6088 6191 6190
f 6088 6087 6191
f 6089 6190 6189
f 6089 6088 6190
f 6090 6089 6189
f 6090 6189 6188
f 6091 6090 6188
f 6091 6188 6187
f 6092 6091 6187
f 6092 6187 6186
f 6093 6092 6186
f 6093 6186 6185
f 6094 6093 6185
f 6094 6185 6184
f 6095 6094 6184
f 6095 6184 6183
f 6096 6095 6183
f 6096 6183 6182
f 6097 6096 6182
f 6097 6182 6181
f 6098 6097 6181
f 6098 6181 6180
f 6207 6313 6340
f 6208 6207 6340
f 6208 6340 6339
f 6209 6208 6339
f 6209 6339 6338
f 6210 6338 6337
f 6210 6209 6338
f 6211 6337 6336
f 6211 6210 6337
f 6212 6336 6335
f 6212 6211 6336
f 6213 6335 6334
f 6213 6212 6335
f 6214 6334 6333
f 6214 6213 6334
f 6215 6333 6332
f 6215 6214 6333
f 6216 6332 6331
f 6216 6215 6332
f 6217 6331 6330
f 6217 6216 6331
f 6218 6330 6329
f 6218 6217 6330
f 6219 6329 6328
f 6219 6218 6329
f 6220 6328 6327
f 6220 6219 6328
f 6221 6327 6326
f 6221 6220 6327
f 6222 6326 6325
f 6222 6221 6326
f 6223 6325 6324
f 6223 6222 6325
f 6224 6324 6323
f 6224 6223 6324
f 6225 6323 6322
f 6225 6224 6323
f 6226 6322 6321
f 6226 6225 6322
f 6227 6321 6320
f 6227 6226 6321
f 6228 6227 6320
f 6228 6320 6319
f 6229 6228 6319
f 6229 6319 6318
f 6230 6318 6317
f 6230 6229 6318
f 6231 6317 6316
f 6231 6230 6317
f 6232 6231 6316
f 6232 6316 6315
f 6233 6232 6315
f 6233 6315 6314
f 6234 6233 6314
f 6234 6314 6367
f 6235 6234 6367
f 6235 6367 6366
f 6236 6235 6366
f 6236 6366 6365
f 6237 6236 6365
f 6237 6365 6364
f 6238 6237 6364
f 6238 6364 6363
f 6239 6238 6363
f 6239 6363 6362
f 6240 6239 6362
f 6240 6362 6361
f 6241 6361 6360
f 6241 6240 6361
f 6242 6241 6360
f 6242 6359 6358
f 6242 6360 6359
f 6243 6358 6357
f 6243 6242 6358
f 6244 6357 6356
f 6244 6243 6357
f 6245 6356 6355
f 6245 6244 6356
f 6246 6355 6354
f 6246 6245 6355
f 6247 6354 6353
f 6247 6246 6354
f 6248 6353 6352
f 6248 6247 6353
f 6249 6352 6351
f 6249 6248 6352
f 6250 6351 6350
f 6250 6249 6351
f 6251 6350 6349
f 6251 6250 6350
f 6252 6349 6348
f 6252 6251 6349
f 6253 6348 6347
f 6253 6252 6348
f 6254 6253 6347
f 6254 6347 6346
f 6255 6254 6346
f 6255 6346 6345
f 6256 6255 6345
f 6256 6345 6344
f 6257 6256 6344
f 6257 6344 6343
f 6258 6257 6343
f 6258 6343 6342
f 6259 6258 6342
f 6259 6342 6341
f 6260 6341 6420
f 6260 6259 6341
f 6261 6420 6419
f 6261 6260 6420
f 6262 6419 6418
f 6262 6261 6419
f 6263 6418 6417
f 6263 6262 6418
f 6264 6417 6416
f 6264 6263 6417
f 6265 6416 6415
f 6265 6264 6416
f 6266 6415 6414
f 6266 6265 6415
f 6267 6414 6413
f 6267 6266 6414
f 6268 6413 6412
f 6268 6267 6413
f 6269 6412 6411
f 6269 6268 6412
f 6270 6411 6410
f 6270 6269 6411
f 6271 6410 6409
f 6271 6270 6410
f 6272 6271 6409
f 6272 6409 6408
f 6273 6272 6408
f 6273 6408 6407
f 6274 6273 6407
f 6274 6407 6406
f 6275 6274 6406
f 6275 6406 6405
f 6276 6405 6404
f 6276 6275 6405
f 6277 6404 6403
f 6277 6276 6404
f 6278 6277 6403
f 6278 6403 6402
f 6279 6278 6402
f 6279 6402 6401
f 6280 6279 6401
f 6280 6401 6400
f 6281 6280 6400
f 6281 6400 6399
f 6282 6281 6399
f 6282 6399 6398
f 6283 6282 6398
f 6283 6398 6397
f 6284 6283 6397
f 6284 6397 6396
f 6285 6284 6396
f 6285 6396 6395
f 6286 6285 6395
f 6286 6395 6394
f 6287 6286 6394
f 6287 6394 6393
f 6288 6287 6393
f 6288 6393 6392
f 6289 6288 6392
f 6289 6392 6391
f 6290 6289 6391
f 6290 6391 6390
f 6291 6290 6390
f 6291 6390 6389
f 6292 6291 6389
f 6292 6389 6388
f 6293 6292 6388
f 6293 6388 6387
f 6294 6293 6387
f 6294 6387 6386
f 6295 6294 6386
f 6295 6386 6385
f 6296 6295 6385
f 6296 6385 6384
f 6297 6384 6383
f 6297 6296 6384
f 6298 6383 6382
f 6298 6297 6383
f 6299 6382 6381
f 6299 6298 6382
f 6300 6381 6380
f 6300 6299 6381
f 6301 6380 6379
f 6301 6300 6380
f 6302 6379 6378
f 6302 6301 6379
f 6303 6378 6377
f 6303 6302 6378
f 6304 6303 6377
f 6304 6377 6376
f 6305 6304 6376
f 6305 6376 6375
f 6306 6305 6375
f 6306 6375 6374
f 6307 6306 6374
f 6307 6374 6373
f 6308 6307 6373
f 6308 6373 6372
f 6309 6308 6372
f 6309 6372 6371
f 6310 6309 6371
f 6310 6371 6370
f 6311 6310 6370
f 6311 6370 6369
f 6312 6311 6369
f 6312 6369 6368
f 6422 6427 6428
f 6422 6428 6429
f 6422 6429 6430
f 6422 6430 6431
f 6422 6431 6432
f 6422 6432 6433
f 6422 6433 6434
f 6422 6434 6435
f 6422 6435 6436
f 6422 6436 6437
f 6422 6437 6438
f 6422 6438 6439
f 6422 6439 6440
f 6422 6440 6441
f 6422 6441 6442
f 6422 6442 6443
f 6421 6424 6422
f 6424 6425 6422
f 6425 6426 6422
f 6426 6427 6422
f 6422 6449 6423
f 6422 6448 6449
f 6422 6447 6448
f 6422 6446 6447
f 6422 6445 6446
f 6422 6444 6445
f 6422 6443 6444
f 6450 6452 6451
f 6661 6453 6452
f 6661 6452 6450
f 6660 6454 6453
f 6660 6453 6661
f 6659 6455 6454
f 6659 6454 6660
f 6658 6456 6455
f 6658 6455 6659
f 6657 6457 6456
f 6657 6456 6658
f 6656 6458 6457
f 6656 6457 6657
f 6655 6459 6458
f 6655 6458 6656
f 6654 6460 6459
f 6654 6459 6655
f 6653 6461 6460
f 6653 6460 6654
f 6652 6462 6461
f 6652 6461 6653
f 6651 6463 6462
f 6651 6462 6652
f 6650 6464 6463
f 6650 6463 6651
f 6649 6465 6464
f 6649 6464 6650
f 6648 6466 6465
f 6648 6465 6649
f 6647 6467 6466
f 6647 6466 6648
f 6646 6468 6467
f 6646 6467 6647
f 6645 6469 6468
f 6645 6468 6646
f 6644 6470 6469
f 6644 6469 6645
f 6643 6471 6470
f 6643 6470 6644
f 6642 6472 6471
f 6642 6471 6643
f 6641 6473 6472
f 6641 6472 6642
f 6640 6473 6641
f 6640 6474 6473
f 6639 6474 6640
f 6639 6475 6474
f 6638 6475 6639
f 6638 6476 6475
f 6637 6476 6638
f 6637 6477 6476
f 6636 6477 6637
f 6636 6478 6477
f 6635 6478 6636
f 6635 6479 6478
f 6634 6479 6635
f 6634 6480 6479
f 6633 6481 6480
f 6633 6480 6634
f 6632 6482 6481
f 6632 6481 6633
f 6631 6483 6482
f 6631 6482 6632
f 6630 6484 6483
f 6630 6483 6631
f 6629 6485 6484
f 6629 6484 6630
f 6628 6486 6485
f 6628 6485 6629
f 6627 6487 6486
f 6627 6486 6628
f 6626 6488 6487
f 6626 6487 6627
f 6625 6489 6488
f 6625 6488 6626
f 6624 6490 6489
f 6624 6489 6625
f 6623 6491 6490
f 6623 6490 6624
f 6622 6492 6491
f 6622 6491 6623
f 6621 6493 6492
f 6621 6492 6622
f 6620 6494 6493
f 6620 6493 6621
f 6619 6495 6494
f 6619 6494 6620
f 6618 6496 6495
f 6618 6495 6619
f 6617 6497 6496
f 6617 6496 6618
f 6616 6498 6497
f 6616 6497 6617
f 6615 6498 6616
f 6615 6499 6498
f 6614 6499 6615
f 6614 6500 6499
f 6613 6500 6614
f 6613 6501 6500
f 6612 6501 6613
f 6612 6502 6501
f 6611 6502 6612
f 6611 6503 6502
f 6610 6503 6611
f 6610 6504 6503
f 6609 6504 6610
f 6609 6505 6504
f 6608 6505 6609
f 6608 6506 6505
f 6607 6506 6608
f 6607 6507 6506
f 6606 6507 6607
f 6606 6508 6507
f 6605 6508 6606
f 6605 6509 6508
f 6604 6509 6605
f 6604 6510 6509
f 6603 6510 6604
f 6603 6511 6510
f 6602 6511 6603
f 6602 6512 6511
f 6601 6512 6602
f 6601 6513 6512
f 6600 6514 6513
f 6600 6513 6601
f 6599 6515 6514
f 6599 6514 6600
f 6598 6516 6515
f 6598 6515 6599
f 6597 6517 6516
f 6597 6516 6598
f 6596 6518 6517
f 6596 6517 6597
f 6595 6519 6518
f 6595 6518 6596
f 6594 6520 6519
f 6594 6519 6595
f 6593 6521 6520
f 6593 6520 6594
f 6592 6522 6521
f 6592 6521 6593
f 6591 6523 6522
f 6591 6522 6592
f 6590 6523 6591
f 6590 6524 6523
f 6589 6524 6590
f 6589 6525 6524
f 6588 6525 6589
f 6588 6526 6525
f 6587 6526 6588
f 6587 6527 6526
f 6586 6527 6587
f 6586 6528 6527
f 6585 6528 6586
f 6585 6529 6528
f 6584 6529 6585
f 6584 6530 6529
f 6583 6530 6584
f 6583 6531 6530
f 6582 6531 6583
f 6582 6532 6531
f 6581 6532 6582
f 6581 6533 6532
f 6580 6533 6581
f 6580 6534 6533
f 6579 6534 6580
f 6579 6535 6534
f 6578 6535 6579
f 6578 6536 6535
f 6577 6536 6578
f 6577 6537 6536
f 6576 6537 6577
f 6576 6538 6537
f 6575 6538 6576
f 6575 6539 6538
f 6574 6539 6575
f 6574 6540 6539
f 6573 6540 6574
f 6573 6541 6540
f 6572 6541 6573
f 6572 6542 6541
f 6571 6542 6572
f 6571 6543 6542
f 6570 6543 6571
f 6570 6544 6543
f 6569 6544 6570
f 6569 6545 6544
f 6568 6545 6569
f 6568 6546 6545
f 6567 6546 6568
f 6567 6547 6546
f 6566 6548 6547
f 6566 6547 6567
f 6565 6548 6566
f 6565 6549 6548
f 6564 6549 6565
f 6564 6550 6549
f 6563 6551 6550
f 6563 6550 6564
f 6562 6552 6551
f 6562 6551 6563
f 6561 6553 6552
f 6561 6552 6562
f 6560 6554 6553
f 6560 6553 6561
f 6559 6555 6554
f 6559 6554 6560
f 6558 6556 6555
f 6558 6555 6559
f 6557 6556 6558
f 6859 6675 6676
f 6858 6676 6677
f 6858 6859 6676
f 6860 6674 6675
f 6860 6675 6859
f 6857 6677 6678
f 6857 6858 6677
f 6861 6673 6674
f 6861 6674 6860
f 6856 6857 6678
f 6862 6672 6673
f 6862 6673 6861
f 6855 6678 6679
f 6855 6679 6680
f 6855 6856 6678
f 6863 6671 6672
f 6863 6672 6862
f 6854 6855 6680
f 6854 6680 6681
f 6864 6670 6671
f 6864 6671 6863
f 6853 6854 6681
f 6865 6669 6670
f 6865 6670 6864
f 6852 6681 6682
f 6852 6853 6681
f 6866 6668 6669
f 6866 6669 6865
f 6851 6682 6683
f 6851 6852 6682
f 6867 6667 6668
f 6867 6668 6866
f 6850 6683 6684
f 6850 6851 6683
f 6868 6666 6667
f 6868 6667 6867
f 6849 6850 6684
f 6849 6684 6685
f 6869 6665 6666
f 6869 6666 6868
f 6848 6685 6686
f 6848 6686 6687
f 6848 6849 6685
f 6870 6664 6665
f 6870 6665 6869
f 6847 6687 6688
f 6847 6848 6687
f 6871 6663 6664
f 6871 6664 6870
f 6846 6847 6688
f 6767 6662 6663
f 6767 6663 6871
f 6845 6688 6689
f 6845 6846 6688
f 6768 6766 6662
f 6768 6662 6767
f 6844 6689 6690
f 6844 6845 6689
f 6769 6765 6766
f 6769 6766 6768
f 6843 6690 6691
f 6843 6691 6692
f 6843 6844 6690
f 6770 6764 6765
f 6770 6765 6769
f 6842 6843 6692
f 6842 6692 6693
f 6771 6763 6764
f 6771 6764 6770
f 6841 6693 6694
f 6841 6842 6693
f 6772 6762 6763
f 6772 6763 6771
f 6840 6841 6694
f 6773 6762 6772
f 6773 6761 6762
f 6839 6694 6695
f 6839 6840 6694
f 6774 6761 6773
f 6774 6760 6761
f 6838 6695 6696
f 6838 6696 6697
f 6838 6839 6695
f 6775 6760 6774
f 6775 6759 6760
f 6837 6697 6698
f 6837 6838 6697
f 6776 6759 6775
f 6776 6758 6759
f 6836 6698 6699
f 6836 6837 6698
f 6777 6757 6758
f 6777 6758 6776
f 6835 6699 6700
f 6835 6836 6699
f 6778 6757 6777
f 6778 6756 6757
f 6834 6835 6700
f 6779 6756 6778
f 6779 6755 6756
f 6833 6700 6701
f 6833 6834 6700
f 6780 6755 6779
f 6780 6754 6755
f 6781 6754 6780
f 6702 6833 6701
f 6702 6832 6833
f 6753 6754 6781
f 6753 6781 6782
f 6703 6832 6702
f 6703 6831 6832
f 6752 6753 6782
f 6704 6831 6703
f 6704 6830 6831
f 6751 6782 6783
f 6751 6752 6782
f 6705 6830 6704
f 6705 6829 6830
f 6750 6783 6784
f 6750 6751 6783
f 6706 6828 6829
f 6706 6829 6705
f 6749 6784 6785
f 6749 6750 6784
f 6707 6827 6828
f 6707 6828 6706
f 6748 6785 6786
f 6748 6786 6787
f 6748 6749 6785
f 6708 6827 6707
f 6708 6825 6826
f 6708 6826 6827
f 6747 6787 6788
f 6747 6748 6787
f 6709 6825 6708
f 6746 6747 6788
f 6746 6788 6789
f 6710 6824 6825
f 6710 6825 6709
f 6745 6746 6789
f 6711 6824 6710
f 6711 6823 6824
f 6744 6789 6790
f 6744 6790 6791
f 6744 6745 6789
f 6712 6822 6823
f 6712 6823 6711
f 6743 6791 6792
f 6743 6744 6791
f 6713 6822 6712
f 6713 6821 6822
f 6742 6792 6793
f 6742 6743 6792
f 6714 6820 6821
f 6714 6821 6713
f 6741 6742 6793
f 6741 6793 6794
f 6715 6819 6820
f 6715 6820 6714
f 6740 6794 6795
f 6740 6741 6794
f 6716 6819 6715
f 6716 6818 6819
f 6739 6795 6796
f 6739 6740 6795
f 6717 6817 6818
f 6717 6818 6716
f 6738 6739 6796
f 6738 6796 6797
f 6718 6816 6817
f 6718 6817 6717
f 6737 6738 6797
f 6719 6815 6816
f 6719 6816 6718
f 6736 6797 6798
f 6736 6798 6799
f 6736 6737 6797
f 6720 6815 6719
f 6720 6814 6815
f 6735 6799 6800
f 6735 6736 6799
f 6721 6813 6814
f 6721 6814 6720
f 6734 6735 6800
f 6722 6813 6721
f 6722 6812 6813
f 6733 6800 6801
f 6733 6734 6800
f 6723 6812 6722
f 6723 6811 6812
f 6732 6801 6802
f 6732 6802 6803
f 6732 6733 6801
f 6724 6811 6723
f 6724 6810 6811
f 6731 6732 6803
f 6725 6810 6724
f 6725 6809 6810
f 6730 6803 6804
f 6730 6731 6803
f 6726 6809 6725
f 6726 6808 6809
f 6729 6730 6804
f 6729 6804 6805
f 6727 6808 6726
f 6727 6806 6807
f 6727 6807 6808
f 6728 6729 6805
f 6728 6806 6727
f 6728 6805 6806
f 7069 6885 6886
f 7068 6886 6887
f 7068 7069 6886
f 7070 6884 6885
f 7070 6885 7069
f 7067 7068 6887
f 7071 6883 6884
f 7071 6884 7070
f 7066 6887 6888
f 7066 6888 6889
f 7066 7067 6887
f 7072 6882 6883
f 7072 6883 7071
f 7065 6889 6890
f 7065 7066 6889
f 7073 6881 6882
f 7073 6882 7072
f 7064 6890 6891
f 7064 7065 6890
f 7074 6880 6881
f 7074 6881 7073
f 7063 7064 6891
f 7063 6891 6892
f 7075 6879 6880
f 7075 6880 7074
f 7062 7063 6892
f 7076 6878 6879
f 7076 6879 7075
f 7061 6892 6893
f 7061 6893 6894
f 7061 7062 6892
f 7077 6878 7076
f 7077 6877 6878
f 7060 6894 6895
f 7060 7061 6894
f 7078 6876 6877
f 7078 6877 7077
f 7059 7060 6895
f 7059 6895 6896
f 7079 6875 6876
f 7079 6876 7078
f 7058 6896 6897
f 7058 7059 6896
f 7080 6874 6875
f 7080 6875 7079
f 7057 7058 6897
f 7057 6897 6898
f 7081 6873 6874
f 7081 6874 7080
f 7056 7057 6898
f 7056 6898 6899
f 6977 6872 6873
f 6977 6873 7081
f 7055 7056 6899
f 6978 6976 6872
f 6978 6872 6977
f 7054 7055 6899
f 7054 6899 6900
f 7054 6900 6901
f 6979 6975 6976
f 6979 6976 6978
f 7053 7054 6901
f 6980 6974 6975
f 6980 6975 6979
f 7052 6901 6902
f 7052 6902 6903
f 7052 7053 6901
f 6981 6973 6974
f 6981 6974 6980
f 7051 7052 6903
f 7051 6903 6904
f 6982 6972 6973
f 6982 6973 6981
f 7050 7051 6904
f 6983 6972 6982
f 6983 6971 6972
f 7049 6904 6905
f 7049 7050 6904
f 6984 6971 6983
f 6984 6970 6971
f 7048 6905 6906
f 7048 7049 6905
f 6985 6970 6984
f 6985 6969 6970
f 7047 7048 6906
f 7047 6906 6907
f 6986 6969 6985
f 6986 6968 6969
f 7046 6907 6908
f 7046 6908 6909
f 7046 7047 6907
f 6987 6967 6968
f 6987 6968 6986
f 7045 7046 6909
f 6988 6967 6987
f 6988 6966 6967
f 7044 7045 6909
f 7044 6909 6910
f 6989 6966 6988
f 6989 6965 6966
f 6911 7044 6910
f 7043 7044 6911
f 6990 6965 6989
f 6990 6964 6965
f 6912 7043 6911
f 6912 7042 7043
f 6963 6990 6991
f 6963 6991 6992
f 6963 6964 6990
f 6913 7042 6912
f 6913 7041 7042
f 6962 6963 6992
f 6914 7041 6913
f 6914 7040 7041
f 6961 6992 6993
f 6961 6993 6994
f 6961 6962 6992
f 6915 7040 6914
f 6915 7039 7040
f 6960 6961 6994
f 6916 7038 7039
f 6916 7039 6915
f 6959 6994 6995
f 6959 6995 6996
f 6959 6960 6994
f 6917 7037 7038
f 6917 7038 6916
f 6958 6959 6996
f 6918 7037 6917
f 6918 7036 7037
f 6957 6996 6997
f 6957 6958 6996
f 6919 7036 6918
f 6919 7035 7036
f 6956 6997 6998
f 6956 6957 6997
f 6920 7035 6919
f 6920 7034 7035
f 6955 6998 6999
f 6955 6999 7000
f 6955 6956 6998
f 6921 7034 6920
f 6921 7033 7034
f 6954 6955 7000
f 6922 7032 7033
f 6922 7033 6921
f 6953 7000 7001
f 6953 6954 7000
f 6923 7031 7032
f 6923 7032 6922
f 6952 7001 7002
f 6952 7002 7003
f 6952 6953 7001
f 6924 7031 6923
f 6924 7030 7031
f 6951 7003 7004
f 6951 6952 7003
f 6925 7029 7030
f 6925 7030 6924
f 6950 6951 7004
f 6950 7004 7005
f 6926 7029 6925
f 6926 7028 7029
f 6949 6950 7005
f 6949 7005 7006
f 6927 7027 7028
f 6927 7028 6926
f 6948 6949 7006
f 6928 7026 7027
f 6928 7027 6927
f 6947 7006 7007
f 6947 6948 7006
f 6929 7025 7026
f 6929 7026 6928
f 6946 6947 7007
f 6946 7007 7008
f 6946 7008 7009
f 6930 7025 6929
f 6930 7024 7025
f 6945 7009 7010
f 6945 6946 7009
f 6931 7023 7024
f 6931 7024 6930
f 6944 6945 7010
f 6932 7023 6931
f 6932 7022 7023
f 6943 6944 7010
f 6943 7010 7011
f 6943 7011 7012
f 6933 7022 6932
f 6933 7021 7022
f 6942 6943 7012
f 6934 7021 6933
f 6934 7020 7021
f 6941 7012 7013
f 6941 6942 7012
f 6935 7020 6934
f 6935 7019 7020
f 6940 7013 7014
f 6940 6941 7013
f 6936 7019 6935
f 6936 7018 7019
f 6939 6940 7014
f 6939 7014 7015
f 6939 7015 7016
f 6937 7018 6936
f 6937 7017 7018
f 6938 6939 7016
f 6938 7017 6937
f 6938 7016 7017
f 7279 7095 7096
f 7278 7096 7097
f 7278 7279 7096
f 7280 7094 7095
f 7280 7095 7279
f 7277 7097 7098
f 7277 7278 7097
f 7281 7093 7094
f 7281 7094 7280
f 7276 7098 7099
f 7276 7277 7098
f 7282 7092 7093
f 7282 7093 7281
f 7275 7099 7100
f 7275 7276 7099
f 7283 7091 7092
f 7283 7092 7282
f 7274 7275 7100
f 7284 7090 7091
f 7284 7091 7283
f 7273 7274 7100
f 7273 7100 7101
f 7273 7101 7102
f 7285 7089 7090
f 7285 7090 7284
f 7272 7273 7102
f 7286 7088 7089
f 7286 7089 7285
f 7271 7102 7103
f 7271 7103 7104
f 7271 7272 7102
f 7287 7088 7286
f 7287 7087 7088
f 7270 7104 7105
f 7270 7271 7104
f 7288 7086 7087
f 7288 7087 7287
f 7269 7105 7106
f 7269 7270 7105
f 7289 7085 7086
f 7289 7086 7288
f 7268 7106 7107
f 7268 7269 7106
f 7290 7084 7085
f 7290 7085 7289
f 7267 7107 7108
f 7267 7268 7107
f 7291 7083 7084
f 7291 7084 7290
f 7266 7267 7108
f 7266 7108 7109
f 7187 7082 7083
f 7187 7083 7291
f 7265 7266 7109
f 7265 7109 7110
f 7188 7186 7082
f 7188 7082 7187
f 7264 7110 7111
f 7264 7265 7110
f 7189 7185 7186
f 7189 7186 7188
f 7263 7111 7112
f 7263 7264 7111
f 7190 7184 7185
f 7190 7185 7189
f 7262 7112 7113
f 7262 7263 7112
f 7191 7183 7184
f 7191 7184 7190
f 7261 7113 7114
f 7261 7262 7113
f 7192 7182 7183
f 7192 7183 7191
f 7260 7114 7115
f 7260 7261 7114
f 7193 7182 7192
f 7193 7181 7182
f 7259 7260 7115
f 7194 7181 7193
f 7194 7180 7181
f 7258 7115 7116
f 7258 7259 7115
f 7195 7180 7194
f 7195 7179 7180
f 7257 7116 7117
f 7257 7258 7116
f 7196 7179 7195
f 7196 7178 7179
f 7256 7117 7118
f 7256 7118 7119
f 7256 7257 7117
f 7197 7177 7178
f 7197 7178 7196
f 7255 7256 7119
f 7198 7177 7197
f 7198 7176 7177
f 7254 7255 7119
f 7254 7119 7120
f 7199 7176 7198
f 7199 7175 7176
f 7121 7254 7120
f 7253 7254 7121
f 7200 7175 7199
f 7200 7174 7175
f 7122 7253 7121
f 7122 7252 7253
f 7173 7200 7201
f 7173 7174 7200
f 7123 7252 7122
f 7123 7251 7252
f 7172 7201 7202
f 7172 7202 7203
f 7172 7173 7201
f 7124 7251 7123
f 7124 7250 7251
f 7171 7203 7204
f 7171 7172 7203
f 7125 7250 7124
f 7125 7249 7250
f 7170 7204 7205
f 7170 7171 7204
f 7126 7248 7249
f 7126 7249 7125
f 7169 7170 7205
f 7127 7247 7248
f 7127 7248 7126
f 7168 7205 7206
f 7168 7206 7207
f 7168 7169 7205
f 7128 7247 7127
f 7128 7246 7247
f 7167 7168 7207
f 7129 7246 7128
f 7129 7245 7246
f 7166 7207 7208
f 7166 7208 7209
f 7166 7167 7207
f 7130 7245 7129
f 7130 7244 7245
f 7165 7209 7210
f 7165 7166 7209
f 7131 7244 7130
f 7131 7243 7244
f 7164 7210 7211
f 7164 7165 7210
f 7132 7242 7243
f 7132 7243 7131
f 7163 7211 7212
f 7163 7164 7211
f 7133 7242 7132
f 7133 7241 7242
f 7162 7212 7213
f 7162 7163 7212
f 7134 7240 7241
f 7134 7241 7133
f 7161 7213 7214
f 7161 7162 7213
f 7135 7239 7240
f 7135 7240 7134
f 7160 7161 7214
f 7136 7238 7239
f 7136 7239 7135
f 7159 7214 7215
f 7159 7215 7216
f 7159 7160 7214
f 7137 7237 7238
f 7137 7238 7136
f 7158 7159 7216
f 7138 7236 7237
f 7138 7237 7137
f 7157 7216 7217
f 7157 7217 7218
f 7157 7158 7216
f 7139 7236 7138
f 7139 7235 7236
f 7156 7157 7218
f 7156 7218 7219
f 7140 7234 7235
f 7140 7235 7139
f 7155 7156 7219
f 7155 7219 7220
f 7141 7233 7234
f 7141 7234 7140
f 7154 7155 7220
f 7142 7233 7141
f 7142 7232 7233
f 7153 7220 7221
f 7153 7221 7222
f 7153 7154 7220
f 7143 7232 7142
f 7143 7231 7232
f 7152 7153 7222
f 7144 7231 7143
f 7144 7230 7231
f 7151 7152 7222
f 7151 7222 7223
f 7151 7223 7224
f 7145 7230 7144
f 7145 7229 7230
f 7150 7151 7224
f 7146 7229 7145
f 7146 7228 7229
f 7149 7150 7224
f 7149 7224 7225
f 7149 7225 7226
f 7147 7228 7146
f 7147 7227 7228
f 7148 7149 7226
f 7148 7227 7147
f 7148 7226 7227
f 7489 7305 7306
f 7488 7306 7307
f 7488 7489 7306
f 7490 7304 7305
f 7490 7305 7489
f 7487 7488 7307
f 7491 7303 7304
f 7491 7304 7490
f 7486 7307 7308
f 7486 7308 7309
f 7486 7487 7307
f 7492 7302 7303
f 7492 7303 7491
f 7485 7309 7310
f 7485 7486 7309
f 7493 7301 7302
f 7493 7302 7492
f 7484 7310 7311
f 7484 7485 7310
f 7494 7300 7301
f 7494 7301 7493
f 7483 7311 7312
f 7483 7484 7311
f 7495 7299 7300
f 7495 7300 7494
f 7482 7483 7312
f 7482 7312 7313
f 7496 7299 7495
f 7496 7298 7299
f 7481 7313 7314
f 7481 7482 7313
f 7497 7297 7298
f 7497 7298 7496
f 7480 7481 7314
f 7480 7314 7315
f 7498 7296 7297
f 7498 7297 7497
f 7479 7315 7316
f 7479 7480 7315
f 7499 7295 7296
f 7499 7296 7498
f 7478 7479 7316
f 7500 7294 7295
f 7500 7295 7499
f 7477 7316 7317
f 7477 7317 7318
f 7477 7478 7316
f 7501 7293 7294
f 7501 7294 7500
f 7476 7477 7318
f 7476 7318 7319
f 7397 7292 7293
f 7397 7293 7501
f 7475 7476 7319
f 7398 7396 7292
f 7398 7292 7397
f 7474 7319 7320
f 7474 7320 7321
f 7474 7475 7319
f 7399 7395 7396
f 7399 7396 7398
f 7473 7321 7322
f 7473 7474 7321
f 7400 7394 7395
f 7400 7395 7399
f 7472 7322 7323
f 7472 7473 7322
f 7401 7393 7394
f 7401 7394 7400
f 7471 7323 7324
f 7471 7472 7323
f 7402 7392 7393
f 7402 7393 7401
f 7470 7324 7325
f 7470 7471 7324
f 7403 7392 7402
f 7403 7391 7392
f 7469 7470 7325
f 7469 7325 7326
f 7404 7391 7403
f 7404 7390 7391
f 7468 7326 7327
f 7468 7469 7326
f 7405 7390 7404
f 7405 7389 7390
f 7467 7468 7327
f 7406 7389 7405
f 7406 7388 7389
f 7466 7327 7328
f 7466 7328 7329
f 7466 7467 7327
f 7407 7387 7388
f 7407 7388 7406
f 7465 7466 7329
f 7465 7329 7330
f 7408 7387 7407
f 7408 7386 7387
f 7464 7465 7330
f 7409 7386 7408
f 7409 7385 7386
f 7463 7330 7331
f 7463 7464 7330
f 7410 7385 7409
f 7410 7384 7385
f 7332 7463 7331
f 7332 7462 7463
f 7383 7384 7410
f 7383 7410 7411
f 7333 7462 7332
f 7333 7461 7462
f 7382 7411 7412
f 7382 7412 7413
f 7382 7383 7411
f 7334 7461 7333
f 7334 7460 7461
f 7381 7382 7413
f 7335 7460 7334
f 7335 7459 7460
f 7380 7381 7413
f 7380 7413 7414
f 7336 7458 7459
f 7336 7459 7335
f 7379 7414 7415
f 7379 7415 7416
f 7379 7380 7414
f 7337 7457 7458
f 7337 7458 7336
f 7378 7416 7417
f 7378 7379 7416
f 7338 7457 7337
f 7338 7456 7457
f 7377 7378 7417
f 7339 7456 7338
f 7339 7455 7456
f 7376 7377 7417
f 7376 7417 7418
f 7376 7418 7419
f 7340 7455 7339
f 7340 7454 7455
f 7375 7376 7419
f 7341 7454 7340
f 7341 7453 7454
f 7374 7375 7419
f 7374 7419 7420
f 7342 7452 7453
f 7342 7453 7341
f 7373 7420 7421
f 7373 7374 7420
f 7343 7452 7342
f 7343 7451 7452
f 7372 7421 7422
f 7372 7422 7423
f 7372 7373 7421
f 7344 7450 7451
f 7344 7451 7343
f 7371 7423 7424
f 7371 7372 7423
f 7345 7450 7344
f 7345 7448 7449
f 7345 7449 7450
f 7370 7424 7425
f 7370 7371 7424
f 7346 7448 7345
f 7369 7425 7426
f 7369 7370 7425
f 7347 7447 7448
f 7347 7448 7346
f 7368 7369 7426
f 7348 7447 7347
f 7348 7446 7447
f 7367 7426 7427
f 7367 7427 7428
f 7367 7368 7426
f 7349 7445 7446
f 7349 7446 7348
f 7366 7428 7429
f 7366 7367 7428
f 7350 7444 7445
f 7350 7445 7349
f 7365 7366 7429
f 7365 7429 7430
f 7351 7443 7444
f 7351 7444 7350
f 7364 7365 7430
f 7352 7443 7351
f 7352 7442 7443
f 7363 7364 7430
f 7363 7430 7431
f 7363 7431 7432
f 7353 7442 7352
f 7353 7441 7442
f 7362 7363 7432
f 7354 7441 7353
f 7354 7440 7441
f 7361 7362 7432
f 7361 7432 7433
f 7361 7433 7434
f 7355 7440 7354
f 7355 7439 7440
f 7360 7361 7434
f 7356 7439 7355
f 7356 7438 7439
f 7359 7360 7434
f 7359 7434 7435
f 7357 7438 7356
f 7357 7437 7438
f 7358 7359 7435
f 7358 7437 7357
f 7358 7435 7436
f 7358 7436 7437
f 7566 7567 7568
f 7571 7568 7569
f 7571 7569 7570
f 7563 7566 7568
f 7563 7564 7565
f 7563 7565 7566
f 7574 7572 7573
f 7561 7562 7563
f 7575 7572 7574
f 7575 7571 7572
f 7577 7575 7576
f 7578 7575 7577
f 7557 7558 7559
f 7581 7575 7578
f 7581 7578 7579
f 7581 7579 7580
f 7552 7553 7554
f 7552 7554 7555
f 7552 7555 7556
f 7585 7581 7582
f 7585 7582 7583
f 7585 7583 7584
f 7550 7551 7552
f 7588 7585 7586
f 7588 7586 7587
f 7547 7548 7549
f 7547 7549 7550
f 7589 7585 7588
f 7591 7589 7590
f 7544 7545 7546
f 7592 7589 7591
f 7593 7585 7589
f 7593 7581 7585
f 7593 7589 7592
f 7542 7544 7546
f 7542 7543 7544
f 7542 7546 7547
f 7541 7542 7547
f 7595 7563 7568
f 7595 7568 7571
f 7595 7575 7581
f 7595 7571 7575
f 7595 7581 7593
f 7595 7593 7594
f 7539 7540 7541
f 7597 7595 7596
f 7538 7539 7541
f 7599 7563 7595
f 7599 7595 7597
f 7599 7597 7598
f 7535 7536 7537
f 7602 7563 7599
f 7602 7561 7563
f 7602 7559 7560
f 7602 7560 7561
f 7602 7599 7600
f 7602 7600 7601
f 7604 7602 7603
f 7605 7602 7604
f 7530 7538 7541
f 7530 7531 7532
f 7530 7532 7533
f 7530 7533 7534
f 7530 7534 7535
f 7530 7537 7538
f 7530 7535 7537
f 7606 7602 7605
f 7528 7529 7530
f 7503 7606 7502
f 7527 7528 7530
f 7527 7530 7541
f 7504 7606 7503
f 7505 7559 7602
f 7505 7557 7559
f 7505 7556 7557
f 7505 7602 7606
f 7505 7552 7556
f 7505 7606 7504
f 7525 7526 7527
f 7522 7523 7524
f 7522 7524 7525
f 7509 7507 7508
f 7521 7522 7525
f 7510 7507 7509
f 7511 7506 7507
f 7511 7507 7510
f 7519 7520 7521
f 7519 7521 7525
f 7512 7505 7506
f 7512 7541 7547
f 7512 7552 7505
f 7512 7550 7552
f 7512 7547 7550
f 7512 7506 7511
f 7517 7518 7519
f 7517 7519 7525
f 7514 7512 7513
f 7515 7517 7525
f 7515 7512 7514
f 7515 7516 7517
f 7515 7527 7541
f 7515 7525 7527
f 7515 7541 7512
f 7607 7609 7608
f 7818 7610 7609
f 7818 7609 7607
f 7817 7611 7610
f 7817 7610 7818
f 7816 7612 7611
f 7816 7611 7817
f 7815 7613 7612
f 7815 7612 7816
f 7814 7614 7613
f 7814 7613 7815
f 7813 7615 7614
f 7813 7614 7814
f 7812 7616 7615
f 7812 7615 7813
f 7811 7617 7616
f 7811 7616 7812
f 7810 7618 7617
f 7810 7617 7811
f 7809 7619 7618
f 7809 7618 7810
f 7808 7620 7619
f 7808 7619 7809
f 7807 7621 7620
f 7807 7620 7808
f 7806 7622 7621
f 7806 7621 7807
f 7805 7623 7622
f 7805 7622 7806
f 7804 7624 7623
f 7804 7623 7805
f 7803 7625 7624
f 7803 7624 7804
f 7802 7626 7625
f 7802 7625 7803
f 7801 7627 7626
f 7801 7626 7802
f 7800 7628 7627
f 7800 7627 7801
f 7799 7629 7628
f 7799 7628 7800
f 7798 7630 7629
f 7798 7629 7799
f 7797 7630 7798
f 7797 7631 7630
f 7796 7631 7797
f 7796 7632 7631
f 7795 7632 7796
f 7795 7633 7632
f 7794 7633 7795
f 7794 7634 7633
f 7793 7634 7794
f 7793 7635 7634
f 7792 7635 7793
f 7792 7636 7635
f 7791 7636 7792
f 7791 7637 7636
f 7790 7638 7637
f 7790 7637 7791
f 7789 7639 7638
f 7789 7638 7790
f 7788 7640 7639
f 7788 7639 7789
f 7787 7641 7640
f 7787 7640 7788
f 7786 7642 7641
f 7786 7641 7787
f 7785 7643 7642
f 7785 7642 7786
f 7784 7644 7643
f 7784 7643 7785
f 7783 7645 7644
f 7783 7644 7784
f 7782 7646 7645
f 7782 7645 7783
f 7781 7647 7646
f 7781 7646 7782
f 7780 7648 7647
f 7780 7647 7781
f 7779 7649 7648
f 7779 7648 7780
f 7778 7650 7649
f 7778 7649 7779
f 7777 7651 7650
f 7777 7650 7778
f 7776 7652 7651
f 7776 7651 7777
f 7775 7653 7652
f 7775 7652 7776
f 7774 7654 7653
f 7774 7653 7775
f 7773 7655 7654
f 7773 7654 7774
f 7772 7655 7773
f 7772 7656 7655
f 7771 7656 7772
f 7771 7657 7656
f 7770 7657 7771
f 7770 7658 7657
f 7769 7658 7770
f 7769 7659 7658
f 7768 7659 7769
f 7768 7660 7659
f 7767 7660 7768
f 7767 7661 7660
f 7766 7661 7767
f 7766 7662 7661
f 7765 7662 7766
f 7765 7663 7662
f 7764 7663 7765
f 7764 7664 7663
f 7763 7664 7764
f 7763 7665 7664
f 7762 7665 7763
f 7762 7666 7665
f 7761 7666 7762
f 7761 7667 7666
f 7760 7667 7761
f 7760 7668 7667
f 7759 7668 7760
f 7759 7669 7668
f 7758 7669 7759
f 7758 7670 7669
f 7757 7671 7670
f 7757 7670 7758
f 7756 7672 7671
f 7756 7671 7757
f 7755 7673 7672
f 7755 7672 7756
f 7754 7674 7673
f 7754 7673 7755
f 7753 7675 7674
f 7753 7674 7754
f 7752 7676 7675
f 7752 7675 7753
f 7751 7677 7676
f 7751 7676 7752
f 7750 7678 7677
f 7750 7677 7751
f 7749 7679 7678
f 7749 7678 7750
f 7748 7680 7679
f 7748 7679 7749
f 7747 7680 7748
f 7747 7681 7680
f 7746 7681 7747
f 7746 7682 7681
f 7745 7682 7746
f 7745 7683 7682
f 7744 7683 7745
f 7744 7684 7683
f 7743 7684 7744
f 7743 7685 7684
f 7742 7685 7743
f 7742 7686 7685
f 7741 7686 7742
f 7741 7687 7686
f 7740 7687 7741
f 7740 7688 7687
f 7739 7688 7740
f 7739 7689 7688
f 7738 7689 7739
f 7738 7690 7689
f 7737 7690 7738
f 7737 7691 7690
f 7736 7691 7737
f 7736 7692 7691
f 7735 7692 7736
f 7735 7693 7692
f 7734 7693 7735
f 7734 7694 7693
f 7733 7694 7734
f 7733 7695 7694
f 7732 7695 7733
f 7732 7696 7695
f 7731 7696 7732
f 7731 7697 7696
f 7730 7697 7731
f 7730 7698 7697
f 7729 7698 7730
f 7729 7699 7698
f 7728 7699 7729
f 7728 7700 7699
f 7727 7700 7728
f 7727 7701 7700
f 7726 7701 7727
f 7726 7702 7701
f 7725 7702 7726
f 7725 7703 7702
f 7724 7703 7725
f 7724 7704 7703
f 7723 7705 7704
f 7723 7704 7724
f 7722 7705 7723
f 7722 7706 7705
f 7721 7706 7722
f 7721 7707 7706
f 7720 7708 7707
f 7720 7707 7721
f 7719 7709 7708
f 7719 7708 7720
f 7718 7710 7709
f 7718 7709 7719
f 7717 7711 7710
f 7717 7710 7718
f 7716 7712 7711
f 7716 7711 7717
f 7715 7713 7712
f 7715 7712 7716
f 7714 7713 7715
f 7819 7821 7820
f 8030 7822 7821
f 8030 7821 7819
f 8029 7823 7822
f 8029 7822 8030
f 8028 7824 7823
f 8028 7823 8029
f 8027 7825 7824
f 8027 7824 8028
f 8026 7826 7825
f 8026 7825 8027
f 8025 7827 7826
f 8025 7826 8026
f 8024 7828 7827
f 8024 7827 8025
f 8023 7829 7828
f 8023 7828 8024
f 8022 7830 7829
f 8022 7829 8023
f 8021 7831 7830
f 8021 7830 8022
f 8020 7832 7831
f 8020 7831 8021
f 8019 7833 7832
f 8019 7832 8020
f 8018 7834 7833
f 8018 7833 8019
f 8017 7835 7834
f 8017 7834 8018
f 8016 7836 7835
f 8016 7835 8017
f 8015 7837 7836
f 8015 7836 8016
f 8014 7838 7837
f 8014 7837 8015
f 8013 7839 7838
f 8013 7838 8014
f 8012 7840 7839
f 8012 7839 8013
f 8011 7841 7840
f 8011 7840 8012
f 8010 7842 7841
f 8010 7841 8011
f 8009 7842 8010
f 8009 7843 7842
f 8008 7843 8009
f 8008 7844 7843
f 8007 7844 8008
f 8007 7845 7844
f 8006 7845 8007
f 8006 7846 7845
f 8005 7846 8006
f 8005 7847 7846
f 8004 7847 8005
f 8004 7848 7847
f 8003 7848 8004
f 8003 7849 7848
f 8002 7850 7849
f 8002 7849 8003
f 8001 7851 7850
f 8001 7850 8002
f 8000 7852 7851
f 8000 7851 8001
f 7999 7853 7852
f 7999 7852 8000
f 7998 7854 7853
f 7998 7853 7999
f 7997 7855 7854
f 7997 7854 7998
f 7996 7856 7855
f 7996 7855 7997
f 7995 7857 7856
f 7995 7856 7996
f 7994 7858 7857
f 7994 7857 7995
f 7993 7859 7858
f 7993 7858 7994
f 7992 7860 7859
f 7992 7859 7993
f 7991 7861 7860
f 7991 7860 7992
f 7990 7862 7861
f 7990 7861 7991
f 7989 7863 7862
f 7989 7862 7990
f 7988 7864 7863
f 7988 7863 7989
f 7987 7865 7864
f 7987 7864 7988
f 7986 7866 7865
f 7986 7865 7987
f 7985 7867 7866
f 7985 7866 7986
f 7984 7867 7985
f 7984 7868 7867
f 7983 7868 7984
f 7983 7869 7868
f 7982 7869 7983
f 7982 7870 7869
f 7981 7870 7982
f 7981 7871 7870
f 7980 7871 7981
f 7980 7872 7871
f 7979 7872 7980
f 7979 7873 7872
f 7978 7873 7979
f 7978 7874 7873
f 7977 7874 7978
f 7977 7875 7874
f 7976 7875 7977
f 7976 7876 7875
f 7975 7876 7976
f 7975 7877 7876
f 7974 7877 7975
f 7974 7878 7877
f 7973 7878 7974
f 7973 7879 7878
f 7972 7879 7973
f 7972 7880 7879
f 7971 7880 7972
f 7971 7881 7880
f 7970 7881 7971
f 7970 7882 7881
f 7969 7883 7882
f 7969 7882 7970
f 7968 7884 7883
f 7968 7883 7969
f 7967 7885 7884
f 7967 7884 7968
f 7966 7886 7885
f 7966 7885 7967
f 7965 7887 7886
f 7965 7886 7966
f 7964 7888 7887
f 7964 7887 7965
f 7963 7889 7888
f 7963 7888 7964
f 7962 7890 7889
f 7962 7889 7963
f 7961 7891 7890
f 7961 7890 7962
f 7960 7892 7891
f 7960 7891 7961
f 7959 7892 7960
f 7959 7893 7892
f 7958 7893 7959
f 7958 7894 7893
f 7957 7894 7958
f 7957 7895 7894
f 7956 7895 7957
f 7956 7896 7895
f 7955 7896 7956
f 7955 7897 7896
f 7954 7897 7955
f 7954 7898 7897
f 7953 7898 7954
f 7953 7899 7898
f 7952 7899 7953
f 7952 7900 7899
f 7951 7900 7952
f 7951 7901 7900
f 7950 7901 7951
f 7950 7902 7901
f 7949 7902 7950
f 7949 7903 7902
f 7948 7903 7949
f 7948 7904 7903
f 7947 7904 7948
f 7947 7905 7904
f 7946 7905 7947
f 7946 7906 7905
f 7945 7906 7946
f 7945 7907 7906
f 7944 7907 7945
f 7944 7908 7907
f 7943 7908 7944
f 7943 7909 7908
f 7942 7909 7943
f 7942 7910 7909
f 7941 7910 7942
f 7941 7911 7910
f 7940 7911 7941
f 7940 7912 7911
f 7939 7912 7940
f 7939 7913 7912
f 7938 7913 7939
f 7938 7914 7913
f 7937 7914 7938
f 7937 7915 7914
f 7936 7915 7937
f 7936 7916 7915
f 7935 7917 7916
f 7935 7916 7936
f 7934 7917 7935
f 7934 7918 7917
f 7933 7918 7934
f 7933 7919 7918
f 7932 7920 7919
f 7932 7919 7933
f 7931 7921 7920
f 7931 7920 7932
f 7930 7922 7921
f 7930 7921 7931
f 7929 7923 7922
f 7929 7922 7930
f 7928 7924 7923
f 7928 7923 7929
f 7927 7925 7924
f 7927 7924 7928
f 7926 7925 7927
f 8031 8033 8032
f 8242 8034 8033
f 8242 8033 8031
f 8241 8035 8034
f 8241 8034 8242
f 8240 8036 8035
f 8240 8035 8241
f 8239 8037 8036
f 8239 8036 8240
f 8238 8038 8037
f 8238 8037 8239
f 8237 8039 8038
f 8237 8038 8238
f 8236 8040 8039
f 8236 8039 8237
f 8235 8041 8040
f 8235 8040 8236
f 8234 8042 8041
f 8234 8041 8235
f 8233 8043 8042
f 8233 8042 8234
f 8232 8044 8043
f 8232 8043 8233
f 8231 8045 8044
f 8231 8044 8232
f 8230 8046 8045
f 8230 8045 8231
f 8229 8047 8046
f 8229 8046 8230
f 8228 8048 8047
f 8228 8047 8229
f 8227 8049 8048
f 8227 8048 8228
f 8226 8050 8049
f 8226 8049 8227
f 8225 8051 8050
f 8225 8050 8226
f 8224 8052 8051
f 8224 8051 8225
f 8223 8053 8052
f 8223 8052 8224
f 8222 8054 8053
f 8222 8053 8223
f 8221 8054 8222
f 8221 8055 8054
f 8220 8055 8221
f 8220 8056 8055
f 8219 8056 8220
f 8219 8057 8056
f 8218 8057 8219
f 8218 8058 8057
f 8217 8058 8218
f 8217 8059 8058
f 8216 8059 8217
f 8216 8060 8059
f 8215 8060 8216
f 8215 8061 8060
f 8214 8062 8061
f 8214 8061 8215
f 8213 8063 8062
f 8213 8062 8214
f 8212 8064 8063
f 8212 8063 8213
f 8211 8065 8064
f 8211 8064 8212
f 8210 8066 8065
f 8210 8065 8211
f 8209 8067 8066
f 8209 8066 8210
f 8208 8068 8067
f 8208 8067 8209
f 8207 8069 8068
f 8207 8068 8208
f 8206 8070 8069
f 8206 8069 8207
f 8205 8071 8070
f 8205 8070 8206
f 8204 8072 8071
f 8204 8071 8205
f 8203 8073 8072
f 8203 8072 8204
f 8202 8074 8073
f 8202 8073 8203
f 8201 8075 8074
f 8201 8074 8202
f 8200 8076 8075
f 8200 8075 8201
f 8199 8077 8076
f 8199 8076 8200
f 8198 8078 8077
f 8198 8077 8199
f 8197 8079 8078
f 8197 8078 8198
f 8196 8079 8197
f 8196 8080 8079
f 8195 8080 8196
f 8195 8081 8080
f 8194 8081 8195
f 8194 8082 8081
f 8193 8082 8194
f 8193 8083 8082
f 8192 8083 8193
f 8192 8084 8083
f 8191 8084 8192
f 8191 8085 8084
f 8190 8085 8191
f 8190 8086 8085
f 8189 8086 8190
f 8189 8087 8086
f 8188 8087 8189
f 8188 8088 8087
f 8187 8088 8188
f 8187 8089 8088
f 8186 8089 8187
f 8186 8090 8089
f 8185 8090 8186
f 8185 8091 8090
f 8184 8091 8185
f 8184 8092 8091
f 8183 8092 8184
f 8183 8093 8092
f 8182 8093 8183
f 8182 8094 8093
f 8181 8095 8094
f 8181 8094 8182
f 8180 8096 8095
f 8180 8095 8181
f 8179 8097 8096
f 8179 8096 8180
f 8178 8098 8097
f 8178 8097 8179
f 8177 8099 8098
f 8177 8098 8178
f 8176 8100 8099
f 8176 8099 8177
f 8175 8101 8100
f 8175 8100 8176
f 8174 8102 8101
f 8174 8101 8175
f 8173 8103 8102
f 8173 8102 8174
f 8172 8104 8103
f 8172 8103 8173
f 8171 8104 8172
f 8171 8105 8104
f 8170 8105 8171
f 8170 8106 8105
f 8169 8106 8170
f 8169 8107 8106
f 8168 8107 8169
f 8168 8108 8107
f 8167 8108 8168
f 8167 8109 8108
f 8166 8109 8167
f 8166 8110 8109
f 8165 8110 8166
f 8165 8111 8110
f 8164 8111 8165
f 8164 8112 8111
f 8163 8112 8164
f 8163 8113 8112
f 8162 8113 8163
f 8162 8114 8113
f 8161 8114 8162
f 8161 8115 8114
f 8160 8115 8161
f 8160 8116 8115
f 8159 8116 8160
f 8159 8117 8116
f 8158 8117 8159
f 8158 8118 8117
f 8157 8118 8158
f 8157 8119 8118
f 8156 8119 8157
f 8156 8120 8119
f 8155 8120 8156
f 8155 8121 8120
f 8154 8121 8155
f 8154 8122 8121
f 8153 8122 8154
f 8153 8123 8122
f 8152 8123 8153
f 8152 8124 8123
f 8151 8124 8152
f 8151 8125 8124
f 8150 8125 8151
f 8150 8126 8125
f 8149 8126 8150
f 8149 8127 8126
f 8148 8127 8149
f 8148 8128 8127
f 8147 8129 8128
f 8147 8128 8148
f 8146 8129 8147
f 8146 8130 8129
f 8145 8130 8146
f 8145 8131 8130
f 8144 8132 8131
f 8144 8131 8145
f 8143 8133 8132
f 8143 8132 8144
f 8142 8134 8133
f 8142 8133 8143
f 8141 8135 8134
f 8141 8134 8142
f 8140 8136 8135
f 8140 8135 8141
f 8139 8137 8136
f 8139 8136 8140
f 8138 8137 8139
f 8243 8245 8244
f 8454 8246 8245
f 8454 8245 8243
f 8453 8247 8246
f 8453 8246 8454
f 8452 8248 8247
f 8452 8247 8453
f 8451 8249 8248
f 8451 8248 8452
f 8450 8250 8249
f 8450 8249 8451
f 8449 8251 8250
f 8449 8250 8450
f 8448 8252 8251
f 8448 8251 8449
f 8447 8253 8252
f 8447 8252 8448
f 8446 8254 8253
f 8446 8253 8447
f 8445 8255 8254
f 8445 8254 8446
f 8444 8256 8255
f 8444 8255 8445
f 8443 8257 8256
f 8443 8256 8444
f 8442 8258 8257
f 8442 8257 8443
f 8441 8259 8258
f 8441 8258 8442
f 8440 8260 8259
f 8440 8259 8441
f 8439 8261 8260
f 8439 8260 8440
f 8438 8262 8261
f 8438 8261 8439
f 8437 8263 8262
f 8437 8262 8438
f 8436 8264 8263
f 8436 8263 8437
f 8435 8265 8264
f 8435 8264 8436
f 8434 8266 8265
f 8434 8265 8435
f 8433 8266 8434
f 8433 8267 8266
f 8432 8267 8433
f 8432 8268 8267
f 8431 8268 8432
f 8431 8269 8268
f 8430 8269 8431
f 8430 8270 8269
f 8429 8270 8430
f 8429 8271 8270
f 8428 8271 8429
f 8428 8272 8271
f 8427 8272 8428
f 8427 8273 8272
f 8426 8274 8273
f 8426 8273 8427
f 8425 8275 8274
f 8425 8274 8426
f 8424 8276 8275
f 8424 8275 8425
f 8423 8277 8276
f 8423 8276 8424
f 8422 8278 8277
f 8422 8277 8423
f 8421 8279 8278
f 8421 8278 8422
f 8420 8280 8279
f 8420 8279 8421
f 8419 8281 8280
f 8419 8280 8420
f 8418 8282 8281
f 8418 8281 8419
f 8417 8283 8282
f 8417 8282 8418
f 8416 8284 8283
f 8416 8283 8417
f 8415 8285 8284
f 8415 8284 8416
f 8414 8286 8285
f 8414 8285 8415
f 8413 8287 8286
f 8413 8286 8414
f 8412 8288 8287
f 8412 8287 8413
f 8411 8289 8288
f 8411 8288 8412
f 8410 8290 8289
f 8410 8289 8411
f 8409 8291 8290
f 8409 8290 8410
f 8408 8291 8409
f 8408 8292 8291
f 8407 8292 8408
f 8407 8293 8292
f 8406 8293 8407
f 8406 8294 8293
f 8405 8294 8406
f 8405 8295 8294
f 8404 8295 8405
f 8404 8296 8295
f 8403 8296 8404
f 8403 8297 8296
f 8402 8297 8403
f 8402 8298 8297
f 8401 8298 8402
f 8401 8299 8298
f 8400 8299 8401
f 8400 8300 8299
f 8399 8300 8400
f 8399 8301 8300
f 8398 8301 8399
f 8398 8302 8301
f 8397 8302 8398
f 8397 8303 8302
f 8396 8303 8397
f 8396 8304 8303
f 8395 8304 8396
f 8395 8305 8304
f 8394 8305 8395
f 8394 8306 8305
f 8393 8307 8306
f 8393 8306 8394
f 8392 8308 8307
f 8392 8307 8393
f 8391 8309 8308
f 8391 8308 8392
f 8390 8310 8309
f 8390 8309 8391
f 8389 8311 8310
f 8389 8310 8390
f 8388 8312 8311
f 8388 8311 8389
f 8387 8313 8312
f 8387 8312 8388
f 8386 8314 8313
f 8386 8313 8387
f 8385 8315 8314
f 8385 8314 8386
f 8384 8316 8315
f 8384 8315 8385
f 8383 8316 8384
f 8383 8317 8316
f 8382 8317 8383
f 8382 8318 8317
f 8381 8318 8382
f 8381 8319 8318
f 8380 8319 8381
f 8380 8320 8319
f 8379 8320 8380
f 8379 8321 8320
f 8378 8321 8379
f 8378 8322 8321
f 8377 8322 8378
f 8377 8323 8322
f 8376 8323 8377
f 8376 8324 8323
f 8375 8324 8376
f 8375 8325 8324
f 8374 8325 8375
f 8374 8326 8325
f 8373 8326 8374
f 8373 8327 8326
f 8372 8327 8373
f 8372 8328 8327
f 8371 8328 8372
f 8371 8329 8328
f 8370 8329 8371
f 8370 8330 8329
f 8369 8330 8370
f 8369 8331 8330
f 8368 8331 8369
f 8368 8332 8331
f 8367 8332 8368
f 8367 8333 8332
f 8366 8333 8367
f 8366 8334 8333
f 8365 8334 8366
f 8365 8335 8334
f 8364 8335 8365
f 8364 8336 8335
f 8363 8336 8364
f 8363 8337 8336
f 8362 8337 8363
f 8362 8338 8337
f 8361 8338 8362
f 8361 8339 8338
f 8360 8339 8361
f 8360 8340 8339
f 8359 8341 8340
f 8359 8340 8360
f 8358 8341 8359
f 8358 8342 8341
f 8357 8342 8358
f 8357 8343 8342
f 8356 8344 8343
f 8356 8343 8357
f 8355 8345 8344
f 8355 8344 8356
f 8354 8346 8345
f 8354 8345 8355
f 8353 8347 8346
f 8353 8346 8354
f 8352 8348 8347
f 8352 8347 8353
f 8351 8349 8348
f 8351 8348 8352
f 8350 8349 8351
f 8545 8546 8547
f 8549 8547 8548
f 8544 8545 8547
f 8551 8549 8550
f 8542 8543 8544
f 8552 8549 8551
f 8541 8542 8544
f 8553 8547 8549
f 8553 8549 8552
f 8538 8539 8540
f 8538 8540 8541
f 8556 8553 8554
f 8556 8554 8555
f 8557 8547 8553
f 8557 8553 8556
f 8536 8537 8538
f 8455 8557 8558
f 8455 8558 8559
f 8533 8534 8535
f 8533 8535 8536
f 8532 8533 8536
f 8457 8455 8456
f 8457 8557 8455
f 8530 8531 8532
f 8459 8457 8458
f 8459 8557 8457
f 8529 8530 8532
f 8527 8528 8529
f 8526 8527 8529
f 8463 8460 8461
f 8463 8461 8462
f 8524 8525 8526
f 8465 8459 8460
f 8465 8463 8464
f 8465 8460 8463
f 8523 8526 8529
f 8523 8524 8526
f 8520 8521 8522
f 8520 8522 8523
f 8469 8467 8468
f 8519 8523 8529
f 8519 8520 8523
f 8470 8466 8467
f 8470 8467 8469
f 8517 8518 8519
f 8515 8516 8517
f 8474 8465 8466
f 8474 8470 8471
f 8474 8471 8472
f 8474 8472 8473
f 8474 8466 8470
f 8475 8465 8474
f 8475 8557 8459
f 8475 8459 8465
f 8512 8515 8517
f 8512 8513 8514
f 8512 8514 8515
f 8477 8475 8476
f 8477 8557 8475
f 8477 8547 8557
f 8510 8511 8512
f 8479 8477 8478
f 8479 8547 8477
f 8480 8547 8479
f 8506 8510 8512
f 8506 8507 8508
f 8506 8508 8509
f 8506 8509 8510
f 8483 8544 8547
f 8483 8480 8481
f 8483 8481 8482
f 8483 8541 8544
f 8483 8538 8541
f 8483 8547 8480
f 8485 8483 8484
f 8485 8536 8538
f 8485 8538 8483
f 8503 8517 8519
f 8503 8512 8517
f 8503 8504 8505
f 8503 8505 8506
f 8503 8506 8512
f 8487 8485 8486
f 8487 8532 8536
f 8487 8536 8485
f 8500 8501 8502
f 8489 8487 8488
f 8490 8487 8489
f 8498 8499 8500
f 8497 8498 8500
f 8492 8490 8491
f 8496 8497 8500
f 8496 8502 8503
f 8496 8500 8502
f 8493 8532 8487
f 8493 8529 8532
f 8493 8490 8492
f 8493 8487 8490
f 8495 8496 8503
f 8495 8503 8519
f 8494 8529 8493
f 8494 8495 8519
f 8494 8519 8529
f 8650 8651 8652
f 8654 8652 8653
f 8655 8652 8654
f 8647 8648 8649
f 8657 8655 8656
f 8645 8647 8649
f 8645 8646 8647
f 8645 8649 8650
f 8660 8658 8659
f 8661 8658 8660
f 8642 8643 8644
f 8642 8644 8645
f 8662 8652 8655
f 8662 8655 8657
f 8662 8658 8661
f 8662 8657 8658
f 8640 8641 8642
f 8560 8662 8663
f 8560 8663 8664
f 8638 8639 8640
f 8562 8560 8561
f 8562 8662 8560
f 8636 8640 8642
f 8636 8638 8640
f 8636 8637 8638
f 8634 8635 8636
f 8565 8562 8563
f 8565 8563 8564
f 8632 8633 8634
f 8630 8631 8632
f 8630 8632 8634
f 8629 8642 8645
f 8629 8636 8642
f 8629 8634 8636
f 8629 8630 8634
f 8570 8565 8566
f 8570 8566 8567
f 8570 8567 8568
f 8570 8568 8569
f 8627 8628 8629
f 8573 8570 8571
f 8573 8571 8572
f 8624 8625 8626
f 8622 8627 8629
f 8622 8650 8652
f 8622 8624 8626
f 8622 8645 8650
f 8622 8623 8624
f 8622 8626 8627
f 8622 8629 8645
f 8577 8570 8573
f 8577 8573 8574
f 8577 8574 8575
f 8577 8575 8576
f 8577 8565 8570
f 8577 8562 8565
f 8579 8577 8578
f 8580 8577 8579
f 8616 8617 8618
f 8616 8618 8619
f 8616 8619 8620
f 8616 8620 8621
f 8616 8621 8622
f 8584 8580 8581
f 8584 8581 8582
f 8584 8582 8583
f 8584 8577 8580
f 8613 8614 8615
f 8613 8615 8616
f 8586 8584 8585
f 8612 8613 8616
f 8587 8584 8586
f 8588 8584 8587
f 8610 8616 8622
f 8610 8611 8612
f 8610 8612 8616
f 8608 8609 8610
f 8591 8588 8589
f 8591 8589 8590
f 8607 8622 8652
f 8607 8652 8662
f 8607 8610 8622
f 8607 8608 8610
f 8593 8591 8592
f 8593 8588 8591
f 8594 8577 8584
f 8594 8584 8588
f 8594 8588 8593
f 8604 8605 8606
f 8604 8606 8607
f 8602 8562 8577
f 8602 8603 8604
f 8602 8607 8662
f 8602 8662 8562
f 8602 8604 8607
f 8597 8594 8595
f 8597 8595 8596
f 8598 8594 8597
f 8598 8577 8594
f 8598 8602 8577
f 8599 8602 8598
f 8599 8600 8601
f 8599 8601 8602
f 8759 8756 8757
f 8759 8757 8758
f 8753 8754 8755
f 8753 8755 8756
f 8761 8756 8759
f 8761 8759 8760
f 8749 8750 8751
f 8749 8751 8752
f 8765 8761 8762
f 8765 8762 8763
f 8765 8763 8764
f 8747 8753 8756
f 8747 8749 8752
f 8747 8748 8749
f 8747 8752 8753
f 8767 8765 8766
f 8745 8746 8747
f 8769 8767 8768
f 8769 8765 8767
f 8743 8744 8745
f 8666 8769 8665
f 8741 8745 8747
f 8741 8743 8745
f 8741 8742 8743
f 8668 8666 8667
f 8669 8666 8668
f 8738 8739 8740
f 8671 8669 8670
f 8672 8669 8671
f 8672 8666 8669
f 8735 8736 8737
f 8735 8737 8738
f 8735 8740 8741
f 8735 8738 8740
f 8734 8741 8747
f 8734 8735 8741
f 8676 8672 8673
f 8676 8673 8674
f 8676 8674 8675
f 8732 8733 8734
f 8731 8732 8734
f 8731 8756 8761
f 8731 8747 8756
f 8731 8734 8747
f 8681 8678 8679
f 8681 8679 8680
f 8726 8727 8728
f 8683 8676 8677
f 8683 8677 8678
f 8683 8681 8682
f 8683 8678 8681
f 8725 8726 8728
f 8725 8728 8729
f 8725 8729 8730
f 8725 8730 8731
f 8684 8676 8683
f 8724 8725 8731
f 8721 8724 8731
f 8721 8761 8765
f 8721 8765 8769
f 8721 8722 8723
f 8721 8723 8724
f 8721 8731 8761
f 8689 8685 8686
f 8689 8686 8687
f 8689 8687 8688
f 8719 8720 8721
f 8717 8721 8769
f 8717 8719 8721
f 8717 8769 8666
f 8717 8718 8719
f 8692 8689 8690
f 8692 8690 8691
f 8693 8689 8692
f 8715 8716 8717
f 8695 8693 8694
f 8713 8714 8715
f 8713 8715 8717
f 8712 8672 8676
f 8712 8717 8666
f 8712 8713 8717
f 8712 8666 8672
f 8697 8695 8696
f 8697 8693 8695
f 8709 8710 8711
f 8700 8698 8699
f 8701 8684 8685
f 8701 8697 8698
f 8701 8685 8689
f 8701 8689 8693
f 8701 8693 8697
f 8701 8698 8700
f 8707 8708 8709
f 8707 8709 8711
f 8702 8684 8701
f 8702 8676 8684
f 8706 8676 8702
f 8706 8711 8712
f 8706 8712 8676
f 8706 8707 8711
f 8704 8706 8702
f 8704 8702 8703
f 8704 8705 8706
f 8860 8861 8862
f 8859 8860 8862
f 8859 8862 8863
f 8859 8863 8864
f 8866 8864 8865
f 8857 8858 8859
f 8855 8857 8859
f 8855 8856 8857
f 8869 8867 8868
f 8870 8867 8869
f 8870 8866 8867
f 8853 8859 8864
f 8853 8855 8859
f 8853 8854 8855
f 8872 8870 8871
f 8851 8852 8853
f 8874 8872 8873
f 8874 8870 8872
f 8848 8851 8853
f 8848 8849 8850
f 8848 8850 8851
f 8771 8874 8770
f 8845 8846 8847
f 8845 8847 8848
f 8774 8771 8772
f 8774 8772 8773
f 8842 8843 8844
f 8842 8844 8845
f 8842 8845 8848
f 8777 8775 8776
f 8840 8841 8842
f 8779 8777 8778
f 8839 8853 8864
f 8839 8848 8853
f 8839 8842 8848
f 8839 8840 8842
f 8780 8775 8777
f 8780 8777 8779
f 8781 8774 8775
f 8781 8775 8780
f 8835 8836 8837
f 8835 8837 8838
f 8835 8838 8839
f 8833 8834 8835
f 8833 8835 8839
f 8786 8783 8784
f 8786 8784 8785
f 8787 8783 8786
f 8831 8864 8866
f 8831 8839 8864
f 8831 8833 8839
f 8831 8832 8833
f 8788 8781 8782
f 8788 8782 8783
f 8788 8783 8787
f 8790 8788 8789
f 8827 8828 8829
f 8827 8829 8830
f 8827 8830 8831
f 8792 8788 8790
f 8792 8790 8791
f 8792 8781 8788
f 8826 8831 8866
f 8826 8866 8870
f 8826 8827 8831
f 8824 8825 8826
f 8822 8824 8826
f 8822 8826 8870
f 8822 8874 8771
f 8822 8823 8824
f 8822 8870 8874
f 8797 8794 8795
f 8797 8795 8796
f 8820 8821 8822
f 8799 8793 8794
f 8799 8797 8798
f 8799 8794 8797
f 8819 8820 8822
f 8802 8800 8801
f 8816 8817 8818
f 8816 8818 8819
f 8816 8819 8822
f 8816 8822 8771
f 8816 8771 8774
f 8816 8774 8781
f 8804 8799 8800
f 8804 8802 8803
f 8804 8800 8802
f 8814 8815 8816
f 8806 8804 8805
f 8807 8804 8806
f 8807 8792 8793
f 8807 8781 8792
f 8807 8799 8804
f 8807 8793 8799
f 8811 8812 8813
f 8811 8813 8814
f 8811 8814 8816
f 8809 8781 8807
f 8809 8811 8816
f 8809 8807 8808
f 8809 8810 8811
f 8809 8816 8781
