v 0.0124935886896 0.018 0.0198
v 0.0124935886896 0.018 0.0238
v 0.0124935886896 0.0217 0.0198
v 0.0124935886896 0.0217 0.0238
v 0.0124935886896 0.018 0.0198
v 0.0239935886896 0.018 0.0198
v 0.0124935886896 0.018 0.0238
v 0.0239935886896 0.018 0.0238
v 0.0124935886896 0.0217 0.0238
v 0.0264935886896 0.0217 0.0238
v 0.0124935886896 0.018 0.0238
v 0.0239935886896 0.018 0.0238
v 0.0239935886896 0.0185 0.0238
v 0.0264935886896 0.0185 0.0238
v 0.0124935886896 0.0217 0.0198
v 0.0264935886896 0.0217 0.0198
v 0.0124935886896 0.0217 0.0238
v 0.0264935886896 0.0217 0.0238
v 0.0264935886896 0.0185 0.0198
v 0.0290935886896 0.0185 0.0198
v 0.0264935886896 0.0217 0.0198
v 0.0124935886896 0.0217 0.0198
v 0.0124935886896 0.018 0.0198
v 0.0239935886896 0.018 0.0198
v 0.0239935886896 0.0173 0.0198
v 0.0224935886896 0.0173 0.0198
v 0.0224935886896 0.0107 0.0198
v 0.0239935886896 0.0107 0.0198
v 0.0239935886896 -0.0107 0.0198
v 0.0224935886896 -0.0107 0.0198
v 0.0224935886896 -0.0173 0.0198
v 0.0239935886896 -0.0173 0.0198
v 0.0239935886896 -0.018 0.0198
v 0.0124935886896 -0.018 0.0198
v 0.0124935886896 -0.0217 0.0198
v 0.0264935886896 -0.0217 0.0198
v 0.0264935886896 -0.0185 0.0198
v 0.0290935886896 -0.0185 0.0198
v 0.0270493255251 -0.016175 0.0198
v 0.0245378518541 -0.016175 0.0198
v 0.0232821150186 -0.014 0.0198
v 0.0245378518541 -0.011825 0.0198
v 0.0270493255251 -0.011825 0.0198
v 0.0283050623606 -0.014 0.0198
v 0.0245378518541 0.016175 0.0198
v 0.0270493255251 0.016175 0.0198
v 0.0283050623606 0.014 0.0198
v 0.0270493255251 0.011825 0.0198
v 0.0245378518541 0.011825 0.0198
v 0.0232821150186 0.014 0.0198
v 0.0239935886896 0.0173 0.0198
v 0.0239935886896 0.0173 0.026
v 0.0239935886896 0.018 0.0198
v 0.0239935886896 0.018 0.0238
v 0.0239935886896 0.0185 0.0238
v 0.0239935886896 0.0185 0.026
v 0.0264935886896 0.0185 0.0238
v 0.0264935886896 0.0217 0.0238
v 0.0264935886896 0.0185 0.0198
v 0.0264935886896 0.0217 0.0198
v 0.0264935886896 0.0185 0.0198
v 0.0290935886896 0.0185 0.0198
v 0.0264935886896 0.0185 0.0238
v 0.0239935886896 0.0185 0.0238
v 0.0239935886896 0.0185 0.026
v 0.0290935886896 0.0185 0.026
v 0.0290935886896 0.0173 0.026
v 0.0290935886896 0.0185 0.026
v 0.0290935886896 0.0173 0.033
v 0.0290935886896 0.0107 0.033
v 0.0290935886896 0.0107 0.026
v 0.0290935886896 -0.0107 0.026
v 0.0290935886896 -0.0107 0.033
v 0.0290935886896 -0.0173 0.033
v 0.0290935886896 -0.0173 0.026
v 0.0290935886896 -0.0185 0.026
v 0.0290935886896 -0.0185 0.0198
v 0.0290935886896 0.0185 0.0198
v 0.0264935886896 -0.0185 0.0198
v 0.0290935886896 -0.0185 0.0198
v 0.0264935886896 -0.0185 0.0238
v 0.0239935886896 -0.0185 0.0238
v 0.0239935886896 -0.0185 0.026
v 0.0290935886896 -0.0185 0.026
v 0.0264935886896 -0.0217 0.0238
v 0.0264935886896 -0.0185 0.0238
v 0.0264935886896 -0.0217 0.0198
v 0.0264935886896 -0.0185 0.0198
v 0.0124935886896 -0.0217 0.0198
v 0.0264935886896 -0.0217 0.0198
v 0.0124935886896 -0.0217 0.0238
v 0.0264935886896 -0.0217 0.0238
v 0.0124935886896 -0.0217 0.0198
v 0.0124935886896 -0.0217 0.0238
v 0.0124935886896 -0.018 0.0198
v 0.0124935886896 -0.018 0.0238
v 0.0224935886896 0.0173 0.0198
v 0.0239935886896 0.0173 0.0198
v 0.0224935886896 0.0173 0.033
v 0.0290935886896 0.0173 0.033
v 0.0290935886896 0.0173 0.026
v 0.0239935886896 0.0173 0.026
v 0.0124935886896 -0.018 0.0198
v 0.0239935886896 -0.018 0.0198
v 0.0124935886896 -0.018 0.0238
v 0.0239935886896 -0.018 0.0238
v 0.0224935886896 0.0107 0.0198
v 0.0224935886896 0.0107 0.033
v 0.0224935886896 0.0173 0.0198
v 0.0224935886896 0.0173 0.033
v 0.0239935886896 -0.0185 0.0238
v 0.0239935886896 -0.0185 0.026
v 0.0239935886896 -0.018 0.0238
v 0.0239935886896 -0.018 0.0198
v 0.0239935886896 -0.0173 0.0198
v 0.0239935886896 -0.0173 0.026
v 0.0224935886896 0.0107 0.0198
v 0.0239935886896 0.0107 0.0198
v 0.0224935886896 0.0107 0.033
v 0.0290935886896 0.0107 0.033
v 0.0290935886896 0.0107 0.026
v 0.0239935886896 0.0107 0.026
v 0.0224935886896 -0.0173 0.0198
v 0.0239935886896 -0.0173 0.0198
v 0.0224935886896 -0.0173 0.033
v 0.0290935886896 -0.0173 0.033
v 0.0290935886896 -0.0173 0.026
v 0.0239935886896 -0.0173 0.026
v 0.0239935886896 -0.0107 0.026
v 0.0239935886896 -0.003 0.026
v 0.0239935886896 -0.0107 0.0198
v 0.0239935886896 0.0107 0.0198
v 0.0239935886896 0.0107 0.026
v 0.0239935886896 0.003 0.026
v 0.0239935886896 0.003 0.0229
v 0.0239935886896 -0.003 0.0229
v 0.0224935886896 -0.0173 0.0198
v 0.0224935886896 -0.0173 0.033
v 0.0224935886896 -0.0107 0.0198
v 0.0224935886896 -0.0107 0.033
v 0.0224935886896 -0.0107 0.0198
v 0.0239935886896 -0.0107 0.0198
v 0.0224935886896 -0.0107 0.033
v 0.0290935886896 -0.0107 0.033
v 0.0290935886896 -0.0107 0.026
v 0.0239935886896 -0.0107 0.026
v 0.0270493255251 -0.016175 0.0198
v 0.0245378518541 -0.016175 0.0198
v 0.0245378518541 -0.016175 0.0224
v 0.0270493255251 -0.016175 0.0224
v 0.0283050623606 -0.014 0.0198
v 0.0270493255251 -0.016175 0.0198
v 0.0270493255251 -0.016175 0.0224
v 0.0283050623606 -0.014 0.0224
v 0.0245378518541 -0.016175 0.0198
v 0.0232821150186 -0.014 0.0198
v 0.0232821150186 -0.014 0.0224
v 0.0245378518541 -0.016175 0.0224
v 0.0270493255251 -0.011825 0.0198
v 0.0283050623606 -0.014 0.0198
v 0.0283050623606 -0.014 0.0224
v 0.0270493255251 -0.011825 0.0224
v 0.0232821150186 -0.014 0.0198
v 0.0245378518541 -0.011825 0.0198
v 0.0245378518541 -0.011825 0.0224
v 0.0232821150186 -0.014 0.0224
v 0.0245378518541 -0.011825 0.0198
v 0.0270493255251 -0.011825 0.0198
v 0.0270493255251 -0.011825 0.0224
v 0.0245378518541 -0.011825 0.0224
v 0.0245378518541 0.016175 0.0198
v 0.0270493255251 0.016175 0.0198
v 0.0270493255251 0.016175 0.0224
v 0.0245378518541 0.016175 0.0224
v 0.0232821150186 0.014 0.0198
v 0.0245378518541 0.016175 0.0198
v 0.0245378518541 0.016175 0.0224
v 0.0232821150186 0.014 0.0224
v 0.0245378518541 0.011825 0.0198
v 0.0232821150186 0.014 0.0198
v 0.0232821150186 0.014 0.0224
v 0.0245378518541 0.011825 0.0224
v 0.0270493255251 0.011825 0.0198
v 0.0245378518541 0.011825 0.0198
v 0.0245378518541 0.011825 0.0224
v 0.0270493255251 0.011825 0.0224
v 0.0283050623606 0.014 0.0198
v 0.0270493255251 0.011825 0.0198
v 0.0270493255251 0.011825 0.0224
v 0.0283050623606 0.014 0.0224
v 0.0270493255251 0.016175 0.0198
v 0.0283050623606 0.014 0.0198
v 0.0283050623606 0.014 0.0224
v 0.0270493255251 0.016175 0.0224
v 0.0290935886896 0.0173 0.026
v 0.0239935886896 0.0173 0.026
v 0.0290935886896 0.0185 0.026
v 0.0239935886896 0.0185 0.026
v 0.0224935886896 0.0107 0.033
v 0.0224935886896 0.0173 0.033
v 0.0290935886896 0.0107 0.033
v 0.0290935886896 0.0173 0.033
v 0.0269435886896 0.014 0.033
v 0.0269415303389 0.014068774777 0.033
v 0.0269353626549 0.0141373033582 0.033
v 0.0269251077165 0.014205340429 0.033
v 0.0269108022337 0.0142726424344 0.033
v 0.0268924974163 0.0143389684506 0.033
v 0.0268702587909 0.0144040810477 0.033
v 0.0268441659659 0.0144677471395 0.033
v 0.026814312347 0.014529738818 0.033
v 0.0267808048023 0.014589834169 0.033
v 0.0267437632801 0.0146478180668 0.033
v 0.0267033203795 0.014703482944 0.033
v 0.0266596208755 0.0147566295348 0.033
v 0.0266128212011 0.0148070675883 0.033
v 0.0265630888869 0.0148546165493 0.033
v 0.0265106019618 0.0148991062048 0.033
v 0.0264555483152 0.0149403772935 0.033
v 0.0263981250249 0.0149782820755 0.033
v 0.0263385376515 0.0150126848616 0.033
v 0.0262769995022 0.0150434624988 0.033
v 0.0262137308676 0.0150705048109 0.033
v 0.0261489582331 0.0150937149937 0.033
v 0.0260829134679 0.0151130099607 0.033
v 0.0260158329951 0.0151283206409 0.033
v 0.0259479569453 0.015139592226 0.033
v 0.0258795282972 0.0151467843668 0.033
v 0.0258107920077 0.0151498713171 0.033
v 0.0257419941347 0.0151488420265 0.033
v 0.0256733809569 0.0151437001797 0.033
v 0.0256051980915 0.015134464183 0.033
v 0.0255376896156 0.015121167099 0.033
v 0.0254710971919 0.0151038565278 0.033
v 0.0254056592041 0.0150825944367 0.033
v 0.0253416099032 0.0150574569384 0.033
v 0.0252791785691 0.0150285340188 0.033
v 0.0252185886896 0.0149959292144 0.033
v 0.0251600571609 0.0149597592418 0.033
v 0.0251037935107 0.0149201535802 0.033
v 0.0250499991482 0.0148772540076 0.033
v 0.0249988666433 0.0148312140934 0.033
v 0.024950579037 0.0147821986484 0.033
v 0.0249053091865 0.0147303831353 0.033
v 0.0248632191461 0.0146759530401 0.033
v 0.0248244595872 0.0146191032085 0.033
v 0.0247891692589 0.0145600371481 0.033
v 0.0247574744915 0.0144989663 0.033
v 0.0247294887441 0.0144361092821 0.033
v 0.0247053121982 0.0143716911061 0.033
v 0.0246850313998 0.0143059423724 0.033
v 0.0246687189488 0.0142390984444 0.033
v 0.0246564332395 0.0141713986061 0.033
v 0.0246482182515 0.0141030852052 0.033
v 0.0246441033925 0.0140344027861 0.033
v 0.0246441033925 0.0139655972139 0.033
v 0.0246482182515 0.0138969147948 0.033
v 0.0246564332395 0.0138286013939 0.033
v 0.0246687189488 0.0137609015556 0.033
v 0.0246850313998 0.0136940576276 0.033
v 0.0247053121982 0.0136283088939 0.033
v 0.0247294887441 0.0135638907179 0.033
v 0.0247574744915 0.0135010337 0.033
v 0.0247891692589 0.0134399628519 0.033
v 0.0248244595872 0.0133808967915 0.033
v 0.0248632191461 0.0133240469599 0.033
v 0.0249053091865 0.0132696168647 0.033
v 0.024950579037 0.0132178013516 0.033
v 0.0249988666433 0.0131687859066 0.033
v 0.0250499991482 0.0131227459924 0.033
v 0.0251037935107 0.0130798464198 0.033
v 0.0251600571609 0.0130402407582 0.033
v 0.0252185886896 0.0130040707856 0.033
v 0.0252791785691 0.0129714659812 0.033
v 0.0253416099032 0.0129425430616 0.033
v 0.0254056592041 0.0129174055633 0.033
v 0.0254710971919 0.0128961434722 0.033
v 0.0255376896156 0.012878832901 0.033
v 0.0256051980915 0.012865535817 0.033
v 0.0256733809569 0.0128562998203 0.033
v 0.0257419941347 0.0128511579735 0.033
v 0.0258107920077 0.0128501286829 0.033
v 0.0258795282972 0.0128532156332 0.033
v 0.0259479569453 0.012860407774 0.033
v 0.0260158329951 0.0128716793591 0.033
v 0.0260829134679 0.0128869900393 0.033
v 0.0261489582331 0.0129062850063 0.033
v 0.0262137308676 0.0129294951891 0.033
v 0.0262769995022 0.0129565375012 0.033
v 0.0263385376515 0.0129873151384 0.033
v 0.0263981250249 0.0130217179245 0.033
v 0.0264555483152 0.0130596227065 0.033
v 0.0265106019618 0.0131008937952 0.033
v 0.0265630888869 0.0131453834507 0.033
v 0.0266128212011 0.0131929324117 0.033
v 0.0266596208755 0.0132433704652 0.033
v 0.0267033203795 0.013296517056 0.033
v 0.0267437632801 0.0133521819332 0.033
v 0.0267808048023 0.013410165831 0.033
v 0.026814312347 0.013470261182 0.033
v 0.0268441659659 0.0135322528605 0.033
v 0.0268702587909 0.0135959189523 0.033
v 0.0268924974163 0.0136610315494 0.033
v 0.0269108022337 0.0137273575656 0.033
v 0.0269251077165 0.013794659571 0.033
v 0.0269353626549 0.0138626966418 0.033
v 0.0269415303389 0.013931225223 0.033
v 0.0239935886896 -0.0107 0.026
v 0.0239935886896 -0.003 0.026
v 0.0290935886896 -0.0107 0.026
v 0.0290935886896 0.0107 0.026
v 0.0239935886896 0.0107 0.026
v 0.0239935886896 0.003 0.026
v 0.0228476906559 0.003 0.026
v 0.022663193722 0.00319430805322 0.026
v 0.0224674592096 0.00337729094544 0.026
v 0.0222611810798 0.00354829992561 0.026
v 0.0220450906748 0.0037067286952 0.026
v 0.0218199541257 0.00385201555782 0.026
v 0.0215865696361 0.00398364541065 0.026
v 0.0213457646516 0.00410115157068 0.026
v 0.0210983929271 0.00420411742931 0.026
v 0.0208453314988 0.00429217792943 0.026
v 0.0205874775756 0.00436502085963 0.026
v 0.0203257453579 0.00442238796121 0.026
v 0.0200610627959 0.00446407584375 0.026
v 0.0197943683003 0.00448993670621 0.026
v 0.019526607415 0.00449987886101 0.026
v 0.0192587294644 0.00449386705904 0.026
v 0.0189916841882 0.00447192261466 0.026
v 0.0187264183739 0.00443412333012 0.026
v 0.0184638724999 0.00438060321973 0.026
v 0.0182049774015 0.00431155203471 0.026
v 0.0179506509701 0.00422721459046 0.026
v 0.0177017948998 0.00412788989858 0.026
v 0.0174592914895 0.00401393010672 0.026
v 0.0172240005155 0.00388573925012 0.026
v 0.0169967561829 0.0037437718191 0.026
v 0.0167783641682 0.0035885311477 0.026
v 0.0165695987625 0.00342056762919 0.026
v 0.0163712001267 0.00324047676464 0.026
v 0.0161838716672 0.00304889705165 0.026
v 0.0160082775419 0.00284650772061 0.026
v 0.0158450403055 0.00263402632654 0.026
v 0.0156947387025 0.00241220620504 0.026
v 0.0155579056151 0.00218183380142 0.026
v 0.0154350261739 0.00194372588241 0.026
v 0.015326536038 0.00169872664041 0.026
v 0.0152328198505 0.00144770470041 0.026
v 0.0151542098745 0.00119155004041 0.026
v 0.0150909848153 0.000931170836065 0.026
v 0.0150433688323 0.000667490240786 0.026
v 0.0150115307441 0.000401443112812 0.026
v 0.01499558343 0.000133972700731 0.026
v 0.01499558343 -0.000133972700731 0.026
v 0.0150115307441 -0.000401443112812 0.026
v 0.0150433688323 -0.000667490240786 0.026
v 0.0150909848153 -0.000931170836065 0.026
v 0.0151542098745 -0.00119155004041 0.026
v 0.0152328198505 -0.00144770470041 0.026
v 0.015326536038 -0.00169872664041 0.026
v 0.0154350261739 -0.00194372588241 0.026
v 0.0155579056151 -0.00218183380142 0.026
v 0.0156947387025 -0.00241220620504 0.026
v 0.0158450403055 -0.00263402632654 0.026
v 0.0160082775419 -0.00284650772061 0.026
v 0.0161838716672 -0.00304889705165 0.026
v 0.0163712001267 -0.00324047676464 0.026
v 0.0165695987625 -0.00342056762919 0.026
v 0.0167783641682 -0.0035885311477 0.026
v 0.0169967561829 -0.0037437718191 0.026
v 0.0172240005155 -0.00388573925012 0.026
v 0.0174592914895 -0.00401393010672 0.026
v 0.0177017948998 -0.00412788989858 0.026
v 0.0179506509701 -0.00422721459046 0.026
v 0.0182049774015 -0.00431155203471 0.026
v 0.0184638724999 -0.00438060321973 0.026
v 0.0187264183739 -0.00443412333012 0.026
v 0.0189916841882 -0.00447192261466 0.026
v 0.0192587294644 -0.00449386705904 0.026
v 0.019526607415 -0.00449987886101 0.026
v 0.0197943683003 -0.00448993670621 0.026
v 0.0200610627959 -0.00446407584375 0.026
v 0.0203257453579 -0.00442238796121 0.026
v 0.0205874775756 -0.00436502085963 0.026
v 0.0208453314988 -0.00429217792943 0.026
v 0.0210983929271 -0.00420411742931 0.026
v 0.0213457646516 -0.00410115157068 0.026
v 0.0215865696361 -0.00398364541065 0.026
v 0.0218199541257 -0.00385201555782 0.026
v 0.0220450906748 -0.0037067286952 0.026
v 0.0222611810798 -0.00354829992561 0.026
v 0.0224674592096 -0.00337729094544 0.026
v 0.022663193722 -0.00319430805322 0.026
v 0.0228476906559 -0.003 0.026
v 0.0219935886896 -6.12323399574e-19 0.026
v 0.021989114014 -0.000149510384863 0.026
v 0.0219757060055 -0.000298485561351 0.026
v 0.0219534126611 -0.000446392236997 0.026
v 0.0219223137854 -0.000592700944289 0.026
v 0.0218825207041 -0.000736887936027 0.026
v 0.0218341758662 -0.000878437060203 0.026
v 0.0217774523337 -0.00101684160769 0.026
v 0.0217125531621 -0.00115160612613 0.026
v 0.0216397106736 -0.00128224819351 0.026
v 0.0215591856254 -0.00140830014516 0.026
v 0.0214712662763 -0.00152931074779 0.026
v 0.0213762673546 -0.00164484681485 0.026
v 0.021274528932 -0.00175449475721 0.026
v 0.0211664152055 -0.00185786206369 0.026
v 0.0210523131943 -0.00195457870617 0.026
v 0.0209326313538 -0.00204429846416 0.026
v 0.0208077981141 -0.00212670016422 0.026
v 0.0206782603458 -0.00220148882964 0.026
v 0.0205444817604 -0.00226839673642 0.026
v 0.0204069412505 -0.00232718437161 0.026
v 0.0202661311756 -0.00237764129074 0.026
v 0.020122555599 -0.00241958687113 0.026
v 0.0199767284841 -0.00245287095849 0.026
v 0.0198291718542 -0.00247737440442 0.026
v 0.0196804139236 -0.00249300949295 0.026
v 0.0195309872072 -0.00249972025453 0.026
v 0.0193814266137 -0.00249748266635 0.026
v 0.0192322675314 -0.00248630473842 0.026
v 0.0190840439111 -0.00246622648481 0.026
v 0.0189372863547 -0.00243731978045 0.026
v 0.0187925202164 -0.00239968810386 0.026
v 0.0186502637212 -0.00235346616665 0.026
v 0.0185110261105 -0.00229881943138 0.026
v 0.0183753058188 -0.00223594351917 0.026
v 0.0182435886896 -0.00216506350946 0.026
v 0.018116346236 -0.0020864331343 0.026
v 0.0179940339529 -0.00200033387003 0.026
v 0.0178770896866 -0.00190707392966 0.026
v 0.0177659320672 -0.00180698715957 0.026
v 0.01766095901 -0.00170043184443 0.026
v 0.0175625462916 -0.00158778942461 0.026
v 0.0174710462037 -0.00146946313073 0.026
v 0.017386786293 -0.00134587654023 0.026
v 0.0173100681881 -0.00121747206101 0.026
v 0.0172411665199 -0.00108470934779 0.026
v 0.0171803279384 -0.000948063656632 0.026
v 0.0171277702301 -0.000808024143636 0.026
v 0.0170836815379 -0.000665092113917 0.026
v 0.0170482196878 -0.000519779227044 0.026
v 0.0170215116241 -0.00037260566544 0.026
v 0.0170036529546 -0.000224098272259 0.026
v 0.0169947076089 -7.47886654235e-05 0.026
v 0.0169947076089 7.47886654235e-05 0.026
v 0.0170036529546 0.000224098272259 0.026
v 0.0170215116241 0.00037260566544 0.026
v 0.0170482196878 0.000519779227044 0.026
v 0.0170836815379 0.000665092113917 0.026
v 0.0171277702301 0.000808024143636 0.026
v 0.0171803279384 0.000948063656632 0.026
v 0.0172411665199 0.00108470934779 0.026
v 0.0173100681881 0.00121747206101 0.026
v 0.017386786293 0.00134587654023 0.026
v 0.0174710462037 0.00146946313073 0.026
v 0.0175625462916 0.00158778942461 0.026
v 0.01766095901 0.00170043184443 0.026
v 0.0177659320672 0.00180698715957 0.026
v 0.0178770896866 0.00190707392966 0.026
v 0.0179940339529 0.00200033387003 0.026
v 0.018116346236 0.0020864331343 0.026
v 0.0182435886896 0.00216506350946 0.026
v 0.0183753058188 0.00223594351917 0.026
v 0.0185110261105 0.00229881943138 0.026
v 0.0186502637212 0.00235346616665 0.026
v 0.0187925202164 0.00239968810386 0.026
v 0.0189372863547 0.00243731978045 0.026
v 0.0190840439111 0.00246622648481 0.026
v 0.0192322675314 0.00248630473842 0.026
v 0.0193814266137 0.00249748266635 0.026
v 0.0195309872072 0.00249972025453 0.026
v 0.0196804139236 0.00249300949295 0.026
v 0.0198291718542 0.00247737440442 0.026
v 0.0199767284841 0.00245287095849 0.026
v 0.020122555599 0.00241958687113 0.026
v 0.0202661311756 0.00237764129074 0.026
v 0.0204069412505 0.00232718437161 0.026
v 0.0205444817604 0.00226839673642 0.026
v 0.0206782603458 0.00220148882964 0.026
v 0.0208077981141 0.00212670016422 0.026
v 0.0209326313538 0.00204429846416 0.026
v 0.0210523131943 0.00195457870617 0.026
v 0.0211664152055 0.00185786206369 0.026
v 0.021274528932 0.00175449475721 0.026
v 0.0213762673546 0.00164484681485 0.026
v 0.0214712662763 0.00152931074779 0.026
v 0.0215591856254 0.00140830014516 0.026
v 0.0216397106736 0.00128224819351 0.026
v 0.0217125531621 0.00115160612613 0.026
v 0.0217774523337 0.00101684160769 0.026
v 0.0218341758662 0.000878437060203 0.026
v 0.0218825207041 0.000736887936027 0.026
v 0.0219223137854 0.000592700944289 0.026
v 0.0219534126611 0.000446392236997 0.026
v 0.0219757060055 0.000298485561351 0.026
v 0.021989114014 0.000149510384863 0.026
v 0.0224935886896 -0.0173 0.033
v 0.0224935886896 -0.0107 0.033
v 0.0290935886896 -0.0173 0.033
v 0.0290935886896 -0.0107 0.033
v 0.0269435886896 -0.014 0.033
v 0.0269415303389 -0.013931225223 0.033
v 0.0269353626549 -0.0138626966418 0.033
v 0.0269251077165 -0.013794659571 0.033
v 0.0269108022337 -0.0137273575656 0.033
v 0.0268924974163 -0.0136610315494 0.033
v 0.0268702587909 -0.0135959189523 0.033
v 0.0268441659659 -0.0135322528605 0.033
v 0.026814312347 -0.013470261182 0.033
v 0.0267808048023 -0.013410165831 0.033
v 0.0267437632801 -0.0133521819332 0.033
v 0.0267033203795 -0.013296517056 0.033
v 0.0266596208755 -0.0132433704652 0.033
v 0.0266128212011 -0.0131929324117 0.033
v 0.0265630888869 -0.0131453834507 0.033
v 0.0265106019618 -0.0131008937952 0.033
v 0.0264555483152 -0.0130596227065 0.033
v 0.0263981250249 -0.0130217179245 0.033
v 0.0263385376515 -0.0129873151384 0.033
v 0.0262769995022 -0.0129565375012 0.033
v 0.0262137308676 -0.0129294951891 0.033
v 0.0261489582331 -0.0129062850063 0.033
v 0.0260829134679 -0.0128869900393 0.033
v 0.0260158329951 -0.0128716793591 0.033
v 0.0259479569453 -0.012860407774 0.033
v 0.0258795282972 -0.0128532156332 0.033
v 0.0258107920077 -0.0128501286829 0.033
v 0.0257419941347 -0.0128511579735 0.033
v 0.0256733809569 -0.0128562998203 0.033
v 0.0256051980915 -0.012865535817 0.033
v 0.0255376896156 -0.012878832901 0.033
v 0.0254710971919 -0.0128961434722 0.033
v 0.0254056592041 -0.0129174055633 0.033
v 0.0253416099032 -0.0129425430616 0.033
v 0.0252791785691 -0.0129714659812 0.033
v 0.0252185886896 -0.0130040707856 0.033
v 0.0251600571609 -0.0130402407582 0.033
v 0.0251037935107 -0.0130798464198 0.033
v 0.0250499991482 -0.0131227459924 0.033
v 0.0249988666433 -0.0131687859066 0.033
v 0.024950579037 -0.0132178013516 0.033
v 0.0249053091865 -0.0132696168647 0.033
v 0.0248632191461 -0.0133240469599 0.033
v 0.0248244595872 -0.0133808967915 0.033
v 0.0247891692589 -0.0134399628519 0.033
v 0.0247574744915 -0.0135010337 0.033
v 0.0247294887441 -0.0135638907179 0.033
v 0.0247053121982 -0.0136283088939 0.033
v 0.0246850313998 -0.0136940576276 0.033
v 0.0246687189488 -0.0137609015556 0.033
v 0.0246564332395 -0.0138286013939 0.033
v 0.0246482182515 -0.0138969147948 0.033
v 0.0246441033925 -0.0139655972139 0.033
v 0.0246441033925 -0.0140344027861 0.033
v 0.0246482182515 -0.0141030852052 0.033
v 0.0246564332395 -0.0141713986061 0.033
v 0.0246687189488 -0.0142390984444 0.033
v 0.0246850313998 -0.0143059423724 0.033
v 0.0247053121982 -0.0143716911061 0.033
v 0.0247294887441 -0.0144361092821 0.033
v 0.0247574744915 -0.0144989663 0.033
v 0.0247891692589 -0.0145600371481 0.033
v 0.0248244595872 -0.0146191032085 0.033
v 0.0248632191461 -0.0146759530401 0.033
v 0.0249053091865 -0.0147303831353 0.033
v 0.024950579037 -0.0147821986484 0.033
v 0.0249988666433 -0.0148312140934 0.033
v 0.0250499991482 -0.0148772540076 0.033
v 0.0251037935107 -0.0149201535802 0.033
v 0.0251600571609 -0.0149597592418 0.033
v 0.0252185886896 -0.0149959292144 0.033
v 0.0252791785691 -0.0150285340188 0.033
v 0.0253416099032 -0.0150574569384 0.033
v 0.0254056592041 -0.0150825944367 0.033
v 0.0254710971919 -0.0151038565278 0.033
v 0.0255376896156 -0.015121167099 0.033
v 0.0256051980915 -0.015134464183 0.033
v 0.0256733809569 -0.0151437001797 0.033
v 0.0257419941347 -0.0151488420265 0.033
v 0.0258107920077 -0.0151498713171 0.033
v 0.0258795282972 -0.0151467843668 0.033
v 0.0259479569453 -0.015139592226 0.033
v 0.0260158329951 -0.0151283206409 0.033
v 0.0260829134679 -0.0151130099607 0.033
v 0.0261489582331 -0.0150937149937 0.033
v 0.0262137308676 -0.0150705048109 0.033
v 0.0262769995022 -0.0150434624988 0.033
v 0.0263385376515 -0.0150126848616 0.033
v 0.0263981250249 -0.0149782820755 0.033
v 0.0264555483152 -0.0149403772935 0.033
v 0.0265106019618 -0.0148991062048 0.033
v 0.0265630888869 -0.0148546165493 0.033
v 0.0266128212011 -0.0148070675883 0.033
v 0.0266596208755 -0.0147566295348 0.033
v 0.0267033203795 -0.014703482944 0.033
v 0.0267437632801 -0.0146478180668 0.033
v 0.0267808048023 -0.014589834169 0.033
v 0.026814312347 -0.014529738818 0.033
v 0.0268441659659 -0.0144677471395 0.033
v 0.0268702587909 -0.0144040810477 0.033
v 0.0268924974163 -0.0143389684506 0.033
v 0.0269108022337 -0.0142726424344 0.033
v 0.0269251077165 -0.014205340429 0.033
v 0.0269353626549 -0.0141373033582 0.033
v 0.0269415303389 -0.014068774777 0.033
v 0.0239935886896 -0.0185 0.026
v 0.0239935886896 -0.0173 0.026
v 0.0290935886896 -0.0185 0.026
v 0.0290935886896 -0.0173 0.026
v 0.0124935886896 -0.018 0.0238
v 0.0239935886896 -0.018 0.0238
v 0.0124935886896 -0.0217 0.0238
v 0.0264935886896 -0.0217 0.0238
v 0.0264935886896 -0.0185 0.0238
v 0.0239935886896 -0.0185 0.0238
v 0.0228476906559 -0.003 0.0229
v 0.0239935886896 -0.003 0.0229
v 0.0228476906559 -0.003 0.026
v 0.0239935886896 -0.003 0.026
v 0.0239935886896 -0.003 0.0229
v 0.0239935886896 0.003 0.0229
v 0.0228476906559 0.003 0.0229
v 0.022663193722 0.00319430805322 0.0229
v 0.0224674592096 0.00337729094544 0.0229
v 0.0222611810798 0.00354829992561 0.0229
v 0.0220450906748 0.0037067286952 0.0229
v 0.0218199541257 0.00385201555782 0.0229
v 0.0215865696361 0.00398364541065 0.0229
v 0.0213457646516 0.00410115157068 0.0229
v 0.0210983929271 0.00420411742931 0.0229
v 0.0208453314988 0.00429217792943 0.0229
v 0.0205874775756 0.00436502085963 0.0229
v 0.0203257453579 0.00442238796121 0.0229
v 0.0200610627959 0.00446407584375 0.0229
v 0.0197943683003 0.00448993670621 0.0229
v 0.019526607415 0.00449987886101 0.0229
v 0.0192587294644 0.00449386705904 0.0229
v 0.0189916841882 0.00447192261466 0.0229
v 0.0187264183739 0.00443412333012 0.0229
v 0.0184638724999 0.00438060321973 0.0229
v 0.0182049774015 0.00431155203471 0.0229
v 0.0179506509701 0.00422721459046 0.0229
v 0.0177017948998 0.00412788989858 0.0229
v 0.0174592914895 0.00401393010672 0.0229
v 0.0172240005155 0.00388573925012 0.0229
v 0.0169967561829 0.0037437718191 0.0229
v 0.0167783641682 0.0035885311477 0.0229
v 0.0165695987625 0.00342056762919 0.0229
v 0.0163712001267 0.00324047676464 0.0229
v 0.0161838716672 0.00304889705165 0.0229
v 0.0160082775419 0.00284650772061 0.0229
v 0.0158450403055 0.00263402632654 0.0229
v 0.0156947387025 0.00241220620504 0.0229
v 0.0155579056151 0.00218183380142 0.0229
v 0.0154350261739 0.00194372588241 0.0229
v 0.015326536038 0.00169872664041 0.0229
v 0.0152328198505 0.00144770470041 0.0229
v 0.0151542098745 0.00119155004041 0.0229
v 0.0150909848153 0.000931170836065 0.0229
v 0.0150433688323 0.000667490240786 0.0229
v 0.0150115307441 0.000401443112812 0.0229
v 0.01499558343 0.000133972700731 0.0229
v 0.01499558343 -0.000133972700731 0.0229
v 0.0150115307441 -0.000401443112812 0.0229
v 0.0150433688323 -0.000667490240786 0.0229
v 0.0150909848153 -0.000931170836065 0.0229
v 0.0151542098745 -0.00119155004041 0.0229
v 0.0152328198505 -0.00144770470041 0.0229
v 0.015326536038 -0.00169872664041 0.0229
v 0.0154350261739 -0.00194372588241 0.0229
v 0.0155579056151 -0.00218183380142 0.0229
v 0.0156947387025 -0.00241220620504 0.0229
v 0.0158450403055 -0.00263402632654 0.0229
v 0.0160082775419 -0.00284650772061 0.0229
v 0.0161838716672 -0.00304889705165 0.0229
v 0.0163712001267 -0.00324047676464 0.0229
v 0.0165695987625 -0.00342056762919 0.0229
v 0.0167783641682 -0.0035885311477 0.0229
v 0.0169967561829 -0.0037437718191 0.0229
v 0.0172240005155 -0.00388573925012 0.0229
v 0.0174592914895 -0.00401393010672 0.0229
v 0.0177017948998 -0.00412788989858 0.0229
v 0.0179506509701 -0.00422721459046 0.0229
v 0.0182049774015 -0.00431155203471 0.0229
v 0.0184638724999 -0.00438060321973 0.0229
v 0.0187264183739 -0.00443412333012 0.0229
v 0.0189916841882 -0.00447192261466 0.0229
v 0.0192587294644 -0.00449386705904 0.0229
v 0.019526607415 -0.00449987886101 0.0229
v 0.0197943683003 -0.00448993670621 0.0229
v 0.0200610627959 -0.00446407584375 0.0229
v 0.0203257453579 -0.00442238796121 0.0229
v 0.0205874775756 -0.00436502085963 0.0229
v 0.0208453314988 -0.00429217792943 0.0229
v 0.0210983929271 -0.00420411742931 0.0229
v 0.0213457646516 -0.00410115157068 0.0229
v 0.0215865696361 -0.00398364541065 0.0229
v 0.0218199541257 -0.00385201555782 0.0229
v 0.0220450906748 -0.0037067286952 0.0229
v 0.0222611810798 -0.00354829992561 0.0229
v 0.0224674592096 -0.00337729094544 0.0229
v 0.022663193722 -0.00319430805322 0.0229
v 0.0228476906559 -0.003 0.0229
v 0.0182378518541 0.002175 0.0229
v 0.0207493255251 0.002175 0.0229
v 0.0220050623606 0 0.0229
v 0.0207493255251 -0.002175 0.0229
v 0.0182378518541 -0.002175 0.0229
v 0.0169821150186 3.0756681923e-19 0.0229
v 0.0228476906559 0.003 0.0229
v 0.0239935886896 0.003 0.0229
v 0.0228476906559 0.003 0.026
v 0.0239935886896 0.003 0.026
v 0.0283050623606 -0.014 0.0224
v 0.0270493255251 -0.011825 0.0224
v 0.0245378518541 -0.011825 0.0224
v 0.0232821150186 -0.014 0.0224
v 0.0245378518541 -0.016175 0.0224
v 0.0270493255251 -0.016175 0.0224
v 0.0269435886896 -0.014 0.0224
v 0.0269415303389 -0.013931225223 0.0224
v 0.0269353626549 -0.0138626966418 0.0224
v 0.0269251077165 -0.013794659571 0.0224
v 0.0269108022337 -0.0137273575656 0.0224
v 0.0268924974163 -0.0136610315494 0.0224
v 0.0268702587909 -0.0135959189523 0.0224
v 0.0268441659659 -0.0135322528605 0.0224
v 0.026814312347 -0.013470261182 0.0224
v 0.0267808048023 -0.013410165831 0.0224
v 0.0267437632801 -0.0133521819332 0.0224
v 0.0267033203795 -0.013296517056 0.0224
v 0.0266596208755 -0.0132433704652 0.0224
v 0.0266128212011 -0.0131929324117 0.0224
v 0.0265630888869 -0.0131453834507 0.0224
v 0.0265106019618 -0.0131008937952 0.0224
v 0.0264555483152 -0.0130596227065 0.0224
v 0.0263981250249 -0.0130217179245 0.0224
v 0.0263385376515 -0.0129873151384 0.0224
v 0.0262769995022 -0.0129565375012 0.0224
v 0.0262137308676 -0.0129294951891 0.0224
v 0.0261489582331 -0.0129062850063 0.0224
v 0.0260829134679 -0.0128869900393 0.0224
v 0.0260158329951 -0.0128716793591 0.0224
v 0.0259479569453 -0.012860407774 0.0224
v 0.0258795282972 -0.0128532156332 0.0224
v 0.0258107920077 -0.0128501286829 0.0224
v 0.0257419941347 -0.0128511579735 0.0224
v 0.0256733809569 -0.0128562998203 0.0224
v 0.0256051980915 -0.012865535817 0.0224
v 0.0255376896156 -0.012878832901 0.0224
v 0.0254710971919 -0.0128961434722 0.0224
v 0.0254056592041 -0.0129174055633 0.0224
v 0.0253416099032 -0.0129425430616 0.0224
v 0.0252791785691 -0.0129714659812 0.0224
v 0.0252185886896 -0.0130040707856 0.0224
v 0.0251600571609 -0.0130402407582 0.0224
v 0.0251037935107 -0.0130798464198 0.0224
v 0.0250499991482 -0.0131227459924 0.0224
v 0.0249988666433 -0.0131687859066 0.0224
v 0.024950579037 -0.0132178013516 0.0224
v 0.0249053091865 -0.0132696168647 0.0224
v 0.0248632191461 -0.0133240469599 0.0224
v 0.0248244595872 -0.0133808967915 0.0224
v 0.0247891692589 -0.0134399628519 0.0224
v 0.0247574744915 -0.0135010337 0.0224
v 0.0247294887441 -0.0135638907179 0.0224
v 0.0247053121982 -0.0136283088939 0.0224
v 0.0246850313998 -0.0136940576276 0.0224
v 0.0246687189488 -0.0137609015556 0.0224
v 0.0246564332395 -0.0138286013939 0.0224
v 0.0246482182515 -0.0138969147948 0.0224
v 0.0246441033925 -0.0139655972139 0.0224
v 0.0246441033925 -0.0140344027861 0.0224
v 0.0246482182515 -0.0141030852052 0.0224
v 0.0246564332395 -0.0141713986061 0.0224
v 0.0246687189488 -0.0142390984444 0.0224
v 0.0246850313998 -0.0143059423724 0.0224
v 0.0247053121982 -0.0143716911061 0.0224
v 0.0247294887441 -0.0144361092821 0.0224
v 0.0247574744915 -0.0144989663 0.0224
v 0.0247891692589 -0.0145600371481 0.0224
v 0.0248244595872 -0.0146191032085 0.0224
v 0.0248632191461 -0.0146759530401 0.0224
v 0.0249053091865 -0.0147303831353 0.0224
v 0.024950579037 -0.0147821986484 0.0224
v 0.0249988666433 -0.0148312140934 0.0224
v 0.0250499991482 -0.0148772540076 0.0224
v 0.0251037935107 -0.0149201535802 0.0224
v 0.0251600571609 -0.0149597592418 0.0224
v 0.0252185886896 -0.0149959292144 0.0224
v 0.0252791785691 -0.0150285340188 0.0224
v 0.0253416099032 -0.0150574569384 0.0224
v 0.0254056592041 -0.0150825944367 0.0224
v 0.0254710971919 -0.0151038565278 0.0224
v 0.0255376896156 -0.015121167099 0.0224
v 0.0256051980915 -0.015134464183 0.0224
v 0.0256733809569 -0.0151437001797 0.0224
v 0.0257419941347 -0.0151488420265 0.0224
v 0.0258107920077 -0.0151498713171 0.0224
v 0.0258795282972 -0.0151467843668 0.0224
v 0.0259479569453 -0.015139592226 0.0224
v 0.0260158329951 -0.0151283206409 0.0224
v 0.0260829134679 -0.0151130099607 0.0224
v 0.0261489582331 -0.0150937149937 0.0224
v 0.0262137308676 -0.0150705048109 0.0224
v 0.0262769995022 -0.0150434624988 0.0224
v 0.0263385376515 -0.0150126848616 0.0224
v 0.0263981250249 -0.0149782820755 0.0224
v 0.0264555483152 -0.0149403772935 0.0224
v 0.0265106019618 -0.0148991062048 0.0224
v 0.0265630888869 -0.0148546165493 0.0224
v 0.0266128212011 -0.0148070675883 0.0224
v 0.0266596208755 -0.0147566295348 0.0224
v 0.0267033203795 -0.014703482944 0.0224
v 0.0267437632801 -0.0146478180668 0.0224
v 0.0267808048023 -0.014589834169 0.0224
v 0.026814312347 -0.014529738818 0.0224
v 0.0268441659659 -0.0144677471395 0.0224
v 0.0268702587909 -0.0144040810477 0.0224
v 0.0268924974163 -0.0143389684506 0.0224
v 0.0269108022337 -0.0142726424344 0.0224
v 0.0269251077165 -0.014205340429 0.0224
v 0.0269353626549 -0.0141373033582 0.0224
v 0.0269415303389 -0.014068774777 0.0224
v 0.0283050623606 0.014 0.0224
v 0.0270493255251 0.016175 0.0224
v 0.0245378518541 0.016175 0.0224
v 0.0232821150186 0.014 0.0224
v 0.0245378518541 0.011825 0.0224
v 0.0270493255251 0.011825 0.0224
v 0.0269435886896 0.014 0.0224
v 0.0269415303389 0.014068774777 0.0224
v 0.0269353626549 0.0141373033582 0.0224
v 0.0269251077165 0.014205340429 0.0224
v 0.0269108022337 0.0142726424344 0.0224
v 0.0268924974163 0.0143389684506 0.0224
v 0.0268702587909 0.0144040810477 0.0224
v 0.0268441659659 0.0144677471395 0.0224
v 0.026814312347 0.014529738818 0.0224
v 0.0267808048023 0.014589834169 0.0224
v 0.0267437632801 0.0146478180668 0.0224
v 0.0267033203795 0.014703482944 0.0224
v 0.0266596208755 0.0147566295348 0.0224
v 0.0266128212011 0.0148070675883 0.0224
v 0.0265630888869 0.0148546165493 0.0224
v 0.0265106019618 0.0148991062048 0.0224
v 0.0264555483152 0.0149403772935 0.0224
v 0.0263981250249 0.0149782820755 0.0224
v 0.0263385376515 0.0150126848616 0.0224
v 0.0262769995022 0.0150434624988 0.0224
v 0.0262137308676 0.0150705048109 0.0224
v 0.0261489582331 0.0150937149937 0.0224
v 0.0260829134679 0.0151130099607 0.0224
v 0.0260158329951 0.0151283206409 0.0224
v 0.0259479569453 0.015139592226 0.0224
v 0.0258795282972 0.0151467843668 0.0224
v 0.0258107920077 0.0151498713171 0.0224
v 0.0257419941347 0.0151488420265 0.0224
v 0.0256733809569 0.0151437001797 0.0224
v 0.0256051980915 0.015134464183 0.0224
v 0.0255376896156 0.015121167099 0.0224
v 0.0254710971919 0.0151038565278 0.0224
v 0.0254056592041 0.0150825944367 0.0224
v 0.0253416099032 0.0150574569384 0.0224
v 0.0252791785691 0.0150285340188 0.0224
v 0.0252185886896 0.0149959292144 0.0224
v 0.0251600571609 0.0149597592418 0.0224
v 0.0251037935107 0.0149201535802 0.0224
v 0.0250499991482 0.0148772540076 0.0224
v 0.0249988666433 0.0148312140934 0.0224
v 0.024950579037 0.0147821986484 0.0224
v 0.0249053091865 0.0147303831353 0.0224
v 0.0248632191461 0.0146759530401 0.0224
v 0.0248244595872 0.0146191032085 0.0224
v 0.0247891692589 0.0145600371481 0.0224
v 0.0247574744915 0.0144989663 0.0224
v 0.0247294887441 0.0144361092821 0.0224
v 0.0247053121982 0.0143716911061 0.0224
v 0.0246850313998 0.0143059423724 0.0224
v 0.0246687189488 0.0142390984444 0.0224
v 0.0246564332395 0.0141713986061 0.0224
v 0.0246482182515 0.0141030852052 0.0224
v 0.0246441033925 0.0140344027861 0.0224
v 0.0246441033925 0.0139655972139 0.0224
v 0.0246482182515 0.0138969147948 0.0224
v 0.0246564332395 0.0138286013939 0.0224
v 0.0246687189488 0.0137609015556 0.0224
v 0.0246850313998 0.0136940576276 0.0224
v 0.0247053121982 0.0136283088939 0.0224
v 0.0247294887441 0.0135638907179 0.0224
v 0.0247574744915 0.0135010337 0.0224
v 0.0247891692589 0.0134399628519 0.0224
v 0.0248244595872 0.0133808967915 0.0224
v 0.0248632191461 0.0133240469599 0.0224
v 0.0249053091865 0.0132696168647 0.0224
v 0.024950579037 0.0132178013516 0.0224
v 0.0249988666433 0.0131687859066 0.0224
v 0.0250499991482 0.0131227459924 0.0224
v 0.0251037935107 0.0130798464198 0.0224
v 0.0251600571609 0.0130402407582 0.0224
v 0.0252185886896 0.0130040707856 0.0224
v 0.0252791785691 0.0129714659812 0.0224
v 0.0253416099032 0.0129425430616 0.0224
v 0.0254056592041 0.0129174055633 0.0224
v 0.0254710971919 0.0128961434722 0.0224
v 0.0255376896156 0.012878832901 0.0224
v 0.0256051980915 0.012865535817 0.0224
v 0.0256733809569 0.0128562998203 0.0224
v 0.0257419941347 0.0128511579735 0.0224
v 0.0258107920077 0.0128501286829 0.0224
v 0.0258795282972 0.0128532156332 0.0224
v 0.0259479569453 0.012860407774 0.0224
v 0.0260158329951 0.0128716793591 0.0224
v 0.0260829134679 0.0128869900393 0.0224
v 0.0261489582331 0.0129062850063 0.0224
v 0.0262137308676 0.0129294951891 0.0224
v 0.0262769995022 0.0129565375012 0.0224
v 0.0263385376515 0.0129873151384 0.0224
v 0.0263981250249 0.0130217179245 0.0224
v 0.0264555483152 0.0130596227065 0.0224
v 0.0265106019618 0.0131008937952 0.0224
v 0.0265630888869 0.0131453834507 0.0224
v 0.0266128212011 0.0131929324117 0.0224
v 0.0266596208755 0.0132433704652 0.0224
v 0.0267033203795 0.013296517056 0.0224
v 0.0267437632801 0.0133521819332 0.0224
v 0.0267808048023 0.013410165831 0.0224
v 0.026814312347 0.013470261182 0.0224
v 0.0268441659659 0.0135322528605 0.0224
v 0.0268702587909 0.0135959189523 0.0224
v 0.0268924974163 0.0136610315494 0.0224
v 0.0269108022337 0.0137273575656 0.0224
v 0.0269251077165 0.013794659571 0.0224
v 0.0269353626549 0.0138626966418 0.0224
v 0.0269415303389 0.013931225223 0.0224
v 0.0269435886896 0.014 0.0224
v 0.0269435886896 0.014 0.033
v 0.0269435886896 0.014 0.033
v 0.0269415303389 0.014068774777 0.033
v 0.0269353626549 0.0141373033582 0.033
v 0.0269251077165 0.014205340429 0.033
v 0.0269108022337 0.0142726424344 0.033
v 0.0268924974163 0.0143389684506 0.033
v 0.0268702587909 0.0144040810477 0.033
v 0.0268441659659 0.0144677471395 0.033
v 0.026814312347 0.014529738818 0.033
v 0.0267808048023 0.014589834169 0.033
v 0.0267437632801 0.0146478180668 0.033
v 0.0267033203795 0.014703482944 0.033
v 0.0266596208755 0.0147566295348 0.033
v 0.0266128212011 0.0148070675883 0.033
v 0.0265630888869 0.0148546165493 0.033
v 0.0265106019618 0.0148991062048 0.033
v 0.0264555483152 0.0149403772935 0.033
v 0.0263981250249 0.0149782820755 0.033
v 0.0263385376515 0.0150126848616 0.033
v 0.0262769995022 0.0150434624988 0.033
v 0.0262137308676 0.0150705048109 0.033
v 0.0261489582331 0.0150937149937 0.033
v 0.0260829134679 0.0151130099607 0.033
v 0.0260158329951 0.0151283206409 0.033
v 0.0259479569453 0.015139592226 0.033
v 0.0258795282972 0.0151467843668 0.033
v 0.0258107920077 0.0151498713171 0.033
v 0.0257419941347 0.0151488420265 0.033
v 0.0256733809569 0.0151437001797 0.033
v 0.0256051980915 0.015134464183 0.033
v 0.0255376896156 0.015121167099 0.033
v 0.0254710971919 0.0151038565278 0.033
v 0.0254056592041 0.0150825944367 0.033
v 0.0253416099032 0.0150574569384 0.033
v 0.0252791785691 0.0150285340188 0.033
v 0.0252185886896 0.0149959292144 0.033
v 0.0251600571609 0.0149597592418 0.033
v 0.0251037935107 0.0149201535802 0.033
v 0.0250499991482 0.0148772540076 0.033
v 0.0249988666433 0.0148312140934 0.033
v 0.024950579037 0.0147821986484 0.033
v 0.0249053091865 0.0147303831353 0.033
v 0.0248632191461 0.0146759530401 0.033
v 0.0248244595872 0.0146191032085 0.033
v 0.0247891692589 0.0145600371481 0.033
v 0.0247574744915 0.0144989663 0.033
v 0.0247294887441 0.0144361092821 0.033
v 0.0247053121982 0.0143716911061 0.033
v 0.0246850313998 0.0143059423724 0.033
v 0.0246687189488 0.0142390984444 0.033
v 0.0246564332395 0.0141713986061 0.033
v 0.0246482182515 0.0141030852052 0.033
v 0.0246441033925 0.0140344027861 0.033
v 0.0246441033925 0.0139655972139 0.033
v 0.0246482182515 0.0138969147948 0.033
v 0.0246564332395 0.0138286013939 0.033
v 0.0246687189488 0.0137609015556 0.033
v 0.0246850313998 0.0136940576276 0.033
v 0.0247053121982 0.0136283088939 0.033
v 0.0247294887441 0.0135638907179 0.033
v 0.0247574744915 0.0135010337 0.033
v 0.0247891692589 0.0134399628519 0.033
v 0.0248244595872 0.0133808967915 0.033
v 0.0248632191461 0.0133240469599 0.033
v 0.0249053091865 0.0132696168647 0.033
v 0.024950579037 0.0132178013516 0.033
v 0.0249988666433 0.0131687859066 0.033
v 0.0250499991482 0.0131227459924 0.033
v 0.0251037935107 0.0130798464198 0.033
v 0.0251600571609 0.0130402407582 0.033
v 0.0252185886896 0.0130040707856 0.033
v 0.0252791785691 0.0129714659812 0.033
v 0.0253416099032 0.0129425430616 0.033
v 0.0254056592041 0.0129174055633 0.033
v 0.0254710971919 0.0128961434722 0.033
v 0.0255376896156 0.012878832901 0.033
v 0.0256051980915 0.012865535817 0.033
v 0.0256733809569 0.0128562998203 0.033
v 0.0257419941347 0.0128511579735 0.033
v 0.0258107920077 0.0128501286829 0.033
v 0.0258795282972 0.0128532156332 0.033
v 0.0259479569453 0.012860407774 0.033
v 0.0260158329951 0.0128716793591 0.033
v 0.0260829134679 0.0128869900393 0.033
v 0.0261489582331 0.0129062850063 0.033
v 0.0262137308676 0.0129294951891 0.033
v 0.0262769995022 0.0129565375012 0.033
v 0.0263385376515 0.0129873151384 0.033
v 0.0263981250249 0.0130217179245 0.033
v 0.0264555483152 0.0130596227065 0.033
v 0.0265106019618 0.0131008937952 0.033
v 0.0265630888869 0.0131453834507 0.033
v 0.0266128212011 0.0131929324117 0.033
v 0.0266596208755 0.0132433704652 0.033
v 0.0267033203795 0.013296517056 0.033
v 0.0267437632801 0.0133521819332 0.033
v 0.0267808048023 0.013410165831 0.033
v 0.026814312347 0.013470261182 0.033
v 0.0268441659659 0.0135322528605 0.033
v 0.0268702587909 0.0135959189523 0.033
v 0.0268924974163 0.0136610315494 0.033
v 0.0269108022337 0.0137273575656 0.033
v 0.0269251077165 0.013794659571 0.033
v 0.0269353626549 0.0138626966418 0.033
v 0.0269415303389 0.013931225223 0.033
v 0.0269435886896 0.014 0.0224
v 0.0269415303389 0.014068774777 0.0224
v 0.0269353626549 0.0141373033582 0.0224
v 0.0269251077165 0.014205340429 0.0224
v 0.0269108022337 0.0142726424344 0.0224
v 0.0268924974163 0.0143389684506 0.0224
v 0.0268702587909 0.0144040810477 0.0224
v 0.0268441659659 0.0144677471395 0.0224
v 0.026814312347 0.014529738818 0.0224
v 0.0267808048023 0.014589834169 0.0224
v 0.0267437632801 0.0146478180668 0.0224
v 0.0267033203795 0.014703482944 0.0224
v 0.0266596208755 0.0147566295348 0.0224
v 0.0266128212011 0.0148070675883 0.0224
v 0.0265630888869 0.0148546165493 0.0224
v 0.0265106019618 0.0148991062048 0.0224
v 0.0264555483152 0.0149403772935 0.0224
v 0.0263981250249 0.0149782820755 0.0224
v 0.0263385376515 0.0150126848616 0.0224
v 0.0262769995022 0.0150434624988 0.0224
v 0.0262137308676 0.0150705048109 0.0224
v 0.0261489582331 0.0150937149937 0.0224
v 0.0260829134679 0.0151130099607 0.0224
v 0.0260158329951 0.0151283206409 0.0224
v 0.0259479569453 0.015139592226 0.0224
v 0.0258795282972 0.0151467843668 0.0224
v 0.0258107920077 0.0151498713171 0.0224
v 0.0257419941347 0.0151488420265 0.0224
v 0.0256733809569 0.0151437001797 0.0224
v 0.0256051980915 0.015134464183 0.0224
v 0.0255376896156 0.015121167099 0.0224
v 0.0254710971919 0.0151038565278 0.0224
v 0.0254056592041 0.0150825944367 0.0224
v 0.0253416099032 0.0150574569384 0.0224
v 0.0252791785691 0.0150285340188 0.0224
v 0.0252185886896 0.0149959292144 0.0224
v 0.0251600571609 0.0149597592418 0.0224
v 0.0251037935107 0.0149201535802 0.0224
v 0.0250499991482 0.0148772540076 0.0224
v 0.0249988666433 0.0148312140934 0.0224
v 0.024950579037 0.0147821986484 0.0224
v 0.0249053091865 0.0147303831353 0.0224
v 0.0248632191461 0.0146759530401 0.0224
v 0.0248244595872 0.0146191032085 0.0224
v 0.0247891692589 0.0145600371481 0.0224
v 0.0247574744915 0.0144989663 0.0224
v 0.0247294887441 0.0144361092821 0.0224
v 0.0247053121982 0.0143716911061 0.0224
v 0.0246850313998 0.0143059423724 0.0224
v 0.0246687189488 0.0142390984444 0.0224
v 0.0246564332395 0.0141713986061 0.0224
v 0.0246482182515 0.0141030852052 0.0224
v 0.0246441033925 0.0140344027861 0.0224
v 0.0246441033925 0.0139655972139 0.0224
v 0.0246482182515 0.0138969147948 0.0224
v 0.0246564332395 0.0138286013939 0.0224
v 0.0246687189488 0.0137609015556 0.0224
v 0.0246850313998 0.0136940576276 0.0224
v 0.0247053121982 0.0136283088939 0.0224
v 0.0247294887441 0.0135638907179 0.0224
v 0.0247574744915 0.0135010337 0.0224
v 0.0247891692589 0.0134399628519 0.0224
v 0.0248244595872 0.0133808967915 0.0224
v 0.0248632191461 0.0133240469599 0.0224
v 0.0249053091865 0.0132696168647 0.0224
v 0.024950579037 0.0132178013516 0.0224
v 0.0249988666433 0.0131687859066 0.0224
v 0.0250499991482 0.0131227459924 0.0224
v 0.0251037935107 0.0130798464198 0.0224
v 0.0251600571609 0.0130402407582 0.0224
v 0.0252185886896 0.0130040707856 0.0224
v 0.0252791785691 0.0129714659812 0.0224
v 0.0253416099032 0.0129425430616 0.0224
v 0.0254056592041 0.0129174055633 0.0224
v 0.0254710971919 0.0128961434722 0.0224
v 0.0255376896156 0.012878832901 0.0224
v 0.0256051980915 0.012865535817 0.0224
v 0.0256733809569 0.0128562998203 0.0224
v 0.0257419941347 0.0128511579735 0.0224
v 0.0258107920077 0.0128501286829 0.0224
v 0.0258795282972 0.0128532156332 0.0224
v 0.0259479569453 0.012860407774 0.0224
v 0.0260158329951 0.0128716793591 0.0224
v 0.0260829134679 0.0128869900393 0.0224
v 0.0261489582331 0.0129062850063 0.0224
v 0.0262137308676 0.0129294951891 0.0224
v 0.0262769995022 0.0129565375012 0.0224
v 0.0263385376515 0.0129873151384 0.0224
v 0.0263981250249 0.0130217179245 0.0224
v 0.0264555483152 0.0130596227065 0.0224
v 0.0265106019618 0.0131008937952 0.0224
v 0.0265630888869 0.0131453834507 0.0224
v 0.0266128212011 0.0131929324117 0.0224
v 0.0266596208755 0.0132433704652 0.0224
v 0.0267033203795 0.013296517056 0.0224
v 0.0267437632801 0.0133521819332 0.0224
v 0.0267808048023 0.013410165831 0.0224
v 0.026814312347 0.013470261182 0.0224
v 0.0268441659659 0.0135322528605 0.0224
v 0.0268702587909 0.0135959189523 0.0224
v 0.0268924974163 0.0136610315494 0.0224
v 0.0269108022337 0.0137273575656 0.0224
v 0.0269251077165 0.013794659571 0.0224
v 0.0269353626549 0.0138626966418 0.0224
v 0.0269415303389 0.013931225223 0.0224
v 0.0228476906559 0.003 0.026
v 0.022663193722 0.00319430805322 0.026
v 0.0224674592096 0.00337729094544 0.026
v 0.0222611810798 0.00354829992561 0.026
v 0.0220450906748 0.0037067286952 0.026
v 0.0218199541257 0.00385201555782 0.026
v 0.0215865696361 0.00398364541065 0.026
v 0.0213457646516 0.00410115157068 0.026
v 0.0210983929271 0.00420411742931 0.026
v 0.0208453314988 0.00429217792943 0.026
v 0.0205874775756 0.00436502085963 0.026
v 0.0203257453579 0.00442238796121 0.026
v 0.0200610627959 0.00446407584375 0.026
v 0.0197943683003 0.00448993670621 0.026
v 0.019526607415 0.00449987886101 0.026
v 0.0192587294644 0.00449386705904 0.026
v 0.0189916841882 0.00447192261466 0.026
v 0.0187264183739 0.00443412333012 0.026
v 0.0184638724999 0.00438060321973 0.026
v 0.0182049774015 0.00431155203471 0.026
v 0.0179506509701 0.00422721459046 0.026
v 0.0177017948998 0.00412788989858 0.026
v 0.0174592914895 0.00401393010672 0.026
v 0.0172240005155 0.00388573925012 0.026
v 0.0169967561829 0.0037437718191 0.026
v 0.0167783641682 0.0035885311477 0.026
v 0.0165695987625 0.00342056762919 0.026
v 0.0163712001267 0.00324047676464 0.026
v 0.0161838716672 0.00304889705165 0.026
v 0.0160082775419 0.00284650772061 0.026
v 0.0158450403055 0.00263402632654 0.026
v 0.0156947387025 0.00241220620504 0.026
v 0.0155579056151 0.00218183380142 0.026
v 0.0154350261739 0.00194372588241 0.026
v 0.015326536038 0.00169872664041 0.026
v 0.0152328198505 0.00144770470041 0.026
v 0.0151542098745 0.00119155004041 0.026
v 0.0150909848153 0.000931170836065 0.026
v 0.0150433688323 0.000667490240786 0.026
v 0.0150115307441 0.000401443112812 0.026
v 0.01499558343 0.000133972700731 0.026
v 0.01499558343 -0.000133972700731 0.026
v 0.0150115307441 -0.000401443112812 0.026
v 0.0150433688323 -0.000667490240786 0.026
v 0.0150909848153 -0.000931170836065 0.026
v 0.0151542098745 -0.00119155004041 0.026
v 0.0152328198505 -0.00144770470041 0.026
v 0.015326536038 -0.00169872664041 0.026
v 0.0154350261739 -0.00194372588241 0.026
v 0.0155579056151 -0.00218183380142 0.026
v 0.0156947387025 -0.00241220620504 0.026
v 0.0158450403055 -0.00263402632654 0.026
v 0.0160082775419 -0.00284650772061 0.026
v 0.0161838716672 -0.00304889705165 0.026
v 0.0163712001267 -0.00324047676464 0.026
v 0.0165695987625 -0.00342056762919 0.026
v 0.0167783641682 -0.0035885311477 0.026
v 0.0169967561829 -0.0037437718191 0.026
v 0.0172240005155 -0.00388573925012 0.026
v 0.0174592914895 -0.00401393010672 0.026
v 0.0177017948998 -0.00412788989858 0.026
v 0.0179506509701 -0.00422721459046 0.026
v 0.0182049774015 -0.00431155203471 0.026
v 0.0184638724999 -0.00438060321973 0.026
v 0.0187264183739 -0.00443412333012 0.026
v 0.0189916841882 -0.00447192261466 0.026
v 0.0192587294644 -0.00449386705904 0.026
v 0.019526607415 -0.00449987886101 0.026
v 0.0197943683003 -0.00448993670621 0.026
v 0.0200610627959 -0.00446407584375 0.026
v 0.0203257453579 -0.00442238796121 0.026
v 0.0205874775756 -0.00436502085963 0.026
v 0.0208453314988 -0.00429217792943 0.026
v 0.0210983929271 -0.00420411742931 0.026
v 0.0213457646516 -0.00410115157068 0.026
v 0.0215865696361 -0.00398364541065 0.026
v 0.0218199541257 -0.00385201555782 0.026
v 0.0220450906748 -0.0037067286952 0.026
v 0.0222611810798 -0.00354829992561 0.026
v 0.0224674592096 -0.00337729094544 0.026
v 0.022663193722 -0.00319430805322 0.026
v 0.0228476906559 -0.003 0.026
v 0.0228476906559 0.003 0.0229
v 0.022663193722 0.00319430805322 0.0229
v 0.0224674592096 0.00337729094544 0.0229
v 0.0222611810798 0.00354829992561 0.0229
v 0.0220450906748 0.0037067286952 0.0229
v 0.0218199541257 0.00385201555782 0.0229
v 0.0215865696361 0.00398364541065 0.0229
v 0.0213457646516 0.00410115157068 0.0229
v 0.0210983929271 0.00420411742931 0.0229
v 0.0208453314988 0.00429217792943 0.0229
v 0.0205874775756 0.00436502085963 0.0229
v 0.0203257453579 0.00442238796121 0.0229
v 0.0200610627959 0.00446407584375 0.0229
v 0.0197943683003 0.00448993670621 0.0229
v 0.019526607415 0.00449987886101 0.0229
v 0.0192587294644 0.00449386705904 0.0229
v 0.0189916841882 0.00447192261466 0.0229
v 0.0187264183739 0.00443412333012 0.0229
v 0.0184638724999 0.00438060321973 0.0229
v 0.0182049774015 0.00431155203471 0.0229
v 0.0179506509701 0.00422721459046 0.0229
v 0.0177017948998 0.00412788989858 0.0229
v 0.0174592914895 0.00401393010672 0.0229
v 0.0172240005155 0.00388573925012 0.0229
v 0.0169967561829 0.0037437718191 0.0229
v 0.0167783641682 0.0035885311477 0.0229
v 0.0165695987625 0.00342056762919 0.0229
v 0.0163712001267 0.00324047676464 0.0229
v 0.0161838716672 0.00304889705165 0.0229
v 0.0160082775419 0.00284650772061 0.0229
v 0.0158450403055 0.00263402632654 0.0229
v 0.0156947387025 0.00241220620504 0.0229
v 0.0155579056151 0.00218183380142 0.0229
v 0.0154350261739 0.00194372588241 0.0229
v 0.015326536038 0.00169872664041 0.0229
v 0.0152328198505 0.00144770470041 0.0229
v 0.0151542098745 0.00119155004041 0.0229
v 0.0150909848153 0.000931170836065 0.0229
v 0.0150433688323 0.000667490240786 0.0229
v 0.0150115307441 0.000401443112812 0.0229
v 0.01499558343 0.000133972700731 0.0229
v 0.01499558343 -0.000133972700731 0.0229
v 0.0150115307441 -0.000401443112812 0.0229
v 0.0150433688323 -0.000667490240786 0.0229
v 0.0150909848153 -0.000931170836065 0.0229
v 0.0151542098745 -0.00119155004041 0.0229
v 0.0152328198505 -0.00144770470041 0.0229
v 0.015326536038 -0.00169872664041 0.0229
v 0.0154350261739 -0.00194372588241 0.0229
v 0.0155579056151 -0.00218183380142 0.0229
v 0.0156947387025 -0.00241220620504 0.0229
v 0.0158450403055 -0.00263402632654 0.0229
v 0.0160082775419 -0.00284650772061 0.0229
v 0.0161838716672 -0.00304889705165 0.0229
v 0.0163712001267 -0.00324047676464 0.0229
v 0.0165695987625 -0.00342056762919 0.0229
v 0.0167783641682 -0.0035885311477 0.0229
v 0.0169967561829 -0.0037437718191 0.0229
v 0.0172240005155 -0.00388573925012 0.0229
v 0.0174592914895 -0.00401393010672 0.0229
v 0.0177017948998 -0.00412788989858 0.0229
v 0.0179506509701 -0.00422721459046 0.0229
v 0.0182049774015 -0.00431155203471 0.0229
v 0.0184638724999 -0.00438060321973 0.0229
v 0.0187264183739 -0.00443412333012 0.0229
v 0.0189916841882 -0.00447192261466 0.0229
v 0.0192587294644 -0.00449386705904 0.0229
v 0.019526607415 -0.00449987886101 0.0229
v 0.0197943683003 -0.00448993670621 0.0229
v 0.0200610627959 -0.00446407584375 0.0229
v 0.0203257453579 -0.00442238796121 0.0229
v 0.0205874775756 -0.00436502085963 0.0229
v 0.0208453314988 -0.00429217792943 0.0229
v 0.0210983929271 -0.00420411742931 0.0229
v 0.0213457646516 -0.00410115157068 0.0229
v 0.0215865696361 -0.00398364541065 0.0229
v 0.0218199541257 -0.00385201555782 0.0229
v 0.0220450906748 -0.0037067286952 0.0229
v 0.0222611810798 -0.00354829992561 0.0229
v 0.0224674592096 -0.00337729094544 0.0229
v 0.022663193722 -0.00319430805322 0.0229
v 0.0228476906559 -0.003 0.0229
v 0.0219935886896 -6.12323399574e-19 0.026
v 0.0219935886896 -6.12323399574e-19 0.0298
v 0.0219935886896 -6.12323399574e-19 0.0298
v 0.021989114014 0.000149510384863 0.0298
v 0.0219757060055 0.000298485561351 0.0298
v 0.0219534126611 0.000446392236997 0.0298
v 0.0219223137854 0.000592700944289 0.0298
v 0.0218825207041 0.000736887936027 0.0298
v 0.0218341758662 0.000878437060203 0.0298
v 0.0217774523337 0.00101684160769 0.0298
v 0.0217125531621 0.00115160612613 0.0298
v 0.0216397106736 0.00128224819351 0.0298
v 0.0215591856254 0.00140830014516 0.0298
v 0.0214712662763 0.00152931074779 0.0298
v 0.0213762673546 0.00164484681485 0.0298
v 0.021274528932 0.00175449475721 0.0298
v 0.0211664152055 0.00185786206369 0.0298
v 0.0210523131943 0.00195457870617 0.0298
v 0.0209326313538 0.00204429846416 0.0298
v 0.0208077981141 0.00212670016422 0.0298
v 0.0206782603458 0.00220148882964 0.0298
v 0.0205444817604 0.00226839673642 0.0298
v 0.0204069412505 0.00232718437161 0.0298
v 0.0202661311756 0.00237764129074 0.0298
v 0.020122555599 0.00241958687113 0.0298
v 0.0199767284841 0.00245287095849 0.0298
v 0.0198291718542 0.00247737440442 0.0298
v 0.0196804139236 0.00249300949295 0.0298
v 0.0195309872072 0.00249972025453 0.0298
v 0.0193814266137 0.00249748266635 0.0298
v 0.0192322675314 0.00248630473842 0.0298
v 0.0190840439111 0.00246622648481 0.0298
v 0.0189372863547 0.00243731978045 0.0298
v 0.0187925202164 0.00239968810386 0.0298
v 0.0186502637212 0.00235346616665 0.0298
v 0.0185110261105 0.00229881943138 0.0298
v 0.0183753058188 0.00223594351917 0.0298
v 0.0182435886896 0.00216506350946 0.0298
v 0.018116346236 0.0020864331343 0.0298
v 0.0179940339529 0.00200033387003 0.0298
v 0.0178770896866 0.00190707392966 0.0298
v 0.0177659320672 0.00180698715957 0.0298
v 0.01766095901 0.00170043184443 0.0298
v 0.0175625462916 0.00158778942461 0.0298
v 0.0174710462037 0.00146946313073 0.0298
v 0.017386786293 0.00134587654023 0.0298
v 0.0173100681881 0.00121747206101 0.0298
v 0.0172411665199 0.00108470934779 0.0298
v 0.0171803279384 0.000948063656632 0.0298
v 0.0171277702301 0.000808024143636 0.0298
v 0.0170836815379 0.000665092113917 0.0298
v 0.0170482196878 0.000519779227044 0.0298
v 0.0170215116241 0.00037260566544 0.0298
v 0.0170036529546 0.000224098272259 0.0298
v 0.0169947076089 7.47886654235e-05 0.0298
v 0.0169947076089 -7.47886654235e-05 0.0298
v 0.0170036529546 -0.000224098272259 0.0298
v 0.0170215116241 -0.00037260566544 0.0298
v 0.0170482196878 -0.000519779227044 0.0298
v 0.0170836815379 -0.000665092113917 0.0298
v 0.0171277702301 -0.000808024143636 0.0298
v 0.0171803279384 -0.000948063656632 0.0298
v 0.0172411665199 -0.00108470934779 0.0298
v 0.0173100681881 -0.00121747206101 0.0298
v 0.017386786293 -0.00134587654023 0.0298
v 0.0174710462037 -0.00146946313073 0.0298
v 0.0175625462916 -0.00158778942461 0.0298
v 0.01766095901 -0.00170043184443 0.0298
v 0.0177659320672 -0.00180698715957 0.0298
v 0.0178770896866 -0.00190707392966 0.0298
v 0.0179940339529 -0.00200033387003 0.0298
v 0.018116346236 -0.0020864331343 0.0298
v 0.0182435886896 -0.00216506350946 0.0298
v 0.0183753058188 -0.00223594351917 0.0298
v 0.0185110261105 -0.00229881943138 0.0298
v 0.0186502637212 -0.00235346616665 0.0298
v 0.0187925202164 -0.00239968810386 0.0298
v 0.0189372863547 -0.00243731978045 0.0298
v 0.0190840439111 -0.00246622648481 0.0298
v 0.0192322675314 -0.00248630473842 0.0298
v 0.0193814266137 -0.00249748266635 0.0298
v 0.0195309872072 -0.00249972025453 0.0298
v 0.0196804139236 -0.00249300949295 0.0298
v 0.0198291718542 -0.00247737440442 0.0298
v 0.0199767284841 -0.00245287095849 0.0298
v 0.020122555599 -0.00241958687113 0.0298
v 0.0202661311756 -0.00237764129074 0.0298
v 0.0204069412505 -0.00232718437161 0.0298
v 0.0205444817604 -0.00226839673642 0.0298
v 0.0206782603458 -0.00220148882964 0.0298
v 0.0208077981141 -0.00212670016422 0.0298
v 0.0209326313538 -0.00204429846416 0.0298
v 0.0210523131943 -0.00195457870617 0.0298
v 0.0211664152055 -0.00185786206369 0.0298
v 0.021274528932 -0.00175449475721 0.0298
v 0.0213762673546 -0.00164484681485 0.0298
v 0.0214712662763 -0.00152931074779 0.0298
v 0.0215591856254 -0.00140830014516 0.0298
v 0.0216397106736 -0.00128224819351 0.0298
v 0.0217125531621 -0.00115160612613 0.0298
v 0.0217774523337 -0.00101684160769 0.0298
v 0.0218341758662 -0.000878437060203 0.0298
v 0.0218825207041 -0.000736887936027 0.0298
v 0.0219223137854 -0.000592700944289 0.0298
v 0.0219534126611 -0.000446392236997 0.0298
v 0.0219757060055 -0.000298485561351 0.0298
v 0.021989114014 -0.000149510384863 0.0298
v 0.0219935886896 -6.12323399574e-19 0.026
v 0.021989114014 -0.000149510384863 0.026
v 0.0219757060055 -0.000298485561351 0.026
v 0.0219534126611 -0.000446392236997 0.026
v 0.0219223137854 -0.000592700944289 0.026
v 0.0218825207041 -0.000736887936027 0.026
v 0.0218341758662 -0.000878437060203 0.026
v 0.0217774523337 -0.00101684160769 0.026
v 0.0217125531621 -0.00115160612613 0.026
v 0.0216397106736 -0.00128224819351 0.026
v 0.0215591856254 -0.00140830014516 0.026
v 0.0214712662763 -0.00152931074779 0.026
v 0.0213762673546 -0.00164484681485 0.026
v 0.021274528932 -0.00175449475721 0.026
v 0.0211664152055 -0.00185786206369 0.026
v 0.0210523131943 -0.00195457870617 0.026
v 0.0209326313538 -0.00204429846416 0.026
v 0.0208077981141 -0.00212670016422 0.026
v 0.0206782603458 -0.00220148882964 0.026
v 0.0205444817604 -0.00226839673642 0.026
v 0.0204069412505 -0.00232718437161 0.026
v 0.0202661311756 -0.00237764129074 0.026
v 0.020122555599 -0.00241958687113 0.026
v 0.0199767284841 -0.00245287095849 0.026
v 0.0198291718542 -0.00247737440442 0.026
v 0.0196804139236 -0.00249300949295 0.026
v 0.0195309872072 -0.00249972025453 0.026
v 0.0193814266137 -0.00249748266635 0.026
v 0.0192322675314 -0.00248630473842 0.026
v 0.0190840439111 -0.00246622648481 0.026
v 0.0189372863547 -0.00243731978045 0.026
v 0.0187925202164 -0.00239968810386 0.026
v 0.0186502637212 -0.00235346616665 0.026
v 0.0185110261105 -0.00229881943138 0.026
v 0.0183753058188 -0.00223594351917 0.026
v 0.0182435886896 -0.00216506350946 0.026
v 0.018116346236 -0.0020864331343 0.026
v 0.0179940339529 -0.00200033387003 0.026
v 0.0178770896866 -0.00190707392966 0.026
v 0.0177659320672 -0.00180698715957 0.026
v 0.01766095901 -0.00170043184443 0.026
v 0.0175625462916 -0.00158778942461 0.026
v 0.0174710462037 -0.00146946313073 0.026
v 0.017386786293 -0.00134587654023 0.026
v 0.0173100681881 -0.00121747206101 0.026
v 0.0172411665199 -0.00108470934779 0.026
v 0.0171803279384 -0.000948063656632 0.026
v 0.0171277702301 -0.000808024143636 0.026
v 0.0170836815379 -0.000665092113917 0.026
v 0.0170482196878 -0.000519779227044 0.026
v 0.0170215116241 -0.00037260566544 0.026
v 0.0170036529546 -0.000224098272259 0.026
v 0.0169947076089 -7.47886654235e-05 0.026
v 0.0169947076089 7.47886654235e-05 0.026
v 0.0170036529546 0.000224098272259 0.026
v 0.0170215116241 0.00037260566544 0.026
v 0.0170482196878 0.000519779227044 0.026
v 0.0170836815379 0.000665092113917 0.026
v 0.0171277702301 0.000808024143636 0.026
v 0.0171803279384 0.000948063656632 0.026
v 0.0172411665199 0.00108470934779 0.026
v 0.0173100681881 0.00121747206101 0.026
v 0.017386786293 0.00134587654023 0.026
v 0.0174710462037 0.00146946313073 0.026
v 0.0175625462916 0.00158778942461 0.026
v 0.01766095901 0.00170043184443 0.026
v 0.0177659320672 0.00180698715957 0.026
v 0.0178770896866 0.00190707392966 0.026
v 0.0179940339529 0.00200033387003 0.026
v 0.018116346236 0.0020864331343 0.026
v 0.0182435886896 0.00216506350946 0.026
v 0.0183753058188 0.00223594351917 0.026
v 0.0185110261105 0.00229881943138 0.026
v 0.0186502637212 0.00235346616665 0.026
v 0.0187925202164 0.00239968810386 0.026
v 0.0189372863547 0.00243731978045 0.026
v 0.0190840439111 0.00246622648481 0.026
v 0.0192322675314 0.00248630473842 0.026
v 0.0193814266137 0.00249748266635 0.026
v 0.0195309872072 0.00249972025453 0.026
v 0.0196804139236 0.00249300949295 0.026
v 0.0198291718542 0.00247737440442 0.026
v 0.0199767284841 0.00245287095849 0.026
v 0.020122555599 0.00241958687113 0.026
v 0.0202661311756 0.00237764129074 0.026
v 0.0204069412505 0.00232718437161 0.026
v 0.0205444817604 0.00226839673642 0.026
v 0.0206782603458 0.00220148882964 0.026
v 0.0208077981141 0.00212670016422 0.026
v 0.0209326313538 0.00204429846416 0.026
v 0.0210523131943 0.00195457870617 0.026
v 0.0211664152055 0.00185786206369 0.026
v 0.021274528932 0.00175449475721 0.026
v 0.0213762673546 0.00164484681485 0.026
v 0.0214712662763 0.00152931074779 0.026
v 0.0215591856254 0.00140830014516 0.026
v 0.0216397106736 0.00128224819351 0.026
v 0.0217125531621 0.00115160612613 0.026
v 0.0217774523337 0.00101684160769 0.026
v 0.0218341758662 0.000878437060203 0.026
v 0.0218825207041 0.000736887936027 0.026
v 0.0219223137854 0.000592700944289 0.026
v 0.0219534126611 0.000446392236997 0.026
v 0.0219757060055 0.000298485561351 0.026
v 0.021989114014 0.000149510384863 0.026
v 0.0269435886896 -0.014 0.0224
v 0.0269435886896 -0.014 0.033
v 0.0269435886896 -0.014 0.033
v 0.0269415303389 -0.013931225223 0.033
v 0.0269353626549 -0.0138626966418 0.033
v 0.0269251077165 -0.013794659571 0.033
v 0.0269108022337 -0.0137273575656 0.033
v 0.0268924974163 -0.0136610315494 0.033
v 0.0268702587909 -0.0135959189523 0.033
v 0.0268441659659 -0.0135322528605 0.033
v 0.026814312347 -0.013470261182 0.033
v 0.0267808048023 -0.013410165831 0.033
v 0.0267437632801 -0.0133521819332 0.033
v 0.0267033203795 -0.013296517056 0.033
v 0.0266596208755 -0.0132433704652 0.033
v 0.0266128212011 -0.0131929324117 0.033
v 0.0265630888869 -0.0131453834507 0.033
v 0.0265106019618 -0.0131008937952 0.033
v 0.0264555483152 -0.0130596227065 0.033
v 0.0263981250249 -0.0130217179245 0.033
v 0.0263385376515 -0.0129873151384 0.033
v 0.0262769995022 -0.0129565375012 0.033
v 0.0262137308676 -0.0129294951891 0.033
v 0.0261489582331 -0.0129062850063 0.033
v 0.0260829134679 -0.0128869900393 0.033
v 0.0260158329951 -0.0128716793591 0.033
v 0.0259479569453 -0.012860407774 0.033
v 0.0258795282972 -0.0128532156332 0.033
v 0.0258107920077 -0.0128501286829 0.033
v 0.0257419941347 -0.0128511579735 0.033
v 0.0256733809569 -0.0128562998203 0.033
v 0.0256051980915 -0.012865535817 0.033
v 0.0255376896156 -0.012878832901 0.033
v 0.0254710971919 -0.0128961434722 0.033
v 0.0254056592041 -0.0129174055633 0.033
v 0.0253416099032 -0.0129425430616 0.033
v 0.0252791785691 -0.0129714659812 0.033
v 0.0252185886896 -0.0130040707856 0.033
v 0.0251600571609 -0.0130402407582 0.033
v 0.0251037935107 -0.0130798464198 0.033
v 0.0250499991482 -0.0131227459924 0.033
v 0.0249988666433 -0.0131687859066 0.033
v 0.024950579037 -0.0132178013516 0.033
v 0.0249053091865 -0.0132696168647 0.033
v 0.0248632191461 -0.0133240469599 0.033
v 0.0248244595872 -0.0133808967915 0.033
v 0.0247891692589 -0.0134399628519 0.033
v 0.0247574744915 -0.0135010337 0.033
v 0.0247294887441 -0.0135638907179 0.033
v 0.0247053121982 -0.0136283088939 0.033
v 0.0246850313998 -0.0136940576276 0.033
v 0.0246687189488 -0.0137609015556 0.033
v 0.0246564332395 -0.0138286013939 0.033
v 0.0246482182515 -0.0138969147948 0.033
v 0.0246441033925 -0.0139655972139 0.033
v 0.0246441033925 -0.0140344027861 0.033
v 0.0246482182515 -0.0141030852052 0.033
v 0.0246564332395 -0.0141713986061 0.033
v 0.0246687189488 -0.0142390984444 0.033
v 0.0246850313998 -0.0143059423724 0.033
v 0.0247053121982 -0.0143716911061 0.033
v 0.0247294887441 -0.0144361092821 0.033
v 0.0247574744915 -0.0144989663 0.033
v 0.0247891692589 -0.0145600371481 0.033
v 0.0248244595872 -0.0146191032085 0.033
v 0.0248632191461 -0.0146759530401 0.033
v 0.0249053091865 -0.0147303831353 0.033
v 0.024950579037 -0.0147821986484 0.033
v 0.0249988666433 -0.0148312140934 0.033
v 0.0250499991482 -0.0148772540076 0.033
v 0.0251037935107 -0.0149201535802 0.033
v 0.0251600571609 -0.0149597592418 0.033
v 0.0252185886896 -0.0149959292144 0.033
v 0.0252791785691 -0.0150285340188 0.033
v 0.0253416099032 -0.0150574569384 0.033
v 0.0254056592041 -0.0150825944367 0.033
v 0.0254710971919 -0.0151038565278 0.033
v 0.0255376896156 -0.015121167099 0.033
v 0.0256051980915 -0.015134464183 0.033
v 0.0256733809569 -0.0151437001797 0.033
v 0.0257419941347 -0.0151488420265 0.033
v 0.0258107920077 -0.0151498713171 0.033
v 0.0258795282972 -0.0151467843668 0.033
v 0.0259479569453 -0.015139592226 0.033
v 0.0260158329951 -0.0151283206409 0.033
v 0.0260829134679 -0.0151130099607 0.033
v 0.0261489582331 -0.0150937149937 0.033
v 0.0262137308676 -0.0150705048109 0.033
v 0.0262769995022 -0.0150434624988 0.033
v 0.0263385376515 -0.0150126848616 0.033
v 0.0263981250249 -0.0149782820755 0.033
v 0.0264555483152 -0.0149403772935 0.033
v 0.0265106019618 -0.0148991062048 0.033
v 0.0265630888869 -0.0148546165493 0.033
v 0.0266128212011 -0.0148070675883 0.033
v 0.0266596208755 -0.0147566295348 0.033
v 0.0267033203795 -0.014703482944 0.033
v 0.0267437632801 -0.0146478180668 0.033
v 0.0267808048023 -0.014589834169 0.033
v 0.026814312347 -0.014529738818 0.033
v 0.0268441659659 -0.0144677471395 0.033
v 0.0268702587909 -0.0144040810477 0.033
v 0.0268924974163 -0.0143389684506 0.033
v 0.0269108022337 -0.0142726424344 0.033
v 0.0269251077165 -0.014205340429 0.033
v 0.0269353626549 -0.0141373033582 0.033
v 0.0269415303389 -0.014068774777 0.033
v 0.0269435886896 -0.014 0.0224
v 0.0269415303389 -0.013931225223 0.0224
v 0.0269353626549 -0.0138626966418 0.0224
v 0.0269251077165 -0.013794659571 0.0224
v 0.0269108022337 -0.0137273575656 0.0224
v 0.0268924974163 -0.0136610315494 0.0224
v 0.0268702587909 -0.0135959189523 0.0224
v 0.0268441659659 -0.0135322528605 0.0224
v 0.026814312347 -0.013470261182 0.0224
v 0.0267808048023 -0.013410165831 0.0224
v 0.0267437632801 -0.0133521819332 0.0224
v 0.0267033203795 -0.013296517056 0.0224
v 0.0266596208755 -0.0132433704652 0.0224
v 0.0266128212011 -0.0131929324117 0.0224
v 0.0265630888869 -0.0131453834507 0.0224
v 0.0265106019618 -0.0131008937952 0.0224
v 0.0264555483152 -0.0130596227065 0.0224
v 0.0263981250249 -0.0130217179245 0.0224
v 0.0263385376515 -0.0129873151384 0.0224
v 0.0262769995022 -0.0129565375012 0.0224
v 0.0262137308676 -0.0129294951891 0.0224
v 0.0261489582331 -0.0129062850063 0.0224
v 0.0260829134679 -0.0128869900393 0.0224
v 0.0260158329951 -0.0128716793591 0.0224
v 0.0259479569453 -0.012860407774 0.0224
v 0.0258795282972 -0.0128532156332 0.0224
v 0.0258107920077 -0.0128501286829 0.0224
v 0.0257419941347 -0.0128511579735 0.0224
v 0.0256733809569 -0.0128562998203 0.0224
v 0.0256051980915 -0.012865535817 0.0224
v 0.0255376896156 -0.012878832901 0.0224
v 0.0254710971919 -0.0128961434722 0.0224
v 0.0254056592041 -0.0129174055633 0.0224
v 0.0253416099032 -0.0129425430616 0.0224
v 0.0252791785691 -0.0129714659812 0.0224
v 0.0252185886896 -0.0130040707856 0.0224
v 0.0251600571609 -0.0130402407582 0.0224
v 0.0251037935107 -0.0130798464198 0.0224
v 0.0250499991482 -0.0131227459924 0.0224
v 0.0249988666433 -0.0131687859066 0.0224
v 0.024950579037 -0.0132178013516 0.0224
v 0.0249053091865 -0.0132696168647 0.0224
v 0.0248632191461 -0.0133240469599 0.0224
v 0.0248244595872 -0.0133808967915 0.0224
v 0.0247891692589 -0.0134399628519 0.0224
v 0.0247574744915 -0.0135010337 0.0224
v 0.0247294887441 -0.0135638907179 0.0224
v 0.0247053121982 -0.0136283088939 0.0224
v 0.0246850313998 -0.0136940576276 0.0224
v 0.0246687189488 -0.0137609015556 0.0224
v 0.0246564332395 -0.0138286013939 0.0224
v 0.0246482182515 -0.0138969147948 0.0224
v 0.0246441033925 -0.0139655972139 0.0224
v 0.0246441033925 -0.0140344027861 0.0224
v 0.0246482182515 -0.0141030852052 0.0224
v 0.0246564332395 -0.0141713986061 0.0224
v 0.0246687189488 -0.0142390984444 0.0224
v 0.0246850313998 -0.0143059423724 0.0224
v 0.0247053121982 -0.0143716911061 0.0224
v 0.0247294887441 -0.0144361092821 0.0224
v 0.0247574744915 -0.0144989663 0.0224
v 0.0247891692589 -0.0145600371481 0.0224
v 0.0248244595872 -0.0146191032085 0.0224
v 0.0248632191461 -0.0146759530401 0.0224
v 0.0249053091865 -0.0147303831353 0.0224
v 0.024950579037 -0.0147821986484 0.0224
v 0.0249988666433 -0.0148312140934 0.0224
v 0.0250499991482 -0.0148772540076 0.0224
v 0.0251037935107 -0.0149201535802 0.0224
v 0.0251600571609 -0.0149597592418 0.0224
v 0.0252185886896 -0.0149959292144 0.0224
v 0.0252791785691 -0.0150285340188 0.0224
v 0.0253416099032 -0.0150574569384 0.0224
v 0.0254056592041 -0.0150825944367 0.0224
v 0.0254710971919 -0.0151038565278 0.0224
v 0.0255376896156 -0.015121167099 0.0224
v 0.0256051980915 -0.015134464183 0.0224
v 0.0256733809569 -0.0151437001797 0.0224
v 0.0257419941347 -0.0151488420265 0.0224
v 0.0258107920077 -0.0151498713171 0.0224
v 0.0258795282972 -0.0151467843668 0.0224
v 0.0259479569453 -0.015139592226 0.0224
v 0.0260158329951 -0.0151283206409 0.0224
v 0.0260829134679 -0.0151130099607 0.0224
v 0.0261489582331 -0.0150937149937 0.0224
v 0.0262137308676 -0.0150705048109 0.0224
v 0.0262769995022 -0.0150434624988 0.0224
v 0.0263385376515 -0.0150126848616 0.0224
v 0.0263981250249 -0.0149782820755 0.0224
v 0.0264555483152 -0.0149403772935 0.0224
v 0.0265106019618 -0.0148991062048 0.0224
v 0.0265630888869 -0.0148546165493 0.0224
v 0.0266128212011 -0.0148070675883 0.0224
v 0.0266596208755 -0.0147566295348 0.0224
v 0.0267033203795 -0.014703482944 0.0224
v 0.0267437632801 -0.0146478180668 0.0224
v 0.0267808048023 -0.014589834169 0.0224
v 0.026814312347 -0.014529738818 0.0224
v 0.0268441659659 -0.0144677471395 0.0224
v 0.0268702587909 -0.0144040810477 0.0224
v 0.0268924974163 -0.0143389684506 0.0224
v 0.0269108022337 -0.0142726424344 0.0224
v 0.0269251077165 -0.014205340429 0.0224
v 0.0269353626549 -0.0141373033582 0.0224
v 0.0269415303389 -0.014068774777 0.0224
v 0.0182378518541 0.002175 0.0229
v 0.0207493255251 0.002175 0.0229
v 0.0207493255251 0.002175 0.02465
v 0.0182378518541 0.002175 0.02465
v 0.0169821150186 3.0756681923e-19 0.0229
v 0.0182378518541 0.002175 0.0229
v 0.0182378518541 0.002175 0.02465
v 0.0169821150186 3.0756681923e-19 0.02465
v 0.0182378518541 -0.002175 0.0229
v 0.0169821150186 3.0756681923e-19 0.0229
v 0.0169821150186 3.0756681923e-19 0.02465
v 0.0182378518541 -0.002175 0.02465
v 0.0207493255251 -0.002175 0.0229
v 0.0182378518541 -0.002175 0.0229
v 0.0182378518541 -0.002175 0.02465
v 0.0207493255251 -0.002175 0.02465
v 0.0220050623606 0 0.0229
v 0.0207493255251 -0.002175 0.0229
v 0.0207493255251 -0.002175 0.02465
v 0.0220050623606 0 0.02465
v 0.0207493255251 0.002175 0.0229
v 0.0220050623606 0 0.0229
v 0.0220050623606 0 0.02465
v 0.0207493255251 0.002175 0.02465
v 0.0219935886896 -6.12323399574e-19 0.0298
v 0.021989114014 0.000149510384863 0.0298
v 0.0219757060055 0.000298485561351 0.0298
v 0.0219534126611 0.000446392236997 0.0298
v 0.0219223137854 0.000592700944289 0.0298
v 0.0218825207041 0.000736887936027 0.0298
v 0.0218341758662 0.000878437060203 0.0298
v 0.0217774523337 0.00101684160769 0.0298
v 0.0217125531621 0.00115160612613 0.0298
v 0.0216397106736 0.00128224819351 0.0298
v 0.0215591856254 0.00140830014516 0.0298
v 0.0214712662763 0.00152931074779 0.0298
v 0.0213762673546 0.00164484681485 0.0298
v 0.021274528932 0.00175449475721 0.0298
v 0.0211664152055 0.00185786206369 0.0298
v 0.0210523131943 0.00195457870617 0.0298
v 0.0209326313538 0.00204429846416 0.0298
v 0.0208077981141 0.00212670016422 0.0298
v 0.0206782603458 0.00220148882964 0.0298
v 0.0205444817604 0.00226839673642 0.0298
v 0.0204069412505 0.00232718437161 0.0298
v 0.0202661311756 0.00237764129074 0.0298
v 0.020122555599 0.00241958687113 0.0298
v 0.0199767284841 0.00245287095849 0.0298
v 0.0198291718542 0.00247737440442 0.0298
v 0.0196804139236 0.00249300949295 0.0298
v 0.0195309872072 0.00249972025453 0.0298
v 0.0193814266137 0.00249748266635 0.0298
v 0.0192322675314 0.00248630473842 0.0298
v 0.0190840439111 0.00246622648481 0.0298
v 0.0189372863547 0.00243731978045 0.0298
v 0.0187925202164 0.00239968810386 0.0298
v 0.0186502637212 0.00235346616665 0.0298
v 0.0185110261105 0.00229881943138 0.0298
v 0.0183753058188 0.00223594351917 0.0298
v 0.0182435886896 0.00216506350946 0.0298
v 0.018116346236 0.0020864331343 0.0298
v 0.0179940339529 0.00200033387003 0.0298
v 0.0178770896866 0.00190707392966 0.0298
v 0.0177659320672 0.00180698715957 0.0298
v 0.01766095901 0.00170043184443 0.0298
v 0.0175625462916 0.00158778942461 0.0298
v 0.0174710462037 0.00146946313073 0.0298
v 0.017386786293 0.00134587654023 0.0298
v 0.0173100681881 0.00121747206101 0.0298
v 0.0172411665199 0.00108470934779 0.0298
v 0.0171803279384 0.000948063656632 0.0298
v 0.0171277702301 0.000808024143636 0.0298
v 0.0170836815379 0.000665092113917 0.0298
v 0.0170482196878 0.000519779227044 0.0298
v 0.0170215116241 0.00037260566544 0.0298
v 0.0170036529546 0.000224098272259 0.0298
v 0.0169947076089 7.47886654235e-05 0.0298
v 0.0169947076089 -7.47886654235e-05 0.0298
v 0.0170036529546 -0.000224098272259 0.0298
v 0.0170215116241 -0.00037260566544 0.0298
v 0.0170482196878 -0.000519779227044 0.0298
v 0.0170836815379 -0.000665092113917 0.0298
v 0.0171277702301 -0.000808024143636 0.0298
v 0.0171803279384 -0.000948063656632 0.0298
v 0.0172411665199 -0.00108470934779 0.0298
v 0.0173100681881 -0.00121747206101 0.0298
v 0.017386786293 -0.00134587654023 0.0298
v 0.0174710462037 -0.00146946313073 0.0298
v 0.0175625462916 -0.00158778942461 0.0298
v 0.01766095901 -0.00170043184443 0.0298
v 0.0177659320672 -0.00180698715957 0.0298
v 0.0178770896866 -0.00190707392966 0.0298
v 0.0179940339529 -0.00200033387003 0.0298
v 0.018116346236 -0.0020864331343 0.0298
v 0.0182435886896 -0.00216506350946 0.0298
v 0.0183753058188 -0.00223594351917 0.0298
v 0.0185110261105 -0.00229881943138 0.0298
v 0.0186502637212 -0.00235346616665 0.0298
v 0.0187925202164 -0.00239968810386 0.0298
v 0.0189372863547 -0.00243731978045 0.0298
v 0.0190840439111 -0.00246622648481 0.0298
v 0.0192322675314 -0.00248630473842 0.0298
v 0.0193814266137 -0.00249748266635 0.0298
v 0.0195309872072 -0.00249972025453 0.0298
v 0.0196804139236 -0.00249300949295 0.0298
v 0.0198291718542 -0.00247737440442 0.0298
v 0.0199767284841 -0.00245287095849 0.0298
v 0.020122555599 -0.00241958687113 0.0298
v 0.0202661311756 -0.00237764129074 0.0298
v 0.0204069412505 -0.00232718437161 0.0298
v 0.0205444817604 -0.00226839673642 0.0298
v 0.0206782603458 -0.00220148882964 0.0298
v 0.0208077981141 -0.00212670016422 0.0298
v 0.0209326313538 -0.00204429846416 0.0298
v 0.0210523131943 -0.00195457870617 0.0298
v 0.0211664152055 -0.00185786206369 0.0298
v 0.021274528932 -0.00175449475721 0.0298
v 0.0213762673546 -0.00164484681485 0.0298
v 0.0214712662763 -0.00152931074779 0.0298
v 0.0215591856254 -0.00140830014516 0.0298
v 0.0216397106736 -0.00128224819351 0.0298
v 0.0217125531621 -0.00115160612613 0.0298
v 0.0217774523337 -0.00101684160769 0.0298
v 0.0218341758662 -0.000878437060203 0.0298
v 0.0218825207041 -0.000736887936027 0.0298
v 0.0219223137854 -0.000592700944289 0.0298
v 0.0219534126611 -0.000446392236997 0.0298
v 0.0219757060055 -0.000298485561351 0.0298
v 0.021989114014 -0.000149510384863 0.0298
v 0.0206435886896 -2.81668763804e-19 0.0298
v 0.0206415303389 6.87747770368e-05 0.0298
v 0.0206353626549 0.000137303358221 0.0298
v 0.0206251077165 0.000205340429018 0.0298
v 0.0206108022337 0.000272642434373 0.0298
v 0.0205924974163 0.000338968450573 0.0298
v 0.0205702587909 0.000404081047694 0.0298
v 0.0205441659659 0.000467747139537 0.0298
v 0.020514312347 0.000529738818018 0.0298
v 0.0204808048023 0.000589834169017 0.0298
v 0.0204437632801 0.000647818066773 0.0298
v 0.0204033203795 0.000703482943982 0.0298
v 0.0203596208755 0.000756629534831 0.0298
v 0.0203128212011 0.000807067588317 0.0298
v 0.0202630888869 0.000854616549299 0.0298
v 0.0202106019618 0.000899106204838 0.0298
v 0.0201555483152 0.000940377293514 0.0298
v 0.0200981250249 0.00097828207554 0.0298
v 0.0200385376515 0.00101268486164 0.0298
v 0.0199769995022 0.00104346249875 0.0298
v 0.0199137308676 0.00107050481094 0.0298
v 0.0198489582331 0.00109371499374 0.0298
v 0.0197829134679 0.00111300996072 0.0298
v 0.0197158329951 0.0011283206409 0.0298
v 0.0196479569453 0.00113959222603 0.0298
v 0.0195795282972 0.00114678436676 0.0298
v 0.0195107920077 0.00114987131708 0.0298
v 0.0194419941347 0.00114884202652 0.0298
v 0.0193733809569 0.00114370017967 0.0298
v 0.0193051980915 0.00113446418301 0.0298
v 0.0192376896156 0.00112116709901 0.0298
v 0.0191710971919 0.00110385652777 0.0298
v 0.0191056592041 0.00108259443666 0.0298
v 0.0190416099032 0.00105745693843 0.0298
v 0.0189791785691 0.00102853401882 0.0298
v 0.0189185886896 0.000995929214352 0.0298
v 0.0188600571609 0.000959759241779 0.0298
v 0.0188037935107 0.000920153580213 0.0298
v 0.0187499991482 0.000877254007642 0.0298
v 0.0186988666433 0.000831214093402 0.0298
v 0.018650579037 0.000782198648437 0.0298
v 0.0186053091865 0.000730383135319 0.0298
v 0.0185632191461 0.000675953040136 0.0298
v 0.0185244595872 0.000619103208504 0.0298
v 0.0184891692589 0.000560037148065 0.0298
v 0.0184574744915 0.000498966299985 0.0298
v 0.0184294887441 0.000436109282051 0.0298
v 0.0184053121982 0.000371691106073 0.0298
v 0.0183850313998 0.000305942372402 0.0298
v 0.0183687189488 0.00023909844444 0.0298
v 0.0183564332395 0.000171398606103 0.0298
v 0.0183482182515 0.000103085205239 0.0298
v 0.0183441033925 3.44027860948e-05 0.0298
v 0.0183441033925 -3.44027860948e-05 0.0298
v 0.0183482182515 -0.000103085205239 0.0298
v 0.0183564332395 -0.000171398606103 0.0298
v 0.0183687189488 -0.00023909844444 0.0298
v 0.0183850313998 -0.000305942372402 0.0298
v 0.0184053121982 -0.000371691106073 0.0298
v 0.0184294887441 -0.000436109282051 0.0298
v 0.0184574744915 -0.000498966299985 0.0298
v 0.0184891692589 -0.000560037148065 0.0298
v 0.0185244595872 -0.000619103208504 0.0298
v 0.0185632191461 -0.000675953040136 0.0298
v 0.0186053091865 -0.000730383135319 0.0298
v 0.018650579037 -0.000782198648437 0.0298
v 0.0186988666433 -0.000831214093402 0.0298
v 0.0187499991482 -0.000877254007642 0.0298
v 0.0188037935107 -0.000920153580213 0.0298
v 0.0188600571609 -0.00095975924178 0.0298
v 0.0189185886896 -0.000995929214352 0.0298
v 0.0189791785691 -0.00102853401882 0.0298
v 0.0190416099032 -0.00105745693843 0.0298
v 0.0191056592041 -0.00108259443666 0.0298
v 0.0191710971919 -0.00110385652777 0.0298
v 0.0192376896156 -0.00112116709901 0.0298
v 0.0193051980915 -0.00113446418301 0.0298
v 0.0193733809569 -0.00114370017967 0.0298
v 0.0194419941347 -0.00114884202652 0.0298
v 0.0195107920077 -0.00114987131708 0.0298
v 0.0195795282972 -0.00114678436676 0.0298
v 0.0196479569453 -0.00113959222603 0.0298
v 0.0197158329951 -0.0011283206409 0.0298
v 0.0197829134679 -0.00111300996072 0.0298
v 0.0198489582331 -0.00109371499374 0.0298
v 0.0199137308676 -0.00107050481094 0.0298
v 0.0199769995022 -0.00104346249875 0.0298
v 0.0200385376515 -0.00101268486164 0.0298
v 0.0200981250249 -0.00097828207554 0.0298
v 0.0201555483152 -0.000940377293514 0.0298
v 0.0202106019618 -0.000899106204838 0.0298
v 0.0202630888869 -0.000854616549299 0.0298
v 0.0203128212011 -0.000807067588317 0.0298
v 0.0203596208755 -0.000756629534831 0.0298
v 0.0204033203795 -0.000703482943982 0.0298
v 0.0204437632801 -0.000647818066773 0.0298
v 0.0204808048023 -0.000589834169017 0.0298
v 0.020514312347 -0.000529738818018 0.0298
v 0.0205441659659 -0.000467747139537 0.0298
v 0.0205702587909 -0.000404081047694 0.0298
v 0.0205924974163 -0.000338968450573 0.0298
v 0.0206108022337 -0.000272642434373 0.0298
v 0.0206251077165 -0.000205340429018 0.0298
v 0.0206353626549 -0.000137303358221 0.0298
v 0.0206415303389 -6.87747770368e-05 0.0298
v 0.0220050623606 0 0.02465
v 0.0207493255251 0.002175 0.02465
v 0.0182378518541 0.002175 0.02465
v 0.0169821150186 3.0756681923e-19 0.02465
v 0.0182378518541 -0.002175 0.02465
v 0.0207493255251 -0.002175 0.02465
v 0.0206435886896 -2.81668763804e-19 0.02465
v 0.0206415303389 6.87747770368e-05 0.02465
v 0.0206353626549 0.000137303358221 0.02465
v 0.0206251077165 0.000205340429018 0.02465
v 0.0206108022337 0.000272642434373 0.02465
v 0.0205924974163 0.000338968450573 0.02465
v 0.0205702587909 0.000404081047694 0.02465
v 0.0205441659659 0.000467747139537 0.02465
v 0.020514312347 0.000529738818018 0.02465
v 0.0204808048023 0.000589834169017 0.02465
v 0.0204437632801 0.000647818066773 0.02465
v 0.0204033203795 0.000703482943982 0.02465
v 0.0203596208755 0.000756629534831 0.02465
v 0.0203128212011 0.000807067588317 0.02465
v 0.0202630888869 0.000854616549299 0.02465
v 0.0202106019618 0.000899106204838 0.02465
v 0.0201555483152 0.000940377293514 0.02465
v 0.0200981250249 0.00097828207554 0.02465
v 0.0200385376515 0.00101268486164 0.02465
v 0.0199769995022 0.00104346249875 0.02465
v 0.0199137308676 0.00107050481094 0.02465
v 0.0198489582331 0.00109371499374 0.02465
v 0.0197829134679 0.00111300996072 0.02465
v 0.0197158329951 0.0011283206409 0.02465
v 0.0196479569453 0.00113959222603 0.02465
v 0.0195795282972 0.00114678436676 0.02465
v 0.0195107920077 0.00114987131708 0.02465
v 0.0194419941347 0.00114884202652 0.02465
v 0.0193733809569 0.00114370017967 0.02465
v 0.0193051980915 0.00113446418301 0.02465
v 0.0192376896156 0.00112116709901 0.02465
v 0.0191710971919 0.00110385652777 0.02465
v 0.0191056592041 0.00108259443666 0.02465
v 0.0190416099032 0.00105745693843 0.02465
v 0.0189791785691 0.00102853401882 0.02465
v 0.0189185886896 0.000995929214352 0.02465
v 0.0188600571609 0.000959759241779 0.02465
v 0.0188037935107 0.000920153580213 0.02465
v 0.0187499991482 0.000877254007642 0.02465
v 0.0186988666433 0.000831214093402 0.02465
v 0.018650579037 0.000782198648437 0.02465
v 0.0186053091865 0.000730383135319 0.02465
v 0.0185632191461 0.000675953040136 0.02465
v 0.0185244595872 0.000619103208504 0.02465
v 0.0184891692589 0.000560037148065 0.02465
v 0.0184574744915 0.000498966299985 0.02465
v 0.0184294887441 0.000436109282051 0.02465
v 0.0184053121982 0.000371691106073 0.02465
v 0.0183850313998 0.000305942372402 0.02465
v 0.0183687189488 0.00023909844444 0.02465
v 0.0183564332395 0.000171398606103 0.02465
v 0.0183482182515 0.000103085205239 0.02465
v 0.0183441033925 3.44027860948e-05 0.02465
v 0.0183441033925 -3.44027860948e-05 0.02465
v 0.0183482182515 -0.000103085205239 0.02465
v 0.0183564332395 -0.000171398606103 0.02465
v 0.0183687189488 -0.00023909844444 0.02465
v 0.0183850313998 -0.000305942372402 0.02465
v 0.0184053121982 -0.000371691106073 0.02465
v 0.0184294887441 -0.000436109282051 0.02465
v 0.0184574744915 -0.000498966299985 0.02465
v 0.0184891692589 -0.000560037148065 0.02465
v 0.0185244595872 -0.000619103208504 0.02465
v 0.0185632191461 -0.000675953040136 0.02465
v 0.0186053091865 -0.000730383135319 0.02465
v 0.018650579037 -0.000782198648437 0.02465
v 0.0186988666433 -0.000831214093402 0.02465
v 0.0187499991482 -0.000877254007642 0.02465
v 0.0188037935107 -0.000920153580213 0.02465
v 0.0188600571609 -0.00095975924178 0.02465
v 0.0189185886896 -0.000995929214352 0.02465
v 0.0189791785691 -0.00102853401882 0.02465
v 0.0190416099032 -0.00105745693843 0.02465
v 0.0191056592041 -0.00108259443666 0.02465
v 0.0191710971919 -0.00110385652777 0.02465
v 0.0192376896156 -0.00112116709901 0.02465
v 0.0193051980915 -0.00113446418301 0.02465
v 0.0193733809569 -0.00114370017967 0.02465
v 0.0194419941347 -0.00114884202652 0.02465
v 0.0195107920077 -0.00114987131708 0.02465
v 0.0195795282972 -0.00114678436676 0.02465
v 0.0196479569453 -0.00113959222603 0.02465
v 0.0197158329951 -0.0011283206409 0.02465
v 0.0197829134679 -0.00111300996072 0.02465
v 0.0198489582331 -0.00109371499374 0.02465
v 0.0199137308676 -0.00107050481094 0.02465
v 0.0199769995022 -0.00104346249875 0.02465
v 0.0200385376515 -0.00101268486164 0.02465
v 0.0200981250249 -0.00097828207554 0.02465
v 0.0201555483152 -0.000940377293514 0.02465
v 0.0202106019618 -0.000899106204838 0.02465
v 0.0202630888869 -0.000854616549299 0.02465
v 0.0203128212011 -0.000807067588317 0.02465
v 0.0203596208755 -0.000756629534831 0.02465
v 0.0204033203795 -0.000703482943982 0.02465
v 0.0204437632801 -0.000647818066773 0.02465
v 0.0204808048023 -0.000589834169017 0.02465
v 0.020514312347 -0.000529738818018 0.02465
v 0.0205441659659 -0.000467747139537 0.02465
v 0.0205702587909 -0.000404081047694 0.02465
v 0.0205924974163 -0.000338968450573 0.02465
v 0.0206108022337 -0.000272642434373 0.02465
v 0.0206251077165 -0.000205340429018 0.02465
v 0.0206353626549 -0.000137303358221 0.02465
v 0.0206415303389 -6.87747770368e-05 0.02465
v 0.0206435886896 -2.81668763804e-19 0.02465
v 0.0206435886896 -2.81668763804e-19 0.0298
v 0.0206435886896 -2.81668763804e-19 0.0298
v 0.0206415303389 6.87747770368e-05 0.0298
v 0.0206353626549 0.000137303358221 0.0298
v 0.0206251077165 0.000205340429018 0.0298
v 0.0206108022337 0.000272642434373 0.0298
v 0.0205924974163 0.000338968450573 0.0298
v 0.0205702587909 0.000404081047694 0.0298
v 0.0205441659659 0.000467747139537 0.0298
v 0.020514312347 0.000529738818018 0.0298
v 0.0204808048023 0.000589834169017 0.0298
v 0.0204437632801 0.000647818066773 0.0298
v 0.0204033203795 0.000703482943982 0.0298
v 0.0203596208755 0.000756629534831 0.0298
v 0.0203128212011 0.000807067588317 0.0298
v 0.0202630888869 0.000854616549299 0.0298
v 0.0202106019618 0.000899106204838 0.0298
v 0.0201555483152 0.000940377293514 0.0298
v 0.0200981250249 0.00097828207554 0.0298
v 0.0200385376515 0.00101268486164 0.0298
v 0.0199769995022 0.00104346249875 0.0298
v 0.0199137308676 0.00107050481094 0.0298
v 0.0198489582331 0.00109371499374 0.0298
v 0.0197829134679 0.00111300996072 0.0298
v 0.0197158329951 0.0011283206409 0.0298
v 0.0196479569453 0.00113959222603 0.0298
v 0.0195795282972 0.00114678436676 0.0298
v 0.0195107920077 0.00114987131708 0.0298
v 0.0194419941347 0.00114884202652 0.0298
v 0.0193733809569 0.00114370017967 0.0298
v 0.0193051980915 0.00113446418301 0.0298
v 0.0192376896156 0.00112116709901 0.0298
v 0.0191710971919 0.00110385652777 0.0298
v 0.0191056592041 0.00108259443666 0.0298
v 0.0190416099032 0.00105745693843 0.0298
v 0.0189791785691 0.00102853401882 0.0298
v 0.0189185886896 0.000995929214352 0.0298
v 0.0188600571609 0.000959759241779 0.0298
v 0.0188037935107 0.000920153580213 0.0298
v 0.0187499991482 0.000877254007642 0.0298
v 0.0186988666433 0.000831214093402 0.0298
v 0.018650579037 0.000782198648437 0.0298
v 0.0186053091865 0.000730383135319 0.0298
v 0.0185632191461 0.000675953040136 0.0298
v 0.0185244595872 0.000619103208504 0.0298
v 0.0184891692589 0.000560037148065 0.0298
v 0.0184574744915 0.000498966299985 0.0298
v 0.0184294887441 0.000436109282051 0.0298
v 0.0184053121982 0.000371691106073 0.0298
v 0.0183850313998 0.000305942372402 0.0298
v 0.0183687189488 0.00023909844444 0.0298
v 0.0183564332395 0.000171398606103 0.0298
v 0.0183482182515 0.000103085205239 0.0298
v 0.0183441033925 3.44027860948e-05 0.0298
v 0.0183441033925 -3.44027860948e-05 0.0298
v 0.0183482182515 -0.000103085205239 0.0298
v 0.0183564332395 -0.000171398606103 0.0298
v 0.0183687189488 -0.00023909844444 0.0298
v 0.0183850313998 -0.000305942372402 0.0298
v 0.0184053121982 -0.000371691106073 0.0298
v 0.0184294887441 -0.000436109282051 0.0298
v 0.0184574744915 -0.000498966299985 0.0298
v 0.0184891692589 -0.000560037148065 0.0298
v 0.0185244595872 -0.000619103208504 0.0298
v 0.0185632191461 -0.000675953040136 0.0298
v 0.0186053091865 -0.000730383135319 0.0298
v 0.018650579037 -0.000782198648437 0.0298
v 0.0186988666433 -0.000831214093402 0.0298
v 0.0187499991482 -0.000877254007642 0.0298
v 0.0188037935107 -0.000920153580213 0.0298
v 0.0188600571609 -0.00095975924178 0.0298
v 0.0189185886896 -0.000995929214352 0.0298
v 0.0189791785691 -0.00102853401882 0.0298
v 0.0190416099032 -0.00105745693843 0.0298
v 0.0191056592041 -0.00108259443666 0.0298
v 0.0191710971919 -0.00110385652777 0.0298
v 0.0192376896156 -0.00112116709901 0.0298
v 0.0193051980915 -0.00113446418301 0.0298
v 0.0193733809569 -0.00114370017967 0.0298
v 0.0194419941347 -0.00114884202652 0.0298
v 0.0195107920077 -0.00114987131708 0.0298
v 0.0195795282972 -0.00114678436676 0.0298
v 0.0196479569453 -0.00113959222603 0.0298
v 0.0197158329951 -0.0011283206409 0.0298
v 0.0197829134679 -0.00111300996072 0.0298
v 0.0198489582331 -0.00109371499374 0.0298
v 0.0199137308676 -0.00107050481094 0.0298
v 0.0199769995022 -0.00104346249875 0.0298
v 0.0200385376515 -0.00101268486164 0.0298
v 0.0200981250249 -0.00097828207554 0.0298
v 0.0201555483152 -0.000940377293514 0.0298
v 0.0202106019618 -0.000899106204838 0.0298
v 0.0202630888869 -0.000854616549299 0.0298
v 0.0203128212011 -0.000807067588317 0.0298
v 0.0203596208755 -0.000756629534831 0.0298
v 0.0204033203795 -0.000703482943982 0.0298
v 0.0204437632801 -0.000647818066773 0.0298
v 0.0204808048023 -0.000589834169017 0.0298
v 0.020514312347 -0.000529738818018 0.0298
v 0.0205441659659 -0.000467747139537 0.0298
v 0.0205702587909 -0.000404081047694 0.0298
v 0.0205924974163 -0.000338968450573 0.0298
v 0.0206108022337 -0.000272642434373 0.0298
v 0.0206251077165 -0.000205340429018 0.0298
v 0.0206353626549 -0.000137303358221 0.0298
v 0.0206415303389 -6.87747770368e-05 0.0298
v 0.0206435886896 -2.81668763804e-19 0.02465
v 0.0206415303389 6.87747770368e-05 0.02465
v 0.0206353626549 0.000137303358221 0.02465
v 0.0206251077165 0.000205340429018 0.02465
v 0.0206108022337 0.000272642434373 0.02465
v 0.0205924974163 0.000338968450573 0.02465
v 0.0205702587909 0.000404081047694 0.02465
v 0.0205441659659 0.000467747139537 0.02465
v 0.020514312347 0.000529738818018 0.02465
v 0.0204808048023 0.000589834169017 0.02465
v 0.0204437632801 0.000647818066773 0.02465
v 0.0204033203795 0.000703482943982 0.02465
v 0.0203596208755 0.000756629534831 0.02465
v 0.0203128212011 0.000807067588317 0.02465
v 0.0202630888869 0.000854616549299 0.02465
v 0.0202106019618 0.000899106204838 0.02465
v 0.0201555483152 0.000940377293514 0.02465
v 0.0200981250249 0.00097828207554 0.02465
v 0.0200385376515 0.00101268486164 0.02465
v 0.0199769995022 0.00104346249875 0.02465
v 0.0199137308676 0.00107050481094 0.02465
v 0.0198489582331 0.00109371499374 0.02465
v 0.0197829134679 0.00111300996072 0.02465
v 0.0197158329951 0.0011283206409 0.02465
v 0.0196479569453 0.00113959222603 0.02465
v 0.0195795282972 0.00114678436676 0.02465
v 0.0195107920077 0.00114987131708 0.02465
v 0.0194419941347 0.00114884202652 0.02465
v 0.0193733809569 0.00114370017967 0.02465
v 0.0193051980915 0.00113446418301 0.02465
v 0.0192376896156 0.00112116709901 0.02465
v 0.0191710971919 0.00110385652777 0.02465
v 0.0191056592041 0.00108259443666 0.02465
v 0.0190416099032 0.00105745693843 0.02465
v 0.0189791785691 0.00102853401882 0.02465
v 0.0189185886896 0.000995929214352 0.02465
v 0.0188600571609 0.000959759241779 0.02465
v 0.0188037935107 0.000920153580213 0.02465
v 0.0187499991482 0.000877254007642 0.02465
v 0.0186988666433 0.000831214093402 0.02465
v 0.018650579037 0.000782198648437 0.02465
v 0.0186053091865 0.000730383135319 0.02465
v 0.0185632191461 0.000675953040136 0.02465
v 0.0185244595872 0.000619103208504 0.02465
v 0.0184891692589 0.000560037148065 0.02465
v 0.0184574744915 0.000498966299985 0.02465
v 0.0184294887441 0.000436109282051 0.02465
v 0.0184053121982 0.000371691106073 0.02465
v 0.0183850313998 0.000305942372402 0.02465
v 0.0183687189488 0.00023909844444 0.02465
v 0.0183564332395 0.000171398606103 0.02465
v 0.0183482182515 0.000103085205239 0.02465
v 0.0183441033925 3.44027860948e-05 0.02465
v 0.0183441033925 -3.44027860948e-05 0.02465
v 0.0183482182515 -0.000103085205239 0.02465
v 0.0183564332395 -0.000171398606103 0.02465
v 0.0183687189488 -0.00023909844444 0.02465
v 0.0183850313998 -0.000305942372402 0.02465
v 0.0184053121982 -0.000371691106073 0.02465
v 0.0184294887441 -0.000436109282051 0.02465
v 0.0184574744915 -0.000498966299985 0.02465
v 0.0184891692589 -0.000560037148065 0.02465
v 0.0185244595872 -0.000619103208504 0.02465
v 0.0185632191461 -0.000675953040136 0.02465
v 0.0186053091865 -0.000730383135319 0.02465
v 0.018650579037 -0.000782198648437 0.02465
v 0.0186988666433 -0.000831214093402 0.02465
v 0.0187499991482 -0.000877254007642 0.02465
v 0.0188037935107 -0.000920153580213 0.02465
v 0.0188600571609 -0.00095975924178 0.02465
v 0.0189185886896 -0.000995929214352 0.02465
v 0.0189791785691 -0.00102853401882 0.02465
v 0.0190416099032 -0.00105745693843 0.02465
v 0.0191056592041 -0.00108259443666 0.02465
v 0.0191710971919 -0.00110385652777 0.02465
v 0.0192376896156 -0.00112116709901 0.02465
v 0.0193051980915 -0.00113446418301 0.02465
v 0.0193733809569 -0.00114370017967 0.02465
v 0.0194419941347 -0.00114884202652 0.02465
v 0.0195107920077 -0.00114987131708 0.02465
v 0.0195795282972 -0.00114678436676 0.02465
v 0.0196479569453 -0.00113959222603 0.02465
v 0.0197158329951 -0.0011283206409 0.02465
v 0.0197829134679 -0.00111300996072 0.02465
v 0.0198489582331 -0.00109371499374 0.02465
v 0.0199137308676 -0.00107050481094 0.02465
v 0.0199769995022 -0.00104346249875 0.02465
v 0.0200385376515 -0.00101268486164 0.02465
v 0.0200981250249 -0.00097828207554 0.02465
v 0.0201555483152 -0.000940377293514 0.02465
v 0.0202106019618 -0.000899106204838 0.02465
v 0.0202630888869 -0.000854616549299 0.02465
v 0.0203128212011 -0.000807067588317 0.02465
v 0.0203596208755 -0.000756629534831 0.02465
v 0.0204033203795 -0.000703482943982 0.02465
v 0.0204437632801 -0.000647818066773 0.02465
v 0.0204808048023 -0.000589834169017 0.02465
v 0.020514312347 -0.000529738818018 0.02465
v 0.0205441659659 -0.000467747139537 0.02465
v 0.0205702587909 -0.000404081047694 0.02465
v 0.0205924974163 -0.000338968450573 0.02465
v 0.0206108022337 -0.000272642434373 0.02465
v 0.0206251077165 -0.000205340429018 0.02465
v 0.0206353626549 -0.000137303358221 0.02465
v 0.0206415303389 -6.87747770368e-05 0.02465
v 0.00899358868962 -0.0165 0.0327
v 0.00899358868962 0.0165 0.0327
v 0.0139935886896 -0.0165 0.0327
v 0.0139935886896 0.0165 0.0327
v 0.00899358868962 -0.0165 0.0327
v 0.00899358868962 0.0165 0.0327
v 0.00899358868962 0.0165872172434 0.0327025377626
v 0.00899358868962 0.0166741393712 0.0327101424634
v 0.00899358868962 0.0167604722665 0.0327227883705
v 0.00899358868962 0.0168459238061 0.0327404326941
v 0.00899358868962 0.0169302048491 0.0327630157315
v 0.00899358868962 0.017013030215 0.0327904610688
v 0.00899358868962 0.0170941196491 0.0328226758397
v 0.00899358868962 0.0171731987703 0.0328595510395
v 0.00899358868962 0.01725 0.0329009618943
v 0.00899358868962 0.0173242634671 0.0329467682829
v 0.00899358868962 0.0173957378876 0.0329968152109
v 0.00899358868962 0.0174641814145 0.0330509333353
v 0.00899358868962 0.0175293624568 0.0331089395376
v 0.00899358868962 0.0175910604624 0.0331706375432
v 0.00899358868962 0.0176490666647 0.0332358185855
v 0.00899358868962 0.0177031847891 0.0333042621124
v 0.00899358868962 0.0177532317171 0.0333757365329
v 0.00899358868962 0.0177990381057 0.03345
v 0.00899358868962 0.0178404489605 0.0335268012297
v 0.00899358868962 0.0178773241603 0.0336058803509
v 0.00899358868962 0.0179095389312 0.033686969785
v 0.00899358868962 0.0179369842685 0.0337697951509
v 0.00899358868962 0.0179595673059 0.0338540761939
v 0.00899358868962 0.0179772116295 0.0339395277335
v 0.00899358868962 0.0179898575366 0.0340258606288
v 0.00899358868962 0.0179974622374 0.0341127827566
v 0.00899358868962 0.018 0.0342
v 0.00899358868962 0.018 0.0433
v 0.00899358868962 0.0179974622374 0.0433872172434
v 0.00899358868962 0.0179898575366 0.0434741393712
v 0.00899358868962 0.0179772116295 0.0435604722665
v 0.00899358868962 0.0179595673059 0.0436459238061
v 0.00899358868962 0.0179369842685 0.0437302048491
v 0.00899358868962 0.0179095389312 0.043813030215
v 0.00899358868962 0.0178773241603 0.0438941196491
v 0.00899358868962 0.0178404489605 0.0439731987703
v 0.00899358868962 0.0177990381057 0.04405
v 0.00899358868962 0.0177532317171 0.0441242634671
v 0.00899358868962 0.0177031847891 0.0441957378876
v 0.00899358868962 0.0176490666647 0.0442641814145
v 0.00899358868962 0.0175910604624 0.0443293624568
v 0.00899358868962 0.0175293624568 0.0443910604624
v 0.00899358868962 0.0174641814145 0.0444490666647
v 0.00899358868962 0.0173957378876 0.0445031847891
v 0.00899358868962 0.0173242634671 0.0445532317171
v 0.00899358868962 0.01725 0.0445990381057
v 0.00899358868962 0.0171731987703 0.0446404489605
v 0.00899358868962 0.0170941196491 0.0446773241603
v 0.00899358868962 0.017013030215 0.0447095389312
v 0.00899358868962 0.0169302048491 0.0447369842685
v 0.00899358868962 0.0168459238061 0.0447595673059
v 0.00899358868962 0.0167604722665 0.0447772116295
v 0.00899358868962 0.0166741393712 0.0447898575366
v 0.00899358868962 0.0165872172434 0.0447974622374
v 0.00899358868962 0.0165 0.0448
v 0.00899358868962 -0.0165 0.0448
v 0.00899358868962 -0.0165872172434 0.0447974622374
v 0.00899358868962 -0.0166741393712 0.0447898575366
v 0.00899358868962 -0.0167604722665 0.0447772116295
v 0.00899358868962 -0.0168459238061 0.0447595673059
v 0.00899358868962 -0.0169302048491 0.0447369842685
v 0.00899358868962 -0.017013030215 0.0447095389312
v 0.00899358868962 -0.0170941196491 0.0446773241603
v 0.00899358868962 -0.0171731987703 0.0446404489605
v 0.00899358868962 -0.01725 0.0445990381057
v 0.00899358868962 -0.0173242634671 0.0445532317171
v 0.00899358868962 -0.0173957378876 0.0445031847891
v 0.00899358868962 -0.0174641814145 0.0444490666647
v 0.00899358868962 -0.0175293624568 0.0443910604624
v 0.00899358868962 -0.0175910604624 0.0443293624568
v 0.00899358868962 -0.0176490666647 0.0442641814145
v 0.00899358868962 -0.0177031847891 0.0441957378876
v 0.00899358868962 -0.0177532317171 0.0441242634671
v 0.00899358868962 -0.0177990381057 0.04405
v 0.00899358868962 -0.0178404489605 0.0439731987703
v 0.00899358868962 -0.0178773241603 0.0438941196491
v 0.00899358868962 -0.0179095389312 0.043813030215
v 0.00899358868962 -0.0179369842685 0.0437302048491
v 0.00899358868962 -0.0179595673059 0.0436459238061
v 0.00899358868962 -0.0179772116295 0.0435604722665
v 0.00899358868962 -0.0179898575366 0.0434741393712
v 0.00899358868962 -0.0179974622374 0.0433872172434
v 0.00899358868962 -0.018 0.0433
v 0.00899358868962 -0.018 0.0342
v 0.00899358868962 -0.0165872172434 0.0327025377626
v 0.00899358868962 -0.0166741393712 0.0327101424634
v 0.00899358868962 -0.0167604722665 0.0327227883705
v 0.00899358868962 -0.0168459238061 0.0327404326941
v 0.00899358868962 -0.0169302048491 0.0327630157315
v 0.00899358868962 -0.017013030215 0.0327904610688
v 0.00899358868962 -0.0170941196491 0.0328226758397
v 0.00899358868962 -0.0171731987703 0.0328595510395
v 0.00899358868962 -0.01725 0.0329009618943
v 0.00899358868962 -0.0173242634671 0.0329467682829
v 0.00899358868962 -0.0173957378876 0.0329968152109
v 0.00899358868962 -0.0174641814145 0.0330509333353
v 0.00899358868962 -0.0175293624568 0.0331089395376
v 0.00899358868962 -0.0175910604624 0.0331706375432
v 0.00899358868962 -0.0176490666647 0.0332358185855
v 0.00899358868962 -0.0177031847891 0.0333042621124
v 0.00899358868962 -0.0177532317171 0.0333757365329
v 0.00899358868962 -0.0177990381057 0.03345
v 0.00899358868962 -0.0178404489605 0.0335268012297
v 0.00899358868962 -0.0178773241603 0.0336058803509
v 0.00899358868962 -0.0179095389312 0.033686969785
v 0.00899358868962 -0.0179369842685 0.0337697951509
v 0.00899358868962 -0.0179595673059 0.0338540761939
v 0.00899358868962 -0.0179772116295 0.0339395277335
v 0.00899358868962 -0.0179898575366 0.0340258606288
v 0.00899358868962 -0.0179974622374 0.0341127827566
v 0.00899358868962 0.0105 0.03595
v 0.00899358868962 0.0105503182223 0.0359512667641
v 0.00899358868962 0.010600508962 0.035955063847
v 0.00899358868962 0.0106504450594 0.0359613816287
v 0.00899358868962 0.0107 0.0359702041029
v 0.00899358868962 -0.0105 0.03595
v 0.00899358868962 -0.0107 0.0359702041029
v 0.00899358868962 -0.0106504450594 0.0359613816287
v 0.00899358868962 -0.010600508962 0.035955063847
v 0.00899358868962 -0.0105503182223 0.0359512667641
v 0.00899358868962 -0.0107 0.036
v 0.00899358868962 -0.0108122498999 0.036
v 0.00899358868962 -0.0115 0.03695
v 0.00899358868962 -0.0114982198026 0.0368903575171
v 0.00899358868962 -0.0114928855485 0.0368309273851
v 0.00899358868962 -0.0114840162298 0.0367719211985
v 0.00899358868962 -0.0114716434247 0.0367135490428
v 0.00899358868962 -0.0114558111855 0.0366560187459
v 0.00899358868962 -0.0114365758809 0.0365995351383
v 0.00899358868962 -0.0114140059964 0.0365442993241
v 0.00899358868962 -0.0113881818897 0.0364905079644
v 0.00899358868962 -0.0113591955047 0.0364383525778
v 0.00899358868962 -0.0113271500445 0.036388018858
v 0.00899358868962 -0.0112921596035 0.0363396860131
v 0.00899358868962 -0.0112543487615 0.0362935261269
v 0.00899358868962 -0.01121385214 0.0362497035469
v 0.00899358868962 -0.0111708139231 0.0362083742988
v 0.00899358868962 -0.0111253873437 0.0361696855311
v 0.00899358868962 -0.0110777341384 0.036133774991
v 0.00899358868962 -0.0110280239715 0.0361007705342
v 0.00899358868962 -0.0109764338307 0.0360707896697
v 0.00899358868962 -0.0109231473973 0.036043939141
v 0.00899358868962 -0.0108683543922 0.0360203145469
v 0.00899358868962 -0.0115 0.04065
v 0.00899358868962 -0.0105 0.04165
v 0.00899358868962 -0.0105581448289 0.0416483081583
v 0.00899358868962 -0.0106160929141 0.0416432383577
v 0.00899358868962 -0.0106736481777 0.041634807753
v 0.00899358868962 -0.0107306158707 0.0416230448706
v 0.00899358868962 -0.0107868032327 0.0416079895123
v 0.00899358868962 -0.0108420201433 0.0415896926208
v 0.00899358868962 -0.010896079766 0.0415682161069
v 0.00899358868962 -0.0109487991802 0.0415436326403
v 0.00899358868962 -0.011 0.0415160254038
v 0.00899358868962 -0.0110495089781 0.0414854878114
v 0.00899358868962 -0.0110971585917 0.0414521231928
v 0.00899358868962 -0.0111427876097 0.0414160444431
v 0.00899358868962 -0.0111862416379 0.0413773736416
v 0.00899358868962 -0.0112273736416 0.0413362416379
v 0.00899358868962 -0.0112660444431 0.0412927876097
v 0.00899358868962 -0.0113021231928 0.0412471585917
v 0.00899358868962 -0.0113354878114 0.0411995089781
v 0.00899358868962 -0.0113660254038 0.04115
v 0.00899358868962 -0.0113936326403 0.0410987991802
v 0.00899358868962 -0.0114182161069 0.041046079766
v 0.00899358868962 -0.0114396926208 0.0409920201433
v 0.00899358868962 -0.0114579895123 0.0409368032327
v 0.00899358868962 -0.0114730448706 0.0408806158707
v 0.00899358868962 -0.011484807753 0.0408236481777
v 0.00899358868962 -0.0114932383577 0.0407660929141
v 0.00899358868962 -0.0114983081583 0.0407081448289
v 0.00899358868962 0.0105 0.04165
v 0.00899358868962 0.0115 0.04065
v 0.00899358868962 0.0114983081583 0.0407081448289
v 0.00899358868962 0.0114932383577 0.0407660929141
v 0.00899358868962 0.011484807753 0.0408236481777
v 0.00899358868962 0.0114730448706 0.0408806158707
v 0.00899358868962 0.0114579895123 0.0409368032327
v 0.00899358868962 0.0114396926208 0.0409920201433
v 0.00899358868962 0.0114182161069 0.041046079766
v 0.00899358868962 0.0113936326403 0.0410987991802
v 0.00899358868962 0.0113660254038 0.04115
v 0.00899358868962 0.0113354878114 0.0411995089781
v 0.00899358868962 0.0113021231928 0.0412471585917
v 0.00899358868962 0.0112660444431 0.0412927876097
v 0.00899358868962 0.0112273736416 0.0413362416379
v 0.00899358868962 0.0111862416379 0.0413773736416
v 0.00899358868962 0.0111427876097 0.0414160444431
v 0.00899358868962 0.0110971585917 0.0414521231928
v 0.00899358868962 0.0110495089781 0.0414854878114
v 0.00899358868962 0.011 0.0415160254038
v 0.00899358868962 0.0109487991802 0.0415436326403
v 0.00899358868962 0.010896079766 0.0415682161069
v 0.00899358868962 0.0108420201433 0.0415896926208
v 0.00899358868962 0.0107868032327 0.0416079895123
v 0.00899358868962 0.0107306158707 0.0416230448706
v 0.00899358868962 0.0106736481777 0.041634807753
v 0.00899358868962 0.0106160929141 0.0416432383577
v 0.00899358868962 0.0105581448289 0.0416483081583
v 0.00899358868962 0.0115 0.03695
v 0.00899358868962 0.0108122498999 0.036
v 0.00899358868962 0.0108683543922 0.0360203145469
v 0.00899358868962 0.0109231473973 0.036043939141
v 0.00899358868962 0.0109764338307 0.0360707896697
v 0.00899358868962 0.0110280239715 0.0361007705342
v 0.00899358868962 0.0110777341384 0.036133774991
v 0.00899358868962 0.0111253873437 0.0361696855311
v 0.00899358868962 0.0111708139231 0.0362083742988
v 0.00899358868962 0.01121385214 0.0362497035469
v 0.00899358868962 0.0112543487615 0.0362935261269
v 0.00899358868962 0.0112921596035 0.0363396860131
v 0.00899358868962 0.0113271500445 0.036388018858
v 0.00899358868962 0.0113591955047 0.0364383525778
v 0.00899358868962 0.0113881818897 0.0364905079644
v 0.00899358868962 0.0114140059964 0.0365442993241
v 0.00899358868962 0.0114365758809 0.0365995351383
v 0.00899358868962 0.0114558111855 0.0366560187459
v 0.00899358868962 0.0114716434247 0.0367135490428
v 0.00899358868962 0.0114840162298 0.0367719211985
v 0.00899358868962 0.0114928855485 0.0368309273851
v 0.00899358868962 0.0114982198026 0.0368903575171
v 0.00899358868962 0.0107 0.036
v 0.00899358868962 -0.0165 0.0327
v 0.00899358868962 -0.0165872172434 0.0327025377626
v 0.00899358868962 -0.0166741393712 0.0327101424634
v 0.00899358868962 -0.0167604722665 0.0327227883705
v 0.00899358868962 -0.0168459238061 0.0327404326941
v 0.00899358868962 -0.0169302048491 0.0327630157315
v 0.00899358868962 -0.017013030215 0.0327904610688
v 0.00899358868962 -0.0170941196491 0.0328226758397
v 0.00899358868962 -0.0171731987703 0.0328595510395
v 0.00899358868962 -0.01725 0.0329009618943
v 0.00899358868962 -0.0173242634671 0.0329467682829
v 0.00899358868962 -0.0173957378876 0.0329968152109
v 0.00899358868962 -0.0174641814145 0.0330509333353
v 0.00899358868962 -0.0175293624568 0.0331089395376
v 0.00899358868962 -0.0175910604624 0.0331706375432
v 0.00899358868962 -0.0176490666647 0.0332358185855
v 0.00899358868962 -0.0177031847891 0.0333042621124
v 0.00899358868962 -0.0177532317171 0.0333757365329
v 0.00899358868962 -0.0177990381057 0.03345
v 0.00899358868962 -0.0178404489605 0.0335268012297
v 0.00899358868962 -0.0178773241603 0.0336058803509
v 0.00899358868962 -0.0179095389312 0.033686969785
v 0.00899358868962 -0.0179369842685 0.0337697951509
v 0.00899358868962 -0.0179595673059 0.0338540761939
v 0.00899358868962 -0.0179772116295 0.0339395277335
v 0.00899358868962 -0.0179898575366 0.0340258606288
v 0.00899358868962 -0.0179974622374 0.0341127827566
v 0.00899358868962 -0.018 0.0342
v 0.0139935886896 -0.018 0.0342
v 0.0139935886896 -0.0165 0.0327
v 0.0139935886896 -0.0165872172434 0.0327025377626
v 0.0139935886896 -0.0166741393712 0.0327101424634
v 0.0139935886896 -0.0167604722665 0.0327227883705
v 0.0139935886896 -0.0168459238061 0.0327404326941
v 0.0139935886896 -0.0169302048491 0.0327630157315
v 0.0139935886896 -0.017013030215 0.0327904610688
v 0.0139935886896 -0.0170941196491 0.0328226758397
v 0.0139935886896 -0.0171731987703 0.0328595510395
v 0.0139935886896 -0.01725 0.0329009618943
v 0.0139935886896 -0.0173242634671 0.0329467682829
v 0.0139935886896 -0.0173957378876 0.0329968152109
v 0.0139935886896 -0.0174641814145 0.0330509333353
v 0.0139935886896 -0.0175293624568 0.0331089395376
v 0.0139935886896 -0.0175910604624 0.0331706375432
v 0.0139935886896 -0.0176490666647 0.0332358185855
v 0.0139935886896 -0.0177031847891 0.0333042621124
v 0.0139935886896 -0.0177532317171 0.0333757365329
v 0.0139935886896 -0.0177990381057 0.03345
v 0.0139935886896 -0.0178404489605 0.0335268012297
v 0.0139935886896 -0.0178773241603 0.0336058803509
v 0.0139935886896 -0.0179095389312 0.033686969785
v 0.0139935886896 -0.0179369842685 0.0337697951509
v 0.0139935886896 -0.0179595673059 0.0338540761939
v 0.0139935886896 -0.0179772116295 0.0339395277335
v 0.0139935886896 -0.0179898575366 0.0340258606288
v 0.0139935886896 -0.0179974622374 0.0341127827566
v 0.00899358868962 0.0165 0.0327
v 0.00899358868962 0.0165872172434 0.0327025377626
v 0.00899358868962 0.0166741393712 0.0327101424634
v 0.00899358868962 0.0167604722665 0.0327227883705
v 0.00899358868962 0.0168459238061 0.0327404326941
v 0.00899358868962 0.0169302048491 0.0327630157315
v 0.00899358868962 0.017013030215 0.0327904610688
v 0.00899358868962 0.0170941196491 0.0328226758397
v 0.00899358868962 0.0171731987703 0.0328595510395
v 0.00899358868962 0.01725 0.0329009618943
v 0.00899358868962 0.0173242634671 0.0329467682829
v 0.00899358868962 0.0173957378876 0.0329968152109
v 0.00899358868962 0.0174641814145 0.0330509333353
v 0.00899358868962 0.0175293624568 0.0331089395376
v 0.00899358868962 0.0175910604624 0.0331706375432
v 0.00899358868962 0.0176490666647 0.0332358185855
v 0.00899358868962 0.0177031847891 0.0333042621124
v 0.00899358868962 0.0177532317171 0.0333757365329
v 0.00899358868962 0.0177990381057 0.03345
v 0.00899358868962 0.0178404489605 0.0335268012297
v 0.00899358868962 0.0178773241603 0.0336058803509
v 0.00899358868962 0.0179095389312 0.033686969785
v 0.00899358868962 0.0179369842685 0.0337697951509
v 0.00899358868962 0.0179595673059 0.0338540761939
v 0.00899358868962 0.0179772116295 0.0339395277335
v 0.00899358868962 0.0179898575366 0.0340258606288
v 0.00899358868962 0.0179974622374 0.0341127827566
v 0.00899358868962 0.018 0.0342
v 0.0139935886896 0.018 0.0342
v 0.0139935886896 0.0165 0.0327
v 0.0139935886896 0.0165872172434 0.0327025377626
v 0.0139935886896 0.0166741393712 0.0327101424634
v 0.0139935886896 0.0167604722665 0.0327227883705
v 0.0139935886896 0.0168459238061 0.0327404326941
v 0.0139935886896 0.0169302048491 0.0327630157315
v 0.0139935886896 0.017013030215 0.0327904610688
v 0.0139935886896 0.0170941196491 0.0328226758397
v 0.0139935886896 0.0171731987703 0.0328595510395
v 0.0139935886896 0.01725 0.0329009618943
v 0.0139935886896 0.0173242634671 0.0329467682829
v 0.0139935886896 0.0173957378876 0.0329968152109
v 0.0139935886896 0.0174641814145 0.0330509333353
v 0.0139935886896 0.0175293624568 0.0331089395376
v 0.0139935886896 0.0175910604624 0.0331706375432
v 0.0139935886896 0.0176490666647 0.0332358185855
v 0.0139935886896 0.0177031847891 0.0333042621124
v 0.0139935886896 0.0177532317171 0.0333757365329
v 0.0139935886896 0.0177990381057 0.03345
v 0.0139935886896 0.0178404489605 0.0335268012297
v 0.0139935886896 0.0178773241603 0.0336058803509
v 0.0139935886896 0.0179095389312 0.033686969785
v 0.0139935886896 0.0179369842685 0.0337697951509
v 0.0139935886896 0.0179595673059 0.0338540761939
v 0.0139935886896 0.0179772116295 0.0339395277335
v 0.0139935886896 0.0179898575366 0.0340258606288
v 0.0139935886896 0.0179974622374 0.0341127827566
v 0.0139935886896 -0.0165 0.0327
v 0.0139935886896 0.0165 0.0327
v 0.0139935886896 0.0165872172434 0.0327025377626
v 0.0139935886896 0.0166741393712 0.0327101424634
v 0.0139935886896 0.0167604722665 0.0327227883705
v 0.0139935886896 0.0168459238061 0.0327404326941
v 0.0139935886896 0.0169302048491 0.0327630157315
v 0.0139935886896 0.017013030215 0.0327904610688
v 0.0139935886896 0.0170941196491 0.0328226758397
v 0.0139935886896 0.0171731987703 0.0328595510395
v 0.0139935886896 0.01725 0.0329009618943
v 0.0139935886896 0.0173242634671 0.0329467682829
v 0.0139935886896 0.0173957378876 0.0329968152109
v 0.0139935886896 0.0174641814145 0.0330509333353
v 0.0139935886896 0.0175293624568 0.0331089395376
v 0.0139935886896 0.0175910604624 0.0331706375432
v 0.0139935886896 0.0176490666647 0.0332358185855
v 0.0139935886896 0.0177031847891 0.0333042621124
v 0.0139935886896 0.0177532317171 0.0333757365329
v 0.0139935886896 0.0177990381057 0.03345
v 0.0139935886896 0.0178404489605 0.0335268012297
v 0.0139935886896 0.0178773241603 0.0336058803509
v 0.0139935886896 0.0179095389312 0.033686969785
v 0.0139935886896 0.0179369842685 0.0337697951509
v 0.0139935886896 0.0179595673059 0.0338540761939
v 0.0139935886896 0.0179772116295 0.0339395277335
v 0.0139935886896 0.0179898575366 0.0340258606288
v 0.0139935886896 0.0179974622374 0.0341127827566
v 0.0139935886896 0.018 0.0342
v 0.0139935886896 0.018 0.0433
v 0.0139935886896 0.0179974622374 0.0433872172434
v 0.0139935886896 0.0179898575366 0.0434741393712
v 0.0139935886896 0.0179772116295 0.0435604722665
v 0.0139935886896 0.0179595673059 0.0436459238061
v 0.0139935886896 0.0179369842685 0.0437302048491
v 0.0139935886896 0.0179095389312 0.043813030215
v 0.0139935886896 0.0178773241603 0.0438941196491
v 0.0139935886896 0.0178404489605 0.0439731987703
v 0.0139935886896 0.0177990381057 0.04405
v 0.0139935886896 0.0177532317171 0.0441242634671
v 0.0139935886896 0.0177031847891 0.0441957378876
v 0.0139935886896 0.0176490666647 0.0442641814145
v 0.0139935886896 0.0175910604624 0.0443293624568
v 0.0139935886896 0.0175293624568 0.0443910604624
v 0.0139935886896 0.0174641814145 0.0444490666647
v 0.0139935886896 0.0173957378876 0.0445031847891
v 0.0139935886896 0.0173242634671 0.0445532317171
v 0.0139935886896 0.01725 0.0445990381057
v 0.0139935886896 0.0171731987703 0.0446404489605
v 0.0139935886896 0.0170941196491 0.0446773241603
v 0.0139935886896 0.017013030215 0.0447095389312
v 0.0139935886896 0.0169302048491 0.0447369842685
v 0.0139935886896 0.0168459238061 0.0447595673059
v 0.0139935886896 0.0167604722665 0.0447772116295
v 0.0139935886896 0.0166741393712 0.0447898575366
v 0.0139935886896 0.0165872172434 0.0447974622374
v 0.0139935886896 0.0165 0.0448
v 0.0139935886896 -0.0165 0.0448
v 0.0139935886896 -0.0165872172434 0.0447974622374
v 0.0139935886896 -0.0166741393712 0.0447898575366
v 0.0139935886896 -0.0167604722665 0.0447772116295
v 0.0139935886896 -0.0168459238061 0.0447595673059
v 0.0139935886896 -0.0169302048491 0.0447369842685
v 0.0139935886896 -0.017013030215 0.0447095389312
v 0.0139935886896 -0.0170941196491 0.0446773241603
v 0.0139935886896 -0.0171731987703 0.0446404489605
v 0.0139935886896 -0.01725 0.0445990381057
v 0.0139935886896 -0.0173242634671 0.0445532317171
v 0.0139935886896 -0.0173957378876 0.0445031847891
v 0.0139935886896 -0.0174641814145 0.0444490666647
v 0.0139935886896 -0.0175293624568 0.0443910604624
v 0.0139935886896 -0.0175910604624 0.0443293624568
v 0.0139935886896 -0.0176490666647 0.0442641814145
v 0.0139935886896 -0.0177031847891 0.0441957378876
v 0.0139935886896 -0.0177532317171 0.0441242634671
v 0.0139935886896 -0.0177990381057 0.04405
v 0.0139935886896 -0.0178404489605 0.0439731987703
v 0.0139935886896 -0.0178773241603 0.0438941196491
v 0.0139935886896 -0.0179095389312 0.043813030215
v 0.0139935886896 -0.0179369842685 0.0437302048491
v 0.0139935886896 -0.0179595673059 0.0436459238061
v 0.0139935886896 -0.0179772116295 0.0435604722665
v 0.0139935886896 -0.0179898575366 0.0434741393712
v 0.0139935886896 -0.0179974622374 0.0433872172434
v 0.0139935886896 -0.018 0.0433
v 0.0139935886896 -0.018 0.0342
v 0.0139935886896 -0.0165872172434 0.0327025377626
v 0.0139935886896 -0.0166741393712 0.0327101424634
v 0.0139935886896 -0.0167604722665 0.0327227883705
v 0.0139935886896 -0.0168459238061 0.0327404326941
v 0.0139935886896 -0.0169302048491 0.0327630157315
v 0.0139935886896 -0.017013030215 0.0327904610688
v 0.0139935886896 -0.0170941196491 0.0328226758397
v 0.0139935886896 -0.0171731987703 0.0328595510395
v 0.0139935886896 -0.01725 0.0329009618943
v 0.0139935886896 -0.0173242634671 0.0329467682829
v 0.0139935886896 -0.0173957378876 0.0329968152109
v 0.0139935886896 -0.0174641814145 0.0330509333353
v 0.0139935886896 -0.0175293624568 0.0331089395376
v 0.0139935886896 -0.0175910604624 0.0331706375432
v 0.0139935886896 -0.0176490666647 0.0332358185855
v 0.0139935886896 -0.0177031847891 0.0333042621124
v 0.0139935886896 -0.0177532317171 0.0333757365329
v 0.0139935886896 -0.0177990381057 0.03345
v 0.0139935886896 -0.0178404489605 0.0335268012297
v 0.0139935886896 -0.0178773241603 0.0336058803509
v 0.0139935886896 -0.0179095389312 0.033686969785
v 0.0139935886896 -0.0179369842685 0.0337697951509
v 0.0139935886896 -0.0179595673059 0.0338540761939
v 0.0139935886896 -0.0179772116295 0.0339395277335
v 0.0139935886896 -0.0179898575366 0.0340258606288
v 0.0139935886896 -0.0179974622374 0.0341127827566
v 0.0139935886896 0.0105 0.03595
v 0.0139935886896 0.0105503182223 0.0359512667641
v 0.0139935886896 0.010600508962 0.035955063847
v 0.0139935886896 0.0106504450594 0.0359613816287
v 0.0139935886896 0.0107 0.0359702041029
v 0.0139935886896 -0.0105 0.03595
v 0.0139935886896 -0.0107 0.0359702041029
v 0.0139935886896 -0.0106504450594 0.0359613816287
v 0.0139935886896 -0.010600508962 0.035955063847
v 0.0139935886896 -0.0105503182223 0.0359512667641
v 0.0139935886896 -0.0107 0.033
v 0.0139935886896 -0.0173 0.033
v 0.0139935886896 -0.0173 0.036
v 0.0139935886896 -0.0108122498999 0.036
v 0.0139935886896 -0.0115 0.03695
v 0.0139935886896 -0.0114982198026 0.0368903575171
v 0.0139935886896 -0.0114928855485 0.0368309273851
v 0.0139935886896 -0.0114840162298 0.0367719211985
v 0.0139935886896 -0.0114716434247 0.0367135490428
v 0.0139935886896 -0.0114558111855 0.0366560187459
v 0.0139935886896 -0.0114365758809 0.0365995351383
v 0.0139935886896 -0.0114140059964 0.0365442993241
v 0.0139935886896 -0.0113881818897 0.0364905079644
v 0.0139935886896 -0.0113591955047 0.0364383525778
v 0.0139935886896 -0.0113271500445 0.036388018858
v 0.0139935886896 -0.0112921596035 0.0363396860131
v 0.0139935886896 -0.0112543487615 0.0362935261269
v 0.0139935886896 -0.01121385214 0.0362497035469
v 0.0139935886896 -0.0111708139231 0.0362083742988
v 0.0139935886896 -0.0111253873437 0.0361696855311
v 0.0139935886896 -0.0110777341384 0.036133774991
v 0.0139935886896 -0.0110280239715 0.0361007705342
v 0.0139935886896 -0.0109764338307 0.0360707896697
v 0.0139935886896 -0.0109231473973 0.036043939141
v 0.0139935886896 -0.0108683543922 0.0360203145469
v 0.0139935886896 -0.0115 0.04065
v 0.0139935886896 -0.0105 0.04165
v 0.0139935886896 -0.0105581448289 0.0416483081583
v 0.0139935886896 -0.0106160929141 0.0416432383577
v 0.0139935886896 -0.0106736481777 0.041634807753
v 0.0139935886896 -0.0107306158707 0.0416230448706
v 0.0139935886896 -0.0107868032327 0.0416079895123
v 0.0139935886896 -0.0108420201433 0.0415896926208
v 0.0139935886896 -0.010896079766 0.0415682161069
v 0.0139935886896 -0.0109487991802 0.0415436326403
v 0.0139935886896 -0.011 0.0415160254038
v 0.0139935886896 -0.0110495089781 0.0414854878114
v 0.0139935886896 -0.0110971585917 0.0414521231928
v 0.0139935886896 -0.0111427876097 0.0414160444431
v 0.0139935886896 -0.0111862416379 0.0413773736416
v 0.0139935886896 -0.0112273736416 0.0413362416379
v 0.0139935886896 -0.0112660444431 0.0412927876097
v 0.0139935886896 -0.0113021231928 0.0412471585917
v 0.0139935886896 -0.0113354878114 0.0411995089781
v 0.0139935886896 -0.0113660254038 0.04115
v 0.0139935886896 -0.0113936326403 0.0410987991802
v 0.0139935886896 -0.0114182161069 0.041046079766
v 0.0139935886896 -0.0114396926208 0.0409920201433
v 0.0139935886896 -0.0114579895123 0.0409368032327
v 0.0139935886896 -0.0114730448706 0.0408806158707
v 0.0139935886896 -0.011484807753 0.0408236481777
v 0.0139935886896 -0.0114932383577 0.0407660929141
v 0.0139935886896 -0.0114983081583 0.0407081448289
v 0.0139935886896 0.0105 0.04165
v 0.0139935886896 0.0115 0.04065
v 0.0139935886896 0.0114983081583 0.0407081448289
v 0.0139935886896 0.0114932383577 0.0407660929141
v 0.0139935886896 0.011484807753 0.0408236481777
v 0.0139935886896 0.0114730448706 0.0408806158707
v 0.0139935886896 0.0114579895123 0.0409368032327
v 0.0139935886896 0.0114396926208 0.0409920201433
v 0.0139935886896 0.0114182161069 0.041046079766
v 0.0139935886896 0.0113936326403 0.0410987991802
v 0.0139935886896 0.0113660254038 0.04115
v 0.0139935886896 0.0113354878114 0.0411995089781
v 0.0139935886896 0.0113021231928 0.0412471585917
v 0.0139935886896 0.0112660444431 0.0412927876097
v 0.0139935886896 0.0112273736416 0.0413362416379
v 0.0139935886896 0.0111862416379 0.0413773736416
v 0.0139935886896 0.0111427876097 0.0414160444431
v 0.0139935886896 0.0110971585917 0.0414521231928
v 0.0139935886896 0.0110495089781 0.0414854878114
v 0.0139935886896 0.011 0.0415160254038
v 0.0139935886896 0.0109487991802 0.0415436326403
v 0.0139935886896 0.010896079766 0.0415682161069
v 0.0139935886896 0.0108420201433 0.0415896926208
v 0.0139935886896 0.0107868032327 0.0416079895123
v 0.0139935886896 0.0107306158707 0.0416230448706
v 0.0139935886896 0.0106736481777 0.041634807753
v 0.0139935886896 0.0106160929141 0.0416432383577
v 0.0139935886896 0.0105581448289 0.0416483081583
v 0.0139935886896 0.0115 0.03695
v 0.0139935886896 0.0108122498999 0.036
v 0.0139935886896 0.0108683543922 0.0360203145469
v 0.0139935886896 0.0109231473973 0.036043939141
v 0.0139935886896 0.0109764338307 0.0360707896697
v 0.0139935886896 0.0110280239715 0.0361007705342
v 0.0139935886896 0.0110777341384 0.036133774991
v 0.0139935886896 0.0111253873437 0.0361696855311
v 0.0139935886896 0.0111708139231 0.0362083742988
v 0.0139935886896 0.01121385214 0.0362497035469
v 0.0139935886896 0.0112543487615 0.0362935261269
v 0.0139935886896 0.0112921596035 0.0363396860131
v 0.0139935886896 0.0113271500445 0.036388018858
v 0.0139935886896 0.0113591955047 0.0364383525778
v 0.0139935886896 0.0113881818897 0.0364905079644
v 0.0139935886896 0.0114140059964 0.0365442993241
v 0.0139935886896 0.0114365758809 0.0365995351383
v 0.0139935886896 0.0114558111855 0.0366560187459
v 0.0139935886896 0.0114716434247 0.0367135490428
v 0.0139935886896 0.0114840162298 0.0367719211985
v 0.0139935886896 0.0114928855485 0.0368309273851
v 0.0139935886896 0.0114982198026 0.0368903575171
v 0.0139935886896 0.0173 0.036
v 0.0139935886896 0.0173 0.033
v 0.0139935886896 0.0107 0.033
v 0.00899358868962 0.018 0.0342
v 0.00899358868962 0.018 0.0433
v 0.0139935886896 0.018 0.0342
v 0.0139935886896 0.018 0.0433
v 0.00899358868962 0.018 0.0433
v 0.00899358868962 0.0179974622374 0.0433872172434
v 0.00899358868962 0.0179898575366 0.0434741393712
v 0.00899358868962 0.0179772116295 0.0435604722665
v 0.00899358868962 0.0179595673059 0.0436459238061
v 0.00899358868962 0.0179369842685 0.0437302048491
v 0.00899358868962 0.0179095389312 0.043813030215
v 0.00899358868962 0.0178773241603 0.0438941196491
v 0.00899358868962 0.0178404489605 0.0439731987703
v 0.00899358868962 0.0177990381057 0.04405
v 0.00899358868962 0.0177532317171 0.0441242634671
v 0.00899358868962 0.0177031847891 0.0441957378876
v 0.00899358868962 0.0176490666647 0.0442641814145
v 0.00899358868962 0.0175910604624 0.0443293624568
v 0.00899358868962 0.0175293624568 0.0443910604624
v 0.00899358868962 0.0174641814145 0.0444490666647
v 0.00899358868962 0.0173957378876 0.0445031847891
v 0.00899358868962 0.0173242634671 0.0445532317171
v 0.00899358868962 0.01725 0.0445990381057
v 0.00899358868962 0.0171731987703 0.0446404489605
v 0.00899358868962 0.0170941196491 0.0446773241603
v 0.00899358868962 0.017013030215 0.0447095389312
v 0.00899358868962 0.0169302048491 0.0447369842685
v 0.00899358868962 0.0168459238061 0.0447595673059
v 0.00899358868962 0.0167604722665 0.0447772116295
v 0.00899358868962 0.0166741393712 0.0447898575366
v 0.00899358868962 0.0165872172434 0.0447974622374
v 0.00899358868962 0.0165 0.0448
v 0.0139935886896 0.0165 0.0448
v 0.0139935886896 0.018 0.0433
v 0.0139935886896 0.0179974622374 0.0433872172434
v 0.0139935886896 0.0179898575366 0.0434741393712
v 0.0139935886896 0.0179772116295 0.0435604722665
v 0.0139935886896 0.0179595673059 0.0436459238061
v 0.0139935886896 0.0179369842685 0.0437302048491
v 0.0139935886896 0.0179095389312 0.043813030215
v 0.0139935886896 0.0178773241603 0.0438941196491
v 0.0139935886896 0.0178404489605 0.0439731987703
v 0.0139935886896 0.0177990381057 0.04405
v 0.0139935886896 0.0177532317171 0.0441242634671
v 0.0139935886896 0.0177031847891 0.0441957378876
v 0.0139935886896 0.0176490666647 0.0442641814145
v 0.0139935886896 0.0175910604624 0.0443293624568
v 0.0139935886896 0.0175293624568 0.0443910604624
v 0.0139935886896 0.0174641814145 0.0444490666647
v 0.0139935886896 0.0173957378876 0.0445031847891
v 0.0139935886896 0.0173242634671 0.0445532317171
v 0.0139935886896 0.01725 0.0445990381057
v 0.0139935886896 0.0171731987703 0.0446404489605
v 0.0139935886896 0.0170941196491 0.0446773241603
v 0.0139935886896 0.017013030215 0.0447095389312
v 0.0139935886896 0.0169302048491 0.0447369842685
v 0.0139935886896 0.0168459238061 0.0447595673059
v 0.0139935886896 0.0167604722665 0.0447772116295
v 0.0139935886896 0.0166741393712 0.0447898575366
v 0.0139935886896 0.0165872172434 0.0447974622374
v 0.00899358868962 0.0165 0.0448
v 0.00899358868962 -0.0165 0.0448
v 0.0139935886896 0.0165 0.0448
v 0.0139935886896 -0.0165 0.0448
v 0.00899358868962 -0.0165 0.0448
v 0.00899358868962 -0.0165872172434 0.0447974622374
v 0.00899358868962 -0.0166741393712 0.0447898575366
v 0.00899358868962 -0.0167604722665 0.0447772116295
v 0.00899358868962 -0.0168459238061 0.0447595673059
v 0.00899358868962 -0.0169302048491 0.0447369842685
v 0.00899358868962 -0.017013030215 0.0447095389312
v 0.00899358868962 -0.0170941196491 0.0446773241603
v 0.00899358868962 -0.0171731987703 0.0446404489605
v 0.00899358868962 -0.01725 0.0445990381057
v 0.00899358868962 -0.0173242634671 0.0445532317171
v 0.00899358868962 -0.0173957378876 0.0445031847891
v 0.00899358868962 -0.0174641814145 0.0444490666647
v 0.00899358868962 -0.0175293624568 0.0443910604624
v 0.00899358868962 -0.0175910604624 0.0443293624568
v 0.00899358868962 -0.0176490666647 0.0442641814145
v 0.00899358868962 -0.0177031847891 0.0441957378876
v 0.00899358868962 -0.0177532317171 0.0441242634671
v 0.00899358868962 -0.0177990381057 0.04405
v 0.00899358868962 -0.0178404489605 0.0439731987703
v 0.00899358868962 -0.0178773241603 0.0438941196491
v 0.00899358868962 -0.0179095389312 0.043813030215
v 0.00899358868962 -0.0179369842685 0.0437302048491
v 0.00899358868962 -0.0179595673059 0.0436459238061
v 0.00899358868962 -0.0179772116295 0.0435604722665
v 0.00899358868962 -0.0179898575366 0.0434741393712
v 0.00899358868962 -0.0179974622374 0.0433872172434
v 0.00899358868962 -0.018 0.0433
v 0.0139935886896 -0.018 0.0433
v 0.0139935886896 -0.0165 0.0448
v 0.0139935886896 -0.0165872172434 0.0447974622374
v 0.0139935886896 -0.0166741393712 0.0447898575366
v 0.0139935886896 -0.0167604722665 0.0447772116295
v 0.0139935886896 -0.0168459238061 0.0447595673059
v 0.0139935886896 -0.0169302048491 0.0447369842685
v 0.0139935886896 -0.017013030215 0.0447095389312
v 0.0139935886896 -0.0170941196491 0.0446773241603
v 0.0139935886896 -0.0171731987703 0.0446404489605
v 0.0139935886896 -0.01725 0.0445990381057
v 0.0139935886896 -0.0173242634671 0.0445532317171
v 0.0139935886896 -0.0173957378876 0.0445031847891
v 0.0139935886896 -0.0174641814145 0.0444490666647
v 0.0139935886896 -0.0175293624568 0.0443910604624
v 0.0139935886896 -0.0175910604624 0.0443293624568
v 0.0139935886896 -0.0176490666647 0.0442641814145
v 0.0139935886896 -0.0177031847891 0.0441957378876
v 0.0139935886896 -0.0177532317171 0.0441242634671
v 0.0139935886896 -0.0177990381057 0.04405
v 0.0139935886896 -0.0178404489605 0.0439731987703
v 0.0139935886896 -0.0178773241603 0.0438941196491
v 0.0139935886896 -0.0179095389312 0.043813030215
v 0.0139935886896 -0.0179369842685 0.0437302048491
v 0.0139935886896 -0.0179595673059 0.0436459238061
v 0.0139935886896 -0.0179772116295 0.0435604722665
v 0.0139935886896 -0.0179898575366 0.0434741393712
v 0.0139935886896 -0.0179974622374 0.0433872172434
v 0.00899358868962 -0.018 0.0433
v 0.00899358868962 -0.018 0.0342
v 0.0139935886896 -0.018 0.0433
v 0.0139935886896 -0.018 0.0342
v 0.00899358868962 0.0105 0.03595
v 0.0139935886896 0.0105 0.03595
v 0.00899358868962 0.0105503182223 0.0359512667641
v 0.00899358868962 0.010600508962 0.035955063847
v 0.00899358868962 0.0106504450594 0.0359613816287
v 0.00899358868962 0.0107 0.0359702041029
v 0.0139935886896 0.0107 0.0359702041029
v 0.0139935886896 0.0105503182223 0.0359512667641
v 0.0139935886896 0.010600508962 0.035955063847
v 0.0139935886896 0.0106504450594 0.0359613816287
v 0.00899358868962 0.0105 0.03595
v 0.00899358868962 -0.0105 0.03595
v 0.0139935886896 -0.0105 0.03595
v 0.0139935886896 0.0105 0.03595
v 0.00899358868962 -0.0105 0.03595
v 0.0139935886896 -0.0105 0.03595
v 0.00899358868962 -0.0107 0.0359702041029
v 0.00899358868962 -0.0106504450594 0.0359613816287
v 0.00899358868962 -0.010600508962 0.035955063847
v 0.00899358868962 -0.0105503182223 0.0359512667641
v 0.0139935886896 -0.0107 0.0359702041029
v 0.0139935886896 -0.0106504450594 0.0359613816287
v 0.0139935886896 -0.010600508962 0.035955063847
v 0.0139935886896 -0.0105503182223 0.0359512667641
v 0.0139935886896 -0.0107 0.033
v 0.0290935886896 -0.0107 0.033
v 0.0139935886896 -0.0107 0.0359702041029
v 0.00899358868962 -0.0107 0.0359702041029
v 0.00899358868962 -0.0107 0.036
v 0.0290935886896 -0.0107 0.036
v 0.00899358868962 -0.0108122498999 0.036
v 0.00899358868962 -0.0107 0.036
v 0.0139935886896 -0.0108122498999 0.036
v 0.0139935886896 -0.0173 0.036
v 0.0290935886896 -0.0173 0.036
v 0.0290935886896 -0.0107 0.036
v 0.0269435886896 -0.014 0.036
v 0.0269415303389 -0.013931225223 0.036
v 0.0269353626549 -0.0138626966418 0.036
v 0.0269251077165 -0.013794659571 0.036
v 0.0269108022337 -0.0137273575656 0.036
v 0.0268924974163 -0.0136610315494 0.036
v 0.0268702587909 -0.0135959189523 0.036
v 0.0268441659659 -0.0135322528605 0.036
v 0.026814312347 -0.013470261182 0.036
v 0.0267808048023 -0.013410165831 0.036
v 0.0267437632801 -0.0133521819332 0.036
v 0.0267033203795 -0.013296517056 0.036
v 0.0266596208755 -0.0132433704652 0.036
v 0.0266128212011 -0.0131929324117 0.036
v 0.0265630888869 -0.0131453834507 0.036
v 0.0265106019618 -0.0131008937952 0.036
v 0.0264555483152 -0.0130596227065 0.036
v 0.0263981250249 -0.0130217179245 0.036
v 0.0263385376515 -0.0129873151384 0.036
v 0.0262769995022 -0.0129565375012 0.036
v 0.0262137308676 -0.0129294951891 0.036
v 0.0261489582331 -0.0129062850063 0.036
v 0.0260829134679 -0.0128869900393 0.036
v 0.0260158329951 -0.0128716793591 0.036
v 0.0259479569453 -0.012860407774 0.036
v 0.0258795282972 -0.0128532156332 0.036
v 0.0258107920077 -0.0128501286829 0.036
v 0.0257419941347 -0.0128511579735 0.036
v 0.0256733809569 -0.0128562998203 0.036
v 0.0256051980915 -0.012865535817 0.036
v 0.0255376896156 -0.012878832901 0.036
v 0.0254710971919 -0.0128961434722 0.036
v 0.0254056592041 -0.0129174055633 0.036
v 0.0253416099032 -0.0129425430616 0.036
v 0.0252791785691 -0.0129714659812 0.036
v 0.0252185886896 -0.0130040707856 0.036
v 0.0251600571609 -0.0130402407582 0.036
v 0.0251037935107 -0.0130798464198 0.036
v 0.0250499991482 -0.0131227459924 0.036
v 0.0249988666433 -0.0131687859066 0.036
v 0.024950579037 -0.0132178013516 0.036
v 0.0249053091865 -0.0132696168647 0.036
v 0.0248632191461 -0.0133240469599 0.036
v 0.0248244595872 -0.0133808967915 0.036
v 0.0247891692589 -0.0134399628519 0.036
v 0.0247574744915 -0.0135010337 0.036
v 0.0247294887441 -0.0135638907179 0.036
v 0.0247053121982 -0.0136283088939 0.036
v 0.0246850313998 -0.0136940576276 0.036
v 0.0246687189488 -0.0137609015556 0.036
v 0.0246564332395 -0.0138286013939 0.036
v 0.0246482182515 -0.0138969147948 0.036
v 0.0246441033925 -0.0139655972139 0.036
v 0.0246441033925 -0.0140344027861 0.036
v 0.0246482182515 -0.0141030852052 0.036
v 0.0246564332395 -0.0141713986061 0.036
v 0.0246687189488 -0.0142390984444 0.036
v 0.0246850313998 -0.0143059423724 0.036
v 0.0247053121982 -0.0143716911061 0.036
v 0.0247294887441 -0.0144361092821 0.036
v 0.0247574744915 -0.0144989663 0.036
v 0.0247891692589 -0.0145600371481 0.036
v 0.0248244595872 -0.0146191032085 0.036
v 0.0248632191461 -0.0146759530401 0.036
v 0.0249053091865 -0.0147303831353 0.036
v 0.024950579037 -0.0147821986484 0.036
v 0.0249988666433 -0.0148312140934 0.036
v 0.0250499991482 -0.0148772540076 0.036
v 0.0251037935107 -0.0149201535802 0.036
v 0.0251600571609 -0.0149597592418 0.036
v 0.0252185886896 -0.0149959292144 0.036
v 0.0252791785691 -0.0150285340188 0.036
v 0.0253416099032 -0.0150574569384 0.036
v 0.0254056592041 -0.0150825944367 0.036
v 0.0254710971919 -0.0151038565278 0.036
v 0.0255376896156 -0.015121167099 0.036
v 0.0256051980915 -0.015134464183 0.036
v 0.0256733809569 -0.0151437001797 0.036
v 0.0257419941347 -0.0151488420265 0.036
v 0.0258107920077 -0.0151498713171 0.036
v 0.0258795282972 -0.0151467843668 0.036
v 0.0259479569453 -0.015139592226 0.036
v 0.0260158329951 -0.0151283206409 0.036
v 0.0260829134679 -0.0151130099607 0.036
v 0.0261489582331 -0.0150937149937 0.036
v 0.0262137308676 -0.0150705048109 0.036
v 0.0262769995022 -0.0150434624988 0.036
v 0.0263385376515 -0.0150126848616 0.036
v 0.0263981250249 -0.0149782820755 0.036
v 0.0264555483152 -0.0149403772935 0.036
v 0.0265106019618 -0.0148991062048 0.036
v 0.0265630888869 -0.0148546165493 0.036
v 0.0266128212011 -0.0148070675883 0.036
v 0.0266596208755 -0.0147566295348 0.036
v 0.0267033203795 -0.014703482944 0.036
v 0.0267437632801 -0.0146478180668 0.036
v 0.0267808048023 -0.014589834169 0.036
v 0.026814312347 -0.014529738818 0.036
v 0.0268441659659 -0.0144677471395 0.036
v 0.0268702587909 -0.0144040810477 0.036
v 0.0268924974163 -0.0143389684506 0.036
v 0.0269108022337 -0.0142726424344 0.036
v 0.0269251077165 -0.014205340429 0.036
v 0.0269353626549 -0.0141373033582 0.036
v 0.0269415303389 -0.014068774777 0.036
v 0.00899358868962 -0.0108122498999 0.036
v 0.0139935886896 -0.0108122498999 0.036
v 0.00899358868962 -0.0115 0.03695
v 0.00899358868962 -0.0114982198026 0.0368903575171
v 0.00899358868962 -0.0114928855485 0.0368309273851
v 0.00899358868962 -0.0114840162298 0.0367719211985
v 0.00899358868962 -0.0114716434247 0.0367135490428
v 0.00899358868962 -0.0114558111855 0.0366560187459
v 0.00899358868962 -0.0114365758809 0.0365995351383
v 0.00899358868962 -0.0114140059964 0.0365442993241
v 0.00899358868962 -0.0113881818897 0.0364905079644
v 0.00899358868962 -0.0113591955047 0.0364383525778
v 0.00899358868962 -0.0113271500445 0.036388018858
v 0.00899358868962 -0.0112921596035 0.0363396860131
v 0.00899358868962 -0.0112543487615 0.0362935261269
v 0.00899358868962 -0.01121385214 0.0362497035469
v 0.00899358868962 -0.0111708139231 0.0362083742988
v 0.00899358868962 -0.0111253873437 0.0361696855311
v 0.00899358868962 -0.0110777341384 0.036133774991
v 0.00899358868962 -0.0110280239715 0.0361007705342
v 0.00899358868962 -0.0109764338307 0.0360707896697
v 0.00899358868962 -0.0109231473973 0.036043939141
v 0.00899358868962 -0.0108683543922 0.0360203145469
v 0.0139935886896 -0.0115 0.03695
v 0.0139935886896 -0.0114982198026 0.0368903575171
v 0.0139935886896 -0.0114928855485 0.0368309273851
v 0.0139935886896 -0.0114840162298 0.0367719211985
v 0.0139935886896 -0.0114716434247 0.0367135490428
v 0.0139935886896 -0.0114558111855 0.0366560187459
v 0.0139935886896 -0.0114365758809 0.0365995351383
v 0.0139935886896 -0.0114140059964 0.0365442993241
v 0.0139935886896 -0.0113881818897 0.0364905079644
v 0.0139935886896 -0.0113591955047 0.0364383525778
v 0.0139935886896 -0.0113271500445 0.036388018858
v 0.0139935886896 -0.0112921596035 0.0363396860131
v 0.0139935886896 -0.0112543487615 0.0362935261269
v 0.0139935886896 -0.01121385214 0.0362497035469
v 0.0139935886896 -0.0111708139231 0.0362083742988
v 0.0139935886896 -0.0111253873437 0.0361696855311
v 0.0139935886896 -0.0110777341384 0.036133774991
v 0.0139935886896 -0.0110280239715 0.0361007705342
v 0.0139935886896 -0.0109764338307 0.0360707896697
v 0.0139935886896 -0.0109231473973 0.036043939141
v 0.0139935886896 -0.0108683543922 0.0360203145469
v 0.00899358868962 -0.0115 0.03695
v 0.00899358868962 -0.0115 0.04065
v 0.0139935886896 -0.0115 0.04065
v 0.0139935886896 -0.0115 0.03695
v 0.00899358868962 -0.0105 0.04165
v 0.0139935886896 -0.0105 0.04165
v 0.00899358868962 -0.0105581448289 0.0416483081583
v 0.00899358868962 -0.0106160929141 0.0416432383577
v 0.00899358868962 -0.0106736481777 0.041634807753
v 0.00899358868962 -0.0107306158707 0.0416230448706
v 0.00899358868962 -0.0107868032327 0.0416079895123
v 0.00899358868962 -0.0108420201433 0.0415896926208
v 0.00899358868962 -0.010896079766 0.0415682161069
v 0.00899358868962 -0.0109487991802 0.0415436326403
v 0.00899358868962 -0.011 0.0415160254038
v 0.00899358868962 -0.0110495089781 0.0414854878114
v 0.00899358868962 -0.0110971585917 0.0414521231928
v 0.00899358868962 -0.0111427876097 0.0414160444431
v 0.00899358868962 -0.0111862416379 0.0413773736416
v 0.00899358868962 -0.0112273736416 0.0413362416379
v 0.00899358868962 -0.0112660444431 0.0412927876097
v 0.00899358868962 -0.0113021231928 0.0412471585917
v 0.00899358868962 -0.0113354878114 0.0411995089781
v 0.00899358868962 -0.0113660254038 0.04115
v 0.00899358868962 -0.0113936326403 0.0410987991802
v 0.00899358868962 -0.0114182161069 0.041046079766
v 0.00899358868962 -0.0114396926208 0.0409920201433
v 0.00899358868962 -0.0114579895123 0.0409368032327
v 0.00899358868962 -0.0114730448706 0.0408806158707
v 0.00899358868962 -0.011484807753 0.0408236481777
v 0.00899358868962 -0.0114932383577 0.0407660929141
v 0.00899358868962 -0.0114983081583 0.0407081448289
v 0.00899358868962 -0.0115 0.04065
v 0.0139935886896 -0.0115 0.04065
v 0.0139935886896 -0.0105581448289 0.0416483081583
v 0.0139935886896 -0.0106160929141 0.0416432383577
v 0.0139935886896 -0.0106736481777 0.041634807753
v 0.0139935886896 -0.0107306158707 0.0416230448706
v 0.0139935886896 -0.0107868032327 0.0416079895123
v 0.0139935886896 -0.0108420201433 0.0415896926208
v 0.0139935886896 -0.010896079766 0.0415682161069
v 0.0139935886896 -0.0109487991802 0.0415436326403
v 0.0139935886896 -0.011 0.0415160254038
v 0.0139935886896 -0.0110495089781 0.0414854878114
v 0.0139935886896 -0.0110971585917 0.0414521231928
v 0.0139935886896 -0.0111427876097 0.0414160444431
v 0.0139935886896 -0.0111862416379 0.0413773736416
v 0.0139935886896 -0.0112273736416 0.0413362416379
v 0.0139935886896 -0.0112660444431 0.0412927876097
v 0.0139935886896 -0.0113021231928 0.0412471585917
v 0.0139935886896 -0.0113354878114 0.0411995089781
v 0.0139935886896 -0.0113660254038 0.04115
v 0.0139935886896 -0.0113936326403 0.0410987991802
v 0.0139935886896 -0.0114182161069 0.041046079766
v 0.0139935886896 -0.0114396926208 0.0409920201433
v 0.0139935886896 -0.0114579895123 0.0409368032327
v 0.0139935886896 -0.0114730448706 0.0408806158707
v 0.0139935886896 -0.011484807753 0.0408236481777
v 0.0139935886896 -0.0114932383577 0.0407660929141
v 0.0139935886896 -0.0114983081583 0.0407081448289
v 0.00899358868962 -0.0105 0.04165
v 0.00899358868962 0.0105 0.04165
v 0.0139935886896 0.0105 0.04165
v 0.0139935886896 -0.0105 0.04165
v 0.00899358868962 0.0115 0.04065
v 0.0139935886896 0.0115 0.04065
v 0.00899358868962 0.0114983081583 0.0407081448289
v 0.00899358868962 0.0114932383577 0.0407660929141
v 0.00899358868962 0.011484807753 0.0408236481777
v 0.00899358868962 0.0114730448706 0.0408806158707
v 0.00899358868962 0.0114579895123 0.0409368032327
v 0.00899358868962 0.0114396926208 0.0409920201433
v 0.00899358868962 0.0114182161069 0.041046079766
v 0.00899358868962 0.0113936326403 0.0410987991802
v 0.00899358868962 0.0113660254038 0.04115
v 0.00899358868962 0.0113354878114 0.0411995089781
v 0.00899358868962 0.0113021231928 0.0412471585917
v 0.00899358868962 0.0112660444431 0.0412927876097
v 0.00899358868962 0.0112273736416 0.0413362416379
v 0.00899358868962 0.0111862416379 0.0413773736416
v 0.00899358868962 0.0111427876097 0.0414160444431
v 0.00899358868962 0.0110971585917 0.0414521231928
v 0.00899358868962 0.0110495089781 0.0414854878114
v 0.00899358868962 0.011 0.0415160254038
v 0.00899358868962 0.0109487991802 0.0415436326403
v 0.00899358868962 0.010896079766 0.0415682161069
v 0.00899358868962 0.0108420201433 0.0415896926208
v 0.00899358868962 0.0107868032327 0.0416079895123
v 0.00899358868962 0.0107306158707 0.0416230448706
v 0.00899358868962 0.0106736481777 0.041634807753
v 0.00899358868962 0.0106160929141 0.0416432383577
v 0.00899358868962 0.0105581448289 0.0416483081583
v 0.00899358868962 0.0105 0.04165
v 0.0139935886896 0.0105 0.04165
v 0.0139935886896 0.0114983081583 0.0407081448289
v 0.0139935886896 0.0114932383577 0.0407660929141
v 0.0139935886896 0.011484807753 0.0408236481777
v 0.0139935886896 0.0114730448706 0.0408806158707
v 0.0139935886896 0.0114579895123 0.0409368032327
v 0.0139935886896 0.0114396926208 0.0409920201433
v 0.0139935886896 0.0114182161069 0.041046079766
v 0.0139935886896 0.0113936326403 0.0410987991802
v 0.0139935886896 0.0113660254038 0.04115
v 0.0139935886896 0.0113354878114 0.0411995089781
v 0.0139935886896 0.0113021231928 0.0412471585917
v 0.0139935886896 0.0112660444431 0.0412927876097
v 0.0139935886896 0.0112273736416 0.0413362416379
v 0.0139935886896 0.0111862416379 0.0413773736416
v 0.0139935886896 0.0111427876097 0.0414160444431
v 0.0139935886896 0.0110971585917 0.0414521231928
v 0.0139935886896 0.0110495089781 0.0414854878114
v 0.0139935886896 0.011 0.0415160254038
v 0.0139935886896 0.0109487991802 0.0415436326403
v 0.0139935886896 0.010896079766 0.0415682161069
v 0.0139935886896 0.0108420201433 0.0415896926208
v 0.0139935886896 0.0107868032327 0.0416079895123
v 0.0139935886896 0.0107306158707 0.0416230448706
v 0.0139935886896 0.0106736481777 0.041634807753
v 0.0139935886896 0.0106160929141 0.0416432383577
v 0.0139935886896 0.0105581448289 0.0416483081583
v 0.00899358868962 0.0115 0.04065
v 0.00899358868962 0.0115 0.03695
v 0.0139935886896 0.0115 0.03695
v 0.0139935886896 0.0115 0.04065
v 0.00899358868962 0.0108122498999 0.036
v 0.0139935886896 0.0108122498999 0.036
v 0.00899358868962 0.0108683543922 0.0360203145469
v 0.00899358868962 0.0109231473973 0.036043939141
v 0.00899358868962 0.0109764338307 0.0360707896697
v 0.00899358868962 0.0110280239715 0.0361007705342
v 0.00899358868962 0.0110777341384 0.036133774991
v 0.00899358868962 0.0111253873437 0.0361696855311
v 0.00899358868962 0.0111708139231 0.0362083742988
v 0.00899358868962 0.01121385214 0.0362497035469
v 0.00899358868962 0.0112543487615 0.0362935261269
v 0.00899358868962 0.0112921596035 0.0363396860131
v 0.00899358868962 0.0113271500445 0.036388018858
v 0.00899358868962 0.0113591955047 0.0364383525778
v 0.00899358868962 0.0113881818897 0.0364905079644
v 0.00899358868962 0.0114140059964 0.0365442993241
v 0.00899358868962 0.0114365758809 0.0365995351383
v 0.00899358868962 0.0114558111855 0.0366560187459
v 0.00899358868962 0.0114716434247 0.0367135490428
v 0.00899358868962 0.0114840162298 0.0367719211985
v 0.00899358868962 0.0114928855485 0.0368309273851
v 0.00899358868962 0.0114982198026 0.0368903575171
v 0.00899358868962 0.0115 0.03695
v 0.0139935886896 0.0115 0.03695
v 0.0139935886896 0.0108683543922 0.0360203145469
v 0.0139935886896 0.0109231473973 0.036043939141
v 0.0139935886896 0.0109764338307 0.0360707896697
v 0.0139935886896 0.0110280239715 0.0361007705342
v 0.0139935886896 0.0110777341384 0.036133774991
v 0.0139935886896 0.0111253873437 0.0361696855311
v 0.0139935886896 0.0111708139231 0.0362083742988
v 0.0139935886896 0.01121385214 0.0362497035469
v 0.0139935886896 0.0112543487615 0.0362935261269
v 0.0139935886896 0.0112921596035 0.0363396860131
v 0.0139935886896 0.0113271500445 0.036388018858
v 0.0139935886896 0.0113591955047 0.0364383525778
v 0.0139935886896 0.0113881818897 0.0364905079644
v 0.0139935886896 0.0114140059964 0.0365442993241
v 0.0139935886896 0.0114365758809 0.0365995351383
v 0.0139935886896 0.0114558111855 0.0366560187459
v 0.0139935886896 0.0114716434247 0.0367135490428
v 0.0139935886896 0.0114840162298 0.0367719211985
v 0.0139935886896 0.0114928855485 0.0368309273851
v 0.0139935886896 0.0114982198026 0.0368903575171
v 0.00899358868962 0.0107 0.036
v 0.00899358868962 0.0108122498999 0.036
v 0.0290935886896 0.0107 0.036
v 0.0290935886896 0.0173 0.036
v 0.0139935886896 0.0173 0.036
v 0.0139935886896 0.0108122498999 0.036
v 0.0269435886896 0.014 0.036
v 0.0269415303389 0.014068774777 0.036
v 0.0269353626549 0.0141373033582 0.036
v 0.0269251077165 0.014205340429 0.036
v 0.0269108022337 0.0142726424344 0.036
v 0.0268924974163 0.0143389684506 0.036
v 0.0268702587909 0.0144040810477 0.036
v 0.0268441659659 0.0144677471395 0.036
v 0.026814312347 0.014529738818 0.036
v 0.0267808048023 0.014589834169 0.036
v 0.0267437632801 0.0146478180668 0.036
v 0.0267033203795 0.014703482944 0.036
v 0.0266596208755 0.0147566295348 0.036
v 0.0266128212011 0.0148070675883 0.036
v 0.0265630888869 0.0148546165493 0.036
v 0.0265106019618 0.0148991062048 0.036
v 0.0264555483152 0.0149403772935 0.036
v 0.0263981250249 0.0149782820755 0.036
v 0.0263385376515 0.0150126848616 0.036
v 0.0262769995022 0.0150434624988 0.036
v 0.0262137308676 0.0150705048109 0.036
v 0.0261489582331 0.0150937149937 0.036
v 0.0260829134679 0.0151130099607 0.036
v 0.0260158329951 0.0151283206409 0.036
v 0.0259479569453 0.015139592226 0.036
v 0.0258795282972 0.0151467843668 0.036
v 0.0258107920077 0.0151498713171 0.036
v 0.0257419941347 0.0151488420265 0.036
v 0.0256733809569 0.0151437001797 0.036
v 0.0256051980915 0.015134464183 0.036
v 0.0255376896156 0.015121167099 0.036
v 0.0254710971919 0.0151038565278 0.036
v 0.0254056592041 0.0150825944367 0.036
v 0.0253416099032 0.0150574569384 0.036
v 0.0252791785691 0.0150285340188 0.036
v 0.0252185886896 0.0149959292144 0.036
v 0.0251600571609 0.0149597592418 0.036
v 0.0251037935107 0.0149201535802 0.036
v 0.0250499991482 0.0148772540076 0.036
v 0.0249988666433 0.0148312140934 0.036
v 0.024950579037 0.0147821986484 0.036
v 0.0249053091865 0.0147303831353 0.036
v 0.0248632191461 0.0146759530401 0.036
v 0.0248244595872 0.0146191032085 0.036
v 0.0247891692589 0.0145600371481 0.036
v 0.0247574744915 0.0144989663 0.036
v 0.0247294887441 0.0144361092821 0.036
v 0.0247053121982 0.0143716911061 0.036
v 0.0246850313998 0.0143059423724 0.036
v 0.0246687189488 0.0142390984444 0.036
v 0.0246564332395 0.0141713986061 0.036
v 0.0246482182515 0.0141030852052 0.036
v 0.0246441033925 0.0140344027861 0.036
v 0.0246441033925 0.0139655972139 0.036
v 0.0246482182515 0.0138969147948 0.036
v 0.0246564332395 0.0138286013939 0.036
v 0.0246687189488 0.0137609015556 0.036
v 0.0246850313998 0.0136940576276 0.036
v 0.0247053121982 0.0136283088939 0.036
v 0.0247294887441 0.0135638907179 0.036
v 0.0247574744915 0.0135010337 0.036
v 0.0247891692589 0.0134399628519 0.036
v 0.0248244595872 0.0133808967915 0.036
v 0.0248632191461 0.0133240469599 0.036
v 0.0249053091865 0.0132696168647 0.036
v 0.024950579037 0.0132178013516 0.036
v 0.0249988666433 0.0131687859066 0.036
v 0.0250499991482 0.0131227459924 0.036
v 0.0251037935107 0.0130798464198 0.036
v 0.0251600571609 0.0130402407582 0.036
v 0.0252185886896 0.0130040707856 0.036
v 0.0252791785691 0.0129714659812 0.036
v 0.0253416099032 0.0129425430616 0.036
v 0.0254056592041 0.0129174055633 0.036
v 0.0254710971919 0.0128961434722 0.036
v 0.0255376896156 0.012878832901 0.036
v 0.0256051980915 0.012865535817 0.036
v 0.0256733809569 0.0128562998203 0.036
v 0.0257419941347 0.0128511579735 0.036
v 0.0258107920077 0.0128501286829 0.036
v 0.0258795282972 0.0128532156332 0.036
v 0.0259479569453 0.012860407774 0.036
v 0.0260158329951 0.0128716793591 0.036
v 0.0260829134679 0.0128869900393 0.036
v 0.0261489582331 0.0129062850063 0.036
v 0.0262137308676 0.0129294951891 0.036
v 0.0262769995022 0.0129565375012 0.036
v 0.0263385376515 0.0129873151384 0.036
v 0.0263981250249 0.0130217179245 0.036
v 0.0264555483152 0.0130596227065 0.036
v 0.0265106019618 0.0131008937952 0.036
v 0.0265630888869 0.0131453834507 0.036
v 0.0266128212011 0.0131929324117 0.036
v 0.0266596208755 0.0132433704652 0.036
v 0.0267033203795 0.013296517056 0.036
v 0.0267437632801 0.0133521819332 0.036
v 0.0267808048023 0.013410165831 0.036
v 0.026814312347 0.013470261182 0.036
v 0.0268441659659 0.0135322528605 0.036
v 0.0268702587909 0.0135959189523 0.036
v 0.0268924974163 0.0136610315494 0.036
v 0.0269108022337 0.0137273575656 0.036
v 0.0269251077165 0.013794659571 0.036
v 0.0269353626549 0.0138626966418 0.036
v 0.0269415303389 0.013931225223 0.036
v 0.0139935886896 0.0107 0.033
v 0.0290935886896 0.0107 0.033
v 0.0139935886896 0.0107 0.0359702041029
v 0.00899358868962 0.0107 0.0359702041029
v 0.00899358868962 0.0107 0.036
v 0.0290935886896 0.0107 0.036
v 0.0139935886896 0.0173 0.033
v 0.0290935886896 0.0173 0.033
v 0.0139935886896 0.0107 0.033
v 0.0290935886896 0.0107 0.033
v 0.0269435886896 0.014 0.033
v 0.0269415303389 0.014068774777 0.033
v 0.0269353626549 0.0141373033582 0.033
v 0.0269251077165 0.014205340429 0.033
v 0.0269108022337 0.0142726424344 0.033
v 0.0268924974163 0.0143389684506 0.033
v 0.0268702587909 0.0144040810477 0.033
v 0.0268441659659 0.0144677471395 0.033
v 0.026814312347 0.014529738818 0.033
v 0.0267808048023 0.014589834169 0.033
v 0.0267437632801 0.0146478180668 0.033
v 0.0267033203795 0.014703482944 0.033
v 0.0266596208755 0.0147566295348 0.033
v 0.0266128212011 0.0148070675883 0.033
v 0.0265630888869 0.0148546165493 0.033
v 0.0265106019618 0.0148991062048 0.033
v 0.0264555483152 0.0149403772935 0.033
v 0.0263981250249 0.0149782820755 0.033
v 0.0263385376515 0.0150126848616 0.033
v 0.0262769995022 0.0150434624988 0.033
v 0.0262137308676 0.0150705048109 0.033
v 0.0261489582331 0.0150937149937 0.033
v 0.0260829134679 0.0151130099607 0.033
v 0.0260158329951 0.0151283206409 0.033
v 0.0259479569453 0.015139592226 0.033
v 0.0258795282972 0.0151467843668 0.033
v 0.0258107920077 0.0151498713171 0.033
v 0.0257419941347 0.0151488420265 0.033
v 0.0256733809569 0.0151437001797 0.033
v 0.0256051980915 0.015134464183 0.033
v 0.0255376896156 0.015121167099 0.033
v 0.0254710971919 0.0151038565278 0.033
v 0.0254056592041 0.0150825944367 0.033
v 0.0253416099032 0.0150574569384 0.033
v 0.0252791785691 0.0150285340188 0.033
v 0.0252185886896 0.0149959292144 0.033
v 0.0251600571609 0.0149597592418 0.033
v 0.0251037935107 0.0149201535802 0.033
v 0.0250499991482 0.0148772540076 0.033
v 0.0249988666433 0.0148312140934 0.033
v 0.024950579037 0.0147821986484 0.033
v 0.0249053091865 0.0147303831353 0.033
v 0.0248632191461 0.0146759530401 0.033
v 0.0248244595872 0.0146191032085 0.033
v 0.0247891692589 0.0145600371481 0.033
v 0.0247574744915 0.0144989663 0.033
v 0.0247294887441 0.0144361092821 0.033
v 0.0247053121982 0.0143716911061 0.033
v 0.0246850313998 0.0143059423724 0.033
v 0.0246687189488 0.0142390984444 0.033
v 0.0246564332395 0.0141713986061 0.033
v 0.0246482182515 0.0141030852052 0.033
v 0.0246441033925 0.0140344027861 0.033
v 0.0246441033925 0.0139655972139 0.033
v 0.0246482182515 0.0138969147948 0.033
v 0.0246564332395 0.0138286013939 0.033
v 0.0246687189488 0.0137609015556 0.033
v 0.0246850313998 0.0136940576276 0.033
v 0.0247053121982 0.0136283088939 0.033
v 0.0247294887441 0.0135638907179 0.033
v 0.0247574744915 0.0135010337 0.033
v 0.0247891692589 0.0134399628519 0.033
v 0.0248244595872 0.0133808967915 0.033
v 0.0248632191461 0.0133240469599 0.033
v 0.0249053091865 0.0132696168647 0.033
v 0.024950579037 0.0132178013516 0.033
v 0.0249988666433 0.0131687859066 0.033
v 0.0250499991482 0.0131227459924 0.033
v 0.0251037935107 0.0130798464198 0.033
v 0.0251600571609 0.0130402407582 0.033
v 0.0252185886896 0.0130040707856 0.033
v 0.0252791785691 0.0129714659812 0.033
v 0.0253416099032 0.0129425430616 0.033
v 0.0254056592041 0.0129174055633 0.033
v 0.0254710971919 0.0128961434722 0.033
v 0.0255376896156 0.012878832901 0.033
v 0.0256051980915 0.012865535817 0.033
v 0.0256733809569 0.0128562998203 0.033
v 0.0257419941347 0.0128511579735 0.033
v 0.0258107920077 0.0128501286829 0.033
v 0.0258795282972 0.0128532156332 0.033
v 0.0259479569453 0.012860407774 0.033
v 0.0260158329951 0.0128716793591 0.033
v 0.0260829134679 0.0128869900393 0.033
v 0.0261489582331 0.0129062850063 0.033
v 0.0262137308676 0.0129294951891 0.033
v 0.0262769995022 0.0129565375012 0.033
v 0.0263385376515 0.0129873151384 0.033
v 0.0263981250249 0.0130217179245 0.033
v 0.0264555483152 0.0130596227065 0.033
v 0.0265106019618 0.0131008937952 0.033
v 0.0265630888869 0.0131453834507 0.033
v 0.0266128212011 0.0131929324117 0.033
v 0.0266596208755 0.0132433704652 0.033
v 0.0267033203795 0.013296517056 0.033
v 0.0267437632801 0.0133521819332 0.033
v 0.0267808048023 0.013410165831 0.033
v 0.026814312347 0.013470261182 0.033
v 0.0268441659659 0.0135322528605 0.033
v 0.0268702587909 0.0135959189523 0.033
v 0.0268924974163 0.0136610315494 0.033
v 0.0269108022337 0.0137273575656 0.033
v 0.0269251077165 0.013794659571 0.033
v 0.0269353626549 0.0138626966418 0.033
v 0.0269415303389 0.013931225223 0.033
v 0.0139935886896 0.0173 0.033
v 0.0290935886896 0.0173 0.033
v 0.0139935886896 0.0173 0.036
v 0.0290935886896 0.0173 0.036
v 0.0139935886896 -0.0173 0.033
v 0.0290935886896 -0.0173 0.033
v 0.0139935886896 -0.0173 0.036
v 0.0290935886896 -0.0173 0.036
v 0.0139935886896 -0.0107 0.033
v 0.0290935886896 -0.0107 0.033
v 0.0139935886896 -0.0173 0.033
v 0.0290935886896 -0.0173 0.033
v 0.0269435886896 -0.014 0.033
v 0.0269415303389 -0.013931225223 0.033
v 0.0269353626549 -0.0138626966418 0.033
v 0.0269251077165 -0.013794659571 0.033
v 0.0269108022337 -0.0137273575656 0.033
v 0.0268924974163 -0.0136610315494 0.033
v 0.0268702587909 -0.0135959189523 0.033
v 0.0268441659659 -0.0135322528605 0.033
v 0.026814312347 -0.013470261182 0.033
v 0.0267808048023 -0.013410165831 0.033
v 0.0267437632801 -0.0133521819332 0.033
v 0.0267033203795 -0.013296517056 0.033
v 0.0266596208755 -0.0132433704652 0.033
v 0.0266128212011 -0.0131929324117 0.033
v 0.0265630888869 -0.0131453834507 0.033
v 0.0265106019618 -0.0131008937952 0.033
v 0.0264555483152 -0.0130596227065 0.033
v 0.0263981250249 -0.0130217179245 0.033
v 0.0263385376515 -0.0129873151384 0.033
v 0.0262769995022 -0.0129565375012 0.033
v 0.0262137308676 -0.0129294951891 0.033
v 0.0261489582331 -0.0129062850063 0.033
v 0.0260829134679 -0.0128869900393 0.033
v 0.0260158329951 -0.0128716793591 0.033
v 0.0259479569453 -0.012860407774 0.033
v 0.0258795282972 -0.0128532156332 0.033
v 0.0258107920077 -0.0128501286829 0.033
v 0.0257419941347 -0.0128511579735 0.033
v 0.0256733809569 -0.0128562998203 0.033
v 0.0256051980915 -0.012865535817 0.033
v 0.0255376896156 -0.012878832901 0.033
v 0.0254710971919 -0.0128961434722 0.033
v 0.0254056592041 -0.0129174055633 0.033
v 0.0253416099032 -0.0129425430616 0.033
v 0.0252791785691 -0.0129714659812 0.033
v 0.0252185886896 -0.0130040707856 0.033
v 0.0251600571609 -0.0130402407582 0.033
v 0.0251037935107 -0.0130798464198 0.033
v 0.0250499991482 -0.0131227459924 0.033
v 0.0249988666433 -0.0131687859066 0.033
v 0.024950579037 -0.0132178013516 0.033
v 0.0249053091865 -0.0132696168647 0.033
v 0.0248632191461 -0.0133240469599 0.033
v 0.0248244595872 -0.0133808967915 0.033
v 0.0247891692589 -0.0134399628519 0.033
v 0.0247574744915 -0.0135010337 0.033
v 0.0247294887441 -0.0135638907179 0.033
v 0.0247053121982 -0.0136283088939 0.033
v 0.0246850313998 -0.0136940576276 0.033
v 0.0246687189488 -0.0137609015556 0.033
v 0.0246564332395 -0.0138286013939 0.033
v 0.0246482182515 -0.0138969147948 0.033
v 0.0246441033925 -0.0139655972139 0.033
v 0.0246441033925 -0.0140344027861 0.033
v 0.0246482182515 -0.0141030852052 0.033
v 0.0246564332395 -0.0141713986061 0.033
v 0.0246687189488 -0.0142390984444 0.033
v 0.0246850313998 -0.0143059423724 0.033
v 0.0247053121982 -0.0143716911061 0.033
v 0.0247294887441 -0.0144361092821 0.033
v 0.0247574744915 -0.0144989663 0.033
v 0.0247891692589 -0.0145600371481 0.033
v 0.0248244595872 -0.0146191032085 0.033
v 0.0248632191461 -0.0146759530401 0.033
v 0.0249053091865 -0.0147303831353 0.033
v 0.024950579037 -0.0147821986484 0.033
v 0.0249988666433 -0.0148312140934 0.033
v 0.0250499991482 -0.0148772540076 0.033
v 0.0251037935107 -0.0149201535802 0.033
v 0.0251600571609 -0.0149597592418 0.033
v 0.0252185886896 -0.0149959292144 0.033
v 0.0252791785691 -0.0150285340188 0.033
v 0.0253416099032 -0.0150574569384 0.033
v 0.0254056592041 -0.0150825944367 0.033
v 0.0254710971919 -0.0151038565278 0.033
v 0.0255376896156 -0.015121167099 0.033
v 0.0256051980915 -0.015134464183 0.033
v 0.0256733809569 -0.0151437001797 0.033
v 0.0257419941347 -0.0151488420265 0.033
v 0.0258107920077 -0.0151498713171 0.033
v 0.0258795282972 -0.0151467843668 0.033
v 0.0259479569453 -0.015139592226 0.033
v 0.0260158329951 -0.0151283206409 0.033
v 0.0260829134679 -0.0151130099607 0.033
v 0.0261489582331 -0.0150937149937 0.033
v 0.0262137308676 -0.0150705048109 0.033
v 0.0262769995022 -0.0150434624988 0.033
v 0.0263385376515 -0.0150126848616 0.033
v 0.0263981250249 -0.0149782820755 0.033
v 0.0264555483152 -0.0149403772935 0.033
v 0.0265106019618 -0.0148991062048 0.033
v 0.0265630888869 -0.0148546165493 0.033
v 0.0266128212011 -0.0148070675883 0.033
v 0.0266596208755 -0.0147566295348 0.033
v 0.0267033203795 -0.014703482944 0.033
v 0.0267437632801 -0.0146478180668 0.033
v 0.0267808048023 -0.014589834169 0.033
v 0.026814312347 -0.014529738818 0.033
v 0.0268441659659 -0.0144677471395 0.033
v 0.0268702587909 -0.0144040810477 0.033
v 0.0268924974163 -0.0143389684506 0.033
v 0.0269108022337 -0.0142726424344 0.033
v 0.0269251077165 -0.014205340429 0.033
v 0.0269353626549 -0.0141373033582 0.033
v 0.0269415303389 -0.014068774777 0.033
v 0.0290935886896 -0.0173 0.033
v 0.0290935886896 -0.0173 0.036
v 0.0290935886896 -0.0107 0.033
v 0.0290935886896 -0.0107 0.036
v 0.0269435886896 -0.014 0.036
v 0.0269415303389 -0.013931225223 0.036
v 0.0269353626549 -0.0138626966418 0.036
v 0.0269251077165 -0.013794659571 0.036
v 0.0269108022337 -0.0137273575656 0.036
v 0.0268924974163 -0.0136610315494 0.036
v 0.0268702587909 -0.0135959189523 0.036
v 0.0268441659659 -0.0135322528605 0.036
v 0.026814312347 -0.013470261182 0.036
v 0.0267808048023 -0.013410165831 0.036
v 0.0267437632801 -0.0133521819332 0.036
v 0.0267033203795 -0.013296517056 0.036
v 0.0266596208755 -0.0132433704652 0.036
v 0.0266128212011 -0.0131929324117 0.036
v 0.0265630888869 -0.0131453834507 0.036
v 0.0265106019618 -0.0131008937952 0.036
v 0.0264555483152 -0.0130596227065 0.036
v 0.0263981250249 -0.0130217179245 0.036
v 0.0263385376515 -0.0129873151384 0.036
v 0.0262769995022 -0.0129565375012 0.036
v 0.0262137308676 -0.0129294951891 0.036
v 0.0261489582331 -0.0129062850063 0.036
v 0.0260829134679 -0.0128869900393 0.036
v 0.0260158329951 -0.0128716793591 0.036
v 0.0259479569453 -0.012860407774 0.036
v 0.0258795282972 -0.0128532156332 0.036
v 0.0258107920077 -0.0128501286829 0.036
v 0.0257419941347 -0.0128511579735 0.036
v 0.0256733809569 -0.0128562998203 0.036
v 0.0256051980915 -0.012865535817 0.036
v 0.0255376896156 -0.012878832901 0.036
v 0.0254710971919 -0.0128961434722 0.036
v 0.0254056592041 -0.0129174055633 0.036
v 0.0253416099032 -0.0129425430616 0.036
v 0.0252791785691 -0.0129714659812 0.036
v 0.0252185886896 -0.0130040707856 0.036
v 0.0251600571609 -0.0130402407582 0.036
v 0.0251037935107 -0.0130798464198 0.036
v 0.0250499991482 -0.0131227459924 0.036
v 0.0249988666433 -0.0131687859066 0.036
v 0.024950579037 -0.0132178013516 0.036
v 0.0249053091865 -0.0132696168647 0.036
v 0.0248632191461 -0.0133240469599 0.036
v 0.0248244595872 -0.0133808967915 0.036
v 0.0247891692589 -0.0134399628519 0.036
v 0.0247574744915 -0.0135010337 0.036
v 0.0247294887441 -0.0135638907179 0.036
v 0.0247053121982 -0.0136283088939 0.036
v 0.0246850313998 -0.0136940576276 0.036
v 0.0246687189488 -0.0137609015556 0.036
v 0.0246564332395 -0.0138286013939 0.036
v 0.0246482182515 -0.0138969147948 0.036
v 0.0246441033925 -0.0139655972139 0.036
v 0.0246441033925 -0.0140344027861 0.036
v 0.0246482182515 -0.0141030852052 0.036
v 0.0246564332395 -0.0141713986061 0.036
v 0.0246687189488 -0.0142390984444 0.036
v 0.0246850313998 -0.0143059423724 0.036
v 0.0247053121982 -0.0143716911061 0.036
v 0.0247294887441 -0.0144361092821 0.036
v 0.0247574744915 -0.0144989663 0.036
v 0.0247891692589 -0.0145600371481 0.036
v 0.0248244595872 -0.0146191032085 0.036
v 0.0248632191461 -0.0146759530401 0.036
v 0.0249053091865 -0.0147303831353 0.036
v 0.024950579037 -0.0147821986484 0.036
v 0.0249988666433 -0.0148312140934 0.036
v 0.0250499991482 -0.0148772540076 0.036
v 0.0251037935107 -0.0149201535802 0.036
v 0.0251600571609 -0.0149597592418 0.036
v 0.0252185886896 -0.0149959292144 0.036
v 0.0252791785691 -0.0150285340188 0.036
v 0.0253416099032 -0.0150574569384 0.036
v 0.0254056592041 -0.0150825944367 0.036
v 0.0254710971919 -0.0151038565278 0.036
v 0.0255376896156 -0.015121167099 0.036
v 0.0256051980915 -0.015134464183 0.036
v 0.0256733809569 -0.0151437001797 0.036
v 0.0257419941347 -0.0151488420265 0.036
v 0.0258107920077 -0.0151498713171 0.036
v 0.0258795282972 -0.0151467843668 0.036
v 0.0259479569453 -0.015139592226 0.036
v 0.0260158329951 -0.0151283206409 0.036
v 0.0260829134679 -0.0151130099607 0.036
v 0.0261489582331 -0.0150937149937 0.036
v 0.0262137308676 -0.0150705048109 0.036
v 0.0262769995022 -0.0150434624988 0.036
v 0.0263385376515 -0.0150126848616 0.036
v 0.0263981250249 -0.0149782820755 0.036
v 0.0264555483152 -0.0149403772935 0.036
v 0.0265106019618 -0.0148991062048 0.036
v 0.0265630888869 -0.0148546165493 0.036
v 0.0266128212011 -0.0148070675883 0.036
v 0.0266596208755 -0.0147566295348 0.036
v 0.0267033203795 -0.014703482944 0.036
v 0.0267437632801 -0.0146478180668 0.036
v 0.0267808048023 -0.014589834169 0.036
v 0.026814312347 -0.014529738818 0.036
v 0.0268441659659 -0.0144677471395 0.036
v 0.0268702587909 -0.0144040810477 0.036
v 0.0268924974163 -0.0143389684506 0.036
v 0.0269108022337 -0.0142726424344 0.036
v 0.0269251077165 -0.014205340429 0.036
v 0.0269353626549 -0.0141373033582 0.036
v 0.0269415303389 -0.014068774777 0.036
v 0.0269435886896 -0.014 0.036
v 0.0269435886896 -0.014 0.033
v 0.0269415303389 -0.013931225223 0.033
v 0.0269353626549 -0.0138626966418 0.033
v 0.0269251077165 -0.013794659571 0.033
v 0.0269108022337 -0.0137273575656 0.033
v 0.0268924974163 -0.0136610315494 0.033
v 0.0268702587909 -0.0135959189523 0.033
v 0.0268441659659 -0.0135322528605 0.033
v 0.026814312347 -0.013470261182 0.033
v 0.0267808048023 -0.013410165831 0.033
v 0.0267437632801 -0.0133521819332 0.033
v 0.0267033203795 -0.013296517056 0.033
v 0.0266596208755 -0.0132433704652 0.033
v 0.0266128212011 -0.0131929324117 0.033
v 0.0265630888869 -0.0131453834507 0.033
v 0.0265106019618 -0.0131008937952 0.033
v 0.0264555483152 -0.0130596227065 0.033
v 0.0263981250249 -0.0130217179245 0.033
v 0.0263385376515 -0.0129873151384 0.033
v 0.0262769995022 -0.0129565375012 0.033
v 0.0262137308676 -0.0129294951891 0.033
v 0.0261489582331 -0.0129062850063 0.033
v 0.0260829134679 -0.0128869900393 0.033
v 0.0260158329951 -0.0128716793591 0.033
v 0.0259479569453 -0.012860407774 0.033
v 0.0258795282972 -0.0128532156332 0.033
v 0.0258107920077 -0.0128501286829 0.033
v 0.0257419941347 -0.0128511579735 0.033
v 0.0256733809569 -0.0128562998203 0.033
v 0.0256051980915 -0.012865535817 0.033
v 0.0255376896156 -0.012878832901 0.033
v 0.0254710971919 -0.0128961434722 0.033
v 0.0254056592041 -0.0129174055633 0.033
v 0.0253416099032 -0.0129425430616 0.033
v 0.0252791785691 -0.0129714659812 0.033
v 0.0252185886896 -0.0130040707856 0.033
v 0.0251600571609 -0.0130402407582 0.033
v 0.0251037935107 -0.0130798464198 0.033
v 0.0250499991482 -0.0131227459924 0.033
v 0.0249988666433 -0.0131687859066 0.033
v 0.024950579037 -0.0132178013516 0.033
v 0.0249053091865 -0.0132696168647 0.033
v 0.0248632191461 -0.0133240469599 0.033
v 0.0248244595872 -0.0133808967915 0.033
v 0.0247891692589 -0.0134399628519 0.033
v 0.0247574744915 -0.0135010337 0.033
v 0.0247294887441 -0.0135638907179 0.033
v 0.0247053121982 -0.0136283088939 0.033
v 0.0246850313998 -0.0136940576276 0.033
v 0.0246687189488 -0.0137609015556 0.033
v 0.0246564332395 -0.0138286013939 0.033
v 0.0246482182515 -0.0138969147948 0.033
v 0.0246441033925 -0.0139655972139 0.033
v 0.0246441033925 -0.0140344027861 0.033
v 0.0246482182515 -0.0141030852052 0.033
v 0.0246564332395 -0.0141713986061 0.033
v 0.0246687189488 -0.0142390984444 0.033
v 0.0246850313998 -0.0143059423724 0.033
v 0.0247053121982 -0.0143716911061 0.033
v 0.0247294887441 -0.0144361092821 0.033
v 0.0247574744915 -0.0144989663 0.033
v 0.0247891692589 -0.0145600371481 0.033
v 0.0248244595872 -0.0146191032085 0.033
v 0.0248632191461 -0.0146759530401 0.033
v 0.0249053091865 -0.0147303831353 0.033
v 0.024950579037 -0.0147821986484 0.033
v 0.0249988666433 -0.0148312140934 0.033
v 0.0250499991482 -0.0148772540076 0.033
v 0.0251037935107 -0.0149201535802 0.033
v 0.0251600571609 -0.0149597592418 0.033
v 0.0252185886896 -0.0149959292144 0.033
v 0.0252791785691 -0.0150285340188 0.033
v 0.0253416099032 -0.0150574569384 0.033
v 0.0254056592041 -0.0150825944367 0.033
v 0.0254710971919 -0.0151038565278 0.033
v 0.0255376896156 -0.015121167099 0.033
v 0.0256051980915 -0.015134464183 0.033
v 0.0256733809569 -0.0151437001797 0.033
v 0.0257419941347 -0.0151488420265 0.033
v 0.0258107920077 -0.0151498713171 0.033
v 0.0258795282972 -0.0151467843668 0.033
v 0.0259479569453 -0.015139592226 0.033
v 0.0260158329951 -0.0151283206409 0.033
v 0.0260829134679 -0.0151130099607 0.033
v 0.0261489582331 -0.0150937149937 0.033
v 0.0262137308676 -0.0150705048109 0.033
v 0.0262769995022 -0.0150434624988 0.033
v 0.0263385376515 -0.0150126848616 0.033
v 0.0263981250249 -0.0149782820755 0.033
v 0.0264555483152 -0.0149403772935 0.033
v 0.0265106019618 -0.0148991062048 0.033
v 0.0265630888869 -0.0148546165493 0.033
v 0.0266128212011 -0.0148070675883 0.033
v 0.0266596208755 -0.0147566295348 0.033
v 0.0267033203795 -0.014703482944 0.033
v 0.0267437632801 -0.0146478180668 0.033
v 0.0267808048023 -0.014589834169 0.033
v 0.026814312347 -0.014529738818 0.033
v 0.0268441659659 -0.0144677471395 0.033
v 0.0268702587909 -0.0144040810477 0.033
v 0.0268924974163 -0.0143389684506 0.033
v 0.0269108022337 -0.0142726424344 0.033
v 0.0269251077165 -0.014205340429 0.033
v 0.0269353626549 -0.0141373033582 0.033
v 0.0269415303389 -0.014068774777 0.033
v 0.0269435886896 -0.014 0.033
v 0.0290935886896 0.0107 0.033
v 0.0290935886896 0.0107 0.036
v 0.0290935886896 0.0173 0.033
v 0.0290935886896 0.0173 0.036
v 0.0269435886896 0.014 0.036
v 0.0269415303389 0.014068774777 0.036
v 0.0269353626549 0.0141373033582 0.036
v 0.0269251077165 0.014205340429 0.036
v 0.0269108022337 0.0142726424344 0.036
v 0.0268924974163 0.0143389684506 0.036
v 0.0268702587909 0.0144040810477 0.036
v 0.0268441659659 0.0144677471395 0.036
v 0.026814312347 0.014529738818 0.036
v 0.0267808048023 0.014589834169 0.036
v 0.0267437632801 0.0146478180668 0.036
v 0.0267033203795 0.014703482944 0.036
v 0.0266596208755 0.0147566295348 0.036
v 0.0266128212011 0.0148070675883 0.036
v 0.0265630888869 0.0148546165493 0.036
v 0.0265106019618 0.0148991062048 0.036
v 0.0264555483152 0.0149403772935 0.036
v 0.0263981250249 0.0149782820755 0.036
v 0.0263385376515 0.0150126848616 0.036
v 0.0262769995022 0.0150434624988 0.036
v 0.0262137308676 0.0150705048109 0.036
v 0.0261489582331 0.0150937149937 0.036
v 0.0260829134679 0.0151130099607 0.036
v 0.0260158329951 0.0151283206409 0.036
v 0.0259479569453 0.015139592226 0.036
v 0.0258795282972 0.0151467843668 0.036
v 0.0258107920077 0.0151498713171 0.036
v 0.0257419941347 0.0151488420265 0.036
v 0.0256733809569 0.0151437001797 0.036
v 0.0256051980915 0.015134464183 0.036
v 0.0255376896156 0.015121167099 0.036
v 0.0254710971919 0.0151038565278 0.036
v 0.0254056592041 0.0150825944367 0.036
v 0.0253416099032 0.0150574569384 0.036
v 0.0252791785691 0.0150285340188 0.036
v 0.0252185886896 0.0149959292144 0.036
v 0.0251600571609 0.0149597592418 0.036
v 0.0251037935107 0.0149201535802 0.036
v 0.0250499991482 0.0148772540076 0.036
v 0.0249988666433 0.0148312140934 0.036
v 0.024950579037 0.0147821986484 0.036
v 0.0249053091865 0.0147303831353 0.036
v 0.0248632191461 0.0146759530401 0.036
v 0.0248244595872 0.0146191032085 0.036
v 0.0247891692589 0.0145600371481 0.036
v 0.0247574744915 0.0144989663 0.036
v 0.0247294887441 0.0144361092821 0.036
v 0.0247053121982 0.0143716911061 0.036
v 0.0246850313998 0.0143059423724 0.036
v 0.0246687189488 0.0142390984444 0.036
v 0.0246564332395 0.0141713986061 0.036
v 0.0246482182515 0.0141030852052 0.036
v 0.0246441033925 0.0140344027861 0.036
v 0.0246441033925 0.0139655972139 0.036
v 0.0246482182515 0.0138969147948 0.036
v 0.0246564332395 0.0138286013939 0.036
v 0.0246687189488 0.0137609015556 0.036
v 0.0246850313998 0.0136940576276 0.036
v 0.0247053121982 0.0136283088939 0.036
v 0.0247294887441 0.0135638907179 0.036
v 0.0247574744915 0.0135010337 0.036
v 0.0247891692589 0.0134399628519 0.036
v 0.0248244595872 0.0133808967915 0.036
v 0.0248632191461 0.0133240469599 0.036
v 0.0249053091865 0.0132696168647 0.036
v 0.024950579037 0.0132178013516 0.036
v 0.0249988666433 0.0131687859066 0.036
v 0.0250499991482 0.0131227459924 0.036
v 0.0251037935107 0.0130798464198 0.036
v 0.0251600571609 0.0130402407582 0.036
v 0.0252185886896 0.0130040707856 0.036
v 0.0252791785691 0.0129714659812 0.036
v 0.0253416099032 0.0129425430616 0.036
v 0.0254056592041 0.0129174055633 0.036
v 0.0254710971919 0.0128961434722 0.036
v 0.0255376896156 0.012878832901 0.036
v 0.0256051980915 0.012865535817 0.036
v 0.0256733809569 0.0128562998203 0.036
v 0.0257419941347 0.0128511579735 0.036
v 0.0258107920077 0.0128501286829 0.036
v 0.0258795282972 0.0128532156332 0.036
v 0.0259479569453 0.012860407774 0.036
v 0.0260158329951 0.0128716793591 0.036
v 0.0260829134679 0.0128869900393 0.036
v 0.0261489582331 0.0129062850063 0.036
v 0.0262137308676 0.0129294951891 0.036
v 0.0262769995022 0.0129565375012 0.036
v 0.0263385376515 0.0129873151384 0.036
v 0.0263981250249 0.0130217179245 0.036
v 0.0264555483152 0.0130596227065 0.036
v 0.0265106019618 0.0131008937952 0.036
v 0.0265630888869 0.0131453834507 0.036
v 0.0266128212011 0.0131929324117 0.036
v 0.0266596208755 0.0132433704652 0.036
v 0.0267033203795 0.013296517056 0.036
v 0.0267437632801 0.0133521819332 0.036
v 0.0267808048023 0.013410165831 0.036
v 0.026814312347 0.013470261182 0.036
v 0.0268441659659 0.0135322528605 0.036
v 0.0268702587909 0.0135959189523 0.036
v 0.0268924974163 0.0136610315494 0.036
v 0.0269108022337 0.0137273575656 0.036
v 0.0269251077165 0.013794659571 0.036
v 0.0269353626549 0.0138626966418 0.036
v 0.0269415303389 0.013931225223 0.036
v 0.0269435886896 0.014 0.036
v 0.0269435886896 0.014 0.033
v 0.0269415303389 0.014068774777 0.033
v 0.0269353626549 0.0141373033582 0.033
v 0.0269251077165 0.014205340429 0.033
v 0.0269108022337 0.0142726424344 0.033
v 0.0268924974163 0.0143389684506 0.033
v 0.0268702587909 0.0144040810477 0.033
v 0.0268441659659 0.0144677471395 0.033
v 0.026814312347 0.014529738818 0.033
v 0.0267808048023 0.014589834169 0.033
v 0.0267437632801 0.0146478180668 0.033
v 0.0267033203795 0.014703482944 0.033
v 0.0266596208755 0.0147566295348 0.033
v 0.0266128212011 0.0148070675883 0.033
v 0.0265630888869 0.0148546165493 0.033
v 0.0265106019618 0.0148991062048 0.033
v 0.0264555483152 0.0149403772935 0.033
v 0.0263981250249 0.0149782820755 0.033
v 0.0263385376515 0.0150126848616 0.033
v 0.0262769995022 0.0150434624988 0.033
v 0.0262137308676 0.0150705048109 0.033
v 0.0261489582331 0.0150937149937 0.033
v 0.0260829134679 0.0151130099607 0.033
v 0.0260158329951 0.0151283206409 0.033
v 0.0259479569453 0.015139592226 0.033
v 0.0258795282972 0.0151467843668 0.033
v 0.0258107920077 0.0151498713171 0.033
v 0.0257419941347 0.0151488420265 0.033
v 0.0256733809569 0.0151437001797 0.033
v 0.0256051980915 0.015134464183 0.033
v 0.0255376896156 0.015121167099 0.033
v 0.0254710971919 0.0151038565278 0.033
v 0.0254056592041 0.0150825944367 0.033
v 0.0253416099032 0.0150574569384 0.033
v 0.0252791785691 0.0150285340188 0.033
v 0.0252185886896 0.0149959292144 0.033
v 0.0251600571609 0.0149597592418 0.033
v 0.0251037935107 0.0149201535802 0.033
v 0.0250499991482 0.0148772540076 0.033
v 0.0249988666433 0.0148312140934 0.033
v 0.024950579037 0.0147821986484 0.033
v 0.0249053091865 0.0147303831353 0.033
v 0.0248632191461 0.0146759530401 0.033
v 0.0248244595872 0.0146191032085 0.033
v 0.0247891692589 0.0145600371481 0.033
v 0.0247574744915 0.0144989663 0.033
v 0.0247294887441 0.0144361092821 0.033
v 0.0247053121982 0.0143716911061 0.033
v 0.0246850313998 0.0143059423724 0.033
v 0.0246687189488 0.0142390984444 0.033
v 0.0246564332395 0.0141713986061 0.033
v 0.0246482182515 0.0141030852052 0.033
v 0.0246441033925 0.0140344027861 0.033
v 0.0246441033925 0.0139655972139 0.033
v 0.0246482182515 0.0138969147948 0.033
v 0.0246564332395 0.0138286013939 0.033
v 0.0246687189488 0.0137609015556 0.033
v 0.0246850313998 0.0136940576276 0.033
v 0.0247053121982 0.0136283088939 0.033
v 0.0247294887441 0.0135638907179 0.033
v 0.0247574744915 0.0135010337 0.033
v 0.0247891692589 0.0134399628519 0.033
v 0.0248244595872 0.0133808967915 0.033
v 0.0248632191461 0.0133240469599 0.033
v 0.0249053091865 0.0132696168647 0.033
v 0.024950579037 0.0132178013516 0.033
v 0.0249988666433 0.0131687859066 0.033
v 0.0250499991482 0.0131227459924 0.033
v 0.0251037935107 0.0130798464198 0.033
v 0.0251600571609 0.0130402407582 0.033
v 0.0252185886896 0.0130040707856 0.033
v 0.0252791785691 0.0129714659812 0.033
v 0.0253416099032 0.0129425430616 0.033
v 0.0254056592041 0.0129174055633 0.033
v 0.0254710971919 0.0128961434722 0.033
v 0.0255376896156 0.012878832901 0.033
v 0.0256051980915 0.012865535817 0.033
v 0.0256733809569 0.0128562998203 0.033
v 0.0257419941347 0.0128511579735 0.033
v 0.0258107920077 0.0128501286829 0.033
v 0.0258795282972 0.0128532156332 0.033
v 0.0259479569453 0.012860407774 0.033
v 0.0260158329951 0.0128716793591 0.033
v 0.0260829134679 0.0128869900393 0.033
v 0.0261489582331 0.0129062850063 0.033
v 0.0262137308676 0.0129294951891 0.033
v 0.0262769995022 0.0129565375012 0.033
v 0.0263385376515 0.0129873151384 0.033
v 0.0263981250249 0.0130217179245 0.033
v 0.0264555483152 0.0130596227065 0.033
v 0.0265106019618 0.0131008937952 0.033
v 0.0265630888869 0.0131453834507 0.033
v 0.0266128212011 0.0131929324117 0.033
v 0.0266596208755 0.0132433704652 0.033
v 0.0267033203795 0.013296517056 0.033
v 0.0267437632801 0.0133521819332 0.033
v 0.0267808048023 0.013410165831 0.033
v 0.026814312347 0.013470261182 0.033
v 0.0268441659659 0.0135322528605 0.033
v 0.0268702587909 0.0135959189523 0.033
v 0.0268924974163 0.0136610315494 0.033
v 0.0269108022337 0.0137273575656 0.033
v 0.0269251077165 0.013794659571 0.033
v 0.0269353626549 0.0138626966418 0.033
v 0.0269415303389 0.013931225223 0.033
v 0.0269435886896 0.014 0.033
f 2 3 1
f 2 4 3
f 8 5 6
f 8 7 5
f 13 9 11
f 13 11 12
f 10 13 14
f 10 9 13
f 16 15 17
f 18 16 17
f 37 33 32
f 37 36 33
f 40 32 31
f 40 37 32
f 41 40 31
f 39 38 37
f 39 37 40
f 42 41 30
f 29 42 30
f 44 38 39
f 43 42 29
f 49 28 27
f 50 49 27
f 48 29 28
f 48 28 49
f 48 43 29
f 45 50 26
f 25 45 26
f 47 44 43
f 47 43 48
f 19 25 24
f 19 46 45
f 19 45 25
f 20 47 46
f 20 46 19
f 21 19 24
f 23 21 24
f 23 22 21
f 26 50 27
f 30 41 31
f 33 35 34
f 33 36 35
f 38 44 20
f 44 47 20
f 54 53 51
f 56 55 54
f 52 56 54
f 52 54 51
f 57 59 60
f 57 60 58
f 63 62 61
f 63 64 65
f 66 63 65
f 66 62 63
f 67 78 68
f 71 78 67
f 70 67 69
f 70 71 67
f 72 78 71
f 77 78 72
f 75 77 72
f 76 77 75
f 74 72 73
f 74 75 72
f 81 79 80
f 81 83 82
f 84 83 81
f 84 81 80
f 85 87 88
f 85 88 86
f 90 91 89
f 92 91 90
f 94 95 93
f 94 96 95
f 102 98 97
f 99 102 97
f 100 101 102
f 100 102 99
f 106 104 103
f 106 103 105
f 108 109 107
f 108 110 109
f 113 115 114
f 116 115 113
f 112 113 111
f 112 116 113
f 122 117 118
f 119 117 122
f 120 122 121
f 120 119 122
f 128 123 124
f 125 123 128
f 126 128 127
f 126 125 128
f 135 133 132
f 134 133 135
f 131 136 135
f 131 135 132
f 129 130 136
f 129 136 131
f 138 139 137
f 138 140 139
f 146 142 141
f 143 146 141
f 144 145 146
f 144 146 143
f 147 148 149
f 147 149 150
f 151 152 153
f 151 153 154
f 155 156 157
f 155 157 158
f 159 160 161
f 159 161 162
f 163 164 165
f 163 165 166
f 167 168 169
f 167 169 170
f 171 172 173
f 171 173 174
f 175 176 177
f 175 177 178
f 179 180 181
f 179 181 182
f 183 184 185
f 183 185 186
f 187 188 189
f 187 189 190
f 191 192 193
f 191 193 194
f 195 198 196
f 197 198 195
f 268 199 269
f 270 269 199
f 267 199 268
f 271 270 199
f 266 199 267
f 272 271 199
f 265 199 266
f 273 272 199
f 264 199 265
f 274 273 199
f 263 199 264
f 275 274 199
f 262 199 263
f 276 275 199
f 261 199 262
f 277 276 199
f 260 199 261
f 278 277 199
f 259 199 260
f 279 278 199
f 258 199 259
f 280 279 199
f 257 199 258
f 281 280 199
f 256 199 257
f 282 281 199
f 201 282 199
f 201 283 282
f 201 284 283
f 201 285 284
f 201 286 285
f 201 287 286
f 201 288 287
f 201 289 288
f 201 290 289
f 201 291 290
f 201 292 291
f 201 293 292
f 201 294 293
f 200 244 243
f 200 245 244
f 200 199 256
f 200 246 245
f 200 247 246
f 200 248 247
f 200 249 248
f 200 250 249
f 200 251 250
f 200 252 251
f 200 253 252
f 200 254 253
f 200 255 254
f 200 256 255
f 295 294 201
f 242 200 243
f 296 295 201
f 241 200 242
f 297 296 201
f 240 200 241
f 298 297 201
f 239 200 240
f 299 298 201
f 238 200 239
f 300 299 201
f 237 200 238
f 301 300 201
f 236 200 237
f 302 301 201
f 235 200 236
f 303 302 201
f 234 200 235
f 304 303 201
f 233 200 234
f 305 304 201
f 232 200 233
f 306 305 201
f 231 200 232
f 307 306 201
f 230 200 231
f 203 307 201
f 229 200 230
f 202 204 203
f 202 205 204
f 202 206 205
f 202 207 206
f 202 208 207
f 202 209 208
f 202 210 209
f 202 211 210
f 202 212 211
f 202 213 212
f 202 214 213
f 202 215 214
f 202 216 215
f 202 217 216
f 202 218 217
f 202 219 218
f 202 220 219
f 202 221 220
f 202 222 221
f 202 223 222
f 202 224 223
f 202 225 224
f 202 226 225
f 202 227 226
f 202 228 227
f 202 229 228
f 202 203 201
f 202 200 229
f 435 368 369
f 436 368 435
f 436 367 368
f 434 435 369
f 434 369 370
f 437 366 367
f 437 367 436
f 433 370 371
f 433 434 370
f 438 365 366
f 438 366 437
f 432 371 372
f 432 433 371
f 439 364 365
f 439 365 438
f 431 372 373
f 431 432 372
f 440 363 364
f 440 364 439
f 430 373 374
f 430 431 373
f 441 362 363
f 441 363 440
f 429 374 375
f 429 430 374
f 442 362 441
f 442 361 362
f 428 429 375
f 428 375 376
f 443 361 442
f 443 360 361
f 427 428 376
f 427 376 377
f 444 360 443
f 444 359 360
f 426 377 378
f 426 427 377
f 445 359 444
f 445 358 359
f 425 426 378
f 425 378 379
f 446 358 445
f 446 357 358
f 424 425 379
f 424 379 380
f 447 357 446
f 447 356 357
f 423 380 381
f 423 424 380
f 448 356 447
f 448 355 356
f 422 381 382
f 422 423 381
f 449 355 448
f 449 353 354
f 449 354 355
f 421 422 382
f 421 382 383
f 450 353 449
f 450 352 353
f 420 421 383
f 420 383 384
f 451 352 450
f 451 351 352
f 419 420 384
f 419 384 385
f 452 350 351
f 452 351 451
f 418 419 385
f 418 385 386
f 453 350 452
f 453 349 350
f 417 418 386
f 417 386 387
f 454 349 453
f 454 348 349
f 416 417 387
f 416 387 388
f 455 347 348
f 455 348 454
f 415 416 388
f 415 388 389
f 456 346 347
f 456 347 455
f 414 415 389
f 414 389 390
f 457 345 346
f 457 346 456
f 413 414 390
f 413 390 391
f 458 344 345
f 458 345 457
f 412 413 391
f 412 391 392
f 459 343 344
f 459 344 458
f 411 392 393
f 411 412 392
f 460 343 459
f 342 343 460
f 410 411 393
f 461 342 460
f 394 410 393
f 409 410 394
f 341 342 461
f 341 461 462
f 395 408 409
f 395 409 394
f 407 408 395
f 340 341 462
f 340 462 463
f 406 407 395
f 405 406 395
f 339 340 463
f 339 463 464
f 404 405 395
f 338 339 464
f 338 464 465
f 403 404 395
f 402 403 395
f 309 308 310
f 309 402 395
f 337 338 465
f 337 465 466
f 401 402 309
f 400 401 309
f 336 337 466
f 336 466 467
f 399 400 309
f 398 399 309
f 335 336 467
f 335 467 468
f 397 398 309
f 396 397 309
f 334 468 469
f 334 335 468
f 333 334 469
f 333 469 470
f 332 470 471
f 332 333 470
f 331 332 471
f 331 471 472
f 330 331 472
f 330 472 473
f 329 473 474
f 329 330 473
f 328 329 474
f 328 474 475
f 327 328 475
f 327 475 476
f 326 327 476
f 326 476 477
f 325 326 477
f 325 477 478
f 324 325 478
f 324 478 479
f 323 479 480
f 323 324 479
f 322 480 481
f 322 323 480
f 321 481 482
f 321 322 481
f 320 482 483
f 320 321 482
f 319 320 483
f 319 483 484
f 318 319 484
f 318 484 485
f 317 318 485
f 317 485 486
f 316 317 486
f 316 486 487
f 314 488 489
f 314 489 490
f 314 490 491
f 314 491 492
f 314 492 493
f 314 493 494
f 314 494 495
f 315 488 314
f 315 487 488
f 315 316 487
f 313 314 495
f 313 396 309
f 313 495 496
f 313 496 497
f 313 497 498
f 313 498 499
f 313 499 500
f 313 500 396
f 311 312 313
f 311 309 310
f 311 313 309
f 570 501 571
f 572 571 501
f 569 501 570
f 573 572 501
f 568 501 569
f 574 573 501
f 567 501 568
f 575 574 501
f 566 501 567
f 576 575 501
f 565 501 566
f 577 576 501
f 564 501 565
f 578 577 501
f 563 501 564
f 579 578 501
f 562 501 563
f 580 579 501
f 561 501 562
f 581 580 501
f 560 501 561
f 582 581 501
f 559 501 560
f 583 582 501
f 558 501 559
f 584 583 501
f 503 584 501
f 503 585 584
f 503 586 585
f 503 587 586
f 503 588 587
f 503 589 588
f 503 590 589
f 503 591 590
f 503 592 591
f 503 593 592
f 503 594 593
f 503 595 594
f 503 596 595
f 502 546 545
f 502 547 546
f 502 548 547
f 502 549 548
f 502 550 549
f 502 551 550
f 502 552 551
f 502 553 552
f 502 554 553
f 502 555 554
f 502 556 555
f 502 557 556
f 502 558 557
f 502 501 558
f 597 596 503
f 544 502 545
f 598 597 503
f 543 502 544
f 599 598 503
f 542 502 543
f 600 599 503
f 541 502 542
f 601 600 503
f 540 502 541
f 602 601 503
f 539 502 540
f 603 602 503
f 538 502 539
f 604 603 503
f 537 502 538
f 605 604 503
f 536 502 537
f 606 605 503
f 535 502 536
f 607 606 503
f 534 502 535
f 608 607 503
f 533 502 534
f 609 608 503
f 532 502 533
f 505 609 503
f 531 502 532
f 504 506 505
f 504 507 506
f 504 508 507
f 504 509 508
f 504 510 509
f 504 511 510
f 504 512 511
f 504 513 512
f 504 514 513
f 504 515 514
f 504 516 515
f 504 517 516
f 504 518 517
f 504 519 518
f 504 520 519
f 504 521 520
f 504 522 521
f 504 523 522
f 504 524 523
f 504 525 524
f 504 526 525
f 504 527 526
f 504 528 527
f 504 529 528
f 504 530 529
f 504 531 530
f 504 502 531
f 504 505 503
f 612 611 610
f 613 611 612
f 619 614 616
f 619 616 617
f 615 614 619
f 618 619 617
f 622 620 621
f 623 622 621
f 712 676 675
f 712 677 676
f 712 678 677
f 712 679 678
f 712 680 679
f 712 681 680
f 712 682 681
f 712 683 682
f 712 684 683
f 712 685 684
f 712 686 685
f 712 687 686
f 712 688 687
f 712 689 688
f 712 690 689
f 712 691 690
f 712 692 691
f 712 693 692
f 713 662 661
f 713 663 662
f 713 664 663
f 713 712 675
f 713 665 664
f 713 666 665
f 713 667 666
f 713 668 667
f 713 669 668
f 713 670 669
f 713 671 670
f 713 672 671
f 713 673 672
f 713 674 673
f 713 675 674
f 660 713 661
f 659 713 660
f 658 713 659
f 711 693 712
f 711 694 693
f 711 695 694
f 711 696 695
f 711 697 696
f 711 698 697
f 711 699 698
f 711 700 699
f 711 701 700
f 711 702 701
f 711 703 702
f 704 703 711
f 705 704 711
f 706 705 711
f 707 706 711
f 708 652 651
f 708 653 652
f 708 654 653
f 708 655 654
f 708 656 655
f 708 657 656
f 708 658 657
f 708 713 658
f 650 708 651
f 649 708 650
f 648 708 649
f 647 708 648
f 710 707 711
f 710 624 707
f 646 708 647
f 645 708 646
f 644 708 645
f 643 708 644
f 642 708 643
f 641 708 642
f 640 708 641
f 640 709 708
f 639 709 640
f 638 709 639
f 637 709 638
f 636 709 637
f 635 709 636
f 634 709 635
f 633 709 634
f 632 709 633
f 631 709 632
f 630 709 631
f 629 709 630
f 628 709 629
f 626 710 709
f 627 709 628
f 627 626 709
f 625 624 710
f 625 710 626
f 716 715 714
f 717 715 716
f 789 790 722
f 791 722 790
f 788 789 722
f 792 722 791
f 787 788 722
f 793 722 792
f 786 787 722
f 794 722 793
f 785 722 721
f 785 786 722
f 795 722 794
f 784 785 721
f 796 722 795
f 783 784 721
f 797 722 796
f 782 783 721
f 798 722 797
f 781 782 721
f 799 722 798
f 780 781 721
f 800 722 799
f 779 780 721
f 801 722 800
f 778 779 721
f 802 722 801
f 777 778 721
f 803 722 802
f 776 777 721
f 775 776 721
f 774 775 721
f 723 722 803
f 723 803 804
f 723 804 805
f 806 723 805
f 773 774 721
f 807 723 806
f 772 773 721
f 808 723 807
f 771 772 721
f 809 723 808
f 770 771 721
f 810 723 809
f 769 770 721
f 811 723 810
f 768 769 721
f 812 723 811
f 813 723 812
f 814 723 813
f 815 723 814
f 816 723 815
f 817 723 816
f 818 723 817
f 819 723 818
f 820 723 819
f 720 768 721
f 720 754 755
f 720 755 756
f 720 756 757
f 720 757 758
f 720 758 759
f 720 759 760
f 720 760 761
f 720 761 762
f 720 762 763
f 720 763 764
f 720 764 765
f 720 765 766
f 720 766 767
f 720 767 768
f 753 754 720
f 752 753 720
f 751 752 720
f 750 751 720
f 718 820 821
f 718 821 822
f 718 822 823
f 718 823 824
f 718 824 825
f 718 825 826
f 718 724 725
f 718 826 827
f 718 725 726
f 718 827 828
f 718 726 727
f 718 828 724
f 718 727 728
f 718 728 729
f 718 729 730
f 718 730 731
f 718 731 732
f 718 732 733
f 718 723 820
f 719 733 734
f 719 734 735
f 719 735 736
f 719 736 737
f 719 737 738
f 719 738 739
f 719 739 740
f 719 740 741
f 719 741 742
f 719 742 743
f 719 743 744
f 719 744 745
f 719 745 746
f 719 746 747
f 719 747 748
f 719 748 749
f 719 749 750
f 719 718 733
f 719 750 720
f 900 901 833
f 902 833 901
f 899 900 833
f 903 833 902
f 898 899 833
f 904 833 903
f 897 898 833
f 905 833 904
f 896 833 832
f 896 897 833
f 906 833 905
f 895 896 832
f 907 833 906
f 894 895 832
f 908 833 907
f 893 894 832
f 909 833 908
f 892 893 832
f 910 833 909
f 891 892 832
f 911 833 910
f 890 891 832
f 912 833 911
f 889 890 832
f 913 833 912
f 888 889 832
f 914 833 913
f 887 888 832
f 886 887 832
f 885 886 832
f 834 833 914
f 834 914 915
f 834 915 916
f 917 834 916
f 884 885 832
f 918 834 917
f 883 884 832
f 919 834 918
f 882 883 832
f 920 834 919
f 881 882 832
f 921 834 920
f 880 881 832
f 922 834 921
f 879 880 832
f 923 834 922
f 924 834 923
f 925 834 924
f 926 834 925
f 927 834 926
f 928 834 927
f 929 834 928
f 930 834 929
f 931 834 930
f 831 879 832
f 831 865 866
f 831 866 867
f 831 867 868
f 831 868 869
f 831 869 870
f 831 870 871
f 831 871 872
f 831 872 873
f 831 873 874
f 831 874 875
f 831 875 876
f 831 876 877
f 831 877 878
f 831 878 879
f 864 865 831
f 863 864 831
f 862 863 831
f 861 862 831
f 829 931 932
f 829 932 933
f 829 933 934
f 829 934 935
f 829 935 936
f 829 936 937
f 829 835 836
f 829 937 938
f 829 836 837
f 829 938 939
f 829 837 838
f 829 939 835
f 829 838 839
f 829 839 840
f 829 840 841
f 829 841 842
f 829 842 843
f 829 843 844
f 829 834 931
f 830 844 845
f 830 845 846
f 830 846 847
f 830 847 848
f 830 848 849
f 830 849 850
f 830 850 851
f 830 851 852
f 830 852 853
f 830 853 854
f 830 854 855
f 830 855 856
f 830 856 857
f 830 857 858
f 830 858 859
f 830 859 860
f 830 860 861
f 830 829 844
f 830 861 831
f 943 1047 942
f 943 1048 1047
f 944 1049 1048
f 944 1050 1049
f 944 1048 943
f 945 1050 944
f 946 1051 1050
f 946 1052 1051
f 946 1050 945
f 947 1052 946
f 948 1053 1052
f 948 1054 1053
f 948 1052 947
f 949 1054 948
f 950 1055 1054
f 950 1054 949
f 951 1056 1055
f 951 1057 1056
f 951 1055 950
f 952 1058 1057
f 952 1057 951
f 953 1059 1058
f 953 1058 952
f 954 1059 953
f 955 1060 1059
f 955 1061 1060
f 955 1059 954
f 956 1062 1061
f 956 1061 955
f 957 1062 956
f 958 1063 1062
f 958 1062 957
f 959 1064 1063
f 959 1063 958
f 960 1065 1064
f 960 1064 959
f 961 1066 1065
f 961 1065 960
f 962 1067 1066
f 962 1066 961
f 963 1068 1067
f 963 1067 962
f 964 1068 963
f 964 1069 1068
f 965 1069 964
f 965 1070 1069
f 965 1071 1070
f 966 1071 965
f 967 1071 966
f 967 1072 1071
f 968 1072 967
f 968 1073 1072
f 968 1074 1073
f 969 1074 968
f 970 1074 969
f 970 1075 1074
f 971 1075 970
f 971 1076 1075
f 972 1077 1076
f 972 1076 971
f 972 1078 1077
f 973 1079 1078
f 973 1078 972
f 974 1079 973
f 975 1080 1079
f 975 1079 974
f 976 1081 1080
f 976 1080 975
f 977 1082 1081
f 977 1081 976
f 978 1083 1082
f 978 1082 977
f 979 1084 1083
f 979 1083 978
f 980 1085 1084
f 980 1084 979
f 981 1086 1085
f 981 1087 1086
f 981 1085 980
f 982 1087 981
f 982 1088 1087
f 983 1088 982
f 984 1089 1088
f 984 1088 983
f 985 1090 1089
f 985 1089 984
f 986 1091 1090
f 986 1090 985
f 987 1092 1091
f 987 1093 1092
f 987 1091 986
f 988 1093 987
f 989 1094 1093
f 989 1093 988
f 990 1094 989
f 990 1095 1094
f 991 1095 990
f 991 1096 1095
f 992 1096 991
f 992 1097 1096
f 993 1097 992
f 993 1098 1097
f 994 1098 993
f 994 1099 1098
f 995 1099 994
f 995 1100 1099
f 996 1100 995
f 996 1101 1100
f 997 1101 996
f 997 1102 1101
f 998 1102 997
f 998 1103 1102
f 999 1103 998
f 999 1104 1103
f 1000 1104 999
f 1000 1105 1104
f 1000 1106 1105
f 1001 1106 1000
f 1001 1107 1106
f 1002 1107 1001
f 1003 1107 1002
f 1003 1108 1107
f 1004 1108 1003
f 1004 1109 1108
f 1005 1109 1004
f 1005 1110 1109
f 1006 1110 1005
f 1006 1111 1110
f 1007 1112 1111
f 1007 1111 1006
f 1008 1113 1112
f 1008 1112 1007
f 1009 1114 1113
f 1009 1113 1008
f 1010 1115 1114
f 1010 1114 1009
f 1011 1116 1115
f 1011 1115 1010
f 1012 1117 1116
f 1012 1118 1117
f 1012 1116 1011
f 1013 1118 1012
f 1014 1118 1013
f 1014 1119 1118
f 1015 1119 1014
f 1015 1120 1119
f 1016 1120 1015
f 1016 1121 1120
f 1016 1122 1121
f 1017 1122 1016
f 1017 1123 1122
f 1018 1123 1017
f 1019 1123 1018
f 1019 1124 1123
f 1020 1124 1019
f 1020 1125 1124
f 1020 1126 1125
f 1021 1126 1020
f 1021 1127 1126
f 1022 1127 1021
f 1023 1127 1022
f 1023 1128 1127
f 1023 1129 1128
f 1024 1129 1023
f 1024 1130 1129
f 1025 1130 1024
f 1025 1131 1130
f 1026 1131 1025
f 1027 1131 1026
f 1027 1132 1131
f 1028 1132 1027
f 1028 1133 1132
f 1029 1133 1028
f 1029 1134 1133
f 1030 1134 1029
f 1030 1135 1134
f 1031 1135 1030
f 1031 1136 1135
f 1031 1137 1136
f 1032 1137 1031
f 1033 1137 1032
f 1033 1138 1137
f 1033 1139 1138
f 1034 1139 1033
f 1034 1140 1139
f 1035 1140 1034
f 1036 1140 1035
f 1036 1141 1140
f 1037 1142 1141
f 1037 1143 1142
f 1037 1141 1036
f 1038 1143 1037
f 1039 1143 1038
f 1039 1144 1143
f 1040 1144 1039
f 1040 1145 1144
f 1040 1146 1145
f 1041 1146 1040
f 1042 1147 1146
f 1042 1148 1147
f 1042 1146 1041
f 1043 1149 1148
f 1043 1148 1042
f 1044 1149 1043
f 1045 1150 1149
f 1045 1151 1150
f 1045 1149 1044
f 1046 1151 1045
f 941 940 1151
f 941 1151 1046
f 1152 1234 1235
f 1153 1152 1235
f 1154 1153 1235
f 1154 1235 1236
f 1155 1154 1236
f 1155 1236 1237
f 1156 1237 1238
f 1156 1155 1237
f 1157 1238 1239
f 1157 1156 1238
f 1158 1239 1240
f 1158 1240 1241
f 1158 1157 1239
f 1159 1241 1242
f 1159 1158 1241
f 1160 1159 1242
f 1161 1160 1242
f 1161 1242 1243
f 1162 1161 1243
f 1162 1243 1244
f 1162 1244 1245
f 1163 1162 1245
f 1163 1245 1246
f 1164 1163 1246
f 1164 1246 1247
f 1165 1164 1247
f 1166 1165 1247
f 1166 1247 1248
f 1167 1166 1248
f 1167 1248 1249
f 1168 1167 1249
f 1168 1249 1250
f 1169 1168 1250
f 1169 1250 1251
f 1170 1252 1253
f 1170 1169 1251
f 1170 1251 1252
f 1171 1170 1253
f 1172 1253 1254
f 1172 1171 1253
f 1173 1254 1255
f 1173 1255 1256
f 1173 1172 1254
f 1174 1256 1257
f 1174 1173 1256
f 1175 1174 1257
f 1176 1257 1258
f 1176 1175 1257
f 1177 1258 1259
f 1177 1176 1258
f 1178 1259 1260
f 1178 1260 1261
f 1178 1177 1259
f 1179 1178 1261
f 1180 1261 1262
f 1180 1262 1263
f 1180 1179 1261
f 1181 1180 1263
f 1182 1263 1264
f 1182 1181 1263
f 1183 1264 1265
f 1183 1182 1264
f 1184 1265 1266
f 1184 1183 1265
f 1185 1266 1267
f 1185 1184 1266
f 1186 1267 1268
f 1186 1185 1267
f 1187 1186 1268
f 1187 1268 1269
f 1188 1187 1269
f 1188 1269 1270
f 1189 1188 1270
f 1189 1270 1271
f 1190 1271 1272
f 1190 1189 1271
f 1191 1272 1273
f 1191 1190 1272
f 1192 1273 1274
f 1192 1191 1273
f 1193 1274 1275
f 1193 1192 1274
f 1194 1275 1276
f 1194 1193 1275
f 1195 1276 1277
f 1195 1277 1278
f 1195 1194 1276
f 1196 1195 1278
f 1197 1278 1279
f 1197 1196 1278
f 1198 1279 1280
f 1198 1197 1279
f 1199 1280 1281
f 1199 1198 1280
f 1200 1281 1282
f 1200 1199 1281
f 1201 1282 1283
f 1201 1200 1282
f 1202 1283 1284
f 1202 1284 1285
f 1202 1201 1283
f 1203 1285 1286
f 1203 1202 1285
f 1204 1203 1286
f 1205 1286 1287
f 1205 1287 1288
f 1205 1204 1286
f 1206 1288 1289
f 1206 1205 1288
f 1207 1206 1289
f 1208 1289 1290
f 1208 1207 1289
f 1209 1290 1291
f 1209 1208 1290
f 1210 1291 1292
f 1210 1292 1293
f 1210 1209 1291
f 1211 1210 1293
f 1212 1293 1294
f 1212 1211 1293
f 1213 1212 1294
f 1213 1294 1295
f 1214 1213 1295
f 1214 1295 1296
f 1215 1214 1296
f 1215 1296 1297
f 1216 1215 1297
f 1216 1297 1298
f 1217 1216 1298
f 1217 1298 1299
f 1218 1217 1299
f 1218 1299 1300
f 1219 1218 1300
f 1219 1300 1301
f 1220 1219 1301
f 1220 1301 1302
f 1220 1302 1303
f 1221 1220 1303
f 1222 1221 1303
f 1222 1303 1304
f 1222 1304 1305
f 1223 1222 1305
f 1224 1223 1305
f 1224 1305 1306
f 1225 1306 1307
f 1225 1224 1306
f 1226 1307 1308
f 1226 1225 1307
f 1227 1308 1309
f 1227 1226 1308
f 1228 1309 1310
f 1228 1227 1309
f 1229 1310 1311
f 1229 1311 1312
f 1229 1228 1310
f 1230 1229 1312
f 1231 1312 1313
f 1231 1230 1312
f 1232 1313 1314
f 1232 1231 1313
f 1233 1314 1315
f 1233 1232 1314
f 1319 1318 1423
f 1319 1423 1527
f 1320 1527 1526
f 1320 1319 1527
f 1321 1526 1525
f 1321 1320 1526
f 1322 1525 1524
f 1322 1321 1525
f 1323 1524 1523
f 1323 1322 1524
f 1324 1523 1522
f 1324 1323 1523
f 1325 1522 1521
f 1325 1324 1522
f 1326 1521 1520
f 1326 1325 1521
f 1327 1520 1519
f 1327 1326 1520
f 1328 1519 1518
f 1328 1327 1519
f 1329 1518 1517
f 1329 1328 1518
f 1330 1329 1517
f 1330 1517 1516
f 1331 1330 1516
f 1331 1516 1515
f 1332 1331 1515
f 1332 1515 1514
f 1333 1332 1514
f 1333 1514 1513
f 1334 1333 1513
f 1334 1513 1512
f 1335 1334 1512
f 1335 1512 1511
f 1336 1335 1511
f 1336 1511 1510
f 1337 1510 1509
f 1337 1336 1510
f 1338 1509 1508
f 1338 1337 1509
f 1339 1508 1507
f 1339 1338 1508
f 1340 1339 1507
f 1340 1506 1505
f 1340 1507 1506
f 1341 1340 1505
f 1342 1341 1505
f 1342 1505 1504
f 1343 1342 1504
f 1343 1504 1503
f 1344 1343 1503
f 1344 1502 1501
f 1344 1503 1502
f 1345 1344 1501
f 1346 1345 1501
f 1346 1501 1500
f 1347 1346 1500
f 1347 1500 1499
f 1348 1347 1499
f 1348 1498 1497
f 1348 1499 1498
f 1349 1348 1497
f 1350 1349 1497
f 1350 1496 1495
f 1350 1497 1496
f 1351 1350 1495
f 1352 1351 1495
f 1352 1494 1493
f 1352 1495 1494
f 1353 1352 1493
f 1353 1493 1492
f 1354 1353 1492
f 1355 1354 1492
f 1355 1491 1490
f 1355 1492 1491
f 1356 1355 1490
f 1357 1356 1490
f 1357 1489 1488
f 1357 1490 1489
f 1358 1357 1488
f 1359 1487 1486
f 1359 1488 1487
f 1359 1358 1488
f 1360 1359 1486
f 1361 1485 1484
f 1361 1486 1485
f 1361 1360 1486
f 1362 1361 1484
f 1363 1483 1482
f 1363 1484 1483
f 1363 1362 1484
f 1364 1482 1481
f 1364 1363 1482
f 1365 1481 1480
f 1365 1364 1481
f 1366 1365 1480
f 1367 1366 1480
f 1367 1480 1479
f 1368 1367 1479
f 1368 1478 1477
f 1368 1479 1478
f 1369 1368 1477
f 1370 1369 1477
f 1370 1477 1476
f 1371 1370 1476
f 1371 1476 1475
f 1372 1371 1475
f 1372 1474 1473
f 1372 1475 1474
f 1373 1372 1473
f 1374 1373 1473
f 1374 1473 1472
f 1375 1374 1472
f 1375 1472 1471
f 1376 1375 1471
f 1376 1471 1470
f 1377 1376 1470
f 1377 1470 1469
f 1378 1468 1467
f 1378 1469 1468
f 1378 1377 1469
f 1379 1467 1466
f 1379 1378 1467
f 1380 1379 1466
f 1381 1466 1465
f 1381 1380 1466
f 1382 1465 1464
f 1382 1381 1465
f 1383 1464 1463
f 1383 1382 1464
f 1384 1462 1461
f 1384 1463 1462
f 1384 1383 1463
f 1385 1384 1461
f 1386 1460 1459
f 1386 1461 1460
f 1386 1385 1461
f 1387 1386 1459
f 1388 1458 1457
f 1388 1459 1458
f 1388 1387 1459
f 1389 1388 1457
f 1390 1389 1457
f 1390 1456 1455
f 1390 1457 1456
f 1391 1390 1455
f 1392 1391 1455
f 1392 1454 1453
f 1392 1455 1454
f 1393 1392 1453
f 1394 1393 1453
f 1394 1453 1452
f 1395 1394 1452
f 1395 1451 1450
f 1395 1452 1451
f 1396 1395 1450
f 1396 1450 1449
f 1397 1396 1449
f 1398 1448 1447
f 1398 1449 1448
f 1398 1397 1449
f 1399 1398 1447
f 1399 1447 1446
f 1400 1446 1445
f 1400 1399 1446
f 1401 1400 1445
f 1402 1445 1444
f 1402 1401 1445
f 1403 1443 1442
f 1403 1444 1443
f 1403 1402 1444
f 1404 1442 1441
f 1404 1403 1442
f 1405 1404 1441
f 1406 1441 1440
f 1406 1405 1441
f 1407 1440 1439
f 1407 1406 1440
f 1408 1438 1437
f 1408 1439 1438
f 1408 1407 1439
f 1409 1437 1436
f 1409 1408 1437
f 1410 1409 1436
f 1411 1435 1434
f 1411 1436 1435
f 1411 1410 1436
f 1412 1411 1434
f 1413 1434 1433
f 1413 1412 1434
f 1414 1433 1432
f 1414 1413 1433
f 1415 1414 1432
f 1415 1432 1431
f 1416 1415 1431
f 1416 1431 1430
f 1417 1416 1430
f 1417 1430 1429
f 1418 1429 1428
f 1418 1417 1429
f 1419 1418 1428
f 1419 1428 1427
f 1420 1427 1426
f 1420 1419 1427
f 1421 1426 1425
f 1421 1420 1426
f 1422 1425 1424
f 1422 1421 1425
f 1317 1424 1316
f 1317 1422 1424
f 1531 1635 1530
f 1531 1636 1635
f 1532 1637 1636
f 1532 1638 1637
f 1532 1636 1531
f 1533 1638 1532
f 1534 1639 1638
f 1534 1640 1639
f 1534 1638 1533
f 1535 1640 1534
f 1536 1641 1640
f 1536 1642 1641
f 1536 1640 1535
f 1537 1642 1536
f 1538 1643 1642
f 1538 1642 1537
f 1539 1644 1643
f 1539 1645 1644
f 1539 1643 1538
f 1540 1646 1645
f 1540 1645 1539
f 1541 1647 1646
f 1541 1646 1540
f 1542 1647 1541
f 1543 1648 1647
f 1543 1649 1648
f 1543 1647 1542
f 1544 1650 1649
f 1544 1649 1543
f 1545 1650 1544
f 1546 1651 1650
f 1546 1650 1545
f 1547 1652 1651
f 1547 1651 1546
f 1548 1653 1652
f 1548 1652 1547
f 1549 1654 1653
f 1549 1653 1548
f 1550 1655 1654
f 1550 1654 1549
f 1551 1656 1655
f 1551 1655 1550
f 1552 1656 1551
f 1552 1657 1656
f 1553 1657 1552
f 1553 1658 1657
f 1553 1659 1658
f 1554 1659 1553
f 1555 1659 1554
f 1555 1660 1659
f 1556 1660 1555
f 1556 1661 1660
f 1556 1662 1661
f 1557 1662 1556
f 1558 1662 1557
f 1558 1663 1662
f 1559 1663 1558
f 1559 1664 1663
f 1560 1665 1664
f 1560 1664 1559
f 1560 1666 1665
f 1561 1667 1666
f 1561 1666 1560
f 1562 1667 1561
f 1563 1668 1667
f 1563 1667 1562
f 1564 1669 1668
f 1564 1668 1563
f 1565 1670 1669
f 1565 1669 1564
f 1566 1671 1670
f 1566 1670 1565
f 1567 1672 1671
f 1567 1671 1566
f 1568 1673 1672
f 1568 1672 1567
f 1569 1674 1673
f 1569 1675 1674
f 1569 1673 1568
f 1570 1675 1569
f 1570 1676 1675
f 1571 1676 1570
f 1572 1677 1676
f 1572 1676 1571
f 1573 1678 1677
f 1573 1677 1572
f 1574 1679 1678
f 1574 1678 1573
f 1575 1680 1679
f 1575 1681 1680
f 1575 1679 1574
f 1576 1681 1575
f 1577 1682 1681
f 1577 1681 1576
f 1578 1682 1577
f 1578 1683 1682
f 1579 1683 1578
f 1579 1684 1683
f 1580 1684 1579
f 1580 1685 1684
f 1581 1685 1580
f 1581 1686 1685
f 1582 1686 1581
f 1582 1687 1686
f 1583 1687 1582
f 1583 1688 1687
f 1584 1688 1583
f 1584 1689 1688
f 1585 1689 1584
f 1585 1690 1689
f 1586 1690 1585
f 1586 1691 1690
f 1587 1691 1586
f 1587 1692 1691
f 1588 1692 1587
f 1588 1693 1692
f 1588 1694 1693
f 1589 1694 1588
f 1589 1695 1694
f 1590 1695 1589
f 1591 1695 1590
f 1591 1696 1695
f 1592 1696 1591
f 1592 1697 1696
f 1593 1697 1592
f 1593 1698 1697
f 1594 1698 1593
f 1594 1699 1698
f 1595 1700 1699
f 1595 1699 1594
f 1596 1701 1700
f 1596 1700 1595
f 1597 1702 1701
f 1597 1701 1596
f 1598 1703 1702
f 1598 1702 1597
f 1599 1704 1703
f 1599 1703 1598
f 1600 1705 1704
f 1600 1706 1705
f 1600 1704 1599
f 1601 1706 1600
f 1602 1706 1601
f 1602 1707 1706
f 1603 1707 1602
f 1603 1708 1707
f 1604 1708 1603
f 1604 1709 1708
f 1604 1710 1709
f 1605 1710 1604
f 1605 1711 1710
f 1606 1711 1605
f 1607 1711 1606
f 1607 1712 1711
f 1608 1712 1607
f 1608 1713 1712
f 1608 1714 1713
f 1609 1714 1608
f 1609 1715 1714
f 1610 1715 1609
f 1611 1715 1610
f 1611 1716 1715
f 1611 1717 1716
f 1612 1717 1611
f 1612 1718 1717
f 1613 1718 1612
f 1613 1719 1718
f 1614 1719 1613
f 1615 1719 1614
f 1615 1720 1719
f 1616 1720 1615
f 1616 1721 1720
f 1617 1721 1616
f 1617 1722 1721
f 1618 1722 1617
f 1618 1723 1722
f 1619 1723 1618
f 1619 1724 1723
f 1619 1725 1724
f 1620 1725 1619
f 1621 1725 1620
f 1621 1726 1725
f 1621 1727 1726
f 1622 1727 1621
f 1622 1728 1727
f 1623 1728 1622
f 1624 1728 1623
f 1624 1729 1728
f 1625 1730 1729
f 1625 1731 1730
f 1625 1729 1624
f 1626 1731 1625
f 1627 1731 1626
f 1627 1732 1731
f 1628 1732 1627
f 1628 1733 1732
f 1628 1734 1733
f 1629 1734 1628
f 1630 1735 1734
f 1630 1736 1735
f 1630 1734 1629
f 1631 1737 1736
f 1631 1736 1630
f 1632 1737 1631
f 1633 1738 1737
f 1633 1739 1738
f 1633 1737 1632
f 1634 1739 1633
f 1529 1528 1739
f 1529 1739 1634
f 1740 1741 1742
f 1740 1742 1743
f 1747 1745 1746
f 1744 1745 1747
f 1751 1749 1750
f 1748 1749 1751
f 1755 1753 1754
f 1752 1753 1755
f 1756 1757 1758
f 1756 1758 1759
f 1763 1761 1762
f 1760 1761 1763
f 1934 1830 1935
f 1934 1829 1830
f 1936 1935 1830
f 1936 1830 1831
f 1933 1828 1829
f 1933 1829 1934
f 1937 1831 1832
f 1937 1936 1831
f 1932 1827 1828
f 1932 1828 1933
f 1938 1937 1832
f 1938 1832 1833
f 1931 1827 1932
f 1931 1826 1827
f 1939 1833 1834
f 1939 1938 1833
f 1930 1825 1826
f 1930 1826 1931
f 1940 1939 1834
f 1940 1834 1835
f 1929 1824 1825
f 1929 1825 1930
f 1941 1835 1836
f 1941 1940 1835
f 1928 1823 1824
f 1928 1824 1929
f 1942 1941 1836
f 1942 1836 1837
f 1927 1823 1928
f 1927 1822 1823
f 1943 1837 1838
f 1943 1838 1839
f 1943 1942 1837
f 1926 1822 1927
f 1926 1821 1822
f 1944 1943 1839
f 1925 1821 1926
f 1925 1820 1821
f 1945 1839 1840
f 1945 1944 1839
f 1924 1820 1925
f 1924 1819 1820
f 1946 1945 1840
f 1946 1840 1841
f 1923 1819 1924
f 1923 1818 1819
f 1947 1841 1842
f 1947 1946 1841
f 1922 1818 1923
f 1922 1817 1818
f 1948 1947 1842
f 1948 1842 1843
f 1921 1817 1922
f 1921 1816 1817
f 1949 1948 1843
f 1949 1843 1844
f 1920 1816 1921
f 1920 1815 1816
f 1950 1949 1844
f 1950 1844 1845
f 1919 1814 1815
f 1919 1815 1920
f 1951 1950 1845
f 1951 1845 1846
f 1918 1814 1919
f 1918 1813 1814
f 1952 1951 1846
f 1952 1846 1847
f 1917 1812 1813
f 1917 1813 1918
f 1953 1952 1847
f 1953 1847 1848
f 1916 1811 1812
f 1916 1812 1917
f 1954 1953 1848
f 1954 1848 1849
f 1915 1810 1811
f 1915 1811 1916
f 1955 1954 1849
f 1955 1849 1850
f 1914 1810 1915
f 1914 1809 1810
f 1956 1955 1850
f 1956 1850 1851
f 1913 1808 1809
f 1913 1809 1914
f 1957 1956 1851
f 1957 1851 1852
f 1912 1807 1808
f 1912 1808 1913
f 1958 1852 1853
f 1958 1957 1852
f 1911 1807 1912
f 1911 1806 1807
f 1959 1958 1853
f 1959 1853 1854
f 1910 1805 1806
f 1910 1806 1911
f 1960 1959 1854
f 1960 1854 1855
f 1909 1805 1910
f 1909 1804 1805
f 1961 1960 1855
f 1856 1961 1855
f 1803 1909 1908
f 1803 1804 1909
f 1857 1961 1856
f 1857 1962 1961
f 1802 1803 1908
f 1802 1908 1907
f 1858 1962 1857
f 1858 1963 1962
f 1858 1964 1963
f 1801 1802 1907
f 1801 1907 1906
f 1859 1964 1858
f 1859 1965 1964
f 1800 1906 1905
f 1800 1801 1906
f 1860 1965 1859
f 1799 1905 1904
f 1799 1800 1905
f 1861 1966 1965
f 1861 1965 1860
f 1798 1904 1903
f 1798 1799 1904
f 1862 1967 1966
f 1862 1966 1861
f 1797 1903 1902
f 1797 1798 1903
f 1863 1968 1967
f 1863 1967 1862
f 1796 1902 1901
f 1796 1797 1902
f 1864 1969 1968
f 1864 1968 1863
f 1795 1796 1901
f 1795 1901 1900
f 1865 1970 1969
f 1865 1971 1970
f 1865 1969 1864
f 1794 1900 1899
f 1794 1795 1900
f 1866 1971 1865
f 1793 1898 1897
f 1793 1899 1898
f 1793 1794 1899
f 1867 1972 1971
f 1867 1971 1866
f 1792 1793 1897
f 1868 1973 1972
f 1868 1972 1867
f 1791 1896 1895
f 1791 1897 1896
f 1791 1792 1897
f 1764 1869 1973
f 1764 1973 1868
f 1790 1791 1895
f 1765 1870 1869
f 1765 1871 1870
f 1765 1869 1764
f 1789 1895 1894
f 1789 1790 1895
f 1766 1871 1765
f 1788 1894 1893
f 1788 1789 1894
f 1767 1872 1871
f 1767 1871 1766
f 1787 1893 1892
f 1787 1788 1893
f 1768 1873 1872
f 1768 1872 1767
f 1786 1892 1891
f 1786 1787 1892
f 1769 1874 1873
f 1769 1873 1768
f 1785 1891 1890
f 1785 1786 1891
f 1770 1875 1874
f 1770 1874 1769
f 1784 1890 1889
f 1784 1785 1890
f 1771 1876 1875
f 1771 1875 1770
f 1783 1889 1888
f 1783 1784 1889
f 1772 1877 1876
f 1772 1876 1771
f 1782 1783 1888
f 1782 1888 1887
f 1773 1877 1772
f 1773 1878 1877
f 1781 1782 1887
f 1781 1887 1886
f 1774 1879 1878
f 1774 1878 1773
f 1780 1781 1886
f 1780 1885 1884
f 1780 1886 1885
f 1775 1879 1774
f 1775 1880 1879
f 1779 1780 1884
f 1779 1884 1883
f 1776 1880 1775
f 1776 1881 1880
f 1778 1779 1883
f 1778 1883 1882
f 1777 1881 1776
f 1777 1882 1881
f 1777 1778 1882
f 2045 2046 1978
f 2047 1978 2046
f 2044 2045 1978
f 2048 1978 2047
f 2043 2044 1978
f 2049 1978 2048
f 2042 2043 1978
f 2050 1978 2049
f 2041 1978 1977
f 2041 2042 1978
f 2051 1978 2050
f 2040 2041 1977
f 2052 1978 2051
f 2039 2040 1977
f 2053 1978 2052
f 2038 2039 1977
f 2054 1978 2053
f 2037 2038 1977
f 2055 1978 2054
f 2036 2037 1977
f 2056 1978 2055
f 2035 2036 1977
f 2057 1978 2056
f 2034 2035 1977
f 2058 1978 2057
f 2033 2034 1977
f 2059 1978 2058
f 2032 2033 1977
f 2031 2032 1977
f 2030 2031 1977
f 1979 1978 2059
f 1979 2059 2060
f 1979 2060 2061
f 2062 1979 2061
f 2029 2030 1977
f 2063 1979 2062
f 2028 2029 1977
f 2064 1979 2063
f 2027 2028 1977
f 2065 1979 2064
f 2026 2027 1977
f 2066 1979 2065
f 2025 2026 1977
f 2067 1979 2066
f 2024 2025 1977
f 2068 1979 2067
f 2069 1979 2068
f 2070 1979 2069
f 2071 1979 2070
f 2072 1979 2071
f 2073 1979 2072
f 2074 1979 2073
f 2075 1979 2074
f 2076 1979 2075
f 1976 2010 2011
f 1976 2011 2012
f 1976 2012 2013
f 1976 2013 2014
f 1976 2014 2015
f 1976 2015 2016
f 1976 2016 2017
f 1976 2017 2018
f 1976 2018 2019
f 1976 2019 2020
f 1976 2020 2021
f 1976 2021 2022
f 1976 2022 2023
f 1976 2023 2024
f 1976 2024 1977
f 2009 2010 1976
f 2008 2009 1976
f 2007 2008 1976
f 2006 2007 1976
f 1974 2076 2077
f 1974 2077 2078
f 1974 2078 2079
f 1974 2079 2080
f 1974 2080 2081
f 1974 2081 2082
f 1974 1980 1981
f 1974 2082 2083
f 1974 1981 1982
f 1974 2083 2084
f 1974 1982 1983
f 1974 2084 1980
f 1974 1983 1984
f 1974 1984 1985
f 1974 1985 1986
f 1974 1986 1987
f 1974 1987 1988
f 1974 1988 1989
f 1974 1979 2076
f 1975 1989 1990
f 1975 1990 1991
f 1975 1991 1992
f 1975 1992 1993
f 1975 1993 1994
f 1975 1994 1995
f 1975 1995 1996
f 1975 1996 1997
f 1975 1997 1998
f 1975 1998 1999
f 1975 1999 2000
f 1975 2000 2001
f 1975 2001 2002
f 1975 2002 2003
f 1975 2003 2004
f 1975 2004 2005
f 1975 2005 2006
f 1975 1974 1989
f 1975 2006 1976
f 2088 2192 2087
f 2088 2193 2192
f 2089 2194 2193
f 2089 2193 2088
f 2090 2195 2194
f 2090 2194 2089
f 2091 2196 2195
f 2091 2195 2090
f 2092 2197 2196
f 2092 2198 2197
f 2092 2196 2091
f 2093 2198 2092
f 2094 2199 2198
f 2094 2200 2199
f 2094 2198 2093
f 2095 2200 2094
f 2096 2201 2200
f 2096 2200 2095
f 2097 2202 2201
f 2097 2201 2096
f 2098 2203 2202
f 2098 2202 2097
f 2099 2204 2203
f 2099 2205 2204
f 2099 2203 2098
f 2100 2205 2099
f 2101 2206 2205
f 2101 2205 2100
f 2102 2207 2206
f 2102 2206 2101
f 2103 2208 2207
f 2103 2207 2102
f 2104 2209 2208
f 2104 2208 2103
f 2105 2210 2209
f 2105 2209 2104
f 2106 2211 2210
f 2106 2210 2105
f 2107 2212 2211
f 2107 2211 2106
f 2108 2213 2212
f 2108 2212 2107
f 2109 2213 2108
f 2109 2214 2213
f 2110 2214 2109
f 2110 2215 2214
f 2111 2215 2110
f 2111 2216 2215
f 2111 2217 2216
f 2112 2217 2111
f 2113 2217 2112
f 2113 2218 2217
f 2114 2218 2113
f 2114 2219 2218
f 2115 2219 2114
f 2115 2220 2219
f 2116 2220 2115
f 2116 2221 2220
f 2117 2222 2221
f 2117 2221 2116
f 2118 2223 2222
f 2118 2222 2117
f 2118 2224 2223
f 2119 2224 2118
f 2120 2225 2224
f 2120 2224 2119
f 2121 2226 2225
f 2121 2225 2120
f 2122 2227 2226
f 2122 2226 2121
f 2123 2228 2227
f 2123 2227 2122
f 2124 2229 2228
f 2124 2230 2229
f 2124 2228 2123
f 2125 2230 2124
f 2125 2231 2230
f 2126 2231 2125
f 2127 2232 2231
f 2127 2233 2232
f 2127 2231 2126
f 2128 2233 2127
f 2129 2234 2233
f 2129 2233 2128
f 2130 2235 2234
f 2130 2236 2235
f 2130 2234 2129
f 2131 2236 2130
f 2132 2237 2236
f 2132 2238 2237
f 2132 2236 2131
f 2133 2238 2132
f 2134 2239 2238
f 2134 2238 2133
f 2135 2239 2134
f 2135 2240 2239
f 2136 2240 2135
f 2136 2241 2240
f 2137 2241 2136
f 2137 2242 2241
f 2138 2242 2137
f 2138 2243 2242
f 2139 2243 2138
f 2139 2244 2243
f 2139 2245 2244
f 2140 2245 2139
f 2141 2245 2140
f 2141 2246 2245
f 2141 2247 2246
f 2142 2247 2141
f 2143 2247 2142
f 2143 2248 2247
f 2143 2249 2248
f 2144 2249 2143
f 2145 2249 2144
f 2145 2250 2249
f 2145 2251 2250
f 2146 2251 2145
f 2147 2251 2146
f 2147 2252 2251
f 2148 2252 2147
f 2148 2253 2252
f 2149 2253 2148
f 2149 2254 2253
f 2150 2254 2149
f 2150 2255 2254
f 2150 2256 2255
f 2151 2256 2150
f 2152 2257 2256
f 2152 2256 2151
f 2152 2258 2257
f 2153 2258 2152
f 2154 2259 2258
f 2154 2260 2259
f 2154 2258 2153
f 2155 2260 2154
f 2156 2261 2260
f 2156 2260 2155
f 2157 2262 2261
f 2157 2263 2262
f 2157 2261 2156
f 2158 2264 2263
f 2158 2263 2157
f 2159 2264 2158
f 2160 2264 2159
f 2160 2265 2264
f 2160 2266 2265
f 2161 2266 2160
f 2162 2266 2161
f 2162 2267 2266
f 2162 2268 2267
f 2163 2268 2162
f 2164 2268 2163
f 2164 2269 2268
f 2165 2269 2164
f 2165 2270 2269
f 2165 2271 2270
f 2166 2271 2165
f 2167 2271 2166
f 2167 2272 2271
f 2168 2272 2167
f 2168 2273 2272
f 2169 2273 2168
f 2169 2274 2273
f 2169 2275 2274
f 2170 2275 2169
f 2171 2275 2170
f 2171 2276 2275
f 2171 2277 2276
f 2172 2277 2171
f 2173 2277 2172
f 2173 2278 2277
f 2174 2278 2173
f 2174 2279 2278
f 2174 2280 2279
f 2175 2280 2174
f 2176 2280 2175
f 2176 2281 2280
f 2176 2282 2281
f 2177 2282 2176
f 2178 2282 2177
f 2178 2283 2282
f 2179 2283 2178
f 2179 2284 2283
f 2179 2285 2284
f 2180 2285 2179
f 2181 2287 2286
f 2181 2285 2180
f 2181 2286 2285
f 2182 2287 2181
f 2183 2288 2287
f 2183 2289 2288
f 2183 2287 2182
f 2184 2289 2183
f 2185 2289 2184
f 2185 2290 2289
f 2186 2291 2290
f 2186 2292 2291
f 2186 2290 2185
f 2187 2292 2186
f 2188 2293 2292
f 2188 2292 2187
f 2189 2294 2293
f 2189 2293 2188
f 2190 2295 2294
f 2190 2296 2295
f 2190 2294 2189
f 2191 2296 2190
f 2086 2085 2296
f 2086 2296 2191
f 2298 2299 2297
f 2298 2300 2299
f 2317 2316 2315
f 2319 2318 2317
f 2319 2317 2315
f 2311 2313 2312
f 2321 2320 2319
f 2310 2314 2313
f 2310 2313 2311
f 2308 2310 2309
f 2324 2322 2321
f 2324 2323 2322
f 2326 2325 2324
f 2305 2307 2306
f 2327 2324 2321
f 2327 2326 2324
f 2303 2305 2304
f 2303 2308 2307
f 2303 2315 2314
f 2303 2321 2319
f 2303 2319 2315
f 2303 2310 2308
f 2303 2314 2310
f 2303 2307 2305
f 2329 2328 2327
f 2302 2327 2321
f 2302 2321 2303
f 2302 2329 2327
f 2510 2511 2302
f 2512 2302 2511
f 2509 2510 2302
f 2513 2302 2512
f 2508 2509 2302
f 2514 2302 2513
f 2507 2508 2302
f 2515 2302 2514
f 2506 2507 2302
f 2516 2302 2515
f 2505 2506 2302
f 2517 2302 2516
f 2504 2505 2302
f 2518 2302 2517
f 2503 2504 2302
f 2519 2302 2518
f 2520 2302 2519
f 2520 2329 2302
f 2417 2503 2302
f 2521 2329 2520
f 2524 2503 2417
f 2416 2417 2302
f 2522 2329 2521
f 2415 2416 2302
f 2523 2329 2522
f 2414 2415 2302
f 2502 2329 2523
f 2502 2330 2329
f 2413 2414 2302
f 2332 2331 2330
f 2335 2334 2333
f 2336 2333 2332
f 2336 2335 2333
f 2337 2336 2332
f 2338 2337 2332
f 2339 2332 2330
f 2339 2338 2332
f 2341 2340 2339
f 2341 2339 2330
f 2344 2343 2342
f 2346 2342 2341
f 2346 2345 2344
f 2346 2344 2342
f 2347 2346 2341
f 2349 2348 2347
f 2350 2341 2330
f 2350 2347 2341
f 2350 2349 2347
f 2351 2350 2330
f 2353 2352 2351
f 2353 2351 2330
f 2356 2354 2353
f 2356 2355 2354
f 2357 2353 2330
f 2357 2356 2353
f 2475 2330 2502
f 2476 2330 2475
f 2477 2330 2476
f 2478 2330 2477
f 2479 2330 2478
f 2479 2357 2330
f 2480 2357 2479
f 2481 2357 2480
f 2482 2357 2481
f 2483 2357 2482
f 2484 2357 2483
f 2485 2357 2484
f 2486 2357 2485
f 2487 2357 2486
f 2488 2357 2487
f 2489 2357 2488
f 2490 2357 2489
f 2491 2357 2490
f 2492 2357 2491
f 2493 2357 2492
f 2494 2357 2493
f 2495 2357 2494
f 2496 2357 2495
f 2497 2357 2496
f 2498 2357 2497
f 2499 2357 2498
f 2500 2357 2499
f 2501 2357 2500
f 2474 2357 2501
f 2424 2423 2419
f 2301 2418 2413
f 2301 2419 2420
f 2301 2420 2421
f 2301 2421 2422
f 2301 2422 2418
f 2301 2429 2430
f 2301 2430 2431
f 2301 2431 2432
f 2301 2432 2433
f 2301 2433 2434
f 2301 2434 2435
f 2301 2435 2436
f 2301 2436 2437
f 2301 2437 2438
f 2301 2438 2439
f 2301 2439 2440
f 2301 2440 2441
f 2301 2441 2442
f 2301 2442 2443
f 2301 2413 2302
f 2301 2443 2444
f 2301 2444 2445
f 2301 2445 2424
f 2301 2424 2419
f 2388 2301 2387
f 2390 2301 2388
f 2390 2388 2389
f 2391 2301 2390
f 2394 2301 2391
f 2394 2391 2392
f 2394 2392 2393
f 2395 2301 2394
f 2398 2301 2395
f 2398 2395 2396
f 2398 2396 2397
f 2399 2301 2398
f 2401 2399 2400
f 2403 2401 2402
f 2403 2399 2401
f 2406 2404 2405
f 2407 2403 2404
f 2407 2301 2399
f 2407 2399 2403
f 2407 2404 2406
f 2410 2408 2409
f 2411 2407 2408
f 2411 2408 2410
f 2412 2407 2411
f 2447 2357 2474
f 2386 2425 2426
f 2386 2426 2427
f 2386 2427 2428
f 2386 2428 2429
f 2386 2301 2407
f 2386 2407 2412
f 2386 2429 2301
f 2385 2446 2425
f 2385 2425 2386
f 2385 2470 2471
f 2385 2471 2472
f 2385 2472 2473
f 2385 2473 2446
f 2358 2447 2448
f 2358 2448 2449
f 2358 2449 2450
f 2358 2450 2451
f 2358 2451 2452
f 2358 2452 2453
f 2358 2453 2454
f 2358 2454 2455
f 2358 2455 2456
f 2358 2456 2457
f 2358 2457 2458
f 2358 2458 2459
f 2358 2459 2460
f 2358 2460 2461
f 2358 2461 2462
f 2358 2462 2463
f 2358 2463 2464
f 2358 2357 2447
f 2358 2464 2465
f 2358 2465 2466
f 2358 2466 2467
f 2358 2467 2468
f 2358 2470 2385
f 2358 2468 2469
f 2358 2469 2470
f 2384 2358 2385
f 2382 2384 2383
f 2362 2360 2359
f 2362 2361 2360
f 2380 2382 2381
f 2363 2362 2359
f 2363 2359 2358
f 2365 2363 2358
f 2365 2364 2363
f 2366 2365 2358
f 2377 2384 2382
f 2377 2382 2380
f 2377 2379 2378
f 2377 2380 2379
f 2367 2366 2358
f 2376 2384 2377
f 2368 2367 2358
f 2369 2368 2358
f 2374 2384 2376
f 2374 2376 2375
f 2373 2384 2374
f 2371 2369 2358
f 2371 2370 2369
f 2372 2358 2384
f 2372 2371 2358
f 2372 2384 2373
f 2555 2526 2525
f 2555 2525 2554
f 2556 2527 2526
f 2556 2526 2555
f 2557 2528 2527
f 2557 2527 2556
f 2558 2529 2528
f 2558 2528 2557
f 2559 2530 2529
f 2559 2531 2530
f 2559 2529 2558
f 2560 2531 2559
f 2561 2532 2531
f 2561 2531 2560
f 2562 2533 2532
f 2562 2532 2561
f 2563 2534 2533
f 2563 2533 2562
f 2564 2534 2563
f 2564 2535 2534
f 2565 2535 2564
f 2565 2536 2535
f 2565 2537 2536
f 2566 2537 2565
f 2567 2538 2537
f 2567 2537 2566
f 2567 2539 2538
f 2568 2539 2567
f 2569 2540 2539
f 2569 2539 2568
f 2570 2541 2540
f 2570 2540 2569
f 2571 2542 2541
f 2571 2541 2570
f 2572 2543 2542
f 2572 2542 2571
f 2573 2544 2543
f 2573 2543 2572
f 2574 2545 2544
f 2574 2544 2573
f 2575 2546 2545
f 2575 2545 2574
f 2576 2547 2546
f 2576 2546 2575
f 2577 2548 2547
f 2577 2547 2576
f 2578 2549 2548
f 2578 2548 2577
f 2579 2550 2549
f 2579 2551 2550
f 2579 2549 2578
f 2580 2551 2579
f 2553 2552 2551
f 2553 2551 2580
f 2611 2581 2582
f 2611 2610 2581
f 2612 2582 2583
f 2612 2611 2582
f 2613 2583 2584
f 2613 2612 2583
f 2614 2584 2585
f 2614 2613 2584
f 2615 2585 2586
f 2615 2586 2587
f 2615 2614 2585
f 2616 2615 2587
f 2617 2587 2588
f 2617 2616 2587
f 2618 2588 2589
f 2618 2617 2588
f 2619 2589 2590
f 2619 2618 2589
f 2620 2619 2590
f 2620 2590 2591
f 2621 2620 2591
f 2621 2591 2592
f 2621 2592 2593
f 2622 2621 2593
f 2623 2593 2594
f 2623 2622 2593
f 2623 2594 2595
f 2624 2623 2595
f 2625 2595 2596
f 2625 2624 2595
f 2626 2596 2597
f 2626 2625 2596
f 2627 2597 2598
f 2627 2626 2597
f 2628 2598 2599
f 2628 2627 2598
f 2629 2599 2600
f 2629 2628 2599
f 2630 2600 2601
f 2630 2629 2600
f 2631 2601 2602
f 2631 2630 2601
f 2632 2602 2603
f 2632 2631 2602
f 2633 2603 2604
f 2633 2632 2603
f 2634 2604 2605
f 2634 2633 2604
f 2635 2605 2606
f 2635 2606 2607
f 2635 2634 2605
f 2636 2635 2607
f 2609 2607 2608
f 2609 2636 2607
f 2863 2646 2647
f 2863 2647 2648
f 2863 2648 2649
f 2863 2649 2650
f 2863 2650 2651
f 2863 2651 2652
f 2863 2652 2653
f 2863 2653 2654
f 2863 2654 2655
f 2863 2655 2656
f 2863 2656 2657
f 2658 2863 2657
f 2645 2646 2863
f 2659 2863 2658
f 2644 2645 2863
f 2660 2863 2659
f 2643 2644 2863
f 2661 2863 2660
f 2642 2643 2863
f 2662 2863 2661
f 2641 2642 2863
f 2640 2641 2863
f 2663 2863 2662
f 2664 2863 2663
f 2639 2640 2863
f 2665 2863 2664
f 2638 2639 2863
f 2855 2854 2862
f 2856 2855 2862
f 2857 2856 2862
f 2858 2857 2862
f 2859 2858 2862
f 2666 2862 2665
f 2752 2864 2753
f 2860 2859 2862
f 2751 2864 2752
f 2861 2860 2862
f 2750 2864 2751
f 2840 2861 2862
f 2749 2864 2750
f 2668 2666 2667
f 2671 2669 2670
f 2672 2668 2669
f 2672 2669 2671
f 2673 2668 2672
f 2674 2668 2673
f 2675 2666 2668
f 2675 2668 2674
f 2677 2675 2676
f 2677 2666 2675
f 2680 2678 2679
f 2682 2677 2678
f 2682 2680 2681
f 2682 2678 2680
f 2683 2677 2682
f 2685 2683 2684
f 2686 2666 2677
f 2686 2677 2683
f 2686 2683 2685
f 2687 2666 2686
f 2689 2687 2688
f 2689 2666 2687
f 2692 2689 2690
f 2692 2690 2691
f 2693 2689 2692
f 2693 2666 2689
f 2813 2840 2862
f 2813 2862 2666
f 2814 2813 2666
f 2815 2814 2666
f 2816 2815 2666
f 2817 2666 2693
f 2817 2816 2666
f 2818 2817 2693
f 2819 2818 2693
f 2820 2819 2693
f 2821 2820 2693
f 2822 2821 2693
f 2823 2822 2693
f 2824 2823 2693
f 2825 2824 2693
f 2826 2825 2693
f 2827 2826 2693
f 2828 2827 2693
f 2829 2828 2693
f 2830 2829 2693
f 2831 2830 2693
f 2832 2831 2693
f 2833 2832 2693
f 2834 2833 2693
f 2835 2834 2693
f 2836 2835 2693
f 2837 2836 2693
f 2838 2837 2693
f 2839 2838 2693
f 2812 2839 2693
f 2754 2864 2749
f 2754 2759 2864
f 2758 2759 2754
f 2757 2759 2758
f 2756 2759 2757
f 2755 2759 2756
f 2760 2723 2637
f 2760 2724 2723
f 2760 2725 2724
f 2760 2726 2725
f 2760 2727 2726
f 2760 2728 2727
f 2760 2729 2728
f 2760 2730 2729
f 2760 2731 2730
f 2760 2732 2731
f 2733 2732 2760
f 2734 2733 2760
f 2735 2734 2760
f 2736 2735 2760
f 2737 2736 2760
f 2738 2737 2760
f 2739 2738 2760
f 2740 2739 2760
f 2741 2740 2760
f 2742 2741 2760
f 2743 2742 2760
f 2744 2743 2760
f 2745 2744 2760
f 2746 2745 2760
f 2747 2746 2760
f 2748 2747 2760
f 2785 2812 2693
f 2722 2748 2760
f 2761 2764 2763
f 2761 2765 2764
f 2761 2766 2765
f 2761 2767 2766
f 2761 2768 2767
f 2761 2769 2768
f 2761 2770 2769
f 2761 2771 2770
f 2761 2763 2784
f 2721 2722 2761
f 2721 2809 2808
f 2721 2810 2809
f 2721 2811 2810
f 2721 2784 2811
f 2721 2761 2784
f 2694 2785 2693
f 2694 2786 2785
f 2694 2787 2786
f 2694 2788 2787
f 2694 2789 2788
f 2694 2790 2789
f 2694 2791 2790
f 2694 2792 2791
f 2694 2793 2792
f 2694 2794 2793
f 2694 2795 2794
f 2694 2796 2795
f 2694 2797 2796
f 2694 2798 2797
f 2694 2799 2798
f 2694 2800 2799
f 2694 2801 2800
f 2694 2802 2801
f 2694 2803 2802
f 2694 2804 2803
f 2694 2805 2804
f 2694 2806 2805
f 2694 2807 2806
f 2694 2808 2807
f 2694 2721 2808
f 2720 2721 2694
f 2718 2719 2720
f 2698 2695 2696
f 2698 2696 2697
f 2716 2717 2718
f 2699 2695 2698
f 2699 2694 2695
f 2701 2694 2699
f 2701 2699 2700
f 2702 2694 2701
f 2713 2716 2718
f 2713 2718 2720
f 2713 2714 2715
f 2713 2715 2716
f 2703 2694 2702
f 2712 2713 2720
f 2704 2694 2703
f 2705 2694 2704
f 2710 2712 2720
f 2710 2711 2712
f 2709 2710 2720
f 2707 2705 2706
f 2707 2694 2705
f 2708 2720 2694
f 2708 2694 2707
f 2708 2709 2720
f 2637 2638 2864
f 2637 2864 2759
f 2759 2760 2637
f 2760 2761 2722
f 2761 2762 2783
f 2761 2783 2782
f 2761 2782 2781
f 2761 2781 2780
f 2761 2780 2779
f 2761 2779 2778
f 2761 2778 2777
f 2761 2777 2776
f 2761 2776 2775
f 2761 2775 2774
f 2761 2774 2773
f 2761 2773 2772
f 2761 2772 2771
f 2841 2862 2842
f 2842 2862 2843
f 2843 2862 2844
f 2844 2862 2845
f 2845 2862 2846
f 2846 2862 2847
f 2847 2862 2848
f 2848 2862 2849
f 2849 2862 2850
f 2850 2862 2851
f 2851 2862 2852
f 2852 2862 2853
f 2853 2862 2854
f 2862 2863 2665
f 2863 2864 2638
f 2868 2867 2865
f 2866 2868 2865
f 2899 2869 2870
f 2899 2898 2869
f 2900 2870 2871
f 2900 2899 2870
f 2901 2871 2872
f 2901 2900 2871
f 2902 2872 2873
f 2902 2901 2872
f 2903 2873 2874
f 2903 2874 2875
f 2903 2902 2873
f 2904 2903 2875
f 2905 2875 2876
f 2905 2876 2877
f 2905 2904 2875
f 2906 2905 2877
f 2907 2877 2878
f 2907 2906 2877
f 2908 2907 2878
f 2908 2878 2879
f 2909 2908 2879
f 2909 2879 2880
f 2910 2909 2880
f 2910 2880 2881
f 2911 2881 2882
f 2911 2910 2881
f 2912 2882 2883
f 2912 2911 2882
f 2913 2883 2884
f 2913 2884 2885
f 2913 2912 2883
f 2914 2913 2885
f 2915 2885 2886
f 2915 2914 2885
f 2916 2886 2887
f 2916 2887 2888
f 2916 2915 2886
f 2917 2916 2888
f 2918 2888 2889
f 2918 2917 2888
f 2919 2889 2890
f 2919 2890 2891
f 2919 2918 2889
f 2920 2891 2892
f 2920 2919 2891
f 2921 2920 2892
f 2922 2892 2893
f 2922 2893 2894
f 2922 2921 2892
f 2923 2922 2894
f 2924 2894 2895
f 2924 2923 2894
f 2897 2895 2896
f 2897 2924 2895
f 2926 2927 2925
f 2926 2928 2927
f 2959 2929 2930
f 2959 2958 2929
f 2960 2930 2931
f 2960 2959 2930
f 2961 2931 2932
f 2961 2960 2931
f 2962 2932 2933
f 2962 2933 2934
f 2962 2961 2932
f 2963 2962 2934
f 2964 2934 2935
f 2964 2963 2934
f 2965 2935 2936
f 2965 2964 2935
f 2966 2936 2937
f 2966 2937 2938
f 2966 2965 2936
f 2967 2966 2938
f 2968 2967 2938
f 2968 2938 2939
f 2969 2968 2939
f 2969 2939 2940
f 2970 2969 2940
f 2970 2940 2941
f 2970 2941 2942
f 2971 2970 2942
f 2972 2971 2942
f 2972 2942 2943
f 2973 2943 2944
f 2973 2972 2943
f 2974 2944 2945
f 2974 2973 2944
f 2975 2945 2946
f 2975 2974 2945
f 2976 2946 2947
f 2976 2975 2946
f 2977 2947 2948
f 2977 2976 2947
f 2978 2948 2949
f 2978 2949 2950
f 2978 2977 2948
f 2979 2978 2950
f 2980 2950 2951
f 2980 2979 2950
f 2981 2951 2952
f 2981 2980 2951
f 2982 2952 2953
f 2982 2981 2952
f 2983 2953 2954
f 2983 2954 2955
f 2983 2982 2953
f 2984 2983 2955
f 2957 2955 2956
f 2957 2984 2955
f 2988 2987 2985
f 2986 2988 2985
f 2996 2989 2990
f 2996 2991 2989
f 2997 2992 2991
f 2997 2991 2996
f 2998 2993 2992
f 2998 2992 2997
f 2995 2994 2993
f 2995 2993 2998
f 2999 3000 3001
f 2999 3001 3002
f 3012 3004 3003
f 3012 3003 3008
f 3011 3008 3007
f 3011 3012 3008
f 3010 3007 3006
f 3010 3011 3007
f 3009 3006 3005
f 3009 3010 3006
f 3015 3016 3017
f 3014 3013 3015
f 3018 3014 3015
f 3017 3018 3015
f 3021 3020 3019
f 3090 3022 3091
f 3092 3091 3022
f 3089 3022 3090
f 3093 3092 3022
f 3088 3022 3089
f 3094 3093 3022
f 3087 3022 3088
f 3095 3094 3022
f 3086 3022 3087
f 3096 3095 3022
f 3085 3022 3086
f 3097 3096 3022
f 3084 3022 3085
f 3098 3097 3022
f 3083 3022 3084
f 3082 3022 3083
f 3081 3022 3082
f 3080 3022 3081
f 3079 3022 3080
f 3078 3021 3022
f 3078 3022 3079
f 3077 3021 3078
f 3076 3021 3077
f 3075 3021 3076
f 3074 3021 3075
f 3073 3021 3074
f 3072 3021 3073
f 3071 3021 3072
f 3070 3021 3071
f 3069 3021 3070
f 3068 3021 3069
f 3067 3021 3068
f 3066 3021 3067
f 3065 3021 3066
f 3023 3098 3022
f 3023 3099 3098
f 3023 3100 3099
f 3023 3101 3100
f 3023 3102 3101
f 3023 3103 3102
f 3023 3104 3103
f 3023 3105 3104
f 3023 3106 3105
f 3023 3107 3106
f 3023 3108 3107
f 3023 3109 3108
f 3023 3110 3109
f 3023 3111 3110
f 3023 3112 3111
f 3023 3113 3112
f 3023 3114 3113
f 3023 3115 3114
f 3023 3116 3115
f 3117 3116 3023
f 3064 3021 3065
f 3118 3117 3023
f 3063 3021 3064
f 3119 3118 3023
f 3062 3021 3063
f 3120 3119 3023
f 3061 3021 3062
f 3121 3120 3023
f 3060 3021 3061
f 3122 3121 3023
f 3059 3021 3060
f 3123 3122 3023
f 3058 3021 3059
f 3124 3123 3023
f 3057 3021 3058
f 3125 3124 3023
f 3126 3125 3023
f 3127 3126 3023
f 3128 3127 3023
f 3129 3128 3023
f 3025 3129 3023
f 3024 3026 3025
f 3024 3027 3026
f 3024 3028 3027
f 3024 3029 3028
f 3024 3030 3029
f 3024 3031 3030
f 3024 3032 3031
f 3024 3033 3032
f 3024 3034 3033
f 3024 3035 3034
f 3024 3036 3035
f 3024 3037 3036
f 3024 3038 3037
f 3024 3039 3038
f 3024 3040 3039
f 3024 3041 3040
f 3024 3042 3041
f 3024 3043 3042
f 3024 3044 3043
f 3024 3045 3044
f 3024 3046 3045
f 3024 3047 3046
f 3024 3048 3047
f 3024 3049 3048
f 3024 3050 3049
f 3024 3051 3050
f 3024 3052 3051
f 3024 3053 3052
f 3024 3054 3053
f 3024 3055 3054
f 3024 3056 3055
f 3024 3057 3056
f 3024 3021 3057
f 3024 3025 3023
f 3024 3020 3021
f 3131 3130 3152
f 3173 3152 3151
f 3173 3131 3152
f 3172 3151 3150
f 3172 3173 3151
f 3171 3150 3149
f 3171 3172 3150
f 3170 3149 3148
f 3170 3171 3149
f 3169 3148 3147
f 3169 3170 3148
f 3168 3147 3146
f 3168 3169 3147
f 3167 3146 3145
f 3167 3168 3146
f 3166 3145 3144
f 3166 3167 3145
f 3165 3144 3143
f 3165 3166 3144
f 3164 3143 3142
f 3164 3165 3143
f 3163 3142 3141
f 3163 3164 3142
f 3162 3141 3140
f 3162 3163 3141
f 3161 3162 3140
f 3161 3140 3139
f 3160 3161 3139
f 3160 3139 3138
f 3159 3138 3137
f 3159 3160 3138
f 3158 3137 3136
f 3158 3159 3137
f 3157 3136 3135
f 3157 3158 3136
f 3156 3135 3134
f 3156 3157 3135
f 3155 3134 3133
f 3155 3156 3134
f 3154 3155 3133
f 3153 3133 3132
f 3153 3154 3133
f 3174 3175 3176
f 3174 3176 3177
f 3208 3178 3179
f 3208 3180 3178
f 3209 3181 3180
f 3209 3180 3208
f 3210 3182 3181
f 3210 3181 3209
f 3211 3183 3182
f 3211 3184 3183
f 3211 3182 3210
f 3212 3184 3211
f 3213 3185 3184
f 3213 3184 3212
f 3214 3186 3185
f 3214 3185 3213
f 3215 3187 3186
f 3215 3188 3187
f 3215 3186 3214
f 3216 3188 3215
f 3217 3188 3216
f 3217 3189 3188
f 3218 3189 3217
f 3218 3190 3189
f 3219 3190 3218
f 3219 3191 3190
f 3219 3192 3191
f 3220 3192 3219
f 3221 3192 3220
f 3221 3193 3192
f 3222 3194 3193
f 3222 3193 3221
f 3223 3195 3194
f 3223 3194 3222
f 3224 3196 3195
f 3224 3195 3223
f 3225 3197 3196
f 3225 3196 3224
f 3226 3198 3197
f 3226 3197 3225
f 3227 3199 3198
f 3227 3200 3199
f 3227 3198 3226
f 3228 3200 3227
f 3229 3201 3200
f 3229 3200 3228
f 3230 3202 3201
f 3230 3201 3229
f 3231 3203 3202
f 3231 3202 3230
f 3232 3204 3203
f 3232 3205 3204
f 3232 3203 3231
f 3233 3205 3232
f 3207 3206 3205
f 3207 3205 3233
f 3234 3235 3236
f 3234 3236 3237
f 3268 3238 3239
f 3268 3240 3238
f 3269 3241 3240
f 3269 3240 3268
f 3270 3242 3241
f 3270 3241 3269
f 3271 3243 3242
f 3271 3244 3243
f 3271 3242 3270
f 3272 3244 3271
f 3273 3245 3244
f 3273 3244 3272
f 3274 3246 3245
f 3274 3245 3273
f 3275 3247 3246
f 3275 3248 3247
f 3275 3246 3274
f 3276 3248 3275
f 3277 3248 3276
f 3277 3249 3248
f 3278 3249 3277
f 3278 3250 3249
f 3279 3250 3278
f 3279 3251 3250
f 3279 3252 3251
f 3280 3252 3279
f 3281 3252 3280
f 3281 3253 3252
f 3282 3254 3253
f 3282 3253 3281
f 3283 3255 3254
f 3283 3254 3282
f 3284 3256 3255
f 3284 3255 3283
f 3285 3257 3256
f 3285 3256 3284
f 3286 3258 3257
f 3286 3257 3285
f 3287 3259 3258
f 3287 3260 3259
f 3287 3258 3286
f 3288 3260 3287
f 3289 3261 3260
f 3289 3260 3288
f 3290 3262 3261
f 3290 3261 3289
f 3291 3263 3262
f 3291 3262 3290
f 3292 3264 3263
f 3292 3265 3264
f 3292 3263 3291
f 3293 3265 3292
f 3267 3266 3265
f 3267 3265 3293
f 3294 3295 3296
f 3294 3296 3297
f 3299 3300 3298
f 3322 3301 3300
f 3322 3300 3299
f 3323 3302 3301
f 3323 3301 3322
f 3324 3303 3302
f 3324 3302 3323
f 3325 3304 3303
f 3325 3303 3324
f 3326 3305 3304
f 3326 3304 3325
f 3327 3306 3305
f 3327 3305 3326
f 3328 3307 3306
f 3328 3306 3327
f 3329 3308 3307
f 3329 3307 3328
f 3330 3309 3308
f 3330 3308 3329
f 3331 3310 3309
f 3331 3309 3330
f 3332 3311 3310
f 3332 3310 3331
f 3333 3312 3311
f 3333 3311 3332
f 3334 3312 3333
f 3334 3313 3312
f 3335 3313 3334
f 3335 3314 3313
f 3336 3314 3335
f 3336 3315 3314
f 3337 3315 3336
f 3337 3316 3315
f 3338 3317 3316
f 3338 3316 3337
f 3339 3317 3338
f 3339 3318 3317
f 3340 3319 3318
f 3340 3318 3339
f 3341 3320 3319
f 3341 3319 3340
f 3321 3320 3341
f 3347 3343 3342
f 3413 3347 3414
f 3415 3414 3347
f 3412 3347 3413
f 3416 3415 3347
f 3411 3347 3412
f 3417 3416 3347
f 3410 3347 3411
f 3418 3417 3347
f 3409 3347 3410
f 3419 3418 3347
f 3408 3347 3409
f 3420 3419 3347
f 3407 3347 3408
f 3421 3420 3347
f 3406 3347 3407
f 3405 3347 3406
f 3404 3347 3405
f 3403 3347 3404
f 3402 3347 3403
f 3401 3347 3402
f 3400 3346 3347
f 3400 3347 3401
f 3399 3346 3400
f 3398 3346 3399
f 3397 3346 3398
f 3396 3346 3397
f 3395 3346 3396
f 3394 3346 3395
f 3393 3346 3394
f 3392 3346 3393
f 3391 3346 3392
f 3390 3346 3391
f 3389 3346 3390
f 3388 3346 3389
f 3344 3421 3347
f 3344 3422 3421
f 3344 3423 3422
f 3344 3424 3423
f 3344 3425 3424
f 3344 3426 3425
f 3344 3427 3426
f 3344 3428 3427
f 3344 3429 3428
f 3344 3430 3429
f 3344 3431 3430
f 3344 3432 3431
f 3344 3433 3432
f 3344 3434 3433
f 3344 3435 3434
f 3344 3436 3435
f 3344 3437 3436
f 3344 3438 3437
f 3344 3439 3438
f 3440 3439 3344
f 3387 3346 3388
f 3441 3440 3344
f 3386 3346 3387
f 3442 3441 3344
f 3385 3346 3386
f 3443 3442 3344
f 3384 3346 3385
f 3444 3443 3344
f 3383 3346 3384
f 3445 3444 3344
f 3382 3346 3383
f 3446 3445 3344
f 3381 3346 3382
f 3447 3446 3344
f 3380 3346 3381
f 3448 3447 3344
f 3449 3448 3344
f 3450 3449 3344
f 3451 3450 3344
f 3452 3451 3344
f 3348 3452 3344
f 3345 3349 3348
f 3345 3350 3349
f 3345 3351 3350
f 3345 3352 3351
f 3345 3353 3352
f 3345 3354 3353
f 3345 3355 3354
f 3345 3356 3355
f 3345 3357 3356
f 3345 3358 3357
f 3345 3359 3358
f 3345 3360 3359
f 3345 3361 3360
f 3345 3362 3361
f 3345 3363 3362
f 3345 3364 3363
f 3345 3365 3364
f 3345 3366 3365
f 3345 3367 3366
f 3345 3368 3367
f 3345 3369 3368
f 3345 3370 3369
f 3345 3371 3370
f 3345 3372 3371
f 3345 3373 3372
f 3345 3374 3373
f 3345 3375 3374
f 3345 3376 3375
f 3345 3377 3376
f 3345 3378 3377
f 3345 3379 3378
f 3345 3380 3379
f 3345 3346 3380
f 3345 3348 3344
f 3342 3344 3347
f 3455 3457 3456
f 3454 3455 3453
f 3458 3455 3454
f 3457 3455 3458
f 3528 3529 3461
f 3530 3461 3529
f 3527 3528 3461
f 3531 3461 3530
f 3526 3527 3461
f 3532 3461 3531
f 3525 3526 3461
f 3533 3461 3532
f 3524 3525 3461
f 3534 3461 3533
f 3523 3524 3461
f 3535 3461 3534
f 3522 3523 3461
f 3536 3461 3535
f 3521 3522 3461
f 3520 3521 3461
f 3519 3520 3461
f 3518 3519 3461
f 3517 3518 3461
f 3516 3517 3461
f 3515 3461 3459
f 3515 3516 3461
f 3514 3515 3459
f 3513 3514 3459
f 3512 3513 3459
f 3511 3512 3459
f 3510 3511 3459
f 3509 3510 3459
f 3508 3509 3459
f 3507 3508 3459
f 3506 3507 3459
f 3505 3506 3459
f 3504 3505 3459
f 3503 3504 3459
f 3462 3461 3536
f 3462 3536 3537
f 3462 3537 3538
f 3462 3538 3539
f 3462 3539 3540
f 3462 3540 3541
f 3462 3541 3542
f 3462 3542 3543
f 3462 3543 3544
f 3462 3544 3545
f 3462 3545 3546
f 3462 3546 3547
f 3462 3547 3548
f 3462 3548 3549
f 3462 3549 3550
f 3462 3550 3551
f 3462 3551 3552
f 3462 3552 3553
f 3462 3553 3554
f 3555 3462 3554
f 3502 3503 3459
f 3556 3462 3555
f 3501 3502 3459
f 3557 3462 3556
f 3500 3501 3459
f 3558 3462 3557
f 3499 3500 3459
f 3559 3462 3558
f 3498 3499 3459
f 3560 3462 3559
f 3497 3498 3459
f 3561 3462 3560
f 3562 3462 3561
f 3563 3462 3562
f 3564 3462 3563
f 3565 3462 3564
f 3566 3462 3565
f 3567 3462 3566
f 3463 3462 3567
f 3460 3463 3464
f 3460 3464 3465
f 3460 3465 3466
f 3460 3466 3467
f 3460 3467 3468
f 3460 3468 3469
f 3460 3469 3470
f 3460 3470 3471
f 3460 3471 3472
f 3460 3472 3473
f 3460 3473 3474
f 3460 3474 3475
f 3460 3475 3476
f 3460 3476 3477
f 3460 3477 3478
f 3460 3478 3479
f 3460 3479 3480
f 3460 3480 3481
f 3460 3481 3482
f 3460 3482 3483
f 3460 3483 3484
f 3460 3484 3485
f 3460 3485 3486
f 3460 3486 3487
f 3460 3487 3488
f 3460 3488 3489
f 3460 3489 3490
f 3460 3490 3491
f 3460 3491 3492
f 3460 3492 3493
f 3460 3493 3494
f 3460 3462 3463
f 3460 3494 3459
f 3494 3495 3459
f 3495 3496 3459
f 3496 3497 3459
f 3571 3569 3568
f 3571 3568 3570
f 3575 3572 3573
f 3575 3574 3572
f 3645 3646 3578
f 3647 3578 3646
f 3644 3645 3578
f 3648 3578 3647
f 3643 3644 3578
f 3649 3578 3648
f 3642 3643 3578
f 3650 3578 3649
f 3641 3642 3578
f 3651 3578 3650
f 3640 3641 3578
f 3652 3578 3651
f 3639 3640 3578
f 3653 3578 3652
f 3638 3639 3578
f 3637 3638 3578
f 3636 3637 3578
f 3635 3636 3578
f 3634 3635 3578
f 3633 3634 3578
f 3632 3578 3576
f 3632 3633 3578
f 3631 3632 3576
f 3630 3631 3576
f 3629 3630 3576
f 3628 3629 3576
f 3627 3628 3576
f 3626 3627 3576
f 3625 3626 3576
f 3624 3625 3576
f 3623 3624 3576
f 3622 3623 3576
f 3621 3622 3576
f 3620 3621 3576
f 3579 3578 3653
f 3579 3653 3654
f 3579 3654 3655
f 3579 3655 3656
f 3579 3656 3657
f 3579 3657 3658
f 3579 3658 3659
f 3579 3659 3660
f 3579 3660 3661
f 3579 3661 3662
f 3579 3662 3663
f 3579 3663 3664
f 3579 3664 3665
f 3579 3665 3666
f 3579 3666 3667
f 3579 3667 3668
f 3579 3668 3669
f 3579 3669 3670
f 3579 3670 3671
f 3672 3579 3671
f 3619 3620 3576
f 3673 3579 3672
f 3618 3619 3576
f 3674 3579 3673
f 3617 3618 3576
f 3675 3579 3674
f 3616 3617 3576
f 3676 3579 3675
f 3615 3616 3576
f 3677 3579 3676
f 3614 3615 3576
f 3678 3579 3677
f 3679 3579 3678
f 3680 3579 3679
f 3681 3579 3680
f 3682 3579 3681
f 3683 3579 3682
f 3684 3579 3683
f 3580 3579 3684
f 3577 3580 3581
f 3577 3581 3582
f 3577 3582 3583
f 3577 3583 3584
f 3577 3584 3585
f 3577 3585 3586
f 3577 3586 3587
f 3577 3587 3588
f 3577 3588 3589
f 3577 3589 3590
f 3577 3590 3591
f 3577 3591 3592
f 3577 3592 3593
f 3577 3593 3594
f 3577 3594 3595
f 3577 3595 3596
f 3577 3596 3597
f 3577 3597 3598
f 3577 3598 3599
f 3577 3599 3600
f 3577 3600 3601
f 3577 3601 3602
f 3577 3602 3603
f 3577 3603 3604
f 3577 3604 3605
f 3577 3605 3606
f 3577 3606 3607
f 3577 3607 3608
f 3577 3608 3609
f 3577 3609 3610
f 3577 3610 3611
f 3577 3579 3580
f 3577 3611 3576
f 3611 3612 3576
f 3612 3613 3576
f 3613 3614 3576
f 3686 3685 3687
f 3686 3687 3688
f 3690 3795 3689
f 3690 3796 3795
f 3691 3797 3796
f 3691 3796 3690
f 3692 3798 3797
f 3692 3797 3691
f 3693 3799 3798
f 3693 3798 3692
f 3694 3800 3799
f 3694 3801 3800
f 3694 3799 3693
f 3695 3801 3694
f 3696 3802 3801
f 3696 3801 3695
f 3697 3803 3802
f 3697 3802 3696
f 3698 3804 3803
f 3698 3803 3697
f 3699 3805 3804
f 3699 3804 3698
f 3700 3806 3805
f 3700 3805 3699
f 3701 3807 3806
f 3701 3806 3700
f 3702 3808 3807
f 3702 3807 3701
f 3703 3809 3808
f 3703 3808 3702
f 3704 3810 3809
f 3704 3809 3703
f 3705 3811 3810
f 3705 3810 3704
f 3706 3812 3811
f 3706 3813 3812
f 3706 3811 3705
f 3707 3813 3706
f 3708 3814 3813
f 3708 3813 3707
f 3709 3815 3814
f 3709 3814 3708
f 3710 3816 3815
f 3710 3817 3816
f 3710 3815 3709
f 3711 3817 3710
f 3711 3818 3817
f 3712 3818 3711
f 3713 3818 3712
f 3713 3819 3818
f 3714 3819 3713
f 3714 3820 3819
f 3715 3820 3714
f 3715 3821 3820
f 3716 3821 3715
f 3716 3822 3821
f 3716 3823 3822
f 3717 3823 3716
f 3717 3824 3823
f 3718 3824 3717
f 3719 3824 3718
f 3719 3825 3824
f 3719 3826 3825
f 3720 3827 3826
f 3720 3826 3719
f 3721 3827 3720
f 3722 3828 3827
f 3722 3827 3721
f 3723 3829 3828
f 3723 3830 3829
f 3723 3828 3722
f 3724 3830 3723
f 3725 3831 3830
f 3725 3830 3724
f 3726 3832 3831
f 3726 3831 3725
f 3727 3833 3832
f 3727 3832 3726
f 3728 3834 3833
f 3728 3833 3727
f 3729 3835 3834
f 3729 3834 3728
f 3730 3836 3835
f 3730 3835 3729
f 3731 3837 3836
f 3731 3836 3730
f 3732 3838 3837
f 3732 3837 3731
f 3733 3839 3838
f 3733 3838 3732
f 3734 3840 3839
f 3734 3839 3733
f 3735 3841 3840
f 3735 3840 3734
f 3736 3842 3841
f 3736 3841 3735
f 3737 3842 3736
f 3737 3843 3842
f 3737 3844 3843
f 3738 3844 3737
f 3739 3844 3738
f 3739 3845 3844
f 3740 3845 3739
f 3740 3846 3845
f 3741 3846 3740
f 3741 3847 3846
f 3742 3847 3741
f 3742 3848 3847
f 3743 3848 3742
f 3743 3849 3848
f 3744 3849 3743
f 3744 3850 3849
f 3745 3850 3744
f 3745 3851 3850
f 3745 3852 3851
f 3746 3852 3745
f 3747 3852 3746
f 3747 3853 3852
f 3748 3853 3747
f 3748 3854 3853
f 3749 3854 3748
f 3749 3855 3854
f 3750 3855 3749
f 3750 3856 3855
f 3751 3856 3750
f 3751 3857 3856
f 3752 3857 3751
f 3752 3858 3857
f 3753 3858 3752
f 3753 3859 3858
f 3754 3860 3859
f 3754 3859 3753
f 3755 3861 3860
f 3755 3862 3861
f 3755 3860 3754
f 3756 3862 3755
f 3757 3863 3862
f 3757 3862 3756
f 3758 3864 3863
f 3758 3865 3864
f 3758 3863 3757
f 3759 3865 3758
f 3760 3866 3865
f 3760 3865 3759
f 3761 3866 3760
f 3761 3867 3866
f 3762 3867 3761
f 3762 3868 3867
f 3763 3868 3762
f 3763 3869 3868
f 3764 3869 3763
f 3764 3870 3869
f 3765 3870 3764
f 3765 3871 3870
f 3766 3871 3765
f 3766 3872 3871
f 3767 3872 3766
f 3767 3873 3872
f 3768 3873 3767
f 3768 3874 3873
f 3769 3874 3768
f 3769 3875 3874
f 3770 3875 3769
f 3770 3876 3875
f 3771 3876 3770
f 3771 3877 3876
f 3772 3877 3771
f 3772 3878 3877
f 3773 3878 3772
f 3773 3879 3878
f 3774 3879 3773
f 3774 3880 3879
f 3775 3880 3774
f 3775 3881 3880
f 3776 3881 3775
f 3776 3882 3881
f 3777 3882 3776
f 3777 3883 3882
f 3778 3883 3777
f 3778 3884 3883
f 3779 3884 3778
f 3779 3885 3884
f 3780 3885 3779
f 3780 3886 3885
f 3781 3886 3780
f 3781 3887 3886
f 3782 3887 3781
f 3782 3888 3887
f 3783 3888 3782
f 3783 3889 3888
f 3784 3889 3783
f 3784 3890 3889
f 3785 3891 3890
f 3785 3890 3784
f 3786 3892 3891
f 3786 3891 3785
f 3787 3892 3786
f 3787 3893 3892
f 3788 3894 3893
f 3788 3893 3787
f 3789 3895 3894
f 3789 3894 3788
f 3790 3896 3895
f 3790 3895 3789
f 3791 3897 3896
f 3791 3896 3790
f 3792 3898 3897
f 3792 3899 3898
f 3792 3897 3791
f 3793 3899 3792
f 3794 3900 3899
f 3794 3899 3793
f 3902 3901 3903
f 3902 3903 3904
f 3906 4011 3905
f 3906 4012 4011
f 3907 4013 4012
f 3907 4012 3906
f 3908 4014 4013
f 3908 4013 3907
f 3909 4015 4014
f 3909 4014 3908
f 3910 4016 4015
f 3910 4017 4016
f 3910 4015 3909
f 3911 4017 3910
f 3912 4018 4017
f 3912 4017 3911
f 3913 4019 4018
f 3913 4018 3912
f 3914 4020 4019
f 3914 4019 3913
f 3915 4021 4020
f 3915 4020 3914
f 3916 4022 4021
f 3916 4021 3915
f 3917 4023 4022
f 3917 4022 3916
f 3918 4024 4023
f 3918 4023 3917
f 3919 4025 4024
f 3919 4024 3918
f 3920 4026 4025
f 3920 4025 3919
f 3921 4027 4026
f 3921 4026 3920
f 3922 4028 4027
f 3922 4029 4028
f 3922 4027 3921
f 3923 4029 3922
f 3924 4030 4029
f 3924 4029 3923
f 3925 4031 4030
f 3925 4030 3924
f 3926 4032 4031
f 3926 4033 4032
f 3926 4031 3925
f 3927 4033 3926
f 3927 4034 4033
f 3928 4034 3927
f 3929 4034 3928
f 3929 4035 4034
f 3930 4035 3929
f 3930 4036 4035
f 3931 4036 3930
f 3931 4037 4036
f 3932 4037 3931
f 3932 4038 4037
f 3932 4039 4038
f 3933 4039 3932
f 3933 4040 4039
f 3934 4040 3933
f 3935 4040 3934
f 3935 4041 4040
f 3935 4042 4041
f 3936 4043 4042
f 3936 4042 3935
f 3937 4043 3936
f 3938 4044 4043
f 3938 4043 3937
f 3939 4045 4044
f 3939 4046 4045
f 3939 4044 3938
f 3940 4046 3939
f 3941 4047 4046
f 3941 4046 3940
f 3942 4048 4047
f 3942 4047 3941
f 3943 4049 4048
f 3943 4048 3942
f 3944 4050 4049
f 3944 4049 3943
f 3945 4051 4050
f 3945 4050 3944
f 3946 4052 4051
f 3946 4051 3945
f 3947 4053 4052
f 3947 4052 3946
f 3948 4054 4053
f 3948 4053 3947
f 3949 4055 4054
f 3949 4054 3948
f 3950 4056 4055
f 3950 4055 3949
f 3951 4057 4056
f 3951 4056 3950
f 3952 4058 4057
f 3952 4057 3951
f 3953 4058 3952
f 3953 4059 4058
f 3953 4060 4059
f 3954 4060 3953
f 3955 4060 3954
f 3955 4061 4060
f 3956 4061 3955
f 3956 4062 4061
f 3957 4062 3956
f 3957 4063 4062
f 3958 4063 3957
f 3958 4064 4063
f 3959 4064 3958
f 3959 4065 4064
f 3960 4065 3959
f 3960 4066 4065
f 3961 4066 3960
f 3961 4067 4066
f 3961 4068 4067
f 3962 4068 3961
f 3963 4068 3962
f 3963 4069 4068
f 3964 4069 3963
f 3964 4070 4069
f 3965 4070 3964
f 3965 4071 4070
f 3966 4071 3965
f 3966 4072 4071
f 3967 4072 3966
f 3967 4073 4072
f 3968 4073 3967
f 3968 4074 4073
f 3969 4074 3968
f 3969 4075 4074
f 3970 4076 4075
f 3970 4075 3969
f 3971 4077 4076
f 3971 4078 4077
f 3971 4076 3970
f 3972 4078 3971
f 3973 4079 4078
f 3973 4078 3972
f 3974 4080 4079
f 3974 4081 4080
f 3974 4079 3973
f 3975 4081 3974
f 3976 4082 4081
f 3976 4081 3975
f 3977 4082 3976
f 3977 4083 4082
f 3978 4083 3977
f 3978 4084 4083
f 3979 4084 3978
f 3979 4085 4084
f 3980 4085 3979
f 3980 4086 4085
f 3981 4086 3980
f 3981 4087 4086
f 3982 4087 3981
f 3982 4088 4087
f 3983 4088 3982
f 3983 4089 4088
f 3984 4089 3983
f 3984 4090 4089
f 3985 4090 3984
f 3985 4091 4090
f 3986 4091 3985
f 3986 4092 4091
f 3987 4092 3986
f 3987 4093 4092
f 3988 4093 3987
f 3988 4094 4093
f 3989 4094 3988
f 3989 4095 4094
f 3990 4095 3989
f 3990 4096 4095
f 3991 4096 3990
f 3991 4097 4096
f 3992 4097 3991
f 3992 4098 4097
f 3993 4098 3992
f 3993 4099 4098
f 3994 4099 3993
f 3994 4100 4099
f 3995 4100 3994
f 3995 4101 4100
f 3996 4101 3995
f 3996 4102 4101
f 3997 4102 3996
f 3997 4103 4102
f 3998 4103 3997
f 3998 4104 4103
f 3999 4104 3998
f 3999 4105 4104
f 4000 4105 3999
f 4000 4106 4105
f 4001 4107 4106
f 4001 4106 4000
f 4002 4108 4107
f 4002 4107 4001
f 4003 4108 4002
f 4003 4109 4108
f 4004 4110 4109
f 4004 4109 4003
f 4005 4111 4110
f 4005 4110 4004
f 4006 4112 4111
f 4006 4111 4005
f 4007 4113 4112
f 4007 4112 4006
f 4008 4114 4113
f 4008 4115 4114
f 4008 4113 4007
f 4009 4115 4008
f 4010 4116 4115
f 4010 4115 4009
