v -0.0315 0.05712530447 0.105882235445
v -0.0315 0.100628078248 0.126167912008
v -0.0315 0.058815777517 0.102257004297
v -0.0315 0.102318551295 0.12254268086
v -0.0315 0.05712530447 0.105882235445
v -0.0315 0.100628078248 0.126167912008
v -0.0314949244748 0.0569672131364 0.105808516245
v -0.0314797150732 0.0568096567338 0.105735046488
v -0.031454423259 0.0566531683832 0.105662074772
v -0.0314191346117 0.0564982775916 0.105589848009
v -0.0313739685369 0.0563455084606 0.105518610594
v -0.0313190778624 0.0561953779124 0.105448603569
v -0.0312546483206 0.0560483939413 0.105380063818
v -0.031180897921 0.0559050538946 0.105313223257
v -0.0310980762114 0.0557658427895 0.105248308052
v -0.0310064634342 0.0556312316724 0.105185537857
v -0.0309063695783 0.0555016760248 0.105125125067
v -0.0307981333294 0.0553776142218 0.105067274098
v -0.0306821209247 0.0552594660495 0.1050121807
v -0.0305587249136 0.0551476312837 0.104960031293
v -0.0304283628291 0.055042488338 0.104911002332
v -0.0302914757751 0.0549443929828 0.104865259716
v -0.0301485269342 0.0548536771417 0.104822958225
v -0.03 0.0547706477684 0.104784240992
v -0.0298463975406 0.054695585808 0.104749239025
v -0.0296882392981 0.0546287452465 0.10471807076
v -0.02952606043 0.0545703522511 0.104690841659
v -0.0293604096981 0.0545206044053 0.104667643857
v -0.0291918476122 0.05447967004 0.104648555849
v -0.029020944533 0.0544476876642 0.104633642223
v -0.0288482787424 0.054424765496 0.10462295344
v -0.0286744344867 0.0544109810969 0.104616525669
v -0.0285 0.0544063811089 0.10461438066
v 0.0285 0.0544063811089 0.10461438066
v 0.0315 0.05712530447 0.105882235445
v 0.0314949244748 0.0569672131364 0.105808516245
v 0.0314797150732 0.0568096567338 0.105735046488
v 0.031454423259 0.0566531683832 0.105662074772
v 0.0314191346117 0.0564982775916 0.105589848009
v 0.0313739685369 0.0563455084606 0.105518610594
v 0.0313190778624 0.0561953779124 0.105448603569
v 0.0312546483206 0.0560483939413 0.105380063818
v 0.031180897921 0.0559050538946 0.105313223257
v 0.0310980762114 0.0557658427895 0.105248308052
v 0.0310064634342 0.0556312316724 0.105185537857
v 0.0309063695783 0.0555016760248 0.105125125067
v 0.0307981333294 0.0553776142218 0.105067274098
v 0.0306821209247 0.0552594660495 0.1050121807
v 0.0305587249136 0.0551476312837 0.104960031293
v 0.0304283628291 0.055042488338 0.104911002332
v 0.0302914757751 0.0549443929828 0.104865259716
v 0.0301485269342 0.0548536771417 0.104822958225
v 0.03 0.0547706477684 0.104784240992
v 0.0298463975406 0.054695585808 0.104749239025
v 0.0296882392981 0.0546287452465 0.10471807076
v 0.02952606043 0.0545703522511 0.104690841659
v 0.0293604096981 0.0545206044053 0.104667643857
v 0.0291918476122 0.05447967004 0.104648555849
v 0.029020944533 0.0544476876642 0.104633642223
v 0.0288482787424 0.054424765496 0.10462295344
v 0.0286744344867 0.0544109810969 0.104616525669
v 0.0315 0.100628078248 0.126167912008
v 0.0314949244748 0.100786169581 0.126241631208
v 0.0314797150732 0.100943725984 0.126315100965
v 0.031454423259 0.101100214335 0.126388072681
v 0.0314191346117 0.101255105126 0.126460299444
v 0.0313739685369 0.101407874257 0.126531536859
v 0.0313190778624 0.101558004805 0.126601543884
v 0.0312546483206 0.101704988777 0.126670083635
v 0.031180897921 0.101848328823 0.126736924197
v 0.0310980762114 0.101987539928 0.126801839401
v 0.0310064634342 0.102122151045 0.126864609596
v 0.0309063695783 0.102251706693 0.126925022386
v 0.0307981333294 0.102375768496 0.126982873355
v 0.0306821209247 0.102493916668 0.127037966753
v 0.0305587249136 0.102605751434 0.12709011616
v 0.0304283628291 0.10271089438 0.127139145121
v 0.0302914757751 0.102808989735 0.127184887737
v 0.0301485269342 0.102899705576 0.127227189228
v 0.03 0.102982734949 0.127265906461
v 0.0298463975406 0.10305779691 0.127300908428
v 0.0296882392981 0.103124637471 0.127332076693
v 0.02952606043 0.103183030467 0.127359305794
v 0.0293604096981 0.103232778313 0.127382503596
v 0.0291918476122 0.103273712678 0.127401591604
v 0.029020944533 0.103305695054 0.12741650523
v 0.0288482787424 0.103328617222 0.127427194013
v 0.0286744344867 0.103342401621 0.127433621784
v 0.0285 0.103347001609 0.127435766794
v -0.0285 0.103347001609 0.127435766794
v -0.0314949244748 0.100786169581 0.126241631208
v -0.0314797150732 0.100943725984 0.126315100965
v -0.031454423259 0.101100214335 0.126388072681
v -0.0314191346117 0.101255105126 0.126460299444
v -0.0313739685369 0.101407874257 0.126531536859
v -0.0313190778624 0.101558004805 0.126601543884
v -0.0312546483206 0.101704988777 0.126670083635
v -0.031180897921 0.101848328823 0.126736924197
v -0.0310980762114 0.101987539928 0.126801839401
v -0.0310064634342 0.102122151045 0.126864609596
v -0.0309063695783 0.102251706693 0.126925022386
v -0.0307981333294 0.102375768496 0.126982873355
v -0.0306821209247 0.102493916668 0.127037966753
v -0.0305587249136 0.102605751434 0.12709011616
v -0.0304283628291 0.10271089438 0.127139145121
v -0.0302914757751 0.102808989735 0.127184887737
v -0.0301485269342 0.102899705576 0.127227189228
v -0.03 0.102982734949 0.127265906461
v -0.0298463975406 0.10305779691 0.127300908428
v -0.0296882392981 0.103124637471 0.127332076693
v -0.02952606043 0.103183030467 0.127359305794
v -0.0293604096981 0.103232778313 0.127382503596
v -0.0291918476122 0.103273712678 0.127401591604
v -0.029020944533 0.103305695054 0.12741650523
v -0.0288482787424 0.103328617222 0.127427194013
v -0.0286744344867 0.103342401621 0.127433621784
v -0.0248 0.0634694589793 0.108840563277
v -0.0248030427794 0.063561600629 0.108883529634
v -0.0248121602252 0.0636534124355 0.108926342182
v -0.0248273196994 0.0637445657364 0.108968847665
v -0.0248484669349 0.0638347342265 0.109010893922
v -0.0248755262302 0.063923595126 0.10905233044
v -0.0249084007199 0.064010830336 0.109093008886
v -0.024946972722 0.064096127577 0.109132783643
v -0.0249911041587 0.0641791815071 0.109171512327
v -0.0250406370509 0.0642596948147 0.109209056299
v -0.0250953940837 0.0643373792832 0.109245281161
v -0.0251551792411 0.0644119568222 0.109280057239
v -0.0252197785078 0.0644831604635 0.109313260042
v -0.0252889606352 0.0645507353166 0.109344770714
v -0.0253624779692 0.0646144394811 0.109374476453
v -0.0254400673368 0.0646740449125 0.109402270922
v -0.0255214509883 0.0647293382389 0.109428054624
v -0.0256063375913 0.0647801215246 0.109451735259
v -0.0256944232738 0.0648262129785 0.109473228057
v -0.0257853927119 0.0648674476052 0.109492456079
v -0.0258789202586 0.0649036777954 0.109509350494
v -0.0259746711096 0.0649347738546 0.109523850825
v -0.0260723025016 0.0649606244668 0.109535905163
v -0.0261714649397 0.0649811370935 0.109545470358
v -0.0262718034481 0.0649962383049 0.109552512169
v -0.0263729588409 0.0650058740426 0.109557005387
v -0.0264745690081 0.0650100098131 0.109558933929
v -0.0265762702116 0.0650086308115 0.109558290889
v -0.0266776983876 0.0650017419742 0.109555078572
v -0.0267784904494 0.0649893679614 0.109549308475
v -0.0268782855877 0.0649715530689 0.109541001254
v -0.0269767265618 0.0649483610695 0.109530186647
v -0.0270734609786 0.0649198749844 0.109516903368
v -0.0271681425538 0.0648861967864 0.109501198966
v -0.0272604323521 0.0648474470348 0.10948312966
v -0.02735 0.0648037644436 0.109462760133
v -0.0274365248685 0.0647553053851 0.109440163303
v -0.027519697221 0.0647022433302 0.109415420061
v -0.0275992193221 0.0646447682273 0.10938861898
v -0.0276748065033 0.0645830858223 0.109359856002
v -0.0277461881821 0.0645174169222 0.109329234091
v -0.0278131088307 0.0644479966047 0.109296862865
v -0.0278753288904 0.0643750733764 0.109262858206
v -0.0279326256297 0.0642989082837 0.10922734184
v -0.027984793941 0.0642197739777 0.109190440907
v -0.0280316470754 0.0641379537387 0.109152287503
v -0.0280730173108 0.064053740462 0.109113018207
v -0.0281087565525 0.0639674356093 0.109072773593
v -0.0281387368632 0.0638793481294 0.109031697727
v -0.0281628509212 0.0637897933528 0.108989937648
v -0.0281810124046 0.0636990918622 0.108947642849
v -0.0281931562998 0.0636075683456 0.108904964732
v -0.0281992391349 0.0635155504332 0.108862056075
v -0.0281992391349 0.0634233675254 0.108819070479
v -0.0281931562998 0.063331349613 0.108776161822
v -0.0281810124046 0.0632398260964 0.108733483705
v -0.0281628509212 0.0631491246058 0.108691188905
v -0.0281387368632 0.0630595698292 0.108649428827
v -0.0281087565525 0.0629714823493 0.108608352961
v -0.0280730173108 0.0628851774966 0.108568108347
v -0.0280316470754 0.0628009642199 0.108528839051
v -0.027984793941 0.0627191439809 0.108490685647
v -0.0279326256297 0.0626400096749 0.108453784714
v -0.0278753288904 0.0625638445822 0.108418268348
v -0.0278131088307 0.0624909213539 0.108384263688
v -0.0277461881821 0.0624215010364 0.108351892463
v -0.0276748065033 0.0623558321363 0.108321270552
v -0.0275992193221 0.0622941497313 0.108292507574
v -0.027519697221 0.0622366746284 0.108265706493
v -0.0274365248685 0.0621836125735 0.108240963251
v -0.02735 0.062135153515 0.108218366421
v -0.0272604323521 0.0620914709238 0.108197996894
v -0.0271681425538 0.0620527211722 0.108179927588
v -0.0270734609786 0.0620190429742 0.108164223186
v -0.0269767265618 0.0619905568891 0.108150939907
v -0.0268782855877 0.0619673648897 0.1081401253
v -0.0267784904494 0.0619495499972 0.108131818079
v -0.0266776983876 0.0619371759844 0.108126047982
v -0.0265762702116 0.0619302871471 0.108122835664
v -0.0264745690081 0.0619289081455 0.108122192625
v -0.0263729588409 0.061933043916 0.108124121167
v -0.0262718034481 0.0619426796537 0.108128614385
v -0.0261714649397 0.0619577808651 0.108135656196
v -0.0260723025016 0.0619782934919 0.108145221391
v -0.0259746711096 0.062004144104 0.108157275729
v -0.0258789202586 0.0620352401632 0.108171776059
v -0.0257853927119 0.0620714703534 0.108188670475
v -0.0256944232738 0.0621127049801 0.108207898497
v -0.0256063375913 0.062158796434 0.108229391295
v -0.0255214509883 0.0622095797197 0.10825307193
v -0.0254400673368 0.0622648730461 0.108278855631
v -0.0253624779692 0.0623244784775 0.1083066501
v -0.0252889606352 0.062388182642 0.10833635584
v -0.0252197785078 0.0624557574951 0.108367866512
v -0.0251551792411 0.0625269611364 0.108401069315
v -0.0250953940837 0.0626015386754 0.108435845393
v -0.0250406370509 0.0626792231439 0.108472070255
v -0.0249911041587 0.0627597364515 0.108509614227
v -0.024946972722 0.0628427903816 0.108548342911
v -0.0249084007199 0.0629280876226 0.108588117667
v -0.0248755262302 0.0630153228326 0.108628796114
v -0.0248484669349 0.0631041837321 0.108670232632
v -0.0248273196994 0.0631943522222 0.108712278889
v -0.0248121602252 0.0632855055231 0.108754784372
v -0.0248030427794 0.0633773173296 0.10879759692
v -0.0128 0.0680009979145 0.110953654586
v -0.0128021478443 0.068066039079 0.110983983779
v -0.0128085836884 0.068130847413 0.111014204401
v -0.0128192844937 0.0681951909195 0.111044208271
v -0.012834211954 0.0682588392655 0.111073887982
v -0.0128533126331 0.0683215646063 0.111103137289
v -0.0128765181552 0.0683831424016 0.111131851486
v -0.0129037454508 0.0684433522188 0.111159927785
v -0.0129348970532 0.0685019785223 0.11118726568
v -0.0129698614477 0.0685588114454 0.111213767307
v -0.0130085134708 0.0686136475407 0.111239337798
v -0.0130507147584 0.0686662905095 0.111263885618
v -0.0130963142408 0.0687165519033 0.11128732289
v -0.0131451486837 0.0687642517997 0.111309565717
v -0.0131970432724 0.0688092194452 0.111330534475
v -0.0132518122378 0.0688512938673 0.1113501541
v -0.0133092595212 0.0688903244507 0.11136835436
v -0.0133691794762 0.0689261714759 0.111385070102
v -0.013431357605 0.0689587066198 0.111400241489
v -0.013495571326 0.0689878134151 0.111413814211
v -0.0135615907708 0.0690133876671 0.11142573968
v -0.0136291796068 0.0690353378264 0.111435975208
v -0.0136980958835 0.0690535853174 0.111444484152
v -0.0137680928986 0.0690680648186 0.111451236055
v -0.013838920081 0.0690787244973 0.111456206745
v -0.0139103238877 0.0690855261945 0.111459378428
v -0.0139820487116 0.0690884455619 0.111460739751
v -0.0140538377964 0.069087472149 0.111460285842
v -0.0141254341559 0.0690826094403 0.111458018323
v -0.0141965814937 0.069073874843 0.111453945314
v -0.0142670251207 0.0690612996248 0.111448081393
v -0.0143365128672 0.0690449288017 0.111440447553
v -0.0144047959849 0.0690248209769 0.11143107112
v -0.014471630038 0.0690010481313 0.11141998566
v -0.014536775778 0.0689736953654 0.111407230856
v -0.0146 0.0689428605952 0.111392852367
v -0.0146610763777 0.0689086542009 0.111376901663
v -0.0147197862736 0.0688711986328 0.111359435845
v -0.0147759195215 0.0688306279719 0.111340517435
v -0.0148292751788 0.0687870874507 0.111320214156
v -0.0148796622462 0.068740732933 0.11129859869
v -0.0149269003511 0.0686917303559 0.111275748413
v -0.0149708203932 0.068640255136 0.111251745124
v -0.0150112651504 0.0685864915411 0.111226674748
v -0.0150480898407 0.068530632031 0.11120062703
v -0.0150811626415 0.0684728765682 0.111173695216
v -0.0151103651606 0.0684134319023 0.111145975713
v -0.0151355928606 0.0683525108298 0.11111756775
v -0.0151567554328 0.0682903314322 0.111088573021
v -0.0151737771209 0.0682271162958 0.111059095318
v -0.0151865969915 0.0681630917142 0.111029240166
v -0.0151951691528 0.0680984868789 0.110999114436
v -0.0151994629187 0.0680335330584 0.110968825972
v -0.0151994629187 0.0679684627706 0.110938483199
v -0.0151951691528 0.0679035089501 0.110908194735
v -0.0151865969915 0.0678389041148 0.110878069005
v -0.0151737771209 0.0677748795332 0.110848213853
v -0.0151567554328 0.0677116643968 0.110818736151
v -0.0151355928606 0.0676494849992 0.110789741421
v -0.0151103651606 0.0675885639267 0.110761333459
v -0.0150811626415 0.0675291192608 0.110733613956
v -0.0150480898407 0.067471363798 0.110706682141
v -0.0150112651504 0.0674155042879 0.110680634424
v -0.0149708203932 0.067361740693 0.110655564048
v -0.0149269003511 0.067310265473 0.110631560758
v -0.0148796622462 0.067261262896 0.110608710481
v -0.0148292751788 0.0672149083783 0.110587095015
v -0.0147759195215 0.0671713678571 0.110566791736
v -0.0147197862736 0.0671307971962 0.110547873327
v -0.0146610763777 0.067093341628 0.110530407508
v -0.0146 0.0670591352338 0.110514456805
v -0.014536775778 0.0670283004635 0.110500078315
v -0.014471630038 0.0670009476977 0.110487323511
v -0.0144047959849 0.0669771748521 0.110476238051
v -0.0143365128672 0.0669570670273 0.110466861618
v -0.0142670251207 0.0669406962042 0.110459227778
v -0.0141965814937 0.066928120986 0.110453363858
v -0.0141254341559 0.0669193863887 0.110449290848
v -0.0140538377964 0.06691452368 0.11044702333
v -0.0139820487116 0.0669135502671 0.11044656942
v -0.0139103238877 0.0669164696345 0.110447930743
v -0.013838920081 0.0669232713317 0.110451102427
v -0.0137680928986 0.0669339310104 0.110456073116
v -0.0136980958835 0.0669484105116 0.110462825019
v -0.0136291796068 0.0669666580025 0.110471333964
v -0.0135615907708 0.0669886081619 0.110481569491
v -0.013495571326 0.0670141824139 0.11049349496
v -0.013431357605 0.0670432892092 0.110507067682
v -0.0133691794762 0.0670758243531 0.110522239069
v -0.0133092595212 0.0671116713783 0.110538954811
v -0.0132518122378 0.0671507019616 0.110557155071
v -0.0131970432724 0.0671927763838 0.110576774696
v -0.0131451486837 0.0672377440293 0.110597743454
v -0.0130963142408 0.0672854439256 0.110619986281
v -0.0130507147584 0.0673357053195 0.110643423554
v -0.0130085134708 0.0673883482882 0.110667971373
v -0.0129698614477 0.0674431843836 0.110693541864
v -0.0129348970532 0.0675000173066 0.110720043492
v -0.0129037454508 0.0675586436102 0.110747381386
v -0.0128765181552 0.0676188534274 0.110775457685
v -0.0128533126331 0.0676804312227 0.110804171882
v -0.012834211954 0.0677431565635 0.110833421189
v -0.0128192844937 0.0678068049095 0.1108631009
v -0.0128085836884 0.067871148416 0.11089310477
v -0.0128021478443 0.06793595675 0.110923325393
v 0.0152 0.0680009979145 0.110953654586
v 0.0151978521557 0.068066039079 0.110983983779
v 0.0151914163116 0.068130847413 0.111014204401
v 0.0151807155063 0.0681951909195 0.111044208271
v 0.015165788046 0.0682588392655 0.111073887982
v 0.0151466873669 0.0683215646063 0.111103137289
v 0.0151234818448 0.0683831424016 0.111131851486
v 0.0150962545492 0.0684433522188 0.111159927785
v 0.0150651029468 0.0685019785223 0.11118726568
v 0.0150301385523 0.0685588114454 0.111213767307
v 0.0149914865292 0.0686136475407 0.111239337798
v 0.0149492852416 0.0686662905095 0.111263885618
v 0.0149036857592 0.0687165519033 0.11128732289
v 0.0148548513163 0.0687642517997 0.111309565717
v 0.0148029567276 0.0688092194452 0.111330534475
v 0.0147481877622 0.0688512938673 0.1113501541
v 0.0146907404788 0.0688903244507 0.11136835436
v 0.0146308205238 0.0689261714759 0.111385070102
v 0.014568642395 0.0689587066198 0.111400241489
v 0.014504428674 0.0689878134151 0.111413814211
v 0.0144384092292 0.0690133876671 0.11142573968
v 0.0143708203932 0.0690353378264 0.111435975208
v 0.0143019041165 0.0690535853174 0.111444484152
v 0.0142319071014 0.0690680648186 0.111451236055
v 0.014161079919 0.0690787244973 0.111456206745
v 0.0140896761123 0.0690855261945 0.111459378428
v 0.0140179512884 0.0690884455619 0.111460739751
v 0.0139461622036 0.069087472149 0.111460285842
v 0.0138745658441 0.0690826094403 0.111458018323
v 0.0138034185063 0.069073874843 0.111453945314
v 0.0137329748793 0.0690612996248 0.111448081393
v 0.0136634871328 0.0690449288017 0.111440447553
v 0.0135952040151 0.0690248209769 0.11143107112
v 0.013528369962 0.0690010481313 0.11141998566
v 0.013463224222 0.0689736953654 0.111407230856
v 0.0134 0.0689428605952 0.111392852367
v 0.0133389236223 0.0689086542009 0.111376901663
v 0.0132802137264 0.0688711986328 0.111359435845
v 0.0132240804785 0.0688306279719 0.111340517435
v 0.0131707248212 0.0687870874507 0.111320214156
v 0.0131203377538 0.068740732933 0.11129859869
v 0.0130730996489 0.0686917303559 0.111275748413
v 0.0130291796068 0.068640255136 0.111251745124
v 0.0129887348496 0.0685864915411 0.111226674748
v 0.0129519101593 0.068530632031 0.11120062703
v 0.0129188373585 0.0684728765682 0.111173695216
v 0.0128896348394 0.0684134319023 0.111145975713
v 0.0128644071394 0.0683525108298 0.11111756775
v 0.0128432445672 0.0682903314322 0.111088573021
v 0.0128262228791 0.0682271162958 0.111059095318
v 0.0128134030085 0.0681630917142 0.111029240166
v 0.0128048308472 0.0680984868789 0.110999114436
v 0.0128005370813 0.0680335330584 0.110968825972
v 0.0128005370813 0.0679684627706 0.110938483199
v 0.0128048308472 0.0679035089501 0.110908194735
v 0.0128134030085 0.0678389041148 0.110878069005
v 0.0128262228791 0.0677748795332 0.110848213853
v 0.0128432445672 0.0677116643968 0.110818736151
v 0.0128644071394 0.0676494849992 0.110789741421
v 0.0128896348394 0.0675885639267 0.110761333459
v 0.0129188373585 0.0675291192608 0.110733613956
v 0.0129519101593 0.067471363798 0.110706682141
v 0.0129887348496 0.0674155042879 0.110680634424
v 0.0130291796068 0.067361740693 0.110655564048
v 0.0130730996489 0.067310265473 0.110631560758
v 0.0131203377538 0.067261262896 0.110608710481
v 0.0131707248212 0.0672149083783 0.110587095015
v 0.0132240804785 0.0671713678571 0.110566791736
v 0.0132802137264 0.0671307971962 0.110547873327
v 0.0133389236223 0.067093341628 0.110530407508
v 0.0134 0.0670591352338 0.110514456805
v 0.013463224222 0.0670283004635 0.110500078315
v 0.013528369962 0.0670009476977 0.110487323511
v 0.0135952040151 0.0669771748521 0.110476238051
v 0.0136634871328 0.0669570670273 0.110466861618
v 0.0137329748793 0.0669406962042 0.110459227778
v 0.0138034185063 0.066928120986 0.110453363858
v 0.0138745658441 0.0669193863887 0.110449290848
v 0.0139461622036 0.06691452368 0.11044702333
v 0.0140179512884 0.0669135502671 0.11044656942
v 0.0140896761123 0.0669164696345 0.110447930743
v 0.014161079919 0.0669232713317 0.110451102427
v 0.0142319071014 0.0669339310104 0.110456073116
v 0.0143019041165 0.0669484105116 0.110462825019
v 0.0143708203932 0.0669666580025 0.110471333964
v 0.0144384092292 0.0669886081619 0.110481569491
v 0.014504428674 0.0670141824139 0.11049349496
v 0.014568642395 0.0670432892092 0.110507067682
v 0.0146308205238 0.0670758243531 0.110522239069
v 0.0146907404788 0.0671116713783 0.110538954811
v 0.0147481877622 0.0671507019616 0.110557155071
v 0.0148029567276 0.0671927763838 0.110576774696
v 0.0148548513163 0.0672377440293 0.110597743454
v 0.0149036857592 0.0672854439256 0.110619986281
v 0.0149492852416 0.0673357053195 0.110643423554
v 0.0149914865292 0.0673883482882 0.110667971373
v 0.0150301385523 0.0674431843836 0.110693541864
v 0.0150651029468 0.0675000173066 0.110720043492
v 0.0150962545492 0.0675586436102 0.110747381386
v 0.0151234818448 0.0676188534274 0.110775457685
v 0.0151466873669 0.0676804312227 0.110804171882
v 0.015165788046 0.0677431565635 0.110833421189
v 0.0151807155063 0.0678068049095 0.1108631009
v 0.0151914163116 0.067871148416 0.11089310477
v 0.0151978521557 0.06793595675 0.110923325393
v 0.0282 0.0634694589793 0.108840563277
v 0.0281969572206 0.063561600629 0.108883529634
v 0.0281878397748 0.0636534124355 0.108926342182
v 0.0281726803006 0.0637445657364 0.108968847665
v 0.0281515330651 0.0638347342265 0.109010893922
v 0.0281244737698 0.063923595126 0.10905233044
v 0.0280915992801 0.064010830336 0.109093008886
v 0.028053027278 0.064096127577 0.109132783643
v 0.0280088958413 0.0641791815071 0.109171512327
v 0.0279593629491 0.0642596948147 0.109209056299
v 0.0279046059163 0.0643373792832 0.109245281161
v 0.0278448207589 0.0644119568222 0.109280057239
v 0.0277802214922 0.0644831604635 0.109313260042
v 0.0277110393648 0.0645507353166 0.109344770714
v 0.0276375220308 0.0646144394811 0.109374476453
v 0.0275599326632 0.0646740449125 0.109402270922
v 0.0274785490117 0.0647293382389 0.109428054624
v 0.0273936624087 0.0647801215246 0.109451735259
v 0.0273055767262 0.0648262129785 0.109473228057
v 0.0272146072881 0.0648674476052 0.109492456079
v 0.0271210797414 0.0649036777954 0.109509350494
v 0.0270253288904 0.0649347738546 0.109523850825
v 0.0269276974984 0.0649606244668 0.109535905163
v 0.0268285350603 0.0649811370935 0.109545470358
v 0.0267281965519 0.0649962383049 0.109552512169
v 0.0266270411591 0.0650058740426 0.109557005387
v 0.0265254309919 0.0650100098131 0.109558933929
v 0.0264237297884 0.0650086308115 0.109558290889
v 0.0263223016124 0.0650017419742 0.109555078572
v 0.0262215095506 0.0649893679614 0.109549308475
v 0.0261217144123 0.0649715530689 0.109541001254
v 0.0260232734382 0.0649483610695 0.109530186647
v 0.0259265390214 0.0649198749844 0.109516903368
v 0.0258318574462 0.0648861967864 0.109501198966
v 0.0257395676479 0.0648474470348 0.10948312966
v 0.02565 0.0648037644436 0.109462760133
v 0.0255634751315 0.0647553053851 0.109440163303
v 0.025480302779 0.0647022433302 0.109415420061
v 0.0254007806779 0.0646447682273 0.10938861898
v 0.0253251934967 0.0645830858223 0.109359856002
v 0.0252538118179 0.0645174169222 0.109329234091
v 0.0251868911693 0.0644479966047 0.109296862865
v 0.0251246711096 0.0643750733764 0.109262858206
v 0.0250673743703 0.0642989082837 0.10922734184
v 0.025015206059 0.0642197739777 0.109190440907
v 0.0249683529246 0.0641379537387 0.109152287503
v 0.0249269826892 0.064053740462 0.109113018207
v 0.0248912434475 0.0639674356093 0.109072773593
v 0.0248612631368 0.0638793481294 0.109031697727
v 0.0248371490788 0.0637897933528 0.108989937648
v 0.0248189875954 0.0636990918622 0.108947642849
v 0.0248068437002 0.0636075683456 0.108904964732
v 0.0248007608651 0.0635155504332 0.108862056075
v 0.0248007608651 0.0634233675254 0.108819070479
v 0.0248068437002 0.063331349613 0.108776161822
v 0.0248189875954 0.0632398260964 0.108733483705
v 0.0248371490788 0.0631491246058 0.108691188905
v 0.0248612631368 0.0630595698292 0.108649428827
v 0.0248912434475 0.0629714823493 0.108608352961
v 0.0249269826892 0.0628851774966 0.108568108347
v 0.0249683529246 0.0628009642199 0.108528839051
v 0.025015206059 0.0627191439809 0.108490685647
v 0.0250673743703 0.0626400096749 0.108453784714
v 0.0251246711096 0.0625638445822 0.108418268348
v 0.0251868911693 0.0624909213539 0.108384263688
v 0.0252538118179 0.0624215010364 0.108351892463
v 0.0253251934967 0.0623558321363 0.108321270552
v 0.0254007806779 0.0622941497313 0.108292507574
v 0.025480302779 0.0622366746284 0.108265706493
v 0.0255634751315 0.0621836125735 0.108240963251
v 0.02565 0.062135153515 0.108218366421
v 0.0257395676479 0.0620914709238 0.108197996894
v 0.0258318574462 0.0620527211722 0.108179927588
v 0.0259265390214 0.0620190429742 0.108164223186
v 0.0260232734382 0.0619905568891 0.108150939907
v 0.0261217144123 0.0619673648897 0.1081401253
v 0.0262215095506 0.0619495499972 0.108131818079
v 0.0263223016124 0.0619371759844 0.108126047982
v 0.0264237297884 0.0619302871471 0.108122835664
v 0.0265254309919 0.0619289081455 0.108122192625
v 0.0266270411591 0.061933043916 0.108124121167
v 0.0267281965519 0.0619426796537 0.108128614385
v 0.0268285350603 0.0619577808651 0.108135656196
v 0.0269276974984 0.0619782934919 0.108145221391
v 0.0270253288904 0.062004144104 0.108157275729
v 0.0271210797414 0.0620352401632 0.108171776059
v 0.0272146072881 0.0620714703534 0.108188670475
v 0.0273055767262 0.0621127049801 0.108207898497
v 0.0273936624087 0.062158796434 0.108229391295
v 0.0274785490117 0.0622095797197 0.10825307193
v 0.0275599326632 0.0622648730461 0.108278855631
v 0.0276375220308 0.0623244784775 0.1083066501
v 0.0277110393648 0.062388182642 0.10833635584
v 0.0277802214922 0.0624557574951 0.108367866512
v 0.0278448207589 0.0625269611364 0.108401069315
v 0.0279046059163 0.0626015386754 0.108435845393
v 0.0279593629491 0.0626792231439 0.108472070255
v 0.0280088958413 0.0627597364515 0.108509614227
v 0.028053027278 0.0628427903816 0.108548342911
v 0.0280915992801 0.0629280876226 0.108588117667
v 0.0281244737698 0.0630153228326 0.108628796114
v 0.0281515330651 0.0631041837321 0.108670232632
v 0.0281726803006 0.0631943522222 0.108712278889
v 0.0281878397748 0.0632855055231 0.108754784372
v 0.0281969572206 0.0633773173296 0.10879759692
v -0.0133 0.08159561472 0.117292928512
v -0.0133 0.079782999146 0.116447691988
v -0.0132942043148 0.0817727925199 0.117375547877
v -0.0132768376168 0.0819493479762 0.117457877038
v -0.0132479609072 0.0821246609316 0.117539626812
v -0.0132076756165 0.0822981155928 0.117620510049
v -0.0131561232481 0.0824691026941 0.117700242643
v -0.0130934848817 0.0826370216371 0.117778544532
v -0.0130199805369 0.0828012826003 0.117855140677
v -0.0129358684003 0.082961308611 0.117929762032
v -0.0128414439188 0.0831165375722 0.118002146485
v -0.012737038762 0.0832664242364 0.118072039785
v -0.0126230196567 0.0834104421212 0.118139196427
v -0.0124997870991 0.0835480853586 0.118203380523
v -0.0123677739482 0.0836788704717 0.118264366623
v -0.012227443905 0.0838023380729 0.118321940511
v -0.0120792898838 0.0839180544779 0.118375899956
v -0.0119238322811 0.0840256132286 0.118426055426
v -0.0117616171473 0.0841246365208 0.118472230745
v -0.011593214269 0.0842147765318 0.118514263722
v -0.0114192151675 0.0842957166413 0.118552006715
v -0.011240231021 0.0843671725444 0.11858532715
v -0.0110568905177 0.0844288932495 0.118614107988
v -0.010869837648 0.0844806619605 0.118638248134
v -0.0106797294418 0.0845222968378 0.118657662796
v -0.0104872336612 0.0845536516375 0.118672283779
v -0.0102930264546 0.0845746162245 0.118682059727
v -0.0100977899818 0.0845851169602 0.1186869563
v -0.00990221001819 0.0845851169602 0.1186869563
v -0.00970697354543 0.0845746162245 0.118682059727
v -0.00951276633879 0.0845536516375 0.118672283779
v -0.00932027055815 0.0845222968378 0.118657662796
v -0.00913016235197 0.0844806619605 0.118638248134
v -0.00894310948225 0.0844288932495 0.118614107988
v -0.00875976897902 0.0843671725444 0.11858532715
v -0.00858078483249 0.0842957166413 0.118552006715
v -0.00840678573099 0.0842147765318 0.118514263722
v -0.00823838285272 0.0841246365208 0.118472230745
v -0.00807616771892 0.0840256132286 0.118426055426
v -0.00792071011618 0.0839180544779 0.118375899956
v -0.00777255609499 0.0838023380729 0.118321940511
v -0.00763222605175 0.0836788704717 0.118264366623
v -0.00750021290087 0.0835480853586 0.118203380523
v -0.00737698034334 0.0834104421212 0.118139196427
v -0.00726296123801 0.0832664242364 0.118072039785
v -0.00715855608117 0.0831165375722 0.118002146485
v -0.00706413159972 0.082961308611 0.117929762032
v -0.0069800194631 0.0828012826003 0.117855140677
v -0.00690651511826 0.0826370216371 0.117778544532
v -0.00684387675189 0.0824691026941 0.117700242643
v -0.00679232438353 0.0822981155928 0.117620510049
v -0.00675203909277 0.0821246609316 0.117539626812
v -0.00672316238316 0.0819493479762 0.117457877038
v -0.00670579568518 0.0817727925199 0.117375547877
v -0.0067 0.08159561472 0.117292928512
v -0.0067 0.079782999146 0.116447691988
v -0.00670579568518 0.0796058213461 0.116365072623
v -0.00672316238316 0.0794292658898 0.116282743462
v -0.00675203909277 0.0792539529344 0.116200993688
v -0.00679232438353 0.0790804982732 0.116120110451
v -0.00684387675189 0.0789095111719 0.116040377857
v -0.00690651511826 0.0787415922289 0.115962075968
v -0.0069800194631 0.0785773312657 0.115885479823
v -0.00706413159972 0.078417305255 0.115810858468
v -0.00715855608117 0.0782620762938 0.115738474015
v -0.00726296123801 0.0781121896296 0.115668580715
v -0.00737698034334 0.0779681717448 0.115601424073
v -0.00750021290087 0.0778305285074 0.115537239977
v -0.00763222605175 0.0776997433943 0.115476253877
v -0.00777255609499 0.0775762757931 0.115418679989
v -0.00792071011618 0.0774605593881 0.115364720544
v -0.00807616771892 0.0773530006374 0.115314565074
v -0.00823838285272 0.0772539773452 0.115268389755
v -0.00840678573099 0.0771638373342 0.115226356777
v -0.00858078483249 0.0770828972247 0.115188613785
v -0.00875976897902 0.0770114413216 0.11515529335
v -0.00894310948225 0.0769497206165 0.115126512512
v -0.00913016235197 0.0768979519055 0.115102372366
v -0.00932027055815 0.0768563170282 0.115082957704
v -0.00951276633879 0.0768249622285 0.115068336721
v -0.00970697354543 0.0768039976415 0.115058560773
v -0.00990221001819 0.0767934969058 0.1150536642
v -0.0100977899818 0.0767934969058 0.1150536642
v -0.0102930264546 0.0768039976415 0.115058560773
v -0.0104872336612 0.0768249622285 0.115068336721
v -0.0106797294418 0.0768563170282 0.115082957704
v -0.010869837648 0.0768979519055 0.115102372366
v -0.0110568905177 0.0769497206165 0.115126512512
v -0.011240231021 0.0770114413216 0.11515529335
v -0.0114192151675 0.0770828972247 0.115188613785
v -0.011593214269 0.0771638373342 0.115226356777
v -0.0117616171473 0.0772539773452 0.115268389755
v -0.0119238322811 0.0773530006374 0.115314565074
v -0.0120792898838 0.0774605593881 0.115364720544
v -0.012227443905 0.0775762757931 0.115418679989
v -0.0123677739482 0.0776997433943 0.115476253877
v -0.0124997870991 0.0778305285074 0.115537239977
v -0.0126230196567 0.0779681717448 0.115601424073
v -0.012737038762 0.0781121896296 0.115668580715
v -0.0128414439188 0.0782620762938 0.115738474015
v -0.0129358684003 0.078417305255 0.115810858468
v -0.0130199805369 0.0785773312657 0.115885479823
v -0.0130934848817 0.0787415922289 0.115962075968
v -0.0131561232481 0.0789095111719 0.116040377857
v -0.0132076756165 0.0790804982732 0.116120110451
v -0.0132479609072 0.0792539529344 0.116200993688
v -0.0132768376168 0.0794292658898 0.116282743462
v -0.0132942043148 0.0796058213461 0.116365072623
v -0.0128 0.0933776159515 0.122786965914
v -0.0128021478443 0.093442657116 0.122817295107
v -0.0128085836884 0.09350746545 0.12284751573
v -0.0128192844937 0.0935718089565 0.1228775196
v -0.012834211954 0.0936354573025 0.122907199311
v -0.0128533126331 0.0936981826433 0.122936448618
v -0.0128765181552 0.0937597604386 0.122965162815
v -0.0129037454508 0.0938199702558 0.122993239114
v -0.0129348970532 0.0938785965594 0.123020577008
v -0.0129698614477 0.0939354294824 0.123047078636
v -0.0130085134708 0.0939902655778 0.123072649127
v -0.0130507147584 0.0940429085465 0.123097196946
v -0.0130963142408 0.0940931699404 0.123120634219
v -0.0131451486837 0.0941408698367 0.123142877046
v -0.0131970432724 0.0941858374822 0.123163845804
v -0.0132518122378 0.0942279119044 0.123183465429
v -0.0133092595212 0.0942669424877 0.123201665689
v -0.0133691794762 0.0943027895129 0.123218381431
v -0.013431357605 0.0943353246568 0.123233552818
v -0.013495571326 0.0943644314521 0.123247125539
v -0.0135615907708 0.0943900057041 0.123259051009
v -0.0136291796068 0.0944119558635 0.123269286536
v -0.0136980958835 0.0944302033544 0.123277795481
v -0.0137680928986 0.0944446828556 0.123284547384
v -0.013838920081 0.0944553425343 0.123289518073
v -0.0139103238877 0.0944621442315 0.123292689757
v -0.0139820487116 0.0944650635989 0.12329405108
v -0.0140538377964 0.094464090186 0.12329359717
v -0.0141254341559 0.0944592274773 0.123291329652
v -0.0141965814937 0.09445049288 0.123287256642
v -0.0142670251207 0.0944379176618 0.123281392722
v -0.0143365128672 0.0944215468387 0.123273758882
v -0.0144047959849 0.0944014390139 0.123264382449
v -0.014471630038 0.0943776661683 0.123253296989
v -0.014536775778 0.0943503134025 0.123240542185
v -0.0146 0.0943194786322 0.123226163695
v -0.0146610763777 0.094285272238 0.123210212992
v -0.0147197862736 0.0942478166698 0.123192747173
v -0.0147759195215 0.0942072460089 0.123173828764
v -0.0148292751788 0.0941637054877 0.123153525485
v -0.0148796622462 0.09411735097 0.123131910019
v -0.0149269003511 0.094068348393 0.123109059742
v -0.0149708203932 0.094016873173 0.123085056452
v -0.0150112651504 0.0939631095781 0.123059986076
v -0.0150480898407 0.093907250068 0.123033938359
v -0.0150811626415 0.0938494946052 0.123007006544
v -0.0151103651606 0.0937900499393 0.122979287041
v -0.0151355928606 0.0937291288668 0.122950879079
v -0.0151567554328 0.0936669494692 0.122921884349
v -0.0151737771209 0.0936037343328 0.122892406647
v -0.0151865969915 0.0935397097512 0.122862551495
v -0.0151951691528 0.0934751049159 0.122832425765
v -0.0151994629187 0.0934101510954 0.122802137301
v -0.0151994629187 0.0933450808076 0.122771794528
v -0.0151951691528 0.0932801269871 0.122741506064
v -0.0151865969915 0.0932155221518 0.122711380334
v -0.0151737771209 0.0931514975702 0.122681525182
v -0.0151567554328 0.0930882824338 0.122652047479
v -0.0151355928606 0.0930261030362 0.12262305275
v -0.0151103651606 0.0929651819637 0.122594644787
v -0.0150811626415 0.0929057372978 0.122566925284
v -0.0150480898407 0.092847981835 0.12253999347
v -0.0150112651504 0.0927921223249 0.122513945752
v -0.0149708203932 0.09273835873 0.122488875376
v -0.0149269003511 0.0926868835101 0.122464872087
v -0.0148796622462 0.092637880933 0.12244202181
v -0.0148292751788 0.0925915264153 0.122420406344
v -0.0147759195215 0.0925479858941 0.122400103065
v -0.0147197862736 0.0925074152332 0.122381184655
v -0.0146610763777 0.0924699596651 0.122363718837
v -0.0146 0.0924357532708 0.122347768133
v -0.014536775778 0.0924049185006 0.122333389644
v -0.014471630038 0.0923775657347 0.12232063484
v -0.0144047959849 0.0923537928891 0.12230954938
v -0.0143365128672 0.0923336850643 0.122300172947
v -0.0142670251207 0.0923173142412 0.122292539107
v -0.0141965814937 0.092304739023 0.122286675186
v -0.0141254341559 0.0922960044257 0.122282602177
v -0.0140538377964 0.092291141717 0.122280334658
v -0.0139820487116 0.0922901683041 0.122279880749
v -0.0139103238877 0.0922930876715 0.122281242072
v -0.013838920081 0.0922998893687 0.122284413755
v -0.0137680928986 0.0923105490474 0.122289384445
v -0.0136980958835 0.0923250285486 0.122296136348
v -0.0136291796068 0.0923432760396 0.122304645292
v -0.0135615907708 0.0923652261989 0.12231488082
v -0.013495571326 0.0923908004509 0.122326806289
v -0.013431357605 0.0924199072462 0.122340379011
v -0.0133691794762 0.0924524423901 0.122355550398
v -0.0133092595212 0.0924882894153 0.12237226614
v -0.0132518122378 0.0925273199987 0.1223904664
v -0.0131970432724 0.0925693944208 0.122410086025
v -0.0131451486837 0.0926143620663 0.122431054783
v -0.0130963142408 0.0926620619627 0.12245329761
v -0.0130507147584 0.0927123233565 0.122476734882
v -0.0130085134708 0.0927649663253 0.122501282702
v -0.0129698614477 0.0928198024206 0.122526853193
v -0.0129348970532 0.0928766353437 0.12255335482
v -0.0129037454508 0.0929352616472 0.122580692715
v -0.0128765181552 0.0929954714644 0.122608769014
v -0.0128533126331 0.0930570492597 0.122637483211
v -0.012834211954 0.0931197746005 0.122666732518
v -0.0128192844937 0.0931834229465 0.122696412229
v -0.0128085836884 0.093247766453 0.122726416099
v -0.0128021478443 0.093312574787 0.122756636721
v 0.0067 0.08159561472 0.117292928512
v 0.0067 0.079782999146 0.116447691988
v 0.00670579568518 0.0817727925199 0.117375547877
v 0.00672316238316 0.0819493479762 0.117457877038
v 0.00675203909277 0.0821246609316 0.117539626812
v 0.00679232438353 0.0822981155928 0.117620510049
v 0.00684387675189 0.0824691026941 0.117700242643
v 0.00690651511826 0.0826370216371 0.117778544532
v 0.0069800194631 0.0828012826003 0.117855140677
v 0.00706413159972 0.082961308611 0.117929762032
v 0.00715855608117 0.0831165375722 0.118002146485
v 0.00726296123801 0.0832664242364 0.118072039785
v 0.00737698034334 0.0834104421212 0.118139196427
v 0.00750021290087 0.0835480853586 0.118203380523
v 0.00763222605175 0.0836788704717 0.118264366623
v 0.00777255609499 0.0838023380729 0.118321940511
v 0.00792071011618 0.0839180544779 0.118375899956
v 0.00807616771892 0.0840256132286 0.118426055426
v 0.00823838285272 0.0841246365208 0.118472230745
v 0.00840678573099 0.0842147765318 0.118514263722
v 0.00858078483249 0.0842957166413 0.118552006715
v 0.00875976897902 0.0843671725444 0.11858532715
v 0.00894310948225 0.0844288932495 0.118614107988
v 0.00913016235197 0.0844806619605 0.118638248134
v 0.00932027055815 0.0845222968378 0.118657662796
v 0.00951276633879 0.0845536516375 0.118672283779
v 0.00970697354543 0.0845746162245 0.118682059727
v 0.00990221001819 0.0845851169602 0.1186869563
v 0.0100977899818 0.0845851169602 0.1186869563
v 0.0102930264546 0.0845746162245 0.118682059727
v 0.0104872336612 0.0845536516375 0.118672283779
v 0.0106797294418 0.0845222968378 0.118657662796
v 0.010869837648 0.0844806619605 0.118638248134
v 0.0110568905177 0.0844288932495 0.118614107988
v 0.011240231021 0.0843671725444 0.11858532715
v 0.0114192151675 0.0842957166413 0.118552006715
v 0.011593214269 0.0842147765318 0.118514263722
v 0.0117616171473 0.0841246365208 0.118472230745
v 0.0119238322811 0.0840256132286 0.118426055426
v 0.0120792898838 0.0839180544779 0.118375899956
v 0.012227443905 0.0838023380729 0.118321940511
v 0.0123677739482 0.0836788704717 0.118264366623
v 0.0124997870991 0.0835480853586 0.118203380523
v 0.0126230196567 0.0834104421212 0.118139196427
v 0.012737038762 0.0832664242364 0.118072039785
v 0.0128414439188 0.0831165375722 0.118002146485
v 0.0129358684003 0.082961308611 0.117929762032
v 0.0130199805369 0.0828012826003 0.117855140677
v 0.0130934848817 0.0826370216371 0.117778544532
v 0.0131561232481 0.0824691026941 0.117700242643
v 0.0132076756165 0.0822981155928 0.117620510049
v 0.0132479609072 0.0821246609316 0.117539626812
v 0.0132768376168 0.0819493479762 0.117457877038
v 0.0132942043148 0.0817727925199 0.117375547877
v 0.0133 0.08159561472 0.117292928512
v 0.0133 0.079782999146 0.116447691988
v 0.0132942043148 0.0796058213461 0.116365072623
v 0.0132768376168 0.0794292658898 0.116282743462
v 0.0132479609072 0.0792539529344 0.116200993688
v 0.0132076756165 0.0790804982732 0.116120110451
v 0.0131561232481 0.0789095111719 0.116040377857
v 0.0130934848817 0.0787415922289 0.115962075968
v 0.0130199805369 0.0785773312657 0.115885479823
v 0.0129358684003 0.078417305255 0.115810858468
v 0.0128414439188 0.0782620762938 0.115738474015
v 0.012737038762 0.0781121896296 0.115668580715
v 0.0126230196567 0.0779681717448 0.115601424073
v 0.0124997870991 0.0778305285074 0.115537239977
v 0.0123677739482 0.0776997433943 0.115476253877
v 0.012227443905 0.0775762757931 0.115418679989
v 0.0120792898838 0.0774605593881 0.115364720544
v 0.0119238322811 0.0773530006374 0.115314565074
v 0.0117616171473 0.0772539773452 0.115268389755
v 0.011593214269 0.0771638373342 0.115226356777
v 0.0114192151675 0.0770828972247 0.115188613785
v 0.011240231021 0.0770114413216 0.11515529335
v 0.0110568905177 0.0769497206165 0.115126512512
v 0.010869837648 0.0768979519055 0.115102372366
v 0.0106797294418 0.0768563170282 0.115082957704
v 0.0104872336612 0.0768249622285 0.115068336721
v 0.0102930264546 0.0768039976415 0.115058560773
v 0.0100977899818 0.0767934969058 0.1150536642
v 0.00990221001819 0.0767934969058 0.1150536642
v 0.00970697354543 0.0768039976415 0.115058560773
v 0.00951276633879 0.0768249622285 0.115068336721
v 0.00932027055815 0.0768563170282 0.115082957704
v 0.00913016235197 0.0768979519055 0.115102372366
v 0.00894310948225 0.0769497206165 0.115126512512
v 0.00875976897902 0.0770114413216 0.11515529335
v 0.00858078483249 0.0770828972247 0.115188613785
v 0.00840678573099 0.0771638373342 0.115226356777
v 0.00823838285272 0.0772539773452 0.115268389755
v 0.00807616771892 0.0773530006374 0.115314565074
v 0.00792071011618 0.0774605593881 0.115364720544
v 0.00777255609499 0.0775762757931 0.115418679989
v 0.00763222605175 0.0776997433943 0.115476253877
v 0.00750021290087 0.0778305285074 0.115537239977
v 0.00737698034334 0.0779681717448 0.115601424073
v 0.00726296123801 0.0781121896296 0.115668580715
v 0.00715855608117 0.0782620762938 0.115738474015
v 0.00706413159972 0.078417305255 0.115810858468
v 0.0069800194631 0.0785773312657 0.115885479823
v 0.00690651511826 0.0787415922289 0.115962075968
v 0.00684387675189 0.0789095111719 0.116040377857
v 0.00679232438353 0.0790804982732 0.116120110451
v 0.00675203909277 0.0792539529344 0.116200993688
v 0.00672316238316 0.0794292658898 0.116282743462
v 0.00670579568518 0.0796058213461 0.116365072623
v 0.0152 0.0933776159515 0.122786965914
v 0.0151978521557 0.093442657116 0.122817295107
v 0.0151914163116 0.09350746545 0.12284751573
v 0.0151807155063 0.0935718089565 0.1228775196
v 0.015165788046 0.0936354573025 0.122907199311
v 0.0151466873669 0.0936981826433 0.122936448618
v 0.0151234818448 0.0937597604386 0.122965162815
v 0.0150962545492 0.0938199702558 0.122993239114
v 0.0150651029468 0.0938785965594 0.123020577008
v 0.0150301385523 0.0939354294824 0.123047078636
v 0.0149914865292 0.0939902655778 0.123072649127
v 0.0149492852416 0.0940429085465 0.123097196946
v 0.0149036857592 0.0940931699404 0.123120634219
v 0.0148548513163 0.0941408698367 0.123142877046
v 0.0148029567276 0.0941858374822 0.123163845804
v 0.0147481877622 0.0942279119044 0.123183465429
v 0.0146907404788 0.0942669424877 0.123201665689
v 0.0146308205238 0.0943027895129 0.123218381431
v 0.014568642395 0.0943353246568 0.123233552818
v 0.014504428674 0.0943644314521 0.123247125539
v 0.0144384092292 0.0943900057041 0.123259051009
v 0.0143708203932 0.0944119558635 0.123269286536
v 0.0143019041165 0.0944302033544 0.123277795481
v 0.0142319071014 0.0944446828556 0.123284547384
v 0.014161079919 0.0944553425343 0.123289518073
v 0.0140896761123 0.0944621442315 0.123292689757
v 0.0140179512884 0.0944650635989 0.12329405108
v 0.0139461622036 0.094464090186 0.12329359717
v 0.0138745658441 0.0944592274773 0.123291329652
v 0.0138034185063 0.09445049288 0.123287256642
v 0.0137329748793 0.0944379176618 0.123281392722
v 0.0136634871328 0.0944215468387 0.123273758882
v 0.0135952040151 0.0944014390139 0.123264382449
v 0.013528369962 0.0943776661683 0.123253296989
v 0.013463224222 0.0943503134025 0.123240542185
v 0.0134 0.0943194786322 0.123226163695
v 0.0133389236223 0.094285272238 0.123210212992
v 0.0132802137264 0.0942478166698 0.123192747173
v 0.0132240804785 0.0942072460089 0.123173828764
v 0.0131707248212 0.0941637054877 0.123153525485
v 0.0131203377538 0.09411735097 0.123131910019
v 0.0130730996489 0.094068348393 0.123109059742
v 0.0130291796068 0.094016873173 0.123085056452
v 0.0129887348496 0.0939631095781 0.123059986076
v 0.0129519101593 0.093907250068 0.123033938359
v 0.0129188373585 0.0938494946052 0.123007006544
v 0.0128896348394 0.0937900499393 0.122979287041
v 0.0128644071394 0.0937291288668 0.122950879079
v 0.0128432445672 0.0936669494692 0.122921884349
v 0.0128262228791 0.0936037343328 0.122892406647
v 0.0128134030085 0.0935397097512 0.122862551495
v 0.0128048308472 0.0934751049159 0.122832425765
v 0.0128005370813 0.0934101510954 0.122802137301
v 0.0128005370813 0.0933450808076 0.122771794528
v 0.0128048308472 0.0932801269871 0.122741506064
v 0.0128134030085 0.0932155221518 0.122711380334
v 0.0128262228791 0.0931514975702 0.122681525182
v 0.0128432445672 0.0930882824338 0.122652047479
v 0.0128644071394 0.0930261030362 0.12262305275
v 0.0128896348394 0.0929651819637 0.122594644787
v 0.0129188373585 0.0929057372978 0.122566925284
v 0.0129519101593 0.092847981835 0.12253999347
v 0.0129887348496 0.0927921223249 0.122513945752
v 0.0130291796068 0.09273835873 0.122488875376
v 0.0130730996489 0.0926868835101 0.122464872087
v 0.0131203377538 0.092637880933 0.12244202181
v 0.0131707248212 0.0925915264153 0.122420406344
v 0.0132240804785 0.0925479858941 0.122400103065
v 0.0132802137264 0.0925074152332 0.122381184655
v 0.0133389236223 0.0924699596651 0.122363718837
v 0.0134 0.0924357532708 0.122347768133
v 0.013463224222 0.0924049185006 0.122333389644
v 0.013528369962 0.0923775657347 0.12232063484
v 0.0135952040151 0.0923537928891 0.12230954938
v 0.0136634871328 0.0923336850643 0.122300172947
v 0.0137329748793 0.0923173142412 0.122292539107
v 0.0138034185063 0.092304739023 0.122286675186
v 0.0138745658441 0.0922960044257 0.122282602177
v 0.0139461622036 0.092291141717 0.122280334658
v 0.0140179512884 0.0922901683041 0.122279880749
v 0.0140896761123 0.0922930876715 0.122281242072
v 0.014161079919 0.0922998893687 0.122284413755
v 0.0142319071014 0.0923105490474 0.122289384445
v 0.0143019041165 0.0923250285486 0.122296136348
v 0.0143708203932 0.0923432760396 0.122304645292
v 0.0144384092292 0.0923652261989 0.12231488082
v 0.014504428674 0.0923908004509 0.122326806289
v 0.014568642395 0.0924199072462 0.122340379011
v 0.0146308205238 0.0924524423901 0.122355550398
v 0.0146907404788 0.0924882894153 0.12237226614
v 0.0147481877622 0.0925273199987 0.1223904664
v 0.0148029567276 0.0925693944208 0.122410086025
v 0.0148548513163 0.0926143620663 0.122431054783
v 0.0149036857592 0.0926620619627 0.12245329761
v 0.0149492852416 0.0927123233565 0.122476734882
v 0.0149914865292 0.0927649663253 0.122501282702
v 0.0150301385523 0.0928198024206 0.122526853193
v 0.0150651029468 0.0928766353437 0.12255335482
v 0.0150962545492 0.0929352616472 0.122580692715
v 0.0151234818448 0.0929954714644 0.122608769014
v 0.0151466873669 0.0930570492597 0.122637483211
v 0.015165788046 0.0931197746005 0.122666732518
v 0.0151807155063 0.0931834229465 0.122696412229
v 0.0151914163116 0.093247766453 0.122726416099
v 0.0151978521557 0.093312574787 0.122756636721
v -0.0315 0.058815777517 0.102257004297
v -0.0314949244748 0.0586576861834 0.102183285097
v -0.0314797150732 0.0585001297807 0.10210981534
v -0.031454423259 0.0583436414301 0.102036843624
v -0.0314191346117 0.0581887506386 0.101964616861
v -0.0313739685369 0.0580359815076 0.101893379446
v -0.0313190778624 0.0578858509594 0.101823372421
v -0.0312546483206 0.0577388669883 0.10175483267
v -0.031180897921 0.0575955269415 0.101687992108
v -0.0310980762114 0.0574563158365 0.101623076904
v -0.0310064634342 0.0573217047194 0.101560306709
v -0.0309063695783 0.0571921490717 0.101499893919
v -0.0307981333294 0.0570680872688 0.10144204295
v -0.0306821209247 0.0569499390964 0.101386949552
v -0.0305587249136 0.0568381043307 0.101334800144
v -0.0304283628291 0.056732961385 0.101285771184
v -0.0302914757751 0.0566348660297 0.101240028568
v -0.0301485269342 0.0565441501886 0.101197727077
v -0.03 0.0564611208153 0.101159009844
v -0.0298463975406 0.056386058855 0.101124007877
v -0.0296882392981 0.0563192182935 0.101092839612
v -0.02952606043 0.0562608252981 0.101065610511
v -0.0293604096981 0.0562110774523 0.101042412709
v -0.0291918476122 0.056170143087 0.101023324701
v -0.029020944533 0.0561381607111 0.101008411074
v -0.0288482787424 0.056115238543 0.100997722292
v -0.0286744344867 0.0561014541439 0.100991294521
v -0.0285 0.0560968541559 0.100989149511
v -0.0285 0.0544063811089 0.10461438066
v -0.0315 0.05712530447 0.105882235445
v -0.0314949244748 0.0569672131364 0.105808516245
v -0.0314797150732 0.0568096567338 0.105735046488
v -0.031454423259 0.0566531683832 0.105662074772
v -0.0314191346117 0.0564982775916 0.105589848009
v -0.0313739685369 0.0563455084606 0.105518610594
v -0.0313190778624 0.0561953779124 0.105448603569
v -0.0312546483206 0.0560483939413 0.105380063818
v -0.031180897921 0.0559050538946 0.105313223257
v -0.0310980762114 0.0557658427895 0.105248308052
v -0.0310064634342 0.0556312316724 0.105185537857
v -0.0309063695783 0.0555016760248 0.105125125067
v -0.0307981333294 0.0553776142218 0.105067274098
v -0.0306821209247 0.0552594660495 0.1050121807
v -0.0305587249136 0.0551476312837 0.104960031293
v -0.0304283628291 0.055042488338 0.104911002332
v -0.0302914757751 0.0549443929828 0.104865259716
v -0.0301485269342 0.0548536771417 0.104822958225
v -0.03 0.0547706477684 0.104784240992
v -0.0298463975406 0.054695585808 0.104749239025
v -0.0296882392981 0.0546287452465 0.10471807076
v -0.02952606043 0.0545703522511 0.104690841659
v -0.0293604096981 0.0545206044053 0.104667643857
v -0.0291918476122 0.05447967004 0.104648555849
v -0.029020944533 0.0544476876642 0.104633642223
v -0.0288482787424 0.054424765496 0.10462295344
v -0.0286744344867 0.0544109810969 0.104616525669
v -0.0315 0.102318551295 0.12254268086
v -0.0314949244748 0.102476642628 0.12261640006
v -0.0314797150732 0.102634199031 0.122689869817
v -0.031454423259 0.102790687382 0.122762841533
v -0.0314191346117 0.102945578173 0.122835068295
v -0.0313739685369 0.103098347304 0.122906305711
v -0.0313190778624 0.103248477852 0.122976312735
v -0.0312546483206 0.103395461824 0.123044852487
v -0.031180897921 0.10353880187 0.123111693048
v -0.0310980762114 0.103678012975 0.123176608253
v -0.0310064634342 0.103812624092 0.123239378448
v -0.0309063695783 0.10394217974 0.123299791238
v -0.0307981333294 0.104066241543 0.123357642207
v -0.0306821209247 0.104184389715 0.123412735605
v -0.0305587249136 0.104296224481 0.123464885012
v -0.0304283628291 0.104401367427 0.123513913973
v -0.0302914757751 0.104499462782 0.123559656588
v -0.0301485269342 0.104590178623 0.12360195808
v -0.03 0.104673207996 0.123640675312
v -0.0298463975406 0.104748269957 0.123675677279
v -0.0296882392981 0.104815110518 0.123706845545
v -0.02952606043 0.104873503514 0.123734074646
v -0.0293604096981 0.10492325136 0.123757272448
v -0.0291918476122 0.104964185725 0.123776360456
v -0.029020944533 0.104996168101 0.123791274082
v -0.0288482787424 0.105019090269 0.123801962865
v -0.0286744344867 0.105032874668 0.123808390636
v -0.0285 0.105037474656 0.123810535645
v -0.0285 0.103347001609 0.127435766794
v -0.0315 0.100628078248 0.126167912008
v -0.0314949244748 0.100786169581 0.126241631208
v -0.0314797150732 0.100943725984 0.126315100965
v -0.031454423259 0.101100214335 0.126388072681
v -0.0314191346117 0.101255105126 0.126460299444
v -0.0313739685369 0.101407874257 0.126531536859
v -0.0313190778624 0.101558004805 0.126601543884
v -0.0312546483206 0.101704988777 0.126670083635
v -0.031180897921 0.101848328823 0.126736924197
v -0.0310980762114 0.101987539928 0.126801839401
v -0.0310064634342 0.102122151045 0.126864609596
v -0.0309063695783 0.102251706693 0.126925022386
v -0.0307981333294 0.102375768496 0.126982873355
v -0.0306821209247 0.102493916668 0.127037966753
v -0.0305587249136 0.102605751434 0.12709011616
v -0.0304283628291 0.10271089438 0.127139145121
v -0.0302914757751 0.102808989735 0.127184887737
v -0.0301485269342 0.102899705576 0.127227189228
v -0.03 0.102982734949 0.127265906461
v -0.0298463975406 0.10305779691 0.127300908428
v -0.0296882392981 0.103124637471 0.127332076693
v -0.02952606043 0.103183030467 0.127359305794
v -0.0293604096981 0.103232778313 0.127382503596
v -0.0291918476122 0.103273712678 0.127401591604
v -0.029020944533 0.103305695054 0.12741650523
v -0.0288482787424 0.103328617222 0.127427194013
v -0.0286744344867 0.103342401621 0.127433621784
v -0.0315 0.058815777517 0.102257004297
v -0.0315 0.102318551295 0.12254268086
v -0.0314949244748 0.0586576861834 0.102183285097
v -0.0314797150732 0.0585001297807 0.10210981534
v -0.031454423259 0.0583436414301 0.102036843624
v -0.0314191346117 0.0581887506386 0.101964616861
v -0.0313739685369 0.0580359815076 0.101893379446
v -0.0313190778624 0.0578858509594 0.101823372421
v -0.0312546483206 0.0577388669883 0.10175483267
v -0.031180897921 0.0575955269415 0.101687992108
v -0.0310980762114 0.0574563158365 0.101623076904
v -0.0310064634342 0.0573217047194 0.101560306709
v -0.0309063695783 0.0571921490717 0.101499893919
v -0.0307981333294 0.0570680872688 0.10144204295
v -0.0306821209247 0.0569499390964 0.101386949552
v -0.0305587249136 0.0568381043307 0.101334800144
v -0.0304283628291 0.056732961385 0.101285771184
v -0.0302914757751 0.0566348660297 0.101240028568
v -0.0301485269342 0.0565441501886 0.101197727077
v -0.03 0.0564611208153 0.101159009844
v -0.0298463975406 0.056386058855 0.101124007877
v -0.0296882392981 0.0563192182935 0.101092839612
v -0.02952606043 0.0562608252981 0.101065610511
v -0.0293604096981 0.0562110774523 0.101042412709
v -0.0291918476122 0.056170143087 0.101023324701
v -0.029020944533 0.0561381607111 0.101008411074
v -0.0288482787424 0.056115238543 0.100997722292
v -0.0286744344867 0.0561014541439 0.100991294521
v -0.0285 0.0560968541559 0.100989149511
v 0.0285 0.0560968541559 0.100989149511
v 0.0315 0.058815777517 0.102257004297
v 0.0314949244748 0.0586576861834 0.102183285097
v 0.0314797150732 0.0585001297807 0.10210981534
v 0.031454423259 0.0583436414301 0.102036843624
v 0.0314191346117 0.0581887506386 0.101964616861
v 0.0313739685369 0.0580359815076 0.101893379446
v 0.0313190778624 0.0578858509594 0.101823372421
v 0.0312546483206 0.0577388669883 0.10175483267
v 0.031180897921 0.0575955269415 0.101687992108
v 0.0310980762114 0.0574563158365 0.101623076904
v 0.0310064634342 0.0573217047194 0.101560306709
v 0.0309063695783 0.0571921490717 0.101499893919
v 0.0307981333294 0.0570680872688 0.10144204295
v 0.0306821209247 0.0569499390964 0.101386949552
v 0.0305587249136 0.0568381043307 0.101334800144
v 0.0304283628291 0.056732961385 0.101285771184
v 0.0302914757751 0.0566348660297 0.101240028568
v 0.0301485269342 0.0565441501886 0.101197727077
v 0.03 0.0564611208153 0.101159009844
v 0.0298463975406 0.056386058855 0.101124007877
v 0.0296882392981 0.0563192182935 0.101092839612
v 0.02952606043 0.0562608252981 0.101065610511
v 0.0293604096981 0.0562110774523 0.101042412709
v 0.0291918476122 0.056170143087 0.101023324701
v 0.029020944533 0.0561381607111 0.101008411074
v 0.0288482787424 0.056115238543 0.100997722292
v 0.0286744344867 0.0561014541439 0.100991294521
v 0.0315 0.102318551295 0.12254268086
v 0.0314949244748 0.102476642628 0.12261640006
v 0.0314797150732 0.102634199031 0.122689869817
v 0.031454423259 0.102790687382 0.122762841533
v 0.0314191346117 0.102945578173 0.122835068295
v 0.0313739685369 0.103098347304 0.122906305711
v 0.0313190778624 0.103248477852 0.122976312735
v 0.0312546483206 0.103395461824 0.123044852487
v 0.031180897921 0.10353880187 0.123111693048
v 0.0310980762114 0.103678012975 0.123176608253
v 0.0310064634342 0.103812624092 0.123239378448
v 0.0309063695783 0.10394217974 0.123299791238
v 0.0307981333294 0.104066241543 0.123357642207
v 0.0306821209247 0.104184389715 0.123412735605
v 0.0305587249136 0.104296224481 0.123464885012
v 0.0304283628291 0.104401367427 0.123513913973
v 0.0302914757751 0.104499462782 0.123559656588
v 0.0301485269342 0.104590178623 0.12360195808
v 0.03 0.104673207996 0.123640675312
v 0.0298463975406 0.104748269957 0.123675677279
v 0.0296882392981 0.104815110518 0.123706845545
v 0.02952606043 0.104873503514 0.123734074646
v 0.0293604096981 0.10492325136 0.123757272448
v 0.0291918476122 0.104964185725 0.123776360456
v 0.029020944533 0.104996168101 0.123791274082
v 0.0288482787424 0.105019090269 0.123801962865
v 0.0286744344867 0.105032874668 0.123808390636
v 0.0285 0.105037474656 0.123810535645
v -0.0285 0.105037474656 0.123810535645
v -0.0314949244748 0.102476642628 0.12261640006
v -0.0314797150732 0.102634199031 0.122689869817
v -0.031454423259 0.102790687382 0.122762841533
v -0.0314191346117 0.102945578173 0.122835068295
v -0.0313739685369 0.103098347304 0.122906305711
v -0.0313190778624 0.103248477852 0.122976312735
v -0.0312546483206 0.103395461824 0.123044852487
v -0.031180897921 0.10353880187 0.123111693048
v -0.0310980762114 0.103678012975 0.123176608253
v -0.0310064634342 0.103812624092 0.123239378448
v -0.0309063695783 0.10394217974 0.123299791238
v -0.0307981333294 0.104066241543 0.123357642207
v -0.0306821209247 0.104184389715 0.123412735605
v -0.0305587249136 0.104296224481 0.123464885012
v -0.0304283628291 0.104401367427 0.123513913973
v -0.0302914757751 0.104499462782 0.123559656588
v -0.0301485269342 0.104590178623 0.12360195808
v -0.03 0.104673207996 0.123640675312
v -0.0298463975406 0.104748269957 0.123675677279
v -0.0296882392981 0.104815110518 0.123706845545
v -0.02952606043 0.104873503514 0.123734074646
v -0.0293604096981 0.10492325136 0.123757272448
v -0.0291918476122 0.104964185725 0.123776360456
v -0.029020944533 0.104996168101 0.123791274082
v -0.0288482787424 0.105019090269 0.123801962865
v -0.0286744344867 0.105032874668 0.123808390636
v -0.0248 0.0651599320263 0.105215332129
v -0.0248030427794 0.065252073676 0.105258298486
v -0.0248121602252 0.0653438854825 0.105301111034
v -0.0248273196994 0.0654350387834 0.105343616516
v -0.0248484669349 0.0655252072735 0.105385662774
v -0.0248755262302 0.065614068173 0.105427099292
v -0.0249084007199 0.065701303383 0.105467777738
v -0.024946972722 0.065786600624 0.105507552495
v -0.0249911041587 0.0658696545541 0.105546281179
v -0.0250406370509 0.0659501678617 0.105583825151
v -0.0250953940837 0.0660278523301 0.105620050013
v -0.0251551792411 0.0661024298691 0.105654826091
v -0.0252197785078 0.0661736335105 0.105688028894
v -0.0252889606352 0.0662412083636 0.105719539565
v -0.0253624779692 0.0663049125281 0.105749245305
v -0.0254400673368 0.0663645179595 0.105777039774
v -0.0255214509883 0.0664198112859 0.105802823476
v -0.0256063375913 0.0664705945715 0.105826504111
v -0.0256944232738 0.0665166860254 0.105847996909
v -0.0257853927119 0.0665579206522 0.105867224931
v -0.0258789202586 0.0665941508424 0.105884119346
v -0.0259746711096 0.0666252469015 0.105898619677
v -0.0260723025016 0.0666510975137 0.105910674015
v -0.0261714649397 0.0666716101405 0.10592023921
v -0.0262718034481 0.0666867113519 0.105927281021
v -0.0263729588409 0.0666963470896 0.105931774239
v -0.0264745690081 0.0667004828601 0.10593370278
v -0.0265762702116 0.0666991038585 0.105933059741
v -0.0266776983876 0.0666922150211 0.105929847424
v -0.0267784904494 0.0666798410084 0.105924077327
v -0.0268782855877 0.0666620261159 0.105915770106
v -0.0269767265618 0.0666388341165 0.105904955499
v -0.0270734609786 0.0666103480314 0.105891672219
v -0.0271681425538 0.0665766698334 0.105875967818
v -0.0272604323521 0.0665379200818 0.105857898512
v -0.02735 0.0664942374905 0.105837528985
v -0.0274365248685 0.0664457784321 0.105814932155
v -0.027519697221 0.0663927163772 0.105790188912
v -0.0275992193221 0.0663352412742 0.105763387832
v -0.0276748065033 0.0662735588692 0.105734624854
v -0.0277461881821 0.0662078899692 0.105704002943
v -0.0278131088307 0.0661384696517 0.105671631717
v -0.0278753288904 0.0660655464234 0.105637627057
v -0.0279326256297 0.0659893813306 0.105602110691
v -0.027984793941 0.0659102470247 0.105565209759
v -0.0280316470754 0.0658284267857 0.105527056355
v -0.0280730173108 0.065744213509 0.105487787059
v -0.0281087565525 0.0656579086562 0.105447542445
v -0.0281387368632 0.0655698211764 0.105406466578
v -0.0281628509212 0.0654802663998 0.1053647065
v -0.0281810124046 0.0653895649092 0.105322411701
v -0.0281931562998 0.0652980413925 0.105279733584
v -0.0281992391349 0.0652060234802 0.105236824927
v -0.0281992391349 0.0651138405724 0.105193839331
v -0.0281931562998 0.06502182266 0.105150930674
v -0.0281810124046 0.0649302991433 0.105108252557
v -0.0281628509212 0.0648395976528 0.105065957757
v -0.0281387368632 0.0647500428761 0.105024197679
v -0.0281087565525 0.0646619553963 0.104983121813
v -0.0280730173108 0.0645756505435 0.104942877199
v -0.0280316470754 0.0644914372668 0.104903607903
v -0.027984793941 0.0644096170279 0.104865454499
v -0.0279326256297 0.0643304827219 0.104828553566
v -0.0278753288904 0.0642543176291 0.1047930372
v -0.0278131088307 0.0641813944009 0.10475903254
v -0.0277461881821 0.0641119740834 0.104726661315
v -0.0276748065033 0.0640463051833 0.104696039404
v -0.0275992193221 0.0639846227783 0.104667276426
v -0.027519697221 0.0639271476754 0.104640475345
v -0.0274365248685 0.0638740856205 0.104615732103
v -0.02735 0.063825626562 0.104593135272
v -0.0272604323521 0.0637819439708 0.104572765746
v -0.0271681425538 0.0637431942191 0.10455469644
v -0.0270734609786 0.0637095160212 0.104538992038
v -0.0269767265618 0.0636810299361 0.104525708758
v -0.0268782855877 0.0636578379366 0.104514894152
v -0.0267784904494 0.0636400230442 0.104506586931
v -0.0266776983876 0.0636276490314 0.104500816834
v -0.0265762702116 0.0636207601941 0.104497604516
v -0.0264745690081 0.0636193811924 0.104496961477
v -0.0263729588409 0.063623516963 0.104498890019
v -0.0262718034481 0.0636331527007 0.104503383237
v -0.0261714649397 0.0636482539121 0.104510425047
v -0.0260723025016 0.0636687665388 0.104519990242
v -0.0259746711096 0.063694617151 0.104532044581
v -0.0258789202586 0.0637257132101 0.104546544911
v -0.0257853927119 0.0637619434004 0.104563439327
v -0.0256944232738 0.0638031780271 0.104582667349
v -0.0256063375913 0.063849269481 0.104604160147
v -0.0255214509883 0.0639000527666 0.104627840782
v -0.0254400673368 0.0639553460931 0.104653624483
v -0.0253624779692 0.0640149515245 0.104681418952
v -0.0252889606352 0.0640786556889 0.104711124692
v -0.0252197785078 0.0641462305421 0.104742635364
v -0.0251551792411 0.0642174341834 0.104775838167
v -0.0250953940837 0.0642920117224 0.104810614244
v -0.0250406370509 0.0643696961908 0.104846839107
v -0.0249911041587 0.0644502094985 0.104884383079
v -0.024946972722 0.0645332634285 0.104923111763
v -0.0249084007199 0.0646185606696 0.104962886519
v -0.0248755262302 0.0647057958795 0.105003564966
v -0.0248484669349 0.0647946567791 0.105045001484
v -0.0248273196994 0.0648848252692 0.105087047741
v -0.0248121602252 0.06497597857 0.105129553223
v -0.0248030427794 0.0650677903766 0.105172365772
v -0.0128 0.0696914709615 0.107328423437
v -0.0128021478443 0.069756512126 0.107358752631
v -0.0128085836884 0.06982132046 0.107388973253
v -0.0128192844937 0.0698856639665 0.107418977123
v -0.012834211954 0.0699493123124 0.107448656834
v -0.0128533126331 0.0700120376533 0.107477906141
v -0.0128765181552 0.0700736154485 0.107506620338
v -0.0129037454508 0.0701338252657 0.107534696637
v -0.0129348970532 0.0701924515693 0.107562034532
v -0.0129698614477 0.0702492844923 0.107588536159
v -0.0130085134708 0.0703041205877 0.10761410665
v -0.0130507147584 0.0703567635564 0.107638654469
v -0.0130963142408 0.0704070249503 0.107662091742
v -0.0131451486837 0.0704547248466 0.107684334569
v -0.0131970432724 0.0704996924921 0.107705303327
v -0.0132518122378 0.0705417669143 0.107724922952
v -0.0133092595212 0.0705807974977 0.107743123212
v -0.0133691794762 0.0706166445228 0.107759838954
v -0.013431357605 0.0706491796668 0.107775010341
v -0.013495571326 0.0706782864621 0.107788583063
v -0.0135615907708 0.070703860714 0.107800508532
v -0.0136291796068 0.0707258108734 0.10781074406
v -0.0136980958835 0.0707440583644 0.107819253004
v -0.0137680928986 0.0707585378656 0.107826004907
v -0.013838920081 0.0707691975442 0.107830975596
v -0.0139103238877 0.0707759992414 0.10783414728
v -0.0139820487116 0.0707789186089 0.107835508603
v -0.0140538377964 0.0707779451959 0.107835054693
v -0.0141254341559 0.0707730824872 0.107832787175
v -0.0141965814937 0.07076434789 0.107828714166
v -0.0142670251207 0.0707517726718 0.107822850245
v -0.0143365128672 0.0707354018486 0.107815216405
v -0.0144047959849 0.0707152940239 0.107805839972
v -0.014471630038 0.0706915211782 0.107794754512
v -0.014536775778 0.0706641684124 0.107781999708
v -0.0146 0.0706333336421 0.107767621218
v -0.0146610763777 0.0705991272479 0.107751670515
v -0.0147197862736 0.0705616716797 0.107734204697
v -0.0147759195215 0.0705211010188 0.107715286287
v -0.0148292751788 0.0704775604977 0.107694983008
v -0.0148796622462 0.07043120598 0.107673367542
v -0.0149269003511 0.0703822034029 0.107650517265
v -0.0149708203932 0.070330728183 0.107626513975
v -0.0150112651504 0.0702769645881 0.107601443599
v -0.0150480898407 0.070221105078 0.107575395882
v -0.0150811626415 0.0701633496152 0.107548464067
v -0.0151103651606 0.0701039049493 0.107520744564
v -0.0151355928606 0.0700429838767 0.107492336602
v -0.0151567554328 0.0699808044792 0.107463341873
v -0.0151737771209 0.0699175893427 0.10743386417
v -0.0151865969915 0.0698535647612 0.107404009018
v -0.0151951691528 0.0697889599259 0.107373883288
v -0.0151994629187 0.0697240061054 0.107343594824
v -0.0151994629187 0.0696589358175 0.107313252051
v -0.0151951691528 0.069593981997 0.107282963587
v -0.0151865969915 0.0695293771617 0.107252837857
v -0.0151737771209 0.0694653525802 0.107222982705
v -0.0151567554328 0.0694021374437 0.107193505002
v -0.0151355928606 0.0693399580462 0.107164510273
v -0.0151103651606 0.0692790369736 0.10713610231
v -0.0150811626415 0.0692195923077 0.107108382808
v -0.0150480898407 0.0691618368449 0.107081450993
v -0.0150112651504 0.0691059773348 0.107055403276
v -0.0149708203932 0.0690522137399 0.1070303329
v -0.0149269003511 0.06900073852 0.10700632961
v -0.0148796622462 0.0689517359429 0.106983479333
v -0.0148292751788 0.0689053814252 0.106961863867
v -0.0147759195215 0.0688618409041 0.106941560588
v -0.0147197862736 0.0688212702432 0.106922642178
v -0.0146610763777 0.068783814675 0.10690517636
v -0.0146 0.0687496082808 0.106889225657
v -0.014536775778 0.0687187735105 0.106874847167
v -0.014471630038 0.0686914207447 0.106862092363
v -0.0144047959849 0.068667647899 0.106851006903
v -0.0143365128672 0.0686475400743 0.10684163047
v -0.0142670251207 0.0686311692511 0.10683399663
v -0.0141965814937 0.0686185940329 0.106828132709
v -0.0141254341559 0.0686098594357 0.1068240597
v -0.0140538377964 0.068604996727 0.106821792182
v -0.0139820487116 0.068604023314 0.106821338272
v -0.0139103238877 0.0686069426815 0.106822699595
v -0.013838920081 0.0686137443787 0.106825871279
v -0.0137680928986 0.0686244040573 0.106830841968
v -0.0136980958835 0.0686388835585 0.106837593871
v -0.0136291796068 0.0686571310495 0.106846102815
v -0.0135615907708 0.0686790812089 0.106856338343
v -0.013495571326 0.0687046554608 0.106868263812
v -0.013431357605 0.0687337622561 0.106881836534
v -0.0133691794762 0.0687662974001 0.106897007921
v -0.0133092595212 0.0688021444252 0.106913723663
v -0.0132518122378 0.0688411750086 0.106931923923
v -0.0131970432724 0.0688832494308 0.106951543548
v -0.0131451486837 0.0689282170763 0.106972512306
v -0.0130963142408 0.0689759169726 0.106994755133
v -0.0130507147584 0.0690261783665 0.107018192406
v -0.0130085134708 0.0690788213352 0.107042740225
v -0.0129698614477 0.0691336574306 0.107068310716
v -0.0129348970532 0.0691904903536 0.107094812343
v -0.0129037454508 0.0692491166572 0.107122150238
v -0.0128765181552 0.0693093264744 0.107150226537
v -0.0128533126331 0.0693709042696 0.107178940734
v -0.012834211954 0.0694336296105 0.107208190041
v -0.0128192844937 0.0694972779564 0.107237869752
v -0.0128085836884 0.0695616214629 0.107267873622
v -0.0128021478443 0.0696264297969 0.107298094244
v 0.0152 0.0696914709615 0.107328423437
v 0.0151978521557 0.069756512126 0.107358752631
v 0.0151914163116 0.06982132046 0.107388973253
v 0.0151807155063 0.0698856639665 0.107418977123
v 0.015165788046 0.0699493123124 0.107448656834
v 0.0151466873669 0.0700120376533 0.107477906141
v 0.0151234818448 0.0700736154485 0.107506620338
v 0.0150962545492 0.0701338252657 0.107534696637
v 0.0150651029468 0.0701924515693 0.107562034532
v 0.0150301385523 0.0702492844923 0.107588536159
v 0.0149914865292 0.0703041205877 0.10761410665
v 0.0149492852416 0.0703567635564 0.107638654469
v 0.0149036857592 0.0704070249503 0.107662091742
v 0.0148548513163 0.0704547248466 0.107684334569
v 0.0148029567276 0.0704996924921 0.107705303327
v 0.0147481877622 0.0705417669143 0.107724922952
v 0.0146907404788 0.0705807974977 0.107743123212
v 0.0146308205238 0.0706166445228 0.107759838954
v 0.014568642395 0.0706491796668 0.107775010341
v 0.014504428674 0.0706782864621 0.107788583063
v 0.0144384092292 0.070703860714 0.107800508532
v 0.0143708203932 0.0707258108734 0.10781074406
v 0.0143019041165 0.0707440583644 0.107819253004
v 0.0142319071014 0.0707585378656 0.107826004907
v 0.014161079919 0.0707691975442 0.107830975596
v 0.0140896761123 0.0707759992414 0.10783414728
v 0.0140179512884 0.0707789186089 0.107835508603
v 0.0139461622036 0.0707779451959 0.107835054693
v 0.0138745658441 0.0707730824872 0.107832787175
v 0.0138034185063 0.07076434789 0.107828714166
v 0.0137329748793 0.0707517726718 0.107822850245
v 0.0136634871328 0.0707354018486 0.107815216405
v 0.0135952040151 0.0707152940239 0.107805839972
v 0.013528369962 0.0706915211782 0.107794754512
v 0.013463224222 0.0706641684124 0.107781999708
v 0.0134 0.0706333336421 0.107767621218
v 0.0133389236223 0.0705991272479 0.107751670515
v 0.0132802137264 0.0705616716797 0.107734204697
v 0.0132240804785 0.0705211010188 0.107715286287
v 0.0131707248212 0.0704775604977 0.107694983008
v 0.0131203377538 0.07043120598 0.107673367542
v 0.0130730996489 0.0703822034029 0.107650517265
v 0.0130291796068 0.070330728183 0.107626513975
v 0.0129887348496 0.0702769645881 0.107601443599
v 0.0129519101593 0.070221105078 0.107575395882
v 0.0129188373585 0.0701633496152 0.107548464067
v 0.0128896348394 0.0701039049493 0.107520744564
v 0.0128644071394 0.0700429838767 0.107492336602
v 0.0128432445672 0.0699808044792 0.107463341873
v 0.0128262228791 0.0699175893427 0.10743386417
v 0.0128134030085 0.0698535647612 0.107404009018
v 0.0128048308472 0.0697889599259 0.107373883288
v 0.0128005370813 0.0697240061054 0.107343594824
v 0.0128005370813 0.0696589358175 0.107313252051
v 0.0128048308472 0.069593981997 0.107282963587
v 0.0128134030085 0.0695293771617 0.107252837857
v 0.0128262228791 0.0694653525802 0.107222982705
v 0.0128432445672 0.0694021374437 0.107193505002
v 0.0128644071394 0.0693399580462 0.107164510273
v 0.0128896348394 0.0692790369736 0.10713610231
v 0.0129188373585 0.0692195923077 0.107108382808
v 0.0129519101593 0.0691618368449 0.107081450993
v 0.0129887348496 0.0691059773348 0.107055403276
v 0.0130291796068 0.0690522137399 0.1070303329
v 0.0130730996489 0.06900073852 0.10700632961
v 0.0131203377538 0.0689517359429 0.106983479333
v 0.0131707248212 0.0689053814252 0.106961863867
v 0.0132240804785 0.0688618409041 0.106941560588
v 0.0132802137264 0.0688212702432 0.106922642178
v 0.0133389236223 0.068783814675 0.10690517636
v 0.0134 0.0687496082808 0.106889225657
v 0.013463224222 0.0687187735105 0.106874847167
v 0.013528369962 0.0686914207447 0.106862092363
v 0.0135952040151 0.068667647899 0.106851006903
v 0.0136634871328 0.0686475400743 0.10684163047
v 0.0137329748793 0.0686311692511 0.10683399663
v 0.0138034185063 0.0686185940329 0.106828132709
v 0.0138745658441 0.0686098594357 0.1068240597
v 0.0139461622036 0.068604996727 0.106821792182
v 0.0140179512884 0.068604023314 0.106821338272
v 0.0140896761123 0.0686069426815 0.106822699595
v 0.014161079919 0.0686137443787 0.106825871279
v 0.0142319071014 0.0686244040573 0.106830841968
v 0.0143019041165 0.0686388835585 0.106837593871
v 0.0143708203932 0.0686571310495 0.106846102815
v 0.0144384092292 0.0686790812089 0.106856338343
v 0.014504428674 0.0687046554608 0.106868263812
v 0.014568642395 0.0687337622561 0.106881836534
v 0.0146308205238 0.0687662974001 0.106897007921
v 0.0146907404788 0.0688021444252 0.106913723663
v 0.0147481877622 0.0688411750086 0.106931923923
v 0.0148029567276 0.0688832494308 0.106951543548
v 0.0148548513163 0.0689282170763 0.106972512306
v 0.0149036857592 0.0689759169726 0.106994755133
v 0.0149492852416 0.0690261783665 0.107018192406
v 0.0149914865292 0.0690788213352 0.107042740225
v 0.0150301385523 0.0691336574306 0.107068310716
v 0.0150651029468 0.0691904903536 0.107094812343
v 0.0150962545492 0.0692491166572 0.107122150238
v 0.0151234818448 0.0693093264744 0.107150226537
v 0.0151466873669 0.0693709042696 0.107178940734
v 0.015165788046 0.0694336296105 0.107208190041
v 0.0151807155063 0.0694972779564 0.107237869752
v 0.0151914163116 0.0695616214629 0.107267873622
v 0.0151978521557 0.0696264297969 0.107298094244
v 0.0282 0.0651599320263 0.105215332129
v 0.0281969572206 0.065252073676 0.105258298486
v 0.0281878397748 0.0653438854825 0.105301111034
v 0.0281726803006 0.0654350387834 0.105343616516
v 0.0281515330651 0.0655252072735 0.105385662774
v 0.0281244737698 0.065614068173 0.105427099292
v 0.0280915992801 0.065701303383 0.105467777738
v 0.028053027278 0.065786600624 0.105507552495
v 0.0280088958413 0.0658696545541 0.105546281179
v 0.0279593629491 0.0659501678617 0.105583825151
v 0.0279046059163 0.0660278523301 0.105620050013
v 0.0278448207589 0.0661024298691 0.105654826091
v 0.0277802214922 0.0661736335105 0.105688028894
v 0.0277110393648 0.0662412083636 0.105719539565
v 0.0276375220308 0.0663049125281 0.105749245305
v 0.0275599326632 0.0663645179595 0.105777039774
v 0.0274785490117 0.0664198112859 0.105802823476
v 0.0273936624087 0.0664705945715 0.105826504111
v 0.0273055767262 0.0665166860254 0.105847996909
v 0.0272146072881 0.0665579206522 0.105867224931
v 0.0271210797414 0.0665941508424 0.105884119346
v 0.0270253288904 0.0666252469015 0.105898619677
v 0.0269276974984 0.0666510975137 0.105910674015
v 0.0268285350603 0.0666716101405 0.10592023921
v 0.0267281965519 0.0666867113519 0.105927281021
v 0.0266270411591 0.0666963470896 0.105931774239
v 0.0265254309919 0.0667004828601 0.10593370278
v 0.0264237297884 0.0666991038585 0.105933059741
v 0.0263223016124 0.0666922150211 0.105929847424
v 0.0262215095506 0.0666798410084 0.105924077327
v 0.0261217144123 0.0666620261159 0.105915770106
v 0.0260232734382 0.0666388341165 0.105904955499
v 0.0259265390214 0.0666103480314 0.105891672219
v 0.0258318574462 0.0665766698334 0.105875967818
v 0.0257395676479 0.0665379200818 0.105857898512
v 0.02565 0.0664942374905 0.105837528985
v 0.0255634751315 0.0664457784321 0.105814932155
v 0.025480302779 0.0663927163772 0.105790188912
v 0.0254007806779 0.0663352412742 0.105763387832
v 0.0253251934967 0.0662735588692 0.105734624854
v 0.0252538118179 0.0662078899692 0.105704002943
v 0.0251868911693 0.0661384696517 0.105671631717
v 0.0251246711096 0.0660655464234 0.105637627057
v 0.0250673743703 0.0659893813306 0.105602110691
v 0.025015206059 0.0659102470247 0.105565209759
v 0.0249683529246 0.0658284267857 0.105527056355
v 0.0249269826892 0.065744213509 0.105487787059
v 0.0248912434475 0.0656579086562 0.105447542445
v 0.0248612631368 0.0655698211764 0.105406466578
v 0.0248371490788 0.0654802663998 0.1053647065
v 0.0248189875954 0.0653895649092 0.105322411701
v 0.0248068437002 0.0652980413925 0.105279733584
v 0.0248007608651 0.0652060234802 0.105236824927
v 0.0248007608651 0.0651138405724 0.105193839331
v 0.0248068437002 0.06502182266 0.105150930674
v 0.0248189875954 0.0649302991433 0.105108252557
v 0.0248371490788 0.0648395976528 0.105065957757
v 0.0248612631368 0.0647500428761 0.105024197679
v 0.0248912434475 0.0646619553963 0.104983121813
v 0.0249269826892 0.0645756505435 0.104942877199
v 0.0249683529246 0.0644914372668 0.104903607903
v 0.025015206059 0.0644096170279 0.104865454499
v 0.0250673743703 0.0643304827219 0.104828553566
v 0.0251246711096 0.0642543176291 0.1047930372
v 0.0251868911693 0.0641813944009 0.10475903254
v 0.0252538118179 0.0641119740834 0.104726661315
v 0.0253251934967 0.0640463051833 0.104696039404
v 0.0254007806779 0.0639846227783 0.104667276426
v 0.025480302779 0.0639271476754 0.104640475345
v 0.0255634751315 0.0638740856205 0.104615732103
v 0.02565 0.063825626562 0.104593135272
v 0.0257395676479 0.0637819439708 0.104572765746
v 0.0258318574462 0.0637431942191 0.10455469644
v 0.0259265390214 0.0637095160212 0.104538992038
v 0.0260232734382 0.0636810299361 0.104525708758
v 0.0261217144123 0.0636578379366 0.104514894152
v 0.0262215095506 0.0636400230442 0.104506586931
v 0.0263223016124 0.0636276490314 0.104500816834
v 0.0264237297884 0.0636207601941 0.104497604516
v 0.0265254309919 0.0636193811924 0.104496961477
v 0.0266270411591 0.063623516963 0.104498890019
v 0.0267281965519 0.0636331527007 0.104503383237
v 0.0268285350603 0.0636482539121 0.104510425047
v 0.0269276974984 0.0636687665388 0.104519990242
v 0.0270253288904 0.063694617151 0.104532044581
v 0.0271210797414 0.0637257132101 0.104546544911
v 0.0272146072881 0.0637619434004 0.104563439327
v 0.0273055767262 0.0638031780271 0.104582667349
v 0.0273936624087 0.063849269481 0.104604160147
v 0.0274785490117 0.0639000527666 0.104627840782
v 0.0275599326632 0.0639553460931 0.104653624483
v 0.0276375220308 0.0640149515245 0.104681418952
v 0.0277110393648 0.0640786556889 0.104711124692
v 0.0277802214922 0.0641462305421 0.104742635364
v 0.0278448207589 0.0642174341834 0.104775838167
v 0.0279046059163 0.0642920117224 0.104810614244
v 0.0279593629491 0.0643696961908 0.104846839107
v 0.0280088958413 0.0644502094985 0.104884383079
v 0.028053027278 0.0645332634285 0.104923111763
v 0.0280915992801 0.0646185606696 0.104962886519
v 0.0281244737698 0.0647057958795 0.105003564966
v 0.0281515330651 0.0647946567791 0.105045001484
v 0.0281726803006 0.0648848252692 0.105087047741
v 0.0281878397748 0.06497597857 0.105129553223
v 0.0281969572206 0.0650677903766 0.105172365772
v -0.0117 0.083286087767 0.113667697364
v -0.0117 0.0814734721929 0.11282246084
v -0.011697014344 0.083377361179 0.113710258855
v -0.0116880678632 0.0834683139899 0.113752670847
v -0.0116731919825 0.0835586267245 0.113794784367
v -0.0116524389539 0.083647982156 0.113836451489
v -0.0116258816733 0.0837360664203 0.113877525856
v -0.0115936134239 0.0838225701182 0.113917863192
v -0.0115557475493 0.0839071894023 0.113957321813
v -0.0115124170547 0.0839896270442 0.113995763116
v -0.01146377414 0.0840695934787 0.114033052077
v -0.0114099896653 0.0841468078209 0.114069057716
v -0.0113512525504 0.0842209988525 0.114103653562
v -0.0112877691117 0.0842919059748 0.114136718097
v -0.011219762337 0.0843592801239 0.114168135178
v -0.0111474711026 0.0844228846458 0.114197794454
v -0.0110711493341 0.0844824961271 0.114225591744
v -0.0109910651145 0.0845379051805 0.11425142941
v -0.0109074997425 0.0845889171795 0.114275216696
v -0.0108207467446 0.0846353529427 0.114296870048
v -0.0107311108439 0.0846770493628 0.114316313408
v -0.0106389068896 0.0847138599795 0.11433347848
v -0.0105444587516 0.0847456554943 0.114348304972
v -0.0104480981823 0.0847723242242 0.114360740805
v -0.0103501636519 0.0847937724943 0.114370742298
v -0.0102509991588 0.0848099249669 0.11437827432
v -0.010150953022 0.0848207249057 0.114383310414
v -0.0100503766573 0.0848261343756 0.114385832891
v -0.0099496233427 0.0848261343756 0.114385832891
v -0.00984904697795 0.0848207249057 0.114383310414
v -0.0097490008412 0.0848099249669 0.11437827432
v -0.00964983634814 0.0847937724943 0.114370742298
v -0.00955190181768 0.0847723242242 0.114360740805
v -0.00945554124843 0.0847456554943 0.114348304972
v -0.00936109311041 0.0847138599795 0.11433347848
v -0.00926888915613 0.0846770493628 0.114316313408
v -0.00917925325536 0.0846353529427 0.114296870048
v -0.00909250025746 0.0845889171795 0.114275216696
v -0.00900893488551 0.0845379051805 0.11425142941
v -0.00892885066591 0.0844824961271 0.114225591744
v -0.00885252889742 0.0844228846458 0.114197794454
v -0.00878023766302 0.0843592801239 0.114168135178
v -0.00871223088833 0.0842919059748 0.114136718097
v -0.0086487474496 0.0842209988525 0.114103653562
v -0.00859001033473 0.0841468078209 0.114069057716
v -0.00853622586 0.0840695934787 0.114033052077
v -0.00848758294531 0.0839896270442 0.113995763116
v -0.00844425245069 0.0839071894023 0.113957321813
v -0.00840638657607 0.0838225701182 0.113917863192
v -0.00837411832673 0.0837360664203 0.113877525856
v -0.00834756104606 0.083647982156 0.113836451489
v -0.00832680801749 0.0835586267245 0.113794784367
v -0.00831193213678 0.0834683139899 0.113752670847
v -0.008302985656 0.083377361179 0.113710258855
v -0.0083 0.083286087767 0.113667697364
v -0.0083 0.0814734721929 0.11282246084
v -0.008302985656 0.0813821987809 0.112779899349
v -0.00831193213678 0.0812912459701 0.112737487357
v -0.00832680801749 0.0812009332355 0.112695373837
v -0.00834756104606 0.0811115778039 0.112653706715
v -0.00837411832673 0.0810234935396 0.112612632348
v -0.00840638657607 0.0809369898417 0.112572295011
v -0.00844425245069 0.0808523705577 0.112532836391
v -0.00848758294531 0.0807699329157 0.112494395087
v -0.00853622586 0.0806899664812 0.112457106127
v -0.00859001033473 0.080612752139 0.112421100487
v -0.0086487474496 0.0805385611075 0.112386504641
v -0.00871223088833 0.0804676539852 0.112353440107
v -0.00878023766302 0.080400279836 0.112322023025
v -0.00885252889742 0.0803366753142 0.11229236375
v -0.00892885066591 0.0802770638328 0.112264566459
v -0.00900893488551 0.0802216547794 0.112238728794
v -0.00909250025746 0.0801706427804 0.112214941508
v -0.00917925325536 0.0801242070172 0.112193288156
v -0.00926888915613 0.0800825105971 0.112173844796
v -0.00936109311041 0.0800456999804 0.112156679723
v -0.00945554124843 0.0800139044656 0.112141853231
v -0.00955190181768 0.0799872357357 0.112129417398
v -0.00964983634814 0.0799657874656 0.112119415906
v -0.0097490008412 0.079949634993 0.112111883884
v -0.00984904697795 0.0799388350542 0.11210684779
v -0.0099496233427 0.0799334255844 0.112104325313
v -0.0100503766573 0.0799334255844 0.112104325313
v -0.010150953022 0.0799388350542 0.11210684779
v -0.0102509991588 0.079949634993 0.112111883884
v -0.0103501636519 0.0799657874656 0.112119415906
v -0.0104480981823 0.0799872357357 0.112129417398
v -0.0105444587516 0.0800139044656 0.112141853231
v -0.0106389068896 0.0800456999804 0.112156679723
v -0.0107311108439 0.0800825105971 0.112173844796
v -0.0108207467446 0.0801242070172 0.112193288156
v -0.0109074997425 0.0801706427804 0.112214941508
v -0.0109910651145 0.0802216547794 0.112238728794
v -0.0110711493341 0.0802770638328 0.112264566459
v -0.0111474711026 0.0803366753142 0.11229236375
v -0.011219762337 0.080400279836 0.112322023025
v -0.0112877691117 0.0804676539852 0.112353440107
v -0.0113512525504 0.0805385611075 0.112386504641
v -0.0114099896653 0.080612752139 0.112421100487
v -0.01146377414 0.0806899664812 0.112457106127
v -0.0115124170547 0.0807699329157 0.112494395087
v -0.0115557475493 0.0808523705577 0.112532836391
v -0.0115936134239 0.0809369898417 0.112572295011
v -0.0116258816733 0.0810234935396 0.112612632348
v -0.0116524389539 0.0811115778039 0.112653706715
v -0.0116731919825 0.0812009332355 0.112695373837
v -0.0116880678632 0.0812912459701 0.112737487357
v -0.011697014344 0.0813821987809 0.112779899349
v -0.0128 0.0950680889985 0.119161734766
v -0.0128021478443 0.095133130163 0.119192063959
v -0.0128085836884 0.095197938497 0.119222284582
v -0.0128192844937 0.0952622820035 0.119252288452
v -0.012834211954 0.0953259303494 0.119281968163
v -0.0128533126331 0.0953886556903 0.11931121747
v -0.0128765181552 0.0954502334856 0.119339931667
v -0.0129037454508 0.0955104433027 0.119368007966
v -0.0129348970532 0.0955690696063 0.11939534586
v -0.0129698614477 0.0956259025294 0.119421847487
v -0.0130085134708 0.0956807386247 0.119447417979
v -0.0130507147584 0.0957333815934 0.119471965798
v -0.0130963142408 0.0957836429873 0.119495403071
v -0.0131451486837 0.0958313428836 0.119517645898
v -0.0131970432724 0.0958763105291 0.119538614655
v -0.0132518122378 0.0959183849513 0.119558234281
v -0.0133092595212 0.0959574155347 0.119576434541
v -0.0133691794762 0.0959932625598 0.119593150283
v -0.013431357605 0.0960257977038 0.11960832167
v -0.013495571326 0.0960549044991 0.119621894391
v -0.0135615907708 0.0960804787511 0.119633819861
v -0.0136291796068 0.0961024289104 0.119644055388
v -0.0136980958835 0.0961206764014 0.119652564333
v -0.0137680928986 0.0961351559026 0.119659316235
v -0.013838920081 0.0961458155813 0.119664286925
v -0.0139103238877 0.0961526172785 0.119667458609
v -0.0139820487116 0.0961555366459 0.119668819932
v -0.0140538377964 0.096154563233 0.119668366022
v -0.0141254341559 0.0961497005243 0.119666098504
v -0.0141965814937 0.096140965927 0.119662025494
v -0.0142670251207 0.0961283907088 0.119656161574
v -0.0143365128672 0.0961120198857 0.119648527733
v -0.0144047959849 0.0960919120609 0.119639151301
v -0.014471630038 0.0960681392153 0.119628065841
v -0.014536775778 0.0960407864494 0.119615311037
v -0.0146 0.0960099516791 0.119600932547
v -0.0146610763777 0.0959757452849 0.119584981844
v -0.0147197862736 0.0959382897168 0.119567516025
v -0.0147759195215 0.0958977190559 0.119548597615
v -0.0148292751788 0.0958541785347 0.119528294337
v -0.0148796622462 0.095807824017 0.11950667887
v -0.0149269003511 0.0957588214399 0.119483828593
v -0.0149708203932 0.09570734622 0.119459825304
v -0.0150112651504 0.0956535826251 0.119434754928
v -0.0150480898407 0.095597723115 0.119408707211
v -0.0150811626415 0.0955399676522 0.119381775396
v -0.0151103651606 0.0954805229863 0.119354055893
v -0.0151355928606 0.0954196019138 0.119325647931
v -0.0151567554328 0.0953574225162 0.119296653201
v -0.0151737771209 0.0952942073798 0.119267175499
v -0.0151865969915 0.0952301827982 0.119237320346
v -0.0151951691528 0.0951655779629 0.119207194617
v -0.0151994629187 0.0951006241424 0.119176906153
v -0.0151994629187 0.0950355538545 0.119146563379
v -0.0151951691528 0.0949706000341 0.119116274916
v -0.0151865969915 0.0949059951988 0.119086149186
v -0.0151737771209 0.0948419706172 0.119056294033
v -0.0151567554328 0.0947787554807 0.119026816331
v -0.0151355928606 0.0947165760832 0.118997821602
v -0.0151103651606 0.0946556550107 0.118969413639
v -0.0150811626415 0.0945962103448 0.118941694136
v -0.0150480898407 0.094538454882 0.118914762322
v -0.0150112651504 0.0944825953719 0.118888714604
v -0.0149708203932 0.094428831777 0.118863644228
v -0.0149269003511 0.094377356557 0.118839640939
v -0.0148796622462 0.09432835398 0.118816790662
v -0.0148292751788 0.0942819994623 0.118795175195
v -0.0147759195215 0.0942384589411 0.118774871917
v -0.0147197862736 0.0941978882802 0.118755953507
v -0.0146610763777 0.094160432712 0.118738487689
v -0.0146 0.0941262263178 0.118722536985
v -0.014536775778 0.0940953915475 0.118708158496
v -0.014471630038 0.0940680387817 0.118695403692
v -0.0144047959849 0.0940442659361 0.118684318232
v -0.0143365128672 0.0940241581113 0.118674941799
v -0.0142670251207 0.0940077872881 0.118667307959
v -0.0141965814937 0.0939952120699 0.118661444038
v -0.0141254341559 0.0939864774727 0.118657371029
v -0.0140538377964 0.093981614764 0.11865510351
v -0.0139820487116 0.0939806413511 0.1186546496
v -0.0139103238877 0.0939835607185 0.118656010924
v -0.013838920081 0.0939903624157 0.118659182607
v -0.0137680928986 0.0940010220943 0.118664153297
v -0.0136980958835 0.0940155015956 0.118670905199
v -0.0136291796068 0.0940337490865 0.118679414144
v -0.0135615907708 0.0940556992459 0.118689649672
v -0.013495571326 0.0940812734979 0.118701575141
v -0.013431357605 0.0941103802932 0.118715147863
v -0.0133691794762 0.0941429154371 0.118730319249
v -0.0133092595212 0.0941787624623 0.118747034992
v -0.0132518122378 0.0942177930456 0.118765235252
v -0.0131970432724 0.0942598674678 0.118784854877
v -0.0131451486837 0.0943048351133 0.118805823634
v -0.0130963142408 0.0943525350096 0.118828066461
v -0.0130507147584 0.0944027964035 0.118851503734
v -0.0130085134708 0.0944554393722 0.118876051554
v -0.0129698614477 0.0945102754676 0.118901622045
v -0.0129348970532 0.0945671083906 0.118928123672
v -0.0129037454508 0.0946257346942 0.118955461567
v -0.0128765181552 0.0946859445114 0.118983537865
v -0.0128533126331 0.0947475223067 0.119012252063
v -0.012834211954 0.0948102476475 0.11904150137
v -0.0128192844937 0.0948738959935 0.119071181081
v -0.0128085836884 0.0949382395 0.119101184951
v -0.0128021478443 0.095003047834 0.119131405573
v 0.0083 0.083286087767 0.113667697364
v 0.0083 0.0814734721929 0.11282246084
v 0.008302985656 0.083377361179 0.113710258855
v 0.00831193213678 0.0834683139899 0.113752670847
v 0.00832680801749 0.0835586267245 0.113794784367
v 0.00834756104606 0.083647982156 0.113836451489
v 0.00837411832673 0.0837360664203 0.113877525856
v 0.00840638657607 0.0838225701182 0.113917863192
v 0.00844425245069 0.0839071894023 0.113957321813
v 0.00848758294531 0.0839896270442 0.113995763116
v 0.00853622586 0.0840695934787 0.114033052077
v 0.00859001033473 0.0841468078209 0.114069057716
v 0.0086487474496 0.0842209988525 0.114103653562
v 0.00871223088833 0.0842919059748 0.114136718097
v 0.00878023766302 0.0843592801239 0.114168135178
v 0.00885252889742 0.0844228846458 0.114197794454
v 0.00892885066591 0.0844824961271 0.114225591744
v 0.00900893488551 0.0845379051805 0.11425142941
v 0.00909250025746 0.0845889171795 0.114275216696
v 0.00917925325536 0.0846353529427 0.114296870048
v 0.00926888915613 0.0846770493628 0.114316313408
v 0.00936109311041 0.0847138599795 0.11433347848
v 0.00945554124843 0.0847456554943 0.114348304972
v 0.00955190181768 0.0847723242242 0.114360740805
v 0.00964983634814 0.0847937724943 0.114370742298
v 0.0097490008412 0.0848099249669 0.11437827432
v 0.00984904697795 0.0848207249057 0.114383310414
v 0.0099496233427 0.0848261343756 0.114385832891
v 0.0100503766573 0.0848261343756 0.114385832891
v 0.010150953022 0.0848207249057 0.114383310414
v 0.0102509991588 0.0848099249669 0.11437827432
v 0.0103501636519 0.0847937724943 0.114370742298
v 0.0104480981823 0.0847723242242 0.114360740805
v 0.0105444587516 0.0847456554943 0.114348304972
v 0.0106389068896 0.0847138599795 0.11433347848
v 0.0107311108439 0.0846770493628 0.114316313408
v 0.0108207467446 0.0846353529427 0.114296870048
v 0.0109074997425 0.0845889171795 0.114275216696
v 0.0109910651145 0.0845379051805 0.11425142941
v 0.0110711493341 0.0844824961271 0.114225591744
v 0.0111474711026 0.0844228846458 0.114197794454
v 0.011219762337 0.0843592801239 0.114168135178
v 0.0112877691117 0.0842919059748 0.114136718097
v 0.0113512525504 0.0842209988525 0.114103653562
v 0.0114099896653 0.0841468078209 0.114069057716
v 0.01146377414 0.0840695934787 0.114033052077
v 0.0115124170547 0.0839896270442 0.113995763116
v 0.0115557475493 0.0839071894023 0.113957321813
v 0.0115936134239 0.0838225701182 0.113917863192
v 0.0116258816733 0.0837360664203 0.113877525856
v 0.0116524389539 0.083647982156 0.113836451489
v 0.0116731919825 0.0835586267245 0.113794784367
v 0.0116880678632 0.0834683139899 0.113752670847
v 0.011697014344 0.083377361179 0.113710258855
v 0.0117 0.083286087767 0.113667697364
v 0.0117 0.0814734721929 0.11282246084
v 0.011697014344 0.0813821987809 0.112779899349
v 0.0116880678632 0.0812912459701 0.112737487357
v 0.0116731919825 0.0812009332355 0.112695373837
v 0.0116524389539 0.0811115778039 0.112653706715
v 0.0116258816733 0.0810234935396 0.112612632348
v 0.0115936134239 0.0809369898417 0.112572295011
v 0.0115557475493 0.0808523705577 0.112532836391
v 0.0115124170547 0.0807699329157 0.112494395087
v 0.01146377414 0.0806899664812 0.112457106127
v 0.0114099896653 0.080612752139 0.112421100487
v 0.0113512525504 0.0805385611075 0.112386504641
v 0.0112877691117 0.0804676539852 0.112353440107
v 0.011219762337 0.080400279836 0.112322023025
v 0.0111474711026 0.0803366753142 0.11229236375
v 0.0110711493341 0.0802770638328 0.112264566459
v 0.0109910651145 0.0802216547794 0.112238728794
v 0.0109074997425 0.0801706427804 0.112214941508
v 0.0108207467446 0.0801242070172 0.112193288156
v 0.0107311108439 0.0800825105971 0.112173844796
v 0.0106389068896 0.0800456999804 0.112156679723
v 0.0105444587516 0.0800139044656 0.112141853231
v 0.0104480981823 0.0799872357357 0.112129417398
v 0.0103501636519 0.0799657874656 0.112119415906
v 0.0102509991588 0.079949634993 0.112111883884
v 0.010150953022 0.0799388350542 0.11210684779
v 0.0100503766573 0.0799334255844 0.112104325313
v 0.0099496233427 0.0799334255844 0.112104325313
v 0.00984904697795 0.0799388350542 0.11210684779
v 0.0097490008412 0.079949634993 0.112111883884
v 0.00964983634814 0.0799657874656 0.112119415906
v 0.00955190181768 0.0799872357357 0.112129417398
v 0.00945554124843 0.0800139044656 0.112141853231
v 0.00936109311041 0.0800456999804 0.112156679723
v 0.00926888915613 0.0800825105971 0.112173844796
v 0.00917925325536 0.0801242070172 0.112193288156
v 0.00909250025746 0.0801706427804 0.112214941508
v 0.00900893488551 0.0802216547794 0.112238728794
v 0.00892885066591 0.0802770638328 0.112264566459
v 0.00885252889742 0.0803366753142 0.11229236375
v 0.00878023766302 0.080400279836 0.112322023025
v 0.00871223088833 0.0804676539852 0.112353440107
v 0.0086487474496 0.0805385611075 0.112386504641
v 0.00859001033473 0.080612752139 0.112421100487
v 0.00853622586 0.0806899664812 0.112457106127
v 0.00848758294531 0.0807699329157 0.112494395087
v 0.00844425245069 0.0808523705577 0.112532836391
v 0.00840638657607 0.0809369898417 0.112572295011
v 0.00837411832673 0.0810234935396 0.112612632348
v 0.00834756104606 0.0811115778039 0.112653706715
v 0.00832680801749 0.0812009332355 0.112695373837
v 0.00831193213678 0.0812912459701 0.112737487357
v 0.008302985656 0.0813821987809 0.112779899349
v 0.0152 0.0950680889985 0.119161734766
v 0.0151978521557 0.095133130163 0.119192063959
v 0.0151914163116 0.095197938497 0.119222284582
v 0.0151807155063 0.0952622820035 0.119252288452
v 0.015165788046 0.0953259303494 0.119281968163
v 0.0151466873669 0.0953886556903 0.11931121747
v 0.0151234818448 0.0954502334856 0.119339931667
v 0.0150962545492 0.0955104433027 0.119368007966
v 0.0150651029468 0.0955690696063 0.11939534586
v 0.0150301385523 0.0956259025294 0.119421847487
v 0.0149914865292 0.0956807386247 0.119447417979
v 0.0149492852416 0.0957333815934 0.119471965798
v 0.0149036857592 0.0957836429873 0.119495403071
v 0.0148548513163 0.0958313428836 0.119517645898
v 0.0148029567276 0.0958763105291 0.119538614655
v 0.0147481877622 0.0959183849513 0.119558234281
v 0.0146907404788 0.0959574155347 0.119576434541
v 0.0146308205238 0.0959932625598 0.119593150283
v 0.014568642395 0.0960257977038 0.11960832167
v 0.014504428674 0.0960549044991 0.119621894391
v 0.0144384092292 0.0960804787511 0.119633819861
v 0.0143708203932 0.0961024289104 0.119644055388
v 0.0143019041165 0.0961206764014 0.119652564333
v 0.0142319071014 0.0961351559026 0.119659316235
v 0.014161079919 0.0961458155813 0.119664286925
v 0.0140896761123 0.0961526172785 0.119667458609
v 0.0140179512884 0.0961555366459 0.119668819932
v 0.0139461622036 0.096154563233 0.119668366022
v 0.0138745658441 0.0961497005243 0.119666098504
v 0.0138034185063 0.096140965927 0.119662025494
v 0.0137329748793 0.0961283907088 0.119656161574
v 0.0136634871328 0.0961120198857 0.119648527733
v 0.0135952040151 0.0960919120609 0.119639151301
v 0.013528369962 0.0960681392153 0.119628065841
v 0.013463224222 0.0960407864494 0.119615311037
v 0.0134 0.0960099516791 0.119600932547
v 0.0133389236223 0.0959757452849 0.119584981844
v 0.0132802137264 0.0959382897168 0.119567516025
v 0.0132240804785 0.0958977190559 0.119548597615
v 0.0131707248212 0.0958541785347 0.119528294337
v 0.0131203377538 0.095807824017 0.11950667887
v 0.0130730996489 0.0957588214399 0.119483828593
v 0.0130291796068 0.09570734622 0.119459825304
v 0.0129887348496 0.0956535826251 0.119434754928
v 0.0129519101593 0.095597723115 0.119408707211
v 0.0129188373585 0.0955399676522 0.119381775396
v 0.0128896348394 0.0954805229863 0.119354055893
v 0.0128644071394 0.0954196019138 0.119325647931
v 0.0128432445672 0.0953574225162 0.119296653201
v 0.0128262228791 0.0952942073798 0.119267175499
v 0.0128134030085 0.0952301827982 0.119237320346
v 0.0128048308472 0.0951655779629 0.119207194617
v 0.0128005370813 0.0951006241424 0.119176906153
v 0.0128005370813 0.0950355538545 0.119146563379
v 0.0128048308472 0.0949706000341 0.119116274916
v 0.0128134030085 0.0949059951988 0.119086149186
v 0.0128262228791 0.0948419706172 0.119056294033
v 0.0128432445672 0.0947787554807 0.119026816331
v 0.0128644071394 0.0947165760832 0.118997821602
v 0.0128896348394 0.0946556550107 0.118969413639
v 0.0129188373585 0.0945962103448 0.118941694136
v 0.0129519101593 0.094538454882 0.118914762322
v 0.0129887348496 0.0944825953719 0.118888714604
v 0.0130291796068 0.094428831777 0.118863644228
v 0.0130730996489 0.094377356557 0.118839640939
v 0.0131203377538 0.09432835398 0.118816790662
v 0.0131707248212 0.0942819994623 0.118795175195
v 0.0132240804785 0.0942384589411 0.118774871917
v 0.0132802137264 0.0941978882802 0.118755953507
v 0.0133389236223 0.094160432712 0.118738487689
v 0.0134 0.0941262263178 0.118722536985
v 0.013463224222 0.0940953915475 0.118708158496
v 0.013528369962 0.0940680387817 0.118695403692
v 0.0135952040151 0.0940442659361 0.118684318232
v 0.0136634871328 0.0940241581113 0.118674941799
v 0.0137329748793 0.0940077872881 0.118667307959
v 0.0138034185063 0.0939952120699 0.118661444038
v 0.0138745658441 0.0939864774727 0.118657371029
v 0.0139461622036 0.093981614764 0.11865510351
v 0.0140179512884 0.0939806413511 0.1186546496
v 0.0140896761123 0.0939835607185 0.118656010924
v 0.014161079919 0.0939903624157 0.118659182607
v 0.0142319071014 0.0940010220943 0.118664153297
v 0.0143019041165 0.0940155015956 0.118670905199
v 0.0143708203932 0.0940337490865 0.118679414144
v 0.0144384092292 0.0940556992459 0.118689649672
v 0.014504428674 0.0940812734979 0.118701575141
v 0.014568642395 0.0941103802932 0.118715147863
v 0.0146308205238 0.0941429154371 0.118730319249
v 0.0146907404788 0.0941787624623 0.118747034992
v 0.0147481877622 0.0942177930456 0.118765235252
v 0.0148029567276 0.0942598674678 0.118784854877
v 0.0148548513163 0.0943048351133 0.118805823634
v 0.0149036857592 0.0943525350096 0.118828066461
v 0.0149492852416 0.0944027964035 0.118851503734
v 0.0149914865292 0.0944554393722 0.118876051554
v 0.0150301385523 0.0945102754676 0.118901622045
v 0.0150651029468 0.0945671083906 0.118928123672
v 0.0150962545492 0.0946257346942 0.118955461567
v 0.0151234818448 0.0946859445114 0.118983537865
v 0.0151466873669 0.0947475223067 0.119012252063
v 0.015165788046 0.0948102476475 0.11904150137
v 0.0151807155063 0.0948738959935 0.119071181081
v 0.0151914163116 0.0949382395 0.119101184951
v 0.0151978521557 0.095003047834 0.119131405573
v -0.0285 0.0560968541559 0.100989149511
v 0.0285 0.0560968541559 0.100989149511
v -0.0285 0.0544063811089 0.10461438066
v 0.0285 0.0544063811089 0.10461438066
v -0.0285 0.105037474656 0.123810535645
v 0.0285 0.105037474656 0.123810535645
v -0.0285 0.103347001609 0.127435766794
v 0.0285 0.103347001609 0.127435766794
v 0.0315 0.058815777517 0.102257004297
v 0.0314949244748 0.0586576861834 0.102183285097
v 0.0314797150732 0.0585001297807 0.10210981534
v 0.031454423259 0.0583436414301 0.102036843624
v 0.0314191346117 0.0581887506386 0.101964616861
v 0.0313739685369 0.0580359815076 0.101893379446
v 0.0313190778624 0.0578858509594 0.101823372421
v 0.0312546483206 0.0577388669883 0.10175483267
v 0.031180897921 0.0575955269415 0.101687992108
v 0.0310980762114 0.0574563158365 0.101623076904
v 0.0310064634342 0.0573217047194 0.101560306709
v 0.0309063695783 0.0571921490717 0.101499893919
v 0.0307981333294 0.0570680872688 0.10144204295
v 0.0306821209247 0.0569499390964 0.101386949552
v 0.0305587249136 0.0568381043307 0.101334800144
v 0.0304283628291 0.056732961385 0.101285771184
v 0.0302914757751 0.0566348660297 0.101240028568
v 0.0301485269342 0.0565441501886 0.101197727077
v 0.03 0.0564611208153 0.101159009844
v 0.0298463975406 0.056386058855 0.101124007877
v 0.0296882392981 0.0563192182935 0.101092839612
v 0.02952606043 0.0562608252981 0.101065610511
v 0.0293604096981 0.0562110774523 0.101042412709
v 0.0291918476122 0.056170143087 0.101023324701
v 0.029020944533 0.0561381607111 0.101008411074
v 0.0288482787424 0.056115238543 0.100997722292
v 0.0286744344867 0.0561014541439 0.100991294521
v 0.0285 0.0560968541559 0.100989149511
v 0.0285 0.0544063811089 0.10461438066
v 0.0315 0.05712530447 0.105882235445
v 0.0314949244748 0.0569672131364 0.105808516245
v 0.0314797150732 0.0568096567338 0.105735046488
v 0.031454423259 0.0566531683832 0.105662074772
v 0.0314191346117 0.0564982775916 0.105589848009
v 0.0313739685369 0.0563455084606 0.105518610594
v 0.0313190778624 0.0561953779124 0.105448603569
v 0.0312546483206 0.0560483939413 0.105380063818
v 0.031180897921 0.0559050538946 0.105313223257
v 0.0310980762114 0.0557658427895 0.105248308052
v 0.0310064634342 0.0556312316724 0.105185537857
v 0.0309063695783 0.0555016760248 0.105125125067
v 0.0307981333294 0.0553776142218 0.105067274098
v 0.0306821209247 0.0552594660495 0.1050121807
v 0.0305587249136 0.0551476312837 0.104960031293
v 0.0304283628291 0.055042488338 0.104911002332
v 0.0302914757751 0.0549443929828 0.104865259716
v 0.0301485269342 0.0548536771417 0.104822958225
v 0.03 0.0547706477684 0.104784240992
v 0.0298463975406 0.054695585808 0.104749239025
v 0.0296882392981 0.0546287452465 0.10471807076
v 0.02952606043 0.0545703522511 0.104690841659
v 0.0293604096981 0.0545206044053 0.104667643857
v 0.0291918476122 0.05447967004 0.104648555849
v 0.029020944533 0.0544476876642 0.104633642223
v 0.0288482787424 0.054424765496 0.10462295344
v 0.0286744344867 0.0544109810969 0.104616525669
v 0.0315 0.102318551295 0.12254268086
v 0.0314949244748 0.102476642628 0.12261640006
v 0.0314797150732 0.102634199031 0.122689869817
v 0.031454423259 0.102790687382 0.122762841533
v 0.0314191346117 0.102945578173 0.122835068295
v 0.0313739685369 0.103098347304 0.122906305711
v 0.0313190778624 0.103248477852 0.122976312735
v 0.0312546483206 0.103395461824 0.123044852487
v 0.031180897921 0.10353880187 0.123111693048
v 0.0310980762114 0.103678012975 0.123176608253
v 0.0310064634342 0.103812624092 0.123239378448
v 0.0309063695783 0.10394217974 0.123299791238
v 0.0307981333294 0.104066241543 0.123357642207
v 0.0306821209247 0.104184389715 0.123412735605
v 0.0305587249136 0.104296224481 0.123464885012
v 0.0304283628291 0.104401367427 0.123513913973
v 0.0302914757751 0.104499462782 0.123559656588
v 0.0301485269342 0.104590178623 0.12360195808
v 0.03 0.104673207996 0.123640675312
v 0.0298463975406 0.104748269957 0.123675677279
v 0.0296882392981 0.104815110518 0.123706845545
v 0.02952606043 0.104873503514 0.123734074646
v 0.0293604096981 0.10492325136 0.123757272448
v 0.0291918476122 0.104964185725 0.123776360456
v 0.029020944533 0.104996168101 0.123791274082
v 0.0288482787424 0.105019090269 0.123801962865
v 0.0286744344867 0.105032874668 0.123808390636
v 0.0285 0.105037474656 0.123810535645
v 0.0285 0.103347001609 0.127435766794
v 0.0315 0.100628078248 0.126167912008
v 0.0314949244748 0.100786169581 0.126241631208
v 0.0314797150732 0.100943725984 0.126315100965
v 0.031454423259 0.101100214335 0.126388072681
v 0.0314191346117 0.101255105126 0.126460299444
v 0.0313739685369 0.101407874257 0.126531536859
v 0.0313190778624 0.101558004805 0.126601543884
v 0.0312546483206 0.101704988777 0.126670083635
v 0.031180897921 0.101848328823 0.126736924197
v 0.0310980762114 0.101987539928 0.126801839401
v 0.0310064634342 0.102122151045 0.126864609596
v 0.0309063695783 0.102251706693 0.126925022386
v 0.0307981333294 0.102375768496 0.126982873355
v 0.0306821209247 0.102493916668 0.127037966753
v 0.0305587249136 0.102605751434 0.12709011616
v 0.0304283628291 0.10271089438 0.127139145121
v 0.0302914757751 0.102808989735 0.127184887737
v 0.0301485269342 0.102899705576 0.127227189228
v 0.03 0.102982734949 0.127265906461
v 0.0298463975406 0.10305779691 0.127300908428
v 0.0296882392981 0.103124637471 0.127332076693
v 0.02952606043 0.103183030467 0.127359305794
v 0.0293604096981 0.103232778313 0.127382503596
v 0.0291918476122 0.103273712678 0.127401591604
v 0.029020944533 0.103305695054 0.12741650523
v 0.0288482787424 0.103328617222 0.127427194013
v 0.0286744344867 0.103342401621 0.127433621784
v 0.0315 0.05712530447 0.105882235445
v 0.0315 0.100628078248 0.126167912008
v 0.0315 0.058815777517 0.102257004297
v 0.0315 0.102318551295 0.12254268086
v -0.0248 0.0634694589793 0.108840563277
v -0.0248030427794 0.063561600629 0.108883529634
v -0.0248121602252 0.0636534124355 0.108926342182
v -0.0248273196994 0.0637445657364 0.108968847665
v -0.0248484669349 0.0638347342265 0.109010893922
v -0.0248755262302 0.063923595126 0.10905233044
v -0.0249084007199 0.064010830336 0.109093008886
v -0.024946972722 0.064096127577 0.109132783643
v -0.0249911041587 0.0641791815071 0.109171512327
v -0.0250406370509 0.0642596948147 0.109209056299
v -0.0250953940837 0.0643373792832 0.109245281161
v -0.0251551792411 0.0644119568222 0.109280057239
v -0.0252197785078 0.0644831604635 0.109313260042
v -0.0252889606352 0.0645507353166 0.109344770714
v -0.0253624779692 0.0646144394811 0.109374476453
v -0.0254400673368 0.0646740449125 0.109402270922
v -0.0255214509883 0.0647293382389 0.109428054624
v -0.0256063375913 0.0647801215246 0.109451735259
v -0.0256944232738 0.0648262129785 0.109473228057
v -0.0257853927119 0.0648674476052 0.109492456079
v -0.0258789202586 0.0649036777954 0.109509350494
v -0.0259746711096 0.0649347738546 0.109523850825
v -0.0260723025016 0.0649606244668 0.109535905163
v -0.0261714649397 0.0649811370935 0.109545470358
v -0.0262718034481 0.0649962383049 0.109552512169
v -0.0263729588409 0.0650058740426 0.109557005387
v -0.0264745690081 0.0650100098131 0.109558933929
v -0.0265762702116 0.0650086308115 0.109558290889
v -0.0266776983876 0.0650017419742 0.109555078572
v -0.0267784904494 0.0649893679614 0.109549308475
v -0.0268782855877 0.0649715530689 0.109541001254
v -0.0269767265618 0.0649483610695 0.109530186647
v -0.0270734609786 0.0649198749844 0.109516903368
v -0.0271681425538 0.0648861967864 0.109501198966
v -0.0272604323521 0.0648474470348 0.10948312966
v -0.02735 0.0648037644436 0.109462760133
v -0.0274365248685 0.0647553053851 0.109440163303
v -0.027519697221 0.0647022433302 0.109415420061
v -0.0275992193221 0.0646447682273 0.10938861898
v -0.0276748065033 0.0645830858223 0.109359856002
v -0.0277461881821 0.0645174169222 0.109329234091
v -0.0278131088307 0.0644479966047 0.109296862865
v -0.0278753288904 0.0643750733764 0.109262858206
v -0.0279326256297 0.0642989082837 0.10922734184
v -0.027984793941 0.0642197739777 0.109190440907
v -0.0280316470754 0.0641379537387 0.109152287503
v -0.0280730173108 0.064053740462 0.109113018207
v -0.0281087565525 0.0639674356093 0.109072773593
v -0.0281387368632 0.0638793481294 0.109031697727
v -0.0281628509212 0.0637897933528 0.108989937648
v -0.0281810124046 0.0636990918622 0.108947642849
v -0.0281931562998 0.0636075683456 0.108904964732
v -0.0281992391349 0.0635155504332 0.108862056075
v -0.0281992391349 0.0634233675254 0.108819070479
v -0.0281931562998 0.063331349613 0.108776161822
v -0.0281810124046 0.0632398260964 0.108733483705
v -0.0281628509212 0.0631491246058 0.108691188905
v -0.0281387368632 0.0630595698292 0.108649428827
v -0.0281087565525 0.0629714823493 0.108608352961
v -0.0280730173108 0.0628851774966 0.108568108347
v -0.0280316470754 0.0628009642199 0.108528839051
v -0.027984793941 0.0627191439809 0.108490685647
v -0.0279326256297 0.0626400096749 0.108453784714
v -0.0278753288904 0.0625638445822 0.108418268348
v -0.0278131088307 0.0624909213539 0.108384263688
v -0.0277461881821 0.0624215010364 0.108351892463
v -0.0276748065033 0.0623558321363 0.108321270552
v -0.0275992193221 0.0622941497313 0.108292507574
v -0.027519697221 0.0622366746284 0.108265706493
v -0.0274365248685 0.0621836125735 0.108240963251
v -0.02735 0.062135153515 0.108218366421
v -0.0272604323521 0.0620914709238 0.108197996894
v -0.0271681425538 0.0620527211722 0.108179927588
v -0.0270734609786 0.0620190429742 0.108164223186
v -0.0269767265618 0.0619905568891 0.108150939907
v -0.0268782855877 0.0619673648897 0.1081401253
v -0.0267784904494 0.0619495499972 0.108131818079
v -0.0266776983876 0.0619371759844 0.108126047982
v -0.0265762702116 0.0619302871471 0.108122835664
v -0.0264745690081 0.0619289081455 0.108122192625
v -0.0263729588409 0.061933043916 0.108124121167
v -0.0262718034481 0.0619426796537 0.108128614385
v -0.0261714649397 0.0619577808651 0.108135656196
v -0.0260723025016 0.0619782934919 0.108145221391
v -0.0259746711096 0.062004144104 0.108157275729
v -0.0258789202586 0.0620352401632 0.108171776059
v -0.0257853927119 0.0620714703534 0.108188670475
v -0.0256944232738 0.0621127049801 0.108207898497
v -0.0256063375913 0.062158796434 0.108229391295
v -0.0255214509883 0.0622095797197 0.10825307193
v -0.0254400673368 0.0622648730461 0.108278855631
v -0.0253624779692 0.0623244784775 0.1083066501
v -0.0252889606352 0.062388182642 0.10833635584
v -0.0252197785078 0.0624557574951 0.108367866512
v -0.0251551792411 0.0625269611364 0.108401069315
v -0.0250953940837 0.0626015386754 0.108435845393
v -0.0250406370509 0.0626792231439 0.108472070255
v -0.0249911041587 0.0627597364515 0.108509614227
v -0.024946972722 0.0628427903816 0.108548342911
v -0.0249084007199 0.0629280876226 0.108588117667
v -0.0248755262302 0.0630153228326 0.108628796114
v -0.0248484669349 0.0631041837321 0.108670232632
v -0.0248273196994 0.0631943522222 0.108712278889
v -0.0248121602252 0.0632855055231 0.108754784372
v -0.0248030427794 0.0633773173296 0.10879759692
v -0.0248 0.0634694589793 0.108840563277
v -0.0248 0.0651599320263 0.105215332129
v -0.0248030427794 0.065252073676 0.105258298486
v -0.0248121602252 0.0653438854825 0.105301111034
v -0.0248273196994 0.0654350387834 0.105343616516
v -0.0248484669349 0.0655252072735 0.105385662774
v -0.0248755262302 0.065614068173 0.105427099292
v -0.0249084007199 0.065701303383 0.105467777738
v -0.024946972722 0.065786600624 0.105507552495
v -0.0249911041587 0.0658696545541 0.105546281179
v -0.0250406370509 0.0659501678617 0.105583825151
v -0.0250953940837 0.0660278523301 0.105620050013
v -0.0251551792411 0.0661024298691 0.105654826091
v -0.0252197785078 0.0661736335105 0.105688028894
v -0.0252889606352 0.0662412083636 0.105719539565
v -0.0253624779692 0.0663049125281 0.105749245305
v -0.0254400673368 0.0663645179595 0.105777039774
v -0.0255214509883 0.0664198112859 0.105802823476
v -0.0256063375913 0.0664705945715 0.105826504111
v -0.0256944232738 0.0665166860254 0.105847996909
v -0.0257853927119 0.0665579206522 0.105867224931
v -0.0258789202586 0.0665941508424 0.105884119346
v -0.0259746711096 0.0666252469015 0.105898619677
v -0.0260723025016 0.0666510975137 0.105910674015
v -0.0261714649397 0.0666716101405 0.10592023921
v -0.0262718034481 0.0666867113519 0.105927281021
v -0.0263729588409 0.0666963470896 0.105931774239
v -0.0264745690081 0.0667004828601 0.10593370278
v -0.0265762702116 0.0666991038585 0.105933059741
v -0.0266776983876 0.0666922150211 0.105929847424
v -0.0267784904494 0.0666798410084 0.105924077327
v -0.0268782855877 0.0666620261159 0.105915770106
v -0.0269767265618 0.0666388341165 0.105904955499
v -0.0270734609786 0.0666103480314 0.105891672219
v -0.0271681425538 0.0665766698334 0.105875967818
v -0.0272604323521 0.0665379200818 0.105857898512
v -0.02735 0.0664942374905 0.105837528985
v -0.0274365248685 0.0664457784321 0.105814932155
v -0.027519697221 0.0663927163772 0.105790188912
v -0.0275992193221 0.0663352412742 0.105763387832
v -0.0276748065033 0.0662735588692 0.105734624854
v -0.0277461881821 0.0662078899692 0.105704002943
v -0.0278131088307 0.0661384696517 0.105671631717
v -0.0278753288904 0.0660655464234 0.105637627057
v -0.0279326256297 0.0659893813306 0.105602110691
v -0.027984793941 0.0659102470247 0.105565209759
v -0.0280316470754 0.0658284267857 0.105527056355
v -0.0280730173108 0.065744213509 0.105487787059
v -0.0281087565525 0.0656579086562 0.105447542445
v -0.0281387368632 0.0655698211764 0.105406466578
v -0.0281628509212 0.0654802663998 0.1053647065
v -0.0281810124046 0.0653895649092 0.105322411701
v -0.0281931562998 0.0652980413925 0.105279733584
v -0.0281992391349 0.0652060234802 0.105236824927
v -0.0281992391349 0.0651138405724 0.105193839331
v -0.0281931562998 0.06502182266 0.105150930674
v -0.0281810124046 0.0649302991433 0.105108252557
v -0.0281628509212 0.0648395976528 0.105065957757
v -0.0281387368632 0.0647500428761 0.105024197679
v -0.0281087565525 0.0646619553963 0.104983121813
v -0.0280730173108 0.0645756505435 0.104942877199
v -0.0280316470754 0.0644914372668 0.104903607903
v -0.027984793941 0.0644096170279 0.104865454499
v -0.0279326256297 0.0643304827219 0.104828553566
v -0.0278753288904 0.0642543176291 0.1047930372
v -0.0278131088307 0.0641813944009 0.10475903254
v -0.0277461881821 0.0641119740834 0.104726661315
v -0.0276748065033 0.0640463051833 0.104696039404
v -0.0275992193221 0.0639846227783 0.104667276426
v -0.027519697221 0.0639271476754 0.104640475345
v -0.0274365248685 0.0638740856205 0.104615732103
v -0.02735 0.063825626562 0.104593135272
v -0.0272604323521 0.0637819439708 0.104572765746
v -0.0271681425538 0.0637431942191 0.10455469644
v -0.0270734609786 0.0637095160212 0.104538992038
v -0.0269767265618 0.0636810299361 0.104525708758
v -0.0268782855877 0.0636578379366 0.104514894152
v -0.0267784904494 0.0636400230442 0.104506586931
v -0.0266776983876 0.0636276490314 0.104500816834
v -0.0265762702116 0.0636207601941 0.104497604516
v -0.0264745690081 0.0636193811924 0.104496961477
v -0.0263729588409 0.063623516963 0.104498890019
v -0.0262718034481 0.0636331527007 0.104503383237
v -0.0261714649397 0.0636482539121 0.104510425047
v -0.0260723025016 0.0636687665388 0.104519990242
v -0.0259746711096 0.063694617151 0.104532044581
v -0.0258789202586 0.0637257132101 0.104546544911
v -0.0257853927119 0.0637619434004 0.104563439327
v -0.0256944232738 0.0638031780271 0.104582667349
v -0.0256063375913 0.063849269481 0.104604160147
v -0.0255214509883 0.0639000527666 0.104627840782
v -0.0254400673368 0.0639553460931 0.104653624483
v -0.0253624779692 0.0640149515245 0.104681418952
v -0.0252889606352 0.0640786556889 0.104711124692
v -0.0252197785078 0.0641462305421 0.104742635364
v -0.0251551792411 0.0642174341834 0.104775838167
v -0.0250953940837 0.0642920117224 0.104810614244
v -0.0250406370509 0.0643696961908 0.104846839107
v -0.0249911041587 0.0644502094985 0.104884383079
v -0.024946972722 0.0645332634285 0.104923111763
v -0.0249084007199 0.0646185606696 0.104962886519
v -0.0248755262302 0.0647057958795 0.105003564966
v -0.0248484669349 0.0647946567791 0.105045001484
v -0.0248273196994 0.0648848252692 0.105087047741
v -0.0248121602252 0.06497597857 0.105129553223
v -0.0248030427794 0.0650677903766 0.105172365772
v -0.0248 0.0651599320263 0.105215332129
v -0.0128 0.0680009979145 0.110953654586
v -0.0128021478443 0.068066039079 0.110983983779
v -0.0128085836884 0.068130847413 0.111014204401
v -0.0128192844937 0.0681951909195 0.111044208271
v -0.012834211954 0.0682588392655 0.111073887982
v -0.0128533126331 0.0683215646063 0.111103137289
v -0.0128765181552 0.0683831424016 0.111131851486
v -0.0129037454508 0.0684433522188 0.111159927785
v -0.0129348970532 0.0685019785223 0.11118726568
v -0.0129698614477 0.0685588114454 0.111213767307
v -0.0130085134708 0.0686136475407 0.111239337798
v -0.0130507147584 0.0686662905095 0.111263885618
v -0.0130963142408 0.0687165519033 0.11128732289
v -0.0131451486837 0.0687642517997 0.111309565717
v -0.0131970432724 0.0688092194452 0.111330534475
v -0.0132518122378 0.0688512938673 0.1113501541
v -0.0133092595212 0.0688903244507 0.11136835436
v -0.0133691794762 0.0689261714759 0.111385070102
v -0.013431357605 0.0689587066198 0.111400241489
v -0.013495571326 0.0689878134151 0.111413814211
v -0.0135615907708 0.0690133876671 0.11142573968
v -0.0136291796068 0.0690353378264 0.111435975208
v -0.0136980958835 0.0690535853174 0.111444484152
v -0.0137680928986 0.0690680648186 0.111451236055
v -0.013838920081 0.0690787244973 0.111456206745
v -0.0139103238877 0.0690855261945 0.111459378428
v -0.0139820487116 0.0690884455619 0.111460739751
v -0.0140538377964 0.069087472149 0.111460285842
v -0.0141254341559 0.0690826094403 0.111458018323
v -0.0141965814937 0.069073874843 0.111453945314
v -0.0142670251207 0.0690612996248 0.111448081393
v -0.0143365128672 0.0690449288017 0.111440447553
v -0.0144047959849 0.0690248209769 0.11143107112
v -0.014471630038 0.0690010481313 0.11141998566
v -0.014536775778 0.0689736953654 0.111407230856
v -0.0146 0.0689428605952 0.111392852367
v -0.0146610763777 0.0689086542009 0.111376901663
v -0.0147197862736 0.0688711986328 0.111359435845
v -0.0147759195215 0.0688306279719 0.111340517435
v -0.0148292751788 0.0687870874507 0.111320214156
v -0.0148796622462 0.068740732933 0.11129859869
v -0.0149269003511 0.0686917303559 0.111275748413
v -0.0149708203932 0.068640255136 0.111251745124
v -0.0150112651504 0.0685864915411 0.111226674748
v -0.0150480898407 0.068530632031 0.11120062703
v -0.0150811626415 0.0684728765682 0.111173695216
v -0.0151103651606 0.0684134319023 0.111145975713
v -0.0151355928606 0.0683525108298 0.11111756775
v -0.0151567554328 0.0682903314322 0.111088573021
v -0.0151737771209 0.0682271162958 0.111059095318
v -0.0151865969915 0.0681630917142 0.111029240166
v -0.0151951691528 0.0680984868789 0.110999114436
v -0.0151994629187 0.0680335330584 0.110968825972
v -0.0151994629187 0.0679684627706 0.110938483199
v -0.0151951691528 0.0679035089501 0.110908194735
v -0.0151865969915 0.0678389041148 0.110878069005
v -0.0151737771209 0.0677748795332 0.110848213853
v -0.0151567554328 0.0677116643968 0.110818736151
v -0.0151355928606 0.0676494849992 0.110789741421
v -0.0151103651606 0.0675885639267 0.110761333459
v -0.0150811626415 0.0675291192608 0.110733613956
v -0.0150480898407 0.067471363798 0.110706682141
v -0.0150112651504 0.0674155042879 0.110680634424
v -0.0149708203932 0.067361740693 0.110655564048
v -0.0149269003511 0.067310265473 0.110631560758
v -0.0148796622462 0.067261262896 0.110608710481
v -0.0148292751788 0.0672149083783 0.110587095015
v -0.0147759195215 0.0671713678571 0.110566791736
v -0.0147197862736 0.0671307971962 0.110547873327
v -0.0146610763777 0.067093341628 0.110530407508
v -0.0146 0.0670591352338 0.110514456805
v -0.014536775778 0.0670283004635 0.110500078315
v -0.014471630038 0.0670009476977 0.110487323511
v -0.0144047959849 0.0669771748521 0.110476238051
v -0.0143365128672 0.0669570670273 0.110466861618
v -0.0142670251207 0.0669406962042 0.110459227778
v -0.0141965814937 0.066928120986 0.110453363858
v -0.0141254341559 0.0669193863887 0.110449290848
v -0.0140538377964 0.06691452368 0.11044702333
v -0.0139820487116 0.0669135502671 0.11044656942
v -0.0139103238877 0.0669164696345 0.110447930743
v -0.013838920081 0.0669232713317 0.110451102427
v -0.0137680928986 0.0669339310104 0.110456073116
v -0.0136980958835 0.0669484105116 0.110462825019
v -0.0136291796068 0.0669666580025 0.110471333964
v -0.0135615907708 0.0669886081619 0.110481569491
v -0.013495571326 0.0670141824139 0.11049349496
v -0.013431357605 0.0670432892092 0.110507067682
v -0.0133691794762 0.0670758243531 0.110522239069
v -0.0133092595212 0.0671116713783 0.110538954811
v -0.0132518122378 0.0671507019616 0.110557155071
v -0.0131970432724 0.0671927763838 0.110576774696
v -0.0131451486837 0.0672377440293 0.110597743454
v -0.0130963142408 0.0672854439256 0.110619986281
v -0.0130507147584 0.0673357053195 0.110643423554
v -0.0130085134708 0.0673883482882 0.110667971373
v -0.0129698614477 0.0674431843836 0.110693541864
v -0.0129348970532 0.0675000173066 0.110720043492
v -0.0129037454508 0.0675586436102 0.110747381386
v -0.0128765181552 0.0676188534274 0.110775457685
v -0.0128533126331 0.0676804312227 0.110804171882
v -0.012834211954 0.0677431565635 0.110833421189
v -0.0128192844937 0.0678068049095 0.1108631009
v -0.0128085836884 0.067871148416 0.11089310477
v -0.0128021478443 0.06793595675 0.110923325393
v -0.0128 0.0680009979145 0.110953654586
v -0.0128 0.0696914709615 0.107328423437
v -0.0128021478443 0.069756512126 0.107358752631
v -0.0128085836884 0.06982132046 0.107388973253
v -0.0128192844937 0.0698856639665 0.107418977123
v -0.012834211954 0.0699493123124 0.107448656834
v -0.0128533126331 0.0700120376533 0.107477906141
v -0.0128765181552 0.0700736154485 0.107506620338
v -0.0129037454508 0.0701338252657 0.107534696637
v -0.0129348970532 0.0701924515693 0.107562034532
v -0.0129698614477 0.0702492844923 0.107588536159
v -0.0130085134708 0.0703041205877 0.10761410665
v -0.0130507147584 0.0703567635564 0.107638654469
v -0.0130963142408 0.0704070249503 0.107662091742
v -0.0131451486837 0.0704547248466 0.107684334569
v -0.0131970432724 0.0704996924921 0.107705303327
v -0.0132518122378 0.0705417669143 0.107724922952
v -0.0133092595212 0.0705807974977 0.107743123212
v -0.0133691794762 0.0706166445228 0.107759838954
v -0.013431357605 0.0706491796668 0.107775010341
v -0.013495571326 0.0706782864621 0.107788583063
v -0.0135615907708 0.070703860714 0.107800508532
v -0.0136291796068 0.0707258108734 0.10781074406
v -0.0136980958835 0.0707440583644 0.107819253004
v -0.0137680928986 0.0707585378656 0.107826004907
v -0.013838920081 0.0707691975442 0.107830975596
v -0.0139103238877 0.0707759992414 0.10783414728
v -0.0139820487116 0.0707789186089 0.107835508603
v -0.0140538377964 0.0707779451959 0.107835054693
v -0.0141254341559 0.0707730824872 0.107832787175
v -0.0141965814937 0.07076434789 0.107828714166
v -0.0142670251207 0.0707517726718 0.107822850245
v -0.0143365128672 0.0707354018486 0.107815216405
v -0.0144047959849 0.0707152940239 0.107805839972
v -0.014471630038 0.0706915211782 0.107794754512
v -0.014536775778 0.0706641684124 0.107781999708
v -0.0146 0.0706333336421 0.107767621218
v -0.0146610763777 0.0705991272479 0.107751670515
v -0.0147197862736 0.0705616716797 0.107734204697
v -0.0147759195215 0.0705211010188 0.107715286287
v -0.0148292751788 0.0704775604977 0.107694983008
v -0.0148796622462 0.07043120598 0.107673367542
v -0.0149269003511 0.0703822034029 0.107650517265
v -0.0149708203932 0.070330728183 0.107626513975
v -0.0150112651504 0.0702769645881 0.107601443599
v -0.0150480898407 0.070221105078 0.107575395882
v -0.0150811626415 0.0701633496152 0.107548464067
v -0.0151103651606 0.0701039049493 0.107520744564
v -0.0151355928606 0.0700429838767 0.107492336602
v -0.0151567554328 0.0699808044792 0.107463341873
v -0.0151737771209 0.0699175893427 0.10743386417
v -0.0151865969915 0.0698535647612 0.107404009018
v -0.0151951691528 0.0697889599259 0.107373883288
v -0.0151994629187 0.0697240061054 0.107343594824
v -0.0151994629187 0.0696589358175 0.107313252051
v -0.0151951691528 0.069593981997 0.107282963587
v -0.0151865969915 0.0695293771617 0.107252837857
v -0.0151737771209 0.0694653525802 0.107222982705
v -0.0151567554328 0.0694021374437 0.107193505002
v -0.0151355928606 0.0693399580462 0.107164510273
v -0.0151103651606 0.0692790369736 0.10713610231
v -0.0150811626415 0.0692195923077 0.107108382808
v -0.0150480898407 0.0691618368449 0.107081450993
v -0.0150112651504 0.0691059773348 0.107055403276
v -0.0149708203932 0.0690522137399 0.1070303329
v -0.0149269003511 0.06900073852 0.10700632961
v -0.0148796622462 0.0689517359429 0.106983479333
v -0.0148292751788 0.0689053814252 0.106961863867
v -0.0147759195215 0.0688618409041 0.106941560588
v -0.0147197862736 0.0688212702432 0.106922642178
v -0.0146610763777 0.068783814675 0.10690517636
v -0.0146 0.0687496082808 0.106889225657
v -0.014536775778 0.0687187735105 0.106874847167
v -0.014471630038 0.0686914207447 0.106862092363
v -0.0144047959849 0.068667647899 0.106851006903
v -0.0143365128672 0.0686475400743 0.10684163047
v -0.0142670251207 0.0686311692511 0.10683399663
v -0.0141965814937 0.0686185940329 0.106828132709
v -0.0141254341559 0.0686098594357 0.1068240597
v -0.0140538377964 0.068604996727 0.106821792182
v -0.0139820487116 0.068604023314 0.106821338272
v -0.0139103238877 0.0686069426815 0.106822699595
v -0.013838920081 0.0686137443787 0.106825871279
v -0.0137680928986 0.0686244040573 0.106830841968
v -0.0136980958835 0.0686388835585 0.106837593871
v -0.0136291796068 0.0686571310495 0.106846102815
v -0.0135615907708 0.0686790812089 0.106856338343
v -0.013495571326 0.0687046554608 0.106868263812
v -0.013431357605 0.0687337622561 0.106881836534
v -0.0133691794762 0.0687662974001 0.106897007921
v -0.0133092595212 0.0688021444252 0.106913723663
v -0.0132518122378 0.0688411750086 0.106931923923
v -0.0131970432724 0.0688832494308 0.106951543548
v -0.0131451486837 0.0689282170763 0.106972512306
v -0.0130963142408 0.0689759169726 0.106994755133
v -0.0130507147584 0.0690261783665 0.107018192406
v -0.0130085134708 0.0690788213352 0.107042740225
v -0.0129698614477 0.0691336574306 0.107068310716
v -0.0129348970532 0.0691904903536 0.107094812343
v -0.0129037454508 0.0692491166572 0.107122150238
v -0.0128765181552 0.0693093264744 0.107150226537
v -0.0128533126331 0.0693709042696 0.107178940734
v -0.012834211954 0.0694336296105 0.107208190041
v -0.0128192844937 0.0694972779564 0.107237869752
v -0.0128085836884 0.0695616214629 0.107267873622
v -0.0128021478443 0.0696264297969 0.107298094244
v -0.0128 0.0696914709615 0.107328423437
v 0.0152 0.0680009979145 0.110953654586
v 0.0151978521557 0.068066039079 0.110983983779
v 0.0151914163116 0.068130847413 0.111014204401
v 0.0151807155063 0.0681951909195 0.111044208271
v 0.015165788046 0.0682588392655 0.111073887982
v 0.0151466873669 0.0683215646063 0.111103137289
v 0.0151234818448 0.0683831424016 0.111131851486
v 0.0150962545492 0.0684433522188 0.111159927785
v 0.0150651029468 0.0685019785223 0.11118726568
v 0.0150301385523 0.0685588114454 0.111213767307
v 0.0149914865292 0.0686136475407 0.111239337798
v 0.0149492852416 0.0686662905095 0.111263885618
v 0.0149036857592 0.0687165519033 0.11128732289
v 0.0148548513163 0.0687642517997 0.111309565717
v 0.0148029567276 0.0688092194452 0.111330534475
v 0.0147481877622 0.0688512938673 0.1113501541
v 0.0146907404788 0.0688903244507 0.11136835436
v 0.0146308205238 0.0689261714759 0.111385070102
v 0.014568642395 0.0689587066198 0.111400241489
v 0.014504428674 0.0689878134151 0.111413814211
v 0.0144384092292 0.0690133876671 0.11142573968
v 0.0143708203932 0.0690353378264 0.111435975208
v 0.0143019041165 0.0690535853174 0.111444484152
v 0.0142319071014 0.0690680648186 0.111451236055
v 0.014161079919 0.0690787244973 0.111456206745
v 0.0140896761123 0.0690855261945 0.111459378428
v 0.0140179512884 0.0690884455619 0.111460739751
v 0.0139461622036 0.069087472149 0.111460285842
v 0.0138745658441 0.0690826094403 0.111458018323
v 0.0138034185063 0.069073874843 0.111453945314
v 0.0137329748793 0.0690612996248 0.111448081393
v 0.0136634871328 0.0690449288017 0.111440447553
v 0.0135952040151 0.0690248209769 0.11143107112
v 0.013528369962 0.0690010481313 0.11141998566
v 0.013463224222 0.0689736953654 0.111407230856
v 0.0134 0.0689428605952 0.111392852367
v 0.0133389236223 0.0689086542009 0.111376901663
v 0.0132802137264 0.0688711986328 0.111359435845
v 0.0132240804785 0.0688306279719 0.111340517435
v 0.0131707248212 0.0687870874507 0.111320214156
v 0.0131203377538 0.068740732933 0.11129859869
v 0.0130730996489 0.0686917303559 0.111275748413
v 0.0130291796068 0.068640255136 0.111251745124
v 0.0129887348496 0.0685864915411 0.111226674748
v 0.0129519101593 0.068530632031 0.11120062703
v 0.0129188373585 0.0684728765682 0.111173695216
v 0.0128896348394 0.0684134319023 0.111145975713
v 0.0128644071394 0.0683525108298 0.11111756775
v 0.0128432445672 0.0682903314322 0.111088573021
v 0.0128262228791 0.0682271162958 0.111059095318
v 0.0128134030085 0.0681630917142 0.111029240166
v 0.0128048308472 0.0680984868789 0.110999114436
v 0.0128005370813 0.0680335330584 0.110968825972
v 0.0128005370813 0.0679684627706 0.110938483199
v 0.0128048308472 0.0679035089501 0.110908194735
v 0.0128134030085 0.0678389041148 0.110878069005
v 0.0128262228791 0.0677748795332 0.110848213853
v 0.0128432445672 0.0677116643968 0.110818736151
v 0.0128644071394 0.0676494849992 0.110789741421
v 0.0128896348394 0.0675885639267 0.110761333459
v 0.0129188373585 0.0675291192608 0.110733613956
v 0.0129519101593 0.067471363798 0.110706682141
v 0.0129887348496 0.0674155042879 0.110680634424
v 0.0130291796068 0.067361740693 0.110655564048
v 0.0130730996489 0.067310265473 0.110631560758
v 0.0131203377538 0.067261262896 0.110608710481
v 0.0131707248212 0.0672149083783 0.110587095015
v 0.0132240804785 0.0671713678571 0.110566791736
v 0.0132802137264 0.0671307971962 0.110547873327
v 0.0133389236223 0.067093341628 0.110530407508
v 0.0134 0.0670591352338 0.110514456805
v 0.013463224222 0.0670283004635 0.110500078315
v 0.013528369962 0.0670009476977 0.110487323511
v 0.0135952040151 0.0669771748521 0.110476238051
v 0.0136634871328 0.0669570670273 0.110466861618
v 0.0137329748793 0.0669406962042 0.110459227778
v 0.0138034185063 0.066928120986 0.110453363858
v 0.0138745658441 0.0669193863887 0.110449290848
v 0.0139461622036 0.06691452368 0.11044702333
v 0.0140179512884 0.0669135502671 0.11044656942
v 0.0140896761123 0.0669164696345 0.110447930743
v 0.014161079919 0.0669232713317 0.110451102427
v 0.0142319071014 0.0669339310104 0.110456073116
v 0.0143019041165 0.0669484105116 0.110462825019
v 0.0143708203932 0.0669666580025 0.110471333964
v 0.0144384092292 0.0669886081619 0.110481569491
v 0.014504428674 0.0670141824139 0.11049349496
v 0.014568642395 0.0670432892092 0.110507067682
v 0.0146308205238 0.0670758243531 0.110522239069
v 0.0146907404788 0.0671116713783 0.110538954811
v 0.0147481877622 0.0671507019616 0.110557155071
v 0.0148029567276 0.0671927763838 0.110576774696
v 0.0148548513163 0.0672377440293 0.110597743454
v 0.0149036857592 0.0672854439256 0.110619986281
v 0.0149492852416 0.0673357053195 0.110643423554
v 0.0149914865292 0.0673883482882 0.110667971373
v 0.0150301385523 0.0674431843836 0.110693541864
v 0.0150651029468 0.0675000173066 0.110720043492
v 0.0150962545492 0.0675586436102 0.110747381386
v 0.0151234818448 0.0676188534274 0.110775457685
v 0.0151466873669 0.0676804312227 0.110804171882
v 0.015165788046 0.0677431565635 0.110833421189
v 0.0151807155063 0.0678068049095 0.1108631009
v 0.0151914163116 0.067871148416 0.11089310477
v 0.0151978521557 0.06793595675 0.110923325393
v 0.0152 0.0680009979145 0.110953654586
v 0.0152 0.0696914709615 0.107328423437
v 0.0151978521557 0.069756512126 0.107358752631
v 0.0151914163116 0.06982132046 0.107388973253
v 0.0151807155063 0.0698856639665 0.107418977123
v 0.015165788046 0.0699493123124 0.107448656834
v 0.0151466873669 0.0700120376533 0.107477906141
v 0.0151234818448 0.0700736154485 0.107506620338
v 0.0150962545492 0.0701338252657 0.107534696637
v 0.0150651029468 0.0701924515693 0.107562034532
v 0.0150301385523 0.0702492844923 0.107588536159
v 0.0149914865292 0.0703041205877 0.10761410665
v 0.0149492852416 0.0703567635564 0.107638654469
v 0.0149036857592 0.0704070249503 0.107662091742
v 0.0148548513163 0.0704547248466 0.107684334569
v 0.0148029567276 0.0704996924921 0.107705303327
v 0.0147481877622 0.0705417669143 0.107724922952
v 0.0146907404788 0.0705807974977 0.107743123212
v 0.0146308205238 0.0706166445228 0.107759838954
v 0.014568642395 0.0706491796668 0.107775010341
v 0.014504428674 0.0706782864621 0.107788583063
v 0.0144384092292 0.070703860714 0.107800508532
v 0.0143708203932 0.0707258108734 0.10781074406
v 0.0143019041165 0.0707440583644 0.107819253004
v 0.0142319071014 0.0707585378656 0.107826004907
v 0.014161079919 0.0707691975442 0.107830975596
v 0.0140896761123 0.0707759992414 0.10783414728
v 0.0140179512884 0.0707789186089 0.107835508603
v 0.0139461622036 0.0707779451959 0.107835054693
v 0.0138745658441 0.0707730824872 0.107832787175
v 0.0138034185063 0.07076434789 0.107828714166
v 0.0137329748793 0.0707517726718 0.107822850245
v 0.0136634871328 0.0707354018486 0.107815216405
v 0.0135952040151 0.0707152940239 0.107805839972
v 0.013528369962 0.0706915211782 0.107794754512
v 0.013463224222 0.0706641684124 0.107781999708
v 0.0134 0.0706333336421 0.107767621218
v 0.0133389236223 0.0705991272479 0.107751670515
v 0.0132802137264 0.0705616716797 0.107734204697
v 0.0132240804785 0.0705211010188 0.107715286287
v 0.0131707248212 0.0704775604977 0.107694983008
v 0.0131203377538 0.07043120598 0.107673367542
v 0.0130730996489 0.0703822034029 0.107650517265
v 0.0130291796068 0.070330728183 0.107626513975
v 0.0129887348496 0.0702769645881 0.107601443599
v 0.0129519101593 0.070221105078 0.107575395882
v 0.0129188373585 0.0701633496152 0.107548464067
v 0.0128896348394 0.0701039049493 0.107520744564
v 0.0128644071394 0.0700429838767 0.107492336602
v 0.0128432445672 0.0699808044792 0.107463341873
v 0.0128262228791 0.0699175893427 0.10743386417
v 0.0128134030085 0.0698535647612 0.107404009018
v 0.0128048308472 0.0697889599259 0.107373883288
v 0.0128005370813 0.0697240061054 0.107343594824
v 0.0128005370813 0.0696589358175 0.107313252051
v 0.0128048308472 0.069593981997 0.107282963587
v 0.0128134030085 0.0695293771617 0.107252837857
v 0.0128262228791 0.0694653525802 0.107222982705
v 0.0128432445672 0.0694021374437 0.107193505002
v 0.0128644071394 0.0693399580462 0.107164510273
v 0.0128896348394 0.0692790369736 0.10713610231
v 0.0129188373585 0.0692195923077 0.107108382808
v 0.0129519101593 0.0691618368449 0.107081450993
v 0.0129887348496 0.0691059773348 0.107055403276
v 0.0130291796068 0.0690522137399 0.1070303329
v 0.0130730996489 0.06900073852 0.10700632961
v 0.0131203377538 0.0689517359429 0.106983479333
v 0.0131707248212 0.0689053814252 0.106961863867
v 0.0132240804785 0.0688618409041 0.106941560588
v 0.0132802137264 0.0688212702432 0.106922642178
v 0.0133389236223 0.068783814675 0.10690517636
v 0.0134 0.0687496082808 0.106889225657
v 0.013463224222 0.0687187735105 0.106874847167
v 0.013528369962 0.0686914207447 0.106862092363
v 0.0135952040151 0.068667647899 0.106851006903
v 0.0136634871328 0.0686475400743 0.10684163047
v 0.0137329748793 0.0686311692511 0.10683399663
v 0.0138034185063 0.0686185940329 0.106828132709
v 0.0138745658441 0.0686098594357 0.1068240597
v 0.0139461622036 0.068604996727 0.106821792182
v 0.0140179512884 0.068604023314 0.106821338272
v 0.0140896761123 0.0686069426815 0.106822699595
v 0.014161079919 0.0686137443787 0.106825871279
v 0.0142319071014 0.0686244040573 0.106830841968
v 0.0143019041165 0.0686388835585 0.106837593871
v 0.0143708203932 0.0686571310495 0.106846102815
v 0.0144384092292 0.0686790812089 0.106856338343
v 0.014504428674 0.0687046554608 0.106868263812
v 0.014568642395 0.0687337622561 0.106881836534
v 0.0146308205238 0.0687662974001 0.106897007921
v 0.0146907404788 0.0688021444252 0.106913723663
v 0.0147481877622 0.0688411750086 0.106931923923
v 0.0148029567276 0.0688832494308 0.106951543548
v 0.0148548513163 0.0689282170763 0.106972512306
v 0.0149036857592 0.0689759169726 0.106994755133
v 0.0149492852416 0.0690261783665 0.107018192406
v 0.0149914865292 0.0690788213352 0.107042740225
v 0.0150301385523 0.0691336574306 0.107068310716
v 0.0150651029468 0.0691904903536 0.107094812343
v 0.0150962545492 0.0692491166572 0.107122150238
v 0.0151234818448 0.0693093264744 0.107150226537
v 0.0151466873669 0.0693709042696 0.107178940734
v 0.015165788046 0.0694336296105 0.107208190041
v 0.0151807155063 0.0694972779564 0.107237869752
v 0.0151914163116 0.0695616214629 0.107267873622
v 0.0151978521557 0.0696264297969 0.107298094244
v 0.0152 0.0696914709615 0.107328423437
v 0.0282 0.0634694589793 0.108840563277
v 0.0281969572206 0.063561600629 0.108883529634
v 0.0281878397748 0.0636534124355 0.108926342182
v 0.0281726803006 0.0637445657364 0.108968847665
v 0.0281515330651 0.0638347342265 0.109010893922
v 0.0281244737698 0.063923595126 0.10905233044
v 0.0280915992801 0.064010830336 0.109093008886
v 0.028053027278 0.064096127577 0.109132783643
v 0.0280088958413 0.0641791815071 0.109171512327
v 0.0279593629491 0.0642596948147 0.109209056299
v 0.0279046059163 0.0643373792832 0.109245281161
v 0.0278448207589 0.0644119568222 0.109280057239
v 0.0277802214922 0.0644831604635 0.109313260042
v 0.0277110393648 0.0645507353166 0.109344770714
v 0.0276375220308 0.0646144394811 0.109374476453
v 0.0275599326632 0.0646740449125 0.109402270922
v 0.0274785490117 0.0647293382389 0.109428054624
v 0.0273936624087 0.0647801215246 0.109451735259
v 0.0273055767262 0.0648262129785 0.109473228057
v 0.0272146072881 0.0648674476052 0.109492456079
v 0.0271210797414 0.0649036777954 0.109509350494
v 0.0270253288904 0.0649347738546 0.109523850825
v 0.0269276974984 0.0649606244668 0.109535905163
v 0.0268285350603 0.0649811370935 0.109545470358
v 0.0267281965519 0.0649962383049 0.109552512169
v 0.0266270411591 0.0650058740426 0.109557005387
v 0.0265254309919 0.0650100098131 0.109558933929
v 0.0264237297884 0.0650086308115 0.109558290889
v 0.0263223016124 0.0650017419742 0.109555078572
v 0.0262215095506 0.0649893679614 0.109549308475
v 0.0261217144123 0.0649715530689 0.109541001254
v 0.0260232734382 0.0649483610695 0.109530186647
v 0.0259265390214 0.0649198749844 0.109516903368
v 0.0258318574462 0.0648861967864 0.109501198966
v 0.0257395676479 0.0648474470348 0.10948312966
v 0.02565 0.0648037644436 0.109462760133
v 0.0255634751315 0.0647553053851 0.109440163303
v 0.025480302779 0.0647022433302 0.109415420061
v 0.0254007806779 0.0646447682273 0.10938861898
v 0.0253251934967 0.0645830858223 0.109359856002
v 0.0252538118179 0.0645174169222 0.109329234091
v 0.0251868911693 0.0644479966047 0.109296862865
v 0.0251246711096 0.0643750733764 0.109262858206
v 0.0250673743703 0.0642989082837 0.10922734184
v 0.025015206059 0.0642197739777 0.109190440907
v 0.0249683529246 0.0641379537387 0.109152287503
v 0.0249269826892 0.064053740462 0.109113018207
v 0.0248912434475 0.0639674356093 0.109072773593
v 0.0248612631368 0.0638793481294 0.109031697727
v 0.0248371490788 0.0637897933528 0.108989937648
v 0.0248189875954 0.0636990918622 0.108947642849
v 0.0248068437002 0.0636075683456 0.108904964732
v 0.0248007608651 0.0635155504332 0.108862056075
v 0.0248007608651 0.0634233675254 0.108819070479
v 0.0248068437002 0.063331349613 0.108776161822
v 0.0248189875954 0.0632398260964 0.108733483705
v 0.0248371490788 0.0631491246058 0.108691188905
v 0.0248612631368 0.0630595698292 0.108649428827
v 0.0248912434475 0.0629714823493 0.108608352961
v 0.0249269826892 0.0628851774966 0.108568108347
v 0.0249683529246 0.0628009642199 0.108528839051
v 0.025015206059 0.0627191439809 0.108490685647
v 0.0250673743703 0.0626400096749 0.108453784714
v 0.0251246711096 0.0625638445822 0.108418268348
v 0.0251868911693 0.0624909213539 0.108384263688
v 0.0252538118179 0.0624215010364 0.108351892463
v 0.0253251934967 0.0623558321363 0.108321270552
v 0.0254007806779 0.0622941497313 0.108292507574
v 0.025480302779 0.0622366746284 0.108265706493
v 0.0255634751315 0.0621836125735 0.108240963251
v 0.02565 0.062135153515 0.108218366421
v 0.0257395676479 0.0620914709238 0.108197996894
v 0.0258318574462 0.0620527211722 0.108179927588
v 0.0259265390214 0.0620190429742 0.108164223186
v 0.0260232734382 0.0619905568891 0.108150939907
v 0.0261217144123 0.0619673648897 0.1081401253
v 0.0262215095506 0.0619495499972 0.108131818079
v 0.0263223016124 0.0619371759844 0.108126047982
v 0.0264237297884 0.0619302871471 0.108122835664
v 0.0265254309919 0.0619289081455 0.108122192625
v 0.0266270411591 0.061933043916 0.108124121167
v 0.0267281965519 0.0619426796537 0.108128614385
v 0.0268285350603 0.0619577808651 0.108135656196
v 0.0269276974984 0.0619782934919 0.108145221391
v 0.0270253288904 0.062004144104 0.108157275729
v 0.0271210797414 0.0620352401632 0.108171776059
v 0.0272146072881 0.0620714703534 0.108188670475
v 0.0273055767262 0.0621127049801 0.108207898497
v 0.0273936624087 0.062158796434 0.108229391295
v 0.0274785490117 0.0622095797197 0.10825307193
v 0.0275599326632 0.0622648730461 0.108278855631
v 0.0276375220308 0.0623244784775 0.1083066501
v 0.0277110393648 0.062388182642 0.10833635584
v 0.0277802214922 0.0624557574951 0.108367866512
v 0.0278448207589 0.0625269611364 0.108401069315
v 0.0279046059163 0.0626015386754 0.108435845393
v 0.0279593629491 0.0626792231439 0.108472070255
v 0.0280088958413 0.0627597364515 0.108509614227
v 0.028053027278 0.0628427903816 0.108548342911
v 0.0280915992801 0.0629280876226 0.108588117667
v 0.0281244737698 0.0630153228326 0.108628796114
v 0.0281515330651 0.0631041837321 0.108670232632
v 0.0281726803006 0.0631943522222 0.108712278889
v 0.0281878397748 0.0632855055231 0.108754784372
v 0.0281969572206 0.0633773173296 0.10879759692
v 0.0282 0.0634694589793 0.108840563277
v 0.0282 0.0651599320263 0.105215332129
v 0.0281969572206 0.065252073676 0.105258298486
v 0.0281878397748 0.0653438854825 0.105301111034
v 0.0281726803006 0.0654350387834 0.105343616516
v 0.0281515330651 0.0655252072735 0.105385662774
v 0.0281244737698 0.065614068173 0.105427099292
v 0.0280915992801 0.065701303383 0.105467777738
v 0.028053027278 0.065786600624 0.105507552495
v 0.0280088958413 0.0658696545541 0.105546281179
v 0.0279593629491 0.0659501678617 0.105583825151
v 0.0279046059163 0.0660278523301 0.105620050013
v 0.0278448207589 0.0661024298691 0.105654826091
v 0.0277802214922 0.0661736335105 0.105688028894
v 0.0277110393648 0.0662412083636 0.105719539565
v 0.0276375220308 0.0663049125281 0.105749245305
v 0.0275599326632 0.0663645179595 0.105777039774
v 0.0274785490117 0.0664198112859 0.105802823476
v 0.0273936624087 0.0664705945715 0.105826504111
v 0.0273055767262 0.0665166860254 0.105847996909
v 0.0272146072881 0.0665579206522 0.105867224931
v 0.0271210797414 0.0665941508424 0.105884119346
v 0.0270253288904 0.0666252469015 0.105898619677
v 0.0269276974984 0.0666510975137 0.105910674015
v 0.0268285350603 0.0666716101405 0.10592023921
v 0.0267281965519 0.0666867113519 0.105927281021
v 0.0266270411591 0.0666963470896 0.105931774239
v 0.0265254309919 0.0667004828601 0.10593370278
v 0.0264237297884 0.0666991038585 0.105933059741
v 0.0263223016124 0.0666922150211 0.105929847424
v 0.0262215095506 0.0666798410084 0.105924077327
v 0.0261217144123 0.0666620261159 0.105915770106
v 0.0260232734382 0.0666388341165 0.105904955499
v 0.0259265390214 0.0666103480314 0.105891672219
v 0.0258318574462 0.0665766698334 0.105875967818
v 0.0257395676479 0.0665379200818 0.105857898512
v 0.02565 0.0664942374905 0.105837528985
v 0.0255634751315 0.0664457784321 0.105814932155
v 0.025480302779 0.0663927163772 0.105790188912
v 0.0254007806779 0.0663352412742 0.105763387832
v 0.0253251934967 0.0662735588692 0.105734624854
v 0.0252538118179 0.0662078899692 0.105704002943
v 0.0251868911693 0.0661384696517 0.105671631717
v 0.0251246711096 0.0660655464234 0.105637627057
v 0.0250673743703 0.0659893813306 0.105602110691
v 0.025015206059 0.0659102470247 0.105565209759
v 0.0249683529246 0.0658284267857 0.105527056355
v 0.0249269826892 0.065744213509 0.105487787059
v 0.0248912434475 0.0656579086562 0.105447542445
v 0.0248612631368 0.0655698211764 0.105406466578
v 0.0248371490788 0.0654802663998 0.1053647065
v 0.0248189875954 0.0653895649092 0.105322411701
v 0.0248068437002 0.0652980413925 0.105279733584
v 0.0248007608651 0.0652060234802 0.105236824927
v 0.0248007608651 0.0651138405724 0.105193839331
v 0.0248068437002 0.06502182266 0.105150930674
v 0.0248189875954 0.0649302991433 0.105108252557
v 0.0248371490788 0.0648395976528 0.105065957757
v 0.0248612631368 0.0647500428761 0.105024197679
v 0.0248912434475 0.0646619553963 0.104983121813
v 0.0249269826892 0.0645756505435 0.104942877199
v 0.0249683529246 0.0644914372668 0.104903607903
v 0.025015206059 0.0644096170279 0.104865454499
v 0.0250673743703 0.0643304827219 0.104828553566
v 0.0251246711096 0.0642543176291 0.1047930372
v 0.0251868911693 0.0641813944009 0.10475903254
v 0.0252538118179 0.0641119740834 0.104726661315
v 0.0253251934967 0.0640463051833 0.104696039404
v 0.0254007806779 0.0639846227783 0.104667276426
v 0.025480302779 0.0639271476754 0.104640475345
v 0.0255634751315 0.0638740856205 0.104615732103
v 0.02565 0.063825626562 0.104593135272
v 0.0257395676479 0.0637819439708 0.104572765746
v 0.0258318574462 0.0637431942191 0.10455469644
v 0.0259265390214 0.0637095160212 0.104538992038
v 0.0260232734382 0.0636810299361 0.104525708758
v 0.0261217144123 0.0636578379366 0.104514894152
v 0.0262215095506 0.0636400230442 0.104506586931
v 0.0263223016124 0.0636276490314 0.104500816834
v 0.0264237297884 0.0636207601941 0.104497604516
v 0.0265254309919 0.0636193811924 0.104496961477
v 0.0266270411591 0.063623516963 0.104498890019
v 0.0267281965519 0.0636331527007 0.104503383237
v 0.0268285350603 0.0636482539121 0.104510425047
v 0.0269276974984 0.0636687665388 0.104519990242
v 0.0270253288904 0.063694617151 0.104532044581
v 0.0271210797414 0.0637257132101 0.104546544911
v 0.0272146072881 0.0637619434004 0.104563439327
v 0.0273055767262 0.0638031780271 0.104582667349
v 0.0273936624087 0.063849269481 0.104604160147
v 0.0274785490117 0.0639000527666 0.104627840782
v 0.0275599326632 0.0639553460931 0.104653624483
v 0.0276375220308 0.0640149515245 0.104681418952
v 0.0277110393648 0.0640786556889 0.104711124692
v 0.0277802214922 0.0641462305421 0.104742635364
v 0.0278448207589 0.0642174341834 0.104775838167
v 0.0279046059163 0.0642920117224 0.104810614244
v 0.0279593629491 0.0643696961908 0.104846839107
v 0.0280088958413 0.0644502094985 0.104884383079
v 0.028053027278 0.0645332634285 0.104923111763
v 0.0280915992801 0.0646185606696 0.104962886519
v 0.0281244737698 0.0647057958795 0.105003564966
v 0.0281515330651 0.0647946567791 0.105045001484
v 0.0281726803006 0.0648848252692 0.105087047741
v 0.0281878397748 0.06497597857 0.105129553223
v 0.0281969572206 0.0650677903766 0.105172365772
v 0.0282 0.0651599320263 0.105215332129
v -0.0133 0.0802056174077 0.115541384201
v -0.0133 0.0820182329818 0.116386620725
v -0.0133 0.079782999146 0.116447691988
v -0.0133 0.08159561472 0.117292928512
v -0.0133 0.0820182329818 0.116386620725
v -0.0132942043148 0.0821954107816 0.11646924009
v -0.0132768376168 0.0823719662379 0.116551569251
v -0.0132479609072 0.0825472791933 0.116633319025
v -0.0132076756165 0.0827207338546 0.116714202262
v -0.0131561232481 0.0828917209559 0.116793934856
v -0.0130934848817 0.0830596398988 0.116872236745
v -0.0130199805369 0.083223900862 0.11694883289
v -0.0129358684003 0.0833839268728 0.117023454245
v -0.0128414439188 0.083539155834 0.117095838698
v -0.012737038762 0.0836890424981 0.117165731997
v -0.0126230196567 0.083833060383 0.11723288864
v -0.0124997870991 0.0839707036204 0.117297072736
v -0.0123677739482 0.0841014887334 0.117358058836
v -0.012227443905 0.0842249563347 0.117415632724
v -0.0120792898838 0.0843406727397 0.117469592169
v -0.0119238322811 0.0844482314903 0.117519747639
v -0.0117616171473 0.0845472547826 0.117565922958
v -0.011593214269 0.0846373947935 0.117607955935
v -0.0114192151675 0.0847183349031 0.117645698928
v -0.011240231021 0.0847897908061 0.117679019363
v -0.0110568905177 0.0848515115113 0.117707800201
v -0.010869837648 0.0849032802222 0.117731940347
v -0.0106797294418 0.0849449150996 0.117751355009
v -0.0104872336612 0.0849762698992 0.117765975992
v -0.0102930264546 0.0849972344863 0.11777575194
v -0.0100977899818 0.0850077352219 0.117780648513
v -0.00990221001819 0.0850077352219 0.117780648513
v -0.00970697354543 0.0849972344863 0.11777575194
v -0.00951276633879 0.0849762698992 0.117765975992
v -0.00932027055815 0.0849449150996 0.117751355009
v -0.00913016235197 0.0849032802222 0.117731940347
v -0.00894310948225 0.0848515115113 0.117707800201
v -0.00875976897902 0.0847897908061 0.117679019363
v -0.00858078483249 0.0847183349031 0.117645698928
v -0.00840678573099 0.0846373947935 0.117607955935
v -0.00823838285272 0.0845472547826 0.117565922958
v -0.00807616771892 0.0844482314903 0.117519747639
v -0.00792071011618 0.0843406727397 0.117469592169
v -0.00777255609499 0.0842249563347 0.117415632724
v -0.00763222605175 0.0841014887334 0.117358058836
v -0.00750021290087 0.0839707036204 0.117297072736
v -0.00737698034334 0.083833060383 0.11723288864
v -0.00726296123801 0.0836890424981 0.117165731997
v -0.00715855608117 0.083539155834 0.117095838698
v -0.00706413159972 0.0833839268728 0.117023454245
v -0.0069800194631 0.083223900862 0.11694883289
v -0.00690651511826 0.0830596398988 0.116872236745
v -0.00684387675189 0.0828917209559 0.116793934856
v -0.00679232438353 0.0827207338546 0.116714202262
v -0.00675203909277 0.0825472791933 0.116633319025
v -0.00672316238316 0.0823719662379 0.116551569251
v -0.00670579568518 0.0821954107816 0.11646924009
v -0.0067 0.0820182329818 0.116386620725
v -0.0133 0.08159561472 0.117292928512
v -0.0132942043148 0.0817727925199 0.117375547877
v -0.0132768376168 0.0819493479762 0.117457877038
v -0.0132479609072 0.0821246609316 0.117539626812
v -0.0132076756165 0.0822981155928 0.117620510049
v -0.0131561232481 0.0824691026941 0.117700242643
v -0.0130934848817 0.0826370216371 0.117778544532
v -0.0130199805369 0.0828012826003 0.117855140677
v -0.0129358684003 0.082961308611 0.117929762032
v -0.0128414439188 0.0831165375722 0.118002146485
v -0.012737038762 0.0832664242364 0.118072039785
v -0.0126230196567 0.0834104421212 0.118139196427
v -0.0124997870991 0.0835480853586 0.118203380523
v -0.0123677739482 0.0836788704717 0.118264366623
v -0.012227443905 0.0838023380729 0.118321940511
v -0.0120792898838 0.0839180544779 0.118375899956
v -0.0119238322811 0.0840256132286 0.118426055426
v -0.0117616171473 0.0841246365208 0.118472230745
v -0.011593214269 0.0842147765318 0.118514263722
v -0.0114192151675 0.0842957166413 0.118552006715
v -0.011240231021 0.0843671725444 0.11858532715
v -0.0110568905177 0.0844288932495 0.118614107988
v -0.010869837648 0.0844806619605 0.118638248134
v -0.0106797294418 0.0845222968378 0.118657662796
v -0.0104872336612 0.0845536516375 0.118672283779
v -0.0102930264546 0.0845746162245 0.118682059727
v -0.0100977899818 0.0845851169602 0.1186869563
v -0.00990221001819 0.0845851169602 0.1186869563
v -0.00970697354543 0.0845746162245 0.118682059727
v -0.00951276633879 0.0845536516375 0.118672283779
v -0.00932027055815 0.0845222968378 0.118657662796
v -0.00913016235197 0.0844806619605 0.118638248134
v -0.00894310948225 0.0844288932495 0.118614107988
v -0.00875976897902 0.0843671725444 0.11858532715
v -0.00858078483249 0.0842957166413 0.118552006715
v -0.00840678573099 0.0842147765318 0.118514263722
v -0.00823838285272 0.0841246365208 0.118472230745
v -0.00807616771892 0.0840256132286 0.118426055426
v -0.00792071011618 0.0839180544779 0.118375899956
v -0.00777255609499 0.0838023380729 0.118321940511
v -0.00763222605175 0.0836788704717 0.118264366623
v -0.00750021290087 0.0835480853586 0.118203380523
v -0.00737698034334 0.0834104421212 0.118139196427
v -0.00726296123801 0.0832664242364 0.118072039785
v -0.00715855608117 0.0831165375722 0.118002146485
v -0.00706413159972 0.082961308611 0.117929762032
v -0.0069800194631 0.0828012826003 0.117855140677
v -0.00690651511826 0.0826370216371 0.117778544532
v -0.00684387675189 0.0824691026941 0.117700242643
v -0.00679232438353 0.0822981155928 0.117620510049
v -0.00675203909277 0.0821246609316 0.117539626812
v -0.00672316238316 0.0819493479762 0.117457877038
v -0.00670579568518 0.0817727925199 0.117375547877
v -0.0067 0.08159561472 0.117292928512
v -0.0067 0.0802056174077 0.115541384201
v -0.00670579568518 0.0800284396079 0.115458764836
v -0.00672316238316 0.0798518841516 0.115376435675
v -0.00675203909277 0.0796765711962 0.115294685901
v -0.00679232438353 0.0795031165349 0.115213802664
v -0.00684387675189 0.0793321294336 0.11513407007
v -0.00690651511826 0.0791642104906 0.115055768181
v -0.0069800194631 0.0789999495275 0.114979172035
v -0.00706413159972 0.0788399235167 0.114904550681
v -0.00715855608117 0.0786846945555 0.114832166228
v -0.00726296123801 0.0785348078913 0.114762272928
v -0.00737698034334 0.0783907900065 0.114695116286
v -0.00750021290087 0.0782531467691 0.11463093219
v -0.00763222605175 0.0781223616561 0.11456994609
v -0.00777255609499 0.0779988940548 0.114512372202
v -0.00792071011618 0.0778831776498 0.114458412757
v -0.00807616771892 0.0777756188992 0.114408257287
v -0.00823838285272 0.0776765956069 0.114362081968
v -0.00840678573099 0.077586455596 0.11432004899
v -0.00858078483249 0.0775055154864 0.114282305998
v -0.00875976897902 0.0774340595833 0.114248985563
v -0.00894310948225 0.0773723388782 0.114220204725
v -0.00913016235197 0.0773205701672 0.114196064579
v -0.00932027055815 0.0772789352899 0.114176649917
v -0.00951276633879 0.0772475804903 0.114162028934
v -0.00970697354543 0.0772266159032 0.114152252986
v -0.00990221001819 0.0772161151675 0.114147356413
v -0.0100977899818 0.0772161151675 0.114147356413
v -0.0102930264546 0.0772266159032 0.114152252986
v -0.0104872336612 0.0772475804903 0.114162028934
v -0.0106797294418 0.0772789352899 0.114176649917
v -0.010869837648 0.0773205701672 0.114196064579
v -0.0110568905177 0.0773723388782 0.114220204725
v -0.011240231021 0.0774340595833 0.114248985563
v -0.0114192151675 0.0775055154864 0.114282305998
v -0.011593214269 0.077586455596 0.11432004899
v -0.0117616171473 0.0776765956069 0.114362081968
v -0.0119238322811 0.0777756188992 0.114408257287
v -0.0120792898838 0.0778831776498 0.114458412757
v -0.012227443905 0.0779988940548 0.114512372202
v -0.0123677739482 0.0781223616561 0.11456994609
v -0.0124997870991 0.0782531467691 0.11463093219
v -0.0126230196567 0.0783907900065 0.114695116286
v -0.012737038762 0.0785348078913 0.114762272928
v -0.0128414439188 0.0786846945555 0.114832166228
v -0.0129358684003 0.0788399235167 0.114904550681
v -0.0130199805369 0.0789999495275 0.114979172035
v -0.0130934848817 0.0791642104906 0.115055768181
v -0.0131561232481 0.0793321294336 0.11513407007
v -0.0132076756165 0.0795031165349 0.115213802664
v -0.0132479609072 0.0796765711962 0.115294685901
v -0.0132768376168 0.0798518841516 0.115376435675
v -0.0132942043148 0.0800284396079 0.115458764836
v -0.0133 0.0802056174077 0.115541384201
v -0.0067 0.079782999146 0.116447691988
v -0.00670579568518 0.0796058213461 0.116365072623
v -0.00672316238316 0.0794292658898 0.116282743462
v -0.00675203909277 0.0792539529344 0.116200993688
v -0.00679232438353 0.0790804982732 0.116120110451
v -0.00684387675189 0.0789095111719 0.116040377857
v -0.00690651511826 0.0787415922289 0.115962075968
v -0.0069800194631 0.0785773312657 0.115885479823
v -0.00706413159972 0.078417305255 0.115810858468
v -0.00715855608117 0.0782620762938 0.115738474015
v -0.00726296123801 0.0781121896296 0.115668580715
v -0.00737698034334 0.0779681717448 0.115601424073
v -0.00750021290087 0.0778305285074 0.115537239977
v -0.00763222605175 0.0776997433943 0.115476253877
v -0.00777255609499 0.0775762757931 0.115418679989
v -0.00792071011618 0.0774605593881 0.115364720544
v -0.00807616771892 0.0773530006374 0.115314565074
v -0.00823838285272 0.0772539773452 0.115268389755
v -0.00840678573099 0.0771638373342 0.115226356777
v -0.00858078483249 0.0770828972247 0.115188613785
v -0.00875976897902 0.0770114413216 0.11515529335
v -0.00894310948225 0.0769497206165 0.115126512512
v -0.00913016235197 0.0768979519055 0.115102372366
v -0.00932027055815 0.0768563170282 0.115082957704
v -0.00951276633879 0.0768249622285 0.115068336721
v -0.00970697354543 0.0768039976415 0.115058560773
v -0.00990221001819 0.0767934969058 0.1150536642
v -0.0100977899818 0.0767934969058 0.1150536642
v -0.0102930264546 0.0768039976415 0.115058560773
v -0.0104872336612 0.0768249622285 0.115068336721
v -0.0106797294418 0.0768563170282 0.115082957704
v -0.010869837648 0.0768979519055 0.115102372366
v -0.0110568905177 0.0769497206165 0.115126512512
v -0.011240231021 0.0770114413216 0.11515529335
v -0.0114192151675 0.0770828972247 0.115188613785
v -0.011593214269 0.0771638373342 0.115226356777
v -0.0117616171473 0.0772539773452 0.115268389755
v -0.0119238322811 0.0773530006374 0.115314565074
v -0.0120792898838 0.0774605593881 0.115364720544
v -0.012227443905 0.0775762757931 0.115418679989
v -0.0123677739482 0.0776997433943 0.115476253877
v -0.0124997870991 0.0778305285074 0.115537239977
v -0.0126230196567 0.0779681717448 0.115601424073
v -0.012737038762 0.0781121896296 0.115668580715
v -0.0128414439188 0.0782620762938 0.115738474015
v -0.0129358684003 0.078417305255 0.115810858468
v -0.0130199805369 0.0785773312657 0.115885479823
v -0.0130934848817 0.0787415922289 0.115962075968
v -0.0131561232481 0.0789095111719 0.116040377857
v -0.0132076756165 0.0790804982732 0.116120110451
v -0.0132479609072 0.0792539529344 0.116200993688
v -0.0132768376168 0.0794292658898 0.116282743462
v -0.0132942043148 0.0796058213461 0.116365072623
v -0.0133 0.079782999146 0.116447691988
v -0.0067 0.0820182329818 0.116386620725
v -0.0067 0.0802056174077 0.115541384201
v -0.0067 0.08159561472 0.117292928512
v -0.0067 0.079782999146 0.116447691988
v -0.0128 0.0933776159515 0.122786965914
v -0.0128021478443 0.093442657116 0.122817295107
v -0.0128085836884 0.09350746545 0.12284751573
v -0.0128192844937 0.0935718089565 0.1228775196
v -0.012834211954 0.0936354573025 0.122907199311
v -0.0128533126331 0.0936981826433 0.122936448618
v -0.0128765181552 0.0937597604386 0.122965162815
v -0.0129037454508 0.0938199702558 0.122993239114
v -0.0129348970532 0.0938785965594 0.123020577008
v -0.0129698614477 0.0939354294824 0.123047078636
v -0.0130085134708 0.0939902655778 0.123072649127
v -0.0130507147584 0.0940429085465 0.123097196946
v -0.0130963142408 0.0940931699404 0.123120634219
v -0.0131451486837 0.0941408698367 0.123142877046
v -0.0131970432724 0.0941858374822 0.123163845804
v -0.0132518122378 0.0942279119044 0.123183465429
v -0.0133092595212 0.0942669424877 0.123201665689
v -0.0133691794762 0.0943027895129 0.123218381431
v -0.013431357605 0.0943353246568 0.123233552818
v -0.013495571326 0.0943644314521 0.123247125539
v -0.0135615907708 0.0943900057041 0.123259051009
v -0.0136291796068 0.0944119558635 0.123269286536
v -0.0136980958835 0.0944302033544 0.123277795481
v -0.0137680928986 0.0944446828556 0.123284547384
v -0.013838920081 0.0944553425343 0.123289518073
v -0.0139103238877 0.0944621442315 0.123292689757
v -0.0139820487116 0.0944650635989 0.12329405108
v -0.0140538377964 0.094464090186 0.12329359717
v -0.0141254341559 0.0944592274773 0.123291329652
v -0.0141965814937 0.09445049288 0.123287256642
v -0.0142670251207 0.0944379176618 0.123281392722
v -0.0143365128672 0.0944215468387 0.123273758882
v -0.0144047959849 0.0944014390139 0.123264382449
v -0.014471630038 0.0943776661683 0.123253296989
v -0.014536775778 0.0943503134025 0.123240542185
v -0.0146 0.0943194786322 0.123226163695
v -0.0146610763777 0.094285272238 0.123210212992
v -0.0147197862736 0.0942478166698 0.123192747173
v -0.0147759195215 0.0942072460089 0.123173828764
v -0.0148292751788 0.0941637054877 0.123153525485
v -0.0148796622462 0.09411735097 0.123131910019
v -0.0149269003511 0.094068348393 0.123109059742
v -0.0149708203932 0.094016873173 0.123085056452
v -0.0150112651504 0.0939631095781 0.123059986076
v -0.0150480898407 0.093907250068 0.123033938359
v -0.0150811626415 0.0938494946052 0.123007006544
v -0.0151103651606 0.0937900499393 0.122979287041
v -0.0151355928606 0.0937291288668 0.122950879079
v -0.0151567554328 0.0936669494692 0.122921884349
v -0.0151737771209 0.0936037343328 0.122892406647
v -0.0151865969915 0.0935397097512 0.122862551495
v -0.0151951691528 0.0934751049159 0.122832425765
v -0.0151994629187 0.0934101510954 0.122802137301
v -0.0151994629187 0.0933450808076 0.122771794528
v -0.0151951691528 0.0932801269871 0.122741506064
v -0.0151865969915 0.0932155221518 0.122711380334
v -0.0151737771209 0.0931514975702 0.122681525182
v -0.0151567554328 0.0930882824338 0.122652047479
v -0.0151355928606 0.0930261030362 0.12262305275
v -0.0151103651606 0.0929651819637 0.122594644787
v -0.0150811626415 0.0929057372978 0.122566925284
v -0.0150480898407 0.092847981835 0.12253999347
v -0.0150112651504 0.0927921223249 0.122513945752
v -0.0149708203932 0.09273835873 0.122488875376
v -0.0149269003511 0.0926868835101 0.122464872087
v -0.0148796622462 0.092637880933 0.12244202181
v -0.0148292751788 0.0925915264153 0.122420406344
v -0.0147759195215 0.0925479858941 0.122400103065
v -0.0147197862736 0.0925074152332 0.122381184655
v -0.0146610763777 0.0924699596651 0.122363718837
v -0.0146 0.0924357532708 0.122347768133
v -0.014536775778 0.0924049185006 0.122333389644
v -0.014471630038 0.0923775657347 0.12232063484
v -0.0144047959849 0.0923537928891 0.12230954938
v -0.0143365128672 0.0923336850643 0.122300172947
v -0.0142670251207 0.0923173142412 0.122292539107
v -0.0141965814937 0.092304739023 0.122286675186
v -0.0141254341559 0.0922960044257 0.122282602177
v -0.0140538377964 0.092291141717 0.122280334658
v -0.0139820487116 0.0922901683041 0.122279880749
v -0.0139103238877 0.0922930876715 0.122281242072
v -0.013838920081 0.0922998893687 0.122284413755
v -0.0137680928986 0.0923105490474 0.122289384445
v -0.0136980958835 0.0923250285486 0.122296136348
v -0.0136291796068 0.0923432760396 0.122304645292
v -0.0135615907708 0.0923652261989 0.12231488082
v -0.013495571326 0.0923908004509 0.122326806289
v -0.013431357605 0.0924199072462 0.122340379011
v -0.0133691794762 0.0924524423901 0.122355550398
v -0.0133092595212 0.0924882894153 0.12237226614
v -0.0132518122378 0.0925273199987 0.1223904664
v -0.0131970432724 0.0925693944208 0.122410086025
v -0.0131451486837 0.0926143620663 0.122431054783
v -0.0130963142408 0.0926620619627 0.12245329761
v -0.0130507147584 0.0927123233565 0.122476734882
v -0.0130085134708 0.0927649663253 0.122501282702
v -0.0129698614477 0.0928198024206 0.122526853193
v -0.0129348970532 0.0928766353437 0.12255335482
v -0.0129037454508 0.0929352616472 0.122580692715
v -0.0128765181552 0.0929954714644 0.122608769014
v -0.0128533126331 0.0930570492597 0.122637483211
v -0.012834211954 0.0931197746005 0.122666732518
v -0.0128192844937 0.0931834229465 0.122696412229
v -0.0128085836884 0.093247766453 0.122726416099
v -0.0128021478443 0.093312574787 0.122756636721
v -0.0128 0.0933776159515 0.122786965914
v -0.0128 0.0950680889985 0.119161734766
v -0.0128021478443 0.095133130163 0.119192063959
v -0.0128085836884 0.095197938497 0.119222284582
v -0.0128192844937 0.0952622820035 0.119252288452
v -0.012834211954 0.0953259303494 0.119281968163
v -0.0128533126331 0.0953886556903 0.11931121747
v -0.0128765181552 0.0954502334856 0.119339931667
v -0.0129037454508 0.0955104433027 0.119368007966
v -0.0129348970532 0.0955690696063 0.11939534586
v -0.0129698614477 0.0956259025294 0.119421847487
v -0.0130085134708 0.0956807386247 0.119447417979
v -0.0130507147584 0.0957333815934 0.119471965798
v -0.0130963142408 0.0957836429873 0.119495403071
v -0.0131451486837 0.0958313428836 0.119517645898
v -0.0131970432724 0.0958763105291 0.119538614655
v -0.0132518122378 0.0959183849513 0.119558234281
v -0.0133092595212 0.0959574155347 0.119576434541
v -0.0133691794762 0.0959932625598 0.119593150283
v -0.013431357605 0.0960257977038 0.11960832167
v -0.013495571326 0.0960549044991 0.119621894391
v -0.0135615907708 0.0960804787511 0.119633819861
v -0.0136291796068 0.0961024289104 0.119644055388
v -0.0136980958835 0.0961206764014 0.119652564333
v -0.0137680928986 0.0961351559026 0.119659316235
v -0.013838920081 0.0961458155813 0.119664286925
v -0.0139103238877 0.0961526172785 0.119667458609
v -0.0139820487116 0.0961555366459 0.119668819932
v -0.0140538377964 0.096154563233 0.119668366022
v -0.0141254341559 0.0961497005243 0.119666098504
v -0.0141965814937 0.096140965927 0.119662025494
v -0.0142670251207 0.0961283907088 0.119656161574
v -0.0143365128672 0.0961120198857 0.119648527733
v -0.0144047959849 0.0960919120609 0.119639151301
v -0.014471630038 0.0960681392153 0.119628065841
v -0.014536775778 0.0960407864494 0.119615311037
v -0.0146 0.0960099516791 0.119600932547
v -0.0146610763777 0.0959757452849 0.119584981844
v -0.0147197862736 0.0959382897168 0.119567516025
v -0.0147759195215 0.0958977190559 0.119548597615
v -0.0148292751788 0.0958541785347 0.119528294337
v -0.0148796622462 0.095807824017 0.11950667887
v -0.0149269003511 0.0957588214399 0.119483828593
v -0.0149708203932 0.09570734622 0.119459825304
v -0.0150112651504 0.0956535826251 0.119434754928
v -0.0150480898407 0.095597723115 0.119408707211
v -0.0150811626415 0.0955399676522 0.119381775396
v -0.0151103651606 0.0954805229863 0.119354055893
v -0.0151355928606 0.0954196019138 0.119325647931
v -0.0151567554328 0.0953574225162 0.119296653201
v -0.0151737771209 0.0952942073798 0.119267175499
v -0.0151865969915 0.0952301827982 0.119237320346
v -0.0151951691528 0.0951655779629 0.119207194617
v -0.0151994629187 0.0951006241424 0.119176906153
v -0.0151994629187 0.0950355538545 0.119146563379
v -0.0151951691528 0.0949706000341 0.119116274916
v -0.0151865969915 0.0949059951988 0.119086149186
v -0.0151737771209 0.0948419706172 0.119056294033
v -0.0151567554328 0.0947787554807 0.119026816331
v -0.0151355928606 0.0947165760832 0.118997821602
v -0.0151103651606 0.0946556550107 0.118969413639
v -0.0150811626415 0.0945962103448 0.118941694136
v -0.0150480898407 0.094538454882 0.118914762322
v -0.0150112651504 0.0944825953719 0.118888714604
v -0.0149708203932 0.094428831777 0.118863644228
v -0.0149269003511 0.094377356557 0.118839640939
v -0.0148796622462 0.09432835398 0.118816790662
v -0.0148292751788 0.0942819994623 0.118795175195
v -0.0147759195215 0.0942384589411 0.118774871917
v -0.0147197862736 0.0941978882802 0.118755953507
v -0.0146610763777 0.094160432712 0.118738487689
v -0.0146 0.0941262263178 0.118722536985
v -0.014536775778 0.0940953915475 0.118708158496
v -0.014471630038 0.0940680387817 0.118695403692
v -0.0144047959849 0.0940442659361 0.118684318232
v -0.0143365128672 0.0940241581113 0.118674941799
v -0.0142670251207 0.0940077872881 0.118667307959
v -0.0141965814937 0.0939952120699 0.118661444038
v -0.0141254341559 0.0939864774727 0.118657371029
v -0.0140538377964 0.093981614764 0.11865510351
v -0.0139820487116 0.0939806413511 0.1186546496
v -0.0139103238877 0.0939835607185 0.118656010924
v -0.013838920081 0.0939903624157 0.118659182607
v -0.0137680928986 0.0940010220943 0.118664153297
v -0.0136980958835 0.0940155015956 0.118670905199
v -0.0136291796068 0.0940337490865 0.118679414144
v -0.0135615907708 0.0940556992459 0.118689649672
v -0.013495571326 0.0940812734979 0.118701575141
v -0.013431357605 0.0941103802932 0.118715147863
v -0.0133691794762 0.0941429154371 0.118730319249
v -0.0133092595212 0.0941787624623 0.118747034992
v -0.0132518122378 0.0942177930456 0.118765235252
v -0.0131970432724 0.0942598674678 0.118784854877
v -0.0131451486837 0.0943048351133 0.118805823634
v -0.0130963142408 0.0943525350096 0.118828066461
v -0.0130507147584 0.0944027964035 0.118851503734
v -0.0130085134708 0.0944554393722 0.118876051554
v -0.0129698614477 0.0945102754676 0.118901622045
v -0.0129348970532 0.0945671083906 0.118928123672
v -0.0129037454508 0.0946257346942 0.118955461567
v -0.0128765181552 0.0946859445114 0.118983537865
v -0.0128533126331 0.0947475223067 0.119012252063
v -0.012834211954 0.0948102476475 0.11904150137
v -0.0128192844937 0.0948738959935 0.119071181081
v -0.0128085836884 0.0949382395 0.119101184951
v -0.0128021478443 0.095003047834 0.119131405573
v -0.0128 0.0950680889985 0.119161734766
v 0.0067 0.0802056174077 0.115541384201
v 0.0067 0.0820182329818 0.116386620725
v 0.0067 0.079782999146 0.116447691988
v 0.0067 0.08159561472 0.117292928512
v 0.0067 0.0820182329818 0.116386620725
v 0.00670579568518 0.0821954107816 0.11646924009
v 0.00672316238316 0.0823719662379 0.116551569251
v 0.00675203909277 0.0825472791933 0.116633319025
v 0.00679232438353 0.0827207338546 0.116714202262
v 0.00684387675189 0.0828917209559 0.116793934856
v 0.00690651511826 0.0830596398988 0.116872236745
v 0.0069800194631 0.083223900862 0.11694883289
v 0.00706413159972 0.0833839268728 0.117023454245
v 0.00715855608117 0.083539155834 0.117095838698
v 0.00726296123801 0.0836890424981 0.117165731997
v 0.00737698034334 0.083833060383 0.11723288864
v 0.00750021290087 0.0839707036204 0.117297072736
v 0.00763222605175 0.0841014887334 0.117358058836
v 0.00777255609499 0.0842249563347 0.117415632724
v 0.00792071011618 0.0843406727397 0.117469592169
v 0.00807616771892 0.0844482314903 0.117519747639
v 0.00823838285272 0.0845472547826 0.117565922958
v 0.00840678573099 0.0846373947935 0.117607955935
v 0.00858078483249 0.0847183349031 0.117645698928
v 0.00875976897902 0.0847897908061 0.117679019363
v 0.00894310948225 0.0848515115113 0.117707800201
v 0.00913016235197 0.0849032802222 0.117731940347
v 0.00932027055815 0.0849449150996 0.117751355009
v 0.00951276633879 0.0849762698992 0.117765975992
v 0.00970697354543 0.0849972344863 0.11777575194
v 0.00990221001819 0.0850077352219 0.117780648513
v 0.0100977899818 0.0850077352219 0.117780648513
v 0.0102930264546 0.0849972344863 0.11777575194
v 0.0104872336612 0.0849762698992 0.117765975992
v 0.0106797294418 0.0849449150996 0.117751355009
v 0.010869837648 0.0849032802222 0.117731940347
v 0.0110568905177 0.0848515115113 0.117707800201
v 0.011240231021 0.0847897908061 0.117679019363
v 0.0114192151675 0.0847183349031 0.117645698928
v 0.011593214269 0.0846373947935 0.117607955935
v 0.0117616171473 0.0845472547826 0.117565922958
v 0.0119238322811 0.0844482314903 0.117519747639
v 0.0120792898838 0.0843406727397 0.117469592169
v 0.012227443905 0.0842249563347 0.117415632724
v 0.0123677739482 0.0841014887334 0.117358058836
v 0.0124997870991 0.0839707036204 0.117297072736
v 0.0126230196567 0.083833060383 0.11723288864
v 0.012737038762 0.0836890424981 0.117165731997
v 0.0128414439188 0.083539155834 0.117095838698
v 0.0129358684003 0.0833839268728 0.117023454245
v 0.0130199805369 0.083223900862 0.11694883289
v 0.0130934848817 0.0830596398988 0.116872236745
v 0.0131561232481 0.0828917209559 0.116793934856
v 0.0132076756165 0.0827207338546 0.116714202262
v 0.0132479609072 0.0825472791933 0.116633319025
v 0.0132768376168 0.0823719662379 0.116551569251
v 0.0132942043148 0.0821954107816 0.11646924009
v 0.0133 0.0820182329818 0.116386620725
v 0.0067 0.08159561472 0.117292928512
v 0.00670579568518 0.0817727925199 0.117375547877
v 0.00672316238316 0.0819493479762 0.117457877038
v 0.00675203909277 0.0821246609316 0.117539626812
v 0.00679232438353 0.0822981155928 0.117620510049
v 0.00684387675189 0.0824691026941 0.117700242643
v 0.00690651511826 0.0826370216371 0.117778544532
v 0.0069800194631 0.0828012826003 0.117855140677
v 0.00706413159972 0.082961308611 0.117929762032
v 0.00715855608117 0.0831165375722 0.118002146485
v 0.00726296123801 0.0832664242364 0.118072039785
v 0.00737698034334 0.0834104421212 0.118139196427
v 0.00750021290087 0.0835480853586 0.118203380523
v 0.00763222605175 0.0836788704717 0.118264366623
v 0.00777255609499 0.0838023380729 0.118321940511
v 0.00792071011618 0.0839180544779 0.118375899956
v 0.00807616771892 0.0840256132286 0.118426055426
v 0.00823838285272 0.0841246365208 0.118472230745
v 0.00840678573099 0.0842147765318 0.118514263722
v 0.00858078483249 0.0842957166413 0.118552006715
v 0.00875976897902 0.0843671725444 0.11858532715
v 0.00894310948225 0.0844288932495 0.118614107988
v 0.00913016235197 0.0844806619605 0.118638248134
v 0.00932027055815 0.0845222968378 0.118657662796
v 0.00951276633879 0.0845536516375 0.118672283779
v 0.00970697354543 0.0845746162245 0.118682059727
v 0.00990221001819 0.0845851169602 0.1186869563
v 0.0100977899818 0.0845851169602 0.1186869563
v 0.0102930264546 0.0845746162245 0.118682059727
v 0.0104872336612 0.0845536516375 0.118672283779
v 0.0106797294418 0.0845222968378 0.118657662796
v 0.010869837648 0.0844806619605 0.118638248134
v 0.0110568905177 0.0844288932495 0.118614107988
v 0.011240231021 0.0843671725444 0.11858532715
v 0.0114192151675 0.0842957166413 0.118552006715
v 0.011593214269 0.0842147765318 0.118514263722
v 0.0117616171473 0.0841246365208 0.118472230745
v 0.0119238322811 0.0840256132286 0.118426055426
v 0.0120792898838 0.0839180544779 0.118375899956
v 0.012227443905 0.0838023380729 0.118321940511
v 0.0123677739482 0.0836788704717 0.118264366623
v 0.0124997870991 0.0835480853586 0.118203380523
v 0.0126230196567 0.0834104421212 0.118139196427
v 0.012737038762 0.0832664242364 0.118072039785
v 0.0128414439188 0.0831165375722 0.118002146485
v 0.0129358684003 0.082961308611 0.117929762032
v 0.0130199805369 0.0828012826003 0.117855140677
v 0.0130934848817 0.0826370216371 0.117778544532
v 0.0131561232481 0.0824691026941 0.117700242643
v 0.0132076756165 0.0822981155928 0.117620510049
v 0.0132479609072 0.0821246609316 0.117539626812
v 0.0132768376168 0.0819493479762 0.117457877038
v 0.0132942043148 0.0817727925199 0.117375547877
v 0.0133 0.08159561472 0.117292928512
v 0.0133 0.0802056174077 0.115541384201
v 0.0132942043148 0.0800284396079 0.115458764836
v 0.0132768376168 0.0798518841516 0.115376435675
v 0.0132479609072 0.0796765711962 0.115294685901
v 0.0132076756165 0.0795031165349 0.115213802664
v 0.0131561232481 0.0793321294336 0.11513407007
v 0.0130934848817 0.0791642104906 0.115055768181
v 0.0130199805369 0.0789999495275 0.114979172035
v 0.0129358684003 0.0788399235167 0.114904550681
v 0.0128414439188 0.0786846945555 0.114832166228
v 0.012737038762 0.0785348078913 0.114762272928
v 0.0126230196567 0.0783907900065 0.114695116286
v 0.0124997870991 0.0782531467691 0.11463093219
v 0.0123677739482 0.0781223616561 0.11456994609
v 0.012227443905 0.0779988940548 0.114512372202
v 0.0120792898838 0.0778831776498 0.114458412757
v 0.0119238322811 0.0777756188992 0.114408257287
v 0.0117616171473 0.0776765956069 0.114362081968
v 0.011593214269 0.077586455596 0.11432004899
v 0.0114192151675 0.0775055154864 0.114282305998
v 0.011240231021 0.0774340595833 0.114248985563
v 0.0110568905177 0.0773723388782 0.114220204725
v 0.010869837648 0.0773205701672 0.114196064579
v 0.0106797294418 0.0772789352899 0.114176649917
v 0.0104872336612 0.0772475804903 0.114162028934
v 0.0102930264546 0.0772266159032 0.114152252986
v 0.0100977899818 0.0772161151675 0.114147356413
v 0.00990221001819 0.0772161151675 0.114147356413
v 0.00970697354543 0.0772266159032 0.114152252986
v 0.00951276633879 0.0772475804903 0.114162028934
v 0.00932027055815 0.0772789352899 0.114176649917
v 0.00913016235197 0.0773205701672 0.114196064579
v 0.00894310948225 0.0773723388782 0.114220204725
v 0.00875976897902 0.0774340595833 0.114248985563
v 0.00858078483249 0.0775055154864 0.114282305998
v 0.00840678573099 0.077586455596 0.11432004899
v 0.00823838285272 0.0776765956069 0.114362081968
v 0.00807616771892 0.0777756188992 0.114408257287
v 0.00792071011618 0.0778831776498 0.114458412757
v 0.00777255609499 0.0779988940548 0.114512372202
v 0.00763222605175 0.0781223616561 0.11456994609
v 0.00750021290087 0.0782531467691 0.11463093219
v 0.00737698034334 0.0783907900065 0.114695116286
v 0.00726296123801 0.0785348078913 0.114762272928
v 0.00715855608117 0.0786846945555 0.114832166228
v 0.00706413159972 0.0788399235167 0.114904550681
v 0.0069800194631 0.0789999495275 0.114979172035
v 0.00690651511826 0.0791642104906 0.115055768181
v 0.00684387675189 0.0793321294336 0.11513407007
v 0.00679232438353 0.0795031165349 0.115213802664
v 0.00675203909277 0.0796765711962 0.115294685901
v 0.00672316238316 0.0798518841516 0.115376435675
v 0.00670579568518 0.0800284396079 0.115458764836
v 0.0067 0.0802056174077 0.115541384201
v 0.0133 0.079782999146 0.116447691988
v 0.0132942043148 0.0796058213461 0.116365072623
v 0.0132768376168 0.0794292658898 0.116282743462
v 0.0132479609072 0.0792539529344 0.116200993688
v 0.0132076756165 0.0790804982732 0.116120110451
v 0.0131561232481 0.0789095111719 0.116040377857
v 0.0130934848817 0.0787415922289 0.115962075968
v 0.0130199805369 0.0785773312657 0.115885479823
v 0.0129358684003 0.078417305255 0.115810858468
v 0.0128414439188 0.0782620762938 0.115738474015
v 0.012737038762 0.0781121896296 0.115668580715
v 0.0126230196567 0.0779681717448 0.115601424073
v 0.0124997870991 0.0778305285074 0.115537239977
v 0.0123677739482 0.0776997433943 0.115476253877
v 0.012227443905 0.0775762757931 0.115418679989
v 0.0120792898838 0.0774605593881 0.115364720544
v 0.0119238322811 0.0773530006374 0.115314565074
v 0.0117616171473 0.0772539773452 0.115268389755
v 0.011593214269 0.0771638373342 0.115226356777
v 0.0114192151675 0.0770828972247 0.115188613785
v 0.011240231021 0.0770114413216 0.11515529335
v 0.0110568905177 0.0769497206165 0.115126512512
v 0.010869837648 0.0768979519055 0.115102372366
v 0.0106797294418 0.0768563170282 0.115082957704
v 0.0104872336612 0.0768249622285 0.115068336721
v 0.0102930264546 0.0768039976415 0.115058560773
v 0.0100977899818 0.0767934969058 0.1150536642
v 0.00990221001819 0.0767934969058 0.1150536642
v 0.00970697354543 0.0768039976415 0.115058560773
v 0.00951276633879 0.0768249622285 0.115068336721
v 0.00932027055815 0.0768563170282 0.115082957704
v 0.00913016235197 0.0768979519055 0.115102372366
v 0.00894310948225 0.0769497206165 0.115126512512
v 0.00875976897902 0.0770114413216 0.11515529335
v 0.00858078483249 0.0770828972247 0.115188613785
v 0.00840678573099 0.0771638373342 0.115226356777
v 0.00823838285272 0.0772539773452 0.115268389755
v 0.00807616771892 0.0773530006374 0.115314565074
v 0.00792071011618 0.0774605593881 0.115364720544
v 0.00777255609499 0.0775762757931 0.115418679989
v 0.00763222605175 0.0776997433943 0.115476253877
v 0.00750021290087 0.0778305285074 0.115537239977
v 0.00737698034334 0.0779681717448 0.115601424073
v 0.00726296123801 0.0781121896296 0.115668580715
v 0.00715855608117 0.0782620762938 0.115738474015
v 0.00706413159972 0.078417305255 0.115810858468
v 0.0069800194631 0.0785773312657 0.115885479823
v 0.00690651511826 0.0787415922289 0.115962075968
v 0.00684387675189 0.0789095111719 0.116040377857
v 0.00679232438353 0.0790804982732 0.116120110451
v 0.00675203909277 0.0792539529344 0.116200993688
v 0.00672316238316 0.0794292658898 0.116282743462
v 0.00670579568518 0.0796058213461 0.116365072623
v 0.0067 0.079782999146 0.116447691988
v 0.0133 0.0820182329818 0.116386620725
v 0.0133 0.0802056174077 0.115541384201
v 0.0133 0.08159561472 0.117292928512
v 0.0133 0.079782999146 0.116447691988
v 0.0152 0.0933776159515 0.122786965914
v 0.0151978521557 0.093442657116 0.122817295107
v 0.0151914163116 0.09350746545 0.12284751573
v 0.0151807155063 0.0935718089565 0.1228775196
v 0.015165788046 0.0936354573025 0.122907199311
v 0.0151466873669 0.0936981826433 0.122936448618
v 0.0151234818448 0.0937597604386 0.122965162815
v 0.0150962545492 0.0938199702558 0.122993239114
v 0.0150651029468 0.0938785965594 0.123020577008
v 0.0150301385523 0.0939354294824 0.123047078636
v 0.0149914865292 0.0939902655778 0.123072649127
v 0.0149492852416 0.0940429085465 0.123097196946
v 0.0149036857592 0.0940931699404 0.123120634219
v 0.0148548513163 0.0941408698367 0.123142877046
v 0.0148029567276 0.0941858374822 0.123163845804
v 0.0147481877622 0.0942279119044 0.123183465429
v 0.0146907404788 0.0942669424877 0.123201665689
v 0.0146308205238 0.0943027895129 0.123218381431
v 0.014568642395 0.0943353246568 0.123233552818
v 0.014504428674 0.0943644314521 0.123247125539
v 0.0144384092292 0.0943900057041 0.123259051009
v 0.0143708203932 0.0944119558635 0.123269286536
v 0.0143019041165 0.0944302033544 0.123277795481
v 0.0142319071014 0.0944446828556 0.123284547384
v 0.014161079919 0.0944553425343 0.123289518073
v 0.0140896761123 0.0944621442315 0.123292689757
v 0.0140179512884 0.0944650635989 0.12329405108
v 0.0139461622036 0.094464090186 0.12329359717
v 0.0138745658441 0.0944592274773 0.123291329652
v 0.0138034185063 0.09445049288 0.123287256642
v 0.0137329748793 0.0944379176618 0.123281392722
v 0.0136634871328 0.0944215468387 0.123273758882
v 0.0135952040151 0.0944014390139 0.123264382449
v 0.013528369962 0.0943776661683 0.123253296989
v 0.013463224222 0.0943503134025 0.123240542185
v 0.0134 0.0943194786322 0.123226163695
v 0.0133389236223 0.094285272238 0.123210212992
v 0.0132802137264 0.0942478166698 0.123192747173
v 0.0132240804785 0.0942072460089 0.123173828764
v 0.0131707248212 0.0941637054877 0.123153525485
v 0.0131203377538 0.09411735097 0.123131910019
v 0.0130730996489 0.094068348393 0.123109059742
v 0.0130291796068 0.094016873173 0.123085056452
v 0.0129887348496 0.0939631095781 0.123059986076
v 0.0129519101593 0.093907250068 0.123033938359
v 0.0129188373585 0.0938494946052 0.123007006544
v 0.0128896348394 0.0937900499393 0.122979287041
v 0.0128644071394 0.0937291288668 0.122950879079
v 0.0128432445672 0.0936669494692 0.122921884349
v 0.0128262228791 0.0936037343328 0.122892406647
v 0.0128134030085 0.0935397097512 0.122862551495
v 0.0128048308472 0.0934751049159 0.122832425765
v 0.0128005370813 0.0934101510954 0.122802137301
v 0.0128005370813 0.0933450808076 0.122771794528
v 0.0128048308472 0.0932801269871 0.122741506064
v 0.0128134030085 0.0932155221518 0.122711380334
v 0.0128262228791 0.0931514975702 0.122681525182
v 0.0128432445672 0.0930882824338 0.122652047479
v 0.0128644071394 0.0930261030362 0.12262305275
v 0.0128896348394 0.0929651819637 0.122594644787
v 0.0129188373585 0.0929057372978 0.122566925284
v 0.0129519101593 0.092847981835 0.12253999347
v 0.0129887348496 0.0927921223249 0.122513945752
v 0.0130291796068 0.09273835873 0.122488875376
v 0.0130730996489 0.0926868835101 0.122464872087
v 0.0131203377538 0.092637880933 0.12244202181
v 0.0131707248212 0.0925915264153 0.122420406344
v 0.0132240804785 0.0925479858941 0.122400103065
v 0.0132802137264 0.0925074152332 0.122381184655
v 0.0133389236223 0.0924699596651 0.122363718837
v 0.0134 0.0924357532708 0.122347768133
v 0.013463224222 0.0924049185006 0.122333389644
v 0.013528369962 0.0923775657347 0.12232063484
v 0.0135952040151 0.0923537928891 0.12230954938
v 0.0136634871328 0.0923336850643 0.122300172947
v 0.0137329748793 0.0923173142412 0.122292539107
v 0.0138034185063 0.092304739023 0.122286675186
v 0.0138745658441 0.0922960044257 0.122282602177
v 0.0139461622036 0.092291141717 0.122280334658
v 0.0140179512884 0.0922901683041 0.122279880749
v 0.0140896761123 0.0922930876715 0.122281242072
v 0.014161079919 0.0922998893687 0.122284413755
v 0.0142319071014 0.0923105490474 0.122289384445
v 0.0143019041165 0.0923250285486 0.122296136348
v 0.0143708203932 0.0923432760396 0.122304645292
v 0.0144384092292 0.0923652261989 0.12231488082
v 0.014504428674 0.0923908004509 0.122326806289
v 0.014568642395 0.0924199072462 0.122340379011
v 0.0146308205238 0.0924524423901 0.122355550398
v 0.0146907404788 0.0924882894153 0.12237226614
v 0.0147481877622 0.0925273199987 0.1223904664
v 0.0148029567276 0.0925693944208 0.122410086025
v 0.0148548513163 0.0926143620663 0.122431054783
v 0.0149036857592 0.0926620619627 0.12245329761
v 0.0149492852416 0.0927123233565 0.122476734882
v 0.0149914865292 0.0927649663253 0.122501282702
v 0.0150301385523 0.0928198024206 0.122526853193
v 0.0150651029468 0.0928766353437 0.12255335482
v 0.0150962545492 0.0929352616472 0.122580692715
v 0.0151234818448 0.0929954714644 0.122608769014
v 0.0151466873669 0.0930570492597 0.122637483211
v 0.015165788046 0.0931197746005 0.122666732518
v 0.0151807155063 0.0931834229465 0.122696412229
v 0.0151914163116 0.093247766453 0.122726416099
v 0.0151978521557 0.093312574787 0.122756636721
v 0.0152 0.0933776159515 0.122786965914
v 0.0152 0.0950680889985 0.119161734766
v 0.0151978521557 0.095133130163 0.119192063959
v 0.0151914163116 0.095197938497 0.119222284582
v 0.0151807155063 0.0952622820035 0.119252288452
v 0.015165788046 0.0953259303494 0.119281968163
v 0.0151466873669 0.0953886556903 0.11931121747
v 0.0151234818448 0.0954502334856 0.119339931667
v 0.0150962545492 0.0955104433027 0.119368007966
v 0.0150651029468 0.0955690696063 0.11939534586
v 0.0150301385523 0.0956259025294 0.119421847487
v 0.0149914865292 0.0956807386247 0.119447417979
v 0.0149492852416 0.0957333815934 0.119471965798
v 0.0149036857592 0.0957836429873 0.119495403071
v 0.0148548513163 0.0958313428836 0.119517645898
v 0.0148029567276 0.0958763105291 0.119538614655
v 0.0147481877622 0.0959183849513 0.119558234281
v 0.0146907404788 0.0959574155347 0.119576434541
v 0.0146308205238 0.0959932625598 0.119593150283
v 0.014568642395 0.0960257977038 0.11960832167
v 0.014504428674 0.0960549044991 0.119621894391
v 0.0144384092292 0.0960804787511 0.119633819861
v 0.0143708203932 0.0961024289104 0.119644055388
v 0.0143019041165 0.0961206764014 0.119652564333
v 0.0142319071014 0.0961351559026 0.119659316235
v 0.014161079919 0.0961458155813 0.119664286925
v 0.0140896761123 0.0961526172785 0.119667458609
v 0.0140179512884 0.0961555366459 0.119668819932
v 0.0139461622036 0.096154563233 0.119668366022
v 0.0138745658441 0.0961497005243 0.119666098504
v 0.0138034185063 0.096140965927 0.119662025494
v 0.0137329748793 0.0961283907088 0.119656161574
v 0.0136634871328 0.0961120198857 0.119648527733
v 0.0135952040151 0.0960919120609 0.119639151301
v 0.013528369962 0.0960681392153 0.119628065841
v 0.013463224222 0.0960407864494 0.119615311037
v 0.0134 0.0960099516791 0.119600932547
v 0.0133389236223 0.0959757452849 0.119584981844
v 0.0132802137264 0.0959382897168 0.119567516025
v 0.0132240804785 0.0958977190559 0.119548597615
v 0.0131707248212 0.0958541785347 0.119528294337
v 0.0131203377538 0.095807824017 0.11950667887
v 0.0130730996489 0.0957588214399 0.119483828593
v 0.0130291796068 0.09570734622 0.119459825304
v 0.0129887348496 0.0956535826251 0.119434754928
v 0.0129519101593 0.095597723115 0.119408707211
v 0.0129188373585 0.0955399676522 0.119381775396
v 0.0128896348394 0.0954805229863 0.119354055893
v 0.0128644071394 0.0954196019138 0.119325647931
v 0.0128432445672 0.0953574225162 0.119296653201
v 0.0128262228791 0.0952942073798 0.119267175499
v 0.0128134030085 0.0952301827982 0.119237320346
v 0.0128048308472 0.0951655779629 0.119207194617
v 0.0128005370813 0.0951006241424 0.119176906153
v 0.0128005370813 0.0950355538545 0.119146563379
v 0.0128048308472 0.0949706000341 0.119116274916
v 0.0128134030085 0.0949059951988 0.119086149186
v 0.0128262228791 0.0948419706172 0.119056294033
v 0.0128432445672 0.0947787554807 0.119026816331
v 0.0128644071394 0.0947165760832 0.118997821602
v 0.0128896348394 0.0946556550107 0.118969413639
v 0.0129188373585 0.0945962103448 0.118941694136
v 0.0129519101593 0.094538454882 0.118914762322
v 0.0129887348496 0.0944825953719 0.118888714604
v 0.0130291796068 0.094428831777 0.118863644228
v 0.0130730996489 0.094377356557 0.118839640939
v 0.0131203377538 0.09432835398 0.118816790662
v 0.0131707248212 0.0942819994623 0.118795175195
v 0.0132240804785 0.0942384589411 0.118774871917
v 0.0132802137264 0.0941978882802 0.118755953507
v 0.0133389236223 0.094160432712 0.118738487689
v 0.0134 0.0941262263178 0.118722536985
v 0.013463224222 0.0940953915475 0.118708158496
v 0.013528369962 0.0940680387817 0.118695403692
v 0.0135952040151 0.0940442659361 0.118684318232
v 0.0136634871328 0.0940241581113 0.118674941799
v 0.0137329748793 0.0940077872881 0.118667307959
v 0.0138034185063 0.0939952120699 0.118661444038
v 0.0138745658441 0.0939864774727 0.118657371029
v 0.0139461622036 0.093981614764 0.11865510351
v 0.0140179512884 0.0939806413511 0.1186546496
v 0.0140896761123 0.0939835607185 0.118656010924
v 0.014161079919 0.0939903624157 0.118659182607
v 0.0142319071014 0.0940010220943 0.118664153297
v 0.0143019041165 0.0940155015956 0.118670905199
v 0.0143708203932 0.0940337490865 0.118679414144
v 0.0144384092292 0.0940556992459 0.118689649672
v 0.014504428674 0.0940812734979 0.118701575141
v 0.014568642395 0.0941103802932 0.118715147863
v 0.0146308205238 0.0941429154371 0.118730319249
v 0.0146907404788 0.0941787624623 0.118747034992
v 0.0147481877622 0.0942177930456 0.118765235252
v 0.0148029567276 0.0942598674678 0.118784854877
v 0.0148548513163 0.0943048351133 0.118805823634
v 0.0149036857592 0.0943525350096 0.118828066461
v 0.0149492852416 0.0944027964035 0.118851503734
v 0.0149914865292 0.0944554393722 0.118876051554
v 0.0150301385523 0.0945102754676 0.118901622045
v 0.0150651029468 0.0945671083906 0.118928123672
v 0.0150962545492 0.0946257346942 0.118955461567
v 0.0151234818448 0.0946859445114 0.118983537865
v 0.0151466873669 0.0947475223067 0.119012252063
v 0.015165788046 0.0948102476475 0.11904150137
v 0.0151807155063 0.0948738959935 0.119071181081
v 0.0151914163116 0.0949382395 0.119101184951
v 0.0151978521557 0.095003047834 0.119131405573
v 0.0152 0.0950680889985 0.119161734766
v -0.0117 0.083286087767 0.113667697364
v -0.0117 0.0820182329818 0.116386620725
v -0.0117 0.0814734721929 0.11282246084
v -0.0117 0.0802056174077 0.115541384201
v -0.0117 0.083286087767 0.113667697364
v -0.011697014344 0.083377361179 0.113710258855
v -0.0116880678632 0.0834683139899 0.113752670847
v -0.0116731919825 0.0835586267245 0.113794784367
v -0.0116524389539 0.083647982156 0.113836451489
v -0.0116258816733 0.0837360664203 0.113877525856
v -0.0115936134239 0.0838225701182 0.113917863192
v -0.0115557475493 0.0839071894023 0.113957321813
v -0.0115124170547 0.0839896270442 0.113995763116
v -0.01146377414 0.0840695934787 0.114033052077
v -0.0114099896653 0.0841468078209 0.114069057716
v -0.0113512525504 0.0842209988525 0.114103653562
v -0.0112877691117 0.0842919059748 0.114136718097
v -0.011219762337 0.0843592801239 0.114168135178
v -0.0111474711026 0.0844228846458 0.114197794454
v -0.0110711493341 0.0844824961271 0.114225591744
v -0.0109910651145 0.0845379051805 0.11425142941
v -0.0109074997425 0.0845889171795 0.114275216696
v -0.0108207467446 0.0846353529427 0.114296870048
v -0.0107311108439 0.0846770493628 0.114316313408
v -0.0106389068896 0.0847138599795 0.11433347848
v -0.0105444587516 0.0847456554943 0.114348304972
v -0.0104480981823 0.0847723242242 0.114360740805
v -0.0103501636519 0.0847937724943 0.114370742298
v -0.0102509991588 0.0848099249669 0.11437827432
v -0.010150953022 0.0848207249057 0.114383310414
v -0.0100503766573 0.0848261343756 0.114385832891
v -0.0099496233427 0.0848261343756 0.114385832891
v -0.00984904697795 0.0848207249057 0.114383310414
v -0.0097490008412 0.0848099249669 0.11437827432
v -0.00964983634814 0.0847937724943 0.114370742298
v -0.00955190181768 0.0847723242242 0.114360740805
v -0.00945554124843 0.0847456554943 0.114348304972
v -0.00936109311041 0.0847138599795 0.11433347848
v -0.00926888915613 0.0846770493628 0.114316313408
v -0.00917925325536 0.0846353529427 0.114296870048
v -0.00909250025746 0.0845889171795 0.114275216696
v -0.00900893488551 0.0845379051805 0.11425142941
v -0.00892885066591 0.0844824961271 0.114225591744
v -0.00885252889742 0.0844228846458 0.114197794454
v -0.00878023766302 0.0843592801239 0.114168135178
v -0.00871223088833 0.0842919059748 0.114136718097
v -0.0086487474496 0.0842209988525 0.114103653562
v -0.00859001033473 0.0841468078209 0.114069057716
v -0.00853622586 0.0840695934787 0.114033052077
v -0.00848758294531 0.0839896270442 0.113995763116
v -0.00844425245069 0.0839071894023 0.113957321813
v -0.00840638657607 0.0838225701182 0.113917863192
v -0.00837411832673 0.0837360664203 0.113877525856
v -0.00834756104606 0.083647982156 0.113836451489
v -0.00832680801749 0.0835586267245 0.113794784367
v -0.00831193213678 0.0834683139899 0.113752670847
v -0.008302985656 0.083377361179 0.113710258855
v -0.0083 0.083286087767 0.113667697364
v -0.0117 0.0820182329818 0.116386620725
v -0.011697014344 0.0821095063938 0.116429182216
v -0.0116880678632 0.0822004592046 0.116471594208
v -0.0116731919825 0.0822907719392 0.116513707728
v -0.0116524389539 0.0823801273708 0.11655537485
v -0.0116258816733 0.0824682116351 0.116596449217
v -0.0115936134239 0.082554715333 0.116636786554
v -0.0115557475493 0.082639334617 0.116676245174
v -0.0115124170547 0.082721772259 0.116714686477
v -0.01146377414 0.0828017386935 0.116751975438
v -0.0114099896653 0.0828789530357 0.116787981077
v -0.0113512525504 0.0829531440672 0.116822576924
v -0.0112877691117 0.0830240511895 0.116855641458
v -0.011219762337 0.0830914253387 0.116887058539
v -0.0111474711026 0.0831550298605 0.116916717815
v -0.0110711493341 0.0832146413419 0.116944515105
v -0.0109910651145 0.0832700503953 0.116970352771
v -0.0109074997425 0.0833210623943 0.116994140057
v -0.0108207467446 0.0833674981575 0.117015793409
v -0.0107311108439 0.0834091945776 0.117035236769
v -0.0106389068896 0.0834460051943 0.117052401842
v -0.0105444587516 0.0834778007091 0.117067228334
v -0.0104480981823 0.083504469439 0.117079664167
v -0.0103501636519 0.0835259177091 0.117089665659
v -0.0102509991588 0.0835420701817 0.117097197681
v -0.010150953022 0.0835528701205 0.117102233775
v -0.0100503766573 0.0835582795903 0.117104756252
v -0.0099496233427 0.0835582795903 0.117104756252
v -0.00984904697795 0.0835528701205 0.117102233775
v -0.0097490008412 0.0835420701817 0.117097197681
v -0.00964983634814 0.0835259177091 0.117089665659
v -0.00955190181768 0.083504469439 0.117079664167
v -0.00945554124843 0.0834778007091 0.117067228334
v -0.00936109311041 0.0834460051943 0.117052401842
v -0.00926888915613 0.0834091945776 0.117035236769
v -0.00917925325536 0.0833674981575 0.117015793409
v -0.00909250025746 0.0833210623943 0.116994140057
v -0.00900893488551 0.0832700503953 0.116970352771
v -0.00892885066591 0.0832146413419 0.116944515105
v -0.00885252889742 0.0831550298605 0.116916717815
v -0.00878023766302 0.0830914253387 0.116887058539
v -0.00871223088833 0.0830240511895 0.116855641458
v -0.0086487474496 0.0829531440672 0.116822576924
v -0.00859001033473 0.0828789530357 0.116787981077
v -0.00853622586 0.0828017386935 0.116751975438
v -0.00848758294531 0.082721772259 0.116714686477
v -0.00844425245069 0.082639334617 0.116676245174
v -0.00840638657607 0.082554715333 0.116636786554
v -0.00837411832673 0.0824682116351 0.116596449217
v -0.00834756104606 0.0823801273708 0.11655537485
v -0.00832680801749 0.0822907719392 0.116513707728
v -0.00831193213678 0.0822004592046 0.116471594208
v -0.008302985656 0.0821095063938 0.116429182216
v -0.0083 0.0820182329818 0.116386620725
v -0.0083 0.0814734721929 0.11282246084
v -0.008302985656 0.0813821987809 0.112779899349
v -0.00831193213678 0.0812912459701 0.112737487357
v -0.00832680801749 0.0812009332355 0.112695373837
v -0.00834756104606 0.0811115778039 0.112653706715
v -0.00837411832673 0.0810234935396 0.112612632348
v -0.00840638657607 0.0809369898417 0.112572295011
v -0.00844425245069 0.0808523705577 0.112532836391
v -0.00848758294531 0.0807699329157 0.112494395087
v -0.00853622586 0.0806899664812 0.112457106127
v -0.00859001033473 0.080612752139 0.112421100487
v -0.0086487474496 0.0805385611075 0.112386504641
v -0.00871223088833 0.0804676539852 0.112353440107
v -0.00878023766302 0.080400279836 0.112322023025
v -0.00885252889742 0.0803366753142 0.11229236375
v -0.00892885066591 0.0802770638328 0.112264566459
v -0.00900893488551 0.0802216547794 0.112238728794
v -0.00909250025746 0.0801706427804 0.112214941508
v -0.00917925325536 0.0801242070172 0.112193288156
v -0.00926888915613 0.0800825105971 0.112173844796
v -0.00936109311041 0.0800456999804 0.112156679723
v -0.00945554124843 0.0800139044656 0.112141853231
v -0.00955190181768 0.0799872357357 0.112129417398
v -0.00964983634814 0.0799657874656 0.112119415906
v -0.0097490008412 0.079949634993 0.112111883884
v -0.00984904697795 0.0799388350542 0.11210684779
v -0.0099496233427 0.0799334255844 0.112104325313
v -0.0100503766573 0.0799334255844 0.112104325313
v -0.010150953022 0.0799388350542 0.11210684779
v -0.0102509991588 0.079949634993 0.112111883884
v -0.0103501636519 0.0799657874656 0.112119415906
v -0.0104480981823 0.0799872357357 0.112129417398
v -0.0105444587516 0.0800139044656 0.112141853231
v -0.0106389068896 0.0800456999804 0.112156679723
v -0.0107311108439 0.0800825105971 0.112173844796
v -0.0108207467446 0.0801242070172 0.112193288156
v -0.0109074997425 0.0801706427804 0.112214941508
v -0.0109910651145 0.0802216547794 0.112238728794
v -0.0110711493341 0.0802770638328 0.112264566459
v -0.0111474711026 0.0803366753142 0.11229236375
v -0.011219762337 0.080400279836 0.112322023025
v -0.0112877691117 0.0804676539852 0.112353440107
v -0.0113512525504 0.0805385611075 0.112386504641
v -0.0114099896653 0.080612752139 0.112421100487
v -0.01146377414 0.0806899664812 0.112457106127
v -0.0115124170547 0.0807699329157 0.112494395087
v -0.0115557475493 0.0808523705577 0.112532836391
v -0.0115936134239 0.0809369898417 0.112572295011
v -0.0116258816733 0.0810234935396 0.112612632348
v -0.0116524389539 0.0811115778039 0.112653706715
v -0.0116731919825 0.0812009332355 0.112695373837
v -0.0116880678632 0.0812912459701 0.112737487357
v -0.011697014344 0.0813821987809 0.112779899349
v -0.0117 0.0814734721929 0.11282246084
v -0.0083 0.0802056174077 0.115541384201
v -0.008302985656 0.0801143439957 0.11549882271
v -0.00831193213678 0.0800233911848 0.115456410718
v -0.00832680801749 0.0799330784503 0.115414297198
v -0.00834756104606 0.0798437230187 0.115372630076
v -0.00837411832673 0.0797556387544 0.115331555709
v -0.00840638657607 0.0796691350565 0.115291218372
v -0.00844425245069 0.0795845157724 0.115251759752
v -0.00848758294531 0.0795020781305 0.115213318448
v -0.00853622586 0.079422111696 0.115176029488
v -0.00859001033473 0.0793448973538 0.115140023849
v -0.0086487474496 0.0792707063222 0.115105428002
v -0.00871223088833 0.0791997992 0.115072363468
v -0.00878023766302 0.0791324250508 0.115040946387
v -0.00885252889742 0.0790688205289 0.115011287111
v -0.00892885066591 0.0790092090476 0.114983489821
v -0.00900893488551 0.0789537999942 0.114957652155
v -0.00909250025746 0.0789027879952 0.114933864869
v -0.00917925325536 0.078856352232 0.114912211517
v -0.00926888915613 0.0788146558119 0.114892768157
v -0.00936109311041 0.0787778451952 0.114875603084
v -0.00945554124843 0.0787460496804 0.114860776592
v -0.00955190181768 0.0787193809505 0.114848340759
v -0.00964983634814 0.0786979326804 0.114838339267
v -0.0097490008412 0.0786817802078 0.114830807245
v -0.00984904697795 0.078670980269 0.114825771151
v -0.0099496233427 0.0786655707991 0.114823248674
v -0.0100503766573 0.0786655707991 0.114823248674
v -0.010150953022 0.078670980269 0.114825771151
v -0.0102509991588 0.0786817802078 0.114830807245
v -0.0103501636519 0.0786979326804 0.114838339267
v -0.0104480981823 0.0787193809505 0.114848340759
v -0.0105444587516 0.0787460496804 0.114860776592
v -0.0106389068896 0.0787778451952 0.114875603084
v -0.0107311108439 0.0788146558119 0.114892768157
v -0.0108207467446 0.078856352232 0.114912211517
v -0.0109074997425 0.0789027879952 0.114933864869
v -0.0109910651145 0.0789537999942 0.114957652155
v -0.0110711493341 0.0790092090476 0.114983489821
v -0.0111474711026 0.0790688205289 0.115011287111
v -0.011219762337 0.0791324250508 0.115040946387
v -0.0112877691117 0.0791997992 0.115072363468
v -0.0113512525504 0.0792707063222 0.115105428002
v -0.0114099896653 0.0793448973538 0.115140023849
v -0.01146377414 0.079422111696 0.115176029488
v -0.0115124170547 0.0795020781305 0.115213318448
v -0.0115557475493 0.0795845157724 0.115251759752
v -0.0115936134239 0.0796691350565 0.115291218372
v -0.0116258816733 0.0797556387544 0.115331555709
v -0.0116524389539 0.0798437230187 0.115372630076
v -0.0116731919825 0.0799330784503 0.115414297198
v -0.0116880678632 0.0800233911848 0.115456410718
v -0.011697014344 0.0801143439957 0.11549882271
v -0.0117 0.0802056174077 0.115541384201
v -0.0083 0.0814734721929 0.11282246084
v -0.0083 0.0802056174077 0.115541384201
v -0.0083 0.083286087767 0.113667697364
v -0.0083 0.0820182329818 0.116386620725
v 0.0083 0.083286087767 0.113667697364
v 0.0083 0.0820182329818 0.116386620725
v 0.0083 0.0814734721929 0.11282246084
v 0.0083 0.0802056174077 0.115541384201
v 0.0083 0.083286087767 0.113667697364
v 0.008302985656 0.083377361179 0.113710258855
v 0.00831193213678 0.0834683139899 0.113752670847
v 0.00832680801749 0.0835586267245 0.113794784367
v 0.00834756104606 0.083647982156 0.113836451489
v 0.00837411832673 0.0837360664203 0.113877525856
v 0.00840638657607 0.0838225701182 0.113917863192
v 0.00844425245069 0.0839071894023 0.113957321813
v 0.00848758294531 0.0839896270442 0.113995763116
v 0.00853622586 0.0840695934787 0.114033052077
v 0.00859001033473 0.0841468078209 0.114069057716
v 0.0086487474496 0.0842209988525 0.114103653562
v 0.00871223088833 0.0842919059748 0.114136718097
v 0.00878023766302 0.0843592801239 0.114168135178
v 0.00885252889742 0.0844228846458 0.114197794454
v 0.00892885066591 0.0844824961271 0.114225591744
v 0.00900893488551 0.0845379051805 0.11425142941
v 0.00909250025746 0.0845889171795 0.114275216696
v 0.00917925325536 0.0846353529427 0.114296870048
v 0.00926888915613 0.0846770493628 0.114316313408
v 0.00936109311041 0.0847138599795 0.11433347848
v 0.00945554124843 0.0847456554943 0.114348304972
v 0.00955190181768 0.0847723242242 0.114360740805
v 0.00964983634814 0.0847937724943 0.114370742298
v 0.0097490008412 0.0848099249669 0.11437827432
v 0.00984904697795 0.0848207249057 0.114383310414
v 0.0099496233427 0.0848261343756 0.114385832891
v 0.0100503766573 0.0848261343756 0.114385832891
v 0.010150953022 0.0848207249057 0.114383310414
v 0.0102509991588 0.0848099249669 0.11437827432
v 0.0103501636519 0.0847937724943 0.114370742298
v 0.0104480981823 0.0847723242242 0.114360740805
v 0.0105444587516 0.0847456554943 0.114348304972
v 0.0106389068896 0.0847138599795 0.11433347848
v 0.0107311108439 0.0846770493628 0.114316313408
v 0.0108207467446 0.0846353529427 0.114296870048
v 0.0109074997425 0.0845889171795 0.114275216696
v 0.0109910651145 0.0845379051805 0.11425142941
v 0.0110711493341 0.0844824961271 0.114225591744
v 0.0111474711026 0.0844228846458 0.114197794454
v 0.011219762337 0.0843592801239 0.114168135178
v 0.0112877691117 0.0842919059748 0.114136718097
v 0.0113512525504 0.0842209988525 0.114103653562
v 0.0114099896653 0.0841468078209 0.114069057716
v 0.01146377414 0.0840695934787 0.114033052077
v 0.0115124170547 0.0839896270442 0.113995763116
v 0.0115557475493 0.0839071894023 0.113957321813
v 0.0115936134239 0.0838225701182 0.113917863192
v 0.0116258816733 0.0837360664203 0.113877525856
v 0.0116524389539 0.083647982156 0.113836451489
v 0.0116731919825 0.0835586267245 0.113794784367
v 0.0116880678632 0.0834683139899 0.113752670847
v 0.011697014344 0.083377361179 0.113710258855
v 0.0117 0.083286087767 0.113667697364
v 0.0083 0.0820182329818 0.116386620725
v 0.008302985656 0.0821095063938 0.116429182216
v 0.00831193213678 0.0822004592046 0.116471594208
v 0.00832680801749 0.0822907719392 0.116513707728
v 0.00834756104606 0.0823801273708 0.11655537485
v 0.00837411832673 0.0824682116351 0.116596449217
v 0.00840638657607 0.082554715333 0.116636786554
v 0.00844425245069 0.082639334617 0.116676245174
v 0.00848758294531 0.082721772259 0.116714686477
v 0.00853622586 0.0828017386935 0.116751975438
v 0.00859001033473 0.0828789530357 0.116787981077
v 0.0086487474496 0.0829531440672 0.116822576924
v 0.00871223088833 0.0830240511895 0.116855641458
v 0.00878023766302 0.0830914253387 0.116887058539
v 0.00885252889742 0.0831550298605 0.116916717815
v 0.00892885066591 0.0832146413419 0.116944515105
v 0.00900893488551 0.0832700503953 0.116970352771
v 0.00909250025746 0.0833210623943 0.116994140057
v 0.00917925325536 0.0833674981575 0.117015793409
v 0.00926888915613 0.0834091945776 0.117035236769
v 0.00936109311041 0.0834460051943 0.117052401842
v 0.00945554124843 0.0834778007091 0.117067228334
v 0.00955190181768 0.083504469439 0.117079664167
v 0.00964983634814 0.0835259177091 0.117089665659
v 0.0097490008412 0.0835420701817 0.117097197681
v 0.00984904697795 0.0835528701205 0.117102233775
v 0.0099496233427 0.0835582795903 0.117104756252
v 0.0100503766573 0.0835582795903 0.117104756252
v 0.010150953022 0.0835528701205 0.117102233775
v 0.0102509991588 0.0835420701817 0.117097197681
v 0.0103501636519 0.0835259177091 0.117089665659
v 0.0104480981823 0.083504469439 0.117079664167
v 0.0105444587516 0.0834778007091 0.117067228334
v 0.0106389068896 0.0834460051943 0.117052401842
v 0.0107311108439 0.0834091945776 0.117035236769
v 0.0108207467446 0.0833674981575 0.117015793409
v 0.0109074997425 0.0833210623943 0.116994140057
v 0.0109910651145 0.0832700503953 0.116970352771
v 0.0110711493341 0.0832146413419 0.116944515105
v 0.0111474711026 0.0831550298605 0.116916717815
v 0.011219762337 0.0830914253387 0.116887058539
v 0.0112877691117 0.0830240511895 0.116855641458
v 0.0113512525504 0.0829531440672 0.116822576924
v 0.0114099896653 0.0828789530357 0.116787981077
v 0.01146377414 0.0828017386935 0.116751975438
v 0.0115124170547 0.082721772259 0.116714686477
v 0.0115557475493 0.082639334617 0.116676245174
v 0.0115936134239 0.082554715333 0.116636786554
v 0.0116258816733 0.0824682116351 0.116596449217
v 0.0116524389539 0.0823801273708 0.11655537485
v 0.0116731919825 0.0822907719392 0.116513707728
v 0.0116880678632 0.0822004592046 0.116471594208
v 0.011697014344 0.0821095063938 0.116429182216
v 0.0117 0.0820182329818 0.116386620725
v 0.0117 0.0814734721929 0.11282246084
v 0.011697014344 0.0813821987809 0.112779899349
v 0.0116880678632 0.0812912459701 0.112737487357
v 0.0116731919825 0.0812009332355 0.112695373837
v 0.0116524389539 0.0811115778039 0.112653706715
v 0.0116258816733 0.0810234935396 0.112612632348
v 0.0115936134239 0.0809369898417 0.112572295011
v 0.0115557475493 0.0808523705577 0.112532836391
v 0.0115124170547 0.0807699329157 0.112494395087
v 0.01146377414 0.0806899664812 0.112457106127
v 0.0114099896653 0.080612752139 0.112421100487
v 0.0113512525504 0.0805385611075 0.112386504641
v 0.0112877691117 0.0804676539852 0.112353440107
v 0.011219762337 0.080400279836 0.112322023025
v 0.0111474711026 0.0803366753142 0.11229236375
v 0.0110711493341 0.0802770638328 0.112264566459
v 0.0109910651145 0.0802216547794 0.112238728794
v 0.0109074997425 0.0801706427804 0.112214941508
v 0.0108207467446 0.0801242070172 0.112193288156
v 0.0107311108439 0.0800825105971 0.112173844796
v 0.0106389068896 0.0800456999804 0.112156679723
v 0.0105444587516 0.0800139044656 0.112141853231
v 0.0104480981823 0.0799872357357 0.112129417398
v 0.0103501636519 0.0799657874656 0.112119415906
v 0.0102509991588 0.079949634993 0.112111883884
v 0.010150953022 0.0799388350542 0.11210684779
v 0.0100503766573 0.0799334255844 0.112104325313
v 0.0099496233427 0.0799334255844 0.112104325313
v 0.00984904697795 0.0799388350542 0.11210684779
v 0.0097490008412 0.079949634993 0.112111883884
v 0.00964983634814 0.0799657874656 0.112119415906
v 0.00955190181768 0.0799872357357 0.112129417398
v 0.00945554124843 0.0800139044656 0.112141853231
v 0.00936109311041 0.0800456999804 0.112156679723
v 0.00926888915613 0.0800825105971 0.112173844796
v 0.00917925325536 0.0801242070172 0.112193288156
v 0.00909250025746 0.0801706427804 0.112214941508
v 0.00900893488551 0.0802216547794 0.112238728794
v 0.00892885066591 0.0802770638328 0.112264566459
v 0.00885252889742 0.0803366753142 0.11229236375
v 0.00878023766302 0.080400279836 0.112322023025
v 0.00871223088833 0.0804676539852 0.112353440107
v 0.0086487474496 0.0805385611075 0.112386504641
v 0.00859001033473 0.080612752139 0.112421100487
v 0.00853622586 0.0806899664812 0.112457106127
v 0.00848758294531 0.0807699329157 0.112494395087
v 0.00844425245069 0.0808523705577 0.112532836391
v 0.00840638657607 0.0809369898417 0.112572295011
v 0.00837411832673 0.0810234935396 0.112612632348
v 0.00834756104606 0.0811115778039 0.112653706715
v 0.00832680801749 0.0812009332355 0.112695373837
v 0.00831193213678 0.0812912459701 0.112737487357
v 0.008302985656 0.0813821987809 0.112779899349
v 0.0083 0.0814734721929 0.11282246084
v 0.0117 0.0802056174077 0.115541384201
v 0.011697014344 0.0801143439957 0.11549882271
v 0.0116880678632 0.0800233911848 0.115456410718
v 0.0116731919825 0.0799330784503 0.115414297198
v 0.0116524389539 0.0798437230187 0.115372630076
v 0.0116258816733 0.0797556387544 0.115331555709
v 0.0115936134239 0.0796691350565 0.115291218372
v 0.0115557475493 0.0795845157724 0.115251759752
v 0.0115124170547 0.0795020781305 0.115213318448
v 0.01146377414 0.079422111696 0.115176029488
v 0.0114099896653 0.0793448973538 0.115140023849
v 0.0113512525504 0.0792707063222 0.115105428002
v 0.0112877691117 0.0791997992 0.115072363468
v 0.011219762337 0.0791324250508 0.115040946387
v 0.0111474711026 0.0790688205289 0.115011287111
v 0.0110711493341 0.0790092090476 0.114983489821
v 0.0109910651145 0.0789537999942 0.114957652155
v 0.0109074997425 0.0789027879952 0.114933864869
v 0.0108207467446 0.078856352232 0.114912211517
v 0.0107311108439 0.0788146558119 0.114892768157
v 0.0106389068896 0.0787778451952 0.114875603084
v 0.0105444587516 0.0787460496804 0.114860776592
v 0.0104480981823 0.0787193809505 0.114848340759
v 0.0103501636519 0.0786979326804 0.114838339267
v 0.0102509991588 0.0786817802078 0.114830807245
v 0.010150953022 0.078670980269 0.114825771151
v 0.0100503766573 0.0786655707991 0.114823248674
v 0.0099496233427 0.0786655707991 0.114823248674
v 0.00984904697795 0.078670980269 0.114825771151
v 0.0097490008412 0.0786817802078 0.114830807245
v 0.00964983634814 0.0786979326804 0.114838339267
v 0.00955190181768 0.0787193809505 0.114848340759
v 0.00945554124843 0.0787460496804 0.114860776592
v 0.00936109311041 0.0787778451952 0.114875603084
v 0.00926888915613 0.0788146558119 0.114892768157
v 0.00917925325536 0.078856352232 0.114912211517
v 0.00909250025746 0.0789027879952 0.114933864869
v 0.00900893488551 0.0789537999942 0.114957652155
v 0.00892885066591 0.0790092090476 0.114983489821
v 0.00885252889742 0.0790688205289 0.115011287111
v 0.00878023766302 0.0791324250508 0.115040946387
v 0.00871223088833 0.0791997992 0.115072363468
v 0.0086487474496 0.0792707063222 0.115105428002
v 0.00859001033473 0.0793448973538 0.115140023849
v 0.00853622586 0.079422111696 0.115176029488
v 0.00848758294531 0.0795020781305 0.115213318448
v 0.00844425245069 0.0795845157724 0.115251759752
v 0.00840638657607 0.0796691350565 0.115291218372
v 0.00837411832673 0.0797556387544 0.115331555709
v 0.00834756104606 0.0798437230187 0.115372630076
v 0.00832680801749 0.0799330784503 0.115414297198
v 0.00831193213678 0.0800233911848 0.115456410718
v 0.008302985656 0.0801143439957 0.11549882271
v 0.0083 0.0802056174077 0.115541384201
v 0.0117 0.0814734721929 0.11282246084
v 0.0117 0.0802056174077 0.115541384201
v 0.0117 0.083286087767 0.113667697364
v 0.0117 0.0820182329818 0.116386620725
v -0.0133 0.0802056174077 0.115541384201
v -0.0133 0.0820182329818 0.116386620725
v -0.0132942043148 0.0821954107816 0.11646924009
v -0.0132768376168 0.0823719662379 0.116551569251
v -0.0132479609072 0.0825472791933 0.116633319025
v -0.0132076756165 0.0827207338546 0.116714202262
v -0.0131561232481 0.0828917209559 0.116793934856
v -0.0130934848817 0.0830596398988 0.116872236745
v -0.0130199805369 0.083223900862 0.11694883289
v -0.0129358684003 0.0833839268728 0.117023454245
v -0.0128414439188 0.083539155834 0.117095838698
v -0.012737038762 0.0836890424981 0.117165731997
v -0.0126230196567 0.083833060383 0.11723288864
v -0.0124997870991 0.0839707036204 0.117297072736
v -0.0123677739482 0.0841014887334 0.117358058836
v -0.012227443905 0.0842249563347 0.117415632724
v -0.0120792898838 0.0843406727397 0.117469592169
v -0.0119238322811 0.0844482314903 0.117519747639
v -0.0117616171473 0.0845472547826 0.117565922958
v -0.011593214269 0.0846373947935 0.117607955935
v -0.0114192151675 0.0847183349031 0.117645698928
v -0.011240231021 0.0847897908061 0.117679019363
v -0.0110568905177 0.0848515115113 0.117707800201
v -0.010869837648 0.0849032802222 0.117731940347
v -0.0106797294418 0.0849449150996 0.117751355009
v -0.0104872336612 0.0849762698992 0.117765975992
v -0.0102930264546 0.0849972344863 0.11777575194
v -0.0100977899818 0.0850077352219 0.117780648513
v -0.00990221001819 0.0850077352219 0.117780648513
v -0.00970697354543 0.0849972344863 0.11777575194
v -0.00951276633879 0.0849762698992 0.117765975992
v -0.00932027055815 0.0849449150996 0.117751355009
v -0.00913016235197 0.0849032802222 0.117731940347
v -0.00894310948225 0.0848515115113 0.117707800201
v -0.00875976897902 0.0847897908061 0.117679019363
v -0.00858078483249 0.0847183349031 0.117645698928
v -0.00840678573099 0.0846373947935 0.117607955935
v -0.00823838285272 0.0845472547826 0.117565922958
v -0.00807616771892 0.0844482314903 0.117519747639
v -0.00792071011618 0.0843406727397 0.117469592169
v -0.00777255609499 0.0842249563347 0.117415632724
v -0.00763222605175 0.0841014887334 0.117358058836
v -0.00750021290087 0.0839707036204 0.117297072736
v -0.00737698034334 0.083833060383 0.11723288864
v -0.00726296123801 0.0836890424981 0.117165731997
v -0.00715855608117 0.083539155834 0.117095838698
v -0.00706413159972 0.0833839268728 0.117023454245
v -0.0069800194631 0.083223900862 0.11694883289
v -0.00690651511826 0.0830596398988 0.116872236745
v -0.00684387675189 0.0828917209559 0.116793934856
v -0.00679232438353 0.0827207338546 0.116714202262
v -0.00675203909277 0.0825472791933 0.116633319025
v -0.00672316238316 0.0823719662379 0.116551569251
v -0.00670579568518 0.0821954107816 0.11646924009
v -0.0067 0.0820182329818 0.116386620725
v -0.0067 0.0802056174077 0.115541384201
v -0.00670579568518 0.0800284396079 0.115458764836
v -0.00672316238316 0.0798518841516 0.115376435675
v -0.00675203909277 0.0796765711962 0.115294685901
v -0.00679232438353 0.0795031165349 0.115213802664
v -0.00684387675189 0.0793321294336 0.11513407007
v -0.00690651511826 0.0791642104906 0.115055768181
v -0.0069800194631 0.0789999495275 0.114979172035
v -0.00706413159972 0.0788399235167 0.114904550681
v -0.00715855608117 0.0786846945555 0.114832166228
v -0.00726296123801 0.0785348078913 0.114762272928
v -0.00737698034334 0.0783907900065 0.114695116286
v -0.00750021290087 0.0782531467691 0.11463093219
v -0.00763222605175 0.0781223616561 0.11456994609
v -0.00777255609499 0.0779988940548 0.114512372202
v -0.00792071011618 0.0778831776498 0.114458412757
v -0.00807616771892 0.0777756188992 0.114408257287
v -0.00823838285272 0.0776765956069 0.114362081968
v -0.00840678573099 0.077586455596 0.11432004899
v -0.00858078483249 0.0775055154864 0.114282305998
v -0.00875976897902 0.0774340595833 0.114248985563
v -0.00894310948225 0.0773723388782 0.114220204725
v -0.00913016235197 0.0773205701672 0.114196064579
v -0.00932027055815 0.0772789352899 0.114176649917
v -0.00951276633879 0.0772475804903 0.114162028934
v -0.00970697354543 0.0772266159032 0.114152252986
v -0.00990221001819 0.0772161151675 0.114147356413
v -0.0100977899818 0.0772161151675 0.114147356413
v -0.0102930264546 0.0772266159032 0.114152252986
v -0.0104872336612 0.0772475804903 0.114162028934
v -0.0106797294418 0.0772789352899 0.114176649917
v -0.010869837648 0.0773205701672 0.114196064579
v -0.0110568905177 0.0773723388782 0.114220204725
v -0.011240231021 0.0774340595833 0.114248985563
v -0.0114192151675 0.0775055154864 0.114282305998
v -0.011593214269 0.077586455596 0.11432004899
v -0.0117616171473 0.0776765956069 0.114362081968
v -0.0119238322811 0.0777756188992 0.114408257287
v -0.0120792898838 0.0778831776498 0.114458412757
v -0.012227443905 0.0779988940548 0.114512372202
v -0.0123677739482 0.0781223616561 0.11456994609
v -0.0124997870991 0.0782531467691 0.11463093219
v -0.0126230196567 0.0783907900065 0.114695116286
v -0.012737038762 0.0785348078913 0.114762272928
v -0.0128414439188 0.0786846945555 0.114832166228
v -0.0129358684003 0.0788399235167 0.114904550681
v -0.0130199805369 0.0789999495275 0.114979172035
v -0.0130934848817 0.0791642104906 0.115055768181
v -0.0131561232481 0.0793321294336 0.11513407007
v -0.0132076756165 0.0795031165349 0.115213802664
v -0.0132479609072 0.0796765711962 0.115294685901
v -0.0132768376168 0.0798518841516 0.115376435675
v -0.0132942043148 0.0800284396079 0.115458764836
v -0.0117 0.0820182329818 0.116386620725
v -0.011697014344 0.0821095063938 0.116429182216
v -0.0116880678632 0.0822004592046 0.116471594208
v -0.0116731919825 0.0822907719392 0.116513707728
v -0.0116524389539 0.0823801273708 0.11655537485
v -0.0116258816733 0.0824682116351 0.116596449217
v -0.0115936134239 0.082554715333 0.116636786554
v -0.0115557475493 0.082639334617 0.116676245174
v -0.0115124170547 0.082721772259 0.116714686477
v -0.01146377414 0.0828017386935 0.116751975438
v -0.0114099896653 0.0828789530357 0.116787981077
v -0.0113512525504 0.0829531440672 0.116822576924
v -0.0112877691117 0.0830240511895 0.116855641458
v -0.011219762337 0.0830914253387 0.116887058539
v -0.0111474711026 0.0831550298605 0.116916717815
v -0.0110711493341 0.0832146413419 0.116944515105
v -0.0109910651145 0.0832700503953 0.116970352771
v -0.0109074997425 0.0833210623943 0.116994140057
v -0.0108207467446 0.0833674981575 0.117015793409
v -0.0107311108439 0.0834091945776 0.117035236769
v -0.0106389068896 0.0834460051943 0.117052401842
v -0.0105444587516 0.0834778007091 0.117067228334
v -0.0104480981823 0.083504469439 0.117079664167
v -0.0103501636519 0.0835259177091 0.117089665659
v -0.0102509991588 0.0835420701817 0.117097197681
v -0.010150953022 0.0835528701205 0.117102233775
v -0.0100503766573 0.0835582795903 0.117104756252
v -0.0099496233427 0.0835582795903 0.117104756252
v -0.00984904697795 0.0835528701205 0.117102233775
v -0.0097490008412 0.0835420701817 0.117097197681
v -0.00964983634814 0.0835259177091 0.117089665659
v -0.00955190181768 0.083504469439 0.117079664167
v -0.00945554124843 0.0834778007091 0.117067228334
v -0.00936109311041 0.0834460051943 0.117052401842
v -0.00926888915613 0.0834091945776 0.117035236769
v -0.00917925325536 0.0833674981575 0.117015793409
v -0.00909250025746 0.0833210623943 0.116994140057
v -0.00900893488551 0.0832700503953 0.116970352771
v -0.00892885066591 0.0832146413419 0.116944515105
v -0.00885252889742 0.0831550298605 0.116916717815
v -0.00878023766302 0.0830914253387 0.116887058539
v -0.00871223088833 0.0830240511895 0.116855641458
v -0.0086487474496 0.0829531440672 0.116822576924
v -0.00859001033473 0.0828789530357 0.116787981077
v -0.00853622586 0.0828017386935 0.116751975438
v -0.00848758294531 0.082721772259 0.116714686477
v -0.00844425245069 0.082639334617 0.116676245174
v -0.00840638657607 0.082554715333 0.116636786554
v -0.00837411832673 0.0824682116351 0.116596449217
v -0.00834756104606 0.0823801273708 0.11655537485
v -0.00832680801749 0.0822907719392 0.116513707728
v -0.00831193213678 0.0822004592046 0.116471594208
v -0.008302985656 0.0821095063938 0.116429182216
v -0.0083 0.0820182329818 0.116386620725
v -0.0117 0.0802056174077 0.115541384201
v -0.0083 0.0802056174077 0.115541384201
v -0.008302985656 0.0801143439957 0.11549882271
v -0.00831193213678 0.0800233911848 0.115456410718
v -0.00832680801749 0.0799330784503 0.115414297198
v -0.00834756104606 0.0798437230187 0.115372630076
v -0.00837411832673 0.0797556387544 0.115331555709
v -0.00840638657607 0.0796691350565 0.115291218372
v -0.00844425245069 0.0795845157724 0.115251759752
v -0.00848758294531 0.0795020781305 0.115213318448
v -0.00853622586 0.079422111696 0.115176029488
v -0.00859001033473 0.0793448973538 0.115140023849
v -0.0086487474496 0.0792707063222 0.115105428002
v -0.00871223088833 0.0791997992 0.115072363468
v -0.00878023766302 0.0791324250508 0.115040946387
v -0.00885252889742 0.0790688205289 0.115011287111
v -0.00892885066591 0.0790092090476 0.114983489821
v -0.00900893488551 0.0789537999942 0.114957652155
v -0.00909250025746 0.0789027879952 0.114933864869
v -0.00917925325536 0.078856352232 0.114912211517
v -0.00926888915613 0.0788146558119 0.114892768157
v -0.00936109311041 0.0787778451952 0.114875603084
v -0.00945554124843 0.0787460496804 0.114860776592
v -0.00955190181768 0.0787193809505 0.114848340759
v -0.00964983634814 0.0786979326804 0.114838339267
v -0.0097490008412 0.0786817802078 0.114830807245
v -0.00984904697795 0.078670980269 0.114825771151
v -0.0099496233427 0.0786655707991 0.114823248674
v -0.0100503766573 0.0786655707991 0.114823248674
v -0.010150953022 0.078670980269 0.114825771151
v -0.0102509991588 0.0786817802078 0.114830807245
v -0.0103501636519 0.0786979326804 0.114838339267
v -0.0104480981823 0.0787193809505 0.114848340759
v -0.0105444587516 0.0787460496804 0.114860776592
v -0.0106389068896 0.0787778451952 0.114875603084
v -0.0107311108439 0.0788146558119 0.114892768157
v -0.0108207467446 0.078856352232 0.114912211517
v -0.0109074997425 0.0789027879952 0.114933864869
v -0.0109910651145 0.0789537999942 0.114957652155
v -0.0110711493341 0.0790092090476 0.114983489821
v -0.0111474711026 0.0790688205289 0.115011287111
v -0.011219762337 0.0791324250508 0.115040946387
v -0.0112877691117 0.0791997992 0.115072363468
v -0.0113512525504 0.0792707063222 0.115105428002
v -0.0114099896653 0.0793448973538 0.115140023849
v -0.01146377414 0.079422111696 0.115176029488
v -0.0115124170547 0.0795020781305 0.115213318448
v -0.0115557475493 0.0795845157724 0.115251759752
v -0.0115936134239 0.0796691350565 0.115291218372
v -0.0116258816733 0.0797556387544 0.115331555709
v -0.0116524389539 0.0798437230187 0.115372630076
v -0.0116731919825 0.0799330784503 0.115414297198
v -0.0116880678632 0.0800233911848 0.115456410718
v -0.011697014344 0.0801143439957 0.11549882271
v 0.0067 0.0802056174077 0.115541384201
v 0.0067 0.0820182329818 0.116386620725
v 0.00670579568518 0.0821954107816 0.11646924009
v 0.00672316238316 0.0823719662379 0.116551569251
v 0.00675203909277 0.0825472791933 0.116633319025
v 0.00679232438353 0.0827207338546 0.116714202262
v 0.00684387675189 0.0828917209559 0.116793934856
v 0.00690651511826 0.0830596398988 0.116872236745
v 0.0069800194631 0.083223900862 0.11694883289
v 0.00706413159972 0.0833839268728 0.117023454245
v 0.00715855608117 0.083539155834 0.117095838698
v 0.00726296123801 0.0836890424981 0.117165731997
v 0.00737698034334 0.083833060383 0.11723288864
v 0.00750021290087 0.0839707036204 0.117297072736
v 0.00763222605175 0.0841014887334 0.117358058836
v 0.00777255609499 0.0842249563347 0.117415632724
v 0.00792071011618 0.0843406727397 0.117469592169
v 0.00807616771892 0.0844482314903 0.117519747639
v 0.00823838285272 0.0845472547826 0.117565922958
v 0.00840678573099 0.0846373947935 0.117607955935
v 0.00858078483249 0.0847183349031 0.117645698928
v 0.00875976897902 0.0847897908061 0.117679019363
v 0.00894310948225 0.0848515115113 0.117707800201
v 0.00913016235197 0.0849032802222 0.117731940347
v 0.00932027055815 0.0849449150996 0.117751355009
v 0.00951276633879 0.0849762698992 0.117765975992
v 0.00970697354543 0.0849972344863 0.11777575194
v 0.00990221001819 0.0850077352219 0.117780648513
v 0.0100977899818 0.0850077352219 0.117780648513
v 0.0102930264546 0.0849972344863 0.11777575194
v 0.0104872336612 0.0849762698992 0.117765975992
v 0.0106797294418 0.0849449150996 0.117751355009
v 0.010869837648 0.0849032802222 0.117731940347
v 0.0110568905177 0.0848515115113 0.117707800201
v 0.011240231021 0.0847897908061 0.117679019363
v 0.0114192151675 0.0847183349031 0.117645698928
v 0.011593214269 0.0846373947935 0.117607955935
v 0.0117616171473 0.0845472547826 0.117565922958
v 0.0119238322811 0.0844482314903 0.117519747639
v 0.0120792898838 0.0843406727397 0.117469592169
v 0.012227443905 0.0842249563347 0.117415632724
v 0.0123677739482 0.0841014887334 0.117358058836
v 0.0124997870991 0.0839707036204 0.117297072736
v 0.0126230196567 0.083833060383 0.11723288864
v 0.012737038762 0.0836890424981 0.117165731997
v 0.0128414439188 0.083539155834 0.117095838698
v 0.0129358684003 0.0833839268728 0.117023454245
v 0.0130199805369 0.083223900862 0.11694883289
v 0.0130934848817 0.0830596398988 0.116872236745
v 0.0131561232481 0.0828917209559 0.116793934856
v 0.0132076756165 0.0827207338546 0.116714202262
v 0.0132479609072 0.0825472791933 0.116633319025
v 0.0132768376168 0.0823719662379 0.116551569251
v 0.0132942043148 0.0821954107816 0.11646924009
v 0.0133 0.0820182329818 0.116386620725
v 0.0133 0.0802056174077 0.115541384201
v 0.0132942043148 0.0800284396079 0.115458764836
v 0.0132768376168 0.0798518841516 0.115376435675
v 0.0132479609072 0.0796765711962 0.115294685901
v 0.0132076756165 0.0795031165349 0.115213802664
v 0.0131561232481 0.0793321294336 0.11513407007
v 0.0130934848817 0.0791642104906 0.115055768181
v 0.0130199805369 0.0789999495275 0.114979172035
v 0.0129358684003 0.0788399235167 0.114904550681
v 0.0128414439188 0.0786846945555 0.114832166228
v 0.012737038762 0.0785348078913 0.114762272928
v 0.0126230196567 0.0783907900065 0.114695116286
v 0.0124997870991 0.0782531467691 0.11463093219
v 0.0123677739482 0.0781223616561 0.11456994609
v 0.012227443905 0.0779988940548 0.114512372202
v 0.0120792898838 0.0778831776498 0.114458412757
v 0.0119238322811 0.0777756188992 0.114408257287
v 0.0117616171473 0.0776765956069 0.114362081968
v 0.011593214269 0.077586455596 0.11432004899
v 0.0114192151675 0.0775055154864 0.114282305998
v 0.011240231021 0.0774340595833 0.114248985563
v 0.0110568905177 0.0773723388782 0.114220204725
v 0.010869837648 0.0773205701672 0.114196064579
v 0.0106797294418 0.0772789352899 0.114176649917
v 0.0104872336612 0.0772475804903 0.114162028934
v 0.0102930264546 0.0772266159032 0.114152252986
v 0.0100977899818 0.0772161151675 0.114147356413
v 0.00990221001819 0.0772161151675 0.114147356413
v 0.00970697354543 0.0772266159032 0.114152252986
v 0.00951276633879 0.0772475804903 0.114162028934
v 0.00932027055815 0.0772789352899 0.114176649917
v 0.00913016235197 0.0773205701672 0.114196064579
v 0.00894310948225 0.0773723388782 0.114220204725
v 0.00875976897902 0.0774340595833 0.114248985563
v 0.00858078483249 0.0775055154864 0.114282305998
v 0.00840678573099 0.077586455596 0.11432004899
v 0.00823838285272 0.0776765956069 0.114362081968
v 0.00807616771892 0.0777756188992 0.114408257287
v 0.00792071011618 0.0778831776498 0.114458412757
v 0.00777255609499 0.0779988940548 0.114512372202
v 0.00763222605175 0.0781223616561 0.11456994609
v 0.00750021290087 0.0782531467691 0.11463093219
v 0.00737698034334 0.0783907900065 0.114695116286
v 0.00726296123801 0.0785348078913 0.114762272928
v 0.00715855608117 0.0786846945555 0.114832166228
v 0.00706413159972 0.0788399235167 0.114904550681
v 0.0069800194631 0.0789999495275 0.114979172035
v 0.00690651511826 0.0791642104906 0.115055768181
v 0.00684387675189 0.0793321294336 0.11513407007
v 0.00679232438353 0.0795031165349 0.115213802664
v 0.00675203909277 0.0796765711962 0.115294685901
v 0.00672316238316 0.0798518841516 0.115376435675
v 0.00670579568518 0.0800284396079 0.115458764836
v 0.0083 0.0820182329818 0.116386620725
v 0.008302985656 0.0821095063938 0.116429182216
v 0.00831193213678 0.0822004592046 0.116471594208
v 0.00832680801749 0.0822907719392 0.116513707728
v 0.00834756104606 0.0823801273708 0.11655537485
v 0.00837411832673 0.0824682116351 0.116596449217
v 0.00840638657607 0.082554715333 0.116636786554
v 0.00844425245069 0.082639334617 0.116676245174
v 0.00848758294531 0.082721772259 0.116714686477
v 0.00853622586 0.0828017386935 0.116751975438
v 0.00859001033473 0.0828789530357 0.116787981077
v 0.0086487474496 0.0829531440672 0.116822576924
v 0.00871223088833 0.0830240511895 0.116855641458
v 0.00878023766302 0.0830914253387 0.116887058539
v 0.00885252889742 0.0831550298605 0.116916717815
v 0.00892885066591 0.0832146413419 0.116944515105
v 0.00900893488551 0.0832700503953 0.116970352771
v 0.00909250025746 0.0833210623943 0.116994140057
v 0.00917925325536 0.0833674981575 0.117015793409
v 0.00926888915613 0.0834091945776 0.117035236769
v 0.00936109311041 0.0834460051943 0.117052401842
v 0.00945554124843 0.0834778007091 0.117067228334
v 0.00955190181768 0.083504469439 0.117079664167
v 0.00964983634814 0.0835259177091 0.117089665659
v 0.0097490008412 0.0835420701817 0.117097197681
v 0.00984904697795 0.0835528701205 0.117102233775
v 0.0099496233427 0.0835582795903 0.117104756252
v 0.0100503766573 0.0835582795903 0.117104756252
v 0.010150953022 0.0835528701205 0.117102233775
v 0.0102509991588 0.0835420701817 0.117097197681
v 0.0103501636519 0.0835259177091 0.117089665659
v 0.0104480981823 0.083504469439 0.117079664167
v 0.0105444587516 0.0834778007091 0.117067228334
v 0.0106389068896 0.0834460051943 0.117052401842
v 0.0107311108439 0.0834091945776 0.117035236769
v 0.0108207467446 0.0833674981575 0.117015793409
v 0.0109074997425 0.0833210623943 0.116994140057
v 0.0109910651145 0.0832700503953 0.116970352771
v 0.0110711493341 0.0832146413419 0.116944515105
v 0.0111474711026 0.0831550298605 0.116916717815
v 0.011219762337 0.0830914253387 0.116887058539
v 0.0112877691117 0.0830240511895 0.116855641458
v 0.0113512525504 0.0829531440672 0.116822576924
v 0.0114099896653 0.0828789530357 0.116787981077
v 0.01146377414 0.0828017386935 0.116751975438
v 0.0115124170547 0.082721772259 0.116714686477
v 0.0115557475493 0.082639334617 0.116676245174
v 0.0115936134239 0.082554715333 0.116636786554
v 0.0116258816733 0.0824682116351 0.116596449217
v 0.0116524389539 0.0823801273708 0.11655537485
v 0.0116731919825 0.0822907719392 0.116513707728
v 0.0116880678632 0.0822004592046 0.116471594208
v 0.011697014344 0.0821095063938 0.116429182216
v 0.0117 0.0820182329818 0.116386620725
v 0.0083 0.0802056174077 0.115541384201
v 0.0117 0.0802056174077 0.115541384201
v 0.011697014344 0.0801143439957 0.11549882271
v 0.0116880678632 0.0800233911848 0.115456410718
v 0.0116731919825 0.0799330784503 0.115414297198
v 0.0116524389539 0.0798437230187 0.115372630076
v 0.0116258816733 0.0797556387544 0.115331555709
v 0.0115936134239 0.0796691350565 0.115291218372
v 0.0115557475493 0.0795845157724 0.115251759752
v 0.0115124170547 0.0795020781305 0.115213318448
v 0.01146377414 0.079422111696 0.115176029488
v 0.0114099896653 0.0793448973538 0.115140023849
v 0.0113512525504 0.0792707063222 0.115105428002
v 0.0112877691117 0.0791997992 0.115072363468
v 0.011219762337 0.0791324250508 0.115040946387
v 0.0111474711026 0.0790688205289 0.115011287111
v 0.0110711493341 0.0790092090476 0.114983489821
v 0.0109910651145 0.0789537999942 0.114957652155
v 0.0109074997425 0.0789027879952 0.114933864869
v 0.0108207467446 0.078856352232 0.114912211517
v 0.0107311108439 0.0788146558119 0.114892768157
v 0.0106389068896 0.0787778451952 0.114875603084
v 0.0105444587516 0.0787460496804 0.114860776592
v 0.0104480981823 0.0787193809505 0.114848340759
v 0.0103501636519 0.0786979326804 0.114838339267
v 0.0102509991588 0.0786817802078 0.114830807245
v 0.010150953022 0.078670980269 0.114825771151
v 0.0100503766573 0.0786655707991 0.114823248674
v 0.0099496233427 0.0786655707991 0.114823248674
v 0.00984904697795 0.078670980269 0.114825771151
v 0.0097490008412 0.0786817802078 0.114830807245
v 0.00964983634814 0.0786979326804 0.114838339267
v 0.00955190181768 0.0787193809505 0.114848340759
v 0.00945554124843 0.0787460496804 0.114860776592
v 0.00936109311041 0.0787778451952 0.114875603084
v 0.00926888915613 0.0788146558119 0.114892768157
v 0.00917925325536 0.078856352232 0.114912211517
v 0.00909250025746 0.0789027879952 0.114933864869
v 0.00900893488551 0.0789537999942 0.114957652155
v 0.00892885066591 0.0790092090476 0.114983489821
v 0.00885252889742 0.0790688205289 0.115011287111
v 0.00878023766302 0.0791324250508 0.115040946387
v 0.00871223088833 0.0791997992 0.115072363468
v 0.0086487474496 0.0792707063222 0.115105428002
v 0.00859001033473 0.0793448973538 0.115140023849
v 0.00853622586 0.079422111696 0.115176029488
v 0.00848758294531 0.0795020781305 0.115213318448
v 0.00844425245069 0.0795845157724 0.115251759752
v 0.00840638657607 0.0796691350565 0.115291218372
v 0.00837411832673 0.0797556387544 0.115331555709
v 0.00834756104606 0.0798437230187 0.115372630076
v 0.00832680801749 0.0799330784503 0.115414297198
v 0.00831193213678 0.0800233911848 0.115456410718
v 0.008302985656 0.0801143439957 0.11549882271
f 1 4 3
f 1 2 4
f 22 18 19
f 22 19 20
f 22 20 21
f 24 22 23
f 14 15 16
f 14 16 17
f 27 25 26
f 11 12 13
f 11 13 14
f 11 17 18
f 11 14 17
f 29 27 28
f 8 9 10
f 32 24 25
f 32 29 30
f 32 30 31
f 32 18 22
f 32 22 24
f 32 25 27
f 32 11 18
f 32 27 29
f 5 7 8
f 5 11 32
f 5 10 11
f 5 32 33
f 5 8 10
f 182 5 183
f 184 183 5
f 181 5 182
f 185 184 5
f 180 5 181
f 186 185 5
f 179 5 180
f 187 186 5
f 178 5 179
f 188 187 5
f 177 5 178
f 189 188 5
f 176 5 177
f 190 189 5
f 175 5 176
f 191 190 5
f 174 5 175
f 192 191 5
f 173 5 174
f 193 192 5
f 193 5 33
f 172 5 173
f 194 193 33
f 171 5 172
f 195 194 33
f 170 5 171
f 196 195 33
f 169 5 170
f 197 196 33
f 168 5 169
f 198 197 33
f 167 5 168
f 199 198 33
f 166 5 167
f 200 199 33
f 165 5 166
f 201 200 33
f 164 5 165
f 202 201 33
f 203 202 33
f 204 203 33
f 205 204 33
f 206 205 33
f 207 206 33
f 208 207 33
f 209 208 33
f 210 209 33
f 288 117 221
f 287 118 117
f 287 117 288
f 289 221 220
f 289 288 221
f 286 119 118
f 286 118 287
f 290 289 220
f 290 220 219
f 285 120 119
f 285 119 286
f 291 290 219
f 291 219 218
f 284 121 120
f 284 120 285
f 292 291 218
f 292 218 217
f 283 122 121
f 283 121 284
f 293 292 217
f 282 123 122
f 282 122 283
f 294 217 216
f 294 293 217
f 281 124 123
f 281 123 282
f 295 216 215
f 295 294 216
f 280 125 124
f 280 124 281
f 296 215 214
f 296 295 215
f 279 126 125
f 279 125 280
f 297 214 213
f 297 296 214
f 278 126 279
f 298 213 212
f 298 297 213
f 277 127 126
f 277 126 278
f 299 212 211
f 299 298 212
f 276 128 127
f 276 127 277
f 300 211 210
f 300 210 33
f 300 299 211
f 275 129 128
f 275 128 276
f 301 300 33
f 274 130 129
f 274 129 275
f 302 301 33
f 273 130 274
f 273 131 130
f 303 302 33
f 272 132 131
f 272 131 273
f 304 303 33
f 271 133 132
f 271 132 272
f 305 304 33
f 270 134 133
f 270 133 271
f 306 305 33
f 269 135 134
f 269 134 270
f 307 306 33
f 268 136 135
f 268 135 269
f 308 307 33
f 267 137 136
f 267 136 268
f 266 138 137
f 266 137 267
f 265 138 266
f 265 139 138
f 264 140 139
f 264 139 265
f 263 140 264
f 632 255 254
f 631 632 254
f 631 254 253
f 633 255 632
f 633 256 255
f 630 631 253
f 630 252 251
f 630 253 252
f 634 256 633
f 634 257 256
f 634 258 257
f 629 630 251
f 629 251 250
f 635 258 634
f 635 259 258
f 628 629 250
f 628 250 249
f 636 259 635
f 636 260 259
f 627 248 247
f 627 249 248
f 627 628 249
f 637 260 636
f 637 261 260
f 626 627 247
f 626 247 246
f 638 261 637
f 638 262 261
f 625 246 245
f 625 626 246
f 639 140 263
f 639 262 638
f 639 263 262
f 624 244 243
f 624 245 244
f 624 625 245
f 640 140 639
f 640 141 140
f 623 624 243
f 623 243 242
f 641 142 141
f 641 143 142
f 641 141 640
f 622 242 241
f 622 623 242
f 642 143 641
f 642 144 143
f 621 240 239
f 621 241 240
f 621 622 241
f 643 145 144
f 643 144 642
f 620 239 238
f 620 621 239
f 644 146 145
f 644 145 643
f 619 237 236
f 619 238 237
f 619 620 238
f 538 146 644
f 538 147 146
f 618 236 235
f 618 619 236
f 617 235 234
f 617 618 235
f 616 234 233
f 616 617 234
f 615 616 233
f 615 232 231
f 615 233 232
f 614 231 230
f 614 615 231
f 613 230 229
f 613 614 230
f 612 229 228
f 612 613 229
f 611 227 226
f 611 228 227
f 611 612 228
f 537 148 147
f 537 149 148
f 537 147 538
f 610 226 225
f 610 611 226
f 539 149 537
f 609 225 224
f 609 610 225
f 608 224 223
f 608 609 224
f 607 223 222
f 607 608 223
f 6 149 539
f 6 539 540
f 6 540 541
f 6 150 149
f 6 151 150
f 6 152 151
f 6 153 152
f 6 154 153
f 6 155 154
f 6 156 155
f 6 157 156
f 6 158 157
f 6 159 158
f 6 160 159
f 6 161 160
f 6 162 161
f 6 163 162
f 6 164 163
f 6 5 164
f 93 92 91
f 95 94 93
f 96 95 93
f 97 96 93
f 98 97 93
f 99 93 91
f 99 98 93
f 99 91 6
f 100 99 6
f 101 100 6
f 102 101 6
f 104 103 102
f 107 106 105
f 108 107 105
f 110 109 108
f 110 108 105
f 110 105 104
f 111 110 104
f 111 104 102
f 113 112 111
f 113 111 102
f 115 114 113
f 116 115 113
f 90 102 6
f 90 113 102
f 90 116 113
f 393 314 313
f 711 545 546
f 710 544 545
f 710 545 711
f 392 315 314
f 392 314 393
f 394 313 312
f 394 393 313
f 712 711 546
f 712 546 547
f 709 544 710
f 391 316 315
f 391 315 392
f 713 712 547
f 713 547 548
f 395 312 311
f 395 394 312
f 390 317 316
f 390 316 391
f 708 543 544
f 708 544 709
f 714 713 548
f 714 548 549
f 396 311 310
f 396 395 311
f 707 543 708
f 707 542 543
f 389 318 317
f 389 317 390
f 715 714 549
f 397 310 309
f 397 396 310
f 388 318 389
f 388 319 318
f 706 6 541
f 706 542 707
f 706 541 542
f 716 715 549
f 716 549 550
f 398 309 308
f 398 397 309
f 705 6 706
f 387 319 388
f 387 320 319
f 717 716 550
f 717 550 551
f 399 398 308
f 704 6 705
f 386 320 387
f 386 321 320
f 718 717 551
f 718 551 552
f 385 322 321
f 385 321 386
f 703 6 704
f 719 718 552
f 719 552 553
f 702 6 703
f 384 323 322
f 384 322 385
f 720 719 553
f 701 6 702
f 383 324 323
f 383 323 384
f 721 553 554
f 721 720 553
f 700 6 701
f 382 325 324
f 382 324 383
f 722 554 555
f 722 721 554
f 381 326 325
f 381 325 382
f 699 6 700
f 723 555 556
f 723 722 555
f 380 326 381
f 380 222 326
f 698 6 699
f 724 723 556
f 697 6 698
f 379 222 380
f 379 607 222
f 725 556 557
f 725 724 556
f 696 6 697
f 726 557 558
f 726 725 557
f 695 6 696
f 727 726 558
f 727 558 559
f 694 6 695
f 728 727 559
f 693 6 694
f 729 559 560
f 729 728 559
f 692 6 693
f 692 90 6
f 730 729 560
f 730 560 561
f 691 90 692
f 731 561 562
f 731 730 561
f 690 90 691
f 34 399 308
f 34 308 33
f 34 400 399
f 34 401 400
f 34 402 401
f 34 403 402
f 34 404 403
f 34 405 404
f 34 406 405
f 732 731 562
f 689 90 690
f 733 562 563
f 733 732 562
f 688 90 689
f 734 563 564
f 734 733 563
f 687 90 688
f 735 734 564
f 686 90 687
f 736 564 565
f 736 735 564
f 685 90 686
f 737 565 566
f 737 736 565
f 684 90 685
f 59 61 60
f 738 566 567
f 738 737 566
f 683 90 684
f 739 738 567
f 739 567 568
f 682 90 683
f 58 61 59
f 740 739 568
f 681 90 682
f 741 740 568
f 741 568 569
f 680 90 681
f 57 61 58
f 742 741 569
f 742 569 570
f 679 90 680
f 743 742 570
f 743 570 571
f 678 90 679
f 744 743 571
f 744 571 572
f 56 61 57
f 56 34 61
f 677 90 678
f 745 744 572
f 676 90 677
f 746 745 572
f 746 572 573
f 675 90 676
f 747 573 574
f 747 746 573
f 674 90 675
f 748 574 575
f 748 747 574
f 673 90 674
f 749 748 575
f 749 575 576
f 672 90 673
f 645 749 576
f 671 90 672
f 670 90 671
f 669 90 670
f 53 55 54
f 668 90 669
f 667 90 668
f 666 90 667
f 665 90 666
f 52 56 55
f 52 34 56
f 52 55 53
f 50 52 51
f 50 34 52
f 48 34 50
f 48 50 49
f 45 47 46
f 45 48 47
f 45 34 48
f 43 45 44
f 43 34 45
f 845 605 606
f 844 845 606
f 846 605 845
f 846 604 605
f 843 607 379
f 843 844 606
f 843 606 607
f 847 604 846
f 847 603 604
f 842 843 379
f 842 379 378
f 848 603 847
f 848 602 603
f 841 842 378
f 841 377 376
f 841 378 377
f 849 602 848
f 849 600 601
f 849 601 602
f 40 42 41
f 40 43 42
f 840 376 375
f 840 841 376
f 850 600 849
f 839 375 374
f 839 840 375
f 851 600 850
f 851 599 600
f 838 374 373
f 838 839 374
f 39 43 40
f 852 599 851
f 852 598 599
f 837 372 371
f 837 373 372
f 837 838 373
f 853 598 852
f 853 597 598
f 836 371 370
f 836 837 371
f 854 596 597
f 854 597 853
f 835 836 370
f 835 370 369
f 497 34 498
f 499 498 34
f 496 406 34
f 496 34 497
f 496 407 406
f 500 499 34
f 495 407 496
f 495 408 407
f 37 43 39
f 37 39 38
f 37 34 43
f 501 500 34
f 494 409 408
f 494 408 495
f 855 594 595
f 855 595 596
f 855 596 854
f 502 501 34
f 493 410 409
f 493 409 494
f 503 502 34
f 492 411 410
f 492 410 493
f 834 835 369
f 834 369 368
f 504 503 34
f 491 411 492
f 491 412 411
f 505 504 34
f 856 594 855
f 490 413 412
f 490 412 491
f 506 505 34
f 489 414 413
f 489 415 414
f 489 413 490
f 833 834 368
f 833 367 366
f 833 368 367
f 507 506 34
f 488 416 415
f 488 415 489
f 35 34 37
f 35 37 36
f 857 594 856
f 857 592 593
f 857 593 594
f 508 507 34
f 487 417 416
f 487 416 488
f 832 833 366
f 832 366 365
f 509 508 34
f 486 418 417
f 486 417 487
f 751 592 857
f 510 509 34
f 485 419 418
f 485 418 486
f 831 832 365
f 831 365 364
f 511 510 34
f 484 420 419
f 484 419 485
f 512 511 34
f 483 421 420
f 483 420 484
f 830 363 362
f 830 364 363
f 830 831 364
f 513 34 35
f 513 512 34
f 482 422 421
f 482 421 483
f 514 513 35
f 481 423 422
f 481 422 482
f 829 830 362
f 829 362 361
f 515 514 35
f 480 424 423
f 480 423 481
f 516 515 35
f 479 425 424
f 479 424 480
f 828 361 360
f 828 829 361
f 517 516 35
f 478 426 425
f 478 425 479
f 518 517 35
f 827 828 360
f 827 359 358
f 827 360 359
f 477 427 426
f 477 426 478
f 519 518 35
f 476 427 477
f 476 428 427
f 826 827 358
f 826 358 357
f 520 519 35
f 475 429 428
f 475 430 429
f 475 428 476
f 521 520 35
f 474 430 475
f 474 431 430
f 825 826 357
f 825 357 356
f 522 521 35
f 473 327 431
f 473 431 474
f 523 522 35
f 472 328 327
f 472 327 473
f 824 825 356
f 824 355 354
f 824 356 355
f 524 523 35
f 471 329 328
f 471 328 472
f 525 524 35
f 470 330 329
f 470 329 471
f 750 592 751
f 750 591 592
f 823 824 354
f 823 354 353
f 526 525 35
f 469 331 330
f 469 330 470
f 752 591 750
f 752 589 590
f 752 590 591
f 527 526 35
f 822 353 352
f 822 823 353
f 468 332 331
f 468 331 469
f 528 527 35
f 753 589 752
f 467 333 332
f 467 332 468
f 529 528 35
f 821 351 350
f 821 352 351
f 821 822 352
f 466 334 333
f 466 333 467
f 754 588 589
f 754 589 753
f 530 529 35
f 465 335 334
f 465 334 466
f 531 530 35
f 820 821 350
f 820 350 349
f 464 336 335
f 464 335 465
f 755 588 754
f 755 586 587
f 755 587 588
f 532 531 35
f 463 337 336
f 463 336 464
f 533 532 35
f 462 338 337
f 462 337 463
f 819 349 348
f 819 820 349
f 756 586 755
f 534 533 35
f 535 534 35
f 757 586 756
f 757 585 586
f 818 347 346
f 818 348 347
f 818 819 348
f 536 535 35
f 432 536 35
f 433 432 35
f 758 585 757
f 758 584 585
f 817 346 345
f 817 818 346
f 434 433 35
f 435 434 35
f 436 435 35
f 759 584 758
f 759 582 583
f 759 583 584
f 816 817 345
f 816 345 344
f 437 436 35
f 438 437 35
f 760 582 759
f 815 344 343
f 815 816 344
f 761 580 581
f 761 581 582
f 761 582 760
f 814 342 341
f 814 343 342
f 814 815 343
f 762 580 761
f 813 814 341
f 813 341 340
f 763 580 762
f 763 579 580
f 812 340 339
f 812 813 340
f 764 577 578
f 764 578 579
f 764 579 763
f 811 338 462
f 811 339 338
f 811 462 461
f 811 812 339
f 810 461 460
f 810 811 461
f 765 577 764
f 809 460 459
f 809 810 460
f 766 577 765
f 766 576 577
f 808 809 459
f 808 459 458
f 807 808 458
f 807 458 457
f 806 457 456
f 806 807 457
f 805 806 456
f 805 455 454
f 805 456 455
f 804 805 454
f 804 454 453
f 803 804 453
f 924 776 777
f 923 776 924
f 925 924 777
f 925 777 778
f 922 776 923
f 922 775 776
f 926 778 779
f 926 925 778
f 921 774 775
f 921 775 922
f 927 926 779
f 920 774 921
f 920 773 774
f 928 779 780
f 928 927 779
f 919 772 773
f 919 773 920
f 929 928 780
f 929 780 781
f 918 772 919
f 930 929 781
f 930 781 782
f 917 772 918
f 917 771 772
f 931 930 782
f 916 771 917
f 916 770 771
f 932 931 782
f 932 782 783
f 915 770 916
f 915 769 770
f 933 783 784
f 933 932 783
f 914 769 915
f 914 768 769
f 934 933 784
f 934 784 785
f 913 768 914
f 935 934 785
f 912 767 768
f 912 768 913
f 936 935 785
f 936 785 786
f 911 576 766
f 911 767 912
f 911 766 767
f 911 645 576
f 937 936 786
f 937 786 787
f 910 646 645
f 910 645 911
f 938 937 787
f 938 787 788
f 909 646 910
f 909 647 646
f 939 938 788
f 908 648 647
f 908 647 909
f 940 939 788
f 940 788 789
f 907 649 648
f 907 648 908
f 941 940 789
f 941 789 790
f 906 650 649
f 906 649 907
f 942 941 790
f 942 790 791
f 905 651 650
f 905 650 906
f 943 942 791
f 904 652 651
f 904 651 905
f 944 943 791
f 944 791 792
f 903 653 652
f 903 652 904
f 945 944 792
f 945 792 793
f 902 654 653
f 902 653 903
f 946 945 793
f 946 793 794
f 901 654 902
f 901 655 654
f 947 946 794
f 947 794 795
f 900 656 655
f 900 655 901
f 948 947 795
f 899 656 900
f 899 657 656
f 949 948 795
f 949 795 796
f 898 657 899
f 898 658 657
f 950 949 796
f 950 796 797
f 897 659 658
f 897 658 898
f 951 797 798
f 951 950 797
f 896 659 897
f 896 660 659
f 952 951 798
f 952 798 799
f 895 661 660
f 895 660 896
f 953 952 799
f 953 799 800
f 894 662 661
f 894 661 895
f 954 953 800
f 954 800 801
f 893 662 894
f 893 663 662
f 892 664 663
f 892 663 893
f 891 664 892
f 891 665 664
f 890 665 891
f 89 864 863
f 89 865 864
f 89 866 865
f 89 867 866
f 89 868 867
f 89 869 868
f 89 870 869
f 89 871 870
f 89 872 871
f 89 873 872
f 89 874 873
f 89 875 874
f 89 876 875
f 89 877 876
f 89 878 877
f 89 879 878
f 89 880 879
f 89 881 880
f 89 882 881
f 89 883 882
f 89 884 883
f 89 885 884
f 89 886 885
f 89 887 886
f 89 888 887
f 89 889 888
f 89 890 889
f 62 954 801
f 62 438 35
f 62 439 438
f 62 440 439
f 62 441 440
f 62 442 441
f 62 443 442
f 62 444 443
f 62 445 444
f 62 446 445
f 62 447 446
f 62 803 453
f 62 448 447
f 62 449 448
f 62 955 954
f 62 450 449
f 62 956 955
f 62 451 450
f 62 957 956
f 62 452 451
f 62 453 452
f 62 958 957
f 62 959 958
f 62 859 858
f 62 960 959
f 62 860 859
f 62 961 960
f 62 861 860
f 62 962 961
f 62 862 861
f 62 858 962
f 62 863 862
f 62 89 863
f 62 801 802
f 62 802 803
f 86 87 88
f 66 62 63
f 66 63 64
f 66 64 65
f 66 89 62
f 84 86 88
f 84 85 86
f 68 89 66
f 68 66 67
f 68 88 89
f 82 84 88
f 82 88 68
f 82 68 69
f 82 83 84
f 72 70 71
f 79 80 81
f 79 81 82
f 78 79 82
f 74 70 72
f 74 69 70
f 74 72 73
f 76 82 69
f 76 78 82
f 76 69 74
f 76 74 75
f 76 77 78
f 89 90 890
f 890 90 665
f 993 963 964
f 993 992 963
f 994 964 965
f 994 993 964
f 995 965 966
f 995 994 965
f 996 966 967
f 996 995 966
f 997 967 968
f 997 996 967
f 998 968 969
f 998 997 968
f 999 969 970
f 999 998 969
f 1000 970 971
f 1000 999 970
f 1001 971 972
f 1001 1000 971
f 1002 1001 972
f 1002 972 973
f 1003 1002 973
f 1003 973 974
f 1004 1003 974
f 1004 974 975
f 1005 975 976
f 1005 1004 975
f 1006 976 977
f 1006 1005 976
f 1007 977 978
f 1007 1006 977
f 1008 978 979
f 1008 1007 978
f 1009 979 980
f 1009 980 981
f 1009 1008 979
f 1010 1009 981
f 1011 981 982
f 1011 1010 981
f 1012 982 983
f 1012 983 984
f 1012 1011 982
f 1013 1012 984
f 1014 984 985
f 1014 1013 984
f 1015 985 986
f 1015 1014 985
f 1016 986 987
f 1016 1015 986
f 1017 987 988
f 1017 1016 987
f 1018 988 989
f 1018 1017 988
f 991 989 990
f 991 1018 989
f 1049 1020 1019
f 1049 1019 1048
f 1050 1021 1020
f 1050 1020 1049
f 1051 1022 1021
f 1051 1021 1050
f 1052 1023 1022
f 1052 1022 1051
f 1053 1024 1023
f 1053 1023 1052
f 1054 1025 1024
f 1054 1026 1025
f 1054 1024 1053
f 1055 1026 1054
f 1056 1027 1026
f 1056 1026 1055
f 1057 1028 1027
f 1057 1027 1056
f 1058 1028 1057
f 1058 1029 1028
f 1059 1029 1058
f 1059 1030 1029
f 1060 1030 1059
f 1060 1031 1030
f 1061 1032 1031
f 1061 1031 1060
f 1062 1033 1032
f 1062 1032 1061
f 1063 1034 1033
f 1063 1033 1062
f 1064 1035 1034
f 1064 1034 1063
f 1065 1036 1035
f 1065 1035 1064
f 1066 1037 1036
f 1066 1036 1065
f 1067 1038 1037
f 1067 1037 1066
f 1068 1039 1038
f 1068 1038 1067
f 1069 1040 1039
f 1069 1039 1068
f 1070 1041 1040
f 1070 1040 1069
f 1071 1042 1041
f 1071 1041 1070
f 1072 1043 1042
f 1072 1042 1071
f 1073 1044 1043
f 1073 1045 1044
f 1073 1043 1072
f 1074 1045 1073
f 1047 1046 1045
f 1047 1045 1074
f 1092 1089 1088
f 1092 1090 1089
f 1092 1091 1090
f 1094 1093 1092
f 1084 1086 1085
f 1084 1087 1086
f 1097 1096 1095
f 1081 1083 1082
f 1081 1084 1083
f 1081 1088 1087
f 1081 1087 1084
f 1099 1098 1097
f 1078 1080 1079
f 1102 1095 1094
f 1102 1100 1099
f 1102 1101 1100
f 1102 1092 1088
f 1102 1094 1092
f 1102 1097 1095
f 1102 1088 1081
f 1102 1099 1097
f 1075 1078 1077
f 1075 1102 1081
f 1075 1081 1080
f 1075 1103 1102
f 1075 1080 1078
f 1252 1253 1075
f 1254 1075 1253
f 1251 1252 1075
f 1255 1075 1254
f 1250 1251 1075
f 1256 1075 1255
f 1249 1250 1075
f 1257 1075 1256
f 1248 1249 1075
f 1258 1075 1257
f 1247 1248 1075
f 1259 1075 1258
f 1246 1247 1075
f 1260 1075 1259
f 1245 1246 1075
f 1261 1075 1260
f 1244 1245 1075
f 1262 1075 1261
f 1243 1244 1075
f 1263 1075 1262
f 1263 1103 1075
f 1242 1243 1075
f 1264 1103 1263
f 1241 1242 1075
f 1265 1103 1264
f 1240 1241 1075
f 1266 1103 1265
f 1239 1240 1075
f 1267 1103 1266
f 1238 1239 1075
f 1268 1103 1267
f 1237 1238 1075
f 1269 1103 1268
f 1236 1237 1075
f 1270 1103 1269
f 1235 1236 1075
f 1271 1103 1270
f 1234 1235 1075
f 1272 1103 1271
f 1273 1103 1272
f 1274 1103 1273
f 1275 1103 1274
f 1276 1103 1275
f 1277 1103 1276
f 1278 1103 1277
f 1279 1103 1278
f 1280 1103 1279
f 1358 1291 1187
f 1357 1187 1188
f 1357 1358 1187
f 1359 1290 1291
f 1359 1291 1358
f 1356 1188 1189
f 1356 1357 1188
f 1360 1290 1359
f 1360 1289 1290
f 1355 1189 1190
f 1355 1356 1189
f 1361 1289 1360
f 1361 1288 1289
f 1354 1190 1191
f 1354 1355 1190
f 1362 1287 1288
f 1362 1288 1361
f 1353 1191 1192
f 1353 1354 1191
f 1363 1287 1362
f 1352 1192 1193
f 1352 1353 1192
f 1364 1286 1287
f 1364 1287 1363
f 1351 1193 1194
f 1351 1352 1193
f 1365 1285 1286
f 1365 1286 1364
f 1350 1194 1195
f 1350 1351 1194
f 1366 1284 1285
f 1366 1285 1365
f 1349 1195 1196
f 1349 1350 1195
f 1367 1283 1284
f 1367 1284 1366
f 1348 1349 1196
f 1368 1282 1283
f 1368 1283 1367
f 1347 1196 1197
f 1347 1348 1196
f 1369 1281 1282
f 1369 1282 1368
f 1346 1197 1198
f 1346 1347 1197
f 1370 1280 1281
f 1370 1103 1280
f 1370 1281 1369
f 1345 1198 1199
f 1345 1346 1198
f 1371 1103 1370
f 1344 1199 1200
f 1344 1345 1199
f 1372 1103 1371
f 1343 1200 1201
f 1343 1344 1200
f 1373 1103 1372
f 1342 1201 1202
f 1342 1343 1201
f 1374 1103 1373
f 1341 1202 1203
f 1341 1342 1202
f 1375 1103 1374
f 1340 1203 1204
f 1340 1341 1203
f 1376 1103 1375
f 1339 1204 1205
f 1339 1340 1204
f 1377 1103 1376
f 1338 1205 1206
f 1338 1339 1205
f 1378 1103 1377
f 1337 1206 1207
f 1337 1338 1206
f 1336 1207 1208
f 1336 1337 1207
f 1335 1208 1209
f 1335 1336 1208
f 1334 1335 1209
f 1334 1209 1210
f 1333 1334 1210
f 1333 1210 1211
f 1332 1333 1211
f 1702 1322 1323
f 1701 1321 1322
f 1701 1322 1702
f 1703 1702 1323
f 1703 1323 1324
f 1700 1321 1701
f 1700 1320 1321
f 1704 1703 1324
f 1704 1324 1325
f 1699 1320 1700
f 1699 1319 1320
f 1705 1704 1325
f 1705 1325 1326
f 1698 1319 1699
f 1698 1317 1318
f 1698 1318 1319
f 1706 1705 1326
f 1706 1326 1327
f 1697 1316 1317
f 1697 1317 1698
f 1707 1706 1327
f 1707 1327 1328
f 1696 1316 1697
f 1696 1315 1316
f 1708 1707 1328
f 1708 1328 1329
f 1695 1314 1315
f 1695 1315 1696
f 1709 1708 1329
f 1709 1329 1330
f 1694 1314 1695
f 1694 1313 1314
f 1710 1709 1330
f 1710 1330 1331
f 1693 1312 1313
f 1693 1313 1694
f 1711 1332 1211
f 1711 1331 1332
f 1711 1710 1331
f 1692 1311 1312
f 1692 1312 1693
f 1712 1211 1212
f 1712 1711 1211
f 1691 1311 1692
f 1691 1310 1311
f 1713 1212 1213
f 1713 1712 1212
f 1690 1309 1310
f 1690 1310 1691
f 1714 1213 1214
f 1714 1713 1213
f 1689 1308 1309
f 1689 1309 1690
f 1608 1214 1215
f 1608 1215 1216
f 1608 1714 1214
f 1688 1308 1689
f 1688 1307 1308
f 1687 1307 1688
f 1687 1306 1307
f 1686 1305 1306
f 1686 1306 1687
f 1685 1304 1305
f 1685 1305 1686
f 1684 1303 1304
f 1684 1304 1685
f 1683 1302 1303
f 1683 1303 1684
f 1682 1301 1302
f 1682 1302 1683
f 1681 1299 1300
f 1681 1300 1301
f 1681 1301 1682
f 1680 1298 1299
f 1680 1299 1681
f 1679 1297 1298
f 1679 1298 1680
f 1678 1296 1297
f 1678 1297 1679
f 1677 1295 1296
f 1677 1296 1678
f 1676 1295 1677
f 1607 1608 1216
f 1607 1216 1217
f 1609 1607 1217
f 1076 1609 1217
f 1076 1217 1218
f 1076 1218 1219
f 1076 1219 1220
f 1076 1220 1221
f 1076 1221 1222
f 1076 1222 1223
f 1076 1223 1224
f 1076 1224 1225
f 1076 1225 1226
f 1076 1226 1227
f 1076 1227 1228
f 1076 1228 1229
f 1076 1229 1230
f 1076 1230 1231
f 1076 1231 1232
f 1076 1232 1233
f 1076 1233 1234
f 1076 1234 1075
f 1163 1161 1162
f 1165 1163 1164
f 1166 1163 1165
f 1167 1163 1166
f 1168 1163 1167
f 1169 1161 1163
f 1169 1076 1161
f 1169 1163 1168
f 1170 1076 1169
f 1171 1076 1170
f 1172 1076 1171
f 1174 1172 1173
f 1177 1175 1176
f 1178 1175 1177
f 1180 1178 1179
f 1180 1175 1178
f 1180 1174 1175
f 1181 1174 1180
f 1181 1172 1174
f 1183 1181 1182
f 1183 1172 1181
f 1185 1183 1184
f 1186 1183 1185
f 1160 1076 1172
f 1160 1172 1183
f 1160 1183 1186
f 1463 1383 1384
f 1781 1613 1612
f 1462 1384 1385
f 1462 1463 1384
f 1780 1612 1611
f 1780 1781 1612
f 1464 1382 1383
f 1464 1383 1463
f 1782 1614 1613
f 1782 1613 1781
f 1461 1385 1386
f 1461 1462 1385
f 1779 1611 1610
f 1779 1780 1611
f 1465 1381 1382
f 1465 1382 1464
f 1783 1615 1614
f 1783 1614 1782
f 1460 1386 1387
f 1460 1461 1386
f 1778 1610 1609
f 1778 1779 1610
f 1466 1380 1381
f 1466 1381 1465
f 1784 1615 1783
f 1784 1616 1615
f 1459 1387 1388
f 1459 1460 1387
f 1777 1778 1609
f 1777 1609 1076
f 1467 1379 1380
f 1467 1380 1466
f 1785 1616 1784
f 1785 1617 1616
f 1458 1388 1389
f 1458 1459 1388
f 1776 1777 1076
f 1468 1378 1379
f 1468 1379 1467
f 1786 1617 1785
f 1786 1618 1617
f 1457 1389 1390
f 1457 1458 1389
f 1775 1776 1076
f 1469 1378 1468
f 1787 1618 1786
f 1787 1619 1618
f 1456 1457 1390
f 1456 1390 1391
f 1774 1775 1076
f 1788 1619 1787
f 1788 1620 1619
f 1455 1391 1392
f 1455 1456 1391
f 1773 1774 1076
f 1789 1621 1620
f 1789 1620 1788
f 1454 1392 1393
f 1454 1455 1392
f 1772 1773 1076
f 1790 1621 1789
f 1790 1622 1621
f 1453 1393 1394
f 1453 1454 1393
f 1771 1772 1076
f 1791 1623 1622
f 1791 1622 1790
f 1452 1394 1395
f 1452 1453 1394
f 1770 1771 1076
f 1792 1624 1623
f 1792 1623 1791
f 1451 1395 1396
f 1451 1452 1395
f 1769 1770 1076
f 1793 1625 1624
f 1793 1624 1792
f 1450 1396 1292
f 1450 1451 1396
f 1768 1769 1076
f 1794 1625 1793
f 1449 1292 1293
f 1449 1450 1292
f 1767 1768 1076
f 1795 1626 1625
f 1795 1625 1794
f 1448 1293 1294
f 1448 1449 1293
f 1766 1767 1076
f 1796 1626 1795
f 1796 1627 1626
f 1447 1294 1295
f 1447 1448 1294
f 1447 1295 1676
f 1765 1766 1076
f 1797 1628 1627
f 1797 1627 1796
f 1764 1765 1076
f 1798 1628 1797
f 1798 1629 1628
f 1763 1764 1076
f 1799 1629 1798
f 1799 1630 1629
f 1762 1763 1076
f 1762 1076 1160
f 1800 1630 1799
f 1800 1631 1630
f 1761 1762 1160
f 1801 1632 1631
f 1801 1631 1800
f 1760 1761 1160
f 1104 1378 1469
f 1104 1103 1378
f 1104 1469 1470
f 1104 1470 1471
f 1104 1471 1472
f 1104 1472 1473
f 1104 1473 1474
f 1104 1474 1475
f 1104 1475 1476
f 1802 1632 1801
f 1802 1633 1632
f 1759 1760 1160
f 1803 1633 1802
f 1803 1634 1633
f 1758 1759 1160
f 1804 1635 1634
f 1804 1634 1803
f 1757 1758 1160
f 1805 1636 1635
f 1805 1635 1804
f 1756 1757 1160
f 1806 1636 1805
f 1806 1637 1636
f 1755 1756 1160
f 1807 1638 1637
f 1807 1637 1806
f 1754 1755 1160
f 1129 1130 1131
f 1808 1639 1638
f 1808 1638 1807
f 1753 1754 1160
f 1809 1639 1808
f 1809 1640 1639
f 1752 1753 1160
f 1128 1129 1131
f 1810 1641 1640
f 1810 1640 1809
f 1751 1752 1160
f 1811 1641 1810
f 1811 1642 1641
f 1750 1751 1160
f 1127 1128 1131
f 1812 1642 1811
f 1749 1750 1160
f 1813 1642 1812
f 1813 1643 1642
f 1748 1749 1160
f 1814 1643 1813
f 1814 1644 1643
f 1126 1127 1131
f 1126 1131 1104
f 1747 1748 1160
f 1815 1644 1814
f 1815 1645 1644
f 1746 1747 1160
f 1816 1645 1815
f 1816 1646 1645
f 1745 1746 1160
f 1817 1647 1646
f 1817 1646 1816
f 1744 1745 1160
f 1743 1744 1160
f 1742 1743 1160
f 1741 1742 1160
f 1740 1741 1160
f 1739 1740 1160
f 1123 1124 1125
f 1738 1739 1160
f 1737 1738 1160
f 1736 1737 1160
f 1735 1736 1160
f 1122 1125 1126
f 1122 1126 1104
f 1122 1123 1125
f 1120 1121 1122
f 1120 1122 1104
f 1118 1120 1104
f 1118 1119 1120
f 1115 1118 1104
f 1115 1116 1117
f 1115 1117 1118
f 1113 1114 1115
f 1113 1115 1104
f 1110 1111 1112
f 1110 1112 1113
f 1109 1110 1113
f 1567 1568 1104
f 1569 1104 1568
f 1566 1567 1104
f 1566 1104 1476
f 1566 1476 1477
f 1570 1104 1569
f 1565 1566 1477
f 1565 1477 1478
f 1107 1108 1109
f 1107 1113 1104
f 1107 1109 1113
f 1571 1104 1570
f 1564 1478 1479
f 1564 1565 1478
f 1572 1104 1571
f 1563 1479 1480
f 1563 1564 1479
f 1573 1104 1572
f 1562 1480 1481
f 1562 1563 1480
f 1574 1104 1573
f 1561 1481 1482
f 1561 1562 1481
f 1575 1104 1574
f 1560 1482 1483
f 1560 1561 1482
f 1576 1104 1575
f 1559 1483 1484
f 1559 1484 1485
f 1559 1560 1483
f 1577 1104 1576
f 1558 1485 1486
f 1558 1559 1485
f 1105 1106 1107
f 1105 1107 1104
f 1578 1104 1577
f 1557 1486 1487
f 1557 1558 1486
f 1579 1104 1578
f 1556 1487 1488
f 1556 1557 1487
f 1580 1104 1579
f 1555 1556 1488
f 1555 1488 1489
f 1581 1104 1580
f 1554 1489 1490
f 1554 1555 1489
f 1582 1104 1581
f 1553 1490 1491
f 1553 1554 1490
f 1583 1105 1104
f 1583 1104 1582
f 1552 1491 1492
f 1552 1553 1491
f 1584 1105 1583
f 1551 1492 1493
f 1551 1552 1492
f 1585 1105 1584
f 1550 1551 1493
f 1550 1493 1494
f 1586 1105 1585
f 1549 1494 1495
f 1549 1550 1494
f 1587 1105 1586
f 1548 1549 1495
f 1548 1495 1496
f 1914 1447 1676
f 1914 1675 1915
f 1914 1446 1447
f 1914 1676 1675
f 1916 1915 1675
f 1916 1675 1674
f 1913 1446 1914
f 1913 1445 1446
f 1917 1916 1674
f 1917 1673 1672
f 1917 1674 1673
f 1912 1445 1913
f 1912 1444 1445
f 1918 1917 1672
f 1911 1444 1912
f 1911 1443 1444
f 1919 1918 1672
f 1919 1672 1671
f 1588 1105 1587
f 1910 1443 1911
f 1910 1442 1443
f 1547 1548 1496
f 1547 1496 1497
f 1920 1919 1671
f 1920 1670 1669
f 1920 1671 1670
f 1909 1441 1442
f 1909 1442 1910
f 1921 1920 1669
f 1908 1440 1441
f 1908 1441 1909
f 1589 1105 1588
f 1922 1921 1669
f 1922 1669 1668
f 1546 1497 1498
f 1546 1547 1497
f 1907 1440 1908
f 1907 1439 1440
f 1923 1922 1668
f 1923 1668 1667
f 1906 1439 1907
f 1906 1438 1439
f 1590 1105 1589
f 1924 1666 1665
f 1924 1667 1666
f 1924 1923 1667
f 1545 1498 1499
f 1545 1499 1500
f 1545 1546 1498
f 1905 1437 1438
f 1905 1438 1906
f 1925 1665 1664
f 1925 1924 1665
f 1904 1437 1905
f 1904 1436 1437
f 1591 1105 1590
f 1926 1925 1664
f 1544 1500 1501
f 1544 1545 1500
f 1903 1436 1904
f 1903 1435 1436
f 1927 1926 1664
f 1927 1664 1663
f 1592 1105 1591
f 1902 1435 1903
f 1902 1434 1435
f 1543 1544 1501
f 1543 1501 1397
f 1821 1927 1663
f 1821 1663 1662
f 1901 1434 1902
f 1901 1433 1434
f 1593 1105 1592
f 1542 1397 1398
f 1542 1543 1397
f 1900 1433 1901
f 1900 1431 1432
f 1900 1432 1433
f 1594 1105 1593
f 1541 1398 1399
f 1541 1542 1398
f 1899 1431 1900
f 1899 1430 1431
f 1595 1105 1594
f 1898 1430 1899
f 1898 1429 1430
f 1540 1541 1399
f 1540 1399 1400
f 1596 1105 1595
f 1897 1429 1898
f 1897 1428 1429
f 1539 1400 1401
f 1539 1540 1400
f 1896 1428 1897
f 1896 1427 1428
f 1597 1105 1596
f 1538 1539 1401
f 1538 1401 1402
f 1895 1427 1896
f 1895 1426 1427
f 1598 1105 1597
f 1537 1402 1403
f 1537 1538 1402
f 1894 1425 1426
f 1894 1426 1895
f 1599 1105 1598
f 1536 1403 1404
f 1536 1537 1403
f 1893 1424 1425
f 1893 1425 1894
f 1600 1105 1599
f 1535 1404 1405
f 1535 1536 1404
f 1892 1423 1424
f 1892 1424 1893
f 1601 1105 1600
f 1534 1405 1406
f 1534 1535 1405
f 1891 1422 1423
f 1891 1423 1892
f 1602 1105 1601
f 1533 1406 1407
f 1533 1534 1406
f 1603 1105 1602
f 1890 1421 1422
f 1890 1422 1891
f 1532 1407 1408
f 1532 1533 1407
f 1604 1105 1603
f 1889 1420 1421
f 1889 1421 1890
f 1531 1408 1409
f 1531 1532 1408
f 1605 1105 1604
f 1530 1531 1409
f 1888 1419 1420
f 1888 1420 1889
f 1606 1105 1605
f 1887 1418 1419
f 1887 1419 1888
f 1502 1105 1606
f 1503 1105 1502
f 1820 1821 1662
f 1820 1661 1660
f 1820 1662 1661
f 1886 1418 1887
f 1886 1417 1418
f 1504 1105 1503
f 1822 1820 1660
f 1885 1416 1417
f 1885 1417 1886
f 1505 1105 1504
f 1823 1822 1660
f 1823 1660 1659
f 1506 1105 1505
f 1884 1415 1416
f 1884 1416 1885
f 1507 1105 1506
f 1824 1823 1659
f 1824 1659 1658
f 1508 1105 1507
f 1883 1415 1884
f 1883 1413 1414
f 1883 1414 1415
f 1825 1824 1658
f 1825 1658 1657
f 1882 1412 1413
f 1882 1413 1883
f 1826 1825 1657
f 1826 1656 1655
f 1826 1657 1656
f 1827 1826 1655
f 1827 1655 1654
f 1881 1411 1412
f 1881 1412 1882
f 1880 1411 1881
f 1880 1410 1411
f 1828 1654 1653
f 1828 1827 1654
f 1879 1409 1410
f 1879 1410 1880
f 1879 1530 1409
f 1829 1828 1653
f 1829 1653 1652
f 1878 1530 1879
f 1878 1529 1530
f 1830 1829 1652
f 1877 1529 1878
f 1877 1528 1529
f 1831 1652 1651
f 1831 1830 1652
f 1876 1528 1877
f 1876 1527 1528
f 1832 1651 1650
f 1832 1831 1651
f 1875 1526 1527
f 1875 1527 1876
f 1833 1650 1649
f 1833 1832 1650
f 1834 1833 1649
f 1834 1648 1647
f 1834 1649 1648
f 1835 1834 1647
f 1874 1525 1526
f 1874 1526 1875
f 1873 1525 1874
f 1873 1524 1525
f 1994 1846 1845
f 1993 1994 1845
f 1993 1845 1844
f 1995 1846 1994
f 1995 1847 1846
f 1992 1844 1843
f 1992 1993 1844
f 1996 1848 1847
f 1996 1847 1995
f 1991 1843 1842
f 1991 1992 1843
f 1997 1848 1996
f 1997 1849 1848
f 1990 1842 1841
f 1990 1991 1842
f 1998 1849 1997
f 1989 1990 1841
f 1989 1841 1840
f 1999 1849 1998
f 1999 1850 1849
f 1988 1989 1840
f 1988 1840 1839
f 2000 1850 1999
f 2000 1851 1850
f 1987 1988 1839
f 1987 1839 1838
f 2001 1852 1851
f 2001 1851 2000
f 1986 1987 1838
f 1986 1838 1837
f 2002 1852 2001
f 2002 1853 1852
f 1985 1986 1837
f 1985 1837 1836
f 2003 1853 2002
f 2003 1854 1853
f 1984 1985 1836
f 1984 1836 1835
f 2004 1854 2003
f 2004 1855 1854
f 1983 1835 1647
f 1983 1984 1835
f 1983 1647 1817
f 1983 1817 1818
f 2005 1855 2004
f 2005 1856 1855
f 1982 1983 1818
f 1982 1818 1819
f 2006 1857 1856
f 2006 1856 2005
f 1981 1819 1715
f 1981 1982 1819
f 2007 1858 1857
f 2007 1857 2006
f 1980 1981 1715
f 1980 1715 1716
f 2008 1858 2007
f 2008 1859 1858
f 1979 1716 1717
f 1979 1980 1716
f 2009 1859 2008
f 2009 1860 1859
f 1978 1979 1717
f 1978 1717 1718
f 2010 1860 2009
f 2010 1861 1860
f 1977 1978 1718
f 1977 1718 1719
f 2011 1861 2010
f 2011 1862 1861
f 1976 1719 1720
f 1976 1977 1719
f 2012 1862 2011
f 2012 1863 1862
f 1975 1720 1721
f 1975 1976 1720
f 2013 1863 2012
f 2013 1864 1863
f 1974 1975 1721
f 1974 1721 1722
f 2014 1864 2013
f 2014 1865 1864
f 1973 1722 1723
f 1973 1974 1722
f 2015 1865 2014
f 2015 1866 1865
f 1972 1723 1724
f 1972 1973 1723
f 2016 1866 2015
f 1971 1724 1725
f 1971 1972 1724
f 2017 1866 2016
f 2017 1867 1866
f 1970 1725 1726
f 1970 1971 1725
f 2018 1867 2017
f 2018 1868 1867
f 1969 1970 1726
f 1969 1726 1727
f 2019 1868 2018
f 2019 1869 1868
f 1968 1727 1728
f 1968 1969 1727
f 2020 1869 2019
f 2020 1870 1869
f 1967 1728 1729
f 1967 1968 1728
f 2021 1870 2020
f 2021 1871 1870
f 1966 1729 1730
f 1966 1967 1729
f 2022 1872 1871
f 2022 1871 2021
f 1965 1966 1730
f 1965 1730 1731
f 2023 1872 2022
f 2023 1873 1872
f 1964 1965 1731
f 1964 1731 1732
f 1963 1732 1733
f 1963 1964 1732
f 1962 1733 1734
f 1962 1963 1733
f 1961 1962 1734
f 1961 1734 1735
f 1960 1961 1735
f 1159 1933 1934
f 1159 1934 1935
f 1159 1935 1936
f 1159 1936 1937
f 1159 1937 1938
f 1159 1938 1939
f 1159 1939 1940
f 1159 1940 1941
f 1159 1941 1942
f 1159 1942 1943
f 1159 1943 1944
f 1159 1944 1945
f 1159 1945 1946
f 1159 1946 1947
f 1159 1947 1948
f 1159 1948 1949
f 1159 1949 1950
f 1159 1950 1951
f 1159 1951 1952
f 1159 1952 1953
f 1159 1953 1954
f 1159 1954 1955
f 1159 1955 1956
f 1159 1956 1957
f 1159 1957 1958
f 1159 1958 1959
f 1159 1959 1960
f 1132 1873 2023
f 1132 1508 1509
f 1132 1509 1510
f 1132 1510 1511
f 1132 1511 1512
f 1132 1512 1513
f 1132 1513 1514
f 1132 1514 1515
f 1132 1515 1516
f 1132 1516 1517
f 1132 1517 1518
f 1132 2023 2024
f 1132 1518 1519
f 1132 2024 2025
f 1132 1933 1159
f 1132 1519 1520
f 1132 1105 1508
f 1132 2025 2026
f 1132 1520 1521
f 1132 2026 2027
f 1132 1521 1522
f 1132 1522 1523
f 1132 2027 2028
f 1132 1523 1524
f 1132 2028 2029
f 1132 1928 1929
f 1132 2029 2030
f 1132 1929 1930
f 1132 2030 2031
f 1132 1930 1931
f 1132 2031 2032
f 1132 1931 1932
f 1132 2032 1928
f 1132 1932 1933
f 1132 1524 1873
f 1156 1158 1157
f 1136 1133 1132
f 1136 1134 1133
f 1136 1135 1134
f 1136 1132 1159
f 1154 1158 1156
f 1154 1156 1155
f 1138 1136 1159
f 1138 1137 1136
f 1138 1159 1158
f 1152 1158 1154
f 1152 1138 1158
f 1152 1139 1138
f 1152 1154 1153
f 1142 1141 1140
f 1149 1151 1150
f 1149 1152 1151
f 1148 1152 1149
f 1144 1142 1140
f 1144 1140 1139
f 1144 1143 1142
f 1146 1139 1152
f 1146 1152 1148
f 1146 1144 1139
f 1146 1145 1144
f 1146 1148 1147
f 1159 1960 1160
f 1960 1735 1160
f 2034 2035 2033
f 2036 2035 2034
f 2038 2037 2039
f 2040 2038 2039
f 2071 2042 2041
f 2071 2041 2070
f 2072 2043 2042
f 2072 2042 2071
f 2073 2044 2043
f 2073 2043 2072
f 2074 2045 2044
f 2074 2044 2073
f 2075 2046 2045
f 2075 2045 2074
f 2076 2047 2046
f 2076 2046 2075
f 2077 2048 2047
f 2077 2047 2076
f 2078 2049 2048
f 2078 2048 2077
f 2079 2050 2049
f 2079 2049 2078
f 2080 2050 2079
f 2080 2051 2050
f 2081 2051 2080
f 2081 2052 2051
f 2082 2052 2081
f 2082 2053 2052
f 2083 2054 2053
f 2083 2053 2082
f 2084 2055 2054
f 2084 2054 2083
f 2085 2056 2055
f 2085 2055 2084
f 2086 2057 2056
f 2086 2056 2085
f 2087 2058 2057
f 2087 2059 2058
f 2087 2057 2086
f 2088 2059 2087
f 2089 2060 2059
f 2089 2059 2088
f 2090 2061 2060
f 2090 2062 2061
f 2090 2060 2089
f 2091 2062 2090
f 2092 2063 2062
f 2092 2062 2091
f 2093 2064 2063
f 2093 2063 2092
f 2094 2065 2064
f 2094 2064 2093
f 2095 2066 2065
f 2095 2065 2094
f 2096 2067 2066
f 2096 2066 2095
f 2069 2068 2067
f 2069 2067 2096
f 2127 2097 2098
f 2127 2126 2097
f 2128 2098 2099
f 2128 2127 2098
f 2129 2099 2100
f 2129 2128 2099
f 2130 2100 2101
f 2130 2129 2100
f 2131 2101 2102
f 2131 2130 2101
f 2132 2102 2103
f 2132 2103 2104
f 2132 2131 2102
f 2133 2132 2104
f 2134 2104 2105
f 2134 2133 2104
f 2135 2105 2106
f 2135 2134 2105
f 2136 2135 2106
f 2136 2106 2107
f 2137 2136 2107
f 2137 2107 2108
f 2138 2137 2108
f 2138 2108 2109
f 2139 2109 2110
f 2139 2138 2109
f 2140 2110 2111
f 2140 2139 2110
f 2141 2111 2112
f 2141 2140 2111
f 2142 2112 2113
f 2142 2141 2112
f 2143 2113 2114
f 2143 2142 2113
f 2144 2114 2115
f 2144 2143 2114
f 2145 2115 2116
f 2145 2144 2115
f 2146 2116 2117
f 2146 2145 2116
f 2147 2117 2118
f 2147 2146 2117
f 2148 2118 2119
f 2148 2147 2118
f 2149 2119 2120
f 2149 2148 2119
f 2150 2120 2121
f 2150 2149 2120
f 2151 2121 2122
f 2151 2122 2123
f 2151 2150 2121
f 2152 2151 2123
f 2125 2123 2124
f 2125 2152 2123
f 2153 2155 2156
f 2153 2156 2154
f 2158 2263 2157
f 2158 2264 2263
f 2159 2265 2264
f 2159 2264 2158
f 2160 2266 2265
f 2160 2265 2159
f 2161 2267 2266
f 2161 2266 2160
f 2162 2268 2267
f 2162 2267 2161
f 2163 2269 2268
f 2163 2268 2162
f 2164 2270 2269
f 2164 2269 2163
f 2165 2271 2270
f 2165 2270 2164
f 2166 2272 2271
f 2166 2271 2165
f 2167 2273 2272
f 2167 2272 2166
f 2168 2274 2273
f 2168 2273 2167
f 2169 2275 2274
f 2169 2274 2168
f 2170 2276 2275
f 2170 2275 2169
f 2171 2277 2276
f 2171 2276 2170
f 2172 2278 2277
f 2172 2277 2171
f 2173 2279 2278
f 2173 2278 2172
f 2174 2280 2279
f 2174 2279 2173
f 2175 2281 2280
f 2175 2280 2174
f 2176 2282 2281
f 2176 2281 2175
f 2177 2283 2282
f 2177 2282 2176
f 2178 2284 2283
f 2178 2283 2177
f 2179 2284 2178
f 2179 2285 2284
f 2180 2285 2179
f 2180 2286 2285
f 2180 2287 2286
f 2181 2287 2180
f 2182 2287 2181
f 2182 2288 2287
f 2183 2288 2182
f 2183 2289 2288
f 2184 2289 2183
f 2184 2290 2289
f 2184 2291 2290
f 2185 2291 2184
f 2186 2291 2185
f 2186 2292 2291
f 2187 2292 2186
f 2187 2293 2292
f 2188 2294 2293
f 2188 2293 2187
f 2189 2295 2294
f 2189 2296 2295
f 2189 2294 2188
f 2190 2296 2189
f 2191 2297 2296
f 2191 2296 2190
f 2192 2298 2297
f 2192 2297 2191
f 2193 2299 2298
f 2193 2298 2192
f 2194 2300 2299
f 2194 2299 2193
f 2195 2301 2300
f 2195 2300 2194
f 2196 2302 2301
f 2196 2301 2195
f 2197 2303 2302
f 2197 2302 2196
f 2198 2304 2303
f 2198 2303 2197
f 2199 2305 2304
f 2199 2304 2198
f 2200 2306 2305
f 2200 2305 2199
f 2201 2307 2306
f 2201 2306 2200
f 2202 2308 2307
f 2202 2307 2201
f 2203 2309 2308
f 2203 2308 2202
f 2204 2309 2203
f 2204 2310 2309
f 2204 2311 2310
f 2205 2311 2204
f 2206 2311 2205
f 2206 2312 2311
f 2207 2312 2206
f 2207 2313 2312
f 2208 2313 2207
f 2208 2314 2313
f 2209 2314 2208
f 2209 2315 2314
f 2210 2315 2209
f 2210 2316 2315
f 2211 2316 2210
f 2211 2317 2316
f 2212 2317 2211
f 2212 2318 2317
f 2213 2318 2212
f 2213 2319 2318
f 2214 2319 2213
f 2214 2320 2319
f 2215 2320 2214
f 2215 2321 2320
f 2216 2321 2215
f 2216 2322 2321
f 2217 2322 2216
f 2217 2323 2322
f 2218 2323 2217
f 2218 2324 2323
f 2219 2324 2218
f 2219 2325 2324
f 2220 2325 2219
f 2220 2326 2325
f 2221 2326 2220
f 2221 2327 2326
f 2222 2328 2327
f 2222 2327 2221
f 2223 2329 2328
f 2223 2328 2222
f 2224 2330 2329
f 2224 2329 2223
f 2225 2331 2330
f 2225 2330 2224
f 2226 2332 2331
f 2226 2331 2225
f 2227 2333 2332
f 2227 2332 2226
f 2228 2334 2333
f 2228 2333 2227
f 2229 2334 2228
f 2229 2335 2334
f 2230 2335 2229
f 2230 2336 2335
f 2231 2336 2230
f 2231 2337 2336
f 2232 2337 2231
f 2232 2338 2337
f 2233 2338 2232
f 2233 2339 2338
f 2234 2339 2233
f 2234 2340 2339
f 2235 2340 2234
f 2235 2341 2340
f 2236 2341 2235
f 2236 2342 2341
f 2237 2342 2236
f 2237 2343 2342
f 2238 2343 2237
f 2238 2344 2343
f 2239 2344 2238
f 2239 2345 2344
f 2240 2345 2239
f 2240 2346 2345
f 2241 2346 2240
f 2241 2347 2346
f 2241 2348 2347
f 2242 2348 2241
f 2243 2348 2242
f 2243 2349 2348
f 2244 2349 2243
f 2244 2350 2349
f 2245 2350 2244
f 2245 2351 2350
f 2246 2351 2245
f 2246 2352 2351
f 2247 2352 2246
f 2247 2353 2352
f 2248 2353 2247
f 2248 2354 2353
f 2249 2354 2248
f 2249 2355 2354
f 2250 2355 2249
f 2250 2356 2355
f 2251 2356 2250
f 2251 2357 2356
f 2252 2357 2251
f 2252 2358 2357
f 2253 2359 2358
f 2253 2358 2252
f 2254 2360 2359
f 2254 2359 2253
f 2255 2360 2254
f 2255 2361 2360
f 2256 2362 2361
f 2256 2361 2255
f 2257 2363 2362
f 2257 2362 2256
f 2258 2364 2363
f 2258 2363 2257
f 2259 2365 2364
f 2259 2364 2258
f 2260 2366 2365
f 2260 2365 2259
f 2261 2367 2366
f 2261 2366 2260
f 2262 2367 2261
f 2262 2368 2367
f 2370 2475 2369
f 2370 2476 2475
f 2371 2477 2476
f 2371 2476 2370
f 2372 2478 2477
f 2372 2477 2371
f 2373 2479 2478
f 2373 2478 2372
f 2374 2480 2479
f 2374 2479 2373
f 2375 2481 2480
f 2375 2480 2374
f 2376 2482 2481
f 2376 2481 2375
f 2377 2483 2482
f 2377 2482 2376
f 2378 2484 2483
f 2378 2483 2377
f 2379 2485 2484
f 2379 2484 2378
f 2380 2486 2485
f 2380 2485 2379
f 2381 2487 2486
f 2381 2486 2380
f 2382 2488 2487
f 2382 2487 2381
f 2383 2489 2488
f 2383 2488 2382
f 2384 2490 2489
f 2384 2489 2383
f 2385 2491 2490
f 2385 2490 2384
f 2386 2492 2491
f 2386 2491 2385
f 2387 2493 2492
f 2387 2492 2386
f 2388 2494 2493
f 2388 2493 2387
f 2389 2495 2494
f 2389 2494 2388
f 2390 2496 2495
f 2390 2495 2389
f 2391 2496 2390
f 2391 2497 2496
f 2392 2497 2391
f 2392 2498 2497
f 2392 2499 2498
f 2393 2499 2392
f 2394 2499 2393
f 2394 2500 2499
f 2395 2500 2394
f 2395 2501 2500
f 2396 2501 2395
f 2396 2502 2501
f 2396 2503 2502
f 2397 2503 2396
f 2398 2503 2397
f 2398 2504 2503
f 2399 2504 2398
f 2399 2505 2504
f 2400 2506 2505
f 2400 2505 2399
f 2401 2507 2506
f 2401 2508 2507
f 2401 2506 2400
f 2402 2508 2401
f 2403 2509 2508
f 2403 2508 2402
f 2404 2510 2509
f 2404 2509 2403
f 2405 2511 2510
f 2405 2510 2404
f 2406 2512 2511
f 2406 2511 2405
f 2407 2513 2512
f 2407 2512 2406
f 2408 2514 2513
f 2408 2513 2407
f 2409 2515 2514
f 2409 2514 2408
f 2410 2516 2515
f 2410 2515 2409
f 2411 2517 2516
f 2411 2516 2410
f 2412 2518 2517
f 2412 2517 2411
f 2413 2519 2518
f 2413 2518 2412
f 2414 2520 2519
f 2414 2519 2413
f 2415 2521 2520
f 2415 2520 2414
f 2416 2521 2415
f 2416 2522 2521
f 2416 2523 2522
f 2417 2523 2416
f 2418 2523 2417
f 2418 2524 2523
f 2419 2524 2418
f 2419 2525 2524
f 2420 2525 2419
f 2420 2526 2525
f 2421 2526 2420
f 2421 2527 2526
f 2422 2527 2421
f 2422 2528 2527
f 2423 2528 2422
f 2423 2529 2528
f 2424 2529 2423
f 2424 2530 2529
f 2425 2530 2424
f 2425 2531 2530
f 2426 2531 2425
f 2426 2532 2531
f 2427 2532 2426
f 2427 2533 2532
f 2428 2533 2427
f 2428 2534 2533
f 2429 2534 2428
f 2429 2535 2534
f 2430 2535 2429
f 2430 2536 2535
f 2431 2536 2430
f 2431 2537 2536
f 2432 2537 2431
f 2432 2538 2537
f 2433 2538 2432
f 2433 2539 2538
f 2434 2540 2539
f 2434 2539 2433
f 2435 2541 2540
f 2435 2540 2434
f 2436 2542 2541
f 2436 2541 2435
f 2437 2543 2542
f 2437 2542 2436
f 2438 2544 2543
f 2438 2543 2437
f 2439 2545 2544
f 2439 2544 2438
f 2440 2546 2545
f 2440 2545 2439
f 2441 2546 2440
f 2441 2547 2546
f 2442 2547 2441
f 2442 2548 2547
f 2443 2548 2442
f 2443 2549 2548
f 2444 2549 2443
f 2444 2550 2549
f 2445 2550 2444
f 2445 2551 2550
f 2446 2551 2445
f 2446 2552 2551
f 2447 2552 2446
f 2447 2553 2552
f 2448 2553 2447
f 2448 2554 2553
f 2449 2554 2448
f 2449 2555 2554
f 2450 2555 2449
f 2450 2556 2555
f 2451 2556 2450
f 2451 2557 2556
f 2452 2557 2451
f 2452 2558 2557
f 2453 2558 2452
f 2453 2559 2558
f 2453 2560 2559
f 2454 2560 2453
f 2455 2560 2454
f 2455 2561 2560
f 2456 2561 2455
f 2456 2562 2561
f 2457 2562 2456
f 2457 2563 2562
f 2458 2563 2457
f 2458 2564 2563
f 2459 2564 2458
f 2459 2565 2564
f 2460 2565 2459
f 2460 2566 2565
f 2461 2566 2460
f 2461 2567 2566
f 2462 2567 2461
f 2462 2568 2567
f 2463 2568 2462
f 2463 2569 2568
f 2464 2569 2463
f 2464 2570 2569
f 2465 2571 2570
f 2465 2570 2464
f 2466 2572 2571
f 2466 2571 2465
f 2467 2572 2466
f 2467 2573 2572
f 2468 2574 2573
f 2468 2573 2467
f 2469 2575 2574
f 2469 2574 2468
f 2470 2576 2575
f 2470 2575 2469
f 2471 2577 2576
f 2471 2576 2470
f 2472 2578 2577
f 2472 2577 2471
f 2473 2579 2578
f 2473 2578 2472
f 2474 2579 2473
f 2474 2580 2579
f 2582 2687 2581
f 2582 2688 2687
f 2583 2689 2688
f 2583 2688 2582
f 2584 2690 2689
f 2584 2689 2583
f 2585 2691 2690
f 2585 2690 2584
f 2586 2692 2691
f 2586 2691 2585
f 2587 2693 2692
f 2587 2692 2586
f 2588 2694 2693
f 2588 2693 2587
f 2589 2695 2694
f 2589 2694 2588
f 2590 2696 2695
f 2590 2695 2589
f 2591 2697 2696
f 2591 2696 2590
f 2592 2698 2697
f 2592 2697 2591
f 2593 2699 2698
f 2593 2698 2592
f 2594 2700 2699
f 2594 2699 2593
f 2595 2701 2700
f 2595 2700 2594
f 2596 2702 2701
f 2596 2701 2595
f 2597 2703 2702
f 2597 2702 2596
f 2598 2704 2703
f 2598 2703 2597
f 2599 2705 2704
f 2599 2704 2598
f 2600 2706 2705
f 2600 2705 2599
f 2601 2707 2706
f 2601 2706 2600
f 2602 2708 2707
f 2602 2707 2601
f 2603 2708 2602
f 2603 2709 2708
f 2604 2709 2603
f 2604 2710 2709
f 2604 2711 2710
f 2605 2711 2604
f 2606 2711 2605
f 2606 2712 2711
f 2607 2712 2606
f 2607 2713 2712
f 2608 2713 2607
f 2608 2714 2713
f 2608 2715 2714
f 2609 2715 2608
f 2610 2715 2609
f 2610 2716 2715
f 2611 2716 2610
f 2611 2717 2716
f 2612 2718 2717
f 2612 2717 2611
f 2613 2719 2718
f 2613 2720 2719
f 2613 2718 2612
f 2614 2720 2613
f 2615 2721 2720
f 2615 2720 2614
f 2616 2722 2721
f 2616 2721 2615
f 2617 2723 2722
f 2617 2722 2616
f 2618 2724 2723
f 2618 2723 2617
f 2619 2725 2724
f 2619 2724 2618
f 2620 2726 2725
f 2620 2725 2619
f 2621 2727 2726
f 2621 2726 2620
f 2622 2728 2727
f 2622 2727 2621
f 2623 2729 2728
f 2623 2728 2622
f 2624 2730 2729
f 2624 2729 2623
f 2625 2731 2730
f 2625 2730 2624
f 2626 2732 2731
f 2626 2731 2625
f 2627 2733 2732
f 2627 2732 2626
f 2628 2733 2627
f 2628 2734 2733
f 2628 2735 2734
f 2629 2735 2628
f 2630 2735 2629
f 2630 2736 2735
f 2631 2736 2630
f 2631 2737 2736
f 2632 2737 2631
f 2632 2738 2737
f 2633 2738 2632
f 2633 2739 2738
f 2634 2739 2633
f 2634 2740 2739
f 2635 2740 2634
f 2635 2741 2740
f 2636 2741 2635
f 2636 2742 2741
f 2637 2742 2636
f 2637 2743 2742
f 2638 2743 2637
f 2638 2744 2743
f 2639 2744 2638
f 2639 2745 2744
f 2640 2745 2639
f 2640 2746 2745
f 2641 2746 2640
f 2641 2747 2746
f 2642 2747 2641
f 2642 2748 2747
f 2643 2748 2642
f 2643 2749 2748
f 2644 2749 2643
f 2644 2750 2749
f 2645 2750 2644
f 2645 2751 2750
f 2646 2752 2751
f 2646 2751 2645
f 2647 2753 2752
f 2647 2752 2646
f 2648 2754 2753
f 2648 2753 2647
f 2649 2755 2754
f 2649 2754 2648
f 2650 2756 2755
f 2650 2755 2649
f 2651 2757 2756
f 2651 2756 2650
f 2652 2758 2757
f 2652 2757 2651
f 2653 2758 2652
f 2653 2759 2758
f 2654 2759 2653
f 2654 2760 2759
f 2655 2760 2654
f 2655 2761 2760
f 2656 2761 2655
f 2656 2762 2761
f 2657 2762 2656
f 2657 2763 2762
f 2658 2763 2657
f 2658 2764 2763
f 2659 2764 2658
f 2659 2765 2764
f 2660 2765 2659
f 2660 2766 2765
f 2661 2766 2660
f 2661 2767 2766
f 2662 2767 2661
f 2662 2768 2767
f 2663 2768 2662
f 2663 2769 2768
f 2664 2769 2663
f 2664 2770 2769
f 2665 2770 2664
f 2665 2771 2770
f 2665 2772 2771
f 2666 2772 2665
f 2667 2772 2666
f 2667 2773 2772
f 2668 2773 2667
f 2668 2774 2773
f 2669 2774 2668
f 2669 2775 2774
f 2670 2775 2669
f 2670 2776 2775
f 2671 2776 2670
f 2671 2777 2776
f 2672 2777 2671
f 2672 2778 2777
f 2673 2778 2672
f 2673 2779 2778
f 2674 2779 2673
f 2674 2780 2779
f 2675 2780 2674
f 2675 2781 2780
f 2676 2781 2675
f 2676 2782 2781
f 2677 2783 2782
f 2677 2782 2676
f 2678 2784 2783
f 2678 2783 2677
f 2679 2784 2678
f 2679 2785 2784
f 2680 2786 2785
f 2680 2785 2679
f 2681 2787 2786
f 2681 2786 2680
f 2682 2788 2787
f 2682 2787 2681
f 2683 2789 2788
f 2683 2788 2682
f 2684 2790 2789
f 2684 2789 2683
f 2685 2791 2790
f 2685 2790 2684
f 2686 2791 2685
f 2686 2792 2791
f 2794 2899 2793
f 2794 2900 2899
f 2795 2901 2900
f 2795 2900 2794
f 2796 2902 2901
f 2796 2901 2795
f 2797 2903 2902
f 2797 2902 2796
f 2798 2904 2903
f 2798 2903 2797
f 2799 2905 2904
f 2799 2904 2798
f 2800 2906 2905
f 2800 2905 2799
f 2801 2907 2906
f 2801 2906 2800
f 2802 2908 2907
f 2802 2907 2801
f 2803 2909 2908
f 2803 2908 2802
f 2804 2910 2909
f 2804 2909 2803
f 2805 2911 2910
f 2805 2910 2804
f 2806 2912 2911
f 2806 2911 2805
f 2807 2913 2912
f 2807 2912 2806
f 2808 2914 2913
f 2808 2913 2807
f 2809 2915 2914
f 2809 2914 2808
f 2810 2916 2915
f 2810 2915 2809
f 2811 2917 2916
f 2811 2916 2810
f 2812 2918 2917
f 2812 2917 2811
f 2813 2919 2918
f 2813 2918 2812
f 2814 2920 2919
f 2814 2919 2813
f 2815 2920 2814
f 2815 2921 2920
f 2816 2921 2815
f 2816 2922 2921
f 2816 2923 2922
f 2817 2923 2816
f 2818 2923 2817
f 2818 2924 2923
f 2819 2924 2818
f 2819 2925 2924
f 2820 2925 2819
f 2820 2926 2925
f 2820 2927 2926
f 2821 2927 2820
f 2822 2927 2821
f 2822 2928 2927
f 2823 2928 2822
f 2823 2929 2928
f 2824 2930 2929
f 2824 2929 2823
f 2825 2931 2930
f 2825 2932 2931
f 2825 2930 2824
f 2826 2932 2825
f 2827 2933 2932
f 2827 2932 2826
f 2828 2934 2933
f 2828 2933 2827
f 2829 2935 2934
f 2829 2934 2828
f 2830 2936 2935
f 2830 2935 2829
f 2831 2937 2936
f 2831 2936 2830
f 2832 2938 2937
f 2832 2937 2831
f 2833 2939 2938
f 2833 2938 2832
f 2834 2940 2939
f 2834 2939 2833
f 2835 2941 2940
f 2835 2940 2834
f 2836 2942 2941
f 2836 2941 2835
f 2837 2943 2942
f 2837 2942 2836
f 2838 2944 2943
f 2838 2943 2837
f 2839 2945 2944
f 2839 2944 2838
f 2840 2945 2839
f 2840 2946 2945
f 2840 2947 2946
f 2841 2947 2840
f 2842 2947 2841
f 2842 2948 2947
f 2843 2948 2842
f 2843 2949 2948
f 2844 2949 2843
f 2844 2950 2949
f 2845 2950 2844
f 2845 2951 2950
f 2846 2951 2845
f 2846 2952 2951
f 2847 2952 2846
f 2847 2953 2952
f 2848 2953 2847
f 2848 2954 2953
f 2849 2954 2848
f 2849 2955 2954
f 2850 2955 2849
f 2850 2956 2955
f 2851 2956 2850
f 2851 2957 2956
f 2852 2957 2851
f 2852 2958 2957
f 2853 2958 2852
f 2853 2959 2958
f 2854 2959 2853
f 2854 2960 2959
f 2855 2960 2854
f 2855 2961 2960
f 2856 2961 2855
f 2856 2962 2961
f 2857 2962 2856
f 2857 2963 2962
f 2858 2964 2963
f 2858 2963 2857
f 2859 2965 2964
f 2859 2964 2858
f 2860 2966 2965
f 2860 2965 2859
f 2861 2967 2966
f 2861 2966 2860
f 2862 2968 2967
f 2862 2967 2861
f 2863 2969 2968
f 2863 2968 2862
f 2864 2970 2969
f 2864 2969 2863
f 2865 2970 2864
f 2865 2971 2970
f 2866 2971 2865
f 2866 2972 2971
f 2867 2972 2866
f 2867 2973 2972
f 2868 2973 2867
f 2868 2974 2973
f 2869 2974 2868
f 2869 2975 2974
f 2870 2975 2869
f 2870 2976 2975
f 2871 2976 2870
f 2871 2977 2976
f 2872 2977 2871
f 2872 2978 2977
f 2873 2978 2872
f 2873 2979 2978
f 2874 2979 2873
f 2874 2980 2979
f 2875 2980 2874
f 2875 2981 2980
f 2876 2981 2875
f 2876 2982 2981
f 2877 2982 2876
f 2877 2983 2982
f 2877 2984 2983
f 2878 2984 2877
f 2879 2984 2878
f 2879 2985 2984
f 2880 2985 2879
f 2880 2986 2985
f 2881 2986 2880
f 2881 2987 2986
f 2882 2987 2881
f 2882 2988 2987
f 2883 2988 2882
f 2883 2989 2988
f 2884 2989 2883
f 2884 2990 2989
f 2885 2990 2884
f 2885 2991 2990
f 2886 2991 2885
f 2886 2992 2991
f 2887 2992 2886
f 2887 2993 2992
f 2888 2993 2887
f 2888 2994 2993
f 2889 2995 2994
f 2889 2994 2888
f 2890 2996 2995
f 2890 2995 2889
f 2891 2996 2890
f 2891 2997 2996
f 2892 2998 2997
f 2892 2997 2891
f 2893 2999 2998
f 2893 2998 2892
f 2894 3000 2999
f 2894 2999 2893
f 2895 3001 3000
f 2895 3000 2894
f 2896 3002 3001
f 2896 3001 2895
f 2897 3003 3002
f 2897 3002 2896
f 2898 3003 2897
f 2898 3004 3003
f 3008 3007 3005
f 3006 3008 3005
f 3010 3063 3009
f 3010 3064 3063
f 3011 3064 3010
f 3011 3065 3064
f 3012 3065 3011
f 3012 3066 3065
f 3013 3066 3012
f 3013 3067 3066
f 3014 3067 3013
f 3014 3068 3067
f 3015 3068 3014
f 3015 3069 3068
f 3016 3069 3015
f 3016 3070 3069
f 3017 3070 3016
f 3017 3071 3070
f 3018 3071 3017
f 3018 3072 3071
f 3019 3072 3018
f 3019 3073 3072
f 3020 3073 3019
f 3020 3074 3073
f 3021 3074 3020
f 3021 3075 3074
f 3022 3075 3021
f 3022 3076 3075
f 3023 3076 3022
f 3023 3077 3076
f 3024 3078 3077
f 3024 3077 3023
f 3025 3079 3078
f 3025 3080 3079
f 3025 3078 3024
f 3026 3080 3025
f 3027 3081 3080
f 3027 3080 3026
f 3028 3082 3081
f 3028 3081 3027
f 3029 3083 3082
f 3029 3082 3028
f 3030 3084 3083
f 3030 3083 3029
f 3031 3085 3084
f 3031 3084 3030
f 3032 3085 3031
f 3032 3086 3085
f 3033 3086 3032
f 3033 3087 3086
f 3034 3087 3033
f 3034 3088 3087
f 3035 3088 3034
f 3035 3089 3088
f 3036 3089 3035
f 3036 3090 3089
f 3037 3090 3036
f 3037 3091 3090
f 3038 3091 3037
f 3038 3092 3091
f 3039 3092 3038
f 3039 3093 3092
f 3040 3093 3039
f 3040 3094 3093
f 3041 3094 3040
f 3041 3095 3094
f 3042 3095 3041
f 3042 3096 3095
f 3043 3096 3042
f 3043 3097 3096
f 3044 3097 3043
f 3044 3098 3097
f 3045 3098 3044
f 3045 3099 3098
f 3045 3100 3099
f 3046 3100 3045
f 3047 3100 3046
f 3047 3101 3100
f 3048 3101 3047
f 3048 3102 3101
f 3048 3103 3102
f 3049 3103 3048
f 3050 3103 3049
f 3050 3104 3103
f 3051 3104 3050
f 3051 3105 3104
f 3052 3105 3051
f 3052 3106 3105
f 3053 3106 3052
f 3053 3107 3106
f 3054 3107 3053
f 3054 3108 3107
f 3055 3108 3054
f 3055 3109 3108
f 3056 3110 3109
f 3056 3109 3055
f 3057 3111 3110
f 3057 3110 3056
f 3058 3112 3111
f 3058 3111 3057
f 3059 3113 3112
f 3059 3112 3058
f 3060 3114 3113
f 3060 3113 3059
f 3061 3115 3114
f 3061 3114 3060
f 3062 3115 3061
f 3062 3116 3115
f 3118 3171 3117
f 3118 3172 3171
f 3119 3172 3118
f 3119 3173 3172
f 3120 3173 3119
f 3120 3174 3173
f 3121 3174 3120
f 3121 3175 3174
f 3122 3175 3121
f 3122 3176 3175
f 3123 3176 3122
f 3123 3177 3176
f 3124 3177 3123
f 3124 3178 3177
f 3125 3178 3124
f 3125 3179 3178
f 3126 3179 3125
f 3126 3180 3179
f 3127 3180 3126
f 3127 3181 3180
f 3128 3181 3127
f 3128 3182 3181
f 3129 3182 3128
f 3129 3183 3182
f 3130 3183 3129
f 3130 3184 3183
f 3131 3184 3130
f 3131 3185 3184
f 3131 3186 3185
f 3132 3186 3131
f 3133 3187 3186
f 3133 3186 3132
f 3134 3188 3187
f 3134 3187 3133
f 3135 3189 3188
f 3135 3188 3134
f 3136 3190 3189
f 3136 3189 3135
f 3137 3191 3190
f 3137 3192 3191
f 3137 3190 3136
f 3138 3192 3137
f 3139 3192 3138
f 3139 3193 3192
f 3139 3194 3193
f 3140 3194 3139
f 3141 3195 3194
f 3141 3196 3195
f 3141 3194 3140
f 3142 3196 3141
f 3143 3196 3142
f 3143 3197 3196
f 3144 3197 3143
f 3144 3198 3197
f 3145 3198 3144
f 3145 3199 3198
f 3146 3199 3145
f 3146 3200 3199
f 3146 3201 3200
f 3147 3201 3146
f 3147 3202 3201
f 3148 3202 3147
f 3149 3202 3148
f 3149 3203 3202
f 3150 3203 3149
f 3150 3204 3203
f 3151 3204 3150
f 3151 3205 3204
f 3151 3206 3205
f 3152 3206 3151
f 3152 3207 3206
f 3153 3207 3152
f 3154 3207 3153
f 3154 3208 3207
f 3155 3208 3154
f 3155 3209 3208
f 3156 3209 3155
f 3156 3210 3209
f 3156 3211 3210
f 3157 3211 3156
f 3158 3211 3157
f 3158 3212 3211
f 3159 3212 3158
f 3159 3213 3212
f 3159 3214 3213
f 3160 3214 3159
f 3161 3214 3160
f 3161 3215 3214
f 3161 3216 3215
f 3162 3216 3161
f 3163 3216 3162
f 3163 3217 3216
f 3164 3218 3217
f 3164 3217 3163
f 3165 3219 3218
f 3165 3220 3219
f 3165 3218 3164
f 3166 3220 3165
f 3167 3221 3220
f 3167 3220 3166
f 3168 3222 3221
f 3168 3221 3167
f 3169 3223 3222
f 3169 3224 3223
f 3169 3222 3168
f 3170 3224 3169
f 3228 3227 3225
f 3226 3228 3225
f 3230 3335 3229
f 3230 3336 3335
f 3231 3337 3336
f 3231 3336 3230
f 3232 3338 3337
f 3232 3337 3231
f 3233 3339 3338
f 3233 3338 3232
f 3234 3340 3339
f 3234 3339 3233
f 3235 3341 3340
f 3235 3340 3234
f 3236 3342 3341
f 3236 3341 3235
f 3237 3343 3342
f 3237 3342 3236
f 3238 3344 3343
f 3238 3343 3237
f 3239 3345 3344
f 3239 3344 3238
f 3240 3346 3345
f 3240 3345 3239
f 3241 3347 3346
f 3241 3346 3240
f 3242 3348 3347
f 3242 3347 3241
f 3243 3349 3348
f 3243 3348 3242
f 3244 3350 3349
f 3244 3349 3243
f 3245 3351 3350
f 3245 3350 3244
f 3246 3352 3351
f 3246 3353 3352
f 3246 3351 3245
f 3247 3353 3246
f 3247 3354 3353
f 3248 3354 3247
f 3249 3355 3354
f 3249 3356 3355
f 3249 3354 3248
f 3250 3356 3249
f 3251 3356 3250
f 3251 3357 3356
f 3252 3357 3251
f 3252 3358 3357
f 3253 3358 3252
f 3253 3359 3358
f 3254 3359 3253
f 3254 3360 3359
f 3255 3360 3254
f 3255 3361 3360
f 3256 3361 3255
f 3256 3362 3361
f 3257 3362 3256
f 3257 3363 3362
f 3258 3363 3257
f 3258 3364 3363
f 3259 3364 3258
f 3259 3365 3364
f 3260 3366 3365
f 3260 3365 3259
f 3261 3367 3366
f 3261 3368 3367
f 3261 3366 3260
f 3262 3368 3261
f 3263 3369 3368
f 3263 3368 3262
f 3264 3370 3369
f 3264 3369 3263
f 3265 3371 3370
f 3265 3370 3264
f 3266 3372 3371
f 3266 3371 3265
f 3267 3373 3372
f 3267 3372 3266
f 3268 3374 3373
f 3268 3373 3267
f 3269 3375 3374
f 3269 3374 3268
f 3270 3376 3375
f 3270 3375 3269
f 3271 3377 3376
f 3271 3376 3270
f 3272 3378 3377
f 3272 3377 3271
f 3273 3379 3378
f 3273 3378 3272
f 3274 3380 3379
f 3274 3379 3273
f 3275 3381 3380
f 3275 3380 3274
f 3276 3381 3275
f 3276 3382 3381
f 3277 3382 3276
f 3277 3383 3382
f 3278 3383 3277
f 3278 3384 3383
f 3279 3384 3278
f 3279 3385 3384
f 3280 3385 3279
f 3280 3386 3385
f 3281 3386 3280
f 3281 3387 3386
f 3282 3387 3281
f 3282 3388 3387
f 3283 3388 3282
f 3283 3389 3388
f 3284 3389 3283
f 3284 3390 3389
f 3285 3390 3284
f 3285 3391 3390
f 3286 3391 3285
f 3286 3392 3391
f 3287 3392 3286
f 3287 3393 3392
f 3288 3393 3287
f 3288 3394 3393
f 3289 3394 3288
f 3289 3395 3394
f 3290 3395 3289
f 3290 3396 3395
f 3291 3396 3290
f 3291 3397 3396
f 3292 3397 3291
f 3292 3398 3397
f 3293 3398 3292
f 3293 3399 3398
f 3294 3400 3399
f 3294 3399 3293
f 3295 3401 3400
f 3295 3400 3294
f 3296 3402 3401
f 3296 3401 3295
f 3297 3403 3402
f 3297 3402 3296
f 3298 3404 3403
f 3298 3403 3297
f 3299 3405 3404
f 3299 3404 3298
f 3300 3406 3405
f 3300 3405 3299
f 3301 3406 3300
f 3301 3407 3406
f 3302 3407 3301
f 3302 3408 3407
f 3303 3408 3302
f 3303 3409 3408
f 3304 3409 3303
f 3304 3410 3409
f 3305 3410 3304
f 3305 3411 3410
f 3306 3411 3305
f 3306 3412 3411
f 3307 3412 3306
f 3307 3413 3412
f 3308 3413 3307
f 3308 3414 3413
f 3309 3414 3308
f 3309 3415 3414
f 3310 3415 3309
f 3310 3416 3415
f 3311 3416 3310
f 3311 3417 3416
f 3312 3417 3311
f 3312 3418 3417
f 3313 3418 3312
f 3313 3419 3418
f 3313 3420 3419
f 3314 3420 3313
f 3315 3420 3314
f 3315 3421 3420
f 3316 3421 3315
f 3316 3422 3421
f 3317 3422 3316
f 3317 3423 3422
f 3318 3423 3317
f 3318 3424 3423
f 3319 3424 3318
f 3319 3425 3424
f 3320 3425 3319
f 3320 3426 3425
f 3321 3426 3320
f 3321 3427 3426
f 3322 3427 3321
f 3322 3428 3427
f 3323 3428 3322
f 3323 3429 3428
f 3324 3429 3323
f 3324 3430 3429
f 3325 3431 3430
f 3325 3430 3324
f 3326 3432 3431
f 3326 3431 3325
f 3327 3432 3326
f 3327 3433 3432
f 3328 3434 3433
f 3328 3433 3327
f 3329 3435 3434
f 3329 3434 3328
f 3330 3436 3435
f 3330 3435 3329
f 3331 3437 3436
f 3331 3436 3330
f 3332 3438 3437
f 3332 3437 3331
f 3333 3439 3438
f 3333 3440 3439
f 3333 3438 3332
f 3334 3440 3333
f 3444 3443 3441
f 3442 3444 3441
f 3446 3499 3445
f 3446 3500 3499
f 3447 3500 3446
f 3447 3501 3500
f 3448 3501 3447
f 3448 3502 3501
f 3449 3502 3448
f 3449 3503 3502
f 3450 3503 3449
f 3450 3504 3503
f 3451 3504 3450
f 3451 3505 3504
f 3452 3505 3451
f 3452 3506 3505
f 3453 3506 3452
f 3453 3507 3506
f 3454 3507 3453
f 3454 3508 3507
f 3455 3508 3454
f 3455 3509 3508
f 3456 3509 3455
f 3456 3510 3509
f 3457 3510 3456
f 3457 3511 3510
f 3458 3511 3457
f 3458 3512 3511
f 3459 3512 3458
f 3459 3513 3512
f 3460 3514 3513
f 3460 3513 3459
f 3461 3515 3514
f 3461 3516 3515
f 3461 3514 3460
f 3462 3516 3461
f 3463 3517 3516
f 3463 3516 3462
f 3464 3518 3517
f 3464 3517 3463
f 3465 3519 3518
f 3465 3518 3464
f 3466 3520 3519
f 3466 3519 3465
f 3467 3521 3520
f 3467 3520 3466
f 3468 3521 3467
f 3468 3522 3521
f 3469 3522 3468
f 3469 3523 3522
f 3470 3523 3469
f 3470 3524 3523
f 3471 3524 3470
f 3471 3525 3524
f 3472 3525 3471
f 3472 3526 3525
f 3473 3526 3472
f 3473 3527 3526
f 3474 3527 3473
f 3474 3528 3527
f 3475 3528 3474
f 3475 3529 3528
f 3476 3529 3475
f 3476 3530 3529
f 3477 3530 3476
f 3477 3531 3530
f 3478 3531 3477
f 3478 3532 3531
f 3479 3532 3478
f 3479 3533 3532
f 3480 3533 3479
f 3480 3534 3533
f 3481 3534 3480
f 3481 3535 3534
f 3481 3536 3535
f 3482 3536 3481
f 3483 3536 3482
f 3483 3537 3536
f 3484 3537 3483
f 3484 3538 3537
f 3484 3539 3538
f 3485 3539 3484
f 3486 3539 3485
f 3486 3540 3539
f 3487 3540 3486
f 3487 3541 3540
f 3488 3541 3487
f 3488 3542 3541
f 3489 3542 3488
f 3489 3543 3542
f 3490 3543 3489
f 3490 3544 3543
f 3491 3544 3490
f 3491 3545 3544
f 3492 3546 3545
f 3492 3545 3491
f 3493 3547 3546
f 3493 3546 3492
f 3494 3548 3547
f 3494 3547 3493
f 3495 3549 3548
f 3495 3548 3494
f 3496 3550 3549
f 3496 3549 3495
f 3497 3551 3550
f 3497 3550 3496
f 3498 3551 3497
f 3498 3552 3551
f 3554 3607 3553
f 3554 3608 3607
f 3555 3608 3554
f 3555 3609 3608
f 3556 3609 3555
f 3556 3610 3609
f 3557 3610 3556
f 3557 3611 3610
f 3558 3611 3557
f 3558 3612 3611
f 3559 3612 3558
f 3559 3613 3612
f 3560 3613 3559
f 3560 3614 3613
f 3561 3614 3560
f 3561 3615 3614
f 3562 3615 3561
f 3562 3616 3615
f 3563 3616 3562
f 3563 3617 3616
f 3564 3617 3563
f 3564 3618 3617
f 3565 3618 3564
f 3565 3619 3618
f 3566 3619 3565
f 3566 3620 3619
f 3567 3620 3566
f 3567 3621 3620
f 3567 3622 3621
f 3568 3622 3567
f 3569 3623 3622
f 3569 3622 3568
f 3570 3624 3623
f 3570 3623 3569
f 3571 3625 3624
f 3571 3624 3570
f 3572 3626 3625
f 3572 3625 3571
f 3573 3627 3626
f 3573 3628 3627
f 3573 3626 3572
f 3574 3628 3573
f 3575 3628 3574
f 3575 3629 3628
f 3575 3630 3629
f 3576 3630 3575
f 3577 3631 3630
f 3577 3632 3631
f 3577 3630 3576
f 3578 3632 3577
f 3579 3632 3578
f 3579 3633 3632
f 3580 3633 3579
f 3580 3634 3633
f 3581 3634 3580
f 3581 3635 3634
f 3582 3635 3581
f 3582 3636 3635
f 3582 3637 3636
f 3583 3637 3582
f 3583 3638 3637
f 3584 3638 3583
f 3585 3638 3584
f 3585 3639 3638
f 3586 3639 3585
f 3586 3640 3639
f 3587 3640 3586
f 3587 3641 3640
f 3587 3642 3641
f 3588 3642 3587
f 3588 3643 3642
f 3589 3643 3588
f 3590 3643 3589
f 3590 3644 3643
f 3591 3644 3590
f 3591 3645 3644
f 3592 3645 3591
f 3592 3646 3645
f 3592 3647 3646
f 3593 3647 3592
f 3594 3647 3593
f 3594 3648 3647
f 3595 3648 3594
f 3595 3649 3648
f 3595 3650 3649
f 3596 3650 3595
f 3597 3650 3596
f 3597 3651 3650
f 3597 3652 3651
f 3598 3652 3597
f 3599 3652 3598
f 3599 3653 3652
f 3600 3654 3653
f 3600 3653 3599
f 3601 3655 3654
f 3601 3656 3655
f 3601 3654 3600
f 3602 3656 3601
f 3603 3657 3656
f 3603 3656 3602
f 3604 3658 3657
f 3604 3657 3603
f 3605 3659 3658
f 3605 3660 3659
f 3605 3658 3604
f 3606 3660 3605
f 3664 3663 3661
f 3662 3664 3661
f 3666 3771 3665
f 3666 3772 3771
f 3667 3773 3772
f 3667 3772 3666
f 3668 3774 3773
f 3668 3773 3667
f 3669 3775 3774
f 3669 3774 3668
f 3670 3776 3775
f 3670 3775 3669
f 3671 3777 3776
f 3671 3776 3670
f 3672 3778 3777
f 3672 3777 3671
f 3673 3779 3778
f 3673 3778 3672
f 3674 3780 3779
f 3674 3779 3673
f 3675 3781 3780
f 3675 3780 3674
f 3676 3782 3781
f 3676 3781 3675
f 3677 3783 3782
f 3677 3782 3676
f 3678 3784 3783
f 3678 3783 3677
f 3679 3785 3784
f 3679 3784 3678
f 3680 3786 3785
f 3680 3785 3679
f 3681 3787 3786
f 3681 3786 3680
f 3682 3788 3787
f 3682 3789 3788
f 3682 3787 3681
f 3683 3789 3682
f 3683 3790 3789
f 3684 3790 3683
f 3685 3791 3790
f 3685 3792 3791
f 3685 3790 3684
f 3686 3792 3685
f 3687 3792 3686
f 3687 3793 3792
f 3688 3793 3687
f 3688 3794 3793
f 3689 3794 3688
f 3689 3795 3794
f 3690 3795 3689
f 3690 3796 3795
f 3691 3796 3690
f 3691 3797 3796
f 3692 3797 3691
f 3692 3798 3797
f 3693 3798 3692
f 3693 3799 3798
f 3694 3799 3693
f 3694 3800 3799
f 3695 3800 3694
f 3695 3801 3800
f 3696 3802 3801
f 3696 3801 3695
f 3697 3803 3802
f 3697 3804 3803
f 3697 3802 3696
f 3698 3804 3697
f 3699 3805 3804
f 3699 3804 3698
f 3700 3806 3805
f 3700 3805 3699
f 3701 3807 3806
f 3701 3806 3700
f 3702 3808 3807
f 3702 3807 3701
f 3703 3809 3808
f 3703 3808 3702
f 3704 3810 3809
f 3704 3809 3703
f 3705 3811 3810
f 3705 3810 3704
f 3706 3812 3811
f 3706 3811 3705
f 3707 3813 3812
f 3707 3812 3706
f 3708 3814 3813
f 3708 3813 3707
f 3709 3815 3814
f 3709 3814 3708
f 3710 3816 3815
f 3710 3815 3709
f 3711 3817 3816
f 3711 3816 3710
f 3712 3817 3711
f 3712 3818 3817
f 3713 3818 3712
f 3713 3819 3818
f 3714 3819 3713
f 3714 3820 3819
f 3715 3820 3714
f 3715 3821 3820
f 3716 3821 3715
f 3716 3822 3821
f 3717 3822 3716
f 3717 3823 3822
f 3718 3823 3717
f 3718 3824 3823
f 3719 3824 3718
f 3719 3825 3824
f 3720 3825 3719
f 3720 3826 3825
f 3721 3826 3720
f 3721 3827 3826
f 3722 3827 3721
f 3722 3828 3827
f 3723 3828 3722
f 3723 3829 3828
f 3724 3829 3723
f 3724 3830 3829
f 3725 3830 3724
f 3725 3831 3830
f 3726 3831 3725
f 3726 3832 3831
f 3727 3832 3726
f 3727 3833 3832
f 3728 3833 3727
f 3728 3834 3833
f 3729 3834 3728
f 3729 3835 3834
f 3730 3836 3835
f 3730 3835 3729
f 3731 3837 3836
f 3731 3836 3730
f 3732 3838 3837
f 3732 3837 3731
f 3733 3839 3838
f 3733 3838 3732
f 3734 3840 3839
f 3734 3839 3733
f 3735 3841 3840
f 3735 3840 3734
f 3736 3842 3841
f 3736 3841 3735
f 3737 3842 3736
f 3737 3843 3842
f 3738 3843 3737
f 3738 3844 3843
f 3739 3844 3738
f 3739 3845 3844
f 3740 3845 3739
f 3740 3846 3845
f 3741 3846 3740
f 3741 3847 3846
f 3742 3847 3741
f 3742 3848 3847
f 3743 3848 3742
f 3743 3849 3848
f 3744 3849 3743
f 3744 3850 3849
f 3745 3850 3744
f 3745 3851 3850
f 3746 3851 3745
f 3746 3852 3851
f 3747 3852 3746
f 3747 3853 3852
f 3748 3853 3747
f 3748 3854 3853
f 3749 3854 3748
f 3749 3855 3854
f 3749 3856 3855
f 3750 3856 3749
f 3751 3856 3750
f 3751 3857 3856
f 3752 3857 3751
f 3752 3858 3857
f 3753 3858 3752
f 3753 3859 3858
f 3754 3859 3753
f 3754 3860 3859
f 3755 3860 3754
f 3755 3861 3860
f 3756 3861 3755
f 3756 3862 3861
f 3757 3862 3756
f 3757 3863 3862
f 3758 3863 3757
f 3758 3864 3863
f 3759 3864 3758
f 3759 3865 3864
f 3760 3865 3759
f 3760 3866 3865
f 3761 3867 3866
f 3761 3866 3760
f 3762 3868 3867
f 3762 3867 3761
f 3763 3868 3762
f 3763 3869 3868
f 3764 3870 3869
f 3764 3869 3763
f 3765 3871 3870
f 3765 3870 3764
f 3766 3872 3871
f 3766 3871 3765
f 3767 3873 3872
f 3767 3872 3766
f 3768 3874 3873
f 3768 3873 3767
f 3769 3875 3874
f 3769 3876 3875
f 3769 3874 3768
f 3770 3876 3769
f 3877 3880 3879
f 3877 3878 3880
f 3882 3935 3881
f 3882 3936 3935
f 3883 3936 3882
f 3883 3937 3936
f 3884 3937 3883
f 3884 3938 3937
f 3885 3938 3884
f 3885 3939 3938
f 3886 3939 3885
f 3886 3940 3939
f 3887 3940 3886
f 3887 3941 3940
f 3888 3941 3887
f 3888 3942 3941
f 3889 3942 3888
f 3889 3943 3942
f 3889 3944 3943
f 3890 3944 3889
f 3890 3945 3944
f 3891 3945 3890
f 3892 3945 3891
f 3892 3946 3945
f 3892 3947 3946
f 3893 3947 3892
f 3894 3947 3893
f 3894 3948 3947
f 3895 3948 3894
f 3895 3949 3948
f 3896 3950 3949
f 3896 3949 3895
f 3897 3951 3950
f 3897 3952 3951
f 3897 3950 3896
f 3898 3953 3952
f 3898 3952 3897
f 3899 3953 3898
f 3900 3954 3953
f 3900 3953 3899
f 3901 3955 3954
f 3901 3954 3900
f 3902 3956 3955
f 3902 3955 3901
f 3903 3957 3956
f 3903 3956 3902
f 3904 3957 3903
f 3904 3958 3957
f 3905 3958 3904
f 3905 3959 3958
f 3906 3959 3905
f 3906 3960 3959
f 3906 3961 3960
f 3907 3961 3906
f 3908 3961 3907
f 3908 3962 3961
f 3908 3963 3962
f 3909 3963 3908
f 3910 3963 3909
f 3910 3964 3963
f 3911 3964 3910
f 3911 3965 3964
f 3912 3965 3911
f 3912 3966 3965
f 3913 3966 3912
f 3913 3967 3966
f 3914 3967 3913
f 3914 3968 3967
f 3915 3968 3914
f 3915 3969 3968
f 3916 3969 3915
f 3916 3970 3969
f 3917 3970 3916
f 3917 3971 3970
f 3918 3971 3917
f 3918 3972 3971
f 3919 3972 3918
f 3919 3973 3972
f 3920 3973 3919
f 3920 3974 3973
f 3921 3974 3920
f 3921 3975 3974
f 3922 3975 3921
f 3922 3976 3975
f 3923 3976 3922
f 3923 3977 3976
f 3924 3977 3923
f 3924 3978 3977
f 3925 3978 3924
f 3925 3979 3978
f 3926 3979 3925
f 3926 3980 3979
f 3927 3980 3926
f 3927 3981 3980
f 3928 3982 3981
f 3928 3983 3982
f 3928 3981 3927
f 3929 3983 3928
f 3930 3984 3983
f 3930 3983 3929
f 3931 3985 3984
f 3931 3984 3930
f 3932 3986 3985
f 3932 3985 3931
f 3933 3987 3986
f 3933 3986 3932
f 3934 3988 3987
f 3934 3987 3933
f 3990 4043 3989
f 3990 4044 4043
f 3991 4044 3990
f 3991 4045 4044
f 3992 4045 3991
f 3992 4046 4045
f 3993 4046 3992
f 3993 4047 4046
f 3994 4047 3993
f 3994 4048 4047
f 3995 4048 3994
f 3995 4049 4048
f 3996 4049 3995
f 3996 4050 4049
f 3997 4050 3996
f 3997 4051 4050
f 3997 4052 4051
f 3998 4052 3997
f 3998 4053 4052
f 3999 4053 3998
f 4000 4053 3999
f 4000 4054 4053
f 4000 4055 4054
f 4001 4055 4000
f 4002 4055 4001
f 4002 4056 4055
f 4003 4056 4002
f 4003 4057 4056
f 4004 4058 4057
f 4004 4057 4003
f 4005 4059 4058
f 4005 4060 4059
f 4005 4058 4004
f 4006 4061 4060
f 4006 4060 4005
f 4007 4061 4006
f 4008 4062 4061
f 4008 4061 4007
f 4009 4063 4062
f 4009 4062 4008
f 4010 4064 4063
f 4010 4063 4009
f 4011 4065 4064
f 4011 4064 4010
f 4012 4065 4011
f 4012 4066 4065
f 4013 4066 4012
f 4013 4067 4066
f 4014 4067 4013
f 4014 4068 4067
f 4014 4069 4068
f 4015 4069 4014
f 4016 4069 4015
f 4016 4070 4069
f 4016 4071 4070
f 4017 4071 4016
f 4018 4071 4017
f 4018 4072 4071
f 4019 4072 4018
f 4019 4073 4072
f 4020 4073 4019
f 4020 4074 4073
f 4021 4074 4020
f 4021 4075 4074
f 4022 4075 4021
f 4022 4076 4075
f 4023 4076 4022
f 4023 4077 4076
f 4024 4077 4023
f 4024 4078 4077
f 4025 4078 4024
f 4025 4079 4078
f 4026 4079 4025
f 4026 4080 4079
f 4027 4080 4026
f 4027 4081 4080
f 4028 4081 4027
f 4028 4082 4081
f 4029 4082 4028
f 4029 4083 4082
f 4030 4083 4029
f 4030 4084 4083
f 4031 4084 4030
f 4031 4085 4084
f 4032 4085 4031
f 4032 4086 4085
f 4033 4086 4032
f 4033 4087 4086
f 4034 4087 4033
f 4034 4088 4087
f 4035 4088 4034
f 4035 4089 4088
f 4036 4090 4089
f 4036 4091 4090
f 4036 4089 4035
f 4037 4091 4036
f 4038 4092 4091
f 4038 4091 4037
f 4039 4093 4092
f 4039 4092 4038
f 4040 4094 4093
f 4040 4093 4039
f 4041 4095 4094
f 4041 4094 4040
f 4042 4096 4095
f 4042 4095 4041
f 4097 4100 4099
f 4097 4098 4100
f 4101 4104 4103
f 4101 4102 4104
f 4106 4159 4105
f 4106 4160 4159
f 4107 4160 4106
f 4107 4161 4160
f 4108 4161 4107
f 4108 4162 4161
f 4109 4162 4108
f 4109 4163 4162
f 4110 4163 4109
f 4110 4164 4163
f 4111 4164 4110
f 4111 4165 4164
f 4112 4165 4111
f 4112 4166 4165
f 4113 4166 4112
f 4113 4167 4166
f 4113 4168 4167
f 4114 4168 4113
f 4114 4169 4168
f 4115 4169 4114
f 4116 4169 4115
f 4116 4170 4169
f 4116 4171 4170
f 4117 4171 4116
f 4118 4171 4117
f 4118 4172 4171
f 4119 4172 4118
f 4119 4173 4172
f 4120 4174 4173
f 4120 4173 4119
f 4121 4175 4174
f 4121 4176 4175
f 4121 4174 4120
f 4122 4177 4176
f 4122 4176 4121
f 4123 4177 4122
f 4124 4178 4177
f 4124 4177 4123
f 4125 4179 4178
f 4125 4178 4124
f 4126 4180 4179
f 4126 4179 4125
f 4127 4181 4180
f 4127 4180 4126
f 4128 4181 4127
f 4128 4182 4181
f 4129 4182 4128
f 4129 4183 4182
f 4130 4183 4129
f 4130 4184 4183
f 4130 4185 4184
f 4131 4185 4130
f 4132 4185 4131
f 4132 4186 4185
f 4132 4187 4186
f 4133 4187 4132
f 4134 4187 4133
f 4134 4188 4187
f 4135 4188 4134
f 4135 4189 4188
f 4136 4189 4135
f 4136 4190 4189
f 4137 4190 4136
f 4137 4191 4190
f 4138 4191 4137
f 4138 4192 4191
f 4139 4192 4138
f 4139 4193 4192
f 4140 4193 4139
f 4140 4194 4193
f 4141 4194 4140
f 4141 4195 4194
f 4142 4195 4141
f 4142 4196 4195
f 4143 4196 4142
f 4143 4197 4196
f 4144 4197 4143
f 4144 4198 4197
f 4145 4198 4144
f 4145 4199 4198
f 4146 4199 4145
f 4146 4200 4199
f 4147 4200 4146
f 4147 4201 4200
f 4148 4201 4147
f 4148 4202 4201
f 4149 4202 4148
f 4149 4203 4202
f 4150 4203 4149
f 4150 4204 4203
f 4151 4204 4150
f 4151 4205 4204
f 4152 4206 4205
f 4152 4207 4206
f 4152 4205 4151
f 4153 4207 4152
f 4154 4208 4207
f 4154 4207 4153
f 4155 4209 4208
f 4155 4208 4154
f 4156 4210 4209
f 4156 4209 4155
f 4157 4211 4210
f 4157 4210 4156
f 4158 4212 4211
f 4158 4211 4157
f 4214 4267 4213
f 4214 4268 4267
f 4215 4268 4214
f 4215 4269 4268
f 4216 4269 4215
f 4216 4270 4269
f 4217 4270 4216
f 4217 4271 4270
f 4218 4271 4217
f 4218 4272 4271
f 4219 4272 4218
f 4219 4273 4272
f 4220 4273 4219
f 4220 4274 4273
f 4221 4274 4220
f 4221 4275 4274
f 4221 4276 4275
f 4222 4276 4221
f 4222 4277 4276
f 4223 4277 4222
f 4224 4277 4223
f 4224 4278 4277
f 4224 4279 4278
f 4225 4279 4224
f 4226 4279 4225
f 4226 4280 4279
f 4227 4280 4226
f 4227 4281 4280
f 4228 4282 4281
f 4228 4281 4227
f 4229 4283 4282
f 4229 4284 4283
f 4229 4282 4228
f 4230 4285 4284
f 4230 4284 4229
f 4231 4285 4230
f 4232 4286 4285
f 4232 4285 4231
f 4233 4287 4286
f 4233 4286 4232
f 4234 4288 4287
f 4234 4287 4233
f 4235 4289 4288
f 4235 4288 4234
f 4236 4289 4235
f 4236 4290 4289
f 4237 4290 4236
f 4237 4291 4290
f 4238 4291 4237
f 4238 4292 4291
f 4238 4293 4292
f 4239 4293 4238
f 4240 4293 4239
f 4240 4294 4293
f 4240 4295 4294
f 4241 4295 4240
f 4242 4295 4241
f 4242 4296 4295
f 4243 4296 4242
f 4243 4297 4296
f 4244 4297 4243
f 4244 4298 4297
f 4245 4298 4244
f 4245 4299 4298
f 4246 4299 4245
f 4246 4300 4299
f 4247 4300 4246
f 4247 4301 4300
f 4248 4301 4247
f 4248 4302 4301
f 4249 4302 4248
f 4249 4303 4302
f 4250 4303 4249
f 4250 4304 4303
f 4251 4304 4250
f 4251 4305 4304
f 4252 4305 4251
f 4252 4306 4305
f 4253 4306 4252
f 4253 4307 4306
f 4254 4307 4253
f 4254 4308 4307
f 4255 4308 4254
f 4255 4309 4308
f 4256 4309 4255
f 4256 4310 4309
f 4257 4310 4256
f 4257 4311 4310
f 4258 4311 4257
f 4258 4312 4311
f 4259 4312 4258
f 4259 4313 4312
f 4260 4314 4313
f 4260 4315 4314
f 4260 4313 4259
f 4261 4315 4260
f 4262 4316 4315
f 4262 4315 4261
f 4263 4317 4316
f 4263 4316 4262
f 4264 4318 4317
f 4264 4317 4263
f 4265 4319 4318
f 4265 4318 4264
f 4266 4320 4319
f 4266 4319 4265
f 4321 4324 4323
f 4321 4322 4324
f 4502 4393 4501
f 4502 4394 4393
f 4500 4501 4393
f 4500 4392 4391
f 4500 4393 4392
f 4503 4395 4394
f 4503 4394 4502
f 4499 4500 4391
f 4504 4395 4503
f 4504 4396 4395
f 4498 4499 4391
f 4498 4391 4390
f 4505 4396 4504
f 4505 4397 4396
f 4497 4498 4390
f 4497 4390 4389
f 4506 4397 4505
f 4506 4398 4397
f 4496 4388 4387
f 4496 4389 4388
f 4496 4497 4389
f 4507 4399 4398
f 4507 4398 4506
f 4495 4496 4387
f 4508 4399 4507
f 4508 4400 4399
f 4494 4495 4387
f 4494 4387 4386
f 4509 4401 4400
f 4509 4402 4401
f 4509 4400 4508
f 4493 4386 4385
f 4493 4494 4386
f 4510 4402 4509
f 4492 4385 4384
f 4492 4493 4385
f 4511 4403 4402
f 4511 4402 4510
f 4491 4492 4384
f 4491 4384 4383
f 4512 4403 4511
f 4512 4404 4403
f 4490 4383 4382
f 4490 4491 4383
f 4513 4405 4404
f 4513 4406 4405
f 4513 4404 4512
f 4489 4382 4381
f 4489 4490 4382
f 4514 4406 4513
f 4514 4407 4406
f 4488 4489 4381
f 4488 4381 4380
f 4515 4407 4514
f 4516 4407 4515
f 4516 4408 4407
f 4517 4408 4516
f 4517 4409 4408
f 4517 4410 4409
f 4518 4410 4517
f 4519 4410 4518
f 4519 4411 4410
f 4520 4411 4519
f 4520 4412 4411
f 4521 4412 4520
f 4521 4413 4412
f 4522 4413 4521
f 4522 4414 4413
f 4522 4415 4414
f 4523 4415 4522
f 4524 4415 4523
f 4524 4416 4415
f 4525 4416 4524
f 4525 4417 4416
f 4526 4417 4525
f 4526 4418 4417
f 4527 4418 4526
f 4527 4419 4418
f 4528 4419 4527
f 4420 4419 4528
f 4529 4420 4528
f 4486 4488 4380
f 4486 4380 4379
f 4421 4420 4529
f 4485 4486 4379
f 4485 4379 4378
f 4484 4485 4378
f 4484 4377 4376
f 4484 4378 4377
f 4422 4421 4529
f 4422 4529 4530
f 4483 4484 4376
f 4483 4376 4375
f 4482 4483 4375
f 4481 4375 4374
f 4481 4482 4375
f 4423 4530 4531
f 4423 4531 4532
f 4423 4422 4530
f 4480 4481 4374
f 4480 4374 4373
f 4479 4480 4373
f 4479 4373 4372
f 4424 4423 4532
f 4478 4479 4372
f 4478 4372 4371
f 4477 4371 4370
f 4477 4478 4371
f 4425 4532 4533
f 4425 4424 4532
f 4476 4369 4368
f 4476 4370 4369
f 4476 4477 4370
f 4475 4476 4368
f 4426 4533 4534
f 4426 4425 4533
f 4474 4368 4367
f 4474 4475 4368
f 4427 4534 4535
f 4427 4426 4534
f 4473 4367 4366
f 4473 4474 4367
f 4428 4535 4536
f 4428 4536 4537
f 4428 4427 4535
f 4365 4472 4473
f 4365 4473 4366
f 4471 4472 4365
f 4429 4537 4538
f 4429 4428 4537
f 4364 4471 4365
f 4430 4429 4538
f 4363 4469 4470
f 4363 4470 4471
f 4363 4471 4364
f 4431 4538 4539
f 4431 4430 4538
f 4362 4468 4469
f 4362 4469 4363
f 4432 4431 4539
f 4432 4539 4540
f 4361 4468 4362
f 4325 4432 4540
f 4325 4540 4487
f 4360 4468 4361
f 4360 4467 4468
f 4359 4467 4360
f 4359 4466 4467
f 4358 4466 4359
f 4358 4465 4466
f 4357 4464 4465
f 4357 4465 4358
f 4356 4463 4464
f 4356 4464 4357
f 4355 4463 4356
f 4355 4462 4463
f 4354 4461 4462
f 4354 4462 4355
f 4353 4460 4461
f 4353 4461 4354
f 4326 4325 4487
f 4326 4487 4433
f 4352 4458 4459
f 4352 4459 4460
f 4352 4460 4353
f 4327 4433 4434
f 4327 4434 4435
f 4327 4326 4433
f 4351 4457 4458
f 4351 4458 4352
f 4328 4327 4435
f 4350 4456 4457
f 4350 4457 4351
f 4329 4435 4436
f 4329 4436 4437
f 4329 4328 4435
f 4349 4456 4350
f 4330 4329 4437
f 4348 4456 4349
f 4348 4455 4456
f 4331 4330 4437
f 4331 4437 4438
f 4331 4438 4439
f 4347 4455 4348
f 4347 4454 4455
f 4332 4331 4439
f 4346 4454 4347
f 4346 4452 4453
f 4346 4453 4454
f 4333 4332 4439
f 4333 4439 4440
f 4345 4452 4346
f 4334 4440 4441
f 4334 4333 4440
f 4344 4452 4345
f 4344 4451 4452
f 4335 4334 4441
f 4335 4441 4442
f 4343 4450 4451
f 4343 4451 4344
f 4336 4442 4443
f 4336 4335 4442
f 4342 4449 4450
f 4342 4450 4343
f 4337 4443 4444
f 4337 4336 4443
f 4341 4448 4449
f 4341 4449 4342
f 4338 4444 4445
f 4338 4445 4446
f 4338 4337 4444
f 4340 4447 4448
f 4340 4448 4341
f 4339 4446 4447
f 4339 4338 4446
f 4339 4447 4340
f 4718 4609 4717
f 4718 4610 4609
f 4716 4717 4609
f 4716 4609 4608
f 4719 4611 4610
f 4719 4610 4718
f 4715 4608 4607
f 4715 4716 4608
f 4720 4612 4611
f 4720 4611 4719
f 4714 4607 4606
f 4714 4715 4607
f 4721 4613 4612
f 4721 4612 4720
f 4713 4606 4605
f 4713 4714 4606
f 4722 4614 4613
f 4722 4613 4721
f 4712 4713 4605
f 4712 4604 4603
f 4712 4605 4604
f 4723 4615 4614
f 4723 4614 4722
f 4711 4712 4603
f 4724 4616 4615
f 4724 4615 4723
f 4710 4711 4603
f 4710 4603 4602
f 4725 4617 4616
f 4725 4618 4617
f 4725 4616 4724
f 4709 4602 4601
f 4709 4710 4602
f 4726 4618 4725
f 4708 4709 4601
f 4708 4601 4600
f 4727 4618 4726
f 4727 4619 4618
f 4707 4708 4600
f 4707 4600 4599
f 4728 4619 4727
f 4728 4620 4619
f 4706 4599 4598
f 4706 4707 4599
f 4729 4620 4728
f 4729 4621 4620
f 4705 4598 4597
f 4705 4706 4598
f 4730 4621 4729
f 4730 4622 4621
f 4704 4705 4597
f 4704 4597 4596
f 4731 4622 4730
f 4731 4623 4622
f 4732 4623 4731
f 4732 4624 4623
f 4733 4624 4732
f 4733 4625 4624
f 4734 4625 4733
f 4734 4626 4625
f 4735 4626 4734
f 4735 4627 4626
f 4735 4628 4627
f 4736 4628 4735
f 4737 4628 4736
f 4737 4629 4628
f 4737 4630 4629
f 4738 4630 4737
f 4739 4630 4738
f 4739 4631 4630
f 4740 4631 4739
f 4740 4632 4631
f 4741 4632 4740
f 4741 4633 4632
f 4741 4634 4633
f 4742 4634 4741
f 4743 4634 4742
f 4743 4635 4634
f 4636 4743 4744
f 4636 4635 4743
f 4702 4704 4596
f 4702 4596 4595
f 4637 4744 4745
f 4637 4636 4744
f 4701 4595 4594
f 4701 4702 4595
f 4700 4701 4594
f 4700 4594 4593
f 4638 4745 4746
f 4638 4746 4747
f 4638 4637 4745
f 4699 4700 4593
f 4699 4593 4592
f 4698 4699 4592
f 4698 4592 4591
f 4697 4698 4591
f 4697 4591 4590
f 4639 4747 4748
f 4639 4638 4747
f 4696 4697 4590
f 4696 4590 4589
f 4695 4696 4589
f 4695 4589 4588
f 4640 4639 4748
f 4694 4695 4588
f 4694 4588 4587
f 4693 4587 4586
f 4693 4694 4587
f 4641 4640 4748
f 4641 4748 4749
f 4692 4693 4586
f 4692 4585 4584
f 4692 4586 4585
f 4691 4692 4584
f 4642 4749 4750
f 4642 4641 4749
f 4690 4691 4584
f 4690 4584 4583
f 4582 4690 4583
f 4643 4750 4751
f 4643 4642 4750
f 4689 4690 4582
f 4688 4689 4582
f 4644 4751 4752
f 4644 4643 4751
f 4581 4688 4582
f 4687 4688 4581
f 4645 4752 4753
f 4645 4644 4752
f 4580 4686 4687
f 4580 4687 4581
f 4646 4753 4754
f 4646 4645 4753
f 4579 4686 4580
f 4647 4754 4755
f 4647 4646 4754
f 4578 4685 4686
f 4578 4686 4579
f 4648 4755 4756
f 4648 4647 4755
f 4577 4685 4578
f 4577 4684 4685
f 4541 4648 4756
f 4541 4756 4703
f 4576 4684 4577
f 4576 4682 4683
f 4576 4683 4684
f 4575 4682 4576
f 4574 4682 4575
f 4574 4681 4682
f 4573 4680 4681
f 4573 4681 4574
f 4572 4679 4680
f 4572 4680 4573
f 4571 4678 4679
f 4571 4679 4572
f 4570 4677 4678
f 4570 4678 4571
f 4569 4675 4676
f 4569 4676 4677
f 4569 4677 4570
f 4542 4541 4703
f 4542 4703 4649
f 4568 4675 4569
f 4543 4649 4650
f 4543 4650 4651
f 4543 4542 4649
f 4567 4673 4674
f 4567 4674 4675
f 4567 4675 4568
f 4544 4543 4651
f 4566 4672 4673
f 4566 4673 4567
f 4545 4544 4651
f 4545 4651 4652
f 4565 4672 4566
f 4546 4545 4652
f 4546 4652 4653
f 4564 4672 4565
f 4564 4671 4672
f 4547 4653 4654
f 4547 4546 4653
f 4563 4671 4564
f 4563 4670 4671
f 4548 4654 4655
f 4548 4547 4654
f 4562 4670 4563
f 4562 4668 4669
f 4562 4669 4670
f 4549 4655 4656
f 4549 4548 4655
f 4549 4656 4657
f 4561 4668 4562
f 4550 4549 4657
f 4560 4668 4561
f 4560 4667 4668
f 4551 4657 4658
f 4551 4550 4657
f 4559 4666 4667
f 4559 4667 4560
f 4552 4658 4659
f 4552 4659 4660
f 4552 4551 4658
f 4558 4665 4666
f 4558 4666 4559
f 4553 4552 4660
f 4557 4664 4665
f 4557 4665 4558
f 4554 4660 4661
f 4554 4553 4660
f 4556 4663 4664
f 4556 4664 4557
f 4555 4661 4662
f 4555 4662 4663
f 4555 4663 4556
f 4555 4554 4661
