v 0.0035 0.014 0.0303
v 0.00349373545419 0.0142093145388 0.0303
v 0.0034749642422 0.0144178797859 0.0303
v 0.0034437535601 0.0146249491318 0.0303
v 0.00340021513403 0.014829781322 0.0303
v 0.00334450482025 0.0150316431104 0.0303
v 0.00327682204724 0.0152298118843 0.0303
v 0.00319740910175 0.0154235782508 0.0303
v 0.00310655026152 0.0156122485766 0.0303
v 0.00300457077761 0.0157951474709 0.0303
v 0.00289183571011 0.0159716202032 0.0303
v 0.0027687486213 0.0161410350469 0.0303
v 0.00263575013101 0.0163027855408 0.0303
v 0.00249331633933 0.0164562926601 0.0303
v 0.00234195712226 0.0166010068892 0.0303
v 0.00218221430651 0.0167364101886 0.0303
v 0.0020146597299 0.0168620178498 0.0303
v 0.00183989319434 0.0169773802299 0.0303
v 0.00165854031866 0.0170820843615 0.0303
v 0.00147125029908 0.017175755431 0.0303
v 0.00127869358528 0.0172580581203 0.0303
v 0.00108155948031 0.017328697807 0.0303
v 0.000880553673106 0.0173874216196 0.0303
v 0.000676395712284 0.0174340193419 0.0303
v 0.000469816430362 0.0174683241662 0.0303
v 0.000261555327552 0.0174902132901 0.0303
v 5.23579245534e-05 0.0174996083563 0.0303
v -0.000157026906227 0.0174964757329 0.0303
v -0.000365849621437 0.0174808266338 0.0303
v -0.000573362689953 0.0174527170787 0.0303
v -0.000778823268847 0.0174122476926 0.0303
v -0.000981495862571 0.0173595633454 0.0303
v -0.00118065495584 0.0172948526333 0.0303
v -0.00137558761079 0.0172183472039 0.0303
v -0.0015655960191 0.0171303209268 0.0303
v -0.00175 0.0170310889132 0.0303
v -0.00192813943508 0.016921006388 0.0303
v -0.00209937663141 0.016800467418 0.0303
v -0.00226309860426 0.0166699035015 0.0303
v -0.00241871927145 0.0165297820234 0.0303
v -0.0025656815514 0.0163806045822 0.0303
v -0.00270345935729 0.0162229051944 0.0303
v -0.00283155948031 0.016057248383 0.0303
v -0.00294952335529 0.0158842271563 0.0303
v -0.00305692870216 0.0157044608854 0.0303
v -0.00315339103766 0.0155185930869 0.0303
v -0.00323856505166 0.0153272891193 0.0303
v -0.0033121458433 0.0151312338011 0.0303
v -0.00337387001244 0.0149311289595 0.0303
v -0.00342351660257 0.0147276909179 0.0303
v -0.00346090789179 0.0145216479316 0.0303
v -0.00348591002898 0.0143137375812 0.0303
v -0.00349843351299 0.0141047041316 0.0303
v -0.00349843351299 0.0138952958684 0.0303
v -0.00348591002898 0.0136862624188 0.0303
v -0.00346090789179 0.0134783520684 0.0303
v -0.00342351660257 0.0132723090821 0.0303
v -0.00337387001244 0.0130688710405 0.0303
v -0.0033121458433 0.0128687661989 0.0303
v -0.00323856505166 0.0126727108807 0.0303
v -0.00315339103766 0.0124814069131 0.0303
v -0.00305692870216 0.0122955391146 0.0303
v -0.00294952335529 0.0121157728437 0.0303
v -0.00283155948031 0.011942751617 0.0303
v -0.00270345935729 0.0117770948056 0.0303
v -0.0025656815514 0.0116193954178 0.0303
v -0.00241871927145 0.0114702179766 0.0303
v -0.00226309860426 0.0113300964985 0.0303
v -0.00209937663141 0.011199532582 0.0303
v -0.00192813943508 0.011078993612 0.0303
v -0.00175 0.0109689110868 0.0303
v -0.0015655960191 0.0108696790732 0.0303
v -0.00137558761079 0.0107816527961 0.0303
v -0.00118065495584 0.0107051473667 0.0303
v -0.000981495862571 0.0106404366546 0.0303
v -0.000778823268847 0.0105877523074 0.0303
v -0.000573362689953 0.0105472829213 0.0303
v -0.000365849621437 0.0105191733662 0.0303
v -0.000157026906227 0.0105035242671 0.0303
v 5.23579245534e-05 0.0105003916437 0.0303
v 0.000261555327552 0.0105097867099 0.0303
v 0.000469816430362 0.0105316758338 0.0303
v 0.000676395712284 0.0105659806581 0.0303
v 0.000880553673106 0.0106125783804 0.0303
v 0.00108155948031 0.010671302193 0.0303
v 0.00127869358528 0.0107419418797 0.0303
v 0.00147125029908 0.010824244569 0.0303
v 0.00165854031866 0.0109179156385 0.0303
v 0.00183989319434 0.0110226197701 0.0303
v 0.0020146597299 0.0111379821502 0.0303
v 0.00218221430651 0.0112635898114 0.0303
v 0.00234195712226 0.0113989931108 0.0303
v 0.00249331633933 0.0115437073399 0.0303
v 0.00263575013101 0.0116972144592 0.0303
v 0.0027687486213 0.0118589649531 0.0303
v 0.00289183571011 0.0120283797968 0.0303
v 0.00300457077761 0.0122048525291 0.0303
v 0.00310655026152 0.0123877514234 0.0303
v 0.00319740910175 0.0125764217492 0.0303
v 0.00327682204724 0.0127701881157 0.0303
v 0.00334450482025 0.0129683568896 0.0303
v 0.00340021513403 0.013170218678 0.0303
v 0.0034437535601 0.0133750508682 0.0303
v 0.0034749642422 0.0135821202141 0.0303
v 0.00349373545419 0.0137906854612 0.0303
v 0.0035 0.014 0.0303
v 0.0035 0.014 0.0298
v 0.00349373545419 0.0142093145388 0.0298
v 0.0034749642422 0.0144178797859 0.0298
v 0.0034437535601 0.0146249491318 0.0298
v 0.00340021513403 0.014829781322 0.0298
v 0.00334450482025 0.0150316431104 0.0298
v 0.00327682204724 0.0152298118843 0.0298
v 0.00319740910175 0.0154235782508 0.0298
v 0.00310655026152 0.0156122485766 0.0298
v 0.00300457077761 0.0157951474709 0.0298
v 0.00289183571011 0.0159716202032 0.0298
v 0.0027687486213 0.0161410350469 0.0298
v 0.00263575013101 0.0163027855408 0.0298
v 0.00249331633933 0.0164562926601 0.0298
v 0.00234195712226 0.0166010068892 0.0298
v 0.00218221430651 0.0167364101886 0.0298
v 0.0020146597299 0.0168620178498 0.0298
v 0.00183989319434 0.0169773802299 0.0298
v 0.00165854031866 0.0170820843615 0.0298
v 0.00147125029908 0.017175755431 0.0298
v 0.00127869358528 0.0172580581203 0.0298
v 0.00108155948031 0.017328697807 0.0298
v 0.000880553673106 0.0173874216196 0.0298
v 0.000676395712284 0.0174340193419 0.0298
v 0.000469816430362 0.0174683241662 0.0298
v 0.000261555327552 0.0174902132901 0.0298
v 5.23579245534e-05 0.0174996083563 0.0298
v -0.000157026906227 0.0174964757329 0.0298
v -0.000365849621437 0.0174808266338 0.0298
v -0.000573362689953 0.0174527170787 0.0298
v -0.000778823268847 0.0174122476926 0.0298
v -0.000981495862571 0.0173595633454 0.0298
v -0.00118065495584 0.0172948526333 0.0298
v -0.00137558761079 0.0172183472039 0.0298
v -0.0015655960191 0.0171303209268 0.0298
v -0.00175 0.0170310889132 0.0298
v -0.00192813943508 0.016921006388 0.0298
v -0.00209937663141 0.016800467418 0.0298
v -0.00226309860426 0.0166699035015 0.0298
v -0.00241871927145 0.0165297820234 0.0298
v -0.0025656815514 0.0163806045822 0.0298
v -0.00270345935729 0.0162229051944 0.0298
v -0.00283155948031 0.016057248383 0.0298
v -0.00294952335529 0.0158842271563 0.0298
v -0.00305692870216 0.0157044608854 0.0298
v -0.00315339103766 0.0155185930869 0.0298
v -0.00323856505166 0.0153272891193 0.0298
v -0.0033121458433 0.0151312338011 0.0298
v -0.00337387001244 0.0149311289595 0.0298
v -0.00342351660257 0.0147276909179 0.0298
v -0.00346090789179 0.0145216479316 0.0298
v -0.00348591002898 0.0143137375812 0.0298
v -0.00349843351299 0.0141047041316 0.0298
v -0.00349843351299 0.0138952958684 0.0298
v -0.00348591002898 0.0136862624188 0.0298
v -0.00346090789179 0.0134783520684 0.0298
v -0.00342351660257 0.0132723090821 0.0298
v -0.00337387001244 0.0130688710405 0.0298
v -0.0033121458433 0.0128687661989 0.0298
v -0.00323856505166 0.0126727108807 0.0298
v -0.00315339103766 0.0124814069131 0.0298
v -0.00305692870216 0.0122955391146 0.0298
v -0.00294952335529 0.0121157728437 0.0298
v -0.00283155948031 0.011942751617 0.0298
v -0.00270345935729 0.0117770948056 0.0298
v -0.0025656815514 0.0116193954178 0.0298
v -0.00241871927145 0.0114702179766 0.0298
v -0.00226309860426 0.0113300964985 0.0298
v -0.00209937663141 0.011199532582 0.0298
v -0.00192813943508 0.011078993612 0.0298
v -0.00175 0.0109689110868 0.0298
v -0.0015655960191 0.0108696790732 0.0298
v -0.00137558761079 0.0107816527961 0.0298
v -0.00118065495584 0.0107051473667 0.0298
v -0.000981495862571 0.0106404366546 0.0298
v -0.000778823268847 0.0105877523074 0.0298
v -0.000573362689953 0.0105472829213 0.0298
v -0.000365849621437 0.0105191733662 0.0298
v -0.000157026906227 0.0105035242671 0.0298
v 5.23579245534e-05 0.0105003916437 0.0298
v 0.000261555327552 0.0105097867099 0.0298
v 0.000469816430362 0.0105316758338 0.0298
v 0.000676395712284 0.0105659806581 0.0298
v 0.000880553673106 0.0106125783804 0.0298
v 0.00108155948031 0.010671302193 0.0298
v 0.00127869358528 0.0107419418797 0.0298
v 0.00147125029908 0.010824244569 0.0298
v 0.00165854031866 0.0109179156385 0.0298
v 0.00183989319434 0.0110226197701 0.0298
v 0.0020146597299 0.0111379821502 0.0298
v 0.00218221430651 0.0112635898114 0.0298
v 0.00234195712226 0.0113989931108 0.0298
v 0.00249331633933 0.0115437073399 0.0298
v 0.00263575013101 0.0116972144592 0.0298
v 0.0027687486213 0.0118589649531 0.0298
v 0.00289183571011 0.0120283797968 0.0298
v 0.00300457077761 0.0122048525291 0.0298
v 0.00310655026152 0.0123877514234 0.0298
v 0.00319740910175 0.0125764217492 0.0298
v 0.00327682204724 0.0127701881157 0.0298
v 0.00334450482025 0.0129683568896 0.0298
v 0.00340021513403 0.013170218678 0.0298
v 0.0034437535601 0.0133750508682 0.0298
v 0.0034749642422 0.0135821202141 0.0298
v 0.00349373545419 0.0137906854612 0.0298
v 0.0035 0.014 0.0298
v 0.0035 0.014 0.0303
v 0.00349373545419 0.0142093145388 0.0303
v 0.0034749642422 0.0144178797859 0.0303
v 0.0034437535601 0.0146249491318 0.0303
v 0.00340021513403 0.014829781322 0.0303
v 0.00334450482025 0.0150316431104 0.0303
v 0.00327682204724 0.0152298118843 0.0303
v 0.00319740910175 0.0154235782508 0.0303
v 0.00310655026152 0.0156122485766 0.0303
v 0.00300457077761 0.0157951474709 0.0303
v 0.00289183571011 0.0159716202032 0.0303
v 0.0027687486213 0.0161410350469 0.0303
v 0.00263575013101 0.0163027855408 0.0303
v 0.00249331633933 0.0164562926601 0.0303
v 0.00234195712226 0.0166010068892 0.0303
v 0.00218221430651 0.0167364101886 0.0303
v 0.0020146597299 0.0168620178498 0.0303
v 0.00183989319434 0.0169773802299 0.0303
v 0.00165854031866 0.0170820843615 0.0303
v 0.00147125029908 0.017175755431 0.0303
v 0.00127869358528 0.0172580581203 0.0303
v 0.00108155948031 0.017328697807 0.0303
v 0.000880553673106 0.0173874216196 0.0303
v 0.000676395712284 0.0174340193419 0.0303
v 0.000469816430362 0.0174683241662 0.0303
v 0.000261555327552 0.0174902132901 0.0303
v 5.23579245534e-05 0.0174996083563 0.0303
v -0.000157026906227 0.0174964757329 0.0303
v -0.000365849621437 0.0174808266338 0.0303
v -0.000573362689953 0.0174527170787 0.0303
v -0.000778823268847 0.0174122476926 0.0303
v -0.000981495862571 0.0173595633454 0.0303
v -0.00118065495584 0.0172948526333 0.0303
v -0.00137558761079 0.0172183472039 0.0303
v -0.0015655960191 0.0171303209268 0.0303
v -0.00175 0.0170310889132 0.0303
v -0.00192813943508 0.016921006388 0.0303
v -0.00209937663141 0.016800467418 0.0303
v -0.00226309860426 0.0166699035015 0.0303
v -0.00241871927145 0.0165297820234 0.0303
v -0.0025656815514 0.0163806045822 0.0303
v -0.00270345935729 0.0162229051944 0.0303
v -0.00283155948031 0.016057248383 0.0303
v -0.00294952335529 0.0158842271563 0.0303
v -0.00305692870216 0.0157044608854 0.0303
v -0.00315339103766 0.0155185930869 0.0303
v -0.00323856505166 0.0153272891193 0.0303
v -0.0033121458433 0.0151312338011 0.0303
v -0.00337387001244 0.0149311289595 0.0303
v -0.00342351660257 0.0147276909179 0.0303
v -0.00346090789179 0.0145216479316 0.0303
v -0.00348591002898 0.0143137375812 0.0303
v -0.00349843351299 0.0141047041316 0.0303
v -0.00349843351299 0.0138952958684 0.0303
v -0.00348591002898 0.0136862624188 0.0303
v -0.00346090789179 0.0134783520684 0.0303
v -0.00342351660257 0.0132723090821 0.0303
v -0.00337387001244 0.0130688710405 0.0303
v -0.0033121458433 0.0128687661989 0.0303
v -0.00323856505166 0.0126727108807 0.0303
v -0.00315339103766 0.0124814069131 0.0303
v -0.00305692870216 0.0122955391146 0.0303
v -0.00294952335529 0.0121157728437 0.0303
v -0.00283155948031 0.011942751617 0.0303
v -0.00270345935729 0.0117770948056 0.0303
v -0.0025656815514 0.0116193954178 0.0303
v -0.00241871927145 0.0114702179766 0.0303
v -0.00226309860426 0.0113300964985 0.0303
v -0.00209937663141 0.011199532582 0.0303
v -0.00192813943508 0.011078993612 0.0303
v -0.00175 0.0109689110868 0.0303
v -0.0015655960191 0.0108696790732 0.0303
v -0.00137558761079 0.0107816527961 0.0303
v -0.00118065495584 0.0107051473667 0.0303
v -0.000981495862571 0.0106404366546 0.0303
v -0.000778823268847 0.0105877523074 0.0303
v -0.000573362689953 0.0105472829213 0.0303
v -0.000365849621437 0.0105191733662 0.0303
v -0.000157026906227 0.0105035242671 0.0303
v 5.23579245534e-05 0.0105003916437 0.0303
v 0.000261555327552 0.0105097867099 0.0303
v 0.000469816430362 0.0105316758338 0.0303
v 0.000676395712284 0.0105659806581 0.0303
v 0.000880553673106 0.0106125783804 0.0303
v 0.00108155948031 0.010671302193 0.0303
v 0.00127869358528 0.0107419418797 0.0303
v 0.00147125029908 0.010824244569 0.0303
v 0.00165854031866 0.0109179156385 0.0303
v 0.00183989319434 0.0110226197701 0.0303
v 0.0020146597299 0.0111379821502 0.0303
v 0.00218221430651 0.0112635898114 0.0303
v 0.00234195712226 0.0113989931108 0.0303
v 0.00249331633933 0.0115437073399 0.0303
v 0.00263575013101 0.0116972144592 0.0303
v 0.0027687486213 0.0118589649531 0.0303
v 0.00289183571011 0.0120283797968 0.0303
v 0.00300457077761 0.0122048525291 0.0303
v 0.00310655026152 0.0123877514234 0.0303
v 0.00319740910175 0.0125764217492 0.0303
v 0.00327682204724 0.0127701881157 0.0303
v 0.00334450482025 0.0129683568896 0.0303
v 0.00340021513403 0.013170218678 0.0303
v 0.0034437535601 0.0133750508682 0.0303
v 0.0034749642422 0.0135821202141 0.0303
v 0.00349373545419 0.0137906854612 0.0303
v 0.0011 0.014 0.0303
v 0.00109803114274 0.0140657845693 0.0303
v 0.00109213161898 0.014131333647 0.0303
v 0.00108232254746 0.0141964125843 0.0303
v 0.00106863904212 0.0142607884155 0.0303
v 0.00105113008636 0.0143242306919 0.0303
v 0.0010298583577 0.0143865123065 0.0303
v 0.00100490000341 0.0144474103074 0.0303
v 0.000976344367905 0.0145067066955 0.0303
v 0.000944293672962 0.0145641892051 0.0303
v 0.000908862651748 0.0146196520639 0.0303
v 0.000870178138122 0.014672896729 0.0303
v 0.000828378612604 0.0147237325985 0.0303
v 0.000783613706646 0.0147719776932 0.0303
v 0.000736043666995 0.014817459308 0.0303
v 0.000685838782045 0.0148600146307 0.0303
v 0.000633178772254 0.0148994913242 0.0303
v 0.000578252146792 0.0149357480723 0.0303
v 0.00052125552872 0.014968655085 0.0303
v 0.000462392951141 0.014998094564 0.0303
v 0.000401875126803 0.0150239611235 0.0303
v 0.000339918693812 0.0150461621679 0.0303
v 0.000276745440119 0.0150646182233 0.0303
v 0.000212581509575 0.0150792632217 0.0303
v 0.000147656592399 0.0150900447379 0.0303
v 8.22031029451e-05 0.0150969241769 0.0303
v 1.64553477168e-05 0.015099876912 0.0303
v -4.93513133856e-05 0.0150988923732 0.0303
v -0.000114981309594 0.0150939740849 0.0303
v -0.000180199702557 0.0150851396533 0.0303
v -0.000244773027352 0.0150724207034 0.0303
v -0.000308470128237 0.0150558627657 0.0303
v -0.000371062986121 0.0150355251133 0.0303
v -0.000432327534819 0.0150114805498 0.0303
v -0.000492044463147 0.0149838151484 0.0303
v -0.00055 0.0149526279442 0.0303
v -0.000605986679597 0.0149180305791 0.0303
v -0.000659804084157 0.0148801469028 0.0303
v -0.000711259561337 0.014839112529 0.0303
v -0.000760168913886 0.0147950743502 0.0303
v -0.000806357059013 0.0147481900115 0.0303
v -0.000849658655147 0.0146986273468 0.0303
v -0.000889918693812 0.0146465637775 0.0303
v -0.000926993054519 0.0145921856777 0.0303
v -0.000960749020679 0.0145356877068 0.0303
v -0.000991065754693 0.014477272113 0.0303
v -0.00101783473052 0.0144171480089 0.0303
v -0.00104096012218 0.0143555306232 0.0303
v -0.00106035914677 0.0142926405301 0.0303
v -0.00107596236081 0.0142287028599 0.0303
v -0.00108771390885 0.0141639464928 0.0303
v -0.00109557172339 0.0140986032398 0.0303
v -0.00109950767551 0.0140329070128 0.0303
v -0.00109950767551 0.0139670929872 0.0303
v -0.00109557172339 0.0139013967602 0.0303
v -0.00108771390885 0.0138360535072 0.0303
v -0.00107596236081 0.0137712971401 0.0303
v -0.00106035914677 0.0137073594699 0.0303
v -0.00104096012218 0.0136444693768 0.0303
v -0.00101783473052 0.0135828519911 0.0303
v -0.000991065754693 0.013522727887 0.0303
v -0.000960749020679 0.0134643122932 0.0303
v -0.000926993054519 0.0134078143223 0.0303
v -0.000889918693812 0.0133534362225 0.0303
v -0.000849658655147 0.0133013726532 0.0303
v -0.000806357059013 0.0132518099885 0.0303
v -0.000760168913886 0.0132049256498 0.0303
v -0.000711259561337 0.013160887471 0.0303
v -0.000659804084157 0.0131198530972 0.0303
v -0.000605986679597 0.0130819694209 0.0303
v -0.00055 0.0130473720558 0.0303
v -0.000492044463147 0.0130161848516 0.0303
v -0.000432327534819 0.0129885194502 0.0303
v -0.000371062986121 0.0129644748867 0.0303
v -0.000308470128237 0.0129441372343 0.0303
v -0.000244773027352 0.0129275792966 0.0303
v -0.000180199702557 0.0129148603467 0.0303
v -0.000114981309594 0.0129060259151 0.0303
v -4.93513133856e-05 0.0129011076268 0.0303
v 1.64553477168e-05 0.012900123088 0.0303
v 8.22031029451e-05 0.0129030758231 0.0303
v 0.000147656592399 0.0129099552621 0.0303
v 0.000212581509575 0.0129207367783 0.0303
v 0.000276745440119 0.0129353817767 0.0303
v 0.000339918693812 0.0129538378321 0.0303
v 0.000401875126803 0.0129760388765 0.0303
v 0.000462392951141 0.013001905436 0.0303
v 0.00052125552872 0.013031344915 0.0303
v 0.000578252146792 0.0130642519277 0.0303
v 0.000633178772254 0.0131005086758 0.0303
v 0.000685838782045 0.0131399853693 0.0303
v 0.000736043666995 0.013182540692 0.0303
v 0.000783613706646 0.0132280223068 0.0303
v 0.000828378612604 0.0132762674015 0.0303
v 0.000870178138122 0.013327103271 0.0303
v 0.000908862651748 0.0133803479361 0.0303
v 0.000944293672962 0.0134358107949 0.0303
v 0.000976344367905 0.0134932933045 0.0303
v 0.00100490000341 0.0135525896926 0.0303
v 0.0010298583577 0.0136134876935 0.0303
v 0.00105113008636 0.0136757693081 0.0303
v 0.00106863904212 0.0137392115845 0.0303
v 0.00108232254746 0.0138035874157 0.0303
v 0.00109213161898 0.013868666353 0.0303
v 0.00109803114274 0.0139342154307 0.0303
v 0.0035 0.014 0.0298
v 0.00349373545419 0.0142093145388 0.0298
v 0.0034749642422 0.0144178797859 0.0298
v 0.0034437535601 0.0146249491318 0.0298
v 0.00340021513403 0.014829781322 0.0298
v 0.00334450482025 0.0150316431104 0.0298
v 0.00327682204724 0.0152298118843 0.0298
v 0.00319740910175 0.0154235782508 0.0298
v 0.00310655026152 0.0156122485766 0.0298
v 0.00300457077761 0.0157951474709 0.0298
v 0.00289183571011 0.0159716202032 0.0298
v 0.0027687486213 0.0161410350469 0.0298
v 0.00263575013101 0.0163027855408 0.0298
v 0.00249331633933 0.0164562926601 0.0298
v 0.00234195712226 0.0166010068892 0.0298
v 0.00218221430651 0.0167364101886 0.0298
v 0.0020146597299 0.0168620178498 0.0298
v 0.00183989319434 0.0169773802299 0.0298
v 0.00165854031866 0.0170820843615 0.0298
v 0.00147125029908 0.017175755431 0.0298
v 0.00127869358528 0.0172580581203 0.0298
v 0.00108155948031 0.017328697807 0.0298
v 0.000880553673106 0.0173874216196 0.0298
v 0.000676395712284 0.0174340193419 0.0298
v 0.000469816430362 0.0174683241662 0.0298
v 0.000261555327552 0.0174902132901 0.0298
v 5.23579245534e-05 0.0174996083563 0.0298
v -0.000157026906227 0.0174964757329 0.0298
v -0.000365849621437 0.0174808266338 0.0298
v -0.000573362689953 0.0174527170787 0.0298
v -0.000778823268847 0.0174122476926 0.0298
v -0.000981495862571 0.0173595633454 0.0298
v -0.00118065495584 0.0172948526333 0.0298
v -0.00137558761079 0.0172183472039 0.0298
v -0.0015655960191 0.0171303209268 0.0298
v -0.00175 0.0170310889132 0.0298
v -0.00192813943508 0.016921006388 0.0298
v -0.00209937663141 0.016800467418 0.0298
v -0.00226309860426 0.0166699035015 0.0298
v -0.00241871927145 0.0165297820234 0.0298
v -0.0025656815514 0.0163806045822 0.0298
v -0.00270345935729 0.0162229051944 0.0298
v -0.00283155948031 0.016057248383 0.0298
v -0.00294952335529 0.0158842271563 0.0298
v -0.00305692870216 0.0157044608854 0.0298
v -0.00315339103766 0.0155185930869 0.0298
v -0.00323856505166 0.0153272891193 0.0298
v -0.0033121458433 0.0151312338011 0.0298
v -0.00337387001244 0.0149311289595 0.0298
v -0.00342351660257 0.0147276909179 0.0298
v -0.00346090789179 0.0145216479316 0.0298
v -0.00348591002898 0.0143137375812 0.0298
v -0.00349843351299 0.0141047041316 0.0298
v -0.00349843351299 0.0138952958684 0.0298
v -0.00348591002898 0.0136862624188 0.0298
v -0.00346090789179 0.0134783520684 0.0298
v -0.00342351660257 0.0132723090821 0.0298
v -0.00337387001244 0.0130688710405 0.0298
v -0.0033121458433 0.0128687661989 0.0298
v -0.00323856505166 0.0126727108807 0.0298
v -0.00315339103766 0.0124814069131 0.0298
v -0.00305692870216 0.0122955391146 0.0298
v -0.00294952335529 0.0121157728437 0.0298
v -0.00283155948031 0.011942751617 0.0298
v -0.00270345935729 0.0117770948056 0.0298
v -0.0025656815514 0.0116193954178 0.0298
v -0.00241871927145 0.0114702179766 0.0298
v -0.00226309860426 0.0113300964985 0.0298
v -0.00209937663141 0.011199532582 0.0298
v -0.00192813943508 0.011078993612 0.0298
v -0.00175 0.0109689110868 0.0298
v -0.0015655960191 0.0108696790732 0.0298
v -0.00137558761079 0.0107816527961 0.0298
v -0.00118065495584 0.0107051473667 0.0298
v -0.000981495862571 0.0106404366546 0.0298
v -0.000778823268847 0.0105877523074 0.0298
v -0.000573362689953 0.0105472829213 0.0298
v -0.000365849621437 0.0105191733662 0.0298
v -0.000157026906227 0.0105035242671 0.0298
v 5.23579245534e-05 0.0105003916437 0.0298
v 0.000261555327552 0.0105097867099 0.0298
v 0.000469816430362 0.0105316758338 0.0298
v 0.000676395712284 0.0105659806581 0.0298
v 0.000880553673106 0.0106125783804 0.0298
v 0.00108155948031 0.010671302193 0.0298
v 0.00127869358528 0.0107419418797 0.0298
v 0.00147125029908 0.010824244569 0.0298
v 0.00165854031866 0.0109179156385 0.0298
v 0.00183989319434 0.0110226197701 0.0298
v 0.0020146597299 0.0111379821502 0.0298
v 0.00218221430651 0.0112635898114 0.0298
v 0.00234195712226 0.0113989931108 0.0298
v 0.00249331633933 0.0115437073399 0.0298
v 0.00263575013101 0.0116972144592 0.0298
v 0.0027687486213 0.0118589649531 0.0298
v 0.00289183571011 0.0120283797968 0.0298
v 0.00300457077761 0.0122048525291 0.0298
v 0.00310655026152 0.0123877514234 0.0298
v 0.00319740910175 0.0125764217492 0.0298
v 0.00327682204724 0.0127701881157 0.0298
v 0.00334450482025 0.0129683568896 0.0298
v 0.00340021513403 0.013170218678 0.0298
v 0.0034437535601 0.0133750508682 0.0298
v 0.0034749642422 0.0135821202141 0.0298
v 0.00349373545419 0.0137906854612 0.0298
v 0.0011 0.014 0.0298
v 0.00109803114274 0.0140657845693 0.0298
v 0.00109213161898 0.014131333647 0.0298
v 0.00108232254746 0.0141964125843 0.0298
v 0.00106863904212 0.0142607884155 0.0298
v 0.00105113008636 0.0143242306919 0.0298
v 0.0010298583577 0.0143865123065 0.0298
v 0.00100490000341 0.0144474103074 0.0298
v 0.000976344367905 0.0145067066955 0.0298
v 0.000944293672962 0.0145641892051 0.0298
v 0.000908862651748 0.0146196520639 0.0298
v 0.000870178138122 0.014672896729 0.0298
v 0.000828378612604 0.0147237325985 0.0298
v 0.000783613706646 0.0147719776932 0.0298
v 0.000736043666995 0.014817459308 0.0298
v 0.000685838782045 0.0148600146307 0.0298
v 0.000633178772254 0.0148994913242 0.0298
v 0.000578252146792 0.0149357480723 0.0298
v 0.00052125552872 0.014968655085 0.0298
v 0.000462392951141 0.014998094564 0.0298
v 0.000401875126803 0.0150239611235 0.0298
v 0.000339918693812 0.0150461621679 0.0298
v 0.000276745440119 0.0150646182233 0.0298
v 0.000212581509575 0.0150792632217 0.0298
v 0.000147656592399 0.0150900447379 0.0298
v 8.22031029451e-05 0.0150969241769 0.0298
v 1.64553477168e-05 0.015099876912 0.0298
v -4.93513133856e-05 0.0150988923732 0.0298
v -0.000114981309594 0.0150939740849 0.0298
v -0.000180199702557 0.0150851396533 0.0298
v -0.000244773027352 0.0150724207034 0.0298
v -0.000308470128237 0.0150558627657 0.0298
v -0.000371062986121 0.0150355251133 0.0298
v -0.000432327534819 0.0150114805498 0.0298
v -0.000492044463147 0.0149838151484 0.0298
v -0.00055 0.0149526279442 0.0298
v -0.000605986679597 0.0149180305791 0.0298
v -0.000659804084157 0.0148801469028 0.0298
v -0.000711259561337 0.014839112529 0.0298
v -0.000760168913886 0.0147950743502 0.0298
v -0.000806357059013 0.0147481900115 0.0298
v -0.000849658655147 0.0146986273468 0.0298
v -0.000889918693812 0.0146465637775 0.0298
v -0.000926993054519 0.0145921856777 0.0298
v -0.000960749020679 0.0145356877068 0.0298
v -0.000991065754693 0.014477272113 0.0298
v -0.00101783473052 0.0144171480089 0.0298
v -0.00104096012218 0.0143555306232 0.0298
v -0.00106035914677 0.0142926405301 0.0298
v -0.00107596236081 0.0142287028599 0.0298
v -0.00108771390885 0.0141639464928 0.0298
v -0.00109557172339 0.0140986032398 0.0298
v -0.00109950767551 0.0140329070128 0.0298
v -0.00109950767551 0.0139670929872 0.0298
v -0.00109557172339 0.0139013967602 0.0298
v -0.00108771390885 0.0138360535072 0.0298
v -0.00107596236081 0.0137712971401 0.0298
v -0.00106035914677 0.0137073594699 0.0298
v -0.00104096012218 0.0136444693768 0.0298
v -0.00101783473052 0.0135828519911 0.0298
v -0.000991065754693 0.013522727887 0.0298
v -0.000960749020679 0.0134643122932 0.0298
v -0.000926993054519 0.0134078143223 0.0298
v -0.000889918693812 0.0133534362225 0.0298
v -0.000849658655147 0.0133013726532 0.0298
v -0.000806357059013 0.0132518099885 0.0298
v -0.000760168913886 0.0132049256498 0.0298
v -0.000711259561337 0.013160887471 0.0298
v -0.000659804084157 0.0131198530972 0.0298
v -0.000605986679597 0.0130819694209 0.0298
v -0.00055 0.0130473720558 0.0298
v -0.000492044463147 0.0130161848516 0.0298
v -0.000432327534819 0.0129885194502 0.0298
v -0.000371062986121 0.0129644748867 0.0298
v -0.000308470128237 0.0129441372343 0.0298
v -0.000244773027352 0.0129275792966 0.0298
v -0.000180199702557 0.0129148603467 0.0298
v -0.000114981309594 0.0129060259151 0.0298
v -4.93513133856e-05 0.0129011076268 0.0298
v 1.64553477168e-05 0.012900123088 0.0298
v 8.22031029451e-05 0.0129030758231 0.0298
v 0.000147656592399 0.0129099552621 0.0298
v 0.000212581509575 0.0129207367783 0.0298
v 0.000276745440119 0.0129353817767 0.0298
v 0.000339918693812 0.0129538378321 0.0298
v 0.000401875126803 0.0129760388765 0.0298
v 0.000462392951141 0.013001905436 0.0298
v 0.00052125552872 0.013031344915 0.0298
v 0.000578252146792 0.0130642519277 0.0298
v 0.000633178772254 0.0131005086758 0.0298
v 0.000685838782045 0.0131399853693 0.0298
v 0.000736043666995 0.013182540692 0.0298
v 0.000783613706646 0.0132280223068 0.0298
v 0.000828378612604 0.0132762674015 0.0298
v 0.000870178138122 0.013327103271 0.0298
v 0.000908862651748 0.0133803479361 0.0298
v 0.000944293672962 0.0134358107949 0.0298
v 0.000976344367905 0.0134932933045 0.0298
v 0.00100490000341 0.0135525896926 0.0298
v 0.0010298583577 0.0136134876935 0.0298
v 0.00105113008636 0.0136757693081 0.0298
v 0.00106863904212 0.0137392115845 0.0298
v 0.00108232254746 0.0138035874157 0.0298
v 0.00109213161898 0.013868666353 0.0298
v 0.00109803114274 0.0139342154307 0.0298
v 0.0011 0.014 0.0303
v 0.00109803114274 0.0140657845693 0.0303
v 0.00109213161898 0.014131333647 0.0303
v 0.00108232254746 0.0141964125843 0.0303
v 0.00106863904212 0.0142607884155 0.0303
v 0.00105113008636 0.0143242306919 0.0303
v 0.0010298583577 0.0143865123065 0.0303
v 0.00100490000341 0.0144474103074 0.0303
v 0.000976344367905 0.0145067066955 0.0303
v 0.000944293672962 0.0145641892051 0.0303
v 0.000908862651748 0.0146196520639 0.0303
v 0.000870178138122 0.014672896729 0.0303
v 0.000828378612604 0.0147237325985 0.0303
v 0.000783613706646 0.0147719776932 0.0303
v 0.000736043666995 0.014817459308 0.0303
v 0.000685838782045 0.0148600146307 0.0303
v 0.000633178772254 0.0148994913242 0.0303
v 0.000578252146792 0.0149357480723 0.0303
v 0.00052125552872 0.014968655085 0.0303
v 0.000462392951141 0.014998094564 0.0303
v 0.000401875126803 0.0150239611235 0.0303
v 0.000339918693812 0.0150461621679 0.0303
v 0.000276745440119 0.0150646182233 0.0303
v 0.000212581509575 0.0150792632217 0.0303
v 0.000147656592399 0.0150900447379 0.0303
v 8.22031029451e-05 0.0150969241769 0.0303
v 1.64553477168e-05 0.015099876912 0.0303
v -4.93513133856e-05 0.0150988923732 0.0303
v -0.000114981309594 0.0150939740849 0.0303
v -0.000180199702557 0.0150851396533 0.0303
v -0.000244773027352 0.0150724207034 0.0303
v -0.000308470128237 0.0150558627657 0.0303
v -0.000371062986121 0.0150355251133 0.0303
v -0.000432327534819 0.0150114805498 0.0303
v -0.000492044463147 0.0149838151484 0.0303
v -0.00055 0.0149526279442 0.0303
v -0.000605986679597 0.0149180305791 0.0303
v -0.000659804084157 0.0148801469028 0.0303
v -0.000711259561337 0.014839112529 0.0303
v -0.000760168913886 0.0147950743502 0.0303
v -0.000806357059013 0.0147481900115 0.0303
v -0.000849658655147 0.0146986273468 0.0303
v -0.000889918693812 0.0146465637775 0.0303
v -0.000926993054519 0.0145921856777 0.0303
v -0.000960749020679 0.0145356877068 0.0303
v -0.000991065754693 0.014477272113 0.0303
v -0.00101783473052 0.0144171480089 0.0303
v -0.00104096012218 0.0143555306232 0.0303
v -0.00106035914677 0.0142926405301 0.0303
v -0.00107596236081 0.0142287028599 0.0303
v -0.00108771390885 0.0141639464928 0.0303
v -0.00109557172339 0.0140986032398 0.0303
v -0.00109950767551 0.0140329070128 0.0303
v -0.00109950767551 0.0139670929872 0.0303
v -0.00109557172339 0.0139013967602 0.0303
v -0.00108771390885 0.0138360535072 0.0303
v -0.00107596236081 0.0137712971401 0.0303
v -0.00106035914677 0.0137073594699 0.0303
v -0.00104096012218 0.0136444693768 0.0303
v -0.00101783473052 0.0135828519911 0.0303
v -0.000991065754693 0.013522727887 0.0303
v -0.000960749020679 0.0134643122932 0.0303
v -0.000926993054519 0.0134078143223 0.0303
v -0.000889918693812 0.0133534362225 0.0303
v -0.000849658655147 0.0133013726532 0.0303
v -0.000806357059013 0.0132518099885 0.0303
v -0.000760168913886 0.0132049256498 0.0303
v -0.000711259561337 0.013160887471 0.0303
v -0.000659804084157 0.0131198530972 0.0303
v -0.000605986679597 0.0130819694209 0.0303
v -0.00055 0.0130473720558 0.0303
v -0.000492044463147 0.0130161848516 0.0303
v -0.000432327534819 0.0129885194502 0.0303
v -0.000371062986121 0.0129644748867 0.0303
v -0.000308470128237 0.0129441372343 0.0303
v -0.000244773027352 0.0129275792966 0.0303
v -0.000180199702557 0.0129148603467 0.0303
v -0.000114981309594 0.0129060259151 0.0303
v -4.93513133856e-05 0.0129011076268 0.0303
v 1.64553477168e-05 0.012900123088 0.0303
v 8.22031029451e-05 0.0129030758231 0.0303
v 0.000147656592399 0.0129099552621 0.0303
v 0.000212581509575 0.0129207367783 0.0303
v 0.000276745440119 0.0129353817767 0.0303
v 0.000339918693812 0.0129538378321 0.0303
v 0.000401875126803 0.0129760388765 0.0303
v 0.000462392951141 0.013001905436 0.0303
v 0.00052125552872 0.013031344915 0.0303
v 0.000578252146792 0.0130642519277 0.0303
v 0.000633178772254 0.0131005086758 0.0303
v 0.000685838782045 0.0131399853693 0.0303
v 0.000736043666995 0.013182540692 0.0303
v 0.000783613706646 0.0132280223068 0.0303
v 0.000828378612604 0.0132762674015 0.0303
v 0.000870178138122 0.013327103271 0.0303
v 0.000908862651748 0.0133803479361 0.0303
v 0.000944293672962 0.0134358107949 0.0303
v 0.000976344367905 0.0134932933045 0.0303
v 0.00100490000341 0.0135525896926 0.0303
v 0.0010298583577 0.0136134876935 0.0303
v 0.00105113008636 0.0136757693081 0.0303
v 0.00106863904212 0.0137392115845 0.0303
v 0.00108232254746 0.0138035874157 0.0303
v 0.00109213161898 0.013868666353 0.0303
v 0.00109803114274 0.0139342154307 0.0303
v 0.0011 0.014 0.0303
v 0.0011 0.014 0.0298
v 0.00109803114274 0.0140657845693 0.0298
v 0.00109213161898 0.014131333647 0.0298
v 0.00108232254746 0.0141964125843 0.0298
v 0.00106863904212 0.0142607884155 0.0298
v 0.00105113008636 0.0143242306919 0.0298
v 0.0010298583577 0.0143865123065 0.0298
v 0.00100490000341 0.0144474103074 0.0298
v 0.000976344367905 0.0145067066955 0.0298
v 0.000944293672962 0.0145641892051 0.0298
v 0.000908862651748 0.0146196520639 0.0298
v 0.000870178138122 0.014672896729 0.0298
v 0.000828378612604 0.0147237325985 0.0298
v 0.000783613706646 0.0147719776932 0.0298
v 0.000736043666995 0.014817459308 0.0298
v 0.000685838782045 0.0148600146307 0.0298
v 0.000633178772254 0.0148994913242 0.0298
v 0.000578252146792 0.0149357480723 0.0298
v 0.00052125552872 0.014968655085 0.0298
v 0.000462392951141 0.014998094564 0.0298
v 0.000401875126803 0.0150239611235 0.0298
v 0.000339918693812 0.0150461621679 0.0298
v 0.000276745440119 0.0150646182233 0.0298
v 0.000212581509575 0.0150792632217 0.0298
v 0.000147656592399 0.0150900447379 0.0298
v 8.22031029451e-05 0.0150969241769 0.0298
v 1.64553477168e-05 0.015099876912 0.0298
v -4.93513133856e-05 0.0150988923732 0.0298
v -0.000114981309594 0.0150939740849 0.0298
v -0.000180199702557 0.0150851396533 0.0298
v -0.000244773027352 0.0150724207034 0.0298
v -0.000308470128237 0.0150558627657 0.0298
v -0.000371062986121 0.0150355251133 0.0298
v -0.000432327534819 0.0150114805498 0.0298
v -0.000492044463147 0.0149838151484 0.0298
v -0.00055 0.0149526279442 0.0298
v -0.000605986679597 0.0149180305791 0.0298
v -0.000659804084157 0.0148801469028 0.0298
v -0.000711259561337 0.014839112529 0.0298
v -0.000760168913886 0.0147950743502 0.0298
v -0.000806357059013 0.0147481900115 0.0298
v -0.000849658655147 0.0146986273468 0.0298
v -0.000889918693812 0.0146465637775 0.0298
v -0.000926993054519 0.0145921856777 0.0298
v -0.000960749020679 0.0145356877068 0.0298
v -0.000991065754693 0.014477272113 0.0298
v -0.00101783473052 0.0144171480089 0.0298
v -0.00104096012218 0.0143555306232 0.0298
v -0.00106035914677 0.0142926405301 0.0298
v -0.00107596236081 0.0142287028599 0.0298
v -0.00108771390885 0.0141639464928 0.0298
v -0.00109557172339 0.0140986032398 0.0298
v -0.00109950767551 0.0140329070128 0.0298
v -0.00109950767551 0.0139670929872 0.0298
v -0.00109557172339 0.0139013967602 0.0298
v -0.00108771390885 0.0138360535072 0.0298
v -0.00107596236081 0.0137712971401 0.0298
v -0.00106035914677 0.0137073594699 0.0298
v -0.00104096012218 0.0136444693768 0.0298
v -0.00101783473052 0.0135828519911 0.0298
v -0.000991065754693 0.013522727887 0.0298
v -0.000960749020679 0.0134643122932 0.0298
v -0.000926993054519 0.0134078143223 0.0298
v -0.000889918693812 0.0133534362225 0.0298
v -0.000849658655147 0.0133013726532 0.0298
v -0.000806357059013 0.0132518099885 0.0298
v -0.000760168913886 0.0132049256498 0.0298
v -0.000711259561337 0.013160887471 0.0298
v -0.000659804084157 0.0131198530972 0.0298
v -0.000605986679597 0.0130819694209 0.0298
v -0.00055 0.0130473720558 0.0298
v -0.000492044463147 0.0130161848516 0.0298
v -0.000432327534819 0.0129885194502 0.0298
v -0.000371062986121 0.0129644748867 0.0298
v -0.000308470128237 0.0129441372343 0.0298
v -0.000244773027352 0.0129275792966 0.0298
v -0.000180199702557 0.0129148603467 0.0298
v -0.000114981309594 0.0129060259151 0.0298
v -4.93513133856e-05 0.0129011076268 0.0298
v 1.64553477168e-05 0.012900123088 0.0298
v 8.22031029451e-05 0.0129030758231 0.0298
v 0.000147656592399 0.0129099552621 0.0298
v 0.000212581509575 0.0129207367783 0.0298
v 0.000276745440119 0.0129353817767 0.0298
v 0.000339918693812 0.0129538378321 0.0298
v 0.000401875126803 0.0129760388765 0.0298
v 0.000462392951141 0.013001905436 0.0298
v 0.00052125552872 0.013031344915 0.0298
v 0.000578252146792 0.0130642519277 0.0298
v 0.000633178772254 0.0131005086758 0.0298
v 0.000685838782045 0.0131399853693 0.0298
v 0.000736043666995 0.013182540692 0.0298
v 0.000783613706646 0.0132280223068 0.0298
v 0.000828378612604 0.0132762674015 0.0298
v 0.000870178138122 0.013327103271 0.0298
v 0.000908862651748 0.0133803479361 0.0298
v 0.000944293672962 0.0134358107949 0.0298
v 0.000976344367905 0.0134932933045 0.0298
v 0.00100490000341 0.0135525896926 0.0298
v 0.0010298583577 0.0136134876935 0.0298
v 0.00105113008636 0.0136757693081 0.0298
v 0.00106863904212 0.0137392115845 0.0298
v 0.00108232254746 0.0138035874157 0.0298
v 0.00109213161898 0.013868666353 0.0298
v 0.00109803114274 0.0139342154307 0.0298
v 0.0011 0.014 0.0298
v 0 0.0159 0.0323
v -0.000113627892496 0.0158965992466 0.0323
v -0.000226849026626 0.01588640916 0.0323
v -0.000339258100117 0.0158694662183 0.0323
v -0.000450452717659 0.0158458310728 0.0323
v -0.000560034831381 0.015815588331 0.0323
v -0.000667612165755 0.0157788462542 0.0323
v -0.000772799621844 0.0157357363695 0.0323
v -0.000875220655856 0.0156864129991 0.0323
v -0.000974508627071 0.0156310527078 0.0323
v -0.00107030811032 0.0155698536712 0.0323
v -0.00116227616832 0.0155030349658 0.0323
v -0.00125008357929 0.0154308357854 0.0323
v -0.00133341601548 0.0153535145842 0.0323
v -0.00141197516841 0.0152713481521 0.0323
v -0.00148547981669 0.0151846306235 0.0323
v -0.00155366683276 0.0150936724248 0.0323
v -0.00161629212481 0.0149987991626 0.0323
v -0.00167313151053 0.0149003504587 0.0323
v -0.00172398151968 0.0147986787338 0.0323
v -0.00176866012242 0.0146941479463 0.0323
v -0.00180700738096 0.0145871322893 0.0323
v -0.00183888602206 0.0144780148511 0.0323
v -0.00186418192845 0.0143671862438 0.0323
v -0.00188280454736 0.0142550432051 0.0323
v -0.00189468721464 0.0141419871778 0.0323
v -0.00189978739344 0.0140284228733 0.0323
v -0.00189808682643 0.0139147568223 0.0323
v -0.0018895916012 0.0138013959198 0.0323
v -0.00187433212845 0.0136887459683 0.0323
v -0.00185236303315 0.0135772102255 0.0323
v -0.00182376295893 0.0134671879603 0.0323
v -0.00178863428666 0.013359073024 0.0323
v -0.00174710276785 0.0132532524399 0.0323
v -0.00169931707457 0.0131501050182 0.0323
v -0.00164544826719 0.01305 0.0323
v -0.00158568918207 0.0129532957352 0.0323
v -0.00152025374122 0.0128603384001 0.0323
v -0.00144937618654 0.0127714607577 0.0323
v -0.00137331024127 0.0126869809669 0.0323
v -0.00129232820176 0.0126072014435 0.0323
v -0.0012067199627 0.0125324077775 0.0323
v -0.00111679197936 0.0124628677107 0.0323
v -0.00102286617057 0.0123988301786 0.0323
v -0.000925278766368 0.0123405244188 0.0323
v -0.000824379104323 0.012288159151 0.0323
v -0.000720528379041 0.0122419218291 0.0323
v -0.000614098349163 0.0122019779708 0.0323
v -0.000505470006577 0.0121684705647 0.0323
v -0.000395032212554 0.0121415195586 0.0323
v -0.000283180305735 0.0121212214302 0.0323
v -0.000170314686917 0.0121076488414 0.0323
v -5.68393857219e-05 0.0121008503787 0.0323
v 5.68393857219e-05 0.0121008503787 0.0323
v 0.000170314686917 0.0121076488414 0.0323
v 0.000283180305735 0.0121212214302 0.0323
v 0.000395032212554 0.0121415195586 0.0323
v 0.000505470006577 0.0121684705647 0.0323
v 0.000614098349163 0.0122019779708 0.0323
v 0.000720528379041 0.0122419218291 0.0323
v 0.000824379104323 0.012288159151 0.0323
v 0.000925278766368 0.0123405244188 0.0323
v 0.00102286617057 0.0123988301786 0.0323
v 0.00111679197936 0.0124628677107 0.0323
v 0.0012067199627 0.0125324077775 0.0323
v 0.00129232820176 0.0126072014435 0.0323
v 0.00137331024127 0.0126869809669 0.0323
v 0.00144937618654 0.0127714607577 0.0323
v 0.00152025374122 0.0128603384001 0.0323
v 0.00158568918207 0.0129532957352 0.0323
v 0.00164544826719 0.01305 0.0323
v 0.00169931707457 0.0131501050182 0.0323
v 0.00174710276785 0.0132532524399 0.0323
v 0.00178863428666 0.013359073024 0.0323
v 0.00182376295893 0.0134671879603 0.0323
v 0.00185236303315 0.0135772102255 0.0323
v 0.00187433212845 0.0136887459683 0.0323
v 0.0018895916012 0.0138013959198 0.0323
v 0.00189808682643 0.0139147568223 0.0323
v 0.00189978739344 0.0140284228733 0.0323
v 0.00189468721464 0.0141419871778 0.0323
v 0.00188280454736 0.0142550432051 0.0323
v 0.00186418192845 0.0143671862438 0.0323
v 0.00183888602206 0.0144780148511 0.0323
v 0.00180700738096 0.0145871322893 0.0323
v 0.00176866012242 0.0146941479463 0.0323
v 0.00172398151968 0.0147986787338 0.0323
v 0.00167313151053 0.0149003504587 0.0323
v 0.00161629212481 0.0149987991626 0.0323
v 0.00155366683276 0.0150936724248 0.0323
v 0.00148547981669 0.0151846306235 0.0323
v 0.00141197516841 0.0152713481521 0.0323
v 0.00133341601548 0.0153535145842 0.0323
v 0.00125008357929 0.0154308357854 0.0323
v 0.00116227616832 0.0155030349658 0.0323
v 0.00107030811032 0.0155698536712 0.0323
v 0.000974508627071 0.0156310527078 0.0323
v 0.000875220655856 0.0156864129991 0.0323
v 0.000772799621844 0.0157357363695 0.0323
v 0.000667612165755 0.0157788462542 0.0323
v 0.000560034831381 0.015815588331 0.0323
v 0.000450452717659 0.0158458310728 0.0323
v 0.000339258100117 0.0158694662183 0.0323
v 0.000226849026626 0.01588640916 0.0323
v 0.000113627892496 0.0158965992466 0.0323
v 0 0.0159 0.0323
v 0 0.0159 0.0303
v -0.000113627892496 0.0158965992466 0.0303
v -0.000226849026626 0.01588640916 0.0303
v -0.000339258100117 0.0158694662183 0.0303
v -0.000450452717659 0.0158458310728 0.0303
v -0.000560034831381 0.015815588331 0.0303
v -0.000667612165755 0.0157788462542 0.0303
v -0.000772799621844 0.0157357363695 0.0303
v -0.000875220655856 0.0156864129991 0.0303
v -0.000974508627071 0.0156310527078 0.0303
v -0.00107030811032 0.0155698536712 0.0303
v -0.00116227616832 0.0155030349658 0.0303
v -0.00125008357929 0.0154308357854 0.0303
v -0.00133341601548 0.0153535145842 0.0303
v -0.00141197516841 0.0152713481521 0.0303
v -0.00148547981669 0.0151846306235 0.0303
v -0.00155366683276 0.0150936724248 0.0303
v -0.00161629212481 0.0149987991626 0.0303
v -0.00167313151053 0.0149003504587 0.0303
v -0.00172398151968 0.0147986787338 0.0303
v -0.00176866012242 0.0146941479463 0.0303
v -0.00180700738096 0.0145871322893 0.0303
v -0.00183888602206 0.0144780148511 0.0303
v -0.00186418192845 0.0143671862438 0.0303
v -0.00188280454736 0.0142550432051 0.0303
v -0.00189468721464 0.0141419871778 0.0303
v -0.00189978739344 0.0140284228733 0.0303
v -0.00189808682643 0.0139147568223 0.0303
v -0.0018895916012 0.0138013959198 0.0303
v -0.00187433212845 0.0136887459683 0.0303
v -0.00185236303315 0.0135772102255 0.0303
v -0.00182376295893 0.0134671879603 0.0303
v -0.00178863428666 0.013359073024 0.0303
v -0.00174710276785 0.0132532524399 0.0303
v -0.00169931707457 0.0131501050182 0.0303
v -0.00164544826719 0.01305 0.0303
v -0.00158568918207 0.0129532957352 0.0303
v -0.00152025374122 0.0128603384001 0.0303
v -0.00144937618654 0.0127714607577 0.0303
v -0.00137331024127 0.0126869809669 0.0303
v -0.00129232820176 0.0126072014435 0.0303
v -0.0012067199627 0.0125324077775 0.0303
v -0.00111679197936 0.0124628677107 0.0303
v -0.00102286617057 0.0123988301786 0.0303
v -0.000925278766368 0.0123405244188 0.0303
v -0.000824379104323 0.012288159151 0.0303
v -0.000720528379041 0.0122419218291 0.0303
v -0.000614098349163 0.0122019779708 0.0303
v -0.000505470006577 0.0121684705647 0.0303
v -0.000395032212554 0.0121415195586 0.0303
v -0.000283180305735 0.0121212214302 0.0303
v -0.000170314686917 0.0121076488414 0.0303
v -5.68393857219e-05 0.0121008503787 0.0303
v 5.68393857219e-05 0.0121008503787 0.0303
v 0.000170314686917 0.0121076488414 0.0303
v 0.000283180305735 0.0121212214302 0.0303
v 0.000395032212554 0.0121415195586 0.0303
v 0.000505470006577 0.0121684705647 0.0303
v 0.000614098349163 0.0122019779708 0.0303
v 0.000720528379041 0.0122419218291 0.0303
v 0.000824379104323 0.012288159151 0.0303
v 0.000925278766368 0.0123405244188 0.0303
v 0.00102286617057 0.0123988301786 0.0303
v 0.00111679197936 0.0124628677107 0.0303
v 0.0012067199627 0.0125324077775 0.0303
v 0.00129232820176 0.0126072014435 0.0303
v 0.00137331024127 0.0126869809669 0.0303
v 0.00144937618654 0.0127714607577 0.0303
v 0.00152025374122 0.0128603384001 0.0303
v 0.00158568918207 0.0129532957352 0.0303
v 0.00164544826719 0.01305 0.0303
v 0.00169931707457 0.0131501050182 0.0303
v 0.00174710276785 0.0132532524399 0.0303
v 0.00178863428666 0.013359073024 0.0303
v 0.00182376295893 0.0134671879603 0.0303
v 0.00185236303315 0.0135772102255 0.0303
v 0.00187433212845 0.0136887459683 0.0303
v 0.0018895916012 0.0138013959198 0.0303
v 0.00189808682643 0.0139147568223 0.0303
v 0.00189978739344 0.0140284228733 0.0303
v 0.00189468721464 0.0141419871778 0.0303
v 0.00188280454736 0.0142550432051 0.0303
v 0.00186418192845 0.0143671862438 0.0303
v 0.00183888602206 0.0144780148511 0.0303
v 0.00180700738096 0.0145871322893 0.0303
v 0.00176866012242 0.0146941479463 0.0303
v 0.00172398151968 0.0147986787338 0.0303
v 0.00167313151053 0.0149003504587 0.0303
v 0.00161629212481 0.0149987991626 0.0303
v 0.00155366683276 0.0150936724248 0.0303
v 0.00148547981669 0.0151846306235 0.0303
v 0.00141197516841 0.0152713481521 0.0303
v 0.00133341601548 0.0153535145842 0.0303
v 0.00125008357929 0.0154308357854 0.0303
v 0.00116227616832 0.0155030349658 0.0303
v 0.00107030811032 0.0155698536712 0.0303
v 0.000974508627071 0.0156310527078 0.0303
v 0.000875220655856 0.0156864129991 0.0303
v 0.000772799621844 0.0157357363695 0.0303
v 0.000667612165755 0.0157788462542 0.0303
v 0.000560034831381 0.015815588331 0.0303
v 0.000450452717659 0.0158458310728 0.0303
v 0.000339258100117 0.0158694662183 0.0303
v 0.000226849026626 0.01588640916 0.0303
v 0.000113627892496 0.0158965992466 0.0303
v 0 0.0159 0.0303
v 0 0.0159 0.0323
v -0.000113627892496 0.0158965992466 0.0323
v -0.000226849026626 0.01588640916 0.0323
v -0.000339258100117 0.0158694662183 0.0323
v -0.000450452717659 0.0158458310728 0.0323
v -0.000560034831381 0.015815588331 0.0323
v -0.000667612165755 0.0157788462542 0.0323
v -0.000772799621844 0.0157357363695 0.0323
v -0.000875220655856 0.0156864129991 0.0323
v -0.000974508627071 0.0156310527078 0.0323
v -0.00107030811032 0.0155698536712 0.0323
v -0.00116227616832 0.0155030349658 0.0323
v -0.00125008357929 0.0154308357854 0.0323
v -0.00133341601548 0.0153535145842 0.0323
v -0.00141197516841 0.0152713481521 0.0323
v -0.00148547981669 0.0151846306235 0.0323
v -0.00155366683276 0.0150936724248 0.0323
v -0.00161629212481 0.0149987991626 0.0323
v -0.00167313151053 0.0149003504587 0.0323
v -0.00172398151968 0.0147986787338 0.0323
v -0.00176866012242 0.0146941479463 0.0323
v -0.00180700738096 0.0145871322893 0.0323
v -0.00183888602206 0.0144780148511 0.0323
v -0.00186418192845 0.0143671862438 0.0323
v -0.00188280454736 0.0142550432051 0.0323
v -0.00189468721464 0.0141419871778 0.0323
v -0.00189978739344 0.0140284228733 0.0323
v -0.00189808682643 0.0139147568223 0.0323
v -0.0018895916012 0.0138013959198 0.0323
v -0.00187433212845 0.0136887459683 0.0323
v -0.00185236303315 0.0135772102255 0.0323
v -0.00182376295893 0.0134671879603 0.0323
v -0.00178863428666 0.013359073024 0.0323
v -0.00174710276785 0.0132532524399 0.0323
v -0.00169931707457 0.0131501050182 0.0323
v -0.00164544826719 0.01305 0.0323
v -0.00158568918207 0.0129532957352 0.0323
v -0.00152025374122 0.0128603384001 0.0323
v -0.00144937618654 0.0127714607577 0.0323
v -0.00137331024127 0.0126869809669 0.0323
v -0.00129232820176 0.0126072014435 0.0323
v -0.0012067199627 0.0125324077775 0.0323
v -0.00111679197936 0.0124628677107 0.0323
v -0.00102286617057 0.0123988301786 0.0323
v -0.000925278766368 0.0123405244188 0.0323
v -0.000824379104323 0.012288159151 0.0323
v -0.000720528379041 0.0122419218291 0.0323
v -0.000614098349163 0.0122019779708 0.0323
v -0.000505470006577 0.0121684705647 0.0323
v -0.000395032212554 0.0121415195586 0.0323
v -0.000283180305735 0.0121212214302 0.0323
v -0.000170314686917 0.0121076488414 0.0323
v -5.68393857219e-05 0.0121008503787 0.0323
v 5.68393857219e-05 0.0121008503787 0.0323
v 0.000170314686917 0.0121076488414 0.0323
v 0.000283180305735 0.0121212214302 0.0323
v 0.000395032212554 0.0121415195586 0.0323
v 0.000505470006577 0.0121684705647 0.0323
v 0.000614098349163 0.0122019779708 0.0323
v 0.000720528379041 0.0122419218291 0.0323
v 0.000824379104323 0.012288159151 0.0323
v 0.000925278766368 0.0123405244188 0.0323
v 0.00102286617057 0.0123988301786 0.0323
v 0.00111679197936 0.0124628677107 0.0323
v 0.0012067199627 0.0125324077775 0.0323
v 0.00129232820176 0.0126072014435 0.0323
v 0.00137331024127 0.0126869809669 0.0323
v 0.00144937618654 0.0127714607577 0.0323
v 0.00152025374122 0.0128603384001 0.0323
v 0.00158568918207 0.0129532957352 0.0323
v 0.00164544826719 0.01305 0.0323
v 0.00169931707457 0.0131501050182 0.0323
v 0.00174710276785 0.0132532524399 0.0323
v 0.00178863428666 0.013359073024 0.0323
v 0.00182376295893 0.0134671879603 0.0323
v 0.00185236303315 0.0135772102255 0.0323
v 0.00187433212845 0.0136887459683 0.0323
v 0.0018895916012 0.0138013959198 0.0323
v 0.00189808682643 0.0139147568223 0.0323
v 0.00189978739344 0.0140284228733 0.0323
v 0.00189468721464 0.0141419871778 0.0323
v 0.00188280454736 0.0142550432051 0.0323
v 0.00186418192845 0.0143671862438 0.0323
v 0.00183888602206 0.0144780148511 0.0323
v 0.00180700738096 0.0145871322893 0.0323
v 0.00176866012242 0.0146941479463 0.0323
v 0.00172398151968 0.0147986787338 0.0323
v 0.00167313151053 0.0149003504587 0.0323
v 0.00161629212481 0.0149987991626 0.0323
v 0.00155366683276 0.0150936724248 0.0323
v 0.00148547981669 0.0151846306235 0.0323
v 0.00141197516841 0.0152713481521 0.0323
v 0.00133341601548 0.0153535145842 0.0323
v 0.00125008357929 0.0154308357854 0.0323
v 0.00116227616832 0.0155030349658 0.0323
v 0.00107030811032 0.0155698536712 0.0323
v 0.000974508627071 0.0156310527078 0.0323
v 0.000875220655856 0.0156864129991 0.0323
v 0.000772799621844 0.0157357363695 0.0323
v 0.000667612165755 0.0157788462542 0.0323
v 0.000560034831381 0.015815588331 0.0323
v 0.000450452717659 0.0158458310728 0.0323
v 0.000339258100117 0.0158694662183 0.0323
v 0.000226849026626 0.01588640916 0.0323
v 0.000113627892496 0.0158965992466 0.0323
v -0.00075 0.0135669872981 0.0323
v -0.00075 0.0144330127019 0.0323
v 0 0.0148660254038 0.0323
v 0.00075 0.0144330127019 0.0323
v 0.00075 0.0135669872981 0.0323
v 0 0.0131339745962 0.0323
v 0 0.0159 0.0303
v -0.000113627892496 0.0158965992466 0.0303
v -0.000226849026626 0.01588640916 0.0303
v -0.000339258100117 0.0158694662183 0.0303
v -0.000450452717659 0.0158458310728 0.0303
v -0.000560034831381 0.015815588331 0.0303
v -0.000667612165755 0.0157788462542 0.0303
v -0.000772799621844 0.0157357363695 0.0303
v -0.000875220655856 0.0156864129991 0.0303
v -0.000974508627071 0.0156310527078 0.0303
v -0.00107030811032 0.0155698536712 0.0303
v -0.00116227616832 0.0155030349658 0.0303
v -0.00125008357929 0.0154308357854 0.0303
v -0.00133341601548 0.0153535145842 0.0303
v -0.00141197516841 0.0152713481521 0.0303
v -0.00148547981669 0.0151846306235 0.0303
v -0.00155366683276 0.0150936724248 0.0303
v -0.00161629212481 0.0149987991626 0.0303
v -0.00167313151053 0.0149003504587 0.0303
v -0.00172398151968 0.0147986787338 0.0303
v -0.00176866012242 0.0146941479463 0.0303
v -0.00180700738096 0.0145871322893 0.0303
v -0.00183888602206 0.0144780148511 0.0303
v -0.00186418192845 0.0143671862438 0.0303
v -0.00188280454736 0.0142550432051 0.0303
v -0.00189468721464 0.0141419871778 0.0303
v -0.00189978739344 0.0140284228733 0.0303
v -0.00189808682643 0.0139147568223 0.0303
v -0.0018895916012 0.0138013959198 0.0303
v -0.00187433212845 0.0136887459683 0.0303
v -0.00185236303315 0.0135772102255 0.0303
v -0.00182376295893 0.0134671879603 0.0303
v -0.00178863428666 0.013359073024 0.0303
v -0.00174710276785 0.0132532524399 0.0303
v -0.00169931707457 0.0131501050182 0.0303
v -0.00164544826719 0.01305 0.0303
v -0.00158568918207 0.0129532957352 0.0303
v -0.00152025374122 0.0128603384001 0.0303
v -0.00144937618654 0.0127714607577 0.0303
v -0.00137331024127 0.0126869809669 0.0303
v -0.00129232820176 0.0126072014435 0.0303
v -0.0012067199627 0.0125324077775 0.0303
v -0.00111679197936 0.0124628677107 0.0303
v -0.00102286617057 0.0123988301786 0.0303
v -0.000925278766368 0.0123405244188 0.0303
v -0.000824379104323 0.012288159151 0.0303
v -0.000720528379041 0.0122419218291 0.0303
v -0.000614098349163 0.0122019779708 0.0303
v -0.000505470006577 0.0121684705647 0.0303
v -0.000395032212554 0.0121415195586 0.0303
v -0.000283180305735 0.0121212214302 0.0303
v -0.000170314686917 0.0121076488414 0.0303
v -5.68393857219e-05 0.0121008503787 0.0303
v 5.68393857219e-05 0.0121008503787 0.0303
v 0.000170314686917 0.0121076488414 0.0303
v 0.000283180305735 0.0121212214302 0.0303
v 0.000395032212554 0.0121415195586 0.0303
v 0.000505470006577 0.0121684705647 0.0303
v 0.000614098349163 0.0122019779708 0.0303
v 0.000720528379041 0.0122419218291 0.0303
v 0.000824379104323 0.012288159151 0.0303
v 0.000925278766368 0.0123405244188 0.0303
v 0.00102286617057 0.0123988301786 0.0303
v 0.00111679197936 0.0124628677107 0.0303
v 0.0012067199627 0.0125324077775 0.0303
v 0.00129232820176 0.0126072014435 0.0303
v 0.00137331024127 0.0126869809669 0.0303
v 0.00144937618654 0.0127714607577 0.0303
v 0.00152025374122 0.0128603384001 0.0303
v 0.00158568918207 0.0129532957352 0.0303
v 0.00164544826719 0.01305 0.0303
v 0.00169931707457 0.0131501050182 0.0303
v 0.00174710276785 0.0132532524399 0.0303
v 0.00178863428666 0.013359073024 0.0303
v 0.00182376295893 0.0134671879603 0.0303
v 0.00185236303315 0.0135772102255 0.0303
v 0.00187433212845 0.0136887459683 0.0303
v 0.0018895916012 0.0138013959198 0.0303
v 0.00189808682643 0.0139147568223 0.0303
v 0.00189978739344 0.0140284228733 0.0303
v 0.00189468721464 0.0141419871778 0.0303
v 0.00188280454736 0.0142550432051 0.0303
v 0.00186418192845 0.0143671862438 0.0303
v 0.00183888602206 0.0144780148511 0.0303
v 0.00180700738096 0.0145871322893 0.0303
v 0.00176866012242 0.0146941479463 0.0303
v 0.00172398151968 0.0147986787338 0.0303
v 0.00167313151053 0.0149003504587 0.0303
v 0.00161629212481 0.0149987991626 0.0303
v 0.00155366683276 0.0150936724248 0.0303
v 0.00148547981669 0.0151846306235 0.0303
v 0.00141197516841 0.0152713481521 0.0303
v 0.00133341601548 0.0153535145842 0.0303
v 0.00125008357929 0.0154308357854 0.0303
v 0.00116227616832 0.0155030349658 0.0303
v 0.00107030811032 0.0155698536712 0.0303
v 0.000974508627071 0.0156310527078 0.0303
v 0.000875220655856 0.0156864129991 0.0303
v 0.000772799621844 0.0157357363695 0.0303
v 0.000667612165755 0.0157788462542 0.0303
v 0.000560034831381 0.015815588331 0.0303
v 0.000450452717659 0.0158458310728 0.0303
v 0.000339258100117 0.0158694662183 0.0303
v 0.000226849026626 0.01588640916 0.0303
v 0.000113627892496 0.0158965992466 0.0303
v 0 0.015 0.0303
v -5.9804153945e-05 0.0149982101298 0.0303
v -0.00011939422454 0.0149928469263 0.0303
v -0.000178556894799 0.0149839295886 0.0303
v -0.000237080377715 0.0149714900383 0.0303
v -0.000294755174411 0.0149555728058 0.0303
v -0.000351374824081 0.0149362348706 0.0303
v -0.000406736643076 0.0149135454576 0.0303
v -0.000460642450451 0.014887585789 0.0303
v -0.000512899277406 0.0148584487936 0.0303
v -0.000563320058064 0.0148262387743 0.0303
v -0.000611724299115 0.0147910710347 0.0303
v -0.00065793872594 0.014753071466 0.0303
v -0.000701797902884 0.014712376097 0.0303
v -0.000743144825477 0.0146691306064 0.0303
v -0.000781831482468 0.0146234898019 0.0303
v -0.000817719385664 0.0145756170657 0.0303
v -0.000850680065687 0.0145256837698 0.0303
v -0.000880595531857 0.0144738686625 0.0303
v -0.000907358694568 0.0144203572283 0.0303
v -0.000930873748644 0.0143653410244 0.0303
v -0.000951056516295 0.0143090169944 0.0303
v -0.000967834748451 0.0142515867637 0.0303
v -0.000981148383394 0.0141932559178 0.0303
v -0.000990949761768 0.0141342332658 0.0303
v -0.000997203797181 0.0140747300936 0.0303
v -0.00099988810181 0.014014959407 0.0303
v -0.000998993066541 0.0139551351696 0.0303
v -0.000994521895368 0.0138954715367 0.0303
v -0.000986490593924 0.0138361820886 0.0303
v -0.000974927912182 0.013777479066 0.0303
v -0.000959875241543 0.0137195726107 0.0303
v -0.000941386466661 0.0136626700126 0.0303
v -0.000919527772551 0.0136069749683 0.0303
v -0.000894377407666 0.0135526868517 0.0303
v -0.000866025403784 0.0135 0.0303
v -0.000834573253721 0.0134491030185 0.0303
v -0.000800133548011 0.0134001781053 0.0303
v -0.000762829571862 0.0133534003988 0.0303
v -0.000722794863827 0.013308937351 0.0303
v -0.000680172737771 0.0132669481282 0.0303
v -0.000635115769842 0.0132275830408 0.0303
v -0.000587785252292 0.0131909830056 0.0303
v -0.000538350616091 0.0131572790413 0.0303
v -0.000486988824404 0.0131265917994 0.0303
v -0.000433883739118 0.0130990311321 0.0303
v -0.000379225462653 0.0130746956995 0.0303
v -0.000323209657454 0.0130536726162 0.0303
v -0.000266036845567 0.0130360371393 0.0303
v -0.000207911690818 0.0130218523993 0.0303
v -0.000149042266176 0.0130111691738 0.0303
v -8.96393089034e-05 0.013004025706 0.0303
v -2.99154661694e-05 0.0130004475677 0.0303
v 2.99154661694e-05 0.0130004475677 0.0303
v 8.96393089034e-05 0.013004025706 0.0303
v 0.000149042266176 0.0130111691738 0.0303
v 0.000207911690818 0.0130218523993 0.0303
v 0.000266036845567 0.0130360371393 0.0303
v 0.000323209657454 0.0130536726162 0.0303
v 0.000379225462653 0.0130746956995 0.0303
v 0.000433883739118 0.0130990311321 0.0303
v 0.000486988824404 0.0131265917994 0.0303
v 0.000538350616091 0.0131572790413 0.0303
v 0.000587785252292 0.0131909830056 0.0303
v 0.000635115769842 0.0132275830408 0.0303
v 0.000680172737771 0.0132669481282 0.0303
v 0.000722794863827 0.013308937351 0.0303
v 0.000762829571862 0.0133534003988 0.0303
v 0.000800133548011 0.0134001781053 0.0303
v 0.000834573253721 0.0134491030185 0.0303
v 0.000866025403784 0.0135 0.0303
v 0.000894377407666 0.0135526868517 0.0303
v 0.000919527772551 0.0136069749683 0.0303
v 0.000941386466661 0.0136626700126 0.0303
v 0.000959875241543 0.0137195726107 0.0303
v 0.000974927912182 0.013777479066 0.0303
v 0.000986490593924 0.0138361820886 0.0303
v 0.000994521895368 0.0138954715367 0.0303
v 0.000998993066541 0.0139551351696 0.0303
v 0.00099988810181 0.014014959407 0.0303
v 0.000997203797181 0.0140747300936 0.0303
v 0.000990949761768 0.0141342332658 0.0303
v 0.000981148383394 0.0141932559178 0.0303
v 0.000967834748451 0.0142515867637 0.0303
v 0.000951056516295 0.0143090169944 0.0303
v 0.000930873748644 0.0143653410244 0.0303
v 0.000907358694568 0.0144203572283 0.0303
v 0.000880595531857 0.0144738686625 0.0303
v 0.000850680065687 0.0145256837698 0.0303
v 0.000817719385664 0.0145756170657 0.0303
v 0.000781831482468 0.0146234898019 0.0303
v 0.000743144825477 0.0146691306064 0.0303
v 0.000701797902884 0.014712376097 0.0303
v 0.00065793872594 0.014753071466 0.0303
v 0.000611724299115 0.0147910710347 0.0303
v 0.000563320058064 0.0148262387743 0.0303
v 0.000512899277406 0.0148584487936 0.0303
v 0.000460642450451 0.014887585789 0.0303
v 0.000406736643076 0.0149135454576 0.0303
v 0.000351374824081 0.0149362348706 0.0303
v 0.000294755174411 0.0149555728058 0.0303
v 0.000237080377716 0.0149714900383 0.0303
v 0.000178556894799 0.0149839295886 0.0303
v 0.00011939422454 0.0149928469263 0.0303
v 5.9804153945e-05 0.0149982101298 0.0303
v -0.00075 0.0144330127019 0.0314
v -0.00075 0.0135669872981 0.0314
v -0.00075 0.0144330127019 0.0323
v -0.00075 0.0135669872981 0.0323
v -0.00075 0.0135669872981 0.0314
v 0 0.0131339745962 0.0314
v -0.00075 0.0135669872981 0.0323
v 0 0.0131339745962 0.0323
v 0 0.0131339745962 0.0314
v 0.00075 0.0135669872981 0.0314
v 0 0.0131339745962 0.0323
v 0.00075 0.0135669872981 0.0323
v 0.00075 0.0135669872981 0.0314
v 0.00075 0.0144330127019 0.0314
v 0.00075 0.0135669872981 0.0323
v 0.00075 0.0144330127019 0.0323
v 0.00075 0.0144330127019 0.0314
v 0 0.0148660254038 0.0314
v 0.00075 0.0144330127019 0.0323
v 0 0.0148660254038 0.0323
v 0 0.0148660254038 0.0314
v -0.00075 0.0144330127019 0.0314
v 0 0.0148660254038 0.0323
v -0.00075 0.0144330127019 0.0323
v 0 0.015 0.0303
v -5.9804153945e-05 0.0149982101298 0.0303
v -0.00011939422454 0.0149928469263 0.0303
v -0.000178556894799 0.0149839295886 0.0303
v -0.000237080377715 0.0149714900383 0.0303
v -0.000294755174411 0.0149555728058 0.0303
v -0.000351374824081 0.0149362348706 0.0303
v -0.000406736643076 0.0149135454576 0.0303
v -0.000460642450451 0.014887585789 0.0303
v -0.000512899277406 0.0148584487936 0.0303
v -0.000563320058064 0.0148262387743 0.0303
v -0.000611724299115 0.0147910710347 0.0303
v -0.00065793872594 0.014753071466 0.0303
v -0.000701797902884 0.014712376097 0.0303
v -0.000743144825477 0.0146691306064 0.0303
v -0.000781831482468 0.0146234898019 0.0303
v -0.000817719385664 0.0145756170657 0.0303
v -0.000850680065687 0.0145256837698 0.0303
v -0.000880595531857 0.0144738686625 0.0303
v -0.000907358694568 0.0144203572283 0.0303
v -0.000930873748644 0.0143653410244 0.0303
v -0.000951056516295 0.0143090169944 0.0303
v -0.000967834748451 0.0142515867637 0.0303
v -0.000981148383394 0.0141932559178 0.0303
v -0.000990949761768 0.0141342332658 0.0303
v -0.000997203797181 0.0140747300936 0.0303
v -0.00099988810181 0.014014959407 0.0303
v -0.000998993066541 0.0139551351696 0.0303
v -0.000994521895368 0.0138954715367 0.0303
v -0.000986490593924 0.0138361820886 0.0303
v -0.000974927912182 0.013777479066 0.0303
v -0.000959875241543 0.0137195726107 0.0303
v -0.000941386466661 0.0136626700126 0.0303
v -0.000919527772551 0.0136069749683 0.0303
v -0.000894377407666 0.0135526868517 0.0303
v -0.000866025403784 0.0135 0.0303
v -0.000834573253721 0.0134491030185 0.0303
v -0.000800133548011 0.0134001781053 0.0303
v -0.000762829571862 0.0133534003988 0.0303
v -0.000722794863827 0.013308937351 0.0303
v -0.000680172737771 0.0132669481282 0.0303
v -0.000635115769842 0.0132275830408 0.0303
v -0.000587785252292 0.0131909830056 0.0303
v -0.000538350616091 0.0131572790413 0.0303
v -0.000486988824404 0.0131265917994 0.0303
v -0.000433883739118 0.0130990311321 0.0303
v -0.000379225462653 0.0130746956995 0.0303
v -0.000323209657454 0.0130536726162 0.0303
v -0.000266036845567 0.0130360371393 0.0303
v -0.000207911690818 0.0130218523993 0.0303
v -0.000149042266176 0.0130111691738 0.0303
v -8.96393089034e-05 0.013004025706 0.0303
v -2.99154661694e-05 0.0130004475677 0.0303
v 2.99154661694e-05 0.0130004475677 0.0303
v 8.96393089034e-05 0.013004025706 0.0303
v 0.000149042266176 0.0130111691738 0.0303
v 0.000207911690818 0.0130218523993 0.0303
v 0.000266036845567 0.0130360371393 0.0303
v 0.000323209657454 0.0130536726162 0.0303
v 0.000379225462653 0.0130746956995 0.0303
v 0.000433883739118 0.0130990311321 0.0303
v 0.000486988824404 0.0131265917994 0.0303
v 0.000538350616091 0.0131572790413 0.0303
v 0.000587785252292 0.0131909830056 0.0303
v 0.000635115769842 0.0132275830408 0.0303
v 0.000680172737771 0.0132669481282 0.0303
v 0.000722794863827 0.013308937351 0.0303
v 0.000762829571862 0.0133534003988 0.0303
v 0.000800133548011 0.0134001781053 0.0303
v 0.000834573253721 0.0134491030185 0.0303
v 0.000866025403784 0.0135 0.0303
v 0.000894377407666 0.0135526868517 0.0303
v 0.000919527772551 0.0136069749683 0.0303
v 0.000941386466661 0.0136626700126 0.0303
v 0.000959875241543 0.0137195726107 0.0303
v 0.000974927912182 0.013777479066 0.0303
v 0.000986490593924 0.0138361820886 0.0303
v 0.000994521895368 0.0138954715367 0.0303
v 0.000998993066541 0.0139551351696 0.0303
v 0.00099988810181 0.014014959407 0.0303
v 0.000997203797181 0.0140747300936 0.0303
v 0.000990949761768 0.0141342332658 0.0303
v 0.000981148383394 0.0141932559178 0.0303
v 0.000967834748451 0.0142515867637 0.0303
v 0.000951056516295 0.0143090169944 0.0303
v 0.000930873748644 0.0143653410244 0.0303
v 0.000907358694568 0.0144203572283 0.0303
v 0.000880595531857 0.0144738686625 0.0303
v 0.000850680065687 0.0145256837698 0.0303
v 0.000817719385664 0.0145756170657 0.0303
v 0.000781831482468 0.0146234898019 0.0303
v 0.000743144825477 0.0146691306064 0.0303
v 0.000701797902884 0.014712376097 0.0303
v 0.00065793872594 0.014753071466 0.0303
v 0.000611724299115 0.0147910710347 0.0303
v 0.000563320058064 0.0148262387743 0.0303
v 0.000512899277406 0.0148584487936 0.0303
v 0.000460642450451 0.014887585789 0.0303
v 0.000406736643076 0.0149135454576 0.0303
v 0.000351374824081 0.0149362348706 0.0303
v 0.000294755174411 0.0149555728058 0.0303
v 0.000237080377716 0.0149714900383 0.0303
v 0.000178556894799 0.0149839295886 0.0303
v 0.00011939422454 0.0149928469263 0.0303
v 5.9804153945e-05 0.0149982101298 0.0303
v 0 0.015 0.0303
v 0 0.015 0.0203
v -5.9804153945e-05 0.0149982101298 0.0203
v -0.00011939422454 0.0149928469263 0.0203
v -0.000178556894799 0.0149839295886 0.0203
v -0.000237080377715 0.0149714900383 0.0203
v -0.000294755174411 0.0149555728058 0.0203
v -0.000351374824081 0.0149362348706 0.0203
v -0.000406736643076 0.0149135454576 0.0203
v -0.000460642450451 0.014887585789 0.0203
v -0.000512899277406 0.0148584487936 0.0203
v -0.000563320058064 0.0148262387743 0.0203
v -0.000611724299115 0.0147910710347 0.0203
v -0.00065793872594 0.014753071466 0.0203
v -0.000701797902884 0.014712376097 0.0203
v -0.000743144825477 0.0146691306064 0.0203
v -0.000781831482468 0.0146234898019 0.0203
v -0.000817719385664 0.0145756170657 0.0203
v -0.000850680065687 0.0145256837698 0.0203
v -0.000880595531857 0.0144738686625 0.0203
v -0.000907358694568 0.0144203572283 0.0203
v -0.000930873748644 0.0143653410244 0.0203
v -0.000951056516295 0.0143090169944 0.0203
v -0.000967834748451 0.0142515867637 0.0203
v -0.000981148383394 0.0141932559178 0.0203
v -0.000990949761768 0.0141342332658 0.0203
v -0.000997203797181 0.0140747300936 0.0203
v -0.00099988810181 0.014014959407 0.0203
v -0.000998993066541 0.0139551351696 0.0203
v -0.000994521895368 0.0138954715367 0.0203
v -0.000986490593924 0.0138361820886 0.0203
v -0.000974927912182 0.013777479066 0.0203
v -0.000959875241543 0.0137195726107 0.0203
v -0.000941386466661 0.0136626700126 0.0203
v -0.000919527772551 0.0136069749683 0.0203
v -0.000894377407666 0.0135526868517 0.0203
v -0.000866025403784 0.0135 0.0203
v -0.000834573253721 0.0134491030185 0.0203
v -0.000800133548011 0.0134001781053 0.0203
v -0.000762829571862 0.0133534003988 0.0203
v -0.000722794863827 0.013308937351 0.0203
v -0.000680172737771 0.0132669481282 0.0203
v -0.000635115769842 0.0132275830408 0.0203
v -0.000587785252292 0.0131909830056 0.0203
v -0.000538350616091 0.0131572790413 0.0203
v -0.000486988824404 0.0131265917994 0.0203
v -0.000433883739118 0.0130990311321 0.0203
v -0.000379225462653 0.0130746956995 0.0203
v -0.000323209657454 0.0130536726162 0.0203
v -0.000266036845567 0.0130360371393 0.0203
v -0.000207911690818 0.0130218523993 0.0203
v -0.000149042266176 0.0130111691738 0.0203
v -8.96393089034e-05 0.013004025706 0.0203
v -2.99154661694e-05 0.0130004475677 0.0203
v 2.99154661694e-05 0.0130004475677 0.0203
v 8.96393089034e-05 0.013004025706 0.0203
v 0.000149042266176 0.0130111691738 0.0203
v 0.000207911690818 0.0130218523993 0.0203
v 0.000266036845567 0.0130360371393 0.0203
v 0.000323209657454 0.0130536726162 0.0203
v 0.000379225462653 0.0130746956995 0.0203
v 0.000433883739118 0.0130990311321 0.0203
v 0.000486988824404 0.0131265917994 0.0203
v 0.000538350616091 0.0131572790413 0.0203
v 0.000587785252292 0.0131909830056 0.0203
v 0.000635115769842 0.0132275830408 0.0203
v 0.000680172737771 0.0132669481282 0.0203
v 0.000722794863827 0.013308937351 0.0203
v 0.000762829571862 0.0133534003988 0.0203
v 0.000800133548011 0.0134001781053 0.0203
v 0.000834573253721 0.0134491030185 0.0203
v 0.000866025403784 0.0135 0.0203
v 0.000894377407666 0.0135526868517 0.0203
v 0.000919527772551 0.0136069749683 0.0203
v 0.000941386466661 0.0136626700126 0.0203
v 0.000959875241543 0.0137195726107 0.0203
v 0.000974927912182 0.013777479066 0.0203
v 0.000986490593924 0.0138361820886 0.0203
v 0.000994521895368 0.0138954715367 0.0203
v 0.000998993066541 0.0139551351696 0.0203
v 0.00099988810181 0.014014959407 0.0203
v 0.000997203797181 0.0140747300936 0.0203
v 0.000990949761768 0.0141342332658 0.0203
v 0.000981148383394 0.0141932559178 0.0203
v 0.000967834748451 0.0142515867637 0.0203
v 0.000951056516295 0.0143090169944 0.0203
v 0.000930873748644 0.0143653410244 0.0203
v 0.000907358694568 0.0144203572283 0.0203
v 0.000880595531857 0.0144738686625 0.0203
v 0.000850680065687 0.0145256837698 0.0203
v 0.000817719385664 0.0145756170657 0.0203
v 0.000781831482468 0.0146234898019 0.0203
v 0.000743144825477 0.0146691306064 0.0203
v 0.000701797902884 0.014712376097 0.0203
v 0.00065793872594 0.014753071466 0.0203
v 0.000611724299115 0.0147910710347 0.0203
v 0.000563320058064 0.0148262387743 0.0203
v 0.000512899277406 0.0148584487936 0.0203
v 0.000460642450451 0.014887585789 0.0203
v 0.000406736643076 0.0149135454576 0.0203
v 0.000351374824081 0.0149362348706 0.0203
v 0.000294755174411 0.0149555728058 0.0203
v 0.000237080377716 0.0149714900383 0.0203
v 0.000178556894799 0.0149839295886 0.0203
v 0.00011939422454 0.0149928469263 0.0203
v 5.9804153945e-05 0.0149982101298 0.0203
v 0 0.015 0.0203
v 0 0.0148660254038 0.0314
v -0.00075 0.0144330127019 0.0314
v -0.00075 0.0135669872981 0.0314
v 0 0.0131339745962 0.0314
v 0.00075 0.0135669872981 0.0314
v 0.00075 0.0144330127019 0.0314
v 0 0.015 0.0203
v -5.9804153945e-05 0.0149982101298 0.0203
v -0.00011939422454 0.0149928469263 0.0203
v -0.000178556894799 0.0149839295886 0.0203
v -0.000237080377715 0.0149714900383 0.0203
v -0.000294755174411 0.0149555728058 0.0203
v -0.000351374824081 0.0149362348706 0.0203
v -0.000406736643076 0.0149135454576 0.0203
v -0.000460642450451 0.014887585789 0.0203
v -0.000512899277406 0.0148584487936 0.0203
v -0.000563320058064 0.0148262387743 0.0203
v -0.000611724299115 0.0147910710347 0.0203
v -0.00065793872594 0.014753071466 0.0203
v -0.000701797902884 0.014712376097 0.0203
v -0.000743144825477 0.0146691306064 0.0203
v -0.000781831482468 0.0146234898019 0.0203
v -0.000817719385664 0.0145756170657 0.0203
v -0.000850680065687 0.0145256837698 0.0203
v -0.000880595531857 0.0144738686625 0.0203
v -0.000907358694568 0.0144203572283 0.0203
v -0.000930873748644 0.0143653410244 0.0203
v -0.000951056516295 0.0143090169944 0.0203
v -0.000967834748451 0.0142515867637 0.0203
v -0.000981148383394 0.0141932559178 0.0203
v -0.000990949761768 0.0141342332658 0.0203
v -0.000997203797181 0.0140747300936 0.0203
v -0.00099988810181 0.014014959407 0.0203
v -0.000998993066541 0.0139551351696 0.0203
v -0.000994521895368 0.0138954715367 0.0203
v -0.000986490593924 0.0138361820886 0.0203
v -0.000974927912182 0.013777479066 0.0203
v -0.000959875241543 0.0137195726107 0.0203
v -0.000941386466661 0.0136626700126 0.0203
v -0.000919527772551 0.0136069749683 0.0203
v -0.000894377407666 0.0135526868517 0.0203
v -0.000866025403784 0.0135 0.0203
v -0.000834573253721 0.0134491030185 0.0203
v -0.000800133548011 0.0134001781053 0.0203
v -0.000762829571862 0.0133534003988 0.0203
v -0.000722794863827 0.013308937351 0.0203
v -0.000680172737771 0.0132669481282 0.0203
v -0.000635115769842 0.0132275830408 0.0203
v -0.000587785252292 0.0131909830056 0.0203
v -0.000538350616091 0.0131572790413 0.0203
v -0.000486988824404 0.0131265917994 0.0203
v -0.000433883739118 0.0130990311321 0.0203
v -0.000379225462653 0.0130746956995 0.0203
v -0.000323209657454 0.0130536726162 0.0203
v -0.000266036845567 0.0130360371393 0.0203
v -0.000207911690818 0.0130218523993 0.0203
v -0.000149042266176 0.0130111691738 0.0203
v -8.96393089034e-05 0.013004025706 0.0203
v -2.99154661694e-05 0.0130004475677 0.0203
v 2.99154661694e-05 0.0130004475677 0.0203
v 8.96393089034e-05 0.013004025706 0.0203
v 0.000149042266176 0.0130111691738 0.0203
v 0.000207911690818 0.0130218523993 0.0203
v 0.000266036845567 0.0130360371393 0.0203
v 0.000323209657454 0.0130536726162 0.0203
v 0.000379225462653 0.0130746956995 0.0203
v 0.000433883739118 0.0130990311321 0.0203
v 0.000486988824404 0.0131265917994 0.0203
v 0.000538350616091 0.0131572790413 0.0203
v 0.000587785252292 0.0131909830056 0.0203
v 0.000635115769842 0.0132275830408 0.0203
v 0.000680172737771 0.0132669481282 0.0203
v 0.000722794863827 0.013308937351 0.0203
v 0.000762829571862 0.0133534003988 0.0203
v 0.000800133548011 0.0134001781053 0.0203
v 0.000834573253721 0.0134491030185 0.0203
v 0.000866025403784 0.0135 0.0203
v 0.000894377407666 0.0135526868517 0.0203
v 0.000919527772551 0.0136069749683 0.0203
v 0.000941386466661 0.0136626700126 0.0203
v 0.000959875241543 0.0137195726107 0.0203
v 0.000974927912182 0.013777479066 0.0203
v 0.000986490593924 0.0138361820886 0.0203
v 0.000994521895368 0.0138954715367 0.0203
v 0.000998993066541 0.0139551351696 0.0203
v 0.00099988810181 0.014014959407 0.0203
v 0.000997203797181 0.0140747300936 0.0203
v 0.000990949761768 0.0141342332658 0.0203
v 0.000981148383394 0.0141932559178 0.0203
v 0.000967834748451 0.0142515867637 0.0203
v 0.000951056516295 0.0143090169944 0.0203
v 0.000930873748644 0.0143653410244 0.0203
v 0.000907358694568 0.0144203572283 0.0203
v 0.000880595531857 0.0144738686625 0.0203
v 0.000850680065687 0.0145256837698 0.0203
v 0.000817719385664 0.0145756170657 0.0203
v 0.000781831482468 0.0146234898019 0.0203
v 0.000743144825477 0.0146691306064 0.0203
v 0.000701797902884 0.014712376097 0.0203
v 0.00065793872594 0.014753071466 0.0203
v 0.000611724299115 0.0147910710347 0.0203
v 0.000563320058064 0.0148262387743 0.0203
v 0.000512899277406 0.0148584487936 0.0203
v 0.000460642450451 0.014887585789 0.0203
v 0.000406736643076 0.0149135454576 0.0203
v 0.000351374824081 0.0149362348706 0.0203
v 0.000294755174411 0.0149555728058 0.0203
v 0.000237080377716 0.0149714900383 0.0203
v 0.000178556894799 0.0149839295886 0.0203
v 0.00011939422454 0.0149928469263 0.0203
v 5.9804153945e-05 0.0149982101298 0.0203
v 0 0.0163094010768 0.0207
v 0 0.0163094010768 0.0223
v -0.002 0.0151547005384 0.0223
v -0.002 0.0151547005384 0.0207
v 0.002 0.0151547005384 0.0207
v 0.002 0.0151547005384 0.0223
v 0 0.0163094010768 0.0223
v 0 0.0163094010768 0.0207
v -0.002 0.0151547005384 0.0207
v -0.002 0.0151547005384 0.0223
v -0.002 0.0128452994616 0.0223
v -0.002 0.0128452994616 0.0207
v 0 0.0163094010768 0.0207
v -0.002 0.0151547005384 0.0207
v -0.002 0.0128452994616 0.0207
v 0 0.0116905989232 0.0207
v 0.002 0.0128452994616 0.0207
v 0.002 0.0151547005384 0.0207
v 0 0.015 0.0207
v -5.9804153945e-05 0.0149982101298 0.0207
v -0.00011939422454 0.0149928469263 0.0207
v -0.000178556894799 0.0149839295886 0.0207
v -0.000237080377715 0.0149714900383 0.0207
v -0.000294755174411 0.0149555728058 0.0207
v -0.000351374824081 0.0149362348706 0.0207
v -0.000406736643076 0.0149135454576 0.0207
v -0.000460642450451 0.014887585789 0.0207
v -0.000512899277406 0.0148584487936 0.0207
v -0.000563320058064 0.0148262387743 0.0207
v -0.000611724299115 0.0147910710347 0.0207
v -0.00065793872594 0.014753071466 0.0207
v -0.000701797902884 0.014712376097 0.0207
v -0.000743144825477 0.0146691306064 0.0207
v -0.000781831482468 0.0146234898019 0.0207
v -0.000817719385664 0.0145756170657 0.0207
v -0.000850680065687 0.0145256837698 0.0207
v -0.000880595531857 0.0144738686625 0.0207
v -0.000907358694568 0.0144203572283 0.0207
v -0.000930873748644 0.0143653410244 0.0207
v -0.000951056516295 0.0143090169944 0.0207
v -0.000967834748451 0.0142515867637 0.0207
v -0.000981148383394 0.0141932559178 0.0207
v -0.000990949761768 0.0141342332658 0.0207
v -0.000997203797181 0.0140747300936 0.0207
v -0.00099988810181 0.014014959407 0.0207
v -0.000998993066541 0.0139551351696 0.0207
v -0.000994521895368 0.0138954715367 0.0207
v -0.000986490593924 0.0138361820886 0.0207
v -0.000974927912182 0.013777479066 0.0207
v -0.000959875241543 0.0137195726107 0.0207
v -0.000941386466661 0.0136626700126 0.0207
v -0.000919527772551 0.0136069749683 0.0207
v -0.000894377407666 0.0135526868517 0.0207
v -0.000866025403784 0.0135 0.0207
v -0.000834573253721 0.0134491030185 0.0207
v -0.000800133548011 0.0134001781053 0.0207
v -0.000762829571862 0.0133534003988 0.0207
v -0.000722794863827 0.013308937351 0.0207
v -0.000680172737771 0.0132669481282 0.0207
v -0.000635115769842 0.0132275830408 0.0207
v -0.000587785252292 0.0131909830056 0.0207
v -0.000538350616091 0.0131572790413 0.0207
v -0.000486988824404 0.0131265917994 0.0207
v -0.000433883739118 0.0130990311321 0.0207
v -0.000379225462653 0.0130746956995 0.0207
v -0.000323209657454 0.0130536726162 0.0207
v -0.000266036845567 0.0130360371393 0.0207
v -0.000207911690818 0.0130218523993 0.0207
v -0.000149042266176 0.0130111691738 0.0207
v -8.96393089034e-05 0.013004025706 0.0207
v -2.99154661694e-05 0.0130004475677 0.0207
v 2.99154661694e-05 0.0130004475677 0.0207
v 8.96393089034e-05 0.013004025706 0.0207
v 0.000149042266176 0.0130111691738 0.0207
v 0.000207911690818 0.0130218523993 0.0207
v 0.000266036845567 0.0130360371393 0.0207
v 0.000323209657454 0.0130536726162 0.0207
v 0.000379225462653 0.0130746956995 0.0207
v 0.000433883739118 0.0130990311321 0.0207
v 0.000486988824404 0.0131265917994 0.0207
v 0.000538350616091 0.0131572790413 0.0207
v 0.000587785252292 0.0131909830056 0.0207
v 0.000635115769842 0.0132275830408 0.0207
v 0.000680172737771 0.0132669481282 0.0207
v 0.000722794863827 0.013308937351 0.0207
v 0.000762829571862 0.0133534003988 0.0207
v 0.000800133548011 0.0134001781053 0.0207
v 0.000834573253721 0.0134491030185 0.0207
v 0.000866025403784 0.0135 0.0207
v 0.000894377407666 0.0135526868517 0.0207
v 0.000919527772551 0.0136069749683 0.0207
v 0.000941386466661 0.0136626700126 0.0207
v 0.000959875241543 0.0137195726107 0.0207
v 0.000974927912182 0.013777479066 0.0207
v 0.000986490593924 0.0138361820886 0.0207
v 0.000994521895368 0.0138954715367 0.0207
v 0.000998993066541 0.0139551351696 0.0207
v 0.00099988810181 0.014014959407 0.0207
v 0.000997203797181 0.0140747300936 0.0207
v 0.000990949761768 0.0141342332658 0.0207
v 0.000981148383394 0.0141932559178 0.0207
v 0.000967834748451 0.0142515867637 0.0207
v 0.000951056516295 0.0143090169944 0.0207
v 0.000930873748644 0.0143653410244 0.0207
v 0.000907358694568 0.0144203572283 0.0207
v 0.000880595531857 0.0144738686625 0.0207
v 0.000850680065687 0.0145256837698 0.0207
v 0.000817719385664 0.0145756170657 0.0207
v 0.000781831482468 0.0146234898019 0.0207
v 0.000743144825477 0.0146691306064 0.0207
v 0.000701797902884 0.014712376097 0.0207
v 0.00065793872594 0.014753071466 0.0207
v 0.000611724299115 0.0147910710347 0.0207
v 0.000563320058064 0.0148262387743 0.0207
v 0.000512899277406 0.0148584487936 0.0207
v 0.000460642450451 0.014887585789 0.0207
v 0.000406736643076 0.0149135454576 0.0207
v 0.000351374824081 0.0149362348706 0.0207
v 0.000294755174411 0.0149555728058 0.0207
v 0.000237080377716 0.0149714900383 0.0207
v 0.000178556894799 0.0149839295886 0.0207
v 0.00011939422454 0.0149928469263 0.0207
v 5.9804153945e-05 0.0149982101298 0.0207
v 0 0.0163094010768 0.0223
v -0.002 0.0151547005384 0.0223
v -0.002 0.0128452994616 0.0223
v 0 0.0116905989232 0.0223
v 0.002 0.0128452994616 0.0223
v 0.002 0.0151547005384 0.0223
v 0 0.015 0.0223
v -5.9804153945e-05 0.0149982101298 0.0223
v -0.00011939422454 0.0149928469263 0.0223
v -0.000178556894799 0.0149839295886 0.0223
v -0.000237080377715 0.0149714900383 0.0223
v -0.000294755174411 0.0149555728058 0.0223
v -0.000351374824081 0.0149362348706 0.0223
v -0.000406736643076 0.0149135454576 0.0223
v -0.000460642450451 0.014887585789 0.0223
v -0.000512899277406 0.0148584487936 0.0223
v -0.000563320058064 0.0148262387743 0.0223
v -0.000611724299115 0.0147910710347 0.0223
v -0.00065793872594 0.014753071466 0.0223
v -0.000701797902884 0.014712376097 0.0223
v -0.000743144825477 0.0146691306064 0.0223
v -0.000781831482468 0.0146234898019 0.0223
v -0.000817719385664 0.0145756170657 0.0223
v -0.000850680065687 0.0145256837698 0.0223
v -0.000880595531857 0.0144738686625 0.0223
v -0.000907358694568 0.0144203572283 0.0223
v -0.000930873748644 0.0143653410244 0.0223
v -0.000951056516295 0.0143090169944 0.0223
v -0.000967834748451 0.0142515867637 0.0223
v -0.000981148383394 0.0141932559178 0.0223
v -0.000990949761768 0.0141342332658 0.0223
v -0.000997203797181 0.0140747300936 0.0223
v -0.00099988810181 0.014014959407 0.0223
v -0.000998993066541 0.0139551351696 0.0223
v -0.000994521895368 0.0138954715367 0.0223
v -0.000986490593924 0.0138361820886 0.0223
v -0.000974927912182 0.013777479066 0.0223
v -0.000959875241543 0.0137195726107 0.0223
v -0.000941386466661 0.0136626700126 0.0223
v -0.000919527772551 0.0136069749683 0.0223
v -0.000894377407666 0.0135526868517 0.0223
v -0.000866025403784 0.0135 0.0223
v -0.000834573253721 0.0134491030185 0.0223
v -0.000800133548011 0.0134001781053 0.0223
v -0.000762829571862 0.0133534003988 0.0223
v -0.000722794863827 0.013308937351 0.0223
v -0.000680172737771 0.0132669481282 0.0223
v -0.000635115769842 0.0132275830408 0.0223
v -0.000587785252292 0.0131909830056 0.0223
v -0.000538350616091 0.0131572790413 0.0223
v -0.000486988824404 0.0131265917994 0.0223
v -0.000433883739118 0.0130990311321 0.0223
v -0.000379225462653 0.0130746956995 0.0223
v -0.000323209657454 0.0130536726162 0.0223
v -0.000266036845567 0.0130360371393 0.0223
v -0.000207911690818 0.0130218523993 0.0223
v -0.000149042266176 0.0130111691738 0.0223
v -8.96393089034e-05 0.013004025706 0.0223
v -2.99154661694e-05 0.0130004475677 0.0223
v 2.99154661694e-05 0.0130004475677 0.0223
v 8.96393089034e-05 0.013004025706 0.0223
v 0.000149042266176 0.0130111691738 0.0223
v 0.000207911690818 0.0130218523993 0.0223
v 0.000266036845567 0.0130360371393 0.0223
v 0.000323209657454 0.0130536726162 0.0223
v 0.000379225462653 0.0130746956995 0.0223
v 0.000433883739118 0.0130990311321 0.0223
v 0.000486988824404 0.0131265917994 0.0223
v 0.000538350616091 0.0131572790413 0.0223
v 0.000587785252292 0.0131909830056 0.0223
v 0.000635115769842 0.0132275830408 0.0223
v 0.000680172737771 0.0132669481282 0.0223
v 0.000722794863827 0.013308937351 0.0223
v 0.000762829571862 0.0133534003988 0.0223
v 0.000800133548011 0.0134001781053 0.0223
v 0.000834573253721 0.0134491030185 0.0223
v 0.000866025403784 0.0135 0.0223
v 0.000894377407666 0.0135526868517 0.0223
v 0.000919527772551 0.0136069749683 0.0223
v 0.000941386466661 0.0136626700126 0.0223
v 0.000959875241543 0.0137195726107 0.0223
v 0.000974927912182 0.013777479066 0.0223
v 0.000986490593924 0.0138361820886 0.0223
v 0.000994521895368 0.0138954715367 0.0223
v 0.000998993066541 0.0139551351696 0.0223
v 0.00099988810181 0.014014959407 0.0223
v 0.000997203797181 0.0140747300936 0.0223
v 0.000990949761768 0.0141342332658 0.0223
v 0.000981148383394 0.0141932559178 0.0223
v 0.000967834748451 0.0142515867637 0.0223
v 0.000951056516295 0.0143090169944 0.0223
v 0.000930873748644 0.0143653410244 0.0223
v 0.000907358694568 0.0144203572283 0.0223
v 0.000880595531857 0.0144738686625 0.0223
v 0.000850680065687 0.0145256837698 0.0223
v 0.000817719385664 0.0145756170657 0.0223
v 0.000781831482468 0.0146234898019 0.0223
v 0.000743144825477 0.0146691306064 0.0223
v 0.000701797902884 0.014712376097 0.0223
v 0.00065793872594 0.014753071466 0.0223
v 0.000611724299115 0.0147910710347 0.0223
v 0.000563320058064 0.0148262387743 0.0223
v 0.000512899277406 0.0148584487936 0.0223
v 0.000460642450451 0.014887585789 0.0223
v 0.000406736643076 0.0149135454576 0.0223
v 0.000351374824081 0.0149362348706 0.0223
v 0.000294755174411 0.0149555728058 0.0223
v 0.000237080377716 0.0149714900383 0.0223
v 0.000178556894799 0.0149839295886 0.0223
v 0.00011939422454 0.0149928469263 0.0223
v 5.9804153945e-05 0.0149982101298 0.0223
v 0.002 0.0128452994616 0.0207
v 0.002 0.0128452994616 0.0223
v 0.002 0.0151547005384 0.0223
v 0.002 0.0151547005384 0.0207
v -0.002 0.0128452994616 0.0207
v -0.002 0.0128452994616 0.0223
v 0 0.0116905989232 0.0223
v 0 0.0116905989232 0.0207
v 0 0.0116905989232 0.0207
v 0 0.0116905989232 0.0223
v 0.002 0.0128452994616 0.0223
v 0.002 0.0128452994616 0.0207
v 0 0.015 0.0223
v -5.9804153945e-05 0.0149982101298 0.0223
v -0.00011939422454 0.0149928469263 0.0223
v -0.000178556894799 0.0149839295886 0.0223
v -0.000237080377715 0.0149714900383 0.0223
v -0.000294755174411 0.0149555728058 0.0223
v -0.000351374824081 0.0149362348706 0.0223
v -0.000406736643076 0.0149135454576 0.0223
v -0.000460642450451 0.014887585789 0.0223
v -0.000512899277406 0.0148584487936 0.0223
v -0.000563320058064 0.0148262387743 0.0223
v -0.000611724299115 0.0147910710347 0.0223
v -0.00065793872594 0.014753071466 0.0223
v -0.000701797902884 0.014712376097 0.0223
v -0.000743144825477 0.0146691306064 0.0223
v -0.000781831482468 0.0146234898019 0.0223
v -0.000817719385664 0.0145756170657 0.0223
v -0.000850680065687 0.0145256837698 0.0223
v -0.000880595531857 0.0144738686625 0.0223
v -0.000907358694568 0.0144203572283 0.0223
v -0.000930873748644 0.0143653410244 0.0223
v -0.000951056516295 0.0143090169944 0.0223
v -0.000967834748451 0.0142515867637 0.0223
v -0.000981148383394 0.0141932559178 0.0223
v -0.000990949761768 0.0141342332658 0.0223
v -0.000997203797181 0.0140747300936 0.0223
v -0.00099988810181 0.014014959407 0.0223
v -0.000998993066541 0.0139551351696 0.0223
v -0.000994521895368 0.0138954715367 0.0223
v -0.000986490593924 0.0138361820886 0.0223
v -0.000974927912182 0.013777479066 0.0223
v -0.000959875241543 0.0137195726107 0.0223
v -0.000941386466661 0.0136626700126 0.0223
v -0.000919527772551 0.0136069749683 0.0223
v -0.000894377407666 0.0135526868517 0.0223
v -0.000866025403784 0.0135 0.0223
v -0.000834573253721 0.0134491030185 0.0223
v -0.000800133548011 0.0134001781053 0.0223
v -0.000762829571862 0.0133534003988 0.0223
v -0.000722794863827 0.013308937351 0.0223
v -0.000680172737771 0.0132669481282 0.0223
v -0.000635115769842 0.0132275830408 0.0223
v -0.000587785252292 0.0131909830056 0.0223
v -0.000538350616091 0.0131572790413 0.0223
v -0.000486988824404 0.0131265917994 0.0223
v -0.000433883739118 0.0130990311321 0.0223
v -0.000379225462653 0.0130746956995 0.0223
v -0.000323209657454 0.0130536726162 0.0223
v -0.000266036845567 0.0130360371393 0.0223
v -0.000207911690818 0.0130218523993 0.0223
v -0.000149042266176 0.0130111691738 0.0223
v -8.96393089034e-05 0.013004025706 0.0223
v -2.99154661694e-05 0.0130004475677 0.0223
v 2.99154661694e-05 0.0130004475677 0.0223
v 8.96393089034e-05 0.013004025706 0.0223
v 0.000149042266176 0.0130111691738 0.0223
v 0.000207911690818 0.0130218523993 0.0223
v 0.000266036845567 0.0130360371393 0.0223
v 0.000323209657454 0.0130536726162 0.0223
v 0.000379225462653 0.0130746956995 0.0223
v 0.000433883739118 0.0130990311321 0.0223
v 0.000486988824404 0.0131265917994 0.0223
v 0.000538350616091 0.0131572790413 0.0223
v 0.000587785252292 0.0131909830056 0.0223
v 0.000635115769842 0.0132275830408 0.0223
v 0.000680172737771 0.0132669481282 0.0223
v 0.000722794863827 0.013308937351 0.0223
v 0.000762829571862 0.0133534003988 0.0223
v 0.000800133548011 0.0134001781053 0.0223
v 0.000834573253721 0.0134491030185 0.0223
v 0.000866025403784 0.0135 0.0223
v 0.000894377407666 0.0135526868517 0.0223
v 0.000919527772551 0.0136069749683 0.0223
v 0.000941386466661 0.0136626700126 0.0223
v 0.000959875241543 0.0137195726107 0.0223
v 0.000974927912182 0.013777479066 0.0223
v 0.000986490593924 0.0138361820886 0.0223
v 0.000994521895368 0.0138954715367 0.0223
v 0.000998993066541 0.0139551351696 0.0223
v 0.00099988810181 0.014014959407 0.0223
v 0.000997203797181 0.0140747300936 0.0223
v 0.000990949761768 0.0141342332658 0.0223
v 0.000981148383394 0.0141932559178 0.0223
v 0.000967834748451 0.0142515867637 0.0223
v 0.000951056516295 0.0143090169944 0.0223
v 0.000930873748644 0.0143653410244 0.0223
v 0.000907358694568 0.0144203572283 0.0223
v 0.000880595531857 0.0144738686625 0.0223
v 0.000850680065687 0.0145256837698 0.0223
v 0.000817719385664 0.0145756170657 0.0223
v 0.000781831482468 0.0146234898019 0.0223
v 0.000743144825477 0.0146691306064 0.0223
v 0.000701797902884 0.014712376097 0.0223
v 0.00065793872594 0.014753071466 0.0223
v 0.000611724299115 0.0147910710347 0.0223
v 0.000563320058064 0.0148262387743 0.0223
v 0.000512899277406 0.0148584487936 0.0223
v 0.000460642450451 0.014887585789 0.0223
v 0.000406736643076 0.0149135454576 0.0223
v 0.000351374824081 0.0149362348706 0.0223
v 0.000294755174411 0.0149555728058 0.0223
v 0.000237080377716 0.0149714900383 0.0223
v 0.000178556894799 0.0149839295886 0.0223
v 0.00011939422454 0.0149928469263 0.0223
v 5.9804153945e-05 0.0149982101298 0.0223
v 0 0.015 0.0223
v 0 0.015 0.0207
v -5.9804153945e-05 0.0149982101298 0.0207
v -0.00011939422454 0.0149928469263 0.0207
v -0.000178556894799 0.0149839295886 0.0207
v -0.000237080377715 0.0149714900383 0.0207
v -0.000294755174411 0.0149555728058 0.0207
v -0.000351374824081 0.0149362348706 0.0207
v -0.000406736643076 0.0149135454576 0.0207
v -0.000460642450451 0.014887585789 0.0207
v -0.000512899277406 0.0148584487936 0.0207
v -0.000563320058064 0.0148262387743 0.0207
v -0.000611724299115 0.0147910710347 0.0207
v -0.00065793872594 0.014753071466 0.0207
v -0.000701797902884 0.014712376097 0.0207
v -0.000743144825477 0.0146691306064 0.0207
v -0.000781831482468 0.0146234898019 0.0207
v -0.000817719385664 0.0145756170657 0.0207
v -0.000850680065687 0.0145256837698 0.0207
v -0.000880595531857 0.0144738686625 0.0207
v -0.000907358694568 0.0144203572283 0.0207
v -0.000930873748644 0.0143653410244 0.0207
v -0.000951056516295 0.0143090169944 0.0207
v -0.000967834748451 0.0142515867637 0.0207
v -0.000981148383394 0.0141932559178 0.0207
v -0.000990949761768 0.0141342332658 0.0207
v -0.000997203797181 0.0140747300936 0.0207
v -0.00099988810181 0.014014959407 0.0207
v -0.000998993066541 0.0139551351696 0.0207
v -0.000994521895368 0.0138954715367 0.0207
v -0.000986490593924 0.0138361820886 0.0207
v -0.000974927912182 0.013777479066 0.0207
v -0.000959875241543 0.0137195726107 0.0207
v -0.000941386466661 0.0136626700126 0.0207
v -0.000919527772551 0.0136069749683 0.0207
v -0.000894377407666 0.0135526868517 0.0207
v -0.000866025403784 0.0135 0.0207
v -0.000834573253721 0.0134491030185 0.0207
v -0.000800133548011 0.0134001781053 0.0207
v -0.000762829571862 0.0133534003988 0.0207
v -0.000722794863827 0.013308937351 0.0207
v -0.000680172737771 0.0132669481282 0.0207
v -0.000635115769842 0.0132275830408 0.0207
v -0.000587785252292 0.0131909830056 0.0207
v -0.000538350616091 0.0131572790413 0.0207
v -0.000486988824404 0.0131265917994 0.0207
v -0.000433883739118 0.0130990311321 0.0207
v -0.000379225462653 0.0130746956995 0.0207
v -0.000323209657454 0.0130536726162 0.0207
v -0.000266036845567 0.0130360371393 0.0207
v -0.000207911690818 0.0130218523993 0.0207
v -0.000149042266176 0.0130111691738 0.0207
v -8.96393089034e-05 0.013004025706 0.0207
v -2.99154661694e-05 0.0130004475677 0.0207
v 2.99154661694e-05 0.0130004475677 0.0207
v 8.96393089034e-05 0.013004025706 0.0207
v 0.000149042266176 0.0130111691738 0.0207
v 0.000207911690818 0.0130218523993 0.0207
v 0.000266036845567 0.0130360371393 0.0207
v 0.000323209657454 0.0130536726162 0.0207
v 0.000379225462653 0.0130746956995 0.0207
v 0.000433883739118 0.0130990311321 0.0207
v 0.000486988824404 0.0131265917994 0.0207
v 0.000538350616091 0.0131572790413 0.0207
v 0.000587785252292 0.0131909830056 0.0207
v 0.000635115769842 0.0132275830408 0.0207
v 0.000680172737771 0.0132669481282 0.0207
v 0.000722794863827 0.013308937351 0.0207
v 0.000762829571862 0.0133534003988 0.0207
v 0.000800133548011 0.0134001781053 0.0207
v 0.000834573253721 0.0134491030185 0.0207
v 0.000866025403784 0.0135 0.0207
v 0.000894377407666 0.0135526868517 0.0207
v 0.000919527772551 0.0136069749683 0.0207
v 0.000941386466661 0.0136626700126 0.0207
v 0.000959875241543 0.0137195726107 0.0207
v 0.000974927912182 0.013777479066 0.0207
v 0.000986490593924 0.0138361820886 0.0207
v 0.000994521895368 0.0138954715367 0.0207
v 0.000998993066541 0.0139551351696 0.0207
v 0.00099988810181 0.014014959407 0.0207
v 0.000997203797181 0.0140747300936 0.0207
v 0.000990949761768 0.0141342332658 0.0207
v 0.000981148383394 0.0141932559178 0.0207
v 0.000967834748451 0.0142515867637 0.0207
v 0.000951056516295 0.0143090169944 0.0207
v 0.000930873748644 0.0143653410244 0.0207
v 0.000907358694568 0.0144203572283 0.0207
v 0.000880595531857 0.0144738686625 0.0207
v 0.000850680065687 0.0145256837698 0.0207
v 0.000817719385664 0.0145756170657 0.0207
v 0.000781831482468 0.0146234898019 0.0207
v 0.000743144825477 0.0146691306064 0.0207
v 0.000701797902884 0.014712376097 0.0207
v 0.00065793872594 0.014753071466 0.0207
v 0.000611724299115 0.0147910710347 0.0207
v 0.000563320058064 0.0148262387743 0.0207
v 0.000512899277406 0.0148584487936 0.0207
v 0.000460642450451 0.014887585789 0.0207
v 0.000406736643076 0.0149135454576 0.0207
v 0.000351374824081 0.0149362348706 0.0207
v 0.000294755174411 0.0149555728058 0.0207
v 0.000237080377716 0.0149714900383 0.0207
v 0.000178556894799 0.0149839295886 0.0207
v 0.00011939422454 0.0149928469263 0.0207
v 5.9804153945e-05 0.0149982101298 0.0207
v 0 0.015 0.0207
v 0.0035 -0.014 0.0303
v 0.00349373545419 -0.0137906854612 0.0303
v 0.0034749642422 -0.0135821202141 0.0303
v 0.0034437535601 -0.0133750508682 0.0303
v 0.00340021513403 -0.013170218678 0.0303
v 0.00334450482025 -0.0129683568896 0.0303
v 0.00327682204724 -0.0127701881157 0.0303
v 0.00319740910175 -0.0125764217492 0.0303
v 0.00310655026152 -0.0123877514234 0.0303
v 0.00300457077761 -0.0122048525291 0.0303
v 0.00289183571011 -0.0120283797968 0.0303
v 0.0027687486213 -0.0118589649531 0.0303
v 0.00263575013101 -0.0116972144592 0.0303
v 0.00249331633933 -0.0115437073399 0.0303
v 0.00234195712226 -0.0113989931108 0.0303
v 0.00218221430651 -0.0112635898114 0.0303
v 0.0020146597299 -0.0111379821502 0.0303
v 0.00183989319434 -0.0110226197701 0.0303
v 0.00165854031866 -0.0109179156385 0.0303
v 0.00147125029908 -0.010824244569 0.0303
v 0.00127869358528 -0.0107419418797 0.0303
v 0.00108155948031 -0.010671302193 0.0303
v 0.000880553673106 -0.0106125783804 0.0303
v 0.000676395712284 -0.0105659806581 0.0303
v 0.000469816430362 -0.0105316758338 0.0303
v 0.000261555327552 -0.0105097867099 0.0303
v 5.23579245534e-05 -0.0105003916437 0.0303
v -0.000157026906227 -0.0105035242671 0.0303
v -0.000365849621437 -0.0105191733662 0.0303
v -0.000573362689953 -0.0105472829213 0.0303
v -0.000778823268847 -0.0105877523074 0.0303
v -0.000981495862571 -0.0106404366546 0.0303
v -0.00118065495584 -0.0107051473667 0.0303
v -0.00137558761079 -0.0107816527961 0.0303
v -0.0015655960191 -0.0108696790732 0.0303
v -0.00175 -0.0109689110868 0.0303
v -0.00192813943508 -0.011078993612 0.0303
v -0.00209937663141 -0.011199532582 0.0303
v -0.00226309860426 -0.0113300964985 0.0303
v -0.00241871927145 -0.0114702179766 0.0303
v -0.0025656815514 -0.0116193954178 0.0303
v -0.00270345935729 -0.0117770948056 0.0303
v -0.00283155948031 -0.011942751617 0.0303
v -0.00294952335529 -0.0121157728437 0.0303
v -0.00305692870216 -0.0122955391146 0.0303
v -0.00315339103766 -0.0124814069131 0.0303
v -0.00323856505166 -0.0126727108807 0.0303
v -0.0033121458433 -0.0128687661989 0.0303
v -0.00337387001244 -0.0130688710405 0.0303
v -0.00342351660257 -0.0132723090821 0.0303
v -0.00346090789179 -0.0134783520684 0.0303
v -0.00348591002898 -0.0136862624188 0.0303
v -0.00349843351299 -0.0138952958684 0.0303
v -0.00349843351299 -0.0141047041316 0.0303
v -0.00348591002898 -0.0143137375812 0.0303
v -0.00346090789179 -0.0145216479316 0.0303
v -0.00342351660257 -0.0147276909179 0.0303
v -0.00337387001244 -0.0149311289595 0.0303
v -0.0033121458433 -0.0151312338011 0.0303
v -0.00323856505166 -0.0153272891193 0.0303
v -0.00315339103766 -0.0155185930869 0.0303
v -0.00305692870216 -0.0157044608854 0.0303
v -0.00294952335529 -0.0158842271563 0.0303
v -0.00283155948031 -0.016057248383 0.0303
v -0.00270345935729 -0.0162229051944 0.0303
v -0.0025656815514 -0.0163806045822 0.0303
v -0.00241871927145 -0.0165297820234 0.0303
v -0.00226309860426 -0.0166699035015 0.0303
v -0.00209937663141 -0.016800467418 0.0303
v -0.00192813943508 -0.016921006388 0.0303
v -0.00175 -0.0170310889132 0.0303
v -0.0015655960191 -0.0171303209268 0.0303
v -0.00137558761079 -0.0172183472039 0.0303
v -0.00118065495584 -0.0172948526333 0.0303
v -0.000981495862571 -0.0173595633454 0.0303
v -0.000778823268847 -0.0174122476926 0.0303
v -0.000573362689953 -0.0174527170787 0.0303
v -0.000365849621437 -0.0174808266338 0.0303
v -0.000157026906227 -0.0174964757329 0.0303
v 5.23579245534e-05 -0.0174996083563 0.0303
v 0.000261555327552 -0.0174902132901 0.0303
v 0.000469816430362 -0.0174683241662 0.0303
v 0.000676395712284 -0.0174340193419 0.0303
v 0.000880553673106 -0.0173874216196 0.0303
v 0.00108155948031 -0.017328697807 0.0303
v 0.00127869358528 -0.0172580581203 0.0303
v 0.00147125029908 -0.017175755431 0.0303
v 0.00165854031866 -0.0170820843615 0.0303
v 0.00183989319434 -0.0169773802299 0.0303
v 0.0020146597299 -0.0168620178498 0.0303
v 0.00218221430651 -0.0167364101886 0.0303
v 0.00234195712226 -0.0166010068892 0.0303
v 0.00249331633933 -0.0164562926601 0.0303
v 0.00263575013101 -0.0163027855408 0.0303
v 0.0027687486213 -0.0161410350469 0.0303
v 0.00289183571011 -0.0159716202032 0.0303
v 0.00300457077761 -0.0157951474709 0.0303
v 0.00310655026152 -0.0156122485766 0.0303
v 0.00319740910175 -0.0154235782508 0.0303
v 0.00327682204724 -0.0152298118843 0.0303
v 0.00334450482025 -0.0150316431104 0.0303
v 0.00340021513403 -0.014829781322 0.0303
v 0.0034437535601 -0.0146249491318 0.0303
v 0.0034749642422 -0.0144178797859 0.0303
v 0.00349373545419 -0.0142093145388 0.0303
v 0.0035 -0.014 0.0303
v 0.0035 -0.014 0.0298
v 0.00349373545419 -0.0137906854612 0.0298
v 0.0034749642422 -0.0135821202141 0.0298
v 0.0034437535601 -0.0133750508682 0.0298
v 0.00340021513403 -0.013170218678 0.0298
v 0.00334450482025 -0.0129683568896 0.0298
v 0.00327682204724 -0.0127701881157 0.0298
v 0.00319740910175 -0.0125764217492 0.0298
v 0.00310655026152 -0.0123877514234 0.0298
v 0.00300457077761 -0.0122048525291 0.0298
v 0.00289183571011 -0.0120283797968 0.0298
v 0.0027687486213 -0.0118589649531 0.0298
v 0.00263575013101 -0.0116972144592 0.0298
v 0.00249331633933 -0.0115437073399 0.0298
v 0.00234195712226 -0.0113989931108 0.0298
v 0.00218221430651 -0.0112635898114 0.0298
v 0.0020146597299 -0.0111379821502 0.0298
v 0.00183989319434 -0.0110226197701 0.0298
v 0.00165854031866 -0.0109179156385 0.0298
v 0.00147125029908 -0.010824244569 0.0298
v 0.00127869358528 -0.0107419418797 0.0298
v 0.00108155948031 -0.010671302193 0.0298
v 0.000880553673106 -0.0106125783804 0.0298
v 0.000676395712284 -0.0105659806581 0.0298
v 0.000469816430362 -0.0105316758338 0.0298
v 0.000261555327552 -0.0105097867099 0.0298
v 5.23579245534e-05 -0.0105003916437 0.0298
v -0.000157026906227 -0.0105035242671 0.0298
v -0.000365849621437 -0.0105191733662 0.0298
v -0.000573362689953 -0.0105472829213 0.0298
v -0.000778823268847 -0.0105877523074 0.0298
v -0.000981495862571 -0.0106404366546 0.0298
v -0.00118065495584 -0.0107051473667 0.0298
v -0.00137558761079 -0.0107816527961 0.0298
v -0.0015655960191 -0.0108696790732 0.0298
v -0.00175 -0.0109689110868 0.0298
v -0.00192813943508 -0.011078993612 0.0298
v -0.00209937663141 -0.011199532582 0.0298
v -0.00226309860426 -0.0113300964985 0.0298
v -0.00241871927145 -0.0114702179766 0.0298
v -0.0025656815514 -0.0116193954178 0.0298
v -0.00270345935729 -0.0117770948056 0.0298
v -0.00283155948031 -0.011942751617 0.0298
v -0.00294952335529 -0.0121157728437 0.0298
v -0.00305692870216 -0.0122955391146 0.0298
v -0.00315339103766 -0.0124814069131 0.0298
v -0.00323856505166 -0.0126727108807 0.0298
v -0.0033121458433 -0.0128687661989 0.0298
v -0.00337387001244 -0.0130688710405 0.0298
v -0.00342351660257 -0.0132723090821 0.0298
v -0.00346090789179 -0.0134783520684 0.0298
v -0.00348591002898 -0.0136862624188 0.0298
v -0.00349843351299 -0.0138952958684 0.0298
v -0.00349843351299 -0.0141047041316 0.0298
v -0.00348591002898 -0.0143137375812 0.0298
v -0.00346090789179 -0.0145216479316 0.0298
v -0.00342351660257 -0.0147276909179 0.0298
v -0.00337387001244 -0.0149311289595 0.0298
v -0.0033121458433 -0.0151312338011 0.0298
v -0.00323856505166 -0.0153272891193 0.0298
v -0.00315339103766 -0.0155185930869 0.0298
v -0.00305692870216 -0.0157044608854 0.0298
v -0.00294952335529 -0.0158842271563 0.0298
v -0.00283155948031 -0.016057248383 0.0298
v -0.00270345935729 -0.0162229051944 0.0298
v -0.0025656815514 -0.0163806045822 0.0298
v -0.00241871927145 -0.0165297820234 0.0298
v -0.00226309860426 -0.0166699035015 0.0298
v -0.00209937663141 -0.016800467418 0.0298
v -0.00192813943508 -0.016921006388 0.0298
v -0.00175 -0.0170310889132 0.0298
v -0.0015655960191 -0.0171303209268 0.0298
v -0.00137558761079 -0.0172183472039 0.0298
v -0.00118065495584 -0.0172948526333 0.0298
v -0.000981495862571 -0.0173595633454 0.0298
v -0.000778823268847 -0.0174122476926 0.0298
v -0.000573362689953 -0.0174527170787 0.0298
v -0.000365849621437 -0.0174808266338 0.0298
v -0.000157026906227 -0.0174964757329 0.0298
v 5.23579245534e-05 -0.0174996083563 0.0298
v 0.000261555327552 -0.0174902132901 0.0298
v 0.000469816430362 -0.0174683241662 0.0298
v 0.000676395712284 -0.0174340193419 0.0298
v 0.000880553673106 -0.0173874216196 0.0298
v 0.00108155948031 -0.017328697807 0.0298
v 0.00127869358528 -0.0172580581203 0.0298
v 0.00147125029908 -0.017175755431 0.0298
v 0.00165854031866 -0.0170820843615 0.0298
v 0.00183989319434 -0.0169773802299 0.0298
v 0.0020146597299 -0.0168620178498 0.0298
v 0.00218221430651 -0.0167364101886 0.0298
v 0.00234195712226 -0.0166010068892 0.0298
v 0.00249331633933 -0.0164562926601 0.0298
v 0.00263575013101 -0.0163027855408 0.0298
v 0.0027687486213 -0.0161410350469 0.0298
v 0.00289183571011 -0.0159716202032 0.0298
v 0.00300457077761 -0.0157951474709 0.0298
v 0.00310655026152 -0.0156122485766 0.0298
v 0.00319740910175 -0.0154235782508 0.0298
v 0.00327682204724 -0.0152298118843 0.0298
v 0.00334450482025 -0.0150316431104 0.0298
v 0.00340021513403 -0.014829781322 0.0298
v 0.0034437535601 -0.0146249491318 0.0298
v 0.0034749642422 -0.0144178797859 0.0298
v 0.00349373545419 -0.0142093145388 0.0298
v 0.0035 -0.014 0.0298
v 0.0035 -0.014 0.0303
v 0.00349373545419 -0.0137906854612 0.0303
v 0.0034749642422 -0.0135821202141 0.0303
v 0.0034437535601 -0.0133750508682 0.0303
v 0.00340021513403 -0.013170218678 0.0303
v 0.00334450482025 -0.0129683568896 0.0303
v 0.00327682204724 -0.0127701881157 0.0303
v 0.00319740910175 -0.0125764217492 0.0303
v 0.00310655026152 -0.0123877514234 0.0303
v 0.00300457077761 -0.0122048525291 0.0303
v 0.00289183571011 -0.0120283797968 0.0303
v 0.0027687486213 -0.0118589649531 0.0303
v 0.00263575013101 -0.0116972144592 0.0303
v 0.00249331633933 -0.0115437073399 0.0303
v 0.00234195712226 -0.0113989931108 0.0303
v 0.00218221430651 -0.0112635898114 0.0303
v 0.0020146597299 -0.0111379821502 0.0303
v 0.00183989319434 -0.0110226197701 0.0303
v 0.00165854031866 -0.0109179156385 0.0303
v 0.00147125029908 -0.010824244569 0.0303
v 0.00127869358528 -0.0107419418797 0.0303
v 0.00108155948031 -0.010671302193 0.0303
v 0.000880553673106 -0.0106125783804 0.0303
v 0.000676395712284 -0.0105659806581 0.0303
v 0.000469816430362 -0.0105316758338 0.0303
v 0.000261555327552 -0.0105097867099 0.0303
v 5.23579245534e-05 -0.0105003916437 0.0303
v -0.000157026906227 -0.0105035242671 0.0303
v -0.000365849621437 -0.0105191733662 0.0303
v -0.000573362689953 -0.0105472829213 0.0303
v -0.000778823268847 -0.0105877523074 0.0303
v -0.000981495862571 -0.0106404366546 0.0303
v -0.00118065495584 -0.0107051473667 0.0303
v -0.00137558761079 -0.0107816527961 0.0303
v -0.0015655960191 -0.0108696790732 0.0303
v -0.00175 -0.0109689110868 0.0303
v -0.00192813943508 -0.011078993612 0.0303
v -0.00209937663141 -0.011199532582 0.0303
v -0.00226309860426 -0.0113300964985 0.0303
v -0.00241871927145 -0.0114702179766 0.0303
v -0.0025656815514 -0.0116193954178 0.0303
v -0.00270345935729 -0.0117770948056 0.0303
v -0.00283155948031 -0.011942751617 0.0303
v -0.00294952335529 -0.0121157728437 0.0303
v -0.00305692870216 -0.0122955391146 0.0303
v -0.00315339103766 -0.0124814069131 0.0303
v -0.00323856505166 -0.0126727108807 0.0303
v -0.0033121458433 -0.0128687661989 0.0303
v -0.00337387001244 -0.0130688710405 0.0303
v -0.00342351660257 -0.0132723090821 0.0303
v -0.00346090789179 -0.0134783520684 0.0303
v -0.00348591002898 -0.0136862624188 0.0303
v -0.00349843351299 -0.0138952958684 0.0303
v -0.00349843351299 -0.0141047041316 0.0303
v -0.00348591002898 -0.0143137375812 0.0303
v -0.00346090789179 -0.0145216479316 0.0303
v -0.00342351660257 -0.0147276909179 0.0303
v -0.00337387001244 -0.0149311289595 0.0303
v -0.0033121458433 -0.0151312338011 0.0303
v -0.00323856505166 -0.0153272891193 0.0303
v -0.00315339103766 -0.0155185930869 0.0303
v -0.00305692870216 -0.0157044608854 0.0303
v -0.00294952335529 -0.0158842271563 0.0303
v -0.00283155948031 -0.016057248383 0.0303
v -0.00270345935729 -0.0162229051944 0.0303
v -0.0025656815514 -0.0163806045822 0.0303
v -0.00241871927145 -0.0165297820234 0.0303
v -0.00226309860426 -0.0166699035015 0.0303
v -0.00209937663141 -0.016800467418 0.0303
v -0.00192813943508 -0.016921006388 0.0303
v -0.00175 -0.0170310889132 0.0303
v -0.0015655960191 -0.0171303209268 0.0303
v -0.00137558761079 -0.0172183472039 0.0303
v -0.00118065495584 -0.0172948526333 0.0303
v -0.000981495862571 -0.0173595633454 0.0303
v -0.000778823268847 -0.0174122476926 0.0303
v -0.000573362689953 -0.0174527170787 0.0303
v -0.000365849621437 -0.0174808266338 0.0303
v -0.000157026906227 -0.0174964757329 0.0303
v 5.23579245534e-05 -0.0174996083563 0.0303
v 0.000261555327552 -0.0174902132901 0.0303
v 0.000469816430362 -0.0174683241662 0.0303
v 0.000676395712284 -0.0174340193419 0.0303
v 0.000880553673106 -0.0173874216196 0.0303
v 0.00108155948031 -0.017328697807 0.0303
v 0.00127869358528 -0.0172580581203 0.0303
v 0.00147125029908 -0.017175755431 0.0303
v 0.00165854031866 -0.0170820843615 0.0303
v 0.00183989319434 -0.0169773802299 0.0303
v 0.0020146597299 -0.0168620178498 0.0303
v 0.00218221430651 -0.0167364101886 0.0303
v 0.00234195712226 -0.0166010068892 0.0303
v 0.00249331633933 -0.0164562926601 0.0303
v 0.00263575013101 -0.0163027855408 0.0303
v 0.0027687486213 -0.0161410350469 0.0303
v 0.00289183571011 -0.0159716202032 0.0303
v 0.00300457077761 -0.0157951474709 0.0303
v 0.00310655026152 -0.0156122485766 0.0303
v 0.00319740910175 -0.0154235782508 0.0303
v 0.00327682204724 -0.0152298118843 0.0303
v 0.00334450482025 -0.0150316431104 0.0303
v 0.00340021513403 -0.014829781322 0.0303
v 0.0034437535601 -0.0146249491318 0.0303
v 0.0034749642422 -0.0144178797859 0.0303
v 0.00349373545419 -0.0142093145388 0.0303
v 0.0011 -0.014 0.0303
v 0.00109803114274 -0.0139342154307 0.0303
v 0.00109213161898 -0.013868666353 0.0303
v 0.00108232254746 -0.0138035874157 0.0303
v 0.00106863904212 -0.0137392115845 0.0303
v 0.00105113008636 -0.0136757693081 0.0303
v 0.0010298583577 -0.0136134876935 0.0303
v 0.00100490000341 -0.0135525896926 0.0303
v 0.000976344367905 -0.0134932933045 0.0303
v 0.000944293672962 -0.0134358107949 0.0303
v 0.000908862651748 -0.0133803479361 0.0303
v 0.000870178138122 -0.013327103271 0.0303
v 0.000828378612604 -0.0132762674015 0.0303
v 0.000783613706646 -0.0132280223068 0.0303
v 0.000736043666995 -0.013182540692 0.0303
v 0.000685838782045 -0.0131399853693 0.0303
v 0.000633178772254 -0.0131005086758 0.0303
v 0.000578252146792 -0.0130642519277 0.0303
v 0.00052125552872 -0.013031344915 0.0303
v 0.000462392951141 -0.013001905436 0.0303
v 0.000401875126803 -0.0129760388765 0.0303
v 0.000339918693812 -0.0129538378321 0.0303
v 0.000276745440119 -0.0129353817767 0.0303
v 0.000212581509575 -0.0129207367783 0.0303
v 0.000147656592399 -0.0129099552621 0.0303
v 8.22031029451e-05 -0.0129030758231 0.0303
v 1.64553477168e-05 -0.012900123088 0.0303
v -4.93513133856e-05 -0.0129011076268 0.0303
v -0.000114981309594 -0.0129060259151 0.0303
v -0.000180199702557 -0.0129148603467 0.0303
v -0.000244773027352 -0.0129275792966 0.0303
v -0.000308470128237 -0.0129441372343 0.0303
v -0.000371062986121 -0.0129644748867 0.0303
v -0.000432327534819 -0.0129885194502 0.0303
v -0.000492044463147 -0.0130161848516 0.0303
v -0.00055 -0.0130473720558 0.0303
v -0.000605986679597 -0.0130819694209 0.0303
v -0.000659804084157 -0.0131198530972 0.0303
v -0.000711259561337 -0.013160887471 0.0303
v -0.000760168913886 -0.0132049256498 0.0303
v -0.000806357059013 -0.0132518099885 0.0303
v -0.000849658655147 -0.0133013726532 0.0303
v -0.000889918693812 -0.0133534362225 0.0303
v -0.000926993054519 -0.0134078143223 0.0303
v -0.000960749020679 -0.0134643122932 0.0303
v -0.000991065754693 -0.013522727887 0.0303
v -0.00101783473052 -0.0135828519911 0.0303
v -0.00104096012218 -0.0136444693768 0.0303
v -0.00106035914677 -0.0137073594699 0.0303
v -0.00107596236081 -0.0137712971401 0.0303
v -0.00108771390885 -0.0138360535072 0.0303
v -0.00109557172339 -0.0139013967602 0.0303
v -0.00109950767551 -0.0139670929872 0.0303
v -0.00109950767551 -0.0140329070128 0.0303
v -0.00109557172339 -0.0140986032398 0.0303
v -0.00108771390885 -0.0141639464928 0.0303
v -0.00107596236081 -0.0142287028599 0.0303
v -0.00106035914677 -0.0142926405301 0.0303
v -0.00104096012218 -0.0143555306232 0.0303
v -0.00101783473052 -0.0144171480089 0.0303
v -0.000991065754693 -0.014477272113 0.0303
v -0.000960749020679 -0.0145356877068 0.0303
v -0.000926993054519 -0.0145921856777 0.0303
v -0.000889918693812 -0.0146465637775 0.0303
v -0.000849658655147 -0.0146986273468 0.0303
v -0.000806357059013 -0.0147481900115 0.0303
v -0.000760168913886 -0.0147950743502 0.0303
v -0.000711259561337 -0.014839112529 0.0303
v -0.000659804084157 -0.0148801469028 0.0303
v -0.000605986679597 -0.0149180305791 0.0303
v -0.00055 -0.0149526279442 0.0303
v -0.000492044463147 -0.0149838151484 0.0303
v -0.000432327534819 -0.0150114805498 0.0303
v -0.000371062986121 -0.0150355251133 0.0303
v -0.000308470128237 -0.0150558627657 0.0303
v -0.000244773027352 -0.0150724207034 0.0303
v -0.000180199702557 -0.0150851396533 0.0303
v -0.000114981309594 -0.0150939740849 0.0303
v -4.93513133856e-05 -0.0150988923732 0.0303
v 1.64553477168e-05 -0.015099876912 0.0303
v 8.22031029451e-05 -0.0150969241769 0.0303
v 0.000147656592399 -0.0150900447379 0.0303
v 0.000212581509575 -0.0150792632217 0.0303
v 0.000276745440119 -0.0150646182233 0.0303
v 0.000339918693812 -0.0150461621679 0.0303
v 0.000401875126803 -0.0150239611235 0.0303
v 0.000462392951141 -0.014998094564 0.0303
v 0.00052125552872 -0.014968655085 0.0303
v 0.000578252146792 -0.0149357480723 0.0303
v 0.000633178772254 -0.0148994913242 0.0303
v 0.000685838782045 -0.0148600146307 0.0303
v 0.000736043666995 -0.014817459308 0.0303
v 0.000783613706646 -0.0147719776932 0.0303
v 0.000828378612604 -0.0147237325985 0.0303
v 0.000870178138122 -0.014672896729 0.0303
v 0.000908862651748 -0.0146196520639 0.0303
v 0.000944293672962 -0.0145641892051 0.0303
v 0.000976344367905 -0.0145067066955 0.0303
v 0.00100490000341 -0.0144474103074 0.0303
v 0.0010298583577 -0.0143865123065 0.0303
v 0.00105113008636 -0.0143242306919 0.0303
v 0.00106863904212 -0.0142607884155 0.0303
v 0.00108232254746 -0.0141964125843 0.0303
v 0.00109213161898 -0.014131333647 0.0303
v 0.00109803114274 -0.0140657845693 0.0303
v 0.0035 -0.014 0.0298
v 0.00349373545419 -0.0137906854612 0.0298
v 0.0034749642422 -0.0135821202141 0.0298
v 0.0034437535601 -0.0133750508682 0.0298
v 0.00340021513403 -0.013170218678 0.0298
v 0.00334450482025 -0.0129683568896 0.0298
v 0.00327682204724 -0.0127701881157 0.0298
v 0.00319740910175 -0.0125764217492 0.0298
v 0.00310655026152 -0.0123877514234 0.0298
v 0.00300457077761 -0.0122048525291 0.0298
v 0.00289183571011 -0.0120283797968 0.0298
v 0.0027687486213 -0.0118589649531 0.0298
v 0.00263575013101 -0.0116972144592 0.0298
v 0.00249331633933 -0.0115437073399 0.0298
v 0.00234195712226 -0.0113989931108 0.0298
v 0.00218221430651 -0.0112635898114 0.0298
v 0.0020146597299 -0.0111379821502 0.0298
v 0.00183989319434 -0.0110226197701 0.0298
v 0.00165854031866 -0.0109179156385 0.0298
v 0.00147125029908 -0.010824244569 0.0298
v 0.00127869358528 -0.0107419418797 0.0298
v 0.00108155948031 -0.010671302193 0.0298
v 0.000880553673106 -0.0106125783804 0.0298
v 0.000676395712284 -0.0105659806581 0.0298
v 0.000469816430362 -0.0105316758338 0.0298
v 0.000261555327552 -0.0105097867099 0.0298
v 5.23579245534e-05 -0.0105003916437 0.0298
v -0.000157026906227 -0.0105035242671 0.0298
v -0.000365849621437 -0.0105191733662 0.0298
v -0.000573362689953 -0.0105472829213 0.0298
v -0.000778823268847 -0.0105877523074 0.0298
v -0.000981495862571 -0.0106404366546 0.0298
v -0.00118065495584 -0.0107051473667 0.0298
v -0.00137558761079 -0.0107816527961 0.0298
v -0.0015655960191 -0.0108696790732 0.0298
v -0.00175 -0.0109689110868 0.0298
v -0.00192813943508 -0.011078993612 0.0298
v -0.00209937663141 -0.011199532582 0.0298
v -0.00226309860426 -0.0113300964985 0.0298
v -0.00241871927145 -0.0114702179766 0.0298
v -0.0025656815514 -0.0116193954178 0.0298
v -0.00270345935729 -0.0117770948056 0.0298
v -0.00283155948031 -0.011942751617 0.0298
v -0.00294952335529 -0.0121157728437 0.0298
v -0.00305692870216 -0.0122955391146 0.0298
v -0.00315339103766 -0.0124814069131 0.0298
v -0.00323856505166 -0.0126727108807 0.0298
v -0.0033121458433 -0.0128687661989 0.0298
v -0.00337387001244 -0.0130688710405 0.0298
v -0.00342351660257 -0.0132723090821 0.0298
v -0.00346090789179 -0.0134783520684 0.0298
v -0.00348591002898 -0.0136862624188 0.0298
v -0.00349843351299 -0.0138952958684 0.0298
v -0.00349843351299 -0.0141047041316 0.0298
v -0.00348591002898 -0.0143137375812 0.0298
v -0.00346090789179 -0.0145216479316 0.0298
v -0.00342351660257 -0.0147276909179 0.0298
v -0.00337387001244 -0.0149311289595 0.0298
v -0.0033121458433 -0.0151312338011 0.0298
v -0.00323856505166 -0.0153272891193 0.0298
v -0.00315339103766 -0.0155185930869 0.0298
v -0.00305692870216 -0.0157044608854 0.0298
v -0.00294952335529 -0.0158842271563 0.0298
v -0.00283155948031 -0.016057248383 0.0298
v -0.00270345935729 -0.0162229051944 0.0298
v -0.0025656815514 -0.0163806045822 0.0298
v -0.00241871927145 -0.0165297820234 0.0298
v -0.00226309860426 -0.0166699035015 0.0298
v -0.00209937663141 -0.016800467418 0.0298
v -0.00192813943508 -0.016921006388 0.0298
v -0.00175 -0.0170310889132 0.0298
v -0.0015655960191 -0.0171303209268 0.0298
v -0.00137558761079 -0.0172183472039 0.0298
v -0.00118065495584 -0.0172948526333 0.0298
v -0.000981495862571 -0.0173595633454 0.0298
v -0.000778823268847 -0.0174122476926 0.0298
v -0.000573362689953 -0.0174527170787 0.0298
v -0.000365849621437 -0.0174808266338 0.0298
v -0.000157026906227 -0.0174964757329 0.0298
v 5.23579245534e-05 -0.0174996083563 0.0298
v 0.000261555327552 -0.0174902132901 0.0298
v 0.000469816430362 -0.0174683241662 0.0298
v 0.000676395712284 -0.0174340193419 0.0298
v 0.000880553673106 -0.0173874216196 0.0298
v 0.00108155948031 -0.017328697807 0.0298
v 0.00127869358528 -0.0172580581203 0.0298
v 0.00147125029908 -0.017175755431 0.0298
v 0.00165854031866 -0.0170820843615 0.0298
v 0.00183989319434 -0.0169773802299 0.0298
v 0.0020146597299 -0.0168620178498 0.0298
v 0.00218221430651 -0.0167364101886 0.0298
v 0.00234195712226 -0.0166010068892 0.0298
v 0.00249331633933 -0.0164562926601 0.0298
v 0.00263575013101 -0.0163027855408 0.0298
v 0.0027687486213 -0.0161410350469 0.0298
v 0.00289183571011 -0.0159716202032 0.0298
v 0.00300457077761 -0.0157951474709 0.0298
v 0.00310655026152 -0.0156122485766 0.0298
v 0.00319740910175 -0.0154235782508 0.0298
v 0.00327682204724 -0.0152298118843 0.0298
v 0.00334450482025 -0.0150316431104 0.0298
v 0.00340021513403 -0.014829781322 0.0298
v 0.0034437535601 -0.0146249491318 0.0298
v 0.0034749642422 -0.0144178797859 0.0298
v 0.00349373545419 -0.0142093145388 0.0298
v 0.0011 -0.014 0.0298
v 0.00109803114274 -0.0139342154307 0.0298
v 0.00109213161898 -0.013868666353 0.0298
v 0.00108232254746 -0.0138035874157 0.0298
v 0.00106863904212 -0.0137392115845 0.0298
v 0.00105113008636 -0.0136757693081 0.0298
v 0.0010298583577 -0.0136134876935 0.0298
v 0.00100490000341 -0.0135525896926 0.0298
v 0.000976344367905 -0.0134932933045 0.0298
v 0.000944293672962 -0.0134358107949 0.0298
v 0.000908862651748 -0.0133803479361 0.0298
v 0.000870178138122 -0.013327103271 0.0298
v 0.000828378612604 -0.0132762674015 0.0298
v 0.000783613706646 -0.0132280223068 0.0298
v 0.000736043666995 -0.013182540692 0.0298
v 0.000685838782045 -0.0131399853693 0.0298
v 0.000633178772254 -0.0131005086758 0.0298
v 0.000578252146792 -0.0130642519277 0.0298
v 0.00052125552872 -0.013031344915 0.0298
v 0.000462392951141 -0.013001905436 0.0298
v 0.000401875126803 -0.0129760388765 0.0298
v 0.000339918693812 -0.0129538378321 0.0298
v 0.000276745440119 -0.0129353817767 0.0298
v 0.000212581509575 -0.0129207367783 0.0298
v 0.000147656592399 -0.0129099552621 0.0298
v 8.22031029451e-05 -0.0129030758231 0.0298
v 1.64553477168e-05 -0.012900123088 0.0298
v -4.93513133856e-05 -0.0129011076268 0.0298
v -0.000114981309594 -0.0129060259151 0.0298
v -0.000180199702557 -0.0129148603467 0.0298
v -0.000244773027352 -0.0129275792966 0.0298
v -0.000308470128237 -0.0129441372343 0.0298
v -0.000371062986121 -0.0129644748867 0.0298
v -0.000432327534819 -0.0129885194502 0.0298
v -0.000492044463147 -0.0130161848516 0.0298
v -0.00055 -0.0130473720558 0.0298
v -0.000605986679597 -0.0130819694209 0.0298
v -0.000659804084157 -0.0131198530972 0.0298
v -0.000711259561337 -0.013160887471 0.0298
v -0.000760168913886 -0.0132049256498 0.0298
v -0.000806357059013 -0.0132518099885 0.0298
v -0.000849658655147 -0.0133013726532 0.0298
v -0.000889918693812 -0.0133534362225 0.0298
v -0.000926993054519 -0.0134078143223 0.0298
v -0.000960749020679 -0.0134643122932 0.0298
v -0.000991065754693 -0.013522727887 0.0298
v -0.00101783473052 -0.0135828519911 0.0298
v -0.00104096012218 -0.0136444693768 0.0298
v -0.00106035914677 -0.0137073594699 0.0298
v -0.00107596236081 -0.0137712971401 0.0298
v -0.00108771390885 -0.0138360535072 0.0298
v -0.00109557172339 -0.0139013967602 0.0298
v -0.00109950767551 -0.0139670929872 0.0298
v -0.00109950767551 -0.0140329070128 0.0298
v -0.00109557172339 -0.0140986032398 0.0298
v -0.00108771390885 -0.0141639464928 0.0298
v -0.00107596236081 -0.0142287028599 0.0298
v -0.00106035914677 -0.0142926405301 0.0298
v -0.00104096012218 -0.0143555306232 0.0298
v -0.00101783473052 -0.0144171480089 0.0298
v -0.000991065754693 -0.014477272113 0.0298
v -0.000960749020679 -0.0145356877068 0.0298
v -0.000926993054519 -0.0145921856777 0.0298
v -0.000889918693812 -0.0146465637775 0.0298
v -0.000849658655147 -0.0146986273468 0.0298
v -0.000806357059013 -0.0147481900115 0.0298
v -0.000760168913886 -0.0147950743502 0.0298
v -0.000711259561337 -0.014839112529 0.0298
v -0.000659804084157 -0.0148801469028 0.0298
v -0.000605986679597 -0.0149180305791 0.0298
v -0.00055 -0.0149526279442 0.0298
v -0.000492044463147 -0.0149838151484 0.0298
v -0.000432327534819 -0.0150114805498 0.0298
v -0.000371062986121 -0.0150355251133 0.0298
v -0.000308470128237 -0.0150558627657 0.0298
v -0.000244773027352 -0.0150724207034 0.0298
v -0.000180199702557 -0.0150851396533 0.0298
v -0.000114981309594 -0.0150939740849 0.0298
v -4.93513133856e-05 -0.0150988923732 0.0298
v 1.64553477168e-05 -0.015099876912 0.0298
v 8.22031029451e-05 -0.0150969241769 0.0298
v 0.000147656592399 -0.0150900447379 0.0298
v 0.000212581509575 -0.0150792632217 0.0298
v 0.000276745440119 -0.0150646182233 0.0298
v 0.000339918693812 -0.0150461621679 0.0298
v 0.000401875126803 -0.0150239611235 0.0298
v 0.000462392951141 -0.014998094564 0.0298
v 0.00052125552872 -0.014968655085 0.0298
v 0.000578252146792 -0.0149357480723 0.0298
v 0.000633178772254 -0.0148994913242 0.0298
v 0.000685838782045 -0.0148600146307 0.0298
v 0.000736043666995 -0.014817459308 0.0298
v 0.000783613706646 -0.0147719776932 0.0298
v 0.000828378612604 -0.0147237325985 0.0298
v 0.000870178138122 -0.014672896729 0.0298
v 0.000908862651748 -0.0146196520639 0.0298
v 0.000944293672962 -0.0145641892051 0.0298
v 0.000976344367905 -0.0145067066955 0.0298
v 0.00100490000341 -0.0144474103074 0.0298
v 0.0010298583577 -0.0143865123065 0.0298
v 0.00105113008636 -0.0143242306919 0.0298
v 0.00106863904212 -0.0142607884155 0.0298
v 0.00108232254746 -0.0141964125843 0.0298
v 0.00109213161898 -0.014131333647 0.0298
v 0.00109803114274 -0.0140657845693 0.0298
v 0.0011 -0.014 0.0303
v 0.00109803114274 -0.0139342154307 0.0303
v 0.00109213161898 -0.013868666353 0.0303
v 0.00108232254746 -0.0138035874157 0.0303
v 0.00106863904212 -0.0137392115845 0.0303
v 0.00105113008636 -0.0136757693081 0.0303
v 0.0010298583577 -0.0136134876935 0.0303
v 0.00100490000341 -0.0135525896926 0.0303
v 0.000976344367905 -0.0134932933045 0.0303
v 0.000944293672962 -0.0134358107949 0.0303
v 0.000908862651748 -0.0133803479361 0.0303
v 0.000870178138122 -0.013327103271 0.0303
v 0.000828378612604 -0.0132762674015 0.0303
v 0.000783613706646 -0.0132280223068 0.0303
v 0.000736043666995 -0.013182540692 0.0303
v 0.000685838782045 -0.0131399853693 0.0303
v 0.000633178772254 -0.0131005086758 0.0303
v 0.000578252146792 -0.0130642519277 0.0303
v 0.00052125552872 -0.013031344915 0.0303
v 0.000462392951141 -0.013001905436 0.0303
v 0.000401875126803 -0.0129760388765 0.0303
v 0.000339918693812 -0.0129538378321 0.0303
v 0.000276745440119 -0.0129353817767 0.0303
v 0.000212581509575 -0.0129207367783 0.0303
v 0.000147656592399 -0.0129099552621 0.0303
v 8.22031029451e-05 -0.0129030758231 0.0303
v 1.64553477168e-05 -0.012900123088 0.0303
v -4.93513133856e-05 -0.0129011076268 0.0303
v -0.000114981309594 -0.0129060259151 0.0303
v -0.000180199702557 -0.0129148603467 0.0303
v -0.000244773027352 -0.0129275792966 0.0303
v -0.000308470128237 -0.0129441372343 0.0303
v -0.000371062986121 -0.0129644748867 0.0303
v -0.000432327534819 -0.0129885194502 0.0303
v -0.000492044463147 -0.0130161848516 0.0303
v -0.00055 -0.0130473720558 0.0303
v -0.000605986679597 -0.0130819694209 0.0303
v -0.000659804084157 -0.0131198530972 0.0303
v -0.000711259561337 -0.013160887471 0.0303
v -0.000760168913886 -0.0132049256498 0.0303
v -0.000806357059013 -0.0132518099885 0.0303
v -0.000849658655147 -0.0133013726532 0.0303
v -0.000889918693812 -0.0133534362225 0.0303
v -0.000926993054519 -0.0134078143223 0.0303
v -0.000960749020679 -0.0134643122932 0.0303
v -0.000991065754693 -0.013522727887 0.0303
v -0.00101783473052 -0.0135828519911 0.0303
v -0.00104096012218 -0.0136444693768 0.0303
v -0.00106035914677 -0.0137073594699 0.0303
v -0.00107596236081 -0.0137712971401 0.0303
v -0.00108771390885 -0.0138360535072 0.0303
v -0.00109557172339 -0.0139013967602 0.0303
v -0.00109950767551 -0.0139670929872 0.0303
v -0.00109950767551 -0.0140329070128 0.0303
v -0.00109557172339 -0.0140986032398 0.0303
v -0.00108771390885 -0.0141639464928 0.0303
v -0.00107596236081 -0.0142287028599 0.0303
v -0.00106035914677 -0.0142926405301 0.0303
v -0.00104096012218 -0.0143555306232 0.0303
v -0.00101783473052 -0.0144171480089 0.0303
v -0.000991065754693 -0.014477272113 0.0303
v -0.000960749020679 -0.0145356877068 0.0303
v -0.000926993054519 -0.0145921856777 0.0303
v -0.000889918693812 -0.0146465637775 0.0303
v -0.000849658655147 -0.0146986273468 0.0303
v -0.000806357059013 -0.0147481900115 0.0303
v -0.000760168913886 -0.0147950743502 0.0303
v -0.000711259561337 -0.014839112529 0.0303
v -0.000659804084157 -0.0148801469028 0.0303
v -0.000605986679597 -0.0149180305791 0.0303
v -0.00055 -0.0149526279442 0.0303
v -0.000492044463147 -0.0149838151484 0.0303
v -0.000432327534819 -0.0150114805498 0.0303
v -0.000371062986121 -0.0150355251133 0.0303
v -0.000308470128237 -0.0150558627657 0.0303
v -0.000244773027352 -0.0150724207034 0.0303
v -0.000180199702557 -0.0150851396533 0.0303
v -0.000114981309594 -0.0150939740849 0.0303
v -4.93513133856e-05 -0.0150988923732 0.0303
v 1.64553477168e-05 -0.015099876912 0.0303
v 8.22031029451e-05 -0.0150969241769 0.0303
v 0.000147656592399 -0.0150900447379 0.0303
v 0.000212581509575 -0.0150792632217 0.0303
v 0.000276745440119 -0.0150646182233 0.0303
v 0.000339918693812 -0.0150461621679 0.0303
v 0.000401875126803 -0.0150239611235 0.0303
v 0.000462392951141 -0.014998094564 0.0303
v 0.00052125552872 -0.014968655085 0.0303
v 0.000578252146792 -0.0149357480723 0.0303
v 0.000633178772254 -0.0148994913242 0.0303
v 0.000685838782045 -0.0148600146307 0.0303
v 0.000736043666995 -0.014817459308 0.0303
v 0.000783613706646 -0.0147719776932 0.0303
v 0.000828378612604 -0.0147237325985 0.0303
v 0.000870178138122 -0.014672896729 0.0303
v 0.000908862651748 -0.0146196520639 0.0303
v 0.000944293672962 -0.0145641892051 0.0303
v 0.000976344367905 -0.0145067066955 0.0303
v 0.00100490000341 -0.0144474103074 0.0303
v 0.0010298583577 -0.0143865123065 0.0303
v 0.00105113008636 -0.0143242306919 0.0303
v 0.00106863904212 -0.0142607884155 0.0303
v 0.00108232254746 -0.0141964125843 0.0303
v 0.00109213161898 -0.014131333647 0.0303
v 0.00109803114274 -0.0140657845693 0.0303
v 0.0011 -0.014 0.0303
v 0.0011 -0.014 0.0298
v 0.00109803114274 -0.0139342154307 0.0298
v 0.00109213161898 -0.013868666353 0.0298
v 0.00108232254746 -0.0138035874157 0.0298
v 0.00106863904212 -0.0137392115845 0.0298
v 0.00105113008636 -0.0136757693081 0.0298
v 0.0010298583577 -0.0136134876935 0.0298
v 0.00100490000341 -0.0135525896926 0.0298
v 0.000976344367905 -0.0134932933045 0.0298
v 0.000944293672962 -0.0134358107949 0.0298
v 0.000908862651748 -0.0133803479361 0.0298
v 0.000870178138122 -0.013327103271 0.0298
v 0.000828378612604 -0.0132762674015 0.0298
v 0.000783613706646 -0.0132280223068 0.0298
v 0.000736043666995 -0.013182540692 0.0298
v 0.000685838782045 -0.0131399853693 0.0298
v 0.000633178772254 -0.0131005086758 0.0298
v 0.000578252146792 -0.0130642519277 0.0298
v 0.00052125552872 -0.013031344915 0.0298
v 0.000462392951141 -0.013001905436 0.0298
v 0.000401875126803 -0.0129760388765 0.0298
v 0.000339918693812 -0.0129538378321 0.0298
v 0.000276745440119 -0.0129353817767 0.0298
v 0.000212581509575 -0.0129207367783 0.0298
v 0.000147656592399 -0.0129099552621 0.0298
v 8.22031029451e-05 -0.0129030758231 0.0298
v 1.64553477168e-05 -0.012900123088 0.0298
v -4.93513133856e-05 -0.0129011076268 0.0298
v -0.000114981309594 -0.0129060259151 0.0298
v -0.000180199702557 -0.0129148603467 0.0298
v -0.000244773027352 -0.0129275792966 0.0298
v -0.000308470128237 -0.0129441372343 0.0298
v -0.000371062986121 -0.0129644748867 0.0298
v -0.000432327534819 -0.0129885194502 0.0298
v -0.000492044463147 -0.0130161848516 0.0298
v -0.00055 -0.0130473720558 0.0298
v -0.000605986679597 -0.0130819694209 0.0298
v -0.000659804084157 -0.0131198530972 0.0298
v -0.000711259561337 -0.013160887471 0.0298
v -0.000760168913886 -0.0132049256498 0.0298
v -0.000806357059013 -0.0132518099885 0.0298
v -0.000849658655147 -0.0133013726532 0.0298
v -0.000889918693812 -0.0133534362225 0.0298
v -0.000926993054519 -0.0134078143223 0.0298
v -0.000960749020679 -0.0134643122932 0.0298
v -0.000991065754693 -0.013522727887 0.0298
v -0.00101783473052 -0.0135828519911 0.0298
v -0.00104096012218 -0.0136444693768 0.0298
v -0.00106035914677 -0.0137073594699 0.0298
v -0.00107596236081 -0.0137712971401 0.0298
v -0.00108771390885 -0.0138360535072 0.0298
v -0.00109557172339 -0.0139013967602 0.0298
v -0.00109950767551 -0.0139670929872 0.0298
v -0.00109950767551 -0.0140329070128 0.0298
v -0.00109557172339 -0.0140986032398 0.0298
v -0.00108771390885 -0.0141639464928 0.0298
v -0.00107596236081 -0.0142287028599 0.0298
v -0.00106035914677 -0.0142926405301 0.0298
v -0.00104096012218 -0.0143555306232 0.0298
v -0.00101783473052 -0.0144171480089 0.0298
v -0.000991065754693 -0.014477272113 0.0298
v -0.000960749020679 -0.0145356877068 0.0298
v -0.000926993054519 -0.0145921856777 0.0298
v -0.000889918693812 -0.0146465637775 0.0298
v -0.000849658655147 -0.0146986273468 0.0298
v -0.000806357059013 -0.0147481900115 0.0298
v -0.000760168913886 -0.0147950743502 0.0298
v -0.000711259561337 -0.014839112529 0.0298
v -0.000659804084157 -0.0148801469028 0.0298
v -0.000605986679597 -0.0149180305791 0.0298
v -0.00055 -0.0149526279442 0.0298
v -0.000492044463147 -0.0149838151484 0.0298
v -0.000432327534819 -0.0150114805498 0.0298
v -0.000371062986121 -0.0150355251133 0.0298
v -0.000308470128237 -0.0150558627657 0.0298
v -0.000244773027352 -0.0150724207034 0.0298
v -0.000180199702557 -0.0150851396533 0.0298
v -0.000114981309594 -0.0150939740849 0.0298
v -4.93513133856e-05 -0.0150988923732 0.0298
v 1.64553477168e-05 -0.015099876912 0.0298
v 8.22031029451e-05 -0.0150969241769 0.0298
v 0.000147656592399 -0.0150900447379 0.0298
v 0.000212581509575 -0.0150792632217 0.0298
v 0.000276745440119 -0.0150646182233 0.0298
v 0.000339918693812 -0.0150461621679 0.0298
v 0.000401875126803 -0.0150239611235 0.0298
v 0.000462392951141 -0.014998094564 0.0298
v 0.00052125552872 -0.014968655085 0.0298
v 0.000578252146792 -0.0149357480723 0.0298
v 0.000633178772254 -0.0148994913242 0.0298
v 0.000685838782045 -0.0148600146307 0.0298
v 0.000736043666995 -0.014817459308 0.0298
v 0.000783613706646 -0.0147719776932 0.0298
v 0.000828378612604 -0.0147237325985 0.0298
v 0.000870178138122 -0.014672896729 0.0298
v 0.000908862651748 -0.0146196520639 0.0298
v 0.000944293672962 -0.0145641892051 0.0298
v 0.000976344367905 -0.0145067066955 0.0298
v 0.00100490000341 -0.0144474103074 0.0298
v 0.0010298583577 -0.0143865123065 0.0298
v 0.00105113008636 -0.0143242306919 0.0298
v 0.00106863904212 -0.0142607884155 0.0298
v 0.00108232254746 -0.0141964125843 0.0298
v 0.00109213161898 -0.014131333647 0.0298
v 0.00109803114274 -0.0140657845693 0.0298
v 0.0011 -0.014 0.0298
v 0 -0.0121 0.0323
v -0.000113627892496 -0.0121034007534 0.0323
v -0.000226849026626 -0.01211359084 0.0323
v -0.000339258100117 -0.0121305337817 0.0323
v -0.000450452717659 -0.0121541689272 0.0323
v -0.000560034831381 -0.012184411669 0.0323
v -0.000667612165755 -0.0122211537458 0.0323
v -0.000772799621844 -0.0122642636305 0.0323
v -0.000875220655856 -0.0123135870009 0.0323
v -0.000974508627071 -0.0123689472922 0.0323
v -0.00107030811032 -0.0124301463288 0.0323
v -0.00116227616832 -0.0124969650342 0.0323
v -0.00125008357929 -0.0125691642146 0.0323
v -0.00133341601548 -0.0126464854158 0.0323
v -0.00141197516841 -0.0127286518479 0.0323
v -0.00148547981669 -0.0128153693765 0.0323
v -0.00155366683276 -0.0129063275752 0.0323
v -0.00161629212481 -0.0130012008374 0.0323
v -0.00167313151053 -0.0130996495413 0.0323
v -0.00172398151968 -0.0132013212662 0.0323
v -0.00176866012242 -0.0133058520537 0.0323
v -0.00180700738096 -0.0134128677107 0.0323
v -0.00183888602206 -0.0135219851489 0.0323
v -0.00186418192845 -0.0136328137562 0.0323
v -0.00188280454736 -0.0137449567949 0.0323
v -0.00189468721464 -0.0138580128222 0.0323
v -0.00189978739344 -0.0139715771267 0.0323
v -0.00189808682643 -0.0140852431777 0.0323
v -0.0018895916012 -0.0141986040802 0.0323
v -0.00187433212845 -0.0143112540317 0.0323
v -0.00185236303315 -0.0144227897745 0.0323
v -0.00182376295893 -0.0145328120397 0.0323
v -0.00178863428666 -0.014640926976 0.0323
v -0.00174710276785 -0.0147467475601 0.0323
v -0.00169931707457 -0.0148498949818 0.0323
v -0.00164544826719 -0.01495 0.0323
v -0.00158568918207 -0.0150467042648 0.0323
v -0.00152025374122 -0.0151396615999 0.0323
v -0.00144937618654 -0.0152285392423 0.0323
v -0.00137331024127 -0.0153130190331 0.0323
v -0.00129232820176 -0.0153927985565 0.0323
v -0.0012067199627 -0.0154675922225 0.0323
v -0.00111679197936 -0.0155371322893 0.0323
v -0.00102286617057 -0.0156011698214 0.0323
v -0.000925278766368 -0.0156594755812 0.0323
v -0.000824379104323 -0.015711840849 0.0323
v -0.000720528379041 -0.0157580781709 0.0323
v -0.000614098349163 -0.0157980220292 0.0323
v -0.000505470006577 -0.0158315294353 0.0323
v -0.000395032212554 -0.0158584804414 0.0323
v -0.000283180305735 -0.0158787785698 0.0323
v -0.000170314686917 -0.0158923511586 0.0323
v -5.68393857219e-05 -0.0158991496213 0.0323
v 5.68393857219e-05 -0.0158991496213 0.0323
v 0.000170314686917 -0.0158923511586 0.0323
v 0.000283180305735 -0.0158787785698 0.0323
v 0.000395032212554 -0.0158584804414 0.0323
v 0.000505470006577 -0.0158315294353 0.0323
v 0.000614098349163 -0.0157980220292 0.0323
v 0.000720528379041 -0.0157580781709 0.0323
v 0.000824379104323 -0.015711840849 0.0323
v 0.000925278766368 -0.0156594755812 0.0323
v 0.00102286617057 -0.0156011698214 0.0323
v 0.00111679197936 -0.0155371322893 0.0323
v 0.0012067199627 -0.0154675922225 0.0323
v 0.00129232820176 -0.0153927985565 0.0323
v 0.00137331024127 -0.0153130190331 0.0323
v 0.00144937618654 -0.0152285392423 0.0323
v 0.00152025374122 -0.0151396615999 0.0323
v 0.00158568918207 -0.0150467042648 0.0323
v 0.00164544826719 -0.01495 0.0323
v 0.00169931707457 -0.0148498949818 0.0323
v 0.00174710276785 -0.0147467475601 0.0323
v 0.00178863428666 -0.014640926976 0.0323
v 0.00182376295893 -0.0145328120397 0.0323
v 0.00185236303315 -0.0144227897745 0.0323
v 0.00187433212845 -0.0143112540317 0.0323
v 0.0018895916012 -0.0141986040802 0.0323
v 0.00189808682643 -0.0140852431777 0.0323
v 0.00189978739344 -0.0139715771267 0.0323
v 0.00189468721464 -0.0138580128222 0.0323
v 0.00188280454736 -0.0137449567949 0.0323
v 0.00186418192845 -0.0136328137562 0.0323
v 0.00183888602206 -0.0135219851489 0.0323
v 0.00180700738096 -0.0134128677107 0.0323
v 0.00176866012242 -0.0133058520537 0.0323
v 0.00172398151968 -0.0132013212662 0.0323
v 0.00167313151053 -0.0130996495413 0.0323
v 0.00161629212481 -0.0130012008374 0.0323
v 0.00155366683276 -0.0129063275752 0.0323
v 0.00148547981669 -0.0128153693765 0.0323
v 0.00141197516841 -0.0127286518479 0.0323
v 0.00133341601548 -0.0126464854158 0.0323
v 0.00125008357929 -0.0125691642146 0.0323
v 0.00116227616832 -0.0124969650342 0.0323
v 0.00107030811032 -0.0124301463288 0.0323
v 0.000974508627071 -0.0123689472922 0.0323
v 0.000875220655856 -0.0123135870009 0.0323
v 0.000772799621844 -0.0122642636305 0.0323
v 0.000667612165755 -0.0122211537458 0.0323
v 0.000560034831381 -0.012184411669 0.0323
v 0.000450452717659 -0.0121541689272 0.0323
v 0.000339258100117 -0.0121305337817 0.0323
v 0.000226849026626 -0.01211359084 0.0323
v 0.000113627892496 -0.0121034007534 0.0323
v 0 -0.0121 0.0323
v 0 -0.0121 0.0303
v -0.000113627892496 -0.0121034007534 0.0303
v -0.000226849026626 -0.01211359084 0.0303
v -0.000339258100117 -0.0121305337817 0.0303
v -0.000450452717659 -0.0121541689272 0.0303
v -0.000560034831381 -0.012184411669 0.0303
v -0.000667612165755 -0.0122211537458 0.0303
v -0.000772799621844 -0.0122642636305 0.0303
v -0.000875220655856 -0.0123135870009 0.0303
v -0.000974508627071 -0.0123689472922 0.0303
v -0.00107030811032 -0.0124301463288 0.0303
v -0.00116227616832 -0.0124969650342 0.0303
v -0.00125008357929 -0.0125691642146 0.0303
v -0.00133341601548 -0.0126464854158 0.0303
v -0.00141197516841 -0.0127286518479 0.0303
v -0.00148547981669 -0.0128153693765 0.0303
v -0.00155366683276 -0.0129063275752 0.0303
v -0.00161629212481 -0.0130012008374 0.0303
v -0.00167313151053 -0.0130996495413 0.0303
v -0.00172398151968 -0.0132013212662 0.0303
v -0.00176866012242 -0.0133058520537 0.0303
v -0.00180700738096 -0.0134128677107 0.0303
v -0.00183888602206 -0.0135219851489 0.0303
v -0.00186418192845 -0.0136328137562 0.0303
v -0.00188280454736 -0.0137449567949 0.0303
v -0.00189468721464 -0.0138580128222 0.0303
v -0.00189978739344 -0.0139715771267 0.0303
v -0.00189808682643 -0.0140852431777 0.0303
v -0.0018895916012 -0.0141986040802 0.0303
v -0.00187433212845 -0.0143112540317 0.0303
v -0.00185236303315 -0.0144227897745 0.0303
v -0.00182376295893 -0.0145328120397 0.0303
v -0.00178863428666 -0.014640926976 0.0303
v -0.00174710276785 -0.0147467475601 0.0303
v -0.00169931707457 -0.0148498949818 0.0303
v -0.00164544826719 -0.01495 0.0303
v -0.00158568918207 -0.0150467042648 0.0303
v -0.00152025374122 -0.0151396615999 0.0303
v -0.00144937618654 -0.0152285392423 0.0303
v -0.00137331024127 -0.0153130190331 0.0303
v -0.00129232820176 -0.0153927985565 0.0303
v -0.0012067199627 -0.0154675922225 0.0303
v -0.00111679197936 -0.0155371322893 0.0303
v -0.00102286617057 -0.0156011698214 0.0303
v -0.000925278766368 -0.0156594755812 0.0303
v -0.000824379104323 -0.015711840849 0.0303
v -0.000720528379041 -0.0157580781709 0.0303
v -0.000614098349163 -0.0157980220292 0.0303
v -0.000505470006577 -0.0158315294353 0.0303
v -0.000395032212554 -0.0158584804414 0.0303
v -0.000283180305735 -0.0158787785698 0.0303
v -0.000170314686917 -0.0158923511586 0.0303
v -5.68393857219e-05 -0.0158991496213 0.0303
v 5.68393857219e-05 -0.0158991496213 0.0303
v 0.000170314686917 -0.0158923511586 0.0303
v 0.000283180305735 -0.0158787785698 0.0303
v 0.000395032212554 -0.0158584804414 0.0303
v 0.000505470006577 -0.0158315294353 0.0303
v 0.000614098349163 -0.0157980220292 0.0303
v 0.000720528379041 -0.0157580781709 0.0303
v 0.000824379104323 -0.015711840849 0.0303
v 0.000925278766368 -0.0156594755812 0.0303
v 0.00102286617057 -0.0156011698214 0.0303
v 0.00111679197936 -0.0155371322893 0.0303
v 0.0012067199627 -0.0154675922225 0.0303
v 0.00129232820176 -0.0153927985565 0.0303
v 0.00137331024127 -0.0153130190331 0.0303
v 0.00144937618654 -0.0152285392423 0.0303
v 0.00152025374122 -0.0151396615999 0.0303
v 0.00158568918207 -0.0150467042648 0.0303
v 0.00164544826719 -0.01495 0.0303
v 0.00169931707457 -0.0148498949818 0.0303
v 0.00174710276785 -0.0147467475601 0.0303
v 0.00178863428666 -0.014640926976 0.0303
v 0.00182376295893 -0.0145328120397 0.0303
v 0.00185236303315 -0.0144227897745 0.0303
v 0.00187433212845 -0.0143112540317 0.0303
v 0.0018895916012 -0.0141986040802 0.0303
v 0.00189808682643 -0.0140852431777 0.0303
v 0.00189978739344 -0.0139715771267 0.0303
v 0.00189468721464 -0.0138580128222 0.0303
v 0.00188280454736 -0.0137449567949 0.0303
v 0.00186418192845 -0.0136328137562 0.0303
v 0.00183888602206 -0.0135219851489 0.0303
v 0.00180700738096 -0.0134128677107 0.0303
v 0.00176866012242 -0.0133058520537 0.0303
v 0.00172398151968 -0.0132013212662 0.0303
v 0.00167313151053 -0.0130996495413 0.0303
v 0.00161629212481 -0.0130012008374 0.0303
v 0.00155366683276 -0.0129063275752 0.0303
v 0.00148547981669 -0.0128153693765 0.0303
v 0.00141197516841 -0.0127286518479 0.0303
v 0.00133341601548 -0.0126464854158 0.0303
v 0.00125008357929 -0.0125691642146 0.0303
v 0.00116227616832 -0.0124969650342 0.0303
v 0.00107030811032 -0.0124301463288 0.0303
v 0.000974508627071 -0.0123689472922 0.0303
v 0.000875220655856 -0.0123135870009 0.0303
v 0.000772799621844 -0.0122642636305 0.0303
v 0.000667612165755 -0.0122211537458 0.0303
v 0.000560034831381 -0.012184411669 0.0303
v 0.000450452717659 -0.0121541689272 0.0303
v 0.000339258100117 -0.0121305337817 0.0303
v 0.000226849026626 -0.01211359084 0.0303
v 0.000113627892496 -0.0121034007534 0.0303
v 0 -0.0121 0.0303
v 0 -0.0121 0.0323
v -0.000113627892496 -0.0121034007534 0.0323
v -0.000226849026626 -0.01211359084 0.0323
v -0.000339258100117 -0.0121305337817 0.0323
v -0.000450452717659 -0.0121541689272 0.0323
v -0.000560034831381 -0.012184411669 0.0323
v -0.000667612165755 -0.0122211537458 0.0323
v -0.000772799621844 -0.0122642636305 0.0323
v -0.000875220655856 -0.0123135870009 0.0323
v -0.000974508627071 -0.0123689472922 0.0323
v -0.00107030811032 -0.0124301463288 0.0323
v -0.00116227616832 -0.0124969650342 0.0323
v -0.00125008357929 -0.0125691642146 0.0323
v -0.00133341601548 -0.0126464854158 0.0323
v -0.00141197516841 -0.0127286518479 0.0323
v -0.00148547981669 -0.0128153693765 0.0323
v -0.00155366683276 -0.0129063275752 0.0323
v -0.00161629212481 -0.0130012008374 0.0323
v -0.00167313151053 -0.0130996495413 0.0323
v -0.00172398151968 -0.0132013212662 0.0323
v -0.00176866012242 -0.0133058520537 0.0323
v -0.00180700738096 -0.0134128677107 0.0323
v -0.00183888602206 -0.0135219851489 0.0323
v -0.00186418192845 -0.0136328137562 0.0323
v -0.00188280454736 -0.0137449567949 0.0323
v -0.00189468721464 -0.0138580128222 0.0323
v -0.00189978739344 -0.0139715771267 0.0323
v -0.00189808682643 -0.0140852431777 0.0323
v -0.0018895916012 -0.0141986040802 0.0323
v -0.00187433212845 -0.0143112540317 0.0323
v -0.00185236303315 -0.0144227897745 0.0323
v -0.00182376295893 -0.0145328120397 0.0323
v -0.00178863428666 -0.014640926976 0.0323
v -0.00174710276785 -0.0147467475601 0.0323
v -0.00169931707457 -0.0148498949818 0.0323
v -0.00164544826719 -0.01495 0.0323
v -0.00158568918207 -0.0150467042648 0.0323
v -0.00152025374122 -0.0151396615999 0.0323
v -0.00144937618654 -0.0152285392423 0.0323
v -0.00137331024127 -0.0153130190331 0.0323
v -0.00129232820176 -0.0153927985565 0.0323
v -0.0012067199627 -0.0154675922225 0.0323
v -0.00111679197936 -0.0155371322893 0.0323
v -0.00102286617057 -0.0156011698214 0.0323
v -0.000925278766368 -0.0156594755812 0.0323
v -0.000824379104323 -0.015711840849 0.0323
v -0.000720528379041 -0.0157580781709 0.0323
v -0.000614098349163 -0.0157980220292 0.0323
v -0.000505470006577 -0.0158315294353 0.0323
v -0.000395032212554 -0.0158584804414 0.0323
v -0.000283180305735 -0.0158787785698 0.0323
v -0.000170314686917 -0.0158923511586 0.0323
v -5.68393857219e-05 -0.0158991496213 0.0323
v 5.68393857219e-05 -0.0158991496213 0.0323
v 0.000170314686917 -0.0158923511586 0.0323
v 0.000283180305735 -0.0158787785698 0.0323
v 0.000395032212554 -0.0158584804414 0.0323
v 0.000505470006577 -0.0158315294353 0.0323
v 0.000614098349163 -0.0157980220292 0.0323
v 0.000720528379041 -0.0157580781709 0.0323
v 0.000824379104323 -0.015711840849 0.0323
v 0.000925278766368 -0.0156594755812 0.0323
v 0.00102286617057 -0.0156011698214 0.0323
v 0.00111679197936 -0.0155371322893 0.0323
v 0.0012067199627 -0.0154675922225 0.0323
v 0.00129232820176 -0.0153927985565 0.0323
v 0.00137331024127 -0.0153130190331 0.0323
v 0.00144937618654 -0.0152285392423 0.0323
v 0.00152025374122 -0.0151396615999 0.0323
v 0.00158568918207 -0.0150467042648 0.0323
v 0.00164544826719 -0.01495 0.0323
v 0.00169931707457 -0.0148498949818 0.0323
v 0.00174710276785 -0.0147467475601 0.0323
v 0.00178863428666 -0.014640926976 0.0323
v 0.00182376295893 -0.0145328120397 0.0323
v 0.00185236303315 -0.0144227897745 0.0323
v 0.00187433212845 -0.0143112540317 0.0323
v 0.0018895916012 -0.0141986040802 0.0323
v 0.00189808682643 -0.0140852431777 0.0323
v 0.00189978739344 -0.0139715771267 0.0323
v 0.00189468721464 -0.0138580128222 0.0323
v 0.00188280454736 -0.0137449567949 0.0323
v 0.00186418192845 -0.0136328137562 0.0323
v 0.00183888602206 -0.0135219851489 0.0323
v 0.00180700738096 -0.0134128677107 0.0323
v 0.00176866012242 -0.0133058520537 0.0323
v 0.00172398151968 -0.0132013212662 0.0323
v 0.00167313151053 -0.0130996495413 0.0323
v 0.00161629212481 -0.0130012008374 0.0323
v 0.00155366683276 -0.0129063275752 0.0323
v 0.00148547981669 -0.0128153693765 0.0323
v 0.00141197516841 -0.0127286518479 0.0323
v 0.00133341601548 -0.0126464854158 0.0323
v 0.00125008357929 -0.0125691642146 0.0323
v 0.00116227616832 -0.0124969650342 0.0323
v 0.00107030811032 -0.0124301463288 0.0323
v 0.000974508627071 -0.0123689472922 0.0323
v 0.000875220655856 -0.0123135870009 0.0323
v 0.000772799621844 -0.0122642636305 0.0323
v 0.000667612165755 -0.0122211537458 0.0323
v 0.000560034831381 -0.012184411669 0.0323
v 0.000450452717659 -0.0121541689272 0.0323
v 0.000339258100117 -0.0121305337817 0.0323
v 0.000226849026626 -0.01211359084 0.0323
v 0.000113627892496 -0.0121034007534 0.0323
v -0.00075 -0.0144330127019 0.0323
v -0.00075 -0.0135669872981 0.0323
v 0 -0.0131339745962 0.0323
v 0.00075 -0.0135669872981 0.0323
v 0.00075 -0.0144330127019 0.0323
v 0 -0.0148660254038 0.0323
v 0 -0.0121 0.0303
v -0.000113627892496 -0.0121034007534 0.0303
v -0.000226849026626 -0.01211359084 0.0303
v -0.000339258100117 -0.0121305337817 0.0303
v -0.000450452717659 -0.0121541689272 0.0303
v -0.000560034831381 -0.012184411669 0.0303
v -0.000667612165755 -0.0122211537458 0.0303
v -0.000772799621844 -0.0122642636305 0.0303
v -0.000875220655856 -0.0123135870009 0.0303
v -0.000974508627071 -0.0123689472922 0.0303
v -0.00107030811032 -0.0124301463288 0.0303
v -0.00116227616832 -0.0124969650342 0.0303
v -0.00125008357929 -0.0125691642146 0.0303
v -0.00133341601548 -0.0126464854158 0.0303
v -0.00141197516841 -0.0127286518479 0.0303
v -0.00148547981669 -0.0128153693765 0.0303
v -0.00155366683276 -0.0129063275752 0.0303
v -0.00161629212481 -0.0130012008374 0.0303
v -0.00167313151053 -0.0130996495413 0.0303
v -0.00172398151968 -0.0132013212662 0.0303
v -0.00176866012242 -0.0133058520537 0.0303
v -0.00180700738096 -0.0134128677107 0.0303
v -0.00183888602206 -0.0135219851489 0.0303
v -0.00186418192845 -0.0136328137562 0.0303
v -0.00188280454736 -0.0137449567949 0.0303
v -0.00189468721464 -0.0138580128222 0.0303
v -0.00189978739344 -0.0139715771267 0.0303
v -0.00189808682643 -0.0140852431777 0.0303
v -0.0018895916012 -0.0141986040802 0.0303
v -0.00187433212845 -0.0143112540317 0.0303
v -0.00185236303315 -0.0144227897745 0.0303
v -0.00182376295893 -0.0145328120397 0.0303
v -0.00178863428666 -0.014640926976 0.0303
v -0.00174710276785 -0.0147467475601 0.0303
v -0.00169931707457 -0.0148498949818 0.0303
v -0.00164544826719 -0.01495 0.0303
v -0.00158568918207 -0.0150467042648 0.0303
v -0.00152025374122 -0.0151396615999 0.0303
v -0.00144937618654 -0.0152285392423 0.0303
v -0.00137331024127 -0.0153130190331 0.0303
v -0.00129232820176 -0.0153927985565 0.0303
v -0.0012067199627 -0.0154675922225 0.0303
v -0.00111679197936 -0.0155371322893 0.0303
v -0.00102286617057 -0.0156011698214 0.0303
v -0.000925278766368 -0.0156594755812 0.0303
v -0.000824379104323 -0.015711840849 0.0303
v -0.000720528379041 -0.0157580781709 0.0303
v -0.000614098349163 -0.0157980220292 0.0303
v -0.000505470006577 -0.0158315294353 0.0303
v -0.000395032212554 -0.0158584804414 0.0303
v -0.000283180305735 -0.0158787785698 0.0303
v -0.000170314686917 -0.0158923511586 0.0303
v -5.68393857219e-05 -0.0158991496213 0.0303
v 5.68393857219e-05 -0.0158991496213 0.0303
v 0.000170314686917 -0.0158923511586 0.0303
v 0.000283180305735 -0.0158787785698 0.0303
v 0.000395032212554 -0.0158584804414 0.0303
v 0.000505470006577 -0.0158315294353 0.0303
v 0.000614098349163 -0.0157980220292 0.0303
v 0.000720528379041 -0.0157580781709 0.0303
v 0.000824379104323 -0.015711840849 0.0303
v 0.000925278766368 -0.0156594755812 0.0303
v 0.00102286617057 -0.0156011698214 0.0303
v 0.00111679197936 -0.0155371322893 0.0303
v 0.0012067199627 -0.0154675922225 0.0303
v 0.00129232820176 -0.0153927985565 0.0303
v 0.00137331024127 -0.0153130190331 0.0303
v 0.00144937618654 -0.0152285392423 0.0303
v 0.00152025374122 -0.0151396615999 0.0303
v 0.00158568918207 -0.0150467042648 0.0303
v 0.00164544826719 -0.01495 0.0303
v 0.00169931707457 -0.0148498949818 0.0303
v 0.00174710276785 -0.0147467475601 0.0303
v 0.00178863428666 -0.014640926976 0.0303
v 0.00182376295893 -0.0145328120397 0.0303
v 0.00185236303315 -0.0144227897745 0.0303
v 0.00187433212845 -0.0143112540317 0.0303
v 0.0018895916012 -0.0141986040802 0.0303
v 0.00189808682643 -0.0140852431777 0.0303
v 0.00189978739344 -0.0139715771267 0.0303
v 0.00189468721464 -0.0138580128222 0.0303
v 0.00188280454736 -0.0137449567949 0.0303
v 0.00186418192845 -0.0136328137562 0.0303
v 0.00183888602206 -0.0135219851489 0.0303
v 0.00180700738096 -0.0134128677107 0.0303
v 0.00176866012242 -0.0133058520537 0.0303
v 0.00172398151968 -0.0132013212662 0.0303
v 0.00167313151053 -0.0130996495413 0.0303
v 0.00161629212481 -0.0130012008374 0.0303
v 0.00155366683276 -0.0129063275752 0.0303
v 0.00148547981669 -0.0128153693765 0.0303
v 0.00141197516841 -0.0127286518479 0.0303
v 0.00133341601548 -0.0126464854158 0.0303
v 0.00125008357929 -0.0125691642146 0.0303
v 0.00116227616832 -0.0124969650342 0.0303
v 0.00107030811032 -0.0124301463288 0.0303
v 0.000974508627071 -0.0123689472922 0.0303
v 0.000875220655856 -0.0123135870009 0.0303
v 0.000772799621844 -0.0122642636305 0.0303
v 0.000667612165755 -0.0122211537458 0.0303
v 0.000560034831381 -0.012184411669 0.0303
v 0.000450452717659 -0.0121541689272 0.0303
v 0.000339258100117 -0.0121305337817 0.0303
v 0.000226849026626 -0.01211359084 0.0303
v 0.000113627892496 -0.0121034007534 0.0303
v 0 -0.013 0.0303
v -5.9804153945e-05 -0.0130017898702 0.0303
v -0.00011939422454 -0.0130071530737 0.0303
v -0.000178556894799 -0.0130160704114 0.0303
v -0.000237080377715 -0.0130285099617 0.0303
v -0.000294755174411 -0.0130444271942 0.0303
v -0.000351374824081 -0.0130637651294 0.0303
v -0.000406736643076 -0.0130864545424 0.0303
v -0.000460642450451 -0.013112414211 0.0303
v -0.000512899277406 -0.0131415512064 0.0303
v -0.000563320058064 -0.0131737612257 0.0303
v -0.000611724299115 -0.0132089289653 0.0303
v -0.00065793872594 -0.013246928534 0.0303
v -0.000701797902884 -0.013287623903 0.0303
v -0.000743144825477 -0.0133308693936 0.0303
v -0.000781831482468 -0.0133765101981 0.0303
v -0.000817719385664 -0.0134243829343 0.0303
v -0.000850680065687 -0.0134743162302 0.0303
v -0.000880595531857 -0.0135261313375 0.0303
v -0.000907358694568 -0.0135796427717 0.0303
v -0.000930873748644 -0.0136346589756 0.0303
v -0.000951056516295 -0.0136909830056 0.0303
v -0.000967834748451 -0.0137484132363 0.0303
v -0.000981148383394 -0.0138067440822 0.0303
v -0.000990949761768 -0.0138657667342 0.0303
v -0.000997203797181 -0.0139252699064 0.0303
v -0.00099988810181 -0.013985040593 0.0303
v -0.000998993066541 -0.0140448648304 0.0303
v -0.000994521895368 -0.0141045284633 0.0303
v -0.000986490593924 -0.0141638179114 0.0303
v -0.000974927912182 -0.014222520934 0.0303
v -0.000959875241543 -0.0142804273893 0.0303
v -0.000941386466661 -0.0143373299874 0.0303
v -0.000919527772551 -0.0143930250317 0.0303
v -0.000894377407666 -0.0144473131483 0.0303
v -0.000866025403784 -0.0145 0.0303
v -0.000834573253721 -0.0145508969815 0.0303
v -0.000800133548011 -0.0145998218947 0.0303
v -0.000762829571862 -0.0146465996012 0.0303
v -0.000722794863827 -0.014691062649 0.0303
v -0.000680172737771 -0.0147330518718 0.0303
v -0.000635115769842 -0.0147724169592 0.0303
v -0.000587785252292 -0.0148090169944 0.0303
v -0.000538350616091 -0.0148427209587 0.0303
v -0.000486988824404 -0.0148734082006 0.0303
v -0.000433883739118 -0.0149009688679 0.0303
v -0.000379225462653 -0.0149253043005 0.0303
v -0.000323209657454 -0.0149463273838 0.0303
v -0.000266036845567 -0.0149639628607 0.0303
v -0.000207911690818 -0.0149781476007 0.0303
v -0.000149042266176 -0.0149888308262 0.0303
v -8.96393089034e-05 -0.014995974294 0.0303
v -2.99154661694e-05 -0.0149995524323 0.0303
v 2.99154661694e-05 -0.0149995524323 0.0303
v 8.96393089034e-05 -0.014995974294 0.0303
v 0.000149042266176 -0.0149888308262 0.0303
v 0.000207911690818 -0.0149781476007 0.0303
v 0.000266036845567 -0.0149639628607 0.0303
v 0.000323209657454 -0.0149463273838 0.0303
v 0.000379225462653 -0.0149253043005 0.0303
v 0.000433883739118 -0.0149009688679 0.0303
v 0.000486988824404 -0.0148734082006 0.0303
v 0.000538350616091 -0.0148427209587 0.0303
v 0.000587785252292 -0.0148090169944 0.0303
v 0.000635115769842 -0.0147724169592 0.0303
v 0.000680172737771 -0.0147330518718 0.0303
v 0.000722794863827 -0.014691062649 0.0303
v 0.000762829571862 -0.0146465996012 0.0303
v 0.000800133548011 -0.0145998218947 0.0303
v 0.000834573253721 -0.0145508969815 0.0303
v 0.000866025403784 -0.0145 0.0303
v 0.000894377407666 -0.0144473131483 0.0303
v 0.000919527772551 -0.0143930250317 0.0303
v 0.000941386466661 -0.0143373299874 0.0303
v 0.000959875241543 -0.0142804273893 0.0303
v 0.000974927912182 -0.014222520934 0.0303
v 0.000986490593924 -0.0141638179114 0.0303
v 0.000994521895368 -0.0141045284633 0.0303
v 0.000998993066541 -0.0140448648304 0.0303
v 0.00099988810181 -0.013985040593 0.0303
v 0.000997203797181 -0.0139252699064 0.0303
v 0.000990949761768 -0.0138657667342 0.0303
v 0.000981148383394 -0.0138067440822 0.0303
v 0.000967834748451 -0.0137484132363 0.0303
v 0.000951056516295 -0.0136909830056 0.0303
v 0.000930873748644 -0.0136346589756 0.0303
v 0.000907358694568 -0.0135796427717 0.0303
v 0.000880595531857 -0.0135261313375 0.0303
v 0.000850680065687 -0.0134743162302 0.0303
v 0.000817719385664 -0.0134243829343 0.0303
v 0.000781831482468 -0.0133765101981 0.0303
v 0.000743144825477 -0.0133308693936 0.0303
v 0.000701797902884 -0.013287623903 0.0303
v 0.00065793872594 -0.013246928534 0.0303
v 0.000611724299115 -0.0132089289653 0.0303
v 0.000563320058064 -0.0131737612257 0.0303
v 0.000512899277406 -0.0131415512064 0.0303
v 0.000460642450451 -0.013112414211 0.0303
v 0.000406736643076 -0.0130864545424 0.0303
v 0.000351374824081 -0.0130637651294 0.0303
v 0.000294755174411 -0.0130444271942 0.0303
v 0.000237080377716 -0.0130285099617 0.0303
v 0.000178556894799 -0.0130160704114 0.0303
v 0.00011939422454 -0.0130071530737 0.0303
v 5.9804153945e-05 -0.0130017898702 0.0303
v -0.00075 -0.0135669872981 0.0314
v -0.00075 -0.0144330127019 0.0314
v -0.00075 -0.0135669872981 0.0323
v -0.00075 -0.0144330127019 0.0323
v -0.00075 -0.0144330127019 0.0314
v 0 -0.0148660254038 0.0314
v -0.00075 -0.0144330127019 0.0323
v 0 -0.0148660254038 0.0323
v 0 -0.0148660254038 0.0314
v 0.00075 -0.0144330127019 0.0314
v 0 -0.0148660254038 0.0323
v 0.00075 -0.0144330127019 0.0323
v 0.00075 -0.0144330127019 0.0314
v 0.00075 -0.0135669872981 0.0314
v 0.00075 -0.0144330127019 0.0323
v 0.00075 -0.0135669872981 0.0323
v 0.00075 -0.0135669872981 0.0314
v 0 -0.0131339745962 0.0314
v 0.00075 -0.0135669872981 0.0323
v 0 -0.0131339745962 0.0323
v 0 -0.0131339745962 0.0314
v -0.00075 -0.0135669872981 0.0314
v 0 -0.0131339745962 0.0323
v -0.00075 -0.0135669872981 0.0323
v 0 -0.013 0.0303
v -5.9804153945e-05 -0.0130017898702 0.0303
v -0.00011939422454 -0.0130071530737 0.0303
v -0.000178556894799 -0.0130160704114 0.0303
v -0.000237080377715 -0.0130285099617 0.0303
v -0.000294755174411 -0.0130444271942 0.0303
v -0.000351374824081 -0.0130637651294 0.0303
v -0.000406736643076 -0.0130864545424 0.0303
v -0.000460642450451 -0.013112414211 0.0303
v -0.000512899277406 -0.0131415512064 0.0303
v -0.000563320058064 -0.0131737612257 0.0303
v -0.000611724299115 -0.0132089289653 0.0303
v -0.00065793872594 -0.013246928534 0.0303
v -0.000701797902884 -0.013287623903 0.0303
v -0.000743144825477 -0.0133308693936 0.0303
v -0.000781831482468 -0.0133765101981 0.0303
v -0.000817719385664 -0.0134243829343 0.0303
v -0.000850680065687 -0.0134743162302 0.0303
v -0.000880595531857 -0.0135261313375 0.0303
v -0.000907358694568 -0.0135796427717 0.0303
v -0.000930873748644 -0.0136346589756 0.0303
v -0.000951056516295 -0.0136909830056 0.0303
v -0.000967834748451 -0.0137484132363 0.0303
v -0.000981148383394 -0.0138067440822 0.0303
v -0.000990949761768 -0.0138657667342 0.0303
v -0.000997203797181 -0.0139252699064 0.0303
v -0.00099988810181 -0.013985040593 0.0303
v -0.000998993066541 -0.0140448648304 0.0303
v -0.000994521895368 -0.0141045284633 0.0303
v -0.000986490593924 -0.0141638179114 0.0303
v -0.000974927912182 -0.014222520934 0.0303
v -0.000959875241543 -0.0142804273893 0.0303
v -0.000941386466661 -0.0143373299874 0.0303
v -0.000919527772551 -0.0143930250317 0.0303
v -0.000894377407666 -0.0144473131483 0.0303
v -0.000866025403784 -0.0145 0.0303
v -0.000834573253721 -0.0145508969815 0.0303
v -0.000800133548011 -0.0145998218947 0.0303
v -0.000762829571862 -0.0146465996012 0.0303
v -0.000722794863827 -0.014691062649 0.0303
v -0.000680172737771 -0.0147330518718 0.0303
v -0.000635115769842 -0.0147724169592 0.0303
v -0.000587785252292 -0.0148090169944 0.0303
v -0.000538350616091 -0.0148427209587 0.0303
v -0.000486988824404 -0.0148734082006 0.0303
v -0.000433883739118 -0.0149009688679 0.0303
v -0.000379225462653 -0.0149253043005 0.0303
v -0.000323209657454 -0.0149463273838 0.0303
v -0.000266036845567 -0.0149639628607 0.0303
v -0.000207911690818 -0.0149781476007 0.0303
v -0.000149042266176 -0.0149888308262 0.0303
v -8.96393089034e-05 -0.014995974294 0.0303
v -2.99154661694e-05 -0.0149995524323 0.0303
v 2.99154661694e-05 -0.0149995524323 0.0303
v 8.96393089034e-05 -0.014995974294 0.0303
v 0.000149042266176 -0.0149888308262 0.0303
v 0.000207911690818 -0.0149781476007 0.0303
v 0.000266036845567 -0.0149639628607 0.0303
v 0.000323209657454 -0.0149463273838 0.0303
v 0.000379225462653 -0.0149253043005 0.0303
v 0.000433883739118 -0.0149009688679 0.0303
v 0.000486988824404 -0.0148734082006 0.0303
v 0.000538350616091 -0.0148427209587 0.0303
v 0.000587785252292 -0.0148090169944 0.0303
v 0.000635115769842 -0.0147724169592 0.0303
v 0.000680172737771 -0.0147330518718 0.0303
v 0.000722794863827 -0.014691062649 0.0303
v 0.000762829571862 -0.0146465996012 0.0303
v 0.000800133548011 -0.0145998218947 0.0303
v 0.000834573253721 -0.0145508969815 0.0303
v 0.000866025403784 -0.0145 0.0303
v 0.000894377407666 -0.0144473131483 0.0303
v 0.000919527772551 -0.0143930250317 0.0303
v 0.000941386466661 -0.0143373299874 0.0303
v 0.000959875241543 -0.0142804273893 0.0303
v 0.000974927912182 -0.014222520934 0.0303
v 0.000986490593924 -0.0141638179114 0.0303
v 0.000994521895368 -0.0141045284633 0.0303
v 0.000998993066541 -0.0140448648304 0.0303
v 0.00099988810181 -0.013985040593 0.0303
v 0.000997203797181 -0.0139252699064 0.0303
v 0.000990949761768 -0.0138657667342 0.0303
v 0.000981148383394 -0.0138067440822 0.0303
v 0.000967834748451 -0.0137484132363 0.0303
v 0.000951056516295 -0.0136909830056 0.0303
v 0.000930873748644 -0.0136346589756 0.0303
v 0.000907358694568 -0.0135796427717 0.0303
v 0.000880595531857 -0.0135261313375 0.0303
v 0.000850680065687 -0.0134743162302 0.0303
v 0.000817719385664 -0.0134243829343 0.0303
v 0.000781831482468 -0.0133765101981 0.0303
v 0.000743144825477 -0.0133308693936 0.0303
v 0.000701797902884 -0.013287623903 0.0303
v 0.00065793872594 -0.013246928534 0.0303
v 0.000611724299115 -0.0132089289653 0.0303
v 0.000563320058064 -0.0131737612257 0.0303
v 0.000512899277406 -0.0131415512064 0.0303
v 0.000460642450451 -0.013112414211 0.0303
v 0.000406736643076 -0.0130864545424 0.0303
v 0.000351374824081 -0.0130637651294 0.0303
v 0.000294755174411 -0.0130444271942 0.0303
v 0.000237080377716 -0.0130285099617 0.0303
v 0.000178556894799 -0.0130160704114 0.0303
v 0.00011939422454 -0.0130071530737 0.0303
v 5.9804153945e-05 -0.0130017898702 0.0303
v 0 -0.013 0.0303
v 0 -0.013 0.0203
v -5.9804153945e-05 -0.0130017898702 0.0203
v -0.00011939422454 -0.0130071530737 0.0203
v -0.000178556894799 -0.0130160704114 0.0203
v -0.000237080377715 -0.0130285099617 0.0203
v -0.000294755174411 -0.0130444271942 0.0203
v -0.000351374824081 -0.0130637651294 0.0203
v -0.000406736643076 -0.0130864545424 0.0203
v -0.000460642450451 -0.013112414211 0.0203
v -0.000512899277406 -0.0131415512064 0.0203
v -0.000563320058064 -0.0131737612257 0.0203
v -0.000611724299115 -0.0132089289653 0.0203
v -0.00065793872594 -0.013246928534 0.0203
v -0.000701797902884 -0.013287623903 0.0203
v -0.000743144825477 -0.0133308693936 0.0203
v -0.000781831482468 -0.0133765101981 0.0203
v -0.000817719385664 -0.0134243829343 0.0203
v -0.000850680065687 -0.0134743162302 0.0203
v -0.000880595531857 -0.0135261313375 0.0203
v -0.000907358694568 -0.0135796427717 0.0203
v -0.000930873748644 -0.0136346589756 0.0203
v -0.000951056516295 -0.0136909830056 0.0203
v -0.000967834748451 -0.0137484132363 0.0203
v -0.000981148383394 -0.0138067440822 0.0203
v -0.000990949761768 -0.0138657667342 0.0203
v -0.000997203797181 -0.0139252699064 0.0203
v -0.00099988810181 -0.013985040593 0.0203
v -0.000998993066541 -0.0140448648304 0.0203
v -0.000994521895368 -0.0141045284633 0.0203
v -0.000986490593924 -0.0141638179114 0.0203
v -0.000974927912182 -0.014222520934 0.0203
v -0.000959875241543 -0.0142804273893 0.0203
v -0.000941386466661 -0.0143373299874 0.0203
v -0.000919527772551 -0.0143930250317 0.0203
v -0.000894377407666 -0.0144473131483 0.0203
v -0.000866025403784 -0.0145 0.0203
v -0.000834573253721 -0.0145508969815 0.0203
v -0.000800133548011 -0.0145998218947 0.0203
v -0.000762829571862 -0.0146465996012 0.0203
v -0.000722794863827 -0.014691062649 0.0203
v -0.000680172737771 -0.0147330518718 0.0203
v -0.000635115769842 -0.0147724169592 0.0203
v -0.000587785252292 -0.0148090169944 0.0203
v -0.000538350616091 -0.0148427209587 0.0203
v -0.000486988824404 -0.0148734082006 0.0203
v -0.000433883739118 -0.0149009688679 0.0203
v -0.000379225462653 -0.0149253043005 0.0203
v -0.000323209657454 -0.0149463273838 0.0203
v -0.000266036845567 -0.0149639628607 0.0203
v -0.000207911690818 -0.0149781476007 0.0203
v -0.000149042266176 -0.0149888308262 0.0203
v -8.96393089034e-05 -0.014995974294 0.0203
v -2.99154661694e-05 -0.0149995524323 0.0203
v 2.99154661694e-05 -0.0149995524323 0.0203
v 8.96393089034e-05 -0.014995974294 0.0203
v 0.000149042266176 -0.0149888308262 0.0203
v 0.000207911690818 -0.0149781476007 0.0203
v 0.000266036845567 -0.0149639628607 0.0203
v 0.000323209657454 -0.0149463273838 0.0203
v 0.000379225462653 -0.0149253043005 0.0203
v 0.000433883739118 -0.0149009688679 0.0203
v 0.000486988824404 -0.0148734082006 0.0203
v 0.000538350616091 -0.0148427209587 0.0203
v 0.000587785252292 -0.0148090169944 0.0203
v 0.000635115769842 -0.0147724169592 0.0203
v 0.000680172737771 -0.0147330518718 0.0203
v 0.000722794863827 -0.014691062649 0.0203
v 0.000762829571862 -0.0146465996012 0.0203
v 0.000800133548011 -0.0145998218947 0.0203
v 0.000834573253721 -0.0145508969815 0.0203
v 0.000866025403784 -0.0145 0.0203
v 0.000894377407666 -0.0144473131483 0.0203
v 0.000919527772551 -0.0143930250317 0.0203
v 0.000941386466661 -0.0143373299874 0.0203
v 0.000959875241543 -0.0142804273893 0.0203
v 0.000974927912182 -0.014222520934 0.0203
v 0.000986490593924 -0.0141638179114 0.0203
v 0.000994521895368 -0.0141045284633 0.0203
v 0.000998993066541 -0.0140448648304 0.0203
v 0.00099988810181 -0.013985040593 0.0203
v 0.000997203797181 -0.0139252699064 0.0203
v 0.000990949761768 -0.0138657667342 0.0203
v 0.000981148383394 -0.0138067440822 0.0203
v 0.000967834748451 -0.0137484132363 0.0203
v 0.000951056516295 -0.0136909830056 0.0203
v 0.000930873748644 -0.0136346589756 0.0203
v 0.000907358694568 -0.0135796427717 0.0203
v 0.000880595531857 -0.0135261313375 0.0203
v 0.000850680065687 -0.0134743162302 0.0203
v 0.000817719385664 -0.0134243829343 0.0203
v 0.000781831482468 -0.0133765101981 0.0203
v 0.000743144825477 -0.0133308693936 0.0203
v 0.000701797902884 -0.013287623903 0.0203
v 0.00065793872594 -0.013246928534 0.0203
v 0.000611724299115 -0.0132089289653 0.0203
v 0.000563320058064 -0.0131737612257 0.0203
v 0.000512899277406 -0.0131415512064 0.0203
v 0.000460642450451 -0.013112414211 0.0203
v 0.000406736643076 -0.0130864545424 0.0203
v 0.000351374824081 -0.0130637651294 0.0203
v 0.000294755174411 -0.0130444271942 0.0203
v 0.000237080377716 -0.0130285099617 0.0203
v 0.000178556894799 -0.0130160704114 0.0203
v 0.00011939422454 -0.0130071530737 0.0203
v 5.9804153945e-05 -0.0130017898702 0.0203
v 0 -0.013 0.0203
v 0 -0.0131339745962 0.0314
v -0.00075 -0.0135669872981 0.0314
v -0.00075 -0.0144330127019 0.0314
v 0 -0.0148660254038 0.0314
v 0.00075 -0.0144330127019 0.0314
v 0.00075 -0.0135669872981 0.0314
v 0 -0.013 0.0203
v -5.9804153945e-05 -0.0130017898702 0.0203
v -0.00011939422454 -0.0130071530737 0.0203
v -0.000178556894799 -0.0130160704114 0.0203
v -0.000237080377715 -0.0130285099617 0.0203
v -0.000294755174411 -0.0130444271942 0.0203
v -0.000351374824081 -0.0130637651294 0.0203
v -0.000406736643076 -0.0130864545424 0.0203
v -0.000460642450451 -0.013112414211 0.0203
v -0.000512899277406 -0.0131415512064 0.0203
v -0.000563320058064 -0.0131737612257 0.0203
v -0.000611724299115 -0.0132089289653 0.0203
v -0.00065793872594 -0.013246928534 0.0203
v -0.000701797902884 -0.013287623903 0.0203
v -0.000743144825477 -0.0133308693936 0.0203
v -0.000781831482468 -0.0133765101981 0.0203
v -0.000817719385664 -0.0134243829343 0.0203
v -0.000850680065687 -0.0134743162302 0.0203
v -0.000880595531857 -0.0135261313375 0.0203
v -0.000907358694568 -0.0135796427717 0.0203
v -0.000930873748644 -0.0136346589756 0.0203
v -0.000951056516295 -0.0136909830056 0.0203
v -0.000967834748451 -0.0137484132363 0.0203
v -0.000981148383394 -0.0138067440822 0.0203
v -0.000990949761768 -0.0138657667342 0.0203
v -0.000997203797181 -0.0139252699064 0.0203
v -0.00099988810181 -0.013985040593 0.0203
v -0.000998993066541 -0.0140448648304 0.0203
v -0.000994521895368 -0.0141045284633 0.0203
v -0.000986490593924 -0.0141638179114 0.0203
v -0.000974927912182 -0.014222520934 0.0203
v -0.000959875241543 -0.0142804273893 0.0203
v -0.000941386466661 -0.0143373299874 0.0203
v -0.000919527772551 -0.0143930250317 0.0203
v -0.000894377407666 -0.0144473131483 0.0203
v -0.000866025403784 -0.0145 0.0203
v -0.000834573253721 -0.0145508969815 0.0203
v -0.000800133548011 -0.0145998218947 0.0203
v -0.000762829571862 -0.0146465996012 0.0203
v -0.000722794863827 -0.014691062649 0.0203
v -0.000680172737771 -0.0147330518718 0.0203
v -0.000635115769842 -0.0147724169592 0.0203
v -0.000587785252292 -0.0148090169944 0.0203
v -0.000538350616091 -0.0148427209587 0.0203
v -0.000486988824404 -0.0148734082006 0.0203
v -0.000433883739118 -0.0149009688679 0.0203
v -0.000379225462653 -0.0149253043005 0.0203
v -0.000323209657454 -0.0149463273838 0.0203
v -0.000266036845567 -0.0149639628607 0.0203
v -0.000207911690818 -0.0149781476007 0.0203
v -0.000149042266176 -0.0149888308262 0.0203
v -8.96393089034e-05 -0.014995974294 0.0203
v -2.99154661694e-05 -0.0149995524323 0.0203
v 2.99154661694e-05 -0.0149995524323 0.0203
v 8.96393089034e-05 -0.014995974294 0.0203
v 0.000149042266176 -0.0149888308262 0.0203
v 0.000207911690818 -0.0149781476007 0.0203
v 0.000266036845567 -0.0149639628607 0.0203
v 0.000323209657454 -0.0149463273838 0.0203
v 0.000379225462653 -0.0149253043005 0.0203
v 0.000433883739118 -0.0149009688679 0.0203
v 0.000486988824404 -0.0148734082006 0.0203
v 0.000538350616091 -0.0148427209587 0.0203
v 0.000587785252292 -0.0148090169944 0.0203
v 0.000635115769842 -0.0147724169592 0.0203
v 0.000680172737771 -0.0147330518718 0.0203
v 0.000722794863827 -0.014691062649 0.0203
v 0.000762829571862 -0.0146465996012 0.0203
v 0.000800133548011 -0.0145998218947 0.0203
v 0.000834573253721 -0.0145508969815 0.0203
v 0.000866025403784 -0.0145 0.0203
v 0.000894377407666 -0.0144473131483 0.0203
v 0.000919527772551 -0.0143930250317 0.0203
v 0.000941386466661 -0.0143373299874 0.0203
v 0.000959875241543 -0.0142804273893 0.0203
v 0.000974927912182 -0.014222520934 0.0203
v 0.000986490593924 -0.0141638179114 0.0203
v 0.000994521895368 -0.0141045284633 0.0203
v 0.000998993066541 -0.0140448648304 0.0203
v 0.00099988810181 -0.013985040593 0.0203
v 0.000997203797181 -0.0139252699064 0.0203
v 0.000990949761768 -0.0138657667342 0.0203
v 0.000981148383394 -0.0138067440822 0.0203
v 0.000967834748451 -0.0137484132363 0.0203
v 0.000951056516295 -0.0136909830056 0.0203
v 0.000930873748644 -0.0136346589756 0.0203
v 0.000907358694568 -0.0135796427717 0.0203
v 0.000880595531857 -0.0135261313375 0.0203
v 0.000850680065687 -0.0134743162302 0.0203
v 0.000817719385664 -0.0134243829343 0.0203
v 0.000781831482468 -0.0133765101981 0.0203
v 0.000743144825477 -0.0133308693936 0.0203
v 0.000701797902884 -0.013287623903 0.0203
v 0.00065793872594 -0.013246928534 0.0203
v 0.000611724299115 -0.0132089289653 0.0203
v 0.000563320058064 -0.0131737612257 0.0203
v 0.000512899277406 -0.0131415512064 0.0203
v 0.000460642450451 -0.013112414211 0.0203
v 0.000406736643076 -0.0130864545424 0.0203
v 0.000351374824081 -0.0130637651294 0.0203
v 0.000294755174411 -0.0130444271942 0.0203
v 0.000237080377716 -0.0130285099617 0.0203
v 0.000178556894799 -0.0130160704114 0.0203
v 0.00011939422454 -0.0130071530737 0.0203
v 5.9804153945e-05 -0.0130017898702 0.0203
v 0 -0.0116905989232 0.0207
v 0 -0.0116905989232 0.0223
v -0.002 -0.0128452994616 0.0223
v -0.002 -0.0128452994616 0.0207
v 0.002 -0.0128452994616 0.0207
v 0.002 -0.0128452994616 0.0223
v 0 -0.0116905989232 0.0223
v 0 -0.0116905989232 0.0207
v -0.002 -0.0128452994616 0.0207
v -0.002 -0.0128452994616 0.0223
v -0.002 -0.0151547005384 0.0223
v -0.002 -0.0151547005384 0.0207
v 0 -0.0116905989232 0.0207
v -0.002 -0.0128452994616 0.0207
v -0.002 -0.0151547005384 0.0207
v 0 -0.0163094010768 0.0207
v 0.002 -0.0151547005384 0.0207
v 0.002 -0.0128452994616 0.0207
v 0 -0.013 0.0207
v -5.9804153945e-05 -0.0130017898702 0.0207
v -0.00011939422454 -0.0130071530737 0.0207
v -0.000178556894799 -0.0130160704114 0.0207
v -0.000237080377715 -0.0130285099617 0.0207
v -0.000294755174411 -0.0130444271942 0.0207
v -0.000351374824081 -0.0130637651294 0.0207
v -0.000406736643076 -0.0130864545424 0.0207
v -0.000460642450451 -0.013112414211 0.0207
v -0.000512899277406 -0.0131415512064 0.0207
v -0.000563320058064 -0.0131737612257 0.0207
v -0.000611724299115 -0.0132089289653 0.0207
v -0.00065793872594 -0.013246928534 0.0207
v -0.000701797902884 -0.013287623903 0.0207
v -0.000743144825477 -0.0133308693936 0.0207
v -0.000781831482468 -0.0133765101981 0.0207
v -0.000817719385664 -0.0134243829343 0.0207
v -0.000850680065687 -0.0134743162302 0.0207
v -0.000880595531857 -0.0135261313375 0.0207
v -0.000907358694568 -0.0135796427717 0.0207
v -0.000930873748644 -0.0136346589756 0.0207
v -0.000951056516295 -0.0136909830056 0.0207
v -0.000967834748451 -0.0137484132363 0.0207
v -0.000981148383394 -0.0138067440822 0.0207
v -0.000990949761768 -0.0138657667342 0.0207
v -0.000997203797181 -0.0139252699064 0.0207
v -0.00099988810181 -0.013985040593 0.0207
v -0.000998993066541 -0.0140448648304 0.0207
v -0.000994521895368 -0.0141045284633 0.0207
v -0.000986490593924 -0.0141638179114 0.0207
v -0.000974927912182 -0.014222520934 0.0207
v -0.000959875241543 -0.0142804273893 0.0207
v -0.000941386466661 -0.0143373299874 0.0207
v -0.000919527772551 -0.0143930250317 0.0207
v -0.000894377407666 -0.0144473131483 0.0207
v -0.000866025403784 -0.0145 0.0207
v -0.000834573253721 -0.0145508969815 0.0207
v -0.000800133548011 -0.0145998218947 0.0207
v -0.000762829571862 -0.0146465996012 0.0207
v -0.000722794863827 -0.014691062649 0.0207
v -0.000680172737771 -0.0147330518718 0.0207
v -0.000635115769842 -0.0147724169592 0.0207
v -0.000587785252292 -0.0148090169944 0.0207
v -0.000538350616091 -0.0148427209587 0.0207
v -0.000486988824404 -0.0148734082006 0.0207
v -0.000433883739118 -0.0149009688679 0.0207
v -0.000379225462653 -0.0149253043005 0.0207
v -0.000323209657454 -0.0149463273838 0.0207
v -0.000266036845567 -0.0149639628607 0.0207
v -0.000207911690818 -0.0149781476007 0.0207
v -0.000149042266176 -0.0149888308262 0.0207
v -8.96393089034e-05 -0.014995974294 0.0207
v -2.99154661694e-05 -0.0149995524323 0.0207
v 2.99154661694e-05 -0.0149995524323 0.0207
v 8.96393089034e-05 -0.014995974294 0.0207
v 0.000149042266176 -0.0149888308262 0.0207
v 0.000207911690818 -0.0149781476007 0.0207
v 0.000266036845567 -0.0149639628607 0.0207
v 0.000323209657454 -0.0149463273838 0.0207
v 0.000379225462653 -0.0149253043005 0.0207
v 0.000433883739118 -0.0149009688679 0.0207
v 0.000486988824404 -0.0148734082006 0.0207
v 0.000538350616091 -0.0148427209587 0.0207
v 0.000587785252292 -0.0148090169944 0.0207
v 0.000635115769842 -0.0147724169592 0.0207
v 0.000680172737771 -0.0147330518718 0.0207
v 0.000722794863827 -0.014691062649 0.0207
v 0.000762829571862 -0.0146465996012 0.0207
v 0.000800133548011 -0.0145998218947 0.0207
v 0.000834573253721 -0.0145508969815 0.0207
v 0.000866025403784 -0.0145 0.0207
v 0.000894377407666 -0.0144473131483 0.0207
v 0.000919527772551 -0.0143930250317 0.0207
v 0.000941386466661 -0.0143373299874 0.0207
v 0.000959875241543 -0.0142804273893 0.0207
v 0.000974927912182 -0.014222520934 0.0207
v 0.000986490593924 -0.0141638179114 0.0207
v 0.000994521895368 -0.0141045284633 0.0207
v 0.000998993066541 -0.0140448648304 0.0207
v 0.00099988810181 -0.013985040593 0.0207
v 0.000997203797181 -0.0139252699064 0.0207
v 0.000990949761768 -0.0138657667342 0.0207
v 0.000981148383394 -0.0138067440822 0.0207
v 0.000967834748451 -0.0137484132363 0.0207
v 0.000951056516295 -0.0136909830056 0.0207
v 0.000930873748644 -0.0136346589756 0.0207
v 0.000907358694568 -0.0135796427717 0.0207
v 0.000880595531857 -0.0135261313375 0.0207
v 0.000850680065687 -0.0134743162302 0.0207
v 0.000817719385664 -0.0134243829343 0.0207
v 0.000781831482468 -0.0133765101981 0.0207
v 0.000743144825477 -0.0133308693936 0.0207
v 0.000701797902884 -0.013287623903 0.0207
v 0.00065793872594 -0.013246928534 0.0207
v 0.000611724299115 -0.0132089289653 0.0207
v 0.000563320058064 -0.0131737612257 0.0207
v 0.000512899277406 -0.0131415512064 0.0207
v 0.000460642450451 -0.013112414211 0.0207
v 0.000406736643076 -0.0130864545424 0.0207
v 0.000351374824081 -0.0130637651294 0.0207
v 0.000294755174411 -0.0130444271942 0.0207
v 0.000237080377716 -0.0130285099617 0.0207
v 0.000178556894799 -0.0130160704114 0.0207
v 0.00011939422454 -0.0130071530737 0.0207
v 5.9804153945e-05 -0.0130017898702 0.0207
v 0 -0.0116905989232 0.0223
v -0.002 -0.0128452994616 0.0223
v -0.002 -0.0151547005384 0.0223
v 0 -0.0163094010768 0.0223
v 0.002 -0.0151547005384 0.0223
v 0.002 -0.0128452994616 0.0223
v 0 -0.013 0.0223
v -5.9804153945e-05 -0.0130017898702 0.0223
v -0.00011939422454 -0.0130071530737 0.0223
v -0.000178556894799 -0.0130160704114 0.0223
v -0.000237080377715 -0.0130285099617 0.0223
v -0.000294755174411 -0.0130444271942 0.0223
v -0.000351374824081 -0.0130637651294 0.0223
v -0.000406736643076 -0.0130864545424 0.0223
v -0.000460642450451 -0.013112414211 0.0223
v -0.000512899277406 -0.0131415512064 0.0223
v -0.000563320058064 -0.0131737612257 0.0223
v -0.000611724299115 -0.0132089289653 0.0223
v -0.00065793872594 -0.013246928534 0.0223
v -0.000701797902884 -0.013287623903 0.0223
v -0.000743144825477 -0.0133308693936 0.0223
v -0.000781831482468 -0.0133765101981 0.0223
v -0.000817719385664 -0.0134243829343 0.0223
v -0.000850680065687 -0.0134743162302 0.0223
v -0.000880595531857 -0.0135261313375 0.0223
v -0.000907358694568 -0.0135796427717 0.0223
v -0.000930873748644 -0.0136346589756 0.0223
v -0.000951056516295 -0.0136909830056 0.0223
v -0.000967834748451 -0.0137484132363 0.0223
v -0.000981148383394 -0.0138067440822 0.0223
v -0.000990949761768 -0.0138657667342 0.0223
v -0.000997203797181 -0.0139252699064 0.0223
v -0.00099988810181 -0.013985040593 0.0223
v -0.000998993066541 -0.0140448648304 0.0223
v -0.000994521895368 -0.0141045284633 0.0223
v -0.000986490593924 -0.0141638179114 0.0223
v -0.000974927912182 -0.014222520934 0.0223
v -0.000959875241543 -0.0142804273893 0.0223
v -0.000941386466661 -0.0143373299874 0.0223
v -0.000919527772551 -0.0143930250317 0.0223
v -0.000894377407666 -0.0144473131483 0.0223
v -0.000866025403784 -0.0145 0.0223
v -0.000834573253721 -0.0145508969815 0.0223
v -0.000800133548011 -0.0145998218947 0.0223
v -0.000762829571862 -0.0146465996012 0.0223
v -0.000722794863827 -0.014691062649 0.0223
v -0.000680172737771 -0.0147330518718 0.0223
v -0.000635115769842 -0.0147724169592 0.0223
v -0.000587785252292 -0.0148090169944 0.0223
v -0.000538350616091 -0.0148427209587 0.0223
v -0.000486988824404 -0.0148734082006 0.0223
v -0.000433883739118 -0.0149009688679 0.0223
v -0.000379225462653 -0.0149253043005 0.0223
v -0.000323209657454 -0.0149463273838 0.0223
v -0.000266036845567 -0.0149639628607 0.0223
v -0.000207911690818 -0.0149781476007 0.0223
v -0.000149042266176 -0.0149888308262 0.0223
v -8.96393089034e-05 -0.014995974294 0.0223
v -2.99154661694e-05 -0.0149995524323 0.0223
v 2.99154661694e-05 -0.0149995524323 0.0223
v 8.96393089034e-05 -0.014995974294 0.0223
v 0.000149042266176 -0.0149888308262 0.0223
v 0.000207911690818 -0.0149781476007 0.0223
v 0.000266036845567 -0.0149639628607 0.0223
v 0.000323209657454 -0.0149463273838 0.0223
v 0.000379225462653 -0.0149253043005 0.0223
v 0.000433883739118 -0.0149009688679 0.0223
v 0.000486988824404 -0.0148734082006 0.0223
v 0.000538350616091 -0.0148427209587 0.0223
v 0.000587785252292 -0.0148090169944 0.0223
v 0.000635115769842 -0.0147724169592 0.0223
v 0.000680172737771 -0.0147330518718 0.0223
v 0.000722794863827 -0.014691062649 0.0223
v 0.000762829571862 -0.0146465996012 0.0223
v 0.000800133548011 -0.0145998218947 0.0223
v 0.000834573253721 -0.0145508969815 0.0223
v 0.000866025403784 -0.0145 0.0223
v 0.000894377407666 -0.0144473131483 0.0223
v 0.000919527772551 -0.0143930250317 0.0223
v 0.000941386466661 -0.0143373299874 0.0223
v 0.000959875241543 -0.0142804273893 0.0223
v 0.000974927912182 -0.014222520934 0.0223
v 0.000986490593924 -0.0141638179114 0.0223
v 0.000994521895368 -0.0141045284633 0.0223
v 0.000998993066541 -0.0140448648304 0.0223
v 0.00099988810181 -0.013985040593 0.0223
v 0.000997203797181 -0.0139252699064 0.0223
v 0.000990949761768 -0.0138657667342 0.0223
v 0.000981148383394 -0.0138067440822 0.0223
v 0.000967834748451 -0.0137484132363 0.0223
v 0.000951056516295 -0.0136909830056 0.0223
v 0.000930873748644 -0.0136346589756 0.0223
v 0.000907358694568 -0.0135796427717 0.0223
v 0.000880595531857 -0.0135261313375 0.0223
v 0.000850680065687 -0.0134743162302 0.0223
v 0.000817719385664 -0.0134243829343 0.0223
v 0.000781831482468 -0.0133765101981 0.0223
v 0.000743144825477 -0.0133308693936 0.0223
v 0.000701797902884 -0.013287623903 0.0223
v 0.00065793872594 -0.013246928534 0.0223
v 0.000611724299115 -0.0132089289653 0.0223
v 0.000563320058064 -0.0131737612257 0.0223
v 0.000512899277406 -0.0131415512064 0.0223
v 0.000460642450451 -0.013112414211 0.0223
v 0.000406736643076 -0.0130864545424 0.0223
v 0.000351374824081 -0.0130637651294 0.0223
v 0.000294755174411 -0.0130444271942 0.0223
v 0.000237080377716 -0.0130285099617 0.0223
v 0.000178556894799 -0.0130160704114 0.0223
v 0.00011939422454 -0.0130071530737 0.0223
v 5.9804153945e-05 -0.0130017898702 0.0223
v 0.002 -0.0151547005384 0.0207
v 0.002 -0.0151547005384 0.0223
v 0.002 -0.0128452994616 0.0223
v 0.002 -0.0128452994616 0.0207
v -0.002 -0.0151547005384 0.0207
v -0.002 -0.0151547005384 0.0223
v 0 -0.0163094010768 0.0223
v 0 -0.0163094010768 0.0207
v 0 -0.0163094010768 0.0207
v 0 -0.0163094010768 0.0223
v 0.002 -0.0151547005384 0.0223
v 0.002 -0.0151547005384 0.0207
v 0 -0.013 0.0223
v -5.9804153945e-05 -0.0130017898702 0.0223
v -0.00011939422454 -0.0130071530737 0.0223
v -0.000178556894799 -0.0130160704114 0.0223
v -0.000237080377715 -0.0130285099617 0.0223
v -0.000294755174411 -0.0130444271942 0.0223
v -0.000351374824081 -0.0130637651294 0.0223
v -0.000406736643076 -0.0130864545424 0.0223
v -0.000460642450451 -0.013112414211 0.0223
v -0.000512899277406 -0.0131415512064 0.0223
v -0.000563320058064 -0.0131737612257 0.0223
v -0.000611724299115 -0.0132089289653 0.0223
v -0.00065793872594 -0.013246928534 0.0223
v -0.000701797902884 -0.013287623903 0.0223
v -0.000743144825477 -0.0133308693936 0.0223
v -0.000781831482468 -0.0133765101981 0.0223
v -0.000817719385664 -0.0134243829343 0.0223
v -0.000850680065687 -0.0134743162302 0.0223
v -0.000880595531857 -0.0135261313375 0.0223
v -0.000907358694568 -0.0135796427717 0.0223
v -0.000930873748644 -0.0136346589756 0.0223
v -0.000951056516295 -0.0136909830056 0.0223
v -0.000967834748451 -0.0137484132363 0.0223
v -0.000981148383394 -0.0138067440822 0.0223
v -0.000990949761768 -0.0138657667342 0.0223
v -0.000997203797181 -0.0139252699064 0.0223
v -0.00099988810181 -0.013985040593 0.0223
v -0.000998993066541 -0.0140448648304 0.0223
v -0.000994521895368 -0.0141045284633 0.0223
v -0.000986490593924 -0.0141638179114 0.0223
v -0.000974927912182 -0.014222520934 0.0223
v -0.000959875241543 -0.0142804273893 0.0223
v -0.000941386466661 -0.0143373299874 0.0223
v -0.000919527772551 -0.0143930250317 0.0223
v -0.000894377407666 -0.0144473131483 0.0223
v -0.000866025403784 -0.0145 0.0223
v -0.000834573253721 -0.0145508969815 0.0223
v -0.000800133548011 -0.0145998218947 0.0223
v -0.000762829571862 -0.0146465996012 0.0223
v -0.000722794863827 -0.014691062649 0.0223
v -0.000680172737771 -0.0147330518718 0.0223
v -0.000635115769842 -0.0147724169592 0.0223
v -0.000587785252292 -0.0148090169944 0.0223
v -0.000538350616091 -0.0148427209587 0.0223
v -0.000486988824404 -0.0148734082006 0.0223
v -0.000433883739118 -0.0149009688679 0.0223
v -0.000379225462653 -0.0149253043005 0.0223
v -0.000323209657454 -0.0149463273838 0.0223
v -0.000266036845567 -0.0149639628607 0.0223
v -0.000207911690818 -0.0149781476007 0.0223
v -0.000149042266176 -0.0149888308262 0.0223
v -8.96393089034e-05 -0.014995974294 0.0223
v -2.99154661694e-05 -0.0149995524323 0.0223
v 2.99154661694e-05 -0.0149995524323 0.0223
v 8.96393089034e-05 -0.014995974294 0.0223
v 0.000149042266176 -0.0149888308262 0.0223
v 0.000207911690818 -0.0149781476007 0.0223
v 0.000266036845567 -0.0149639628607 0.0223
v 0.000323209657454 -0.0149463273838 0.0223
v 0.000379225462653 -0.0149253043005 0.0223
v 0.000433883739118 -0.0149009688679 0.0223
v 0.000486988824404 -0.0148734082006 0.0223
v 0.000538350616091 -0.0148427209587 0.0223
v 0.000587785252292 -0.0148090169944 0.0223
v 0.000635115769842 -0.0147724169592 0.0223
v 0.000680172737771 -0.0147330518718 0.0223
v 0.000722794863827 -0.014691062649 0.0223
v 0.000762829571862 -0.0146465996012 0.0223
v 0.000800133548011 -0.0145998218947 0.0223
v 0.000834573253721 -0.0145508969815 0.0223
v 0.000866025403784 -0.0145 0.0223
v 0.000894377407666 -0.0144473131483 0.0223
v 0.000919527772551 -0.0143930250317 0.0223
v 0.000941386466661 -0.0143373299874 0.0223
v 0.000959875241543 -0.0142804273893 0.0223
v 0.000974927912182 -0.014222520934 0.0223
v 0.000986490593924 -0.0141638179114 0.0223
v 0.000994521895368 -0.0141045284633 0.0223
v 0.000998993066541 -0.0140448648304 0.0223
v 0.00099988810181 -0.013985040593 0.0223
v 0.000997203797181 -0.0139252699064 0.0223
v 0.000990949761768 -0.0138657667342 0.0223
v 0.000981148383394 -0.0138067440822 0.0223
v 0.000967834748451 -0.0137484132363 0.0223
v 0.000951056516295 -0.0136909830056 0.0223
v 0.000930873748644 -0.0136346589756 0.0223
v 0.000907358694568 -0.0135796427717 0.0223
v 0.000880595531857 -0.0135261313375 0.0223
v 0.000850680065687 -0.0134743162302 0.0223
v 0.000817719385664 -0.0134243829343 0.0223
v 0.000781831482468 -0.0133765101981 0.0223
v 0.000743144825477 -0.0133308693936 0.0223
v 0.000701797902884 -0.013287623903 0.0223
v 0.00065793872594 -0.013246928534 0.0223
v 0.000611724299115 -0.0132089289653 0.0223
v 0.000563320058064 -0.0131737612257 0.0223
v 0.000512899277406 -0.0131415512064 0.0223
v 0.000460642450451 -0.013112414211 0.0223
v 0.000406736643076 -0.0130864545424 0.0223
v 0.000351374824081 -0.0130637651294 0.0223
v 0.000294755174411 -0.0130444271942 0.0223
v 0.000237080377716 -0.0130285099617 0.0223
v 0.000178556894799 -0.0130160704114 0.0223
v 0.00011939422454 -0.0130071530737 0.0223
v 5.9804153945e-05 -0.0130017898702 0.0223
v 0 -0.013 0.0223
v 0 -0.013 0.0207
v -5.9804153945e-05 -0.0130017898702 0.0207
v -0.00011939422454 -0.0130071530737 0.0207
v -0.000178556894799 -0.0130160704114 0.0207
v -0.000237080377715 -0.0130285099617 0.0207
v -0.000294755174411 -0.0130444271942 0.0207
v -0.000351374824081 -0.0130637651294 0.0207
v -0.000406736643076 -0.0130864545424 0.0207
v -0.000460642450451 -0.013112414211 0.0207
v -0.000512899277406 -0.0131415512064 0.0207
v -0.000563320058064 -0.0131737612257 0.0207
v -0.000611724299115 -0.0132089289653 0.0207
v -0.00065793872594 -0.013246928534 0.0207
v -0.000701797902884 -0.013287623903 0.0207
v -0.000743144825477 -0.0133308693936 0.0207
v -0.000781831482468 -0.0133765101981 0.0207
v -0.000817719385664 -0.0134243829343 0.0207
v -0.000850680065687 -0.0134743162302 0.0207
v -0.000880595531857 -0.0135261313375 0.0207
v -0.000907358694568 -0.0135796427717 0.0207
v -0.000930873748644 -0.0136346589756 0.0207
v -0.000951056516295 -0.0136909830056 0.0207
v -0.000967834748451 -0.0137484132363 0.0207
v -0.000981148383394 -0.0138067440822 0.0207
v -0.000990949761768 -0.0138657667342 0.0207
v -0.000997203797181 -0.0139252699064 0.0207
v -0.00099988810181 -0.013985040593 0.0207
v -0.000998993066541 -0.0140448648304 0.0207
v -0.000994521895368 -0.0141045284633 0.0207
v -0.000986490593924 -0.0141638179114 0.0207
v -0.000974927912182 -0.014222520934 0.0207
v -0.000959875241543 -0.0142804273893 0.0207
v -0.000941386466661 -0.0143373299874 0.0207
v -0.000919527772551 -0.0143930250317 0.0207
v -0.000894377407666 -0.0144473131483 0.0207
v -0.000866025403784 -0.0145 0.0207
v -0.000834573253721 -0.0145508969815 0.0207
v -0.000800133548011 -0.0145998218947 0.0207
v -0.000762829571862 -0.0146465996012 0.0207
v -0.000722794863827 -0.014691062649 0.0207
v -0.000680172737771 -0.0147330518718 0.0207
v -0.000635115769842 -0.0147724169592 0.0207
v -0.000587785252292 -0.0148090169944 0.0207
v -0.000538350616091 -0.0148427209587 0.0207
v -0.000486988824404 -0.0148734082006 0.0207
v -0.000433883739118 -0.0149009688679 0.0207
v -0.000379225462653 -0.0149253043005 0.0207
v -0.000323209657454 -0.0149463273838 0.0207
v -0.000266036845567 -0.0149639628607 0.0207
v -0.000207911690818 -0.0149781476007 0.0207
v -0.000149042266176 -0.0149888308262 0.0207
v -8.96393089034e-05 -0.014995974294 0.0207
v -2.99154661694e-05 -0.0149995524323 0.0207
v 2.99154661694e-05 -0.0149995524323 0.0207
v 8.96393089034e-05 -0.014995974294 0.0207
v 0.000149042266176 -0.0149888308262 0.0207
v 0.000207911690818 -0.0149781476007 0.0207
v 0.000266036845567 -0.0149639628607 0.0207
v 0.000323209657454 -0.0149463273838 0.0207
v 0.000379225462653 -0.0149253043005 0.0207
v 0.000433883739118 -0.0149009688679 0.0207
v 0.000486988824404 -0.0148734082006 0.0207
v 0.000538350616091 -0.0148427209587 0.0207
v 0.000587785252292 -0.0148090169944 0.0207
v 0.000635115769842 -0.0147724169592 0.0207
v 0.000680172737771 -0.0147330518718 0.0207
v 0.000722794863827 -0.014691062649 0.0207
v 0.000762829571862 -0.0146465996012 0.0207
v 0.000800133548011 -0.0145998218947 0.0207
v 0.000834573253721 -0.0145508969815 0.0207
v 0.000866025403784 -0.0145 0.0207
v 0.000894377407666 -0.0144473131483 0.0207
v 0.000919527772551 -0.0143930250317 0.0207
v 0.000941386466661 -0.0143373299874 0.0207
v 0.000959875241543 -0.0142804273893 0.0207
v 0.000974927912182 -0.014222520934 0.0207
v 0.000986490593924 -0.0141638179114 0.0207
v 0.000994521895368 -0.0141045284633 0.0207
v 0.000998993066541 -0.0140448648304 0.0207
v 0.00099988810181 -0.013985040593 0.0207
v 0.000997203797181 -0.0139252699064 0.0207
v 0.000990949761768 -0.0138657667342 0.0207
v 0.000981148383394 -0.0138067440822 0.0207
v 0.000967834748451 -0.0137484132363 0.0207
v 0.000951056516295 -0.0136909830056 0.0207
v 0.000930873748644 -0.0136346589756 0.0207
v 0.000907358694568 -0.0135796427717 0.0207
v 0.000880595531857 -0.0135261313375 0.0207
v 0.000850680065687 -0.0134743162302 0.0207
v 0.000817719385664 -0.0134243829343 0.0207
v 0.000781831482468 -0.0133765101981 0.0207
v 0.000743144825477 -0.0133308693936 0.0207
v 0.000701797902884 -0.013287623903 0.0207
v 0.00065793872594 -0.013246928534 0.0207
v 0.000611724299115 -0.0132089289653 0.0207
v 0.000563320058064 -0.0131737612257 0.0207
v 0.000512899277406 -0.0131415512064 0.0207
v 0.000460642450451 -0.013112414211 0.0207
v 0.000406736643076 -0.0130864545424 0.0207
v 0.000351374824081 -0.0130637651294 0.0207
v 0.000294755174411 -0.0130444271942 0.0207
v 0.000237080377716 -0.0130285099617 0.0207
v 0.000178556894799 -0.0130160704114 0.0207
v 0.00011939422454 -0.0130071530737 0.0207
v 5.9804153945e-05 -0.0130017898702 0.0207
v 0 -0.013 0.0207
v 1.56448657805e-18 0.0099 0.0245
v -0.000113627892496 0.00989659924656 0.0245
v -0.000226849026626 0.00988640916005 0.0245
v -0.000339258100117 0.00986946621834 0.0245
v -0.000450452717659 0.00984583107276 0.0245
v -0.000560034831381 0.00981558833099 0.0245
v -0.000667612165755 0.00977884625422 0.0245
v -0.000772799621844 0.00973573636952 0.0245
v -0.000875220655856 0.00968641299911 0.0245
v -0.000974508627071 0.00963105270784 0.0245
v -0.00107030811032 0.0095698536712 0.0245
v -0.00116227616832 0.00950303496585 0.0245
v -0.00125008357929 0.00943083578541 0.0245
v -0.00133341601548 0.00935351458421 0.0245
v -0.00141197516841 0.00927134815208 0.0245
v -0.00148547981669 0.00918463062353 0.0245
v -0.00155366683276 0.0090936724248 0.0245
v -0.00161629212481 0.00899879916264 0.0245
v -0.00167313151053 0.0089003504587 0.0245
v -0.00172398151968 0.00879867873379 0.0245
v -0.00176866012242 0.0086941479463 0.0245
v -0.00180700738096 0.00858713228931 0.0245
v -0.00183888602206 0.00847801485111 0.0245
v -0.00186418192845 0.00836718624381 0.0245
v -0.00188280454736 0.00825504320505 0.0245
v -0.00189468721464 0.00814198717781 0.0245
v -0.00189978739344 0.00802842287333 0.0245
v -0.00189808682643 0.00791475682233 0.0245
v -0.0018895916012 0.00780139591979 0.0245
v -0.00187433212845 0.00768874596831 0.0245
v -0.00185236303315 0.00757721022548 0.0245
v -0.00182376295893 0.00746718796032 0.0245
v -0.00178863428666 0.00735907302397 0.0245
v -0.00174710276785 0.00725325243986 0.0245
v -0.00169931707457 0.0071501050182 0.0245
v -0.00164544826719 0.00705 0.0245
v -0.00158568918207 0.00695329573524 0.0245
v -0.00152025374122 0.00686033840009 0.0245
v -0.00144937618654 0.00677146075769 0.0245
v -0.00137331024127 0.00668698096692 0.0245
v -0.00129232820176 0.00660720144352 0.0245
v -0.0012067199627 0.00653240777747 0.0245
v -0.00111679197936 0.00646286771069 0.0245
v -0.00102286617057 0.00639883017856 0.0245
v -0.000925278766368 0.00634052441883 0.0245
v -0.000824379104323 0.00628815915099 0.0245
v -0.000720528379041 0.0062419218291 0.0245
v -0.000614098349163 0.00620197797078 0.0245
v -0.000505470006577 0.00616847056468 0.0245
v -0.000395032212554 0.00614151955861 0.0245
v -0.000283180305735 0.00612122143017 0.0245
v -0.000170314686917 0.00610764884141 0.0245
v -5.68393857219e-05 0.00610085037866 0.0245
v 5.68393857219e-05 0.00610085037866 0.0245
v 0.000170314686917 0.00610764884141 0.0245
v 0.000283180305735 0.00612122143017 0.0245
v 0.000395032212554 0.00614151955861 0.0245
v 0.000505470006577 0.00616847056468 0.0245
v 0.000614098349163 0.00620197797078 0.0245
v 0.000720528379041 0.0062419218291 0.0245
v 0.000824379104323 0.00628815915099 0.0245
v 0.000925278766368 0.00634052441883 0.0245
v 0.00102286617057 0.00639883017856 0.0245
v 0.00111679197936 0.00646286771069 0.0245
v 0.0012067199627 0.00653240777747 0.0245
v 0.00129232820176 0.00660720144352 0.0245
v 0.00137331024127 0.00668698096692 0.0245
v 0.00144937618654 0.00677146075769 0.0245
v 0.00152025374122 0.00686033840009 0.0245
v 0.00158568918207 0.00695329573524 0.0245
v 0.00164544826719 0.00705 0.0245
v 0.00169931707457 0.0071501050182 0.0245
v 0.00174710276785 0.00725325243986 0.0245
v 0.00178863428666 0.00735907302397 0.0245
v 0.00182376295893 0.00746718796032 0.0245
v 0.00185236303315 0.00757721022548 0.0245
v 0.00187433212845 0.00768874596831 0.0245
v 0.0018895916012 0.00780139591979 0.0245
v 0.00189808682643 0.00791475682233 0.0245
v 0.00189978739344 0.00802842287333 0.0245
v 0.00189468721464 0.00814198717781 0.0245
v 0.00188280454736 0.00825504320505 0.0245
v 0.00186418192845 0.00836718624381 0.0245
v 0.00183888602206 0.00847801485111 0.0245
v 0.00180700738096 0.00858713228931 0.0245
v 0.00176866012242 0.0086941479463 0.0245
v 0.00172398151968 0.00879867873379 0.0245
v 0.00167313151053 0.0089003504587 0.0245
v 0.00161629212481 0.00899879916264 0.0245
v 0.00155366683276 0.0090936724248 0.0245
v 0.00148547981669 0.00918463062353 0.0245
v 0.00141197516841 0.00927134815208 0.0245
v 0.00133341601548 0.00935351458421 0.0245
v 0.00125008357929 0.00943083578541 0.0245
v 0.00116227616832 0.00950303496585 0.0245
v 0.00107030811032 0.0095698536712 0.0245
v 0.000974508627071 0.00963105270784 0.0245
v 0.000875220655856 0.00968641299911 0.0245
v 0.000772799621844 0.00973573636952 0.0245
v 0.000667612165755 0.00977884625422 0.0245
v 0.000560034831381 0.00981558833099 0.0245
v 0.000450452717659 0.00984583107276 0.0245
v 0.000339258100117 0.00986946621834 0.0245
v 0.000226849026626 0.00988640916005 0.0245
v 0.000113627892496 0.00989659924656 0.0245
v 1.56448657805e-18 0.0099 0.0245
v 1.56448657805e-18 0.0099 0.0225
v -0.000113627892496 0.00989659924656 0.0225
v -0.000226849026626 0.00988640916005 0.0225
v -0.000339258100117 0.00986946621834 0.0225
v -0.000450452717659 0.00984583107276 0.0225
v -0.000560034831381 0.00981558833099 0.0225
v -0.000667612165755 0.00977884625422 0.0225
v -0.000772799621844 0.00973573636952 0.0225
v -0.000875220655856 0.00968641299911 0.0225
v -0.000974508627071 0.00963105270784 0.0225
v -0.00107030811032 0.0095698536712 0.0225
v -0.00116227616832 0.00950303496585 0.0225
v -0.00125008357929 0.00943083578541 0.0225
v -0.00133341601548 0.00935351458421 0.0225
v -0.00141197516841 0.00927134815208 0.0225
v -0.00148547981669 0.00918463062353 0.0225
v -0.00155366683276 0.0090936724248 0.0225
v -0.00161629212481 0.00899879916264 0.0225
v -0.00167313151053 0.0089003504587 0.0225
v -0.00172398151968 0.00879867873379 0.0225
v -0.00176866012242 0.0086941479463 0.0225
v -0.00180700738096 0.00858713228931 0.0225
v -0.00183888602206 0.00847801485111 0.0225
v -0.00186418192845 0.00836718624381 0.0225
v -0.00188280454736 0.00825504320505 0.0225
v -0.00189468721464 0.00814198717781 0.0225
v -0.00189978739344 0.00802842287333 0.0225
v -0.00189808682643 0.00791475682233 0.0225
v -0.0018895916012 0.00780139591979 0.0225
v -0.00187433212845 0.00768874596831 0.0225
v -0.00185236303315 0.00757721022548 0.0225
v -0.00182376295893 0.00746718796032 0.0225
v -0.00178863428666 0.00735907302397 0.0225
v -0.00174710276785 0.00725325243986 0.0225
v -0.00169931707457 0.0071501050182 0.0225
v -0.00164544826719 0.00705 0.0225
v -0.00158568918207 0.00695329573524 0.0225
v -0.00152025374122 0.00686033840009 0.0225
v -0.00144937618654 0.00677146075769 0.0225
v -0.00137331024127 0.00668698096692 0.0225
v -0.00129232820176 0.00660720144352 0.0225
v -0.0012067199627 0.00653240777747 0.0225
v -0.00111679197936 0.00646286771069 0.0225
v -0.00102286617057 0.00639883017856 0.0225
v -0.000925278766368 0.00634052441883 0.0225
v -0.000824379104323 0.00628815915099 0.0225
v -0.000720528379041 0.0062419218291 0.0225
v -0.000614098349163 0.00620197797078 0.0225
v -0.000505470006577 0.00616847056468 0.0225
v -0.000395032212554 0.00614151955861 0.0225
v -0.000283180305735 0.00612122143017 0.0225
v -0.000170314686917 0.00610764884141 0.0225
v -5.68393857219e-05 0.00610085037866 0.0225
v 5.68393857219e-05 0.00610085037866 0.0225
v 0.000170314686917 0.00610764884141 0.0225
v 0.000283180305735 0.00612122143017 0.0225
v 0.000395032212554 0.00614151955861 0.0225
v 0.000505470006577 0.00616847056468 0.0225
v 0.000614098349163 0.00620197797078 0.0225
v 0.000720528379041 0.0062419218291 0.0225
v 0.000824379104323 0.00628815915099 0.0225
v 0.000925278766368 0.00634052441883 0.0225
v 0.00102286617057 0.00639883017856 0.0225
v 0.00111679197936 0.00646286771069 0.0225
v 0.0012067199627 0.00653240777747 0.0225
v 0.00129232820176 0.00660720144352 0.0225
v 0.00137331024127 0.00668698096692 0.0225
v 0.00144937618654 0.00677146075769 0.0225
v 0.00152025374122 0.00686033840009 0.0225
v 0.00158568918207 0.00695329573524 0.0225
v 0.00164544826719 0.00705 0.0225
v 0.00169931707457 0.0071501050182 0.0225
v 0.00174710276785 0.00725325243986 0.0225
v 0.00178863428666 0.00735907302397 0.0225
v 0.00182376295893 0.00746718796032 0.0225
v 0.00185236303315 0.00757721022548 0.0225
v 0.00187433212845 0.00768874596831 0.0225
v 0.0018895916012 0.00780139591979 0.0225
v 0.00189808682643 0.00791475682233 0.0225
v 0.00189978739344 0.00802842287333 0.0225
v 0.00189468721464 0.00814198717781 0.0225
v 0.00188280454736 0.00825504320505 0.0225
v 0.00186418192845 0.00836718624381 0.0225
v 0.00183888602206 0.00847801485111 0.0225
v 0.00180700738096 0.00858713228931 0.0225
v 0.00176866012242 0.0086941479463 0.0225
v 0.00172398151968 0.00879867873379 0.0225
v 0.00167313151053 0.0089003504587 0.0225
v 0.00161629212481 0.00899879916264 0.0225
v 0.00155366683276 0.0090936724248 0.0225
v 0.00148547981669 0.00918463062353 0.0225
v 0.00141197516841 0.00927134815208 0.0225
v 0.00133341601548 0.00935351458421 0.0225
v 0.00125008357929 0.00943083578541 0.0225
v 0.00116227616832 0.00950303496585 0.0225
v 0.00107030811032 0.0095698536712 0.0225
v 0.000974508627071 0.00963105270784 0.0225
v 0.000875220655856 0.00968641299911 0.0225
v 0.000772799621844 0.00973573636952 0.0225
v 0.000667612165755 0.00977884625422 0.0225
v 0.000560034831381 0.00981558833099 0.0225
v 0.000450452717659 0.00984583107276 0.0225
v 0.000339258100117 0.00986946621834 0.0225
v 0.000226849026626 0.00988640916005 0.0225
v 0.000113627892496 0.00989659924656 0.0225
v 1.56448657805e-18 0.0099 0.0225
v 1.56448657805e-18 0.0099 0.0245
v -0.000113627892496 0.00989659924656 0.0245
v -0.000226849026626 0.00988640916005 0.0245
v -0.000339258100117 0.00986946621834 0.0245
v -0.000450452717659 0.00984583107276 0.0245
v -0.000560034831381 0.00981558833099 0.0245
v -0.000667612165755 0.00977884625422 0.0245
v -0.000772799621844 0.00973573636952 0.0245
v -0.000875220655856 0.00968641299911 0.0245
v -0.000974508627071 0.00963105270784 0.0245
v -0.00107030811032 0.0095698536712 0.0245
v -0.00116227616832 0.00950303496585 0.0245
v -0.00125008357929 0.00943083578541 0.0245
v -0.00133341601548 0.00935351458421 0.0245
v -0.00141197516841 0.00927134815208 0.0245
v -0.00148547981669 0.00918463062353 0.0245
v -0.00155366683276 0.0090936724248 0.0245
v -0.00161629212481 0.00899879916264 0.0245
v -0.00167313151053 0.0089003504587 0.0245
v -0.00172398151968 0.00879867873379 0.0245
v -0.00176866012242 0.0086941479463 0.0245
v -0.00180700738096 0.00858713228931 0.0245
v -0.00183888602206 0.00847801485111 0.0245
v -0.00186418192845 0.00836718624381 0.0245
v -0.00188280454736 0.00825504320505 0.0245
v -0.00189468721464 0.00814198717781 0.0245
v -0.00189978739344 0.00802842287333 0.0245
v -0.00189808682643 0.00791475682233 0.0245
v -0.0018895916012 0.00780139591979 0.0245
v -0.00187433212845 0.00768874596831 0.0245
v -0.00185236303315 0.00757721022548 0.0245
v -0.00182376295893 0.00746718796032 0.0245
v -0.00178863428666 0.00735907302397 0.0245
v -0.00174710276785 0.00725325243986 0.0245
v -0.00169931707457 0.0071501050182 0.0245
v -0.00164544826719 0.00705 0.0245
v -0.00158568918207 0.00695329573524 0.0245
v -0.00152025374122 0.00686033840009 0.0245
v -0.00144937618654 0.00677146075769 0.0245
v -0.00137331024127 0.00668698096692 0.0245
v -0.00129232820176 0.00660720144352 0.0245
v -0.0012067199627 0.00653240777747 0.0245
v -0.00111679197936 0.00646286771069 0.0245
v -0.00102286617057 0.00639883017856 0.0245
v -0.000925278766368 0.00634052441883 0.0245
v -0.000824379104323 0.00628815915099 0.0245
v -0.000720528379041 0.0062419218291 0.0245
v -0.000614098349163 0.00620197797078 0.0245
v -0.000505470006577 0.00616847056468 0.0245
v -0.000395032212554 0.00614151955861 0.0245
v -0.000283180305735 0.00612122143017 0.0245
v -0.000170314686917 0.00610764884141 0.0245
v -5.68393857219e-05 0.00610085037866 0.0245
v 5.68393857219e-05 0.00610085037866 0.0245
v 0.000170314686917 0.00610764884141 0.0245
v 0.000283180305735 0.00612122143017 0.0245
v 0.000395032212554 0.00614151955861 0.0245
v 0.000505470006577 0.00616847056468 0.0245
v 0.000614098349163 0.00620197797078 0.0245
v 0.000720528379041 0.0062419218291 0.0245
v 0.000824379104323 0.00628815915099 0.0245
v 0.000925278766368 0.00634052441883 0.0245
v 0.00102286617057 0.00639883017856 0.0245
v 0.00111679197936 0.00646286771069 0.0245
v 0.0012067199627 0.00653240777747 0.0245
v 0.00129232820176 0.00660720144352 0.0245
v 0.00137331024127 0.00668698096692 0.0245
v 0.00144937618654 0.00677146075769 0.0245
v 0.00152025374122 0.00686033840009 0.0245
v 0.00158568918207 0.00695329573524 0.0245
v 0.00164544826719 0.00705 0.0245
v 0.00169931707457 0.0071501050182 0.0245
v 0.00174710276785 0.00725325243986 0.0245
v 0.00178863428666 0.00735907302397 0.0245
v 0.00182376295893 0.00746718796032 0.0245
v 0.00185236303315 0.00757721022548 0.0245
v 0.00187433212845 0.00768874596831 0.0245
v 0.0018895916012 0.00780139591979 0.0245
v 0.00189808682643 0.00791475682233 0.0245
v 0.00189978739344 0.00802842287333 0.0245
v 0.00189468721464 0.00814198717781 0.0245
v 0.00188280454736 0.00825504320505 0.0245
v 0.00186418192845 0.00836718624381 0.0245
v 0.00183888602206 0.00847801485111 0.0245
v 0.00180700738096 0.00858713228931 0.0245
v 0.00176866012242 0.0086941479463 0.0245
v 0.00172398151968 0.00879867873379 0.0245
v 0.00167313151053 0.0089003504587 0.0245
v 0.00161629212481 0.00899879916264 0.0245
v 0.00155366683276 0.0090936724248 0.0245
v 0.00148547981669 0.00918463062353 0.0245
v 0.00141197516841 0.00927134815208 0.0245
v 0.00133341601548 0.00935351458421 0.0245
v 0.00125008357929 0.00943083578541 0.0245
v 0.00116227616832 0.00950303496585 0.0245
v 0.00107030811032 0.0095698536712 0.0245
v 0.000974508627071 0.00963105270784 0.0245
v 0.000875220655856 0.00968641299911 0.0245
v 0.000772799621844 0.00973573636952 0.0245
v 0.000667612165755 0.00977884625422 0.0245
v 0.000560034831381 0.00981558833099 0.0245
v 0.000450452717659 0.00984583107276 0.0245
v 0.000339258100117 0.00986946621834 0.0245
v 0.000226849026626 0.00988640916005 0.0245
v 0.000113627892496 0.00989659924656 0.0245
v -0.00075 0.00756698729811 0.0245
v -0.00075 0.00843301270189 0.0245
v 9.84326554019e-19 0.00886602540378 0.0245
v 0.00075 0.00843301270189 0.0245
v 0.00075 0.00756698729811 0.0245
v 6.85972761508e-19 0.00713397459622 0.0245
v 1.56448657805e-18 0.0099 0.0225
v -0.000113627892496 0.00989659924656 0.0225
v -0.000226849026626 0.00988640916005 0.0225
v -0.000339258100117 0.00986946621834 0.0225
v -0.000450452717659 0.00984583107276 0.0225
v -0.000560034831381 0.00981558833099 0.0225
v -0.000667612165755 0.00977884625422 0.0225
v -0.000772799621844 0.00973573636952 0.0225
v -0.000875220655856 0.00968641299911 0.0225
v -0.000974508627071 0.00963105270784 0.0225
v -0.00107030811032 0.0095698536712 0.0225
v -0.00116227616832 0.00950303496585 0.0225
v -0.00125008357929 0.00943083578541 0.0225
v -0.00133341601548 0.00935351458421 0.0225
v -0.00141197516841 0.00927134815208 0.0225
v -0.00148547981669 0.00918463062353 0.0225
v -0.00155366683276 0.0090936724248 0.0225
v -0.00161629212481 0.00899879916264 0.0225
v -0.00167313151053 0.0089003504587 0.0225
v -0.00172398151968 0.00879867873379 0.0225
v -0.00176866012242 0.0086941479463 0.0225
v -0.00180700738096 0.00858713228931 0.0225
v -0.00183888602206 0.00847801485111 0.0225
v -0.00186418192845 0.00836718624381 0.0225
v -0.00188280454736 0.00825504320505 0.0225
v -0.00189468721464 0.00814198717781 0.0225
v -0.00189978739344 0.00802842287333 0.0225
v -0.00189808682643 0.00791475682233 0.0225
v -0.0018895916012 0.00780139591979 0.0225
v -0.00187433212845 0.00768874596831 0.0225
v -0.00185236303315 0.00757721022548 0.0225
v -0.00182376295893 0.00746718796032 0.0225
v -0.00178863428666 0.00735907302397 0.0225
v -0.00174710276785 0.00725325243986 0.0225
v -0.00169931707457 0.0071501050182 0.0225
v -0.00164544826719 0.00705 0.0225
v -0.00158568918207 0.00695329573524 0.0225
v -0.00152025374122 0.00686033840009 0.0225
v -0.00144937618654 0.00677146075769 0.0225
v -0.00137331024127 0.00668698096692 0.0225
v -0.00129232820176 0.00660720144352 0.0225
v -0.0012067199627 0.00653240777747 0.0225
v -0.00111679197936 0.00646286771069 0.0225
v -0.00102286617057 0.00639883017856 0.0225
v -0.000925278766368 0.00634052441883 0.0225
v -0.000824379104323 0.00628815915099 0.0225
v -0.000720528379041 0.0062419218291 0.0225
v -0.000614098349163 0.00620197797078 0.0225
v -0.000505470006577 0.00616847056468 0.0225
v -0.000395032212554 0.00614151955861 0.0225
v -0.000283180305735 0.00612122143017 0.0225
v -0.000170314686917 0.00610764884141 0.0225
v -5.68393857219e-05 0.00610085037866 0.0225
v 5.68393857219e-05 0.00610085037866 0.0225
v 0.000170314686917 0.00610764884141 0.0225
v 0.000283180305735 0.00612122143017 0.0225
v 0.000395032212554 0.00614151955861 0.0225
v 0.000505470006577 0.00616847056468 0.0225
v 0.000614098349163 0.00620197797078 0.0225
v 0.000720528379041 0.0062419218291 0.0225
v 0.000824379104323 0.00628815915099 0.0225
v 0.000925278766368 0.00634052441883 0.0225
v 0.00102286617057 0.00639883017856 0.0225
v 0.00111679197936 0.00646286771069 0.0225
v 0.0012067199627 0.00653240777747 0.0225
v 0.00129232820176 0.00660720144352 0.0225
v 0.00137331024127 0.00668698096692 0.0225
v 0.00144937618654 0.00677146075769 0.0225
v 0.00152025374122 0.00686033840009 0.0225
v 0.00158568918207 0.00695329573524 0.0225
v 0.00164544826719 0.00705 0.0225
v 0.00169931707457 0.0071501050182 0.0225
v 0.00174710276785 0.00725325243986 0.0225
v 0.00178863428666 0.00735907302397 0.0225
v 0.00182376295893 0.00746718796032 0.0225
v 0.00185236303315 0.00757721022548 0.0225
v 0.00187433212845 0.00768874596831 0.0225
v 0.0018895916012 0.00780139591979 0.0225
v 0.00189808682643 0.00791475682233 0.0225
v 0.00189978739344 0.00802842287333 0.0225
v 0.00189468721464 0.00814198717781 0.0225
v 0.00188280454736 0.00825504320505 0.0225
v 0.00186418192845 0.00836718624381 0.0225
v 0.00183888602206 0.00847801485111 0.0225
v 0.00180700738096 0.00858713228931 0.0225
v 0.00176866012242 0.0086941479463 0.0225
v 0.00172398151968 0.00879867873379 0.0225
v 0.00167313151053 0.0089003504587 0.0225
v 0.00161629212481 0.00899879916264 0.0225
v 0.00155366683276 0.0090936724248 0.0225
v 0.00148547981669 0.00918463062353 0.0225
v 0.00141197516841 0.00927134815208 0.0225
v 0.00133341601548 0.00935351458421 0.0225
v 0.00125008357929 0.00943083578541 0.0225
v 0.00116227616832 0.00950303496585 0.0225
v 0.00107030811032 0.0095698536712 0.0225
v 0.000974508627071 0.00963105270784 0.0225
v 0.000875220655856 0.00968641299911 0.0225
v 0.000772799621844 0.00973573636952 0.0225
v 0.000667612165755 0.00977884625422 0.0225
v 0.000560034831381 0.00981558833099 0.0225
v 0.000450452717659 0.00984583107276 0.0225
v 0.000339258100117 0.00986946621834 0.0225
v 0.000226849026626 0.00988640916005 0.0225
v 0.000113627892496 0.00989659924656 0.0225
v 1.24413008199e-18 0.009 0.0225
v -5.9804153945e-05 0.00899821012977 0.0225
v -0.00011939422454 0.00899284692634 0.0225
v -0.000178556894799 0.0089839295886 0.0225
v -0.000237080377715 0.00897149003829 0.0225
v -0.000294755174411 0.00895557280579 0.0225
v -0.000351374824081 0.00893623487064 0.0225
v -0.000406736643076 0.00891354545764 0.0225
v -0.000460642450451 0.008887585789 0.0225
v -0.000512899277406 0.0088584487936 0.0225
v -0.000563320058064 0.00882623877432 0.0225
v -0.000611724299115 0.00879107103466 0.0225
v -0.00065793872594 0.008753071466 0.0225
v -0.000701797902884 0.00871237609695 0.0225
v -0.000743144825477 0.00866913060636 0.0225
v -0.000781831482468 0.00862348980186 0.0225
v -0.000817719385664 0.00857561706569 0.0225
v -0.000850680065687 0.00852568376981 0.0225
v -0.000880595531857 0.00847386866247 0.0225
v -0.000907358694568 0.00842035722831 0.0225
v -0.000930873748644 0.00836534102437 0.0225
v -0.000951056516295 0.00830901699437 0.0225
v -0.000967834748451 0.00825158676374 0.0225
v -0.000981148383394 0.0081932559178 0.0225
v -0.000990949761768 0.00813423326582 0.0225
v -0.000997203797181 0.00807473009359 0.0225
v -0.00099988810181 0.00801495940702 0.0225
v -0.000998993066541 0.00795513516965 0.0225
v -0.000994521895368 0.00789547153673 0.0225
v -0.000986490593924 0.00783618208858 0.0225
v -0.000974927912182 0.00777747906604 0.0225
v -0.000959875241543 0.00771957261069 0.0225
v -0.000941386466661 0.00766267001262 0.0225
v -0.000919527772551 0.00760697496835 0.0225
v -0.000894377407666 0.00755268685168 0.0225
v -0.000866025403784 0.0075 0.0225
v -0.000834573253721 0.00744910301855 0.0225
v -0.000800133548011 0.00740017810531 0.0225
v -0.000762829571862 0.00735340039878 0.0225
v -0.000722794863827 0.00730893735101 0.0225
v -0.000680172737771 0.00726694812817 0.0225
v -0.000635115769842 0.00722758304078 0.0225
v -0.000587785252292 0.00719098300563 0.0225
v -0.000538350616091 0.00715727904135 0.0225
v -0.000486988824404 0.00712659179938 0.0225
v -0.000433883739118 0.0070990311321 0.0225
v -0.000379225462653 0.00707469569953 0.0225
v -0.000323209657454 0.0070536726162 0.0225
v -0.000266036845567 0.0070360371393 0.0225
v -0.000207911690818 0.00702185239927 0.0225
v -0.000149042266176 0.00701116917377 0.0225
v -8.96393089034e-05 0.007004025706 0.0225
v -2.99154661694e-05 0.00700044756772 0.0225
v 2.99154661694e-05 0.00700044756772 0.0225
v 8.96393089034e-05 0.007004025706 0.0225
v 0.000149042266176 0.00701116917377 0.0225
v 0.000207911690818 0.00702185239927 0.0225
v 0.000266036845567 0.0070360371393 0.0225
v 0.000323209657454 0.0070536726162 0.0225
v 0.000379225462653 0.00707469569953 0.0225
v 0.000433883739118 0.0070990311321 0.0225
v 0.000486988824404 0.00712659179938 0.0225
v 0.000538350616091 0.00715727904135 0.0225
v 0.000587785252292 0.00719098300563 0.0225
v 0.000635115769842 0.00722758304078 0.0225
v 0.000680172737771 0.00726694812817 0.0225
v 0.000722794863827 0.00730893735101 0.0225
v 0.000762829571862 0.00735340039878 0.0225
v 0.000800133548011 0.00740017810531 0.0225
v 0.000834573253721 0.00744910301855 0.0225
v 0.000866025403784 0.0075 0.0225
v 0.000894377407666 0.00755268685168 0.0225
v 0.000919527772551 0.00760697496835 0.0225
v 0.000941386466661 0.00766267001262 0.0225
v 0.000959875241543 0.00771957261069 0.0225
v 0.000974927912182 0.00777747906604 0.0225
v 0.000986490593924 0.00783618208858 0.0225
v 0.000994521895368 0.00789547153673 0.0225
v 0.000998993066541 0.00795513516965 0.0225
v 0.00099988810181 0.00801495940702 0.0225
v 0.000997203797181 0.00807473009359 0.0225
v 0.000990949761768 0.00813423326582 0.0225
v 0.000981148383394 0.0081932559178 0.0225
v 0.000967834748451 0.00825158676374 0.0225
v 0.000951056516295 0.00830901699437 0.0225
v 0.000930873748644 0.00836534102437 0.0225
v 0.000907358694568 0.00842035722831 0.0225
v 0.000880595531857 0.00847386866247 0.0225
v 0.000850680065687 0.00852568376981 0.0225
v 0.000817719385664 0.00857561706569 0.0225
v 0.000781831482468 0.00862348980186 0.0225
v 0.000743144825477 0.00866913060636 0.0225
v 0.000701797902884 0.00871237609695 0.0225
v 0.00065793872594 0.008753071466 0.0225
v 0.000611724299115 0.00879107103466 0.0225
v 0.000563320058064 0.00882623877432 0.0225
v 0.000512899277406 0.0088584487936 0.0225
v 0.000460642450451 0.008887585789 0.0225
v 0.000406736643076 0.00891354545764 0.0225
v 0.000351374824081 0.00893623487064 0.0225
v 0.000294755174411 0.00895557280579 0.0225
v 0.000237080377716 0.00897149003829 0.0225
v 0.000178556894799 0.0089839295886 0.0225
v 0.00011939422454 0.00899284692634 0.0225
v 5.9804153945e-05 0.00899821012977 0.0225
v -0.00075 0.00843301270189 0.0236
v -0.00075 0.00756698729811 0.0236
v -0.00075 0.00843301270189 0.0245
v -0.00075 0.00756698729811 0.0245
v -0.00075 0.00756698729811 0.0236
v 6.85972761508e-19 0.00713397459622 0.0236
v -0.00075 0.00756698729811 0.0245
v 6.85972761508e-19 0.00713397459622 0.0245
v 6.85972761508e-19 0.00713397459622 0.0236
v 0.00075 0.00756698729811 0.0236
v 6.85972761508e-19 0.00713397459622 0.0245
v 0.00075 0.00756698729811 0.0245
v 0.00075 0.00756698729811 0.0236
v 0.00075 0.00843301270189 0.0236
v 0.00075 0.00756698729811 0.0245
v 0.00075 0.00843301270189 0.0245
v 0.00075 0.00843301270189 0.0236
v 9.84326554019e-19 0.00886602540378 0.0236
v 0.00075 0.00843301270189 0.0245
v 9.84326554019e-19 0.00886602540378 0.0245
v 9.84326554019e-19 0.00886602540378 0.0236
v -0.00075 0.00843301270189 0.0236
v 9.84326554019e-19 0.00886602540378 0.0245
v -0.00075 0.00843301270189 0.0245
v 1.24413008199e-18 0.009 0.0225
v -5.9804153945e-05 0.00899821012977 0.0225
v -0.00011939422454 0.00899284692634 0.0225
v -0.000178556894799 0.0089839295886 0.0225
v -0.000237080377715 0.00897149003829 0.0225
v -0.000294755174411 0.00895557280579 0.0225
v -0.000351374824081 0.00893623487064 0.0225
v -0.000406736643076 0.00891354545764 0.0225
v -0.000460642450451 0.008887585789 0.0225
v -0.000512899277406 0.0088584487936 0.0225
v -0.000563320058064 0.00882623877432 0.0225
v -0.000611724299115 0.00879107103466 0.0225
v -0.00065793872594 0.008753071466 0.0225
v -0.000701797902884 0.00871237609695 0.0225
v -0.000743144825477 0.00866913060636 0.0225
v -0.000781831482468 0.00862348980186 0.0225
v -0.000817719385664 0.00857561706569 0.0225
v -0.000850680065687 0.00852568376981 0.0225
v -0.000880595531857 0.00847386866247 0.0225
v -0.000907358694568 0.00842035722831 0.0225
v -0.000930873748644 0.00836534102437 0.0225
v -0.000951056516295 0.00830901699437 0.0225
v -0.000967834748451 0.00825158676374 0.0225
v -0.000981148383394 0.0081932559178 0.0225
v -0.000990949761768 0.00813423326582 0.0225
v -0.000997203797181 0.00807473009359 0.0225
v -0.00099988810181 0.00801495940702 0.0225
v -0.000998993066541 0.00795513516965 0.0225
v -0.000994521895368 0.00789547153673 0.0225
v -0.000986490593924 0.00783618208858 0.0225
v -0.000974927912182 0.00777747906604 0.0225
v -0.000959875241543 0.00771957261069 0.0225
v -0.000941386466661 0.00766267001262 0.0225
v -0.000919527772551 0.00760697496835 0.0225
v -0.000894377407666 0.00755268685168 0.0225
v -0.000866025403784 0.0075 0.0225
v -0.000834573253721 0.00744910301855 0.0225
v -0.000800133548011 0.00740017810531 0.0225
v -0.000762829571862 0.00735340039878 0.0225
v -0.000722794863827 0.00730893735101 0.0225
v -0.000680172737771 0.00726694812817 0.0225
v -0.000635115769842 0.00722758304078 0.0225
v -0.000587785252292 0.00719098300563 0.0225
v -0.000538350616091 0.00715727904135 0.0225
v -0.000486988824404 0.00712659179938 0.0225
v -0.000433883739118 0.0070990311321 0.0225
v -0.000379225462653 0.00707469569953 0.0225
v -0.000323209657454 0.0070536726162 0.0225
v -0.000266036845567 0.0070360371393 0.0225
v -0.000207911690818 0.00702185239927 0.0225
v -0.000149042266176 0.00701116917377 0.0225
v -8.96393089034e-05 0.007004025706 0.0225
v -2.99154661694e-05 0.00700044756772 0.0225
v 2.99154661694e-05 0.00700044756772 0.0225
v 8.96393089034e-05 0.007004025706 0.0225
v 0.000149042266176 0.00701116917377 0.0225
v 0.000207911690818 0.00702185239927 0.0225
v 0.000266036845567 0.0070360371393 0.0225
v 0.000323209657454 0.0070536726162 0.0225
v 0.000379225462653 0.00707469569953 0.0225
v 0.000433883739118 0.0070990311321 0.0225
v 0.000486988824404 0.00712659179938 0.0225
v 0.000538350616091 0.00715727904135 0.0225
v 0.000587785252292 0.00719098300563 0.0225
v 0.000635115769842 0.00722758304078 0.0225
v 0.000680172737771 0.00726694812817 0.0225
v 0.000722794863827 0.00730893735101 0.0225
v 0.000762829571862 0.00735340039878 0.0225
v 0.000800133548011 0.00740017810531 0.0225
v 0.000834573253721 0.00744910301855 0.0225
v 0.000866025403784 0.0075 0.0225
v 0.000894377407666 0.00755268685168 0.0225
v 0.000919527772551 0.00760697496835 0.0225
v 0.000941386466661 0.00766267001262 0.0225
v 0.000959875241543 0.00771957261069 0.0225
v 0.000974927912182 0.00777747906604 0.0225
v 0.000986490593924 0.00783618208858 0.0225
v 0.000994521895368 0.00789547153673 0.0225
v 0.000998993066541 0.00795513516965 0.0225
v 0.00099988810181 0.00801495940702 0.0225
v 0.000997203797181 0.00807473009359 0.0225
v 0.000990949761768 0.00813423326582 0.0225
v 0.000981148383394 0.0081932559178 0.0225
v 0.000967834748451 0.00825158676374 0.0225
v 0.000951056516295 0.00830901699437 0.0225
v 0.000930873748644 0.00836534102437 0.0225
v 0.000907358694568 0.00842035722831 0.0225
v 0.000880595531857 0.00847386866247 0.0225
v 0.000850680065687 0.00852568376981 0.0225
v 0.000817719385664 0.00857561706569 0.0225
v 0.000781831482468 0.00862348980186 0.0225
v 0.000743144825477 0.00866913060636 0.0225
v 0.000701797902884 0.00871237609695 0.0225
v 0.00065793872594 0.008753071466 0.0225
v 0.000611724299115 0.00879107103466 0.0225
v 0.000563320058064 0.00882623877432 0.0225
v 0.000512899277406 0.0088584487936 0.0225
v 0.000460642450451 0.008887585789 0.0225
v 0.000406736643076 0.00891354545764 0.0225
v 0.000351374824081 0.00893623487064 0.0225
v 0.000294755174411 0.00895557280579 0.0225
v 0.000237080377716 0.00897149003829 0.0225
v 0.000178556894799 0.0089839295886 0.0225
v 0.00011939422454 0.00899284692634 0.0225
v 5.9804153945e-05 0.00899821012977 0.0225
v 1.24413008199e-18 0.009 0.0225
v 1.24413008199e-18 0.009 0.0165
v -5.9804153945e-05 0.00899821012977 0.0165
v -0.00011939422454 0.00899284692634 0.0165
v -0.000178556894799 0.0089839295886 0.0165
v -0.000237080377715 0.00897149003829 0.0165
v -0.000294755174411 0.00895557280579 0.0165
v -0.000351374824081 0.00893623487064 0.0165
v -0.000406736643076 0.00891354545764 0.0165
v -0.000460642450451 0.008887585789 0.0165
v -0.000512899277406 0.0088584487936 0.0165
v -0.000563320058064 0.00882623877432 0.0165
v -0.000611724299115 0.00879107103466 0.0165
v -0.00065793872594 0.008753071466 0.0165
v -0.000701797902884 0.00871237609695 0.0165
v -0.000743144825477 0.00866913060636 0.0165
v -0.000781831482468 0.00862348980186 0.0165
v -0.000817719385664 0.00857561706569 0.0165
v -0.000850680065687 0.00852568376981 0.0165
v -0.000880595531857 0.00847386866247 0.0165
v -0.000907358694568 0.00842035722831 0.0165
v -0.000930873748644 0.00836534102437 0.0165
v -0.000951056516295 0.00830901699437 0.0165
v -0.000967834748451 0.00825158676374 0.0165
v -0.000981148383394 0.0081932559178 0.0165
v -0.000990949761768 0.00813423326582 0.0165
v -0.000997203797181 0.00807473009359 0.0165
v -0.00099988810181 0.00801495940702 0.0165
v -0.000998993066541 0.00795513516965 0.0165
v -0.000994521895368 0.00789547153673 0.0165
v -0.000986490593924 0.00783618208858 0.0165
v -0.000974927912182 0.00777747906604 0.0165
v -0.000959875241543 0.00771957261069 0.0165
v -0.000941386466661 0.00766267001262 0.0165
v -0.000919527772551 0.00760697496835 0.0165
v -0.000894377407666 0.00755268685168 0.0165
v -0.000866025403784 0.0075 0.0165
v -0.000834573253721 0.00744910301855 0.0165
v -0.000800133548011 0.00740017810531 0.0165
v -0.000762829571862 0.00735340039878 0.0165
v -0.000722794863827 0.00730893735101 0.0165
v -0.000680172737771 0.00726694812817 0.0165
v -0.000635115769842 0.00722758304078 0.0165
v -0.000587785252292 0.00719098300563 0.0165
v -0.000538350616091 0.00715727904135 0.0165
v -0.000486988824404 0.00712659179938 0.0165
v -0.000433883739118 0.0070990311321 0.0165
v -0.000379225462653 0.00707469569953 0.0165
v -0.000323209657454 0.0070536726162 0.0165
v -0.000266036845567 0.0070360371393 0.0165
v -0.000207911690818 0.00702185239927 0.0165
v -0.000149042266176 0.00701116917377 0.0165
v -8.96393089034e-05 0.007004025706 0.0165
v -2.99154661694e-05 0.00700044756772 0.0165
v 2.99154661694e-05 0.00700044756772 0.0165
v 8.96393089034e-05 0.007004025706 0.0165
v 0.000149042266176 0.00701116917377 0.0165
v 0.000207911690818 0.00702185239927 0.0165
v 0.000266036845567 0.0070360371393 0.0165
v 0.000323209657454 0.0070536726162 0.0165
v 0.000379225462653 0.00707469569953 0.0165
v 0.000433883739118 0.0070990311321 0.0165
v 0.000486988824404 0.00712659179938 0.0165
v 0.000538350616091 0.00715727904135 0.0165
v 0.000587785252292 0.00719098300563 0.0165
v 0.000635115769842 0.00722758304078 0.0165
v 0.000680172737771 0.00726694812817 0.0165
v 0.000722794863827 0.00730893735101 0.0165
v 0.000762829571862 0.00735340039878 0.0165
v 0.000800133548011 0.00740017810531 0.0165
v 0.000834573253721 0.00744910301855 0.0165
v 0.000866025403784 0.0075 0.0165
v 0.000894377407666 0.00755268685168 0.0165
v 0.000919527772551 0.00760697496835 0.0165
v 0.000941386466661 0.00766267001262 0.0165
v 0.000959875241543 0.00771957261069 0.0165
v 0.000974927912182 0.00777747906604 0.0165
v 0.000986490593924 0.00783618208858 0.0165
v 0.000994521895368 0.00789547153673 0.0165
v 0.000998993066541 0.00795513516965 0.0165
v 0.00099988810181 0.00801495940702 0.0165
v 0.000997203797181 0.00807473009359 0.0165
v 0.000990949761768 0.00813423326582 0.0165
v 0.000981148383394 0.0081932559178 0.0165
v 0.000967834748451 0.00825158676374 0.0165
v 0.000951056516295 0.00830901699437 0.0165
v 0.000930873748644 0.00836534102437 0.0165
v 0.000907358694568 0.00842035722831 0.0165
v 0.000880595531857 0.00847386866247 0.0165
v 0.000850680065687 0.00852568376981 0.0165
v 0.000817719385664 0.00857561706569 0.0165
v 0.000781831482468 0.00862348980186 0.0165
v 0.000743144825477 0.00866913060636 0.0165
v 0.000701797902884 0.00871237609695 0.0165
v 0.00065793872594 0.008753071466 0.0165
v 0.000611724299115 0.00879107103466 0.0165
v 0.000563320058064 0.00882623877432 0.0165
v 0.000512899277406 0.0088584487936 0.0165
v 0.000460642450451 0.008887585789 0.0165
v 0.000406736643076 0.00891354545764 0.0165
v 0.000351374824081 0.00893623487064 0.0165
v 0.000294755174411 0.00895557280579 0.0165
v 0.000237080377716 0.00897149003829 0.0165
v 0.000178556894799 0.0089839295886 0.0165
v 0.00011939422454 0.00899284692634 0.0165
v 5.9804153945e-05 0.00899821012977 0.0165
v 1.24413008199e-18 0.009 0.0165
v 9.84326554019e-19 0.00886602540378 0.0236
v -0.00075 0.00843301270189 0.0236
v -0.00075 0.00756698729811 0.0236
v 6.85972761508e-19 0.00713397459622 0.0236
v 0.00075 0.00756698729811 0.0236
v 0.00075 0.00843301270189 0.0236
v 1.24413008199e-18 0.009 0.0165
v -5.9804153945e-05 0.00899821012977 0.0165
v -0.00011939422454 0.00899284692634 0.0165
v -0.000178556894799 0.0089839295886 0.0165
v -0.000237080377715 0.00897149003829 0.0165
v -0.000294755174411 0.00895557280579 0.0165
v -0.000351374824081 0.00893623487064 0.0165
v -0.000406736643076 0.00891354545764 0.0165
v -0.000460642450451 0.008887585789 0.0165
v -0.000512899277406 0.0088584487936 0.0165
v -0.000563320058064 0.00882623877432 0.0165
v -0.000611724299115 0.00879107103466 0.0165
v -0.00065793872594 0.008753071466 0.0165
v -0.000701797902884 0.00871237609695 0.0165
v -0.000743144825477 0.00866913060636 0.0165
v -0.000781831482468 0.00862348980186 0.0165
v -0.000817719385664 0.00857561706569 0.0165
v -0.000850680065687 0.00852568376981 0.0165
v -0.000880595531857 0.00847386866247 0.0165
v -0.000907358694568 0.00842035722831 0.0165
v -0.000930873748644 0.00836534102437 0.0165
v -0.000951056516295 0.00830901699437 0.0165
v -0.000967834748451 0.00825158676374 0.0165
v -0.000981148383394 0.0081932559178 0.0165
v -0.000990949761768 0.00813423326582 0.0165
v -0.000997203797181 0.00807473009359 0.0165
v -0.00099988810181 0.00801495940702 0.0165
v -0.000998993066541 0.00795513516965 0.0165
v -0.000994521895368 0.00789547153673 0.0165
v -0.000986490593924 0.00783618208858 0.0165
v -0.000974927912182 0.00777747906604 0.0165
v -0.000959875241543 0.00771957261069 0.0165
v -0.000941386466661 0.00766267001262 0.0165
v -0.000919527772551 0.00760697496835 0.0165
v -0.000894377407666 0.00755268685168 0.0165
v -0.000866025403784 0.0075 0.0165
v -0.000834573253721 0.00744910301855 0.0165
v -0.000800133548011 0.00740017810531 0.0165
v -0.000762829571862 0.00735340039878 0.0165
v -0.000722794863827 0.00730893735101 0.0165
v -0.000680172737771 0.00726694812817 0.0165
v -0.000635115769842 0.00722758304078 0.0165
v -0.000587785252292 0.00719098300563 0.0165
v -0.000538350616091 0.00715727904135 0.0165
v -0.000486988824404 0.00712659179938 0.0165
v -0.000433883739118 0.0070990311321 0.0165
v -0.000379225462653 0.00707469569953 0.0165
v -0.000323209657454 0.0070536726162 0.0165
v -0.000266036845567 0.0070360371393 0.0165
v -0.000207911690818 0.00702185239927 0.0165
v -0.000149042266176 0.00701116917377 0.0165
v -8.96393089034e-05 0.007004025706 0.0165
v -2.99154661694e-05 0.00700044756772 0.0165
v 2.99154661694e-05 0.00700044756772 0.0165
v 8.96393089034e-05 0.007004025706 0.0165
v 0.000149042266176 0.00701116917377 0.0165
v 0.000207911690818 0.00702185239927 0.0165
v 0.000266036845567 0.0070360371393 0.0165
v 0.000323209657454 0.0070536726162 0.0165
v 0.000379225462653 0.00707469569953 0.0165
v 0.000433883739118 0.0070990311321 0.0165
v 0.000486988824404 0.00712659179938 0.0165
v 0.000538350616091 0.00715727904135 0.0165
v 0.000587785252292 0.00719098300563 0.0165
v 0.000635115769842 0.00722758304078 0.0165
v 0.000680172737771 0.00726694812817 0.0165
v 0.000722794863827 0.00730893735101 0.0165
v 0.000762829571862 0.00735340039878 0.0165
v 0.000800133548011 0.00740017810531 0.0165
v 0.000834573253721 0.00744910301855 0.0165
v 0.000866025403784 0.0075 0.0165
v 0.000894377407666 0.00755268685168 0.0165
v 0.000919527772551 0.00760697496835 0.0165
v 0.000941386466661 0.00766267001262 0.0165
v 0.000959875241543 0.00771957261069 0.0165
v 0.000974927912182 0.00777747906604 0.0165
v 0.000986490593924 0.00783618208858 0.0165
v 0.000994521895368 0.00789547153673 0.0165
v 0.000998993066541 0.00795513516965 0.0165
v 0.00099988810181 0.00801495940702 0.0165
v 0.000997203797181 0.00807473009359 0.0165
v 0.000990949761768 0.00813423326582 0.0165
v 0.000981148383394 0.0081932559178 0.0165
v 0.000967834748451 0.00825158676374 0.0165
v 0.000951056516295 0.00830901699437 0.0165
v 0.000930873748644 0.00836534102437 0.0165
v 0.000907358694568 0.00842035722831 0.0165
v 0.000880595531857 0.00847386866247 0.0165
v 0.000850680065687 0.00852568376981 0.0165
v 0.000817719385664 0.00857561706569 0.0165
v 0.000781831482468 0.00862348980186 0.0165
v 0.000743144825477 0.00866913060636 0.0165
v 0.000701797902884 0.00871237609695 0.0165
v 0.00065793872594 0.008753071466 0.0165
v 0.000611724299115 0.00879107103466 0.0165
v 0.000563320058064 0.00882623877432 0.0165
v 0.000512899277406 0.0088584487936 0.0165
v 0.000460642450451 0.008887585789 0.0165
v 0.000406736643076 0.00891354545764 0.0165
v 0.000351374824081 0.00893623487064 0.0165
v 0.000294755174411 0.00895557280579 0.0165
v 0.000237080377716 0.00897149003829 0.0165
v 0.000178556894799 0.0089839295886 0.0165
v 0.00011939422454 0.00899284692634 0.0165
v 5.9804153945e-05 0.00899821012977 0.0165
v -2.11870261345e-19 -0.0061 0.0245
v -0.000113627892496 -0.00610340075344 0.0245
v -0.000226849026626 -0.00611359083995 0.0245
v -0.000339258100117 -0.00613053378166 0.0245
v -0.000450452717659 -0.00615416892724 0.0245
v -0.000560034831381 -0.00618441166901 0.0245
v -0.000667612165755 -0.00622115374578 0.0245
v -0.000772799621844 -0.00626426363048 0.0245
v -0.000875220655856 -0.00631358700089 0.0245
v -0.000974508627071 -0.00636894729216 0.0245
v -0.00107030811032 -0.0064301463288 0.0245
v -0.00116227616832 -0.00649696503415 0.0245
v -0.00125008357929 -0.00656916421459 0.0245
v -0.00133341601548 -0.00664648541579 0.0245
v -0.00141197516841 -0.00672865184792 0.0245
v -0.00148547981669 -0.00681536937647 0.0245
v -0.00155366683276 -0.0069063275752 0.0245
v -0.00161629212481 -0.00700120083736 0.0245
v -0.00167313151053 -0.0070996495413 0.0245
v -0.00172398151968 -0.00720132126621 0.0245
v -0.00176866012242 -0.0073058520537 0.0245
v -0.00180700738096 -0.00741286771069 0.0245
v -0.00183888602206 -0.00752198514889 0.0245
v -0.00186418192845 -0.00763281375619 0.0245
v -0.00188280454736 -0.00774495679495 0.0245
v -0.00189468721464 -0.00785801282219 0.0245
v -0.00189978739344 -0.00797157712667 0.0245
v -0.00189808682643 -0.00808524317767 0.0245
v -0.0018895916012 -0.00819860408021 0.0245
v -0.00187433212845 -0.00831125403169 0.0245
v -0.00185236303315 -0.00842278977452 0.0245
v -0.00182376295893 -0.00853281203968 0.0245
v -0.00178863428666 -0.00864092697603 0.0245
v -0.00174710276785 -0.00874674756014 0.0245
v -0.00169931707457 -0.0088498949818 0.0245
v -0.00164544826719 -0.00895 0.0245
v -0.00158568918207 -0.00904670426476 0.0245
v -0.00152025374122 -0.00913966159991 0.0245
v -0.00144937618654 -0.00922853924231 0.0245
v -0.00137331024127 -0.00931301903308 0.0245
v -0.00129232820176 -0.00939279855648 0.0245
v -0.0012067199627 -0.00946759222253 0.0245
v -0.00111679197936 -0.00953713228931 0.0245
v -0.00102286617057 -0.00960116982144 0.0245
v -0.000925278766368 -0.00965947558117 0.0245
v -0.000824379104323 -0.00971184084901 0.0245
v -0.000720528379041 -0.0097580781709 0.0245
v -0.000614098349163 -0.00979802202922 0.0245
v -0.000505470006577 -0.00983152943532 0.0245
v -0.000395032212554 -0.00985848044139 0.0245
v -0.000283180305735 -0.00987877856983 0.0245
v -0.000170314686917 -0.00989235115859 0.0245
v -5.68393857219e-05 -0.00989914962134 0.0245
v 5.68393857219e-05 -0.00989914962134 0.0245
v 0.000170314686917 -0.00989235115859 0.0245
v 0.000283180305735 -0.00987877856983 0.0245
v 0.000395032212554 -0.00985848044139 0.0245
v 0.000505470006577 -0.00983152943532 0.0245
v 0.000614098349163 -0.00979802202922 0.0245
v 0.000720528379041 -0.0097580781709 0.0245
v 0.000824379104323 -0.00971184084901 0.0245
v 0.000925278766368 -0.00965947558117 0.0245
v 0.00102286617057 -0.00960116982144 0.0245
v 0.00111679197936 -0.00953713228931 0.0245
v 0.0012067199627 -0.00946759222253 0.0245
v 0.00129232820176 -0.00939279855648 0.0245
v 0.00137331024127 -0.00931301903308 0.0245
v 0.00144937618654 -0.00922853924231 0.0245
v 0.00152025374122 -0.00913966159991 0.0245
v 0.00158568918207 -0.00904670426476 0.0245
v 0.00164544826719 -0.00895 0.0245
v 0.00169931707457 -0.0088498949818 0.0245
v 0.00174710276785 -0.00874674756014 0.0245
v 0.00178863428666 -0.00864092697603 0.0245
v 0.00182376295893 -0.00853281203968 0.0245
v 0.00185236303315 -0.00842278977452 0.0245
v 0.00187433212845 -0.00831125403169 0.0245
v 0.0018895916012 -0.00819860408021 0.0245
v 0.00189808682643 -0.00808524317767 0.0245
v 0.00189978739344 -0.00797157712667 0.0245
v 0.00189468721464 -0.00785801282219 0.0245
v 0.00188280454736 -0.00774495679495 0.0245
v 0.00186418192845 -0.00763281375619 0.0245
v 0.00183888602206 -0.00752198514889 0.0245
v 0.00180700738096 -0.00741286771069 0.0245
v 0.00176866012242 -0.0073058520537 0.0245
v 0.00172398151968 -0.00720132126621 0.0245
v 0.00167313151053 -0.0070996495413 0.0245
v 0.00161629212481 -0.00700120083736 0.0245
v 0.00155366683276 -0.0069063275752 0.0245
v 0.00148547981669 -0.00681536937647 0.0245
v 0.00141197516841 -0.00672865184792 0.0245
v 0.00133341601548 -0.00664648541579 0.0245
v 0.00125008357929 -0.00656916421459 0.0245
v 0.00116227616832 -0.00649696503415 0.0245
v 0.00107030811032 -0.0064301463288 0.0245
v 0.000974508627071 -0.00636894729216 0.0245
v 0.000875220655856 -0.00631358700089 0.0245
v 0.000772799621844 -0.00626426363048 0.0245
v 0.000667612165755 -0.00622115374578 0.0245
v 0.000560034831381 -0.00618441166901 0.0245
v 0.000450452717659 -0.00615416892724 0.0245
v 0.000339258100117 -0.00613053378166 0.0245
v 0.000226849026626 -0.00611359083995 0.0245
v 0.000113627892496 -0.00610340075344 0.0245
v -2.11870261345e-19 -0.0061 0.0245
v -2.11870261345e-19 -0.0061 0.0225
v -0.000113627892496 -0.00610340075344 0.0225
v -0.000226849026626 -0.00611359083995 0.0225
v -0.000339258100117 -0.00613053378166 0.0225
v -0.000450452717659 -0.00615416892724 0.0225
v -0.000560034831381 -0.00618441166901 0.0225
v -0.000667612165755 -0.00622115374578 0.0225
v -0.000772799621844 -0.00626426363048 0.0225
v -0.000875220655856 -0.00631358700089 0.0225
v -0.000974508627071 -0.00636894729216 0.0225
v -0.00107030811032 -0.0064301463288 0.0225
v -0.00116227616832 -0.00649696503415 0.0225
v -0.00125008357929 -0.00656916421459 0.0225
v -0.00133341601548 -0.00664648541579 0.0225
v -0.00141197516841 -0.00672865184792 0.0225
v -0.00148547981669 -0.00681536937647 0.0225
v -0.00155366683276 -0.0069063275752 0.0225
v -0.00161629212481 -0.00700120083736 0.0225
v -0.00167313151053 -0.0070996495413 0.0225
v -0.00172398151968 -0.00720132126621 0.0225
v -0.00176866012242 -0.0073058520537 0.0225
v -0.00180700738096 -0.00741286771069 0.0225
v -0.00183888602206 -0.00752198514889 0.0225
v -0.00186418192845 -0.00763281375619 0.0225
v -0.00188280454736 -0.00774495679495 0.0225
v -0.00189468721464 -0.00785801282219 0.0225
v -0.00189978739344 -0.00797157712667 0.0225
v -0.00189808682643 -0.00808524317767 0.0225
v -0.0018895916012 -0.00819860408021 0.0225
v -0.00187433212845 -0.00831125403169 0.0225
v -0.00185236303315 -0.00842278977452 0.0225
v -0.00182376295893 -0.00853281203968 0.0225
v -0.00178863428666 -0.00864092697603 0.0225
v -0.00174710276785 -0.00874674756014 0.0225
v -0.00169931707457 -0.0088498949818 0.0225
v -0.00164544826719 -0.00895 0.0225
v -0.00158568918207 -0.00904670426476 0.0225
v -0.00152025374122 -0.00913966159991 0.0225
v -0.00144937618654 -0.00922853924231 0.0225
v -0.00137331024127 -0.00931301903308 0.0225
v -0.00129232820176 -0.00939279855648 0.0225
v -0.0012067199627 -0.00946759222253 0.0225
v -0.00111679197936 -0.00953713228931 0.0225
v -0.00102286617057 -0.00960116982144 0.0225
v -0.000925278766368 -0.00965947558117 0.0225
v -0.000824379104323 -0.00971184084901 0.0225
v -0.000720528379041 -0.0097580781709 0.0225
v -0.000614098349163 -0.00979802202922 0.0225
v -0.000505470006577 -0.00983152943532 0.0225
v -0.000395032212554 -0.00985848044139 0.0225
v -0.000283180305735 -0.00987877856983 0.0225
v -0.000170314686917 -0.00989235115859 0.0225
v -5.68393857219e-05 -0.00989914962134 0.0225
v 5.68393857219e-05 -0.00989914962134 0.0225
v 0.000170314686917 -0.00989235115859 0.0225
v 0.000283180305735 -0.00987877856983 0.0225
v 0.000395032212554 -0.00985848044139 0.0225
v 0.000505470006577 -0.00983152943532 0.0225
v 0.000614098349163 -0.00979802202922 0.0225
v 0.000720528379041 -0.0097580781709 0.0225
v 0.000824379104323 -0.00971184084901 0.0225
v 0.000925278766368 -0.00965947558117 0.0225
v 0.00102286617057 -0.00960116982144 0.0225
v 0.00111679197936 -0.00953713228931 0.0225
v 0.0012067199627 -0.00946759222253 0.0225
v 0.00129232820176 -0.00939279855648 0.0225
v 0.00137331024127 -0.00931301903308 0.0225
v 0.00144937618654 -0.00922853924231 0.0225
v 0.00152025374122 -0.00913966159991 0.0225
v 0.00158568918207 -0.00904670426476 0.0225
v 0.00164544826719 -0.00895 0.0225
v 0.00169931707457 -0.0088498949818 0.0225
v 0.00174710276785 -0.00874674756014 0.0225
v 0.00178863428666 -0.00864092697603 0.0225
v 0.00182376295893 -0.00853281203968 0.0225
v 0.00185236303315 -0.00842278977452 0.0225
v 0.00187433212845 -0.00831125403169 0.0225
v 0.0018895916012 -0.00819860408021 0.0225
v 0.00189808682643 -0.00808524317767 0.0225
v 0.00189978739344 -0.00797157712667 0.0225
v 0.00189468721464 -0.00785801282219 0.0225
v 0.00188280454736 -0.00774495679495 0.0225
v 0.00186418192845 -0.00763281375619 0.0225
v 0.00183888602206 -0.00752198514889 0.0225
v 0.00180700738096 -0.00741286771069 0.0225
v 0.00176866012242 -0.0073058520537 0.0225
v 0.00172398151968 -0.00720132126621 0.0225
v 0.00167313151053 -0.0070996495413 0.0225
v 0.00161629212481 -0.00700120083736 0.0225
v 0.00155366683276 -0.0069063275752 0.0225
v 0.00148547981669 -0.00681536937647 0.0225
v 0.00141197516841 -0.00672865184792 0.0225
v 0.00133341601548 -0.00664648541579 0.0225
v 0.00125008357929 -0.00656916421459 0.0225
v 0.00116227616832 -0.00649696503415 0.0225
v 0.00107030811032 -0.0064301463288 0.0225
v 0.000974508627071 -0.00636894729216 0.0225
v 0.000875220655856 -0.00631358700089 0.0225
v 0.000772799621844 -0.00626426363048 0.0225
v 0.000667612165755 -0.00622115374578 0.0225
v 0.000560034831381 -0.00618441166901 0.0225
v 0.000450452717659 -0.00615416892724 0.0225
v 0.000339258100117 -0.00613053378166 0.0225
v 0.000226849026626 -0.00611359083995 0.0225
v 0.000113627892496 -0.00610340075344 0.0225
v -2.11870261345e-19 -0.0061 0.0225
v -2.11870261345e-19 -0.0061 0.0245
v -0.000113627892496 -0.00610340075344 0.0245
v -0.000226849026626 -0.00611359083995 0.0245
v -0.000339258100117 -0.00613053378166 0.0245
v -0.000450452717659 -0.00615416892724 0.0245
v -0.000560034831381 -0.00618441166901 0.0245
v -0.000667612165755 -0.00622115374578 0.0245
v -0.000772799621844 -0.00626426363048 0.0245
v -0.000875220655856 -0.00631358700089 0.0245
v -0.000974508627071 -0.00636894729216 0.0245
v -0.00107030811032 -0.0064301463288 0.0245
v -0.00116227616832 -0.00649696503415 0.0245
v -0.00125008357929 -0.00656916421459 0.0245
v -0.00133341601548 -0.00664648541579 0.0245
v -0.00141197516841 -0.00672865184792 0.0245
v -0.00148547981669 -0.00681536937647 0.0245
v -0.00155366683276 -0.0069063275752 0.0245
v -0.00161629212481 -0.00700120083736 0.0245
v -0.00167313151053 -0.0070996495413 0.0245
v -0.00172398151968 -0.00720132126621 0.0245
v -0.00176866012242 -0.0073058520537 0.0245
v -0.00180700738096 -0.00741286771069 0.0245
v -0.00183888602206 -0.00752198514889 0.0245
v -0.00186418192845 -0.00763281375619 0.0245
v -0.00188280454736 -0.00774495679495 0.0245
v -0.00189468721464 -0.00785801282219 0.0245
v -0.00189978739344 -0.00797157712667 0.0245
v -0.00189808682643 -0.00808524317767 0.0245
v -0.0018895916012 -0.00819860408021 0.0245
v -0.00187433212845 -0.00831125403169 0.0245
v -0.00185236303315 -0.00842278977452 0.0245
v -0.00182376295893 -0.00853281203968 0.0245
v -0.00178863428666 -0.00864092697603 0.0245
v -0.00174710276785 -0.00874674756014 0.0245
v -0.00169931707457 -0.0088498949818 0.0245
v -0.00164544826719 -0.00895 0.0245
v -0.00158568918207 -0.00904670426476 0.0245
v -0.00152025374122 -0.00913966159991 0.0245
v -0.00144937618654 -0.00922853924231 0.0245
v -0.00137331024127 -0.00931301903308 0.0245
v -0.00129232820176 -0.00939279855648 0.0245
v -0.0012067199627 -0.00946759222253 0.0245
v -0.00111679197936 -0.00953713228931 0.0245
v -0.00102286617057 -0.00960116982144 0.0245
v -0.000925278766368 -0.00965947558117 0.0245
v -0.000824379104323 -0.00971184084901 0.0245
v -0.000720528379041 -0.0097580781709 0.0245
v -0.000614098349163 -0.00979802202922 0.0245
v -0.000505470006577 -0.00983152943532 0.0245
v -0.000395032212554 -0.00985848044139 0.0245
v -0.000283180305735 -0.00987877856983 0.0245
v -0.000170314686917 -0.00989235115859 0.0245
v -5.68393857219e-05 -0.00989914962134 0.0245
v 5.68393857219e-05 -0.00989914962134 0.0245
v 0.000170314686917 -0.00989235115859 0.0245
v 0.000283180305735 -0.00987877856983 0.0245
v 0.000395032212554 -0.00985848044139 0.0245
v 0.000505470006577 -0.00983152943532 0.0245
v 0.000614098349163 -0.00979802202922 0.0245
v 0.000720528379041 -0.0097580781709 0.0245
v 0.000824379104323 -0.00971184084901 0.0245
v 0.000925278766368 -0.00965947558117 0.0245
v 0.00102286617057 -0.00960116982144 0.0245
v 0.00111679197936 -0.00953713228931 0.0245
v 0.0012067199627 -0.00946759222253 0.0245
v 0.00129232820176 -0.00939279855648 0.0245
v 0.00137331024127 -0.00931301903308 0.0245
v 0.00144937618654 -0.00922853924231 0.0245
v 0.00152025374122 -0.00913966159991 0.0245
v 0.00158568918207 -0.00904670426476 0.0245
v 0.00164544826719 -0.00895 0.0245
v 0.00169931707457 -0.0088498949818 0.0245
v 0.00174710276785 -0.00874674756014 0.0245
v 0.00178863428666 -0.00864092697603 0.0245
v 0.00182376295893 -0.00853281203968 0.0245
v 0.00185236303315 -0.00842278977452 0.0245
v 0.00187433212845 -0.00831125403169 0.0245
v 0.0018895916012 -0.00819860408021 0.0245
v 0.00189808682643 -0.00808524317767 0.0245
v 0.00189978739344 -0.00797157712667 0.0245
v 0.00189468721464 -0.00785801282219 0.0245
v 0.00188280454736 -0.00774495679495 0.0245
v 0.00186418192845 -0.00763281375619 0.0245
v 0.00183888602206 -0.00752198514889 0.0245
v 0.00180700738096 -0.00741286771069 0.0245
v 0.00176866012242 -0.0073058520537 0.0245
v 0.00172398151968 -0.00720132126621 0.0245
v 0.00167313151053 -0.0070996495413 0.0245
v 0.00161629212481 -0.00700120083736 0.0245
v 0.00155366683276 -0.0069063275752 0.0245
v 0.00148547981669 -0.00681536937647 0.0245
v 0.00141197516841 -0.00672865184792 0.0245
v 0.00133341601548 -0.00664648541579 0.0245
v 0.00125008357929 -0.00656916421459 0.0245
v 0.00116227616832 -0.00649696503415 0.0245
v 0.00107030811032 -0.0064301463288 0.0245
v 0.000974508627071 -0.00636894729216 0.0245
v 0.000875220655856 -0.00631358700089 0.0245
v 0.000772799621844 -0.00626426363048 0.0245
v 0.000667612165755 -0.00622115374578 0.0245
v 0.000560034831381 -0.00618441166901 0.0245
v 0.000450452717659 -0.00615416892724 0.0245
v 0.000339258100117 -0.00613053378166 0.0245
v 0.000226849026626 -0.00611359083995 0.0245
v 0.000113627892496 -0.00610340075344 0.0245
v -0.00075 -0.00843301270189 0.0245
v -0.00075 -0.00756698729811 0.0245
v -7.92030285381e-19 -0.00713397459622 0.0245
v 0.00075 -0.00756698729811 0.0245
v 0.00075 -0.00843301270189 0.0245
v -1.09038407789e-18 -0.00886602540378 0.0245
v -2.11870261345e-19 -0.0061 0.0225
v -0.000113627892496 -0.00610340075344 0.0225
v -0.000226849026626 -0.00611359083995 0.0225
v -0.000339258100117 -0.00613053378166 0.0225
v -0.000450452717659 -0.00615416892724 0.0225
v -0.000560034831381 -0.00618441166901 0.0225
v -0.000667612165755 -0.00622115374578 0.0225
v -0.000772799621844 -0.00626426363048 0.0225
v -0.000875220655856 -0.00631358700089 0.0225
v -0.000974508627071 -0.00636894729216 0.0225
v -0.00107030811032 -0.0064301463288 0.0225
v -0.00116227616832 -0.00649696503415 0.0225
v -0.00125008357929 -0.00656916421459 0.0225
v -0.00133341601548 -0.00664648541579 0.0225
v -0.00141197516841 -0.00672865184792 0.0225
v -0.00148547981669 -0.00681536937647 0.0225
v -0.00155366683276 -0.0069063275752 0.0225
v -0.00161629212481 -0.00700120083736 0.0225
v -0.00167313151053 -0.0070996495413 0.0225
v -0.00172398151968 -0.00720132126621 0.0225
v -0.00176866012242 -0.0073058520537 0.0225
v -0.00180700738096 -0.00741286771069 0.0225
v -0.00183888602206 -0.00752198514889 0.0225
v -0.00186418192845 -0.00763281375619 0.0225
v -0.00188280454736 -0.00774495679495 0.0225
v -0.00189468721464 -0.00785801282219 0.0225
v -0.00189978739344 -0.00797157712667 0.0225
v -0.00189808682643 -0.00808524317767 0.0225
v -0.0018895916012 -0.00819860408021 0.0225
v -0.00187433212845 -0.00831125403169 0.0225
v -0.00185236303315 -0.00842278977452 0.0225
v -0.00182376295893 -0.00853281203968 0.0225
v -0.00178863428666 -0.00864092697603 0.0225
v -0.00174710276785 -0.00874674756014 0.0225
v -0.00169931707457 -0.0088498949818 0.0225
v -0.00164544826719 -0.00895 0.0225
v -0.00158568918207 -0.00904670426476 0.0225
v -0.00152025374122 -0.00913966159991 0.0225
v -0.00144937618654 -0.00922853924231 0.0225
v -0.00137331024127 -0.00931301903308 0.0225
v -0.00129232820176 -0.00939279855648 0.0225
v -0.0012067199627 -0.00946759222253 0.0225
v -0.00111679197936 -0.00953713228931 0.0225
v -0.00102286617057 -0.00960116982144 0.0225
v -0.000925278766368 -0.00965947558117 0.0225
v -0.000824379104323 -0.00971184084901 0.0225
v -0.000720528379041 -0.0097580781709 0.0225
v -0.000614098349163 -0.00979802202922 0.0225
v -0.000505470006577 -0.00983152943532 0.0225
v -0.000395032212554 -0.00985848044139 0.0225
v -0.000283180305735 -0.00987877856983 0.0225
v -0.000170314686917 -0.00989235115859 0.0225
v -5.68393857219e-05 -0.00989914962134 0.0225
v 5.68393857219e-05 -0.00989914962134 0.0225
v 0.000170314686917 -0.00989235115859 0.0225
v 0.000283180305735 -0.00987877856983 0.0225
v 0.000395032212554 -0.00985848044139 0.0225
v 0.000505470006577 -0.00983152943532 0.0225
v 0.000614098349163 -0.00979802202922 0.0225
v 0.000720528379041 -0.0097580781709 0.0225
v 0.000824379104323 -0.00971184084901 0.0225
v 0.000925278766368 -0.00965947558117 0.0225
v 0.00102286617057 -0.00960116982144 0.0225
v 0.00111679197936 -0.00953713228931 0.0225
v 0.0012067199627 -0.00946759222253 0.0225
v 0.00129232820176 -0.00939279855648 0.0225
v 0.00137331024127 -0.00931301903308 0.0225
v 0.00144937618654 -0.00922853924231 0.0225
v 0.00152025374122 -0.00913966159991 0.0225
v 0.00158568918207 -0.00904670426476 0.0225
v 0.00164544826719 -0.00895 0.0225
v 0.00169931707457 -0.0088498949818 0.0225
v 0.00174710276785 -0.00874674756014 0.0225
v 0.00178863428666 -0.00864092697603 0.0225
v 0.00182376295893 -0.00853281203968 0.0225
v 0.00185236303315 -0.00842278977452 0.0225
v 0.00187433212845 -0.00831125403169 0.0225
v 0.0018895916012 -0.00819860408021 0.0225
v 0.00189808682643 -0.00808524317767 0.0225
v 0.00189978739344 -0.00797157712667 0.0225
v 0.00189468721464 -0.00785801282219 0.0225
v 0.00188280454736 -0.00774495679495 0.0225
v 0.00186418192845 -0.00763281375619 0.0225
v 0.00183888602206 -0.00752198514889 0.0225
v 0.00180700738096 -0.00741286771069 0.0225
v 0.00176866012242 -0.0073058520537 0.0225
v 0.00172398151968 -0.00720132126621 0.0225
v 0.00167313151053 -0.0070996495413 0.0225
v 0.00161629212481 -0.00700120083736 0.0225
v 0.00155366683276 -0.0069063275752 0.0225
v 0.00148547981669 -0.00681536937647 0.0225
v 0.00141197516841 -0.00672865184792 0.0225
v 0.00133341601548 -0.00664648541579 0.0225
v 0.00125008357929 -0.00656916421459 0.0225
v 0.00116227616832 -0.00649696503415 0.0225
v 0.00107030811032 -0.0064301463288 0.0225
v 0.000974508627071 -0.00636894729216 0.0225
v 0.000875220655856 -0.00631358700089 0.0225
v 0.000772799621844 -0.00626426363048 0.0225
v 0.000667612165755 -0.00622115374578 0.0225
v 0.000560034831381 -0.00618441166901 0.0225
v 0.000450452717659 -0.00615416892724 0.0225
v 0.000339258100117 -0.00613053378166 0.0225
v 0.000226849026626 -0.00611359083995 0.0225
v 0.000113627892496 -0.00610340075344 0.0225
v -5.32226757408e-19 -0.007 0.0225
v -5.9804153945e-05 -0.00700178987023 0.0225
v -0.00011939422454 -0.00700715307366 0.0225
v -0.000178556894799 -0.0070160704114 0.0225
v -0.000237080377715 -0.00702850996171 0.0225
v -0.000294755174411 -0.00704442719421 0.0225
v -0.000351374824081 -0.00706376512936 0.0225
v -0.000406736643076 -0.00708645454236 0.0225
v -0.000460642450451 -0.007112414211 0.0225
v -0.000512899277406 -0.0071415512064 0.0225
v -0.000563320058064 -0.00717376122568 0.0225
v -0.000611724299115 -0.00720892896534 0.0225
v -0.00065793872594 -0.007246928534 0.0225
v -0.000701797902884 -0.00728762390305 0.0225
v -0.000743144825477 -0.00733086939364 0.0225
v -0.000781831482468 -0.00737651019814 0.0225
v -0.000817719385664 -0.00742438293431 0.0225
v -0.000850680065687 -0.00747431623019 0.0225
v -0.000880595531857 -0.00752613133753 0.0225
v -0.000907358694568 -0.00757964277169 0.0225
v -0.000930873748644 -0.00763465897563 0.0225
v -0.000951056516295 -0.00769098300563 0.0225
v -0.000967834748451 -0.00774841323626 0.0225
v -0.000981148383394 -0.0078067440822 0.0225
v -0.000990949761768 -0.00786576673418 0.0225
v -0.000997203797181 -0.00792526990641 0.0225
v -0.00099988810181 -0.00798504059298 0.0225
v -0.000998993066541 -0.00804486483035 0.0225
v -0.000994521895368 -0.00810452846327 0.0225
v -0.000986490593924 -0.00816381791142 0.0225
v -0.000974927912182 -0.00822252093396 0.0225
v -0.000959875241543 -0.00828042738931 0.0225
v -0.000941386466661 -0.00833732998738 0.0225
v -0.000919527772551 -0.00839302503165 0.0225
v -0.000894377407666 -0.00844731314832 0.0225
v -0.000866025403784 -0.0085 0.0225
v -0.000834573253721 -0.00855089698145 0.0225
v -0.000800133548011 -0.00859982189469 0.0225
v -0.000762829571862 -0.00864659960122 0.0225
v -0.000722794863827 -0.00869106264899 0.0225
v -0.000680172737771 -0.00873305187183 0.0225
v -0.000635115769842 -0.00877241695922 0.0225
v -0.000587785252292 -0.00880901699437 0.0225
v -0.000538350616091 -0.00884272095865 0.0225
v -0.000486988824404 -0.00887340820062 0.0225
v -0.000433883739118 -0.0089009688679 0.0225
v -0.000379225462653 -0.00892530430047 0.0225
v -0.000323209657454 -0.0089463273838 0.0225
v -0.000266036845567 -0.0089639628607 0.0225
v -0.000207911690818 -0.00897814760073 0.0225
v -0.000149042266176 -0.00898883082623 0.0225
v -8.96393089034e-05 -0.008995974294 0.0225
v -2.99154661694e-05 -0.00899955243228 0.0225
v 2.99154661694e-05 -0.00899955243228 0.0225
v 8.96393089034e-05 -0.008995974294 0.0225
v 0.000149042266176 -0.00898883082623 0.0225
v 0.000207911690818 -0.00897814760073 0.0225
v 0.000266036845567 -0.0089639628607 0.0225
v 0.000323209657454 -0.0089463273838 0.0225
v 0.000379225462653 -0.00892530430047 0.0225
v 0.000433883739118 -0.0089009688679 0.0225
v 0.000486988824404 -0.00887340820062 0.0225
v 0.000538350616091 -0.00884272095865 0.0225
v 0.000587785252292 -0.00880901699437 0.0225
v 0.000635115769842 -0.00877241695922 0.0225
v 0.000680172737771 -0.00873305187183 0.0225
v 0.000722794863827 -0.00869106264899 0.0225
v 0.000762829571862 -0.00864659960122 0.0225
v 0.000800133548011 -0.00859982189469 0.0225
v 0.000834573253721 -0.00855089698145 0.0225
v 0.000866025403784 -0.0085 0.0225
v 0.000894377407666 -0.00844731314832 0.0225
v 0.000919527772551 -0.00839302503165 0.0225
v 0.000941386466661 -0.00833732998738 0.0225
v 0.000959875241543 -0.00828042738931 0.0225
v 0.000974927912182 -0.00822252093396 0.0225
v 0.000986490593924 -0.00816381791142 0.0225
v 0.000994521895368 -0.00810452846327 0.0225
v 0.000998993066541 -0.00804486483035 0.0225
v 0.00099988810181 -0.00798504059298 0.0225
v 0.000997203797181 -0.00792526990641 0.0225
v 0.000990949761768 -0.00786576673418 0.0225
v 0.000981148383394 -0.0078067440822 0.0225
v 0.000967834748451 -0.00774841323626 0.0225
v 0.000951056516295 -0.00769098300563 0.0225
v 0.000930873748644 -0.00763465897563 0.0225
v 0.000907358694568 -0.00757964277169 0.0225
v 0.000880595531857 -0.00752613133753 0.0225
v 0.000850680065687 -0.00747431623019 0.0225
v 0.000817719385664 -0.00742438293431 0.0225
v 0.000781831482468 -0.00737651019814 0.0225
v 0.000743144825477 -0.00733086939364 0.0225
v 0.000701797902884 -0.00728762390305 0.0225
v 0.00065793872594 -0.007246928534 0.0225
v 0.000611724299115 -0.00720892896534 0.0225
v 0.000563320058064 -0.00717376122568 0.0225
v 0.000512899277406 -0.0071415512064 0.0225
v 0.000460642450451 -0.007112414211 0.0225
v 0.000406736643076 -0.00708645454236 0.0225
v 0.000351374824081 -0.00706376512936 0.0225
v 0.000294755174411 -0.00704442719421 0.0225
v 0.000237080377716 -0.00702850996171 0.0225
v 0.000178556894799 -0.0070160704114 0.0225
v 0.00011939422454 -0.00700715307366 0.0225
v 5.9804153945e-05 -0.00700178987023 0.0225
v -0.00075 -0.00756698729811 0.0236
v -0.00075 -0.00843301270189 0.0236
v -0.00075 -0.00756698729811 0.0245
v -0.00075 -0.00843301270189 0.0245
v -0.00075 -0.00843301270189 0.0236
v -1.09038407789e-18 -0.00886602540378 0.0236
v -0.00075 -0.00843301270189 0.0245
v -1.09038407789e-18 -0.00886602540378 0.0245
v -1.09038407789e-18 -0.00886602540378 0.0236
v 0.00075 -0.00843301270189 0.0236
v -1.09038407789e-18 -0.00886602540378 0.0245
v 0.00075 -0.00843301270189 0.0245
v 0.00075 -0.00843301270189 0.0236
v 0.00075 -0.00756698729811 0.0236
v 0.00075 -0.00843301270189 0.0245
v 0.00075 -0.00756698729811 0.0245
v 0.00075 -0.00756698729811 0.0236
v -7.92030285381e-19 -0.00713397459622 0.0236
v 0.00075 -0.00756698729811 0.0245
v -7.92030285381e-19 -0.00713397459622 0.0245
v -7.92030285381e-19 -0.00713397459622 0.0236
v -0.00075 -0.00756698729811 0.0236
v -7.92030285381e-19 -0.00713397459622 0.0245
v -0.00075 -0.00756698729811 0.0245
v -5.32226757408e-19 -0.007 0.0225
v -5.9804153945e-05 -0.00700178987023 0.0225
v -0.00011939422454 -0.00700715307366 0.0225
v -0.000178556894799 -0.0070160704114 0.0225
v -0.000237080377715 -0.00702850996171 0.0225
v -0.000294755174411 -0.00704442719421 0.0225
v -0.000351374824081 -0.00706376512936 0.0225
v -0.000406736643076 -0.00708645454236 0.0225
v -0.000460642450451 -0.007112414211 0.0225
v -0.000512899277406 -0.0071415512064 0.0225
v -0.000563320058064 -0.00717376122568 0.0225
v -0.000611724299115 -0.00720892896534 0.0225
v -0.00065793872594 -0.007246928534 0.0225
v -0.000701797902884 -0.00728762390305 0.0225
v -0.000743144825477 -0.00733086939364 0.0225
v -0.000781831482468 -0.00737651019814 0.0225
v -0.000817719385664 -0.00742438293431 0.0225
v -0.000850680065687 -0.00747431623019 0.0225
v -0.000880595531857 -0.00752613133753 0.0225
v -0.000907358694568 -0.00757964277169 0.0225
v -0.000930873748644 -0.00763465897563 0.0225
v -0.000951056516295 -0.00769098300563 0.0225
v -0.000967834748451 -0.00774841323626 0.0225
v -0.000981148383394 -0.0078067440822 0.0225
v -0.000990949761768 -0.00786576673418 0.0225
v -0.000997203797181 -0.00792526990641 0.0225
v -0.00099988810181 -0.00798504059298 0.0225
v -0.000998993066541 -0.00804486483035 0.0225
v -0.000994521895368 -0.00810452846327 0.0225
v -0.000986490593924 -0.00816381791142 0.0225
v -0.000974927912182 -0.00822252093396 0.0225
v -0.000959875241543 -0.00828042738931 0.0225
v -0.000941386466661 -0.00833732998738 0.0225
v -0.000919527772551 -0.00839302503165 0.0225
v -0.000894377407666 -0.00844731314832 0.0225
v -0.000866025403784 -0.0085 0.0225
v -0.000834573253721 -0.00855089698145 0.0225
v -0.000800133548011 -0.00859982189469 0.0225
v -0.000762829571862 -0.00864659960122 0.0225
v -0.000722794863827 -0.00869106264899 0.0225
v -0.000680172737771 -0.00873305187183 0.0225
v -0.000635115769842 -0.00877241695922 0.0225
v -0.000587785252292 -0.00880901699437 0.0225
v -0.000538350616091 -0.00884272095865 0.0225
v -0.000486988824404 -0.00887340820062 0.0225
v -0.000433883739118 -0.0089009688679 0.0225
v -0.000379225462653 -0.00892530430047 0.0225
v -0.000323209657454 -0.0089463273838 0.0225
v -0.000266036845567 -0.0089639628607 0.0225
v -0.000207911690818 -0.00897814760073 0.0225
v -0.000149042266176 -0.00898883082623 0.0225
v -8.96393089034e-05 -0.008995974294 0.0225
v -2.99154661694e-05 -0.00899955243228 0.0225
v 2.99154661694e-05 -0.00899955243228 0.0225
v 8.96393089034e-05 -0.008995974294 0.0225
v 0.000149042266176 -0.00898883082623 0.0225
v 0.000207911690818 -0.00897814760073 0.0225
v 0.000266036845567 -0.0089639628607 0.0225
v 0.000323209657454 -0.0089463273838 0.0225
v 0.000379225462653 -0.00892530430047 0.0225
v 0.000433883739118 -0.0089009688679 0.0225
v 0.000486988824404 -0.00887340820062 0.0225
v 0.000538350616091 -0.00884272095865 0.0225
v 0.000587785252292 -0.00880901699437 0.0225
v 0.000635115769842 -0.00877241695922 0.0225
v 0.000680172737771 -0.00873305187183 0.0225
v 0.000722794863827 -0.00869106264899 0.0225
v 0.000762829571862 -0.00864659960122 0.0225
v 0.000800133548011 -0.00859982189469 0.0225
v 0.000834573253721 -0.00855089698145 0.0225
v 0.000866025403784 -0.0085 0.0225
v 0.000894377407666 -0.00844731314832 0.0225
v 0.000919527772551 -0.00839302503165 0.0225
v 0.000941386466661 -0.00833732998738 0.0225
v 0.000959875241543 -0.00828042738931 0.0225
v 0.000974927912182 -0.00822252093396 0.0225
v 0.000986490593924 -0.00816381791142 0.0225
v 0.000994521895368 -0.00810452846327 0.0225
v 0.000998993066541 -0.00804486483035 0.0225
v 0.00099988810181 -0.00798504059298 0.0225
v 0.000997203797181 -0.00792526990641 0.0225
v 0.000990949761768 -0.00786576673418 0.0225
v 0.000981148383394 -0.0078067440822 0.0225
v 0.000967834748451 -0.00774841323626 0.0225
v 0.000951056516295 -0.00769098300563 0.0225
v 0.000930873748644 -0.00763465897563 0.0225
v 0.000907358694568 -0.00757964277169 0.0225
v 0.000880595531857 -0.00752613133753 0.0225
v 0.000850680065687 -0.00747431623019 0.0225
v 0.000817719385664 -0.00742438293431 0.0225
v 0.000781831482468 -0.00737651019814 0.0225
v 0.000743144825477 -0.00733086939364 0.0225
v 0.000701797902884 -0.00728762390305 0.0225
v 0.00065793872594 -0.007246928534 0.0225
v 0.000611724299115 -0.00720892896534 0.0225
v 0.000563320058064 -0.00717376122568 0.0225
v 0.000512899277406 -0.0071415512064 0.0225
v 0.000460642450451 -0.007112414211 0.0225
v 0.000406736643076 -0.00708645454236 0.0225
v 0.000351374824081 -0.00706376512936 0.0225
v 0.000294755174411 -0.00704442719421 0.0225
v 0.000237080377716 -0.00702850996171 0.0225
v 0.000178556894799 -0.0070160704114 0.0225
v 0.00011939422454 -0.00700715307366 0.0225
v 5.9804153945e-05 -0.00700178987023 0.0225
v -5.32226757408e-19 -0.007 0.0225
v -5.32226757408e-19 -0.007 0.0165
v -5.9804153945e-05 -0.00700178987023 0.0165
v -0.00011939422454 -0.00700715307366 0.0165
v -0.000178556894799 -0.0070160704114 0.0165
v -0.000237080377715 -0.00702850996171 0.0165
v -0.000294755174411 -0.00704442719421 0.0165
v -0.000351374824081 -0.00706376512936 0.0165
v -0.000406736643076 -0.00708645454236 0.0165
v -0.000460642450451 -0.007112414211 0.0165
v -0.000512899277406 -0.0071415512064 0.0165
v -0.000563320058064 -0.00717376122568 0.0165
v -0.000611724299115 -0.00720892896534 0.0165
v -0.00065793872594 -0.007246928534 0.0165
v -0.000701797902884 -0.00728762390305 0.0165
v -0.000743144825477 -0.00733086939364 0.0165
v -0.000781831482468 -0.00737651019814 0.0165
v -0.000817719385664 -0.00742438293431 0.0165
v -0.000850680065687 -0.00747431623019 0.0165
v -0.000880595531857 -0.00752613133753 0.0165
v -0.000907358694568 -0.00757964277169 0.0165
v -0.000930873748644 -0.00763465897563 0.0165
v -0.000951056516295 -0.00769098300563 0.0165
v -0.000967834748451 -0.00774841323626 0.0165
v -0.000981148383394 -0.0078067440822 0.0165
v -0.000990949761768 -0.00786576673418 0.0165
v -0.000997203797181 -0.00792526990641 0.0165
v -0.00099988810181 -0.00798504059298 0.0165
v -0.000998993066541 -0.00804486483035 0.0165
v -0.000994521895368 -0.00810452846327 0.0165
v -0.000986490593924 -0.00816381791142 0.0165
v -0.000974927912182 -0.00822252093396 0.0165
v -0.000959875241543 -0.00828042738931 0.0165
v -0.000941386466661 -0.00833732998738 0.0165
v -0.000919527772551 -0.00839302503165 0.0165
v -0.000894377407666 -0.00844731314832 0.0165
v -0.000866025403784 -0.0085 0.0165
v -0.000834573253721 -0.00855089698145 0.0165
v -0.000800133548011 -0.00859982189469 0.0165
v -0.000762829571862 -0.00864659960122 0.0165
v -0.000722794863827 -0.00869106264899 0.0165
v -0.000680172737771 -0.00873305187183 0.0165
v -0.000635115769842 -0.00877241695922 0.0165
v -0.000587785252292 -0.00880901699437 0.0165
v -0.000538350616091 -0.00884272095865 0.0165
v -0.000486988824404 -0.00887340820062 0.0165
v -0.000433883739118 -0.0089009688679 0.0165
v -0.000379225462653 -0.00892530430047 0.0165
v -0.000323209657454 -0.0089463273838 0.0165
v -0.000266036845567 -0.0089639628607 0.0165
v -0.000207911690818 -0.00897814760073 0.0165
v -0.000149042266176 -0.00898883082623 0.0165
v -8.96393089034e-05 -0.008995974294 0.0165
v -2.99154661694e-05 -0.00899955243228 0.0165
v 2.99154661694e-05 -0.00899955243228 0.0165
v 8.96393089034e-05 -0.008995974294 0.0165
v 0.000149042266176 -0.00898883082623 0.0165
v 0.000207911690818 -0.00897814760073 0.0165
v 0.000266036845567 -0.0089639628607 0.0165
v 0.000323209657454 -0.0089463273838 0.0165
v 0.000379225462653 -0.00892530430047 0.0165
v 0.000433883739118 -0.0089009688679 0.0165
v 0.000486988824404 -0.00887340820062 0.0165
v 0.000538350616091 -0.00884272095865 0.0165
v 0.000587785252292 -0.00880901699437 0.0165
v 0.000635115769842 -0.00877241695922 0.0165
v 0.000680172737771 -0.00873305187183 0.0165
v 0.000722794863827 -0.00869106264899 0.0165
v 0.000762829571862 -0.00864659960122 0.0165
v 0.000800133548011 -0.00859982189469 0.0165
v 0.000834573253721 -0.00855089698145 0.0165
v 0.000866025403784 -0.0085 0.0165
v 0.000894377407666 -0.00844731314832 0.0165
v 0.000919527772551 -0.00839302503165 0.0165
v 0.000941386466661 -0.00833732998738 0.0165
v 0.000959875241543 -0.00828042738931 0.0165
v 0.000974927912182 -0.00822252093396 0.0165
v 0.000986490593924 -0.00816381791142 0.0165
v 0.000994521895368 -0.00810452846327 0.0165
v 0.000998993066541 -0.00804486483035 0.0165
v 0.00099988810181 -0.00798504059298 0.0165
v 0.000997203797181 -0.00792526990641 0.0165
v 0.000990949761768 -0.00786576673418 0.0165
v 0.000981148383394 -0.0078067440822 0.0165
v 0.000967834748451 -0.00774841323626 0.0165
v 0.000951056516295 -0.00769098300563 0.0165
v 0.000930873748644 -0.00763465897563 0.0165
v 0.000907358694568 -0.00757964277169 0.0165
v 0.000880595531857 -0.00752613133753 0.0165
v 0.000850680065687 -0.00747431623019 0.0165
v 0.000817719385664 -0.00742438293431 0.0165
v 0.000781831482468 -0.00737651019814 0.0165
v 0.000743144825477 -0.00733086939364 0.0165
v 0.000701797902884 -0.00728762390305 0.0165
v 0.00065793872594 -0.007246928534 0.0165
v 0.000611724299115 -0.00720892896534 0.0165
v 0.000563320058064 -0.00717376122568 0.0165
v 0.000512899277406 -0.0071415512064 0.0165
v 0.000460642450451 -0.007112414211 0.0165
v 0.000406736643076 -0.00708645454236 0.0165
v 0.000351374824081 -0.00706376512936 0.0165
v 0.000294755174411 -0.00704442719421 0.0165
v 0.000237080377716 -0.00702850996171 0.0165
v 0.000178556894799 -0.0070160704114 0.0165
v 0.00011939422454 -0.00700715307366 0.0165
v 5.9804153945e-05 -0.00700178987023 0.0165
v -5.32226757408e-19 -0.007 0.0165
v -7.92030285381e-19 -0.00713397459622 0.0236
v -0.00075 -0.00756698729811 0.0236
v -0.00075 -0.00843301270189 0.0236
v -1.09038407789e-18 -0.00886602540378 0.0236
v 0.00075 -0.00843301270189 0.0236
v 0.00075 -0.00756698729811 0.0236
v -5.32226757408e-19 -0.007 0.0165
v -5.9804153945e-05 -0.00700178987023 0.0165
v -0.00011939422454 -0.00700715307366 0.0165
v -0.000178556894799 -0.0070160704114 0.0165
v -0.000237080377715 -0.00702850996171 0.0165
v -0.000294755174411 -0.00704442719421 0.0165
v -0.000351374824081 -0.00706376512936 0.0165
v -0.000406736643076 -0.00708645454236 0.0165
v -0.000460642450451 -0.007112414211 0.0165
v -0.000512899277406 -0.0071415512064 0.0165
v -0.000563320058064 -0.00717376122568 0.0165
v -0.000611724299115 -0.00720892896534 0.0165
v -0.00065793872594 -0.007246928534 0.0165
v -0.000701797902884 -0.00728762390305 0.0165
v -0.000743144825477 -0.00733086939364 0.0165
v -0.000781831482468 -0.00737651019814 0.0165
v -0.000817719385664 -0.00742438293431 0.0165
v -0.000850680065687 -0.00747431623019 0.0165
v -0.000880595531857 -0.00752613133753 0.0165
v -0.000907358694568 -0.00757964277169 0.0165
v -0.000930873748644 -0.00763465897563 0.0165
v -0.000951056516295 -0.00769098300563 0.0165
v -0.000967834748451 -0.00774841323626 0.0165
v -0.000981148383394 -0.0078067440822 0.0165
v -0.000990949761768 -0.00786576673418 0.0165
v -0.000997203797181 -0.00792526990641 0.0165
v -0.00099988810181 -0.00798504059298 0.0165
v -0.000998993066541 -0.00804486483035 0.0165
v -0.000994521895368 -0.00810452846327 0.0165
v -0.000986490593924 -0.00816381791142 0.0165
v -0.000974927912182 -0.00822252093396 0.0165
v -0.000959875241543 -0.00828042738931 0.0165
v -0.000941386466661 -0.00833732998738 0.0165
v -0.000919527772551 -0.00839302503165 0.0165
v -0.000894377407666 -0.00844731314832 0.0165
v -0.000866025403784 -0.0085 0.0165
v -0.000834573253721 -0.00855089698145 0.0165
v -0.000800133548011 -0.00859982189469 0.0165
v -0.000762829571862 -0.00864659960122 0.0165
v -0.000722794863827 -0.00869106264899 0.0165
v -0.000680172737771 -0.00873305187183 0.0165
v -0.000635115769842 -0.00877241695922 0.0165
v -0.000587785252292 -0.00880901699437 0.0165
v -0.000538350616091 -0.00884272095865 0.0165
v -0.000486988824404 -0.00887340820062 0.0165
v -0.000433883739118 -0.0089009688679 0.0165
v -0.000379225462653 -0.00892530430047 0.0165
v -0.000323209657454 -0.0089463273838 0.0165
v -0.000266036845567 -0.0089639628607 0.0165
v -0.000207911690818 -0.00897814760073 0.0165
v -0.000149042266176 -0.00898883082623 0.0165
v -8.96393089034e-05 -0.008995974294 0.0165
v -2.99154661694e-05 -0.00899955243228 0.0165
v 2.99154661694e-05 -0.00899955243228 0.0165
v 8.96393089034e-05 -0.008995974294 0.0165
v 0.000149042266176 -0.00898883082623 0.0165
v 0.000207911690818 -0.00897814760073 0.0165
v 0.000266036845567 -0.0089639628607 0.0165
v 0.000323209657454 -0.0089463273838 0.0165
v 0.000379225462653 -0.00892530430047 0.0165
v 0.000433883739118 -0.0089009688679 0.0165
v 0.000486988824404 -0.00887340820062 0.0165
v 0.000538350616091 -0.00884272095865 0.0165
v 0.000587785252292 -0.00880901699437 0.0165
v 0.000635115769842 -0.00877241695922 0.0165
v 0.000680172737771 -0.00873305187183 0.0165
v 0.000722794863827 -0.00869106264899 0.0165
v 0.000762829571862 -0.00864659960122 0.0165
v 0.000800133548011 -0.00859982189469 0.0165
v 0.000834573253721 -0.00855089698145 0.0165
v 0.000866025403784 -0.0085 0.0165
v 0.000894377407666 -0.00844731314832 0.0165
v 0.000919527772551 -0.00839302503165 0.0165
v 0.000941386466661 -0.00833732998738 0.0165
v 0.000959875241543 -0.00828042738931 0.0165
v 0.000974927912182 -0.00822252093396 0.0165
v 0.000986490593924 -0.00816381791142 0.0165
v 0.000994521895368 -0.00810452846327 0.0165
v 0.000998993066541 -0.00804486483035 0.0165
v 0.00099988810181 -0.00798504059298 0.0165
v 0.000997203797181 -0.00792526990641 0.0165
v 0.000990949761768 -0.00786576673418 0.0165
v 0.000981148383394 -0.0078067440822 0.0165
v 0.000967834748451 -0.00774841323626 0.0165
v 0.000951056516295 -0.00769098300563 0.0165
v 0.000930873748644 -0.00763465897563 0.0165
v 0.000907358694568 -0.00757964277169 0.0165
v 0.000880595531857 -0.00752613133753 0.0165
v 0.000850680065687 -0.00747431623019 0.0165
v 0.000817719385664 -0.00742438293431 0.0165
v 0.000781831482468 -0.00737651019814 0.0165
v 0.000743144825477 -0.00733086939364 0.0165
v 0.000701797902884 -0.00728762390305 0.0165
v 0.00065793872594 -0.007246928534 0.0165
v 0.000611724299115 -0.00720892896534 0.0165
v 0.000563320058064 -0.00717376122568 0.0165
v 0.000512899277406 -0.0071415512064 0.0165
v 0.000460642450451 -0.007112414211 0.0165
v 0.000406736643076 -0.00708645454236 0.0165
v 0.000351374824081 -0.00706376512936 0.0165
v 0.000294755174411 -0.00704442719421 0.0165
v 0.000237080377716 -0.00702850996171 0.0165
v 0.000178556894799 -0.0070160704114 0.0165
v 0.00011939422454 -0.00700715307366 0.0165
v 5.9804153945e-05 -0.00700178987023 0.0165
v -0.008 0.0019 0.0245
v -0.0081136278925 0.00189659924656 0.0245
v -0.00822684902663 0.00188640916005 0.0245
v -0.00833925810012 0.00186946621834 0.0245
v -0.00845045271766 0.00184583107276 0.0245
v -0.00856003483138 0.00181558833099 0.0245
v -0.00866761216575 0.00177884625422 0.0245
v -0.00877279962184 0.00173573636952 0.0245
v -0.00887522065586 0.00168641299911 0.0245
v -0.00897450862707 0.00163105270784 0.0245
v -0.00907030811032 0.0015698536712 0.0245
v -0.00916227616832 0.00150303496585 0.0245
v -0.00925008357929 0.00143083578541 0.0245
v -0.00933341601548 0.00135351458421 0.0245
v -0.00941197516841 0.00127134815208 0.0245
v -0.00948547981669 0.00118463062353 0.0245
v -0.00955366683276 0.0010936724248 0.0245
v -0.00961629212481 0.00099879916264 0.0245
v -0.00967313151053 0.000900350458699 0.0245
v -0.00972398151968 0.000798678733788 0.0245
v -0.00976866012242 0.000694147946296 0.0245
v -0.00980700738096 0.000587132289312 0.0245
v -0.00983888602206 0.000478014851115 0.0245
v -0.00986418192845 0.000367186243812 0.0245
v -0.00988280454736 0.000255043205054 0.0245
v -0.00989468721464 0.000141987177814 0.0245
v -0.00989978739344 2.8422873329e-05 0.0245
v -0.00989808682643 -8.5243177666e-05 0.0245
v -0.0098895916012 -0.000198604080209 0.0245
v -0.00987433212845 -0.000311254031689 0.0245
v -0.00985236303315 -0.000422789774517 0.0245
v -0.00982376295893 -0.000532812039681 0.0245
v -0.00978863428666 -0.000640926976027 0.0245
v -0.00974710276785 -0.000746747560142 0.0245
v -0.00969931707457 -0.0008498949818 0.0245
v -0.00964544826719 -0.00095 0.0245
v -0.00958568918207 -0.00104670426476 0.0245
v -0.00952025374122 -0.00113966159991 0.0245
v -0.00944937618654 -0.00122853924231 0.0245
v -0.00937331024127 -0.00131301903308 0.0245
v -0.00929232820176 -0.00139279855648 0.0245
v -0.0092067199627 -0.00146759222253 0.0245
v -0.00911679197936 -0.00153713228931 0.0245
v -0.00902286617057 -0.00160116982144 0.0245
v -0.00892527876637 -0.00165947558117 0.0245
v -0.00882437910432 -0.00171184084901 0.0245
v -0.00872052837904 -0.0017580781709 0.0245
v -0.00861409834916 -0.00179802202922 0.0245
v -0.00850547000658 -0.00183152943532 0.0245
v -0.00839503221255 -0.00185848044139 0.0245
v -0.00828318030573 -0.00187877856983 0.0245
v -0.00817031468692 -0.00189235115859 0.0245
v -0.00805683938572 -0.00189914962134 0.0245
v -0.00794316061428 -0.00189914962134 0.0245
v -0.00782968531308 -0.00189235115859 0.0245
v -0.00771681969427 -0.00187877856983 0.0245
v -0.00760496778745 -0.00185848044139 0.0245
v -0.00749452999342 -0.00183152943532 0.0245
v -0.00738590165084 -0.00179802202922 0.0245
v -0.00727947162096 -0.0017580781709 0.0245
v -0.00717562089568 -0.00171184084901 0.0245
v -0.00707472123363 -0.00165947558117 0.0245
v -0.00697713382943 -0.00160116982144 0.0245
v -0.00688320802064 -0.00153713228931 0.0245
v -0.0067932800373 -0.00146759222253 0.0245
v -0.00670767179824 -0.00139279855648 0.0245
v -0.00662668975873 -0.00131301903308 0.0245
v -0.00655062381346 -0.00122853924231 0.0245
v -0.00647974625878 -0.00113966159991 0.0245
v -0.00641431081793 -0.00104670426476 0.0245
v -0.00635455173281 -0.00095 0.0245
v -0.00630068292543 -0.0008498949818 0.0245
v -0.00625289723215 -0.000746747560142 0.0245
v -0.00621136571334 -0.000640926976027 0.0245
v -0.00617623704107 -0.000532812039681 0.0245
v -0.00614763696685 -0.000422789774517 0.0245
v -0.00612566787155 -0.000311254031689 0.0245
v -0.0061104083988 -0.000198604080209 0.0245
v -0.00610191317357 -8.5243177666e-05 0.0245
v -0.00610021260656 2.8422873329e-05 0.0245
v -0.00610531278536 0.000141987177814 0.0245
v -0.00611719545264 0.000255043205054 0.0245
v -0.00613581807155 0.000367186243812 0.0245
v -0.00616111397794 0.000478014851115 0.0245
v -0.00619299261904 0.000587132289312 0.0245
v -0.00623133987758 0.000694147946296 0.0245
v -0.00627601848032 0.000798678733788 0.0245
v -0.00632686848947 0.000900350458699 0.0245
v -0.00638370787519 0.00099879916264 0.0245
v -0.00644633316724 0.0010936724248 0.0245
v -0.00651452018331 0.00118463062353 0.0245
v -0.00658802483159 0.00127134815208 0.0245
v -0.00666658398452 0.00135351458421 0.0245
v -0.00674991642071 0.00143083578541 0.0245
v -0.00683772383168 0.00150303496585 0.0245
v -0.00692969188968 0.0015698536712 0.0245
v -0.00702549137293 0.00163105270784 0.0245
v -0.00712477934414 0.00168641299911 0.0245
v -0.00722720037816 0.00173573636952 0.0245
v -0.00733238783425 0.00177884625422 0.0245
v -0.00743996516862 0.00181558833099 0.0245
v -0.00754954728234 0.00184583107276 0.0245
v -0.00766074189988 0.00186946621834 0.0245
v -0.00777315097337 0.00188640916005 0.0245
v -0.0078863721075 0.00189659924656 0.0245
v -0.008 0.0019 0.0245
v -0.008 0.0019 0.0225
v -0.0081136278925 0.00189659924656 0.0225
v -0.00822684902663 0.00188640916005 0.0225
v -0.00833925810012 0.00186946621834 0.0225
v -0.00845045271766 0.00184583107276 0.0225
v -0.00856003483138 0.00181558833099 0.0225
v -0.00866761216575 0.00177884625422 0.0225
v -0.00877279962184 0.00173573636952 0.0225
v -0.00887522065586 0.00168641299911 0.0225
v -0.00897450862707 0.00163105270784 0.0225
v -0.00907030811032 0.0015698536712 0.0225
v -0.00916227616832 0.00150303496585 0.0225
v -0.00925008357929 0.00143083578541 0.0225
v -0.00933341601548 0.00135351458421 0.0225
v -0.00941197516841 0.00127134815208 0.0225
v -0.00948547981669 0.00118463062353 0.0225
v -0.00955366683276 0.0010936724248 0.0225
v -0.00961629212481 0.00099879916264 0.0225
v -0.00967313151053 0.000900350458699 0.0225
v -0.00972398151968 0.000798678733788 0.0225
v -0.00976866012242 0.000694147946296 0.0225
v -0.00980700738096 0.000587132289312 0.0225
v -0.00983888602206 0.000478014851115 0.0225
v -0.00986418192845 0.000367186243812 0.0225
v -0.00988280454736 0.000255043205054 0.0225
v -0.00989468721464 0.000141987177814 0.0225
v -0.00989978739344 2.8422873329e-05 0.0225
v -0.00989808682643 -8.5243177666e-05 0.0225
v -0.0098895916012 -0.000198604080209 0.0225
v -0.00987433212845 -0.000311254031689 0.0225
v -0.00985236303315 -0.000422789774517 0.0225
v -0.00982376295893 -0.000532812039681 0.0225
v -0.00978863428666 -0.000640926976027 0.0225
v -0.00974710276785 -0.000746747560142 0.0225
v -0.00969931707457 -0.0008498949818 0.0225
v -0.00964544826719 -0.00095 0.0225
v -0.00958568918207 -0.00104670426476 0.0225
v -0.00952025374122 -0.00113966159991 0.0225
v -0.00944937618654 -0.00122853924231 0.0225
v -0.00937331024127 -0.00131301903308 0.0225
v -0.00929232820176 -0.00139279855648 0.0225
v -0.0092067199627 -0.00146759222253 0.0225
v -0.00911679197936 -0.00153713228931 0.0225
v -0.00902286617057 -0.00160116982144 0.0225
v -0.00892527876637 -0.00165947558117 0.0225
v -0.00882437910432 -0.00171184084901 0.0225
v -0.00872052837904 -0.0017580781709 0.0225
v -0.00861409834916 -0.00179802202922 0.0225
v -0.00850547000658 -0.00183152943532 0.0225
v -0.00839503221255 -0.00185848044139 0.0225
v -0.00828318030573 -0.00187877856983 0.0225
v -0.00817031468692 -0.00189235115859 0.0225
v -0.00805683938572 -0.00189914962134 0.0225
v -0.00794316061428 -0.00189914962134 0.0225
v -0.00782968531308 -0.00189235115859 0.0225
v -0.00771681969427 -0.00187877856983 0.0225
v -0.00760496778745 -0.00185848044139 0.0225
v -0.00749452999342 -0.00183152943532 0.0225
v -0.00738590165084 -0.00179802202922 0.0225
v -0.00727947162096 -0.0017580781709 0.0225
v -0.00717562089568 -0.00171184084901 0.0225
v -0.00707472123363 -0.00165947558117 0.0225
v -0.00697713382943 -0.00160116982144 0.0225
v -0.00688320802064 -0.00153713228931 0.0225
v -0.0067932800373 -0.00146759222253 0.0225
v -0.00670767179824 -0.00139279855648 0.0225
v -0.00662668975873 -0.00131301903308 0.0225
v -0.00655062381346 -0.00122853924231 0.0225
v -0.00647974625878 -0.00113966159991 0.0225
v -0.00641431081793 -0.00104670426476 0.0225
v -0.00635455173281 -0.00095 0.0225
v -0.00630068292543 -0.0008498949818 0.0225
v -0.00625289723215 -0.000746747560142 0.0225
v -0.00621136571334 -0.000640926976027 0.0225
v -0.00617623704107 -0.000532812039681 0.0225
v -0.00614763696685 -0.000422789774517 0.0225
v -0.00612566787155 -0.000311254031689 0.0225
v -0.0061104083988 -0.000198604080209 0.0225
v -0.00610191317357 -8.5243177666e-05 0.0225
v -0.00610021260656 2.8422873329e-05 0.0225
v -0.00610531278536 0.000141987177814 0.0225
v -0.00611719545264 0.000255043205054 0.0225
v -0.00613581807155 0.000367186243812 0.0225
v -0.00616111397794 0.000478014851115 0.0225
v -0.00619299261904 0.000587132289312 0.0225
v -0.00623133987758 0.000694147946296 0.0225
v -0.00627601848032 0.000798678733788 0.0225
v -0.00632686848947 0.000900350458699 0.0225
v -0.00638370787519 0.00099879916264 0.0225
v -0.00644633316724 0.0010936724248 0.0225
v -0.00651452018331 0.00118463062353 0.0225
v -0.00658802483159 0.00127134815208 0.0225
v -0.00666658398452 0.00135351458421 0.0225
v -0.00674991642071 0.00143083578541 0.0225
v -0.00683772383168 0.00150303496585 0.0225
v -0.00692969188968 0.0015698536712 0.0225
v -0.00702549137293 0.00163105270784 0.0225
v -0.00712477934414 0.00168641299911 0.0225
v -0.00722720037816 0.00173573636952 0.0225
v -0.00733238783425 0.00177884625422 0.0225
v -0.00743996516862 0.00181558833099 0.0225
v -0.00754954728234 0.00184583107276 0.0225
v -0.00766074189988 0.00186946621834 0.0225
v -0.00777315097337 0.00188640916005 0.0225
v -0.0078863721075 0.00189659924656 0.0225
v -0.008 0.0019 0.0225
v -0.008 0.0019 0.0245
v -0.0081136278925 0.00189659924656 0.0245
v -0.00822684902663 0.00188640916005 0.0245
v -0.00833925810012 0.00186946621834 0.0245
v -0.00845045271766 0.00184583107276 0.0245
v -0.00856003483138 0.00181558833099 0.0245
v -0.00866761216575 0.00177884625422 0.0245
v -0.00877279962184 0.00173573636952 0.0245
v -0.00887522065586 0.00168641299911 0.0245
v -0.00897450862707 0.00163105270784 0.0245
v -0.00907030811032 0.0015698536712 0.0245
v -0.00916227616832 0.00150303496585 0.0245
v -0.00925008357929 0.00143083578541 0.0245
v -0.00933341601548 0.00135351458421 0.0245
v -0.00941197516841 0.00127134815208 0.0245
v -0.00948547981669 0.00118463062353 0.0245
v -0.00955366683276 0.0010936724248 0.0245
v -0.00961629212481 0.00099879916264 0.0245
v -0.00967313151053 0.000900350458699 0.0245
v -0.00972398151968 0.000798678733788 0.0245
v -0.00976866012242 0.000694147946296 0.0245
v -0.00980700738096 0.000587132289312 0.0245
v -0.00983888602206 0.000478014851115 0.0245
v -0.00986418192845 0.000367186243812 0.0245
v -0.00988280454736 0.000255043205054 0.0245
v -0.00989468721464 0.000141987177814 0.0245
v -0.00989978739344 2.8422873329e-05 0.0245
v -0.00989808682643 -8.5243177666e-05 0.0245
v -0.0098895916012 -0.000198604080209 0.0245
v -0.00987433212845 -0.000311254031689 0.0245
v -0.00985236303315 -0.000422789774517 0.0245
v -0.00982376295893 -0.000532812039681 0.0245
v -0.00978863428666 -0.000640926976027 0.0245
v -0.00974710276785 -0.000746747560142 0.0245
v -0.00969931707457 -0.0008498949818 0.0245
v -0.00964544826719 -0.00095 0.0245
v -0.00958568918207 -0.00104670426476 0.0245
v -0.00952025374122 -0.00113966159991 0.0245
v -0.00944937618654 -0.00122853924231 0.0245
v -0.00937331024127 -0.00131301903308 0.0245
v -0.00929232820176 -0.00139279855648 0.0245
v -0.0092067199627 -0.00146759222253 0.0245
v -0.00911679197936 -0.00153713228931 0.0245
v -0.00902286617057 -0.00160116982144 0.0245
v -0.00892527876637 -0.00165947558117 0.0245
v -0.00882437910432 -0.00171184084901 0.0245
v -0.00872052837904 -0.0017580781709 0.0245
v -0.00861409834916 -0.00179802202922 0.0245
v -0.00850547000658 -0.00183152943532 0.0245
v -0.00839503221255 -0.00185848044139 0.0245
v -0.00828318030573 -0.00187877856983 0.0245
v -0.00817031468692 -0.00189235115859 0.0245
v -0.00805683938572 -0.00189914962134 0.0245
v -0.00794316061428 -0.00189914962134 0.0245
v -0.00782968531308 -0.00189235115859 0.0245
v -0.00771681969427 -0.00187877856983 0.0245
v -0.00760496778745 -0.00185848044139 0.0245
v -0.00749452999342 -0.00183152943532 0.0245
v -0.00738590165084 -0.00179802202922 0.0245
v -0.00727947162096 -0.0017580781709 0.0245
v -0.00717562089568 -0.00171184084901 0.0245
v -0.00707472123363 -0.00165947558117 0.0245
v -0.00697713382943 -0.00160116982144 0.0245
v -0.00688320802064 -0.00153713228931 0.0245
v -0.0067932800373 -0.00146759222253 0.0245
v -0.00670767179824 -0.00139279855648 0.0245
v -0.00662668975873 -0.00131301903308 0.0245
v -0.00655062381346 -0.00122853924231 0.0245
v -0.00647974625878 -0.00113966159991 0.0245
v -0.00641431081793 -0.00104670426476 0.0245
v -0.00635455173281 -0.00095 0.0245
v -0.00630068292543 -0.0008498949818 0.0245
v -0.00625289723215 -0.000746747560142 0.0245
v -0.00621136571334 -0.000640926976027 0.0245
v -0.00617623704107 -0.000532812039681 0.0245
v -0.00614763696685 -0.000422789774517 0.0245
v -0.00612566787155 -0.000311254031689 0.0245
v -0.0061104083988 -0.000198604080209 0.0245
v -0.00610191317357 -8.5243177666e-05 0.0245
v -0.00610021260656 2.8422873329e-05 0.0245
v -0.00610531278536 0.000141987177814 0.0245
v -0.00611719545264 0.000255043205054 0.0245
v -0.00613581807155 0.000367186243812 0.0245
v -0.00616111397794 0.000478014851115 0.0245
v -0.00619299261904 0.000587132289312 0.0245
v -0.00623133987758 0.000694147946296 0.0245
v -0.00627601848032 0.000798678733788 0.0245
v -0.00632686848947 0.000900350458699 0.0245
v -0.00638370787519 0.00099879916264 0.0245
v -0.00644633316724 0.0010936724248 0.0245
v -0.00651452018331 0.00118463062353 0.0245
v -0.00658802483159 0.00127134815208 0.0245
v -0.00666658398452 0.00135351458421 0.0245
v -0.00674991642071 0.00143083578541 0.0245
v -0.00683772383168 0.00150303496585 0.0245
v -0.00692969188968 0.0015698536712 0.0245
v -0.00702549137293 0.00163105270784 0.0245
v -0.00712477934414 0.00168641299911 0.0245
v -0.00722720037816 0.00173573636952 0.0245
v -0.00733238783425 0.00177884625422 0.0245
v -0.00743996516862 0.00181558833099 0.0245
v -0.00754954728234 0.00184583107276 0.0245
v -0.00766074189988 0.00186946621834 0.0245
v -0.00777315097337 0.00188640916005 0.0245
v -0.0078863721075 0.00189659924656 0.0245
v -0.00875 -0.000433012701892 0.0245
v -0.00875 0.000433012701892 0.0245
v -0.008 0.000866025403784 0.0245
v -0.00725 0.000433012701892 0.0245
v -0.00725 -0.000433012701892 0.0245
v -0.008 -0.000866025403784 0.0245
v -0.008 0.0019 0.0225
v -0.0081136278925 0.00189659924656 0.0225
v -0.00822684902663 0.00188640916005 0.0225
v -0.00833925810012 0.00186946621834 0.0225
v -0.00845045271766 0.00184583107276 0.0225
v -0.00856003483138 0.00181558833099 0.0225
v -0.00866761216575 0.00177884625422 0.0225
v -0.00877279962184 0.00173573636952 0.0225
v -0.00887522065586 0.00168641299911 0.0225
v -0.00897450862707 0.00163105270784 0.0225
v -0.00907030811032 0.0015698536712 0.0225
v -0.00916227616832 0.00150303496585 0.0225
v -0.00925008357929 0.00143083578541 0.0225
v -0.00933341601548 0.00135351458421 0.0225
v -0.00941197516841 0.00127134815208 0.0225
v -0.00948547981669 0.00118463062353 0.0225
v -0.00955366683276 0.0010936724248 0.0225
v -0.00961629212481 0.00099879916264 0.0225
v -0.00967313151053 0.000900350458699 0.0225
v -0.00972398151968 0.000798678733788 0.0225
v -0.00976866012242 0.000694147946296 0.0225
v -0.00980700738096 0.000587132289312 0.0225
v -0.00983888602206 0.000478014851115 0.0225
v -0.00986418192845 0.000367186243812 0.0225
v -0.00988280454736 0.000255043205054 0.0225
v -0.00989468721464 0.000141987177814 0.0225
v -0.00989978739344 2.8422873329e-05 0.0225
v -0.00989808682643 -8.5243177666e-05 0.0225
v -0.0098895916012 -0.000198604080209 0.0225
v -0.00987433212845 -0.000311254031689 0.0225
v -0.00985236303315 -0.000422789774517 0.0225
v -0.00982376295893 -0.000532812039681 0.0225
v -0.00978863428666 -0.000640926976027 0.0225
v -0.00974710276785 -0.000746747560142 0.0225
v -0.00969931707457 -0.0008498949818 0.0225
v -0.00964544826719 -0.00095 0.0225
v -0.00958568918207 -0.00104670426476 0.0225
v -0.00952025374122 -0.00113966159991 0.0225
v -0.00944937618654 -0.00122853924231 0.0225
v -0.00937331024127 -0.00131301903308 0.0225
v -0.00929232820176 -0.00139279855648 0.0225
v -0.0092067199627 -0.00146759222253 0.0225
v -0.00911679197936 -0.00153713228931 0.0225
v -0.00902286617057 -0.00160116982144 0.0225
v -0.00892527876637 -0.00165947558117 0.0225
v -0.00882437910432 -0.00171184084901 0.0225
v -0.00872052837904 -0.0017580781709 0.0225
v -0.00861409834916 -0.00179802202922 0.0225
v -0.00850547000658 -0.00183152943532 0.0225
v -0.00839503221255 -0.00185848044139 0.0225
v -0.00828318030573 -0.00187877856983 0.0225
v -0.00817031468692 -0.00189235115859 0.0225
v -0.00805683938572 -0.00189914962134 0.0225
v -0.00794316061428 -0.00189914962134 0.0225
v -0.00782968531308 -0.00189235115859 0.0225
v -0.00771681969427 -0.00187877856983 0.0225
v -0.00760496778745 -0.00185848044139 0.0225
v -0.00749452999342 -0.00183152943532 0.0225
v -0.00738590165084 -0.00179802202922 0.0225
v -0.00727947162096 -0.0017580781709 0.0225
v -0.00717562089568 -0.00171184084901 0.0225
v -0.00707472123363 -0.00165947558117 0.0225
v -0.00697713382943 -0.00160116982144 0.0225
v -0.00688320802064 -0.00153713228931 0.0225
v -0.0067932800373 -0.00146759222253 0.0225
v -0.00670767179824 -0.00139279855648 0.0225
v -0.00662668975873 -0.00131301903308 0.0225
v -0.00655062381346 -0.00122853924231 0.0225
v -0.00647974625878 -0.00113966159991 0.0225
v -0.00641431081793 -0.00104670426476 0.0225
v -0.00635455173281 -0.00095 0.0225
v -0.00630068292543 -0.0008498949818 0.0225
v -0.00625289723215 -0.000746747560142 0.0225
v -0.00621136571334 -0.000640926976027 0.0225
v -0.00617623704107 -0.000532812039681 0.0225
v -0.00614763696685 -0.000422789774517 0.0225
v -0.00612566787155 -0.000311254031689 0.0225
v -0.0061104083988 -0.000198604080209 0.0225
v -0.00610191317357 -8.5243177666e-05 0.0225
v -0.00610021260656 2.8422873329e-05 0.0225
v -0.00610531278536 0.000141987177814 0.0225
v -0.00611719545264 0.000255043205054 0.0225
v -0.00613581807155 0.000367186243812 0.0225
v -0.00616111397794 0.000478014851115 0.0225
v -0.00619299261904 0.000587132289312 0.0225
v -0.00623133987758 0.000694147946296 0.0225
v -0.00627601848032 0.000798678733788 0.0225
v -0.00632686848947 0.000900350458699 0.0225
v -0.00638370787519 0.00099879916264 0.0225
v -0.00644633316724 0.0010936724248 0.0225
v -0.00651452018331 0.00118463062353 0.0225
v -0.00658802483159 0.00127134815208 0.0225
v -0.00666658398452 0.00135351458421 0.0225
v -0.00674991642071 0.00143083578541 0.0225
v -0.00683772383168 0.00150303496585 0.0225
v -0.00692969188968 0.0015698536712 0.0225
v -0.00702549137293 0.00163105270784 0.0225
v -0.00712477934414 0.00168641299911 0.0225
v -0.00722720037816 0.00173573636952 0.0225
v -0.00733238783425 0.00177884625422 0.0225
v -0.00743996516862 0.00181558833099 0.0225
v -0.00754954728234 0.00184583107276 0.0225
v -0.00766074189988 0.00186946621834 0.0225
v -0.00777315097337 0.00188640916005 0.0225
v -0.0078863721075 0.00189659924656 0.0225
v -0.008 0.001 0.0225
v -0.00805980415395 0.000998210129768 0.0225
v -0.00811939422454 0.000992846926342 0.0225
v -0.0081785568948 0.000983929588599 0.0225
v -0.00823708037772 0.000971490038293 0.0225
v -0.00829475517441 0.000955572805786 0.0225
v -0.00835137482408 0.00093623487064 0.0225
v -0.00840673664308 0.000913545457643 0.0225
v -0.00846064245045 0.000887585789005 0.0225
v -0.00851289927741 0.000858448793602 0.0225
v -0.00856332005806 0.000826238774316 0.0225
v -0.00861172429912 0.000791071034656 0.0225
v -0.00865793872594 0.000753071466004 0.0225
v -0.00870179790288 0.000712376096951 0.0225
v -0.00874314482548 0.000669130606359 0.0225
v -0.00878183148247 0.000623489801859 0.0225
v -0.00881771938566 0.000575617065686 0.0225
v -0.00885068006569 0.000525683769811 0.0225
v -0.00888059553186 0.000473868662473 0.0225
v -0.00890735869457 0.00042035722831 0.0225
v -0.00893087374864 0.000365341024366 0.0225
v -0.0089510565163 0.000309016994375 0.0225
v -0.00896783474845 0.000251586763745 0.0225
v -0.00898114838339 0.000193255917796 0.0225
v -0.00899094976177 0.000134233265818 0.0225
v -0.00899720379718 7.47300935864e-05 0.0225
v -0.00899988810181 1.49594070153e-05 0.0225
v -0.00899899306654 -4.48648303505e-05 0.0225
v -0.00899452189537 -0.000104528463268 0.0225
v -0.00898649059392 -0.000163817911415 0.0225
v -0.00897492791218 -0.000222520933956 0.0225
v -0.00895987524154 -0.000280427389306 0.0225
v -0.00894138646666 -0.000337329987383 0.0225
v -0.00891952777255 -0.000393025031654 0.0225
v -0.00889437740767 -0.000447313148316 0.0225
v -0.00886602540378 -0.0005 0.0225
v -0.00883457325372 -0.000550896981452 0.0225
v -0.00880013354801 -0.000599821894688 0.0225
v -0.00876282957186 -0.000646599601216 0.0225
v -0.00872279486383 -0.000691062648987 0.0225
v -0.00868017273777 -0.00073305187183 0.0225
v -0.00863511576984 -0.000772416959225 0.0225
v -0.00858778525229 -0.000809016994375 0.0225
v -0.00853835061609 -0.000842720958654 0.0225
v -0.0084869888244 -0.000873408200617 0.0225
v -0.00843388373912 -0.000900968867902 0.0225
v -0.00837922546265 -0.000925304300474 0.0225
v -0.00832320965745 -0.000946327383799 0.0225
v -0.00826603684557 -0.000963962860696 0.0225
v -0.00820791169082 -0.000978147600734 0.0225
v -0.00814904226618 -0.000988830826225 0.0225
v -0.0080896393089 -0.000995974293995 0.0225
v -0.00802991546617 -0.000999552432284 0.0225
v -0.00797008453383 -0.000999552432284 0.0225
v -0.0079103606911 -0.000995974293995 0.0225
v -0.00785095773382 -0.000988830826225 0.0225
v -0.00779208830918 -0.000978147600734 0.0225
v -0.00773396315443 -0.000963962860696 0.0225
v -0.00767679034255 -0.000946327383799 0.0225
v -0.00762077453735 -0.000925304300474 0.0225
v -0.00756611626088 -0.000900968867902 0.0225
v -0.0075130111756 -0.000873408200617 0.0225
v -0.00746164938391 -0.000842720958654 0.0225
v -0.00741221474771 -0.000809016994375 0.0225
v -0.00736488423016 -0.000772416959225 0.0225
v -0.00731982726223 -0.00073305187183 0.0225
v -0.00727720513617 -0.000691062648987 0.0225
v -0.00723717042814 -0.000646599601216 0.0225
v -0.00719986645199 -0.000599821894688 0.0225
v -0.00716542674628 -0.000550896981452 0.0225
v -0.00713397459622 -0.0005 0.0225
v -0.00710562259233 -0.000447313148316 0.0225
v -0.00708047222745 -0.000393025031654 0.0225
v -0.00705861353334 -0.000337329987383 0.0225
v -0.00704012475846 -0.000280427389306 0.0225
v -0.00702507208782 -0.000222520933956 0.0225
v -0.00701350940608 -0.000163817911415 0.0225
v -0.00700547810463 -0.000104528463268 0.0225
v -0.00700100693346 -4.48648303505e-05 0.0225
v -0.00700011189819 1.49594070153e-05 0.0225
v -0.00700279620282 7.47300935864e-05 0.0225
v -0.00700905023823 0.000134233265818 0.0225
v -0.00701885161661 0.000193255917796 0.0225
v -0.00703216525155 0.000251586763745 0.0225
v -0.0070489434837 0.000309016994375 0.0225
v -0.00706912625136 0.000365341024366 0.0225
v -0.00709264130543 0.00042035722831 0.0225
v -0.00711940446814 0.000473868662473 0.0225
v -0.00714931993431 0.000525683769811 0.0225
v -0.00718228061434 0.000575617065686 0.0225
v -0.00721816851753 0.000623489801859 0.0225
v -0.00725685517452 0.000669130606359 0.0225
v -0.00729820209712 0.000712376096951 0.0225
v -0.00734206127406 0.000753071466004 0.0225
v -0.00738827570088 0.000791071034656 0.0225
v -0.00743667994194 0.000826238774316 0.0225
v -0.00748710072259 0.000858448793602 0.0225
v -0.00753935754955 0.000887585789005 0.0225
v -0.00759326335692 0.000913545457643 0.0225
v -0.00764862517592 0.00093623487064 0.0225
v -0.00770524482559 0.000955572805786 0.0225
v -0.00776291962228 0.000971490038293 0.0225
v -0.0078214431052 0.000983929588599 0.0225
v -0.00788060577546 0.000992846926342 0.0225
v -0.00794019584605 0.000998210129768 0.0225
v -0.00875 0.000433012701892 0.0236
v -0.00875 -0.000433012701892 0.0236
v -0.00875 0.000433012701892 0.0245
v -0.00875 -0.000433012701892 0.0245
v -0.00875 -0.000433012701892 0.0236
v -0.008 -0.000866025403784 0.0236
v -0.00875 -0.000433012701892 0.0245
v -0.008 -0.000866025403784 0.0245
v -0.008 -0.000866025403784 0.0236
v -0.00725 -0.000433012701892 0.0236
v -0.008 -0.000866025403784 0.0245
v -0.00725 -0.000433012701892 0.0245
v -0.00725 -0.000433012701892 0.0236
v -0.00725 0.000433012701892 0.0236
v -0.00725 -0.000433012701892 0.0245
v -0.00725 0.000433012701892 0.0245
v -0.00725 0.000433012701892 0.0236
v -0.008 0.000866025403784 0.0236
v -0.00725 0.000433012701892 0.0245
v -0.008 0.000866025403784 0.0245
v -0.008 0.000866025403784 0.0236
v -0.00875 0.000433012701892 0.0236
v -0.008 0.000866025403784 0.0245
v -0.00875 0.000433012701892 0.0245
v -0.008 0.001 0.0225
v -0.00805980415395 0.000998210129768 0.0225
v -0.00811939422454 0.000992846926342 0.0225
v -0.0081785568948 0.000983929588599 0.0225
v -0.00823708037772 0.000971490038293 0.0225
v -0.00829475517441 0.000955572805786 0.0225
v -0.00835137482408 0.00093623487064 0.0225
v -0.00840673664308 0.000913545457643 0.0225
v -0.00846064245045 0.000887585789005 0.0225
v -0.00851289927741 0.000858448793602 0.0225
v -0.00856332005806 0.000826238774316 0.0225
v -0.00861172429912 0.000791071034656 0.0225
v -0.00865793872594 0.000753071466004 0.0225
v -0.00870179790288 0.000712376096951 0.0225
v -0.00874314482548 0.000669130606359 0.0225
v -0.00878183148247 0.000623489801859 0.0225
v -0.00881771938566 0.000575617065686 0.0225
v -0.00885068006569 0.000525683769811 0.0225
v -0.00888059553186 0.000473868662473 0.0225
v -0.00890735869457 0.00042035722831 0.0225
v -0.00893087374864 0.000365341024366 0.0225
v -0.0089510565163 0.000309016994375 0.0225
v -0.00896783474845 0.000251586763745 0.0225
v -0.00898114838339 0.000193255917796 0.0225
v -0.00899094976177 0.000134233265818 0.0225
v -0.00899720379718 7.47300935864e-05 0.0225
v -0.00899988810181 1.49594070153e-05 0.0225
v -0.00899899306654 -4.48648303505e-05 0.0225
v -0.00899452189537 -0.000104528463268 0.0225
v -0.00898649059392 -0.000163817911415 0.0225
v -0.00897492791218 -0.000222520933956 0.0225
v -0.00895987524154 -0.000280427389306 0.0225
v -0.00894138646666 -0.000337329987383 0.0225
v -0.00891952777255 -0.000393025031654 0.0225
v -0.00889437740767 -0.000447313148316 0.0225
v -0.00886602540378 -0.0005 0.0225
v -0.00883457325372 -0.000550896981452 0.0225
v -0.00880013354801 -0.000599821894688 0.0225
v -0.00876282957186 -0.000646599601216 0.0225
v -0.00872279486383 -0.000691062648987 0.0225
v -0.00868017273777 -0.00073305187183 0.0225
v -0.00863511576984 -0.000772416959225 0.0225
v -0.00858778525229 -0.000809016994375 0.0225
v -0.00853835061609 -0.000842720958654 0.0225
v -0.0084869888244 -0.000873408200617 0.0225
v -0.00843388373912 -0.000900968867902 0.0225
v -0.00837922546265 -0.000925304300474 0.0225
v -0.00832320965745 -0.000946327383799 0.0225
v -0.00826603684557 -0.000963962860696 0.0225
v -0.00820791169082 -0.000978147600734 0.0225
v -0.00814904226618 -0.000988830826225 0.0225
v -0.0080896393089 -0.000995974293995 0.0225
v -0.00802991546617 -0.000999552432284 0.0225
v -0.00797008453383 -0.000999552432284 0.0225
v -0.0079103606911 -0.000995974293995 0.0225
v -0.00785095773382 -0.000988830826225 0.0225
v -0.00779208830918 -0.000978147600734 0.0225
v -0.00773396315443 -0.000963962860696 0.0225
v -0.00767679034255 -0.000946327383799 0.0225
v -0.00762077453735 -0.000925304300474 0.0225
v -0.00756611626088 -0.000900968867902 0.0225
v -0.0075130111756 -0.000873408200617 0.0225
v -0.00746164938391 -0.000842720958654 0.0225
v -0.00741221474771 -0.000809016994375 0.0225
v -0.00736488423016 -0.000772416959225 0.0225
v -0.00731982726223 -0.00073305187183 0.0225
v -0.00727720513617 -0.000691062648987 0.0225
v -0.00723717042814 -0.000646599601216 0.0225
v -0.00719986645199 -0.000599821894688 0.0225
v -0.00716542674628 -0.000550896981452 0.0225
v -0.00713397459622 -0.0005 0.0225
v -0.00710562259233 -0.000447313148316 0.0225
v -0.00708047222745 -0.000393025031654 0.0225
v -0.00705861353334 -0.000337329987383 0.0225
v -0.00704012475846 -0.000280427389306 0.0225
v -0.00702507208782 -0.000222520933956 0.0225
v -0.00701350940608 -0.000163817911415 0.0225
v -0.00700547810463 -0.000104528463268 0.0225
v -0.00700100693346 -4.48648303505e-05 0.0225
v -0.00700011189819 1.49594070153e-05 0.0225
v -0.00700279620282 7.47300935864e-05 0.0225
v -0.00700905023823 0.000134233265818 0.0225
v -0.00701885161661 0.000193255917796 0.0225
v -0.00703216525155 0.000251586763745 0.0225
v -0.0070489434837 0.000309016994375 0.0225
v -0.00706912625136 0.000365341024366 0.0225
v -0.00709264130543 0.00042035722831 0.0225
v -0.00711940446814 0.000473868662473 0.0225
v -0.00714931993431 0.000525683769811 0.0225
v -0.00718228061434 0.000575617065686 0.0225
v -0.00721816851753 0.000623489801859 0.0225
v -0.00725685517452 0.000669130606359 0.0225
v -0.00729820209712 0.000712376096951 0.0225
v -0.00734206127406 0.000753071466004 0.0225
v -0.00738827570088 0.000791071034656 0.0225
v -0.00743667994194 0.000826238774316 0.0225
v -0.00748710072259 0.000858448793602 0.0225
v -0.00753935754955 0.000887585789005 0.0225
v -0.00759326335692 0.000913545457643 0.0225
v -0.00764862517592 0.00093623487064 0.0225
v -0.00770524482559 0.000955572805786 0.0225
v -0.00776291962228 0.000971490038293 0.0225
v -0.0078214431052 0.000983929588599 0.0225
v -0.00788060577546 0.000992846926342 0.0225
v -0.00794019584605 0.000998210129768 0.0225
v -0.008 0.001 0.0225
v -0.008 0.001 0.0165
v -0.00805980415395 0.000998210129768 0.0165
v -0.00811939422454 0.000992846926342 0.0165
v -0.0081785568948 0.000983929588599 0.0165
v -0.00823708037772 0.000971490038293 0.0165
v -0.00829475517441 0.000955572805786 0.0165
v -0.00835137482408 0.00093623487064 0.0165
v -0.00840673664308 0.000913545457643 0.0165
v -0.00846064245045 0.000887585789005 0.0165
v -0.00851289927741 0.000858448793602 0.0165
v -0.00856332005806 0.000826238774316 0.0165
v -0.00861172429912 0.000791071034656 0.0165
v -0.00865793872594 0.000753071466004 0.0165
v -0.00870179790288 0.000712376096951 0.0165
v -0.00874314482548 0.000669130606359 0.0165
v -0.00878183148247 0.000623489801859 0.0165
v -0.00881771938566 0.000575617065686 0.0165
v -0.00885068006569 0.000525683769811 0.0165
v -0.00888059553186 0.000473868662473 0.0165
v -0.00890735869457 0.00042035722831 0.0165
v -0.00893087374864 0.000365341024366 0.0165
v -0.0089510565163 0.000309016994375 0.0165
v -0.00896783474845 0.000251586763745 0.0165
v -0.00898114838339 0.000193255917796 0.0165
v -0.00899094976177 0.000134233265818 0.0165
v -0.00899720379718 7.47300935864e-05 0.0165
v -0.00899988810181 1.49594070153e-05 0.0165
v -0.00899899306654 -4.48648303505e-05 0.0165
v -0.00899452189537 -0.000104528463268 0.0165
v -0.00898649059392 -0.000163817911415 0.0165
v -0.00897492791218 -0.000222520933956 0.0165
v -0.00895987524154 -0.000280427389306 0.0165
v -0.00894138646666 -0.000337329987383 0.0165
v -0.00891952777255 -0.000393025031654 0.0165
v -0.00889437740767 -0.000447313148316 0.0165
v -0.00886602540378 -0.0005 0.0165
v -0.00883457325372 -0.000550896981452 0.0165
v -0.00880013354801 -0.000599821894688 0.0165
v -0.00876282957186 -0.000646599601216 0.0165
v -0.00872279486383 -0.000691062648987 0.0165
v -0.00868017273777 -0.00073305187183 0.0165
v -0.00863511576984 -0.000772416959225 0.0165
v -0.00858778525229 -0.000809016994375 0.0165
v -0.00853835061609 -0.000842720958654 0.0165
v -0.0084869888244 -0.000873408200617 0.0165
v -0.00843388373912 -0.000900968867902 0.0165
v -0.00837922546265 -0.000925304300474 0.0165
v -0.00832320965745 -0.000946327383799 0.0165
v -0.00826603684557 -0.000963962860696 0.0165
v -0.00820791169082 -0.000978147600734 0.0165
v -0.00814904226618 -0.000988830826225 0.0165
v -0.0080896393089 -0.000995974293995 0.0165
v -0.00802991546617 -0.000999552432284 0.0165
v -0.00797008453383 -0.000999552432284 0.0165
v -0.0079103606911 -0.000995974293995 0.0165
v -0.00785095773382 -0.000988830826225 0.0165
v -0.00779208830918 -0.000978147600734 0.0165
v -0.00773396315443 -0.000963962860696 0.0165
v -0.00767679034255 -0.000946327383799 0.0165
v -0.00762077453735 -0.000925304300474 0.0165
v -0.00756611626088 -0.000900968867902 0.0165
v -0.0075130111756 -0.000873408200617 0.0165
v -0.00746164938391 -0.000842720958654 0.0165
v -0.00741221474771 -0.000809016994375 0.0165
v -0.00736488423016 -0.000772416959225 0.0165
v -0.00731982726223 -0.00073305187183 0.0165
v -0.00727720513617 -0.000691062648987 0.0165
v -0.00723717042814 -0.000646599601216 0.0165
v -0.00719986645199 -0.000599821894688 0.0165
v -0.00716542674628 -0.000550896981452 0.0165
v -0.00713397459622 -0.0005 0.0165
v -0.00710562259233 -0.000447313148316 0.0165
v -0.00708047222745 -0.000393025031654 0.0165
v -0.00705861353334 -0.000337329987383 0.0165
v -0.00704012475846 -0.000280427389306 0.0165
v -0.00702507208782 -0.000222520933956 0.0165
v -0.00701350940608 -0.000163817911415 0.0165
v -0.00700547810463 -0.000104528463268 0.0165
v -0.00700100693346 -4.48648303505e-05 0.0165
v -0.00700011189819 1.49594070153e-05 0.0165
v -0.00700279620282 7.47300935864e-05 0.0165
v -0.00700905023823 0.000134233265818 0.0165
v -0.00701885161661 0.000193255917796 0.0165
v -0.00703216525155 0.000251586763745 0.0165
v -0.0070489434837 0.000309016994375 0.0165
v -0.00706912625136 0.000365341024366 0.0165
v -0.00709264130543 0.00042035722831 0.0165
v -0.00711940446814 0.000473868662473 0.0165
v -0.00714931993431 0.000525683769811 0.0165
v -0.00718228061434 0.000575617065686 0.0165
v -0.00721816851753 0.000623489801859 0.0165
v -0.00725685517452 0.000669130606359 0.0165
v -0.00729820209712 0.000712376096951 0.0165
v -0.00734206127406 0.000753071466004 0.0165
v -0.00738827570088 0.000791071034656 0.0165
v -0.00743667994194 0.000826238774316 0.0165
v -0.00748710072259 0.000858448793602 0.0165
v -0.00753935754955 0.000887585789005 0.0165
v -0.00759326335692 0.000913545457643 0.0165
v -0.00764862517592 0.00093623487064 0.0165
v -0.00770524482559 0.000955572805786 0.0165
v -0.00776291962228 0.000971490038293 0.0165
v -0.0078214431052 0.000983929588599 0.0165
v -0.00788060577546 0.000992846926342 0.0165
v -0.00794019584605 0.000998210129768 0.0165
v -0.008 0.001 0.0165
v -0.008 0.000866025403784 0.0236
v -0.00875 0.000433012701892 0.0236
v -0.00875 -0.000433012701892 0.0236
v -0.008 -0.000866025403784 0.0236
v -0.00725 -0.000433012701892 0.0236
v -0.00725 0.000433012701892 0.0236
v -0.008 0.001 0.0165
v -0.00805980415395 0.000998210129768 0.0165
v -0.00811939422454 0.000992846926342 0.0165
v -0.0081785568948 0.000983929588599 0.0165
v -0.00823708037772 0.000971490038293 0.0165
v -0.00829475517441 0.000955572805786 0.0165
v -0.00835137482408 0.00093623487064 0.0165
v -0.00840673664308 0.000913545457643 0.0165
v -0.00846064245045 0.000887585789005 0.0165
v -0.00851289927741 0.000858448793602 0.0165
v -0.00856332005806 0.000826238774316 0.0165
v -0.00861172429912 0.000791071034656 0.0165
v -0.00865793872594 0.000753071466004 0.0165
v -0.00870179790288 0.000712376096951 0.0165
v -0.00874314482548 0.000669130606359 0.0165
v -0.00878183148247 0.000623489801859 0.0165
v -0.00881771938566 0.000575617065686 0.0165
v -0.00885068006569 0.000525683769811 0.0165
v -0.00888059553186 0.000473868662473 0.0165
v -0.00890735869457 0.00042035722831 0.0165
v -0.00893087374864 0.000365341024366 0.0165
v -0.0089510565163 0.000309016994375 0.0165
v -0.00896783474845 0.000251586763745 0.0165
v -0.00898114838339 0.000193255917796 0.0165
v -0.00899094976177 0.000134233265818 0.0165
v -0.00899720379718 7.47300935864e-05 0.0165
v -0.00899988810181 1.49594070153e-05 0.0165
v -0.00899899306654 -4.48648303505e-05 0.0165
v -0.00899452189537 -0.000104528463268 0.0165
v -0.00898649059392 -0.000163817911415 0.0165
v -0.00897492791218 -0.000222520933956 0.0165
v -0.00895987524154 -0.000280427389306 0.0165
v -0.00894138646666 -0.000337329987383 0.0165
v -0.00891952777255 -0.000393025031654 0.0165
v -0.00889437740767 -0.000447313148316 0.0165
v -0.00886602540378 -0.0005 0.0165
v -0.00883457325372 -0.000550896981452 0.0165
v -0.00880013354801 -0.000599821894688 0.0165
v -0.00876282957186 -0.000646599601216 0.0165
v -0.00872279486383 -0.000691062648987 0.0165
v -0.00868017273777 -0.00073305187183 0.0165
v -0.00863511576984 -0.000772416959225 0.0165
v -0.00858778525229 -0.000809016994375 0.0165
v -0.00853835061609 -0.000842720958654 0.0165
v -0.0084869888244 -0.000873408200617 0.0165
v -0.00843388373912 -0.000900968867902 0.0165
v -0.00837922546265 -0.000925304300474 0.0165
v -0.00832320965745 -0.000946327383799 0.0165
v -0.00826603684557 -0.000963962860696 0.0165
v -0.00820791169082 -0.000978147600734 0.0165
v -0.00814904226618 -0.000988830826225 0.0165
v -0.0080896393089 -0.000995974293995 0.0165
v -0.00802991546617 -0.000999552432284 0.0165
v -0.00797008453383 -0.000999552432284 0.0165
v -0.0079103606911 -0.000995974293995 0.0165
v -0.00785095773382 -0.000988830826225 0.0165
v -0.00779208830918 -0.000978147600734 0.0165
v -0.00773396315443 -0.000963962860696 0.0165
v -0.00767679034255 -0.000946327383799 0.0165
v -0.00762077453735 -0.000925304300474 0.0165
v -0.00756611626088 -0.000900968867902 0.0165
v -0.0075130111756 -0.000873408200617 0.0165
v -0.00746164938391 -0.000842720958654 0.0165
v -0.00741221474771 -0.000809016994375 0.0165
v -0.00736488423016 -0.000772416959225 0.0165
v -0.00731982726223 -0.00073305187183 0.0165
v -0.00727720513617 -0.000691062648987 0.0165
v -0.00723717042814 -0.000646599601216 0.0165
v -0.00719986645199 -0.000599821894688 0.0165
v -0.00716542674628 -0.000550896981452 0.0165
v -0.00713397459622 -0.0005 0.0165
v -0.00710562259233 -0.000447313148316 0.0165
v -0.00708047222745 -0.000393025031654 0.0165
v -0.00705861353334 -0.000337329987383 0.0165
v -0.00704012475846 -0.000280427389306 0.0165
v -0.00702507208782 -0.000222520933956 0.0165
v -0.00701350940608 -0.000163817911415 0.0165
v -0.00700547810463 -0.000104528463268 0.0165
v -0.00700100693346 -4.48648303505e-05 0.0165
v -0.00700011189819 1.49594070153e-05 0.0165
v -0.00700279620282 7.47300935864e-05 0.0165
v -0.00700905023823 0.000134233265818 0.0165
v -0.00701885161661 0.000193255917796 0.0165
v -0.00703216525155 0.000251586763745 0.0165
v -0.0070489434837 0.000309016994375 0.0165
v -0.00706912625136 0.000365341024366 0.0165
v -0.00709264130543 0.00042035722831 0.0165
v -0.00711940446814 0.000473868662473 0.0165
v -0.00714931993431 0.000525683769811 0.0165
v -0.00718228061434 0.000575617065686 0.0165
v -0.00721816851753 0.000623489801859 0.0165
v -0.00725685517452 0.000669130606359 0.0165
v -0.00729820209712 0.000712376096951 0.0165
v -0.00734206127406 0.000753071466004 0.0165
v -0.00738827570088 0.000791071034656 0.0165
v -0.00743667994194 0.000826238774316 0.0165
v -0.00748710072259 0.000858448793602 0.0165
v -0.00753935754955 0.000887585789005 0.0165
v -0.00759326335692 0.000913545457643 0.0165
v -0.00764862517592 0.00093623487064 0.0165
v -0.00770524482559 0.000955572805786 0.0165
v -0.00776291962228 0.000971490038293 0.0165
v -0.0078214431052 0.000983929588599 0.0165
v -0.00788060577546 0.000992846926342 0.0165
v -0.00794019584605 0.000998210129768 0.0165
v 0.008 0.0019 0.0245
v 0.0078863721075 0.00189659924656 0.0245
v 0.00777315097337 0.00188640916005 0.0245
v 0.00766074189988 0.00186946621834 0.0245
v 0.00754954728234 0.00184583107276 0.0245
v 0.00743996516862 0.00181558833099 0.0245
v 0.00733238783425 0.00177884625422 0.0245
v 0.00722720037816 0.00173573636952 0.0245
v 0.00712477934414 0.00168641299911 0.0245
v 0.00702549137293 0.00163105270784 0.0245
v 0.00692969188968 0.0015698536712 0.0245
v 0.00683772383168 0.00150303496585 0.0245
v 0.00674991642071 0.00143083578541 0.0245
v 0.00666658398452 0.00135351458421 0.0245
v 0.00658802483159 0.00127134815208 0.0245
v 0.00651452018331 0.00118463062353 0.0245
v 0.00644633316724 0.0010936724248 0.0245
v 0.00638370787519 0.00099879916264 0.0245
v 0.00632686848947 0.000900350458699 0.0245
v 0.00627601848032 0.000798678733788 0.0245
v 0.00623133987758 0.000694147946296 0.0245
v 0.00619299261904 0.000587132289312 0.0245
v 0.00616111397794 0.000478014851115 0.0245
v 0.00613581807155 0.000367186243812 0.0245
v 0.00611719545264 0.000255043205054 0.0245
v 0.00610531278536 0.000141987177814 0.0245
v 0.00610021260656 2.8422873329e-05 0.0245
v 0.00610191317357 -8.5243177666e-05 0.0245
v 0.0061104083988 -0.000198604080209 0.0245
v 0.00612566787155 -0.000311254031689 0.0245
v 0.00614763696685 -0.000422789774517 0.0245
v 0.00617623704107 -0.000532812039681 0.0245
v 0.00621136571334 -0.000640926976027 0.0245
v 0.00625289723215 -0.000746747560142 0.0245
v 0.00630068292543 -0.0008498949818 0.0245
v 0.00635455173281 -0.00095 0.0245
v 0.00641431081793 -0.00104670426476 0.0245
v 0.00647974625878 -0.00113966159991 0.0245
v 0.00655062381346 -0.00122853924231 0.0245
v 0.00662668975873 -0.00131301903308 0.0245
v 0.00670767179824 -0.00139279855648 0.0245
v 0.0067932800373 -0.00146759222253 0.0245
v 0.00688320802064 -0.00153713228931 0.0245
v 0.00697713382943 -0.00160116982144 0.0245
v 0.00707472123363 -0.00165947558117 0.0245
v 0.00717562089568 -0.00171184084901 0.0245
v 0.00727947162096 -0.0017580781709 0.0245
v 0.00738590165084 -0.00179802202922 0.0245
v 0.00749452999342 -0.00183152943532 0.0245
v 0.00760496778745 -0.00185848044139 0.0245
v 0.00771681969427 -0.00187877856983 0.0245
v 0.00782968531308 -0.00189235115859 0.0245
v 0.00794316061428 -0.00189914962134 0.0245
v 0.00805683938572 -0.00189914962134 0.0245
v 0.00817031468692 -0.00189235115859 0.0245
v 0.00828318030573 -0.00187877856983 0.0245
v 0.00839503221255 -0.00185848044139 0.0245
v 0.00850547000658 -0.00183152943532 0.0245
v 0.00861409834916 -0.00179802202922 0.0245
v 0.00872052837904 -0.0017580781709 0.0245
v 0.00882437910432 -0.00171184084901 0.0245
v 0.00892527876637 -0.00165947558117 0.0245
v 0.00902286617057 -0.00160116982144 0.0245
v 0.00911679197936 -0.00153713228931 0.0245
v 0.0092067199627 -0.00146759222253 0.0245
v 0.00929232820176 -0.00139279855648 0.0245
v 0.00937331024127 -0.00131301903308 0.0245
v 0.00944937618654 -0.00122853924231 0.0245
v 0.00952025374122 -0.00113966159991 0.0245
v 0.00958568918207 -0.00104670426476 0.0245
v 0.00964544826719 -0.00095 0.0245
v 0.00969931707457 -0.0008498949818 0.0245
v 0.00974710276785 -0.000746747560142 0.0245
v 0.00978863428666 -0.000640926976027 0.0245
v 0.00982376295893 -0.000532812039681 0.0245
v 0.00985236303315 -0.000422789774517 0.0245
v 0.00987433212845 -0.000311254031689 0.0245
v 0.0098895916012 -0.000198604080209 0.0245
v 0.00989808682643 -8.5243177666e-05 0.0245
v 0.00989978739344 2.8422873329e-05 0.0245
v 0.00989468721464 0.000141987177814 0.0245
v 0.00988280454736 0.000255043205054 0.0245
v 0.00986418192845 0.000367186243812 0.0245
v 0.00983888602206 0.000478014851115 0.0245
v 0.00980700738096 0.000587132289312 0.0245
v 0.00976866012242 0.000694147946296 0.0245
v 0.00972398151968 0.000798678733788 0.0245
v 0.00967313151053 0.000900350458699 0.0245
v 0.00961629212481 0.00099879916264 0.0245
v 0.00955366683276 0.0010936724248 0.0245
v 0.00948547981669 0.00118463062353 0.0245
v 0.00941197516841 0.00127134815208 0.0245
v 0.00933341601548 0.00135351458421 0.0245
v 0.00925008357929 0.00143083578541 0.0245
v 0.00916227616832 0.00150303496585 0.0245
v 0.00907030811032 0.0015698536712 0.0245
v 0.00897450862707 0.00163105270784 0.0245
v 0.00887522065586 0.00168641299911 0.0245
v 0.00877279962184 0.00173573636952 0.0245
v 0.00866761216575 0.00177884625422 0.0245
v 0.00856003483138 0.00181558833099 0.0245
v 0.00845045271766 0.00184583107276 0.0245
v 0.00833925810012 0.00186946621834 0.0245
v 0.00822684902663 0.00188640916005 0.0245
v 0.0081136278925 0.00189659924656 0.0245
v 0.008 0.0019 0.0245
v 0.008 0.0019 0.0225
v 0.0078863721075 0.00189659924656 0.0225
v 0.00777315097337 0.00188640916005 0.0225
v 0.00766074189988 0.00186946621834 0.0225
v 0.00754954728234 0.00184583107276 0.0225
v 0.00743996516862 0.00181558833099 0.0225
v 0.00733238783425 0.00177884625422 0.0225
v 0.00722720037816 0.00173573636952 0.0225
v 0.00712477934414 0.00168641299911 0.0225
v 0.00702549137293 0.00163105270784 0.0225
v 0.00692969188968 0.0015698536712 0.0225
v 0.00683772383168 0.00150303496585 0.0225
v 0.00674991642071 0.00143083578541 0.0225
v 0.00666658398452 0.00135351458421 0.0225
v 0.00658802483159 0.00127134815208 0.0225
v 0.00651452018331 0.00118463062353 0.0225
v 0.00644633316724 0.0010936724248 0.0225
v 0.00638370787519 0.00099879916264 0.0225
v 0.00632686848947 0.000900350458699 0.0225
v 0.00627601848032 0.000798678733788 0.0225
v 0.00623133987758 0.000694147946296 0.0225
v 0.00619299261904 0.000587132289312 0.0225
v 0.00616111397794 0.000478014851115 0.0225
v 0.00613581807155 0.000367186243812 0.0225
v 0.00611719545264 0.000255043205054 0.0225
v 0.00610531278536 0.000141987177814 0.0225
v 0.00610021260656 2.8422873329e-05 0.0225
v 0.00610191317357 -8.5243177666e-05 0.0225
v 0.0061104083988 -0.000198604080209 0.0225
v 0.00612566787155 -0.000311254031689 0.0225
v 0.00614763696685 -0.000422789774517 0.0225
v 0.00617623704107 -0.000532812039681 0.0225
v 0.00621136571334 -0.000640926976027 0.0225
v 0.00625289723215 -0.000746747560142 0.0225
v 0.00630068292543 -0.0008498949818 0.0225
v 0.00635455173281 -0.00095 0.0225
v 0.00641431081793 -0.00104670426476 0.0225
v 0.00647974625878 -0.00113966159991 0.0225
v 0.00655062381346 -0.00122853924231 0.0225
v 0.00662668975873 -0.00131301903308 0.0225
v 0.00670767179824 -0.00139279855648 0.0225
v 0.0067932800373 -0.00146759222253 0.0225
v 0.00688320802064 -0.00153713228931 0.0225
v 0.00697713382943 -0.00160116982144 0.0225
v 0.00707472123363 -0.00165947558117 0.0225
v 0.00717562089568 -0.00171184084901 0.0225
v 0.00727947162096 -0.0017580781709 0.0225
v 0.00738590165084 -0.00179802202922 0.0225
v 0.00749452999342 -0.00183152943532 0.0225
v 0.00760496778745 -0.00185848044139 0.0225
v 0.00771681969427 -0.00187877856983 0.0225
v 0.00782968531308 -0.00189235115859 0.0225
v 0.00794316061428 -0.00189914962134 0.0225
v 0.00805683938572 -0.00189914962134 0.0225
v 0.00817031468692 -0.00189235115859 0.0225
v 0.00828318030573 -0.00187877856983 0.0225
v 0.00839503221255 -0.00185848044139 0.0225
v 0.00850547000658 -0.00183152943532 0.0225
v 0.00861409834916 -0.00179802202922 0.0225
v 0.00872052837904 -0.0017580781709 0.0225
v 0.00882437910432 -0.00171184084901 0.0225
v 0.00892527876637 -0.00165947558117 0.0225
v 0.00902286617057 -0.00160116982144 0.0225
v 0.00911679197936 -0.00153713228931 0.0225
v 0.0092067199627 -0.00146759222253 0.0225
v 0.00929232820176 -0.00139279855648 0.0225
v 0.00937331024127 -0.00131301903308 0.0225
v 0.00944937618654 -0.00122853924231 0.0225
v 0.00952025374122 -0.00113966159991 0.0225
v 0.00958568918207 -0.00104670426476 0.0225
v 0.00964544826719 -0.00095 0.0225
v 0.00969931707457 -0.0008498949818 0.0225
v 0.00974710276785 -0.000746747560142 0.0225
v 0.00978863428666 -0.000640926976027 0.0225
v 0.00982376295893 -0.000532812039681 0.0225
v 0.00985236303315 -0.000422789774517 0.0225
v 0.00987433212845 -0.000311254031689 0.0225
v 0.0098895916012 -0.000198604080209 0.0225
v 0.00989808682643 -8.5243177666e-05 0.0225
v 0.00989978739344 2.8422873329e-05 0.0225
v 0.00989468721464 0.000141987177814 0.0225
v 0.00988280454736 0.000255043205054 0.0225
v 0.00986418192845 0.000367186243812 0.0225
v 0.00983888602206 0.000478014851115 0.0225
v 0.00980700738096 0.000587132289312 0.0225
v 0.00976866012242 0.000694147946296 0.0225
v 0.00972398151968 0.000798678733788 0.0225
v 0.00967313151053 0.000900350458699 0.0225
v 0.00961629212481 0.00099879916264 0.0225
v 0.00955366683276 0.0010936724248 0.0225
v 0.00948547981669 0.00118463062353 0.0225
v 0.00941197516841 0.00127134815208 0.0225
v 0.00933341601548 0.00135351458421 0.0225
v 0.00925008357929 0.00143083578541 0.0225
v 0.00916227616832 0.00150303496585 0.0225
v 0.00907030811032 0.0015698536712 0.0225
v 0.00897450862707 0.00163105270784 0.0225
v 0.00887522065586 0.00168641299911 0.0225
v 0.00877279962184 0.00173573636952 0.0225
v 0.00866761216575 0.00177884625422 0.0225
v 0.00856003483138 0.00181558833099 0.0225
v 0.00845045271766 0.00184583107276 0.0225
v 0.00833925810012 0.00186946621834 0.0225
v 0.00822684902663 0.00188640916005 0.0225
v 0.0081136278925 0.00189659924656 0.0225
v 0.008 0.0019 0.0225
v 0.008 0.0019 0.0245
v 0.0078863721075 0.00189659924656 0.0245
v 0.00777315097337 0.00188640916005 0.0245
v 0.00766074189988 0.00186946621834 0.0245
v 0.00754954728234 0.00184583107276 0.0245
v 0.00743996516862 0.00181558833099 0.0245
v 0.00733238783425 0.00177884625422 0.0245
v 0.00722720037816 0.00173573636952 0.0245
v 0.00712477934414 0.00168641299911 0.0245
v 0.00702549137293 0.00163105270784 0.0245
v 0.00692969188968 0.0015698536712 0.0245
v 0.00683772383168 0.00150303496585 0.0245
v 0.00674991642071 0.00143083578541 0.0245
v 0.00666658398452 0.00135351458421 0.0245
v 0.00658802483159 0.00127134815208 0.0245
v 0.00651452018331 0.00118463062353 0.0245
v 0.00644633316724 0.0010936724248 0.0245
v 0.00638370787519 0.00099879916264 0.0245
v 0.00632686848947 0.000900350458699 0.0245
v 0.00627601848032 0.000798678733788 0.0245
v 0.00623133987758 0.000694147946296 0.0245
v 0.00619299261904 0.000587132289312 0.0245
v 0.00616111397794 0.000478014851115 0.0245
v 0.00613581807155 0.000367186243812 0.0245
v 0.00611719545264 0.000255043205054 0.0245
v 0.00610531278536 0.000141987177814 0.0245
v 0.00610021260656 2.8422873329e-05 0.0245
v 0.00610191317357 -8.5243177666e-05 0.0245
v 0.0061104083988 -0.000198604080209 0.0245
v 0.00612566787155 -0.000311254031689 0.0245
v 0.00614763696685 -0.000422789774517 0.0245
v 0.00617623704107 -0.000532812039681 0.0245
v 0.00621136571334 -0.000640926976027 0.0245
v 0.00625289723215 -0.000746747560142 0.0245
v 0.00630068292543 -0.0008498949818 0.0245
v 0.00635455173281 -0.00095 0.0245
v 0.00641431081793 -0.00104670426476 0.0245
v 0.00647974625878 -0.00113966159991 0.0245
v 0.00655062381346 -0.00122853924231 0.0245
v 0.00662668975873 -0.00131301903308 0.0245
v 0.00670767179824 -0.00139279855648 0.0245
v 0.0067932800373 -0.00146759222253 0.0245
v 0.00688320802064 -0.00153713228931 0.0245
v 0.00697713382943 -0.00160116982144 0.0245
v 0.00707472123363 -0.00165947558117 0.0245
v 0.00717562089568 -0.00171184084901 0.0245
v 0.00727947162096 -0.0017580781709 0.0245
v 0.00738590165084 -0.00179802202922 0.0245
v 0.00749452999342 -0.00183152943532 0.0245
v 0.00760496778745 -0.00185848044139 0.0245
v 0.00771681969427 -0.00187877856983 0.0245
v 0.00782968531308 -0.00189235115859 0.0245
v 0.00794316061428 -0.00189914962134 0.0245
v 0.00805683938572 -0.00189914962134 0.0245
v 0.00817031468692 -0.00189235115859 0.0245
v 0.00828318030573 -0.00187877856983 0.0245
v 0.00839503221255 -0.00185848044139 0.0245
v 0.00850547000658 -0.00183152943532 0.0245
v 0.00861409834916 -0.00179802202922 0.0245
v 0.00872052837904 -0.0017580781709 0.0245
v 0.00882437910432 -0.00171184084901 0.0245
v 0.00892527876637 -0.00165947558117 0.0245
v 0.00902286617057 -0.00160116982144 0.0245
v 0.00911679197936 -0.00153713228931 0.0245
v 0.0092067199627 -0.00146759222253 0.0245
v 0.00929232820176 -0.00139279855648 0.0245
v 0.00937331024127 -0.00131301903308 0.0245
v 0.00944937618654 -0.00122853924231 0.0245
v 0.00952025374122 -0.00113966159991 0.0245
v 0.00958568918207 -0.00104670426476 0.0245
v 0.00964544826719 -0.00095 0.0245
v 0.00969931707457 -0.0008498949818 0.0245
v 0.00974710276785 -0.000746747560142 0.0245
v 0.00978863428666 -0.000640926976027 0.0245
v 0.00982376295893 -0.000532812039681 0.0245
v 0.00985236303315 -0.000422789774517 0.0245
v 0.00987433212845 -0.000311254031689 0.0245
v 0.0098895916012 -0.000198604080209 0.0245
v 0.00989808682643 -8.5243177666e-05 0.0245
v 0.00989978739344 2.8422873329e-05 0.0245
v 0.00989468721464 0.000141987177814 0.0245
v 0.00988280454736 0.000255043205054 0.0245
v 0.00986418192845 0.000367186243812 0.0245
v 0.00983888602206 0.000478014851115 0.0245
v 0.00980700738096 0.000587132289312 0.0245
v 0.00976866012242 0.000694147946296 0.0245
v 0.00972398151968 0.000798678733788 0.0245
v 0.00967313151053 0.000900350458699 0.0245
v 0.00961629212481 0.00099879916264 0.0245
v 0.00955366683276 0.0010936724248 0.0245
v 0.00948547981669 0.00118463062353 0.0245
v 0.00941197516841 0.00127134815208 0.0245
v 0.00933341601548 0.00135351458421 0.0245
v 0.00925008357929 0.00143083578541 0.0245
v 0.00916227616832 0.00150303496585 0.0245
v 0.00907030811032 0.0015698536712 0.0245
v 0.00897450862707 0.00163105270784 0.0245
v 0.00887522065586 0.00168641299911 0.0245
v 0.00877279962184 0.00173573636952 0.0245
v 0.00866761216575 0.00177884625422 0.0245
v 0.00856003483138 0.00181558833099 0.0245
v 0.00845045271766 0.00184583107276 0.0245
v 0.00833925810012 0.00186946621834 0.0245
v 0.00822684902663 0.00188640916005 0.0245
v 0.0081136278925 0.00189659924656 0.0245
v 0.00725 -0.000433012701892 0.0245
v 0.00725 0.000433012701892 0.0245
v 0.008 0.000866025403784 0.0245
v 0.00875 0.000433012701892 0.0245
v 0.00875 -0.000433012701892 0.0245
v 0.008 -0.000866025403784 0.0245
v 0.008 0.0019 0.0225
v 0.0078863721075 0.00189659924656 0.0225
v 0.00777315097337 0.00188640916005 0.0225
v 0.00766074189988 0.00186946621834 0.0225
v 0.00754954728234 0.00184583107276 0.0225
v 0.00743996516862 0.00181558833099 0.0225
v 0.00733238783425 0.00177884625422 0.0225
v 0.00722720037816 0.00173573636952 0.0225
v 0.00712477934414 0.00168641299911 0.0225
v 0.00702549137293 0.00163105270784 0.0225
v 0.00692969188968 0.0015698536712 0.0225
v 0.00683772383168 0.00150303496585 0.0225
v 0.00674991642071 0.00143083578541 0.0225
v 0.00666658398452 0.00135351458421 0.0225
v 0.00658802483159 0.00127134815208 0.0225
v 0.00651452018331 0.00118463062353 0.0225
v 0.00644633316724 0.0010936724248 0.0225
v 0.00638370787519 0.00099879916264 0.0225
v 0.00632686848947 0.000900350458699 0.0225
v 0.00627601848032 0.000798678733788 0.0225
v 0.00623133987758 0.000694147946296 0.0225
v 0.00619299261904 0.000587132289312 0.0225
v 0.00616111397794 0.000478014851115 0.0225
v 0.00613581807155 0.000367186243812 0.0225
v 0.00611719545264 0.000255043205054 0.0225
v 0.00610531278536 0.000141987177814 0.0225
v 0.00610021260656 2.8422873329e-05 0.0225
v 0.00610191317357 -8.5243177666e-05 0.0225
v 0.0061104083988 -0.000198604080209 0.0225
v 0.00612566787155 -0.000311254031689 0.0225
v 0.00614763696685 -0.000422789774517 0.0225
v 0.00617623704107 -0.000532812039681 0.0225
v 0.00621136571334 -0.000640926976027 0.0225
v 0.00625289723215 -0.000746747560142 0.0225
v 0.00630068292543 -0.0008498949818 0.0225
v 0.00635455173281 -0.00095 0.0225
v 0.00641431081793 -0.00104670426476 0.0225
v 0.00647974625878 -0.00113966159991 0.0225
v 0.00655062381346 -0.00122853924231 0.0225
v 0.00662668975873 -0.00131301903308 0.0225
v 0.00670767179824 -0.00139279855648 0.0225
v 0.0067932800373 -0.00146759222253 0.0225
v 0.00688320802064 -0.00153713228931 0.0225
v 0.00697713382943 -0.00160116982144 0.0225
v 0.00707472123363 -0.00165947558117 0.0225
v 0.00717562089568 -0.00171184084901 0.0225
v 0.00727947162096 -0.0017580781709 0.0225
v 0.00738590165084 -0.00179802202922 0.0225
v 0.00749452999342 -0.00183152943532 0.0225
v 0.00760496778745 -0.00185848044139 0.0225
v 0.00771681969427 -0.00187877856983 0.0225
v 0.00782968531308 -0.00189235115859 0.0225
v 0.00794316061428 -0.00189914962134 0.0225
v 0.00805683938572 -0.00189914962134 0.0225
v 0.00817031468692 -0.00189235115859 0.0225
v 0.00828318030573 -0.00187877856983 0.0225
v 0.00839503221255 -0.00185848044139 0.0225
v 0.00850547000658 -0.00183152943532 0.0225
v 0.00861409834916 -0.00179802202922 0.0225
v 0.00872052837904 -0.0017580781709 0.0225
v 0.00882437910432 -0.00171184084901 0.0225
v 0.00892527876637 -0.00165947558117 0.0225
v 0.00902286617057 -0.00160116982144 0.0225
v 0.00911679197936 -0.00153713228931 0.0225
v 0.0092067199627 -0.00146759222253 0.0225
v 0.00929232820176 -0.00139279855648 0.0225
v 0.00937331024127 -0.00131301903308 0.0225
v 0.00944937618654 -0.00122853924231 0.0225
v 0.00952025374122 -0.00113966159991 0.0225
v 0.00958568918207 -0.00104670426476 0.0225
v 0.00964544826719 -0.00095 0.0225
v 0.00969931707457 -0.0008498949818 0.0225
v 0.00974710276785 -0.000746747560142 0.0225
v 0.00978863428666 -0.000640926976027 0.0225
v 0.00982376295893 -0.000532812039681 0.0225
v 0.00985236303315 -0.000422789774517 0.0225
v 0.00987433212845 -0.000311254031689 0.0225
v 0.0098895916012 -0.000198604080209 0.0225
v 0.00989808682643 -8.5243177666e-05 0.0225
v 0.00989978739344 2.8422873329e-05 0.0225
v 0.00989468721464 0.000141987177814 0.0225
v 0.00988280454736 0.000255043205054 0.0225
v 0.00986418192845 0.000367186243812 0.0225
v 0.00983888602206 0.000478014851115 0.0225
v 0.00980700738096 0.000587132289312 0.0225
v 0.00976866012242 0.000694147946296 0.0225
v 0.00972398151968 0.000798678733788 0.0225
v 0.00967313151053 0.000900350458699 0.0225
v 0.00961629212481 0.00099879916264 0.0225
v 0.00955366683276 0.0010936724248 0.0225
v 0.00948547981669 0.00118463062353 0.0225
v 0.00941197516841 0.00127134815208 0.0225
v 0.00933341601548 0.00135351458421 0.0225
v 0.00925008357929 0.00143083578541 0.0225
v 0.00916227616832 0.00150303496585 0.0225
v 0.00907030811032 0.0015698536712 0.0225
v 0.00897450862707 0.00163105270784 0.0225
v 0.00887522065586 0.00168641299911 0.0225
v 0.00877279962184 0.00173573636952 0.0225
v 0.00866761216575 0.00177884625422 0.0225
v 0.00856003483138 0.00181558833099 0.0225
v 0.00845045271766 0.00184583107276 0.0225
v 0.00833925810012 0.00186946621834 0.0225
v 0.00822684902663 0.00188640916005 0.0225
v 0.0081136278925 0.00189659924656 0.0225
v 0.008 0.001 0.0225
v 0.00794019584605 0.000998210129768 0.0225
v 0.00788060577546 0.000992846926342 0.0225
v 0.0078214431052 0.000983929588599 0.0225
v 0.00776291962228 0.000971490038293 0.0225
v 0.00770524482559 0.000955572805786 0.0225
v 0.00764862517592 0.00093623487064 0.0225
v 0.00759326335692 0.000913545457643 0.0225
v 0.00753935754955 0.000887585789005 0.0225
v 0.00748710072259 0.000858448793602 0.0225
v 0.00743667994194 0.000826238774316 0.0225
v 0.00738827570088 0.000791071034656 0.0225
v 0.00734206127406 0.000753071466004 0.0225
v 0.00729820209712 0.000712376096951 0.0225
v 0.00725685517452 0.000669130606359 0.0225
v 0.00721816851753 0.000623489801859 0.0225
v 0.00718228061434 0.000575617065686 0.0225
v 0.00714931993431 0.000525683769811 0.0225
v 0.00711940446814 0.000473868662473 0.0225
v 0.00709264130543 0.00042035722831 0.0225
v 0.00706912625136 0.000365341024366 0.0225
v 0.0070489434837 0.000309016994375 0.0225
v 0.00703216525155 0.000251586763745 0.0225
v 0.00701885161661 0.000193255917796 0.0225
v 0.00700905023823 0.000134233265818 0.0225
v 0.00700279620282 7.47300935864e-05 0.0225
v 0.00700011189819 1.49594070153e-05 0.0225
v 0.00700100693346 -4.48648303505e-05 0.0225
v 0.00700547810463 -0.000104528463268 0.0225
v 0.00701350940608 -0.000163817911415 0.0225
v 0.00702507208782 -0.000222520933956 0.0225
v 0.00704012475846 -0.000280427389306 0.0225
v 0.00705861353334 -0.000337329987383 0.0225
v 0.00708047222745 -0.000393025031654 0.0225
v 0.00710562259233 -0.000447313148316 0.0225
v 0.00713397459622 -0.0005 0.0225
v 0.00716542674628 -0.000550896981452 0.0225
v 0.00719986645199 -0.000599821894688 0.0225
v 0.00723717042814 -0.000646599601216 0.0225
v 0.00727720513617 -0.000691062648987 0.0225
v 0.00731982726223 -0.00073305187183 0.0225
v 0.00736488423016 -0.000772416959225 0.0225
v 0.00741221474771 -0.000809016994375 0.0225
v 0.00746164938391 -0.000842720958654 0.0225
v 0.0075130111756 -0.000873408200617 0.0225
v 0.00756611626088 -0.000900968867902 0.0225
v 0.00762077453735 -0.000925304300474 0.0225
v 0.00767679034255 -0.000946327383799 0.0225
v 0.00773396315443 -0.000963962860696 0.0225
v 0.00779208830918 -0.000978147600734 0.0225
v 0.00785095773382 -0.000988830826225 0.0225
v 0.0079103606911 -0.000995974293995 0.0225
v 0.00797008453383 -0.000999552432284 0.0225
v 0.00802991546617 -0.000999552432284 0.0225
v 0.0080896393089 -0.000995974293995 0.0225
v 0.00814904226618 -0.000988830826225 0.0225
v 0.00820791169082 -0.000978147600734 0.0225
v 0.00826603684557 -0.000963962860696 0.0225
v 0.00832320965745 -0.000946327383799 0.0225
v 0.00837922546265 -0.000925304300474 0.0225
v 0.00843388373912 -0.000900968867902 0.0225
v 0.0084869888244 -0.000873408200617 0.0225
v 0.00853835061609 -0.000842720958654 0.0225
v 0.00858778525229 -0.000809016994375 0.0225
v 0.00863511576984 -0.000772416959225 0.0225
v 0.00868017273777 -0.00073305187183 0.0225
v 0.00872279486383 -0.000691062648987 0.0225
v 0.00876282957186 -0.000646599601216 0.0225
v 0.00880013354801 -0.000599821894688 0.0225
v 0.00883457325372 -0.000550896981452 0.0225
v 0.00886602540378 -0.0005 0.0225
v 0.00889437740767 -0.000447313148316 0.0225
v 0.00891952777255 -0.000393025031654 0.0225
v 0.00894138646666 -0.000337329987383 0.0225
v 0.00895987524154 -0.000280427389306 0.0225
v 0.00897492791218 -0.000222520933956 0.0225
v 0.00898649059392 -0.000163817911415 0.0225
v 0.00899452189537 -0.000104528463268 0.0225
v 0.00899899306654 -4.48648303505e-05 0.0225
v 0.00899988810181 1.49594070153e-05 0.0225
v 0.00899720379718 7.47300935864e-05 0.0225
v 0.00899094976177 0.000134233265818 0.0225
v 0.00898114838339 0.000193255917796 0.0225
v 0.00896783474845 0.000251586763745 0.0225
v 0.0089510565163 0.000309016994375 0.0225
v 0.00893087374864 0.000365341024366 0.0225
v 0.00890735869457 0.00042035722831 0.0225
v 0.00888059553186 0.000473868662473 0.0225
v 0.00885068006569 0.000525683769811 0.0225
v 0.00881771938566 0.000575617065686 0.0225
v 0.00878183148247 0.000623489801859 0.0225
v 0.00874314482548 0.000669130606359 0.0225
v 0.00870179790288 0.000712376096951 0.0225
v 0.00865793872594 0.000753071466004 0.0225
v 0.00861172429912 0.000791071034656 0.0225
v 0.00856332005806 0.000826238774316 0.0225
v 0.00851289927741 0.000858448793602 0.0225
v 0.00846064245045 0.000887585789005 0.0225
v 0.00840673664308 0.000913545457643 0.0225
v 0.00835137482408 0.00093623487064 0.0225
v 0.00829475517441 0.000955572805786 0.0225
v 0.00823708037772 0.000971490038293 0.0225
v 0.0081785568948 0.000983929588599 0.0225
v 0.00811939422454 0.000992846926342 0.0225
v 0.00805980415395 0.000998210129768 0.0225
v 0.00725 0.000433012701892 0.0236
v 0.00725 -0.000433012701892 0.0236
v 0.00725 0.000433012701892 0.0245
v 0.00725 -0.000433012701892 0.0245
v 0.00725 -0.000433012701892 0.0236
v 0.008 -0.000866025403784 0.0236
v 0.00725 -0.000433012701892 0.0245
v 0.008 -0.000866025403784 0.0245
v 0.008 -0.000866025403784 0.0236
v 0.00875 -0.000433012701892 0.0236
v 0.008 -0.000866025403784 0.0245
v 0.00875 -0.000433012701892 0.0245
v 0.00875 -0.000433012701892 0.0236
v 0.00875 0.000433012701892 0.0236
v 0.00875 -0.000433012701892 0.0245
v 0.00875 0.000433012701892 0.0245
v 0.00875 0.000433012701892 0.0236
v 0.008 0.000866025403784 0.0236
v 0.00875 0.000433012701892 0.0245
v 0.008 0.000866025403784 0.0245
v 0.008 0.000866025403784 0.0236
v 0.00725 0.000433012701892 0.0236
v 0.008 0.000866025403784 0.0245
v 0.00725 0.000433012701892 0.0245
v 0.008 0.001 0.0225
v 0.00794019584605 0.000998210129768 0.0225
v 0.00788060577546 0.000992846926342 0.0225
v 0.0078214431052 0.000983929588599 0.0225
v 0.00776291962228 0.000971490038293 0.0225
v 0.00770524482559 0.000955572805786 0.0225
v 0.00764862517592 0.00093623487064 0.0225
v 0.00759326335692 0.000913545457643 0.0225
v 0.00753935754955 0.000887585789005 0.0225
v 0.00748710072259 0.000858448793602 0.0225
v 0.00743667994194 0.000826238774316 0.0225
v 0.00738827570088 0.000791071034656 0.0225
v 0.00734206127406 0.000753071466004 0.0225
v 0.00729820209712 0.000712376096951 0.0225
v 0.00725685517452 0.000669130606359 0.0225
v 0.00721816851753 0.000623489801859 0.0225
v 0.00718228061434 0.000575617065686 0.0225
v 0.00714931993431 0.000525683769811 0.0225
v 0.00711940446814 0.000473868662473 0.0225
v 0.00709264130543 0.00042035722831 0.0225
v 0.00706912625136 0.000365341024366 0.0225
v 0.0070489434837 0.000309016994375 0.0225
v 0.00703216525155 0.000251586763745 0.0225
v 0.00701885161661 0.000193255917796 0.0225
v 0.00700905023823 0.000134233265818 0.0225
v 0.00700279620282 7.47300935864e-05 0.0225
v 0.00700011189819 1.49594070153e-05 0.0225
v 0.00700100693346 -4.48648303505e-05 0.0225
v 0.00700547810463 -0.000104528463268 0.0225
v 0.00701350940608 -0.000163817911415 0.0225
v 0.00702507208782 -0.000222520933956 0.0225
v 0.00704012475846 -0.000280427389306 0.0225
v 0.00705861353334 -0.000337329987383 0.0225
v 0.00708047222745 -0.000393025031654 0.0225
v 0.00710562259233 -0.000447313148316 0.0225
v 0.00713397459622 -0.0005 0.0225
v 0.00716542674628 -0.000550896981452 0.0225
v 0.00719986645199 -0.000599821894688 0.0225
v 0.00723717042814 -0.000646599601216 0.0225
v 0.00727720513617 -0.000691062648987 0.0225
v 0.00731982726223 -0.00073305187183 0.0225
v 0.00736488423016 -0.000772416959225 0.0225
v 0.00741221474771 -0.000809016994375 0.0225
v 0.00746164938391 -0.000842720958654 0.0225
v 0.0075130111756 -0.000873408200617 0.0225
v 0.00756611626088 -0.000900968867902 0.0225
v 0.00762077453735 -0.000925304300474 0.0225
v 0.00767679034255 -0.000946327383799 0.0225
v 0.00773396315443 -0.000963962860696 0.0225
v 0.00779208830918 -0.000978147600734 0.0225
v 0.00785095773382 -0.000988830826225 0.0225
v 0.0079103606911 -0.000995974293995 0.0225
v 0.00797008453383 -0.000999552432284 0.0225
v 0.00802991546617 -0.000999552432284 0.0225
v 0.0080896393089 -0.000995974293995 0.0225
v 0.00814904226618 -0.000988830826225 0.0225
v 0.00820791169082 -0.000978147600734 0.0225
v 0.00826603684557 -0.000963962860696 0.0225
v 0.00832320965745 -0.000946327383799 0.0225
v 0.00837922546265 -0.000925304300474 0.0225
v 0.00843388373912 -0.000900968867902 0.0225
v 0.0084869888244 -0.000873408200617 0.0225
v 0.00853835061609 -0.000842720958654 0.0225
v 0.00858778525229 -0.000809016994375 0.0225
v 0.00863511576984 -0.000772416959225 0.0225
v 0.00868017273777 -0.00073305187183 0.0225
v 0.00872279486383 -0.000691062648987 0.0225
v 0.00876282957186 -0.000646599601216 0.0225
v 0.00880013354801 -0.000599821894688 0.0225
v 0.00883457325372 -0.000550896981452 0.0225
v 0.00886602540378 -0.0005 0.0225
v 0.00889437740767 -0.000447313148316 0.0225
v 0.00891952777255 -0.000393025031654 0.0225
v 0.00894138646666 -0.000337329987383 0.0225
v 0.00895987524154 -0.000280427389306 0.0225
v 0.00897492791218 -0.000222520933956 0.0225
v 0.00898649059392 -0.000163817911415 0.0225
v 0.00899452189537 -0.000104528463268 0.0225
v 0.00899899306654 -4.48648303505e-05 0.0225
v 0.00899988810181 1.49594070153e-05 0.0225
v 0.00899720379718 7.47300935864e-05 0.0225
v 0.00899094976177 0.000134233265818 0.0225
v 0.00898114838339 0.000193255917796 0.0225
v 0.00896783474845 0.000251586763745 0.0225
v 0.0089510565163 0.000309016994375 0.0225
v 0.00893087374864 0.000365341024366 0.0225
v 0.00890735869457 0.00042035722831 0.0225
v 0.00888059553186 0.000473868662473 0.0225
v 0.00885068006569 0.000525683769811 0.0225
v 0.00881771938566 0.000575617065686 0.0225
v 0.00878183148247 0.000623489801859 0.0225
v 0.00874314482548 0.000669130606359 0.0225
v 0.00870179790288 0.000712376096951 0.0225
v 0.00865793872594 0.000753071466004 0.0225
v 0.00861172429912 0.000791071034656 0.0225
v 0.00856332005806 0.000826238774316 0.0225
v 0.00851289927741 0.000858448793602 0.0225
v 0.00846064245045 0.000887585789005 0.0225
v 0.00840673664308 0.000913545457643 0.0225
v 0.00835137482408 0.00093623487064 0.0225
v 0.00829475517441 0.000955572805786 0.0225
v 0.00823708037772 0.000971490038293 0.0225
v 0.0081785568948 0.000983929588599 0.0225
v 0.00811939422454 0.000992846926342 0.0225
v 0.00805980415395 0.000998210129768 0.0225
v 0.008 0.001 0.0225
v 0.008 0.001 0.0165
v 0.00794019584605 0.000998210129768 0.0165
v 0.00788060577546 0.000992846926342 0.0165
v 0.0078214431052 0.000983929588599 0.0165
v 0.00776291962228 0.000971490038293 0.0165
v 0.00770524482559 0.000955572805786 0.0165
v 0.00764862517592 0.00093623487064 0.0165
v 0.00759326335692 0.000913545457643 0.0165
v 0.00753935754955 0.000887585789005 0.0165
v 0.00748710072259 0.000858448793602 0.0165
v 0.00743667994194 0.000826238774316 0.0165
v 0.00738827570088 0.000791071034656 0.0165
v 0.00734206127406 0.000753071466004 0.0165
v 0.00729820209712 0.000712376096951 0.0165
v 0.00725685517452 0.000669130606359 0.0165
v 0.00721816851753 0.000623489801859 0.0165
v 0.00718228061434 0.000575617065686 0.0165
v 0.00714931993431 0.000525683769811 0.0165
v 0.00711940446814 0.000473868662473 0.0165
v 0.00709264130543 0.00042035722831 0.0165
v 0.00706912625136 0.000365341024366 0.0165
v 0.0070489434837 0.000309016994375 0.0165
v 0.00703216525155 0.000251586763745 0.0165
v 0.00701885161661 0.000193255917796 0.0165
v 0.00700905023823 0.000134233265818 0.0165
v 0.00700279620282 7.47300935864e-05 0.0165
v 0.00700011189819 1.49594070153e-05 0.0165
v 0.00700100693346 -4.48648303505e-05 0.0165
v 0.00700547810463 -0.000104528463268 0.0165
v 0.00701350940608 -0.000163817911415 0.0165
v 0.00702507208782 -0.000222520933956 0.0165
v 0.00704012475846 -0.000280427389306 0.0165
v 0.00705861353334 -0.000337329987383 0.0165
v 0.00708047222745 -0.000393025031654 0.0165
v 0.00710562259233 -0.000447313148316 0.0165
v 0.00713397459622 -0.0005 0.0165
v 0.00716542674628 -0.000550896981452 0.0165
v 0.00719986645199 -0.000599821894688 0.0165
v 0.00723717042814 -0.000646599601216 0.0165
v 0.00727720513617 -0.000691062648987 0.0165
v 0.00731982726223 -0.00073305187183 0.0165
v 0.00736488423016 -0.000772416959225 0.0165
v 0.00741221474771 -0.000809016994375 0.0165
v 0.00746164938391 -0.000842720958654 0.0165
v 0.0075130111756 -0.000873408200617 0.0165
v 0.00756611626088 -0.000900968867902 0.0165
v 0.00762077453735 -0.000925304300474 0.0165
v 0.00767679034255 -0.000946327383799 0.0165
v 0.00773396315443 -0.000963962860696 0.0165
v 0.00779208830918 -0.000978147600734 0.0165
v 0.00785095773382 -0.000988830826225 0.0165
v 0.0079103606911 -0.000995974293995 0.0165
v 0.00797008453383 -0.000999552432284 0.0165
v 0.00802991546617 -0.000999552432284 0.0165
v 0.0080896393089 -0.000995974293995 0.0165
v 0.00814904226618 -0.000988830826225 0.0165
v 0.00820791169082 -0.000978147600734 0.0165
v 0.00826603684557 -0.000963962860696 0.0165
v 0.00832320965745 -0.000946327383799 0.0165
v 0.00837922546265 -0.000925304300474 0.0165
v 0.00843388373912 -0.000900968867902 0.0165
v 0.0084869888244 -0.000873408200617 0.0165
v 0.00853835061609 -0.000842720958654 0.0165
v 0.00858778525229 -0.000809016994375 0.0165
v 0.00863511576984 -0.000772416959225 0.0165
v 0.00868017273777 -0.00073305187183 0.0165
v 0.00872279486383 -0.000691062648987 0.0165
v 0.00876282957186 -0.000646599601216 0.0165
v 0.00880013354801 -0.000599821894688 0.0165
v 0.00883457325372 -0.000550896981452 0.0165
v 0.00886602540378 -0.0005 0.0165
v 0.00889437740767 -0.000447313148316 0.0165
v 0.00891952777255 -0.000393025031654 0.0165
v 0.00894138646666 -0.000337329987383 0.0165
v 0.00895987524154 -0.000280427389306 0.0165
v 0.00897492791218 -0.000222520933956 0.0165
v 0.00898649059392 -0.000163817911415 0.0165
v 0.00899452189537 -0.000104528463268 0.0165
v 0.00899899306654 -4.48648303505e-05 0.0165
v 0.00899988810181 1.49594070153e-05 0.0165
v 0.00899720379718 7.47300935864e-05 0.0165
v 0.00899094976177 0.000134233265818 0.0165
v 0.00898114838339 0.000193255917796 0.0165
v 0.00896783474845 0.000251586763745 0.0165
v 0.0089510565163 0.000309016994375 0.0165
v 0.00893087374864 0.000365341024366 0.0165
v 0.00890735869457 0.00042035722831 0.0165
v 0.00888059553186 0.000473868662473 0.0165
v 0.00885068006569 0.000525683769811 0.0165
v 0.00881771938566 0.000575617065686 0.0165
v 0.00878183148247 0.000623489801859 0.0165
v 0.00874314482548 0.000669130606359 0.0165
v 0.00870179790288 0.000712376096951 0.0165
v 0.00865793872594 0.000753071466004 0.0165
v 0.00861172429912 0.000791071034656 0.0165
v 0.00856332005806 0.000826238774316 0.0165
v 0.00851289927741 0.000858448793602 0.0165
v 0.00846064245045 0.000887585789005 0.0165
v 0.00840673664308 0.000913545457643 0.0165
v 0.00835137482408 0.00093623487064 0.0165
v 0.00829475517441 0.000955572805786 0.0165
v 0.00823708037772 0.000971490038293 0.0165
v 0.0081785568948 0.000983929588599 0.0165
v 0.00811939422454 0.000992846926342 0.0165
v 0.00805980415395 0.000998210129768 0.0165
v 0.008 0.001 0.0165
v 0.008 0.000866025403784 0.0236
v 0.00725 0.000433012701892 0.0236
v 0.00725 -0.000433012701892 0.0236
v 0.008 -0.000866025403784 0.0236
v 0.00875 -0.000433012701892 0.0236
v 0.00875 0.000433012701892 0.0236
v 0.008 0.001 0.0165
v 0.00794019584605 0.000998210129768 0.0165
v 0.00788060577546 0.000992846926342 0.0165
v 0.0078214431052 0.000983929588599 0.0165
v 0.00776291962228 0.000971490038293 0.0165
v 0.00770524482559 0.000955572805786 0.0165
v 0.00764862517592 0.00093623487064 0.0165
v 0.00759326335692 0.000913545457643 0.0165
v 0.00753935754955 0.000887585789005 0.0165
v 0.00748710072259 0.000858448793602 0.0165
v 0.00743667994194 0.000826238774316 0.0165
v 0.00738827570088 0.000791071034656 0.0165
v 0.00734206127406 0.000753071466004 0.0165
v 0.00729820209712 0.000712376096951 0.0165
v 0.00725685517452 0.000669130606359 0.0165
v 0.00721816851753 0.000623489801859 0.0165
v 0.00718228061434 0.000575617065686 0.0165
v 0.00714931993431 0.000525683769811 0.0165
v 0.00711940446814 0.000473868662473 0.0165
v 0.00709264130543 0.00042035722831 0.0165
v 0.00706912625136 0.000365341024366 0.0165
v 0.0070489434837 0.000309016994375 0.0165
v 0.00703216525155 0.000251586763745 0.0165
v 0.00701885161661 0.000193255917796 0.0165
v 0.00700905023823 0.000134233265818 0.0165
v 0.00700279620282 7.47300935864e-05 0.0165
v 0.00700011189819 1.49594070153e-05 0.0165
v 0.00700100693346 -4.48648303505e-05 0.0165
v 0.00700547810463 -0.000104528463268 0.0165
v 0.00701350940608 -0.000163817911415 0.0165
v 0.00702507208782 -0.000222520933956 0.0165
v 0.00704012475846 -0.000280427389306 0.0165
v 0.00705861353334 -0.000337329987383 0.0165
v 0.00708047222745 -0.000393025031654 0.0165
v 0.00710562259233 -0.000447313148316 0.0165
v 0.00713397459622 -0.0005 0.0165
v 0.00716542674628 -0.000550896981452 0.0165
v 0.00719986645199 -0.000599821894688 0.0165
v 0.00723717042814 -0.000646599601216 0.0165
v 0.00727720513617 -0.000691062648987 0.0165
v 0.00731982726223 -0.00073305187183 0.0165
v 0.00736488423016 -0.000772416959225 0.0165
v 0.00741221474771 -0.000809016994375 0.0165
v 0.00746164938391 -0.000842720958654 0.0165
v 0.0075130111756 -0.000873408200617 0.0165
v 0.00756611626088 -0.000900968867902 0.0165
v 0.00762077453735 -0.000925304300474 0.0165
v 0.00767679034255 -0.000946327383799 0.0165
v 0.00773396315443 -0.000963962860696 0.0165
v 0.00779208830918 -0.000978147600734 0.0165
v 0.00785095773382 -0.000988830826225 0.0165
v 0.0079103606911 -0.000995974293995 0.0165
v 0.00797008453383 -0.000999552432284 0.0165
v 0.00802991546617 -0.000999552432284 0.0165
v 0.0080896393089 -0.000995974293995 0.0165
v 0.00814904226618 -0.000988830826225 0.0165
v 0.00820791169082 -0.000978147600734 0.0165
v 0.00826603684557 -0.000963962860696 0.0165
v 0.00832320965745 -0.000946327383799 0.0165
v 0.00837922546265 -0.000925304300474 0.0165
v 0.00843388373912 -0.000900968867902 0.0165
v 0.0084869888244 -0.000873408200617 0.0165
v 0.00853835061609 -0.000842720958654 0.0165
v 0.00858778525229 -0.000809016994375 0.0165
v 0.00863511576984 -0.000772416959225 0.0165
v 0.00868017273777 -0.00073305187183 0.0165
v 0.00872279486383 -0.000691062648987 0.0165
v 0.00876282957186 -0.000646599601216 0.0165
v 0.00880013354801 -0.000599821894688 0.0165
v 0.00883457325372 -0.000550896981452 0.0165
v 0.00886602540378 -0.0005 0.0165
v 0.00889437740767 -0.000447313148316 0.0165
v 0.00891952777255 -0.000393025031654 0.0165
v 0.00894138646666 -0.000337329987383 0.0165
v 0.00895987524154 -0.000280427389306 0.0165
v 0.00897492791218 -0.000222520933956 0.0165
v 0.00898649059392 -0.000163817911415 0.0165
v 0.00899452189537 -0.000104528463268 0.0165
v 0.00899899306654 -4.48648303505e-05 0.0165
v 0.00899988810181 1.49594070153e-05 0.0165
v 0.00899720379718 7.47300935864e-05 0.0165
v 0.00899094976177 0.000134233265818 0.0165
v 0.00898114838339 0.000193255917796 0.0165
v 0.00896783474845 0.000251586763745 0.0165
v 0.0089510565163 0.000309016994375 0.0165
v 0.00893087374864 0.000365341024366 0.0165
v 0.00890735869457 0.00042035722831 0.0165
v 0.00888059553186 0.000473868662473 0.0165
v 0.00885068006569 0.000525683769811 0.0165
v 0.00881771938566 0.000575617065686 0.0165
v 0.00878183148247 0.000623489801859 0.0165
v 0.00874314482548 0.000669130606359 0.0165
v 0.00870179790288 0.000712376096951 0.0165
v 0.00865793872594 0.000753071466004 0.0165
v 0.00861172429912 0.000791071034656 0.0165
v 0.00856332005806 0.000826238774316 0.0165
v 0.00851289927741 0.000858448793602 0.0165
v 0.00846064245045 0.000887585789005 0.0165
v 0.00840673664308 0.000913545457643 0.0165
v 0.00835137482408 0.00093623487064 0.0165
v 0.00829475517441 0.000955572805786 0.0165
v 0.00823708037772 0.000971490038293 0.0165
v 0.0081785568948 0.000983929588599 0.0165
v 0.00811939422454 0.000992846926342 0.0165
v 0.00805980415395 0.000998210129768 0.0165
f 2 1 107
f 2 107 108
f 3 108 109
f 3 2 108
f 4 109 110
f 4 3 109
f 5 110 111
f 5 4 110
f 6 111 112
f 6 5 111
f 7 112 113
f 7 6 112
f 8 113 114
f 8 7 113
f 9 114 115
f 9 8 114
f 10 115 116
f 10 9 115
f 11 116 117
f 11 10 116
f 12 117 118
f 12 11 117
f 13 118 119
f 13 12 118
f 14 119 120
f 14 13 119
f 15 120 121
f 15 14 120
f 16 121 122
f 16 15 121
f 17 122 123
f 17 16 122
f 18 123 124
f 18 17 123
f 19 124 125
f 19 18 124
f 20 125 126
f 20 19 125
f 21 126 127
f 21 20 126
f 22 127 128
f 22 21 127
f 23 22 128
f 23 128 129
f 24 23 129
f 24 129 130
f 25 24 130
f 25 130 131
f 26 25 131
f 26 131 132
f 26 132 133
f 27 26 133
f 28 27 133
f 28 133 134
f 29 28 134
f 29 134 135
f 30 29 135
f 30 135 136
f 31 30 136
f 31 136 137
f 32 137 138
f 32 31 137
f 33 138 139
f 33 139 140
f 33 32 138
f 34 33 140
f 35 140 141
f 35 34 140
f 36 141 142
f 36 35 141
f 37 142 143
f 37 36 142
f 38 143 144
f 38 37 143
f 39 144 145
f 39 145 146
f 39 38 144
f 40 39 146
f 41 146 147
f 41 40 146
f 42 147 148
f 42 41 147
f 43 148 149
f 43 42 148
f 44 149 150
f 44 43 149
f 45 150 151
f 45 44 150
f 46 151 152
f 46 45 151
f 47 152 153
f 47 46 152
f 48 153 154
f 48 47 153
f 49 48 154
f 49 154 155
f 50 49 155
f 50 155 156
f 51 50 156
f 51 156 157
f 52 51 157
f 52 157 158
f 53 52 158
f 53 158 159
f 54 53 159
f 54 159 160
f 55 54 160
f 55 160 161
f 56 55 161
f 56 161 162
f 57 56 162
f 57 162 163
f 58 57 163
f 58 163 164
f 59 58 164
f 59 164 165
f 60 59 165
f 60 165 166
f 61 60 166
f 61 166 167
f 62 61 167
f 62 167 168
f 63 62 168
f 63 168 169
f 64 63 169
f 64 169 170
f 65 64 170
f 65 170 171
f 66 171 172
f 66 65 171
f 67 172 173
f 67 66 172
f 68 173 174
f 68 67 173
f 69 174 175
f 69 68 174
f 70 175 176
f 70 69 175
f 71 176 177
f 71 70 176
f 72 177 178
f 72 71 177
f 73 72 178
f 73 178 179
f 74 73 179
f 74 179 180
f 75 74 180
f 75 180 181
f 76 75 181
f 76 181 182
f 77 76 182
f 77 182 183
f 78 77 183
f 78 183 184
f 79 78 184
f 79 184 185
f 80 79 185
f 80 185 186
f 80 186 187
f 81 80 187
f 82 81 187
f 82 187 188
f 83 82 188
f 83 188 189
f 84 83 189
f 84 189 190
f 85 84 190
f 85 190 191
f 86 85 191
f 86 191 192
f 87 86 192
f 87 192 193
f 88 87 193
f 88 193 194
f 89 88 194
f 89 194 195
f 90 89 195
f 90 195 196
f 91 90 196
f 91 196 197
f 92 91 197
f 92 197 198
f 93 92 198
f 93 198 199
f 94 93 199
f 94 199 200
f 95 94 200
f 95 200 201
f 96 95 201
f 96 201 202
f 97 202 203
f 97 96 202
f 98 203 204
f 98 97 203
f 99 98 204
f 99 204 205
f 100 205 206
f 100 99 205
f 101 206 207
f 101 100 206
f 102 207 208
f 102 101 207
f 103 208 209
f 103 102 208
f 104 209 210
f 104 103 209
f 105 210 211
f 105 104 210
f 106 105 211
f 106 211 212
f 383 278 279
f 383 279 384
f 385 279 280
f 385 384 279
f 382 277 278
f 382 278 383
f 386 385 280
f 386 280 281
f 381 276 277
f 381 277 382
f 387 386 281
f 387 281 282
f 380 275 276
f 380 276 381
f 388 387 282
f 388 282 283
f 379 275 380
f 379 274 275
f 389 388 283
f 389 283 284
f 378 273 274
f 378 274 379
f 390 284 285
f 390 389 284
f 377 272 273
f 377 273 378
f 391 390 285
f 391 285 286
f 376 272 377
f 376 270 271
f 376 271 272
f 392 286 287
f 392 391 286
f 375 270 376
f 393 392 287
f 393 287 288
f 374 269 270
f 374 270 375
f 394 393 288
f 394 288 289
f 394 289 290
f 373 269 374
f 373 268 269
f 395 394 290
f 372 268 373
f 372 267 268
f 396 395 290
f 396 290 291
f 371 267 372
f 371 266 267
f 397 396 291
f 397 291 292
f 370 266 371
f 370 265 266
f 398 397 292
f 398 292 293
f 369 264 265
f 369 265 370
f 399 398 293
f 399 293 294
f 368 263 264
f 368 264 369
f 400 399 294
f 400 294 295
f 367 263 368
f 367 262 263
f 401 400 295
f 401 295 296
f 366 261 262
f 366 262 367
f 402 401 296
f 402 296 297
f 365 260 261
f 365 261 366
f 403 402 297
f 403 297 298
f 364 259 260
f 364 260 365
f 404 403 298
f 404 298 299
f 404 299 300
f 363 258 259
f 363 259 364
f 405 404 300
f 362 257 258
f 362 258 363
f 406 300 301
f 406 405 300
f 361 256 257
f 361 257 362
f 407 406 301
f 407 301 302
f 360 255 256
f 360 256 361
f 408 302 303
f 408 407 302
f 359 255 360
f 359 254 255
f 409 408 303
f 409 303 304
f 358 254 359
f 358 253 254
f 410 409 304
f 305 410 304
f 252 358 357
f 252 253 358
f 306 410 305
f 306 411 410
f 251 252 357
f 251 357 356
f 307 411 306
f 307 412 411
f 250 356 355
f 250 251 356
f 308 412 307
f 308 413 412
f 249 354 353
f 249 355 354
f 249 250 355
f 309 413 308
f 309 414 413
f 248 249 353
f 310 415 414
f 310 416 415
f 310 414 309
f 247 248 353
f 247 353 352
f 311 416 310
f 246 352 351
f 246 247 352
f 312 417 416
f 312 418 417
f 312 416 311
f 245 350 349
f 245 351 350
f 245 246 351
f 313 419 418
f 313 418 312
f 244 245 349
f 314 419 313
f 243 244 349
f 243 348 347
f 243 349 348
f 315 420 419
f 315 421 420
f 315 419 314
f 242 243 347
f 316 421 315
f 241 347 346
f 241 242 347
f 317 422 421
f 317 318 422
f 317 421 316
f 240 346 345
f 240 241 346
f 213 319 318
f 213 318 317
f 239 345 344
f 239 240 345
f 214 319 213
f 238 239 344
f 238 343 342
f 238 344 343
f 215 320 319
f 215 321 320
f 215 319 214
f 237 238 342
f 216 321 215
f 236 342 341
f 236 237 342
f 217 322 321
f 217 323 322
f 217 321 216
f 235 340 339
f 235 341 340
f 235 236 341
f 218 323 217
f 234 235 339
f 219 324 323
f 219 323 218
f 233 339 338
f 233 234 339
f 220 325 324
f 220 324 219
f 232 338 337
f 232 233 338
f 221 326 325
f 221 325 220
f 231 232 337
f 231 337 336
f 222 326 221
f 222 327 326
f 222 328 327
f 230 231 336
f 230 336 335
f 223 328 222
f 229 230 335
f 229 335 334
f 224 329 328
f 224 328 223
f 228 229 334
f 228 334 333
f 225 329 224
f 225 330 329
f 225 331 330
f 227 333 332
f 227 228 333
f 226 227 332
f 226 332 331
f 226 331 225
f 593 489 488
f 593 594 489
f 595 490 489
f 595 489 594
f 592 488 487
f 592 593 488
f 596 490 595
f 596 491 490
f 591 487 486
f 591 592 487
f 597 491 596
f 597 492 491
f 590 486 485
f 590 591 486
f 598 492 597
f 598 493 492
f 589 590 485
f 589 485 484
f 599 493 598
f 599 494 493
f 588 484 483
f 588 589 484
f 600 495 494
f 600 494 599
f 587 483 482
f 587 588 483
f 601 495 600
f 601 496 495
f 586 587 482
f 586 481 480
f 586 482 481
f 602 497 496
f 602 496 601
f 585 586 480
f 603 497 602
f 603 498 497
f 584 480 479
f 584 585 480
f 604 498 603
f 604 499 498
f 604 500 499
f 583 584 479
f 583 479 478
f 605 500 604
f 582 583 478
f 582 478 477
f 606 500 605
f 606 501 500
f 581 582 477
f 581 477 476
f 607 501 606
f 607 502 501
f 580 581 476
f 580 476 475
f 608 502 607
f 608 503 502
f 579 475 474
f 579 580 475
f 609 503 608
f 609 504 503
f 578 474 473
f 578 579 474
f 610 504 609
f 610 505 504
f 577 578 473
f 577 473 472
f 611 505 610
f 611 506 505
f 576 472 471
f 576 577 472
f 612 506 611
f 612 507 506
f 575 471 470
f 575 576 471
f 613 507 612
f 613 508 507
f 574 470 469
f 574 575 470
f 614 508 613
f 614 509 508
f 614 510 509
f 573 469 468
f 573 574 469
f 615 510 614
f 572 468 467
f 572 573 468
f 616 511 510
f 616 510 615
f 571 467 466
f 571 572 467
f 617 511 616
f 617 512 511
f 570 466 465
f 570 571 466
f 618 513 512
f 618 512 617
f 569 570 465
f 569 465 464
f 619 513 618
f 619 514 513
f 568 569 464
f 568 464 463
f 620 514 619
f 515 514 620
f 462 567 568
f 462 568 463
f 516 515 620
f 516 620 621
f 461 567 462
f 461 566 567
f 517 516 621
f 517 621 622
f 460 565 566
f 460 566 461
f 518 517 622
f 518 622 623
f 459 563 564
f 459 564 565
f 459 565 460
f 519 518 623
f 519 623 624
f 458 563 459
f 520 624 625
f 520 625 626
f 520 519 624
f 457 563 458
f 457 562 563
f 521 520 626
f 456 561 562
f 456 562 457
f 522 626 627
f 522 627 628
f 522 521 626
f 455 559 560
f 455 560 561
f 455 561 456
f 523 628 629
f 523 522 628
f 454 559 455
f 524 523 629
f 453 559 454
f 453 557 558
f 453 558 559
f 525 629 630
f 525 630 631
f 525 524 629
f 452 557 453
f 526 525 631
f 451 556 557
f 451 557 452
f 527 631 632
f 527 632 528
f 527 526 631
f 450 555 556
f 450 556 451
f 423 528 529
f 423 527 528
f 449 554 555
f 449 555 450
f 424 423 529
f 448 554 449
f 448 552 553
f 448 553 554
f 425 529 530
f 425 530 531
f 425 424 529
f 447 552 448
f 426 425 531
f 446 551 552
f 446 552 447
f 427 531 532
f 427 532 533
f 427 426 531
f 445 549 550
f 445 550 551
f 445 551 446
f 428 427 533
f 444 549 445
f 429 533 534
f 429 428 533
f 443 548 549
f 443 549 444
f 430 534 535
f 430 429 534
f 442 547 548
f 442 548 443
f 431 535 536
f 431 430 535
f 441 547 442
f 441 546 547
f 432 431 536
f 432 536 537
f 432 537 538
f 440 546 441
f 440 545 546
f 433 432 538
f 439 545 440
f 439 544 545
f 434 538 539
f 434 433 538
f 438 544 439
f 438 543 544
f 435 434 539
f 435 539 540
f 435 540 541
f 437 542 543
f 437 543 438
f 436 542 437
f 436 541 542
f 436 435 541
f 634 739 633
f 634 740 739
f 635 741 740
f 635 740 634
f 636 742 741
f 636 741 635
f 637 743 742
f 637 742 636
f 638 744 743
f 638 743 637
f 639 745 744
f 639 744 638
f 640 746 745
f 640 745 639
f 641 747 746
f 641 746 640
f 642 748 747
f 642 747 641
f 643 749 748
f 643 748 642
f 644 750 749
f 644 749 643
f 645 751 750
f 645 750 644
f 646 752 751
f 646 751 645
f 647 753 752
f 647 752 646
f 648 754 753
f 648 753 647
f 649 755 754
f 649 754 648
f 650 756 755
f 650 755 649
f 651 757 756
f 651 756 650
f 652 758 757
f 652 757 651
f 653 759 758
f 653 758 652
f 654 760 759
f 654 759 653
f 655 760 654
f 655 761 760
f 656 761 655
f 656 762 761
f 657 762 656
f 657 763 762
f 658 763 657
f 658 764 763
f 658 765 764
f 659 765 658
f 660 765 659
f 660 766 765
f 661 766 660
f 661 767 766
f 662 767 661
f 662 768 767
f 663 768 662
f 663 769 768
f 664 770 769
f 664 769 663
f 665 771 770
f 665 772 771
f 665 770 664
f 666 772 665
f 667 773 772
f 667 772 666
f 668 774 773
f 668 773 667
f 669 775 774
f 669 774 668
f 670 776 775
f 670 775 669
f 671 777 776
f 671 778 777
f 671 776 670
f 672 778 671
f 673 779 778
f 673 778 672
f 674 780 779
f 674 779 673
f 675 781 780
f 675 780 674
f 676 782 781
f 676 781 675
f 677 783 782
f 677 782 676
f 678 784 783
f 678 783 677
f 679 785 784
f 679 784 678
f 680 786 785
f 680 785 679
f 681 786 680
f 681 787 786
f 682 787 681
f 682 788 787
f 683 788 682
f 683 789 788
f 684 789 683
f 684 790 789
f 685 790 684
f 685 791 790
f 686 791 685
f 686 792 791
f 687 792 686
f 687 793 792
f 688 793 687
f 688 794 793
f 689 794 688
f 689 795 794
f 690 795 689
f 690 796 795
f 691 796 690
f 691 797 796
f 692 797 691
f 692 798 797
f 693 798 692
f 693 799 798
f 694 799 693
f 694 800 799
f 695 800 694
f 695 801 800
f 696 801 695
f 696 802 801
f 697 802 696
f 697 803 802
f 698 804 803
f 698 803 697
f 699 805 804
f 699 804 698
f 700 806 805
f 700 805 699
f 701 807 806
f 701 806 700
f 702 808 807
f 702 807 701
f 703 809 808
f 703 808 702
f 704 810 809
f 704 809 703
f 705 810 704
f 705 811 810
f 706 811 705
f 706 812 811
f 707 812 706
f 707 813 812
f 708 813 707
f 708 814 813
f 709 814 708
f 709 815 814
f 710 815 709
f 710 816 815
f 711 816 710
f 711 817 816
f 712 817 711
f 712 818 817
f 712 819 818
f 713 819 712
f 714 819 713
f 714 820 819
f 715 820 714
f 715 821 820
f 716 821 715
f 716 822 821
f 717 822 716
f 717 823 822
f 718 823 717
f 718 824 823
f 719 824 718
f 719 825 824
f 720 825 719
f 720 826 825
f 721 826 720
f 721 827 826
f 722 827 721
f 722 828 827
f 723 828 722
f 723 829 828
f 724 829 723
f 724 830 829
f 725 830 724
f 725 831 830
f 726 831 725
f 726 832 831
f 727 832 726
f 727 833 832
f 728 833 727
f 728 834 833
f 729 835 834
f 729 834 728
f 730 836 835
f 730 835 729
f 731 836 730
f 731 837 836
f 732 838 837
f 732 837 731
f 733 839 838
f 733 838 732
f 734 840 839
f 734 839 733
f 735 841 840
f 735 840 734
f 736 842 841
f 736 841 735
f 737 843 842
f 737 842 736
f 738 843 737
f 738 844 843
f 846 845 951
f 846 951 952
f 847 952 953
f 847 846 952
f 848 953 954
f 848 847 953
f 849 954 955
f 849 848 954
f 850 955 956
f 850 849 955
f 851 956 957
f 851 957 958
f 851 850 956
f 852 851 958
f 853 958 959
f 853 959 960
f 853 852 958
f 854 853 960
f 855 960 961
f 855 854 960
f 856 961 962
f 856 855 961
f 857 962 963
f 857 856 962
f 858 963 964
f 858 857 963
f 859 964 965
f 859 858 964
f 860 965 966
f 860 859 965
f 861 966 967
f 861 860 966
f 862 967 968
f 862 861 967
f 863 968 969
f 863 862 968
f 864 969 970
f 864 863 969
f 865 970 971
f 865 864 970
f 866 971 972
f 866 972 973
f 866 865 971
f 867 866 973
f 868 867 973
f 868 973 974
f 869 868 974
f 869 974 975
f 870 869 975
f 870 975 976
f 871 870 976
f 871 976 977
f 871 977 978
f 872 871 978
f 873 872 978
f 873 978 979
f 874 873 979
f 874 979 980
f 875 874 980
f 875 980 981
f 876 981 982
f 876 875 981
f 877 982 983
f 877 876 982
f 878 983 984
f 878 877 983
f 879 984 985
f 879 878 984
f 880 985 986
f 880 879 985
f 881 986 987
f 881 880 986
f 882 987 988
f 882 881 987
f 883 988 989
f 883 882 988
f 884 989 990
f 884 883 989
f 885 990 991
f 885 884 990
f 886 991 992
f 886 885 991
f 887 992 993
f 887 886 992
f 888 993 994
f 888 887 993
f 889 994 995
f 889 888 994
f 890 995 996
f 890 889 995
f 891 996 997
f 891 890 996
f 892 891 997
f 892 997 998
f 893 892 998
f 893 998 999
f 894 893 999
f 894 999 1000
f 895 894 1000
f 895 1000 1001
f 896 895 1001
f 896 1001 1002
f 897 896 1002
f 897 1002 1003
f 898 897 1003
f 898 1003 1004
f 899 898 1004
f 899 1004 1005
f 900 899 1005
f 900 1005 1006
f 901 900 1006
f 901 1006 1007
f 901 1007 1008
f 902 901 1008
f 903 902 1008
f 903 1008 1009
f 904 903 1009
f 904 1009 1010
f 905 904 1010
f 905 1010 1011
f 906 905 1011
f 906 1011 1012
f 907 906 1012
f 907 1012 1013
f 908 907 1013
f 908 1013 1014
f 909 908 1014
f 909 1014 1015
f 910 1015 1016
f 910 909 1015
f 911 1016 1017
f 911 910 1016
f 912 1017 1018
f 912 911 1017
f 913 1018 1019
f 913 912 1018
f 914 1019 1020
f 914 913 1019
f 915 1020 1021
f 915 914 1020
f 916 1021 1022
f 916 915 1021
f 917 916 1022
f 917 1022 1023
f 918 917 1023
f 918 1023 1024
f 919 918 1024
f 919 1024 1025
f 920 919 1025
f 920 1025 1026
f 921 920 1026
f 921 1026 1027
f 921 1027 1028
f 922 921 1028
f 923 922 1028
f 923 1028 1029
f 924 923 1029
f 924 1029 1030
f 925 924 1030
f 925 1030 1031
f 926 925 1031
f 926 1031 1032
f 927 926 1032
f 927 1032 1033
f 928 927 1033
f 928 1033 1034
f 929 928 1034
f 929 1034 1035
f 930 929 1035
f 930 1035 1036
f 931 930 1036
f 931 1036 1037
f 932 931 1037
f 932 1037 1038
f 933 932 1038
f 933 1038 1039
f 934 933 1039
f 934 1039 1040
f 935 934 1040
f 935 1040 1041
f 936 935 1041
f 936 1041 1042
f 937 936 1042
f 937 1042 1043
f 938 937 1043
f 938 1043 1044
f 939 938 1044
f 939 1044 1045
f 940 939 1045
f 940 1045 1046
f 941 1046 1047
f 941 940 1046
f 942 1047 1048
f 942 941 1047
f 943 942 1048
f 943 1048 1049
f 944 1049 1050
f 944 943 1049
f 945 1050 1051
f 945 944 1050
f 946 1051 1052
f 946 945 1051
f 947 1052 1053
f 947 946 1052
f 948 1053 1054
f 948 947 1053
f 949 1054 1055
f 949 948 1054
f 950 949 1055
f 950 1055 1056
f 1166 1118 1119
f 1166 1119 1120
f 1166 1120 1121
f 1166 1121 1122
f 1166 1122 1123
f 1166 1123 1124
f 1166 1124 1125
f 1166 1125 1126
f 1166 1126 1127
f 1166 1127 1128
f 1166 1128 1129
f 1166 1129 1130
f 1166 1130 1131
f 1166 1131 1132
f 1166 1132 1133
f 1166 1133 1134
f 1166 1134 1135
f 1166 1135 1136
f 1167 1102 1103
f 1167 1103 1104
f 1167 1104 1105
f 1167 1105 1106
f 1167 1106 1107
f 1167 1107 1108
f 1167 1108 1109
f 1167 1118 1166
f 1167 1109 1110
f 1167 1110 1111
f 1167 1111 1112
f 1167 1112 1113
f 1167 1113 1114
f 1167 1114 1115
f 1167 1115 1116
f 1167 1116 1117
f 1167 1117 1118
f 1101 1102 1167
f 1165 1166 1136
f 1165 1136 1137
f 1165 1137 1138
f 1165 1138 1139
f 1165 1139 1140
f 1165 1140 1141
f 1165 1141 1142
f 1165 1142 1143
f 1165 1143 1144
f 1165 1144 1145
f 1165 1145 1146
f 1147 1165 1146
f 1148 1165 1147
f 1149 1165 1148
f 1150 1165 1149
f 1162 1101 1167
f 1162 1095 1096
f 1162 1096 1097
f 1162 1097 1098
f 1162 1098 1099
f 1162 1099 1100
f 1162 1100 1101
f 1151 1165 1150
f 1094 1095 1162
f 1152 1165 1151
f 1093 1094 1162
f 1153 1165 1152
f 1092 1093 1162
f 1091 1092 1162
f 1164 1165 1153
f 1164 1153 1154
f 1155 1164 1154
f 1090 1091 1162
f 1156 1164 1155
f 1089 1090 1162
f 1157 1164 1156
f 1088 1089 1162
f 1158 1164 1157
f 1087 1088 1162
f 1159 1164 1158
f 1086 1087 1162
f 1160 1164 1159
f 1085 1086 1162
f 1161 1164 1160
f 1084 1085 1162
f 1057 1164 1161
f 1083 1162 1163
f 1083 1084 1162
f 1058 1164 1057
f 1082 1083 1163
f 1059 1164 1058
f 1081 1082 1163
f 1060 1164 1059
f 1080 1081 1163
f 1061 1164 1060
f 1079 1080 1163
f 1062 1164 1061
f 1078 1079 1163
f 1063 1164 1062
f 1077 1078 1163
f 1064 1164 1063
f 1076 1077 1163
f 1065 1164 1064
f 1075 1076 1163
f 1066 1163 1164
f 1066 1164 1065
f 1074 1075 1163
f 1067 1163 1066
f 1073 1074 1163
f 1068 1163 1067
f 1072 1073 1163
f 1069 1163 1068
f 1071 1072 1163
f 1070 1163 1069
f 1070 1071 1163
f 1338 1234 1233
f 1338 1339 1234
f 1340 1235 1234
f 1340 1234 1339
f 1337 1233 1232
f 1337 1338 1233
f 1341 1236 1235
f 1341 1235 1340
f 1336 1232 1231
f 1336 1337 1232
f 1342 1237 1236
f 1342 1236 1341
f 1335 1231 1230
f 1335 1336 1231
f 1343 1237 1342
f 1343 1238 1237
f 1334 1335 1230
f 1334 1230 1229
f 1344 1238 1343
f 1344 1239 1238
f 1333 1334 1229
f 1333 1229 1228
f 1345 1239 1344
f 1345 1240 1239
f 1332 1333 1228
f 1332 1228 1227
f 1346 1240 1345
f 1346 1241 1240
f 1331 1227 1226
f 1331 1332 1227
f 1347 1241 1346
f 1347 1242 1241
f 1330 1331 1226
f 1330 1226 1225
f 1348 1242 1347
f 1348 1243 1242
f 1329 1330 1225
f 1329 1225 1224
f 1349 1243 1348
f 1349 1244 1243
f 1349 1245 1244
f 1328 1329 1224
f 1328 1224 1223
f 1350 1245 1349
f 1327 1328 1223
f 1327 1223 1222
f 1351 1245 1350
f 1351 1246 1245
f 1326 1327 1222
f 1326 1222 1221
f 1352 1247 1246
f 1352 1246 1351
f 1325 1326 1221
f 1325 1221 1220
f 1353 1247 1352
f 1353 1248 1247
f 1324 1325 1220
f 1324 1220 1219
f 1354 1248 1353
f 1354 1249 1248
f 1323 1218 1217
f 1323 1219 1218
f 1323 1324 1219
f 1355 1249 1354
f 1355 1250 1249
f 1322 1323 1217
f 1356 1250 1355
f 1356 1251 1250
f 1321 1217 1216
f 1321 1322 1217
f 1357 1251 1356
f 1357 1252 1251
f 1320 1321 1216
f 1320 1216 1215
f 1358 1252 1357
f 1358 1253 1252
f 1319 1215 1214
f 1319 1320 1215
f 1359 1253 1358
f 1359 1254 1253
f 1318 1319 1214
f 1318 1214 1213
f 1360 1254 1359
f 1360 1255 1254
f 1317 1213 1212
f 1317 1318 1213
f 1361 1255 1360
f 1361 1256 1255
f 1316 1212 1211
f 1316 1317 1212
f 1362 1256 1361
f 1362 1257 1256
f 1315 1210 1209
f 1315 1211 1210
f 1315 1316 1211
f 1363 1257 1362
f 1363 1258 1257
f 1314 1315 1209
f 1364 1258 1363
f 1364 1259 1258
f 1313 1314 1209
f 1313 1209 1208
f 1260 1259 1364
f 1260 1364 1365
f 1207 1313 1208
f 1207 1312 1313
f 1261 1260 1365
f 1261 1365 1366
f 1206 1312 1207
f 1206 1311 1312
f 1262 1261 1366
f 1262 1366 1367
f 1205 1311 1206
f 1205 1309 1310
f 1205 1310 1311
f 1263 1262 1367
f 1263 1367 1368
f 1204 1309 1205
f 1264 1369 1370
f 1264 1263 1368
f 1264 1368 1369
f 1203 1308 1309
f 1203 1309 1204
f 1265 1264 1370
f 1202 1307 1308
f 1202 1308 1203
f 1266 1370 1371
f 1266 1265 1370
f 1201 1306 1307
f 1201 1307 1202
f 1267 1371 1372
f 1267 1266 1371
f 1200 1305 1306
f 1200 1306 1201
f 1268 1372 1373
f 1268 1267 1372
f 1199 1305 1200
f 1199 1304 1305
f 1269 1373 1374
f 1269 1374 1375
f 1269 1268 1373
f 1198 1304 1199
f 1198 1303 1304
f 1270 1269 1375
f 1197 1302 1303
f 1197 1303 1198
f 1271 1375 1376
f 1271 1270 1375
f 1196 1302 1197
f 1196 1301 1302
f 1272 1376 1377
f 1272 1271 1376
f 1195 1300 1301
f 1195 1301 1196
f 1168 1377 1273
f 1168 1272 1377
f 1194 1298 1299
f 1194 1299 1300
f 1194 1300 1195
f 1169 1273 1274
f 1169 1274 1275
f 1169 1168 1273
f 1193 1298 1194
f 1170 1275 1276
f 1170 1169 1275
f 1192 1296 1297
f 1192 1297 1298
f 1192 1298 1193
f 1171 1170 1276
f 1191 1295 1296
f 1191 1296 1192
f 1172 1276 1277
f 1172 1171 1276
f 1190 1295 1191
f 1173 1277 1278
f 1173 1172 1277
f 1189 1293 1294
f 1189 1294 1295
f 1189 1295 1190
f 1174 1278 1279
f 1174 1173 1278
f 1188 1293 1189
f 1175 1279 1280
f 1175 1174 1279
f 1187 1293 1188
f 1187 1291 1292
f 1187 1292 1293
f 1176 1175 1280
f 1176 1280 1281
f 1186 1291 1187
f 1186 1290 1291
f 1177 1281 1282
f 1177 1176 1281
f 1185 1290 1186
f 1178 1177 1282
f 1178 1282 1283
f 1184 1289 1290
f 1184 1290 1185
f 1179 1178 1283
f 1179 1283 1284
f 1183 1289 1184
f 1183 1288 1289
f 1180 1284 1285
f 1180 1285 1286
f 1180 1179 1284
f 1182 1287 1288
f 1182 1288 1183
f 1181 1286 1287
f 1181 1287 1182
f 1181 1180 1286
f 1379 1378 1380
f 1379 1380 1381
f 1383 1382 1384
f 1383 1384 1385
f 1387 1386 1388
f 1387 1388 1389
f 1390 1392 1393
f 1391 1390 1393
f 1395 1394 1396
f 1395 1396 1397
f 1399 1398 1400
f 1399 1400 1401
f 1403 1402 1508
f 1403 1508 1509
f 1404 1509 1510
f 1404 1403 1509
f 1405 1510 1511
f 1405 1404 1510
f 1406 1511 1512
f 1406 1512 1513
f 1406 1405 1511
f 1407 1406 1513
f 1408 1513 1514
f 1408 1407 1513
f 1409 1514 1515
f 1409 1408 1514
f 1410 1515 1516
f 1410 1516 1517
f 1410 1409 1515
f 1411 1517 1518
f 1411 1410 1517
f 1412 1411 1518
f 1413 1518 1519
f 1413 1412 1518
f 1414 1519 1520
f 1414 1520 1521
f 1414 1413 1519
f 1415 1521 1522
f 1415 1414 1521
f 1416 1415 1522
f 1417 1522 1523
f 1417 1416 1522
f 1418 1523 1524
f 1418 1417 1523
f 1419 1524 1525
f 1419 1525 1526
f 1419 1418 1524
f 1420 1419 1526
f 1421 1526 1527
f 1421 1420 1526
f 1422 1527 1528
f 1422 1528 1529
f 1422 1421 1527
f 1423 1422 1529
f 1424 1423 1529
f 1424 1529 1530
f 1425 1424 1530
f 1425 1530 1531
f 1426 1425 1531
f 1426 1531 1532
f 1427 1426 1532
f 1427 1532 1533
f 1428 1427 1533
f 1428 1533 1534
f 1429 1428 1534
f 1429 1534 1535
f 1430 1429 1535
f 1430 1535 1536
f 1430 1536 1537
f 1431 1430 1537
f 1432 1431 1537
f 1432 1537 1538
f 1433 1538 1539
f 1433 1432 1538
f 1434 1539 1540
f 1434 1433 1539
f 1435 1540 1541
f 1435 1434 1540
f 1436 1541 1542
f 1436 1435 1541
f 1437 1542 1543
f 1437 1436 1542
f 1438 1543 1544
f 1438 1437 1543
f 1439 1544 1545
f 1439 1545 1546
f 1439 1438 1544
f 1440 1439 1546
f 1441 1546 1547
f 1441 1547 1548
f 1441 1440 1546
f 1442 1441 1548
f 1443 1548 1549
f 1443 1442 1548
f 1444 1549 1550
f 1444 1550 1551
f 1444 1443 1549
f 1445 1444 1551
f 1446 1551 1552
f 1446 1445 1551
f 1447 1552 1553
f 1447 1553 1554
f 1447 1446 1552
f 1448 1447 1554
f 1449 1554 1555
f 1449 1555 1556
f 1449 1448 1554
f 1450 1449 1556
f 1451 1450 1556
f 1451 1556 1557
f 1451 1557 1558
f 1452 1451 1558
f 1453 1452 1558
f 1453 1558 1559
f 1454 1453 1559
f 1454 1559 1560
f 1454 1560 1561
f 1455 1454 1561
f 1456 1455 1561
f 1456 1561 1562
f 1456 1562 1563
f 1457 1456 1563
f 1458 1457 1563
f 1458 1563 1564
f 1459 1458 1564
f 1459 1564 1565
f 1459 1565 1566
f 1460 1459 1566
f 1461 1460 1566
f 1461 1566 1567
f 1462 1461 1567
f 1462 1567 1568
f 1462 1568 1569
f 1463 1462 1569
f 1463 1569 1570
f 1464 1463 1570
f 1464 1570 1571
f 1465 1464 1571
f 1466 1465 1571
f 1466 1571 1572
f 1466 1572 1573
f 1467 1573 1574
f 1467 1466 1573
f 1468 1467 1574
f 1469 1574 1575
f 1469 1575 1576
f 1469 1468 1574
f 1470 1469 1576
f 1471 1576 1577
f 1471 1577 1578
f 1471 1470 1576
f 1472 1578 1579
f 1472 1471 1578
f 1473 1579 1580
f 1473 1472 1579
f 1474 1473 1580
f 1475 1474 1580
f 1475 1580 1581
f 1475 1581 1582
f 1476 1475 1582
f 1477 1476 1582
f 1477 1582 1583
f 1477 1583 1584
f 1478 1477 1584
f 1478 1584 1585
f 1479 1478 1585
f 1480 1479 1585
f 1480 1585 1586
f 1481 1480 1586
f 1481 1586 1587
f 1481 1587 1588
f 1482 1481 1588
f 1483 1482 1588
f 1483 1588 1589
f 1484 1483 1589
f 1484 1589 1590
f 1485 1484 1590
f 1485 1590 1591
f 1486 1485 1591
f 1486 1591 1592
f 1487 1486 1592
f 1487 1592 1593
f 1488 1487 1593
f 1488 1593 1594
f 1489 1488 1594
f 1489 1594 1595
f 1490 1489 1595
f 1490 1595 1596
f 1490 1596 1597
f 1491 1490 1597
f 1492 1491 1597
f 1492 1597 1598
f 1492 1598 1599
f 1493 1492 1599
f 1494 1493 1599
f 1494 1599 1600
f 1495 1494 1600
f 1495 1600 1601
f 1496 1495 1601
f 1496 1601 1602
f 1497 1496 1602
f 1497 1602 1603
f 1498 1603 1604
f 1498 1497 1603
f 1499 1604 1605
f 1499 1498 1604
f 1500 1499 1605
f 1500 1605 1606
f 1501 1606 1607
f 1501 1500 1606
f 1502 1607 1608
f 1502 1501 1607
f 1503 1608 1609
f 1503 1502 1608
f 1504 1609 1610
f 1504 1503 1609
f 1505 1610 1611
f 1505 1504 1610
f 1506 1611 1612
f 1506 1505 1611
f 1507 1506 1612
f 1507 1612 1613
f 1619 1617 1618
f 1615 1616 1617
f 1615 1619 1614
f 1615 1617 1619
f 1704 1702 1701
f 1704 1703 1702
f 1667 1669 1668
f 1667 1670 1669
f 1667 1671 1670
f 1706 1704 1701
f 1706 1701 1700
f 1706 1705 1704
f 1709 1699 1698
f 1709 1700 1699
f 1709 1706 1700
f 1709 1707 1706
f 1709 1708 1707
f 1661 1663 1662
f 1661 1664 1663
f 1711 1710 1709
f 1659 1661 1660
f 1659 1665 1664
f 1659 1666 1665
f 1659 1664 1661
f 1713 1712 1711
f 1714 1713 1711
f 1657 1659 1658
f 1716 1715 1714
f 1655 1657 1656
f 1655 1659 1657
f 1717 1716 1714
f 1717 1714 1711
f 1653 1655 1654
f 1719 1717 1711
f 1719 1718 1717
f 1652 1655 1653
f 1720 1711 1709
f 1720 1719 1711
f 1721 1720 1709
f 1648 1650 1649
f 1648 1651 1650
f 1648 1652 1651
f 1724 1722 1721
f 1724 1723 1722
f 1620 1724 1721
f 1621 1620 1721
f 1645 1647 1646
f 1623 1622 1621
f 1642 1644 1643
f 1625 1624 1623
f 1626 1623 1621
f 1626 1625 1623
f 1640 1642 1641
f 1640 1645 1644
f 1640 1648 1647
f 1640 1647 1645
f 1640 1644 1642
f 1628 1627 1626
f 1628 1626 1621
f 1638 1640 1639
f 1629 1628 1621
f 1630 1629 1621
f 1636 1638 1637
f 1631 1630 1621
f 1635 1652 1648
f 1635 1648 1640
f 1635 1640 1638
f 1635 1638 1636
f 1632 1721 1709
f 1632 1667 1666
f 1632 1672 1671
f 1632 1621 1721
f 1632 1673 1672
f 1632 1674 1673
f 1632 1675 1674
f 1632 1676 1675
f 1632 1677 1676
f 1632 1678 1677
f 1632 1679 1678
f 1632 1680 1679
f 1632 1681 1680
f 1632 1682 1681
f 1632 1683 1682
f 1632 1671 1667
f 1632 1684 1683
f 1632 1685 1684
f 1632 1686 1685
f 1632 1687 1686
f 1632 1688 1687
f 1632 1689 1688
f 1632 1690 1689
f 1632 1691 1690
f 1632 1692 1691
f 1632 1693 1692
f 1632 1694 1693
f 1632 1695 1694
f 1632 1696 1695
f 1632 1697 1696
f 1632 1698 1697
f 1632 1631 1621
f 1632 1709 1698
f 1633 1666 1659
f 1633 1635 1634
f 1633 1655 1652
f 1633 1659 1655
f 1633 1652 1635
f 1633 1632 1666
f 1728 1726 1725
f 1728 1727 1726
f 1732 1730 1729
f 1732 1731 1730
f 1736 1734 1733
f 1736 1735 1734
f 1808 1809 1741
f 1810 1741 1809
f 1807 1808 1741
f 1811 1741 1810
f 1806 1807 1741
f 1812 1741 1811
f 1805 1806 1741
f 1813 1741 1812
f 1804 1741 1740
f 1804 1805 1741
f 1814 1741 1813
f 1803 1804 1740
f 1815 1741 1814
f 1802 1803 1740
f 1816 1741 1815
f 1801 1802 1740
f 1817 1741 1816
f 1800 1801 1740
f 1818 1741 1817
f 1799 1800 1740
f 1819 1741 1818
f 1798 1799 1740
f 1820 1741 1819
f 1797 1798 1740
f 1821 1741 1820
f 1796 1797 1740
f 1822 1741 1821
f 1795 1796 1740
f 1794 1795 1740
f 1742 1741 1822
f 1742 1822 1823
f 1742 1823 1824
f 1793 1794 1740
f 1825 1742 1824
f 1792 1793 1740
f 1826 1742 1825
f 1791 1792 1740
f 1827 1742 1826
f 1790 1791 1740
f 1828 1742 1827
f 1789 1790 1740
f 1829 1742 1828
f 1788 1789 1740
f 1830 1742 1829
f 1787 1788 1740
f 1831 1742 1830
f 1832 1742 1831
f 1833 1742 1832
f 1834 1742 1833
f 1835 1742 1834
f 1836 1742 1835
f 1837 1742 1836
f 1838 1742 1837
f 1839 1742 1838
f 1739 1787 1740
f 1739 1772 1773
f 1739 1773 1774
f 1739 1774 1775
f 1739 1775 1776
f 1739 1776 1777
f 1739 1777 1778
f 1739 1778 1779
f 1739 1779 1780
f 1739 1780 1781
f 1739 1781 1782
f 1739 1782 1783
f 1739 1783 1784
f 1739 1784 1785
f 1739 1785 1786
f 1739 1786 1787
f 1771 1772 1739
f 1770 1771 1739
f 1769 1770 1739
f 1737 1839 1840
f 1737 1840 1841
f 1737 1841 1842
f 1737 1842 1843
f 1737 1843 1844
f 1737 1844 1845
f 1737 1743 1744
f 1737 1845 1846
f 1737 1744 1745
f 1737 1846 1847
f 1737 1745 1746
f 1737 1847 1743
f 1737 1746 1747
f 1737 1747 1748
f 1737 1748 1749
f 1737 1749 1750
f 1737 1750 1751
f 1737 1751 1752
f 1737 1742 1839
f 1738 1752 1753
f 1738 1753 1754
f 1738 1754 1755
f 1738 1755 1756
f 1738 1756 1757
f 1738 1757 1758
f 1738 1758 1759
f 1738 1759 1760
f 1738 1760 1761
f 1738 1761 1762
f 1738 1762 1763
f 1738 1763 1764
f 1738 1764 1765
f 1738 1765 1766
f 1738 1766 1767
f 1738 1767 1768
f 1738 1768 1769
f 1738 1769 1739
f 1738 1737 1752
f 1919 1852 1920
f 1921 1920 1852
f 1918 1852 1919
f 1922 1921 1852
f 1917 1852 1918
f 1923 1922 1852
f 1916 1852 1917
f 1924 1923 1852
f 1915 1851 1852
f 1915 1852 1916
f 1925 1924 1852
f 1914 1851 1915
f 1926 1925 1852
f 1913 1851 1914
f 1927 1926 1852
f 1912 1851 1913
f 1928 1927 1852
f 1911 1851 1912
f 1929 1928 1852
f 1910 1851 1911
f 1930 1929 1852
f 1909 1851 1910
f 1931 1930 1852
f 1908 1851 1909
f 1932 1931 1852
f 1907 1851 1908
f 1933 1932 1852
f 1906 1851 1907
f 1905 1851 1906
f 1853 1933 1852
f 1853 1934 1933
f 1853 1935 1934
f 1904 1851 1905
f 1936 1935 1853
f 1903 1851 1904
f 1937 1936 1853
f 1902 1851 1903
f 1938 1937 1853
f 1901 1851 1902
f 1939 1938 1853
f 1900 1851 1901
f 1940 1939 1853
f 1899 1851 1900
f 1941 1940 1853
f 1898 1851 1899
f 1942 1941 1853
f 1943 1942 1853
f 1944 1943 1853
f 1945 1944 1853
f 1946 1945 1853
f 1947 1946 1853
f 1948 1947 1853
f 1949 1948 1853
f 1950 1949 1853
f 1850 1851 1898
f 1850 1884 1883
f 1850 1885 1884
f 1850 1886 1885
f 1850 1887 1886
f 1850 1888 1887
f 1850 1889 1888
f 1850 1890 1889
f 1850 1891 1890
f 1850 1892 1891
f 1850 1893 1892
f 1850 1894 1893
f 1850 1895 1894
f 1850 1896 1895
f 1850 1897 1896
f 1850 1898 1897
f 1882 1850 1883
f 1881 1850 1882
f 1880 1850 1881
f 1848 1951 1950
f 1848 1952 1951
f 1848 1953 1952
f 1848 1954 1953
f 1848 1955 1954
f 1848 1956 1955
f 1848 1855 1854
f 1848 1957 1956
f 1848 1856 1855
f 1848 1958 1957
f 1848 1857 1856
f 1848 1854 1958
f 1848 1858 1857
f 1848 1859 1858
f 1848 1860 1859
f 1848 1861 1860
f 1848 1862 1861
f 1848 1863 1862
f 1848 1950 1853
f 1849 1864 1863
f 1849 1865 1864
f 1849 1866 1865
f 1849 1867 1866
f 1849 1868 1867
f 1849 1869 1868
f 1849 1870 1869
f 1849 1871 1870
f 1849 1872 1871
f 1849 1873 1872
f 1849 1874 1873
f 1849 1875 1874
f 1849 1876 1875
f 1849 1877 1876
f 1849 1878 1877
f 1849 1879 1878
f 1849 1880 1879
f 1849 1850 1880
f 1849 1863 1848
f 1962 1960 1959
f 1962 1961 1960
f 1966 1964 1963
f 1966 1965 1964
f 1969 1968 1967
f 1970 1969 1967
f 1972 2077 1971
f 1972 2078 2077
f 1973 2079 2078
f 1973 2078 1972
f 1974 2080 2079
f 1974 2079 1973
f 1975 2081 2080
f 1975 2080 1974
f 1976 2082 2081
f 1976 2081 1975
f 1977 2083 2082
f 1977 2082 1976
f 1978 2084 2083
f 1978 2085 2084
f 1978 2083 1977
f 1979 2085 1978
f 1980 2086 2085
f 1980 2087 2086
f 1980 2085 1979
f 1981 2087 1980
f 1982 2088 2087
f 1982 2087 1981
f 1983 2089 2088
f 1983 2090 2089
f 1983 2088 1982
f 1984 2091 2090
f 1984 2090 1983
f 1985 2091 1984
f 1986 2092 2091
f 1986 2091 1985
f 1987 2093 2092
f 1987 2094 2093
f 1987 2092 1986
f 1988 2094 1987
f 1989 2095 2094
f 1989 2096 2095
f 1989 2094 1988
f 1990 2096 1989
f 1991 2097 2096
f 1991 2096 1990
f 1992 2098 2097
f 1992 2097 1991
f 1993 2098 1992
f 1993 2099 2098
f 1994 2099 1993
f 1994 2100 2099
f 1995 2100 1994
f 1995 2101 2100
f 1996 2101 1995
f 1996 2102 2101
f 1996 2103 2102
f 1997 2103 1996
f 1998 2103 1997
f 1998 2104 2103
f 1999 2104 1998
f 1999 2105 2104
f 2000 2105 1999
f 2000 2106 2105
f 2001 2106 2000
f 2001 2107 2106
f 2002 2108 2107
f 2002 2107 2001
f 2003 2109 2108
f 2003 2108 2002
f 2004 2110 2109
f 2004 2109 2003
f 2005 2111 2110
f 2005 2110 2004
f 2006 2112 2111
f 2006 2111 2005
f 2007 2113 2112
f 2007 2112 2006
f 2008 2114 2113
f 2008 2113 2007
f 2009 2115 2114
f 2009 2114 2008
f 2010 2116 2115
f 2010 2115 2009
f 2011 2117 2116
f 2011 2116 2010
f 2012 2118 2117
f 2012 2117 2011
f 2013 2119 2118
f 2013 2120 2119
f 2013 2118 2012
f 2014 2120 2013
f 2015 2121 2120
f 2015 2120 2014
f 2016 2122 2121
f 2016 2121 2015
f 2017 2123 2122
f 2017 2122 2016
f 2018 2124 2123
f 2018 2123 2017
f 2019 2124 2018
f 2019 2125 2124
f 2019 2126 2125
f 2020 2126 2019
f 2021 2126 2020
f 2021 2127 2126
f 2022 2127 2021
f 2022 2128 2127
f 2023 2128 2022
f 2023 2129 2128
f 2024 2129 2023
f 2024 2130 2129
f 2025 2130 2024
f 2025 2131 2130
f 2026 2131 2025
f 2026 2132 2131
f 2027 2132 2026
f 2027 2133 2132
f 2027 2134 2133
f 2028 2134 2027
f 2028 2135 2134
f 2029 2135 2028
f 2030 2135 2029
f 2030 2136 2135
f 2031 2136 2030
f 2031 2137 2136
f 2032 2137 2031
f 2032 2138 2137
f 2033 2138 2032
f 2033 2139 2138
f 2034 2139 2033
f 2034 2140 2139
f 2035 2140 2034
f 2035 2141 2140
f 2036 2142 2141
f 2036 2143 2142
f 2036 2141 2035
f 2037 2143 2036
f 2038 2144 2143
f 2038 2143 2037
f 2039 2145 2144
f 2039 2144 2038
f 2040 2146 2145
f 2040 2147 2146
f 2040 2145 2039
f 2041 2147 2040
f 2042 2148 2147
f 2042 2147 2041
f 2043 2148 2042
f 2043 2149 2148
f 2044 2149 2043
f 2044 2150 2149
f 2044 2151 2150
f 2045 2151 2044
f 2046 2151 2045
f 2046 2152 2151
f 2047 2152 2046
f 2047 2153 2152
f 2048 2153 2047
f 2048 2154 2153
f 2049 2154 2048
f 2049 2155 2154
f 2050 2155 2049
f 2050 2156 2155
f 2050 2157 2156
f 2051 2157 2050
f 2052 2157 2051
f 2052 2158 2157
f 2053 2158 2052
f 2053 2159 2158
f 2054 2159 2053
f 2054 2160 2159
f 2055 2160 2054
f 2055 2161 2160
f 2056 2161 2055
f 2056 2162 2161
f 2057 2162 2056
f 2057 2163 2162
f 2058 2163 2057
f 2058 2164 2163
f 2059 2164 2058
f 2059 2165 2164
f 2060 2165 2059
f 2060 2166 2165
f 2061 2166 2060
f 2061 2167 2166
f 2062 2167 2061
f 2062 2168 2167
f 2063 2168 2062
f 2063 2169 2168
f 2064 2169 2063
f 2064 2170 2169
f 2065 2170 2064
f 2065 2171 2170
f 2066 2171 2065
f 2066 2172 2171
f 2067 2173 2172
f 2067 2172 2066
f 2068 2174 2173
f 2068 2173 2067
f 2069 2174 2068
f 2069 2175 2174
f 2070 2176 2175
f 2070 2175 2069
f 2071 2177 2176
f 2071 2176 2070
f 2072 2178 2177
f 2072 2177 2071
f 2073 2179 2178
f 2073 2178 2072
f 2074 2180 2179
f 2074 2179 2073
f 2075 2181 2180
f 2075 2180 2074
f 2076 2181 2075
f 2076 2182 2181
f 2184 2183 2289
f 2184 2289 2290
f 2185 2290 2291
f 2185 2184 2290
f 2186 2291 2292
f 2186 2185 2291
f 2187 2292 2293
f 2187 2186 2292
f 2188 2293 2294
f 2188 2187 2293
f 2189 2294 2295
f 2189 2188 2294
f 2190 2295 2296
f 2190 2189 2295
f 2191 2296 2297
f 2191 2190 2296
f 2192 2297 2298
f 2192 2191 2297
f 2193 2298 2299
f 2193 2192 2298
f 2194 2299 2300
f 2194 2193 2299
f 2195 2300 2301
f 2195 2194 2300
f 2196 2301 2302
f 2196 2195 2301
f 2197 2302 2303
f 2197 2196 2302
f 2198 2303 2304
f 2198 2197 2303
f 2199 2304 2305
f 2199 2198 2304
f 2200 2305 2306
f 2200 2199 2305
f 2201 2306 2307
f 2201 2200 2306
f 2202 2307 2308
f 2202 2201 2307
f 2203 2308 2309
f 2203 2202 2308
f 2204 2309 2310
f 2204 2203 2309
f 2205 2204 2310
f 2205 2310 2311
f 2206 2205 2311
f 2206 2311 2312
f 2207 2206 2312
f 2207 2312 2313
f 2208 2207 2313
f 2208 2313 2314
f 2208 2314 2315
f 2209 2208 2315
f 2210 2209 2315
f 2210 2315 2316
f 2211 2210 2316
f 2211 2316 2317
f 2212 2211 2317
f 2212 2317 2318
f 2213 2212 2318
f 2213 2318 2319
f 2214 2319 2320
f 2214 2213 2319
f 2215 2320 2321
f 2215 2321 2322
f 2215 2214 2320
f 2216 2215 2322
f 2217 2322 2323
f 2217 2216 2322
f 2218 2323 2324
f 2218 2217 2323
f 2219 2324 2325
f 2219 2218 2324
f 2220 2325 2326
f 2220 2219 2325
f 2221 2326 2327
f 2221 2327 2328
f 2221 2220 2326
f 2222 2221 2328
f 2223 2328 2329
f 2223 2222 2328
f 2224 2329 2330
f 2224 2223 2329
f 2225 2330 2331
f 2225 2224 2330
f 2226 2331 2332
f 2226 2225 2331
f 2227 2332 2333
f 2227 2226 2332
f 2228 2333 2334
f 2228 2227 2333
f 2229 2334 2335
f 2229 2228 2334
f 2230 2335 2336
f 2230 2229 2335
f 2231 2230 2336
f 2231 2336 2337
f 2232 2231 2337
f 2232 2337 2338
f 2233 2232 2338
f 2233 2338 2339
f 2234 2233 2339
f 2234 2339 2340
f 2235 2234 2340
f 2235 2340 2341
f 2236 2235 2341
f 2236 2341 2342
f 2237 2236 2342
f 2237 2342 2343
f 2238 2237 2343
f 2238 2343 2344
f 2239 2238 2344
f 2239 2344 2345
f 2240 2239 2345
f 2240 2345 2346
f 2241 2240 2346
f 2241 2346 2347
f 2242 2241 2347
f 2242 2347 2348
f 2243 2242 2348
f 2243 2348 2349
f 2244 2243 2349
f 2244 2349 2350
f 2245 2244 2350
f 2245 2350 2351
f 2246 2245 2351
f 2246 2351 2352
f 2247 2246 2352
f 2247 2352 2353
f 2248 2353 2354
f 2248 2247 2353
f 2249 2354 2355
f 2249 2248 2354
f 2250 2355 2356
f 2250 2249 2355
f 2251 2356 2357
f 2251 2250 2356
f 2252 2357 2358
f 2252 2251 2357
f 2253 2358 2359
f 2253 2252 2358
f 2254 2359 2360
f 2254 2253 2359
f 2255 2254 2360
f 2255 2360 2361
f 2256 2255 2361
f 2256 2361 2362
f 2257 2256 2362
f 2257 2362 2363
f 2258 2257 2363
f 2258 2363 2364
f 2259 2258 2364
f 2259 2364 2365
f 2260 2259 2365
f 2260 2365 2366
f 2261 2260 2366
f 2261 2366 2367
f 2262 2261 2367
f 2262 2367 2368
f 2262 2368 2369
f 2263 2262 2369
f 2264 2263 2369
f 2264 2369 2370
f 2265 2264 2370
f 2265 2370 2371
f 2266 2265 2371
f 2266 2371 2372
f 2267 2266 2372
f 2267 2372 2373
f 2268 2267 2373
f 2268 2373 2374
f 2269 2268 2374
f 2269 2374 2375
f 2270 2269 2375
f 2270 2375 2376
f 2271 2270 2376
f 2271 2376 2377
f 2272 2271 2377
f 2272 2377 2378
f 2273 2272 2378
f 2273 2378 2379
f 2274 2273 2379
f 2274 2379 2380
f 2275 2274 2380
f 2275 2380 2381
f 2276 2275 2381
f 2276 2381 2382
f 2277 2276 2382
f 2277 2382 2383
f 2278 2277 2383
f 2278 2383 2384
f 2279 2384 2385
f 2279 2278 2384
f 2280 2385 2386
f 2280 2279 2385
f 2281 2280 2386
f 2281 2386 2387
f 2282 2387 2388
f 2282 2281 2387
f 2283 2388 2389
f 2283 2282 2388
f 2284 2389 2390
f 2284 2283 2389
f 2285 2390 2391
f 2285 2284 2390
f 2286 2391 2392
f 2286 2285 2391
f 2287 2392 2393
f 2287 2286 2392
f 2288 2287 2393
f 2288 2393 2394
f 2565 2460 2461
f 2565 2461 2566
f 2567 2461 2462
f 2567 2566 2461
f 2564 2459 2460
f 2564 2460 2565
f 2568 2567 2462
f 2568 2462 2463
f 2563 2458 2459
f 2563 2459 2564
f 2569 2568 2463
f 2569 2463 2464
f 2562 2457 2458
f 2562 2458 2563
f 2570 2569 2464
f 2570 2464 2465
f 2561 2457 2562
f 2561 2456 2457
f 2571 2570 2465
f 2571 2465 2466
f 2560 2455 2456
f 2560 2456 2561
f 2572 2466 2467
f 2572 2571 2466
f 2559 2454 2455
f 2559 2455 2560
f 2573 2572 2467
f 2573 2467 2468
f 2558 2454 2559
f 2558 2452 2453
f 2558 2453 2454
f 2574 2468 2469
f 2574 2573 2468
f 2557 2452 2558
f 2575 2574 2469
f 2575 2469 2470
f 2556 2451 2452
f 2556 2452 2557
f 2576 2575 2470
f 2576 2470 2471
f 2576 2471 2472
f 2555 2451 2556
f 2555 2450 2451
f 2577 2576 2472
f 2554 2450 2555
f 2554 2449 2450
f 2578 2577 2472
f 2578 2472 2473
f 2553 2449 2554
f 2553 2448 2449
f 2579 2578 2473
f 2579 2473 2474
f 2552 2448 2553
f 2552 2447 2448
f 2580 2579 2474
f 2580 2474 2475
f 2551 2446 2447
f 2551 2447 2552
f 2581 2580 2475
f 2581 2475 2476
f 2550 2445 2446
f 2550 2446 2551
f 2582 2581 2476
f 2582 2476 2477
f 2549 2445 2550
f 2549 2444 2445
f 2583 2582 2477
f 2583 2477 2478
f 2548 2443 2444
f 2548 2444 2549
f 2584 2583 2478
f 2584 2478 2479
f 2547 2442 2443
f 2547 2443 2548
f 2585 2584 2479
f 2585 2479 2480
f 2546 2441 2442
f 2546 2442 2547
f 2586 2585 2480
f 2586 2480 2481
f 2586 2481 2482
f 2545 2440 2441
f 2545 2441 2546
f 2587 2586 2482
f 2544 2439 2440
f 2544 2440 2545
f 2588 2482 2483
f 2588 2587 2482
f 2543 2438 2439
f 2543 2439 2544
f 2589 2588 2483
f 2589 2483 2484
f 2542 2437 2438
f 2542 2438 2543
f 2590 2484 2485
f 2590 2589 2484
f 2541 2437 2542
f 2541 2436 2437
f 2591 2590 2485
f 2591 2485 2486
f 2540 2436 2541
f 2540 2435 2436
f 2592 2591 2486
f 2487 2592 2486
f 2434 2540 2539
f 2434 2435 2540
f 2488 2592 2487
f 2488 2593 2592
f 2433 2434 2539
f 2433 2539 2538
f 2489 2593 2488
f 2489 2594 2593
f 2432 2538 2537
f 2432 2433 2538
f 2490 2594 2489
f 2490 2595 2594
f 2431 2536 2535
f 2431 2537 2536
f 2431 2432 2537
f 2491 2595 2490
f 2491 2596 2595
f 2430 2431 2535
f 2492 2597 2596
f 2492 2598 2597
f 2492 2596 2491
f 2429 2430 2535
f 2429 2535 2534
f 2493 2598 2492
f 2428 2534 2533
f 2428 2429 2534
f 2494 2599 2598
f 2494 2600 2599
f 2494 2598 2493
f 2427 2532 2531
f 2427 2533 2532
f 2427 2428 2533
f 2495 2601 2600
f 2495 2600 2494
f 2426 2427 2531
f 2496 2601 2495
f 2425 2426 2531
f 2425 2530 2529
f 2425 2531 2530
f 2497 2602 2601
f 2497 2603 2602
f 2497 2601 2496
f 2424 2425 2529
f 2498 2603 2497
f 2423 2529 2528
f 2423 2424 2529
f 2499 2604 2603
f 2499 2500 2604
f 2499 2603 2498
f 2422 2528 2527
f 2422 2423 2528
f 2395 2501 2500
f 2395 2500 2499
f 2421 2527 2526
f 2421 2422 2527
f 2396 2501 2395
f 2420 2421 2526
f 2420 2525 2524
f 2420 2526 2525
f 2397 2502 2501
f 2397 2503 2502
f 2397 2501 2396
f 2419 2420 2524
f 2398 2503 2397
f 2418 2524 2523
f 2418 2419 2524
f 2399 2504 2503
f 2399 2505 2504
f 2399 2503 2398
f 2417 2522 2521
f 2417 2523 2522
f 2417 2418 2523
f 2400 2505 2399
f 2416 2417 2521
f 2401 2506 2505
f 2401 2505 2400
f 2415 2521 2520
f 2415 2416 2521
f 2402 2507 2506
f 2402 2506 2401
f 2414 2520 2519
f 2414 2415 2520
f 2403 2508 2507
f 2403 2507 2402
f 2413 2414 2519
f 2413 2519 2518
f 2404 2508 2403
f 2404 2509 2508
f 2404 2510 2509
f 2412 2413 2518
f 2412 2518 2517
f 2405 2510 2404
f 2411 2412 2517
f 2411 2517 2516
f 2406 2511 2510
f 2406 2510 2405
f 2410 2411 2516
f 2410 2516 2515
f 2407 2511 2406
f 2407 2512 2511
f 2407 2513 2512
f 2409 2515 2514
f 2409 2410 2515
f 2408 2409 2514
f 2408 2514 2513
f 2408 2513 2407
f 2775 2671 2670
f 2775 2776 2671
f 2777 2672 2671
f 2777 2671 2776
f 2774 2670 2669
f 2774 2775 2670
f 2778 2672 2777
f 2778 2673 2672
f 2773 2669 2668
f 2773 2774 2669
f 2779 2673 2778
f 2779 2674 2673
f 2772 2668 2667
f 2772 2773 2668
f 2780 2674 2779
f 2780 2675 2674
f 2771 2772 2667
f 2771 2667 2666
f 2781 2675 2780
f 2781 2676 2675
f 2770 2666 2665
f 2770 2771 2666
f 2782 2677 2676
f 2782 2676 2781
f 2769 2665 2664
f 2769 2770 2665
f 2783 2677 2782
f 2783 2678 2677
f 2768 2769 2664
f 2768 2663 2662
f 2768 2664 2663
f 2784 2679 2678
f 2784 2678 2783
f 2767 2768 2662
f 2785 2679 2784
f 2785 2680 2679
f 2766 2662 2661
f 2766 2767 2662
f 2786 2680 2785
f 2786 2681 2680
f 2786 2682 2681
f 2765 2766 2661
f 2765 2661 2660
f 2787 2682 2786
f 2764 2765 2660
f 2764 2660 2659
f 2788 2682 2787
f 2788 2683 2682
f 2763 2764 2659
f 2763 2659 2658
f 2789 2683 2788
f 2789 2684 2683
f 2762 2763 2658
f 2762 2658 2657
f 2790 2684 2789
f 2790 2685 2684
f 2761 2657 2656
f 2761 2762 2657
f 2791 2685 2790
f 2791 2686 2685
f 2760 2656 2655
f 2760 2761 2656
f 2792 2686 2791
f 2792 2687 2686
f 2759 2760 2655
f 2759 2655 2654
f 2793 2687 2792
f 2793 2688 2687
f 2758 2654 2653
f 2758 2759 2654
f 2794 2688 2793
f 2794 2689 2688
f 2757 2653 2652
f 2757 2758 2653
f 2795 2689 2794
f 2795 2690 2689
f 2756 2652 2651
f 2756 2757 2652
f 2796 2690 2795
f 2796 2691 2690
f 2796 2692 2691
f 2755 2651 2650
f 2755 2756 2651
f 2797 2692 2796
f 2754 2650 2649
f 2754 2755 2650
f 2798 2693 2692
f 2798 2692 2797
f 2753 2649 2648
f 2753 2754 2649
f 2799 2693 2798
f 2799 2694 2693
f 2752 2648 2647
f 2752 2753 2648
f 2800 2695 2694
f 2800 2694 2799
f 2751 2752 2647
f 2751 2647 2646
f 2801 2695 2800
f 2801 2696 2695
f 2750 2751 2646
f 2750 2646 2645
f 2802 2696 2801
f 2697 2696 2802
f 2644 2749 2750
f 2644 2750 2645
f 2698 2697 2802
f 2698 2802 2803
f 2643 2749 2644
f 2643 2748 2749
f 2699 2698 2803
f 2699 2803 2804
f 2642 2747 2748
f 2642 2748 2643
f 2700 2699 2804
f 2700 2804 2805
f 2641 2745 2746
f 2641 2746 2747
f 2641 2747 2642
f 2701 2700 2805
f 2701 2805 2806
f 2640 2745 2641
f 2702 2806 2807
f 2702 2807 2808
f 2702 2701 2806
f 2639 2745 2640
f 2639 2744 2745
f 2703 2702 2808
f 2638 2743 2744
f 2638 2744 2639
f 2704 2808 2809
f 2704 2809 2810
f 2704 2703 2808
f 2637 2741 2742
f 2637 2742 2743
f 2637 2743 2638
f 2705 2810 2811
f 2705 2704 2810
f 2636 2741 2637
f 2706 2705 2811
f 2635 2741 2636
f 2635 2739 2740
f 2635 2740 2741
f 2707 2811 2812
f 2707 2812 2813
f 2707 2706 2811
f 2634 2739 2635
f 2708 2707 2813
f 2633 2738 2739
f 2633 2739 2634
f 2709 2813 2814
f 2709 2814 2710
f 2709 2708 2813
f 2632 2737 2738
f 2632 2738 2633
f 2605 2710 2711
f 2605 2709 2710
f 2631 2736 2737
f 2631 2737 2632
f 2606 2605 2711
f 2630 2736 2631
f 2630 2734 2735
f 2630 2735 2736
f 2607 2711 2712
f 2607 2712 2713
f 2607 2606 2711
f 2629 2734 2630
f 2608 2607 2713
f 2628 2733 2734
f 2628 2734 2629
f 2609 2713 2714
f 2609 2714 2715
f 2609 2608 2713
f 2627 2731 2732
f 2627 2732 2733
f 2627 2733 2628
f 2610 2609 2715
f 2626 2731 2627
f 2611 2715 2716
f 2611 2610 2715
f 2625 2730 2731
f 2625 2731 2626
f 2612 2716 2717
f 2612 2611 2716
f 2624 2729 2730
f 2624 2730 2625
f 2613 2717 2718
f 2613 2612 2717
f 2623 2729 2624
f 2623 2728 2729
f 2614 2613 2718
f 2614 2718 2719
f 2614 2719 2720
f 2622 2728 2623
f 2622 2727 2728
f 2615 2614 2720
f 2621 2727 2622
f 2621 2726 2727
f 2616 2720 2721
f 2616 2615 2720
f 2620 2726 2621
f 2620 2725 2726
f 2617 2616 2721
f 2617 2721 2722
f 2617 2722 2723
f 2619 2724 2725
f 2619 2725 2620
f 2618 2724 2619
f 2618 2723 2724
f 2618 2617 2723
f 2816 2921 2815
f 2816 2922 2921
f 2817 2923 2922
f 2817 2922 2816
f 2818 2924 2923
f 2818 2923 2817
f 2819 2925 2924
f 2819 2924 2818
f 2820 2926 2925
f 2820 2925 2819
f 2821 2927 2926
f 2821 2926 2820
f 2822 2928 2927
f 2822 2927 2821
f 2823 2929 2928
f 2823 2928 2822
f 2824 2930 2929
f 2824 2929 2823
f 2825 2931 2930
f 2825 2930 2824
f 2826 2932 2931
f 2826 2931 2825
f 2827 2933 2932
f 2827 2932 2826
f 2828 2934 2933
f 2828 2933 2827
f 2829 2935 2934
f 2829 2934 2828
f 2830 2936 2935
f 2830 2935 2829
f 2831 2937 2936
f 2831 2936 2830
f 2832 2938 2937
f 2832 2937 2831
f 2833 2939 2938
f 2833 2938 2832
f 2834 2940 2939
f 2834 2939 2833
f 2835 2941 2940
f 2835 2940 2834
f 2836 2942 2941
f 2836 2941 2835
f 2837 2942 2836
f 2837 2943 2942
f 2838 2943 2837
f 2838 2944 2943
f 2839 2944 2838
f 2839 2945 2944
f 2840 2945 2839
f 2840 2946 2945
f 2840 2947 2946
f 2841 2947 2840
f 2842 2947 2841
f 2842 2948 2947
f 2843 2948 2842
f 2843 2949 2948
f 2844 2949 2843
f 2844 2950 2949
f 2845 2950 2844
f 2845 2951 2950
f 2846 2952 2951
f 2846 2951 2845
f 2847 2953 2952
f 2847 2954 2953
f 2847 2952 2846
f 2848 2954 2847
f 2849 2955 2954
f 2849 2954 2848
f 2850 2956 2955
f 2850 2955 2849
f 2851 2957 2956
f 2851 2956 2850
f 2852 2958 2957
f 2852 2957 2851
f 2853 2959 2958
f 2853 2960 2959
f 2853 2958 2852
f 2854 2960 2853
f 2855 2961 2960
f 2855 2960 2854
f 2856 2962 2961
f 2856 2961 2855
f 2857 2963 2962
f 2857 2962 2856
f 2858 2964 2963
f 2858 2963 2857
f 2859 2965 2964
f 2859 2964 2858
f 2860 2966 2965
f 2860 2965 2859
f 2861 2967 2966
f 2861 2966 2860
f 2862 2968 2967
f 2862 2967 2861
f 2863 2968 2862
f 2863 2969 2968
f 2864 2969 2863
f 2864 2970 2969
f 2865 2970 2864
f 2865 2971 2970
f 2866 2971 2865
f 2866 2972 2971
f 2867 2972 2866
f 2867 2973 2972
f 2868 2973 2867
f 2868 2974 2973
f 2869 2974 2868
f 2869 2975 2974
f 2870 2975 2869
f 2870 2976 2975
f 2871 2976 2870
f 2871 2977 2976
f 2872 2977 2871
f 2872 2978 2977
f 2873 2978 2872
f 2873 2979 2978
f 2874 2979 2873
f 2874 2980 2979
f 2875 2980 2874
f 2875 2981 2980
f 2876 2981 2875
f 2876 2982 2981
f 2877 2982 2876
f 2877 2983 2982
f 2878 2983 2877
f 2878 2984 2983
f 2879 2984 2878
f 2879 2985 2984
f 2880 2986 2985
f 2880 2985 2879
f 2881 2987 2986
f 2881 2986 2880
f 2882 2988 2987
f 2882 2987 2881
f 2883 2989 2988
f 2883 2988 2882
f 2884 2990 2989
f 2884 2989 2883
f 2885 2991 2990
f 2885 2990 2884
f 2886 2992 2991
f 2886 2991 2885
f 2887 2992 2886
f 2887 2993 2992
f 2888 2993 2887
f 2888 2994 2993
f 2889 2994 2888
f 2889 2995 2994
f 2890 2995 2889
f 2890 2996 2995
f 2891 2996 2890
f 2891 2997 2996
f 2892 2997 2891
f 2892 2998 2997
f 2893 2998 2892
f 2893 2999 2998
f 2894 2999 2893
f 2894 3000 2999
f 2894 3001 3000
f 2895 3001 2894
f 2896 3001 2895
f 2896 3002 3001
f 2897 3002 2896
f 2897 3003 3002
f 2898 3003 2897
f 2898 3004 3003
f 2899 3004 2898
f 2899 3005 3004
f 2900 3005 2899
f 2900 3006 3005
f 2901 3006 2900
f 2901 3007 3006
f 2902 3007 2901
f 2902 3008 3007
f 2903 3008 2902
f 2903 3009 3008
f 2904 3009 2903
f 2904 3010 3009
f 2905 3010 2904
f 2905 3011 3010
f 2906 3011 2905
f 2906 3012 3011
f 2907 3012 2906
f 2907 3013 3012
f 2908 3013 2907
f 2908 3014 3013
f 2909 3014 2908
f 2909 3015 3014
f 2910 3015 2909
f 2910 3016 3015
f 2911 3017 3016
f 2911 3016 2910
f 2912 3018 3017
f 2912 3017 2911
f 2913 3018 2912
f 2913 3019 3018
f 2914 3020 3019
f 2914 3019 2913
f 2915 3021 3020
f 2915 3020 2914
f 2916 3022 3021
f 2916 3021 2915
f 2917 3023 3022
f 2917 3022 2916
f 2918 3024 3023
f 2918 3023 2917
f 2919 3025 3024
f 2919 3024 2918
f 2920 3025 2919
f 2920 3026 3025
f 3028 3027 3133
f 3028 3133 3134
f 3029 3134 3135
f 3029 3028 3134
f 3030 3135 3136
f 3030 3029 3135
f 3031 3136 3137
f 3031 3030 3136
f 3032 3137 3138
f 3032 3031 3137
f 3033 3138 3139
f 3033 3139 3140
f 3033 3032 3138
f 3034 3033 3140
f 3035 3140 3141
f 3035 3141 3142
f 3035 3034 3140
f 3036 3035 3142
f 3037 3142 3143
f 3037 3036 3142
f 3038 3143 3144
f 3038 3037 3143
f 3039 3144 3145
f 3039 3038 3144
f 3040 3145 3146
f 3040 3039 3145
f 3041 3146 3147
f 3041 3040 3146
f 3042 3147 3148
f 3042 3041 3147
f 3043 3148 3149
f 3043 3042 3148
f 3044 3149 3150
f 3044 3043 3149
f 3045 3150 3151
f 3045 3044 3150
f 3046 3151 3152
f 3046 3045 3151
f 3047 3152 3153
f 3047 3046 3152
f 3048 3153 3154
f 3048 3154 3155
f 3048 3047 3153
f 3049 3048 3155
f 3050 3049 3155
f 3050 3155 3156
f 3051 3050 3156
f 3051 3156 3157
f 3052 3051 3157
f 3052 3157 3158
f 3053 3052 3158
f 3053 3158 3159
f 3053 3159 3160
f 3054 3053 3160
f 3055 3054 3160
f 3055 3160 3161
f 3056 3055 3161
f 3056 3161 3162
f 3057 3056 3162
f 3057 3162 3163
f 3058 3163 3164
f 3058 3057 3163
f 3059 3164 3165
f 3059 3058 3164
f 3060 3165 3166
f 3060 3059 3165
f 3061 3166 3167
f 3061 3060 3166
f 3062 3167 3168
f 3062 3061 3167
f 3063 3168 3169
f 3063 3062 3168
f 3064 3169 3170
f 3064 3063 3169
f 3065 3170 3171
f 3065 3064 3170
f 3066 3171 3172
f 3066 3065 3171
f 3067 3172 3173
f 3067 3066 3172
f 3068 3173 3174
f 3068 3067 3173
f 3069 3174 3175
f 3069 3068 3174
f 3070 3175 3176
f 3070 3069 3175
f 3071 3176 3177
f 3071 3070 3176
f 3072 3177 3178
f 3072 3071 3177
f 3073 3178 3179
f 3073 3072 3178
f 3074 3073 3179
f 3074 3179 3180
f 3075 3074 3180
f 3075 3180 3181
f 3076 3075 3181
f 3076 3181 3182
f 3077 3076 3182
f 3077 3182 3183
f 3078 3077 3183
f 3078 3183 3184
f 3079 3078 3184
f 3079 3184 3185
f 3080 3079 3185
f 3080 3185 3186
f 3081 3080 3186
f 3081 3186 3187
f 3082 3081 3187
f 3082 3187 3188
f 3083 3082 3188
f 3083 3188 3189
f 3083 3189 3190
f 3084 3083 3190
f 3085 3084 3190
f 3085 3190 3191
f 3086 3085 3191
f 3086 3191 3192
f 3087 3086 3192
f 3087 3192 3193
f 3088 3087 3193
f 3088 3193 3194
f 3089 3088 3194
f 3089 3194 3195
f 3090 3089 3195
f 3090 3195 3196
f 3091 3090 3196
f 3091 3196 3197
f 3092 3197 3198
f 3092 3091 3197
f 3093 3198 3199
f 3093 3092 3198
f 3094 3199 3200
f 3094 3093 3199
f 3095 3200 3201
f 3095 3094 3200
f 3096 3201 3202
f 3096 3095 3201
f 3097 3202 3203
f 3097 3096 3202
f 3098 3203 3204
f 3098 3097 3203
f 3099 3098 3204
f 3099 3204 3205
f 3100 3099 3205
f 3100 3205 3206
f 3101 3100 3206
f 3101 3206 3207
f 3102 3101 3207
f 3102 3207 3208
f 3103 3102 3208
f 3103 3208 3209
f 3103 3209 3210
f 3104 3103 3210
f 3105 3104 3210
f 3105 3210 3211
f 3106 3105 3211
f 3106 3211 3212
f 3107 3106 3212
f 3107 3212 3213
f 3108 3107 3213
f 3108 3213 3214
f 3109 3108 3214
f 3109 3214 3215
f 3110 3109 3215
f 3110 3215 3216
f 3111 3110 3216
f 3111 3216 3217
f 3112 3111 3217
f 3112 3217 3218
f 3113 3112 3218
f 3113 3218 3219
f 3114 3113 3219
f 3114 3219 3220
f 3115 3114 3220
f 3115 3220 3221
f 3116 3115 3221
f 3116 3221 3222
f 3117 3116 3222
f 3117 3222 3223
f 3118 3117 3223
f 3118 3223 3224
f 3119 3118 3224
f 3119 3224 3225
f 3120 3119 3225
f 3120 3225 3226
f 3121 3120 3226
f 3121 3226 3227
f 3122 3121 3227
f 3122 3227 3228
f 3123 3228 3229
f 3123 3122 3228
f 3124 3229 3230
f 3124 3123 3229
f 3125 3124 3230
f 3125 3230 3231
f 3126 3231 3232
f 3126 3125 3231
f 3127 3232 3233
f 3127 3126 3232
f 3128 3233 3234
f 3128 3127 3233
f 3129 3234 3235
f 3129 3128 3234
f 3130 3235 3236
f 3130 3129 3235
f 3131 3236 3237
f 3131 3130 3236
f 3132 3131 3237
f 3132 3237 3238
f 3348 3300 3301
f 3348 3301 3302
f 3348 3302 3303
f 3348 3303 3304
f 3348 3304 3305
f 3348 3305 3306
f 3348 3306 3307
f 3348 3307 3308
f 3348 3308 3309
f 3348 3309 3310
f 3348 3310 3311
f 3348 3311 3312
f 3348 3312 3313
f 3348 3313 3314
f 3348 3314 3315
f 3348 3315 3316
f 3348 3316 3317
f 3348 3317 3318
f 3349 3284 3285
f 3349 3285 3286
f 3349 3286 3287
f 3349 3287 3288
f 3349 3288 3289
f 3349 3289 3290
f 3349 3290 3291
f 3349 3300 3348
f 3349 3291 3292
f 3349 3292 3293
f 3349 3293 3294
f 3349 3294 3295
f 3349 3295 3296
f 3349 3296 3297
f 3349 3297 3298
f 3349 3298 3299
f 3349 3299 3300
f 3283 3284 3349
f 3347 3348 3318
f 3347 3318 3319
f 3347 3319 3320
f 3347 3320 3321
f 3347 3321 3322
f 3347 3322 3323
f 3347 3323 3324
f 3347 3324 3325
f 3347 3325 3326
f 3347 3326 3327
f 3347 3327 3328
f 3329 3347 3328
f 3330 3347 3329
f 3331 3347 3330
f 3332 3347 3331
f 3344 3283 3349
f 3344 3277 3278
f 3344 3278 3279
f 3344 3279 3280
f 3344 3280 3281
f 3344 3281 3282
f 3344 3282 3283
f 3333 3347 3332
f 3276 3277 3344
f 3334 3347 3333
f 3275 3276 3344
f 3335 3347 3334
f 3274 3275 3344
f 3273 3274 3344
f 3346 3347 3335
f 3346 3335 3336
f 3337 3346 3336
f 3272 3273 3344
f 3338 3346 3337
f 3271 3272 3344
f 3339 3346 3338
f 3270 3271 3344
f 3340 3346 3339
f 3269 3270 3344
f 3341 3346 3340
f 3268 3269 3344
f 3342 3346 3341
f 3267 3268 3344
f 3343 3346 3342
f 3266 3267 3344
f 3239 3346 3343
f 3265 3344 3345
f 3265 3266 3344
f 3240 3346 3239
f 3264 3265 3345
f 3241 3346 3240
f 3263 3264 3345
f 3242 3346 3241
f 3262 3263 3345
f 3243 3346 3242
f 3261 3262 3345
f 3244 3346 3243
f 3260 3261 3345
f 3245 3346 3244
f 3259 3260 3345
f 3246 3346 3245
f 3258 3259 3345
f 3247 3346 3246
f 3257 3258 3345
f 3248 3345 3346
f 3248 3346 3247
f 3256 3257 3345
f 3249 3345 3248
f 3255 3256 3345
f 3250 3345 3249
f 3254 3255 3345
f 3251 3345 3250
f 3253 3254 3345
f 3252 3345 3251
f 3252 3253 3345
f 3520 3416 3415
f 3520 3521 3416
f 3522 3417 3416
f 3522 3416 3521
f 3519 3415 3414
f 3519 3520 3415
f 3523 3418 3417
f 3523 3417 3522
f 3518 3414 3413
f 3518 3519 3414
f 3524 3419 3418
f 3524 3418 3523
f 3517 3413 3412
f 3517 3518 3413
f 3525 3419 3524
f 3525 3420 3419
f 3516 3517 3412
f 3516 3412 3411
f 3526 3420 3525
f 3526 3421 3420
f 3515 3516 3411
f 3515 3411 3410
f 3527 3421 3526
f 3527 3422 3421
f 3514 3515 3410
f 3514 3410 3409
f 3528 3422 3527
f 3528 3423 3422
f 3513 3409 3408
f 3513 3514 3409
f 3529 3423 3528
f 3529 3424 3423
f 3512 3513 3408
f 3512 3408 3407
f 3530 3424 3529
f 3530 3425 3424
f 3511 3512 3407
f 3511 3407 3406
f 3531 3425 3530
f 3531 3426 3425
f 3531 3427 3426
f 3510 3511 3406
f 3510 3406 3405
f 3532 3427 3531
f 3509 3510 3405
f 3509 3405 3404
f 3533 3427 3532
f 3533 3428 3427
f 3508 3509 3404
f 3508 3404 3403
f 3534 3429 3428
f 3534 3428 3533
f 3507 3508 3403
f 3507 3403 3402
f 3535 3429 3534
f 3535 3430 3429
f 3506 3507 3402
f 3506 3402 3401
f 3536 3430 3535
f 3536 3431 3430
f 3505 3400 3399
f 3505 3401 3400
f 3505 3506 3401
f 3537 3431 3536
f 3537 3432 3431
f 3504 3505 3399
f 3538 3432 3537
f 3538 3433 3432
f 3503 3399 3398
f 3503 3504 3399
f 3539 3433 3538
f 3539 3434 3433
f 3502 3503 3398
f 3502 3398 3397
f 3540 3434 3539
f 3540 3435 3434
f 3501 3397 3396
f 3501 3502 3397
f 3541 3435 3540
f 3541 3436 3435
f 3500 3501 3396
f 3500 3396 3395
f 3542 3436 3541
f 3542 3437 3436
f 3499 3395 3394
f 3499 3500 3395
f 3543 3437 3542
f 3543 3438 3437
f 3498 3394 3393
f 3498 3499 3394
f 3544 3438 3543
f 3544 3439 3438
f 3497 3392 3391
f 3497 3393 3392
f 3497 3498 3393
f 3545 3439 3544
f 3545 3440 3439
f 3496 3497 3391
f 3546 3440 3545
f 3546 3441 3440
f 3495 3496 3391
f 3495 3391 3390
f 3442 3441 3546
f 3442 3546 3547
f 3389 3495 3390
f 3389 3494 3495
f 3443 3442 3547
f 3443 3547 3548
f 3388 3494 3389
f 3388 3493 3494
f 3444 3443 3548
f 3444 3548 3549
f 3387 3493 3388
f 3387 3491 3492
f 3387 3492 3493
f 3445 3444 3549
f 3445 3549 3550
f 3386 3491 3387
f 3446 3551 3552
f 3446 3445 3550
f 3446 3550 3551
f 3385 3490 3491
f 3385 3491 3386
f 3447 3446 3552
f 3384 3489 3490
f 3384 3490 3385
f 3448 3552 3553
f 3448 3447 3552
f 3383 3488 3489
f 3383 3489 3384
f 3449 3553 3554
f 3449 3448 3553
f 3382 3487 3488
f 3382 3488 3383
f 3450 3554 3555
f 3450 3449 3554
f 3381 3487 3382
f 3381 3486 3487
f 3451 3555 3556
f 3451 3556 3557
f 3451 3450 3555
f 3380 3486 3381
f 3380 3485 3486
f 3452 3451 3557
f 3379 3484 3485
f 3379 3485 3380
f 3453 3557 3558
f 3453 3452 3557
f 3378 3484 3379
f 3378 3483 3484
f 3454 3558 3559
f 3454 3453 3558
f 3377 3482 3483
f 3377 3483 3378
f 3350 3559 3455
f 3350 3454 3559
f 3376 3480 3481
f 3376 3481 3482
f 3376 3482 3377
f 3351 3455 3456
f 3351 3456 3457
f 3351 3350 3455
f 3375 3480 3376
f 3352 3457 3458
f 3352 3351 3457
f 3374 3478 3479
f 3374 3479 3480
f 3374 3480 3375
f 3353 3352 3458
f 3373 3477 3478
f 3373 3478 3374
f 3354 3458 3459
f 3354 3353 3458
f 3372 3477 3373
f 3355 3459 3460
f 3355 3354 3459
f 3371 3475 3476
f 3371 3476 3477
f 3371 3477 3372
f 3356 3460 3461
f 3356 3355 3460
f 3370 3475 3371
f 3357 3461 3462
f 3357 3356 3461
f 3369 3475 3370
f 3369 3473 3474
f 3369 3474 3475
f 3358 3357 3462
f 3358 3462 3463
f 3368 3473 3369
f 3368 3472 3473
f 3359 3463 3464
f 3359 3358 3463
f 3367 3472 3368
f 3360 3359 3464
f 3360 3464 3465
f 3366 3471 3472
f 3366 3472 3367
f 3361 3360 3465
f 3361 3465 3466
f 3365 3471 3366
f 3365 3470 3471
f 3362 3466 3467
f 3362 3467 3468
f 3362 3361 3466
f 3364 3469 3470
f 3364 3470 3365
f 3363 3468 3469
f 3363 3469 3364
f 3363 3362 3468
f 3561 3560 3562
f 3561 3562 3563
f 3564 3566 3567
f 3565 3564 3567
f 3569 3568 3570
f 3569 3570 3571
f 3573 3572 3574
f 3573 3574 3575
f 3576 3578 3579
f 3577 3576 3579
f 3581 3580 3582
f 3581 3582 3583
f 3585 3584 3690
f 3585 3690 3691
f 3586 3691 3692
f 3586 3585 3691
f 3587 3692 3693
f 3587 3586 3692
f 3588 3693 3694
f 3588 3694 3695
f 3588 3587 3693
f 3589 3588 3695
f 3590 3695 3696
f 3590 3589 3695
f 3591 3696 3697
f 3591 3590 3696
f 3592 3697 3698
f 3592 3698 3699
f 3592 3591 3697
f 3593 3699 3700
f 3593 3592 3699
f 3594 3593 3700
f 3595 3700 3701
f 3595 3594 3700
f 3596 3701 3702
f 3596 3702 3703
f 3596 3595 3701
f 3597 3703 3704
f 3597 3596 3703
f 3598 3597 3704
f 3599 3704 3705
f 3599 3598 3704
f 3600 3705 3706
f 3600 3599 3705
f 3601 3706 3707
f 3601 3707 3708
f 3601 3600 3706
f 3602 3601 3708
f 3603 3708 3709
f 3603 3602 3708
f 3604 3709 3710
f 3604 3710 3711
f 3604 3603 3709
f 3605 3604 3711
f 3606 3605 3711
f 3606 3711 3712
f 3607 3606 3712
f 3607 3712 3713
f 3608 3607 3713
f 3608 3713 3714
f 3609 3608 3714
f 3609 3714 3715
f 3610 3609 3715
f 3610 3715 3716
f 3611 3610 3716
f 3611 3716 3717
f 3612 3611 3717
f 3612 3717 3718
f 3612 3718 3719
f 3613 3612 3719
f 3614 3613 3719
f 3614 3719 3720
f 3615 3720 3721
f 3615 3614 3720
f 3616 3721 3722
f 3616 3615 3721
f 3617 3722 3723
f 3617 3616 3722
f 3618 3723 3724
f 3618 3617 3723
f 3619 3724 3725
f 3619 3618 3724
f 3620 3725 3726
f 3620 3619 3725
f 3621 3726 3727
f 3621 3727 3728
f 3621 3620 3726
f 3622 3621 3728
f 3623 3728 3729
f 3623 3729 3730
f 3623 3622 3728
f 3624 3623 3730
f 3625 3730 3731
f 3625 3624 3730
f 3626 3731 3732
f 3626 3732 3733
f 3626 3625 3731
f 3627 3626 3733
f 3628 3733 3734
f 3628 3627 3733
f 3629 3734 3735
f 3629 3735 3736
f 3629 3628 3734
f 3630 3629 3736
f 3631 3736 3737
f 3631 3737 3738
f 3631 3630 3736
f 3632 3631 3738
f 3633 3632 3738
f 3633 3738 3739
f 3633 3739 3740
f 3634 3633 3740
f 3635 3634 3740
f 3635 3740 3741
f 3636 3635 3741
f 3636 3741 3742
f 3636 3742 3743
f 3637 3636 3743
f 3638 3637 3743
f 3638 3743 3744
f 3638 3744 3745
f 3639 3638 3745
f 3640 3639 3745
f 3640 3745 3746
f 3641 3640 3746
f 3641 3746 3747
f 3641 3747 3748
f 3642 3641 3748
f 3643 3642 3748
f 3643 3748 3749
f 3644 3643 3749
f 3644 3749 3750
f 3644 3750 3751
f 3645 3644 3751
f 3645 3751 3752
f 3646 3645 3752
f 3646 3752 3753
f 3647 3646 3753
f 3648 3647 3753
f 3648 3753 3754
f 3648 3754 3755
f 3649 3755 3756
f 3649 3648 3755
f 3650 3649 3756
f 3651 3756 3757
f 3651 3757 3758
f 3651 3650 3756
f 3652 3651 3758
f 3653 3758 3759
f 3653 3759 3760
f 3653 3652 3758
f 3654 3760 3761
f 3654 3653 3760
f 3655 3761 3762
f 3655 3654 3761
f 3656 3655 3762
f 3657 3656 3762
f 3657 3762 3763
f 3657 3763 3764
f 3658 3657 3764
f 3659 3658 3764
f 3659 3764 3765
f 3659 3765 3766
f 3660 3659 3766
f 3660 3766 3767
f 3661 3660 3767
f 3662 3661 3767
f 3662 3767 3768
f 3663 3662 3768
f 3663 3768 3769
f 3663 3769 3770
f 3664 3663 3770
f 3665 3664 3770
f 3665 3770 3771
f 3666 3665 3771
f 3666 3771 3772
f 3667 3666 3772
f 3667 3772 3773
f 3668 3667 3773
f 3668 3773 3774
f 3669 3668 3774
f 3669 3774 3775
f 3670 3669 3775
f 3670 3775 3776
f 3671 3670 3776
f 3671 3776 3777
f 3672 3671 3777
f 3672 3777 3778
f 3672 3778 3779
f 3673 3672 3779
f 3674 3673 3779
f 3674 3779 3780
f 3674 3780 3781
f 3675 3674 3781
f 3676 3675 3781
f 3676 3781 3782
f 3677 3676 3782
f 3677 3782 3783
f 3678 3677 3783
f 3678 3783 3784
f 3679 3678 3784
f 3679 3784 3785
f 3680 3785 3786
f 3680 3679 3785
f 3681 3786 3787
f 3681 3680 3786
f 3682 3681 3787
f 3682 3787 3788
f 3683 3788 3789
f 3683 3682 3788
f 3684 3789 3790
f 3684 3683 3789
f 3685 3790 3791
f 3685 3684 3790
f 3686 3791 3792
f 3686 3685 3791
f 3687 3792 3793
f 3687 3686 3792
f 3688 3793 3794
f 3688 3687 3793
f 3689 3688 3794
f 3689 3794 3795
f 3797 3798 3799
f 3797 3799 3800
f 3797 3800 3801
f 3797 3801 3796
f 3886 3884 3883
f 3886 3885 3884
f 3849 3851 3850
f 3849 3852 3851
f 3849 3853 3852
f 3888 3886 3883
f 3888 3883 3882
f 3888 3887 3886
f 3891 3881 3880
f 3891 3882 3881
f 3891 3888 3882
f 3891 3889 3888
f 3891 3890 3889
f 3843 3845 3844
f 3843 3846 3845
f 3893 3892 3891
f 3841 3843 3842
f 3841 3847 3846
f 3841 3848 3847
f 3841 3846 3843
f 3895 3894 3893
f 3896 3895 3893
f 3839 3841 3840
f 3898 3897 3896
f 3837 3839 3838
f 3837 3841 3839
f 3899 3898 3896
f 3899 3896 3893
f 3835 3837 3836
f 3901 3899 3893
f 3901 3900 3899
f 3834 3837 3835
f 3902 3893 3891
f 3902 3901 3893
f 3903 3902 3891
f 3830 3832 3831
f 3830 3833 3832
f 3830 3834 3833
f 3906 3904 3903
f 3906 3905 3904
f 3802 3906 3903
f 3803 3802 3903
f 3827 3829 3828
f 3805 3804 3803
f 3824 3826 3825
f 3807 3806 3805
f 3808 3805 3803
f 3808 3807 3805
f 3822 3824 3823
f 3822 3827 3826
f 3822 3830 3829
f 3822 3829 3827
f 3822 3826 3824
f 3810 3809 3808
f 3810 3808 3803
f 3820 3822 3821
f 3811 3810 3803
f 3812 3811 3803
f 3818 3820 3819
f 3813 3812 3803
f 3817 3834 3830
f 3817 3830 3822
f 3817 3822 3820
f 3817 3820 3818
f 3814 3903 3891
f 3814 3849 3848
f 3814 3854 3853
f 3814 3803 3903
f 3814 3855 3854
f 3814 3856 3855
f 3814 3857 3856
f 3814 3858 3857
f 3814 3859 3858
f 3814 3860 3859
f 3814 3861 3860
f 3814 3862 3861
f 3814 3863 3862
f 3814 3864 3863
f 3814 3865 3864
f 3814 3853 3849
f 3814 3866 3865
f 3814 3867 3866
f 3814 3868 3867
f 3814 3869 3868
f 3814 3870 3869
f 3814 3871 3870
f 3814 3872 3871
f 3814 3873 3872
f 3814 3874 3873
f 3814 3875 3874
f 3814 3876 3875
f 3814 3877 3876
f 3814 3878 3877
f 3814 3879 3878
f 3814 3880 3879
f 3814 3813 3803
f 3814 3891 3880
f 3815 3848 3841
f 3815 3817 3816
f 3815 3837 3834
f 3815 3841 3837
f 3815 3834 3817
f 3815 3814 3848
f 3909 3908 3907
f 3910 3909 3907
f 3913 3912 3911
f 3914 3913 3911
f 3918 3916 3915
f 3918 3917 3916
f 3990 3991 3923
f 3992 3923 3991
f 3989 3990 3923
f 3993 3923 3992
f 3988 3989 3923
f 3994 3923 3993
f 3987 3988 3923
f 3995 3923 3994
f 3986 3923 3922
f 3986 3987 3923
f 3996 3923 3995
f 3985 3986 3922
f 3997 3923 3996
f 3984 3985 3922
f 3998 3923 3997
f 3983 3984 3922
f 3999 3923 3998
f 3982 3983 3922
f 4000 3923 3999
f 3981 3982 3922
f 4001 3923 4000
f 3980 3981 3922
f 4002 3923 4001
f 3979 3980 3922
f 4003 3923 4002
f 3978 3979 3922
f 4004 3923 4003
f 3977 3978 3922
f 3976 3977 3922
f 3924 3923 4004
f 3924 4004 4005
f 3924 4005 4006
f 3975 3976 3922
f 4007 3924 4006
f 3974 3975 3922
f 4008 3924 4007
f 3973 3974 3922
f 4009 3924 4008
f 3972 3973 3922
f 4010 3924 4009
f 3971 3972 3922
f 4011 3924 4010
f 3970 3971 3922
f 4012 3924 4011
f 3969 3970 3922
f 4013 3924 4012
f 4014 3924 4013
f 4015 3924 4014
f 4016 3924 4015
f 4017 3924 4016
f 4018 3924 4017
f 4019 3924 4018
f 4020 3924 4019
f 4021 3924 4020
f 3921 3954 3955
f 3921 3955 3956
f 3921 3956 3957
f 3921 3957 3958
f 3921 3958 3959
f 3921 3959 3960
f 3921 3960 3961
f 3921 3961 3962
f 3921 3962 3963
f 3921 3963 3964
f 3921 3964 3965
f 3921 3965 3966
f 3921 3966 3967
f 3921 3967 3968
f 3921 3968 3969
f 3921 3969 3922
f 3953 3954 3921
f 3952 3953 3921
f 3951 3952 3921
f 3919 4021 4022
f 3919 4022 4023
f 3919 4023 4024
f 3919 4024 4025
f 3919 4025 4026
f 3919 4026 4027
f 3919 3925 3926
f 3919 4027 4028
f 3919 3926 3927
f 3919 4028 4029
f 3919 3927 3928
f 3919 4029 3925
f 3919 3928 3929
f 3919 3929 3930
f 3919 3930 3931
f 3919 3931 3932
f 3919 3932 3933
f 3919 3933 3934
f 3919 3924 4021
f 3920 3934 3935
f 3920 3935 3936
f 3920 3936 3937
f 3920 3937 3938
f 3920 3938 3939
f 3920 3939 3940
f 3920 3940 3941
f 3920 3941 3942
f 3920 3942 3943
f 3920 3943 3944
f 3920 3944 3945
f 3920 3945 3946
f 3920 3946 3947
f 3920 3947 3948
f 3920 3948 3949
f 3920 3949 3950
f 3920 3950 3951
f 3920 3919 3934
f 3920 3951 3921
f 4101 4034 4102
f 4103 4102 4034
f 4100 4034 4101
f 4104 4103 4034
f 4099 4034 4100
f 4105 4104 4034
f 4098 4034 4099
f 4106 4105 4034
f 4097 4033 4034
f 4097 4034 4098
f 4107 4106 4034
f 4096 4033 4097
f 4108 4107 4034
f 4095 4033 4096
f 4109 4108 4034
f 4094 4033 4095
f 4110 4109 4034
f 4093 4033 4094
f 4111 4110 4034
f 4092 4033 4093
f 4112 4111 4034
f 4091 4033 4092
f 4113 4112 4034
f 4090 4033 4091
f 4114 4113 4034
f 4089 4033 4090
f 4115 4114 4034
f 4088 4033 4089
f 4087 4033 4088
f 4035 4115 4034
f 4035 4116 4115
f 4035 4117 4116
f 4086 4033 4087
f 4118 4117 4035
f 4085 4033 4086
f 4119 4118 4035
f 4084 4033 4085
f 4120 4119 4035
f 4083 4033 4084
f 4121 4120 4035
f 4082 4033 4083
f 4122 4121 4035
f 4081 4033 4082
f 4123 4122 4035
f 4080 4033 4081
f 4124 4123 4035
f 4125 4124 4035
f 4126 4125 4035
f 4127 4126 4035
f 4128 4127 4035
f 4129 4128 4035
f 4130 4129 4035
f 4131 4130 4035
f 4132 4131 4035
f 4032 4066 4065
f 4032 4067 4066
f 4032 4068 4067
f 4032 4069 4068
f 4032 4070 4069
f 4032 4071 4070
f 4032 4072 4071
f 4032 4073 4072
f 4032 4074 4073
f 4032 4075 4074
f 4032 4076 4075
f 4032 4077 4076
f 4032 4078 4077
f 4032 4079 4078
f 4032 4080 4079
f 4032 4033 4080
f 4064 4032 4065
f 4063 4032 4064
f 4062 4032 4063
f 4030 4133 4132
f 4030 4134 4133
f 4030 4135 4134
f 4030 4136 4135
f 4030 4137 4136
f 4030 4138 4137
f 4030 4037 4036
f 4030 4139 4138
f 4030 4038 4037
f 4030 4140 4139
f 4030 4039 4038
f 4030 4036 4140
f 4030 4040 4039
f 4030 4041 4040
f 4030 4042 4041
f 4030 4043 4042
f 4030 4044 4043
f 4030 4045 4044
f 4030 4132 4035
f 4031 4046 4045
f 4031 4047 4046
f 4031 4048 4047
f 4031 4049 4048
f 4031 4050 4049
f 4031 4051 4050
f 4031 4052 4051
f 4031 4053 4052
f 4031 4054 4053
f 4031 4055 4054
f 4031 4056 4055
f 4031 4057 4056
f 4031 4058 4057
f 4031 4059 4058
f 4031 4060 4059
f 4031 4061 4060
f 4031 4062 4061
f 4031 4045 4030
f 4031 4032 4062
f 4144 4142 4141
f 4144 4143 4142
f 4148 4146 4145
f 4148 4147 4146
f 4151 4150 4149
f 4152 4151 4149
f 4154 4259 4153
f 4154 4260 4259
f 4155 4261 4260
f 4155 4260 4154
f 4156 4262 4261
f 4156 4261 4155
f 4157 4263 4262
f 4157 4262 4156
f 4158 4264 4263
f 4158 4263 4157
f 4159 4265 4264
f 4159 4264 4158
f 4160 4266 4265
f 4160 4267 4266
f 4160 4265 4159
f 4161 4267 4160
f 4162 4268 4267
f 4162 4269 4268
f 4162 4267 4161
f 4163 4269 4162
f 4164 4270 4269
f 4164 4269 4163
f 4165 4271 4270
f 4165 4272 4271
f 4165 4270 4164
f 4166 4273 4272
f 4166 4272 4165
f 4167 4273 4166
f 4168 4274 4273
f 4168 4273 4167
f 4169 4275 4274
f 4169 4276 4275
f 4169 4274 4168
f 4170 4276 4169
f 4171 4277 4276
f 4171 4278 4277
f 4171 4276 4170
f 4172 4278 4171
f 4173 4279 4278
f 4173 4278 4172
f 4174 4280 4279
f 4174 4279 4173
f 4175 4280 4174
f 4175 4281 4280
f 4176 4281 4175
f 4176 4282 4281
f 4177 4282 4176
f 4177 4283 4282
f 4178 4283 4177
f 4178 4284 4283
f 4178 4285 4284
f 4179 4285 4178
f 4180 4285 4179
f 4180 4286 4285
f 4181 4286 4180
f 4181 4287 4286
f 4182 4287 4181
f 4182 4288 4287
f 4183 4288 4182
f 4183 4289 4288
f 4184 4290 4289
f 4184 4289 4183
f 4185 4291 4290
f 4185 4290 4184
f 4186 4292 4291
f 4186 4291 4185
f 4187 4293 4292
f 4187 4292 4186
f 4188 4294 4293
f 4188 4293 4187
f 4189 4295 4294
f 4189 4294 4188
f 4190 4296 4295
f 4190 4295 4189
f 4191 4297 4296
f 4191 4296 4190
f 4192 4298 4297
f 4192 4297 4191
f 4193 4299 4298
f 4193 4298 4192
f 4194 4300 4299
f 4194 4299 4193
f 4195 4301 4300
f 4195 4302 4301
f 4195 4300 4194
f 4196 4302 4195
f 4197 4303 4302
f 4197 4302 4196
f 4198 4304 4303
f 4198 4303 4197
f 4199 4305 4304
f 4199 4304 4198
f 4200 4306 4305
f 4200 4305 4199
f 4201 4306 4200
f 4201 4307 4306
f 4201 4308 4307
f 4202 4308 4201
f 4203 4308 4202
f 4203 4309 4308
f 4204 4309 4203
f 4204 4310 4309
f 4205 4310 4204
f 4205 4311 4310
f 4206 4311 4205
f 4206 4312 4311
f 4207 4312 4206
f 4207 4313 4312
f 4208 4313 4207
f 4208 4314 4313
f 4209 4314 4208
f 4209 4315 4314
f 4209 4316 4315
f 4210 4316 4209
f 4210 4317 4316
f 4211 4317 4210
f 4212 4317 4211
f 4212 4318 4317
f 4213 4318 4212
f 4213 4319 4318
f 4214 4319 4213
f 4214 4320 4319
f 4215 4320 4214
f 4215 4321 4320
f 4216 4321 4215
f 4216 4322 4321
f 4217 4322 4216
f 4217 4323 4322
f 4218 4324 4323
f 4218 4325 4324
f 4218 4323 4217
f 4219 4325 4218
f 4220 4326 4325
f 4220 4325 4219
f 4221 4327 4326
f 4221 4326 4220
f 4222 4328 4327
f 4222 4329 4328
f 4222 4327 4221
f 4223 4329 4222
f 4224 4330 4329
f 4224 4329 4223
f 4225 4330 4224
f 4225 4331 4330
f 4226 4331 4225
f 4226 4332 4331
f 4226 4333 4332
f 4227 4333 4226
f 4228 4333 4227
f 4228 4334 4333
f 4229 4334 4228
f 4229 4335 4334
f 4230 4335 4229
f 4230 4336 4335
f 4231 4336 4230
f 4231 4337 4336
f 4232 4337 4231
f 4232 4338 4337
f 4232 4339 4338
f 4233 4339 4232
f 4234 4339 4233
f 4234 4340 4339
f 4235 4340 4234
f 4235 4341 4340
f 4236 4341 4235
f 4236 4342 4341
f 4237 4342 4236
f 4237 4343 4342
f 4238 4343 4237
f 4238 4344 4343
f 4239 4344 4238
f 4239 4345 4344
f 4240 4345 4239
f 4240 4346 4345
f 4241 4346 4240
f 4241 4347 4346
f 4242 4347 4241
f 4242 4348 4347
f 4243 4348 4242
f 4243 4349 4348
f 4244 4349 4243
f 4244 4350 4349
f 4245 4350 4244
f 4245 4351 4350
f 4246 4351 4245
f 4246 4352 4351
f 4247 4352 4246
f 4247 4353 4352
f 4248 4353 4247
f 4248 4354 4353
f 4249 4355 4354
f 4249 4354 4248
f 4250 4356 4355
f 4250 4355 4249
f 4251 4356 4250
f 4251 4357 4356
f 4252 4358 4357
f 4252 4357 4251
f 4253 4359 4358
f 4253 4358 4252
f 4254 4360 4359
f 4254 4359 4253
f 4255 4361 4360
f 4255 4360 4254
f 4256 4362 4361
f 4256 4361 4255
f 4257 4363 4362
f 4257 4362 4256
f 4258 4363 4257
f 4258 4364 4363
f 4366 4365 4471
f 4366 4471 4472
f 4367 4472 4473
f 4367 4366 4472
f 4368 4473 4474
f 4368 4367 4473
f 4369 4474 4475
f 4369 4368 4474
f 4370 4475 4476
f 4370 4369 4475
f 4371 4476 4477
f 4371 4370 4476
f 4372 4477 4478
f 4372 4371 4477
f 4373 4478 4479
f 4373 4479 4480
f 4373 4372 4478
f 4374 4373 4480
f 4375 4480 4481
f 4375 4374 4480
f 4376 4481 4482
f 4376 4375 4481
f 4377 4482 4483
f 4377 4376 4482
f 4378 4483 4484
f 4378 4377 4483
f 4379 4484 4485
f 4379 4378 4484
f 4380 4485 4486
f 4380 4379 4485
f 4381 4486 4487
f 4381 4380 4486
f 4382 4487 4488
f 4382 4381 4487
f 4383 4488 4489
f 4383 4382 4488
f 4384 4489 4490
f 4384 4383 4489
f 4385 4490 4491
f 4385 4384 4490
f 4386 4491 4492
f 4386 4385 4491
f 4387 4386 4492
f 4387 4492 4493
f 4388 4387 4493
f 4388 4493 4494
f 4389 4388 4494
f 4389 4494 4495
f 4390 4389 4495
f 4390 4495 4496
f 4390 4496 4497
f 4391 4390 4497
f 4392 4391 4497
f 4392 4497 4498
f 4393 4392 4498
f 4393 4498 4499
f 4394 4393 4499
f 4394 4499 4500
f 4395 4394 4500
f 4395 4500 4501
f 4396 4501 4502
f 4396 4395 4501
f 4397 4502 4503
f 4397 4503 4504
f 4397 4396 4502
f 4398 4397 4504
f 4399 4504 4505
f 4399 4398 4504
f 4400 4505 4506
f 4400 4399 4505
f 4401 4506 4507
f 4401 4400 4506
f 4402 4507 4508
f 4402 4401 4507
f 4403 4508 4509
f 4403 4509 4510
f 4403 4402 4508
f 4404 4403 4510
f 4405 4510 4511
f 4405 4404 4510
f 4406 4511 4512
f 4406 4405 4511
f 4407 4512 4513
f 4407 4406 4512
f 4408 4513 4514
f 4408 4407 4513
f 4409 4514 4515
f 4409 4408 4514
f 4410 4515 4516
f 4410 4409 4515
f 4411 4516 4517
f 4411 4410 4516
f 4412 4517 4518
f 4412 4411 4517
f 4413 4412 4518
f 4413 4518 4519
f 4414 4413 4519
f 4414 4519 4520
f 4415 4414 4520
f 4415 4520 4521
f 4416 4415 4521
f 4416 4521 4522
f 4417 4416 4522
f 4417 4522 4523
f 4418 4417 4523
f 4418 4523 4524
f 4419 4418 4524
f 4419 4524 4525
f 4420 4419 4525
f 4420 4525 4526
f 4421 4420 4526
f 4421 4526 4527
f 4422 4421 4527
f 4422 4527 4528
f 4423 4422 4528
f 4423 4528 4529
f 4424 4423 4529
f 4424 4529 4530
f 4425 4424 4530
f 4425 4530 4531
f 4426 4425 4531
f 4426 4531 4532
f 4427 4426 4532
f 4427 4532 4533
f 4428 4427 4533
f 4428 4533 4534
f 4429 4428 4534
f 4429 4534 4535
f 4430 4535 4536
f 4430 4429 4535
f 4431 4536 4537
f 4431 4430 4536
f 4432 4537 4538
f 4432 4431 4537
f 4433 4538 4539
f 4433 4432 4538
f 4434 4539 4540
f 4434 4433 4539
f 4435 4540 4541
f 4435 4434 4540
f 4436 4541 4542
f 4436 4435 4541
f 4437 4436 4542
f 4437 4542 4543
f 4438 4437 4543
f 4438 4543 4544
f 4439 4438 4544
f 4439 4544 4545
f 4440 4439 4545
f 4440 4545 4546
f 4441 4440 4546
f 4441 4546 4547
f 4442 4441 4547
f 4442 4547 4548
f 4443 4442 4548
f 4443 4548 4549
f 4444 4443 4549
f 4444 4549 4550
f 4444 4550 4551
f 4445 4444 4551
f 4446 4445 4551
f 4446 4551 4552
f 4447 4446 4552
f 4447 4552 4553
f 4448 4447 4553
f 4448 4553 4554
f 4449 4448 4554
f 4449 4554 4555
f 4450 4449 4555
f 4450 4555 4556
f 4451 4450 4556
f 4451 4556 4557
f 4452 4451 4557
f 4452 4557 4558
f 4453 4452 4558
f 4453 4558 4559
f 4454 4453 4559
f 4454 4559 4560
f 4455 4454 4560
f 4455 4560 4561
f 4456 4455 4561
f 4456 4561 4562
f 4457 4456 4562
f 4457 4562 4563
f 4458 4457 4563
f 4458 4563 4564
f 4459 4458 4564
f 4459 4564 4565
f 4460 4459 4565
f 4460 4565 4566
f 4461 4566 4567
f 4461 4460 4566
f 4462 4567 4568
f 4462 4461 4567
f 4463 4462 4568
f 4463 4568 4569
f 4464 4569 4570
f 4464 4463 4569
f 4465 4570 4571
f 4465 4464 4570
f 4466 4571 4572
f 4466 4465 4571
f 4467 4572 4573
f 4467 4466 4572
f 4468 4573 4574
f 4468 4467 4573
f 4469 4574 4575
f 4469 4468 4574
f 4470 4469 4575
f 4470 4575 4576
f 4686 4638 4639
f 4686 4639 4640
f 4686 4640 4641
f 4686 4641 4642
f 4686 4642 4643
f 4686 4643 4644
f 4686 4644 4645
f 4686 4645 4646
f 4686 4646 4647
f 4686 4647 4648
f 4686 4648 4649
f 4686 4649 4650
f 4686 4650 4651
f 4686 4651 4652
f 4686 4652 4653
f 4686 4653 4654
f 4686 4654 4655
f 4686 4655 4656
f 4687 4622 4623
f 4687 4623 4624
f 4687 4624 4625
f 4687 4625 4626
f 4687 4626 4627
f 4687 4627 4628
f 4687 4628 4629
f 4687 4638 4686
f 4687 4629 4630
f 4687 4630 4631
f 4687 4631 4632
f 4687 4632 4633
f 4687 4633 4634
f 4687 4634 4635
f 4687 4635 4636
f 4687 4636 4637
f 4687 4637 4638
f 4621 4622 4687
f 4685 4686 4656
f 4685 4656 4657
f 4685 4657 4658
f 4685 4658 4659
f 4685 4659 4660
f 4685 4660 4661
f 4685 4661 4662
f 4685 4662 4663
f 4685 4663 4664
f 4685 4664 4665
f 4685 4665 4666
f 4667 4685 4666
f 4668 4685 4667
f 4669 4685 4668
f 4670 4685 4669
f 4682 4621 4687
f 4682 4615 4616
f 4682 4616 4617
f 4682 4617 4618
f 4682 4618 4619
f 4682 4619 4620
f 4682 4620 4621
f 4671 4685 4670
f 4614 4615 4682
f 4672 4685 4671
f 4613 4614 4682
f 4673 4685 4672
f 4612 4613 4682
f 4611 4612 4682
f 4684 4685 4673
f 4684 4673 4674
f 4675 4684 4674
f 4610 4611 4682
f 4676 4684 4675
f 4609 4610 4682
f 4677 4684 4676
f 4608 4609 4682
f 4678 4684 4677
f 4607 4608 4682
f 4679 4684 4678
f 4606 4607 4682
f 4680 4684 4679
f 4605 4606 4682
f 4681 4684 4680
f 4604 4605 4682
f 4577 4684 4681
f 4603 4682 4683
f 4603 4604 4682
f 4578 4684 4577
f 4602 4603 4683
f 4579 4684 4578
f 4601 4602 4683
f 4580 4684 4579
f 4600 4601 4683
f 4581 4684 4580
f 4599 4600 4683
f 4582 4684 4581
f 4598 4599 4683
f 4583 4684 4582
f 4597 4598 4683
f 4584 4684 4583
f 4596 4597 4683
f 4585 4684 4584
f 4595 4596 4683
f 4586 4683 4684
f 4586 4684 4585
f 4594 4595 4683
f 4587 4683 4586
f 4593 4594 4683
f 4588 4683 4587
f 4592 4593 4683
f 4589 4683 4588
f 4591 4592 4683
f 4590 4683 4589
f 4590 4591 4683
f 4858 4754 4753
f 4858 4859 4754
f 4860 4755 4754
f 4860 4754 4859
f 4857 4753 4752
f 4857 4858 4753
f 4861 4756 4755
f 4861 4755 4860
f 4856 4752 4751
f 4856 4857 4752
f 4862 4757 4756
f 4862 4756 4861
f 4855 4751 4750
f 4855 4856 4751
f 4863 4757 4862
f 4863 4758 4757
f 4854 4855 4750
f 4854 4750 4749
f 4864 4758 4863
f 4864 4759 4758
f 4853 4854 4749
f 4853 4749 4748
f 4865 4759 4864
f 4865 4760 4759
f 4852 4853 4748
f 4852 4748 4747
f 4866 4760 4865
f 4866 4761 4760
f 4851 4747 4746
f 4851 4852 4747
f 4867 4761 4866
f 4867 4762 4761
f 4850 4851 4746
f 4850 4746 4745
f 4868 4762 4867
f 4868 4763 4762
f 4849 4850 4745
f 4849 4745 4744
f 4869 4763 4868
f 4869 4764 4763
f 4869 4765 4764
f 4848 4849 4744
f 4848 4744 4743
f 4870 4765 4869
f 4847 4848 4743
f 4847 4743 4742
f 4871 4765 4870
f 4871 4766 4765
f 4846 4847 4742
f 4846 4742 4741
f 4872 4767 4766
f 4872 4766 4871
f 4845 4846 4741
f 4845 4741 4740
f 4873 4767 4872
f 4873 4768 4767
f 4844 4845 4740
f 4844 4740 4739
f 4874 4768 4873
f 4874 4769 4768
f 4843 4738 4737
f 4843 4739 4738
f 4843 4844 4739
f 4875 4769 4874
f 4875 4770 4769
f 4842 4843 4737
f 4876 4770 4875
f 4876 4771 4770
f 4841 4737 4736
f 4841 4842 4737
f 4877 4771 4876
f 4877 4772 4771
f 4840 4841 4736
f 4840 4736 4735
f 4878 4772 4877
f 4878 4773 4772
f 4839 4735 4734
f 4839 4840 4735
f 4879 4773 4878
f 4879 4774 4773
f 4838 4839 4734
f 4838 4734 4733
f 4880 4774 4879
f 4880 4775 4774
f 4837 4733 4732
f 4837 4838 4733
f 4881 4775 4880
f 4881 4776 4775
f 4836 4732 4731
f 4836 4837 4732
f 4882 4776 4881
f 4882 4777 4776
f 4835 4730 4729
f 4835 4731 4730
f 4835 4836 4731
f 4883 4777 4882
f 4883 4778 4777
f 4834 4835 4729
f 4884 4778 4883
f 4884 4779 4778
f 4833 4834 4729
f 4833 4729 4728
f 4780 4779 4884
f 4780 4884 4885
f 4727 4833 4728
f 4727 4832 4833
f 4781 4780 4885
f 4781 4885 4886
f 4726 4832 4727
f 4726 4831 4832
f 4782 4781 4886
f 4782 4886 4887
f 4725 4831 4726
f 4725 4829 4830
f 4725 4830 4831
f 4783 4782 4887
f 4783 4887 4888
f 4724 4829 4725
f 4784 4889 4890
f 4784 4783 4888
f 4784 4888 4889
f 4723 4828 4829
f 4723 4829 4724
f 4785 4784 4890
f 4722 4827 4828
f 4722 4828 4723
f 4786 4890 4891
f 4786 4785 4890
f 4721 4826 4827
f 4721 4827 4722
f 4787 4891 4892
f 4787 4786 4891
f 4720 4825 4826
f 4720 4826 4721
f 4788 4892 4893
f 4788 4787 4892
f 4719 4825 4720
f 4719 4824 4825
f 4789 4893 4894
f 4789 4894 4895
f 4789 4788 4893
f 4718 4824 4719
f 4718 4823 4824
f 4790 4789 4895
f 4717 4822 4823
f 4717 4823 4718
f 4791 4895 4896
f 4791 4790 4895
f 4716 4822 4717
f 4716 4821 4822
f 4792 4896 4897
f 4792 4791 4896
f 4715 4820 4821
f 4715 4821 4716
f 4688 4897 4793
f 4688 4792 4897
f 4714 4818 4819
f 4714 4819 4820
f 4714 4820 4715
f 4689 4793 4794
f 4689 4794 4795
f 4689 4688 4793
f 4713 4818 4714
f 4690 4795 4796
f 4690 4689 4795
f 4712 4816 4817
f 4712 4817 4818
f 4712 4818 4713
f 4691 4690 4796
f 4711 4815 4816
f 4711 4816 4712
f 4692 4796 4797
f 4692 4691 4796
f 4710 4815 4711
f 4693 4797 4798
f 4693 4692 4797
f 4709 4813 4814
f 4709 4814 4815
f 4709 4815 4710
f 4694 4798 4799
f 4694 4693 4798
f 4708 4813 4709
f 4695 4799 4800
f 4695 4694 4799
f 4707 4813 4708
f 4707 4811 4812
f 4707 4812 4813
f 4696 4695 4800
f 4696 4800 4801
f 4706 4811 4707
f 4706 4810 4811
f 4697 4801 4802
f 4697 4696 4801
f 4705 4810 4706
f 4698 4697 4802
f 4698 4802 4803
f 4704 4809 4810
f 4704 4810 4705
f 4699 4698 4803
f 4699 4803 4804
f 4703 4809 4704
f 4703 4808 4809
f 4700 4804 4805
f 4700 4805 4806
f 4700 4699 4804
f 4702 4807 4808
f 4702 4808 4703
f 4701 4806 4807
f 4701 4807 4702
f 4701 4700 4806
f 4899 4898 4900
f 4899 4900 4901
f 4903 4902 4904
f 4903 4904 4905
f 4907 4906 4908
f 4907 4908 4909
f 4911 4910 4912
f 4911 4912 4913
f 4915 4914 4916
f 4915 4916 4917
f 4919 4918 4920
f 4919 4920 4921
f 4923 4922 5028
f 4923 5028 5029
f 4924 5029 5030
f 4924 4923 5029
f 4925 5030 5031
f 4925 4924 5030
f 4926 5031 5032
f 4926 4925 5031
f 4927 5032 5033
f 4927 5033 5034
f 4927 4926 5032
f 4928 4927 5034
f 4929 5034 5035
f 4929 4928 5034
f 4930 5035 5036
f 4930 4929 5035
f 4931 5036 5037
f 4931 4930 5036
f 4932 5037 5038
f 4932 4931 5037
f 4933 5038 5039
f 4933 4932 5038
f 4934 5039 5040
f 4934 4933 5039
f 4935 5040 5041
f 4935 4934 5040
f 4936 5041 5042
f 4936 4935 5041
f 4937 5042 5043
f 4937 4936 5042
f 4938 5043 5044
f 4938 4937 5043
f 4939 5044 5045
f 4939 5045 5046
f 4939 4938 5044
f 4940 4939 5046
f 4941 5046 5047
f 4941 4940 5046
f 4942 5047 5048
f 4942 4941 5047
f 4943 5048 5049
f 4943 5049 5050
f 4943 4942 5048
f 4944 4943 5050
f 4944 5050 5051
f 4945 4944 5051
f 4946 4945 5051
f 4946 5051 5052
f 4947 4946 5052
f 4947 5052 5053
f 4948 4947 5053
f 4948 5053 5054
f 4949 4948 5054
f 4949 5054 5055
f 4949 5055 5056
f 4950 4949 5056
f 4950 5056 5057
f 4951 4950 5057
f 4952 4951 5057
f 4952 5057 5058
f 4952 5058 5059
f 4953 5059 5060
f 4953 4952 5059
f 4954 4953 5060
f 4955 5060 5061
f 4955 4954 5060
f 4956 5061 5062
f 4956 5062 5063
f 4956 4955 5061
f 4957 4956 5063
f 4958 5063 5064
f 4958 4957 5063
f 4959 5064 5065
f 4959 4958 5064
f 4960 5065 5066
f 4960 4959 5065
f 4961 5066 5067
f 4961 4960 5066
f 4962 5067 5068
f 4962 4961 5067
f 4963 5068 5069
f 4963 4962 5068
f 4964 5069 5070
f 4964 4963 5069
f 4965 5070 5071
f 4965 4964 5070
f 4966 5071 5072
f 4966 4965 5071
f 4967 5072 5073
f 4967 4966 5072
f 4968 5073 5074
f 4968 4967 5073
f 4969 5074 5075
f 4969 4968 5074
f 4970 4969 5075
f 4970 5075 5076
f 4970 5076 5077
f 4971 4970 5077
f 4972 4971 5077
f 4972 5077 5078
f 4973 4972 5078
f 4973 5078 5079
f 4974 4973 5079
f 4974 5079 5080
f 4975 4974 5080
f 4975 5080 5081
f 4976 4975 5081
f 4976 5081 5082
f 4977 4976 5082
f 4977 5082 5083
f 4978 4977 5083
f 4978 5083 5084
f 4978 5084 5085
f 4979 4978 5085
f 4980 4979 5085
f 4980 5085 5086
f 4981 4980 5086
f 4981 5086 5087
f 4982 4981 5087
f 4982 5087 5088
f 4983 4982 5088
f 4983 5088 5089
f 4984 4983 5089
f 4984 5089 5090
f 4985 4984 5090
f 4985 5090 5091
f 4986 4985 5091
f 4986 5091 5092
f 4987 5092 5093
f 4987 4986 5092
f 4988 5093 5094
f 4988 5094 5095
f 4988 4987 5093
f 4989 4988 5095
f 4990 5095 5096
f 4990 4989 5095
f 4991 5096 5097
f 4991 5097 5098
f 4991 4990 5096
f 4992 4991 5098
f 4993 5098 5099
f 4993 4992 5098
f 4994 4993 5099
f 4994 5099 5100
f 4995 4994 5100
f 4995 5100 5101
f 4996 4995 5101
f 4996 5101 5102
f 4997 4996 5102
f 4997 5102 5103
f 4998 4997 5103
f 4998 5103 5104
f 4999 4998 5104
f 4999 5104 5105
f 5000 4999 5105
f 5000 5105 5106
f 5001 5000 5106
f 5001 5106 5107
f 5002 5001 5107
f 5002 5107 5108
f 5003 5002 5108
f 5003 5108 5109
f 5004 5003 5109
f 5004 5109 5110
f 5005 5004 5110
f 5005 5110 5111
f 5006 5005 5111
f 5006 5111 5112
f 5007 5006 5112
f 5007 5112 5113
f 5008 5007 5113
f 5008 5113 5114
f 5009 5008 5114
f 5009 5114 5115
f 5010 5009 5115
f 5010 5115 5116
f 5011 5010 5116
f 5011 5116 5117
f 5012 5011 5117
f 5012 5117 5118
f 5013 5012 5118
f 5013 5118 5119
f 5014 5013 5119
f 5014 5119 5120
f 5015 5014 5120
f 5015 5120 5121
f 5016 5015 5121
f 5016 5121 5122
f 5017 5016 5122
f 5017 5122 5123
f 5018 5123 5124
f 5018 5017 5123
f 5019 5124 5125
f 5019 5018 5124
f 5020 5019 5125
f 5020 5125 5126
f 5021 5126 5127
f 5021 5020 5126
f 5022 5127 5128
f 5022 5021 5127
f 5023 5128 5129
f 5023 5022 5128
f 5024 5129 5130
f 5024 5023 5129
f 5025 5130 5131
f 5025 5131 5132
f 5025 5024 5130
f 5026 5025 5132
f 5027 5132 5133
f 5027 5026 5132
f 5135 5136 5137
f 5135 5137 5138
f 5135 5138 5139
f 5135 5139 5134
f 5217 5216 5215
f 5224 5222 5221
f 5224 5223 5222
f 5187 5189 5188
f 5227 5225 5224
f 5227 5226 5225
f 5183 5185 5184
f 5229 5228 5227
f 5182 5185 5183
f 5181 5185 5182
f 5180 5185 5181
f 5180 5186 5185
f 5180 5187 5186
f 5180 5190 5189
f 5180 5191 5190
f 5180 5189 5187
f 5232 5231 5230
f 5234 5232 5230
f 5234 5233 5232
f 5175 5177 5176
f 5175 5178 5177
f 5175 5179 5178
f 5175 5180 5179
f 5237 5235 5234
f 5237 5236 5235
f 5238 5237 5234
f 5239 5238 5234
f 5172 5174 5173
f 5171 5174 5172
f 5241 5234 5230
f 5241 5239 5234
f 5241 5230 5229
f 5241 5240 5239
f 5170 5175 5174
f 5170 5174 5171
f 5243 5242 5241
f 5244 5243 5241
f 5141 5140 5244
f 5142 5141 5244
f 5164 5166 5165
f 5164 5167 5166
f 5144 5143 5142
f 5144 5142 5244
f 5145 5144 5244
f 5161 5163 5162
f 5147 5146 5145
f 5159 5161 5160
f 5158 5164 5163
f 5158 5163 5161
f 5158 5161 5159
f 5157 5164 5158
f 5151 5150 5149
f 5155 5157 5156
f 5155 5168 5167
f 5155 5169 5168
f 5155 5170 5169
f 5155 5164 5157
f 5155 5167 5164
f 5152 5151 5149
f 5153 5152 5149
f 5153 5229 5227
f 5153 5148 5147
f 5153 5149 5148
f 5153 5155 5154
f 5153 5241 5229
f 5153 5175 5170
f 5153 5147 5145
f 5153 5145 5244
f 5153 5191 5180
f 5153 5192 5191
f 5153 5193 5192
f 5153 5194 5193
f 5153 5217 5215
f 5153 5195 5194
f 5153 5196 5195
f 5153 5197 5196
f 5153 5244 5241
f 5153 5198 5197
f 5153 5199 5198
f 5153 5200 5199
f 5153 5201 5200
f 5153 5202 5201
f 5153 5203 5202
f 5153 5204 5203
f 5153 5205 5204
f 5153 5206 5205
f 5153 5207 5206
f 5153 5208 5207
f 5153 5209 5208
f 5153 5210 5209
f 5153 5211 5210
f 5153 5212 5211
f 5153 5213 5212
f 5153 5214 5213
f 5153 5215 5214
f 5153 5218 5217
f 5153 5219 5218
f 5153 5220 5219
f 5153 5221 5220
f 5153 5224 5221
f 5153 5180 5175
f 5153 5170 5155
f 5153 5227 5224
f 5246 5245 5351
f 5246 5351 5352
f 5247 5352 5353
f 5247 5246 5352
f 5248 5353 5354
f 5248 5247 5353
f 5249 5354 5355
f 5249 5248 5354
f 5250 5355 5356
f 5250 5249 5355
f 5251 5356 5357
f 5251 5250 5356
f 5252 5357 5358
f 5252 5251 5357
f 5253 5358 5359
f 5253 5359 5360
f 5253 5252 5358
f 5254 5253 5360
f 5255 5360 5361
f 5255 5254 5360
f 5256 5361 5362
f 5256 5255 5361
f 5257 5362 5363
f 5257 5256 5362
f 5258 5363 5364
f 5258 5257 5363
f 5259 5364 5365
f 5259 5258 5364
f 5260 5365 5366
f 5260 5259 5365
f 5261 5366 5367
f 5261 5260 5366
f 5262 5367 5368
f 5262 5261 5367
f 5263 5368 5369
f 5263 5262 5368
f 5264 5369 5370
f 5264 5263 5369
f 5265 5370 5371
f 5265 5264 5370
f 5266 5371 5372
f 5266 5265 5371
f 5267 5266 5372
f 5267 5372 5373
f 5268 5267 5373
f 5268 5373 5374
f 5269 5268 5374
f 5269 5374 5375
f 5270 5269 5375
f 5270 5375 5376
f 5270 5376 5377
f 5271 5270 5377
f 5272 5271 5377
f 5272 5377 5378
f 5273 5272 5378
f 5273 5378 5379
f 5274 5273 5379
f 5274 5379 5380
f 5275 5274 5380
f 5275 5380 5381
f 5276 5381 5382
f 5276 5275 5381
f 5277 5382 5383
f 5277 5383 5384
f 5277 5276 5382
f 5278 5277 5384
f 5279 5384 5385
f 5279 5278 5384
f 5280 5385 5386
f 5280 5279 5385
f 5281 5386 5387
f 5281 5280 5386
f 5282 5387 5388
f 5282 5281 5387
f 5283 5388 5389
f 5283 5389 5390
f 5283 5282 5388
f 5284 5283 5390
f 5285 5390 5391
f 5285 5284 5390
f 5286 5391 5392
f 5286 5285 5391
f 5287 5392 5393
f 5287 5286 5392
f 5288 5393 5394
f 5288 5287 5393
f 5289 5394 5395
f 5289 5288 5394
f 5290 5395 5396
f 5290 5289 5395
f 5291 5396 5397
f 5291 5290 5396
f 5292 5397 5398
f 5292 5291 5397
f 5293 5292 5398
f 5293 5398 5399
f 5294 5293 5399
f 5294 5399 5400
f 5295 5294 5400
f 5295 5400 5401
f 5296 5295 5401
f 5296 5401 5402
f 5297 5296 5402
f 5297 5402 5403
f 5298 5297 5403
f 5298 5403 5404
f 5299 5298 5404
f 5299 5404 5405
f 5300 5299 5405
f 5300 5405 5406
f 5301 5300 5406
f 5301 5406 5407
f 5302 5301 5407
f 5302 5407 5408
f 5303 5302 5408
f 5303 5408 5409
f 5304 5303 5409
f 5304 5409 5410
f 5305 5304 5410
f 5305 5410 5411
f 5306 5305 5411
f 5306 5411 5412
f 5307 5306 5412
f 5307 5412 5413
f 5308 5307 5413
f 5308 5413 5414
f 5309 5308 5414
f 5309 5414 5415
f 5310 5415 5416
f 5310 5309 5415
f 5311 5416 5417
f 5311 5310 5416
f 5312 5417 5418
f 5312 5311 5417
f 5313 5418 5419
f 5313 5312 5418
f 5314 5419 5420
f 5314 5313 5419
f 5315 5420 5421
f 5315 5314 5420
f 5316 5421 5422
f 5316 5315 5421
f 5317 5316 5422
f 5317 5422 5423
f 5318 5317 5423
f 5318 5423 5424
f 5319 5318 5424
f 5319 5424 5425
f 5320 5319 5425
f 5320 5425 5426
f 5321 5320 5426
f 5321 5426 5427
f 5322 5321 5427
f 5322 5427 5428
f 5323 5322 5428
f 5323 5428 5429
f 5324 5323 5429
f 5324 5429 5430
f 5324 5430 5431
f 5325 5324 5431
f 5326 5325 5431
f 5326 5431 5432
f 5327 5326 5432
f 5327 5432 5433
f 5328 5327 5433
f 5328 5433 5434
f 5329 5328 5434
f 5329 5434 5435
f 5330 5329 5435
f 5330 5435 5436
f 5331 5330 5436
f 5331 5436 5437
f 5332 5331 5437
f 5332 5437 5438
f 5333 5332 5438
f 5333 5438 5439
f 5334 5333 5439
f 5334 5439 5440
f 5335 5334 5440
f 5335 5440 5441
f 5336 5335 5441
f 5336 5441 5442
f 5337 5336 5442
f 5337 5442 5443
f 5338 5337 5443
f 5338 5443 5444
f 5339 5338 5444
f 5339 5444 5445
f 5340 5339 5445
f 5340 5445 5446
f 5341 5446 5447
f 5341 5340 5446
f 5342 5447 5448
f 5342 5341 5447
f 5343 5342 5448
f 5343 5448 5449
f 5344 5449 5450
f 5344 5343 5449
f 5345 5450 5451
f 5345 5344 5450
f 5346 5451 5452
f 5346 5345 5451
f 5347 5452 5453
f 5347 5346 5452
f 5348 5453 5454
f 5348 5347 5453
f 5349 5454 5455
f 5349 5348 5454
f 5350 5349 5455
f 5350 5455 5456
f 5566 5518 5519
f 5566 5519 5520
f 5566 5520 5521
f 5566 5521 5522
f 5566 5522 5523
f 5566 5523 5524
f 5566 5524 5525
f 5566 5525 5526
f 5566 5526 5527
f 5566 5527 5528
f 5566 5528 5529
f 5566 5529 5530
f 5566 5530 5531
f 5566 5531 5532
f 5566 5532 5533
f 5566 5533 5534
f 5566 5534 5535
f 5566 5535 5536
f 5567 5502 5503
f 5567 5503 5504
f 5567 5504 5505
f 5567 5505 5506
f 5567 5506 5507
f 5567 5507 5508
f 5567 5508 5509
f 5567 5518 5566
f 5567 5509 5510
f 5567 5510 5511
f 5567 5511 5512
f 5567 5512 5513
f 5567 5513 5514
f 5567 5514 5515
f 5567 5515 5516
f 5567 5516 5517
f 5567 5517 5518
f 5501 5502 5567
f 5565 5566 5536
f 5565 5536 5537
f 5565 5537 5538
f 5565 5538 5539
f 5565 5539 5540
f 5565 5540 5541
f 5565 5541 5542
f 5565 5542 5543
f 5565 5543 5544
f 5565 5544 5545
f 5565 5545 5546
f 5547 5565 5546
f 5548 5565 5547
f 5549 5565 5548
f 5550 5565 5549
f 5562 5501 5567
f 5562 5495 5496
f 5562 5496 5497
f 5562 5497 5498
f 5562 5498 5499
f 5562 5499 5500
f 5562 5500 5501
f 5551 5565 5550
f 5494 5495 5562
f 5552 5565 5551
f 5493 5494 5562
f 5553 5565 5552
f 5492 5493 5562
f 5491 5492 5562
f 5564 5565 5553
f 5564 5553 5554
f 5555 5564 5554
f 5490 5491 5562
f 5556 5564 5555
f 5489 5490 5562
f 5557 5564 5556
f 5488 5489 5562
f 5558 5564 5557
f 5487 5488 5562
f 5559 5564 5558
f 5486 5487 5562
f 5560 5564 5559
f 5485 5486 5562
f 5561 5564 5560
f 5484 5485 5562
f 5457 5564 5561
f 5483 5562 5563
f 5483 5484 5562
f 5458 5564 5457
f 5482 5483 5563
f 5459 5564 5458
f 5481 5482 5563
f 5460 5564 5459
f 5480 5481 5563
f 5461 5564 5460
f 5479 5480 5563
f 5462 5564 5461
f 5478 5479 5563
f 5463 5564 5462
f 5477 5478 5563
f 5464 5564 5463
f 5476 5477 5563
f 5465 5564 5464
f 5475 5476 5563
f 5466 5563 5564
f 5466 5564 5465
f 5474 5475 5563
f 5467 5563 5466
f 5473 5474 5563
f 5468 5563 5467
f 5472 5473 5563
f 5469 5563 5468
f 5471 5472 5563
f 5470 5563 5469
f 5470 5471 5563
f 5738 5634 5633
f 5738 5739 5634
f 5740 5635 5634
f 5740 5634 5739
f 5737 5633 5632
f 5737 5738 5633
f 5741 5636 5635
f 5741 5635 5740
f 5736 5632 5631
f 5736 5737 5632
f 5742 5637 5636
f 5742 5636 5741
f 5735 5631 5630
f 5735 5736 5631
f 5743 5637 5742
f 5743 5638 5637
f 5734 5735 5630
f 5734 5630 5629
f 5744 5638 5743
f 5744 5639 5638
f 5733 5734 5629
f 5733 5629 5628
f 5745 5639 5744
f 5745 5640 5639
f 5732 5733 5628
f 5732 5628 5627
f 5746 5640 5745
f 5746 5641 5640
f 5731 5627 5626
f 5731 5732 5627
f 5747 5641 5746
f 5747 5642 5641
f 5730 5731 5626
f 5730 5626 5625
f 5748 5642 5747
f 5748 5643 5642
f 5729 5730 5625
f 5729 5625 5624
f 5749 5643 5748
f 5749 5644 5643
f 5749 5645 5644
f 5728 5729 5624
f 5728 5624 5623
f 5750 5645 5749
f 5727 5728 5623
f 5727 5623 5622
f 5751 5645 5750
f 5751 5646 5645
f 5726 5727 5622
f 5726 5622 5621
f 5752 5647 5646
f 5752 5646 5751
f 5725 5726 5621
f 5725 5621 5620
f 5753 5647 5752
f 5753 5648 5647
f 5724 5725 5620
f 5724 5620 5619
f 5754 5648 5753
f 5754 5649 5648
f 5723 5618 5617
f 5723 5619 5618
f 5723 5724 5619
f 5755 5649 5754
f 5755 5650 5649
f 5722 5723 5617
f 5756 5650 5755
f 5756 5651 5650
f 5721 5617 5616
f 5721 5722 5617
f 5757 5651 5756
f 5757 5652 5651
f 5720 5721 5616
f 5720 5616 5615
f 5758 5652 5757
f 5758 5653 5652
f 5719 5615 5614
f 5719 5720 5615
f 5759 5653 5758
f 5759 5654 5653
f 5718 5719 5614
f 5718 5614 5613
f 5760 5654 5759
f 5760 5655 5654
f 5717 5613 5612
f 5717 5718 5613
f 5761 5655 5760
f 5761 5656 5655
f 5716 5612 5611
f 5716 5717 5612
f 5762 5656 5761
f 5762 5657 5656
f 5715 5610 5609
f 5715 5611 5610
f 5715 5716 5611
f 5763 5657 5762
f 5763 5658 5657
f 5714 5715 5609
f 5764 5658 5763
f 5764 5659 5658
f 5713 5714 5609
f 5713 5609 5608
f 5660 5659 5764
f 5660 5764 5765
f 5607 5713 5608
f 5607 5712 5713
f 5661 5660 5765
f 5661 5765 5766
f 5606 5712 5607
f 5606 5711 5712
f 5662 5661 5766
f 5662 5766 5767
f 5605 5711 5606
f 5605 5709 5710
f 5605 5710 5711
f 5663 5662 5767
f 5663 5767 5768
f 5604 5709 5605
f 5664 5769 5770
f 5664 5663 5768
f 5664 5768 5769
f 5603 5708 5709
f 5603 5709 5604
f 5665 5664 5770
f 5602 5707 5708
f 5602 5708 5603
f 5666 5770 5771
f 5666 5665 5770
f 5601 5706 5707
f 5601 5707 5602
f 5667 5771 5772
f 5667 5666 5771
f 5600 5705 5706
f 5600 5706 5601
f 5668 5772 5773
f 5668 5667 5772
f 5599 5705 5600
f 5599 5704 5705
f 5669 5773 5774
f 5669 5774 5775
f 5669 5668 5773
f 5598 5704 5599
f 5598 5703 5704
f 5670 5669 5775
f 5597 5702 5703
f 5597 5703 5598
f 5671 5775 5776
f 5671 5670 5775
f 5596 5702 5597
f 5596 5701 5702
f 5672 5776 5777
f 5672 5671 5776
f 5595 5700 5701
f 5595 5701 5596
f 5568 5777 5673
f 5568 5672 5777
f 5594 5698 5699
f 5594 5699 5700
f 5594 5700 5595
f 5569 5673 5674
f 5569 5674 5675
f 5569 5568 5673
f 5593 5698 5594
f 5570 5675 5676
f 5570 5569 5675
f 5592 5696 5697
f 5592 5697 5698
f 5592 5698 5593
f 5571 5570 5676
f 5591 5695 5696
f 5591 5696 5592
f 5572 5676 5677
f 5572 5571 5676
f 5590 5695 5591
f 5573 5677 5678
f 5573 5572 5677
f 5589 5693 5694
f 5589 5694 5695
f 5589 5695 5590
f 5574 5678 5679
f 5574 5573 5678
f 5588 5693 5589
f 5575 5679 5680
f 5575 5574 5679
f 5587 5693 5588
f 5587 5691 5692
f 5587 5692 5693
f 5576 5575 5680
f 5576 5680 5681
f 5586 5691 5587
f 5586 5690 5691
f 5577 5681 5682
f 5577 5576 5681
f 5585 5690 5586
f 5578 5577 5682
f 5578 5682 5683
f 5584 5689 5690
f 5584 5690 5585
f 5579 5578 5683
f 5579 5683 5684
f 5583 5689 5584
f 5583 5688 5689
f 5580 5684 5685
f 5580 5685 5686
f 5580 5579 5684
f 5582 5687 5688
f 5582 5688 5583
f 5581 5686 5687
f 5581 5687 5582
f 5581 5580 5686
f 5779 5778 5780
f 5779 5780 5781
f 5783 5782 5784
f 5783 5784 5785
f 5787 5786 5788
f 5787 5788 5789
f 5791 5790 5792
f 5791 5792 5793
f 5795 5794 5796
f 5795 5796 5797
f 5799 5798 5800
f 5799 5800 5801
f 5803 5802 5908
f 5803 5908 5909
f 5804 5909 5910
f 5804 5803 5909
f 5805 5910 5911
f 5805 5804 5910
f 5806 5911 5912
f 5806 5805 5911
f 5807 5912 5913
f 5807 5913 5914
f 5807 5806 5912
f 5808 5807 5914
f 5809 5914 5915
f 5809 5808 5914
f 5810 5915 5916
f 5810 5809 5915
f 5811 5916 5917
f 5811 5810 5916
f 5812 5917 5918
f 5812 5811 5917
f 5813 5918 5919
f 5813 5812 5918
f 5814 5919 5920
f 5814 5813 5919
f 5815 5920 5921
f 5815 5814 5920
f 5816 5921 5922
f 5816 5815 5921
f 5817 5922 5923
f 5817 5816 5922
f 5818 5923 5924
f 5818 5817 5923
f 5819 5924 5925
f 5819 5925 5926
f 5819 5818 5924
f 5820 5819 5926
f 5821 5926 5927
f 5821 5820 5926
f 5822 5927 5928
f 5822 5821 5927
f 5823 5928 5929
f 5823 5929 5930
f 5823 5822 5928
f 5824 5823 5930
f 5824 5930 5931
f 5825 5824 5931
f 5826 5825 5931
f 5826 5931 5932
f 5827 5826 5932
f 5827 5932 5933
f 5828 5827 5933
f 5828 5933 5934
f 5829 5828 5934
f 5829 5934 5935
f 5829 5935 5936
f 5830 5829 5936
f 5830 5936 5937
f 5831 5830 5937
f 5832 5831 5937
f 5832 5937 5938
f 5832 5938 5939
f 5833 5939 5940
f 5833 5832 5939
f 5834 5833 5940
f 5835 5940 5941
f 5835 5834 5940
f 5836 5941 5942
f 5836 5942 5943
f 5836 5835 5941
f 5837 5836 5943
f 5838 5943 5944
f 5838 5837 5943
f 5839 5944 5945
f 5839 5838 5944
f 5840 5945 5946
f 5840 5839 5945
f 5841 5946 5947
f 5841 5840 5946
f 5842 5947 5948
f 5842 5841 5947
f 5843 5948 5949
f 5843 5842 5948
f 5844 5949 5950
f 5844 5843 5949
f 5845 5950 5951
f 5845 5844 5950
f 5846 5951 5952
f 5846 5845 5951
f 5847 5952 5953
f 5847 5846 5952
f 5848 5953 5954
f 5848 5847 5953
f 5849 5954 5955
f 5849 5848 5954
f 5850 5849 5955
f 5850 5955 5956
f 5850 5956 5957
f 5851 5850 5957
f 5852 5851 5957
f 5852 5957 5958
f 5853 5852 5958
f 5853 5958 5959
f 5854 5853 5959
f 5854 5959 5960
f 5855 5854 5960
f 5855 5960 5961
f 5856 5855 5961
f 5856 5961 5962
f 5857 5856 5962
f 5857 5962 5963
f 5858 5857 5963
f 5858 5963 5964
f 5858 5964 5965
f 5859 5858 5965
f 5860 5859 5965
f 5860 5965 5966
f 5861 5860 5966
f 5861 5966 5967
f 5862 5861 5967
f 5862 5967 5968
f 5863 5862 5968
f 5863 5968 5969
f 5864 5863 5969
f 5864 5969 5970
f 5865 5864 5970
f 5865 5970 5971
f 5866 5865 5971
f 5866 5971 5972
f 5867 5972 5973
f 5867 5866 5972
f 5868 5973 5974
f 5868 5974 5975
f 5868 5867 5973
f 5869 5868 5975
f 5870 5975 5976
f 5870 5869 5975
f 5871 5976 5977
f 5871 5977 5978
f 5871 5870 5976
f 5872 5871 5978
f 5873 5978 5979
f 5873 5872 5978
f 5874 5873 5979
f 5874 5979 5980
f 5875 5874 5980
f 5875 5980 5981
f 5876 5875 5981
f 5876 5981 5982
f 5877 5876 5982
f 5877 5982 5983
f 5878 5877 5983
f 5878 5983 5984
f 5879 5878 5984
f 5879 5984 5985
f 5880 5879 5985
f 5880 5985 5986
f 5881 5880 5986
f 5881 5986 5987
f 5882 5881 5987
f 5882 5987 5988
f 5883 5882 5988
f 5883 5988 5989
f 5884 5883 5989
f 5884 5989 5990
f 5885 5884 5990
f 5885 5990 5991
f 5886 5885 5991
f 5886 5991 5992
f 5887 5886 5992
f 5887 5992 5993
f 5888 5887 5993
f 5888 5993 5994
f 5889 5888 5994
f 5889 5994 5995
f 5890 5889 5995
f 5890 5995 5996
f 5891 5890 5996
f 5891 5996 5997
f 5892 5891 5997
f 5892 5997 5998
f 5893 5892 5998
f 5893 5998 5999
f 5894 5893 5999
f 5894 5999 6000
f 5895 5894 6000
f 5895 6000 6001
f 5896 5895 6001
f 5896 6001 6002
f 5897 5896 6002
f 5897 6002 6003
f 5898 6003 6004
f 5898 5897 6003
f 5899 6004 6005
f 5899 5898 6004
f 5900 5899 6005
f 5900 6005 6006
f 5901 6006 6007
f 5901 5900 6006
f 5902 6007 6008
f 5902 5901 6007
f 5903 6008 6009
f 5903 5902 6008
f 5904 6009 6010
f 5904 5903 6009
f 5905 6010 6011
f 5905 6011 6012
f 5905 5904 6010
f 5906 5905 6012
f 5907 6012 6013
f 5907 5906 6012
f 6016 6017 6018
f 6015 6018 6019
f 6015 6019 6014
f 6015 6016 6018
f 6104 6102 6101
f 6104 6103 6102
f 6067 6069 6068
f 6067 6070 6069
f 6067 6071 6070
f 6106 6104 6101
f 6106 6101 6100
f 6106 6105 6104
f 6109 6099 6098
f 6109 6100 6099
f 6109 6106 6100
f 6109 6107 6106
f 6109 6108 6107
f 6061 6063 6062
f 6061 6064 6063
f 6111 6110 6109
f 6059 6061 6060
f 6059 6065 6064
f 6059 6066 6065
f 6059 6064 6061
f 6113 6112 6111
f 6114 6113 6111
f 6057 6059 6058
f 6116 6115 6114
f 6055 6057 6056
f 6055 6059 6057
f 6117 6116 6114
f 6117 6114 6111
f 6053 6055 6054
f 6119 6117 6111
f 6119 6118 6117
f 6052 6055 6053
f 6120 6111 6109
f 6120 6119 6111
f 6121 6120 6109
f 6048 6050 6049
f 6048 6051 6050
f 6048 6052 6051
f 6124 6122 6121
f 6124 6123 6122
f 6020 6124 6121
f 6021 6020 6121
f 6045 6047 6046
f 6023 6022 6021
f 6042 6044 6043
f 6025 6024 6023
f 6026 6023 6021
f 6026 6025 6023
f 6040 6042 6041
f 6040 6045 6044
f 6040 6048 6047
f 6040 6047 6045
f 6040 6044 6042
f 6028 6027 6026
f 6028 6026 6021
f 6038 6040 6039
f 6029 6028 6021
f 6030 6029 6021
f 6036 6038 6037
f 6031 6030 6021
f 6035 6052 6048
f 6035 6048 6040
f 6035 6040 6038
f 6035 6038 6036
f 6032 6121 6109
f 6032 6067 6066
f 6032 6072 6071
f 6032 6021 6121
f 6032 6073 6072
f 6032 6074 6073
f 6032 6075 6074
f 6032 6076 6075
f 6032 6077 6076
f 6032 6078 6077
f 6032 6079 6078
f 6032 6080 6079
f 6032 6081 6080
f 6032 6082 6081
f 6032 6083 6082
f 6032 6071 6067
f 6032 6084 6083
f 6032 6085 6084
f 6032 6086 6085
f 6032 6087 6086
f 6032 6088 6087
f 6032 6089 6088
f 6032 6090 6089
f 6032 6091 6090
f 6032 6092 6091
f 6032 6093 6092
f 6032 6094 6093
f 6032 6095 6094
f 6032 6096 6095
f 6032 6097 6096
f 6032 6098 6097
f 6032 6031 6021
f 6032 6109 6098
f 6033 6066 6059
f 6033 6035 6034
f 6033 6055 6052
f 6033 6059 6055
f 6033 6052 6035
f 6033 6032 6066
f 6126 6125 6231
f 6126 6231 6232
f 6127 6232 6233
f 6127 6126 6232
f 6128 6233 6234
f 6128 6127 6233
f 6129 6234 6235
f 6129 6128 6234
f 6130 6235 6236
f 6130 6129 6235
f 6131 6236 6237
f 6131 6130 6236
f 6132 6237 6238
f 6132 6131 6237
f 6133 6238 6239
f 6133 6239 6240
f 6133 6132 6238
f 6134 6133 6240
f 6135 6240 6241
f 6135 6134 6240
f 6136 6241 6242
f 6136 6135 6241
f 6137 6242 6243
f 6137 6136 6242
f 6138 6243 6244
f 6138 6137 6243
f 6139 6244 6245
f 6139 6138 6244
f 6140 6245 6246
f 6140 6139 6245
f 6141 6246 6247
f 6141 6140 6246
f 6142 6247 6248
f 6142 6141 6247
f 6143 6248 6249
f 6143 6142 6248
f 6144 6249 6250
f 6144 6143 6249
f 6145 6250 6251
f 6145 6144 6250
f 6146 6251 6252
f 6146 6145 6251
f 6147 6146 6252
f 6147 6252 6253
f 6148 6147 6253
f 6148 6253 6254
f 6149 6148 6254
f 6149 6254 6255
f 6150 6149 6255
f 6150 6255 6256
f 6150 6256 6257
f 6151 6150 6257
f 6152 6151 6257
f 6152 6257 6258
f 6153 6152 6258
f 6153 6258 6259
f 6154 6153 6259
f 6154 6259 6260
f 6155 6154 6260
f 6155 6260 6261
f 6156 6261 6262
f 6156 6155 6261
f 6157 6262 6263
f 6157 6263 6264
f 6157 6156 6262
f 6158 6157 6264
f 6159 6264 6265
f 6159 6158 6264
f 6160 6265 6266
f 6160 6159 6265
f 6161 6266 6267
f 6161 6160 6266
f 6162 6267 6268
f 6162 6161 6267
f 6163 6268 6269
f 6163 6269 6270
f 6163 6162 6268
f 6164 6163 6270
f 6165 6270 6271
f 6165 6164 6270
f 6166 6271 6272
f 6166 6165 6271
f 6167 6272 6273
f 6167 6166 6272
f 6168 6273 6274
f 6168 6167 6273
f 6169 6274 6275
f 6169 6168 6274
f 6170 6275 6276
f 6170 6169 6275
f 6171 6276 6277
f 6171 6170 6276
f 6172 6277 6278
f 6172 6171 6277
f 6173 6172 6278
f 6173 6278 6279
f 6174 6173 6279
f 6174 6279 6280
f 6175 6174 6280
f 6175 6280 6281
f 6176 6175 6281
f 6176 6281 6282
f 6177 6176 6282
f 6177 6282 6283
f 6178 6177 6283
f 6178 6283 6284
f 6179 6178 6284
f 6179 6284 6285
f 6180 6179 6285
f 6180 6285 6286
f 6181 6180 6286
f 6181 6286 6287
f 6182 6181 6287
f 6182 6287 6288
f 6183 6182 6288
f 6183 6288 6289
f 6184 6183 6289
f 6184 6289 6290
f 6185 6184 6290
f 6185 6290 6291
f 6186 6185 6291
f 6186 6291 6292
f 6187 6186 6292
f 6187 6292 6293
f 6188 6187 6293
f 6188 6293 6294
f 6189 6188 6294
f 6189 6294 6295
f 6190 6295 6296
f 6190 6189 6295
f 6191 6296 6297
f 6191 6190 6296
f 6192 6297 6298
f 6192 6191 6297
f 6193 6298 6299
f 6193 6192 6298
f 6194 6299 6300
f 6194 6193 6299
f 6195 6300 6301
f 6195 6194 6300
f 6196 6301 6302
f 6196 6195 6301
f 6197 6196 6302
f 6197 6302 6303
f 6198 6197 6303
f 6198 6303 6304
f 6199 6198 6304
f 6199 6304 6305
f 6200 6199 6305
f 6200 6305 6306
f 6201 6200 6306
f 6201 6306 6307
f 6202 6201 6307
f 6202 6307 6308
f 6203 6202 6308
f 6203 6308 6309
f 6204 6203 6309
f 6204 6309 6310
f 6204 6310 6311
f 6205 6204 6311
f 6206 6205 6311
f 6206 6311 6312
f 6207 6206 6312
f 6207 6312 6313
f 6208 6207 6313
f 6208 6313 6314
f 6209 6208 6314
f 6209 6314 6315
f 6210 6209 6315
f 6210 6315 6316
f 6211 6210 6316
f 6211 6316 6317
f 6212 6211 6317
f 6212 6317 6318
f 6213 6212 6318
f 6213 6318 6319
f 6214 6213 6319
f 6214 6319 6320
f 6215 6214 6320
f 6215 6320 6321
f 6216 6215 6321
f 6216 6321 6322
f 6217 6216 6322
f 6217 6322 6323
f 6218 6217 6323
f 6218 6323 6324
f 6219 6218 6324
f 6219 6324 6325
f 6220 6219 6325
f 6220 6325 6326
f 6221 6326 6327
f 6221 6220 6326
f 6222 6327 6328
f 6222 6221 6327
f 6223 6222 6328
f 6223 6328 6329
f 6224 6329 6330
f 6224 6223 6329
f 6225 6330 6331
f 6225 6224 6330
f 6226 6331 6332
f 6226 6225 6331
f 6227 6332 6333
f 6227 6226 6332
f 6228 6333 6334
f 6228 6227 6333
f 6229 6334 6335
f 6229 6228 6334
f 6230 6229 6335
f 6230 6335 6336
f 6446 6398 6399
f 6446 6399 6400
f 6446 6400 6401
f 6446 6401 6402
f 6446 6402 6403
f 6446 6403 6404
f 6446 6404 6405
f 6446 6405 6406
f 6446 6406 6407
f 6446 6407 6408
f 6446 6408 6409
f 6446 6409 6410
f 6446 6410 6411
f 6446 6411 6412
f 6446 6412 6413
f 6446 6413 6414
f 6446 6414 6415
f 6446 6415 6416
f 6447 6382 6383
f 6447 6383 6384
f 6447 6384 6385
f 6447 6385 6386
f 6447 6386 6387
f 6447 6387 6388
f 6447 6388 6389
f 6447 6389 6390
f 6447 6390 6391
f 6447 6391 6392
f 6447 6392 6393
f 6447 6393 6394
f 6447 6394 6395
f 6447 6395 6396
f 6447 6396 6397
f 6447 6397 6398
f 6447 6398 6446
f 6381 6382 6447
f 6445 6446 6416
f 6445 6416 6417
f 6445 6417 6418
f 6445 6418 6419
f 6445 6419 6420
f 6445 6420 6421
f 6445 6421 6422
f 6445 6422 6423
f 6445 6423 6424
f 6445 6424 6425
f 6445 6425 6426
f 6427 6445 6426
f 6428 6445 6427
f 6429 6445 6428
f 6430 6445 6429
f 6442 6381 6447
f 6442 6375 6376
f 6442 6376 6377
f 6442 6377 6378
f 6442 6378 6379
f 6442 6379 6380
f 6442 6380 6381
f 6431 6445 6430
f 6374 6375 6442
f 6432 6445 6431
f 6373 6374 6442
f 6433 6445 6432
f 6372 6373 6442
f 6371 6372 6442
f 6444 6445 6433
f 6444 6433 6434
f 6435 6444 6434
f 6370 6371 6442
f 6436 6444 6435
f 6369 6370 6442
f 6437 6444 6436
f 6368 6369 6442
f 6438 6444 6437
f 6367 6368 6442
f 6439 6444 6438
f 6366 6367 6442
f 6440 6444 6439
f 6365 6366 6442
f 6441 6444 6440
f 6364 6365 6442
f 6337 6444 6441
f 6363 6442 6443
f 6363 6364 6442
f 6338 6444 6337
f 6362 6363 6443
f 6339 6444 6338
f 6361 6362 6443
f 6340 6444 6339
f 6360 6361 6443
f 6341 6444 6340
f 6359 6360 6443
f 6342 6444 6341
f 6358 6359 6443
f 6343 6444 6342
f 6357 6358 6443
f 6344 6444 6343
f 6356 6357 6443
f 6345 6444 6344
f 6355 6356 6443
f 6346 6443 6444
f 6346 6444 6345
f 6354 6355 6443
f 6347 6443 6346
f 6353 6354 6443
f 6348 6443 6347
f 6352 6353 6443
f 6349 6443 6348
f 6351 6352 6443
f 6350 6443 6349
f 6350 6351 6443
f 6618 6619 6514
f 6618 6514 6513
f 6620 6514 6619
f 6620 6515 6514
f 6617 6513 6512
f 6617 6618 6513
f 6621 6515 6620
f 6621 6516 6515
f 6616 6512 6511
f 6616 6617 6512
f 6622 6517 6516
f 6622 6516 6621
f 6615 6511 6510
f 6615 6616 6511
f 6623 6517 6622
f 6623 6518 6517
f 6614 6510 6509
f 6614 6615 6510
f 6624 6519 6518
f 6624 6518 6623
f 6613 6509 6508
f 6613 6614 6509
f 6625 6519 6624
f 6625 6520 6519
f 6612 6613 6508
f 6612 6508 6507
f 6626 6520 6625
f 6626 6521 6520
f 6611 6507 6506
f 6611 6612 6507
f 6627 6521 6626
f 6627 6522 6521
f 6610 6611 6506
f 6610 6506 6505
f 6628 6523 6522
f 6628 6522 6627
f 6609 6610 6505
f 6609 6505 6504
f 6629 6523 6628
f 6629 6524 6523
f 6608 6609 6504
f 6608 6504 6503
f 6630 6524 6629
f 6630 6525 6524
f 6607 6608 6503
f 6607 6503 6502
f 6631 6525 6630
f 6631 6526 6525
f 6606 6607 6502
f 6606 6502 6501
f 6632 6526 6631
f 6632 6527 6526
f 6605 6606 6501
f 6605 6501 6500
f 6633 6528 6527
f 6633 6527 6632
f 6604 6605 6500
f 6604 6500 6499
f 6634 6528 6633
f 6634 6529 6528
f 6603 6499 6498
f 6603 6604 6499
f 6635 6529 6634
f 6635 6530 6529
f 6602 6498 6497
f 6602 6603 6498
f 6636 6530 6635
f 6636 6531 6530
f 6601 6602 6497
f 6601 6497 6496
f 6637 6531 6636
f 6637 6532 6531
f 6600 6496 6495
f 6600 6601 6496
f 6638 6532 6637
f 6638 6533 6532
f 6599 6495 6494
f 6599 6600 6495
f 6639 6533 6638
f 6639 6534 6533
f 6598 6494 6493
f 6598 6599 6494
f 6640 6534 6639
f 6640 6535 6534
f 6597 6493 6492
f 6597 6598 6493
f 6641 6535 6640
f 6641 6536 6535
f 6596 6492 6491
f 6596 6597 6492
f 6642 6537 6536
f 6642 6536 6641
f 6595 6596 6491
f 6595 6490 6489
f 6595 6491 6490
f 6643 6537 6642
f 6643 6538 6537
f 6594 6595 6489
f 6644 6538 6643
f 6644 6539 6538
f 6593 6594 6489
f 6593 6489 6488
f 6540 6539 6644
f 6540 6644 6645
f 6487 6593 6488
f 6487 6592 6593
f 6541 6540 6645
f 6541 6645 6646
f 6486 6592 6487
f 6486 6591 6592
f 6542 6541 6646
f 6542 6646 6647
f 6542 6647 6648
f 6485 6591 6486
f 6485 6590 6591
f 6543 6542 6648
f 6543 6648 6649
f 6484 6589 6590
f 6484 6590 6485
f 6544 6543 6649
f 6483 6588 6589
f 6483 6589 6484
f 6545 6649 6650
f 6545 6544 6649
f 6482 6587 6588
f 6482 6588 6483
f 6546 6650 6651
f 6546 6545 6650
f 6481 6586 6587
f 6481 6587 6482
f 6547 6651 6652
f 6547 6546 6651
f 6480 6585 6586
f 6480 6586 6481
f 6548 6652 6653
f 6548 6547 6652
f 6479 6585 6480
f 6479 6584 6585
f 6549 6653 6654
f 6549 6548 6653
f 6478 6584 6479
f 6478 6583 6584
f 6550 6654 6655
f 6550 6549 6654
f 6477 6582 6583
f 6477 6583 6478
f 6551 6655 6656
f 6551 6550 6655
f 6476 6581 6582
f 6476 6582 6477
f 6552 6656 6657
f 6552 6551 6656
f 6475 6579 6580
f 6475 6580 6581
f 6475 6581 6476
f 6448 6553 6554
f 6448 6657 6553
f 6448 6552 6657
f 6474 6579 6475
f 6449 6448 6554
f 6473 6577 6578
f 6473 6578 6579
f 6473 6579 6474
f 6450 6554 6555
f 6450 6449 6554
f 6472 6576 6577
f 6472 6577 6473
f 6451 6555 6556
f 6451 6450 6555
f 6471 6576 6472
f 6452 6556 6557
f 6452 6451 6556
f 6470 6575 6576
f 6470 6576 6471
f 6453 6557 6558
f 6453 6452 6557
f 6469 6574 6575
f 6469 6575 6470
f 6454 6558 6559
f 6454 6453 6558
f 6468 6573 6574
f 6468 6574 6469
f 6455 6559 6560
f 6455 6560 6561
f 6455 6454 6559
f 6467 6573 6468
f 6467 6572 6573
f 6456 6455 6561
f 6466 6572 6467
f 6466 6570 6571
f 6466 6571 6572
f 6457 6561 6562
f 6457 6456 6561
f 6465 6570 6466
f 6465 6569 6570
f 6458 6562 6563
f 6458 6563 6564
f 6458 6457 6562
f 6464 6569 6465
f 6459 6458 6564
f 6463 6569 6464
f 6463 6567 6568
f 6463 6568 6569
f 6460 6459 6564
f 6460 6564 6565
f 6462 6566 6567
f 6462 6567 6463
f 6461 6565 6566
f 6461 6460 6565
f 6461 6566 6462
f 6659 6658 6660
f 6659 6660 6661
f 6663 6662 6664
f 6663 6664 6665
f 6667 6666 6668
f 6667 6668 6669
f 6671 6670 6672
f 6671 6672 6673
f 6675 6674 6676
f 6675 6676 6677
f 6679 6678 6680
f 6679 6680 6681
f 6683 6682 6788
f 6683 6788 6789
f 6684 6789 6790
f 6684 6683 6789
f 6685 6790 6791
f 6685 6684 6790
f 6686 6791 6792
f 6686 6685 6791
f 6687 6792 6793
f 6687 6793 6794
f 6687 6686 6792
f 6688 6687 6794
f 6689 6794 6795
f 6689 6688 6794
f 6690 6795 6796
f 6690 6689 6795
f 6691 6796 6797
f 6691 6690 6796
f 6692 6797 6798
f 6692 6691 6797
f 6693 6798 6799
f 6693 6692 6798
f 6694 6799 6800
f 6694 6693 6799
f 6695 6800 6801
f 6695 6694 6800
f 6696 6801 6802
f 6696 6695 6801
f 6697 6802 6803
f 6697 6696 6802
f 6698 6803 6804
f 6698 6697 6803
f 6699 6804 6805
f 6699 6805 6806
f 6699 6698 6804
f 6700 6699 6806
f 6701 6806 6807
f 6701 6700 6806
f 6702 6807 6808
f 6702 6701 6807
f 6703 6808 6809
f 6703 6809 6810
f 6703 6702 6808
f 6704 6703 6810
f 6704 6810 6811
f 6705 6704 6811
f 6706 6705 6811
f 6706 6811 6812
f 6707 6706 6812
f 6707 6812 6813
f 6708 6707 6813
f 6708 6813 6814
f 6709 6708 6814
f 6709 6814 6815
f 6709 6815 6816
f 6710 6709 6816
f 6710 6816 6817
f 6711 6710 6817
f 6712 6711 6817
f 6712 6817 6818
f 6712 6818 6819
f 6713 6819 6820
f 6713 6712 6819
f 6714 6713 6820
f 6715 6820 6821
f 6715 6714 6820
f 6716 6821 6822
f 6716 6822 6823
f 6716 6715 6821
f 6717 6716 6823
f 6718 6823 6824
f 6718 6717 6823
f 6719 6824 6825
f 6719 6718 6824
f 6720 6825 6826
f 6720 6719 6825
f 6721 6826 6827
f 6721 6720 6826
f 6722 6827 6828
f 6722 6721 6827
f 6723 6828 6829
f 6723 6722 6828
f 6724 6829 6830
f 6724 6723 6829
f 6725 6830 6831
f 6725 6724 6830
f 6726 6831 6832
f 6726 6725 6831
f 6727 6832 6833
f 6727 6726 6832
f 6728 6833 6834
f 6728 6727 6833
f 6729 6834 6835
f 6729 6728 6834
f 6730 6729 6835
f 6730 6835 6836
f 6730 6836 6837
f 6731 6730 6837
f 6732 6731 6837
f 6732 6837 6838
f 6733 6732 6838
f 6733 6838 6839
f 6734 6733 6839
f 6734 6839 6840
f 6735 6734 6840
f 6735 6840 6841
f 6736 6735 6841
f 6736 6841 6842
f 6737 6736 6842
f 6737 6842 6843
f 6738 6737 6843
f 6738 6843 6844
f 6738 6844 6845
f 6739 6738 6845
f 6740 6739 6845
f 6740 6845 6846
f 6741 6740 6846
f 6741 6846 6847
f 6742 6741 6847
f 6742 6847 6848
f 6743 6742 6848
f 6743 6848 6849
f 6744 6743 6849
f 6744 6849 6850
f 6745 6744 6850
f 6745 6850 6851
f 6746 6745 6851
f 6746 6851 6852
f 6747 6852 6853
f 6747 6746 6852
f 6748 6853 6854
f 6748 6854 6855
f 6748 6747 6853
f 6749 6748 6855
f 6750 6855 6856
f 6750 6749 6855
f 6751 6856 6857
f 6751 6857 6858
f 6751 6750 6856
f 6752 6751 6858
f 6753 6858 6859
f 6753 6752 6858
f 6754 6753 6859
f 6754 6859 6860
f 6755 6754 6860
f 6755 6860 6861
f 6756 6755 6861
f 6756 6861 6862
f 6757 6756 6862
f 6757 6862 6863
f 6758 6757 6863
f 6758 6863 6864
f 6759 6758 6864
f 6759 6864 6865
f 6760 6759 6865
f 6760 6865 6866
f 6761 6760 6866
f 6761 6866 6867
f 6762 6761 6867
f 6762 6867 6868
f 6763 6762 6868
f 6763 6868 6869
f 6764 6763 6869
f 6764 6869 6870
f 6765 6764 6870
f 6765 6870 6871
f 6766 6765 6871
f 6766 6871 6872
f 6767 6766 6872
f 6767 6872 6873
f 6768 6767 6873
f 6768 6873 6874
f 6769 6768 6874
f 6769 6874 6875
f 6770 6769 6875
f 6770 6875 6876
f 6771 6770 6876
f 6771 6876 6877
f 6772 6771 6877
f 6772 6877 6878
f 6773 6772 6878
f 6773 6878 6879
f 6774 6773 6879
f 6774 6879 6880
f 6775 6774 6880
f 6775 6880 6881
f 6776 6775 6881
f 6776 6881 6882
f 6777 6776 6882
f 6777 6882 6883
f 6778 6883 6884
f 6778 6777 6883
f 6779 6884 6885
f 6779 6778 6884
f 6780 6779 6885
f 6780 6885 6886
f 6781 6886 6887
f 6781 6780 6886
f 6782 6887 6888
f 6782 6781 6887
f 6783 6888 6889
f 6783 6782 6888
f 6784 6889 6890
f 6784 6783 6889
f 6785 6890 6891
f 6785 6891 6892
f 6785 6784 6890
f 6786 6785 6892
f 6787 6892 6893
f 6787 6786 6892
f 6899 6897 6898
f 6895 6896 6897
f 6895 6899 6894
f 6895 6897 6899
f 6961 6963 6962
f 6983 6982 6981
f 6948 6950 6949
f 6985 6983 6981
f 6985 6984 6983
f 6944 6946 6945
f 6944 6947 6946
f 6944 6948 6947
f 6988 6986 6985
f 6988 6987 6986
f 6989 6988 6985
f 6940 6942 6941
f 6940 6943 6942
f 6940 6944 6943
f 6992 6990 6989
f 6992 6991 6990
f 6938 6940 6939
f 6996 6993 6992
f 6996 6994 6993
f 6996 6995 6994
f 6997 6996 6992
f 6997 6992 6989
f 6934 6936 6935
f 6934 6937 6936
f 6933 6938 6937
f 6933 6937 6934
f 6999 6997 6989
f 6999 6998 6997
f 6932 6963 6961
f 6932 6944 6940
f 6932 6951 6950
f 6932 6952 6951
f 6932 6953 6952
f 6932 6954 6953
f 6932 6955 6954
f 6932 6956 6955
f 6932 6957 6956
f 6932 6958 6957
f 6932 6959 6958
f 6932 6960 6959
f 6932 6961 6960
f 6932 6964 6963
f 6932 6965 6964
f 6932 6966 6965
f 6932 6967 6966
f 6932 6968 6967
f 6932 6940 6938
f 6932 6950 6948
f 6932 6948 6944
f 6932 6938 6933
f 6930 6932 6931
f 7002 7001 7000
f 6928 6930 6929
f 6928 6932 6930
f 6926 6928 6927
f 6901 7004 7003
f 6901 6900 7004
f 6902 7003 7002
f 6902 6901 7003
f 6923 6925 6924
f 6923 6926 6925
f 6904 6903 6902
f 6904 7002 7000
f 6904 6902 7002
f 6904 7000 6999
f 6906 6905 6904
f 6920 6922 6921
f 6920 6923 6922
f 6907 6906 6904
f 6919 6923 6920
f 6917 6919 6918
f 6910 6908 6907
f 6910 6909 6908
f 6915 6917 6916
f 6915 6919 6917
f 6914 6923 6919
f 6914 6919 6915
f 6913 6989 6985
f 6913 6923 6914
f 6913 6911 6910
f 6913 6912 6911
f 6913 6968 6932
f 6913 6910 6907
f 6913 6932 6928
f 6913 6969 6968
f 6913 6970 6969
f 6913 6971 6970
f 6913 6972 6971
f 6913 6973 6972
f 6913 6926 6923
f 6913 6974 6973
f 6913 6999 6989
f 6913 6975 6974
f 6913 6976 6975
f 6913 6977 6976
f 6913 6978 6977
f 6913 6979 6978
f 6913 6980 6979
f 6913 6981 6980
f 6913 6985 6981
f 6913 6904 6999
f 6913 6907 6904
f 6913 6928 6926
f 7006 7005 7111
f 7006 7111 7112
f 7007 7112 7113
f 7007 7006 7112
f 7008 7113 7114
f 7008 7007 7113
f 7009 7114 7115
f 7009 7008 7114
f 7010 7115 7116
f 7010 7009 7115
f 7011 7116 7117
f 7011 7010 7116
f 7012 7117 7118
f 7012 7011 7117
f 7013 7118 7119
f 7013 7119 7120
f 7013 7012 7118
f 7014 7013 7120
f 7015 7120 7121
f 7015 7014 7120
f 7016 7121 7122
f 7016 7015 7121
f 7017 7122 7123
f 7017 7016 7122
f 7018 7123 7124
f 7018 7017 7123
f 7019 7124 7125
f 7019 7018 7124
f 7020 7125 7126
f 7020 7019 7125
f 7021 7126 7127
f 7021 7020 7126
f 7022 7127 7128
f 7022 7021 7127
f 7023 7128 7129
f 7023 7022 7128
f 7024 7129 7130
f 7024 7023 7129
f 7025 7130 7131
f 7025 7024 7130
f 7026 7131 7132
f 7026 7025 7131
f 7027 7026 7132
f 7027 7132 7133
f 7028 7027 7133
f 7028 7133 7134
f 7029 7028 7134
f 7029 7134 7135
f 7030 7029 7135
f 7030 7135 7136
f 7030 7136 7137
f 7031 7030 7137
f 7032 7031 7137
f 7032 7137 7138
f 7033 7032 7138
f 7033 7138 7139
f 7034 7033 7139
f 7034 7139 7140
f 7035 7034 7140
f 7035 7140 7141
f 7036 7141 7142
f 7036 7035 7141
f 7037 7142 7143
f 7037 7143 7144
f 7037 7036 7142
f 7038 7037 7144
f 7039 7144 7145
f 7039 7038 7144
f 7040 7145 7146
f 7040 7039 7145
f 7041 7146 7147
f 7041 7040 7146
f 7042 7147 7148
f 7042 7041 7147
f 7043 7148 7149
f 7043 7149 7150
f 7043 7042 7148
f 7044 7043 7150
f 7045 7150 7151
f 7045 7044 7150
f 7046 7151 7152
f 7046 7045 7151
f 7047 7152 7153
f 7047 7046 7152
f 7048 7153 7154
f 7048 7047 7153
f 7049 7154 7155
f 7049 7048 7154
f 7050 7155 7156
f 7050 7049 7155
f 7051 7156 7157
f 7051 7050 7156
f 7052 7157 7158
f 7052 7051 7157
f 7053 7052 7158
f 7053 7158 7159
f 7054 7053 7159
f 7054 7159 7160
f 7055 7054 7160
f 7055 7160 7161
f 7056 7055 7161
f 7056 7161 7162
f 7057 7056 7162
f 7057 7162 7163
f 7058 7057 7163
f 7058 7163 7164
f 7059 7058 7164
f 7059 7164 7165
f 7060 7059 7165
f 7060 7165 7166
f 7061 7060 7166
f 7061 7166 7167
f 7062 7061 7167
f 7062 7167 7168
f 7063 7062 7168
f 7063 7168 7169
f 7064 7063 7169
f 7064 7169 7170
f 7065 7064 7170
f 7065 7170 7171
f 7066 7065 7171
f 7066 7171 7172
f 7067 7066 7172
f 7067 7172 7173
f 7068 7067 7173
f 7068 7173 7174
f 7069 7068 7174
f 7069 7174 7175
f 7070 7175 7176
f 7070 7069 7175
f 7071 7176 7177
f 7071 7070 7176
f 7072 7177 7178
f 7072 7071 7177
f 7073 7178 7179
f 7073 7072 7178
f 7074 7179 7180
f 7074 7073 7179
f 7075 7180 7181
f 7075 7074 7180
f 7076 7181 7182
f 7076 7075 7181
f 7077 7076 7182
f 7077 7182 7183
f 7078 7077 7183
f 7078 7183 7184
f 7079 7078 7184
f 7079 7184 7185
f 7080 7079 7185
f 7080 7185 7186
f 7081 7080 7186
f 7081 7186 7187
f 7082 7081 7187
f 7082 7187 7188
f 7083 7082 7188
f 7083 7188 7189
f 7084 7083 7189
f 7084 7189 7190
f 7084 7190 7191
f 7085 7084 7191
f 7086 7085 7191
f 7086 7191 7192
f 7087 7086 7192
f 7087 7192 7193
f 7088 7087 7193
f 7088 7193 7194
f 7089 7088 7194
f 7089 7194 7195
f 7090 7089 7195
f 7090 7195 7196
f 7091 7090 7196
f 7091 7196 7197
f 7092 7091 7197
f 7092 7197 7198
f 7093 7092 7198
f 7093 7198 7199
f 7094 7093 7199
f 7094 7199 7200
f 7095 7094 7200
f 7095 7200 7201
f 7096 7095 7201
f 7096 7201 7202
f 7097 7096 7202
f 7097 7202 7203
f 7098 7097 7203
f 7098 7203 7204
f 7099 7098 7204
f 7099 7204 7205
f 7100 7099 7205
f 7100 7205 7206
f 7101 7206 7207
f 7101 7100 7206
f 7102 7207 7208
f 7102 7101 7207
f 7103 7102 7208
f 7103 7208 7209
f 7104 7209 7210
f 7104 7103 7209
f 7105 7210 7211
f 7105 7104 7210
f 7106 7211 7212
f 7106 7105 7211
f 7107 7212 7213
f 7107 7106 7212
f 7108 7213 7214
f 7108 7107 7213
f 7109 7214 7215
f 7109 7108 7214
f 7110 7109 7215
f 7110 7215 7216
f 7326 7278 7279
f 7326 7279 7280
f 7326 7280 7281
f 7326 7281 7282
f 7326 7282 7283
f 7326 7283 7284
f 7326 7284 7285
f 7326 7285 7286
f 7326 7286 7287
f 7326 7287 7288
f 7326 7288 7289
f 7326 7289 7290
f 7326 7290 7291
f 7326 7291 7292
f 7326 7292 7293
f 7326 7293 7294
f 7326 7294 7295
f 7326 7295 7296
f 7327 7262 7263
f 7327 7263 7264
f 7327 7264 7265
f 7327 7265 7266
f 7327 7266 7267
f 7327 7267 7268
f 7327 7268 7269
f 7327 7269 7270
f 7327 7270 7271
f 7327 7271 7272
f 7327 7272 7273
f 7327 7273 7274
f 7327 7274 7275
f 7327 7275 7276
f 7327 7276 7277
f 7327 7277 7278
f 7327 7278 7326
f 7261 7262 7327
f 7325 7326 7296
f 7325 7296 7297
f 7325 7297 7298
f 7325 7298 7299
f 7325 7299 7300
f 7325 7300 7301
f 7325 7301 7302
f 7325 7302 7303
f 7325 7303 7304
f 7325 7304 7305
f 7325 7305 7306
f 7307 7325 7306
f 7308 7325 7307
f 7309 7325 7308
f 7310 7325 7309
f 7322 7261 7327
f 7322 7255 7256
f 7322 7256 7257
f 7322 7257 7258
f 7322 7258 7259
f 7322 7259 7260
f 7322 7260 7261
f 7311 7325 7310
f 7254 7255 7322
f 7312 7325 7311
f 7253 7254 7322
f 7313 7325 7312
f 7252 7253 7322
f 7251 7252 7322
f 7324 7325 7313
f 7324 7313 7314
f 7315 7324 7314
f 7250 7251 7322
f 7316 7324 7315
f 7249 7250 7322
f 7317 7324 7316
f 7248 7249 7322
f 7318 7324 7317
f 7247 7248 7322
f 7319 7324 7318
f 7246 7247 7322
f 7320 7324 7319
f 7245 7246 7322
f 7321 7324 7320
f 7244 7245 7322
f 7217 7324 7321
f 7243 7322 7323
f 7243 7244 7322
f 7218 7324 7217
f 7242 7243 7323
f 7219 7324 7218
f 7241 7242 7323
f 7220 7324 7219
f 7240 7241 7323
f 7221 7324 7220
f 7239 7240 7323
f 7222 7324 7221
f 7238 7239 7323
f 7223 7324 7222
f 7237 7238 7323
f 7224 7324 7223
f 7236 7237 7323
f 7225 7324 7224
f 7235 7236 7323
f 7226 7323 7324
f 7226 7324 7225
f 7234 7235 7323
f 7227 7323 7226
f 7233 7234 7323
f 7228 7323 7227
f 7232 7233 7323
f 7229 7323 7228
f 7231 7232 7323
f 7230 7323 7229
f 7230 7231 7323
f 7498 7394 7393
f 7498 7499 7394
f 7500 7395 7394
f 7500 7394 7499
f 7497 7393 7392
f 7497 7498 7393
f 7501 7396 7395
f 7501 7395 7500
f 7496 7392 7391
f 7496 7497 7392
f 7502 7397 7396
f 7502 7396 7501
f 7495 7496 7391
f 7495 7391 7390
f 7503 7398 7397
f 7503 7397 7502
f 7494 7390 7389
f 7494 7495 7390
f 7504 7398 7503
f 7504 7399 7398
f 7493 7494 7389
f 7493 7389 7388
f 7505 7399 7504
f 7505 7400 7399
f 7492 7388 7387
f 7492 7493 7388
f 7506 7400 7505
f 7506 7401 7400
f 7491 7387 7386
f 7491 7492 7387
f 7507 7401 7506
f 7507 7402 7401
f 7490 7386 7385
f 7490 7491 7386
f 7508 7402 7507
f 7508 7403 7402
f 7489 7385 7384
f 7489 7490 7385
f 7509 7403 7508
f 7509 7404 7403
f 7488 7489 7384
f 7488 7384 7383
f 7510 7404 7509
f 7510 7405 7404
f 7487 7488 7383
f 7487 7383 7382
f 7511 7405 7510
f 7511 7406 7405
f 7486 7487 7382
f 7486 7382 7381
f 7512 7406 7511
f 7512 7407 7406
f 7485 7486 7381
f 7485 7381 7380
f 7513 7407 7512
f 7513 7408 7407
f 7484 7485 7380
f 7484 7380 7379
f 7514 7408 7513
f 7514 7409 7408
f 7483 7484 7379
f 7483 7379 7378
f 7515 7409 7514
f 7515 7410 7409
f 7515 7411 7410
f 7482 7378 7377
f 7482 7483 7378
f 7516 7411 7515
f 7481 7377 7376
f 7481 7482 7377
f 7517 7411 7516
f 7517 7412 7411
f 7480 7376 7375
f 7480 7481 7376
f 7518 7412 7517
f 7518 7413 7412
f 7479 7480 7375
f 7479 7375 7374
f 7519 7413 7518
f 7519 7414 7413
f 7478 7374 7373
f 7478 7479 7374
f 7520 7414 7519
f 7520 7415 7414
f 7477 7373 7372
f 7477 7478 7373
f 7521 7415 7520
f 7521 7416 7415
f 7476 7372 7371
f 7476 7477 7372
f 7522 7417 7416
f 7522 7416 7521
f 7475 7371 7370
f 7475 7476 7371
f 7523 7417 7522
f 7523 7418 7417
f 7474 7370 7369
f 7474 7475 7370
f 7524 7419 7418
f 7524 7418 7523
f 7473 7369 7368
f 7473 7474 7369
f 7420 7419 7524
f 7420 7524 7525
f 7472 7473 7368
f 7367 7472 7368
f 7421 7420 7525
f 7421 7525 7526
f 7366 7472 7367
f 7366 7470 7471
f 7366 7471 7472
f 7422 7421 7526
f 7422 7526 7527
f 7422 7527 7528
f 7365 7470 7366
f 7423 7422 7528
f 7423 7528 7529
f 7364 7469 7470
f 7364 7470 7365
f 7424 7423 7529
f 7363 7468 7469
f 7363 7469 7364
f 7425 7529 7530
f 7425 7424 7529
f 7362 7467 7468
f 7362 7468 7363
f 7426 7530 7531
f 7426 7531 7532
f 7426 7425 7530
f 7361 7467 7362
f 7361 7466 7467
f 7427 7426 7532
f 7360 7464 7465
f 7360 7465 7466
f 7360 7466 7361
f 7428 7532 7533
f 7428 7533 7534
f 7428 7427 7532
f 7359 7464 7360
f 7429 7428 7534
f 7358 7464 7359
f 7358 7463 7464
f 7430 7534 7535
f 7430 7429 7534
f 7357 7461 7462
f 7357 7462 7463
f 7357 7463 7358
f 7431 7535 7536
f 7431 7430 7535
f 7356 7461 7357
f 7432 7536 7537
f 7432 7431 7536
f 7355 7460 7461
f 7355 7461 7356
f 7328 7537 7433
f 7328 7432 7537
f 7354 7459 7460
f 7354 7460 7355
f 7329 7433 7434
f 7329 7328 7433
f 7353 7458 7459
f 7353 7459 7354
f 7330 7434 7435
f 7330 7329 7434
f 7352 7456 7457
f 7352 7457 7458
f 7352 7458 7353
f 7331 7435 7436
f 7331 7330 7435
f 7351 7456 7352
f 7332 7436 7437
f 7332 7331 7436
f 7350 7455 7456
f 7350 7456 7351
f 7333 7437 7438
f 7333 7332 7437
f 7349 7454 7455
f 7349 7455 7350
f 7334 7438 7439
f 7334 7333 7438
f 7348 7453 7454
f 7348 7454 7349
f 7335 7439 7440
f 7335 7440 7441
f 7335 7334 7439
f 7347 7451 7452
f 7347 7452 7453
f 7347 7453 7348
f 7336 7335 7441
f 7346 7450 7451
f 7346 7451 7347
f 7337 7441 7442
f 7337 7336 7441
f 7345 7450 7346
f 7345 7449 7450
f 7338 7442 7443
f 7338 7443 7444
f 7338 7337 7442
f 7344 7449 7345
f 7344 7448 7449
f 7339 7338 7444
f 7343 7448 7344
f 7343 7447 7448
f 7340 7339 7444
f 7340 7444 7445
f 7340 7445 7446
f 7342 7447 7343
f 7341 7340 7446
f 7341 7446 7447
f 7341 7447 7342
f 7539 7538 7540
f 7539 7540 7541
f 7543 7542 7544
f 7543 7544 7545
f 7547 7546 7548
f 7547 7548 7549
f 7551 7550 7552
f 7551 7552 7553
f 7555 7554 7556
f 7555 7556 7557
f 7559 7558 7560
f 7559 7560 7561
f 7563 7562 7668
f 7563 7668 7669
f 7564 7669 7670
f 7564 7563 7669
f 7565 7670 7671
f 7565 7564 7670
f 7566 7671 7672
f 7566 7565 7671
f 7567 7672 7673
f 7567 7673 7674
f 7567 7566 7672
f 7568 7567 7674
f 7569 7674 7675
f 7569 7568 7674
f 7570 7675 7676
f 7570 7569 7675
f 7571 7676 7677
f 7571 7570 7676
f 7572 7677 7678
f 7572 7571 7677
f 7573 7678 7679
f 7573 7572 7678
f 7574 7679 7680
f 7574 7573 7679
f 7575 7680 7681
f 7575 7574 7680
f 7576 7681 7682
f 7576 7575 7681
f 7577 7682 7683
f 7577 7576 7682
f 7578 7683 7684
f 7578 7577 7683
f 7579 7684 7685
f 7579 7685 7686
f 7579 7578 7684
f 7580 7579 7686
f 7581 7686 7687
f 7581 7580 7686
f 7582 7687 7688
f 7582 7581 7687
f 7583 7688 7689
f 7583 7689 7690
f 7583 7582 7688
f 7584 7583 7690
f 7584 7690 7691
f 7585 7584 7691
f 7586 7585 7691
f 7586 7691 7692
f 7587 7586 7692
f 7587 7692 7693
f 7588 7587 7693
f 7588 7693 7694
f 7589 7588 7694
f 7589 7694 7695
f 7589 7695 7696
f 7590 7589 7696
f 7590 7696 7697
f 7591 7590 7697
f 7592 7591 7697
f 7592 7697 7698
f 7592 7698 7699
f 7593 7699 7700
f 7593 7592 7699
f 7594 7593 7700
f 7595 7700 7701
f 7595 7594 7700
f 7596 7701 7702
f 7596 7702 7703
f 7596 7595 7701
f 7597 7596 7703
f 7598 7703 7704
f 7598 7597 7703
f 7599 7704 7705
f 7599 7598 7704
f 7600 7705 7706
f 7600 7599 7705
f 7601 7706 7707
f 7601 7600 7706
f 7602 7707 7708
f 7602 7601 7707
f 7603 7708 7709
f 7603 7602 7708
f 7604 7709 7710
f 7604 7603 7709
f 7605 7710 7711
f 7605 7604 7710
f 7606 7711 7712
f 7606 7605 7711
f 7607 7712 7713
f 7607 7606 7712
f 7608 7713 7714
f 7608 7607 7713
f 7609 7714 7715
f 7609 7608 7714
f 7610 7609 7715
f 7610 7715 7716
f 7610 7716 7717
f 7611 7610 7717
f 7612 7611 7717
f 7612 7717 7718
f 7613 7612 7718
f 7613 7718 7719
f 7614 7613 7719
f 7614 7719 7720
f 7615 7614 7720
f 7615 7720 7721
f 7616 7615 7721
f 7616 7721 7722
f 7617 7616 7722
f 7617 7722 7723
f 7618 7617 7723
f 7618 7723 7724
f 7618 7724 7725
f 7619 7618 7725
f 7620 7619 7725
f 7620 7725 7726
f 7621 7620 7726
f 7621 7726 7727
f 7622 7621 7727
f 7622 7727 7728
f 7623 7622 7728
f 7623 7728 7729
f 7624 7623 7729
f 7624 7729 7730
f 7625 7624 7730
f 7625 7730 7731
f 7626 7625 7731
f 7626 7731 7732
f 7627 7732 7733
f 7627 7626 7732
f 7628 7733 7734
f 7628 7734 7735
f 7628 7627 7733
f 7629 7628 7735
f 7630 7735 7736
f 7630 7629 7735
f 7631 7736 7737
f 7631 7737 7738
f 7631 7630 7736
f 7632 7631 7738
f 7633 7738 7739
f 7633 7632 7738
f 7634 7633 7739
f 7634 7739 7740
f 7635 7634 7740
f 7635 7740 7741
f 7636 7635 7741
f 7636 7741 7742
f 7637 7636 7742
f 7637 7742 7743
f 7638 7637 7743
f 7638 7743 7744
f 7639 7638 7744
f 7639 7744 7745
f 7640 7639 7745
f 7640 7745 7746
f 7641 7640 7746
f 7641 7746 7747
f 7642 7641 7747
f 7642 7747 7748
f 7643 7642 7748
f 7643 7748 7749
f 7644 7643 7749
f 7644 7749 7750
f 7645 7644 7750
f 7645 7750 7751
f 7646 7645 7751
f 7646 7751 7752
f 7647 7646 7752
f 7647 7752 7753
f 7648 7647 7753
f 7648 7753 7754
f 7649 7648 7754
f 7649 7754 7755
f 7650 7649 7755
f 7650 7755 7756
f 7651 7650 7756
f 7651 7756 7757
f 7652 7651 7757
f 7652 7757 7758
f 7653 7652 7758
f 7653 7758 7759
f 7654 7653 7759
f 7654 7759 7760
f 7655 7654 7760
f 7655 7760 7761
f 7656 7655 7761
f 7656 7761 7762
f 7657 7656 7762
f 7657 7762 7763
f 7658 7763 7764
f 7658 7657 7763
f 7659 7764 7765
f 7659 7658 7764
f 7660 7659 7765
f 7660 7765 7766
f 7661 7766 7767
f 7661 7660 7766
f 7662 7767 7768
f 7662 7661 7767
f 7663 7768 7769
f 7663 7662 7768
f 7664 7769 7770
f 7664 7663 7769
f 7665 7770 7771
f 7665 7771 7772
f 7665 7664 7770
f 7666 7665 7772
f 7667 7772 7773
f 7667 7666 7772
f 7779 7777 7778
f 7775 7776 7777
f 7775 7779 7774
f 7775 7777 7779
f 7841 7843 7842
f 7863 7862 7861
f 7828 7830 7829
f 7865 7863 7861
f 7865 7864 7863
f 7824 7826 7825
f 7824 7827 7826
f 7824 7828 7827
f 7868 7866 7865
f 7868 7867 7866
f 7869 7868 7865
f 7820 7822 7821
f 7820 7823 7822
f 7820 7824 7823
f 7872 7870 7869
f 7872 7871 7870
f 7818 7820 7819
f 7876 7873 7872
f 7876 7874 7873
f 7876 7875 7874
f 7877 7876 7872
f 7877 7872 7869
f 7814 7816 7815
f 7814 7817 7816
f 7813 7818 7817
f 7813 7817 7814
f 7879 7877 7869
f 7879 7878 7877
f 7812 7843 7841
f 7812 7824 7820
f 7812 7831 7830
f 7812 7832 7831
f 7812 7833 7832
f 7812 7834 7833
f 7812 7835 7834
f 7812 7836 7835
f 7812 7837 7836
f 7812 7838 7837
f 7812 7839 7838
f 7812 7840 7839
f 7812 7841 7840
f 7812 7844 7843
f 7812 7845 7844
f 7812 7846 7845
f 7812 7847 7846
f 7812 7848 7847
f 7812 7820 7818
f 7812 7830 7828
f 7812 7828 7824
f 7812 7818 7813
f 7810 7812 7811
f 7882 7881 7880
f 7808 7810 7809
f 7808 7812 7810
f 7806 7808 7807
f 7781 7884 7883
f 7781 7780 7884
f 7782 7883 7882
f 7782 7781 7883
f 7803 7805 7804
f 7803 7806 7805
f 7784 7783 7782
f 7784 7882 7880
f 7784 7782 7882
f 7784 7880 7879
f 7786 7785 7784
f 7800 7802 7801
f 7800 7803 7802
f 7787 7786 7784
f 7799 7803 7800
f 7797 7799 7798
f 7790 7788 7787
f 7790 7789 7788
f 7795 7797 7796
f 7795 7799 7797
f 7794 7803 7799
f 7794 7799 7795
f 7793 7869 7865
f 7793 7803 7794
f 7793 7791 7790
f 7793 7792 7791
f 7793 7848 7812
f 7793 7790 7787
f 7793 7812 7808
f 7793 7849 7848
f 7793 7850 7849
f 7793 7851 7850
f 7793 7852 7851
f 7793 7853 7852
f 7793 7806 7803
f 7793 7854 7853
f 7793 7879 7869
f 7793 7855 7854
f 7793 7856 7855
f 7793 7857 7856
f 7793 7858 7857
f 7793 7859 7858
f 7793 7860 7859
f 7793 7861 7860
f 7793 7865 7861
f 7793 7784 7879
f 7793 7787 7784
f 7793 7808 7806
