v -0.0307 0.05 0.03825
v -0.0307 0.07 0.03825
v -0.0307 0.05 0.03525
v -0.0307 0.07 0.03525
v -0.0307 0.05 0.03825
v -0.0307 0.07 0.03825
v -0.0306966163165 0.0498837103422 0.03825
v -0.0306864767155 0.0497678141717 0.03825
v -0.030669615506 0.0496527036447 0.03825
v -0.0306460897412 0.0495387682585 0.03825
v -0.0306159790246 0.0494263935346 0.03825
v -0.0305793852416 0.0493159597133 0.03825
v -0.0305364322138 0.0492078404679 0.03825
v -0.0304872652806 0.0491024016396 0.03825
v -0.0304320508076 0.049 0.03825
v -0.0303709756228 0.0489009820439 0.03825
v -0.0303042463855 0.0488056828166 0.03825
v -0.0302320888862 0.0487144247806 0.03825
v -0.0301547472831 0.0486275167243 0.03825
v -0.0300724832757 0.0485452527169 0.03825
v -0.0299855752194 0.0484679111138 0.03825
v -0.0298943171834 0.0483957536145 0.03825
v -0.0297990179561 0.0483290243772 0.03825
v -0.0297 0.0482679491924 0.03825
v -0.0295975983604 0.0482127347194 0.03825
v -0.0294921595321 0.0481635677862 0.03825
v -0.0293840402867 0.0481206147584 0.03825
v -0.0292736064654 0.0480840209754 0.03825
v -0.0291612317415 0.0480539102588 0.03825
v -0.0290472963553 0.048030384494 0.03825
v -0.0289321858283 0.0480135232845 0.03825
v -0.0288162896578 0.0480033836835 0.03825
v -0.0287 0.048 0.03825
v 0.0287 0.048 0.03825
v 0.0307 0.05 0.03825
v 0.0306966163165 0.0498837103422 0.03825
v 0.0306864767155 0.0497678141717 0.03825
v 0.030669615506 0.0496527036447 0.03825
v 0.0306460897412 0.0495387682585 0.03825
v 0.0306159790246 0.0494263935346 0.03825
v 0.0305793852416 0.0493159597133 0.03825
v 0.0305364322138 0.0492078404679 0.03825
v 0.0304872652806 0.0491024016396 0.03825
v 0.0304320508076 0.049 0.03825
v 0.0303709756228 0.0489009820439 0.03825
v 0.0303042463855 0.0488056828166 0.03825
v 0.0302320888862 0.0487144247806 0.03825
v 0.0301547472831 0.0486275167243 0.03825
v 0.0300724832757 0.0485452527169 0.03825
v 0.0299855752194 0.0484679111138 0.03825
v 0.0298943171834 0.0483957536145 0.03825
v 0.0297990179561 0.0483290243772 0.03825
v 0.0297 0.0482679491924 0.03825
v 0.0295975983604 0.0482127347194 0.03825
v 0.0294921595321 0.0481635677862 0.03825
v 0.0293840402867 0.0481206147584 0.03825
v 0.0292736064654 0.0480840209754 0.03825
v 0.0291612317415 0.0480539102588 0.03825
v 0.0290472963553 0.048030384494 0.03825
v 0.0289321858283 0.0480135232845 0.03825
v 0.0288162896578 0.0480033836835 0.03825
v 0.0307 0.07 0.03825
v 0.0306968223233 0.0701126969792 0.03825
v 0.0306872993909 0.0702250358439 0.03825
v 0.0306714614635 0.0703366596174 0.03825
v 0.030649358869 0.0704472135955 0.03825
v 0.0306210618422 0.0705563464734 0.03825
v 0.030586660302 0.070663711462 0.03825
v 0.0305462635654 0.0707689673902 0.03825
v 0.0305 0.0708717797887 0.03825
v 0.0305 0.0499846303173 0.03825
v 0.0225 0.0499846303173 0.03825
v 0.0225 0.0719367493835 0.03825
v 0.0291990008272 0.0719367493835 0.03825
v 0.0291007319468 0.0719594422438 0.03825
v 0.0290014440313 0.0719771523705 0.03825
v 0.0289013895633 0.0719898347278 0.03825
v 0.0288008229748 0.0719974570653 0.03825
v 0.0287 0.072 0.03825
v -0.0287 0.072 0.03825
v -0.0291990008272 0.0719367493835 0.03825
v -0.0291007319468 0.0719594422438 0.03825
v -0.0290014440313 0.0719771523705 0.03825
v -0.0289013895633 0.0719898347278 0.03825
v -0.0288008229748 0.0719974570653 0.03825
v -0.0225 0.0719367493835 0.03825
v -0.0225 0.0499846303173 0.03825
v -0.0305 0.0499846303173 0.03825
v -0.0305 0.0708717797887 0.03825
v -0.0306968223233 0.0701126969792 0.03825
v -0.0306872993909 0.0702250358439 0.03825
v -0.0306714614635 0.0703366596174 0.03825
v -0.030649358869 0.0704472135955 0.03825
v -0.0306210618422 0.0705563464734 0.03825
v -0.030586660302 0.070663711462 0.03825
v -0.0305462635654 0.0707689673902 0.03825
v -0.00475 0.054 0.03825
v -0.00475581707825 0.0541943635003 0.03825
v -0.00477324748939 0.0543880312298 0.03825
v -0.00480222883705 0.0545803099081 0.03825
v -0.00484265737555 0.0547705112276 0.03825
v -0.0048943883812 0.0549579543168 0.03825
v -0.00495723667042 0.0551419681783 0.03825
v -0.00503097726266 0.05532189409 0.03825
v -0.00511534618574 0.055497087964 0.03825
v -0.00521004142079 0.0556669226516 0.03825
v -0.00531472398347 0.0558307901887 0.03825
v -0.00542901913737 0.0559881039721 0.03825
v -0.00555251773549 0.0561383008593 0.03825
v -0.00568477768491 0.0562808431844 0.03825
v -0.00582532552933 0.0564152206828 0.03825
v -0.00597365814396 0.056540952318 0.03825
v -0.00612924453652 0.0566575880034 0.03825
v -0.00629152774812 0.0567647102135 0.03825
v -0.00645992684696 0.0568619354785 0.03825
v -0.00663383900799 0.0569489157573 0.03825
v -0.00681264167081 0.0570253396831 0.03825
v -0.00699569476828 0.057090933678 0.03825
v -0.00718234301783 0.0571454629325 0.03825
v -0.00737191826716 0.057188732246 0.03825
v -0.00756374188609 0.0572205867257 0.03825
v -0.00775712719584 0.0572409123408 0.03825
v -0.0079513819272 0.0572496363309 0.03825
v -0.00814581069864 0.0572467274663 0.03825
v -0.00833971750562 0.0572321961599 0.03825
v -0.0085324082121 0.0572060944303 0.03825
v -0.00872319303536 0.0571685157146 0.03825
v -0.00891138901524 0.057119594535 0.03825
v -0.00909632245899 0.0570595060166 0.03825
v -0.00927733135288 0.0569884652608 0.03825
v -0.00945376773203 0.0569067265749 0.03825
v -0.009625 0.0568145825623 0.03825
v -0.00979041518972 0.0567123630746 0.03825
v -0.00994942115774 0.056600434031 0.03825
v -0.010101448704 0.0564791961086 0.03825
v -0.0102459536092 0.0563490833074 0.03825
v -0.0103824185834 0.0562105613978 0.03825
v -0.0105103551175 0.056064126252 0.03825
v -0.0106293052317 0.05591030207 0.03825
v -0.0107388431156 0.0557496395023 0.03825
v -0.010838576652 0.0555827136793 0.03825
v -0.0109281488207 0.0554101221521 0.03825
v -0.0110072389765 0.0552324827536 0.03825
v -0.0110755639973 0.0550504313867 0.03825
v -0.0111328792973 0.0548646197481 0.03825
v -0.0111789797024 0.0546757129952 0.03825
v -0.0112137001852 0.0544843873651 0.03825
v -0.0112369164555 0.0542913277539 0.03825
v -0.0112485454049 0.0540972252651 0.03825
v -0.0112485454049 0.0539027747349 0.03825
v -0.0112369164555 0.0537086722461 0.03825
v -0.0112137001852 0.0535156126349 0.03825
v -0.0111789797024 0.0533242870048 0.03825
v -0.0111328792973 0.0531353802519 0.03825
v -0.0110755639973 0.0529495686133 0.03825
v -0.0110072389765 0.0527675172464 0.03825
v -0.0109281488207 0.0525898778479 0.03825
v -0.010838576652 0.0524172863207 0.03825
v -0.0107388431156 0.0522503604977 0.03825
v -0.0106293052317 0.05208969793 0.03825
v -0.0105103551175 0.051935873748 0.03825
v -0.0103824185834 0.0517894386022 0.03825
v -0.0102459536092 0.0516509166926 0.03825
v -0.010101448704 0.0515208038914 0.03825
v -0.00994942115774 0.051399565969 0.03825
v -0.00979041518972 0.0512876369254 0.03825
v -0.009625 0.0511854174377 0.03825
v -0.00945376773203 0.0510932734251 0.03825
v -0.00927733135288 0.0510115347392 0.03825
v -0.00909632245899 0.0509404939834 0.03825
v -0.00891138901524 0.050880405465 0.03825
v -0.00872319303536 0.0508314842854 0.03825
v -0.0085324082121 0.0507939055697 0.03825
v -0.00833971750562 0.0507678038401 0.03825
v -0.00814581069864 0.0507532725337 0.03825
v -0.0079513819272 0.0507503636691 0.03825
v -0.00775712719584 0.0507590876592 0.03825
v -0.00756374188609 0.0507794132743 0.03825
v -0.00737191826716 0.050811267754 0.03825
v -0.00718234301783 0.0508545370675 0.03825
v -0.00699569476828 0.050909066322 0.03825
v -0.00681264167081 0.0509746603169 0.03825
v -0.00663383900799 0.0510510842427 0.03825
v -0.00645992684696 0.0511380645215 0.03825
v -0.00629152774812 0.0512352897865 0.03825
v -0.00612924453652 0.0513424119966 0.03825
v -0.00597365814396 0.051459047682 0.03825
v -0.00582532552933 0.0515847793172 0.03825
v -0.00568477768491 0.0517191568156 0.03825
v -0.00555251773549 0.0518616991407 0.03825
v -0.00542901913737 0.0520118960279 0.03825
v -0.00531472398347 0.0521692098113 0.03825
v -0.00521004142079 0.0523330773484 0.03825
v -0.00511534618574 0.052502912036 0.03825
v -0.00503097726266 0.05267810591 0.03825
v -0.00495723667042 0.0528580318217 0.03825
v -0.0048943883812 0.0530420456832 0.03825
v -0.00484265737555 0.0532294887724 0.03825
v -0.00480222883705 0.0534196900919 0.03825
v -0.00477324748939 0.0536119687702 0.03825
v -0.00475581707825 0.0538056364997 0.03825
v 0.01125 0.054 0.03825
v 0.0112441829217 0.0541943635003 0.03825
v 0.0112267525106 0.0543880312298 0.03825
v 0.0111977711629 0.0545803099081 0.03825
v 0.0111573426245 0.0547705112276 0.03825
v 0.0111056116188 0.0549579543168 0.03825
v 0.0110427633296 0.0551419681783 0.03825
v 0.0109690227373 0.05532189409 0.03825
v 0.0108846538143 0.055497087964 0.03825
v 0.0107899585792 0.0556669226516 0.03825
v 0.0106852760165 0.0558307901887 0.03825
v 0.0105709808626 0.0559881039721 0.03825
v 0.0104474822645 0.0561383008593 0.03825
v 0.0103152223151 0.0562808431844 0.03825
v 0.0101746744707 0.0564152206828 0.03825
v 0.010026341856 0.056540952318 0.03825
v 0.00987075546348 0.0566575880034 0.03825
v 0.00970847225188 0.0567647102135 0.03825
v 0.00954007315304 0.0568619354785 0.03825
v 0.00936616099201 0.0569489157573 0.03825
v 0.00918735832919 0.0570253396831 0.03825
v 0.00900430523172 0.057090933678 0.03825
v 0.00881765698217 0.0571454629325 0.03825
v 0.00862808173284 0.057188732246 0.03825
v 0.00843625811391 0.0572205867257 0.03825
v 0.00824287280416 0.0572409123408 0.03825
v 0.0080486180728 0.0572496363309 0.03825
v 0.00785418930136 0.0572467274663 0.03825
v 0.00766028249438 0.0572321961599 0.03825
v 0.0074675917879 0.0572060944303 0.03825
v 0.00727680696464 0.0571685157146 0.03825
v 0.00708861098476 0.057119594535 0.03825
v 0.00690367754101 0.0570595060166 0.03825
v 0.00672266864712 0.0569884652608 0.03825
v 0.00654623226797 0.0569067265749 0.03825
v 0.006375 0.0568145825623 0.03825
v 0.00620958481028 0.0567123630746 0.03825
v 0.00605057884226 0.056600434031 0.03825
v 0.00589855129605 0.0564791961086 0.03825
v 0.00575404639079 0.0563490833074 0.03825
v 0.00561758141655 0.0562105613978 0.03825
v 0.00548964488252 0.056064126252 0.03825
v 0.00537069476828 0.05591030207 0.03825
v 0.00526115688437 0.0557496395023 0.03825
v 0.00516142334799 0.0555827136793 0.03825
v 0.00507185117932 0.0554101221521 0.03825
v 0.00499276102346 0.0552324827536 0.03825
v 0.00492443600265 0.0550504313867 0.03825
v 0.00486712070274 0.0548646197481 0.03825
v 0.00482102029762 0.0546757129952 0.03825
v 0.00478629981477 0.0544843873651 0.03825
v 0.00476308354452 0.0542913277539 0.03825
v 0.00475145459508 0.0540972252651 0.03825
v 0.00475145459508 0.0539027747349 0.03825
v 0.00476308354452 0.0537086722461 0.03825
v 0.00478629981477 0.0535156126349 0.03825
v 0.00482102029762 0.0533242870048 0.03825
v 0.00486712070274 0.0531353802519 0.03825
v 0.00492443600265 0.0529495686133 0.03825
v 0.00499276102346 0.0527675172464 0.03825
v 0.00507185117932 0.0525898778479 0.03825
v 0.00516142334799 0.0524172863207 0.03825
v 0.00526115688437 0.0522503604977 0.03825
v 0.00537069476828 0.05208969793 0.03825
v 0.00548964488252 0.051935873748 0.03825
v 0.00561758141655 0.0517894386022 0.03825
v 0.00575404639079 0.0516509166926 0.03825
v 0.00589855129605 0.0515208038914 0.03825
v 0.00605057884226 0.051399565969 0.03825
v 0.00620958481028 0.0512876369254 0.03825
v 0.006375 0.0511854174377 0.03825
v 0.00654623226797 0.0510932734251 0.03825
v 0.00672266864712 0.0510115347392 0.03825
v 0.00690367754101 0.0509404939834 0.03825
v 0.00708861098476 0.050880405465 0.03825
v 0.00727680696464 0.0508314842854 0.03825
v 0.0074675917879 0.0507939055697 0.03825
v 0.00766028249438 0.0507678038401 0.03825
v 0.00785418930136 0.0507532725337 0.03825
v 0.0080486180728 0.0507503636691 0.03825
v 0.00824287280416 0.0507590876592 0.03825
v 0.00843625811391 0.0507794132743 0.03825
v 0.00862808173284 0.050811267754 0.03825
v 0.00881765698217 0.0508545370675 0.03825
v 0.00900430523172 0.050909066322 0.03825
v 0.00918735832919 0.0509746603169 0.03825
v 0.00936616099201 0.0510510842427 0.03825
v 0.00954007315304 0.0511380645215 0.03825
v 0.00970847225188 0.0512352897865 0.03825
v 0.00987075546348 0.0513424119966 0.03825
v 0.010026341856 0.051459047682 0.03825
v 0.0101746744707 0.0515847793172 0.03825
v 0.0103152223151 0.0517191568156 0.03825
v 0.0104474822645 0.0518616991407 0.03825
v 0.0105709808626 0.0520118960279 0.03825
v 0.0106852760165 0.0521692098113 0.03825
v 0.0107899585792 0.0523330773484 0.03825
v 0.0108846538143 0.052502912036 0.03825
v 0.0109690227373 0.05267810591 0.03825
v 0.0110427633296 0.0528580318217 0.03825
v 0.0111056116188 0.0530420456832 0.03825
v 0.0111573426245 0.0532294887724 0.03825
v 0.0111977711629 0.0534196900919 0.03825
v 0.0112267525106 0.0536119687702 0.03825
v 0.0112441829217 0.0538056364997 0.03825
v -0.00475 0.066 0.03825
v -0.00475581707825 0.0661943635003 0.03825
v -0.00477324748939 0.0663880312298 0.03825
v -0.00480222883705 0.0665803099081 0.03825
v -0.00484265737555 0.0667705112276 0.03825
v -0.0048943883812 0.0669579543168 0.03825
v -0.00495723667042 0.0671419681783 0.03825
v -0.00503097726266 0.06732189409 0.03825
v -0.00511534618574 0.067497087964 0.03825
v -0.00521004142079 0.0676669226516 0.03825
v -0.00531472398347 0.0678307901887 0.03825
v -0.00542901913737 0.0679881039721 0.03825
v -0.00555251773549 0.0681383008593 0.03825
v -0.00568477768491 0.0682808431844 0.03825
v -0.00582532552933 0.0684152206828 0.03825
v -0.00597365814396 0.068540952318 0.03825
v -0.00612924453652 0.0686575880034 0.03825
v -0.00629152774812 0.0687647102135 0.03825
v -0.00645992684696 0.0688619354785 0.03825
v -0.00663383900799 0.0689489157573 0.03825
v -0.00681264167081 0.0690253396831 0.03825
v -0.00699569476828 0.069090933678 0.03825
v -0.00718234301783 0.0691454629325 0.03825
v -0.00737191826716 0.069188732246 0.03825
v -0.00756374188609 0.0692205867257 0.03825
v -0.00775712719584 0.0692409123408 0.03825
v -0.0079513819272 0.0692496363309 0.03825
v -0.00814581069864 0.0692467274663 0.03825
v -0.00833971750562 0.0692321961599 0.03825
v -0.0085324082121 0.0692060944303 0.03825
v -0.00872319303536 0.0691685157146 0.03825
v -0.00891138901524 0.069119594535 0.03825
v -0.00909632245899 0.0690595060166 0.03825
v -0.00927733135288 0.0689884652608 0.03825
v -0.00945376773203 0.0689067265749 0.03825
v -0.009625 0.0688145825623 0.03825
v -0.00979041518972 0.0687123630746 0.03825
v -0.00994942115774 0.068600434031 0.03825
v -0.010101448704 0.0684791961086 0.03825
v -0.0102459536092 0.0683490833074 0.03825
v -0.0103824185834 0.0682105613978 0.03825
v -0.0105103551175 0.068064126252 0.03825
v -0.0106293052317 0.06791030207 0.03825
v -0.0107388431156 0.0677496395023 0.03825
v -0.010838576652 0.0675827136793 0.03825
v -0.0109281488207 0.0674101221521 0.03825
v -0.0110072389765 0.0672324827536 0.03825
v -0.0110755639973 0.0670504313867 0.03825
v -0.0111328792973 0.0668646197481 0.03825
v -0.0111789797024 0.0666757129952 0.03825
v -0.0112137001852 0.0664843873651 0.03825
v -0.0112369164555 0.0662913277539 0.03825
v -0.0112485454049 0.0660972252651 0.03825
v -0.0112485454049 0.0659027747349 0.03825
v -0.0112369164555 0.0657086722461 0.03825
v -0.0112137001852 0.0655156126349 0.03825
v -0.0111789797024 0.0653242870048 0.03825
v -0.0111328792973 0.0651353802519 0.03825
v -0.0110755639973 0.0649495686133 0.03825
v -0.0110072389765 0.0647675172464 0.03825
v -0.0109281488207 0.0645898778479 0.03825
v -0.010838576652 0.0644172863207 0.03825
v -0.0107388431156 0.0642503604977 0.03825
v -0.0106293052317 0.06408969793 0.03825
v -0.0105103551175 0.063935873748 0.03825
v -0.0103824185834 0.0637894386022 0.03825
v -0.0102459536092 0.0636509166926 0.03825
v -0.010101448704 0.0635208038914 0.03825
v -0.00994942115774 0.063399565969 0.03825
v -0.00979041518972 0.0632876369254 0.03825
v -0.009625 0.0631854174377 0.03825
v -0.00945376773203 0.0630932734251 0.03825
v -0.00927733135288 0.0630115347392 0.03825
v -0.00909632245899 0.0629404939834 0.03825
v -0.00891138901524 0.062880405465 0.03825
v -0.00872319303536 0.0628314842854 0.03825
v -0.0085324082121 0.0627939055697 0.03825
v -0.00833971750562 0.0627678038401 0.03825
v -0.00814581069864 0.0627532725337 0.03825
v -0.0079513819272 0.0627503636691 0.03825
v -0.00775712719584 0.0627590876592 0.03825
v -0.00756374188609 0.0627794132743 0.03825
v -0.00737191826716 0.062811267754 0.03825
v -0.00718234301783 0.0628545370675 0.03825
v -0.00699569476828 0.062909066322 0.03825
v -0.00681264167081 0.0629746603169 0.03825
v -0.00663383900799 0.0630510842427 0.03825
v -0.00645992684696 0.0631380645215 0.03825
v -0.00629152774812 0.0632352897865 0.03825
v -0.00612924453652 0.0633424119966 0.03825
v -0.00597365814396 0.063459047682 0.03825
v -0.00582532552933 0.0635847793172 0.03825
v -0.00568477768491 0.0637191568156 0.03825
v -0.00555251773549 0.0638616991407 0.03825
v -0.00542901913737 0.0640118960279 0.03825
v -0.00531472398347 0.0641692098113 0.03825
v -0.00521004142079 0.0643330773484 0.03825
v -0.00511534618574 0.064502912036 0.03825
v -0.00503097726266 0.06467810591 0.03825
v -0.00495723667042 0.0648580318217 0.03825
v -0.0048943883812 0.0650420456832 0.03825
v -0.00484265737555 0.0652294887724 0.03825
v -0.00480222883705 0.0654196900919 0.03825
v -0.00477324748939 0.0656119687702 0.03825
v -0.00475581707825 0.0658056364997 0.03825
v 0.01125 0.066 0.03825
v 0.0112441829217 0.0661943635003 0.03825
v 0.0112267525106 0.0663880312298 0.03825
v 0.0111977711629 0.0665803099081 0.03825
v 0.0111573426245 0.0667705112276 0.03825
v 0.0111056116188 0.0669579543168 0.03825
v 0.0110427633296 0.0671419681783 0.03825
v 0.0109690227373 0.06732189409 0.03825
v 0.0108846538143 0.067497087964 0.03825
v 0.0107899585792 0.0676669226516 0.03825
v 0.0106852760165 0.0678307901887 0.03825
v 0.0105709808626 0.0679881039721 0.03825
v 0.0104474822645 0.0681383008593 0.03825
v 0.0103152223151 0.0682808431844 0.03825
v 0.0101746744707 0.0684152206828 0.03825
v 0.010026341856 0.068540952318 0.03825
v 0.00987075546348 0.0686575880034 0.03825
v 0.00970847225188 0.0687647102135 0.03825
v 0.00954007315304 0.0688619354785 0.03825
v 0.00936616099201 0.0689489157573 0.03825
v 0.00918735832919 0.0690253396831 0.03825
v 0.00900430523172 0.069090933678 0.03825
v 0.00881765698217 0.0691454629325 0.03825
v 0.00862808173284 0.069188732246 0.03825
v 0.00843625811391 0.0692205867257 0.03825
v 0.00824287280416 0.0692409123408 0.03825
v 0.0080486180728 0.0692496363309 0.03825
v 0.00785418930136 0.0692467274663 0.03825
v 0.00766028249438 0.0692321961599 0.03825
v 0.0074675917879 0.0692060944303 0.03825
v 0.00727680696464 0.0691685157146 0.03825
v 0.00708861098476 0.069119594535 0.03825
v 0.00690367754101 0.0690595060166 0.03825
v 0.00672266864712 0.0689884652608 0.03825
v 0.00654623226797 0.0689067265749 0.03825
v 0.006375 0.0688145825623 0.03825
v 0.00620958481028 0.0687123630746 0.03825
v 0.00605057884226 0.068600434031 0.03825
v 0.00589855129605 0.0684791961086 0.03825
v 0.00575404639079 0.0683490833074 0.03825
v 0.00561758141655 0.0682105613978 0.03825
v 0.00548964488252 0.068064126252 0.03825
v 0.00537069476828 0.06791030207 0.03825
v 0.00526115688437 0.0677496395023 0.03825
v 0.00516142334799 0.0675827136793 0.03825
v 0.00507185117932 0.0674101221521 0.03825
v 0.00499276102346 0.0672324827536 0.03825
v 0.00492443600265 0.0670504313867 0.03825
v 0.00486712070274 0.0668646197481 0.03825
v 0.00482102029762 0.0666757129952 0.03825
v 0.00478629981477 0.0664843873651 0.03825
v 0.00476308354452 0.0662913277539 0.03825
v 0.00475145459508 0.0660972252651 0.03825
v 0.00475145459508 0.0659027747349 0.03825
v 0.00476308354452 0.0657086722461 0.03825
v 0.00478629981477 0.0655156126349 0.03825
v 0.00482102029762 0.0653242870048 0.03825
v 0.00486712070274 0.0651353802519 0.03825
v 0.00492443600265 0.0649495686133 0.03825
v 0.00499276102346 0.0647675172464 0.03825
v 0.00507185117932 0.0645898778479 0.03825
v 0.00516142334799 0.0644172863207 0.03825
v 0.00526115688437 0.0642503604977 0.03825
v 0.00537069476828 0.06408969793 0.03825
v 0.00548964488252 0.063935873748 0.03825
v 0.00561758141655 0.0637894386022 0.03825
v 0.00575404639079 0.0636509166926 0.03825
v 0.00589855129605 0.0635208038914 0.03825
v 0.00605057884226 0.063399565969 0.03825
v 0.00620958481028 0.0632876369254 0.03825
v 0.006375 0.0631854174377 0.03825
v 0.00654623226797 0.0630932734251 0.03825
v 0.00672266864712 0.0630115347392 0.03825
v 0.00690367754101 0.0629404939834 0.03825
v 0.00708861098476 0.062880405465 0.03825
v 0.00727680696464 0.0628314842854 0.03825
v 0.0074675917879 0.0627939055697 0.03825
v 0.00766028249438 0.0627678038401 0.03825
v 0.00785418930136 0.0627532725337 0.03825
v 0.0080486180728 0.0627503636691 0.03825
v 0.00824287280416 0.0627590876592 0.03825
v 0.00843625811391 0.0627794132743 0.03825
v 0.00862808173284 0.062811267754 0.03825
v 0.00881765698217 0.0628545370675 0.03825
v 0.00900430523172 0.062909066322 0.03825
v 0.00918735832919 0.0629746603169 0.03825
v 0.00936616099201 0.0630510842427 0.03825
v 0.00954007315304 0.0631380645215 0.03825
v 0.00970847225188 0.0632352897865 0.03825
v 0.00987075546348 0.0633424119966 0.03825
v 0.010026341856 0.063459047682 0.03825
v 0.0101746744707 0.0635847793172 0.03825
v 0.0103152223151 0.0637191568156 0.03825
v 0.0104474822645 0.0638616991407 0.03825
v 0.0105709808626 0.0640118960279 0.03825
v 0.0106852760165 0.0641692098113 0.03825
v 0.0107899585792 0.0643330773484 0.03825
v 0.0108846538143 0.064502912036 0.03825
v 0.0109690227373 0.06467810591 0.03825
v 0.0110427633296 0.0648580318217 0.03825
v 0.0111056116188 0.0650420456832 0.03825
v 0.0111573426245 0.0652294887724 0.03825
v 0.0111977711629 0.0654196900919 0.03825
v 0.0112267525106 0.0656119687702 0.03825
v 0.0112441829217 0.0658056364997 0.03825
v -0.0307 0.05 0.03525
v -0.0306966163165 0.0498837103422 0.03525
v -0.0306864767155 0.0497678141717 0.03525
v -0.030669615506 0.0496527036447 0.03525
v -0.0306460897412 0.0495387682585 0.03525
v -0.0306159790246 0.0494263935346 0.03525
v -0.0305793852416 0.0493159597133 0.03525
v -0.0305364322138 0.0492078404679 0.03525
v -0.0304872652806 0.0491024016396 0.03525
v -0.0304320508076 0.049 0.03525
v -0.0303709756228 0.0489009820439 0.03525
v -0.0303042463855 0.0488056828166 0.03525
v -0.0302320888862 0.0487144247806 0.03525
v -0.0301547472831 0.0486275167243 0.03525
v -0.0300724832757 0.0485452527169 0.03525
v -0.0299855752194 0.0484679111138 0.03525
v -0.0298943171834 0.0483957536145 0.03525
v -0.0297990179561 0.0483290243772 0.03525
v -0.0297 0.0482679491924 0.03525
v -0.0295975983604 0.0482127347194 0.03525
v -0.0294921595321 0.0481635677862 0.03525
v -0.0293840402867 0.0481206147584 0.03525
v -0.0292736064654 0.0480840209754 0.03525
v -0.0291612317415 0.0480539102588 0.03525
v -0.0290472963553 0.048030384494 0.03525
v -0.0289321858283 0.0480135232845 0.03525
v -0.0288162896578 0.0480033836835 0.03525
v -0.0287 0.048 0.03525
v -0.0287 0.048 0.03825
v -0.0307 0.05 0.03825
v -0.0306966163165 0.0498837103422 0.03825
v -0.0306864767155 0.0497678141717 0.03825
v -0.030669615506 0.0496527036447 0.03825
v -0.0306460897412 0.0495387682585 0.03825
v -0.0306159790246 0.0494263935346 0.03825
v -0.0305793852416 0.0493159597133 0.03825
v -0.0305364322138 0.0492078404679 0.03825
v -0.0304872652806 0.0491024016396 0.03825
v -0.0304320508076 0.049 0.03825
v -0.0303709756228 0.0489009820439 0.03825
v -0.0303042463855 0.0488056828166 0.03825
v -0.0302320888862 0.0487144247806 0.03825
v -0.0301547472831 0.0486275167243 0.03825
v -0.0300724832757 0.0485452527169 0.03825
v -0.0299855752194 0.0484679111138 0.03825
v -0.0298943171834 0.0483957536145 0.03825
v -0.0297990179561 0.0483290243772 0.03825
v -0.0297 0.0482679491924 0.03825
v -0.0295975983604 0.0482127347194 0.03825
v -0.0294921595321 0.0481635677862 0.03825
v -0.0293840402867 0.0481206147584 0.03825
v -0.0292736064654 0.0480840209754 0.03825
v -0.0291612317415 0.0480539102588 0.03825
v -0.0290472963553 0.048030384494 0.03825
v -0.0289321858283 0.0480135232845 0.03825
v -0.0288162896578 0.0480033836835 0.03825
v -0.0307 0.07 0.03525
v -0.0307 0.07 0.03825
v -0.0306966163165 0.0701162896578 0.03525
v -0.0306864767155 0.0702321858283 0.03525
v -0.030669615506 0.0703472963553 0.03525
v -0.0306460897412 0.0704612317415 0.03525
v -0.0306159790246 0.0705736064654 0.03525
v -0.0305793852416 0.0706840402867 0.03525
v -0.0305364322138 0.0707921595321 0.03525
v -0.0304872652806 0.0708975983604 0.03525
v -0.0304320508076 0.071 0.03525
v -0.0303709756228 0.0710990179561 0.03525
v -0.0303042463855 0.0711943171834 0.03525
v -0.0302320888862 0.0712855752194 0.03525
v -0.0301547472831 0.0713724832757 0.03525
v -0.0300724832757 0.0714547472831 0.03525
v -0.0299855752194 0.0715320888862 0.03525
v -0.0298943171834 0.0716042463855 0.03525
v -0.0297990179561 0.0716709756228 0.03525
v -0.0297 0.0717320508076 0.03525
v -0.0295975983604 0.0717872652806 0.03525
v -0.0294921595321 0.0718364322138 0.03525
v -0.0293840402867 0.0718793852416 0.03525
v -0.0292736064654 0.0719159790246 0.03525
v -0.0291612317415 0.0719460897412 0.03525
v -0.0290472963553 0.071969615506 0.03525
v -0.0289321858283 0.0719864767155 0.03525
v -0.0288162896578 0.0719966163165 0.03525
v -0.0287 0.072 0.03525
v -0.0287 0.072 0.03775
v -0.0288178022526 0.071996527643 0.03775
v -0.0289351954538 0.0719861226293 0.03775
v -0.0290517719724 0.0719688210887 0.03775
v -0.0291671270131 0.0719446830985 0.03775
v -0.029280860022 0.0719137924743 0.03775
v -0.0293925760776 0.0718762564795 0.03775
v -0.0295018872618 0.0718322054523 0.03775
v -0.0296084140072 0.0717817923536 0.03775
v -0.0297117864148 0.0717251922359 0.03775
v -0.0298116455388 0.0716626016348 0.03775
v -0.0299076446326 0.0715942378873 0.03775
v -0.0299994503532 0.0715203383767 0.03775
v -0.0300867439182 0.0714411597085 0.03775
v -0.0301692222133 0.0713569768193 0.03775
v -0.0302465988443 0.0712680820221 0.03775
v -0.030318605132 0.0711747839915 0.03775
v -0.0303849910448 0.0710774066915 0.03775
v -0.0304455260672 0.0709762882508 0.03775
v -0.0305 0.0708717797887 0.03775
v -0.0305 0.0708717797887 0.03825
v -0.0306968223233 0.0701126969792 0.03825
v -0.0306872993909 0.0702250358439 0.03825
v -0.0306714614635 0.0703366596174 0.03825
v -0.030649358869 0.0704472135955 0.03825
v -0.0306210618422 0.0705563464734 0.03825
v -0.030586660302 0.070663711462 0.03825
v -0.0305462635654 0.0707689673902 0.03825
v -0.0307 0.05 0.03525
v -0.0307 0.07 0.03525
v -0.0306966163165 0.0498837103422 0.03525
v -0.0306864767155 0.0497678141717 0.03525
v -0.030669615506 0.0496527036447 0.03525
v -0.0306460897412 0.0495387682585 0.03525
v -0.0306159790246 0.0494263935346 0.03525
v -0.0305793852416 0.0493159597133 0.03525
v -0.0305364322138 0.0492078404679 0.03525
v -0.0304872652806 0.0491024016396 0.03525
v -0.0304320508076 0.049 0.03525
v -0.0303709756228 0.0489009820439 0.03525
v -0.0303042463855 0.0488056828166 0.03525
v -0.0302320888862 0.0487144247806 0.03525
v -0.0301547472831 0.0486275167243 0.03525
v -0.0300724832757 0.0485452527169 0.03525
v -0.0299855752194 0.0484679111138 0.03525
v -0.0298943171834 0.0483957536145 0.03525
v -0.0297990179561 0.0483290243772 0.03525
v -0.0297 0.0482679491924 0.03525
v -0.0295975983604 0.0482127347194 0.03525
v -0.0294921595321 0.0481635677862 0.03525
v -0.0293840402867 0.0481206147584 0.03525
v -0.0292736064654 0.0480840209754 0.03525
v -0.0291612317415 0.0480539102588 0.03525
v -0.0290472963553 0.048030384494 0.03525
v -0.0289321858283 0.0480135232845 0.03525
v -0.0288162896578 0.0480033836835 0.03525
v -0.0287 0.048 0.03525
v 0.0287 0.048 0.03525
v 0.0307 0.05 0.03525
v 0.0306966163165 0.0498837103422 0.03525
v 0.0306864767155 0.0497678141717 0.03525
v 0.030669615506 0.0496527036447 0.03525
v 0.0306460897412 0.0495387682585 0.03525
v 0.0306159790246 0.0494263935346 0.03525
v 0.0305793852416 0.0493159597133 0.03525
v 0.0305364322138 0.0492078404679 0.03525
v 0.0304872652806 0.0491024016396 0.03525
v 0.0304320508076 0.049 0.03525
v 0.0303709756228 0.0489009820439 0.03525
v 0.0303042463855 0.0488056828166 0.03525
v 0.0302320888862 0.0487144247806 0.03525
v 0.0301547472831 0.0486275167243 0.03525
v 0.0300724832757 0.0485452527169 0.03525
v 0.0299855752194 0.0484679111138 0.03525
v 0.0298943171834 0.0483957536145 0.03525
v 0.0297990179561 0.0483290243772 0.03525
v 0.0297 0.0482679491924 0.03525
v 0.0295975983604 0.0482127347194 0.03525
v 0.0294921595321 0.0481635677862 0.03525
v 0.0293840402867 0.0481206147584 0.03525
v 0.0292736064654 0.0480840209754 0.03525
v 0.0291612317415 0.0480539102588 0.03525
v 0.0290472963553 0.048030384494 0.03525
v 0.0289321858283 0.0480135232845 0.03525
v 0.0288162896578 0.0480033836835 0.03525
v 0.0307 0.07 0.03525
v 0.0306966163165 0.0701162896578 0.03525
v 0.0306864767155 0.0702321858283 0.03525
v 0.030669615506 0.0703472963553 0.03525
v 0.0306460897412 0.0704612317415 0.03525
v 0.0306159790246 0.0705736064654 0.03525
v 0.0305793852416 0.0706840402867 0.03525
v 0.0305364322138 0.0707921595321 0.03525
v 0.0304872652806 0.0708975983604 0.03525
v 0.0304320508076 0.071 0.03525
v 0.0303709756228 0.0710990179561 0.03525
v 0.0303042463855 0.0711943171834 0.03525
v 0.0302320888862 0.0712855752194 0.03525
v 0.0301547472831 0.0713724832757 0.03525
v 0.0300724832757 0.0714547472831 0.03525
v 0.0299855752194 0.0715320888862 0.03525
v 0.0298943171834 0.0716042463855 0.03525
v 0.0297990179561 0.0716709756228 0.03525
v 0.0297 0.0717320508076 0.03525
v 0.0295975983604 0.0717872652806 0.03525
v 0.0294921595321 0.0718364322138 0.03525
v 0.0293840402867 0.0718793852416 0.03525
v 0.0292736064654 0.0719159790246 0.03525
v 0.0291612317415 0.0719460897412 0.03525
v 0.0290472963553 0.071969615506 0.03525
v 0.0289321858283 0.0719864767155 0.03525
v 0.0288162896578 0.0719966163165 0.03525
v 0.0287 0.072 0.03525
v -0.0287 0.072 0.03525
v -0.0306966163165 0.0701162896578 0.03525
v -0.0306864767155 0.0702321858283 0.03525
v -0.030669615506 0.0703472963553 0.03525
v -0.0306460897412 0.0704612317415 0.03525
v -0.0306159790246 0.0705736064654 0.03525
v -0.0305793852416 0.0706840402867 0.03525
v -0.0305364322138 0.0707921595321 0.03525
v -0.0304872652806 0.0708975983604 0.03525
v -0.0304320508076 0.071 0.03525
v -0.0303709756228 0.0710990179561 0.03525
v -0.0303042463855 0.0711943171834 0.03525
v -0.0302320888862 0.0712855752194 0.03525
v -0.0301547472831 0.0713724832757 0.03525
v -0.0300724832757 0.0714547472831 0.03525
v -0.0299855752194 0.0715320888862 0.03525
v -0.0298943171834 0.0716042463855 0.03525
v -0.0297990179561 0.0716709756228 0.03525
v -0.0297 0.0717320508076 0.03525
v -0.0295975983604 0.0717872652806 0.03525
v -0.0294921595321 0.0718364322138 0.03525
v -0.0293840402867 0.0718793852416 0.03525
v -0.0292736064654 0.0719159790246 0.03525
v -0.0291612317415 0.0719460897412 0.03525
v -0.0290472963553 0.071969615506 0.03525
v -0.0289321858283 0.0719864767155 0.03525
v -0.0288162896578 0.0719966163165 0.03525
v -0.00655 0.054 0.03525
v -0.00655259531184 0.0540867160232 0.03525
v -0.0065603719568 0.0541731216256 0.03525
v -0.00657330209653 0.0542589074975 0.03525
v -0.00659133944448 0.0543437665477 0.03525
v -0.00661441943161 0.0544273950029 0.03525
v -0.00664245943757 0.0545094934949 0.03525
v -0.00667535908642 0.0545897681325 0.03525
v -0.00671300060594 0.0546679315532 0.03525
v -0.00675524924928 0.0547437039522 0.03525
v -0.00680195377724 0.0548168140842 0.03525
v -0.00685294699975 0.0548870002337 0.03525
v -0.00690804637429 0.0549540111526 0.03525
v -0.00696705465942 0.0550176069592 0.03525
v -0.00702976062078 0.0550775599969 0.03525
v -0.0070959397873 0.0551336556496 0.03525
v -0.00716535525476 0.0551856931092 0.03525
v -0.00723775853377 0.0552334860952 0.03525
v -0.00731289043941 0.0552768635212 0.03525
v -0.00739048201895 0.0553156701071 0.03525
v -0.00747025551467 0.0553497669355 0.03525
v -0.00755192535816 0.0553790319486 0.03525
v -0.00763519919257 0.0554033603853 0.03525
v -0.0077197789192 0.0554226651559 0.03525
v -0.00780536176456 0.0554368771546 0.03525
v -0.0078916413643 0.0554459455059 0.03525
v -0.00797830885983 0.0554498377476 0.03525
v -0.00806505400401 0.0554485399465 0.03525
v -0.00815156627174 0.0554420567483 0.03525
v -0.00823753597155 0.0554304113612 0.03525
v -0.00832265535424 0.0554136454727 0.03525
v -0.00840661971449 0.0553918191002 0.03525
v -0.00848912848171 0.0553650103767 0.03525
v -0.0085698862959 0.0553333152702 0.03525
v -0.00864860406506 0.0552968472411 0.03525
v -0.008725 0.0552557368355 0.03525
v -0.00879880062311 0.0552101312179 0.03525
v -0.0088697417473 0.0551601936446 0.03525
v -0.00893756942176 0.0551061028792 0.03525
v -0.00900204084103 0.0550480525525 0.03525
v -0.00906292521415 0.0549862504698 0.03525
v -0.00912000459088 0.0549209178663 0.03525
v -0.00917307464184 0.0548522886158 0.03525
v -0.00922194539005 0.0547806083933 0.03525
v -0.00926644189089 0.0547061337954 0.03525
v -0.00930640485846 0.0546291314217 0.03525
v -0.00934169123569 0.0545498769208 0.03525
v -0.00937217470651 0.0544686540033 0.03525
v -0.00939774614801 0.0543857534261 0.03525
v -0.00941831402106 0.0543014719517 0.03525
v -0.00943380469803 0.054216111286 0.03525
v -0.00944416272629 0.0541299769979 0.03525
v -0.00944935102681 0.0540433774259 0.03525
v -0.00944935102681 0.0539566225741 0.03525
v -0.00944416272629 0.0538700230021 0.03525
v -0.00943380469803 0.053783888714 0.03525
v -0.00941831402106 0.0536985280483 0.03525
v -0.00939774614801 0.0536142465739 0.03525
v -0.00937217470651 0.0535313459967 0.03525
v -0.00934169123569 0.0534501230792 0.03525
v -0.00930640485846 0.0533708685783 0.03525
v -0.00926644189089 0.0532938662046 0.03525
v -0.00922194539005 0.0532193916067 0.03525
v -0.00917307464184 0.0531477113842 0.03525
v -0.00912000459088 0.0530790821337 0.03525
v -0.00906292521415 0.0530137495302 0.03525
v -0.00900204084103 0.0529519474475 0.03525
v -0.00893756942176 0.0528938971208 0.03525
v -0.0088697417473 0.0528398063554 0.03525
v -0.00879880062311 0.0527898687821 0.03525
v -0.008725 0.0527442631645 0.03525
v -0.00864860406506 0.0527031527589 0.03525
v -0.0085698862959 0.0526666847298 0.03525
v -0.00848912848171 0.0526349896233 0.03525
v -0.00840661971449 0.0526081808998 0.03525
v -0.00832265535424 0.0525863545273 0.03525
v -0.00823753597155 0.0525695886388 0.03525
v -0.00815156627174 0.0525579432517 0.03525
v -0.00806505400401 0.0525514600535 0.03525
v -0.00797830885983 0.0525501622524 0.03525
v -0.0078916413643 0.0525540544941 0.03525
v -0.00780536176456 0.0525631228454 0.03525
v -0.0077197789192 0.0525773348441 0.03525
v -0.00763519919257 0.0525966396147 0.03525
v -0.00755192535816 0.0526209680514 0.03525
v -0.00747025551467 0.0526502330645 0.03525
v -0.00739048201895 0.0526843298929 0.03525
v -0.00731289043941 0.0527231364788 0.03525
v -0.00723775853377 0.0527665139048 0.03525
v -0.00716535525476 0.0528143068908 0.03525
v -0.0070959397873 0.0528663443504 0.03525
v -0.00702976062078 0.0529224400031 0.03525
v -0.00696705465942 0.0529823930408 0.03525
v -0.00690804637429 0.0530459888474 0.03525
v -0.00685294699975 0.0531129997663 0.03525
v -0.00680195377724 0.0531831859158 0.03525
v -0.00675524924928 0.0532562960478 0.03525
v -0.00671300060594 0.0533320684468 0.03525
v -0.00667535908642 0.0534102318675 0.03525
v -0.00664245943757 0.0534905065051 0.03525
v -0.00661441943161 0.0535726049971 0.03525
v -0.00659133944448 0.0536562334523 0.03525
v -0.00657330209653 0.0537410925025 0.03525
v -0.0065603719568 0.0538268783744 0.03525
v -0.00655259531184 0.0539132839768 0.03525
v 0.00945 0.054 0.03525
v 0.00944740468816 0.0540867160232 0.03525
v 0.0094396280432 0.0541731216256 0.03525
v 0.00942669790347 0.0542589074975 0.03525
v 0.00940866055552 0.0543437665477 0.03525
v 0.00938558056839 0.0544273950029 0.03525
v 0.00935754056243 0.0545094934949 0.03525
v 0.00932464091358 0.0545897681325 0.03525
v 0.00928699939406 0.0546679315532 0.03525
v 0.00924475075072 0.0547437039522 0.03525
v 0.00919804622276 0.0548168140842 0.03525
v 0.00914705300025 0.0548870002337 0.03525
v 0.00909195362571 0.0549540111526 0.03525
v 0.00903294534058 0.0550176069592 0.03525
v 0.00897023937922 0.0550775599969 0.03525
v 0.0089040602127 0.0551336556496 0.03525
v 0.00883464474524 0.0551856931092 0.03525
v 0.00876224146623 0.0552334860952 0.03525
v 0.00868710956059 0.0552768635212 0.03525
v 0.00860951798105 0.0553156701071 0.03525
v 0.00852974448533 0.0553497669355 0.03525
v 0.00844807464184 0.0553790319486 0.03525
v 0.00836480080743 0.0554033603853 0.03525
v 0.0082802210808 0.0554226651559 0.03525
v 0.00819463823544 0.0554368771546 0.03525
v 0.0081083586357 0.0554459455059 0.03525
v 0.00802169114017 0.0554498377476 0.03525
v 0.00793494599599 0.0554485399465 0.03525
v 0.00784843372826 0.0554420567483 0.03525
v 0.00776246402845 0.0554304113612 0.03525
v 0.00767734464576 0.0554136454727 0.03525
v 0.00759338028551 0.0553918191002 0.03525
v 0.00751087151829 0.0553650103767 0.03525
v 0.0074301137041 0.0553333152702 0.03525
v 0.00735139593494 0.0552968472411 0.03525
v 0.007275 0.0552557368355 0.03525
v 0.00720119937689 0.0552101312179 0.03525
v 0.0071302582527 0.0551601936446 0.03525
v 0.00706243057824 0.0551061028792 0.03525
v 0.00699795915897 0.0550480525525 0.03525
v 0.00693707478585 0.0549862504698 0.03525
v 0.00687999540912 0.0549209178663 0.03525
v 0.00682692535816 0.0548522886158 0.03525
v 0.00677805460995 0.0547806083933 0.03525
v 0.00673355810911 0.0547061337954 0.03525
v 0.00669359514154 0.0546291314217 0.03525
v 0.00665830876431 0.0545498769208 0.03525
v 0.00662782529349 0.0544686540033 0.03525
v 0.00660225385199 0.0543857534261 0.03525
v 0.00658168597894 0.0543014719517 0.03525
v 0.00656619530197 0.054216111286 0.03525
v 0.00655583727371 0.0541299769979 0.03525
v 0.00655064897319 0.0540433774259 0.03525
v 0.00655064897319 0.0539566225741 0.03525
v 0.00655583727371 0.0538700230021 0.03525
v 0.00656619530197 0.053783888714 0.03525
v 0.00658168597894 0.0536985280483 0.03525
v 0.00660225385199 0.0536142465739 0.03525
v 0.00662782529349 0.0535313459967 0.03525
v 0.00665830876431 0.0534501230792 0.03525
v 0.00669359514154 0.0533708685783 0.03525
v 0.00673355810911 0.0532938662046 0.03525
v 0.00677805460995 0.0532193916067 0.03525
v 0.00682692535816 0.0531477113842 0.03525
v 0.00687999540912 0.0530790821337 0.03525
v 0.00693707478585 0.0530137495302 0.03525
v 0.00699795915897 0.0529519474475 0.03525
v 0.00706243057824 0.0528938971208 0.03525
v 0.0071302582527 0.0528398063554 0.03525
v 0.00720119937689 0.0527898687821 0.03525
v 0.007275 0.0527442631645 0.03525
v 0.00735139593494 0.0527031527589 0.03525
v 0.0074301137041 0.0526666847298 0.03525
v 0.00751087151829 0.0526349896233 0.03525
v 0.00759338028551 0.0526081808998 0.03525
v 0.00767734464576 0.0525863545273 0.03525
v 0.00776246402845 0.0525695886388 0.03525
v 0.00784843372826 0.0525579432517 0.03525
v 0.00793494599599 0.0525514600535 0.03525
v 0.00802169114017 0.0525501622524 0.03525
v 0.0081083586357 0.0525540544941 0.03525
v 0.00819463823544 0.0525631228454 0.03525
v 0.0082802210808 0.0525773348441 0.03525
v 0.00836480080743 0.0525966396147 0.03525
v 0.00844807464184 0.0526209680514 0.03525
v 0.00852974448533 0.0526502330645 0.03525
v 0.00860951798105 0.0526843298929 0.03525
v 0.00868710956059 0.0527231364788 0.03525
v 0.00876224146623 0.0527665139048 0.03525
v 0.00883464474524 0.0528143068908 0.03525
v 0.0089040602127 0.0528663443504 0.03525
v 0.00897023937922 0.0529224400031 0.03525
v 0.00903294534058 0.0529823930408 0.03525
v 0.00909195362571 0.0530459888474 0.03525
v 0.00914705300025 0.0531129997663 0.03525
v 0.00919804622276 0.0531831859158 0.03525
v 0.00924475075072 0.0532562960478 0.03525
v 0.00928699939406 0.0533320684468 0.03525
v 0.00932464091358 0.0534102318675 0.03525
v 0.00935754056243 0.0534905065051 0.03525
v 0.00938558056839 0.0535726049971 0.03525
v 0.00940866055552 0.0536562334523 0.03525
v 0.00942669790347 0.0537410925025 0.03525
v 0.0094396280432 0.0538268783744 0.03525
v 0.00944740468816 0.0539132839768 0.03525
v -0.00655 0.066 0.03525
v -0.00655259531184 0.0660867160232 0.03525
v -0.0065603719568 0.0661731216256 0.03525
v -0.00657330209653 0.0662589074975 0.03525
v -0.00659133944448 0.0663437665477 0.03525
v -0.00661441943161 0.0664273950029 0.03525
v -0.00664245943757 0.0665094934949 0.03525
v -0.00667535908642 0.0665897681325 0.03525
v -0.00671300060594 0.0666679315532 0.03525
v -0.00675524924928 0.0667437039522 0.03525
v -0.00680195377724 0.0668168140842 0.03525
v -0.00685294699975 0.0668870002337 0.03525
v -0.00690804637429 0.0669540111526 0.03525
v -0.00696705465942 0.0670176069592 0.03525
v -0.00702976062078 0.0670775599969 0.03525
v -0.0070959397873 0.0671336556496 0.03525
v -0.00716535525476 0.0671856931092 0.03525
v -0.00723775853377 0.0672334860952 0.03525
v -0.00731289043941 0.0672768635212 0.03525
v -0.00739048201895 0.0673156701071 0.03525
v -0.00747025551467 0.0673497669355 0.03525
v -0.00755192535816 0.0673790319486 0.03525
v -0.00763519919257 0.0674033603853 0.03525
v -0.0077197789192 0.0674226651559 0.03525
v -0.00780536176456 0.0674368771546 0.03525
v -0.0078916413643 0.0674459455059 0.03525
v -0.00797830885983 0.0674498377476 0.03525
v -0.00806505400401 0.0674485399465 0.03525
v -0.00815156627174 0.0674420567483 0.03525
v -0.00823753597155 0.0674304113612 0.03525
v -0.00832265535424 0.0674136454727 0.03525
v -0.00840661971449 0.0673918191002 0.03525
v -0.00848912848171 0.0673650103767 0.03525
v -0.0085698862959 0.0673333152702 0.03525
v -0.00864860406506 0.0672968472411 0.03525
v -0.008725 0.0672557368355 0.03525
v -0.00879880062311 0.0672101312179 0.03525
v -0.0088697417473 0.0671601936446 0.03525
v -0.00893756942176 0.0671061028792 0.03525
v -0.00900204084103 0.0670480525525 0.03525
v -0.00906292521415 0.0669862504698 0.03525
v -0.00912000459088 0.0669209178663 0.03525
v -0.00917307464184 0.0668522886158 0.03525
v -0.00922194539005 0.0667806083933 0.03525
v -0.00926644189089 0.0667061337954 0.03525
v -0.00930640485846 0.0666291314217 0.03525
v -0.00934169123569 0.0665498769208 0.03525
v -0.00937217470651 0.0664686540033 0.03525
v -0.00939774614801 0.0663857534261 0.03525
v -0.00941831402106 0.0663014719517 0.03525
v -0.00943380469803 0.066216111286 0.03525
v -0.00944416272629 0.0661299769979 0.03525
v -0.00944935102681 0.0660433774259 0.03525
v -0.00944935102681 0.0659566225741 0.03525
v -0.00944416272629 0.0658700230021 0.03525
v -0.00943380469803 0.065783888714 0.03525
v -0.00941831402106 0.0656985280483 0.03525
v -0.00939774614801 0.0656142465739 0.03525
v -0.00937217470651 0.0655313459967 0.03525
v -0.00934169123569 0.0654501230792 0.03525
v -0.00930640485846 0.0653708685783 0.03525
v -0.00926644189089 0.0652938662046 0.03525
v -0.00922194539005 0.0652193916067 0.03525
v -0.00917307464184 0.0651477113842 0.03525
v -0.00912000459088 0.0650790821337 0.03525
v -0.00906292521415 0.0650137495302 0.03525
v -0.00900204084103 0.0649519474475 0.03525
v -0.00893756942176 0.0648938971208 0.03525
v -0.0088697417473 0.0648398063554 0.03525
v -0.00879880062311 0.0647898687821 0.03525
v -0.008725 0.0647442631645 0.03525
v -0.00864860406506 0.0647031527589 0.03525
v -0.0085698862959 0.0646666847298 0.03525
v -0.00848912848171 0.0646349896233 0.03525
v -0.00840661971449 0.0646081808998 0.03525
v -0.00832265535424 0.0645863545273 0.03525
v -0.00823753597155 0.0645695886388 0.03525
v -0.00815156627174 0.0645579432517 0.03525
v -0.00806505400401 0.0645514600535 0.03525
v -0.00797830885983 0.0645501622524 0.03525
v -0.0078916413643 0.0645540544941 0.03525
v -0.00780536176456 0.0645631228454 0.03525
v -0.0077197789192 0.0645773348441 0.03525
v -0.00763519919257 0.0645966396147 0.03525
v -0.00755192535816 0.0646209680514 0.03525
v -0.00747025551467 0.0646502330645 0.03525
v -0.00739048201895 0.0646843298929 0.03525
v -0.00731289043941 0.0647231364788 0.03525
v -0.00723775853377 0.0647665139048 0.03525
v -0.00716535525476 0.0648143068908 0.03525
v -0.0070959397873 0.0648663443504 0.03525
v -0.00702976062078 0.0649224400031 0.03525
v -0.00696705465942 0.0649823930408 0.03525
v -0.00690804637429 0.0650459888474 0.03525
v -0.00685294699975 0.0651129997663 0.03525
v -0.00680195377724 0.0651831859158 0.03525
v -0.00675524924928 0.0652562960478 0.03525
v -0.00671300060594 0.0653320684468 0.03525
v -0.00667535908642 0.0654102318675 0.03525
v -0.00664245943757 0.0654905065051 0.03525
v -0.00661441943161 0.0655726049971 0.03525
v -0.00659133944448 0.0656562334523 0.03525
v -0.00657330209653 0.0657410925025 0.03525
v -0.0065603719568 0.0658268783744 0.03525
v -0.00655259531184 0.0659132839768 0.03525
v 0.00945 0.066 0.03525
v 0.00944740468816 0.0660867160232 0.03525
v 0.0094396280432 0.0661731216256 0.03525
v 0.00942669790347 0.0662589074975 0.03525
v 0.00940866055552 0.0663437665477 0.03525
v 0.00938558056839 0.0664273950029 0.03525
v 0.00935754056243 0.0665094934949 0.03525
v 0.00932464091358 0.0665897681325 0.03525
v 0.00928699939406 0.0666679315532 0.03525
v 0.00924475075072 0.0667437039522 0.03525
v 0.00919804622276 0.0668168140842 0.03525
v 0.00914705300025 0.0668870002337 0.03525
v 0.00909195362571 0.0669540111526 0.03525
v 0.00903294534058 0.0670176069592 0.03525
v 0.00897023937922 0.0670775599969 0.03525
v 0.0089040602127 0.0671336556496 0.03525
v 0.00883464474524 0.0671856931092 0.03525
v 0.00876224146623 0.0672334860952 0.03525
v 0.00868710956059 0.0672768635212 0.03525
v 0.00860951798105 0.0673156701071 0.03525
v 0.00852974448533 0.0673497669355 0.03525
v 0.00844807464184 0.0673790319486 0.03525
v 0.00836480080743 0.0674033603853 0.03525
v 0.0082802210808 0.0674226651559 0.03525
v 0.00819463823544 0.0674368771546 0.03525
v 0.0081083586357 0.0674459455059 0.03525
v 0.00802169114017 0.0674498377476 0.03525
v 0.00793494599599 0.0674485399465 0.03525
v 0.00784843372826 0.0674420567483 0.03525
v 0.00776246402845 0.0674304113612 0.03525
v 0.00767734464576 0.0674136454727 0.03525
v 0.00759338028551 0.0673918191002 0.03525
v 0.00751087151829 0.0673650103767 0.03525
v 0.0074301137041 0.0673333152702 0.03525
v 0.00735139593494 0.0672968472411 0.03525
v 0.007275 0.0672557368355 0.03525
v 0.00720119937689 0.0672101312179 0.03525
v 0.0071302582527 0.0671601936446 0.03525
v 0.00706243057824 0.0671061028792 0.03525
v 0.00699795915897 0.0670480525525 0.03525
v 0.00693707478585 0.0669862504698 0.03525
v 0.00687999540912 0.0669209178663 0.03525
v 0.00682692535816 0.0668522886158 0.03525
v 0.00677805460995 0.0667806083933 0.03525
v 0.00673355810911 0.0667061337954 0.03525
v 0.00669359514154 0.0666291314217 0.03525
v 0.00665830876431 0.0665498769208 0.03525
v 0.00662782529349 0.0664686540033 0.03525
v 0.00660225385199 0.0663857534261 0.03525
v 0.00658168597894 0.0663014719517 0.03525
v 0.00656619530197 0.066216111286 0.03525
v 0.00655583727371 0.0661299769979 0.03525
v 0.00655064897319 0.0660433774259 0.03525
v 0.00655064897319 0.0659566225741 0.03525
v 0.00655583727371 0.0658700230021 0.03525
v 0.00656619530197 0.065783888714 0.03525
v 0.00658168597894 0.0656985280483 0.03525
v 0.00660225385199 0.0656142465739 0.03525
v 0.00662782529349 0.0655313459967 0.03525
v 0.00665830876431 0.0654501230792 0.03525
v 0.00669359514154 0.0653708685783 0.03525
v 0.00673355810911 0.0652938662046 0.03525
v 0.00677805460995 0.0652193916067 0.03525
v 0.00682692535816 0.0651477113842 0.03525
v 0.00687999540912 0.0650790821337 0.03525
v 0.00693707478585 0.0650137495302 0.03525
v 0.00699795915897 0.0649519474475 0.03525
v 0.00706243057824 0.0648938971208 0.03525
v 0.0071302582527 0.0648398063554 0.03525
v 0.00720119937689 0.0647898687821 0.03525
v 0.007275 0.0647442631645 0.03525
v 0.00735139593494 0.0647031527589 0.03525
v 0.0074301137041 0.0646666847298 0.03525
v 0.00751087151829 0.0646349896233 0.03525
v 0.00759338028551 0.0646081808998 0.03525
v 0.00767734464576 0.0645863545273 0.03525
v 0.00776246402845 0.0645695886388 0.03525
v 0.00784843372826 0.0645579432517 0.03525
v 0.00793494599599 0.0645514600535 0.03525
v 0.00802169114017 0.0645501622524 0.03525
v 0.0081083586357 0.0645540544941 0.03525
v 0.00819463823544 0.0645631228454 0.03525
v 0.0082802210808 0.0645773348441 0.03525
v 0.00836480080743 0.0645966396147 0.03525
v 0.00844807464184 0.0646209680514 0.03525
v 0.00852974448533 0.0646502330645 0.03525
v 0.00860951798105 0.0646843298929 0.03525
v 0.00868710956059 0.0647231364788 0.03525
v 0.00876224146623 0.0647665139048 0.03525
v 0.00883464474524 0.0648143068908 0.03525
v 0.0089040602127 0.0648663443504 0.03525
v 0.00897023937922 0.0649224400031 0.03525
v 0.00903294534058 0.0649823930408 0.03525
v 0.00909195362571 0.0650459888474 0.03525
v 0.00914705300025 0.0651129997663 0.03525
v 0.00919804622276 0.0651831859158 0.03525
v 0.00924475075072 0.0652562960478 0.03525
v 0.00928699939406 0.0653320684468 0.03525
v 0.00932464091358 0.0654102318675 0.03525
v 0.00935754056243 0.0654905065051 0.03525
v 0.00938558056839 0.0655726049971 0.03525
v 0.00940866055552 0.0656562334523 0.03525
v 0.00942669790347 0.0657410925025 0.03525
v 0.0094396280432 0.0658268783744 0.03525
v 0.00944740468816 0.0659132839768 0.03525
v -0.0287 0.048 0.03525
v 0.0287 0.048 0.03525
v -0.0287 0.048 0.03825
v 0.0287 0.048 0.03825
v -0.0305 0.0708717797887 0.03775
v -0.0305 0.0708717797887 0.03825
v -0.0305 0.072 0.03775
v -0.0305 0.0635219778735 0.104769284509
v -0.0305 0.0480671646528 0.100628179787
v -0.0305 0.0499846303173 0.03825
v -0.0305 0.06050061454 0.0969198346165
v -0.0305 0.0546084669997 0.0953410384414
v -0.0305 0.0539096555779 0.0979490381724
v -0.0305 0.0598018031183 0.0995278343475
v 0.0307 0.05 0.03525
v 0.0306966163165 0.0498837103422 0.03525
v 0.0306864767155 0.0497678141717 0.03525
v 0.030669615506 0.0496527036447 0.03525
v 0.0306460897412 0.0495387682585 0.03525
v 0.0306159790246 0.0494263935346 0.03525
v 0.0305793852416 0.0493159597133 0.03525
v 0.0305364322138 0.0492078404679 0.03525
v 0.0304872652806 0.0491024016396 0.03525
v 0.0304320508076 0.049 0.03525
v 0.0303709756228 0.0489009820439 0.03525
v 0.0303042463855 0.0488056828166 0.03525
v 0.0302320888862 0.0487144247806 0.03525
v 0.0301547472831 0.0486275167243 0.03525
v 0.0300724832757 0.0485452527169 0.03525
v 0.0299855752194 0.0484679111138 0.03525
v 0.0298943171834 0.0483957536145 0.03525
v 0.0297990179561 0.0483290243772 0.03525
v 0.0297 0.0482679491924 0.03525
v 0.0295975983604 0.0482127347194 0.03525
v 0.0294921595321 0.0481635677862 0.03525
v 0.0293840402867 0.0481206147584 0.03525
v 0.0292736064654 0.0480840209754 0.03525
v 0.0291612317415 0.0480539102588 0.03525
v 0.0290472963553 0.048030384494 0.03525
v 0.0289321858283 0.0480135232845 0.03525
v 0.0288162896578 0.0480033836835 0.03525
v 0.0287 0.048 0.03525
v 0.0287 0.048 0.03825
v 0.0307 0.05 0.03825
v 0.0306966163165 0.0498837103422 0.03825
v 0.0306864767155 0.0497678141717 0.03825
v 0.030669615506 0.0496527036447 0.03825
v 0.0306460897412 0.0495387682585 0.03825
v 0.0306159790246 0.0494263935346 0.03825
v 0.0305793852416 0.0493159597133 0.03825
v 0.0305364322138 0.0492078404679 0.03825
v 0.0304872652806 0.0491024016396 0.03825
v 0.0304320508076 0.049 0.03825
v 0.0303709756228 0.0489009820439 0.03825
v 0.0303042463855 0.0488056828166 0.03825
v 0.0302320888862 0.0487144247806 0.03825
v 0.0301547472831 0.0486275167243 0.03825
v 0.0300724832757 0.0485452527169 0.03825
v 0.0299855752194 0.0484679111138 0.03825
v 0.0298943171834 0.0483957536145 0.03825
v 0.0297990179561 0.0483290243772 0.03825
v 0.0297 0.0482679491924 0.03825
v 0.0295975983604 0.0482127347194 0.03825
v 0.0294921595321 0.0481635677862 0.03825
v 0.0293840402867 0.0481206147584 0.03825
v 0.0292736064654 0.0480840209754 0.03825
v 0.0291612317415 0.0480539102588 0.03825
v 0.0290472963553 0.048030384494 0.03825
v 0.0289321858283 0.0480135232845 0.03825
v 0.0288162896578 0.0480033836835 0.03825
v -0.0305 0.0480671646528 0.100628179787
v -0.0305 0.0499846303173 0.03825
v -0.0225 0.0480671646528 0.100628179787
v -0.0225 0.0499846303173 0.03825
v 0.0307 0.05 0.03825
v 0.0307 0.07 0.03825
v 0.0307 0.05 0.03525
v 0.0307 0.07 0.03525
v -0.0225 0.0480671646528 0.100628179787
v -0.0225 0.0499846303173 0.03825
v -0.0225 0.0719367493835 0.03825
v -0.0225 0.0635219778735 0.104769284509
v 0.0307 0.07 0.03525
v 0.0307 0.07 0.03825
v 0.0306966163165 0.0701162896578 0.03525
v 0.0306864767155 0.0702321858283 0.03525
v 0.030669615506 0.0703472963553 0.03525
v 0.0306460897412 0.0704612317415 0.03525
v 0.0306159790246 0.0705736064654 0.03525
v 0.0305793852416 0.0706840402867 0.03525
v 0.0305364322138 0.0707921595321 0.03525
v 0.0304872652806 0.0708975983604 0.03525
v 0.0304320508076 0.071 0.03525
v 0.0303709756228 0.0710990179561 0.03525
v 0.0303042463855 0.0711943171834 0.03525
v 0.0302320888862 0.0712855752194 0.03525
v 0.0301547472831 0.0713724832757 0.03525
v 0.0300724832757 0.0714547472831 0.03525
v 0.0299855752194 0.0715320888862 0.03525
v 0.0298943171834 0.0716042463855 0.03525
v 0.0297990179561 0.0716709756228 0.03525
v 0.0297 0.0717320508076 0.03525
v 0.0295975983604 0.0717872652806 0.03525
v 0.0294921595321 0.0718364322138 0.03525
v 0.0293840402867 0.0718793852416 0.03525
v 0.0292736064654 0.0719159790246 0.03525
v 0.0291612317415 0.0719460897412 0.03525
v 0.0290472963553 0.071969615506 0.03525
v 0.0289321858283 0.0719864767155 0.03525
v 0.0288162896578 0.0719966163165 0.03525
v 0.0287 0.072 0.03525
v 0.0287 0.072 0.03775
v 0.0305 0.0708717797887 0.03775
v 0.0304455260672 0.0709762882508 0.03775
v 0.0303849910448 0.0710774066915 0.03775
v 0.030318605132 0.0711747839915 0.03775
v 0.0302465988443 0.0712680820221 0.03775
v 0.0301692222133 0.0713569768193 0.03775
v 0.0300867439182 0.0714411597085 0.03775
v 0.0299994503532 0.0715203383767 0.03775
v 0.0299076446326 0.0715942378873 0.03775
v 0.0298116455388 0.0716626016348 0.03775
v 0.0297117864148 0.0717251922359 0.03775
v 0.0296084140072 0.0717817923536 0.03775
v 0.0295018872618 0.0718322054523 0.03775
v 0.0293925760776 0.0718762564795 0.03775
v 0.029280860022 0.0719137924743 0.03775
v 0.0291671270131 0.0719446830985 0.03775
v 0.0290517719724 0.0719688210887 0.03775
v 0.0289351954538 0.0719861226293 0.03775
v 0.0288178022526 0.071996527643 0.03775
v 0.0305 0.0708717797887 0.03825
v 0.0306968223233 0.0701126969792 0.03825
v 0.0306872993909 0.0702250358439 0.03825
v 0.0306714614635 0.0703366596174 0.03825
v 0.030649358869 0.0704472135955 0.03825
v 0.0306210618422 0.0705563464734 0.03825
v 0.030586660302 0.070663711462 0.03825
v 0.0305462635654 0.0707689673902 0.03825
v -0.0305 0.072 0.03775
v -0.0305 0.0635219778735 0.104769284509
v -0.0287 0.072 0.03775
v -0.0291990008272 0.0719367493835 0.03825
v -0.0291394378668 0.0719511264339 0.038136348535
v -0.0290908869054 0.0719614299445 0.0380548986526
v -0.0290457170139 0.0719698933337 0.037987995042
v -0.0290089944847 0.0719759864393 0.0379398286688
v -0.0289748964208 0.0719810179095 0.0379000545886
v -0.0289472166691 0.0719846621674 0.0378712465071
v -0.0289215441977 0.0719876916684 0.0378472981159
v -0.0288984072058 0.0719901343122 0.0378279888665
v -0.0288775608681 0.0719921024417 0.0378124306826
v -0.0288566950678 0.0719938522151 0.0377985986163
v -0.0288363970286 0.071995343542 0.0377868095859
v -0.0288159624618 0.0719966353466 0.037776597791
v -0.0287966519524 0.0719976632349 0.0377684722713
v -0.0287749169186 0.0719985963713 0.037761095771
v -0.0287624352291 0.071999025223 0.037757705672
v -0.0287416272435 0.0719995667462 0.0377534248977
v -0.0287208147491 0.0719998916836 0.0377508562476
v -0.0225 0.0719367493835 0.03825
v -0.0225 0.0635219778735 0.104769284509
v 0.0305 0.0708717797887 0.03775
v 0.0305 0.0708717797887 0.03825
v 0.0305 0.072 0.03775
v 0.0305 0.0635219778735 0.104769284509
v 0.0305 0.0480671646528 0.100628179787
v 0.0305 0.0499846303173 0.03825
v 0.0305 0.06050061454 0.0969198346165
v 0.0305 0.0546084669997 0.0953410384414
v 0.0305 0.0539096555779 0.0979490381724
v 0.0305 0.0598018031183 0.0995278343475
v -0.0291990008272 0.0719367493835 0.03825
v -0.0291394378668 0.0719511264339 0.038136348535
v -0.0290908869054 0.0719614299445 0.0380548986526
v -0.0290457170139 0.0719698933337 0.037987995042
v -0.0290089944847 0.0719759864393 0.0379398286688
v -0.0289748964208 0.0719810179095 0.0379000545886
v -0.0289472166691 0.0719846621674 0.0378712465071
v -0.0289215441977 0.0719876916684 0.0378472981159
v -0.0288984072058 0.0719901343122 0.0378279888665
v -0.0288775608681 0.0719921024417 0.0378124306826
v -0.0288566950678 0.0719938522151 0.0377985986163
v -0.0288363970286 0.071995343542 0.0377868095859
v -0.0288159624618 0.0719966353466 0.037776597791
v -0.0287966519524 0.0719976632349 0.0377684722713
v -0.0287749169186 0.0719985963713 0.037761095771
v -0.0287624352291 0.071999025223 0.037757705672
v -0.0287416272435 0.0719995667462 0.0377534248977
v -0.0287208147491 0.0719998916836 0.0377508562476
v -0.0287 0.072 0.03775
v -0.0287 0.072 0.03825
v -0.0291007319468 0.0719594422438 0.03825
v -0.0290014440313 0.0719771523705 0.03825
v -0.0289013895633 0.0719898347278 0.03825
v -0.0288008229748 0.0719974570653 0.03825
v 0.0225 0.0480671646528 0.100628179787
v 0.0225 0.0499846303173 0.03825
v 0.0305 0.0480671646528 0.100628179787
v 0.0305 0.0499846303173 0.03825
v -0.0287 0.072 0.03525
v 0.0287 0.072 0.03525
v -0.0287 0.072 0.03775
v -0.0287 0.072 0.03825
v 0.0287 0.072 0.03825
v 0.0287 0.072 0.03775
v -0.0225 0.072 0.03775
v 0.0225 0.072 0.03775
v 0.0225 0.0480671646528 0.100628179787
v 0.0225 0.0499846303173 0.03825
v 0.0225 0.0719367493835 0.03825
v 0.0225 0.0635219778735 0.104769284509
v 0.0287 0.072 0.03775
v 0.0287163438017 0.0719999332189 0.0377505279085
v 0.028732686512 0.0719997328801 0.0377521115988
v 0.0287472062175 0.0719994428156 0.0377544045765
v 0.0287617876912 0.0719990453425 0.0377575466264
v 0.028776452536 0.0719985382182 0.0377615554744
v 0.0287912215878 0.0719979185724 0.0377664538128
v 0.0288061147754 0.0719971829296 0.0377722691138
v 0.0288264121061 0.0719960009968 0.037781612365
v 0.0288470070159 0.0719945899171 0.0377927670372
v 0.0288670367886 0.0719930124714 0.0378052368416
v 0.0288880220891 0.0719911423088 0.0378200205916
v 0.0289109455499 0.0719888443818 0.0378381858457
v 0.0289345001151 0.0719862048474 0.0378590515265
v 0.028963074276 0.0719826224868 0.0378873703065
v 0.0289894833303 0.0719789389585 0.0379164888238
v 0.029025053064 0.0719734083474 0.0379602086435
v 0.0290638276285 0.0719666289576 0.0380138001357
v 0.0291079780434 0.0719579463517 0.0380824366672
v 0.0291519219554 0.0719482727084 0.0381589074104
v 0.0291754963001 0.0719426536667 0.0382033262796
v 0.0291990008272 0.0719367493835 0.03825
v 0.0287 0.072 0.03825
v 0.0291007319468 0.0719594422438 0.03825
v 0.0290014440313 0.0719771523705 0.03825
v 0.0289013895633 0.0719898347278 0.03825
v 0.0288008229748 0.0719974570653 0.03825
v 0.0287 0.072 0.03775
v 0.0287163438017 0.0719999332189 0.0377505279085
v 0.028732686512 0.0719997328801 0.0377521115988
v 0.0287472062175 0.0719994428156 0.0377544045765
v 0.0287617876912 0.0719990453425 0.0377575466264
v 0.028776452536 0.0719985382182 0.0377615554744
v 0.0287912215878 0.0719979185724 0.0377664538128
v 0.0288061147754 0.0719971829296 0.0377722691138
v 0.0288264121061 0.0719960009968 0.037781612365
v 0.0288470070159 0.0719945899171 0.0377927670372
v 0.0288670367886 0.0719930124714 0.0378052368416
v 0.0288880220891 0.0719911423088 0.0378200205916
v 0.0289109455499 0.0719888443818 0.0378381858457
v 0.0289345001151 0.0719862048474 0.0378590515265
v 0.028963074276 0.0719826224868 0.0378873703065
v 0.0289894833303 0.0719789389585 0.0379164888238
v 0.029025053064 0.0719734083474 0.0379602086435
v 0.0290638276285 0.0719666289576 0.0380138001357
v 0.0291079780434 0.0719579463517 0.0380824366672
v 0.0291519219554 0.0719482727084 0.0381589074104
v 0.0291754963001 0.0719426536667 0.0382033262796
v 0.0291990008272 0.0719367493835 0.03825
v 0.0305 0.072 0.03775
v 0.0305 0.0635219778735 0.104769284509
v 0.0225 0.0635219778735 0.104769284509
v 0.0225 0.0719367493835 0.03825
v -0.00475 0.054 0.03825
v -0.00475581707825 0.0541943635003 0.03825
v -0.00477324748939 0.0543880312298 0.03825
v -0.00480222883705 0.0545803099081 0.03825
v -0.00484265737555 0.0547705112276 0.03825
v -0.0048943883812 0.0549579543168 0.03825
v -0.00495723667042 0.0551419681783 0.03825
v -0.00503097726266 0.05532189409 0.03825
v -0.00511534618574 0.055497087964 0.03825
v -0.00521004142079 0.0556669226516 0.03825
v -0.00531472398347 0.0558307901887 0.03825
v -0.00542901913737 0.0559881039721 0.03825
v -0.00555251773549 0.0561383008593 0.03825
v -0.00568477768491 0.0562808431844 0.03825
v -0.00582532552933 0.0564152206828 0.03825
v -0.00597365814396 0.056540952318 0.03825
v -0.00612924453652 0.0566575880034 0.03825
v -0.00629152774812 0.0567647102135 0.03825
v -0.00645992684696 0.0568619354785 0.03825
v -0.00663383900799 0.0569489157573 0.03825
v -0.00681264167081 0.0570253396831 0.03825
v -0.00699569476828 0.057090933678 0.03825
v -0.00718234301783 0.0571454629325 0.03825
v -0.00737191826716 0.057188732246 0.03825
v -0.00756374188609 0.0572205867257 0.03825
v -0.00775712719584 0.0572409123408 0.03825
v -0.0079513819272 0.0572496363309 0.03825
v -0.00814581069864 0.0572467274663 0.03825
v -0.00833971750562 0.0572321961599 0.03825
v -0.0085324082121 0.0572060944303 0.03825
v -0.00872319303536 0.0571685157146 0.03825
v -0.00891138901524 0.057119594535 0.03825
v -0.00909632245899 0.0570595060166 0.03825
v -0.00927733135288 0.0569884652608 0.03825
v -0.00945376773203 0.0569067265749 0.03825
v -0.009625 0.0568145825623 0.03825
v -0.00979041518972 0.0567123630746 0.03825
v -0.00994942115774 0.056600434031 0.03825
v -0.010101448704 0.0564791961086 0.03825
v -0.0102459536092 0.0563490833074 0.03825
v -0.0103824185834 0.0562105613978 0.03825
v -0.0105103551175 0.056064126252 0.03825
v -0.0106293052317 0.05591030207 0.03825
v -0.0107388431156 0.0557496395023 0.03825
v -0.010838576652 0.0555827136793 0.03825
v -0.0109281488207 0.0554101221521 0.03825
v -0.0110072389765 0.0552324827536 0.03825
v -0.0110755639973 0.0550504313867 0.03825
v -0.0111328792973 0.0548646197481 0.03825
v -0.0111789797024 0.0546757129952 0.03825
v -0.0112137001852 0.0544843873651 0.03825
v -0.0112369164555 0.0542913277539 0.03825
v -0.0112485454049 0.0540972252651 0.03825
v -0.0112485454049 0.0539027747349 0.03825
v -0.0112369164555 0.0537086722461 0.03825
v -0.0112137001852 0.0535156126349 0.03825
v -0.0111789797024 0.0533242870048 0.03825
v -0.0111328792973 0.0531353802519 0.03825
v -0.0110755639973 0.0529495686133 0.03825
v -0.0110072389765 0.0527675172464 0.03825
v -0.0109281488207 0.0525898778479 0.03825
v -0.010838576652 0.0524172863207 0.03825
v -0.0107388431156 0.0522503604977 0.03825
v -0.0106293052317 0.05208969793 0.03825
v -0.0105103551175 0.051935873748 0.03825
v -0.0103824185834 0.0517894386022 0.03825
v -0.0102459536092 0.0516509166926 0.03825
v -0.010101448704 0.0515208038914 0.03825
v -0.00994942115774 0.051399565969 0.03825
v -0.00979041518972 0.0512876369254 0.03825
v -0.009625 0.0511854174377 0.03825
v -0.00945376773203 0.0510932734251 0.03825
v -0.00927733135288 0.0510115347392 0.03825
v -0.00909632245899 0.0509404939834 0.03825
v -0.00891138901524 0.050880405465 0.03825
v -0.00872319303536 0.0508314842854 0.03825
v -0.0085324082121 0.0507939055697 0.03825
v -0.00833971750562 0.0507678038401 0.03825
v -0.00814581069864 0.0507532725337 0.03825
v -0.0079513819272 0.0507503636691 0.03825
v -0.00775712719584 0.0507590876592 0.03825
v -0.00756374188609 0.0507794132743 0.03825
v -0.00737191826716 0.050811267754 0.03825
v -0.00718234301783 0.0508545370675 0.03825
v -0.00699569476828 0.050909066322 0.03825
v -0.00681264167081 0.0509746603169 0.03825
v -0.00663383900799 0.0510510842427 0.03825
v -0.00645992684696 0.0511380645215 0.03825
v -0.00629152774812 0.0512352897865 0.03825
v -0.00612924453652 0.0513424119966 0.03825
v -0.00597365814396 0.051459047682 0.03825
v -0.00582532552933 0.0515847793172 0.03825
v -0.00568477768491 0.0517191568156 0.03825
v -0.00555251773549 0.0518616991407 0.03825
v -0.00542901913737 0.0520118960279 0.03825
v -0.00531472398347 0.0521692098113 0.03825
v -0.00521004142079 0.0523330773484 0.03825
v -0.00511534618574 0.052502912036 0.03825
v -0.00503097726266 0.05267810591 0.03825
v -0.00495723667042 0.0528580318217 0.03825
v -0.0048943883812 0.0530420456832 0.03825
v -0.00484265737555 0.0532294887724 0.03825
v -0.00480222883705 0.0534196900919 0.03825
v -0.00477324748939 0.0536119687702 0.03825
v -0.00475581707825 0.0538056364997 0.03825
v -0.00475 0.054 0.03825
v -0.00475 0.054 0.03725
v -0.00475581707825 0.0541943635003 0.03725
v -0.00477324748939 0.0543880312298 0.03725
v -0.00480222883705 0.0545803099081 0.03725
v -0.00484265737555 0.0547705112276 0.03725
v -0.0048943883812 0.0549579543168 0.03725
v -0.00495723667042 0.0551419681783 0.03725
v -0.00503097726266 0.05532189409 0.03725
v -0.00511534618574 0.055497087964 0.03725
v -0.00521004142079 0.0556669226516 0.03725
v -0.00531472398347 0.0558307901887 0.03725
v -0.00542901913737 0.0559881039721 0.03725
v -0.00555251773549 0.0561383008593 0.03725
v -0.00568477768491 0.0562808431844 0.03725
v -0.00582532552933 0.0564152206828 0.03725
v -0.00597365814396 0.056540952318 0.03725
v -0.00612924453652 0.0566575880034 0.03725
v -0.00629152774812 0.0567647102135 0.03725
v -0.00645992684696 0.0568619354785 0.03725
v -0.00663383900799 0.0569489157573 0.03725
v -0.00681264167081 0.0570253396831 0.03725
v -0.00699569476828 0.057090933678 0.03725
v -0.00718234301783 0.0571454629325 0.03725
v -0.00737191826716 0.057188732246 0.03725
v -0.00756374188609 0.0572205867257 0.03725
v -0.00775712719584 0.0572409123408 0.03725
v -0.0079513819272 0.0572496363309 0.03725
v -0.00814581069864 0.0572467274663 0.03725
v -0.00833971750562 0.0572321961599 0.03725
v -0.0085324082121 0.0572060944303 0.03725
v -0.00872319303536 0.0571685157146 0.03725
v -0.00891138901524 0.057119594535 0.03725
v -0.00909632245899 0.0570595060166 0.03725
v -0.00927733135288 0.0569884652608 0.03725
v -0.00945376773203 0.0569067265749 0.03725
v -0.009625 0.0568145825623 0.03725
v -0.00979041518972 0.0567123630746 0.03725
v -0.00994942115774 0.056600434031 0.03725
v -0.010101448704 0.0564791961086 0.03725
v -0.0102459536092 0.0563490833074 0.03725
v -0.0103824185834 0.0562105613978 0.03725
v -0.0105103551175 0.056064126252 0.03725
v -0.0106293052317 0.05591030207 0.03725
v -0.0107388431156 0.0557496395023 0.03725
v -0.010838576652 0.0555827136793 0.03725
v -0.0109281488207 0.0554101221521 0.03725
v -0.0110072389765 0.0552324827536 0.03725
v -0.0110755639973 0.0550504313867 0.03725
v -0.0111328792973 0.0548646197481 0.03725
v -0.0111789797024 0.0546757129952 0.03725
v -0.0112137001852 0.0544843873651 0.03725
v -0.0112369164555 0.0542913277539 0.03725
v -0.0112485454049 0.0540972252651 0.03725
v -0.0112485454049 0.0539027747349 0.03725
v -0.0112369164555 0.0537086722461 0.03725
v -0.0112137001852 0.0535156126349 0.03725
v -0.0111789797024 0.0533242870048 0.03725
v -0.0111328792973 0.0531353802519 0.03725
v -0.0110755639973 0.0529495686133 0.03725
v -0.0110072389765 0.0527675172464 0.03725
v -0.0109281488207 0.0525898778479 0.03725
v -0.010838576652 0.0524172863207 0.03725
v -0.0107388431156 0.0522503604977 0.03725
v -0.0106293052317 0.05208969793 0.03725
v -0.0105103551175 0.051935873748 0.03725
v -0.0103824185834 0.0517894386022 0.03725
v -0.0102459536092 0.0516509166926 0.03725
v -0.010101448704 0.0515208038914 0.03725
v -0.00994942115774 0.051399565969 0.03725
v -0.00979041518972 0.0512876369254 0.03725
v -0.009625 0.0511854174377 0.03725
v -0.00945376773203 0.0510932734251 0.03725
v -0.00927733135288 0.0510115347392 0.03725
v -0.00909632245899 0.0509404939834 0.03725
v -0.00891138901524 0.050880405465 0.03725
v -0.00872319303536 0.0508314842854 0.03725
v -0.0085324082121 0.0507939055697 0.03725
v -0.00833971750562 0.0507678038401 0.03725
v -0.00814581069864 0.0507532725337 0.03725
v -0.0079513819272 0.0507503636691 0.03725
v -0.00775712719584 0.0507590876592 0.03725
v -0.00756374188609 0.0507794132743 0.03725
v -0.00737191826716 0.050811267754 0.03725
v -0.00718234301783 0.0508545370675 0.03725
v -0.00699569476828 0.050909066322 0.03725
v -0.00681264167081 0.0509746603169 0.03725
v -0.00663383900799 0.0510510842427 0.03725
v -0.00645992684696 0.0511380645215 0.03725
v -0.00629152774812 0.0512352897865 0.03725
v -0.00612924453652 0.0513424119966 0.03725
v -0.00597365814396 0.051459047682 0.03725
v -0.00582532552933 0.0515847793172 0.03725
v -0.00568477768491 0.0517191568156 0.03725
v -0.00555251773549 0.0518616991407 0.03725
v -0.00542901913737 0.0520118960279 0.03725
v -0.00531472398347 0.0521692098113 0.03725
v -0.00521004142079 0.0523330773484 0.03725
v -0.00511534618574 0.052502912036 0.03725
v -0.00503097726266 0.05267810591 0.03725
v -0.00495723667042 0.0528580318217 0.03725
v -0.0048943883812 0.0530420456832 0.03725
v -0.00484265737555 0.0532294887724 0.03725
v -0.00480222883705 0.0534196900919 0.03725
v -0.00477324748939 0.0536119687702 0.03725
v -0.00475581707825 0.0538056364997 0.03725
v -0.00475 0.054 0.03725
v 0.01125 0.054 0.03825
v 0.0112441829217 0.0541943635003 0.03825
v 0.0112267525106 0.0543880312298 0.03825
v 0.0111977711629 0.0545803099081 0.03825
v 0.0111573426245 0.0547705112276 0.03825
v 0.0111056116188 0.0549579543168 0.03825
v 0.0110427633296 0.0551419681783 0.03825
v 0.0109690227373 0.05532189409 0.03825
v 0.0108846538143 0.055497087964 0.03825
v 0.0107899585792 0.0556669226516 0.03825
v 0.0106852760165 0.0558307901887 0.03825
v 0.0105709808626 0.0559881039721 0.03825
v 0.0104474822645 0.0561383008593 0.03825
v 0.0103152223151 0.0562808431844 0.03825
v 0.0101746744707 0.0564152206828 0.03825
v 0.010026341856 0.056540952318 0.03825
v 0.00987075546348 0.0566575880034 0.03825
v 0.00970847225188 0.0567647102135 0.03825
v 0.00954007315304 0.0568619354785 0.03825
v 0.00936616099201 0.0569489157573 0.03825
v 0.00918735832919 0.0570253396831 0.03825
v 0.00900430523172 0.057090933678 0.03825
v 0.00881765698217 0.0571454629325 0.03825
v 0.00862808173284 0.057188732246 0.03825
v 0.00843625811391 0.0572205867257 0.03825
v 0.00824287280416 0.0572409123408 0.03825
v 0.0080486180728 0.0572496363309 0.03825
v 0.00785418930136 0.0572467274663 0.03825
v 0.00766028249438 0.0572321961599 0.03825
v 0.0074675917879 0.0572060944303 0.03825
v 0.00727680696464 0.0571685157146 0.03825
v 0.00708861098476 0.057119594535 0.03825
v 0.00690367754101 0.0570595060166 0.03825
v 0.00672266864712 0.0569884652608 0.03825
v 0.00654623226797 0.0569067265749 0.03825
v 0.006375 0.0568145825623 0.03825
v 0.00620958481028 0.0567123630746 0.03825
v 0.00605057884226 0.056600434031 0.03825
v 0.00589855129605 0.0564791961086 0.03825
v 0.00575404639079 0.0563490833074 0.03825
v 0.00561758141655 0.0562105613978 0.03825
v 0.00548964488252 0.056064126252 0.03825
v 0.00537069476828 0.05591030207 0.03825
v 0.00526115688437 0.0557496395023 0.03825
v 0.00516142334799 0.0555827136793 0.03825
v 0.00507185117932 0.0554101221521 0.03825
v 0.00499276102346 0.0552324827536 0.03825
v 0.00492443600265 0.0550504313867 0.03825
v 0.00486712070274 0.0548646197481 0.03825
v 0.00482102029762 0.0546757129952 0.03825
v 0.00478629981477 0.0544843873651 0.03825
v 0.00476308354452 0.0542913277539 0.03825
v 0.00475145459508 0.0540972252651 0.03825
v 0.00475145459508 0.0539027747349 0.03825
v 0.00476308354452 0.0537086722461 0.03825
v 0.00478629981477 0.0535156126349 0.03825
v 0.00482102029762 0.0533242870048 0.03825
v 0.00486712070274 0.0531353802519 0.03825
v 0.00492443600265 0.0529495686133 0.03825
v 0.00499276102346 0.0527675172464 0.03825
v 0.00507185117932 0.0525898778479 0.03825
v 0.00516142334799 0.0524172863207 0.03825
v 0.00526115688437 0.0522503604977 0.03825
v 0.00537069476828 0.05208969793 0.03825
v 0.00548964488252 0.051935873748 0.03825
v 0.00561758141655 0.0517894386022 0.03825
v 0.00575404639079 0.0516509166926 0.03825
v 0.00589855129605 0.0515208038914 0.03825
v 0.00605057884226 0.051399565969 0.03825
v 0.00620958481028 0.0512876369254 0.03825
v 0.006375 0.0511854174377 0.03825
v 0.00654623226797 0.0510932734251 0.03825
v 0.00672266864712 0.0510115347392 0.03825
v 0.00690367754101 0.0509404939834 0.03825
v 0.00708861098476 0.050880405465 0.03825
v 0.00727680696464 0.0508314842854 0.03825
v 0.0074675917879 0.0507939055697 0.03825
v 0.00766028249438 0.0507678038401 0.03825
v 0.00785418930136 0.0507532725337 0.03825
v 0.0080486180728 0.0507503636691 0.03825
v 0.00824287280416 0.0507590876592 0.03825
v 0.00843625811391 0.0507794132743 0.03825
v 0.00862808173284 0.050811267754 0.03825
v 0.00881765698217 0.0508545370675 0.03825
v 0.00900430523172 0.050909066322 0.03825
v 0.00918735832919 0.0509746603169 0.03825
v 0.00936616099201 0.0510510842427 0.03825
v 0.00954007315304 0.0511380645215 0.03825
v 0.00970847225188 0.0512352897865 0.03825
v 0.00987075546348 0.0513424119966 0.03825
v 0.010026341856 0.051459047682 0.03825
v 0.0101746744707 0.0515847793172 0.03825
v 0.0103152223151 0.0517191568156 0.03825
v 0.0104474822645 0.0518616991407 0.03825
v 0.0105709808626 0.0520118960279 0.03825
v 0.0106852760165 0.0521692098113 0.03825
v 0.0107899585792 0.0523330773484 0.03825
v 0.0108846538143 0.052502912036 0.03825
v 0.0109690227373 0.05267810591 0.03825
v 0.0110427633296 0.0528580318217 0.03825
v 0.0111056116188 0.0530420456832 0.03825
v 0.0111573426245 0.0532294887724 0.03825
v 0.0111977711629 0.0534196900919 0.03825
v 0.0112267525106 0.0536119687702 0.03825
v 0.0112441829217 0.0538056364997 0.03825
v 0.01125 0.054 0.03825
v 0.01125 0.054 0.03725
v 0.0112441829217 0.0541943635003 0.03725
v 0.0112267525106 0.0543880312298 0.03725
v 0.0111977711629 0.0545803099081 0.03725
v 0.0111573426245 0.0547705112276 0.03725
v 0.0111056116188 0.0549579543168 0.03725
v 0.0110427633296 0.0551419681783 0.03725
v 0.0109690227373 0.05532189409 0.03725
v 0.0108846538143 0.055497087964 0.03725
v 0.0107899585792 0.0556669226516 0.03725
v 0.0106852760165 0.0558307901887 0.03725
v 0.0105709808626 0.0559881039721 0.03725
v 0.0104474822645 0.0561383008593 0.03725
v 0.0103152223151 0.0562808431844 0.03725
v 0.0101746744707 0.0564152206828 0.03725
v 0.010026341856 0.056540952318 0.03725
v 0.00987075546348 0.0566575880034 0.03725
v 0.00970847225188 0.0567647102135 0.03725
v 0.00954007315304 0.0568619354785 0.03725
v 0.00936616099201 0.0569489157573 0.03725
v 0.00918735832919 0.0570253396831 0.03725
v 0.00900430523172 0.057090933678 0.03725
v 0.00881765698217 0.0571454629325 0.03725
v 0.00862808173284 0.057188732246 0.03725
v 0.00843625811391 0.0572205867257 0.03725
v 0.00824287280416 0.0572409123408 0.03725
v 0.0080486180728 0.0572496363309 0.03725
v 0.00785418930136 0.0572467274663 0.03725
v 0.00766028249438 0.0572321961599 0.03725
v 0.0074675917879 0.0572060944303 0.03725
v 0.00727680696464 0.0571685157146 0.03725
v 0.00708861098476 0.057119594535 0.03725
v 0.00690367754101 0.0570595060166 0.03725
v 0.00672266864712 0.0569884652608 0.03725
v 0.00654623226797 0.0569067265749 0.03725
v 0.006375 0.0568145825623 0.03725
v 0.00620958481028 0.0567123630746 0.03725
v 0.00605057884226 0.056600434031 0.03725
v 0.00589855129605 0.0564791961086 0.03725
v 0.00575404639079 0.0563490833074 0.03725
v 0.00561758141655 0.0562105613978 0.03725
v 0.00548964488252 0.056064126252 0.03725
v 0.00537069476828 0.05591030207 0.03725
v 0.00526115688437 0.0557496395023 0.03725
v 0.00516142334799 0.0555827136793 0.03725
v 0.00507185117932 0.0554101221521 0.03725
v 0.00499276102346 0.0552324827536 0.03725
v 0.00492443600265 0.0550504313867 0.03725
v 0.00486712070274 0.0548646197481 0.03725
v 0.00482102029762 0.0546757129952 0.03725
v 0.00478629981477 0.0544843873651 0.03725
v 0.00476308354452 0.0542913277539 0.03725
v 0.00475145459508 0.0540972252651 0.03725
v 0.00475145459508 0.0539027747349 0.03725
v 0.00476308354452 0.0537086722461 0.03725
v 0.00478629981477 0.0535156126349 0.03725
v 0.00482102029762 0.0533242870048 0.03725
v 0.00486712070274 0.0531353802519 0.03725
v 0.00492443600265 0.0529495686133 0.03725
v 0.00499276102346 0.0527675172464 0.03725
v 0.00507185117932 0.0525898778479 0.03725
v 0.00516142334799 0.0524172863207 0.03725
v 0.00526115688437 0.0522503604977 0.03725
v 0.00537069476828 0.05208969793 0.03725
v 0.00548964488252 0.051935873748 0.03725
v 0.00561758141655 0.0517894386022 0.03725
v 0.00575404639079 0.0516509166926 0.03725
v 0.00589855129605 0.0515208038914 0.03725
v 0.00605057884226 0.051399565969 0.03725
v 0.00620958481028 0.0512876369254 0.03725
v 0.006375 0.0511854174377 0.03725
v 0.00654623226797 0.0510932734251 0.03725
v 0.00672266864712 0.0510115347392 0.03725
v 0.00690367754101 0.0509404939834 0.03725
v 0.00708861098476 0.050880405465 0.03725
v 0.00727680696464 0.0508314842854 0.03725
v 0.0074675917879 0.0507939055697 0.03725
v 0.00766028249438 0.0507678038401 0.03725
v 0.00785418930136 0.0507532725337 0.03725
v 0.0080486180728 0.0507503636691 0.03725
v 0.00824287280416 0.0507590876592 0.03725
v 0.00843625811391 0.0507794132743 0.03725
v 0.00862808173284 0.050811267754 0.03725
v 0.00881765698217 0.0508545370675 0.03725
v 0.00900430523172 0.050909066322 0.03725
v 0.00918735832919 0.0509746603169 0.03725
v 0.00936616099201 0.0510510842427 0.03725
v 0.00954007315304 0.0511380645215 0.03725
v 0.00970847225188 0.0512352897865 0.03725
v 0.00987075546348 0.0513424119966 0.03725
v 0.010026341856 0.051459047682 0.03725
v 0.0101746744707 0.0515847793172 0.03725
v 0.0103152223151 0.0517191568156 0.03725
v 0.0104474822645 0.0518616991407 0.03725
v 0.0105709808626 0.0520118960279 0.03725
v 0.0106852760165 0.0521692098113 0.03725
v 0.0107899585792 0.0523330773484 0.03725
v 0.0108846538143 0.052502912036 0.03725
v 0.0109690227373 0.05267810591 0.03725
v 0.0110427633296 0.0528580318217 0.03725
v 0.0111056116188 0.0530420456832 0.03725
v 0.0111573426245 0.0532294887724 0.03725
v 0.0111977711629 0.0534196900919 0.03725
v 0.0112267525106 0.0536119687702 0.03725
v 0.0112441829217 0.0538056364997 0.03725
v 0.01125 0.054 0.03725
v -0.00475 0.066 0.03825
v -0.00475581707825 0.0661943635003 0.03825
v -0.00477324748939 0.0663880312298 0.03825
v -0.00480222883705 0.0665803099081 0.03825
v -0.00484265737555 0.0667705112276 0.03825
v -0.0048943883812 0.0669579543168 0.03825
v -0.00495723667042 0.0671419681783 0.03825
v -0.00503097726266 0.06732189409 0.03825
v -0.00511534618574 0.067497087964 0.03825
v -0.00521004142079 0.0676669226516 0.03825
v -0.00531472398347 0.0678307901887 0.03825
v -0.00542901913737 0.0679881039721 0.03825
v -0.00555251773549 0.0681383008593 0.03825
v -0.00568477768491 0.0682808431844 0.03825
v -0.00582532552933 0.0684152206828 0.03825
v -0.00597365814396 0.068540952318 0.03825
v -0.00612924453652 0.0686575880034 0.03825
v -0.00629152774812 0.0687647102135 0.03825
v -0.00645992684696 0.0688619354785 0.03825
v -0.00663383900799 0.0689489157573 0.03825
v -0.00681264167081 0.0690253396831 0.03825
v -0.00699569476828 0.069090933678 0.03825
v -0.00718234301783 0.0691454629325 0.03825
v -0.00737191826716 0.069188732246 0.03825
v -0.00756374188609 0.0692205867257 0.03825
v -0.00775712719584 0.0692409123408 0.03825
v -0.0079513819272 0.0692496363309 0.03825
v -0.00814581069864 0.0692467274663 0.03825
v -0.00833971750562 0.0692321961599 0.03825
v -0.0085324082121 0.0692060944303 0.03825
v -0.00872319303536 0.0691685157146 0.03825
v -0.00891138901524 0.069119594535 0.03825
v -0.00909632245899 0.0690595060166 0.03825
v -0.00927733135288 0.0689884652608 0.03825
v -0.00945376773203 0.0689067265749 0.03825
v -0.009625 0.0688145825623 0.03825
v -0.00979041518972 0.0687123630746 0.03825
v -0.00994942115774 0.068600434031 0.03825
v -0.010101448704 0.0684791961086 0.03825
v -0.0102459536092 0.0683490833074 0.03825
v -0.0103824185834 0.0682105613978 0.03825
v -0.0105103551175 0.068064126252 0.03825
v -0.0106293052317 0.06791030207 0.03825
v -0.0107388431156 0.0677496395023 0.03825
v -0.010838576652 0.0675827136793 0.03825
v -0.0109281488207 0.0674101221521 0.03825
v -0.0110072389765 0.0672324827536 0.03825
v -0.0110755639973 0.0670504313867 0.03825
v -0.0111328792973 0.0668646197481 0.03825
v -0.0111789797024 0.0666757129952 0.03825
v -0.0112137001852 0.0664843873651 0.03825
v -0.0112369164555 0.0662913277539 0.03825
v -0.0112485454049 0.0660972252651 0.03825
v -0.0112485454049 0.0659027747349 0.03825
v -0.0112369164555 0.0657086722461 0.03825
v -0.0112137001852 0.0655156126349 0.03825
v -0.0111789797024 0.0653242870048 0.03825
v -0.0111328792973 0.0651353802519 0.03825
v -0.0110755639973 0.0649495686133 0.03825
v -0.0110072389765 0.0647675172464 0.03825
v -0.0109281488207 0.0645898778479 0.03825
v -0.010838576652 0.0644172863207 0.03825
v -0.0107388431156 0.0642503604977 0.03825
v -0.0106293052317 0.06408969793 0.03825
v -0.0105103551175 0.063935873748 0.03825
v -0.0103824185834 0.0637894386022 0.03825
v -0.0102459536092 0.0636509166926 0.03825
v -0.010101448704 0.0635208038914 0.03825
v -0.00994942115774 0.063399565969 0.03825
v -0.00979041518972 0.0632876369254 0.03825
v -0.009625 0.0631854174377 0.03825
v -0.00945376773203 0.0630932734251 0.03825
v -0.00927733135288 0.0630115347392 0.03825
v -0.00909632245899 0.0629404939834 0.03825
v -0.00891138901524 0.062880405465 0.03825
v -0.00872319303536 0.0628314842854 0.03825
v -0.0085324082121 0.0627939055697 0.03825
v -0.00833971750562 0.0627678038401 0.03825
v -0.00814581069864 0.0627532725337 0.03825
v -0.0079513819272 0.0627503636691 0.03825
v -0.00775712719584 0.0627590876592 0.03825
v -0.00756374188609 0.0627794132743 0.03825
v -0.00737191826716 0.062811267754 0.03825
v -0.00718234301783 0.0628545370675 0.03825
v -0.00699569476828 0.062909066322 0.03825
v -0.00681264167081 0.0629746603169 0.03825
v -0.00663383900799 0.0630510842427 0.03825
v -0.00645992684696 0.0631380645215 0.03825
v -0.00629152774812 0.0632352897865 0.03825
v -0.00612924453652 0.0633424119966 0.03825
v -0.00597365814396 0.063459047682 0.03825
v -0.00582532552933 0.0635847793172 0.03825
v -0.00568477768491 0.0637191568156 0.03825
v -0.00555251773549 0.0638616991407 0.03825
v -0.00542901913737 0.0640118960279 0.03825
v -0.00531472398347 0.0641692098113 0.03825
v -0.00521004142079 0.0643330773484 0.03825
v -0.00511534618574 0.064502912036 0.03825
v -0.00503097726266 0.06467810591 0.03825
v -0.00495723667042 0.0648580318217 0.03825
v -0.0048943883812 0.0650420456832 0.03825
v -0.00484265737555 0.0652294887724 0.03825
v -0.00480222883705 0.0654196900919 0.03825
v -0.00477324748939 0.0656119687702 0.03825
v -0.00475581707825 0.0658056364997 0.03825
v -0.00475 0.066 0.03825
v -0.00475 0.066 0.03725
v -0.00475581707825 0.0661943635003 0.03725
v -0.00477324748939 0.0663880312298 0.03725
v -0.00480222883705 0.0665803099081 0.03725
v -0.00484265737555 0.0667705112276 0.03725
v -0.0048943883812 0.0669579543168 0.03725
v -0.00495723667042 0.0671419681783 0.03725
v -0.00503097726266 0.06732189409 0.03725
v -0.00511534618574 0.067497087964 0.03725
v -0.00521004142079 0.0676669226516 0.03725
v -0.00531472398347 0.0678307901887 0.03725
v -0.00542901913737 0.0679881039721 0.03725
v -0.00555251773549 0.0681383008593 0.03725
v -0.00568477768491 0.0682808431844 0.03725
v -0.00582532552933 0.0684152206828 0.03725
v -0.00597365814396 0.068540952318 0.03725
v -0.00612924453652 0.0686575880034 0.03725
v -0.00629152774812 0.0687647102135 0.03725
v -0.00645992684696 0.0688619354785 0.03725
v -0.00663383900799 0.0689489157573 0.03725
v -0.00681264167081 0.0690253396831 0.03725
v -0.00699569476828 0.069090933678 0.03725
v -0.00718234301783 0.0691454629325 0.03725
v -0.00737191826716 0.069188732246 0.03725
v -0.00756374188609 0.0692205867257 0.03725
v -0.00775712719584 0.0692409123408 0.03725
v -0.0079513819272 0.0692496363309 0.03725
v -0.00814581069864 0.0692467274663 0.03725
v -0.00833971750562 0.0692321961599 0.03725
v -0.0085324082121 0.0692060944303 0.03725
v -0.00872319303536 0.0691685157146 0.03725
v -0.00891138901524 0.069119594535 0.03725
v -0.00909632245899 0.0690595060166 0.03725
v -0.00927733135288 0.0689884652608 0.03725
v -0.00945376773203 0.0689067265749 0.03725
v -0.009625 0.0688145825623 0.03725
v -0.00979041518972 0.0687123630746 0.03725
v -0.00994942115774 0.068600434031 0.03725
v -0.010101448704 0.0684791961086 0.03725
v -0.0102459536092 0.0683490833074 0.03725
v -0.0103824185834 0.0682105613978 0.03725
v -0.0105103551175 0.068064126252 0.03725
v -0.0106293052317 0.06791030207 0.03725
v -0.0107388431156 0.0677496395023 0.03725
v -0.010838576652 0.0675827136793 0.03725
v -0.0109281488207 0.0674101221521 0.03725
v -0.0110072389765 0.0672324827536 0.03725
v -0.0110755639973 0.0670504313867 0.03725
v -0.0111328792973 0.0668646197481 0.03725
v -0.0111789797024 0.0666757129952 0.03725
v -0.0112137001852 0.0664843873651 0.03725
v -0.0112369164555 0.0662913277539 0.03725
v -0.0112485454049 0.0660972252651 0.03725
v -0.0112485454049 0.0659027747349 0.03725
v -0.0112369164555 0.0657086722461 0.03725
v -0.0112137001852 0.0655156126349 0.03725
v -0.0111789797024 0.0653242870048 0.03725
v -0.0111328792973 0.0651353802519 0.03725
v -0.0110755639973 0.0649495686133 0.03725
v -0.0110072389765 0.0647675172464 0.03725
v -0.0109281488207 0.0645898778479 0.03725
v -0.010838576652 0.0644172863207 0.03725
v -0.0107388431156 0.0642503604977 0.03725
v -0.0106293052317 0.06408969793 0.03725
v -0.0105103551175 0.063935873748 0.03725
v -0.0103824185834 0.0637894386022 0.03725
v -0.0102459536092 0.0636509166926 0.03725
v -0.010101448704 0.0635208038914 0.03725
v -0.00994942115774 0.063399565969 0.03725
v -0.00979041518972 0.0632876369254 0.03725
v -0.009625 0.0631854174377 0.03725
v -0.00945376773203 0.0630932734251 0.03725
v -0.00927733135288 0.0630115347392 0.03725
v -0.00909632245899 0.0629404939834 0.03725
v -0.00891138901524 0.062880405465 0.03725
v -0.00872319303536 0.0628314842854 0.03725
v -0.0085324082121 0.0627939055697 0.03725
v -0.00833971750562 0.0627678038401 0.03725
v -0.00814581069864 0.0627532725337 0.03725
v -0.0079513819272 0.0627503636691 0.03725
v -0.00775712719584 0.0627590876592 0.03725
v -0.00756374188609 0.0627794132743 0.03725
v -0.00737191826716 0.062811267754 0.03725
v -0.00718234301783 0.0628545370675 0.03725
v -0.00699569476828 0.062909066322 0.03725
v -0.00681264167081 0.0629746603169 0.03725
v -0.00663383900799 0.0630510842427 0.03725
v -0.00645992684696 0.0631380645215 0.03725
v -0.00629152774812 0.0632352897865 0.03725
v -0.00612924453652 0.0633424119966 0.03725
v -0.00597365814396 0.063459047682 0.03725
v -0.00582532552933 0.0635847793172 0.03725
v -0.00568477768491 0.0637191568156 0.03725
v -0.00555251773549 0.0638616991407 0.03725
v -0.00542901913737 0.0640118960279 0.03725
v -0.00531472398347 0.0641692098113 0.03725
v -0.00521004142079 0.0643330773484 0.03725
v -0.00511534618574 0.064502912036 0.03725
v -0.00503097726266 0.06467810591 0.03725
v -0.00495723667042 0.0648580318217 0.03725
v -0.0048943883812 0.0650420456832 0.03725
v -0.00484265737555 0.0652294887724 0.03725
v -0.00480222883705 0.0654196900919 0.03725
v -0.00477324748939 0.0656119687702 0.03725
v -0.00475581707825 0.0658056364997 0.03725
v -0.00475 0.066 0.03725
v 0.01125 0.066 0.03825
v 0.0112441829217 0.0661943635003 0.03825
v 0.0112267525106 0.0663880312298 0.03825
v 0.0111977711629 0.0665803099081 0.03825
v 0.0111573426245 0.0667705112276 0.03825
v 0.0111056116188 0.0669579543168 0.03825
v 0.0110427633296 0.0671419681783 0.03825
v 0.0109690227373 0.06732189409 0.03825
v 0.0108846538143 0.067497087964 0.03825
v 0.0107899585792 0.0676669226516 0.03825
v 0.0106852760165 0.0678307901887 0.03825
v 0.0105709808626 0.0679881039721 0.03825
v 0.0104474822645 0.0681383008593 0.03825
v 0.0103152223151 0.0682808431844 0.03825
v 0.0101746744707 0.0684152206828 0.03825
v 0.010026341856 0.068540952318 0.03825
v 0.00987075546348 0.0686575880034 0.03825
v 0.00970847225188 0.0687647102135 0.03825
v 0.00954007315304 0.0688619354785 0.03825
v 0.00936616099201 0.0689489157573 0.03825
v 0.00918735832919 0.0690253396831 0.03825
v 0.00900430523172 0.069090933678 0.03825
v 0.00881765698217 0.0691454629325 0.03825
v 0.00862808173284 0.069188732246 0.03825
v 0.00843625811391 0.0692205867257 0.03825
v 0.00824287280416 0.0692409123408 0.03825
v 0.0080486180728 0.0692496363309 0.03825
v 0.00785418930136 0.0692467274663 0.03825
v 0.00766028249438 0.0692321961599 0.03825
v 0.0074675917879 0.0692060944303 0.03825
v 0.00727680696464 0.0691685157146 0.03825
v 0.00708861098476 0.069119594535 0.03825
v 0.00690367754101 0.0690595060166 0.03825
v 0.00672266864712 0.0689884652608 0.03825
v 0.00654623226797 0.0689067265749 0.03825
v 0.006375 0.0688145825623 0.03825
v 0.00620958481028 0.0687123630746 0.03825
v 0.00605057884226 0.068600434031 0.03825
v 0.00589855129605 0.0684791961086 0.03825
v 0.00575404639079 0.0683490833074 0.03825
v 0.00561758141655 0.0682105613978 0.03825
v 0.00548964488252 0.068064126252 0.03825
v 0.00537069476828 0.06791030207 0.03825
v 0.00526115688437 0.0677496395023 0.03825
v 0.00516142334799 0.0675827136793 0.03825
v 0.00507185117932 0.0674101221521 0.03825
v 0.00499276102346 0.0672324827536 0.03825
v 0.00492443600265 0.0670504313867 0.03825
v 0.00486712070274 0.0668646197481 0.03825
v 0.00482102029762 0.0666757129952 0.03825
v 0.00478629981477 0.0664843873651 0.03825
v 0.00476308354452 0.0662913277539 0.03825
v 0.00475145459508 0.0660972252651 0.03825
v 0.00475145459508 0.0659027747349 0.03825
v 0.00476308354452 0.0657086722461 0.03825
v 0.00478629981477 0.0655156126349 0.03825
v 0.00482102029762 0.0653242870048 0.03825
v 0.00486712070274 0.0651353802519 0.03825
v 0.00492443600265 0.0649495686133 0.03825
v 0.00499276102346 0.0647675172464 0.03825
v 0.00507185117932 0.0645898778479 0.03825
v 0.00516142334799 0.0644172863207 0.03825
v 0.00526115688437 0.0642503604977 0.03825
v 0.00537069476828 0.06408969793 0.03825
v 0.00548964488252 0.063935873748 0.03825
v 0.00561758141655 0.0637894386022 0.03825
v 0.00575404639079 0.0636509166926 0.03825
v 0.00589855129605 0.0635208038914 0.03825
v 0.00605057884226 0.063399565969 0.03825
v 0.00620958481028 0.0632876369254 0.03825
v 0.006375 0.0631854174377 0.03825
v 0.00654623226797 0.0630932734251 0.03825
v 0.00672266864712 0.0630115347392 0.03825
v 0.00690367754101 0.0629404939834 0.03825
v 0.00708861098476 0.062880405465 0.03825
v 0.00727680696464 0.0628314842854 0.03825
v 0.0074675917879 0.0627939055697 0.03825
v 0.00766028249438 0.0627678038401 0.03825
v 0.00785418930136 0.0627532725337 0.03825
v 0.0080486180728 0.0627503636691 0.03825
v 0.00824287280416 0.0627590876592 0.03825
v 0.00843625811391 0.0627794132743 0.03825
v 0.00862808173284 0.062811267754 0.03825
v 0.00881765698217 0.0628545370675 0.03825
v 0.00900430523172 0.062909066322 0.03825
v 0.00918735832919 0.0629746603169 0.03825
v 0.00936616099201 0.0630510842427 0.03825
v 0.00954007315304 0.0631380645215 0.03825
v 0.00970847225188 0.0632352897865 0.03825
v 0.00987075546348 0.0633424119966 0.03825
v 0.010026341856 0.063459047682 0.03825
v 0.0101746744707 0.0635847793172 0.03825
v 0.0103152223151 0.0637191568156 0.03825
v 0.0104474822645 0.0638616991407 0.03825
v 0.0105709808626 0.0640118960279 0.03825
v 0.0106852760165 0.0641692098113 0.03825
v 0.0107899585792 0.0643330773484 0.03825
v 0.0108846538143 0.064502912036 0.03825
v 0.0109690227373 0.06467810591 0.03825
v 0.0110427633296 0.0648580318217 0.03825
v 0.0111056116188 0.0650420456832 0.03825
v 0.0111573426245 0.0652294887724 0.03825
v 0.0111977711629 0.0654196900919 0.03825
v 0.0112267525106 0.0656119687702 0.03825
v 0.0112441829217 0.0658056364997 0.03825
v 0.01125 0.066 0.03825
v 0.01125 0.066 0.03725
v 0.0112441829217 0.0661943635003 0.03725
v 0.0112267525106 0.0663880312298 0.03725
v 0.0111977711629 0.0665803099081 0.03725
v 0.0111573426245 0.0667705112276 0.03725
v 0.0111056116188 0.0669579543168 0.03725
v 0.0110427633296 0.0671419681783 0.03725
v 0.0109690227373 0.06732189409 0.03725
v 0.0108846538143 0.067497087964 0.03725
v 0.0107899585792 0.0676669226516 0.03725
v 0.0106852760165 0.0678307901887 0.03725
v 0.0105709808626 0.0679881039721 0.03725
v 0.0104474822645 0.0681383008593 0.03725
v 0.0103152223151 0.0682808431844 0.03725
v 0.0101746744707 0.0684152206828 0.03725
v 0.010026341856 0.068540952318 0.03725
v 0.00987075546348 0.0686575880034 0.03725
v 0.00970847225188 0.0687647102135 0.03725
v 0.00954007315304 0.0688619354785 0.03725
v 0.00936616099201 0.0689489157573 0.03725
v 0.00918735832919 0.0690253396831 0.03725
v 0.00900430523172 0.069090933678 0.03725
v 0.00881765698217 0.0691454629325 0.03725
v 0.00862808173284 0.069188732246 0.03725
v 0.00843625811391 0.0692205867257 0.03725
v 0.00824287280416 0.0692409123408 0.03725
v 0.0080486180728 0.0692496363309 0.03725
v 0.00785418930136 0.0692467274663 0.03725
v 0.00766028249438 0.0692321961599 0.03725
v 0.0074675917879 0.0692060944303 0.03725
v 0.00727680696464 0.0691685157146 0.03725
v 0.00708861098476 0.069119594535 0.03725
v 0.00690367754101 0.0690595060166 0.03725
v 0.00672266864712 0.0689884652608 0.03725
v 0.00654623226797 0.0689067265749 0.03725
v 0.006375 0.0688145825623 0.03725
v 0.00620958481028 0.0687123630746 0.03725
v 0.00605057884226 0.068600434031 0.03725
v 0.00589855129605 0.0684791961086 0.03725
v 0.00575404639079 0.0683490833074 0.03725
v 0.00561758141655 0.0682105613978 0.03725
v 0.00548964488252 0.068064126252 0.03725
v 0.00537069476828 0.06791030207 0.03725
v 0.00526115688437 0.0677496395023 0.03725
v 0.00516142334799 0.0675827136793 0.03725
v 0.00507185117932 0.0674101221521 0.03725
v 0.00499276102346 0.0672324827536 0.03725
v 0.00492443600265 0.0670504313867 0.03725
v 0.00486712070274 0.0668646197481 0.03725
v 0.00482102029762 0.0666757129952 0.03725
v 0.00478629981477 0.0664843873651 0.03725
v 0.00476308354452 0.0662913277539 0.03725
v 0.00475145459508 0.0660972252651 0.03725
v 0.00475145459508 0.0659027747349 0.03725
v 0.00476308354452 0.0657086722461 0.03725
v 0.00478629981477 0.0655156126349 0.03725
v 0.00482102029762 0.0653242870048 0.03725
v 0.00486712070274 0.0651353802519 0.03725
v 0.00492443600265 0.0649495686133 0.03725
v 0.00499276102346 0.0647675172464 0.03725
v 0.00507185117932 0.0645898778479 0.03725
v 0.00516142334799 0.0644172863207 0.03725
v 0.00526115688437 0.0642503604977 0.03725
v 0.00537069476828 0.06408969793 0.03725
v 0.00548964488252 0.063935873748 0.03725
v 0.00561758141655 0.0637894386022 0.03725
v 0.00575404639079 0.0636509166926 0.03725
v 0.00589855129605 0.0635208038914 0.03725
v 0.00605057884226 0.063399565969 0.03725
v 0.00620958481028 0.0632876369254 0.03725
v 0.006375 0.0631854174377 0.03725
v 0.00654623226797 0.0630932734251 0.03725
v 0.00672266864712 0.0630115347392 0.03725
v 0.00690367754101 0.0629404939834 0.03725
v 0.00708861098476 0.062880405465 0.03725
v 0.00727680696464 0.0628314842854 0.03725
v 0.0074675917879 0.0627939055697 0.03725
v 0.00766028249438 0.0627678038401 0.03725
v 0.00785418930136 0.0627532725337 0.03725
v 0.0080486180728 0.0627503636691 0.03725
v 0.00824287280416 0.0627590876592 0.03725
v 0.00843625811391 0.0627794132743 0.03725
v 0.00862808173284 0.062811267754 0.03725
v 0.00881765698217 0.0628545370675 0.03725
v 0.00900430523172 0.062909066322 0.03725
v 0.00918735832919 0.0629746603169 0.03725
v 0.00936616099201 0.0630510842427 0.03725
v 0.00954007315304 0.0631380645215 0.03725
v 0.00970847225188 0.0632352897865 0.03725
v 0.00987075546348 0.0633424119966 0.03725
v 0.010026341856 0.063459047682 0.03725
v 0.0101746744707 0.0635847793172 0.03725
v 0.0103152223151 0.0637191568156 0.03725
v 0.0104474822645 0.0638616991407 0.03725
v 0.0105709808626 0.0640118960279 0.03725
v 0.0106852760165 0.0641692098113 0.03725
v 0.0107899585792 0.0643330773484 0.03725
v 0.0108846538143 0.064502912036 0.03725
v 0.0109690227373 0.06467810591 0.03725
v 0.0110427633296 0.0648580318217 0.03725
v 0.0111056116188 0.0650420456832 0.03725
v 0.0111573426245 0.0652294887724 0.03725
v 0.0111977711629 0.0654196900919 0.03725
v 0.0112267525106 0.0656119687702 0.03725
v 0.0112441829217 0.0658056364997 0.03725
v 0.01125 0.066 0.03725
v -0.0305 0.0708717797887 0.03775
v -0.0305 0.072 0.03775
v -0.0287 0.072 0.03775
v -0.0288178022526 0.071996527643 0.03775
v -0.0289351954538 0.0719861226293 0.03775
v -0.0290517719724 0.0719688210887 0.03775
v -0.0291671270131 0.0719446830985 0.03775
v -0.029280860022 0.0719137924743 0.03775
v -0.0293925760776 0.0718762564795 0.03775
v -0.0295018872618 0.0718322054523 0.03775
v -0.0296084140072 0.0717817923536 0.03775
v -0.0297117864148 0.0717251922359 0.03775
v -0.0298116455388 0.0716626016348 0.03775
v -0.0299076446326 0.0715942378873 0.03775
v -0.0299994503532 0.0715203383767 0.03775
v -0.0300867439182 0.0714411597085 0.03775
v -0.0301692222133 0.0713569768193 0.03775
v -0.0302465988443 0.0712680820221 0.03775
v -0.030318605132 0.0711747839915 0.03775
v -0.0303849910448 0.0710774066915 0.03775
v -0.0304455260672 0.0709762882508 0.03775
v -0.00655 0.054 0.03725
v -0.00655259531184 0.0540867160232 0.03725
v -0.0065603719568 0.0541731216256 0.03725
v -0.00657330209653 0.0542589074975 0.03725
v -0.00659133944448 0.0543437665477 0.03725
v -0.00661441943161 0.0544273950029 0.03725
v -0.00664245943757 0.0545094934949 0.03725
v -0.00667535908642 0.0545897681325 0.03725
v -0.00671300060594 0.0546679315532 0.03725
v -0.00675524924928 0.0547437039522 0.03725
v -0.00680195377724 0.0548168140842 0.03725
v -0.00685294699975 0.0548870002337 0.03725
v -0.00690804637429 0.0549540111526 0.03725
v -0.00696705465942 0.0550176069592 0.03725
v -0.00702976062078 0.0550775599969 0.03725
v -0.0070959397873 0.0551336556496 0.03725
v -0.00716535525476 0.0551856931092 0.03725
v -0.00723775853377 0.0552334860952 0.03725
v -0.00731289043941 0.0552768635212 0.03725
v -0.00739048201895 0.0553156701071 0.03725
v -0.00747025551467 0.0553497669355 0.03725
v -0.00755192535816 0.0553790319486 0.03725
v -0.00763519919257 0.0554033603853 0.03725
v -0.0077197789192 0.0554226651559 0.03725
v -0.00780536176456 0.0554368771546 0.03725
v -0.0078916413643 0.0554459455059 0.03725
v -0.00797830885983 0.0554498377476 0.03725
v -0.00806505400401 0.0554485399465 0.03725
v -0.00815156627174 0.0554420567483 0.03725
v -0.00823753597155 0.0554304113612 0.03725
v -0.00832265535424 0.0554136454727 0.03725
v -0.00840661971449 0.0553918191002 0.03725
v -0.00848912848171 0.0553650103767 0.03725
v -0.0085698862959 0.0553333152702 0.03725
v -0.00864860406506 0.0552968472411 0.03725
v -0.008725 0.0552557368355 0.03725
v -0.00879880062311 0.0552101312179 0.03725
v -0.0088697417473 0.0551601936446 0.03725
v -0.00893756942176 0.0551061028792 0.03725
v -0.00900204084103 0.0550480525525 0.03725
v -0.00906292521415 0.0549862504698 0.03725
v -0.00912000459088 0.0549209178663 0.03725
v -0.00917307464184 0.0548522886158 0.03725
v -0.00922194539005 0.0547806083933 0.03725
v -0.00926644189089 0.0547061337954 0.03725
v -0.00930640485846 0.0546291314217 0.03725
v -0.00934169123569 0.0545498769208 0.03725
v -0.00937217470651 0.0544686540033 0.03725
v -0.00939774614801 0.0543857534261 0.03725
v -0.00941831402106 0.0543014719517 0.03725
v -0.00943380469803 0.054216111286 0.03725
v -0.00944416272629 0.0541299769979 0.03725
v -0.00944935102681 0.0540433774259 0.03725
v -0.00944935102681 0.0539566225741 0.03725
v -0.00944416272629 0.0538700230021 0.03725
v -0.00943380469803 0.053783888714 0.03725
v -0.00941831402106 0.0536985280483 0.03725
v -0.00939774614801 0.0536142465739 0.03725
v -0.00937217470651 0.0535313459967 0.03725
v -0.00934169123569 0.0534501230792 0.03725
v -0.00930640485846 0.0533708685783 0.03725
v -0.00926644189089 0.0532938662046 0.03725
v -0.00922194539005 0.0532193916067 0.03725
v -0.00917307464184 0.0531477113842 0.03725
v -0.00912000459088 0.0530790821337 0.03725
v -0.00906292521415 0.0530137495302 0.03725
v -0.00900204084103 0.0529519474475 0.03725
v -0.00893756942176 0.0528938971208 0.03725
v -0.0088697417473 0.0528398063554 0.03725
v -0.00879880062311 0.0527898687821 0.03725
v -0.008725 0.0527442631645 0.03725
v -0.00864860406506 0.0527031527589 0.03725
v -0.0085698862959 0.0526666847298 0.03725
v -0.00848912848171 0.0526349896233 0.03725
v -0.00840661971449 0.0526081808998 0.03725
v -0.00832265535424 0.0525863545273 0.03725
v -0.00823753597155 0.0525695886388 0.03725
v -0.00815156627174 0.0525579432517 0.03725
v -0.00806505400401 0.0525514600535 0.03725
v -0.00797830885983 0.0525501622524 0.03725
v -0.0078916413643 0.0525540544941 0.03725
v -0.00780536176456 0.0525631228454 0.03725
v -0.0077197789192 0.0525773348441 0.03725
v -0.00763519919257 0.0525966396147 0.03725
v -0.00755192535816 0.0526209680514 0.03725
v -0.00747025551467 0.0526502330645 0.03725
v -0.00739048201895 0.0526843298929 0.03725
v -0.00731289043941 0.0527231364788 0.03725
v -0.00723775853377 0.0527665139048 0.03725
v -0.00716535525476 0.0528143068908 0.03725
v -0.0070959397873 0.0528663443504 0.03725
v -0.00702976062078 0.0529224400031 0.03725
v -0.00696705465942 0.0529823930408 0.03725
v -0.00690804637429 0.0530459888474 0.03725
v -0.00685294699975 0.0531129997663 0.03725
v -0.00680195377724 0.0531831859158 0.03725
v -0.00675524924928 0.0532562960478 0.03725
v -0.00671300060594 0.0533320684468 0.03725
v -0.00667535908642 0.0534102318675 0.03725
v -0.00664245943757 0.0534905065051 0.03725
v -0.00661441943161 0.0535726049971 0.03725
v -0.00659133944448 0.0536562334523 0.03725
v -0.00657330209653 0.0537410925025 0.03725
v -0.0065603719568 0.0538268783744 0.03725
v -0.00655259531184 0.0539132839768 0.03725
v -0.00655 0.054 0.03725
v -0.00655 0.054 0.03525
v -0.00655259531184 0.0540867160232 0.03525
v -0.0065603719568 0.0541731216256 0.03525
v -0.00657330209653 0.0542589074975 0.03525
v -0.00659133944448 0.0543437665477 0.03525
v -0.00661441943161 0.0544273950029 0.03525
v -0.00664245943757 0.0545094934949 0.03525
v -0.00667535908642 0.0545897681325 0.03525
v -0.00671300060594 0.0546679315532 0.03525
v -0.00675524924928 0.0547437039522 0.03525
v -0.00680195377724 0.0548168140842 0.03525
v -0.00685294699975 0.0548870002337 0.03525
v -0.00690804637429 0.0549540111526 0.03525
v -0.00696705465942 0.0550176069592 0.03525
v -0.00702976062078 0.0550775599969 0.03525
v -0.0070959397873 0.0551336556496 0.03525
v -0.00716535525476 0.0551856931092 0.03525
v -0.00723775853377 0.0552334860952 0.03525
v -0.00731289043941 0.0552768635212 0.03525
v -0.00739048201895 0.0553156701071 0.03525
v -0.00747025551467 0.0553497669355 0.03525
v -0.00755192535816 0.0553790319486 0.03525
v -0.00763519919257 0.0554033603853 0.03525
v -0.0077197789192 0.0554226651559 0.03525
v -0.00780536176456 0.0554368771546 0.03525
v -0.0078916413643 0.0554459455059 0.03525
v -0.00797830885983 0.0554498377476 0.03525
v -0.00806505400401 0.0554485399465 0.03525
v -0.00815156627174 0.0554420567483 0.03525
v -0.00823753597155 0.0554304113612 0.03525
v -0.00832265535424 0.0554136454727 0.03525
v -0.00840661971449 0.0553918191002 0.03525
v -0.00848912848171 0.0553650103767 0.03525
v -0.0085698862959 0.0553333152702 0.03525
v -0.00864860406506 0.0552968472411 0.03525
v -0.008725 0.0552557368355 0.03525
v -0.00879880062311 0.0552101312179 0.03525
v -0.0088697417473 0.0551601936446 0.03525
v -0.00893756942176 0.0551061028792 0.03525
v -0.00900204084103 0.0550480525525 0.03525
v -0.00906292521415 0.0549862504698 0.03525
v -0.00912000459088 0.0549209178663 0.03525
v -0.00917307464184 0.0548522886158 0.03525
v -0.00922194539005 0.0547806083933 0.03525
v -0.00926644189089 0.0547061337954 0.03525
v -0.00930640485846 0.0546291314217 0.03525
v -0.00934169123569 0.0545498769208 0.03525
v -0.00937217470651 0.0544686540033 0.03525
v -0.00939774614801 0.0543857534261 0.03525
v -0.00941831402106 0.0543014719517 0.03525
v -0.00943380469803 0.054216111286 0.03525
v -0.00944416272629 0.0541299769979 0.03525
v -0.00944935102681 0.0540433774259 0.03525
v -0.00944935102681 0.0539566225741 0.03525
v -0.00944416272629 0.0538700230021 0.03525
v -0.00943380469803 0.053783888714 0.03525
v -0.00941831402106 0.0536985280483 0.03525
v -0.00939774614801 0.0536142465739 0.03525
v -0.00937217470651 0.0535313459967 0.03525
v -0.00934169123569 0.0534501230792 0.03525
v -0.00930640485846 0.0533708685783 0.03525
v -0.00926644189089 0.0532938662046 0.03525
v -0.00922194539005 0.0532193916067 0.03525
v -0.00917307464184 0.0531477113842 0.03525
v -0.00912000459088 0.0530790821337 0.03525
v -0.00906292521415 0.0530137495302 0.03525
v -0.00900204084103 0.0529519474475 0.03525
v -0.00893756942176 0.0528938971208 0.03525
v -0.0088697417473 0.0528398063554 0.03525
v -0.00879880062311 0.0527898687821 0.03525
v -0.008725 0.0527442631645 0.03525
v -0.00864860406506 0.0527031527589 0.03525
v -0.0085698862959 0.0526666847298 0.03525
v -0.00848912848171 0.0526349896233 0.03525
v -0.00840661971449 0.0526081808998 0.03525
v -0.00832265535424 0.0525863545273 0.03525
v -0.00823753597155 0.0525695886388 0.03525
v -0.00815156627174 0.0525579432517 0.03525
v -0.00806505400401 0.0525514600535 0.03525
v -0.00797830885983 0.0525501622524 0.03525
v -0.0078916413643 0.0525540544941 0.03525
v -0.00780536176456 0.0525631228454 0.03525
v -0.0077197789192 0.0525773348441 0.03525
v -0.00763519919257 0.0525966396147 0.03525
v -0.00755192535816 0.0526209680514 0.03525
v -0.00747025551467 0.0526502330645 0.03525
v -0.00739048201895 0.0526843298929 0.03525
v -0.00731289043941 0.0527231364788 0.03525
v -0.00723775853377 0.0527665139048 0.03525
v -0.00716535525476 0.0528143068908 0.03525
v -0.0070959397873 0.0528663443504 0.03525
v -0.00702976062078 0.0529224400031 0.03525
v -0.00696705465942 0.0529823930408 0.03525
v -0.00690804637429 0.0530459888474 0.03525
v -0.00685294699975 0.0531129997663 0.03525
v -0.00680195377724 0.0531831859158 0.03525
v -0.00675524924928 0.0532562960478 0.03525
v -0.00671300060594 0.0533320684468 0.03525
v -0.00667535908642 0.0534102318675 0.03525
v -0.00664245943757 0.0534905065051 0.03525
v -0.00661441943161 0.0535726049971 0.03525
v -0.00659133944448 0.0536562334523 0.03525
v -0.00657330209653 0.0537410925025 0.03525
v -0.0065603719568 0.0538268783744 0.03525
v -0.00655259531184 0.0539132839768 0.03525
v -0.00655 0.054 0.03525
v 0.00945 0.054 0.03725
v 0.00944740468816 0.0540867160232 0.03725
v 0.0094396280432 0.0541731216256 0.03725
v 0.00942669790347 0.0542589074975 0.03725
v 0.00940866055552 0.0543437665477 0.03725
v 0.00938558056839 0.0544273950029 0.03725
v 0.00935754056243 0.0545094934949 0.03725
v 0.00932464091358 0.0545897681325 0.03725
v 0.00928699939406 0.0546679315532 0.03725
v 0.00924475075072 0.0547437039522 0.03725
v 0.00919804622276 0.0548168140842 0.03725
v 0.00914705300025 0.0548870002337 0.03725
v 0.00909195362571 0.0549540111526 0.03725
v 0.00903294534058 0.0550176069592 0.03725
v 0.00897023937922 0.0550775599969 0.03725
v 0.0089040602127 0.0551336556496 0.03725
v 0.00883464474524 0.0551856931092 0.03725
v 0.00876224146623 0.0552334860952 0.03725
v 0.00868710956059 0.0552768635212 0.03725
v 0.00860951798105 0.0553156701071 0.03725
v 0.00852974448533 0.0553497669355 0.03725
v 0.00844807464184 0.0553790319486 0.03725
v 0.00836480080743 0.0554033603853 0.03725
v 0.0082802210808 0.0554226651559 0.03725
v 0.00819463823544 0.0554368771546 0.03725
v 0.0081083586357 0.0554459455059 0.03725
v 0.00802169114017 0.0554498377476 0.03725
v 0.00793494599599 0.0554485399465 0.03725
v 0.00784843372826 0.0554420567483 0.03725
v 0.00776246402845 0.0554304113612 0.03725
v 0.00767734464576 0.0554136454727 0.03725
v 0.00759338028551 0.0553918191002 0.03725
v 0.00751087151829 0.0553650103767 0.03725
v 0.0074301137041 0.0553333152702 0.03725
v 0.00735139593494 0.0552968472411 0.03725
v 0.007275 0.0552557368355 0.03725
v 0.00720119937689 0.0552101312179 0.03725
v 0.0071302582527 0.0551601936446 0.03725
v 0.00706243057824 0.0551061028792 0.03725
v 0.00699795915897 0.0550480525525 0.03725
v 0.00693707478585 0.0549862504698 0.03725
v 0.00687999540912 0.0549209178663 0.03725
v 0.00682692535816 0.0548522886158 0.03725
v 0.00677805460995 0.0547806083933 0.03725
v 0.00673355810911 0.0547061337954 0.03725
v 0.00669359514154 0.0546291314217 0.03725
v 0.00665830876431 0.0545498769208 0.03725
v 0.00662782529349 0.0544686540033 0.03725
v 0.00660225385199 0.0543857534261 0.03725
v 0.00658168597894 0.0543014719517 0.03725
v 0.00656619530197 0.054216111286 0.03725
v 0.00655583727371 0.0541299769979 0.03725
v 0.00655064897319 0.0540433774259 0.03725
v 0.00655064897319 0.0539566225741 0.03725
v 0.00655583727371 0.0538700230021 0.03725
v 0.00656619530197 0.053783888714 0.03725
v 0.00658168597894 0.0536985280483 0.03725
v 0.00660225385199 0.0536142465739 0.03725
v 0.00662782529349 0.0535313459967 0.03725
v 0.00665830876431 0.0534501230792 0.03725
v 0.00669359514154 0.0533708685783 0.03725
v 0.00673355810911 0.0532938662046 0.03725
v 0.00677805460995 0.0532193916067 0.03725
v 0.00682692535816 0.0531477113842 0.03725
v 0.00687999540912 0.0530790821337 0.03725
v 0.00693707478585 0.0530137495302 0.03725
v 0.00699795915897 0.0529519474475 0.03725
v 0.00706243057824 0.0528938971208 0.03725
v 0.0071302582527 0.0528398063554 0.03725
v 0.00720119937689 0.0527898687821 0.03725
v 0.007275 0.0527442631645 0.03725
v 0.00735139593494 0.0527031527589 0.03725
v 0.0074301137041 0.0526666847298 0.03725
v 0.00751087151829 0.0526349896233 0.03725
v 0.00759338028551 0.0526081808998 0.03725
v 0.00767734464576 0.0525863545273 0.03725
v 0.00776246402845 0.0525695886388 0.03725
v 0.00784843372826 0.0525579432517 0.03725
v 0.00793494599599 0.0525514600535 0.03725
v 0.00802169114017 0.0525501622524 0.03725
v 0.0081083586357 0.0525540544941 0.03725
v 0.00819463823544 0.0525631228454 0.03725
v 0.0082802210808 0.0525773348441 0.03725
v 0.00836480080743 0.0525966396147 0.03725
v 0.00844807464184 0.0526209680514 0.03725
v 0.00852974448533 0.0526502330645 0.03725
v 0.00860951798105 0.0526843298929 0.03725
v 0.00868710956059 0.0527231364788 0.03725
v 0.00876224146623 0.0527665139048 0.03725
v 0.00883464474524 0.0528143068908 0.03725
v 0.0089040602127 0.0528663443504 0.03725
v 0.00897023937922 0.0529224400031 0.03725
v 0.00903294534058 0.0529823930408 0.03725
v 0.00909195362571 0.0530459888474 0.03725
v 0.00914705300025 0.0531129997663 0.03725
v 0.00919804622276 0.0531831859158 0.03725
v 0.00924475075072 0.0532562960478 0.03725
v 0.00928699939406 0.0533320684468 0.03725
v 0.00932464091358 0.0534102318675 0.03725
v 0.00935754056243 0.0534905065051 0.03725
v 0.00938558056839 0.0535726049971 0.03725
v 0.00940866055552 0.0536562334523 0.03725
v 0.00942669790347 0.0537410925025 0.03725
v 0.0094396280432 0.0538268783744 0.03725
v 0.00944740468816 0.0539132839768 0.03725
v 0.00945 0.054 0.03725
v 0.00945 0.054 0.03525
v 0.00944740468816 0.0540867160232 0.03525
v 0.0094396280432 0.0541731216256 0.03525
v 0.00942669790347 0.0542589074975 0.03525
v 0.00940866055552 0.0543437665477 0.03525
v 0.00938558056839 0.0544273950029 0.03525
v 0.00935754056243 0.0545094934949 0.03525
v 0.00932464091358 0.0545897681325 0.03525
v 0.00928699939406 0.0546679315532 0.03525
v 0.00924475075072 0.0547437039522 0.03525
v 0.00919804622276 0.0548168140842 0.03525
v 0.00914705300025 0.0548870002337 0.03525
v 0.00909195362571 0.0549540111526 0.03525
v 0.00903294534058 0.0550176069592 0.03525
v 0.00897023937922 0.0550775599969 0.03525
v 0.0089040602127 0.0551336556496 0.03525
v 0.00883464474524 0.0551856931092 0.03525
v 0.00876224146623 0.0552334860952 0.03525
v 0.00868710956059 0.0552768635212 0.03525
v 0.00860951798105 0.0553156701071 0.03525
v 0.00852974448533 0.0553497669355 0.03525
v 0.00844807464184 0.0553790319486 0.03525
v 0.00836480080743 0.0554033603853 0.03525
v 0.0082802210808 0.0554226651559 0.03525
v 0.00819463823544 0.0554368771546 0.03525
v 0.0081083586357 0.0554459455059 0.03525
v 0.00802169114017 0.0554498377476 0.03525
v 0.00793494599599 0.0554485399465 0.03525
v 0.00784843372826 0.0554420567483 0.03525
v 0.00776246402845 0.0554304113612 0.03525
v 0.00767734464576 0.0554136454727 0.03525
v 0.00759338028551 0.0553918191002 0.03525
v 0.00751087151829 0.0553650103767 0.03525
v 0.0074301137041 0.0553333152702 0.03525
v 0.00735139593494 0.0552968472411 0.03525
v 0.007275 0.0552557368355 0.03525
v 0.00720119937689 0.0552101312179 0.03525
v 0.0071302582527 0.0551601936446 0.03525
v 0.00706243057824 0.0551061028792 0.03525
v 0.00699795915897 0.0550480525525 0.03525
v 0.00693707478585 0.0549862504698 0.03525
v 0.00687999540912 0.0549209178663 0.03525
v 0.00682692535816 0.0548522886158 0.03525
v 0.00677805460995 0.0547806083933 0.03525
v 0.00673355810911 0.0547061337954 0.03525
v 0.00669359514154 0.0546291314217 0.03525
v 0.00665830876431 0.0545498769208 0.03525
v 0.00662782529349 0.0544686540033 0.03525
v 0.00660225385199 0.0543857534261 0.03525
v 0.00658168597894 0.0543014719517 0.03525
v 0.00656619530197 0.054216111286 0.03525
v 0.00655583727371 0.0541299769979 0.03525
v 0.00655064897319 0.0540433774259 0.03525
v 0.00655064897319 0.0539566225741 0.03525
v 0.00655583727371 0.0538700230021 0.03525
v 0.00656619530197 0.053783888714 0.03525
v 0.00658168597894 0.0536985280483 0.03525
v 0.00660225385199 0.0536142465739 0.03525
v 0.00662782529349 0.0535313459967 0.03525
v 0.00665830876431 0.0534501230792 0.03525
v 0.00669359514154 0.0533708685783 0.03525
v 0.00673355810911 0.0532938662046 0.03525
v 0.00677805460995 0.0532193916067 0.03525
v 0.00682692535816 0.0531477113842 0.03525
v 0.00687999540912 0.0530790821337 0.03525
v 0.00693707478585 0.0530137495302 0.03525
v 0.00699795915897 0.0529519474475 0.03525
v 0.00706243057824 0.0528938971208 0.03525
v 0.0071302582527 0.0528398063554 0.03525
v 0.00720119937689 0.0527898687821 0.03525
v 0.007275 0.0527442631645 0.03525
v 0.00735139593494 0.0527031527589 0.03525
v 0.0074301137041 0.0526666847298 0.03525
v 0.00751087151829 0.0526349896233 0.03525
v 0.00759338028551 0.0526081808998 0.03525
v 0.00767734464576 0.0525863545273 0.03525
v 0.00776246402845 0.0525695886388 0.03525
v 0.00784843372826 0.0525579432517 0.03525
v 0.00793494599599 0.0525514600535 0.03525
v 0.00802169114017 0.0525501622524 0.03525
v 0.0081083586357 0.0525540544941 0.03525
v 0.00819463823544 0.0525631228454 0.03525
v 0.0082802210808 0.0525773348441 0.03525
v 0.00836480080743 0.0525966396147 0.03525
v 0.00844807464184 0.0526209680514 0.03525
v 0.00852974448533 0.0526502330645 0.03525
v 0.00860951798105 0.0526843298929 0.03525
v 0.00868710956059 0.0527231364788 0.03525
v 0.00876224146623 0.0527665139048 0.03525
v 0.00883464474524 0.0528143068908 0.03525
v 0.0089040602127 0.0528663443504 0.03525
v 0.00897023937922 0.0529224400031 0.03525
v 0.00903294534058 0.0529823930408 0.03525
v 0.00909195362571 0.0530459888474 0.03525
v 0.00914705300025 0.0531129997663 0.03525
v 0.00919804622276 0.0531831859158 0.03525
v 0.00924475075072 0.0532562960478 0.03525
v 0.00928699939406 0.0533320684468 0.03525
v 0.00932464091358 0.0534102318675 0.03525
v 0.00935754056243 0.0534905065051 0.03525
v 0.00938558056839 0.0535726049971 0.03525
v 0.00940866055552 0.0536562334523 0.03525
v 0.00942669790347 0.0537410925025 0.03525
v 0.0094396280432 0.0538268783744 0.03525
v 0.00944740468816 0.0539132839768 0.03525
v 0.00945 0.054 0.03525
v -0.00655 0.066 0.03725
v -0.00655259531184 0.0660867160232 0.03725
v -0.0065603719568 0.0661731216256 0.03725
v -0.00657330209653 0.0662589074975 0.03725
v -0.00659133944448 0.0663437665477 0.03725
v -0.00661441943161 0.0664273950029 0.03725
v -0.00664245943757 0.0665094934949 0.03725
v -0.00667535908642 0.0665897681325 0.03725
v -0.00671300060594 0.0666679315532 0.03725
v -0.00675524924928 0.0667437039522 0.03725
v -0.00680195377724 0.0668168140842 0.03725
v -0.00685294699975 0.0668870002337 0.03725
v -0.00690804637429 0.0669540111526 0.03725
v -0.00696705465942 0.0670176069592 0.03725
v -0.00702976062078 0.0670775599969 0.03725
v -0.0070959397873 0.0671336556496 0.03725
v -0.00716535525476 0.0671856931092 0.03725
v -0.00723775853377 0.0672334860952 0.03725
v -0.00731289043941 0.0672768635212 0.03725
v -0.00739048201895 0.0673156701071 0.03725
v -0.00747025551467 0.0673497669355 0.03725
v -0.00755192535816 0.0673790319486 0.03725
v -0.00763519919257 0.0674033603853 0.03725
v -0.0077197789192 0.0674226651559 0.03725
v -0.00780536176456 0.0674368771546 0.03725
v -0.0078916413643 0.0674459455059 0.03725
v -0.00797830885983 0.0674498377476 0.03725
v -0.00806505400401 0.0674485399465 0.03725
v -0.00815156627174 0.0674420567483 0.03725
v -0.00823753597155 0.0674304113612 0.03725
v -0.00832265535424 0.0674136454727 0.03725
v -0.00840661971449 0.0673918191002 0.03725
v -0.00848912848171 0.0673650103767 0.03725
v -0.0085698862959 0.0673333152702 0.03725
v -0.00864860406506 0.0672968472411 0.03725
v -0.008725 0.0672557368355 0.03725
v -0.00879880062311 0.0672101312179 0.03725
v -0.0088697417473 0.0671601936446 0.03725
v -0.00893756942176 0.0671061028792 0.03725
v -0.00900204084103 0.0670480525525 0.03725
v -0.00906292521415 0.0669862504698 0.03725
v -0.00912000459088 0.0669209178663 0.03725
v -0.00917307464184 0.0668522886158 0.03725
v -0.00922194539005 0.0667806083933 0.03725
v -0.00926644189089 0.0667061337954 0.03725
v -0.00930640485846 0.0666291314217 0.03725
v -0.00934169123569 0.0665498769208 0.03725
v -0.00937217470651 0.0664686540033 0.03725
v -0.00939774614801 0.0663857534261 0.03725
v -0.00941831402106 0.0663014719517 0.03725
v -0.00943380469803 0.066216111286 0.03725
v -0.00944416272629 0.0661299769979 0.03725
v -0.00944935102681 0.0660433774259 0.03725
v -0.00944935102681 0.0659566225741 0.03725
v -0.00944416272629 0.0658700230021 0.03725
v -0.00943380469803 0.065783888714 0.03725
v -0.00941831402106 0.0656985280483 0.03725
v -0.00939774614801 0.0656142465739 0.03725
v -0.00937217470651 0.0655313459967 0.03725
v -0.00934169123569 0.0654501230792 0.03725
v -0.00930640485846 0.0653708685783 0.03725
v -0.00926644189089 0.0652938662046 0.03725
v -0.00922194539005 0.0652193916067 0.03725
v -0.00917307464184 0.0651477113842 0.03725
v -0.00912000459088 0.0650790821337 0.03725
v -0.00906292521415 0.0650137495302 0.03725
v -0.00900204084103 0.0649519474475 0.03725
v -0.00893756942176 0.0648938971208 0.03725
v -0.0088697417473 0.0648398063554 0.03725
v -0.00879880062311 0.0647898687821 0.03725
v -0.008725 0.0647442631645 0.03725
v -0.00864860406506 0.0647031527589 0.03725
v -0.0085698862959 0.0646666847298 0.03725
v -0.00848912848171 0.0646349896233 0.03725
v -0.00840661971449 0.0646081808998 0.03725
v -0.00832265535424 0.0645863545273 0.03725
v -0.00823753597155 0.0645695886388 0.03725
v -0.00815156627174 0.0645579432517 0.03725
v -0.00806505400401 0.0645514600535 0.03725
v -0.00797830885983 0.0645501622524 0.03725
v -0.0078916413643 0.0645540544941 0.03725
v -0.00780536176456 0.0645631228454 0.03725
v -0.0077197789192 0.0645773348441 0.03725
v -0.00763519919257 0.0645966396147 0.03725
v -0.00755192535816 0.0646209680514 0.03725
v -0.00747025551467 0.0646502330645 0.03725
v -0.00739048201895 0.0646843298929 0.03725
v -0.00731289043941 0.0647231364788 0.03725
v -0.00723775853377 0.0647665139048 0.03725
v -0.00716535525476 0.0648143068908 0.03725
v -0.0070959397873 0.0648663443504 0.03725
v -0.00702976062078 0.0649224400031 0.03725
v -0.00696705465942 0.0649823930408 0.03725
v -0.00690804637429 0.0650459888474 0.03725
v -0.00685294699975 0.0651129997663 0.03725
v -0.00680195377724 0.0651831859158 0.03725
v -0.00675524924928 0.0652562960478 0.03725
v -0.00671300060594 0.0653320684468 0.03725
v -0.00667535908642 0.0654102318675 0.03725
v -0.00664245943757 0.0654905065051 0.03725
v -0.00661441943161 0.0655726049971 0.03725
v -0.00659133944448 0.0656562334523 0.03725
v -0.00657330209653 0.0657410925025 0.03725
v -0.0065603719568 0.0658268783744 0.03725
v -0.00655259531184 0.0659132839768 0.03725
v -0.00655 0.066 0.03725
v -0.00655 0.066 0.03525
v -0.00655259531184 0.0660867160232 0.03525
v -0.0065603719568 0.0661731216256 0.03525
v -0.00657330209653 0.0662589074975 0.03525
v -0.00659133944448 0.0663437665477 0.03525
v -0.00661441943161 0.0664273950029 0.03525
v -0.00664245943757 0.0665094934949 0.03525
v -0.00667535908642 0.0665897681325 0.03525
v -0.00671300060594 0.0666679315532 0.03525
v -0.00675524924928 0.0667437039522 0.03525
v -0.00680195377724 0.0668168140842 0.03525
v -0.00685294699975 0.0668870002337 0.03525
v -0.00690804637429 0.0669540111526 0.03525
v -0.00696705465942 0.0670176069592 0.03525
v -0.00702976062078 0.0670775599969 0.03525
v -0.0070959397873 0.0671336556496 0.03525
v -0.00716535525476 0.0671856931092 0.03525
v -0.00723775853377 0.0672334860952 0.03525
v -0.00731289043941 0.0672768635212 0.03525
v -0.00739048201895 0.0673156701071 0.03525
v -0.00747025551467 0.0673497669355 0.03525
v -0.00755192535816 0.0673790319486 0.03525
v -0.00763519919257 0.0674033603853 0.03525
v -0.0077197789192 0.0674226651559 0.03525
v -0.00780536176456 0.0674368771546 0.03525
v -0.0078916413643 0.0674459455059 0.03525
v -0.00797830885983 0.0674498377476 0.03525
v -0.00806505400401 0.0674485399465 0.03525
v -0.00815156627174 0.0674420567483 0.03525
v -0.00823753597155 0.0674304113612 0.03525
v -0.00832265535424 0.0674136454727 0.03525
v -0.00840661971449 0.0673918191002 0.03525
v -0.00848912848171 0.0673650103767 0.03525
v -0.0085698862959 0.0673333152702 0.03525
v -0.00864860406506 0.0672968472411 0.03525
v -0.008725 0.0672557368355 0.03525
v -0.00879880062311 0.0672101312179 0.03525
v -0.0088697417473 0.0671601936446 0.03525
v -0.00893756942176 0.0671061028792 0.03525
v -0.00900204084103 0.0670480525525 0.03525
v -0.00906292521415 0.0669862504698 0.03525
v -0.00912000459088 0.0669209178663 0.03525
v -0.00917307464184 0.0668522886158 0.03525
v -0.00922194539005 0.0667806083933 0.03525
v -0.00926644189089 0.0667061337954 0.03525
v -0.00930640485846 0.0666291314217 0.03525
v -0.00934169123569 0.0665498769208 0.03525
v -0.00937217470651 0.0664686540033 0.03525
v -0.00939774614801 0.0663857534261 0.03525
v -0.00941831402106 0.0663014719517 0.03525
v -0.00943380469803 0.066216111286 0.03525
v -0.00944416272629 0.0661299769979 0.03525
v -0.00944935102681 0.0660433774259 0.03525
v -0.00944935102681 0.0659566225741 0.03525
v -0.00944416272629 0.0658700230021 0.03525
v -0.00943380469803 0.065783888714 0.03525
v -0.00941831402106 0.0656985280483 0.03525
v -0.00939774614801 0.0656142465739 0.03525
v -0.00937217470651 0.0655313459967 0.03525
v -0.00934169123569 0.0654501230792 0.03525
v -0.00930640485846 0.0653708685783 0.03525
v -0.00926644189089 0.0652938662046 0.03525
v -0.00922194539005 0.0652193916067 0.03525
v -0.00917307464184 0.0651477113842 0.03525
v -0.00912000459088 0.0650790821337 0.03525
v -0.00906292521415 0.0650137495302 0.03525
v -0.00900204084103 0.0649519474475 0.03525
v -0.00893756942176 0.0648938971208 0.03525
v -0.0088697417473 0.0648398063554 0.03525
v -0.00879880062311 0.0647898687821 0.03525
v -0.008725 0.0647442631645 0.03525
v -0.00864860406506 0.0647031527589 0.03525
v -0.0085698862959 0.0646666847298 0.03525
v -0.00848912848171 0.0646349896233 0.03525
v -0.00840661971449 0.0646081808998 0.03525
v -0.00832265535424 0.0645863545273 0.03525
v -0.00823753597155 0.0645695886388 0.03525
v -0.00815156627174 0.0645579432517 0.03525
v -0.00806505400401 0.0645514600535 0.03525
v -0.00797830885983 0.0645501622524 0.03525
v -0.0078916413643 0.0645540544941 0.03525
v -0.00780536176456 0.0645631228454 0.03525
v -0.0077197789192 0.0645773348441 0.03525
v -0.00763519919257 0.0645966396147 0.03525
v -0.00755192535816 0.0646209680514 0.03525
v -0.00747025551467 0.0646502330645 0.03525
v -0.00739048201895 0.0646843298929 0.03525
v -0.00731289043941 0.0647231364788 0.03525
v -0.00723775853377 0.0647665139048 0.03525
v -0.00716535525476 0.0648143068908 0.03525
v -0.0070959397873 0.0648663443504 0.03525
v -0.00702976062078 0.0649224400031 0.03525
v -0.00696705465942 0.0649823930408 0.03525
v -0.00690804637429 0.0650459888474 0.03525
v -0.00685294699975 0.0651129997663 0.03525
v -0.00680195377724 0.0651831859158 0.03525
v -0.00675524924928 0.0652562960478 0.03525
v -0.00671300060594 0.0653320684468 0.03525
v -0.00667535908642 0.0654102318675 0.03525
v -0.00664245943757 0.0654905065051 0.03525
v -0.00661441943161 0.0655726049971 0.03525
v -0.00659133944448 0.0656562334523 0.03525
v -0.00657330209653 0.0657410925025 0.03525
v -0.0065603719568 0.0658268783744 0.03525
v -0.00655259531184 0.0659132839768 0.03525
v -0.00655 0.066 0.03525
v 0.00945 0.066 0.03725
v 0.00944740468816 0.0660867160232 0.03725
v 0.0094396280432 0.0661731216256 0.03725
v 0.00942669790347 0.0662589074975 0.03725
v 0.00940866055552 0.0663437665477 0.03725
v 0.00938558056839 0.0664273950029 0.03725
v 0.00935754056243 0.0665094934949 0.03725
v 0.00932464091358 0.0665897681325 0.03725
v 0.00928699939406 0.0666679315532 0.03725
v 0.00924475075072 0.0667437039522 0.03725
v 0.00919804622276 0.0668168140842 0.03725
v 0.00914705300025 0.0668870002337 0.03725
v 0.00909195362571 0.0669540111526 0.03725
v 0.00903294534058 0.0670176069592 0.03725
v 0.00897023937922 0.0670775599969 0.03725
v 0.0089040602127 0.0671336556496 0.03725
v 0.00883464474524 0.0671856931092 0.03725
v 0.00876224146623 0.0672334860952 0.03725
v 0.00868710956059 0.0672768635212 0.03725
v 0.00860951798105 0.0673156701071 0.03725
v 0.00852974448533 0.0673497669355 0.03725
v 0.00844807464184 0.0673790319486 0.03725
v 0.00836480080743 0.0674033603853 0.03725
v 0.0082802210808 0.0674226651559 0.03725
v 0.00819463823544 0.0674368771546 0.03725
v 0.0081083586357 0.0674459455059 0.03725
v 0.00802169114017 0.0674498377476 0.03725
v 0.00793494599599 0.0674485399465 0.03725
v 0.00784843372826 0.0674420567483 0.03725
v 0.00776246402845 0.0674304113612 0.03725
v 0.00767734464576 0.0674136454727 0.03725
v 0.00759338028551 0.0673918191002 0.03725
v 0.00751087151829 0.0673650103767 0.03725
v 0.0074301137041 0.0673333152702 0.03725
v 0.00735139593494 0.0672968472411 0.03725
v 0.007275 0.0672557368355 0.03725
v 0.00720119937689 0.0672101312179 0.03725
v 0.0071302582527 0.0671601936446 0.03725
v 0.00706243057824 0.0671061028792 0.03725
v 0.00699795915897 0.0670480525525 0.03725
v 0.00693707478585 0.0669862504698 0.03725
v 0.00687999540912 0.0669209178663 0.03725
v 0.00682692535816 0.0668522886158 0.03725
v 0.00677805460995 0.0667806083933 0.03725
v 0.00673355810911 0.0667061337954 0.03725
v 0.00669359514154 0.0666291314217 0.03725
v 0.00665830876431 0.0665498769208 0.03725
v 0.00662782529349 0.0664686540033 0.03725
v 0.00660225385199 0.0663857534261 0.03725
v 0.00658168597894 0.0663014719517 0.03725
v 0.00656619530197 0.066216111286 0.03725
v 0.00655583727371 0.0661299769979 0.03725
v 0.00655064897319 0.0660433774259 0.03725
v 0.00655064897319 0.0659566225741 0.03725
v 0.00655583727371 0.0658700230021 0.03725
v 0.00656619530197 0.065783888714 0.03725
v 0.00658168597894 0.0656985280483 0.03725
v 0.00660225385199 0.0656142465739 0.03725
v 0.00662782529349 0.0655313459967 0.03725
v 0.00665830876431 0.0654501230792 0.03725
v 0.00669359514154 0.0653708685783 0.03725
v 0.00673355810911 0.0652938662046 0.03725
v 0.00677805460995 0.0652193916067 0.03725
v 0.00682692535816 0.0651477113842 0.03725
v 0.00687999540912 0.0650790821337 0.03725
v 0.00693707478585 0.0650137495302 0.03725
v 0.00699795915897 0.0649519474475 0.03725
v 0.00706243057824 0.0648938971208 0.03725
v 0.0071302582527 0.0648398063554 0.03725
v 0.00720119937689 0.0647898687821 0.03725
v 0.007275 0.0647442631645 0.03725
v 0.00735139593494 0.0647031527589 0.03725
v 0.0074301137041 0.0646666847298 0.03725
v 0.00751087151829 0.0646349896233 0.03725
v 0.00759338028551 0.0646081808998 0.03725
v 0.00767734464576 0.0645863545273 0.03725
v 0.00776246402845 0.0645695886388 0.03725
v 0.00784843372826 0.0645579432517 0.03725
v 0.00793494599599 0.0645514600535 0.03725
v 0.00802169114017 0.0645501622524 0.03725
v 0.0081083586357 0.0645540544941 0.03725
v 0.00819463823544 0.0645631228454 0.03725
v 0.0082802210808 0.0645773348441 0.03725
v 0.00836480080743 0.0645966396147 0.03725
v 0.00844807464184 0.0646209680514 0.03725
v 0.00852974448533 0.0646502330645 0.03725
v 0.00860951798105 0.0646843298929 0.03725
v 0.00868710956059 0.0647231364788 0.03725
v 0.00876224146623 0.0647665139048 0.03725
v 0.00883464474524 0.0648143068908 0.03725
v 0.0089040602127 0.0648663443504 0.03725
v 0.00897023937922 0.0649224400031 0.03725
v 0.00903294534058 0.0649823930408 0.03725
v 0.00909195362571 0.0650459888474 0.03725
v 0.00914705300025 0.0651129997663 0.03725
v 0.00919804622276 0.0651831859158 0.03725
v 0.00924475075072 0.0652562960478 0.03725
v 0.00928699939406 0.0653320684468 0.03725
v 0.00932464091358 0.0654102318675 0.03725
v 0.00935754056243 0.0654905065051 0.03725
v 0.00938558056839 0.0655726049971 0.03725
v 0.00940866055552 0.0656562334523 0.03725
v 0.00942669790347 0.0657410925025 0.03725
v 0.0094396280432 0.0658268783744 0.03725
v 0.00944740468816 0.0659132839768 0.03725
v 0.00945 0.066 0.03725
v 0.00945 0.066 0.03525
v 0.00944740468816 0.0660867160232 0.03525
v 0.0094396280432 0.0661731216256 0.03525
v 0.00942669790347 0.0662589074975 0.03525
v 0.00940866055552 0.0663437665477 0.03525
v 0.00938558056839 0.0664273950029 0.03525
v 0.00935754056243 0.0665094934949 0.03525
v 0.00932464091358 0.0665897681325 0.03525
v 0.00928699939406 0.0666679315532 0.03525
v 0.00924475075072 0.0667437039522 0.03525
v 0.00919804622276 0.0668168140842 0.03525
v 0.00914705300025 0.0668870002337 0.03525
v 0.00909195362571 0.0669540111526 0.03525
v 0.00903294534058 0.0670176069592 0.03525
v 0.00897023937922 0.0670775599969 0.03525
v 0.0089040602127 0.0671336556496 0.03525
v 0.00883464474524 0.0671856931092 0.03525
v 0.00876224146623 0.0672334860952 0.03525
v 0.00868710956059 0.0672768635212 0.03525
v 0.00860951798105 0.0673156701071 0.03525
v 0.00852974448533 0.0673497669355 0.03525
v 0.00844807464184 0.0673790319486 0.03525
v 0.00836480080743 0.0674033603853 0.03525
v 0.0082802210808 0.0674226651559 0.03525
v 0.00819463823544 0.0674368771546 0.03525
v 0.0081083586357 0.0674459455059 0.03525
v 0.00802169114017 0.0674498377476 0.03525
v 0.00793494599599 0.0674485399465 0.03525
v 0.00784843372826 0.0674420567483 0.03525
v 0.00776246402845 0.0674304113612 0.03525
v 0.00767734464576 0.0674136454727 0.03525
v 0.00759338028551 0.0673918191002 0.03525
v 0.00751087151829 0.0673650103767 0.03525
v 0.0074301137041 0.0673333152702 0.03525
v 0.00735139593494 0.0672968472411 0.03525
v 0.007275 0.0672557368355 0.03525
v 0.00720119937689 0.0672101312179 0.03525
v 0.0071302582527 0.0671601936446 0.03525
v 0.00706243057824 0.0671061028792 0.03525
v 0.00699795915897 0.0670480525525 0.03525
v 0.00693707478585 0.0669862504698 0.03525
v 0.00687999540912 0.0669209178663 0.03525
v 0.00682692535816 0.0668522886158 0.03525
v 0.00677805460995 0.0667806083933 0.03525
v 0.00673355810911 0.0667061337954 0.03525
v 0.00669359514154 0.0666291314217 0.03525
v 0.00665830876431 0.0665498769208 0.03525
v 0.00662782529349 0.0664686540033 0.03525
v 0.00660225385199 0.0663857534261 0.03525
v 0.00658168597894 0.0663014719517 0.03525
v 0.00656619530197 0.066216111286 0.03525
v 0.00655583727371 0.0661299769979 0.03525
v 0.00655064897319 0.0660433774259 0.03525
v 0.00655064897319 0.0659566225741 0.03525
v 0.00655583727371 0.0658700230021 0.03525
v 0.00656619530197 0.065783888714 0.03525
v 0.00658168597894 0.0656985280483 0.03525
v 0.00660225385199 0.0656142465739 0.03525
v 0.00662782529349 0.0655313459967 0.03525
v 0.00665830876431 0.0654501230792 0.03525
v 0.00669359514154 0.0653708685783 0.03525
v 0.00673355810911 0.0652938662046 0.03525
v 0.00677805460995 0.0652193916067 0.03525
v 0.00682692535816 0.0651477113842 0.03525
v 0.00687999540912 0.0650790821337 0.03525
v 0.00693707478585 0.0650137495302 0.03525
v 0.00699795915897 0.0649519474475 0.03525
v 0.00706243057824 0.0648938971208 0.03525
v 0.0071302582527 0.0648398063554 0.03525
v 0.00720119937689 0.0647898687821 0.03525
v 0.007275 0.0647442631645 0.03525
v 0.00735139593494 0.0647031527589 0.03525
v 0.0074301137041 0.0646666847298 0.03525
v 0.00751087151829 0.0646349896233 0.03525
v 0.00759338028551 0.0646081808998 0.03525
v 0.00767734464576 0.0645863545273 0.03525
v 0.00776246402845 0.0645695886388 0.03525
v 0.00784843372826 0.0645579432517 0.03525
v 0.00793494599599 0.0645514600535 0.03525
v 0.00802169114017 0.0645501622524 0.03525
v 0.0081083586357 0.0645540544941 0.03525
v 0.00819463823544 0.0645631228454 0.03525
v 0.0082802210808 0.0645773348441 0.03525
v 0.00836480080743 0.0645966396147 0.03525
v 0.00844807464184 0.0646209680514 0.03525
v 0.00852974448533 0.0646502330645 0.03525
v 0.00860951798105 0.0646843298929 0.03525
v 0.00868710956059 0.0647231364788 0.03525
v 0.00876224146623 0.0647665139048 0.03525
v 0.00883464474524 0.0648143068908 0.03525
v 0.0089040602127 0.0648663443504 0.03525
v 0.00897023937922 0.0649224400031 0.03525
v 0.00903294534058 0.0649823930408 0.03525
v 0.00909195362571 0.0650459888474 0.03525
v 0.00914705300025 0.0651129997663 0.03525
v 0.00919804622276 0.0651831859158 0.03525
v 0.00924475075072 0.0652562960478 0.03525
v 0.00928699939406 0.0653320684468 0.03525
v 0.00932464091358 0.0654102318675 0.03525
v 0.00935754056243 0.0654905065051 0.03525
v 0.00938558056839 0.0655726049971 0.03525
v 0.00940866055552 0.0656562334523 0.03525
v 0.00942669790347 0.0657410925025 0.03525
v 0.0094396280432 0.0658268783744 0.03525
v 0.00944740468816 0.0659132839768 0.03525
v 0.00945 0.066 0.03525
v -0.0305 0.0635219778735 0.104769284509
v -0.0225 0.0635219778735 0.104769284509
v -0.0225 0.0480671646528 0.100628179787
v -0.0305 0.0480671646528 0.100628179787
v -0.02485 0.0557945712631 0.102698732148
v -0.0248529532859 0.0558898857849 0.102724271597
v -0.0248618025715 0.0559848591054 0.102749719621
v -0.0248765161788 0.0560791512448 0.102774985124
v -0.0248970414368 0.0561724246617 0.102799977661
v -0.0249233048705 0.0562643454616 0.102824607765
v -0.0249552124634 0.0563545845917 0.102848787267
v -0.0249926499949 0.0564428190194 0.10287242961
v -0.0250354834481 0.0565287328884 0.102895450162
v -0.0250835594906 0.0566120186494 0.102917766515
v -0.0251367060224 0.0566923781609 0.102939298781
v -0.0251947327928 0.0567695237566 0.102959969881
v -0.0252574320811 0.0568431792755 0.102979705818
v -0.02532457944 0.0569130810499 0.102998435942
v -0.0253959344995 0.0569789788495 0.103016093204
v -0.0254712418269 0.0570406367773 0.103032614396
v -0.0255502318416 0.057097834114 0.103047940376
v -0.0256326217798 0.057150366108 0.103062016281
v -0.0257181167069 0.0571980447083 0.103074791724
v -0.0258064105733 0.0572406992379 0.103086220971
v -0.0258971873098 0.0572781770046 0.103096263108
v -0.0259901219593 0.0573103438479 0.103104882188
v -0.0260848818398 0.0573370846187 0.103112047356
v -0.0261811277356 0.057358303592 0.103117732962
v -0.0262785151114 0.0573739248094 0.103121918655
v -0.0263766953456 0.0573838923511 0.10312458945
v -0.0264753169784 0.0573881705357 0.103125735786
v -0.0265740269701 0.0573867440485 0.10312535356
v -0.0266724719644 0.057379617996 0.10312344414
v -0.0267702995538 0.0573668178876 0.103120014361
v -0.026867159541 0.0573483895442 0.103115076501
v -0.0269627051924 0.0573243989348 0.103108648237
v -0.0270565944792 0.0572949319392 0.103100752579
v -0.0271484913022 0.0572600940419 0.103091417793
v -0.0272380666947 0.0572200099534 0.103080677294
v -0.027325 0.0571748231643 0.10306856953
v -0.0274089800194 0.0571246954317 0.103055137844
v -0.0274897061262 0.0570698061997 0.103040430319
v -0.027566889342 0.0570103519576 0.103024499603
v -0.0276402533708 0.0569465455362 0.103007402724
v -0.0277095355885 0.0568786153458 0.102989200884
v -0.0277744879827 0.056806804559 0.102969959242
v -0.0278348780407 0.0567313702397 0.102949746677
v -0.0278904895818 0.0566525824232 0.102928635545
v -0.027941123531 0.0565707231495 0.102906701419
v -0.027986598632 0.0564860854534 0.102884022817
v -0.0280267520958 0.0563989723159 0.102860680922
v -0.0280614401833 0.0563096955796 0.102836759292
v -0.0280905387201 0.0562185748319 0.102812343562
v -0.0281139435412 0.0561259362615 0.102787521131
v -0.0281315708633 0.0560321114904 0.10276238086
v -0.0281433575851 0.055937436387 0.102737012742
v -0.0281492615133 0.0558422498634 0.10271150759
v -0.0281492615133 0.0557468926629 0.102685956705
v -0.0281433575851 0.0556517061393 0.102660451553
v -0.0281315708633 0.0555570310359 0.102635083436
v -0.0281139435412 0.0554632062648 0.102609943164
v -0.0280905387201 0.0553705676944 0.102585120734
v -0.0280614401833 0.0552794469467 0.102560705003
v -0.0280267520958 0.0551901702104 0.102536783374
v -0.027986598632 0.0551030570729 0.102513441479
v -0.027941123531 0.0550184193768 0.102490762877
v -0.0278904895818 0.0549365601031 0.10246882875
v -0.0278348780407 0.0548577722866 0.102447717618
v -0.0277744879827 0.0547823379673 0.102427505054
v -0.0277095355885 0.0547105271805 0.102408263411
v -0.0276402533708 0.0546425969901 0.102390061572
v -0.027566889342 0.0545787905687 0.102372964692
v -0.0274897061262 0.0545193363266 0.102357033976
v -0.0274089800194 0.0544644470946 0.102342326451
v -0.027325 0.054414319362 0.102328894765
v -0.0272380666947 0.0543691325729 0.102316787002
v -0.0271484913022 0.0543290484844 0.102306046503
v -0.0270565944792 0.054294210587 0.102296711716
v -0.0269627051924 0.0542647435915 0.102288816059
v -0.026867159541 0.0542407529821 0.102282387794
v -0.0267702995538 0.0542223246387 0.102277449934
v -0.0266724719644 0.0542095245303 0.102274020156
v -0.0265740269701 0.0542023984778 0.102272110736
v -0.0264753169784 0.0542009719906 0.10227172851
v -0.0263766953456 0.0542052501752 0.102272874846
v -0.0262785151114 0.0542152177169 0.10227554564
v -0.0261811277356 0.0542308389343 0.102279731333
v -0.0260848818398 0.0542520579076 0.10228541694
v -0.0259901219593 0.0542787986784 0.102292582108
v -0.0258971873098 0.0543109655217 0.102301201187
v -0.0258064105733 0.0543484432884 0.102311243325
v -0.0257181167069 0.054391097818 0.102322672571
v -0.0256326217798 0.0544387764183 0.102335448014
v -0.0255502318416 0.0544913084123 0.102349523919
v -0.0254712418269 0.054548505749 0.102364849899
v -0.0253959344995 0.0546101636768 0.102381371091
v -0.02532457944 0.0546760614764 0.102399028354
v -0.0252574320811 0.0547459632508 0.102417758478
v -0.0251947327928 0.0548196187697 0.102437494414
v -0.0251367060224 0.0548967643654 0.102458165515
v -0.0250835594906 0.0549771238769 0.102479697781
v -0.0250354834481 0.0550604096379 0.102502014133
v -0.0249926499949 0.0551463235069 0.102525034685
v -0.0249552124634 0.0552345579346 0.102548677029
v -0.0249233048705 0.0553247970647 0.102572856531
v -0.0248970414368 0.0554167178646 0.102597486635
v -0.0248765161788 0.0555099912815 0.102622479171
v -0.0248618025715 0.0556042834209 0.102647744674
v -0.0248529532859 0.0556992567414 0.102673192699
v -0.0305 0.06050061454 0.0969198346165
v -0.0265 0.06050061454 0.0969198346165
v -0.0305 0.0546084669997 0.0953410384414
v -0.0265 0.0546084669997 0.0953410384414
v -0.0265 0.0547103853371 0.0953683473776
v -0.0248 0.0547103853371 0.0953683473776
v -0.0231 0.0575545407698 0.0961304365289
v -0.0248 0.0603986962026 0.0968925256803
v -0.0265 0.0603986962026 0.0968925256803
v -0.02485 0.0575545407698 0.0961304365289
v -0.0248529532859 0.0574592262481 0.0961048970798
v -0.0248618025715 0.0573642529276 0.0960794490553
v -0.0248765161788 0.0572699607882 0.0960541835527
v -0.0248970414368 0.0571766873713 0.0960291910159
v -0.0249233048705 0.0570847665714 0.0960045609118
v -0.0249552124634 0.0569945274413 0.0959803814098
v -0.0249926499949 0.0569062930136 0.0959567390661
v -0.0250354834481 0.0568203791445 0.0959337185143
v -0.0250835594906 0.0567370933836 0.0959114021619
v -0.0251367060224 0.0566567338721 0.0958898698957
v -0.0251947327928 0.0565795882764 0.0958691987956
v -0.0252574320811 0.0565059327575 0.0958494628588
v -0.02532457944 0.0564360309831 0.0958307327349
v -0.0253959344995 0.0563701331835 0.0958130754727
v -0.0254712418269 0.0563084752557 0.0957965542807
v -0.0255502318416 0.056251277919 0.0957812283005
v -0.0256326217798 0.056198745925 0.0957671523952
v -0.0257181167069 0.0561510673247 0.0957543769527
v -0.0258064105733 0.0561084127951 0.095742947706
v -0.0258971873098 0.0560709350284 0.0957329055686
v -0.0259901219593 0.0560387681851 0.0957242864889
v -0.0260848818398 0.0560120274143 0.095717121321
v -0.0261811277356 0.055990808441 0.0957114357142
v -0.0262785151114 0.0559751872236 0.0957072500216
v -0.0263766953456 0.0559652196819 0.0957045792269
v -0.0264753169784 0.0559609414973 0.0957034328908
v -0.0265740269701 0.0559623679845 0.0957038151169
v -0.0266724719644 0.055969494037 0.0957057245369
v -0.0267702995538 0.0559822941454 0.0957091543156
v -0.026867159541 0.0560007224888 0.0957140921753
v -0.0269627051924 0.0560247130982 0.0957205204398
v -0.0270565944792 0.0560541800937 0.0957284160974
v -0.0271484913022 0.0560890179911 0.0957377508839
v -0.0272380666947 0.0561291020796 0.095748491383
v -0.027325 0.0561742888687 0.0957605991467
v -0.0274089800194 0.0562244166013 0.0957740308322
v -0.0274897061262 0.0562793058333 0.0957887383575
v -0.027566889342 0.0563387600754 0.0958046690737
v -0.0276402533708 0.0564025664968 0.0958217659528
v -0.0277095355885 0.0564704966872 0.0958399677924
v -0.0277744879827 0.056542307474 0.0958592094348
v -0.0278348780407 0.0566177417933 0.0958794219997
v -0.0278904895818 0.0566965296098 0.0959005331315
v -0.027941123531 0.0567783888835 0.0959224672578
v -0.027986598632 0.0568630265796 0.0959451458601
v -0.0280267520958 0.056950139717 0.0959684877549
v -0.0280614401833 0.0570394164534 0.0959924093843
v -0.0280905387201 0.057130537201 0.0960168251151
v -0.0281139435412 0.0572231757715 0.0960416475452
v -0.0281315708633 0.0573170005426 0.0960667878169
v -0.0281433575851 0.057411675646 0.0960921559344
v -0.0281492615133 0.0575068621696 0.0961176610865
v -0.0281492615133 0.0576022193701 0.0961432119714
v -0.0281433575851 0.0576974058937 0.0961687171235
v -0.0281315708633 0.0577920809971 0.096194085241
v -0.0281139435412 0.0578859057682 0.0962192255127
v -0.0280905387201 0.0579785443386 0.0962440479428
v -0.0280614401833 0.0580696650863 0.0962684636735
v -0.0280267520958 0.0581589418226 0.0962923853029
v -0.027986598632 0.0582460549601 0.0963157271978
v -0.027941123531 0.0583306926561 0.0963384058001
v -0.0278904895818 0.0584125519299 0.0963603399264
v -0.0278348780407 0.0584913397464 0.0963814510582
v -0.0277744879827 0.0585667740657 0.0964016636231
v -0.0277095355885 0.0586385848525 0.0964209052655
v -0.0276402533708 0.0587065150429 0.0964391071051
v -0.027566889342 0.0587703214643 0.0964562039842
v -0.0274897061262 0.0588297757064 0.0964721347003
v -0.0274089800194 0.0588846649384 0.0964868422257
v -0.027325 0.058934792671 0.0965002739112
v -0.0272380666947 0.0589799794601 0.0965123816748
v -0.0271484913022 0.0590200635486 0.096523122174
v -0.0270565944792 0.0590549014459 0.0965324569605
v -0.0269627051924 0.0590843684415 0.0965403526181
v -0.026867159541 0.0591083590509 0.0965467808825
v -0.0267702995538 0.0591267873942 0.0965517187422
v -0.0266724719644 0.0591395875027 0.096555148521
v -0.0265740269701 0.0591467135552 0.096557057941
v -0.0264753169784 0.0591481400424 0.0965574401671
v -0.0263766953456 0.0591438618578 0.096556293831
v -0.0262785151114 0.0591338943161 0.0965536230362
v -0.0261811277356 0.0591182730987 0.0965494373436
v -0.0260848818398 0.0590970541254 0.0965437517369
v -0.0259901219593 0.0590703133546 0.0965365865689
v -0.0258971873098 0.0590381465113 0.0965279674892
v -0.0258064105733 0.0590006687446 0.0965179253519
v -0.0257181167069 0.058958014215 0.0965064961052
v -0.0256326217798 0.0589103356147 0.0964937206627
v -0.0255502318416 0.0588578036207 0.0964796447574
v -0.0254712418269 0.058800606284 0.0964643187772
v -0.0253959344995 0.0587389483562 0.0964477975852
v -0.02532457944 0.0586730505566 0.096430140323
v -0.0252574320811 0.0586031487822 0.096411410199
v -0.0251947327928 0.0585294932633 0.0963916742622
v -0.0251367060224 0.0584523476676 0.0963710031621
v -0.0250835594906 0.0583719881561 0.0963494708959
v -0.0250354834481 0.0582887023951 0.0963271545435
v -0.0249926499949 0.0582027885261 0.0963041339917
v -0.0249552124634 0.0581145540984 0.0962804916481
v -0.0249233048705 0.0580243149682 0.096256312146
v -0.0248970414368 0.0579323941684 0.0962316820419
v -0.0248765161788 0.0578391207515 0.0962066895052
v -0.0248618025715 0.0577448286121 0.0961814240026
v -0.0248529532859 0.0576498552916 0.0961559759781
v -0.0305 0.06050061454 0.0969198346165
v -0.0265 0.06050061454 0.0969198346165
v -0.0305 0.0598018031183 0.0995278343475
v -0.0265 0.0598018031183 0.0995278343475
v -0.0305 0.0598018031183 0.0995278343475
v -0.0265 0.0598018031183 0.0995278343475
v -0.0305 0.0539096555779 0.0979490381724
v -0.0265 0.0539096555779 0.0979490381724
v -0.0265 0.0540115739154 0.0979763471086
v -0.0248 0.0540115739154 0.0979763471086
v -0.0231 0.0568557293481 0.0987384362599
v -0.0248 0.0596998847808 0.0995005254113
v -0.0265 0.0596998847808 0.0995005254113
v -0.02485 0.0568557293481 0.0987384362599
v -0.0248529532859 0.0569510438698 0.098763975709
v -0.0248618025715 0.0570460171903 0.0987894237336
v -0.0248765161788 0.0571403093297 0.0988146892362
v -0.0248970414368 0.0572335827466 0.0988396817729
v -0.0249233048705 0.0573255035465 0.098864311877
v -0.0249552124634 0.0574157426766 0.098888491379
v -0.0249926499949 0.0575039771043 0.0989121337227
v -0.0250354834481 0.0575898909734 0.0989351542745
v -0.0250835594906 0.0576731767343 0.0989574706269
v -0.0251367060224 0.0577535362458 0.0989790028931
v -0.0251947327928 0.0578306818416 0.0989996739932
v -0.0252574320811 0.0579043373604 0.09901940993
v -0.02532457944 0.0579742391348 0.099038140054
v -0.0253959344995 0.0580401369344 0.0990557973162
v -0.0254712418269 0.0581017948623 0.0990723185082
v -0.0255502318416 0.058158992199 0.0990876444883
v -0.0256326217798 0.0582115241929 0.0991017203937
v -0.0257181167069 0.0582592027932 0.0991144958361
v -0.0258064105733 0.0583018573228 0.0991259250829
v -0.0258971873098 0.0583393350895 0.0991359672202
v -0.0259901219593 0.0583715019328 0.0991445862999
v -0.0260848818398 0.0583982427036 0.0991517514678
v -0.0261811277356 0.0584194616769 0.0991574370746
v -0.0262785151114 0.0584350828944 0.0991616227672
v -0.0263766953456 0.058445050436 0.0991642935619
v -0.0264753169784 0.0584493286206 0.0991654398981
v -0.0265740269701 0.0584479021334 0.099165057672
v -0.0266724719644 0.0584407760809 0.0991631482519
v -0.0267702995538 0.0584279759725 0.0991597184732
v -0.026867159541 0.0584095476292 0.0991547806135
v -0.0269627051924 0.0583855570197 0.0991483523491
v -0.0270565944792 0.0583560900242 0.0991404566914
v -0.0271484913022 0.0583212521268 0.099131121905
v -0.0272380666947 0.0582811680383 0.0991203814058
v -0.027325 0.0582359812492 0.0991082736422
v -0.0274089800194 0.0581858535166 0.0990948419567
v -0.0274897061262 0.0581309642846 0.0990801344313
v -0.027566889342 0.0580715100425 0.0990642037152
v -0.0276402533708 0.0580077036211 0.0990471068361
v -0.0277095355885 0.0579397734308 0.0990289049964
v -0.0277744879827 0.0578679626439 0.0990096633541
v -0.0278348780407 0.0577925283246 0.0989894507892
v -0.0278904895818 0.0577137405081 0.0989683396574
v -0.027941123531 0.0576318812344 0.0989464055311
v -0.027986598632 0.0575472435383 0.0989237269287
v -0.0280267520958 0.0574601304009 0.0989003850339
v -0.0280614401833 0.0573708536645 0.0988764634045
v -0.0280905387201 0.0572797329169 0.0988520476738
v -0.0281139435412 0.0571870943465 0.0988272252436
v -0.0281315708633 0.0570932695753 0.098802084972
v -0.0281433575851 0.0569985944719 0.0987767168545
v -0.0281492615133 0.0569034079483 0.0987512117024
v -0.0281492615133 0.0568080507478 0.0987256608175
v -0.0281433575851 0.0567128642243 0.0987001556654
v -0.0281315708633 0.0566181891208 0.0986747875478
v -0.0281139435412 0.0565243643497 0.0986496472762
v -0.0280905387201 0.0564317257793 0.0986248248461
v -0.0280614401833 0.0563406050316 0.0986004091153
v -0.0280267520958 0.0562513282953 0.0985764874859
v -0.027986598632 0.0561642151579 0.0985531455911
v -0.027941123531 0.0560795774618 0.0985304669888
v -0.0278904895818 0.055997718188 0.0985085328625
v -0.0278348780407 0.0559189303715 0.0984874217307
v -0.0277744879827 0.0558434960522 0.0984672091657
v -0.0277095355885 0.0557716852654 0.0984479675234
v -0.0276402533708 0.055703755075 0.0984297656838
v -0.027566889342 0.0556399486536 0.0984126688047
v -0.0274897061262 0.0555804944115 0.0983967380885
v -0.0274089800194 0.0555256051796 0.0983820305631
v -0.027325 0.0554754774469 0.0983685988776
v -0.0272380666947 0.0554302906578 0.098356491114
v -0.0271484913022 0.0553902065693 0.0983457506149
v -0.0270565944792 0.055355368672 0.0983364158284
v -0.0269627051924 0.0553259016765 0.0983285201707
v -0.026867159541 0.055301911067 0.0983220919063
v -0.0267702995538 0.0552834827237 0.0983171540466
v -0.0266724719644 0.0552706826152 0.0983137242679
v -0.0265740269701 0.0552635565627 0.0983118148479
v -0.0264753169784 0.0552621300755 0.0983114326218
v -0.0263766953456 0.0552664082601 0.0983125789579
v -0.0262785151114 0.0552763758018 0.0983152497526
v -0.0261811277356 0.0552919970192 0.0983194354452
v -0.0260848818398 0.0553132159925 0.098325121052
v -0.0259901219593 0.0553399567633 0.0983322862199
v -0.0258971873098 0.0553721236066 0.0983409052996
v -0.0258064105733 0.0554096013734 0.0983509474369
v -0.0257181167069 0.055452255903 0.0983623766837
v -0.0256326217798 0.0554999345032 0.0983751521261
v -0.0255502318416 0.0555524664972 0.0983892280315
v -0.0254712418269 0.0556096638339 0.0984045540117
v -0.0253959344995 0.0556713217617 0.0984210752036
v -0.02532457944 0.0557372195613 0.0984387324658
v -0.0252574320811 0.0558071213357 0.0984574625898
v -0.0251947327928 0.0558807768546 0.0984771985266
v -0.0251367060224 0.0559579224504 0.0984978696267
v -0.0250835594906 0.0560382819618 0.0985194018929
v -0.0250354834481 0.0561215677228 0.0985417182453
v -0.0249926499949 0.0562074815918 0.0985647387971
v -0.0249552124634 0.0562957160195 0.0985883811408
v -0.0249233048705 0.0563859551497 0.0986125606428
v -0.0248970414368 0.0564778759495 0.0986371907469
v -0.0248765161788 0.0565711493664 0.0986621832837
v -0.0248618025715 0.0566654415058 0.0986874487863
v -0.0248529532859 0.0567604148263 0.0987128968108
v -0.0305 0.0546084669997 0.0953410384414
v -0.0265 0.0546084669997 0.0953410384414
v -0.0305 0.0539096555779 0.0979490381724
v -0.0265 0.0539096555779 0.0979490381724
v 0.0305 0.0708717797887 0.03775
v 0.0304455260672 0.0709762882508 0.03775
v 0.0303849910448 0.0710774066915 0.03775
v 0.030318605132 0.0711747839915 0.03775
v 0.0302465988443 0.0712680820221 0.03775
v 0.0301692222133 0.0713569768193 0.03775
v 0.0300867439182 0.0714411597085 0.03775
v 0.0299994503532 0.0715203383767 0.03775
v 0.0299076446326 0.0715942378873 0.03775
v 0.0298116455388 0.0716626016348 0.03775
v 0.0297117864148 0.0717251922359 0.03775
v 0.0296084140072 0.0717817923536 0.03775
v 0.0295018872618 0.0718322054523 0.03775
v 0.0293925760776 0.0718762564795 0.03775
v 0.029280860022 0.0719137924743 0.03775
v 0.0291671270131 0.0719446830985 0.03775
v 0.0290517719724 0.0719688210887 0.03775
v 0.0289351954538 0.0719861226293 0.03775
v 0.0288178022526 0.071996527643 0.03775
v 0.0287 0.072 0.03775
v 0.0305 0.072 0.03775
v 0.0225 0.0635219778735 0.104769284509
v 0.0305 0.0635219778735 0.104769284509
v 0.0305 0.0480671646528 0.100628179787
v 0.0225 0.0480671646528 0.100628179787
v 0.02815 0.0557945712631 0.102698732148
v 0.0281470467141 0.0558898857849 0.102724271597
v 0.0281381974285 0.0559848591054 0.102749719621
v 0.0281234838212 0.0560791512448 0.102774985124
v 0.0281029585632 0.0561724246617 0.102799977661
v 0.0280766951295 0.0562643454616 0.102824607765
v 0.0280447875366 0.0563545845917 0.102848787267
v 0.0280073500051 0.0564428190194 0.10287242961
v 0.0279645165519 0.0565287328884 0.102895450162
v 0.0279164405094 0.0566120186494 0.102917766515
v 0.0278632939776 0.0566923781609 0.102939298781
v 0.0278052672072 0.0567695237566 0.102959969881
v 0.0277425679189 0.0568431792755 0.102979705818
v 0.02767542056 0.0569130810499 0.102998435942
v 0.0276040655005 0.0569789788495 0.103016093204
v 0.0275287581731 0.0570406367773 0.103032614396
v 0.0274497681584 0.057097834114 0.103047940376
v 0.0273673782202 0.057150366108 0.103062016281
v 0.0272818832931 0.0571980447083 0.103074791724
v 0.0271935894267 0.0572406992379 0.103086220971
v 0.0271028126902 0.0572781770046 0.103096263108
v 0.0270098780407 0.0573103438479 0.103104882188
v 0.0269151181602 0.0573370846187 0.103112047356
v 0.0268188722644 0.057358303592 0.103117732962
v 0.0267214848886 0.0573739248094 0.103121918655
v 0.0266233046544 0.0573838923511 0.10312458945
v 0.0265246830216 0.0573881705357 0.103125735786
v 0.0264259730299 0.0573867440485 0.10312535356
v 0.0263275280356 0.057379617996 0.10312344414
v 0.0262297004462 0.0573668178876 0.103120014361
v 0.026132840459 0.0573483895442 0.103115076501
v 0.0260372948076 0.0573243989348 0.103108648237
v 0.0259434055208 0.0572949319392 0.103100752579
v 0.0258515086978 0.0572600940419 0.103091417793
v 0.0257619333053 0.0572200099534 0.103080677294
v 0.025675 0.0571748231643 0.10306856953
v 0.0255910199806 0.0571246954317 0.103055137844
v 0.0255102938738 0.0570698061997 0.103040430319
v 0.025433110658 0.0570103519576 0.103024499603
v 0.0253597466292 0.0569465455362 0.103007402724
v 0.0252904644115 0.0568786153458 0.102989200884
v 0.0252255120173 0.056806804559 0.102969959242
v 0.0251651219593 0.0567313702397 0.102949746677
v 0.0251095104182 0.0566525824232 0.102928635545
v 0.025058876469 0.0565707231495 0.102906701419
v 0.025013401368 0.0564860854534 0.102884022817
v 0.0249732479042 0.0563989723159 0.102860680922
v 0.0249385598167 0.0563096955796 0.102836759292
v 0.0249094612799 0.0562185748319 0.102812343562
v 0.0248860564588 0.0561259362615 0.102787521131
v 0.0248684291367 0.0560321114904 0.10276238086
v 0.0248566424149 0.055937436387 0.102737012742
v 0.0248507384867 0.0558422498634 0.10271150759
v 0.0248507384867 0.0557468926629 0.102685956705
v 0.0248566424149 0.0556517061393 0.102660451553
v 0.0248684291367 0.0555570310359 0.102635083436
v 0.0248860564588 0.0554632062648 0.102609943164
v 0.0249094612799 0.0553705676944 0.102585120734
v 0.0249385598167 0.0552794469467 0.102560705003
v 0.0249732479042 0.0551901702104 0.102536783374
v 0.025013401368 0.0551030570729 0.102513441479
v 0.025058876469 0.0550184193768 0.102490762877
v 0.0251095104182 0.0549365601031 0.10246882875
v 0.0251651219593 0.0548577722866 0.102447717618
v 0.0252255120173 0.0547823379673 0.102427505054
v 0.0252904644115 0.0547105271805 0.102408263411
v 0.0253597466292 0.0546425969901 0.102390061572
v 0.025433110658 0.0545787905687 0.102372964692
v 0.0255102938738 0.0545193363266 0.102357033976
v 0.0255910199806 0.0544644470946 0.102342326451
v 0.025675 0.054414319362 0.102328894765
v 0.0257619333053 0.0543691325729 0.102316787002
v 0.0258515086978 0.0543290484844 0.102306046503
v 0.0259434055208 0.054294210587 0.102296711716
v 0.0260372948076 0.0542647435915 0.102288816059
v 0.026132840459 0.0542407529821 0.102282387794
v 0.0262297004462 0.0542223246387 0.102277449934
v 0.0263275280356 0.0542095245303 0.102274020156
v 0.0264259730299 0.0542023984778 0.102272110736
v 0.0265246830216 0.0542009719906 0.10227172851
v 0.0266233046544 0.0542052501752 0.102272874846
v 0.0267214848886 0.0542152177169 0.10227554564
v 0.0268188722644 0.0542308389343 0.102279731333
v 0.0269151181602 0.0542520579076 0.10228541694
v 0.0270098780407 0.0542787986784 0.102292582108
v 0.0271028126902 0.0543109655217 0.102301201187
v 0.0271935894267 0.0543484432884 0.102311243325
v 0.0272818832931 0.054391097818 0.102322672571
v 0.0273673782202 0.0544387764183 0.102335448014
v 0.0274497681584 0.0544913084123 0.102349523919
v 0.0275287581731 0.054548505749 0.102364849899
v 0.0276040655005 0.0546101636768 0.102381371091
v 0.02767542056 0.0546760614764 0.102399028354
v 0.0277425679189 0.0547459632508 0.102417758478
v 0.0278052672072 0.0548196187697 0.102437494414
v 0.0278632939776 0.0548967643654 0.102458165515
v 0.0279164405094 0.0549771238769 0.102479697781
v 0.0279645165519 0.0550604096379 0.102502014133
v 0.0280073500051 0.0551463235069 0.102525034685
v 0.0280447875366 0.0552345579346 0.102548677029
v 0.0280766951295 0.0553247970647 0.102572856531
v 0.0281029585632 0.0554167178646 0.102597486635
v 0.0281234838212 0.0555099912815 0.102622479171
v 0.0281381974285 0.0556042834209 0.102647744674
v 0.0281470467141 0.0556992567414 0.102673192699
v 0.0265 0.0546084669997 0.0953410384414
v 0.0265 0.0547103853371 0.0953683473776
v 0.0305 0.0546084669997 0.0953410384414
v 0.0305 0.06050061454 0.0969198346165
v 0.0265 0.06050061454 0.0969198346165
v 0.0265 0.0603986962026 0.0968925256803
v 0.0248 0.0603986962026 0.0968925256803
v 0.0231 0.0575545407698 0.0961304365289
v 0.0248 0.0547103853371 0.0953683473776
v 0.02815 0.0575545407698 0.0961304365289
v 0.0281470467141 0.0574592262481 0.0961048970798
v 0.0281381974285 0.0573642529276 0.0960794490553
v 0.0281234838212 0.0572699607882 0.0960541835527
v 0.0281029585632 0.0571766873713 0.0960291910159
v 0.0280766951295 0.0570847665714 0.0960045609118
v 0.0280447875366 0.0569945274413 0.0959803814098
v 0.0280073500051 0.0569062930136 0.0959567390661
v 0.0279645165519 0.0568203791445 0.0959337185143
v 0.0279164405094 0.0567370933836 0.0959114021619
v 0.0278632939776 0.0566567338721 0.0958898698957
v 0.0278052672072 0.0565795882764 0.0958691987956
v 0.0277425679189 0.0565059327575 0.0958494628588
v 0.02767542056 0.0564360309831 0.0958307327349
v 0.0276040655005 0.0563701331835 0.0958130754727
v 0.0275287581731 0.0563084752557 0.0957965542807
v 0.0274497681584 0.056251277919 0.0957812283005
v 0.0273673782202 0.056198745925 0.0957671523952
v 0.0272818832931 0.0561510673247 0.0957543769527
v 0.0271935894267 0.0561084127951 0.095742947706
v 0.0271028126902 0.0560709350284 0.0957329055686
v 0.0270098780407 0.0560387681851 0.0957242864889
v 0.0269151181602 0.0560120274143 0.095717121321
v 0.0268188722644 0.055990808441 0.0957114357142
v 0.0267214848886 0.0559751872236 0.0957072500216
v 0.0266233046544 0.0559652196819 0.0957045792269
v 0.0265246830216 0.0559609414973 0.0957034328908
v 0.0264259730299 0.0559623679845 0.0957038151169
v 0.0263275280356 0.055969494037 0.0957057245369
v 0.0262297004462 0.0559822941454 0.0957091543156
v 0.026132840459 0.0560007224888 0.0957140921753
v 0.0260372948076 0.0560247130982 0.0957205204398
v 0.0259434055208 0.0560541800937 0.0957284160974
v 0.0258515086978 0.0560890179911 0.0957377508839
v 0.0257619333053 0.0561291020796 0.095748491383
v 0.025675 0.0561742888687 0.0957605991467
v 0.0255910199806 0.0562244166013 0.0957740308322
v 0.0255102938738 0.0562793058333 0.0957887383575
v 0.025433110658 0.0563387600754 0.0958046690737
v 0.0253597466292 0.0564025664968 0.0958217659528
v 0.0252904644115 0.0564704966872 0.0958399677924
v 0.0252255120173 0.056542307474 0.0958592094348
v 0.0251651219593 0.0566177417933 0.0958794219997
v 0.0251095104182 0.0566965296098 0.0959005331315
v 0.025058876469 0.0567783888835 0.0959224672578
v 0.025013401368 0.0568630265796 0.0959451458601
v 0.0249732479042 0.056950139717 0.0959684877549
v 0.0249385598167 0.0570394164534 0.0959924093843
v 0.0249094612799 0.057130537201 0.0960168251151
v 0.0248860564588 0.0572231757715 0.0960416475452
v 0.0248684291367 0.0573170005426 0.0960667878169
v 0.0248566424149 0.057411675646 0.0960921559344
v 0.0248507384867 0.0575068621696 0.0961176610865
v 0.0248507384867 0.0576022193701 0.0961432119714
v 0.0248566424149 0.0576974058937 0.0961687171235
v 0.0248684291367 0.0577920809971 0.096194085241
v 0.0248860564588 0.0578859057682 0.0962192255127
v 0.0249094612799 0.0579785443386 0.0962440479428
v 0.0249385598167 0.0580696650863 0.0962684636735
v 0.0249732479042 0.0581589418226 0.0962923853029
v 0.025013401368 0.0582460549601 0.0963157271978
v 0.025058876469 0.0583306926561 0.0963384058001
v 0.0251095104182 0.0584125519299 0.0963603399264
v 0.0251651219593 0.0584913397464 0.0963814510582
v 0.0252255120173 0.0585667740657 0.0964016636231
v 0.0252904644115 0.0586385848525 0.0964209052655
v 0.0253597466292 0.0587065150429 0.0964391071051
v 0.025433110658 0.0587703214643 0.0964562039842
v 0.0255102938738 0.0588297757064 0.0964721347003
v 0.0255910199806 0.0588846649384 0.0964868422257
v 0.025675 0.058934792671 0.0965002739112
v 0.0257619333053 0.0589799794601 0.0965123816748
v 0.0258515086978 0.0590200635486 0.096523122174
v 0.0259434055208 0.0590549014459 0.0965324569605
v 0.0260372948076 0.0590843684415 0.0965403526181
v 0.026132840459 0.0591083590509 0.0965467808825
v 0.0262297004462 0.0591267873942 0.0965517187422
v 0.0263275280356 0.0591395875027 0.096555148521
v 0.0264259730299 0.0591467135552 0.096557057941
v 0.0265246830216 0.0591481400424 0.0965574401671
v 0.0266233046544 0.0591438618578 0.096556293831
v 0.0267214848886 0.0591338943161 0.0965536230362
v 0.0268188722644 0.0591182730987 0.0965494373436
v 0.0269151181602 0.0590970541254 0.0965437517369
v 0.0270098780407 0.0590703133546 0.0965365865689
v 0.0271028126902 0.0590381465113 0.0965279674892
v 0.0271935894267 0.0590006687446 0.0965179253519
v 0.0272818832931 0.058958014215 0.0965064961052
v 0.0273673782202 0.0589103356147 0.0964937206627
v 0.0274497681584 0.0588578036207 0.0964796447574
v 0.0275287581731 0.058800606284 0.0964643187772
v 0.0276040655005 0.0587389483562 0.0964477975852
v 0.02767542056 0.0586730505566 0.096430140323
v 0.0277425679189 0.0586031487822 0.096411410199
v 0.0278052672072 0.0585294932633 0.0963916742622
v 0.0278632939776 0.0584523476676 0.0963710031621
v 0.0279164405094 0.0583719881561 0.0963494708959
v 0.0279645165519 0.0582887023951 0.0963271545435
v 0.0280073500051 0.0582027885261 0.0963041339917
v 0.0280447875366 0.0581145540984 0.0962804916481
v 0.0280766951295 0.0580243149682 0.096256312146
v 0.0281029585632 0.0579323941684 0.0962316820419
v 0.0281234838212 0.0578391207515 0.0962066895052
v 0.0281381974285 0.0577448286121 0.0961814240026
v 0.0281470467141 0.0576498552916 0.0961559759781
v 0.0265 0.06050061454 0.0969198346165
v 0.0305 0.06050061454 0.0969198346165
v 0.0265 0.0598018031183 0.0995278343475
v 0.0305 0.0598018031183 0.0995278343475
v 0.0265 0.0539096555779 0.0979490381724
v 0.0265 0.0540115739154 0.0979763471086
v 0.0305 0.0539096555779 0.0979490381724
v 0.0305 0.0598018031183 0.0995278343475
v 0.0265 0.0598018031183 0.0995278343475
v 0.0265 0.0596998847808 0.0995005254113
v 0.0248 0.0596998847808 0.0995005254113
v 0.0231 0.0568557293481 0.0987384362599
v 0.0248 0.0540115739154 0.0979763471086
v 0.02815 0.0568557293481 0.0987384362599
v 0.0281470467141 0.0569510438698 0.098763975709
v 0.0281381974285 0.0570460171903 0.0987894237336
v 0.0281234838212 0.0571403093297 0.0988146892362
v 0.0281029585632 0.0572335827466 0.0988396817729
v 0.0280766951295 0.0573255035465 0.098864311877
v 0.0280447875366 0.0574157426766 0.098888491379
v 0.0280073500051 0.0575039771043 0.0989121337227
v 0.0279645165519 0.0575898909734 0.0989351542745
v 0.0279164405094 0.0576731767343 0.0989574706269
v 0.0278632939776 0.0577535362458 0.0989790028931
v 0.0278052672072 0.0578306818416 0.0989996739932
v 0.0277425679189 0.0579043373604 0.09901940993
v 0.02767542056 0.0579742391348 0.099038140054
v 0.0276040655005 0.0580401369344 0.0990557973162
v 0.0275287581731 0.0581017948623 0.0990723185082
v 0.0274497681584 0.058158992199 0.0990876444883
v 0.0273673782202 0.0582115241929 0.0991017203937
v 0.0272818832931 0.0582592027932 0.0991144958361
v 0.0271935894267 0.0583018573228 0.0991259250829
v 0.0271028126902 0.0583393350895 0.0991359672202
v 0.0270098780407 0.0583715019328 0.0991445862999
v 0.0269151181602 0.0583982427036 0.0991517514678
v 0.0268188722644 0.0584194616769 0.0991574370746
v 0.0267214848886 0.0584350828944 0.0991616227672
v 0.0266233046544 0.058445050436 0.0991642935619
v 0.0265246830216 0.0584493286206 0.0991654398981
v 0.0264259730299 0.0584479021334 0.099165057672
v 0.0263275280356 0.0584407760809 0.0991631482519
v 0.0262297004462 0.0584279759725 0.0991597184732
v 0.026132840459 0.0584095476292 0.0991547806135
v 0.0260372948076 0.0583855570197 0.0991483523491
v 0.0259434055208 0.0583560900242 0.0991404566914
v 0.0258515086978 0.0583212521268 0.099131121905
v 0.0257619333053 0.0582811680383 0.0991203814058
v 0.025675 0.0582359812492 0.0991082736422
v 0.0255910199806 0.0581858535166 0.0990948419567
v 0.0255102938738 0.0581309642846 0.0990801344313
v 0.025433110658 0.0580715100425 0.0990642037152
v 0.0253597466292 0.0580077036211 0.0990471068361
v 0.0252904644115 0.0579397734308 0.0990289049964
v 0.0252255120173 0.0578679626439 0.0990096633541
v 0.0251651219593 0.0577925283246 0.0989894507892
v 0.0251095104182 0.0577137405081 0.0989683396574
v 0.025058876469 0.0576318812344 0.0989464055311
v 0.025013401368 0.0575472435383 0.0989237269287
v 0.0249732479042 0.0574601304009 0.0989003850339
v 0.0249385598167 0.0573708536645 0.0988764634045
v 0.0249094612799 0.0572797329169 0.0988520476738
v 0.0248860564588 0.0571870943465 0.0988272252436
v 0.0248684291367 0.0570932695753 0.098802084972
v 0.0248566424149 0.0569985944719 0.0987767168545
v 0.0248507384867 0.0569034079483 0.0987512117024
v 0.0248507384867 0.0568080507478 0.0987256608175
v 0.0248566424149 0.0567128642243 0.0987001556654
v 0.0248684291367 0.0566181891208 0.0986747875478
v 0.0248860564588 0.0565243643497 0.0986496472762
v 0.0249094612799 0.0564317257793 0.0986248248461
v 0.0249385598167 0.0563406050316 0.0986004091153
v 0.0249732479042 0.0562513282953 0.0985764874859
v 0.025013401368 0.0561642151579 0.0985531455911
v 0.025058876469 0.0560795774618 0.0985304669888
v 0.0251095104182 0.055997718188 0.0985085328625
v 0.0251651219593 0.0559189303715 0.0984874217307
v 0.0252255120173 0.0558434960522 0.0984672091657
v 0.0252904644115 0.0557716852654 0.0984479675234
v 0.0253597466292 0.055703755075 0.0984297656838
v 0.025433110658 0.0556399486536 0.0984126688047
v 0.0255102938738 0.0555804944115 0.0983967380885
v 0.0255910199806 0.0555256051796 0.0983820305631
v 0.025675 0.0554754774469 0.0983685988776
v 0.0257619333053 0.0554302906578 0.098356491114
v 0.0258515086978 0.0553902065693 0.0983457506149
v 0.0259434055208 0.055355368672 0.0983364158284
v 0.0260372948076 0.0553259016765 0.0983285201707
v 0.026132840459 0.055301911067 0.0983220919063
v 0.0262297004462 0.0552834827237 0.0983171540466
v 0.0263275280356 0.0552706826152 0.0983137242679
v 0.0264259730299 0.0552635565627 0.0983118148479
v 0.0265246830216 0.0552621300755 0.0983114326218
v 0.0266233046544 0.0552664082601 0.0983125789579
v 0.0267214848886 0.0552763758018 0.0983152497526
v 0.0268188722644 0.0552919970192 0.0983194354452
v 0.0269151181602 0.0553132159925 0.098325121052
v 0.0270098780407 0.0553399567633 0.0983322862199
v 0.0271028126902 0.0553721236066 0.0983409052996
v 0.0271935894267 0.0554096013734 0.0983509474369
v 0.0272818832931 0.055452255903 0.0983623766837
v 0.0273673782202 0.0554999345032 0.0983751521261
v 0.0274497681584 0.0555524664972 0.0983892280315
v 0.0275287581731 0.0556096638339 0.0984045540117
v 0.0276040655005 0.0556713217617 0.0984210752036
v 0.02767542056 0.0557372195613 0.0984387324658
v 0.0277425679189 0.0558071213357 0.0984574625898
v 0.0278052672072 0.0558807768546 0.0984771985266
v 0.0278632939776 0.0559579224504 0.0984978696267
v 0.0279164405094 0.0560382819618 0.0985194018929
v 0.0279645165519 0.0561215677228 0.0985417182453
v 0.0280073500051 0.0562074815918 0.0985647387971
v 0.0280447875366 0.0562957160195 0.0985883811408
v 0.0280766951295 0.0563859551497 0.0986125606428
v 0.0281029585632 0.0564778759495 0.0986371907469
v 0.0281234838212 0.0565711493664 0.0986621832837
v 0.0281381974285 0.0566654415058 0.0986874487863
v 0.0281470467141 0.0567604148263 0.0987128968108
v 0.0265 0.0546084669997 0.0953410384414
v 0.0305 0.0546084669997 0.0953410384414
v 0.0265 0.0539096555779 0.0979490381724
v 0.0305 0.0539096555779 0.0979490381724
v -0.00475 0.054 0.03725
v -0.00475581707825 0.0541943635003 0.03725
v -0.00477324748939 0.0543880312298 0.03725
v -0.00480222883705 0.0545803099081 0.03725
v -0.00484265737555 0.0547705112276 0.03725
v -0.0048943883812 0.0549579543168 0.03725
v -0.00495723667042 0.0551419681783 0.03725
v -0.00503097726266 0.05532189409 0.03725
v -0.00511534618574 0.055497087964 0.03725
v -0.00521004142079 0.0556669226516 0.03725
v -0.00531472398347 0.0558307901887 0.03725
v -0.00542901913737 0.0559881039721 0.03725
v -0.00555251773549 0.0561383008593 0.03725
v -0.00568477768491 0.0562808431844 0.03725
v -0.00582532552933 0.0564152206828 0.03725
v -0.00597365814396 0.056540952318 0.03725
v -0.00612924453652 0.0566575880034 0.03725
v -0.00629152774812 0.0567647102135 0.03725
v -0.00645992684696 0.0568619354785 0.03725
v -0.00663383900799 0.0569489157573 0.03725
v -0.00681264167081 0.0570253396831 0.03725
v -0.00699569476828 0.057090933678 0.03725
v -0.00718234301783 0.0571454629325 0.03725
v -0.00737191826716 0.057188732246 0.03725
v -0.00756374188609 0.0572205867257 0.03725
v -0.00775712719584 0.0572409123408 0.03725
v -0.0079513819272 0.0572496363309 0.03725
v -0.00814581069864 0.0572467274663 0.03725
v -0.00833971750562 0.0572321961599 0.03725
v -0.0085324082121 0.0572060944303 0.03725
v -0.00872319303536 0.0571685157146 0.03725
v -0.00891138901524 0.057119594535 0.03725
v -0.00909632245899 0.0570595060166 0.03725
v -0.00927733135288 0.0569884652608 0.03725
v -0.00945376773203 0.0569067265749 0.03725
v -0.009625 0.0568145825623 0.03725
v -0.00979041518972 0.0567123630746 0.03725
v -0.00994942115774 0.056600434031 0.03725
v -0.010101448704 0.0564791961086 0.03725
v -0.0102459536092 0.0563490833074 0.03725
v -0.0103824185834 0.0562105613978 0.03725
v -0.0105103551175 0.056064126252 0.03725
v -0.0106293052317 0.05591030207 0.03725
v -0.0107388431156 0.0557496395023 0.03725
v -0.010838576652 0.0555827136793 0.03725
v -0.0109281488207 0.0554101221521 0.03725
v -0.0110072389765 0.0552324827536 0.03725
v -0.0110755639973 0.0550504313867 0.03725
v -0.0111328792973 0.0548646197481 0.03725
v -0.0111789797024 0.0546757129952 0.03725
v -0.0112137001852 0.0544843873651 0.03725
v -0.0112369164555 0.0542913277539 0.03725
v -0.0112485454049 0.0540972252651 0.03725
v -0.0112485454049 0.0539027747349 0.03725
v -0.0112369164555 0.0537086722461 0.03725
v -0.0112137001852 0.0535156126349 0.03725
v -0.0111789797024 0.0533242870048 0.03725
v -0.0111328792973 0.0531353802519 0.03725
v -0.0110755639973 0.0529495686133 0.03725
v -0.0110072389765 0.0527675172464 0.03725
v -0.0109281488207 0.0525898778479 0.03725
v -0.010838576652 0.0524172863207 0.03725
v -0.0107388431156 0.0522503604977 0.03725
v -0.0106293052317 0.05208969793 0.03725
v -0.0105103551175 0.051935873748 0.03725
v -0.0103824185834 0.0517894386022 0.03725
v -0.0102459536092 0.0516509166926 0.03725
v -0.010101448704 0.0515208038914 0.03725
v -0.00994942115774 0.051399565969 0.03725
v -0.00979041518972 0.0512876369254 0.03725
v -0.009625 0.0511854174377 0.03725
v -0.00945376773203 0.0510932734251 0.03725
v -0.00927733135288 0.0510115347392 0.03725
v -0.00909632245899 0.0509404939834 0.03725
v -0.00891138901524 0.050880405465 0.03725
v -0.00872319303536 0.0508314842854 0.03725
v -0.0085324082121 0.0507939055697 0.03725
v -0.00833971750562 0.0507678038401 0.03725
v -0.00814581069864 0.0507532725337 0.03725
v -0.0079513819272 0.0507503636691 0.03725
v -0.00775712719584 0.0507590876592 0.03725
v -0.00756374188609 0.0507794132743 0.03725
v -0.00737191826716 0.050811267754 0.03725
v -0.00718234301783 0.0508545370675 0.03725
v -0.00699569476828 0.050909066322 0.03725
v -0.00681264167081 0.0509746603169 0.03725
v -0.00663383900799 0.0510510842427 0.03725
v -0.00645992684696 0.0511380645215 0.03725
v -0.00629152774812 0.0512352897865 0.03725
v -0.00612924453652 0.0513424119966 0.03725
v -0.00597365814396 0.051459047682 0.03725
v -0.00582532552933 0.0515847793172 0.03725
v -0.00568477768491 0.0517191568156 0.03725
v -0.00555251773549 0.0518616991407 0.03725
v -0.00542901913737 0.0520118960279 0.03725
v -0.00531472398347 0.0521692098113 0.03725
v -0.00521004142079 0.0523330773484 0.03725
v -0.00511534618574 0.052502912036 0.03725
v -0.00503097726266 0.05267810591 0.03725
v -0.00495723667042 0.0528580318217 0.03725
v -0.0048943883812 0.0530420456832 0.03725
v -0.00484265737555 0.0532294887724 0.03725
v -0.00480222883705 0.0534196900919 0.03725
v -0.00477324748939 0.0536119687702 0.03725
v -0.00475581707825 0.0538056364997 0.03725
v -0.00655 0.054 0.03725
v -0.00655259531184 0.0540867160232 0.03725
v -0.0065603719568 0.0541731216256 0.03725
v -0.00657330209653 0.0542589074975 0.03725
v -0.00659133944448 0.0543437665477 0.03725
v -0.00661441943161 0.0544273950029 0.03725
v -0.00664245943757 0.0545094934949 0.03725
v -0.00667535908642 0.0545897681325 0.03725
v -0.00671300060594 0.0546679315532 0.03725
v -0.00675524924928 0.0547437039522 0.03725
v -0.00680195377724 0.0548168140842 0.03725
v -0.00685294699975 0.0548870002337 0.03725
v -0.00690804637429 0.0549540111526 0.03725
v -0.00696705465942 0.0550176069592 0.03725
v -0.00702976062078 0.0550775599969 0.03725
v -0.0070959397873 0.0551336556496 0.03725
v -0.00716535525476 0.0551856931092 0.03725
v -0.00723775853377 0.0552334860952 0.03725
v -0.00731289043941 0.0552768635212 0.03725
v -0.00739048201895 0.0553156701071 0.03725
v -0.00747025551467 0.0553497669355 0.03725
v -0.00755192535816 0.0553790319486 0.03725
v -0.00763519919257 0.0554033603853 0.03725
v -0.0077197789192 0.0554226651559 0.03725
v -0.00780536176456 0.0554368771546 0.03725
v -0.0078916413643 0.0554459455059 0.03725
v -0.00797830885983 0.0554498377476 0.03725
v -0.00806505400401 0.0554485399465 0.03725
v -0.00815156627174 0.0554420567483 0.03725
v -0.00823753597155 0.0554304113612 0.03725
v -0.00832265535424 0.0554136454727 0.03725
v -0.00840661971449 0.0553918191002 0.03725
v -0.00848912848171 0.0553650103767 0.03725
v -0.0085698862959 0.0553333152702 0.03725
v -0.00864860406506 0.0552968472411 0.03725
v -0.008725 0.0552557368355 0.03725
v -0.00879880062311 0.0552101312179 0.03725
v -0.0088697417473 0.0551601936446 0.03725
v -0.00893756942176 0.0551061028792 0.03725
v -0.00900204084103 0.0550480525525 0.03725
v -0.00906292521415 0.0549862504698 0.03725
v -0.00912000459088 0.0549209178663 0.03725
v -0.00917307464184 0.0548522886158 0.03725
v -0.00922194539005 0.0547806083933 0.03725
v -0.00926644189089 0.0547061337954 0.03725
v -0.00930640485846 0.0546291314217 0.03725
v -0.00934169123569 0.0545498769208 0.03725
v -0.00937217470651 0.0544686540033 0.03725
v -0.00939774614801 0.0543857534261 0.03725
v -0.00941831402106 0.0543014719517 0.03725
v -0.00943380469803 0.054216111286 0.03725
v -0.00944416272629 0.0541299769979 0.03725
v -0.00944935102681 0.0540433774259 0.03725
v -0.00944935102681 0.0539566225741 0.03725
v -0.00944416272629 0.0538700230021 0.03725
v -0.00943380469803 0.053783888714 0.03725
v -0.00941831402106 0.0536985280483 0.03725
v -0.00939774614801 0.0536142465739 0.03725
v -0.00937217470651 0.0535313459967 0.03725
v -0.00934169123569 0.0534501230792 0.03725
v -0.00930640485846 0.0533708685783 0.03725
v -0.00926644189089 0.0532938662046 0.03725
v -0.00922194539005 0.0532193916067 0.03725
v -0.00917307464184 0.0531477113842 0.03725
v -0.00912000459088 0.0530790821337 0.03725
v -0.00906292521415 0.0530137495302 0.03725
v -0.00900204084103 0.0529519474475 0.03725
v -0.00893756942176 0.0528938971208 0.03725
v -0.0088697417473 0.0528398063554 0.03725
v -0.00879880062311 0.0527898687821 0.03725
v -0.008725 0.0527442631645 0.03725
v -0.00864860406506 0.0527031527589 0.03725
v -0.0085698862959 0.0526666847298 0.03725
v -0.00848912848171 0.0526349896233 0.03725
v -0.00840661971449 0.0526081808998 0.03725
v -0.00832265535424 0.0525863545273 0.03725
v -0.00823753597155 0.0525695886388 0.03725
v -0.00815156627174 0.0525579432517 0.03725
v -0.00806505400401 0.0525514600535 0.03725
v -0.00797830885983 0.0525501622524 0.03725
v -0.0078916413643 0.0525540544941 0.03725
v -0.00780536176456 0.0525631228454 0.03725
v -0.0077197789192 0.0525773348441 0.03725
v -0.00763519919257 0.0525966396147 0.03725
v -0.00755192535816 0.0526209680514 0.03725
v -0.00747025551467 0.0526502330645 0.03725
v -0.00739048201895 0.0526843298929 0.03725
v -0.00731289043941 0.0527231364788 0.03725
v -0.00723775853377 0.0527665139048 0.03725
v -0.00716535525476 0.0528143068908 0.03725
v -0.0070959397873 0.0528663443504 0.03725
v -0.00702976062078 0.0529224400031 0.03725
v -0.00696705465942 0.0529823930408 0.03725
v -0.00690804637429 0.0530459888474 0.03725
v -0.00685294699975 0.0531129997663 0.03725
v -0.00680195377724 0.0531831859158 0.03725
v -0.00675524924928 0.0532562960478 0.03725
v -0.00671300060594 0.0533320684468 0.03725
v -0.00667535908642 0.0534102318675 0.03725
v -0.00664245943757 0.0534905065051 0.03725
v -0.00661441943161 0.0535726049971 0.03725
v -0.00659133944448 0.0536562334523 0.03725
v -0.00657330209653 0.0537410925025 0.03725
v -0.0065603719568 0.0538268783744 0.03725
v -0.00655259531184 0.0539132839768 0.03725
v 0.01125 0.054 0.03725
v 0.0112441829217 0.0541943635003 0.03725
v 0.0112267525106 0.0543880312298 0.03725
v 0.0111977711629 0.0545803099081 0.03725
v 0.0111573426245 0.0547705112276 0.03725
v 0.0111056116188 0.0549579543168 0.03725
v 0.0110427633296 0.0551419681783 0.03725
v 0.0109690227373 0.05532189409 0.03725
v 0.0108846538143 0.055497087964 0.03725
v 0.0107899585792 0.0556669226516 0.03725
v 0.0106852760165 0.0558307901887 0.03725
v 0.0105709808626 0.0559881039721 0.03725
v 0.0104474822645 0.0561383008593 0.03725
v 0.0103152223151 0.0562808431844 0.03725
v 0.0101746744707 0.0564152206828 0.03725
v 0.010026341856 0.056540952318 0.03725
v 0.00987075546348 0.0566575880034 0.03725
v 0.00970847225188 0.0567647102135 0.03725
v 0.00954007315304 0.0568619354785 0.03725
v 0.00936616099201 0.0569489157573 0.03725
v 0.00918735832919 0.0570253396831 0.03725
v 0.00900430523172 0.057090933678 0.03725
v 0.00881765698217 0.0571454629325 0.03725
v 0.00862808173284 0.057188732246 0.03725
v 0.00843625811391 0.0572205867257 0.03725
v 0.00824287280416 0.0572409123408 0.03725
v 0.0080486180728 0.0572496363309 0.03725
v 0.00785418930136 0.0572467274663 0.03725
v 0.00766028249438 0.0572321961599 0.03725
v 0.0074675917879 0.0572060944303 0.03725
v 0.00727680696464 0.0571685157146 0.03725
v 0.00708861098476 0.057119594535 0.03725
v 0.00690367754101 0.0570595060166 0.03725
v 0.00672266864712 0.0569884652608 0.03725
v 0.00654623226797 0.0569067265749 0.03725
v 0.006375 0.0568145825623 0.03725
v 0.00620958481028 0.0567123630746 0.03725
v 0.00605057884226 0.056600434031 0.03725
v 0.00589855129605 0.0564791961086 0.03725
v 0.00575404639079 0.0563490833074 0.03725
v 0.00561758141655 0.0562105613978 0.03725
v 0.00548964488252 0.056064126252 0.03725
v 0.00537069476828 0.05591030207 0.03725
v 0.00526115688437 0.0557496395023 0.03725
v 0.00516142334799 0.0555827136793 0.03725
v 0.00507185117932 0.0554101221521 0.03725
v 0.00499276102346 0.0552324827536 0.03725
v 0.00492443600265 0.0550504313867 0.03725
v 0.00486712070274 0.0548646197481 0.03725
v 0.00482102029762 0.0546757129952 0.03725
v 0.00478629981477 0.0544843873651 0.03725
v 0.00476308354452 0.0542913277539 0.03725
v 0.00475145459508 0.0540972252651 0.03725
v 0.00475145459508 0.0539027747349 0.03725
v 0.00476308354452 0.0537086722461 0.03725
v 0.00478629981477 0.0535156126349 0.03725
v 0.00482102029762 0.0533242870048 0.03725
v 0.00486712070274 0.0531353802519 0.03725
v 0.00492443600265 0.0529495686133 0.03725
v 0.00499276102346 0.0527675172464 0.03725
v 0.00507185117932 0.0525898778479 0.03725
v 0.00516142334799 0.0524172863207 0.03725
v 0.00526115688437 0.0522503604977 0.03725
v 0.00537069476828 0.05208969793 0.03725
v 0.00548964488252 0.051935873748 0.03725
v 0.00561758141655 0.0517894386022 0.03725
v 0.00575404639079 0.0516509166926 0.03725
v 0.00589855129605 0.0515208038914 0.03725
v 0.00605057884226 0.051399565969 0.03725
v 0.00620958481028 0.0512876369254 0.03725
v 0.006375 0.0511854174377 0.03725
v 0.00654623226797 0.0510932734251 0.03725
v 0.00672266864712 0.0510115347392 0.03725
v 0.00690367754101 0.0509404939834 0.03725
v 0.00708861098476 0.050880405465 0.03725
v 0.00727680696464 0.0508314842854 0.03725
v 0.0074675917879 0.0507939055697 0.03725
v 0.00766028249438 0.0507678038401 0.03725
v 0.00785418930136 0.0507532725337 0.03725
v 0.0080486180728 0.0507503636691 0.03725
v 0.00824287280416 0.0507590876592 0.03725
v 0.00843625811391 0.0507794132743 0.03725
v 0.00862808173284 0.050811267754 0.03725
v 0.00881765698217 0.0508545370675 0.03725
v 0.00900430523172 0.050909066322 0.03725
v 0.00918735832919 0.0509746603169 0.03725
v 0.00936616099201 0.0510510842427 0.03725
v 0.00954007315304 0.0511380645215 0.03725
v 0.00970847225188 0.0512352897865 0.03725
v 0.00987075546348 0.0513424119966 0.03725
v 0.010026341856 0.051459047682 0.03725
v 0.0101746744707 0.0515847793172 0.03725
v 0.0103152223151 0.0517191568156 0.03725
v 0.0104474822645 0.0518616991407 0.03725
v 0.0105709808626 0.0520118960279 0.03725
v 0.0106852760165 0.0521692098113 0.03725
v 0.0107899585792 0.0523330773484 0.03725
v 0.0108846538143 0.052502912036 0.03725
v 0.0109690227373 0.05267810591 0.03725
v 0.0110427633296 0.0528580318217 0.03725
v 0.0111056116188 0.0530420456832 0.03725
v 0.0111573426245 0.0532294887724 0.03725
v 0.0111977711629 0.0534196900919 0.03725
v 0.0112267525106 0.0536119687702 0.03725
v 0.0112441829217 0.0538056364997 0.03725
v 0.00945 0.054 0.03725
v 0.00944740468816 0.0540867160232 0.03725
v 0.0094396280432 0.0541731216256 0.03725
v 0.00942669790347 0.0542589074975 0.03725
v 0.00940866055552 0.0543437665477 0.03725
v 0.00938558056839 0.0544273950029 0.03725
v 0.00935754056243 0.0545094934949 0.03725
v 0.00932464091358 0.0545897681325 0.03725
v 0.00928699939406 0.0546679315532 0.03725
v 0.00924475075072 0.0547437039522 0.03725
v 0.00919804622276 0.0548168140842 0.03725
v 0.00914705300025 0.0548870002337 0.03725
v 0.00909195362571 0.0549540111526 0.03725
v 0.00903294534058 0.0550176069592 0.03725
v 0.00897023937922 0.0550775599969 0.03725
v 0.0089040602127 0.0551336556496 0.03725
v 0.00883464474524 0.0551856931092 0.03725
v 0.00876224146623 0.0552334860952 0.03725
v 0.00868710956059 0.0552768635212 0.03725
v 0.00860951798105 0.0553156701071 0.03725
v 0.00852974448533 0.0553497669355 0.03725
v 0.00844807464184 0.0553790319486 0.03725
v 0.00836480080743 0.0554033603853 0.03725
v 0.0082802210808 0.0554226651559 0.03725
v 0.00819463823544 0.0554368771546 0.03725
v 0.0081083586357 0.0554459455059 0.03725
v 0.00802169114017 0.0554498377476 0.03725
v 0.00793494599599 0.0554485399465 0.03725
v 0.00784843372826 0.0554420567483 0.03725
v 0.00776246402845 0.0554304113612 0.03725
v 0.00767734464576 0.0554136454727 0.03725
v 0.00759338028551 0.0553918191002 0.03725
v 0.00751087151829 0.0553650103767 0.03725
v 0.0074301137041 0.0553333152702 0.03725
v 0.00735139593494 0.0552968472411 0.03725
v 0.007275 0.0552557368355 0.03725
v 0.00720119937689 0.0552101312179 0.03725
v 0.0071302582527 0.0551601936446 0.03725
v 0.00706243057824 0.0551061028792 0.03725
v 0.00699795915897 0.0550480525525 0.03725
v 0.00693707478585 0.0549862504698 0.03725
v 0.00687999540912 0.0549209178663 0.03725
v 0.00682692535816 0.0548522886158 0.03725
v 0.00677805460995 0.0547806083933 0.03725
v 0.00673355810911 0.0547061337954 0.03725
v 0.00669359514154 0.0546291314217 0.03725
v 0.00665830876431 0.0545498769208 0.03725
v 0.00662782529349 0.0544686540033 0.03725
v 0.00660225385199 0.0543857534261 0.03725
v 0.00658168597894 0.0543014719517 0.03725
v 0.00656619530197 0.054216111286 0.03725
v 0.00655583727371 0.0541299769979 0.03725
v 0.00655064897319 0.0540433774259 0.03725
v 0.00655064897319 0.0539566225741 0.03725
v 0.00655583727371 0.0538700230021 0.03725
v 0.00656619530197 0.053783888714 0.03725
v 0.00658168597894 0.0536985280483 0.03725
v 0.00660225385199 0.0536142465739 0.03725
v 0.00662782529349 0.0535313459967 0.03725
v 0.00665830876431 0.0534501230792 0.03725
v 0.00669359514154 0.0533708685783 0.03725
v 0.00673355810911 0.0532938662046 0.03725
v 0.00677805460995 0.0532193916067 0.03725
v 0.00682692535816 0.0531477113842 0.03725
v 0.00687999540912 0.0530790821337 0.03725
v 0.00693707478585 0.0530137495302 0.03725
v 0.00699795915897 0.0529519474475 0.03725
v 0.00706243057824 0.0528938971208 0.03725
v 0.0071302582527 0.0528398063554 0.03725
v 0.00720119937689 0.0527898687821 0.03725
v 0.007275 0.0527442631645 0.03725
v 0.00735139593494 0.0527031527589 0.03725
v 0.0074301137041 0.0526666847298 0.03725
v 0.00751087151829 0.0526349896233 0.03725
v 0.00759338028551 0.0526081808998 0.03725
v 0.00767734464576 0.0525863545273 0.03725
v 0.00776246402845 0.0525695886388 0.03725
v 0.00784843372826 0.0525579432517 0.03725
v 0.00793494599599 0.0525514600535 0.03725
v 0.00802169114017 0.0525501622524 0.03725
v 0.0081083586357 0.0525540544941 0.03725
v 0.00819463823544 0.0525631228454 0.03725
v 0.0082802210808 0.0525773348441 0.03725
v 0.00836480080743 0.0525966396147 0.03725
v 0.00844807464184 0.0526209680514 0.03725
v 0.00852974448533 0.0526502330645 0.03725
v 0.00860951798105 0.0526843298929 0.03725
v 0.00868710956059 0.0527231364788 0.03725
v 0.00876224146623 0.0527665139048 0.03725
v 0.00883464474524 0.0528143068908 0.03725
v 0.0089040602127 0.0528663443504 0.03725
v 0.00897023937922 0.0529224400031 0.03725
v 0.00903294534058 0.0529823930408 0.03725
v 0.00909195362571 0.0530459888474 0.03725
v 0.00914705300025 0.0531129997663 0.03725
v 0.00919804622276 0.0531831859158 0.03725
v 0.00924475075072 0.0532562960478 0.03725
v 0.00928699939406 0.0533320684468 0.03725
v 0.00932464091358 0.0534102318675 0.03725
v 0.00935754056243 0.0534905065051 0.03725
v 0.00938558056839 0.0535726049971 0.03725
v 0.00940866055552 0.0536562334523 0.03725
v 0.00942669790347 0.0537410925025 0.03725
v 0.0094396280432 0.0538268783744 0.03725
v 0.00944740468816 0.0539132839768 0.03725
v -0.00475 0.066 0.03725
v -0.00475581707825 0.0661943635003 0.03725
v -0.00477324748939 0.0663880312298 0.03725
v -0.00480222883705 0.0665803099081 0.03725
v -0.00484265737555 0.0667705112276 0.03725
v -0.0048943883812 0.0669579543168 0.03725
v -0.00495723667042 0.0671419681783 0.03725
v -0.00503097726266 0.06732189409 0.03725
v -0.00511534618574 0.067497087964 0.03725
v -0.00521004142079 0.0676669226516 0.03725
v -0.00531472398347 0.0678307901887 0.03725
v -0.00542901913737 0.0679881039721 0.03725
v -0.00555251773549 0.0681383008593 0.03725
v -0.00568477768491 0.0682808431844 0.03725
v -0.00582532552933 0.0684152206828 0.03725
v -0.00597365814396 0.068540952318 0.03725
v -0.00612924453652 0.0686575880034 0.03725
v -0.00629152774812 0.0687647102135 0.03725
v -0.00645992684696 0.0688619354785 0.03725
v -0.00663383900799 0.0689489157573 0.03725
v -0.00681264167081 0.0690253396831 0.03725
v -0.00699569476828 0.069090933678 0.03725
v -0.00718234301783 0.0691454629325 0.03725
v -0.00737191826716 0.069188732246 0.03725
v -0.00756374188609 0.0692205867257 0.03725
v -0.00775712719584 0.0692409123408 0.03725
v -0.0079513819272 0.0692496363309 0.03725
v -0.00814581069864 0.0692467274663 0.03725
v -0.00833971750562 0.0692321961599 0.03725
v -0.0085324082121 0.0692060944303 0.03725
v -0.00872319303536 0.0691685157146 0.03725
v -0.00891138901524 0.069119594535 0.03725
v -0.00909632245899 0.0690595060166 0.03725
v -0.00927733135288 0.0689884652608 0.03725
v -0.00945376773203 0.0689067265749 0.03725
v -0.009625 0.0688145825623 0.03725
v -0.00979041518972 0.0687123630746 0.03725
v -0.00994942115774 0.068600434031 0.03725
v -0.010101448704 0.0684791961086 0.03725
v -0.0102459536092 0.0683490833074 0.03725
v -0.0103824185834 0.0682105613978 0.03725
v -0.0105103551175 0.068064126252 0.03725
v -0.0106293052317 0.06791030207 0.03725
v -0.0107388431156 0.0677496395023 0.03725
v -0.010838576652 0.0675827136793 0.03725
v -0.0109281488207 0.0674101221521 0.03725
v -0.0110072389765 0.0672324827536 0.03725
v -0.0110755639973 0.0670504313867 0.03725
v -0.0111328792973 0.0668646197481 0.03725
v -0.0111789797024 0.0666757129952 0.03725
v -0.0112137001852 0.0664843873651 0.03725
v -0.0112369164555 0.0662913277539 0.03725
v -0.0112485454049 0.0660972252651 0.03725
v -0.0112485454049 0.0659027747349 0.03725
v -0.0112369164555 0.0657086722461 0.03725
v -0.0112137001852 0.0655156126349 0.03725
v -0.0111789797024 0.0653242870048 0.03725
v -0.0111328792973 0.0651353802519 0.03725
v -0.0110755639973 0.0649495686133 0.03725
v -0.0110072389765 0.0647675172464 0.03725
v -0.0109281488207 0.0645898778479 0.03725
v -0.010838576652 0.0644172863207 0.03725
v -0.0107388431156 0.0642503604977 0.03725
v -0.0106293052317 0.06408969793 0.03725
v -0.0105103551175 0.063935873748 0.03725
v -0.0103824185834 0.0637894386022 0.03725
v -0.0102459536092 0.0636509166926 0.03725
v -0.010101448704 0.0635208038914 0.03725
v -0.00994942115774 0.063399565969 0.03725
v -0.00979041518972 0.0632876369254 0.03725
v -0.009625 0.0631854174377 0.03725
v -0.00945376773203 0.0630932734251 0.03725
v -0.00927733135288 0.0630115347392 0.03725
v -0.00909632245899 0.0629404939834 0.03725
v -0.00891138901524 0.062880405465 0.03725
v -0.00872319303536 0.0628314842854 0.03725
v -0.0085324082121 0.0627939055697 0.03725
v -0.00833971750562 0.0627678038401 0.03725
v -0.00814581069864 0.0627532725337 0.03725
v -0.0079513819272 0.0627503636691 0.03725
v -0.00775712719584 0.0627590876592 0.03725
v -0.00756374188609 0.0627794132743 0.03725
v -0.00737191826716 0.062811267754 0.03725
v -0.00718234301783 0.0628545370675 0.03725
v -0.00699569476828 0.062909066322 0.03725
v -0.00681264167081 0.0629746603169 0.03725
v -0.00663383900799 0.0630510842427 0.03725
v -0.00645992684696 0.0631380645215 0.03725
v -0.00629152774812 0.0632352897865 0.03725
v -0.00612924453652 0.0633424119966 0.03725
v -0.00597365814396 0.063459047682 0.03725
v -0.00582532552933 0.0635847793172 0.03725
v -0.00568477768491 0.0637191568156 0.03725
v -0.00555251773549 0.0638616991407 0.03725
v -0.00542901913737 0.0640118960279 0.03725
v -0.00531472398347 0.0641692098113 0.03725
v -0.00521004142079 0.0643330773484 0.03725
v -0.00511534618574 0.064502912036 0.03725
v -0.00503097726266 0.06467810591 0.03725
v -0.00495723667042 0.0648580318217 0.03725
v -0.0048943883812 0.0650420456832 0.03725
v -0.00484265737555 0.0652294887724 0.03725
v -0.00480222883705 0.0654196900919 0.03725
v -0.00477324748939 0.0656119687702 0.03725
v -0.00475581707825 0.0658056364997 0.03725
v -0.00655 0.066 0.03725
v -0.00655259531184 0.0660867160232 0.03725
v -0.0065603719568 0.0661731216256 0.03725
v -0.00657330209653 0.0662589074975 0.03725
v -0.00659133944448 0.0663437665477 0.03725
v -0.00661441943161 0.0664273950029 0.03725
v -0.00664245943757 0.0665094934949 0.03725
v -0.00667535908642 0.0665897681325 0.03725
v -0.00671300060594 0.0666679315532 0.03725
v -0.00675524924928 0.0667437039522 0.03725
v -0.00680195377724 0.0668168140842 0.03725
v -0.00685294699975 0.0668870002337 0.03725
v -0.00690804637429 0.0669540111526 0.03725
v -0.00696705465942 0.0670176069592 0.03725
v -0.00702976062078 0.0670775599969 0.03725
v -0.0070959397873 0.0671336556496 0.03725
v -0.00716535525476 0.0671856931092 0.03725
v -0.00723775853377 0.0672334860952 0.03725
v -0.00731289043941 0.0672768635212 0.03725
v -0.00739048201895 0.0673156701071 0.03725
v -0.00747025551467 0.0673497669355 0.03725
v -0.00755192535816 0.0673790319486 0.03725
v -0.00763519919257 0.0674033603853 0.03725
v -0.0077197789192 0.0674226651559 0.03725
v -0.00780536176456 0.0674368771546 0.03725
v -0.0078916413643 0.0674459455059 0.03725
v -0.00797830885983 0.0674498377476 0.03725
v -0.00806505400401 0.0674485399465 0.03725
v -0.00815156627174 0.0674420567483 0.03725
v -0.00823753597155 0.0674304113612 0.03725
v -0.00832265535424 0.0674136454727 0.03725
v -0.00840661971449 0.0673918191002 0.03725
v -0.00848912848171 0.0673650103767 0.03725
v -0.0085698862959 0.0673333152702 0.03725
v -0.00864860406506 0.0672968472411 0.03725
v -0.008725 0.0672557368355 0.03725
v -0.00879880062311 0.0672101312179 0.03725
v -0.0088697417473 0.0671601936446 0.03725
v -0.00893756942176 0.0671061028792 0.03725
v -0.00900204084103 0.0670480525525 0.03725
v -0.00906292521415 0.0669862504698 0.03725
v -0.00912000459088 0.0669209178663 0.03725
v -0.00917307464184 0.0668522886158 0.03725
v -0.00922194539005 0.0667806083933 0.03725
v -0.00926644189089 0.0667061337954 0.03725
v -0.00930640485846 0.0666291314217 0.03725
v -0.00934169123569 0.0665498769208 0.03725
v -0.00937217470651 0.0664686540033 0.03725
v -0.00939774614801 0.0663857534261 0.03725
v -0.00941831402106 0.0663014719517 0.03725
v -0.00943380469803 0.066216111286 0.03725
v -0.00944416272629 0.0661299769979 0.03725
v -0.00944935102681 0.0660433774259 0.03725
v -0.00944935102681 0.0659566225741 0.03725
v -0.00944416272629 0.0658700230021 0.03725
v -0.00943380469803 0.065783888714 0.03725
v -0.00941831402106 0.0656985280483 0.03725
v -0.00939774614801 0.0656142465739 0.03725
v -0.00937217470651 0.0655313459967 0.03725
v -0.00934169123569 0.0654501230792 0.03725
v -0.00930640485846 0.0653708685783 0.03725
v -0.00926644189089 0.0652938662046 0.03725
v -0.00922194539005 0.0652193916067 0.03725
v -0.00917307464184 0.0651477113842 0.03725
v -0.00912000459088 0.0650790821337 0.03725
v -0.00906292521415 0.0650137495302 0.03725
v -0.00900204084103 0.0649519474475 0.03725
v -0.00893756942176 0.0648938971208 0.03725
v -0.0088697417473 0.0648398063554 0.03725
v -0.00879880062311 0.0647898687821 0.03725
v -0.008725 0.0647442631645 0.03725
v -0.00864860406506 0.0647031527589 0.03725
v -0.0085698862959 0.0646666847298 0.03725
v -0.00848912848171 0.0646349896233 0.03725
v -0.00840661971449 0.0646081808998 0.03725
v -0.00832265535424 0.0645863545273 0.03725
v -0.00823753597155 0.0645695886388 0.03725
v -0.00815156627174 0.0645579432517 0.03725
v -0.00806505400401 0.0645514600535 0.03725
v -0.00797830885983 0.0645501622524 0.03725
v -0.0078916413643 0.0645540544941 0.03725
v -0.00780536176456 0.0645631228454 0.03725
v -0.0077197789192 0.0645773348441 0.03725
v -0.00763519919257 0.0645966396147 0.03725
v -0.00755192535816 0.0646209680514 0.03725
v -0.00747025551467 0.0646502330645 0.03725
v -0.00739048201895 0.0646843298929 0.03725
v -0.00731289043941 0.0647231364788 0.03725
v -0.00723775853377 0.0647665139048 0.03725
v -0.00716535525476 0.0648143068908 0.03725
v -0.0070959397873 0.0648663443504 0.03725
v -0.00702976062078 0.0649224400031 0.03725
v -0.00696705465942 0.0649823930408 0.03725
v -0.00690804637429 0.0650459888474 0.03725
v -0.00685294699975 0.0651129997663 0.03725
v -0.00680195377724 0.0651831859158 0.03725
v -0.00675524924928 0.0652562960478 0.03725
v -0.00671300060594 0.0653320684468 0.03725
v -0.00667535908642 0.0654102318675 0.03725
v -0.00664245943757 0.0654905065051 0.03725
v -0.00661441943161 0.0655726049971 0.03725
v -0.00659133944448 0.0656562334523 0.03725
v -0.00657330209653 0.0657410925025 0.03725
v -0.0065603719568 0.0658268783744 0.03725
v -0.00655259531184 0.0659132839768 0.03725
v 0.01125 0.066 0.03725
v 0.0112441829217 0.0661943635003 0.03725
v 0.0112267525106 0.0663880312298 0.03725
v 0.0111977711629 0.0665803099081 0.03725
v 0.0111573426245 0.0667705112276 0.03725
v 0.0111056116188 0.0669579543168 0.03725
v 0.0110427633296 0.0671419681783 0.03725
v 0.0109690227373 0.06732189409 0.03725
v 0.0108846538143 0.067497087964 0.03725
v 0.0107899585792 0.0676669226516 0.03725
v 0.0106852760165 0.0678307901887 0.03725
v 0.0105709808626 0.0679881039721 0.03725
v 0.0104474822645 0.0681383008593 0.03725
v 0.0103152223151 0.0682808431844 0.03725
v 0.0101746744707 0.0684152206828 0.03725
v 0.010026341856 0.068540952318 0.03725
v 0.00987075546348 0.0686575880034 0.03725
v 0.00970847225188 0.0687647102135 0.03725
v 0.00954007315304 0.0688619354785 0.03725
v 0.00936616099201 0.0689489157573 0.03725
v 0.00918735832919 0.0690253396831 0.03725
v 0.00900430523172 0.069090933678 0.03725
v 0.00881765698217 0.0691454629325 0.03725
v 0.00862808173284 0.069188732246 0.03725
v 0.00843625811391 0.0692205867257 0.03725
v 0.00824287280416 0.0692409123408 0.03725
v 0.0080486180728 0.0692496363309 0.03725
v 0.00785418930136 0.0692467274663 0.03725
v 0.00766028249438 0.0692321961599 0.03725
v 0.0074675917879 0.0692060944303 0.03725
v 0.00727680696464 0.0691685157146 0.03725
v 0.00708861098476 0.069119594535 0.03725
v 0.00690367754101 0.0690595060166 0.03725
v 0.00672266864712 0.0689884652608 0.03725
v 0.00654623226797 0.0689067265749 0.03725
v 0.006375 0.0688145825623 0.03725
v 0.00620958481028 0.0687123630746 0.03725
v 0.00605057884226 0.068600434031 0.03725
v 0.00589855129605 0.0684791961086 0.03725
v 0.00575404639079 0.0683490833074 0.03725
v 0.00561758141655 0.0682105613978 0.03725
v 0.00548964488252 0.068064126252 0.03725
v 0.00537069476828 0.06791030207 0.03725
v 0.00526115688437 0.0677496395023 0.03725
v 0.00516142334799 0.0675827136793 0.03725
v 0.00507185117932 0.0674101221521 0.03725
v 0.00499276102346 0.0672324827536 0.03725
v 0.00492443600265 0.0670504313867 0.03725
v 0.00486712070274 0.0668646197481 0.03725
v 0.00482102029762 0.0666757129952 0.03725
v 0.00478629981477 0.0664843873651 0.03725
v 0.00476308354452 0.0662913277539 0.03725
v 0.00475145459508 0.0660972252651 0.03725
v 0.00475145459508 0.0659027747349 0.03725
v 0.00476308354452 0.0657086722461 0.03725
v 0.00478629981477 0.0655156126349 0.03725
v 0.00482102029762 0.0653242870048 0.03725
v 0.00486712070274 0.0651353802519 0.03725
v 0.00492443600265 0.0649495686133 0.03725
v 0.00499276102346 0.0647675172464 0.03725
v 0.00507185117932 0.0645898778479 0.03725
v 0.00516142334799 0.0644172863207 0.03725
v 0.00526115688437 0.0642503604977 0.03725
v 0.00537069476828 0.06408969793 0.03725
v 0.00548964488252 0.063935873748 0.03725
v 0.00561758141655 0.0637894386022 0.03725
v 0.00575404639079 0.0636509166926 0.03725
v 0.00589855129605 0.0635208038914 0.03725
v 0.00605057884226 0.063399565969 0.03725
v 0.00620958481028 0.0632876369254 0.03725
v 0.006375 0.0631854174377 0.03725
v 0.00654623226797 0.0630932734251 0.03725
v 0.00672266864712 0.0630115347392 0.03725
v 0.00690367754101 0.0629404939834 0.03725
v 0.00708861098476 0.062880405465 0.03725
v 0.00727680696464 0.0628314842854 0.03725
v 0.0074675917879 0.0627939055697 0.03725
v 0.00766028249438 0.0627678038401 0.03725
v 0.00785418930136 0.0627532725337 0.03725
v 0.0080486180728 0.0627503636691 0.03725
v 0.00824287280416 0.0627590876592 0.03725
v 0.00843625811391 0.0627794132743 0.03725
v 0.00862808173284 0.062811267754 0.03725
v 0.00881765698217 0.0628545370675 0.03725
v 0.00900430523172 0.062909066322 0.03725
v 0.00918735832919 0.0629746603169 0.03725
v 0.00936616099201 0.0630510842427 0.03725
v 0.00954007315304 0.0631380645215 0.03725
v 0.00970847225188 0.0632352897865 0.03725
v 0.00987075546348 0.0633424119966 0.03725
v 0.010026341856 0.063459047682 0.03725
v 0.0101746744707 0.0635847793172 0.03725
v 0.0103152223151 0.0637191568156 0.03725
v 0.0104474822645 0.0638616991407 0.03725
v 0.0105709808626 0.0640118960279 0.03725
v 0.0106852760165 0.0641692098113 0.03725
v 0.0107899585792 0.0643330773484 0.03725
v 0.0108846538143 0.064502912036 0.03725
v 0.0109690227373 0.06467810591 0.03725
v 0.0110427633296 0.0648580318217 0.03725
v 0.0111056116188 0.0650420456832 0.03725
v 0.0111573426245 0.0652294887724 0.03725
v 0.0111977711629 0.0654196900919 0.03725
v 0.0112267525106 0.0656119687702 0.03725
v 0.0112441829217 0.0658056364997 0.03725
v 0.00945 0.066 0.03725
v 0.00944740468816 0.0660867160232 0.03725
v 0.0094396280432 0.0661731216256 0.03725
v 0.00942669790347 0.0662589074975 0.03725
v 0.00940866055552 0.0663437665477 0.03725
v 0.00938558056839 0.0664273950029 0.03725
v 0.00935754056243 0.0665094934949 0.03725
v 0.00932464091358 0.0665897681325 0.03725
v 0.00928699939406 0.0666679315532 0.03725
v 0.00924475075072 0.0667437039522 0.03725
v 0.00919804622276 0.0668168140842 0.03725
v 0.00914705300025 0.0668870002337 0.03725
v 0.00909195362571 0.0669540111526 0.03725
v 0.00903294534058 0.0670176069592 0.03725
v 0.00897023937922 0.0670775599969 0.03725
v 0.0089040602127 0.0671336556496 0.03725
v 0.00883464474524 0.0671856931092 0.03725
v 0.00876224146623 0.0672334860952 0.03725
v 0.00868710956059 0.0672768635212 0.03725
v 0.00860951798105 0.0673156701071 0.03725
v 0.00852974448533 0.0673497669355 0.03725
v 0.00844807464184 0.0673790319486 0.03725
v 0.00836480080743 0.0674033603853 0.03725
v 0.0082802210808 0.0674226651559 0.03725
v 0.00819463823544 0.0674368771546 0.03725
v 0.0081083586357 0.0674459455059 0.03725
v 0.00802169114017 0.0674498377476 0.03725
v 0.00793494599599 0.0674485399465 0.03725
v 0.00784843372826 0.0674420567483 0.03725
v 0.00776246402845 0.0674304113612 0.03725
v 0.00767734464576 0.0674136454727 0.03725
v 0.00759338028551 0.0673918191002 0.03725
v 0.00751087151829 0.0673650103767 0.03725
v 0.0074301137041 0.0673333152702 0.03725
v 0.00735139593494 0.0672968472411 0.03725
v 0.007275 0.0672557368355 0.03725
v 0.00720119937689 0.0672101312179 0.03725
v 0.0071302582527 0.0671601936446 0.03725
v 0.00706243057824 0.0671061028792 0.03725
v 0.00699795915897 0.0670480525525 0.03725
v 0.00693707478585 0.0669862504698 0.03725
v 0.00687999540912 0.0669209178663 0.03725
v 0.00682692535816 0.0668522886158 0.03725
v 0.00677805460995 0.0667806083933 0.03725
v 0.00673355810911 0.0667061337954 0.03725
v 0.00669359514154 0.0666291314217 0.03725
v 0.00665830876431 0.0665498769208 0.03725
v 0.00662782529349 0.0664686540033 0.03725
v 0.00660225385199 0.0663857534261 0.03725
v 0.00658168597894 0.0663014719517 0.03725
v 0.00656619530197 0.066216111286 0.03725
v 0.00655583727371 0.0661299769979 0.03725
v 0.00655064897319 0.0660433774259 0.03725
v 0.00655064897319 0.0659566225741 0.03725
v 0.00655583727371 0.0658700230021 0.03725
v 0.00656619530197 0.065783888714 0.03725
v 0.00658168597894 0.0656985280483 0.03725
v 0.00660225385199 0.0656142465739 0.03725
v 0.00662782529349 0.0655313459967 0.03725
v 0.00665830876431 0.0654501230792 0.03725
v 0.00669359514154 0.0653708685783 0.03725
v 0.00673355810911 0.0652938662046 0.03725
v 0.00677805460995 0.0652193916067 0.03725
v 0.00682692535816 0.0651477113842 0.03725
v 0.00687999540912 0.0650790821337 0.03725
v 0.00693707478585 0.0650137495302 0.03725
v 0.00699795915897 0.0649519474475 0.03725
v 0.00706243057824 0.0648938971208 0.03725
v 0.0071302582527 0.0648398063554 0.03725
v 0.00720119937689 0.0647898687821 0.03725
v 0.007275 0.0647442631645 0.03725
v 0.00735139593494 0.0647031527589 0.03725
v 0.0074301137041 0.0646666847298 0.03725
v 0.00751087151829 0.0646349896233 0.03725
v 0.00759338028551 0.0646081808998 0.03725
v 0.00767734464576 0.0645863545273 0.03725
v 0.00776246402845 0.0645695886388 0.03725
v 0.00784843372826 0.0645579432517 0.03725
v 0.00793494599599 0.0645514600535 0.03725
v 0.00802169114017 0.0645501622524 0.03725
v 0.0081083586357 0.0645540544941 0.03725
v 0.00819463823544 0.0645631228454 0.03725
v 0.0082802210808 0.0645773348441 0.03725
v 0.00836480080743 0.0645966396147 0.03725
v 0.00844807464184 0.0646209680514 0.03725
v 0.00852974448533 0.0646502330645 0.03725
v 0.00860951798105 0.0646843298929 0.03725
v 0.00868710956059 0.0647231364788 0.03725
v 0.00876224146623 0.0647665139048 0.03725
v 0.00883464474524 0.0648143068908 0.03725
v 0.0089040602127 0.0648663443504 0.03725
v 0.00897023937922 0.0649224400031 0.03725
v 0.00903294534058 0.0649823930408 0.03725
v 0.00909195362571 0.0650459888474 0.03725
v 0.00914705300025 0.0651129997663 0.03725
v 0.00919804622276 0.0651831859158 0.03725
v 0.00924475075072 0.0652562960478 0.03725
v 0.00928699939406 0.0653320684468 0.03725
v 0.00932464091358 0.0654102318675 0.03725
v 0.00935754056243 0.0654905065051 0.03725
v 0.00938558056839 0.0655726049971 0.03725
v 0.00940866055552 0.0656562334523 0.03725
v 0.00942669790347 0.0657410925025 0.03725
v 0.0094396280432 0.0658268783744 0.03725
v 0.00944740468816 0.0659132839768 0.03725
v -0.02485 0.0568557293481 0.0987384362599
v -0.0248529532859 0.0569510438698 0.098763975709
v -0.0248618025715 0.0570460171903 0.0987894237336
v -0.0248765161788 0.0571403093297 0.0988146892362
v -0.0248970414368 0.0572335827466 0.0988396817729
v -0.0249233048705 0.0573255035465 0.098864311877
v -0.0249552124634 0.0574157426766 0.098888491379
v -0.0249926499949 0.0575039771043 0.0989121337227
v -0.0250354834481 0.0575898909734 0.0989351542745
v -0.0250835594906 0.0576731767343 0.0989574706269
v -0.0251367060224 0.0577535362458 0.0989790028931
v -0.0251947327928 0.0578306818416 0.0989996739932
v -0.0252574320811 0.0579043373604 0.09901940993
v -0.02532457944 0.0579742391348 0.099038140054
v -0.0253959344995 0.0580401369344 0.0990557973162
v -0.0254712418269 0.0581017948623 0.0990723185082
v -0.0255502318416 0.058158992199 0.0990876444883
v -0.0256326217798 0.0582115241929 0.0991017203937
v -0.0257181167069 0.0582592027932 0.0991144958361
v -0.0258064105733 0.0583018573228 0.0991259250829
v -0.0258971873098 0.0583393350895 0.0991359672202
v -0.0259901219593 0.0583715019328 0.0991445862999
v -0.0260848818398 0.0583982427036 0.0991517514678
v -0.0261811277356 0.0584194616769 0.0991574370746
v -0.0262785151114 0.0584350828944 0.0991616227672
v -0.0263766953456 0.058445050436 0.0991642935619
v -0.0264753169784 0.0584493286206 0.0991654398981
v -0.0265740269701 0.0584479021334 0.099165057672
v -0.0266724719644 0.0584407760809 0.0991631482519
v -0.0267702995538 0.0584279759725 0.0991597184732
v -0.026867159541 0.0584095476292 0.0991547806135
v -0.0269627051924 0.0583855570197 0.0991483523491
v -0.0270565944792 0.0583560900242 0.0991404566914
v -0.0271484913022 0.0583212521268 0.099131121905
v -0.0272380666947 0.0582811680383 0.0991203814058
v -0.027325 0.0582359812492 0.0991082736422
v -0.0274089800194 0.0581858535166 0.0990948419567
v -0.0274897061262 0.0581309642846 0.0990801344313
v -0.027566889342 0.0580715100425 0.0990642037152
v -0.0276402533708 0.0580077036211 0.0990471068361
v -0.0277095355885 0.0579397734308 0.0990289049964
v -0.0277744879827 0.0578679626439 0.0990096633541
v -0.0278348780407 0.0577925283246 0.0989894507892
v -0.0278904895818 0.0577137405081 0.0989683396574
v -0.027941123531 0.0576318812344 0.0989464055311
v -0.027986598632 0.0575472435383 0.0989237269287
v -0.0280267520958 0.0574601304009 0.0989003850339
v -0.0280614401833 0.0573708536645 0.0988764634045
v -0.0280905387201 0.0572797329169 0.0988520476738
v -0.0281139435412 0.0571870943465 0.0988272252436
v -0.0281315708633 0.0570932695753 0.098802084972
v -0.0281433575851 0.0569985944719 0.0987767168545
v -0.0281492615133 0.0569034079483 0.0987512117024
v -0.0281492615133 0.0568080507478 0.0987256608175
v -0.0281433575851 0.0567128642243 0.0987001556654
v -0.0281315708633 0.0566181891208 0.0986747875478
v -0.0281139435412 0.0565243643497 0.0986496472762
v -0.0280905387201 0.0564317257793 0.0986248248461
v -0.0280614401833 0.0563406050316 0.0986004091153
v -0.0280267520958 0.0562513282953 0.0985764874859
v -0.027986598632 0.0561642151579 0.0985531455911
v -0.027941123531 0.0560795774618 0.0985304669888
v -0.0278904895818 0.055997718188 0.0985085328625
v -0.0278348780407 0.0559189303715 0.0984874217307
v -0.0277744879827 0.0558434960522 0.0984672091657
v -0.0277095355885 0.0557716852654 0.0984479675234
v -0.0276402533708 0.055703755075 0.0984297656838
v -0.027566889342 0.0556399486536 0.0984126688047
v -0.0274897061262 0.0555804944115 0.0983967380885
v -0.0274089800194 0.0555256051796 0.0983820305631
v -0.027325 0.0554754774469 0.0983685988776
v -0.0272380666947 0.0554302906578 0.098356491114
v -0.0271484913022 0.0553902065693 0.0983457506149
v -0.0270565944792 0.055355368672 0.0983364158284
v -0.0269627051924 0.0553259016765 0.0983285201707
v -0.026867159541 0.055301911067 0.0983220919063
v -0.0267702995538 0.0552834827237 0.0983171540466
v -0.0266724719644 0.0552706826152 0.0983137242679
v -0.0265740269701 0.0552635565627 0.0983118148479
v -0.0264753169784 0.0552621300755 0.0983114326218
v -0.0263766953456 0.0552664082601 0.0983125789579
v -0.0262785151114 0.0552763758018 0.0983152497526
v -0.0261811277356 0.0552919970192 0.0983194354452
v -0.0260848818398 0.0553132159925 0.098325121052
v -0.0259901219593 0.0553399567633 0.0983322862199
v -0.0258971873098 0.0553721236066 0.0983409052996
v -0.0258064105733 0.0554096013734 0.0983509474369
v -0.0257181167069 0.055452255903 0.0983623766837
v -0.0256326217798 0.0554999345032 0.0983751521261
v -0.0255502318416 0.0555524664972 0.0983892280315
v -0.0254712418269 0.0556096638339 0.0984045540117
v -0.0253959344995 0.0556713217617 0.0984210752036
v -0.02532457944 0.0557372195613 0.0984387324658
v -0.0252574320811 0.0558071213357 0.0984574625898
v -0.0251947327928 0.0558807768546 0.0984771985266
v -0.0251367060224 0.0559579224504 0.0984978696267
v -0.0250835594906 0.0560382819618 0.0985194018929
v -0.0250354834481 0.0561215677228 0.0985417182453
v -0.0249926499949 0.0562074815918 0.0985647387971
v -0.0249552124634 0.0562957160195 0.0985883811408
v -0.0249233048705 0.0563859551497 0.0986125606428
v -0.0248970414368 0.0564778759495 0.0986371907469
v -0.0248765161788 0.0565711493664 0.0986621832837
v -0.0248618025715 0.0566654415058 0.0986874487863
v -0.0248529532859 0.0567604148263 0.0987128968108
v -0.02485 0.0568557293481 0.0987384362599
v -0.02485 0.0557945712631 0.102698732148
v -0.02485 0.0557945712631 0.102698732148
v -0.0248529532859 0.0558898857849 0.102724271597
v -0.0248618025715 0.0559848591054 0.102749719621
v -0.0248765161788 0.0560791512448 0.102774985124
v -0.0248970414368 0.0561724246617 0.102799977661
v -0.0249233048705 0.0562643454616 0.102824607765
v -0.0249552124634 0.0563545845917 0.102848787267
v -0.0249926499949 0.0564428190194 0.10287242961
v -0.0250354834481 0.0565287328884 0.102895450162
v -0.0250835594906 0.0566120186494 0.102917766515
v -0.0251367060224 0.0566923781609 0.102939298781
v -0.0251947327928 0.0567695237566 0.102959969881
v -0.0252574320811 0.0568431792755 0.102979705818
v -0.02532457944 0.0569130810499 0.102998435942
v -0.0253959344995 0.0569789788495 0.103016093204
v -0.0254712418269 0.0570406367773 0.103032614396
v -0.0255502318416 0.057097834114 0.103047940376
v -0.0256326217798 0.057150366108 0.103062016281
v -0.0257181167069 0.0571980447083 0.103074791724
v -0.0258064105733 0.0572406992379 0.103086220971
v -0.0258971873098 0.0572781770046 0.103096263108
v -0.0259901219593 0.0573103438479 0.103104882188
v -0.0260848818398 0.0573370846187 0.103112047356
v -0.0261811277356 0.057358303592 0.103117732962
v -0.0262785151114 0.0573739248094 0.103121918655
v -0.0263766953456 0.0573838923511 0.10312458945
v -0.0264753169784 0.0573881705357 0.103125735786
v -0.0265740269701 0.0573867440485 0.10312535356
v -0.0266724719644 0.057379617996 0.10312344414
v -0.0267702995538 0.0573668178876 0.103120014361
v -0.026867159541 0.0573483895442 0.103115076501
v -0.0269627051924 0.0573243989348 0.103108648237
v -0.0270565944792 0.0572949319392 0.103100752579
v -0.0271484913022 0.0572600940419 0.103091417793
v -0.0272380666947 0.0572200099534 0.103080677294
v -0.027325 0.0571748231643 0.10306856953
v -0.0274089800194 0.0571246954317 0.103055137844
v -0.0274897061262 0.0570698061997 0.103040430319
v -0.027566889342 0.0570103519576 0.103024499603
v -0.0276402533708 0.0569465455362 0.103007402724
v -0.0277095355885 0.0568786153458 0.102989200884
v -0.0277744879827 0.056806804559 0.102969959242
v -0.0278348780407 0.0567313702397 0.102949746677
v -0.0278904895818 0.0566525824232 0.102928635545
v -0.027941123531 0.0565707231495 0.102906701419
v -0.027986598632 0.0564860854534 0.102884022817
v -0.0280267520958 0.0563989723159 0.102860680922
v -0.0280614401833 0.0563096955796 0.102836759292
v -0.0280905387201 0.0562185748319 0.102812343562
v -0.0281139435412 0.0561259362615 0.102787521131
v -0.0281315708633 0.0560321114904 0.10276238086
v -0.0281433575851 0.055937436387 0.102737012742
v -0.0281492615133 0.0558422498634 0.10271150759
v -0.0281492615133 0.0557468926629 0.102685956705
v -0.0281433575851 0.0556517061393 0.102660451553
v -0.0281315708633 0.0555570310359 0.102635083436
v -0.0281139435412 0.0554632062648 0.102609943164
v -0.0280905387201 0.0553705676944 0.102585120734
v -0.0280614401833 0.0552794469467 0.102560705003
v -0.0280267520958 0.0551901702104 0.102536783374
v -0.027986598632 0.0551030570729 0.102513441479
v -0.027941123531 0.0550184193768 0.102490762877
v -0.0278904895818 0.0549365601031 0.10246882875
v -0.0278348780407 0.0548577722866 0.102447717618
v -0.0277744879827 0.0547823379673 0.102427505054
v -0.0277095355885 0.0547105271805 0.102408263411
v -0.0276402533708 0.0546425969901 0.102390061572
v -0.027566889342 0.0545787905687 0.102372964692
v -0.0274897061262 0.0545193363266 0.102357033976
v -0.0274089800194 0.0544644470946 0.102342326451
v -0.027325 0.054414319362 0.102328894765
v -0.0272380666947 0.0543691325729 0.102316787002
v -0.0271484913022 0.0543290484844 0.102306046503
v -0.0270565944792 0.054294210587 0.102296711716
v -0.0269627051924 0.0542647435915 0.102288816059
v -0.026867159541 0.0542407529821 0.102282387794
v -0.0267702995538 0.0542223246387 0.102277449934
v -0.0266724719644 0.0542095245303 0.102274020156
v -0.0265740269701 0.0542023984778 0.102272110736
v -0.0264753169784 0.0542009719906 0.10227172851
v -0.0263766953456 0.0542052501752 0.102272874846
v -0.0262785151114 0.0542152177169 0.10227554564
v -0.0261811277356 0.0542308389343 0.102279731333
v -0.0260848818398 0.0542520579076 0.10228541694
v -0.0259901219593 0.0542787986784 0.102292582108
v -0.0258971873098 0.0543109655217 0.102301201187
v -0.0258064105733 0.0543484432884 0.102311243325
v -0.0257181167069 0.054391097818 0.102322672571
v -0.0256326217798 0.0544387764183 0.102335448014
v -0.0255502318416 0.0544913084123 0.102349523919
v -0.0254712418269 0.054548505749 0.102364849899
v -0.0253959344995 0.0546101636768 0.102381371091
v -0.02532457944 0.0546760614764 0.102399028354
v -0.0252574320811 0.0547459632508 0.102417758478
v -0.0251947327928 0.0548196187697 0.102437494414
v -0.0251367060224 0.0548967643654 0.102458165515
v -0.0250835594906 0.0549771238769 0.102479697781
v -0.0250354834481 0.0550604096379 0.102502014133
v -0.0249926499949 0.0551463235069 0.102525034685
v -0.0249552124634 0.0552345579346 0.102548677029
v -0.0249233048705 0.0553247970647 0.102572856531
v -0.0248970414368 0.0554167178646 0.102597486635
v -0.0248765161788 0.0555099912815 0.102622479171
v -0.0248618025715 0.0556042834209 0.102647744674
v -0.0248529532859 0.0556992567414 0.102673192699
v -0.0265 0.0596998847808 0.0995005254113
v -0.0265 0.0598018031183 0.0995278343475
v -0.0265 0.0603986962026 0.0968925256803
v -0.0265 0.06050061454 0.0969198346165
v -0.0265 0.0539096555779 0.0979490381724
v -0.0265 0.0540115739154 0.0979763471086
v -0.0265 0.0546084669997 0.0953410384414
v -0.0265 0.0547103853371 0.0953683473776
v 0.02815 0.0568557293481 0.0987384362599
v 0.0281470467141 0.0569510438698 0.098763975709
v 0.0281381974285 0.0570460171903 0.0987894237336
v 0.0281234838212 0.0571403093297 0.0988146892362
v 0.0281029585632 0.0572335827466 0.0988396817729
v 0.0280766951295 0.0573255035465 0.098864311877
v 0.0280447875366 0.0574157426766 0.098888491379
v 0.0280073500051 0.0575039771043 0.0989121337227
v 0.0279645165519 0.0575898909734 0.0989351542745
v 0.0279164405094 0.0576731767343 0.0989574706269
v 0.0278632939776 0.0577535362458 0.0989790028931
v 0.0278052672072 0.0578306818416 0.0989996739932
v 0.0277425679189 0.0579043373604 0.09901940993
v 0.02767542056 0.0579742391348 0.099038140054
v 0.0276040655005 0.0580401369344 0.0990557973162
v 0.0275287581731 0.0581017948623 0.0990723185082
v 0.0274497681584 0.058158992199 0.0990876444883
v 0.0273673782202 0.0582115241929 0.0991017203937
v 0.0272818832931 0.0582592027932 0.0991144958361
v 0.0271935894267 0.0583018573228 0.0991259250829
v 0.0271028126902 0.0583393350895 0.0991359672202
v 0.0270098780407 0.0583715019328 0.0991445862999
v 0.0269151181602 0.0583982427036 0.0991517514678
v 0.0268188722644 0.0584194616769 0.0991574370746
v 0.0267214848886 0.0584350828944 0.0991616227672
v 0.0266233046544 0.058445050436 0.0991642935619
v 0.0265246830216 0.0584493286206 0.0991654398981
v 0.0264259730299 0.0584479021334 0.099165057672
v 0.0263275280356 0.0584407760809 0.0991631482519
v 0.0262297004462 0.0584279759725 0.0991597184732
v 0.026132840459 0.0584095476292 0.0991547806135
v 0.0260372948076 0.0583855570197 0.0991483523491
v 0.0259434055208 0.0583560900242 0.0991404566914
v 0.0258515086978 0.0583212521268 0.099131121905
v 0.0257619333053 0.0582811680383 0.0991203814058
v 0.025675 0.0582359812492 0.0991082736422
v 0.0255910199806 0.0581858535166 0.0990948419567
v 0.0255102938738 0.0581309642846 0.0990801344313
v 0.025433110658 0.0580715100425 0.0990642037152
v 0.0253597466292 0.0580077036211 0.0990471068361
v 0.0252904644115 0.0579397734308 0.0990289049964
v 0.0252255120173 0.0578679626439 0.0990096633541
v 0.0251651219593 0.0577925283246 0.0989894507892
v 0.0251095104182 0.0577137405081 0.0989683396574
v 0.025058876469 0.0576318812344 0.0989464055311
v 0.025013401368 0.0575472435383 0.0989237269287
v 0.0249732479042 0.0574601304009 0.0989003850339
v 0.0249385598167 0.0573708536645 0.0988764634045
v 0.0249094612799 0.0572797329169 0.0988520476738
v 0.0248860564588 0.0571870943465 0.0988272252436
v 0.0248684291367 0.0570932695753 0.098802084972
v 0.0248566424149 0.0569985944719 0.0987767168545
v 0.0248507384867 0.0569034079483 0.0987512117024
v 0.0248507384867 0.0568080507478 0.0987256608175
v 0.0248566424149 0.0567128642243 0.0987001556654
v 0.0248684291367 0.0566181891208 0.0986747875478
v 0.0248860564588 0.0565243643497 0.0986496472762
v 0.0249094612799 0.0564317257793 0.0986248248461
v 0.0249385598167 0.0563406050316 0.0986004091153
v 0.0249732479042 0.0562513282953 0.0985764874859
v 0.025013401368 0.0561642151579 0.0985531455911
v 0.025058876469 0.0560795774618 0.0985304669888
v 0.0251095104182 0.055997718188 0.0985085328625
v 0.0251651219593 0.0559189303715 0.0984874217307
v 0.0252255120173 0.0558434960522 0.0984672091657
v 0.0252904644115 0.0557716852654 0.0984479675234
v 0.0253597466292 0.055703755075 0.0984297656838
v 0.025433110658 0.0556399486536 0.0984126688047
v 0.0255102938738 0.0555804944115 0.0983967380885
v 0.0255910199806 0.0555256051796 0.0983820305631
v 0.025675 0.0554754774469 0.0983685988776
v 0.0257619333053 0.0554302906578 0.098356491114
v 0.0258515086978 0.0553902065693 0.0983457506149
v 0.0259434055208 0.055355368672 0.0983364158284
v 0.0260372948076 0.0553259016765 0.0983285201707
v 0.026132840459 0.055301911067 0.0983220919063
v 0.0262297004462 0.0552834827237 0.0983171540466
v 0.0263275280356 0.0552706826152 0.0983137242679
v 0.0264259730299 0.0552635565627 0.0983118148479
v 0.0265246830216 0.0552621300755 0.0983114326218
v 0.0266233046544 0.0552664082601 0.0983125789579
v 0.0267214848886 0.0552763758018 0.0983152497526
v 0.0268188722644 0.0552919970192 0.0983194354452
v 0.0269151181602 0.0553132159925 0.098325121052
v 0.0270098780407 0.0553399567633 0.0983322862199
v 0.0271028126902 0.0553721236066 0.0983409052996
v 0.0271935894267 0.0554096013734 0.0983509474369
v 0.0272818832931 0.055452255903 0.0983623766837
v 0.0273673782202 0.0554999345032 0.0983751521261
v 0.0274497681584 0.0555524664972 0.0983892280315
v 0.0275287581731 0.0556096638339 0.0984045540117
v 0.0276040655005 0.0556713217617 0.0984210752036
v 0.02767542056 0.0557372195613 0.0984387324658
v 0.0277425679189 0.0558071213357 0.0984574625898
v 0.0278052672072 0.0558807768546 0.0984771985266
v 0.0278632939776 0.0559579224504 0.0984978696267
v 0.0279164405094 0.0560382819618 0.0985194018929
v 0.0279645165519 0.0561215677228 0.0985417182453
v 0.0280073500051 0.0562074815918 0.0985647387971
v 0.0280447875366 0.0562957160195 0.0985883811408
v 0.0280766951295 0.0563859551497 0.0986125606428
v 0.0281029585632 0.0564778759495 0.0986371907469
v 0.0281234838212 0.0565711493664 0.0986621832837
v 0.0281381974285 0.0566654415058 0.0986874487863
v 0.0281470467141 0.0567604148263 0.0987128968108
v 0.02815 0.0568557293481 0.0987384362599
v 0.02815 0.0557945712631 0.102698732148
v 0.02815 0.0557945712631 0.102698732148
v 0.0281470467141 0.0558898857849 0.102724271597
v 0.0281381974285 0.0559848591054 0.102749719621
v 0.0281234838212 0.0560791512448 0.102774985124
v 0.0281029585632 0.0561724246617 0.102799977661
v 0.0280766951295 0.0562643454616 0.102824607765
v 0.0280447875366 0.0563545845917 0.102848787267
v 0.0280073500051 0.0564428190194 0.10287242961
v 0.0279645165519 0.0565287328884 0.102895450162
v 0.0279164405094 0.0566120186494 0.102917766515
v 0.0278632939776 0.0566923781609 0.102939298781
v 0.0278052672072 0.0567695237566 0.102959969881
v 0.0277425679189 0.0568431792755 0.102979705818
v 0.02767542056 0.0569130810499 0.102998435942
v 0.0276040655005 0.0569789788495 0.103016093204
v 0.0275287581731 0.0570406367773 0.103032614396
v 0.0274497681584 0.057097834114 0.103047940376
v 0.0273673782202 0.057150366108 0.103062016281
v 0.0272818832931 0.0571980447083 0.103074791724
v 0.0271935894267 0.0572406992379 0.103086220971
v 0.0271028126902 0.0572781770046 0.103096263108
v 0.0270098780407 0.0573103438479 0.103104882188
v 0.0269151181602 0.0573370846187 0.103112047356
v 0.0268188722644 0.057358303592 0.103117732962
v 0.0267214848886 0.0573739248094 0.103121918655
v 0.0266233046544 0.0573838923511 0.10312458945
v 0.0265246830216 0.0573881705357 0.103125735786
v 0.0264259730299 0.0573867440485 0.10312535356
v 0.0263275280356 0.057379617996 0.10312344414
v 0.0262297004462 0.0573668178876 0.103120014361
v 0.026132840459 0.0573483895442 0.103115076501
v 0.0260372948076 0.0573243989348 0.103108648237
v 0.0259434055208 0.0572949319392 0.103100752579
v 0.0258515086978 0.0572600940419 0.103091417793
v 0.0257619333053 0.0572200099534 0.103080677294
v 0.025675 0.0571748231643 0.10306856953
v 0.0255910199806 0.0571246954317 0.103055137844
v 0.0255102938738 0.0570698061997 0.103040430319
v 0.025433110658 0.0570103519576 0.103024499603
v 0.0253597466292 0.0569465455362 0.103007402724
v 0.0252904644115 0.0568786153458 0.102989200884
v 0.0252255120173 0.056806804559 0.102969959242
v 0.0251651219593 0.0567313702397 0.102949746677
v 0.0251095104182 0.0566525824232 0.102928635545
v 0.025058876469 0.0565707231495 0.102906701419
v 0.025013401368 0.0564860854534 0.102884022817
v 0.0249732479042 0.0563989723159 0.102860680922
v 0.0249385598167 0.0563096955796 0.102836759292
v 0.0249094612799 0.0562185748319 0.102812343562
v 0.0248860564588 0.0561259362615 0.102787521131
v 0.0248684291367 0.0560321114904 0.10276238086
v 0.0248566424149 0.055937436387 0.102737012742
v 0.0248507384867 0.0558422498634 0.10271150759
v 0.0248507384867 0.0557468926629 0.102685956705
v 0.0248566424149 0.0556517061393 0.102660451553
v 0.0248684291367 0.0555570310359 0.102635083436
v 0.0248860564588 0.0554632062648 0.102609943164
v 0.0249094612799 0.0553705676944 0.102585120734
v 0.0249385598167 0.0552794469467 0.102560705003
v 0.0249732479042 0.0551901702104 0.102536783374
v 0.025013401368 0.0551030570729 0.102513441479
v 0.025058876469 0.0550184193768 0.102490762877
v 0.0251095104182 0.0549365601031 0.10246882875
v 0.0251651219593 0.0548577722866 0.102447717618
v 0.0252255120173 0.0547823379673 0.102427505054
v 0.0252904644115 0.0547105271805 0.102408263411
v 0.0253597466292 0.0546425969901 0.102390061572
v 0.025433110658 0.0545787905687 0.102372964692
v 0.0255102938738 0.0545193363266 0.102357033976
v 0.0255910199806 0.0544644470946 0.102342326451
v 0.025675 0.054414319362 0.102328894765
v 0.0257619333053 0.0543691325729 0.102316787002
v 0.0258515086978 0.0543290484844 0.102306046503
v 0.0259434055208 0.054294210587 0.102296711716
v 0.0260372948076 0.0542647435915 0.102288816059
v 0.026132840459 0.0542407529821 0.102282387794
v 0.0262297004462 0.0542223246387 0.102277449934
v 0.0263275280356 0.0542095245303 0.102274020156
v 0.0264259730299 0.0542023984778 0.102272110736
v 0.0265246830216 0.0542009719906 0.10227172851
v 0.0266233046544 0.0542052501752 0.102272874846
v 0.0267214848886 0.0542152177169 0.10227554564
v 0.0268188722644 0.0542308389343 0.102279731333
v 0.0269151181602 0.0542520579076 0.10228541694
v 0.0270098780407 0.0542787986784 0.102292582108
v 0.0271028126902 0.0543109655217 0.102301201187
v 0.0271935894267 0.0543484432884 0.102311243325
v 0.0272818832931 0.054391097818 0.102322672571
v 0.0273673782202 0.0544387764183 0.102335448014
v 0.0274497681584 0.0544913084123 0.102349523919
v 0.0275287581731 0.054548505749 0.102364849899
v 0.0276040655005 0.0546101636768 0.102381371091
v 0.02767542056 0.0546760614764 0.102399028354
v 0.0277425679189 0.0547459632508 0.102417758478
v 0.0278052672072 0.0548196187697 0.102437494414
v 0.0278632939776 0.0548967643654 0.102458165515
v 0.0279164405094 0.0549771238769 0.102479697781
v 0.0279645165519 0.0550604096379 0.102502014133
v 0.0280073500051 0.0551463235069 0.102525034685
v 0.0280447875366 0.0552345579346 0.102548677029
v 0.0280766951295 0.0553247970647 0.102572856531
v 0.0281029585632 0.0554167178646 0.102597486635
v 0.0281234838212 0.0555099912815 0.102622479171
v 0.0281381974285 0.0556042834209 0.102647744674
v 0.0281470467141 0.0556992567414 0.102673192699
v 0.0265 0.0539096555779 0.0979490381724
v 0.0265 0.0540115739154 0.0979763471086
v 0.0265 0.0546084669997 0.0953410384414
v 0.0265 0.0547103853371 0.0953683473776
v 0.0265 0.0596998847808 0.0995005254113
v 0.0265 0.0598018031183 0.0995278343475
v 0.0265 0.0603986962026 0.0968925256803
v 0.0265 0.06050061454 0.0969198346165
v -0.0248 0.0603986962026 0.0968925256803
v -0.0265 0.0603986962026 0.0968925256803
v -0.0248 0.0596998847808 0.0995005254113
v -0.0265 0.0596998847808 0.0995005254113
v -0.02485 0.0601944950299 0.0862779931008
v -0.02485 0.0575545407698 0.0961304365289
v -0.0248529532859 0.0574592262481 0.0961048970798
v -0.0248618025715 0.0573642529276 0.0960794490553
v -0.0248765161788 0.0572699607882 0.0960541835527
v -0.0248970414368 0.0571766873713 0.0960291910159
v -0.0249233048705 0.0570847665714 0.0960045609118
v -0.0249552124634 0.0569945274413 0.0959803814098
v -0.0249926499949 0.0569062930136 0.0959567390661
v -0.0250354834481 0.0568203791445 0.0959337185143
v -0.0250835594906 0.0567370933836 0.0959114021619
v -0.0251367060224 0.0566567338721 0.0958898698957
v -0.0251947327928 0.0565795882764 0.0958691987956
v -0.0252574320811 0.0565059327575 0.0958494628588
v -0.02532457944 0.0564360309831 0.0958307327349
v -0.0253959344995 0.0563701331835 0.0958130754727
v -0.0254712418269 0.0563084752557 0.0957965542807
v -0.0255502318416 0.056251277919 0.0957812283005
v -0.0256326217798 0.056198745925 0.0957671523952
v -0.0257181167069 0.0561510673247 0.0957543769527
v -0.0258064105733 0.0561084127951 0.095742947706
v -0.0258971873098 0.0560709350284 0.0957329055686
v -0.0259901219593 0.0560387681851 0.0957242864889
v -0.0260848818398 0.0560120274143 0.095717121321
v -0.0261811277356 0.055990808441 0.0957114357142
v -0.0262785151114 0.0559751872236 0.0957072500216
v -0.0263766953456 0.0559652196819 0.0957045792269
v -0.0264753169784 0.0559609414973 0.0957034328908
v -0.0265740269701 0.0559623679845 0.0957038151169
v -0.0266724719644 0.055969494037 0.0957057245369
v -0.0267702995538 0.0559822941454 0.0957091543156
v -0.026867159541 0.0560007224888 0.0957140921753
v -0.0269627051924 0.0560247130982 0.0957205204398
v -0.0270565944792 0.0560541800937 0.0957284160974
v -0.0271484913022 0.0560890179911 0.0957377508839
v -0.0272380666947 0.0561291020796 0.095748491383
v -0.027325 0.0561742888687 0.0957605991467
v -0.0274089800194 0.0562244166013 0.0957740308322
v -0.0274897061262 0.0562793058333 0.0957887383575
v -0.027566889342 0.0563387600754 0.0958046690737
v -0.0276402533708 0.0564025664968 0.0958217659528
v -0.0277095355885 0.0564704966872 0.0958399677924
v -0.0277744879827 0.056542307474 0.0958592094348
v -0.0278348780407 0.0566177417933 0.0958794219997
v -0.0278904895818 0.0566965296098 0.0959005331315
v -0.027941123531 0.0567783888835 0.0959224672578
v -0.027986598632 0.0568630265796 0.0959451458601
v -0.0280267520958 0.056950139717 0.0959684877549
v -0.0280614401833 0.0570394164534 0.0959924093843
v -0.0280905387201 0.057130537201 0.0960168251151
v -0.0281139435412 0.0572231757715 0.0960416475452
v -0.0281315708633 0.0573170005426 0.0960667878169
v -0.0281433575851 0.057411675646 0.0960921559344
v -0.0281492615133 0.0575068621696 0.0961176610865
v -0.0281492615133 0.0576022193701 0.0961432119714
v -0.0281433575851 0.0576974058937 0.0961687171235
v -0.0281315708633 0.0577920809971 0.096194085241
v -0.0281139435412 0.0578859057682 0.0962192255127
v -0.0280905387201 0.0579785443386 0.0962440479428
v -0.0280614401833 0.0580696650863 0.0962684636735
v -0.0280267520958 0.0581589418226 0.0962923853029
v -0.027986598632 0.0582460549601 0.0963157271978
v -0.027941123531 0.0583306926561 0.0963384058001
v -0.0278904895818 0.0584125519299 0.0963603399264
v -0.0278348780407 0.0584913397464 0.0963814510582
v -0.0277744879827 0.0585667740657 0.0964016636231
v -0.0277095355885 0.0586385848525 0.0964209052655
v -0.0276402533708 0.0587065150429 0.0964391071051
v -0.027566889342 0.0587703214643 0.0964562039842
v -0.0274897061262 0.0588297757064 0.0964721347003
v -0.0274089800194 0.0588846649384 0.0964868422257
v -0.027325 0.058934792671 0.0965002739112
v -0.0272380666947 0.0589799794601 0.0965123816748
v -0.0271484913022 0.0590200635486 0.096523122174
v -0.0270565944792 0.0590549014459 0.0965324569605
v -0.0269627051924 0.0590843684415 0.0965403526181
v -0.026867159541 0.0591083590509 0.0965467808825
v -0.0267702995538 0.0591267873942 0.0965517187422
v -0.0266724719644 0.0591395875027 0.096555148521
v -0.0265740269701 0.0591467135552 0.096557057941
v -0.0264753169784 0.0591481400424 0.0965574401671
v -0.0263766953456 0.0591438618578 0.096556293831
v -0.0262785151114 0.0591338943161 0.0965536230362
v -0.0261811277356 0.0591182730987 0.0965494373436
v -0.0260848818398 0.0590970541254 0.0965437517369
v -0.0259901219593 0.0590703133546 0.0965365865689
v -0.0258971873098 0.0590381465113 0.0965279674892
v -0.0258064105733 0.0590006687446 0.0965179253519
v -0.0257181167069 0.058958014215 0.0965064961052
v -0.0256326217798 0.0589103356147 0.0964937206627
v -0.0255502318416 0.0588578036207 0.0964796447574
v -0.0254712418269 0.058800606284 0.0964643187772
v -0.0253959344995 0.0587389483562 0.0964477975852
v -0.02532457944 0.0586730505566 0.096430140323
v -0.0252574320811 0.0586031487822 0.096411410199
v -0.0251947327928 0.0585294932633 0.0963916742622
v -0.0251367060224 0.0584523476676 0.0963710031621
v -0.0250835594906 0.0583719881561 0.0963494708959
v -0.0250354834481 0.0582887023951 0.0963271545435
v -0.0249926499949 0.0582027885261 0.0963041339917
v -0.0249552124634 0.0581145540984 0.0962804916481
v -0.0249233048705 0.0580243149682 0.096256312146
v -0.0248970414368 0.0579323941684 0.0962316820419
v -0.0248765161788 0.0578391207515 0.0962066895052
v -0.0248618025715 0.0577448286121 0.0961814240026
v -0.0248529532859 0.0576498552916 0.0961559759781
v -0.02485 0.0575545407698 0.0961304365289
v -0.02485 0.0601944950299 0.0862779931008
v -0.0248529532859 0.0602898095516 0.0863035325499
v -0.0248618025715 0.0603847828721 0.0863289805744
v -0.0248765161788 0.0604790750115 0.0863542460771
v -0.0248970414368 0.0605723484285 0.0863792386138
v -0.0249233048705 0.0606642692283 0.0864038687179
v -0.0249552124634 0.0607545083584 0.0864280482199
v -0.0249926499949 0.0608427427862 0.0864516905636
v -0.0250354834481 0.0609286566552 0.0864747111154
v -0.0250835594906 0.0610119424161 0.0864970274678
v -0.0251367060224 0.0610923019276 0.086518559734
v -0.0251947327928 0.0611694475234 0.0865392308341
v -0.0252574320811 0.0612431030423 0.0865589667709
v -0.02532457944 0.0613130048166 0.0865776968949
v -0.0253959344995 0.0613789026162 0.0865953541571
v -0.0254712418269 0.0614405605441 0.086611875349
v -0.0255502318416 0.0614977578808 0.0866272013292
v -0.0256326217798 0.0615502898747 0.0866412772346
v -0.0257181167069 0.061597968475 0.086654052677
v -0.0258064105733 0.0616406230046 0.0866654819238
v -0.0258971873098 0.0616781007714 0.0866755240611
v -0.0259901219593 0.0617102676146 0.0866841431408
v -0.0260848818398 0.0617370083854 0.0866913083087
v -0.0261811277356 0.0617582273587 0.0866969939155
v -0.0262785151114 0.0617738485762 0.0867011796081
v -0.0263766953456 0.0617838161178 0.0867038504028
v -0.0264753169784 0.0617880943024 0.0867049967389
v -0.0265740269701 0.0617866678153 0.0867046145128
v -0.0266724719644 0.0617795417627 0.0867027050928
v -0.0267702995538 0.0617667416543 0.0866992753141
v -0.026867159541 0.061748313311 0.0866943374544
v -0.0269627051924 0.0617243227015 0.08668790919
v -0.0270565944792 0.061694855706 0.0866800135323
v -0.0271484913022 0.0616600178087 0.0866706787458
v -0.0272380666947 0.0616199337201 0.0866599382467
v -0.027325 0.0615747469311 0.0866478304831
v -0.0274089800194 0.0615246191984 0.0866343987976
v -0.0274897061262 0.0614697299664 0.0866196912722
v -0.027566889342 0.0614102757243 0.086603760556
v -0.0276402533708 0.0613464693029 0.0865866636769
v -0.0277095355885 0.0612785391126 0.0865684618373
v -0.0277744879827 0.0612067283258 0.086549220195
v -0.0278348780407 0.0611312940065 0.08652900763
v -0.0278904895818 0.06105250619 0.0865078964982
v -0.027941123531 0.0609706469162 0.0864859623719
v -0.027986598632 0.0608860092201 0.0864632837696
v -0.0280267520958 0.0607988960827 0.0864399418748
v -0.0280614401833 0.0607096193464 0.0864160202454
v -0.0280905387201 0.0606184985987 0.0863916045146
v -0.0281139435412 0.0605258600283 0.0863667820845
v -0.0281315708633 0.0604320352572 0.0863416418129
v -0.0281433575851 0.0603373601537 0.0863162736953
v -0.0281492615133 0.0602421736302 0.0862907685432
v -0.0281492615133 0.0601468164296 0.0862652176583
v -0.0281433575851 0.0600516299061 0.0862397125062
v -0.0281315708633 0.0599569548026 0.0862143443887
v -0.0281139435412 0.0598631300315 0.0861892041171
v -0.0280905387201 0.0597704914611 0.0861643816869
v -0.0280614401833 0.0596793707134 0.0861399659562
v -0.0280267520958 0.0595900939771 0.0861160443268
v -0.027986598632 0.0595029808397 0.086092702432
v -0.027941123531 0.0594183431436 0.0860700238296
v -0.0278904895818 0.0593364838698 0.0860480897033
v -0.0278348780407 0.0592576960533 0.0860269785715
v -0.0277744879827 0.059182261734 0.0860067660066
v -0.0277095355885 0.0591104509472 0.0859875243643
v -0.0276402533708 0.0590425207569 0.0859693225246
v -0.027566889342 0.0589787143354 0.0859522256455
v -0.0274897061262 0.0589192600934 0.0859362949294
v -0.0274089800194 0.0588643708614 0.085921587404
v -0.027325 0.0588142431287 0.0859081557185
v -0.0272380666947 0.0587690563396 0.0858960479549
v -0.0271484913022 0.0587289722511 0.0858853074557
v -0.0270565944792 0.0586941343538 0.0858759726693
v -0.0269627051924 0.0586646673583 0.0858680770116
v -0.026867159541 0.0586406767488 0.0858616487472
v -0.0267702995538 0.0586222484055 0.0858567108875
v -0.0266724719644 0.058609448297 0.0858532811088
v -0.0265740269701 0.0586023222445 0.0858513716887
v -0.0264753169784 0.0586008957573 0.0858509894626
v -0.0263766953456 0.058605173942 0.0858521357988
v -0.0262785151114 0.0586151414836 0.0858548065935
v -0.0261811277356 0.058630762701 0.0858589922861
v -0.0260848818398 0.0586519816744 0.0858646778929
v -0.0259901219593 0.0586787224452 0.0858718430608
v -0.0258971873098 0.0587108892884 0.0858804621405
v -0.0258064105733 0.0587483670552 0.0858905042778
v -0.0257181167069 0.0587910215848 0.0859019335246
v -0.0256326217798 0.0588387001851 0.085914708967
v -0.0255502318416 0.058891232179 0.0859287848724
v -0.0254712418269 0.0589484295157 0.0859441108525
v -0.0253959344995 0.0590100874435 0.0859606320445
v -0.02532457944 0.0590759852432 0.0859782893067
v -0.0252574320811 0.0591458870175 0.0859970194307
v -0.0251947327928 0.0592195425364 0.0860167553675
v -0.0251367060224 0.0592966881322 0.0860374264676
v -0.0250835594906 0.0593770476436 0.0860589587338
v -0.0250354834481 0.0594603334046 0.0860812750862
v -0.0249926499949 0.0595462472736 0.086104295638
v -0.0249552124634 0.0596344817014 0.0861279379817
v -0.0249233048705 0.0597247208315 0.0861521174837
v -0.0248970414368 0.0598166416313 0.0861767475878
v -0.0248765161788 0.0599099150482 0.0862017401245
v -0.0248618025715 0.0600042071877 0.0862270056271
v -0.0248529532859 0.0600991805081 0.0862524536517
v -0.0265 0.0547103853371 0.0953683473776
v -0.0248 0.0547103853371 0.0953683473776
v -0.0265 0.0540115739154 0.0979763471086
v -0.0248 0.0540115739154 0.0979763471086
v 0.0248 0.0547103853371 0.0953683473776
v 0.0265 0.0547103853371 0.0953683473776
v 0.0248 0.0540115739154 0.0979763471086
v 0.0265 0.0540115739154 0.0979763471086
v 0.02815 0.0601944950299 0.0862779931008
v 0.02815 0.0575545407698 0.0961304365289
v 0.0281470467141 0.0574592262481 0.0961048970798
v 0.0281381974285 0.0573642529276 0.0960794490553
v 0.0281234838212 0.0572699607882 0.0960541835527
v 0.0281029585632 0.0571766873713 0.0960291910159
v 0.0280766951295 0.0570847665714 0.0960045609118
v 0.0280447875366 0.0569945274413 0.0959803814098
v 0.0280073500051 0.0569062930136 0.0959567390661
v 0.0279645165519 0.0568203791445 0.0959337185143
v 0.0279164405094 0.0567370933836 0.0959114021619
v 0.0278632939776 0.0566567338721 0.0958898698957
v 0.0278052672072 0.0565795882764 0.0958691987956
v 0.0277425679189 0.0565059327575 0.0958494628588
v 0.02767542056 0.0564360309831 0.0958307327349
v 0.0276040655005 0.0563701331835 0.0958130754727
v 0.0275287581731 0.0563084752557 0.0957965542807
v 0.0274497681584 0.056251277919 0.0957812283005
v 0.0273673782202 0.056198745925 0.0957671523952
v 0.0272818832931 0.0561510673247 0.0957543769527
v 0.0271935894267 0.0561084127951 0.095742947706
v 0.0271028126902 0.0560709350284 0.0957329055686
v 0.0270098780407 0.0560387681851 0.0957242864889
v 0.0269151181602 0.0560120274143 0.095717121321
v 0.0268188722644 0.055990808441 0.0957114357142
v 0.0267214848886 0.0559751872236 0.0957072500216
v 0.0266233046544 0.0559652196819 0.0957045792269
v 0.0265246830216 0.0559609414973 0.0957034328908
v 0.0264259730299 0.0559623679845 0.0957038151169
v 0.0263275280356 0.055969494037 0.0957057245369
v 0.0262297004462 0.0559822941454 0.0957091543156
v 0.026132840459 0.0560007224888 0.0957140921753
v 0.0260372948076 0.0560247130982 0.0957205204398
v 0.0259434055208 0.0560541800937 0.0957284160974
v 0.0258515086978 0.0560890179911 0.0957377508839
v 0.0257619333053 0.0561291020796 0.095748491383
v 0.025675 0.0561742888687 0.0957605991467
v 0.0255910199806 0.0562244166013 0.0957740308322
v 0.0255102938738 0.0562793058333 0.0957887383575
v 0.025433110658 0.0563387600754 0.0958046690737
v 0.0253597466292 0.0564025664968 0.0958217659528
v 0.0252904644115 0.0564704966872 0.0958399677924
v 0.0252255120173 0.056542307474 0.0958592094348
v 0.0251651219593 0.0566177417933 0.0958794219997
v 0.0251095104182 0.0566965296098 0.0959005331315
v 0.025058876469 0.0567783888835 0.0959224672578
v 0.025013401368 0.0568630265796 0.0959451458601
v 0.0249732479042 0.056950139717 0.0959684877549
v 0.0249385598167 0.0570394164534 0.0959924093843
v 0.0249094612799 0.057130537201 0.0960168251151
v 0.0248860564588 0.0572231757715 0.0960416475452
v 0.0248684291367 0.0573170005426 0.0960667878169
v 0.0248566424149 0.057411675646 0.0960921559344
v 0.0248507384867 0.0575068621696 0.0961176610865
v 0.0248507384867 0.0576022193701 0.0961432119714
v 0.0248566424149 0.0576974058937 0.0961687171235
v 0.0248684291367 0.0577920809971 0.096194085241
v 0.0248860564588 0.0578859057682 0.0962192255127
v 0.0249094612799 0.0579785443386 0.0962440479428
v 0.0249385598167 0.0580696650863 0.0962684636735
v 0.0249732479042 0.0581589418226 0.0962923853029
v 0.025013401368 0.0582460549601 0.0963157271978
v 0.025058876469 0.0583306926561 0.0963384058001
v 0.0251095104182 0.0584125519299 0.0963603399264
v 0.0251651219593 0.0584913397464 0.0963814510582
v 0.0252255120173 0.0585667740657 0.0964016636231
v 0.0252904644115 0.0586385848525 0.0964209052655
v 0.0253597466292 0.0587065150429 0.0964391071051
v 0.025433110658 0.0587703214643 0.0964562039842
v 0.0255102938738 0.0588297757064 0.0964721347003
v 0.0255910199806 0.0588846649384 0.0964868422257
v 0.025675 0.058934792671 0.0965002739112
v 0.0257619333053 0.0589799794601 0.0965123816748
v 0.0258515086978 0.0590200635486 0.096523122174
v 0.0259434055208 0.0590549014459 0.0965324569605
v 0.0260372948076 0.0590843684415 0.0965403526181
v 0.026132840459 0.0591083590509 0.0965467808825
v 0.0262297004462 0.0591267873942 0.0965517187422
v 0.0263275280356 0.0591395875027 0.096555148521
v 0.0264259730299 0.0591467135552 0.096557057941
v 0.0265246830216 0.0591481400424 0.0965574401671
v 0.0266233046544 0.0591438618578 0.096556293831
v 0.0267214848886 0.0591338943161 0.0965536230362
v 0.0268188722644 0.0591182730987 0.0965494373436
v 0.0269151181602 0.0590970541254 0.0965437517369
v 0.0270098780407 0.0590703133546 0.0965365865689
v 0.0271028126902 0.0590381465113 0.0965279674892
v 0.0271935894267 0.0590006687446 0.0965179253519
v 0.0272818832931 0.058958014215 0.0965064961052
v 0.0273673782202 0.0589103356147 0.0964937206627
v 0.0274497681584 0.0588578036207 0.0964796447574
v 0.0275287581731 0.058800606284 0.0964643187772
v 0.0276040655005 0.0587389483562 0.0964477975852
v 0.02767542056 0.0586730505566 0.096430140323
v 0.0277425679189 0.0586031487822 0.096411410199
v 0.0278052672072 0.0585294932633 0.0963916742622
v 0.0278632939776 0.0584523476676 0.0963710031621
v 0.0279164405094 0.0583719881561 0.0963494708959
v 0.0279645165519 0.0582887023951 0.0963271545435
v 0.0280073500051 0.0582027885261 0.0963041339917
v 0.0280447875366 0.0581145540984 0.0962804916481
v 0.0280766951295 0.0580243149682 0.096256312146
v 0.0281029585632 0.0579323941684 0.0962316820419
v 0.0281234838212 0.0578391207515 0.0962066895052
v 0.0281381974285 0.0577448286121 0.0961814240026
v 0.0281470467141 0.0576498552916 0.0961559759781
v 0.02815 0.0575545407698 0.0961304365289
v 0.02815 0.0601944950299 0.0862779931008
v 0.0281470467141 0.0602898095516 0.0863035325499
v 0.0281381974285 0.0603847828721 0.0863289805744
v 0.0281234838212 0.0604790750115 0.0863542460771
v 0.0281029585632 0.0605723484285 0.0863792386138
v 0.0280766951295 0.0606642692283 0.0864038687179
v 0.0280447875366 0.0607545083584 0.0864280482199
v 0.0280073500051 0.0608427427862 0.0864516905636
v 0.0279645165519 0.0609286566552 0.0864747111154
v 0.0279164405094 0.0610119424161 0.0864970274678
v 0.0278632939776 0.0610923019276 0.086518559734
v 0.0278052672072 0.0611694475234 0.0865392308341
v 0.0277425679189 0.0612431030423 0.0865589667709
v 0.02767542056 0.0613130048166 0.0865776968949
v 0.0276040655005 0.0613789026162 0.0865953541571
v 0.0275287581731 0.0614405605441 0.086611875349
v 0.0274497681584 0.0614977578808 0.0866272013292
v 0.0273673782202 0.0615502898747 0.0866412772346
v 0.0272818832931 0.061597968475 0.086654052677
v 0.0271935894267 0.0616406230046 0.0866654819238
v 0.0271028126902 0.0616781007714 0.0866755240611
v 0.0270098780407 0.0617102676146 0.0866841431408
v 0.0269151181602 0.0617370083854 0.0866913083087
v 0.0268188722644 0.0617582273587 0.0866969939155
v 0.0267214848886 0.0617738485762 0.0867011796081
v 0.0266233046544 0.0617838161178 0.0867038504028
v 0.0265246830216 0.0617880943024 0.0867049967389
v 0.0264259730299 0.0617866678153 0.0867046145128
v 0.0263275280356 0.0617795417627 0.0867027050928
v 0.0262297004462 0.0617667416543 0.0866992753141
v 0.026132840459 0.061748313311 0.0866943374544
v 0.0260372948076 0.0617243227015 0.08668790919
v 0.0259434055208 0.061694855706 0.0866800135323
v 0.0258515086978 0.0616600178087 0.0866706787458
v 0.0257619333053 0.0616199337201 0.0866599382467
v 0.025675 0.0615747469311 0.0866478304831
v 0.0255910199806 0.0615246191984 0.0866343987976
v 0.0255102938738 0.0614697299664 0.0866196912722
v 0.025433110658 0.0614102757243 0.086603760556
v 0.0253597466292 0.0613464693029 0.0865866636769
v 0.0252904644115 0.0612785391126 0.0865684618373
v 0.0252255120173 0.0612067283258 0.086549220195
v 0.0251651219593 0.0611312940065 0.08652900763
v 0.0251095104182 0.06105250619 0.0865078964982
v 0.025058876469 0.0609706469162 0.0864859623719
v 0.025013401368 0.0608860092201 0.0864632837696
v 0.0249732479042 0.0607988960827 0.0864399418748
v 0.0249385598167 0.0607096193464 0.0864160202454
v 0.0249094612799 0.0606184985987 0.0863916045146
v 0.0248860564588 0.0605258600283 0.0863667820845
v 0.0248684291367 0.0604320352572 0.0863416418129
v 0.0248566424149 0.0603373601537 0.0863162736953
v 0.0248507384867 0.0602421736302 0.0862907685432
v 0.0248507384867 0.0601468164296 0.0862652176583
v 0.0248566424149 0.0600516299061 0.0862397125062
v 0.0248684291367 0.0599569548026 0.0862143443887
v 0.0248860564588 0.0598631300315 0.0861892041171
v 0.0249094612799 0.0597704914611 0.0861643816869
v 0.0249385598167 0.0596793707134 0.0861399659562
v 0.0249732479042 0.0595900939771 0.0861160443268
v 0.025013401368 0.0595029808397 0.086092702432
v 0.025058876469 0.0594183431436 0.0860700238296
v 0.0251095104182 0.0593364838698 0.0860480897033
v 0.0251651219593 0.0592576960533 0.0860269785715
v 0.0252255120173 0.059182261734 0.0860067660066
v 0.0252904644115 0.0591104509472 0.0859875243643
v 0.0253597466292 0.0590425207569 0.0859693225246
v 0.025433110658 0.0589787143354 0.0859522256455
v 0.0255102938738 0.0589192600934 0.0859362949294
v 0.0255910199806 0.0588643708614 0.085921587404
v 0.025675 0.0588142431287 0.0859081557185
v 0.0257619333053 0.0587690563396 0.0858960479549
v 0.0258515086978 0.0587289722511 0.0858853074557
v 0.0259434055208 0.0586941343538 0.0858759726693
v 0.0260372948076 0.0586646673583 0.0858680770116
v 0.026132840459 0.0586406767488 0.0858616487472
v 0.0262297004462 0.0586222484055 0.0858567108875
v 0.0263275280356 0.058609448297 0.0858532811088
v 0.0264259730299 0.0586023222445 0.0858513716887
v 0.0265246830216 0.0586008957573 0.0858509894626
v 0.0266233046544 0.058605173942 0.0858521357988
v 0.0267214848886 0.0586151414836 0.0858548065935
v 0.0268188722644 0.058630762701 0.0858589922861
v 0.0269151181602 0.0586519816744 0.0858646778929
v 0.0270098780407 0.0586787224452 0.0858718430608
v 0.0271028126902 0.0587108892884 0.0858804621405
v 0.0271935894267 0.0587483670552 0.0858905042778
v 0.0272818832931 0.0587910215848 0.0859019335246
v 0.0273673782202 0.0588387001851 0.085914708967
v 0.0274497681584 0.058891232179 0.0859287848724
v 0.0275287581731 0.0589484295157 0.0859441108525
v 0.0276040655005 0.0590100874435 0.0859606320445
v 0.02767542056 0.0590759852432 0.0859782893067
v 0.0277425679189 0.0591458870175 0.0859970194307
v 0.0278052672072 0.0592195425364 0.0860167553675
v 0.0278632939776 0.0592966881322 0.0860374264676
v 0.0279164405094 0.0593770476436 0.0860589587338
v 0.0279645165519 0.0594603334046 0.0860812750862
v 0.0280073500051 0.0595462472736 0.086104295638
v 0.0280447875366 0.0596344817014 0.0861279379817
v 0.0280766951295 0.0597247208315 0.0861521174837
v 0.0281029585632 0.0598166416313 0.0861767475878
v 0.0281234838212 0.0599099150482 0.0862017401245
v 0.0281381974285 0.0600042071877 0.0862270056271
v 0.0281470467141 0.0600991805081 0.0862524536517
v 0.0265 0.0603986962026 0.0968925256803
v 0.0248 0.0603986962026 0.0968925256803
v 0.0265 0.0596998847808 0.0995005254113
v 0.0248 0.0596998847808 0.0995005254113
v -0.0248 0.0547103853371 0.0953683473776
v -0.0248 0.0540115739154 0.0979763471086
v -0.0231 0.0568557293481 0.0987384362599
v -0.0231 0.0575545407698 0.0961304365289
v -0.0231 0.0575545407698 0.0961304365289
v -0.0231 0.0568557293481 0.0987384362599
v -0.0248 0.0596998847808 0.0995005254113
v -0.0248 0.0603986962026 0.0968925256803
v -0.02485 0.0601944950299 0.0862779931008
v -0.0248529532859 0.0602898095516 0.0863035325499
v -0.0248618025715 0.0603847828721 0.0863289805744
v -0.0248765161788 0.0604790750115 0.0863542460771
v -0.0248970414368 0.0605723484285 0.0863792386138
v -0.0249233048705 0.0606642692283 0.0864038687179
v -0.0249552124634 0.0607545083584 0.0864280482199
v -0.0249926499949 0.0608427427862 0.0864516905636
v -0.0250354834481 0.0609286566552 0.0864747111154
v -0.0250835594906 0.0610119424161 0.0864970274678
v -0.0251367060224 0.0610923019276 0.086518559734
v -0.0251947327928 0.0611694475234 0.0865392308341
v -0.0252574320811 0.0612431030423 0.0865589667709
v -0.02532457944 0.0613130048166 0.0865776968949
v -0.0253959344995 0.0613789026162 0.0865953541571
v -0.0254712418269 0.0614405605441 0.086611875349
v -0.0255502318416 0.0614977578808 0.0866272013292
v -0.0256326217798 0.0615502898747 0.0866412772346
v -0.0257181167069 0.061597968475 0.086654052677
v -0.0258064105733 0.0616406230046 0.0866654819238
v -0.0258971873098 0.0616781007714 0.0866755240611
v -0.0259901219593 0.0617102676146 0.0866841431408
v -0.0260848818398 0.0617370083854 0.0866913083087
v -0.0261811277356 0.0617582273587 0.0866969939155
v -0.0262785151114 0.0617738485762 0.0867011796081
v -0.0263766953456 0.0617838161178 0.0867038504028
v -0.0264753169784 0.0617880943024 0.0867049967389
v -0.0265740269701 0.0617866678153 0.0867046145128
v -0.0266724719644 0.0617795417627 0.0867027050928
v -0.0267702995538 0.0617667416543 0.0866992753141
v -0.026867159541 0.061748313311 0.0866943374544
v -0.0269627051924 0.0617243227015 0.08668790919
v -0.0270565944792 0.061694855706 0.0866800135323
v -0.0271484913022 0.0616600178087 0.0866706787458
v -0.0272380666947 0.0616199337201 0.0866599382467
v -0.027325 0.0615747469311 0.0866478304831
v -0.0274089800194 0.0615246191984 0.0866343987976
v -0.0274897061262 0.0614697299664 0.0866196912722
v -0.027566889342 0.0614102757243 0.086603760556
v -0.0276402533708 0.0613464693029 0.0865866636769
v -0.0277095355885 0.0612785391126 0.0865684618373
v -0.0277744879827 0.0612067283258 0.086549220195
v -0.0278348780407 0.0611312940065 0.08652900763
v -0.0278904895818 0.06105250619 0.0865078964982
v -0.027941123531 0.0609706469162 0.0864859623719
v -0.027986598632 0.0608860092201 0.0864632837696
v -0.0280267520958 0.0607988960827 0.0864399418748
v -0.0280614401833 0.0607096193464 0.0864160202454
v -0.0280905387201 0.0606184985987 0.0863916045146
v -0.0281139435412 0.0605258600283 0.0863667820845
v -0.0281315708633 0.0604320352572 0.0863416418129
v -0.0281433575851 0.0603373601537 0.0863162736953
v -0.0281492615133 0.0602421736302 0.0862907685432
v -0.0281492615133 0.0601468164296 0.0862652176583
v -0.0281433575851 0.0600516299061 0.0862397125062
v -0.0281315708633 0.0599569548026 0.0862143443887
v -0.0281139435412 0.0598631300315 0.0861892041171
v -0.0280905387201 0.0597704914611 0.0861643816869
v -0.0280614401833 0.0596793707134 0.0861399659562
v -0.0280267520958 0.0595900939771 0.0861160443268
v -0.027986598632 0.0595029808397 0.086092702432
v -0.027941123531 0.0594183431436 0.0860700238296
v -0.0278904895818 0.0593364838698 0.0860480897033
v -0.0278348780407 0.0592576960533 0.0860269785715
v -0.0277744879827 0.059182261734 0.0860067660066
v -0.0277095355885 0.0591104509472 0.0859875243643
v -0.0276402533708 0.0590425207569 0.0859693225246
v -0.027566889342 0.0589787143354 0.0859522256455
v -0.0274897061262 0.0589192600934 0.0859362949294
v -0.0274089800194 0.0588643708614 0.085921587404
v -0.027325 0.0588142431287 0.0859081557185
v -0.0272380666947 0.0587690563396 0.0858960479549
v -0.0271484913022 0.0587289722511 0.0858853074557
v -0.0270565944792 0.0586941343538 0.0858759726693
v -0.0269627051924 0.0586646673583 0.0858680770116
v -0.026867159541 0.0586406767488 0.0858616487472
v -0.0267702995538 0.0586222484055 0.0858567108875
v -0.0266724719644 0.058609448297 0.0858532811088
v -0.0265740269701 0.0586023222445 0.0858513716887
v -0.0264753169784 0.0586008957573 0.0858509894626
v -0.0263766953456 0.058605173942 0.0858521357988
v -0.0262785151114 0.0586151414836 0.0858548065935
v -0.0261811277356 0.058630762701 0.0858589922861
v -0.0260848818398 0.0586519816744 0.0858646778929
v -0.0259901219593 0.0586787224452 0.0858718430608
v -0.0258971873098 0.0587108892884 0.0858804621405
v -0.0258064105733 0.0587483670552 0.0858905042778
v -0.0257181167069 0.0587910215848 0.0859019335246
v -0.0256326217798 0.0588387001851 0.085914708967
v -0.0255502318416 0.058891232179 0.0859287848724
v -0.0254712418269 0.0589484295157 0.0859441108525
v -0.0253959344995 0.0590100874435 0.0859606320445
v -0.02532457944 0.0590759852432 0.0859782893067
v -0.0252574320811 0.0591458870175 0.0859970194307
v -0.0251947327928 0.0592195425364 0.0860167553675
v -0.0251367060224 0.0592966881322 0.0860374264676
v -0.0250835594906 0.0593770476436 0.0860589587338
v -0.0250354834481 0.0594603334046 0.0860812750862
v -0.0249926499949 0.0595462472736 0.086104295638
v -0.0249552124634 0.0596344817014 0.0861279379817
v -0.0249233048705 0.0597247208315 0.0861521174837
v -0.0248970414368 0.0598166416313 0.0861767475878
v -0.0248765161788 0.0599099150482 0.0862017401245
v -0.0248618025715 0.0600042071877 0.0862270056271
v -0.0248529532859 0.0600991805081 0.0862524536517
v 0.0231 0.0575545407698 0.0961304365289
v 0.0231 0.0568557293481 0.0987384362599
v 0.0248 0.0540115739154 0.0979763471086
v 0.0248 0.0547103853371 0.0953683473776
v 0.0248 0.0603986962026 0.0968925256803
v 0.0248 0.0596998847808 0.0995005254113
v 0.0231 0.0568557293481 0.0987384362599
v 0.0231 0.0575545407698 0.0961304365289
v 0.02815 0.0601944950299 0.0862779931008
v 0.0281470467141 0.0602898095516 0.0863035325499
v 0.0281381974285 0.0603847828721 0.0863289805744
v 0.0281234838212 0.0604790750115 0.0863542460771
v 0.0281029585632 0.0605723484285 0.0863792386138
v 0.0280766951295 0.0606642692283 0.0864038687179
v 0.0280447875366 0.0607545083584 0.0864280482199
v 0.0280073500051 0.0608427427862 0.0864516905636
v 0.0279645165519 0.0609286566552 0.0864747111154
v 0.0279164405094 0.0610119424161 0.0864970274678
v 0.0278632939776 0.0610923019276 0.086518559734
v 0.0278052672072 0.0611694475234 0.0865392308341
v 0.0277425679189 0.0612431030423 0.0865589667709
v 0.02767542056 0.0613130048166 0.0865776968949
v 0.0276040655005 0.0613789026162 0.0865953541571
v 0.0275287581731 0.0614405605441 0.086611875349
v 0.0274497681584 0.0614977578808 0.0866272013292
v 0.0273673782202 0.0615502898747 0.0866412772346
v 0.0272818832931 0.061597968475 0.086654052677
v 0.0271935894267 0.0616406230046 0.0866654819238
v 0.0271028126902 0.0616781007714 0.0866755240611
v 0.0270098780407 0.0617102676146 0.0866841431408
v 0.0269151181602 0.0617370083854 0.0866913083087
v 0.0268188722644 0.0617582273587 0.0866969939155
v 0.0267214848886 0.0617738485762 0.0867011796081
v 0.0266233046544 0.0617838161178 0.0867038504028
v 0.0265246830216 0.0617880943024 0.0867049967389
v 0.0264259730299 0.0617866678153 0.0867046145128
v 0.0263275280356 0.0617795417627 0.0867027050928
v 0.0262297004462 0.0617667416543 0.0866992753141
v 0.026132840459 0.061748313311 0.0866943374544
v 0.0260372948076 0.0617243227015 0.08668790919
v 0.0259434055208 0.061694855706 0.0866800135323
v 0.0258515086978 0.0616600178087 0.0866706787458
v 0.0257619333053 0.0616199337201 0.0866599382467
v 0.025675 0.0615747469311 0.0866478304831
v 0.0255910199806 0.0615246191984 0.0866343987976
v 0.0255102938738 0.0614697299664 0.0866196912722
v 0.025433110658 0.0614102757243 0.086603760556
v 0.0253597466292 0.0613464693029 0.0865866636769
v 0.0252904644115 0.0612785391126 0.0865684618373
v 0.0252255120173 0.0612067283258 0.086549220195
v 0.0251651219593 0.0611312940065 0.08652900763
v 0.0251095104182 0.06105250619 0.0865078964982
v 0.025058876469 0.0609706469162 0.0864859623719
v 0.025013401368 0.0608860092201 0.0864632837696
v 0.0249732479042 0.0607988960827 0.0864399418748
v 0.0249385598167 0.0607096193464 0.0864160202454
v 0.0249094612799 0.0606184985987 0.0863916045146
v 0.0248860564588 0.0605258600283 0.0863667820845
v 0.0248684291367 0.0604320352572 0.0863416418129
v 0.0248566424149 0.0603373601537 0.0863162736953
v 0.0248507384867 0.0602421736302 0.0862907685432
v 0.0248507384867 0.0601468164296 0.0862652176583
v 0.0248566424149 0.0600516299061 0.0862397125062
v 0.0248684291367 0.0599569548026 0.0862143443887
v 0.0248860564588 0.0598631300315 0.0861892041171
v 0.0249094612799 0.0597704914611 0.0861643816869
v 0.0249385598167 0.0596793707134 0.0861399659562
v 0.0249732479042 0.0595900939771 0.0861160443268
v 0.025013401368 0.0595029808397 0.086092702432
v 0.025058876469 0.0594183431436 0.0860700238296
v 0.0251095104182 0.0593364838698 0.0860480897033
v 0.0251651219593 0.0592576960533 0.0860269785715
v 0.0252255120173 0.059182261734 0.0860067660066
v 0.0252904644115 0.0591104509472 0.0859875243643
v 0.0253597466292 0.0590425207569 0.0859693225246
v 0.025433110658 0.0589787143354 0.0859522256455
v 0.0255102938738 0.0589192600934 0.0859362949294
v 0.0255910199806 0.0588643708614 0.085921587404
v 0.025675 0.0588142431287 0.0859081557185
v 0.0257619333053 0.0587690563396 0.0858960479549
v 0.0258515086978 0.0587289722511 0.0858853074557
v 0.0259434055208 0.0586941343538 0.0858759726693
v 0.0260372948076 0.0586646673583 0.0858680770116
v 0.026132840459 0.0586406767488 0.0858616487472
v 0.0262297004462 0.0586222484055 0.0858567108875
v 0.0263275280356 0.058609448297 0.0858532811088
v 0.0264259730299 0.0586023222445 0.0858513716887
v 0.0265246830216 0.0586008957573 0.0858509894626
v 0.0266233046544 0.058605173942 0.0858521357988
v 0.0267214848886 0.0586151414836 0.0858548065935
v 0.0268188722644 0.058630762701 0.0858589922861
v 0.0269151181602 0.0586519816744 0.0858646778929
v 0.0270098780407 0.0586787224452 0.0858718430608
v 0.0271028126902 0.0587108892884 0.0858804621405
v 0.0271935894267 0.0587483670552 0.0858905042778
v 0.0272818832931 0.0587910215848 0.0859019335246
v 0.0273673782202 0.0588387001851 0.085914708967
v 0.0274497681584 0.058891232179 0.0859287848724
v 0.0275287581731 0.0589484295157 0.0859441108525
v 0.0276040655005 0.0590100874435 0.0859606320445
v 0.02767542056 0.0590759852432 0.0859782893067
v 0.0277425679189 0.0591458870175 0.0859970194307
v 0.0278052672072 0.0592195425364 0.0860167553675
v 0.0278632939776 0.0592966881322 0.0860374264676
v 0.0279164405094 0.0593770476436 0.0860589587338
v 0.0279645165519 0.0594603334046 0.0860812750862
v 0.0280073500051 0.0595462472736 0.086104295638
v 0.0280447875366 0.0596344817014 0.0861279379817
v 0.0280766951295 0.0597247208315 0.0861521174837
v 0.0281029585632 0.0598166416313 0.0861767475878
v 0.0281234838212 0.0599099150482 0.0862017401245
v 0.0281381974285 0.0600042071877 0.0862270056271
v 0.0281470467141 0.0600991805081 0.0862524536517
f 1 4 3
f 1 2 4
f 88 5 7
f 88 7 8
f 88 8 9
f 88 9 10
f 88 10 11
f 88 11 12
f 88 12 13
f 88 13 14
f 88 14 15
f 88 15 16
f 88 16 17
f 88 17 18
f 88 18 19
f 88 19 20
f 88 20 21
f 88 21 22
f 88 22 23
f 88 23 24
f 88 24 25
f 88 25 26
f 88 26 27
f 88 27 28
f 88 28 29
f 88 29 30
f 88 30 31
f 88 31 32
f 88 32 33
f 87 88 33
f 6 5 88
f 91 90 6
f 94 91 6
f 94 92 91
f 94 93 92
f 96 95 94
f 89 94 6
f 89 96 94
f 162 87 163
f 164 163 87
f 161 87 162
f 165 164 87
f 160 87 161
f 166 165 87
f 159 87 160
f 167 166 87
f 158 87 159
f 168 167 87
f 157 87 158
f 169 168 87
f 156 87 157
f 170 169 87
f 155 87 156
f 171 170 87
f 154 87 155
f 172 171 87
f 153 87 154
f 173 172 87
f 152 87 153
f 174 173 87
f 174 87 33
f 151 87 152
f 175 174 33
f 150 87 151
f 176 175 33
f 149 87 150
f 83 82 81
f 177 176 33
f 148 87 149
f 85 84 83
f 147 87 148
f 146 87 147
f 145 87 146
f 144 87 145
f 143 87 144
f 142 87 143
f 372 137 136
f 372 136 373
f 374 136 135
f 374 373 136
f 371 137 372
f 371 138 137
f 371 139 138
f 375 374 135
f 375 135 134
f 370 139 371
f 376 375 134
f 376 133 132
f 376 134 133
f 369 139 370
f 369 140 139
f 377 132 131
f 377 376 132
f 368 141 140
f 368 142 141
f 368 140 369
f 378 377 131
f 367 87 142
f 367 142 368
f 379 131 130
f 379 378 131
f 366 87 367
f 366 86 87
f 380 130 129
f 380 379 130
f 365 86 366
f 381 380 129
f 381 129 128
f 364 86 365
f 382 128 127
f 382 381 128
f 363 86 364
f 383 127 126
f 383 382 127
f 362 86 363
f 384 126 125
f 384 383 126
f 361 86 362
f 385 125 124
f 385 384 125
f 360 86 361
f 386 124 123
f 386 385 124
f 359 86 360
f 387 123 122
f 387 386 123
f 358 86 359
f 388 121 120
f 388 122 121
f 388 387 122
f 357 86 358
f 389 388 120
f 356 86 357
f 390 120 119
f 390 389 120
f 355 86 356
f 391 118 117
f 391 119 118
f 391 390 119
f 354 86 355
f 392 391 117
f 353 86 354
f 393 116 115
f 393 117 116
f 393 392 117
f 352 86 353
f 394 393 115
f 351 86 352
f 395 115 114
f 395 394 115
f 350 86 351
f 396 113 112
f 396 114 113
f 396 395 114
f 349 86 350
f 268 189 188
f 267 189 268
f 267 190 189
f 269 268 188
f 269 188 187
f 266 190 267
f 266 191 190
f 270 269 187
f 270 187 186
f 265 191 266
f 265 192 191
f 397 396 112
f 271 270 186
f 271 186 185
f 264 192 265
f 264 193 192
f 348 86 349
f 272 271 185
f 272 185 184
f 263 193 264
f 263 194 193
f 273 272 184
f 273 184 183
f 262 194 263
f 262 195 194
f 274 273 183
f 274 183 182
f 398 111 110
f 398 112 111
f 398 397 112
f 261 195 262
f 261 196 195
f 347 86 348
f 275 274 182
f 275 182 181
f 260 196 261
f 260 197 196
f 276 275 181
f 276 181 180
f 259 197 260
f 259 198 197
f 399 398 110
f 346 86 347
f 277 276 180
f 277 180 179
f 258 198 259
f 258 199 198
f 278 277 179
f 278 179 178
f 257 199 258
f 257 200 199
f 400 109 108
f 400 110 109
f 400 399 110
f 345 86 346
f 279 278 178
f 279 178 177
f 256 200 257
f 256 201 200
f 401 400 108
f 280 279 177
f 280 177 33
f 344 86 345
f 255 201 256
f 255 97 201
f 254 97 255
f 254 98 97
f 343 86 344
f 253 98 254
f 253 99 98
f 342 86 343
f 252 99 253
f 252 100 99
f 341 86 342
f 251 100 252
f 251 101 100
f 340 86 341
f 250 101 251
f 250 102 101
f 339 86 340
f 249 102 250
f 249 103 102
f 338 86 339
f 248 103 249
f 248 104 103
f 337 86 338
f 247 104 248
f 247 105 104
f 336 86 337
f 246 106 105
f 246 105 247
f 335 86 336
f 245 107 106
f 245 106 246
f 334 86 335
f 244 108 107
f 244 107 245
f 477 241 478
f 477 242 241
f 477 243 242
f 479 478 241
f 479 240 239
f 479 241 240
f 476 243 477
f 480 479 239
f 475 243 476
f 475 244 243
f 475 108 244
f 475 401 108
f 475 402 401
f 481 480 239
f 481 239 238
f 474 402 475
f 474 403 402
f 482 238 237
f 482 481 238
f 473 403 474
f 473 404 403
f 483 482 237
f 483 237 236
f 472 404 473
f 472 405 404
f 484 236 235
f 484 483 236
f 471 405 472
f 471 406 405
f 485 234 233
f 485 235 234
f 485 484 235
f 470 406 471
f 470 407 406
f 486 485 233
f 469 407 470
f 469 408 407
f 487 232 231
f 487 233 232
f 487 486 233
f 468 409 408
f 468 408 469
f 488 231 230
f 488 487 231
f 467 410 409
f 467 409 468
f 489 488 230
f 466 411 410
f 466 410 467
f 490 230 229
f 490 489 230
f 465 307 411
f 465 411 466
f 491 229 228
f 491 490 229
f 464 308 307
f 464 307 465
f 492 228 227
f 492 491 228
f 463 309 308
f 463 308 464
f 493 226 225
f 493 227 226
f 493 492 227
f 462 310 309
f 462 309 463
f 494 493 225
f 461 311 310
f 461 310 462
f 495 225 224
f 495 494 225
f 460 312 311
f 460 311 461
f 496 223 222
f 496 224 223
f 496 495 224
f 459 313 312
f 459 312 460
f 497 222 221
f 497 496 222
f 458 313 459
f 458 314 313
f 498 497 221
f 457 315 314
f 457 314 458
f 72 207 206
f 72 208 207
f 72 209 208
f 72 210 209
f 72 284 283
f 72 285 284
f 72 286 285
f 72 287 286
f 72 288 287
f 72 289 288
f 72 290 289
f 72 291 290
f 72 292 291
f 72 293 292
f 72 294 293
f 72 295 294
f 72 296 295
f 72 297 296
f 72 298 297
f 72 299 298
f 72 300 299
f 72 301 300
f 72 302 301
f 72 303 302
f 72 203 202
f 72 304 303
f 72 204 203
f 72 305 304
f 72 205 204
f 72 306 305
f 72 206 205
f 72 202 306
f 499 498 221
f 499 221 220
f 456 315 457
f 456 316 315
f 500 219 218
f 500 220 219
f 500 499 220
f 455 317 316
f 455 316 456
f 501 500 218
f 501 218 217
f 454 317 455
f 454 318 317
f 502 501 217
f 453 319 318
f 453 318 454
f 503 217 216
f 503 502 217
f 452 320 319
f 452 319 453
f 504 216 215
f 504 503 216
f 451 321 320
f 451 320 452
f 505 504 215
f 505 215 214
f 450 321 451
f 450 322 321
f 506 214 213
f 506 505 214
f 449 323 322
f 449 322 450
f 507 212 211
f 507 213 212
f 507 506 213
f 448 323 449
f 448 324 323
f 508 211 210
f 508 507 211
f 447 325 324
f 447 324 448
f 509 508 210
f 509 210 72
f 446 326 325
f 446 325 447
f 510 509 72
f 445 327 326
f 445 326 446
f 511 510 72
f 444 328 327
f 444 327 445
f 443 329 328
f 443 328 444
f 442 329 443
f 34 72 283
f 34 281 280
f 34 282 281
f 34 283 282
f 34 280 33
f 71 38 37
f 71 39 38
f 71 40 39
f 71 41 40
f 71 42 41
f 71 43 42
f 71 44 43
f 71 45 44
f 71 46 45
f 71 47 46
f 71 48 47
f 71 49 48
f 71 50 49
f 71 51 50
f 71 52 51
f 71 53 52
f 71 54 53
f 71 55 54
f 71 56 55
f 71 57 56
f 71 58 57
f 71 59 58
f 71 60 59
f 71 61 60
f 71 34 61
f 71 72 34
f 36 71 37
f 35 71 36
f 73 512 511
f 73 513 512
f 73 514 513
f 73 413 412
f 73 515 514
f 73 414 413
f 73 516 515
f 73 415 414
f 73 412 516
f 73 416 415
f 73 417 416
f 73 418 417
f 73 419 418
f 73 420 419
f 73 421 420
f 73 422 421
f 73 423 422
f 73 424 423
f 73 425 424
f 73 426 425
f 73 427 426
f 73 428 427
f 73 429 428
f 73 430 429
f 73 431 430
f 73 432 431
f 73 433 432
f 73 434 433
f 73 435 434
f 73 436 435
f 73 437 436
f 73 438 437
f 73 511 72
f 62 71 35
f 75 76 77
f 75 77 78
f 74 75 78
f 74 78 79
f 67 65 66
f 68 65 67
f 69 65 68
f 70 65 69
f 70 71 65
f 65 71 64
f 64 71 63
f 63 71 62
f 73 74 79
f 79 80 86
f 79 86 73
f 73 86 333
f 333 86 334
f 73 333 332
f 73 332 331
f 73 331 330
f 73 330 329
f 73 329 440
f 440 329 441
f 441 329 442
f 73 440 439
f 73 439 438
f 81 86 83
f 83 86 85
f 85 86 80
f 88 89 6
f 547 517 518
f 547 546 517
f 548 518 519
f 548 519 520
f 548 547 518
f 549 548 520
f 550 520 521
f 550 549 520
f 551 521 522
f 551 522 523
f 551 550 521
f 552 551 523
f 553 523 524
f 553 552 523
f 554 524 525
f 554 553 524
f 555 525 526
f 555 554 525
f 556 555 526
f 556 526 527
f 556 527 528
f 557 556 528
f 558 557 528
f 558 528 529
f 559 529 530
f 559 558 529
f 560 530 531
f 560 559 530
f 561 531 532
f 561 560 531
f 562 532 533
f 562 561 532
f 563 533 534
f 563 562 533
f 564 534 535
f 564 563 534
f 565 535 536
f 565 564 535
f 566 536 537
f 566 565 536
f 567 537 538
f 567 566 537
f 568 538 539
f 568 567 538
f 569 539 540
f 569 568 539
f 570 540 541
f 570 569 540
f 571 541 542
f 571 570 541
f 572 542 543
f 572 571 542
f 545 572 543
f 545 543 544
f 623 573 574
f 623 575 573
f 624 576 575
f 624 575 623
f 625 577 576
f 625 576 624
f 626 578 577
f 626 577 625
f 627 579 578
f 627 578 626
f 628 580 579
f 628 579 627
f 629 581 580
f 629 580 628
f 621 582 581
f 621 581 629
f 622 621 629
f 620 583 582
f 620 582 621
f 619 583 620
f 619 584 583
f 618 584 619
f 618 585 584
f 617 585 618
f 617 586 585
f 616 587 586
f 616 586 617
f 615 588 587
f 615 587 616
f 614 589 588
f 614 588 615
f 613 589 614
f 613 590 589
f 612 591 590
f 612 590 613
f 611 592 591
f 611 591 612
f 610 593 592
f 610 592 611
f 609 594 593
f 609 593 610
f 608 595 594
f 608 594 609
f 607 596 595
f 607 595 608
f 606 597 596
f 606 596 607
f 605 598 597
f 605 597 606
f 604 599 598
f 604 598 605
f 603 600 599
f 603 599 604
f 602 601 600
f 602 600 603
f 641 643 642
f 649 647 646
f 649 648 647
f 653 651 650
f 653 652 651
f 633 635 634
f 656 654 653
f 656 655 654
f 630 633 632
f 630 636 635
f 630 637 636
f 630 638 637
f 630 639 638
f 630 640 639
f 630 641 640
f 630 643 641
f 630 635 633
f 658 644 643
f 658 645 644
f 658 646 645
f 658 650 649
f 658 657 656
f 658 649 646
f 658 653 650
f 658 656 653
f 658 643 630
f 717 631 716
f 720 717 718
f 720 718 719
f 722 720 721
f 722 631 717
f 722 717 720
f 723 631 722
f 725 631 723
f 725 723 724
f 726 631 725
f 728 726 727
f 729 631 726
f 729 726 728
f 730 631 729
f 732 730 731
f 732 631 730
f 734 732 733
f 734 631 732
f 737 734 735
f 737 735 736
f 741 739 740
f 715 737 738
f 715 738 739
f 715 631 734
f 715 734 737
f 715 739 741
f 807 808 658
f 809 658 808
f 806 807 658
f 810 658 809
f 805 806 658
f 811 658 810
f 804 805 658
f 812 658 811
f 803 804 658
f 813 658 812
f 802 803 658
f 814 658 813
f 801 802 658
f 815 658 814
f 800 801 658
f 816 658 815
f 799 800 658
f 817 658 816
f 798 799 658
f 818 658 817
f 797 798 658
f 819 658 818
f 796 797 658
f 820 658 819
f 795 796 658
f 821 658 820
f 794 795 658
f 822 658 821
f 793 794 658
f 792 793 658
f 791 792 658
f 790 791 658
f 790 658 630
f 789 790 630
f 788 789 630
f 1018 781 782
f 1017 1018 782
f 1019 781 1018
f 1019 780 781
f 1016 782 783
f 1016 1017 782
f 1020 779 780
f 1020 780 1019
f 1015 783 784
f 1015 1016 783
f 1015 784 785
f 1021 778 779
f 1021 779 1020
f 1014 1015 785
f 1022 776 777
f 1022 777 778
f 1022 778 1021
f 1013 1014 785
f 1013 785 786
f 1023 776 1022
f 1012 786 787
f 1012 1013 786
f 1024 774 775
f 1024 775 776
f 1024 776 1023
f 1011 630 631
f 1011 788 630
f 1011 787 788
f 1011 1012 787
f 1025 774 1024
f 1010 1011 631
f 1026 773 774
f 1026 774 1025
f 1009 631 715
f 1009 1010 631
f 1027 772 773
f 1027 773 1026
f 1008 1009 715
f 1028 771 772
f 1028 772 1027
f 1007 1008 715
f 1029 770 771
f 1029 771 1028
f 1006 1007 715
f 1030 770 1029
f 1030 768 769
f 1030 769 770
f 1005 1006 715
f 1031 768 1030
f 1004 1005 715
f 1032 768 1031
f 1032 767 768
f 1003 1004 715
f 1033 766 767
f 1033 767 1032
f 1002 1003 715
f 1034 766 1033
f 1034 765 766
f 1001 1002 715
f 1035 765 1034
f 1035 763 764
f 1035 764 765
f 1000 1001 715
f 1036 763 1035
f 999 1000 715
f 1037 762 763
f 1037 763 1036
f 998 999 715
f 1038 762 1037
f 1038 761 762
f 997 998 715
f 1039 759 760
f 1039 760 761
f 1039 761 1038
f 996 997 715
f 1040 759 1039
f 995 996 715
f 1041 759 1040
f 1041 758 759
f 994 995 715
f 1042 756 757
f 1042 757 758
f 1042 758 1041
f 993 994 715
f 1043 756 1042
f 992 993 715
f 1044 756 1043
f 1044 755 756
f 991 992 715
f 1045 754 755
f 1045 755 1044
f 990 991 715
f 1046 754 1045
f 1046 753 754
f 989 990 715
f 988 989 715
f 987 988 715
f 986 987 715
f 985 986 715
f 984 985 715
f 983 984 715
f 982 983 715
f 981 982 715
f 980 981 715
f 913 833 834
f 912 913 834
f 912 834 835
f 914 832 833
f 914 833 913
f 911 835 836
f 911 912 835
f 915 831 832
f 915 832 914
f 910 836 837
f 910 911 836
f 916 831 915
f 916 830 831
f 909 837 838
f 909 910 837
f 917 830 916
f 917 829 830
f 908 838 839
f 908 909 838
f 918 829 917
f 918 828 829
f 907 839 840
f 907 908 839
f 919 828 918
f 919 827 828
f 906 907 840
f 906 840 841
f 920 827 919
f 920 826 827
f 905 841 842
f 905 906 841
f 921 826 920
f 921 825 826
f 904 842 843
f 904 905 842
f 922 825 921
f 922 824 825
f 903 843 844
f 903 904 843
f 923 823 824
f 923 824 922
f 902 844 845
f 902 903 844
f 924 823 923
f 924 822 823
f 924 658 822
f 901 845 846
f 901 902 845
f 900 846 742
f 900 901 846
f 899 900 742
f 899 742 743
f 898 743 744
f 898 899 743
f 897 898 744
f 897 744 745
f 896 745 746
f 896 897 745
f 895 746 747
f 895 896 746
f 894 747 748
f 894 895 747
f 893 748 749
f 893 894 748
f 892 749 750
f 892 893 749
f 891 892 750
f 891 750 751
f 890 751 752
f 890 891 751
f 889 752 753
f 889 890 752
f 1122 1123 886
f 1122 886 887
f 1124 886 1123
f 1124 884 885
f 1124 885 886
f 1121 887 888
f 1121 1122 887
f 1125 884 1124
f 1125 883 884
f 1120 889 753
f 1120 1046 1047
f 1120 753 1046
f 1120 1121 888
f 1120 888 889
f 1126 883 1125
f 1119 1047 1048
f 1119 1120 1047
f 1127 881 882
f 1127 882 883
f 1127 883 1126
f 1118 1048 1049
f 1118 1119 1048
f 1128 881 1127
f 1117 1049 1050
f 1117 1118 1049
f 1129 879 880
f 1129 880 881
f 1129 881 1128
f 1116 1050 1051
f 1116 1117 1050
f 1130 879 1129
f 1130 878 879
f 1115 1116 1051
f 1115 1051 1052
f 1131 877 878
f 1131 878 1130
f 1114 1052 1053
f 1114 1115 1052
f 1132 876 877
f 1132 877 1131
f 1113 1053 1054
f 1113 1114 1053
f 1133 876 1132
f 1112 1054 1055
f 1112 1113 1054
f 1134 876 1133
f 1134 875 876
f 1111 1112 1055
f 1111 1055 1056
f 1135 875 1134
f 1135 874 875
f 1110 1056 952
f 1110 1111 1056
f 1136 874 1135
f 1136 873 874
f 1109 1110 952
f 1109 952 953
f 1137 873 1136
f 1137 872 873
f 1108 1109 953
f 1108 953 954
f 1138 872 1137
f 1138 870 871
f 1138 871 872
f 1107 1108 954
f 1107 954 955
f 1139 870 1138
f 1139 869 870
f 1106 955 956
f 1106 1107 955
f 1140 869 1139
f 1140 868 869
f 1105 956 957
f 1105 1106 956
f 1141 867 868
f 1141 868 1140
f 1104 957 958
f 1104 1105 957
f 1142 866 867
f 1142 867 1141
f 1103 958 959
f 1103 1104 958
f 1143 866 1142
f 1102 959 960
f 1102 1103 959
f 1144 864 865
f 1144 865 866
f 1144 866 1143
f 1101 960 961
f 1101 1102 960
f 1145 864 1144
f 1100 961 962
f 1100 1101 961
f 1146 863 864
f 1146 864 1145
f 1099 1100 962
f 1099 962 963
f 1147 863 1146
f 1147 861 862
f 1147 862 863
f 1098 963 964
f 1098 1099 963
f 1148 860 861
f 1148 861 1147
f 1097 964 965
f 1097 1098 964
f 1149 860 1148
f 1096 1097 965
f 1096 965 966
f 1150 859 860
f 1150 860 1149
f 1095 966 967
f 1095 1096 966
f 1151 857 858
f 1151 858 859
f 1151 859 1150
f 1094 967 968
f 1094 1095 967
f 1152 856 857
f 1152 857 1151
f 1093 968 969
f 1093 1094 968
f 1153 856 1152
f 1092 969 970
f 1092 1093 969
f 1154 854 855
f 1154 855 856
f 1154 856 1153
f 1091 970 971
f 1091 1092 970
f 1155 854 1154
f 1090 971 972
f 1090 1091 971
f 1089 1090 972
f 1089 972 973
f 1088 973 974
f 1088 1089 973
f 1087 1088 974
f 659 932 933
f 659 933 934
f 659 934 935
f 659 935 936
f 659 936 937
f 659 937 938
f 659 938 939
f 659 939 940
f 659 940 941
f 659 941 942
f 659 942 943
f 659 943 944
f 659 944 945
f 659 945 946
f 659 946 947
f 659 947 948
f 659 847 848
f 659 948 949
f 659 848 849
f 659 949 950
f 659 849 850
f 659 950 951
f 659 850 851
f 659 951 847
f 659 658 924
f 659 924 925
f 659 925 926
f 659 926 927
f 659 927 928
f 659 928 929
f 659 929 930
f 659 930 931
f 659 931 932
f 682 683 684
f 682 684 685
f 682 685 686
f 682 686 659
f 679 680 681
f 679 681 682
f 679 682 659
f 678 679 659
f 677 678 659
f 676 677 659
f 675 676 659
f 673 674 675
f 673 675 659
f 669 670 671
f 669 671 672
f 668 669 672
f 668 672 673
f 666 668 673
f 666 667 668
f 664 666 673
f 664 665 666
f 662 664 673
f 662 663 664
f 660 673 659
f 660 659 851
f 660 851 852
f 660 852 853
f 660 853 854
f 660 662 673
f 660 661 662
f 660 854 1155
f 714 1158 1159
f 714 1057 1058
f 714 1159 1160
f 714 1058 1059
f 714 1160 1161
f 714 1059 1060
f 714 1161 1057
f 714 1060 1061
f 714 1061 1062
f 714 1062 1063
f 714 1063 1064
f 714 1064 1065
f 714 1065 1066
f 714 1066 1067
f 714 1067 1068
f 714 1068 1069
f 714 1069 1070
f 714 1070 1071
f 714 1071 1072
f 714 1072 1073
f 714 1073 1074
f 714 1074 1075
f 714 1075 1076
f 714 1076 1077
f 714 1077 1078
f 714 1078 1079
f 714 1079 1080
f 714 1080 1081
f 714 1081 1082
f 687 1155 1156
f 687 1156 1157
f 687 1157 1158
f 687 1158 714
f 687 660 1155
f 689 688 687
f 711 713 712
f 710 713 711
f 709 713 710
f 709 714 713
f 693 691 690
f 693 692 691
f 708 687 714
f 708 714 709
f 706 708 707
f 697 696 695
f 704 706 705
f 698 693 690
f 698 690 689
f 698 694 693
f 698 695 694
f 698 697 695
f 703 706 704
f 702 708 706
f 702 706 703
f 701 689 687
f 701 687 708
f 701 708 702
f 700 698 689
f 700 699 698
f 700 689 701
f 714 978 715
f 978 979 715
f 979 980 715
f 714 977 978
f 714 976 977
f 714 975 976
f 714 974 975
f 714 1085 974
f 1085 1086 974
f 1086 1087 974
f 714 1084 1085
f 714 1083 1084
f 714 1082 1083
f 1165 1162 1163
f 1165 1164 1162
f 1167 1168 1166
f 1172 1168 1167
f 1173 1167 1171
f 1173 1172 1167
f 1169 1172 1175
f 1169 1168 1172
f 1170 1174 1173
f 1170 1175 1174
f 1170 1169 1175
f 1170 1173 1171
f 1206 1177 1176
f 1206 1176 1205
f 1207 1178 1177
f 1207 1179 1178
f 1207 1177 1206
f 1208 1179 1207
f 1209 1180 1179
f 1209 1179 1208
f 1210 1181 1180
f 1210 1182 1181
f 1210 1180 1209
f 1211 1182 1210
f 1212 1183 1182
f 1212 1182 1211
f 1213 1184 1183
f 1213 1183 1212
f 1214 1185 1184
f 1214 1184 1213
f 1215 1185 1214
f 1215 1186 1185
f 1215 1187 1186
f 1216 1187 1215
f 1217 1187 1216
f 1217 1188 1187
f 1218 1189 1188
f 1218 1188 1217
f 1219 1190 1189
f 1219 1189 1218
f 1220 1191 1190
f 1220 1190 1219
f 1221 1192 1191
f 1221 1191 1220
f 1222 1193 1192
f 1222 1192 1221
f 1223 1194 1193
f 1223 1193 1222
f 1224 1195 1194
f 1224 1194 1223
f 1225 1196 1195
f 1225 1195 1224
f 1226 1197 1196
f 1226 1196 1225
f 1227 1198 1197
f 1227 1197 1226
f 1228 1199 1198
f 1228 1198 1227
f 1229 1200 1199
f 1229 1199 1228
f 1230 1201 1200
f 1230 1200 1229
f 1231 1202 1201
f 1231 1201 1230
f 1204 1202 1231
f 1204 1203 1202
f 1233 1234 1232
f 1233 1235 1234
f 1236 1238 1239
f 1236 1239 1237
f 1240 1241 1242
f 1240 1242 1243
f 1294 1245 1244
f 1294 1244 1246
f 1295 1246 1247
f 1295 1294 1246
f 1296 1247 1248
f 1296 1295 1247
f 1297 1248 1249
f 1297 1296 1248
f 1298 1249 1250
f 1298 1297 1249
f 1299 1250 1251
f 1299 1298 1250
f 1300 1251 1252
f 1300 1299 1251
f 1274 1252 1253
f 1274 1300 1252
f 1293 1300 1274
f 1275 1253 1254
f 1275 1274 1253
f 1276 1275 1254
f 1276 1254 1255
f 1277 1276 1255
f 1277 1255 1256
f 1278 1277 1256
f 1278 1256 1257
f 1279 1257 1258
f 1279 1278 1257
f 1280 1258 1259
f 1280 1279 1258
f 1281 1259 1260
f 1281 1280 1259
f 1282 1281 1260
f 1282 1260 1261
f 1283 1261 1262
f 1283 1282 1261
f 1284 1262 1263
f 1284 1283 1262
f 1285 1263 1264
f 1285 1284 1263
f 1286 1264 1265
f 1286 1285 1264
f 1287 1265 1266
f 1287 1286 1265
f 1288 1266 1267
f 1288 1287 1266
f 1289 1267 1268
f 1289 1288 1267
f 1290 1268 1269
f 1290 1289 1268
f 1291 1269 1270
f 1291 1290 1269
f 1292 1270 1271
f 1292 1291 1270
f 1273 1271 1272
f 1273 1292 1271
f 1301 1304 1305
f 1301 1305 1306
f 1301 1306 1307
f 1301 1307 1308
f 1301 1308 1309
f 1301 1309 1310
f 1301 1310 1311
f 1301 1311 1312
f 1301 1312 1313
f 1301 1313 1314
f 1301 1314 1315
f 1301 1315 1316
f 1301 1316 1317
f 1301 1317 1318
f 1301 1318 1319
f 1301 1319 1320
f 1301 1320 1321
f 1301 1321 1303
f 1323 1322 1304
f 1302 1304 1301
f 1302 1323 1304
f 1325 1324 1326
f 1330 1325 1326
f 1331 1329 1325
f 1331 1325 1330
f 1327 1333 1330
f 1327 1330 1326
f 1328 1331 1332
f 1328 1332 1333
f 1328 1333 1327
f 1328 1329 1331
f 1354 1335 1334
f 1354 1336 1335
f 1355 1337 1336
f 1355 1338 1337
f 1355 1336 1354
f 1356 1339 1338
f 1356 1340 1339
f 1356 1341 1340
f 1356 1342 1341
f 1356 1338 1355
f 1357 1343 1342
f 1357 1344 1343
f 1357 1345 1344
f 1357 1346 1345
f 1357 1347 1346
f 1357 1348 1347
f 1357 1349 1348
f 1357 1342 1356
f 1353 1350 1349
f 1353 1351 1350
f 1353 1352 1351
f 1353 1349 1357
f 1359 1360 1358
f 1359 1361 1360
f 1368 1362 1364
f 1368 1364 1365
f 1367 1363 1369
f 1366 1367 1369
f 1363 1362 1368
f 1363 1368 1369
f 1365 1366 1369
f 1365 1369 1368
f 1370 1372 1371
f 1370 1373 1372
f 1397 1393 1392
f 1397 1394 1393
f 1397 1395 1394
f 1398 1390 1389
f 1398 1391 1390
f 1398 1392 1391
f 1398 1397 1392
f 1399 1386 1385
f 1399 1387 1386
f 1399 1388 1387
f 1399 1389 1388
f 1399 1398 1389
f 1400 1379 1378
f 1400 1380 1379
f 1400 1381 1380
f 1400 1382 1381
f 1400 1383 1382
f 1400 1384 1383
f 1400 1385 1384
f 1400 1399 1385
f 1396 1375 1374
f 1396 1376 1375
f 1396 1377 1376
f 1396 1378 1377
f 1396 1400 1378
f 1414 1415 1423
f 1413 1414 1423
f 1416 1423 1415
f 1412 1413 1423
f 1417 1423 1416
f 1411 1412 1423
f 1410 1411 1423
f 1418 1423 1417
f 1409 1410 1423
f 1408 1409 1423
f 1407 1408 1423
f 1419 1423 1418
f 1406 1407 1423
f 1405 1406 1423
f 1404 1405 1423
f 1420 1423 1419
f 1403 1404 1423
f 1421 1423 1420
f 1402 1403 1423
f 1401 1402 1423
f 1422 1423 1421
f 1424 1423 1422
f 1425 1422 1426
f 1425 1424 1422
f 1428 1533 1427
f 1428 1534 1533
f 1429 1535 1534
f 1429 1534 1428
f 1430 1536 1535
f 1430 1535 1429
f 1431 1537 1536
f 1431 1536 1430
f 1432 1538 1537
f 1432 1537 1431
f 1433 1539 1538
f 1433 1538 1432
f 1434 1540 1539
f 1434 1539 1433
f 1435 1541 1540
f 1435 1542 1541
f 1435 1540 1434
f 1436 1542 1435
f 1437 1543 1542
f 1437 1542 1436
f 1438 1544 1543
f 1438 1543 1437
f 1439 1545 1544
f 1439 1544 1438
f 1440 1546 1545
f 1440 1545 1439
f 1441 1547 1546
f 1441 1546 1440
f 1442 1548 1547
f 1442 1547 1441
f 1443 1549 1548
f 1443 1548 1442
f 1444 1550 1549
f 1444 1549 1443
f 1445 1551 1550
f 1445 1550 1444
f 1446 1552 1551
f 1446 1551 1445
f 1447 1553 1552
f 1447 1552 1446
f 1448 1554 1553
f 1448 1553 1447
f 1449 1554 1448
f 1449 1555 1554
f 1450 1555 1449
f 1450 1556 1555
f 1451 1556 1450
f 1451 1557 1556
f 1452 1557 1451
f 1452 1558 1557
f 1452 1559 1558
f 1453 1559 1452
f 1454 1559 1453
f 1454 1560 1559
f 1455 1560 1454
f 1455 1561 1560
f 1456 1561 1455
f 1456 1562 1561
f 1457 1562 1456
f 1457 1563 1562
f 1458 1564 1563
f 1458 1563 1457
f 1459 1565 1564
f 1459 1566 1565
f 1459 1564 1458
f 1460 1566 1459
f 1461 1567 1566
f 1461 1566 1460
f 1462 1568 1567
f 1462 1567 1461
f 1463 1569 1568
f 1463 1568 1462
f 1464 1570 1569
f 1464 1569 1463
f 1465 1571 1570
f 1465 1572 1571
f 1465 1570 1464
f 1466 1572 1465
f 1467 1573 1572
f 1467 1572 1466
f 1468 1574 1573
f 1468 1573 1467
f 1469 1575 1574
f 1469 1574 1468
f 1470 1576 1575
f 1470 1575 1469
f 1471 1577 1576
f 1471 1576 1470
f 1472 1578 1577
f 1472 1577 1471
f 1473 1579 1578
f 1473 1578 1472
f 1474 1580 1579
f 1474 1579 1473
f 1475 1580 1474
f 1475 1581 1580
f 1476 1581 1475
f 1476 1582 1581
f 1477 1582 1476
f 1477 1583 1582
f 1478 1583 1477
f 1478 1584 1583
f 1479 1584 1478
f 1479 1585 1584
f 1480 1585 1479
f 1480 1586 1585
f 1481 1586 1480
f 1481 1587 1586
f 1482 1587 1481
f 1482 1588 1587
f 1483 1588 1482
f 1483 1589 1588
f 1484 1589 1483
f 1484 1590 1589
f 1485 1590 1484
f 1485 1591 1590
f 1486 1591 1485
f 1486 1592 1591
f 1487 1592 1486
f 1487 1593 1592
f 1488 1593 1487
f 1488 1594 1593
f 1489 1594 1488
f 1489 1595 1594
f 1490 1595 1489
f 1490 1596 1595
f 1491 1596 1490
f 1491 1597 1596
f 1492 1598 1597
f 1492 1597 1491
f 1493 1599 1598
f 1493 1598 1492
f 1494 1600 1599
f 1494 1599 1493
f 1495 1601 1600
f 1495 1600 1494
f 1496 1602 1601
f 1496 1601 1495
f 1497 1603 1602
f 1497 1602 1496
f 1498 1604 1603
f 1498 1603 1497
f 1499 1604 1498
f 1499 1605 1604
f 1500 1605 1499
f 1500 1606 1605
f 1501 1606 1500
f 1501 1607 1606
f 1502 1607 1501
f 1502 1608 1607
f 1503 1608 1502
f 1503 1609 1608
f 1504 1609 1503
f 1504 1610 1609
f 1505 1610 1504
f 1505 1611 1610
f 1506 1611 1505
f 1506 1612 1611
f 1506 1613 1612
f 1507 1613 1506
f 1508 1613 1507
f 1508 1614 1613
f 1509 1614 1508
f 1509 1615 1614
f 1510 1615 1509
f 1510 1616 1615
f 1511 1616 1510
f 1511 1617 1616
f 1512 1617 1511
f 1512 1618 1617
f 1513 1618 1512
f 1513 1619 1618
f 1514 1619 1513
f 1514 1620 1619
f 1515 1620 1514
f 1515 1621 1620
f 1516 1621 1515
f 1516 1622 1621
f 1517 1622 1516
f 1517 1623 1622
f 1518 1623 1517
f 1518 1624 1623
f 1519 1624 1518
f 1519 1625 1624
f 1520 1625 1519
f 1520 1626 1625
f 1521 1626 1520
f 1521 1627 1626
f 1522 1627 1521
f 1522 1628 1627
f 1523 1629 1628
f 1523 1628 1522
f 1524 1630 1629
f 1524 1629 1523
f 1525 1630 1524
f 1525 1631 1630
f 1526 1632 1631
f 1526 1631 1525
f 1527 1633 1632
f 1527 1632 1526
f 1528 1634 1633
f 1528 1633 1527
f 1529 1635 1634
f 1529 1634 1528
f 1530 1636 1635
f 1530 1635 1529
f 1531 1637 1636
f 1531 1636 1530
f 1532 1637 1531
f 1532 1638 1637
f 1640 1745 1639
f 1640 1746 1745
f 1641 1747 1746
f 1641 1746 1640
f 1642 1748 1747
f 1642 1747 1641
f 1643 1749 1748
f 1643 1748 1642
f 1644 1750 1749
f 1644 1749 1643
f 1645 1751 1750
f 1645 1750 1644
f 1646 1752 1751
f 1646 1751 1645
f 1647 1753 1752
f 1647 1754 1753
f 1647 1752 1646
f 1648 1754 1647
f 1649 1755 1754
f 1649 1754 1648
f 1650 1756 1755
f 1650 1755 1649
f 1651 1757 1756
f 1651 1756 1650
f 1652 1758 1757
f 1652 1757 1651
f 1653 1759 1758
f 1653 1758 1652
f 1654 1760 1759
f 1654 1759 1653
f 1655 1761 1760
f 1655 1760 1654
f 1656 1762 1761
f 1656 1761 1655
f 1657 1763 1762
f 1657 1762 1656
f 1658 1764 1763
f 1658 1763 1657
f 1659 1765 1764
f 1659 1764 1658
f 1660 1766 1765
f 1660 1765 1659
f 1661 1766 1660
f 1661 1767 1766
f 1662 1767 1661
f 1662 1768 1767
f 1663 1768 1662
f 1663 1769 1768
f 1664 1769 1663
f 1664 1770 1769
f 1664 1771 1770
f 1665 1771 1664
f 1666 1771 1665
f 1666 1772 1771
f 1667 1772 1666
f 1667 1773 1772
f 1668 1773 1667
f 1668 1774 1773
f 1669 1774 1668
f 1669 1775 1774
f 1670 1776 1775
f 1670 1775 1669
f 1671 1777 1776
f 1671 1778 1777
f 1671 1776 1670
f 1672 1778 1671
f 1673 1779 1778
f 1673 1778 1672
f 1674 1780 1779
f 1674 1779 1673
f 1675 1781 1780
f 1675 1780 1674
f 1676 1782 1781
f 1676 1781 1675
f 1677 1783 1782
f 1677 1784 1783
f 1677 1782 1676
f 1678 1784 1677
f 1679 1785 1784
f 1679 1784 1678
f 1680 1786 1785
f 1680 1785 1679
f 1681 1787 1786
f 1681 1786 1680
f 1682 1788 1787
f 1682 1787 1681
f 1683 1789 1788
f 1683 1788 1682
f 1684 1790 1789
f 1684 1789 1683
f 1685 1791 1790
f 1685 1790 1684
f 1686 1792 1791
f 1686 1791 1685
f 1687 1792 1686
f 1687 1793 1792
f 1688 1793 1687
f 1688 1794 1793
f 1689 1794 1688
f 1689 1795 1794
f 1690 1795 1689
f 1690 1796 1795
f 1691 1796 1690
f 1691 1797 1796
f 1692 1797 1691
f 1692 1798 1797
f 1693 1798 1692
f 1693 1799 1798
f 1694 1799 1693
f 1694 1800 1799
f 1695 1800 1694
f 1695 1801 1800
f 1696 1801 1695
f 1696 1802 1801
f 1697 1802 1696
f 1697 1803 1802
f 1698 1803 1697
f 1698 1804 1803
f 1699 1804 1698
f 1699 1805 1804
f 1700 1805 1699
f 1700 1806 1805
f 1701 1806 1700
f 1701 1807 1806
f 1702 1807 1701
f 1702 1808 1807
f 1703 1808 1702
f 1703 1809 1808
f 1704 1810 1809
f 1704 1809 1703
f 1705 1811 1810
f 1705 1810 1704
f 1706 1812 1811
f 1706 1811 1705
f 1707 1813 1812
f 1707 1812 1706
f 1708 1814 1813
f 1708 1813 1707
f 1709 1815 1814
f 1709 1814 1708
f 1710 1816 1815
f 1710 1815 1709
f 1711 1816 1710
f 1711 1817 1816
f 1712 1817 1711
f 1712 1818 1817
f 1713 1818 1712
f 1713 1819 1818
f 1714 1819 1713
f 1714 1820 1819
f 1715 1820 1714
f 1715 1821 1820
f 1716 1821 1715
f 1716 1822 1821
f 1717 1822 1716
f 1717 1823 1822
f 1718 1823 1717
f 1718 1824 1823
f 1718 1825 1824
f 1719 1825 1718
f 1720 1825 1719
f 1720 1826 1825
f 1721 1826 1720
f 1721 1827 1826
f 1722 1827 1721
f 1722 1828 1827
f 1723 1828 1722
f 1723 1829 1828
f 1724 1829 1723
f 1724 1830 1829
f 1725 1830 1724
f 1725 1831 1830
f 1726 1831 1725
f 1726 1832 1831
f 1727 1832 1726
f 1727 1833 1832
f 1728 1833 1727
f 1728 1834 1833
f 1729 1834 1728
f 1729 1835 1834
f 1730 1835 1729
f 1730 1836 1835
f 1731 1836 1730
f 1731 1837 1836
f 1732 1837 1731
f 1732 1838 1837
f 1733 1838 1732
f 1733 1839 1838
f 1734 1839 1733
f 1734 1840 1839
f 1735 1841 1840
f 1735 1840 1734
f 1736 1842 1841
f 1736 1841 1735
f 1737 1842 1736
f 1737 1843 1842
f 1738 1844 1843
f 1738 1843 1737
f 1739 1845 1844
f 1739 1844 1738
f 1740 1846 1845
f 1740 1845 1739
f 1741 1847 1846
f 1741 1846 1740
f 1742 1848 1847
f 1742 1847 1741
f 1743 1849 1848
f 1743 1848 1742
f 1744 1849 1743
f 1744 1850 1849
f 1852 1957 1851
f 1852 1958 1957
f 1853 1959 1958
f 1853 1958 1852
f 1854 1960 1959
f 1854 1959 1853
f 1855 1961 1960
f 1855 1960 1854
f 1856 1962 1961
f 1856 1961 1855
f 1857 1963 1962
f 1857 1962 1856
f 1858 1964 1963
f 1858 1963 1857
f 1859 1965 1964
f 1859 1966 1965
f 1859 1964 1858
f 1860 1966 1859
f 1861 1967 1966
f 1861 1966 1860
f 1862 1968 1967
f 1862 1967 1861
f 1863 1969 1968
f 1863 1968 1862
f 1864 1970 1969
f 1864 1969 1863
f 1865 1971 1970
f 1865 1970 1864
f 1866 1972 1971
f 1866 1971 1865
f 1867 1973 1972
f 1867 1972 1866
f 1868 1974 1973
f 1868 1973 1867
f 1869 1975 1974
f 1869 1974 1868
f 1870 1976 1975
f 1870 1975 1869
f 1871 1977 1976
f 1871 1976 1870
f 1872 1978 1977
f 1872 1977 1871
f 1873 1978 1872
f 1873 1979 1978
f 1874 1979 1873
f 1874 1980 1979
f 1875 1980 1874
f 1875 1981 1980
f 1876 1981 1875
f 1876 1982 1981
f 1876 1983 1982
f 1877 1983 1876
f 1878 1983 1877
f 1878 1984 1983
f 1879 1984 1878
f 1879 1985 1984
f 1880 1985 1879
f 1880 1986 1985
f 1881 1986 1880
f 1881 1987 1986
f 1882 1988 1987
f 1882 1987 1881
f 1883 1989 1988
f 1883 1990 1989
f 1883 1988 1882
f 1884 1990 1883
f 1885 1991 1990
f 1885 1990 1884
f 1886 1992 1991
f 1886 1991 1885
f 1887 1993 1992
f 1887 1992 1886
f 1888 1994 1993
f 1888 1993 1887
f 1889 1995 1994
f 1889 1996 1995
f 1889 1994 1888
f 1890 1996 1889
f 1891 1997 1996
f 1891 1996 1890
f 1892 1998 1997
f 1892 1997 1891
f 1893 1999 1998
f 1893 1998 1892
f 1894 2000 1999
f 1894 1999 1893
f 1895 2001 2000
f 1895 2000 1894
f 1896 2002 2001
f 1896 2001 1895
f 1897 2003 2002
f 1897 2002 1896
f 1898 2004 2003
f 1898 2003 1897
f 1899 2004 1898
f 1899 2005 2004
f 1900 2005 1899
f 1900 2006 2005
f 1901 2006 1900
f 1901 2007 2006
f 1902 2007 1901
f 1902 2008 2007
f 1903 2008 1902
f 1903 2009 2008
f 1904 2009 1903
f 1904 2010 2009
f 1905 2010 1904
f 1905 2011 2010
f 1906 2011 1905
f 1906 2012 2011
f 1907 2012 1906
f 1907 2013 2012
f 1908 2013 1907
f 1908 2014 2013
f 1909 2014 1908
f 1909 2015 2014
f 1910 2015 1909
f 1910 2016 2015
f 1911 2016 1910
f 1911 2017 2016
f 1912 2017 1911
f 1912 2018 2017
f 1913 2018 1912
f 1913 2019 2018
f 1914 2019 1913
f 1914 2020 2019
f 1915 2020 1914
f 1915 2021 2020
f 1916 2022 2021
f 1916 2021 1915
f 1917 2023 2022
f 1917 2022 1916
f 1918 2024 2023
f 1918 2023 1917
f 1919 2025 2024
f 1919 2024 1918
f 1920 2026 2025
f 1920 2025 1919
f 1921 2027 2026
f 1921 2026 1920
f 1922 2028 2027
f 1922 2027 1921
f 1923 2028 1922
f 1923 2029 2028
f 1924 2029 1923
f 1924 2030 2029
f 1925 2030 1924
f 1925 2031 2030
f 1926 2031 1925
f 1926 2032 2031
f 1927 2032 1926
f 1927 2033 2032
f 1928 2033 1927
f 1928 2034 2033
f 1929 2034 1928
f 1929 2035 2034
f 1930 2035 1929
f 1930 2036 2035
f 1930 2037 2036
f 1931 2037 1930
f 1932 2037 1931
f 1932 2038 2037
f 1933 2038 1932
f 1933 2039 2038
f 1934 2039 1933
f 1934 2040 2039
f 1935 2040 1934
f 1935 2041 2040
f 1936 2041 1935
f 1936 2042 2041
f 1937 2042 1936
f 1937 2043 2042
f 1938 2043 1937
f 1938 2044 2043
f 1939 2044 1938
f 1939 2045 2044
f 1940 2045 1939
f 1940 2046 2045
f 1941 2046 1940
f 1941 2047 2046
f 1942 2047 1941
f 1942 2048 2047
f 1943 2048 1942
f 1943 2049 2048
f 1944 2049 1943
f 1944 2050 2049
f 1945 2050 1944
f 1945 2051 2050
f 1946 2051 1945
f 1946 2052 2051
f 1947 2053 2052
f 1947 2052 1946
f 1948 2054 2053
f 1948 2053 1947
f 1949 2054 1948
f 1949 2055 2054
f 1950 2056 2055
f 1950 2055 1949
f 1951 2057 2056
f 1951 2056 1950
f 1952 2058 2057
f 1952 2057 1951
f 1953 2059 2058
f 1953 2058 1952
f 1954 2060 2059
f 1954 2059 1953
f 1955 2061 2060
f 1955 2060 1954
f 1956 2061 1955
f 1956 2062 2061
f 2064 2169 2063
f 2064 2170 2169
f 2065 2171 2170
f 2065 2170 2064
f 2066 2172 2171
f 2066 2171 2065
f 2067 2173 2172
f 2067 2172 2066
f 2068 2174 2173
f 2068 2173 2067
f 2069 2175 2174
f 2069 2174 2068
f 2070 2176 2175
f 2070 2175 2069
f 2071 2177 2176
f 2071 2178 2177
f 2071 2176 2070
f 2072 2178 2071
f 2073 2179 2178
f 2073 2178 2072
f 2074 2180 2179
f 2074 2179 2073
f 2075 2181 2180
f 2075 2180 2074
f 2076 2182 2181
f 2076 2181 2075
f 2077 2183 2182
f 2077 2182 2076
f 2078 2184 2183
f 2078 2183 2077
f 2079 2185 2184
f 2079 2184 2078
f 2080 2186 2185
f 2080 2185 2079
f 2081 2187 2186
f 2081 2186 2080
f 2082 2188 2187
f 2082 2187 2081
f 2083 2189 2188
f 2083 2188 2082
f 2084 2190 2189
f 2084 2189 2083
f 2085 2190 2084
f 2085 2191 2190
f 2086 2191 2085
f 2086 2192 2191
f 2087 2192 2086
f 2087 2193 2192
f 2088 2193 2087
f 2088 2194 2193
f 2088 2195 2194
f 2089 2195 2088
f 2090 2195 2089
f 2090 2196 2195
f 2091 2196 2090
f 2091 2197 2196
f 2092 2197 2091
f 2092 2198 2197
f 2093 2198 2092
f 2093 2199 2198
f 2094 2200 2199
f 2094 2199 2093
f 2095 2201 2200
f 2095 2202 2201
f 2095 2200 2094
f 2096 2202 2095
f 2097 2203 2202
f 2097 2202 2096
f 2098 2204 2203
f 2098 2203 2097
f 2099 2205 2204
f 2099 2204 2098
f 2100 2206 2205
f 2100 2205 2099
f 2101 2207 2206
f 2101 2208 2207
f 2101 2206 2100
f 2102 2208 2101
f 2103 2209 2208
f 2103 2208 2102
f 2104 2210 2209
f 2104 2209 2103
f 2105 2211 2210
f 2105 2210 2104
f 2106 2212 2211
f 2106 2211 2105
f 2107 2213 2212
f 2107 2212 2106
f 2108 2214 2213
f 2108 2213 2107
f 2109 2215 2214
f 2109 2214 2108
f 2110 2216 2215
f 2110 2215 2109
f 2111 2216 2110
f 2111 2217 2216
f 2112 2217 2111
f 2112 2218 2217
f 2113 2218 2112
f 2113 2219 2218
f 2114 2219 2113
f 2114 2220 2219
f 2115 2220 2114
f 2115 2221 2220
f 2116 2221 2115
f 2116 2222 2221
f 2117 2222 2116
f 2117 2223 2222
f 2118 2223 2117
f 2118 2224 2223
f 2119 2224 2118
f 2119 2225 2224
f 2120 2225 2119
f 2120 2226 2225
f 2121 2226 2120
f 2121 2227 2226
f 2122 2227 2121
f 2122 2228 2227
f 2123 2228 2122
f 2123 2229 2228
f 2124 2229 2123
f 2124 2230 2229
f 2125 2230 2124
f 2125 2231 2230
f 2126 2231 2125
f 2126 2232 2231
f 2127 2232 2126
f 2127 2233 2232
f 2128 2234 2233
f 2128 2233 2127
f 2129 2235 2234
f 2129 2234 2128
f 2130 2236 2235
f 2130 2235 2129
f 2131 2237 2236
f 2131 2236 2130
f 2132 2238 2237
f 2132 2237 2131
f 2133 2239 2238
f 2133 2238 2132
f 2134 2240 2239
f 2134 2239 2133
f 2135 2240 2134
f 2135 2241 2240
f 2136 2241 2135
f 2136 2242 2241
f 2137 2242 2136
f 2137 2243 2242
f 2138 2243 2137
f 2138 2244 2243
f 2139 2244 2138
f 2139 2245 2244
f 2140 2245 2139
f 2140 2246 2245
f 2141 2246 2140
f 2141 2247 2246
f 2142 2247 2141
f 2142 2248 2247
f 2142 2249 2248
f 2143 2249 2142
f 2144 2249 2143
f 2144 2250 2249
f 2145 2250 2144
f 2145 2251 2250
f 2146 2251 2145
f 2146 2252 2251
f 2147 2252 2146
f 2147 2253 2252
f 2148 2253 2147
f 2148 2254 2253
f 2149 2254 2148
f 2149 2255 2254
f 2150 2255 2149
f 2150 2256 2255
f 2151 2256 2150
f 2151 2257 2256
f 2152 2257 2151
f 2152 2258 2257
f 2153 2258 2152
f 2153 2259 2258
f 2154 2259 2153
f 2154 2260 2259
f 2155 2260 2154
f 2155 2261 2260
f 2156 2261 2155
f 2156 2262 2261
f 2157 2262 2156
f 2157 2263 2262
f 2158 2263 2157
f 2158 2264 2263
f 2159 2265 2264
f 2159 2264 2158
f 2160 2266 2265
f 2160 2265 2159
f 2161 2266 2160
f 2161 2267 2266
f 2162 2268 2267
f 2162 2267 2161
f 2163 2269 2268
f 2163 2268 2162
f 2164 2270 2269
f 2164 2269 2163
f 2165 2271 2270
f 2165 2270 2164
f 2166 2272 2271
f 2166 2271 2165
f 2167 2273 2272
f 2167 2272 2166
f 2168 2273 2167
f 2168 2274 2273
f 2276 2281 2282
f 2276 2282 2283
f 2276 2283 2284
f 2276 2284 2285
f 2276 2285 2286
f 2276 2286 2287
f 2276 2287 2288
f 2276 2288 2289
f 2276 2289 2290
f 2276 2290 2291
f 2276 2291 2292
f 2276 2292 2293
f 2276 2293 2294
f 2276 2294 2295
f 2276 2295 2275
f 2277 2278 2276
f 2278 2279 2276
f 2279 2280 2276
f 2280 2281 2276
f 2297 2402 2296
f 2297 2403 2402
f 2298 2404 2403
f 2298 2403 2297
f 2299 2405 2404
f 2299 2404 2298
f 2300 2406 2405
f 2300 2405 2299
f 2301 2407 2406
f 2301 2406 2300
f 2302 2408 2407
f 2302 2407 2301
f 2303 2409 2408
f 2303 2408 2302
f 2304 2410 2409
f 2304 2411 2410
f 2304 2409 2303
f 2305 2411 2304
f 2306 2412 2411
f 2306 2411 2305
f 2307 2413 2412
f 2307 2412 2306
f 2308 2414 2413
f 2308 2413 2307
f 2309 2415 2414
f 2309 2414 2308
f 2310 2416 2415
f 2310 2415 2309
f 2311 2417 2416
f 2311 2416 2310
f 2312 2418 2417
f 2312 2417 2311
f 2313 2419 2418
f 2313 2418 2312
f 2314 2420 2419
f 2314 2419 2313
f 2315 2421 2420
f 2315 2420 2314
f 2316 2422 2421
f 2316 2421 2315
f 2317 2423 2422
f 2317 2422 2316
f 2318 2423 2317
f 2318 2424 2423
f 2319 2424 2318
f 2319 2425 2424
f 2320 2425 2319
f 2320 2426 2425
f 2321 2426 2320
f 2321 2427 2426
f 2321 2428 2427
f 2322 2428 2321
f 2323 2428 2322
f 2323 2429 2428
f 2324 2429 2323
f 2324 2430 2429
f 2325 2430 2324
f 2325 2431 2430
f 2326 2431 2325
f 2326 2432 2431
f 2327 2433 2432
f 2327 2432 2326
f 2328 2434 2433
f 2328 2435 2434
f 2328 2433 2327
f 2329 2435 2328
f 2330 2436 2435
f 2330 2435 2329
f 2331 2437 2436
f 2331 2436 2330
f 2332 2438 2437
f 2332 2437 2331
f 2333 2439 2438
f 2333 2438 2332
f 2334 2440 2439
f 2334 2441 2440
f 2334 2439 2333
f 2335 2441 2334
f 2336 2442 2441
f 2336 2441 2335
f 2337 2443 2442
f 2337 2442 2336
f 2338 2444 2443
f 2338 2443 2337
f 2339 2445 2444
f 2339 2444 2338
f 2340 2446 2445
f 2340 2445 2339
f 2341 2447 2446
f 2341 2446 2340
f 2342 2448 2447
f 2342 2447 2341
f 2343 2449 2448
f 2343 2448 2342
f 2344 2449 2343
f 2344 2450 2449
f 2345 2450 2344
f 2345 2451 2450
f 2346 2451 2345
f 2346 2452 2451
f 2347 2452 2346
f 2347 2453 2452
f 2348 2453 2347
f 2348 2454 2453
f 2349 2454 2348
f 2349 2455 2454
f 2350 2455 2349
f 2350 2456 2455
f 2351 2456 2350
f 2351 2457 2456
f 2352 2457 2351
f 2352 2458 2457
f 2353 2458 2352
f 2353 2459 2458
f 2354 2459 2353
f 2354 2460 2459
f 2355 2460 2354
f 2355 2461 2460
f 2356 2461 2355
f 2356 2462 2461
f 2357 2462 2356
f 2357 2463 2462
f 2358 2463 2357
f 2358 2464 2463
f 2359 2464 2358
f 2359 2465 2464
f 2360 2465 2359
f 2360 2466 2465
f 2361 2467 2466
f 2361 2466 2360
f 2362 2468 2467
f 2362 2467 2361
f 2363 2469 2468
f 2363 2468 2362
f 2364 2470 2469
f 2364 2469 2363
f 2365 2471 2470
f 2365 2470 2364
f 2366 2472 2471
f 2366 2471 2365
f 2367 2473 2472
f 2367 2472 2366
f 2368 2473 2367
f 2368 2474 2473
f 2369 2474 2368
f 2369 2475 2474
f 2370 2475 2369
f 2370 2476 2475
f 2371 2476 2370
f 2371 2477 2476
f 2372 2477 2371
f 2372 2478 2477
f 2373 2478 2372
f 2373 2479 2478
f 2374 2479 2373
f 2374 2480 2479
f 2375 2480 2374
f 2375 2481 2480
f 2375 2482 2481
f 2376 2482 2375
f 2377 2482 2376
f 2377 2483 2482
f 2378 2483 2377
f 2378 2484 2483
f 2379 2484 2378
f 2379 2485 2484
f 2380 2485 2379
f 2380 2486 2485
f 2381 2486 2380
f 2381 2487 2486
f 2382 2487 2381
f 2382 2488 2487
f 2383 2488 2382
f 2383 2489 2488
f 2384 2489 2383
f 2384 2490 2489
f 2385 2490 2384
f 2385 2491 2490
f 2386 2491 2385
f 2386 2492 2491
f 2387 2492 2386
f 2387 2493 2492
f 2388 2493 2387
f 2388 2494 2493
f 2389 2494 2388
f 2389 2495 2494
f 2390 2495 2389
f 2390 2496 2495
f 2391 2496 2390
f 2391 2497 2496
f 2392 2498 2497
f 2392 2497 2391
f 2393 2499 2498
f 2393 2498 2392
f 2394 2499 2393
f 2394 2500 2499
f 2395 2501 2500
f 2395 2500 2394
f 2396 2502 2501
f 2396 2501 2395
f 2397 2503 2502
f 2397 2502 2396
f 2398 2504 2503
f 2398 2503 2397
f 2399 2505 2504
f 2399 2504 2398
f 2400 2506 2505
f 2400 2505 2399
f 2401 2506 2400
f 2401 2507 2506
f 2509 2614 2508
f 2509 2615 2614
f 2510 2616 2615
f 2510 2615 2509
f 2511 2617 2616
f 2511 2616 2510
f 2512 2618 2617
f 2512 2617 2511
f 2513 2619 2618
f 2513 2618 2512
f 2514 2620 2619
f 2514 2619 2513
f 2515 2621 2620
f 2515 2620 2514
f 2516 2622 2621
f 2516 2623 2622
f 2516 2621 2515
f 2517 2623 2516
f 2518 2624 2623
f 2518 2623 2517
f 2519 2625 2624
f 2519 2624 2518
f 2520 2626 2625
f 2520 2625 2519
f 2521 2627 2626
f 2521 2626 2520
f 2522 2628 2627
f 2522 2627 2521
f 2523 2629 2628
f 2523 2628 2522
f 2524 2630 2629
f 2524 2629 2523
f 2525 2631 2630
f 2525 2630 2524
f 2526 2632 2631
f 2526 2631 2525
f 2527 2633 2632
f 2527 2632 2526
f 2528 2634 2633
f 2528 2633 2527
f 2529 2635 2634
f 2529 2634 2528
f 2530 2635 2529
f 2530 2636 2635
f 2531 2636 2530
f 2531 2637 2636
f 2532 2637 2531
f 2532 2638 2637
f 2533 2638 2532
f 2533 2639 2638
f 2533 2640 2639
f 2534 2640 2533
f 2535 2640 2534
f 2535 2641 2640
f 2536 2641 2535
f 2536 2642 2641
f 2537 2642 2536
f 2537 2643 2642
f 2538 2643 2537
f 2538 2644 2643
f 2539 2645 2644
f 2539 2644 2538
f 2540 2646 2645
f 2540 2647 2646
f 2540 2645 2539
f 2541 2647 2540
f 2542 2648 2647
f 2542 2647 2541
f 2543 2649 2648
f 2543 2648 2542
f 2544 2650 2649
f 2544 2649 2543
f 2545 2651 2650
f 2545 2650 2544
f 2546 2652 2651
f 2546 2653 2652
f 2546 2651 2545
f 2547 2653 2546
f 2548 2654 2653
f 2548 2653 2547
f 2549 2655 2654
f 2549 2654 2548
f 2550 2656 2655
f 2550 2655 2549
f 2551 2657 2656
f 2551 2656 2550
f 2552 2658 2657
f 2552 2657 2551
f 2553 2659 2658
f 2553 2658 2552
f 2554 2660 2659
f 2554 2659 2553
f 2555 2661 2660
f 2555 2660 2554
f 2556 2661 2555
f 2556 2662 2661
f 2557 2662 2556
f 2557 2663 2662
f 2558 2663 2557
f 2558 2664 2663
f 2559 2664 2558
f 2559 2665 2664
f 2560 2665 2559
f 2560 2666 2665
f 2561 2666 2560
f 2561 2667 2666
f 2562 2667 2561
f 2562 2668 2667
f 2563 2668 2562
f 2563 2669 2668
f 2564 2669 2563
f 2564 2670 2669
f 2565 2670 2564
f 2565 2671 2670
f 2566 2671 2565
f 2566 2672 2671
f 2567 2672 2566
f 2567 2673 2672
f 2568 2673 2567
f 2568 2674 2673
f 2569 2674 2568
f 2569 2675 2674
f 2570 2675 2569
f 2570 2676 2675
f 2571 2676 2570
f 2571 2677 2676
f 2572 2677 2571
f 2572 2678 2677
f 2573 2679 2678
f 2573 2678 2572
f 2574 2680 2679
f 2574 2679 2573
f 2575 2681 2680
f 2575 2680 2574
f 2576 2682 2681
f 2576 2681 2575
f 2577 2683 2682
f 2577 2682 2576
f 2578 2684 2683
f 2578 2683 2577
f 2579 2685 2684
f 2579 2684 2578
f 2580 2685 2579
f 2580 2686 2685
f 2581 2686 2580
f 2581 2687 2686
f 2582 2687 2581
f 2582 2688 2687
f 2583 2688 2582
f 2583 2689 2688
f 2584 2689 2583
f 2584 2690 2689
f 2585 2690 2584
f 2585 2691 2690
f 2586 2691 2585
f 2586 2692 2691
f 2587 2692 2586
f 2587 2693 2692
f 2587 2694 2693
f 2588 2694 2587
f 2589 2694 2588
f 2589 2695 2694
f 2590 2695 2589
f 2590 2696 2695
f 2591 2696 2590
f 2591 2697 2696
f 2592 2697 2591
f 2592 2698 2697
f 2593 2698 2592
f 2593 2699 2698
f 2594 2699 2593
f 2594 2700 2699
f 2595 2700 2594
f 2595 2701 2700
f 2596 2701 2595
f 2596 2702 2701
f 2597 2702 2596
f 2597 2703 2702
f 2598 2703 2597
f 2598 2704 2703
f 2599 2704 2598
f 2599 2705 2704
f 2600 2705 2599
f 2600 2706 2705
f 2601 2706 2600
f 2601 2707 2706
f 2602 2707 2601
f 2602 2708 2707
f 2603 2708 2602
f 2603 2709 2708
f 2604 2710 2709
f 2604 2709 2603
f 2605 2711 2710
f 2605 2710 2604
f 2606 2711 2605
f 2606 2712 2711
f 2607 2713 2712
f 2607 2712 2606
f 2608 2714 2713
f 2608 2713 2607
f 2609 2715 2714
f 2609 2714 2608
f 2610 2716 2715
f 2610 2715 2609
f 2611 2717 2716
f 2611 2716 2610
f 2612 2718 2717
f 2612 2717 2611
f 2613 2718 2612
f 2613 2719 2718
f 2721 2826 2720
f 2721 2827 2826
f 2722 2828 2827
f 2722 2827 2721
f 2723 2829 2828
f 2723 2828 2722
f 2724 2830 2829
f 2724 2829 2723
f 2725 2831 2830
f 2725 2830 2724
f 2726 2832 2831
f 2726 2831 2725
f 2727 2833 2832
f 2727 2832 2726
f 2728 2834 2833
f 2728 2835 2834
f 2728 2833 2727
f 2729 2835 2728
f 2730 2836 2835
f 2730 2835 2729
f 2731 2837 2836
f 2731 2836 2730
f 2732 2838 2837
f 2732 2837 2731
f 2733 2839 2838
f 2733 2838 2732
f 2734 2840 2839
f 2734 2839 2733
f 2735 2841 2840
f 2735 2840 2734
f 2736 2842 2841
f 2736 2841 2735
f 2737 2843 2842
f 2737 2842 2736
f 2738 2844 2843
f 2738 2843 2737
f 2739 2845 2844
f 2739 2844 2738
f 2740 2846 2845
f 2740 2845 2739
f 2741 2847 2846
f 2741 2846 2740
f 2742 2847 2741
f 2742 2848 2847
f 2743 2848 2742
f 2743 2849 2848
f 2744 2849 2743
f 2744 2850 2849
f 2745 2850 2744
f 2745 2851 2850
f 2745 2852 2851
f 2746 2852 2745
f 2747 2852 2746
f 2747 2853 2852
f 2748 2853 2747
f 2748 2854 2853
f 2749 2854 2748
f 2749 2855 2854
f 2750 2855 2749
f 2750 2856 2855
f 2751 2857 2856
f 2751 2856 2750
f 2752 2858 2857
f 2752 2859 2858
f 2752 2857 2751
f 2753 2859 2752
f 2754 2860 2859
f 2754 2859 2753
f 2755 2861 2860
f 2755 2860 2754
f 2756 2862 2861
f 2756 2861 2755
f 2757 2863 2862
f 2757 2862 2756
f 2758 2864 2863
f 2758 2865 2864
f 2758 2863 2757
f 2759 2865 2758
f 2760 2866 2865
f 2760 2865 2759
f 2761 2867 2866
f 2761 2866 2760
f 2762 2868 2867
f 2762 2867 2761
f 2763 2869 2868
f 2763 2868 2762
f 2764 2870 2869
f 2764 2869 2763
f 2765 2871 2870
f 2765 2870 2764
f 2766 2872 2871
f 2766 2871 2765
f 2767 2873 2872
f 2767 2872 2766
f 2768 2873 2767
f 2768 2874 2873
f 2769 2874 2768
f 2769 2875 2874
f 2770 2875 2769
f 2770 2876 2875
f 2771 2876 2770
f 2771 2877 2876
f 2772 2877 2771
f 2772 2878 2877
f 2773 2878 2772
f 2773 2879 2878
f 2774 2879 2773
f 2774 2880 2879
f 2775 2880 2774
f 2775 2881 2880
f 2776 2881 2775
f 2776 2882 2881
f 2777 2882 2776
f 2777 2883 2882
f 2778 2883 2777
f 2778 2884 2883
f 2779 2884 2778
f 2779 2885 2884
f 2780 2885 2779
f 2780 2886 2885
f 2781 2886 2780
f 2781 2887 2886
f 2782 2887 2781
f 2782 2888 2887
f 2783 2888 2782
f 2783 2889 2888
f 2784 2889 2783
f 2784 2890 2889
f 2785 2891 2890
f 2785 2890 2784
f 2786 2892 2891
f 2786 2891 2785
f 2787 2893 2892
f 2787 2892 2786
f 2788 2894 2893
f 2788 2893 2787
f 2789 2895 2894
f 2789 2894 2788
f 2790 2896 2895
f 2790 2895 2789
f 2791 2897 2896
f 2791 2896 2790
f 2792 2897 2791
f 2792 2898 2897
f 2793 2898 2792
f 2793 2899 2898
f 2794 2899 2793
f 2794 2900 2899
f 2795 2900 2794
f 2795 2901 2900
f 2796 2901 2795
f 2796 2902 2901
f 2797 2902 2796
f 2797 2903 2902
f 2798 2903 2797
f 2798 2904 2903
f 2799 2904 2798
f 2799 2905 2904
f 2799 2906 2905
f 2800 2906 2799
f 2801 2906 2800
f 2801 2907 2906
f 2802 2907 2801
f 2802 2908 2907
f 2803 2908 2802
f 2803 2909 2908
f 2804 2909 2803
f 2804 2910 2909
f 2805 2910 2804
f 2805 2911 2910
f 2806 2911 2805
f 2806 2912 2911
f 2807 2912 2806
f 2807 2913 2912
f 2808 2913 2807
f 2808 2914 2913
f 2809 2914 2808
f 2809 2915 2914
f 2810 2915 2809
f 2810 2916 2915
f 2811 2916 2810
f 2811 2917 2916
f 2812 2917 2811
f 2812 2918 2917
f 2813 2918 2812
f 2813 2919 2918
f 2814 2919 2813
f 2814 2920 2919
f 2815 2920 2814
f 2815 2921 2920
f 2816 2922 2921
f 2816 2921 2815
f 2817 2923 2922
f 2817 2922 2816
f 2818 2923 2817
f 2818 2924 2923
f 2819 2925 2924
f 2819 2924 2818
f 2820 2926 2925
f 2820 2925 2819
f 2821 2927 2926
f 2821 2926 2820
f 2822 2928 2927
f 2822 2927 2821
f 2823 2929 2928
f 2823 2928 2822
f 2824 2930 2929
f 2824 2929 2823
f 2825 2930 2824
f 2825 2931 2930
f 2933 3038 2932
f 2933 3039 3038
f 2934 3040 3039
f 2934 3039 2933
f 2935 3041 3040
f 2935 3040 2934
f 2936 3042 3041
f 2936 3041 2935
f 2937 3043 3042
f 2937 3042 2936
f 2938 3044 3043
f 2938 3043 2937
f 2939 3045 3044
f 2939 3044 2938
f 2940 3046 3045
f 2940 3047 3046
f 2940 3045 2939
f 2941 3047 2940
f 2942 3048 3047
f 2942 3047 2941
f 2943 3049 3048
f 2943 3048 2942
f 2944 3050 3049
f 2944 3049 2943
f 2945 3051 3050
f 2945 3050 2944
f 2946 3052 3051
f 2946 3051 2945
f 2947 3053 3052
f 2947 3052 2946
f 2948 3054 3053
f 2948 3053 2947
f 2949 3055 3054
f 2949 3054 2948
f 2950 3056 3055
f 2950 3055 2949
f 2951 3057 3056
f 2951 3056 2950
f 2952 3058 3057
f 2952 3057 2951
f 2953 3059 3058
f 2953 3058 2952
f 2954 3059 2953
f 2954 3060 3059
f 2955 3060 2954
f 2955 3061 3060
f 2956 3061 2955
f 2956 3062 3061
f 2957 3062 2956
f 2957 3063 3062
f 2957 3064 3063
f 2958 3064 2957
f 2959 3064 2958
f 2959 3065 3064
f 2960 3065 2959
f 2960 3066 3065
f 2961 3066 2960
f 2961 3067 3066
f 2962 3067 2961
f 2962 3068 3067
f 2963 3069 3068
f 2963 3068 2962
f 2964 3070 3069
f 2964 3071 3070
f 2964 3069 2963
f 2965 3071 2964
f 2966 3072 3071
f 2966 3071 2965
f 2967 3073 3072
f 2967 3072 2966
f 2968 3074 3073
f 2968 3073 2967
f 2969 3075 3074
f 2969 3074 2968
f 2970 3076 3075
f 2970 3077 3076
f 2970 3075 2969
f 2971 3077 2970
f 2972 3078 3077
f 2972 3077 2971
f 2973 3079 3078
f 2973 3078 2972
f 2974 3080 3079
f 2974 3079 2973
f 2975 3081 3080
f 2975 3080 2974
f 2976 3082 3081
f 2976 3081 2975
f 2977 3083 3082
f 2977 3082 2976
f 2978 3084 3083
f 2978 3083 2977
f 2979 3085 3084
f 2979 3084 2978
f 2980 3085 2979
f 2980 3086 3085
f 2981 3086 2980
f 2981 3087 3086
f 2982 3087 2981
f 2982 3088 3087
f 2983 3088 2982
f 2983 3089 3088
f 2984 3089 2983
f 2984 3090 3089
f 2985 3090 2984
f 2985 3091 3090
f 2986 3091 2985
f 2986 3092 3091
f 2987 3092 2986
f 2987 3093 3092
f 2988 3093 2987
f 2988 3094 3093
f 2989 3094 2988
f 2989 3095 3094
f 2990 3095 2989
f 2990 3096 3095
f 2991 3096 2990
f 2991 3097 3096
f 2992 3097 2991
f 2992 3098 3097
f 2993 3098 2992
f 2993 3099 3098
f 2994 3099 2993
f 2994 3100 3099
f 2995 3100 2994
f 2995 3101 3100
f 2996 3101 2995
f 2996 3102 3101
f 2997 3103 3102
f 2997 3102 2996
f 2998 3104 3103
f 2998 3103 2997
f 2999 3105 3104
f 2999 3104 2998
f 3000 3106 3105
f 3000 3105 2999
f 3001 3107 3106
f 3001 3106 3000
f 3002 3108 3107
f 3002 3107 3001
f 3003 3109 3108
f 3003 3108 3002
f 3004 3109 3003
f 3004 3110 3109
f 3005 3110 3004
f 3005 3111 3110
f 3006 3111 3005
f 3006 3112 3111
f 3007 3112 3006
f 3007 3113 3112
f 3008 3113 3007
f 3008 3114 3113
f 3009 3114 3008
f 3009 3115 3114
f 3010 3115 3009
f 3010 3116 3115
f 3011 3116 3010
f 3011 3117 3116
f 3011 3118 3117
f 3012 3118 3011
f 3013 3118 3012
f 3013 3119 3118
f 3014 3119 3013
f 3014 3120 3119
f 3015 3120 3014
f 3015 3121 3120
f 3016 3121 3015
f 3016 3122 3121
f 3017 3122 3016
f 3017 3123 3122
f 3018 3123 3017
f 3018 3124 3123
f 3019 3124 3018
f 3019 3125 3124
f 3020 3125 3019
f 3020 3126 3125
f 3021 3126 3020
f 3021 3127 3126
f 3022 3127 3021
f 3022 3128 3127
f 3023 3128 3022
f 3023 3129 3128
f 3024 3129 3023
f 3024 3130 3129
f 3025 3130 3024
f 3025 3131 3130
f 3026 3131 3025
f 3026 3132 3131
f 3027 3132 3026
f 3027 3133 3132
f 3028 3134 3133
f 3028 3133 3027
f 3029 3135 3134
f 3029 3134 3028
f 3030 3135 3029
f 3030 3136 3135
f 3031 3137 3136
f 3031 3136 3030
f 3032 3138 3137
f 3032 3137 3031
f 3033 3139 3138
f 3033 3138 3032
f 3034 3140 3139
f 3034 3139 3033
f 3035 3141 3140
f 3035 3140 3034
f 3036 3142 3141
f 3036 3141 3035
f 3037 3142 3036
f 3037 3143 3142
f 3162 3161 3145
f 3160 3145 3161
f 3163 3162 3145
f 3159 3145 3160
f 3164 3163 3145
f 3158 3145 3159
f 3165 3164 3145
f 3157 3145 3158
f 3166 3165 3145
f 3156 3145 3157
f 3167 3166 3145
f 3155 3145 3156
f 3168 3167 3145
f 3154 3145 3155
f 3169 3168 3145
f 3153 3145 3154
f 3170 3169 3145
f 3152 3145 3153
f 3171 3170 3145
f 3151 3145 3152
f 3172 3171 3145
f 3150 3145 3151
f 3173 3172 3145
f 3149 3145 3150
f 3174 3145 3144
f 3174 3173 3145
f 3148 3145 3149
f 3175 3174 3144
f 3176 3175 3144
f 3177 3176 3144
f 3178 3177 3144
f 3179 3178 3144
f 3180 3179 3144
f 3181 3180 3144
f 3182 3181 3144
f 3183 3182 3144
f 3184 3183 3144
f 3185 3184 3144
f 3186 3185 3144
f 3187 3186 3144
f 3188 3187 3144
f 3189 3188 3144
f 3190 3189 3144
f 3191 3190 3144
f 3192 3191 3144
f 3193 3192 3144
f 3194 3193 3144
f 3195 3194 3144
f 3196 3195 3144
f 3197 3196 3144
f 3198 3197 3144
f 3146 3245 3244
f 3146 3246 3245
f 3146 3247 3246
f 3146 3248 3247
f 3146 3249 3248
f 3146 3250 3249
f 3146 3251 3250
f 3146 3252 3251
f 3146 3148 3252
f 3146 3145 3148
f 3146 3228 3227
f 3146 3229 3228
f 3146 3230 3229
f 3146 3231 3230
f 3146 3232 3231
f 3146 3233 3232
f 3146 3234 3233
f 3146 3235 3234
f 3146 3236 3235
f 3146 3237 3236
f 3146 3238 3237
f 3146 3239 3238
f 3146 3240 3239
f 3146 3241 3240
f 3146 3242 3241
f 3146 3243 3242
f 3146 3244 3243
f 3147 3204 3203
f 3147 3205 3204
f 3147 3206 3205
f 3147 3207 3206
f 3147 3208 3207
f 3147 3209 3208
f 3147 3210 3209
f 3147 3211 3210
f 3147 3212 3211
f 3147 3213 3212
f 3147 3214 3213
f 3147 3215 3214
f 3147 3216 3215
f 3147 3217 3216
f 3147 3218 3217
f 3147 3219 3218
f 3147 3220 3219
f 3147 3221 3220
f 3147 3222 3221
f 3147 3223 3222
f 3147 3224 3223
f 3147 3225 3224
f 3147 3226 3225
f 3147 3227 3226
f 3147 3146 3227
f 3147 3200 3144
f 3200 3199 3144
f 3199 3198 3144
f 3147 3201 3200
f 3147 3202 3201
f 3147 3203 3202
f 3302 3255 3301
f 3300 3301 3255
f 3303 3255 3302
f 3299 3300 3255
f 3304 3255 3303
f 3298 3255 3256
f 3298 3256 3257
f 3298 3299 3255
f 3305 3255 3304
f 3297 3298 3257
f 3306 3255 3305
f 3296 3297 3257
f 3307 3255 3306
f 3295 3296 3257
f 3308 3255 3307
f 3294 3295 3257
f 3309 3255 3308
f 3293 3294 3257
f 3310 3255 3309
f 3292 3293 3257
f 3311 3255 3310
f 3291 3292 3257
f 3312 3255 3311
f 3290 3291 3257
f 3313 3255 3312
f 3289 3290 3257
f 3314 3255 3313
f 3288 3289 3257
f 3287 3288 3257
f 3286 3287 3257
f 3285 3286 3257
f 3284 3285 3257
f 3283 3257 3258
f 3283 3284 3257
f 3253 3314 3315
f 3253 3315 3316
f 3253 3316 3317
f 3253 3317 3318
f 3253 3318 3319
f 3253 3319 3320
f 3253 3255 3314
f 3282 3283 3258
f 3321 3253 3320
f 3281 3282 3258
f 3322 3253 3321
f 3280 3281 3258
f 3323 3253 3322
f 3279 3280 3258
f 3324 3253 3323
f 3278 3279 3258
f 3325 3253 3324
f 3277 3278 3258
f 3326 3253 3325
f 3276 3277 3258
f 3327 3253 3326
f 3275 3276 3258
f 3328 3253 3327
f 3274 3275 3258
f 3329 3253 3328
f 3273 3274 3258
f 3330 3253 3329
f 3272 3273 3258
f 3331 3253 3330
f 3271 3272 3258
f 3261 3331 3332
f 3261 3332 3333
f 3261 3333 3334
f 3261 3334 3335
f 3261 3335 3336
f 3261 3336 3337
f 3261 3337 3338
f 3261 3338 3339
f 3261 3339 3340
f 3261 3340 3341
f 3261 3341 3342
f 3261 3342 3343
f 3261 3343 3344
f 3261 3344 3345
f 3261 3345 3346
f 3254 3331 3261
f 3254 3253 3331
f 3259 3358 3359
f 3259 3359 3360
f 3259 3360 3361
f 3259 3361 3362
f 3259 3362 3363
f 3259 3262 3263
f 3259 3363 3364
f 3259 3263 3264
f 3259 3364 3365
f 3259 3264 3265
f 3259 3365 3366
f 3259 3265 3266
f 3259 3366 3262
f 3259 3266 3267
f 3259 3267 3268
f 3259 3268 3269
f 3259 3269 3270
f 3259 3270 3271
f 3259 3271 3258
f 3260 3353 3354
f 3260 3354 3355
f 3260 3355 3356
f 3260 3356 3357
f 3260 3357 3358
f 3260 3261 3346
f 3260 3346 3347
f 3260 3347 3348
f 3260 3348 3349
f 3260 3349 3350
f 3260 3350 3351
f 3260 3351 3352
f 3260 3358 3259
f 3260 3352 3353
f 3368 3369 3367
f 3370 3369 3368
f 3445 3446 3373
f 3447 3373 3446
f 3444 3445 3373
f 3448 3373 3447
f 3443 3444 3373
f 3449 3374 3373
f 3449 3375 3374
f 3449 3373 3448
f 3442 3443 3373
f 3450 3375 3449
f 3441 3442 3373
f 3451 3375 3450
f 3440 3441 3373
f 3452 3375 3451
f 3439 3440 3373
f 3453 3375 3452
f 3438 3439 3373
f 3454 3375 3453
f 3437 3438 3373
f 3455 3375 3454
f 3436 3437 3373
f 3456 3375 3455
f 3435 3436 3373
f 3457 3375 3456
f 3434 3435 3373
f 3458 3375 3457
f 3433 3434 3373
f 3459 3375 3458
f 3460 3375 3459
f 3461 3375 3460
f 3462 3375 3461
f 3463 3375 3462
f 3464 3376 3375
f 3464 3375 3463
f 3371 3427 3428
f 3371 3428 3429
f 3371 3429 3430
f 3371 3430 3431
f 3371 3431 3432
f 3371 3432 3433
f 3371 3433 3373
f 3465 3376 3464
f 3426 3427 3371
f 3466 3376 3465
f 3425 3426 3371
f 3467 3376 3466
f 3424 3425 3371
f 3468 3376 3467
f 3423 3424 3371
f 3469 3376 3468
f 3422 3423 3371
f 3470 3376 3469
f 3421 3422 3371
f 3471 3376 3470
f 3420 3421 3371
f 3472 3376 3471
f 3419 3420 3371
f 3473 3376 3472
f 3418 3419 3371
f 3474 3376 3473
f 3417 3418 3371
f 3475 3376 3474
f 3416 3417 3371
f 3476 3376 3475
f 3379 3401 3402
f 3379 3402 3403
f 3379 3403 3404
f 3379 3404 3405
f 3379 3405 3406
f 3379 3406 3407
f 3379 3407 3408
f 3379 3408 3409
f 3379 3409 3410
f 3379 3410 3411
f 3379 3411 3412
f 3379 3412 3413
f 3379 3413 3414
f 3379 3414 3415
f 3379 3415 3416
f 3372 3416 3371
f 3372 3379 3416
f 3377 3476 3477
f 3377 3477 3478
f 3377 3478 3479
f 3377 3479 3480
f 3377 3480 3481
f 3377 3481 3482
f 3377 3380 3381
f 3377 3482 3483
f 3377 3381 3382
f 3377 3483 3484
f 3377 3382 3383
f 3377 3484 3380
f 3377 3383 3384
f 3377 3384 3385
f 3377 3385 3386
f 3377 3386 3387
f 3377 3387 3388
f 3377 3388 3389
f 3377 3376 3476
f 3378 3389 3390
f 3378 3390 3391
f 3378 3391 3392
f 3378 3392 3393
f 3378 3393 3394
f 3378 3394 3395
f 3378 3395 3396
f 3378 3396 3397
f 3378 3397 3398
f 3378 3398 3399
f 3378 3399 3400
f 3378 3400 3401
f 3378 3401 3379
f 3378 3377 3389
f 3486 3485 3487
f 3488 3486 3487
f 3509 3489 3490
f 3509 3490 3491
f 3509 3491 3492
f 3509 3492 3493
f 3509 3493 3494
f 3509 3494 3495
f 3496 3509 3495
f 3497 3509 3496
f 3498 3509 3497
f 3499 3509 3498
f 3500 3509 3499
f 3501 3509 3500
f 3502 3509 3501
f 3503 3509 3502
f 3504 3509 3503
f 3509 3507 3508
f 3509 3506 3507
f 3509 3505 3506
f 3509 3504 3505
f 3528 3527 3511
f 3526 3511 3527
f 3529 3528 3511
f 3525 3511 3526
f 3530 3529 3511
f 3524 3511 3525
f 3531 3530 3511
f 3523 3511 3524
f 3532 3531 3511
f 3522 3511 3523
f 3533 3532 3511
f 3521 3511 3522
f 3534 3533 3511
f 3520 3511 3521
f 3535 3534 3511
f 3519 3511 3520
f 3536 3535 3511
f 3518 3511 3519
f 3537 3536 3511
f 3517 3511 3518
f 3538 3537 3511
f 3516 3511 3517
f 3539 3538 3511
f 3515 3511 3516
f 3540 3511 3510
f 3540 3539 3511
f 3514 3511 3515
f 3541 3540 3510
f 3542 3541 3510
f 3543 3542 3510
f 3544 3543 3510
f 3545 3544 3510
f 3546 3545 3510
f 3547 3546 3510
f 3548 3547 3510
f 3549 3548 3510
f 3550 3549 3510
f 3551 3550 3510
f 3552 3551 3510
f 3553 3552 3510
f 3554 3553 3510
f 3555 3554 3510
f 3556 3555 3510
f 3557 3556 3510
f 3558 3557 3510
f 3559 3558 3510
f 3560 3559 3510
f 3561 3560 3510
f 3562 3561 3510
f 3563 3562 3510
f 3564 3563 3510
f 3512 3611 3610
f 3512 3612 3611
f 3512 3613 3612
f 3512 3614 3613
f 3512 3615 3614
f 3512 3616 3615
f 3512 3617 3616
f 3512 3618 3617
f 3512 3514 3618
f 3512 3511 3514
f 3512 3594 3593
f 3512 3595 3594
f 3512 3596 3595
f 3512 3597 3596
f 3512 3598 3597
f 3512 3599 3598
f 3512 3600 3599
f 3512 3601 3600
f 3512 3602 3601
f 3512 3603 3602
f 3512 3604 3603
f 3512 3605 3604
f 3512 3606 3605
f 3512 3607 3606
f 3512 3608 3607
f 3512 3609 3608
f 3512 3610 3609
f 3513 3570 3569
f 3513 3571 3570
f 3513 3572 3571
f 3513 3573 3572
f 3513 3574 3573
f 3513 3575 3574
f 3513 3576 3575
f 3513 3577 3576
f 3513 3578 3577
f 3513 3579 3578
f 3513 3580 3579
f 3513 3581 3580
f 3513 3582 3581
f 3513 3583 3582
f 3513 3584 3583
f 3513 3585 3584
f 3513 3586 3585
f 3513 3587 3586
f 3513 3588 3587
f 3513 3589 3588
f 3513 3590 3589
f 3513 3591 3590
f 3513 3592 3591
f 3513 3593 3592
f 3513 3512 3593
f 3513 3566 3510
f 3566 3565 3510
f 3565 3564 3510
f 3513 3567 3566
f 3513 3568 3567
f 3513 3569 3568
f 3668 3627 3667
f 3666 3667 3627
f 3669 3627 3668
f 3665 3666 3627
f 3670 3627 3669
f 3664 3665 3627
f 3671 3627 3670
f 3663 3664 3627
f 3672 3626 3627
f 3672 3627 3671
f 3662 3663 3627
f 3673 3626 3672
f 3661 3662 3627
f 3674 3626 3673
f 3660 3627 3620
f 3660 3661 3627
f 3675 3626 3674
f 3659 3660 3620
f 3676 3626 3675
f 3658 3659 3620
f 3677 3626 3676
f 3657 3658 3620
f 3678 3626 3677
f 3656 3657 3620
f 3679 3626 3678
f 3655 3656 3620
f 3680 3626 3679
f 3654 3655 3620
f 3681 3626 3680
f 3653 3654 3620
f 3682 3626 3681
f 3652 3653 3620
f 3683 3626 3682
f 3651 3652 3620
f 3684 3626 3683
f 3650 3651 3620
f 3685 3626 3684
f 3649 3650 3620
f 3686 3626 3685
f 3648 3649 3620
f 3687 3626 3686
f 3647 3648 3620
f 3688 3626 3687
f 3646 3647 3620
f 3689 3626 3688
f 3645 3620 3619
f 3645 3646 3620
f 3621 3635 3636
f 3621 3636 3637
f 3621 3637 3638
f 3621 3638 3639
f 3621 3639 3640
f 3621 3640 3641
f 3621 3641 3642
f 3621 3642 3643
f 3621 3643 3644
f 3621 3644 3645
f 3621 3645 3619
f 3634 3635 3621
f 3633 3634 3621
f 3632 3633 3621
f 3625 3626 3689
f 3625 3689 3690
f 3625 3690 3691
f 3625 3691 3692
f 3625 3692 3693
f 3625 3693 3694
f 3625 3694 3695
f 3625 3695 3696
f 3625 3696 3697
f 3625 3697 3698
f 3625 3698 3699
f 3625 3699 3700
f 3625 3700 3701
f 3631 3632 3621
f 3630 3631 3621
f 3629 3630 3621
f 3628 3629 3621
f 3624 3625 3701
f 3624 3701 3702
f 3624 3702 3703
f 3624 3703 3704
f 3624 3704 3705
f 3624 3705 3706
f 3624 3706 3707
f 3624 3707 3708
f 3624 3708 3709
f 3624 3709 3710
f 3624 3710 3711
f 3624 3711 3712
f 3624 3712 3713
f 3624 3713 3714
f 3624 3714 3715
f 3624 3715 3716
f 3623 3624 3716
f 3622 3719 3720
f 3622 3720 3721
f 3622 3721 3722
f 3622 3722 3723
f 3622 3723 3724
f 3622 3724 3725
f 3622 3725 3726
f 3622 3726 3727
f 3622 3727 3728
f 3622 3728 3729
f 3622 3729 3730
f 3622 3730 3731
f 3622 3731 3732
f 3622 3732 3628
f 3622 3623 3716
f 3622 3628 3621
f 3622 3716 3717
f 3622 3717 3718
f 3622 3718 3719
f 3734 3735 3733
f 3736 3735 3734
f 3811 3812 3745
f 3813 3745 3812
f 3810 3811 3745
f 3814 3745 3813
f 3809 3810 3745
f 3815 3745 3814
f 3808 3809 3745
f 3816 3745 3815
f 3807 3745 3744
f 3807 3808 3745
f 3817 3745 3816
f 3806 3807 3744
f 3818 3745 3817
f 3805 3806 3744
f 3819 3738 3745
f 3819 3745 3818
f 3804 3805 3744
f 3820 3738 3819
f 3803 3804 3744
f 3821 3738 3820
f 3802 3803 3744
f 3822 3738 3821
f 3801 3802 3744
f 3823 3738 3822
f 3800 3801 3744
f 3824 3738 3823
f 3799 3800 3744
f 3825 3738 3824
f 3798 3799 3744
f 3826 3738 3825
f 3797 3798 3744
f 3827 3738 3826
f 3796 3797 3744
f 3828 3738 3827
f 3795 3796 3744
f 3829 3738 3828
f 3794 3795 3744
f 3830 3738 3829
f 3793 3794 3744
f 3831 3738 3830
f 3792 3793 3744
f 3832 3738 3831
f 3791 3792 3744
f 3833 3738 3832
f 3790 3791 3744
f 3834 3737 3738
f 3834 3738 3833
f 3739 3837 3838
f 3739 3838 3839
f 3739 3839 3840
f 3739 3737 3834
f 3739 3840 3841
f 3739 3841 3842
f 3739 3842 3843
f 3739 3843 3844
f 3739 3834 3835
f 3739 3835 3836
f 3739 3836 3837
f 3845 3739 3844
f 3846 3739 3845
f 3847 3739 3846
f 3743 3790 3744
f 3743 3778 3779
f 3743 3779 3780
f 3743 3780 3781
f 3743 3781 3782
f 3743 3782 3783
f 3743 3783 3784
f 3743 3784 3785
f 3743 3785 3786
f 3743 3786 3787
f 3743 3787 3788
f 3743 3788 3789
f 3743 3789 3790
f 3848 3739 3847
f 3849 3739 3848
f 3850 3739 3849
f 3746 3739 3850
f 3742 3763 3764
f 3742 3764 3765
f 3742 3765 3766
f 3742 3766 3767
f 3742 3767 3768
f 3742 3768 3769
f 3742 3769 3770
f 3742 3770 3771
f 3742 3771 3772
f 3742 3772 3773
f 3742 3773 3774
f 3742 3774 3775
f 3742 3775 3776
f 3742 3776 3777
f 3742 3777 3778
f 3742 3778 3743
f 3741 3763 3742
f 3740 3763 3741
f 3740 3746 3747
f 3740 3747 3748
f 3740 3748 3749
f 3740 3749 3750
f 3740 3750 3751
f 3740 3751 3752
f 3740 3752 3753
f 3740 3753 3754
f 3740 3754 3755
f 3740 3755 3756
f 3740 3756 3757
f 3740 3757 3758
f 3740 3758 3759
f 3740 3759 3760
f 3740 3760 3761
f 3740 3761 3762
f 3740 3762 3763
f 3740 3739 3746
f 3852 3851 3853
f 3854 3852 3853
f 4025 3921 4026
f 4025 3920 3921
f 4027 4026 3921
f 4027 3921 3922
f 4024 3919 3920
f 4024 3920 4025
f 4028 4027 3922
f 4028 3922 3923
f 4023 3918 3919
f 4023 3919 4024
f 4029 4028 3923
f 4029 3923 3924
f 4022 3917 3918
f 4022 3918 4023
f 4030 4029 3924
f 4030 3924 3925
f 4021 3916 3917
f 4021 3917 4022
f 4031 4030 3925
f 4031 3925 3926
f 4020 3915 3916
f 4020 3916 4021
f 4032 4031 3926
f 4032 3926 3927
f 4019 3915 4020
f 4019 3914 3915
f 4033 4032 3927
f 4033 3927 3928
f 4018 3912 3913
f 4018 3913 3914
f 4018 3914 4019
f 4034 4033 3928
f 4034 3928 3929
f 4017 3912 4018
f 4035 3929 3930
f 4035 4034 3929
f 4016 3912 4017
f 4016 3911 3912
f 4036 4035 3930
f 4036 3930 3931
f 4015 3911 4016
f 4015 3910 3911
f 4037 4036 3931
f 4037 3931 3932
f 4014 3909 3910
f 4014 3910 4015
f 4038 3932 3933
f 4038 4037 3932
f 4013 3909 4014
f 4013 3908 3909
f 4039 4038 3933
f 4039 3933 3934
f 4012 3908 4013
f 4012 3907 3908
f 4040 4039 3934
f 4040 3934 3935
f 4011 3907 4012
f 4011 3906 3907
f 4041 4040 3935
f 4041 3935 3936
f 4010 3905 3906
f 4010 3906 4011
f 4042 4041 3936
f 4042 3936 3937
f 4009 3905 4010
f 4009 3904 3905
f 4043 4042 3937
f 4043 3937 3938
f 4008 3904 4009
f 4008 3903 3904
f 4044 4043 3938
f 4044 3938 3939
f 4007 3902 3903
f 4007 3903 4008
f 4045 4044 3939
f 4045 3939 3940
f 4006 3902 4007
f 4006 3901 3902
f 4046 4045 3940
f 4046 3940 3941
f 4005 3901 4006
f 4005 3900 3901
f 4047 4046 3941
f 4047 3941 3942
f 4004 3899 3900
f 4004 3900 4005
f 4048 3942 3943
f 4048 4047 3942
f 4003 3898 3899
f 4003 3899 4004
f 4049 3943 3944
f 4049 4048 3943
f 4002 3897 3898
f 4002 3898 4003
f 4050 3944 3945
f 4050 4049 3944
f 4001 3896 3897
f 4001 3897 4002
f 4051 4050 3945
f 4051 3945 3946
f 4000 3896 4001
f 4000 3895 3896
f 3947 4051 3946
f 3947 4052 4051
f 3999 3895 4000
f 3894 3895 3999
f 3948 4052 3947
f 3948 4053 4052
f 3893 3894 3999
f 3893 3999 3998
f 3949 4053 3948
f 3949 4054 4053
f 3892 3893 3998
f 3892 3998 3997
f 3950 4054 3949
f 3950 4055 4054
f 3891 3997 3996
f 3891 3892 3997
f 3951 4055 3950
f 3951 4056 4055
f 3890 3996 3995
f 3890 3891 3996
f 3952 4057 4056
f 3952 4056 3951
f 3889 3890 3995
f 3889 3994 3993
f 3889 3995 3994
f 3953 4058 4057
f 3953 4059 4058
f 3953 4057 3952
f 3888 3889 3993
f 3954 4059 3953
f 3887 3888 3993
f 3887 3993 3992
f 3955 4060 4059
f 3955 4061 4060
f 3955 4059 3954
f 3886 3991 3990
f 3886 3992 3991
f 3886 3887 3992
f 3956 4061 3955
f 3885 3886 3990
f 3957 4062 4061
f 3957 4061 3956
f 3884 3990 3989
f 3884 3885 3990
f 3958 4063 4062
f 3958 4064 4063
f 3958 4062 3957
f 3883 3988 3987
f 3883 3989 3988
f 3883 3884 3989
f 3959 4064 3958
f 3882 3987 3986
f 3882 3883 3987
f 3855 3960 4064
f 3855 4064 3959
f 3881 3986 3985
f 3881 3882 3986
f 3856 3961 3960
f 3856 3962 3961
f 3856 3960 3855
f 3880 3881 3985
f 3857 3963 3962
f 3857 3962 3856
f 3879 3985 3984
f 3879 3880 3985
f 3858 3963 3857
f 3878 3983 3982
f 3878 3984 3983
f 3878 3879 3984
f 3859 3964 3963
f 3859 3963 3858
f 3877 3878 3982
f 3860 3965 3964
f 3860 3964 3859
f 3876 3982 3981
f 3876 3877 3982
f 3861 3966 3965
f 3861 3965 3860
f 3875 3980 3979
f 3875 3981 3980
f 3875 3876 3981
f 3862 3967 3966
f 3862 3966 3861
f 3874 3979 3978
f 3874 3875 3979
f 3863 3967 3862
f 3863 3968 3967
f 3873 3874 3978
f 3864 3969 3968
f 3864 3970 3969
f 3864 3968 3863
f 3872 3873 3978
f 3872 3978 3977
f 3865 3970 3864
f 3871 3872 3977
f 3871 3977 3976
f 3866 3970 3865
f 3866 3971 3970
f 3870 3871 3976
f 3870 3976 3975
f 3867 3972 3971
f 3867 3971 3866
f 3869 3975 3974
f 3869 3870 3975
f 3868 3973 3972
f 3868 3869 3974
f 3868 3974 3973
f 3868 3972 3867
f 4235 4131 4236
f 4235 4130 4131
f 4237 4236 4131
f 4237 4131 4132
f 4234 4129 4130
f 4234 4130 4235
f 4238 4237 4132
f 4238 4132 4133
f 4233 4128 4129
f 4233 4129 4234
f 4239 4238 4133
f 4239 4133 4134
f 4232 4127 4128
f 4232 4128 4233
f 4240 4239 4134
f 4240 4134 4135
f 4231 4126 4127
f 4231 4127 4232
f 4241 4240 4135
f 4241 4135 4136
f 4230 4125 4126
f 4230 4126 4231
f 4242 4241 4136
f 4242 4136 4137
f 4229 4125 4230
f 4229 4124 4125
f 4243 4242 4137
f 4243 4137 4138
f 4228 4122 4123
f 4228 4123 4124
f 4228 4124 4229
f 4244 4243 4138
f 4244 4138 4139
f 4227 4122 4228
f 4245 4139 4140
f 4245 4244 4139
f 4226 4122 4227
f 4226 4121 4122
f 4246 4245 4140
f 4246 4140 4141
f 4225 4121 4226
f 4225 4120 4121
f 4247 4246 4141
f 4247 4141 4142
f 4224 4119 4120
f 4224 4120 4225
f 4248 4142 4143
f 4248 4247 4142
f 4223 4119 4224
f 4223 4118 4119
f 4249 4248 4143
f 4249 4143 4144
f 4222 4118 4223
f 4222 4117 4118
f 4250 4249 4144
f 4250 4144 4145
f 4221 4117 4222
f 4221 4116 4117
f 4251 4250 4145
f 4251 4145 4146
f 4220 4115 4116
f 4220 4116 4221
f 4252 4251 4146
f 4252 4146 4147
f 4219 4115 4220
f 4219 4114 4115
f 4253 4252 4147
f 4253 4147 4148
f 4218 4114 4219
f 4218 4113 4114
f 4254 4253 4148
f 4254 4148 4149
f 4217 4112 4113
f 4217 4113 4218
f 4255 4254 4149
f 4255 4149 4150
f 4216 4112 4217
f 4216 4111 4112
f 4256 4255 4150
f 4256 4150 4151
f 4215 4111 4216
f 4215 4110 4111
f 4257 4256 4151
f 4257 4151 4152
f 4214 4109 4110
f 4214 4110 4215
f 4258 4152 4153
f 4258 4257 4152
f 4213 4108 4109
f 4213 4109 4214
f 4259 4153 4154
f 4259 4258 4153
f 4212 4107 4108
f 4212 4108 4213
f 4260 4154 4155
f 4260 4259 4154
f 4211 4106 4107
f 4211 4107 4212
f 4261 4260 4155
f 4261 4155 4156
f 4210 4106 4211
f 4210 4105 4106
f 4157 4261 4156
f 4157 4262 4261
f 4209 4105 4210
f 4104 4105 4209
f 4158 4262 4157
f 4158 4263 4262
f 4103 4104 4209
f 4103 4209 4208
f 4159 4263 4158
f 4159 4264 4263
f 4102 4103 4208
f 4102 4208 4207
f 4160 4264 4159
f 4160 4265 4264
f 4101 4207 4206
f 4101 4102 4207
f 4161 4265 4160
f 4161 4266 4265
f 4100 4206 4205
f 4100 4101 4206
f 4162 4267 4266
f 4162 4266 4161
f 4099 4100 4205
f 4099 4204 4203
f 4099 4205 4204
f 4163 4268 4267
f 4163 4269 4268
f 4163 4267 4162
f 4098 4099 4203
f 4164 4269 4163
f 4097 4098 4203
f 4097 4203 4202
f 4165 4270 4269
f 4165 4271 4270
f 4165 4269 4164
f 4096 4201 4200
f 4096 4202 4201
f 4096 4097 4202
f 4166 4271 4165
f 4095 4096 4200
f 4167 4272 4271
f 4167 4271 4166
f 4094 4200 4199
f 4094 4095 4200
f 4168 4273 4272
f 4168 4274 4273
f 4168 4272 4167
f 4093 4198 4197
f 4093 4199 4198
f 4093 4094 4199
f 4169 4274 4168
f 4092 4197 4196
f 4092 4093 4197
f 4065 4170 4274
f 4065 4274 4169
f 4091 4196 4195
f 4091 4092 4196
f 4066 4171 4170
f 4066 4172 4171
f 4066 4170 4065
f 4090 4091 4195
f 4067 4173 4172
f 4067 4172 4066
f 4089 4195 4194
f 4089 4090 4195
f 4068 4173 4067
f 4088 4193 4192
f 4088 4194 4193
f 4088 4089 4194
f 4069 4174 4173
f 4069 4173 4068
f 4087 4088 4192
f 4070 4175 4174
f 4070 4174 4069
f 4086 4192 4191
f 4086 4087 4192
f 4071 4176 4175
f 4071 4175 4070
f 4085 4190 4189
f 4085 4191 4190
f 4085 4086 4191
f 4072 4177 4176
f 4072 4176 4071
f 4084 4189 4188
f 4084 4085 4189
f 4073 4177 4072
f 4073 4178 4177
f 4083 4084 4188
f 4074 4179 4178
f 4074 4180 4179
f 4074 4178 4073
f 4082 4083 4188
f 4082 4188 4187
f 4075 4180 4074
f 4081 4082 4187
f 4081 4187 4186
f 4076 4180 4075
f 4076 4181 4180
f 4080 4081 4186
f 4080 4186 4185
f 4077 4182 4181
f 4077 4181 4076
f 4079 4185 4184
f 4079 4080 4185
f 4078 4183 4182
f 4078 4079 4184
f 4078 4184 4183
f 4078 4182 4077
f 4445 4341 4446
f 4445 4340 4341
f 4447 4446 4341
f 4447 4341 4342
f 4444 4339 4340
f 4444 4340 4445
f 4448 4447 4342
f 4448 4342 4343
f 4443 4338 4339
f 4443 4339 4444
f 4449 4448 4343
f 4449 4343 4344
f 4442 4337 4338
f 4442 4338 4443
f 4450 4449 4344
f 4450 4344 4345
f 4441 4336 4337
f 4441 4337 4442
f 4451 4450 4345
f 4451 4345 4346
f 4440 4335 4336
f 4440 4336 4441
f 4452 4451 4346
f 4452 4346 4347
f 4439 4335 4440
f 4439 4334 4335
f 4453 4452 4347
f 4453 4347 4348
f 4438 4332 4333
f 4438 4333 4334
f 4438 4334 4439
f 4454 4453 4348
f 4454 4348 4349
f 4437 4332 4438
f 4455 4349 4350
f 4455 4454 4349
f 4436 4332 4437
f 4436 4331 4332
f 4456 4455 4350
f 4456 4350 4351
f 4435 4331 4436
f 4435 4330 4331
f 4457 4456 4351
f 4457 4351 4352
f 4434 4329 4330
f 4434 4330 4435
f 4458 4352 4353
f 4458 4457 4352
f 4433 4329 4434
f 4433 4328 4329
f 4459 4458 4353
f 4459 4353 4354
f 4432 4328 4433
f 4432 4327 4328
f 4460 4459 4354
f 4460 4354 4355
f 4431 4327 4432
f 4431 4326 4327
f 4461 4460 4355
f 4461 4355 4356
f 4430 4325 4326
f 4430 4326 4431
f 4462 4461 4356
f 4462 4356 4357
f 4429 4325 4430
f 4429 4324 4325
f 4463 4462 4357
f 4463 4357 4358
f 4428 4324 4429
f 4428 4323 4324
f 4464 4463 4358
f 4464 4358 4359
f 4427 4322 4323
f 4427 4323 4428
f 4465 4464 4359
f 4465 4359 4360
f 4426 4322 4427
f 4426 4321 4322
f 4466 4465 4360
f 4466 4360 4361
f 4425 4321 4426
f 4425 4320 4321
f 4467 4466 4361
f 4467 4361 4362
f 4424 4319 4320
f 4424 4320 4425
f 4468 4362 4363
f 4468 4467 4362
f 4423 4318 4319
f 4423 4319 4424
f 4469 4363 4364
f 4469 4468 4363
f 4422 4317 4318
f 4422 4318 4423
f 4470 4364 4365
f 4470 4469 4364
f 4421 4316 4317
f 4421 4317 4422
f 4471 4470 4365
f 4471 4365 4366
f 4420 4316 4421
f 4420 4315 4316
f 4367 4471 4366
f 4367 4472 4471
f 4419 4315 4420
f 4314 4315 4419
f 4368 4472 4367
f 4368 4473 4472
f 4313 4314 4419
f 4313 4419 4418
f 4369 4473 4368
f 4369 4474 4473
f 4312 4313 4418
f 4312 4418 4417
f 4370 4474 4369
f 4370 4475 4474
f 4311 4417 4416
f 4311 4312 4417
f 4371 4475 4370
f 4371 4476 4475
f 4310 4416 4415
f 4310 4311 4416
f 4372 4477 4476
f 4372 4476 4371
f 4309 4310 4415
f 4309 4414 4413
f 4309 4415 4414
f 4373 4478 4477
f 4373 4479 4478
f 4373 4477 4372
f 4308 4309 4413
f 4374 4479 4373
f 4307 4308 4413
f 4307 4413 4412
f 4375 4480 4479
f 4375 4481 4480
f 4375 4479 4374
f 4306 4411 4410
f 4306 4412 4411
f 4306 4307 4412
f 4376 4481 4375
f 4305 4306 4410
f 4377 4482 4481
f 4377 4481 4376
f 4304 4410 4409
f 4304 4305 4410
f 4378 4483 4482
f 4378 4484 4483
f 4378 4482 4377
f 4303 4408 4407
f 4303 4409 4408
f 4303 4304 4409
f 4379 4484 4378
f 4302 4407 4406
f 4302 4303 4407
f 4275 4380 4484
f 4275 4484 4379
f 4301 4406 4405
f 4301 4302 4406
f 4276 4381 4380
f 4276 4382 4381
f 4276 4380 4275
f 4300 4301 4405
f 4277 4383 4382
f 4277 4382 4276
f 4299 4405 4404
f 4299 4300 4405
f 4278 4383 4277
f 4298 4403 4402
f 4298 4404 4403
f 4298 4299 4404
f 4279 4384 4383
f 4279 4383 4278
f 4297 4298 4402
f 4280 4385 4384
f 4280 4384 4279
f 4296 4402 4401
f 4296 4297 4402
f 4281 4386 4385
f 4281 4385 4280
f 4295 4400 4399
f 4295 4401 4400
f 4295 4296 4401
f 4282 4387 4386
f 4282 4386 4281
f 4294 4399 4398
f 4294 4295 4399
f 4283 4387 4282
f 4283 4388 4387
f 4293 4294 4398
f 4284 4389 4388
f 4284 4390 4389
f 4284 4388 4283
f 4292 4293 4398
f 4292 4398 4397
f 4285 4390 4284
f 4291 4292 4397
f 4291 4397 4396
f 4286 4390 4285
f 4286 4391 4390
f 4290 4291 4396
f 4290 4396 4395
f 4287 4392 4391
f 4287 4391 4286
f 4289 4395 4394
f 4289 4290 4395
f 4288 4393 4392
f 4288 4289 4394
f 4288 4394 4393
f 4288 4392 4287
f 4655 4551 4656
f 4655 4550 4551
f 4657 4656 4551
f 4657 4551 4552
f 4654 4549 4550
f 4654 4550 4655
f 4658 4657 4552
f 4658 4552 4553
f 4653 4548 4549
f 4653 4549 4654
f 4659 4658 4553
f 4659 4553 4554
f 4652 4547 4548
f 4652 4548 4653
f 4660 4659 4554
f 4660 4554 4555
f 4651 4546 4547
f 4651 4547 4652
f 4661 4660 4555
f 4661 4555 4556
f 4650 4545 4546
f 4650 4546 4651
f 4662 4661 4556
f 4662 4556 4557
f 4649 4545 4650
f 4649 4544 4545
f 4663 4662 4557
f 4663 4557 4558
f 4648 4542 4543
f 4648 4543 4544
f 4648 4544 4649
f 4664 4663 4558
f 4664 4558 4559
f 4647 4542 4648
f 4665 4559 4560
f 4665 4664 4559
f 4646 4542 4647
f 4646 4541 4542
f 4666 4665 4560
f 4666 4560 4561
f 4645 4541 4646
f 4645 4540 4541
f 4667 4666 4561
f 4667 4561 4562
f 4644 4539 4540
f 4644 4540 4645
f 4668 4562 4563
f 4668 4667 4562
f 4643 4539 4644
f 4643 4538 4539
f 4669 4668 4563
f 4669 4563 4564
f 4642 4538 4643
f 4642 4537 4538
f 4670 4669 4564
f 4670 4564 4565
f 4641 4537 4642
f 4641 4536 4537
f 4671 4670 4565
f 4671 4565 4566
f 4640 4535 4536
f 4640 4536 4641
f 4672 4671 4566
f 4672 4566 4567
f 4639 4535 4640
f 4639 4534 4535
f 4673 4672 4567
f 4673 4567 4568
f 4638 4534 4639
f 4638 4533 4534
f 4674 4673 4568
f 4674 4568 4569
f 4637 4532 4533
f 4637 4533 4638
f 4675 4674 4569
f 4675 4569 4570
f 4636 4532 4637
f 4636 4531 4532
f 4676 4675 4570
f 4676 4570 4571
f 4635 4531 4636
f 4635 4530 4531
f 4677 4676 4571
f 4677 4571 4572
f 4634 4529 4530
f 4634 4530 4635
f 4678 4572 4573
f 4678 4677 4572
f 4633 4528 4529
f 4633 4529 4634
f 4679 4573 4574
f 4679 4678 4573
f 4632 4527 4528
f 4632 4528 4633
f 4680 4574 4575
f 4680 4679 4574
f 4631 4526 4527
f 4631 4527 4632
f 4681 4680 4575
f 4681 4575 4576
f 4630 4526 4631
f 4630 4525 4526
f 4577 4681 4576
f 4577 4682 4681
f 4629 4525 4630
f 4524 4525 4629
f 4578 4682 4577
f 4578 4683 4682
f 4523 4524 4629
f 4523 4629 4628
f 4579 4683 4578
f 4579 4684 4683
f 4522 4523 4628
f 4522 4628 4627
f 4580 4684 4579
f 4580 4685 4684
f 4521 4627 4626
f 4521 4522 4627
f 4581 4685 4580
f 4581 4686 4685
f 4520 4626 4625
f 4520 4521 4626
f 4582 4687 4686
f 4582 4686 4581
f 4519 4520 4625
f 4519 4624 4623
f 4519 4625 4624
f 4583 4688 4687
f 4583 4689 4688
f 4583 4687 4582
f 4518 4519 4623
f 4584 4689 4583
f 4517 4518 4623
f 4517 4623 4622
f 4585 4690 4689
f 4585 4691 4690
f 4585 4689 4584
f 4516 4621 4620
f 4516 4622 4621
f 4516 4517 4622
f 4586 4691 4585
f 4515 4516 4620
f 4587 4692 4691
f 4587 4691 4586
f 4514 4620 4619
f 4514 4515 4620
f 4588 4693 4692
f 4588 4694 4693
f 4588 4692 4587
f 4513 4618 4617
f 4513 4619 4618
f 4513 4514 4619
f 4589 4694 4588
f 4512 4617 4616
f 4512 4513 4617
f 4485 4590 4694
f 4485 4694 4589
f 4511 4616 4615
f 4511 4512 4616
f 4486 4591 4590
f 4486 4592 4591
f 4486 4590 4485
f 4510 4511 4615
f 4487 4593 4592
f 4487 4592 4486
f 4509 4615 4614
f 4509 4510 4615
f 4488 4593 4487
f 4508 4613 4612
f 4508 4614 4613
f 4508 4509 4614
f 4489 4594 4593
f 4489 4593 4488
f 4507 4508 4612
f 4490 4595 4594
f 4490 4594 4489
f 4506 4612 4611
f 4506 4507 4612
f 4491 4596 4595
f 4491 4595 4490
f 4505 4610 4609
f 4505 4611 4610
f 4505 4506 4611
f 4492 4597 4596
f 4492 4596 4491
f 4504 4609 4608
f 4504 4505 4609
f 4493 4597 4492
f 4493 4598 4597
f 4503 4504 4608
f 4494 4599 4598
f 4494 4600 4599
f 4494 4598 4493
f 4502 4503 4608
f 4502 4608 4607
f 4495 4600 4494
f 4501 4502 4607
f 4501 4607 4606
f 4496 4600 4495
f 4496 4601 4600
f 4500 4501 4606
f 4500 4606 4605
f 4497 4602 4601
f 4497 4601 4496
f 4499 4605 4604
f 4499 4500 4605
f 4498 4603 4602
f 4498 4499 4604
f 4498 4604 4603
f 4498 4602 4497
f 4803 4696 4695
f 4803 4695 4802
f 4804 4697 4696
f 4804 4696 4803
f 4805 4698 4697
f 4805 4697 4804
f 4806 4699 4698
f 4806 4698 4805
f 4807 4700 4699
f 4807 4699 4806
f 4808 4701 4700
f 4808 4702 4701
f 4808 4700 4807
f 4809 4703 4702
f 4809 4702 4808
f 4810 4704 4703
f 4810 4703 4809
f 4811 4704 4810
f 4812 4705 4704
f 4812 4704 4811
f 4813 4706 4705
f 4813 4705 4812
f 4814 4707 4706
f 4814 4706 4813
f 4815 4708 4707
f 4815 4707 4814
f 4816 4709 4708
f 4816 4708 4815
f 4817 4710 4709
f 4817 4711 4710
f 4817 4709 4816
f 4818 4712 4711
f 4818 4711 4817
f 4819 4712 4818
f 4820 4713 4712
f 4820 4712 4819
f 4821 4714 4713
f 4821 4713 4820
f 4822 4715 4714
f 4822 4716 4715
f 4822 4714 4821
f 4823 4716 4822
f 4824 4716 4823
f 4824 4717 4716
f 4824 4718 4717
f 4825 4718 4824
f 4825 4719 4718
f 4826 4719 4825
f 4826 4720 4719
f 4827 4720 4826
f 4828 4720 4827
f 4828 4721 4720
f 4829 4721 4828
f 4829 4722 4721
f 4830 4723 4722
f 4830 4722 4829
f 4830 4724 4723
f 4831 4725 4724
f 4831 4724 4830
f 4832 4726 4725
f 4832 4725 4831
f 4833 4727 4726
f 4833 4726 4832
f 4834 4727 4833
f 4835 4728 4727
f 4835 4727 4834
f 4836 4729 4728
f 4836 4728 4835
f 4837 4730 4729
f 4837 4731 4730
f 4837 4729 4836
f 4838 4731 4837
f 4839 4732 4731
f 4839 4733 4732
f 4839 4731 4838
f 4840 4733 4839
f 4841 4734 4733
f 4841 4733 4840
f 4842 4735 4734
f 4842 4734 4841
f 4843 4736 4735
f 4843 4737 4736
f 4843 4735 4842
f 4844 4737 4843
f 4845 4738 4737
f 4845 4737 4844
f 4846 4739 4738
f 4846 4738 4845
f 4847 4740 4739
f 4847 4741 4740
f 4847 4739 4846
f 4848 4741 4847
f 4849 4742 4741
f 4849 4743 4742
f 4849 4741 4848
f 4850 4743 4849
f 4851 4743 4850
f 4851 4744 4743
f 4852 4744 4851
f 4852 4745 4744
f 4852 4746 4745
f 4853 4746 4852
f 4853 4747 4746
f 4854 4747 4853
f 4854 4748 4747
f 4855 4748 4854
f 4856 4748 4855
f 4856 4749 4748
f 4857 4749 4856
f 4857 4750 4749
f 4858 4750 4857
f 4858 4751 4750
f 4859 4751 4858
f 4859 4752 4751
f 4859 4753 4752
f 4860 4753 4859
f 4861 4753 4860
f 4861 4754 4753
f 4862 4754 4861
f 4862 4755 4754
f 4863 4755 4862
f 4863 4756 4755
f 4863 4757 4756
f 4864 4757 4863
f 4865 4758 4757
f 4865 4757 4864
f 4866 4759 4758
f 4866 4758 4865
f 4867 4760 4759
f 4867 4759 4866
f 4868 4761 4760
f 4868 4760 4867
f 4869 4762 4761
f 4869 4761 4868
f 4870 4763 4762
f 4870 4762 4869
f 4871 4764 4763
f 4871 4763 4870
f 4872 4765 4764
f 4872 4764 4871
f 4873 4766 4765
f 4873 4765 4872
f 4874 4766 4873
f 4874 4767 4766
f 4875 4767 4874
f 4875 4768 4767
f 4876 4768 4875
f 4876 4769 4768
f 4877 4769 4876
f 4877 4770 4769
f 4878 4770 4877
f 4878 4771 4770
f 4879 4771 4878
f 4879 4772 4771
f 4880 4772 4879
f 4880 4773 4772
f 4881 4773 4880
f 4881 4774 4773
f 4882 4774 4881
f 4882 4775 4774
f 4883 4775 4882
f 4883 4776 4775
f 4884 4776 4883
f 4884 4777 4776
f 4885 4777 4884
f 4885 4778 4777
f 4886 4778 4885
f 4886 4779 4778
f 4886 4780 4779
f 4887 4780 4886
f 4888 4780 4887
f 4888 4781 4780
f 4889 4781 4888
f 4889 4782 4781
f 4890 4782 4889
f 4890 4783 4782
f 4891 4783 4890
f 4891 4784 4783
f 4891 4785 4784
f 4892 4785 4891
f 4892 4786 4785
f 4893 4786 4892
f 4894 4786 4893
f 4894 4787 4786
f 4894 4788 4787
f 4895 4788 4894
f 4895 4789 4788
f 4896 4789 4895
f 4897 4789 4896
f 4897 4790 4789
f 4898 4791 4790
f 4898 4790 4897
f 4899 4792 4791
f 4899 4793 4792
f 4899 4791 4898
f 4900 4793 4899
f 4900 4794 4793
f 4901 4794 4900
f 4901 4795 4794
f 4902 4795 4901
f 4903 4796 4795
f 4903 4797 4796
f 4903 4795 4902
f 4904 4797 4903
f 4905 4798 4797
f 4905 4799 4798
f 4905 4797 4904
f 4906 4800 4799
f 4906 4799 4905
f 4801 4800 4906
f 4907 4910 4909
f 4907 4908 4910
f 4912 4914 4913
f 4911 4912 4913
f 5023 4916 4915
f 5023 4915 5022
f 5024 4917 4916
f 5024 4916 5023
f 5025 4918 4917
f 5025 4917 5024
f 5026 4919 4918
f 5026 4918 5025
f 5027 4920 4919
f 5027 4919 5026
f 5028 4921 4920
f 5028 4922 4921
f 5028 4920 5027
f 5029 4923 4922
f 5029 4922 5028
f 5030 4924 4923
f 5030 4923 5029
f 5031 4924 5030
f 5032 4925 4924
f 5032 4924 5031
f 5033 4926 4925
f 5033 4925 5032
f 5034 4927 4926
f 5034 4926 5033
f 5035 4928 4927
f 5035 4927 5034
f 5036 4929 4928
f 5036 4928 5035
f 5037 4930 4929
f 5037 4931 4930
f 5037 4929 5036
f 5038 4932 4931
f 5038 4931 5037
f 5039 4932 5038
f 5040 4933 4932
f 5040 4932 5039
f 5041 4934 4933
f 5041 4933 5040
f 5042 4935 4934
f 5042 4936 4935
f 5042 4934 5041
f 5043 4936 5042
f 5044 4936 5043
f 5044 4937 4936
f 5044 4938 4937
f 5045 4938 5044
f 5045 4939 4938
f 5046 4939 5045
f 5046 4940 4939
f 5047 4940 5046
f 5048 4940 5047
f 5048 4941 4940
f 5049 4941 5048
f 5049 4942 4941
f 5050 4943 4942
f 5050 4942 5049
f 5050 4944 4943
f 5051 4945 4944
f 5051 4944 5050
f 5052 4946 4945
f 5052 4945 5051
f 5053 4947 4946
f 5053 4946 5052
f 5054 4947 5053
f 5055 4948 4947
f 5055 4947 5054
f 5056 4949 4948
f 5056 4948 5055
f 5057 4950 4949
f 5057 4951 4950
f 5057 4949 5056
f 5058 4951 5057
f 5059 4952 4951
f 5059 4953 4952
f 5059 4951 5058
f 5060 4953 5059
f 5061 4954 4953
f 5061 4953 5060
f 5062 4955 4954
f 5062 4954 5061
f 5063 4956 4955
f 5063 4957 4956
f 5063 4955 5062
f 5064 4957 5063
f 5065 4958 4957
f 5065 4957 5064
f 5066 4959 4958
f 5066 4958 5065
f 5067 4960 4959
f 5067 4961 4960
f 5067 4959 5066
f 5068 4961 5067
f 5069 4962 4961
f 5069 4963 4962
f 5069 4961 5068
f 5070 4963 5069
f 5071 4963 5070
f 5071 4964 4963
f 5072 4964 5071
f 5072 4965 4964
f 5072 4966 4965
f 5073 4966 5072
f 5073 4967 4966
f 5074 4967 5073
f 5074 4968 4967
f 5075 4968 5074
f 5076 4968 5075
f 5076 4969 4968
f 5077 4969 5076
f 5077 4970 4969
f 5078 4970 5077
f 5078 4971 4970
f 5079 4971 5078
f 5079 4972 4971
f 5079 4973 4972
f 5080 4973 5079
f 5081 4973 5080
f 5081 4974 4973
f 5082 4974 5081
f 5082 4975 4974
f 5083 4975 5082
f 5083 4976 4975
f 5083 4977 4976
f 5084 4977 5083
f 5085 4978 4977
f 5085 4977 5084
f 5086 4979 4978
f 5086 4978 5085
f 5087 4980 4979
f 5087 4979 5086
f 5088 4981 4980
f 5088 4980 5087
f 5089 4982 4981
f 5089 4981 5088
f 5090 4983 4982
f 5090 4982 5089
f 5091 4984 4983
f 5091 4983 5090
f 5092 4985 4984
f 5092 4984 5091
f 5093 4986 4985
f 5093 4985 5092
f 5094 4986 5093
f 5094 4987 4986
f 5095 4987 5094
f 5095 4988 4987
f 5096 4988 5095
f 5096 4989 4988
f 5097 4989 5096
f 5097 4990 4989
f 5098 4990 5097
f 5098 4991 4990
f 5099 4991 5098
f 5099 4992 4991
f 5100 4992 5099
f 5100 4993 4992
f 5101 4993 5100
f 5101 4994 4993
f 5102 4994 5101
f 5102 4995 4994
f 5103 4995 5102
f 5103 4996 4995
f 5104 4996 5103
f 5104 4997 4996
f 5105 4997 5104
f 5105 4998 4997
f 5106 4998 5105
f 5106 4999 4998
f 5106 5000 4999
f 5107 5000 5106
f 5108 5000 5107
f 5108 5001 5000
f 5109 5001 5108
f 5109 5002 5001
f 5110 5002 5109
f 5110 5003 5002
f 5111 5003 5110
f 5111 5004 5003
f 5111 5005 5004
f 5112 5005 5111
f 5112 5006 5005
f 5113 5006 5112
f 5114 5006 5113
f 5114 5007 5006
f 5114 5008 5007
f 5115 5008 5114
f 5115 5009 5008
f 5116 5009 5115
f 5117 5009 5116
f 5117 5010 5009
f 5118 5011 5010
f 5118 5010 5117
f 5119 5012 5011
f 5119 5013 5012
f 5119 5011 5118
f 5120 5013 5119
f 5120 5014 5013
f 5121 5014 5120
f 5121 5015 5014
f 5122 5015 5121
f 5123 5016 5015
f 5123 5017 5016
f 5123 5015 5122
f 5124 5017 5123
f 5125 5018 5017
f 5125 5019 5018
f 5125 5017 5124
f 5126 5020 5019
f 5126 5019 5125
f 5021 5020 5126
f 5128 5129 5130
f 5127 5129 5128
f 5131 5133 5134
f 5131 5134 5132
f 5136 5135 5137
f 5136 5137 5138
f 5245 5247 5246
f 5244 5248 5247
f 5244 5247 5245
f 5243 5249 5248
f 5243 5248 5244
f 5242 5250 5249
f 5242 5249 5243
f 5241 5251 5250
f 5241 5250 5242
f 5240 5252 5251
f 5240 5251 5241
f 5239 5253 5252
f 5239 5252 5240
f 5238 5254 5253
f 5238 5253 5239
f 5237 5255 5254
f 5237 5254 5238
f 5236 5256 5255
f 5236 5255 5237
f 5235 5257 5256
f 5235 5256 5236
f 5234 5258 5257
f 5234 5257 5235
f 5233 5259 5258
f 5233 5258 5234
f 5232 5260 5259
f 5232 5259 5233
f 5231 5261 5260
f 5231 5260 5232
f 5230 5262 5261
f 5230 5261 5231
f 5229 5263 5262
f 5229 5262 5230
f 5228 5264 5263
f 5228 5263 5229
f 5227 5264 5228
f 5226 5265 5264
f 5226 5266 5265
f 5226 5264 5227
f 5225 5267 5266
f 5225 5266 5226
f 5224 5267 5225
f 5223 5267 5224
f 5223 5268 5267
f 5222 5268 5223
f 5222 5269 5268
f 5221 5269 5222
f 5221 5270 5269
f 5220 5270 5221
f 5220 5271 5270
f 5219 5271 5220
f 5219 5272 5271
f 5218 5272 5219
f 5218 5273 5272
f 5217 5273 5218
f 5217 5274 5273
f 5216 5274 5217
f 5216 5275 5274
f 5215 5276 5275
f 5215 5275 5216
f 5214 5277 5276
f 5214 5276 5215
f 5213 5278 5277
f 5213 5279 5278
f 5213 5277 5214
f 5212 5279 5213
f 5211 5280 5279
f 5211 5279 5212
f 5210 5281 5280
f 5210 5280 5211
f 5209 5282 5281
f 5209 5281 5210
f 5208 5283 5282
f 5208 5284 5283
f 5208 5282 5209
f 5207 5284 5208
f 5206 5285 5284
f 5206 5284 5207
f 5205 5286 5285
f 5205 5285 5206
f 5204 5287 5286
f 5204 5286 5205
f 5203 5288 5287
f 5203 5287 5204
f 5202 5289 5288
f 5202 5288 5203
f 5201 5290 5289
f 5201 5289 5202
f 5200 5291 5290
f 5200 5290 5201
f 5199 5292 5291
f 5199 5291 5200
f 5198 5293 5292
f 5198 5292 5199
f 5197 5293 5198
f 5197 5294 5293
f 5196 5294 5197
f 5196 5295 5294
f 5195 5295 5196
f 5195 5296 5295
f 5194 5296 5195
f 5194 5297 5296
f 5194 5298 5297
f 5193 5298 5194
f 5192 5298 5193
f 5192 5299 5298
f 5192 5300 5299
f 5191 5300 5192
f 5190 5300 5191
f 5190 5301 5300
f 5189 5301 5190
f 5189 5302 5301
f 5188 5302 5189
f 5188 5303 5302
f 5187 5303 5188
f 5187 5304 5303
f 5187 5305 5304
f 5186 5305 5187
f 5185 5305 5186
f 5185 5306 5305
f 5184 5306 5185
f 5184 5307 5306
f 5184 5308 5307
f 5183 5308 5184
f 5183 5309 5308
f 5182 5309 5183
f 5182 5310 5309
f 5181 5310 5182
f 5180 5311 5310
f 5180 5310 5181
f 5180 5312 5311
f 5179 5313 5312
f 5179 5312 5180
f 5178 5313 5179
f 5177 5314 5313
f 5177 5315 5314
f 5177 5313 5178
f 5176 5315 5177
f 5175 5316 5315
f 5175 5315 5176
f 5174 5317 5316
f 5174 5318 5317
f 5174 5316 5175
f 5173 5318 5174
f 5172 5318 5173
f 5172 5319 5318
f 5172 5320 5319
f 5171 5320 5172
f 5170 5320 5171
f 5170 5321 5320
f 5170 5322 5321
f 5169 5322 5170
f 5168 5322 5169
f 5168 5323 5322
f 5167 5323 5168
f 5167 5324 5323
f 5166 5324 5167
f 5166 5325 5324
f 5165 5325 5166
f 5165 5326 5325
f 5164 5326 5165
f 5164 5327 5326
f 5163 5327 5164
f 5163 5328 5327
f 5162 5328 5163
f 5162 5329 5328
f 5161 5329 5162
f 5161 5330 5329
f 5160 5330 5161
f 5160 5331 5330
f 5159 5331 5160
f 5159 5332 5331
f 5158 5332 5159
f 5158 5333 5332
f 5157 5333 5158
f 5157 5334 5333
f 5156 5334 5157
f 5156 5335 5334
f 5155 5335 5156
f 5155 5336 5335
f 5154 5336 5155
f 5154 5337 5336
f 5153 5337 5154
f 5153 5338 5337
f 5152 5338 5153
f 5152 5339 5338
f 5151 5339 5152
f 5151 5340 5339
f 5150 5341 5340
f 5150 5342 5341
f 5150 5340 5151
f 5149 5342 5150
f 5148 5342 5149
f 5148 5343 5342
f 5147 5343 5148
f 5147 5344 5343
f 5146 5345 5344
f 5146 5344 5147
f 5145 5346 5345
f 5145 5345 5146
f 5144 5347 5346
f 5144 5348 5347
f 5144 5346 5145
f 5143 5348 5144
f 5142 5349 5348
f 5142 5350 5349
f 5142 5348 5143
f 5141 5350 5142
f 5140 5139 5350
f 5140 5350 5141
f 5351 5353 5354
f 5352 5351 5354
f 5356 5355 5357
f 5356 5357 5358
f 5465 5467 5466
f 5464 5468 5467
f 5464 5467 5465
f 5463 5469 5468
f 5463 5468 5464
f 5462 5470 5469
f 5462 5469 5463
f 5461 5471 5470
f 5461 5470 5462
f 5460 5472 5471
f 5460 5471 5461
f 5459 5473 5472
f 5459 5472 5460
f 5458 5474 5473
f 5458 5473 5459
f 5457 5475 5474
f 5457 5474 5458
f 5456 5476 5475
f 5456 5475 5457
f 5455 5477 5476
f 5455 5476 5456
f 5454 5478 5477
f 5454 5477 5455
f 5453 5479 5478
f 5453 5478 5454
f 5452 5480 5479
f 5452 5479 5453
f 5451 5481 5480
f 5451 5480 5452
f 5450 5482 5481
f 5450 5481 5451
f 5449 5483 5482
f 5449 5482 5450
f 5448 5484 5483
f 5448 5483 5449
f 5447 5484 5448
f 5446 5485 5484
f 5446 5486 5485
f 5446 5484 5447
f 5445 5487 5486
f 5445 5486 5446
f 5444 5487 5445
f 5443 5487 5444
f 5443 5488 5487
f 5442 5488 5443
f 5442 5489 5488
f 5441 5489 5442
f 5441 5490 5489
f 5440 5490 5441
f 5440 5491 5490
f 5439 5491 5440
f 5439 5492 5491
f 5438 5492 5439
f 5438 5493 5492
f 5437 5493 5438
f 5437 5494 5493
f 5436 5494 5437
f 5436 5495 5494
f 5435 5496 5495
f 5435 5495 5436
f 5434 5497 5496
f 5434 5496 5435
f 5433 5498 5497
f 5433 5499 5498
f 5433 5497 5434
f 5432 5499 5433
f 5431 5500 5499
f 5431 5499 5432
f 5430 5501 5500
f 5430 5500 5431
f 5429 5502 5501
f 5429 5501 5430
f 5428 5503 5502
f 5428 5504 5503
f 5428 5502 5429
f 5427 5504 5428
f 5426 5505 5504
f 5426 5504 5427
f 5425 5506 5505
f 5425 5505 5426
f 5424 5507 5506
f 5424 5506 5425
f 5423 5508 5507
f 5423 5507 5424
f 5422 5509 5508
f 5422 5508 5423
f 5421 5510 5509
f 5421 5509 5422
f 5420 5511 5510
f 5420 5510 5421
f 5419 5512 5511
f 5419 5511 5420
f 5418 5513 5512
f 5418 5512 5419
f 5417 5513 5418
f 5417 5514 5513
f 5416 5514 5417
f 5416 5515 5514
f 5415 5515 5416
f 5415 5516 5515
f 5414 5516 5415
f 5414 5517 5516
f 5414 5518 5517
f 5413 5518 5414
f 5412 5518 5413
f 5412 5519 5518
f 5412 5520 5519
f 5411 5520 5412
f 5410 5520 5411
f 5410 5521 5520
f 5409 5521 5410
f 5409 5522 5521
f 5408 5522 5409
f 5408 5523 5522
f 5407 5523 5408
f 5407 5524 5523
f 5407 5525 5524
f 5406 5525 5407
f 5405 5525 5406
f 5405 5526 5525
f 5404 5526 5405
f 5404 5527 5526
f 5404 5528 5527
f 5403 5528 5404
f 5403 5529 5528
f 5402 5529 5403
f 5402 5530 5529
f 5401 5530 5402
f 5400 5531 5530
f 5400 5530 5401
f 5400 5532 5531
f 5399 5533 5532
f 5399 5532 5400
f 5398 5533 5399
f 5397 5534 5533
f 5397 5535 5534
f 5397 5533 5398
f 5396 5535 5397
f 5395 5536 5535
f 5395 5535 5396
f 5394 5537 5536
f 5394 5538 5537
f 5394 5536 5395
f 5393 5538 5394
f 5392 5538 5393
f 5392 5539 5538
f 5392 5540 5539
f 5391 5540 5392
f 5390 5540 5391
f 5390 5541 5540
f 5390 5542 5541
f 5389 5542 5390
f 5388 5542 5389
f 5388 5543 5542
f 5387 5543 5388
f 5387 5544 5543
f 5386 5544 5387
f 5386 5545 5544
f 5385 5545 5386
f 5385 5546 5545
f 5384 5546 5385
f 5384 5547 5546
f 5383 5547 5384
f 5383 5548 5547
f 5382 5548 5383
f 5382 5549 5548
f 5381 5549 5382
f 5381 5550 5549
f 5380 5550 5381
f 5380 5551 5550
f 5379 5551 5380
f 5379 5552 5551
f 5378 5552 5379
f 5378 5553 5552
f 5377 5553 5378
f 5377 5554 5553
f 5376 5554 5377
f 5376 5555 5554
f 5375 5555 5376
f 5375 5556 5555
f 5374 5556 5375
f 5374 5557 5556
f 5373 5557 5374
f 5373 5558 5557
f 5372 5558 5373
f 5372 5559 5558
f 5371 5559 5372
f 5371 5560 5559
f 5370 5561 5560
f 5370 5562 5561
f 5370 5560 5371
f 5369 5562 5370
f 5368 5562 5369
f 5368 5563 5562
f 5367 5563 5368
f 5367 5564 5563
f 5366 5565 5564
f 5366 5564 5367
f 5365 5566 5565
f 5365 5565 5366
f 5364 5567 5566
f 5364 5568 5567
f 5364 5566 5365
f 5363 5568 5364
f 5362 5569 5568
f 5362 5570 5569
f 5362 5568 5363
f 5361 5570 5362
f 5360 5359 5570
f 5360 5570 5361
f 5571 5573 5574
f 5572 5571 5574
f 5578 5575 5576
f 5578 5576 5577
f 5581 5579 5580
f 5582 5579 5581
f 5653 5650 5651
f 5653 5651 5652
f 5644 5645 5646
f 5644 5646 5647
f 5655 5653 5654
f 5657 5655 5656
f 5638 5639 5640
f 5638 5640 5641
f 5638 5641 5642
f 5638 5642 5643
f 5660 5658 5659
f 5663 5661 5662
f 5634 5635 5636
f 5666 5661 5663
f 5666 5660 5661
f 5666 5663 5664
f 5666 5664 5665
f 5630 5631 5632
f 5668 5666 5667
f 5628 5629 5630
f 5628 5630 5632
f 5671 5668 5669
f 5671 5669 5670
f 5626 5627 5628
f 5672 5668 5671
f 5624 5625 5626
f 5674 5668 5672
f 5674 5672 5673
f 5622 5623 5624
f 5622 5624 5626
f 5676 5655 5657
f 5676 5658 5660
f 5676 5660 5666
f 5676 5657 5658
f 5676 5666 5668
f 5676 5674 5675
f 5676 5668 5674
f 5618 5619 5620
f 5618 5620 5621
f 5618 5621 5622
f 5680 5676 5677
f 5680 5677 5678
f 5680 5678 5679
f 5616 5617 5618
f 5682 5644 5647
f 5682 5650 5653
f 5682 5676 5680
f 5682 5653 5655
f 5682 5655 5676
f 5682 5643 5644
f 5682 5647 5648
f 5682 5648 5649
f 5682 5649 5650
f 5682 5680 5681
f 5684 5682 5683
f 5613 5614 5615
f 5613 5615 5616
f 5686 5684 5685
f 5686 5682 5684
f 5610 5611 5612
f 5608 5609 5610
f 5608 5612 5613
f 5608 5613 5616
f 5608 5610 5612
f 5585 5583 5584
f 5585 5686 5687
f 5585 5687 5583
f 5585 5682 5686
f 5585 5643 5682
f 5585 5638 5643
f 5585 5636 5637
f 5585 5637 5638
f 5605 5606 5607
f 5605 5607 5608
f 5588 5585 5586
f 5588 5586 5587
f 5588 5634 5636
f 5588 5636 5585
f 5603 5604 5605
f 5590 5588 5589
f 5590 5633 5634
f 5590 5634 5588
f 5602 5603 5605
f 5601 5602 5605
f 5593 5591 5592
f 5598 5599 5600
f 5598 5600 5601
f 5595 5590 5591
f 5595 5593 5594
f 5595 5591 5593
f 5597 5616 5618
f 5597 5608 5616
f 5597 5605 5608
f 5597 5598 5601
f 5597 5601 5605
f 5596 5590 5595
f 5596 5597 5618
f 5596 5622 5626
f 5596 5626 5628
f 5596 5633 5590
f 5596 5632 5633
f 5596 5618 5622
f 5596 5628 5632
f 5691 5688 5689
f 5691 5689 5690
f 5694 5692 5693
f 5695 5692 5694
f 5766 5763 5764
f 5766 5764 5765
f 5757 5758 5759
f 5757 5759 5760
f 5768 5766 5767
f 5770 5768 5769
f 5751 5752 5753
f 5751 5753 5754
f 5751 5754 5755
f 5751 5755 5756
f 5773 5771 5772
f 5776 5774 5775
f 5747 5748 5749
f 5779 5774 5776
f 5779 5773 5774
f 5779 5776 5777
f 5779 5777 5778
f 5743 5744 5745
f 5781 5779 5780
f 5741 5742 5743
f 5741 5743 5745
f 5784 5781 5782
f 5784 5782 5783
f 5739 5740 5741
f 5785 5781 5784
f 5737 5738 5739
f 5787 5781 5785
f 5787 5785 5786
f 5735 5736 5737
f 5735 5737 5739
f 5789 5768 5770
f 5789 5771 5773
f 5789 5773 5779
f 5789 5770 5771
f 5789 5779 5781
f 5789 5787 5788
f 5789 5781 5787
f 5731 5732 5733
f 5731 5733 5734
f 5731 5734 5735
f 5793 5789 5790
f 5793 5790 5791
f 5793 5791 5792
f 5729 5730 5731
f 5795 5757 5760
f 5795 5763 5766
f 5795 5789 5793
f 5795 5766 5768
f 5795 5768 5789
f 5795 5756 5757
f 5795 5760 5761
f 5795 5761 5762
f 5795 5762 5763
f 5795 5793 5794
f 5797 5795 5796
f 5726 5727 5728
f 5726 5728 5729
f 5799 5797 5798
f 5799 5795 5797
f 5723 5724 5725
f 5721 5722 5723
f 5721 5725 5726
f 5721 5726 5729
f 5721 5723 5725
f 5698 5696 5697
f 5698 5799 5800
f 5698 5800 5696
f 5698 5795 5799
f 5698 5756 5795
f 5698 5751 5756
f 5698 5749 5750
f 5698 5750 5751
f 5718 5719 5720
f 5718 5720 5721
f 5701 5698 5699
f 5701 5699 5700
f 5701 5747 5749
f 5701 5749 5698
f 5716 5717 5718
f 5703 5701 5702
f 5703 5746 5747
f 5703 5747 5701
f 5715 5716 5718
f 5714 5715 5718
f 5706 5704 5705
f 5711 5712 5713
f 5711 5713 5714
f 5708 5703 5704
f 5708 5706 5707
f 5708 5704 5706
f 5710 5729 5731
f 5710 5721 5729
f 5710 5718 5721
f 5710 5711 5714
f 5710 5714 5718
f 5709 5703 5708
f 5709 5710 5731
f 5709 5735 5739
f 5709 5739 5741
f 5709 5746 5703
f 5709 5745 5746
f 5709 5731 5735
f 5709 5741 5745
